discard_id,kyoku_id,hanchan_id,room_class_label,player_rel_seat,player_name,discard_tile_136,discard_tile_37_text,tsumogiri_flag,discard_epoch_s,thinking_time_ms,thinking_time_before_reach_ms,lagged,lag_delay_ms,seat0_hand_tiles_136_json,seat1_hand_tiles_136_json,seat2_hand_tiles_136_json,seat3_hand_tiles_136_json,seat0_hand_tiles_37_text,seat1_hand_tiles_37_text,seat2_hand_tiles_37_text,seat3_hand_tiles_37_text,shanten_after_discard,shanten_normal_after_discard,shanten_chiitoitsu_after_discard,wait_tiles_after_discard_mspz,ryanmen_fixed_flag,pystyle_top1_tile_37_text,pystyle_top1_expected_value_text,pystyle_top2_tile_37_text,pystyle_top2_expected_value_text,pystyle_top3_tile_37_text,pystyle_top3_expected_value_text
20260410105309_0000_000,20260410105309_0000,20260410105309,上級卓,0,パシフィック,117,3z,tsumogiri,1775785997,,,0,,"[110,101,25,8,93,4,31,51,44,20,36,132,13,117]","[61,106,37,17,73,14,129,45,56,42,123,134,48]","[97,133,29,9,53,125,33,91,49,65,39,81,12]","[2,52,108,5,102,67,66,128,103,34,38,23,89]",234678m 134p 68s 137z,45m 123467p 19s 467z,3489m 1458p 357s 57z,1269m 1r588p 588s 16z,2,2,6,,0,7z,2450pt,1z,2438pt,3z,2431pt
20260410105309_0000_001,20260410105309_0000,20260410105309,上級卓,1,かずきかずき,116,3z,risekichu_hokan_tsumogiri,1775785999,2419.931,,0,,"[110,101,25,8,93,4,31,51,44,20,36,132,13]","[61,106,37,17,73,14,129,45,56,42,123,134,48,116]","[97,133,29,9,53,125,33,91,49,65,39,81,12]","[2,52,108,5,102,67,66,128,103,34,38,23,89]",234678m 134p 68s 17z,45m 123467p 19s 3467z,3489m 1458p 357s 57z,1269m 1r588p 588s 16z,4,4,6,,0,,,,,,
20260410105309_0000_002,20260410105309_0000,20260410105309,上級卓,2,マタギ,39,1p,tedashi,1775786002,3313.75,,0,,"[110,101,25,8,93,4,31,51,44,20,36,132,13]","[61,106,37,17,73,14,129,45,56,42,123,134,48]","[97,133,29,9,53,125,33,91,49,65,39,81,12,130]","[2,52,108,5,102,67,66,128,103,34,38,23,89]",234678m 134p 68s 17z,45m 123467p 19s 467z,3489m 1458p 357s 567z,1269m 1r588p 588s 16z,4,4,6,,0,,,,,,
20260410105309_0000_003,20260410105309_0000,20260410105309,上級卓,3,セイジ,38,1p,tedashi,1775786005,2908.71,,0,,"[110,101,25,8,93,4,31,51,44,20,36,132,13]","[61,106,37,17,73,14,129,45,56,42,123,134,48]","[97,133,29,9,53,125,33,91,49,65,81,12,130]","[2,52,108,5,102,67,66,128,103,34,38,23,89,107]",234678m 134p 68s 17z,45m 123467p 19s 467z,3489m 458p 357s 567z,1269m 1r588p 5889s 16z,4,5,4,,0,,,,,,
20260410105309_0000_004,20260410105309_0000,20260410105309,上級卓,0,パシフィック,110,1z,tedashi,1775786009,3426.389,,0,,"[110,101,25,8,93,4,31,51,44,20,36,132,13,80]","[61,106,37,17,73,14,129,45,56,42,123,134,48]","[97,133,29,9,53,125,33,91,49,65,81,12,130]","[2,52,108,5,102,67,66,128,103,34,23,89,107]",234678m 134p 368s 17z,45m 123467p 19s 467z,3489m 458p 357s 567z,1269m r588p 5889s 16z,2,2,6,,0,7z,2919pt,1p,2916pt,1z,2913pt
20260410105309_0000_005,20260410105309_0000,20260410105309,上級卓,1,かずきかずき,118,3z,risekichu_hokan_tsumogiri,1775786011,2085.258,,0,,"[101,25,8,93,4,31,51,44,20,36,132,13,80]","[61,106,37,17,73,14,129,45,56,42,123,134,48,118]","[97,133,29,9,53,125,33,91,49,65,81,12,130]","[2,52,108,5,102,67,66,128,103,34,23,89,107]",234678m 134p 368s 7z,45m 123467p 19s 3467z,3489m 458p 357s 567z,1269m r588p 5889s 16z,4,4,6,,0,,,,,,
20260410105309_0000_006,20260410105309_0000,20260410105309,上級卓,2,マタギ,133,7z,tedashi,1775786014,2950.197,,0,,"[101,25,8,93,4,31,51,44,20,36,132,13,80]","[61,106,37,17,73,14,129,45,56,42,123,134,48]","[97,133,29,9,53,125,33,91,49,65,81,12,130,15]","[2,52,108,5,102,67,66,128,103,34,23,89,107]",234678m 134p 368s 7z,45m 123467p 19s 467z,34489m 458p 357s 567z,1269m r588p 5889s 16z,4,4,5,,0,,,,,,
20260410105309_0000_007,20260410105309_0000,20260410105309,上級卓,3,セイジ,34,9m,tedashi,1775786016,2333.218,,2,1635.212,"[101,25,8,93,4,31,51,44,20,36,132,13,80]","[61,106,37,17,73,14,129,45,56,42,123,134,48]","[97,29,9,53,125,33,91,49,65,81,12,130,15]","[2,52,108,5,102,67,66,128,103,34,23,89,107,114]",234678m 134p 368s 7z,45m 123467p 19s 467z,34489m 458p 357s 56z,1269m r588p 5889s 126z,4,5,4,,0,,,,,,
20260410105309_0000_008,20260410105309_0000,20260410105309,上級卓,0,パシフィック,36,1p,tedashi,1775786022,4025.16,,3,1161.773,"[101,8,93,4,51,44,20,36,132,13,80]","[61,106,37,17,73,14,129,45,56,42,123,134,48]","[97,29,9,53,125,33,91,49,65,81,12,130,15]","[2,52,108,5,102,67,66,128,103,23,89,107,114]",2346m 134p 368s 7z,45m 123467p 19s 467z,34489m 458p 357s 56z,126m r588p 5889s 126z,2,2,,,0,,,,,,
20260410105309_0000_009,20260410105309_0000,20260410105309,上級卓,1,かずきかずき,123,4z,tedashi,1775786024,885.961,,0,,"[101,8,93,4,51,44,20,132,13,80]","[61,106,37,17,73,14,129,45,56,42,123,134,48,135]","[97,29,9,53,125,33,91,49,65,81,12,130,15]","[2,52,108,5,102,67,66,128,103,23,89,107,114]",2346m 34p 368s 7z,45m 123467p 19s 4677z,34489m 458p 357s 56z,126m r588p 5889s 126z,3,3,5,,0,,,,,,
20260410105309_0000_010,20260410105309_0000,20260410105309,上級卓,2,マタギ,130,6z,tedashi,1775786027,2839.179,,0,,"[101,8,93,4,51,44,20,132,13,80]","[61,106,37,17,73,14,129,45,56,42,134,48,135]","[97,29,9,53,125,33,91,49,65,81,12,130,15,78]","[2,52,108,5,102,67,66,128,103,23,89,107,114]",2346m 34p 368s 7z,45m 123467p 19s 677z,34489m 458p 2357s 56z,126m r588p 5889s 126z,3,3,5,,0,,,,,,
20260410105309_0000_011,20260410105309_0000,20260410105309,上級卓,3,セイジ,112,2z,risekichu_hokan_tsumogiri,1775786033,6837.712,,0,,"[101,8,93,4,51,44,20,132,13,80]","[61,106,37,17,73,14,129,45,56,42,134,48,135]","[97,29,9,53,125,33,91,49,65,81,12,15,78]","[2,52,108,5,102,67,66,128,103,23,89,107,114,112]",2346m 34p 368s 7z,45m 123467p 19s 677z,34489m 458p 2357s 5z,126m r588p 5889s 1226z,3,4,3,,0,,,,,,
20260410105309_0000_012,20260410105309_0000,20260410105309,上級卓,0,パシフィック,132,7z,tedashi,1775786040,6449.009,,3,2058.943,"[101,8,93,4,51,44,20,132,13,80,0]","[61,106,37,17,73,14,129,45,56,42,134,48,135]","[97,29,9,53,125,33,91,49,65,81,12,15,78]","[2,52,108,5,102,67,66,128,103,23,89,107,114]",12346m 34p 368s 7z,45m 123467p 19s 677z,34489m 458p 2357s 5z,126m r588p 5889s 126z,2,2,,,0,,,,,,
20260410105309_0000_013,20260410105309_0000,20260410105309,上級卓,1,かずきかずき,129,6z,tedashi,1775786042,688.758,,0,,"[101,8,93,4,51,44,20,13,80,0]","[61,106,37,17,73,14,129,45,56,42,134,48]","[97,29,9,53,125,33,91,49,65,81,12,15,78]","[2,52,108,5,102,67,66,128,103,23,89,107,114]",12346m 34p 368s,45m 123467p 19s 67z,34489m 458p 2357s 5z,126m r588p 5889s 126z,,,,,,,,,,,
20260410105309_0000_014,20260410105309_0000,20260410105309,上級卓,2,マタギ,125,5z,tedashi,1775786044,2324.4,,0,,"[101,8,93,4,51,44,20,13,80,0]","[61,106,37,17,73,14,45,56,42,134,48]","[97,29,9,53,125,33,91,49,65,81,12,15,78,16]","[2,52,108,5,102,67,66,128,103,23,89,107,114]",12346m 34p 368s,45m 123467p 19s 7z,344r589m 458p 2357s 5z,126m r588p 5889s 126z,3,3,5,,0,,,,,,
20260410105309_0000_015,20260410105309_0000,20260410105309,上級卓,3,セイジ,114,2z,tedashi,1775786046,1808.03,,0,,"[101,8,93,4,51,44,20,13,80,0]","[61,106,37,17,73,14,45,56,42,134,48]","[97,29,9,53,33,91,49,65,81,12,15,78,16]","[2,52,108,5,102,67,66,128,103,23,89,107,114,50]",12346m 34p 368s,45m 123467p 19s 7z,344r589m 458p 2357s,126m 4r588p 5889s 126z,4,4,4,,0,,,,,,
20260410105309_0000_016,20260410105309_0000,20260410105309,上級卓,0,パシフィック,80,3s,tedashi,1775786052,6239.02,,0,,"[101,8,93,4,51,44,20,13,80,0,3]","[61,106,37,17,73,14,45,56,42,134,48]","[97,29,9,53,33,91,49,65,81,12,15,78,16]","[2,52,108,5,102,67,66,128,103,23,89,107,50]",112346m 34p 368s,45m 123467p 19s 7z,344r589m 458p 2357s,126m 4r588p 5889s 16z,1,1,,,0,,,,,,
20260410105309_0000_017,20260410105309_0000,20260410105309,上級卓,1,かずきかずき,106,9s,tedashi,1775786054,1678.657,,0,,"[101,8,93,4,51,44,20,13,0,3]","[61,106,37,17,73,14,45,56,42,134,48,79]","[97,29,9,53,33,91,49,65,81,12,15,78,16]","[2,52,108,5,102,67,66,128,103,23,89,107,50]",112346m 34p 68s,45m 123467p 129s 7z,344r589m 458p 2357s,126m 4r588p 5889s 16z,,,,,,,,,,,
20260410105309_0000_018,20260410105309_0000,20260410105309,上級卓,2,マタギ,65,8p,tedashi,1775786058,3644.486,,6,269.916,"[101,8,93,4,51,44,20,13,0,3]","[61,37,17,73,14,45,56,42,134,48,79]","[97,29,9,53,33,91,49,65,81,12,15,78,16,100]","[2,52,108,5,102,67,66,128,103,23,89,107,50]",112346m 34p 68s,45m 123467p 12s 7z,344r589m 458p 23578s,126m 4r588p 5889s 16z,3,3,5,,0,,,,,,
20260410105309_0000_019,20260410105309_0000,20260410105309,上級卓,3,セイジ,128,6z,tedashi,1775786060,2319.857,,0,,"[101,8,93,4,51,44,20,13,0,3]","[61,37,17,73,14,45,56,42,134,48,79]","[97,29,9,53,33,91,49,81,12,15,78,16,100]","[2,52,108,5,102,67,66,128,103,23,89,107,50,121]",112346m 34p 68s,45m 123467p 12s 7z,344r589m 45p 23578s,126m 4r588p 5889s 146z,4,4,4,,0,,,,,,
20260410105309_0000_020,20260410105309_0000,20260410105309,上級卓,0,パシフィック,64,8p,tsumogiri,1775786064,3507.071,,2,1422.507,"[101,8,93,4,51,44,20,13,0,3,64]","[61,37,17,73,14,45,56,42,134,48,79]","[97,29,9,53,33,91,49,81,12,15,78,16,100]","[2,52,108,5,102,67,66,103,23,89,107,50,121]",112346m 348p 68s,45m 123467p 12s 7z,344r589m 45p 23578s,126m 4r588p 5889s 14z,1,1,,,0,,,,,,
20260410105309_0000_021,20260410105309_0000,20260410105309,上級卓,1,かずきかずき,73,1s,tedashi,1775786067,1398.699,,3,1693.554,"[101,8,93,4,51,44,20,13,0,3]","[37,17,73,14,45,42,134,48,79]","[97,29,9,53,33,91,49,81,12,15,78,16,100]","[2,52,108,5,102,67,66,103,23,89,107,50,121]",112346m 34p 68s,45m 1234p 12s 7z,344r589m 45p 23578s,126m 4r588p 5889s 14z,,,,,,,,,,,
20260410105309_0000_022,20260410105309_0000,20260410105309,上級卓,2,マタギ,1,1m,risekichu_hokan_tsumogiri,1775786070,2207.693,,3,16216.011,"[101,8,93,4,51,44,20,13,0,3]","[37,17,14,45,42,134,48,79]","[97,29,9,53,33,91,49,81,12,15,78,16,100,1]","[2,52,108,5,102,67,66,103,23,89,107,50,121]",112346m 34p 68s,45m 1234p 2s 7z,1344r589m 45p 23578s,126m 4r588p 5889s 14z,3,3,5,,0,,,,,,
20260410105309_0000_023,20260410105309_0000,20260410105309,上級卓,3,セイジ,108,1z,tedashi,1775786091,4000.654,,0,,"[101,8,93,4,51,44,20,13,0,3]","[37,17,14,45,42,134,48,79]","[97,29,9,53,33,91,49,81,12,15,78,16,100]","[2,52,108,5,102,67,66,103,23,89,107,50,121,82]",112346m 34p 68s,45m 1234p 2s 7z,344r589m 45p 23578s,126m 4r588p 35889s 14z,3,3,4,,0,,,,,,
20260410105309_0000_024,20260410105309_0000,20260410105309,上級卓,0,パシフィック,119,3z,tsumogiri,1775786097,6696.073,,0,,"[101,8,93,4,51,44,20,13,0,3,119]","[37,17,14,45,42,134,48,79]","[97,29,9,53,33,91,49,81,12,15,78,16,100]","[2,52,5,102,67,66,103,23,89,107,50,121,82]",112346m 34p 68s 3z,45m 1234p 2s 7z,344r589m 45p 23578s,126m 4r588p 35889s 4z,1,1,,,0,,,,,,
20260410105309_0000_025,20260410105309_0000,20260410105309,上級卓,1,かずきかずき,30,8m,risekichu_hokan_tsumogiri,1775786100,2504.977,,5,1846.753,"[101,8,93,4,51,44,20,13,0,3]","[37,17,14,45,42,134,48,79,30]","[97,29,9,53,33,91,49,81,12,15,78,16,100]","[2,52,5,102,67,66,103,23,89,107,50,121,82]",112346m 34p 68s,458m 1234p 2s 7z,344r589m 45p 23578s,126m 4r588p 35889s 4z,,,,,,,,,,,
20260410105309_0000_026,20260410105309_0000,20260410105309,上級卓,2,マタギ,12,4m,tedashi,1775786104,2549.136,,0,,"[101,8,93,4,51,44,20,13,0,3]","[37,17,14,45,42,134,48,79]","[97,29,9,53,33,91,49,81,12,15,78,16,100,58]","[2,52,5,102,67,66,103,23,89,107,50,121,82]",112346m 34p 68s,45m 1234p 2s 7z,344r589m 456p 23578s,126m 4r588p 35889s 4z,2,2,5,,0,,,,,,
20260410105309_0000_027,20260410105309_0000,20260410105309,上級卓,3,セイジ,41,2p,risekichu_hokan_tsumogiri,1775786109,4468.154,,6,214.028,"[101,8,93,4,51,44,20,13,0,3]","[37,17,14,45,42,134,48,79]","[97,29,9,53,33,91,49,81,15,78,16,100,58]","[2,52,5,102,67,66,103,23,89,107,50,121,82,41]",112346m 34p 68s,45m 1234p 2s 7z,34r589m 456p 23578s,126m 24r588p 35889s 4z,3,3,4,,0,,,,,,
20260410105309_0000_028,20260410105309_0000,20260410105309,上級卓,0,パシフィック,69,9p,tsumogiri,1775786109,491.959,,0,,"[101,8,93,4,51,44,20,13,0,3,69]","[37,17,14,45,42,134,48,79]","[97,29,9,53,33,91,49,81,15,78,16,100,58]","[2,52,5,102,67,66,103,23,89,107,50,121,82]",112346m 349p 68s,45m 1234p 2s 7z,34r589m 456p 23578s,126m 4r588p 35889s 4z,1,1,,,0,,,,,,
20260410105309_0000_029,20260410105309_0000,20260410105309,上級卓,1,かずきかずき,37,1p,tedashi,1775786112,2489.687,,0,,"[101,8,93,4,51,44,20,13,0,3]","[37,17,14,45,42,134,48,79,11]","[97,29,9,53,33,91,49,81,15,78,16,100,58]","[2,52,5,102,67,66,103,23,89,107,50,121,82]",112346m 34p 68s,345m 1234p 2s 7z,34r589m 456p 23578s,126m 4r588p 35889s 4z,,,,,,,,,,,
20260410105309_0000_030,20260410105309_0000,20260410105309,上級卓,2,マタギ,33,9m,tedashi,1775786118,6369.499,,0,,"[101,8,93,4,51,44,20,13,0,3]","[17,14,45,42,134,48,79,11]","[97,29,9,53,33,91,49,81,15,78,16,100,58,104]","[2,52,5,102,67,66,103,23,89,107,50,121,82]",112346m 34p 68s,345m 234p 2s 7z,34r589m 456p 235789s,126m 4r588p 35889s 4z,1,1,6,,0,,,,,,
20260410105309_0100_001,20260410105309_0100,20260410105309,上級卓,2,マタギ,35,9m,tedashi,1775786178,8494.854,,0,,"[2,19,56,61,65,70,71,88,92,93,111,123,130]","[11,10,28,59,89,63,98,52,47,15,67,110,38]","[126,48,35,78,116,62,5,115,101,81,109,100,72,12]","[13,23,74,102,132,37,53,50,121,75,24,124,94]",15m 67899p r566s 146z,3348m 13r5678p 57s 1z,249m 47p 12388s 1235z,467m 145p 1168s 457z,4,4,5,,0,,,,,,
20260410105309_0100_002,20260410105309_0100,20260410105309,上級卓,3,セイジ,37,1p,tedashi,1775786180,2022.779,,0,,"[2,19,56,61,65,70,71,88,92,93,111,123,130]","[11,10,28,59,89,63,98,52,47,15,67,110,38]","[126,48,78,116,62,5,115,101,81,109,100,72,12]","[13,23,74,102,132,37,53,50,121,75,24,124,94,105]",15m 67899p r566s 146z,3348m 13r5678p 57s 1z,24m 47p 12388s 1235z,467m 145p 11689s 457z,4,4,5,,0,,,,,,
20260410105309_0100_003,20260410105309_0100,20260410105309,上級卓,0,パシフィック,45,3p,tsumogiri,1775786181,685.061,,0,,"[2,19,56,61,65,70,71,88,92,93,111,123,130,45]","[11,10,28,59,89,63,98,52,47,15,67,110,38]","[126,48,78,116,62,5,115,101,81,109,100,72,12]","[13,23,74,102,132,53,50,121,75,24,124,94,105]",15m 367899p r566s 146z,3348m 13r5678p 57s 1z,24m 47p 12388s 1235z,467m 45p 11689s 457z,4,4,4,,0,,,,,,
20260410105309_0100_004,20260410105309_0100,20260410105309,上級卓,1,かずきかずき,28,8m,tedashi,1775786183,2517.261,,0,,"[2,19,56,61,65,70,71,88,92,93,111,123,130]","[11,10,28,59,89,63,98,52,47,15,67,110,38,82]","[126,48,78,116,62,5,115,101,81,109,100,72,12]","[13,23,74,102,132,53,50,121,75,24,124,94,105]",15m 67899p r566s 146z,3348m 13r5678p 357s 1z,24m 47p 12388s 1235z,467m 45p 11689s 457z,3,3,5,,0,,,,,,
20260410105309_0100_005,20260410105309_0100,20260410105309,上級卓,2,マタギ,126,5z,tedashi,1775786186,2811.003,,0,,"[2,19,56,61,65,70,71,88,92,93,111,123,130]","[11,10,59,89,63,98,52,47,15,67,110,38,82]","[126,48,78,116,62,5,115,101,81,109,100,72,12,80]","[13,23,74,102,132,53,50,121,75,24,124,94,105]",15m 67899p r566s 146z,334m 13r5678p 357s 1z,24m 47p 123388s 1235z,467m 45p 11689s 457z,4,4,4,,0,,,,,,
20260410105309_0100_006,20260410105309_0100,20260410105309,上級卓,3,セイジ,105,9s,tedashi,1775786188,1488.335,,0,,"[2,19,56,61,65,70,71,88,92,93,111,123,130]","[11,10,59,89,63,98,52,47,15,67,110,38,82]","[48,78,116,62,5,115,101,81,109,100,72,12,80]","[13,23,74,102,132,53,50,121,75,24,124,94,105,29]",15m 67899p r566s 146z,334m 13r5678p 357s 1z,24m 47p 123388s 123z,4678m 45p 11689s 457z,3,3,5,,0,,,,,,
20260410105309_0100_007,20260410105309_0100,20260410105309,上級卓,0,パシフィック,58,6p,tsumogiri,1775786191,3546.166,,3,1656.582,"[2,19,56,61,65,70,71,88,92,93,111,123,130,58]","[11,10,59,89,63,98,52,47,15,67,110,38,82]","[48,78,116,62,5,115,101,81,109,100,72,12,80]","[13,23,74,102,132,53,50,121,75,24,124,94,29]",15m 667899p r566s 146z,334m 13r5678p 357s 1z,24m 47p 123388s 123z,4678m 45p 1168s 457z,3,4,3,,0,,,,,,
20260410105309_0100_008,20260410105309_0100,20260410105309,上級卓,1,かずきかずき,73,1s,risekichu_hokan_tsumogiri,1775786197,3978.352,,3,1565.785,"[2,19,56,61,65,70,71,88,92,93,111,123,130]","[11,10,59,89,63,98,52,47,15,67,110,38,82,73]","[48,78,116,62,5,115,101,81,109,100,72,12,80]","[13,23,74,102,132,53,50,121,75,24,124,94,29]",15m 67899p r566s 146z,334m 13r5678p 1357s 1z,24m 47p 123388s 123z,4678m 45p 1168s 457z,2,2,5,,0,,,,,,
20260410105309_0100_009,20260410105309_0100,20260410105309,上級卓,2,マタギ,62,7p,tedashi,1775786202,3973.767,,0,,"[2,19,56,61,65,70,71,88,92,93,111,123,130]","[11,10,59,89,63,98,52,47,15,67,110,38,82]","[48,78,116,62,5,115,101,81,109,100,72,12,80,84]","[13,23,74,102,132,53,50,121,75,24,124,94,29]",15m 67899p r566s 146z,334m 13r5678p 357s 1z,24m 47p 1233488s 123z,4678m 45p 1168s 457z,3,3,4,,0,,,,,,
20260410105309_0100_010,20260410105309_0100,20260410105309,上級卓,3,セイジ,121,4z,tedashi,1775786204,1332.618,,0,,"[2,19,56,61,65,70,71,88,92,93,111,123,130]","[11,10,59,89,63,98,52,47,15,67,110,38,82]","[48,78,116,5,115,101,81,109,100,72,12,80,84]","[13,23,74,102,132,53,50,121,75,24,124,94,29,66]",15m 67899p r566s 146z,334m 13r5678p 357s 1z,24m 4p 1233488s 123z,4678m 458p 1168s 457z,3,3,5,,0,,,,,,
20260410105309_0100_011,20260410105309_0100,20260410105309,上級卓,0,パシフィック,122,4z,tsumogiri,1775786207,3504.921,,0,,"[2,19,56,61,65,70,71,88,92,93,111,123,130,122]","[11,10,59,89,63,98,52,47,15,67,110,38,82]","[48,78,116,5,115,101,81,109,100,72,12,80,84]","[13,23,74,102,132,53,50,75,24,124,94,29,66]",15m 67899p r566s 1446z,334m 13r5678p 357s 1z,24m 4p 1233488s 123z,4678m 458p 1168s 57z,3,3,3,,0,,,,,,
20260410105309_0100_012,20260410105309_0100,20260410105309,上級卓,1,かずきかずき,133,7z,risekichu_hokan_tsumogiri,1775786209,1802.545,,0,,"[2,19,56,61,65,70,71,88,92,93,111,123,130]","[11,10,59,89,63,98,52,47,15,67,110,38,82,133]","[48,78,116,5,115,101,81,109,100,72,12,80,84]","[13,23,74,102,132,53,50,75,24,124,94,29,66]",15m 67899p r566s 146z,334m 13r5678p 357s 17z,24m 4p 1233488s 123z,4678m 458p 1168s 57z,3,3,5,,0,,,,,,
20260410105309_0100_013,20260410105309_0100,20260410105309,上級卓,2,マタギ,48,4p,tedashi,1775786212,3376.222,,0,,"[2,19,56,61,65,70,71,88,92,93,111,123,130]","[11,10,59,89,63,98,52,47,15,67,110,38,82]","[48,78,116,5,115,101,81,109,100,72,12,80,84,85]","[13,23,74,102,132,53,50,75,24,124,94,29,66]",15m 67899p r566s 146z,334m 13r5678p 357s 1z,24m 4p 12334488s 123z,4678m 458p 1168s 57z,3,3,3,,0,,,,,,
20260410105309_0100_014,20260410105309_0100,20260410105309,上級卓,3,セイジ,132,7z,tedashi,1775786218,5515.719,,0,,"[2,19,56,61,65,70,71,88,92,93,111,123,130]","[11,10,59,89,63,98,52,47,15,67,110,38,82]","[78,116,5,115,101,81,109,100,72,12,80,84,85]","[13,23,74,102,132,53,50,75,24,124,94,29,66,128]",15m 67899p r566s 146z,334m 13r5678p 357s 1z,24m 12334488s 123z,4678m 458p 1168s 567z,3,3,5,,0,,,,,,
20260410105309_0100_015,20260410105309_0100,20260410105309,上級卓,0,パシフィック,112,2z,tsumogiri,1775786220,2284.835,,0,,"[2,19,56,61,65,70,71,88,92,93,111,123,130,112]","[11,10,59,89,63,98,52,47,15,67,110,38,82]","[78,116,5,115,101,81,109,100,72,12,80,84,85]","[13,23,74,102,53,50,75,24,124,94,29,66,128]",15m 67899p r566s 1246z,334m 13r5678p 357s 1z,24m 12334488s 123z,4678m 458p 1168s 56z,4,4,4,,0,,,,,,
20260410105309_0100_016,20260410105309_0100,20260410105309,上級卓,1,かずきかずき,3,1m,risekichu_hokan_tsumogiri,1775786223,2303.36,,0,,"[2,19,56,61,65,70,71,88,92,93,111,123,130]","[11,10,59,89,63,98,52,47,15,67,110,38,82,3]","[78,116,5,115,101,81,109,100,72,12,80,84,85]","[13,23,74,102,53,50,75,24,124,94,29,66,128]",15m 67899p r566s 146z,1334m 13r5678p 357s 1z,24m 12334488s 123z,4678m 458p 1168s 56z,3,3,5,,0,,,,,,
20260410105309_0100_017,20260410105309_0100,20260410105309,上級卓,2,マタギ,26,7m,risekichu_hokan_tsumogiri,1775786225,2743.867,,6,277.945,"[2,19,56,61,65,70,71,88,92,93,111,123,130]","[11,10,59,89,63,98,52,47,15,67,110,38,82]","[78,116,5,115,101,81,109,100,72,12,80,84,85,26]","[13,23,74,102,53,50,75,24,124,94,29,66,128]",15m 67899p r566s 146z,334m 13r5678p 357s 1z,247m 12334488s 123z,4678m 458p 1168s 56z,3,3,3,,0,,,,,,
20260410105309_0100_018,20260410105309_0100,20260410105309,上級卓,3,セイジ,128,6z,tedashi,1775786227,1544.996,,0,,"[2,19,56,61,65,70,71,88,92,93,111,123,130]","[11,10,59,89,63,98,52,47,15,67,110,38,82]","[78,116,5,115,101,81,109,100,72,12,80,84,85]","[13,23,74,102,53,50,75,24,124,94,29,66,128,14]",15m 67899p r566s 146z,334m 13r5678p 357s 1z,24m 12334488s 123z,44678m 458p 1168s 56z,2,2,4,,0,,,,,,
20260410105309_0100_019,20260410105309_0100,20260410105309,上級卓,0,パシフィック,90,5s,tsumogiri,1775786230,3379.553,,0,,"[2,19,56,61,65,70,71,88,92,93,111,123,130,90]","[11,10,59,89,63,98,52,47,15,67,110,38,82]","[78,116,5,115,101,81,109,100,72,12,80,84,85]","[13,23,74,102,53,50,75,24,124,94,29,66,14]",15m 67899p r5566s 146z,334m 13r5678p 357s 1z,24m 12334488s 123z,44678m 458p 1168s 5z,3,3,3,,0,,,,,,
20260410105309_0100_020,20260410105309_0100,20260410105309,上級卓,1,かずきかずき,110,1z,tedashi,1775786233,2854.73,,0,,"[2,19,56,61,65,70,71,88,92,93,111,123,130]","[11,10,59,89,63,98,52,47,15,67,110,38,82,8]","[78,116,5,115,101,81,109,100,72,12,80,84,85]","[13,23,74,102,53,50,75,24,124,94,29,66,14]",15m 67899p r566s 146z,3334m 13r5678p 357s 1z,24m 12334488s 123z,44678m 458p 1168s 5z,2,2,5,,0,,,,,,
20260410105309_0100_021,20260410105309_0100,20260410105309,上級卓,2,マタギ,115,2z,tedashi,1775786241,7543.793,,0,,"[2,19,56,61,65,70,71,88,92,93,111,123,130]","[11,10,59,89,63,98,52,47,15,67,38,82,8]","[78,116,5,115,101,81,109,100,72,12,80,84,85,16]","[13,23,74,102,53,50,75,24,124,94,29,66,14]",15m 67899p r566s 146z,3334m 13r5678p 357s,24r5m 12334488s 123z,44678m 458p 1168s 5z,3,3,3,,0,,,,,,
20260410105309_0100_022,20260410105309_0100,20260410105309,上級卓,3,セイジ,106,9s,risekichu_hokan_tsumogiri,1775786244,2817.761,,0,,"[2,19,56,61,65,70,71,88,92,93,111,123,130]","[11,10,59,89,63,98,52,47,15,67,38,82,8]","[78,116,5,101,81,109,100,72,12,80,84,85,16]","[13,23,74,102,53,50,75,24,124,94,29,66,14,106]",15m 67899p r566s 146z,3334m 13r5678p 357s,24r5m 12334488s 13z,44678m 458p 11689s 5z,2,2,4,,0,,,,,,
20260410105309_0100_023,20260410105309_0100,20260410105309,上級卓,0,パシフィック,55,5p,tsumogiri,1775786246,2042.424,,3,1756.068,"[2,19,56,61,65,70,71,88,92,93,111,123,130,55]","[11,10,59,89,63,98,52,47,15,67,38,82,8]","[78,116,5,101,81,109,100,72,12,80,84,85,16]","[13,23,74,102,53,50,75,24,124,94,29,66,14]",15m 567899p r566s 146z,3334m 13r5678p 357s,24r5m 12334488s 13z,44678m 458p 1168s 5z,4,4,4,,0,,,,,,
20260410105309_0100_024,20260410105309_0100,20260410105309,上級卓,1,かずきかずき,98,7s,tedashi,1775786249,1380.924,,0,,"[2,19,56,61,65,70,71,88,92,93,111,123,130]","[11,10,59,89,63,98,52,47,15,67,38,82,8,86]","[78,116,5,101,81,109,100,72,12,80,84,85,16]","[13,23,74,102,53,50,75,24,124,94,29,66,14]",15m 67899p r566s 146z,3334m 13r5678p 3457s,24r5m 12334488s 13z,44678m 458p 1168s 5z,1,1,5,,0,,,,,,
20260410105309_0100_025,20260410105309_0100,20260410105309,上級卓,2,マタギ,5,2m,tedashi,1775786252,3632.642,,0,,"[2,19,56,61,65,70,71,88,92,93,111,123,130]","[11,10,59,89,63,52,47,15,67,38,82,8,86]","[78,116,5,101,81,109,100,72,12,80,84,85,16,83]","[13,23,74,102,53,50,75,24,124,94,29,66,14]",15m 67899p r566s 146z,3334m 13r5678p 345s,24r5m 123334488s 13z,44678m 458p 1168s 5z,2,2,3,,0,,,,,,
20260410105309_0100_026,20260410105309_0100,20260410105309,上級卓,3,セイジ,124,5z,tedashi,1775786258,5262.238,,5,2459.469,"[2,19,56,61,65,70,71,88,92,93,111,123,130]","[11,10,59,89,63,52,47,15,67,38,82,8,86]","[78,116,101,81,109,100,72,12,80,84,85,16,83]","[13,23,74,102,53,50,75,24,124,94,29,66,14,91]",15m 67899p r566s 146z,3334m 13r5678p 345s,4r5m 123334488s 13z,44678m 458p 11568s 5z,2,2,4,,0,,,,,,
20260410105309_0100_027,20260410105309_0100,20260410105309,上級卓,0,パシフィック,7,2m,tsumogiri,1775786261,505.36,,3,1719,"[2,19,56,61,65,70,71,88,92,93,111,123,130,7]","[11,10,59,89,63,52,47,15,67,38,82,8,86]","[78,116,101,81,109,100,72,12,80,84,85,16,83]","[13,23,74,102,53,50,75,24,94,29,66,14,91]",125m 67899p r566s 146z,3334m 13r5678p 345s,4r5m 123334488s 13z,44678m 458p 11568s,3,3,4,,0,,,,,,
20260410105309_0100_028,20260410105309_0100,20260410105309,上級卓,1,かずきかずき,38,1p,tedashi,1775786265,2100.825,,0,,"[2,19,56,61,65,70,71,88,92,93,111,123,130]","[11,10,59,89,63,52,47,15,67,38,82,8,86,57]","[78,116,101,81,109,100,72,12,80,84,85,16,83]","[13,23,74,102,53,50,75,24,94,29,66,14,91]",15m 67899p r566s 146z,3334m 13r56678p 345s,4r5m 123334488s 13z,44678m 458p 11568s,1,1,4,,0,,,,,,
20260410105309_0100_029,20260410105309_0100,20260410105309,上級卓,2,マタギ,27,7m,risekichu_hokan_tsumogiri,1775786267,2427.061,,6,336.566,"[2,19,56,61,65,70,71,88,92,93,111,123,130]","[11,10,59,89,63,52,47,15,67,82,8,86,57]","[78,116,101,81,109,100,72,12,80,84,85,16,83,27]","[13,23,74,102,53,50,75,24,94,29,66,14,91]",15m 67899p r566s 146z,3334m 3r56678p 345s,4r57m 123334488s 13z,44678m 458p 11568s,2,2,3,,0,,,,,,
20260410105309_0100_034,20260410105309_0100,20260410105309,上級卓,3,セイジ,74,1s,tedashi,1775786297,1837.704,,0,,"[2,19,56,61,65,70,71,88,92,93,111,123,130]","[11,10,59,89,63,52,47,67,82,8,86,57,49]","[78,116,101,81,100,72,12,80,84,85,16,83,18]","[13,23,74,102,53,50,24,94,29,66,14,91,79,119]",15m 67899p r566s 146z,333m 34r56678p 345s,4r55m 123334488s 3z,44678m 458p 12568s 3z,2,2,5,,0,,,,,,
20260410105309_0100_035,20260410105309_0100,20260410105309,上級卓,0,パシフィック,123,4z,tedashi,1775786299,2442.191,,0,,"[2,19,56,61,65,70,71,88,92,93,111,123,130,42]","[11,10,59,89,63,52,47,67,82,8,86,57,49]","[78,116,101,81,100,72,12,80,84,85,16,83,18]","[13,23,102,53,50,24,94,29,66,14,91,79,119]",15m 267899p r566s 146z,333m 34r56678p 345s,4r55m 123334488s 3z,44678m 458p 2568s 3z,4,4,4,,0,,,,,,
20260410105309_0100_036,20260410105309_0100,20260410105309,上級卓,1,かずきかずき,0,1m,risekichu_hokan_tsumogiri,1775786300,758.33,,0,,"[2,19,56,61,65,70,71,88,92,93,111,130,42]","[11,10,59,89,63,52,47,67,82,8,86,57,49,0]","[78,116,101,81,100,72,12,80,84,85,16,83,18]","[13,23,102,53,50,24,94,29,66,14,91,79,119]",15m 267899p r566s 16z,1333m 34r56678p 345s,4r55m 123334488s 3z,44678m 458p 2568s 3z,0,0,4,369p,0,,,,,,
20260410105309_0100_037,20260410105309_0100,20260410105309,上級卓,2,マタギ,60,7p,risekichu_hokan_tsumogiri,1775786309,8801.499,,0,,"[2,19,56,61,65,70,71,88,92,93,111,130,42]","[11,10,59,89,63,52,47,67,82,8,86,57,49]","[78,116,101,81,100,72,12,80,84,85,16,83,18,60]","[13,23,102,53,50,24,94,29,66,14,91,79,119]",15m 267899p r566s 16z,333m 34r56678p 345s,4r55m 7p 123334488s 3z,44678m 458p 2568s 3z,2,2,2,,0,,,,,,
20260410105309_0100_038,20260410105309_0100,20260410105309,上級卓,3,セイジ,13,4m,tedashi,1775786312,2999.391,,0,,"[2,19,56,61,65,70,71,88,92,93,111,130,42]","[11,10,59,89,63,52,47,67,82,8,86,57,49]","[78,116,101,81,100,72,12,80,84,85,16,83,18]","[13,23,102,53,50,24,94,29,66,14,91,79,119,97]",15m 267899p r566s 16z,333m 34r56678p 345s,4r55m 123334488s 3z,44678m 458p 25678s 3z,2,2,5,,0,,,,,,
20260410105309_0100_039,20260410105309_0100,20260410105309,上級卓,0,パシフィック,9,3m,tsumogiri,1775786312,686.308,,0,,"[2,19,56,61,65,70,71,88,92,93,111,130,42,9]","[11,10,59,89,63,52,47,67,82,8,86,57,49]","[78,116,101,81,100,72,12,80,84,85,16,83,18]","[23,102,53,50,24,94,29,66,14,91,79,119,97]",135m 267899p r566s 16z,333m 34r56678p 345s,4r55m 123334488s 3z,4678m 458p 25678s 3z,3,3,4,,0,,,,,,
20260410105309_0100_040,20260410105309_0100,20260410105309,上級卓,1,かずきかずき,6,2m,risekichu_hokan_tsumogiri,1775786313,1259.862,,0,,"[2,19,56,61,65,70,71,88,92,93,111,130,42]","[11,10,59,89,63,52,47,67,82,8,86,57,49,6]","[78,116,101,81,100,72,12,80,84,85,16,83,18]","[23,102,53,50,24,94,29,66,14,91,79,119,97]",15m 267899p r566s 16z,2333m 34r56678p 345s,4r55m 123334488s 3z,4678m 458p 25678s 3z,0,0,4,369p,0,,,,,,
20260410105309_0100_041,20260410105309_0100,20260410105309,上級卓,2,マタギ,32,9m,risekichu_hokan_tsumogiri,1775786317,3745.119,,6,311.768,"[2,19,56,61,65,70,71,88,92,93,111,130,42]","[11,10,59,89,63,52,47,67,82,8,86,57,49]","[78,116,101,81,100,72,12,80,84,85,16,83,18,32]","[23,102,53,50,24,94,29,66,14,91,79,119,97]",15m 267899p r566s 16z,333m 34r56678p 345s,4r559m 123334488s 3z,4678m 458p 25678s 3z,2,2,2,,0,,,,,,
20260410105309_0100_042,20260410105309_0100,20260410105309,上級卓,3,セイジ,14,4m,tedashi,1775786319,1544.891,,0,,"[2,19,56,61,65,70,71,88,92,93,111,130,42]","[11,10,59,89,63,52,47,67,82,8,86,57,49]","[78,116,101,81,100,72,12,80,84,85,16,83,18]","[23,102,53,50,24,94,29,66,14,91,79,119,97,117]",15m 267899p r566s 16z,333m 34r56678p 345s,4r55m 123334488s 3z,4678m 458p 25678s 33z,2,2,5,,0,,,,,,
20260410105309_0100_043,20260410105309_0100,20260410105309,上級卓,0,パシフィック,131,6z,tsumogiri,1775786320,682.143,,0,,"[2,19,56,61,65,70,71,88,92,93,111,130,42,131]","[11,10,59,89,63,52,47,67,82,8,86,57,49]","[78,116,101,81,100,72,12,80,84,85,16,83,18]","[23,102,53,50,24,94,29,66,91,79,119,97,117]",15m 267899p r566s 166z,333m 34r56678p 345s,4r55m 123334488s 3z,678m 458p 25678s 33z,3,3,3,,0,,,,,,
20260410105309_0100_044,20260410105309_0100,20260410105309,上級卓,1,かずきかずき,31,8m,risekichu_hokan_tsumogiri,1775786321,1231.74,,0,,"[2,19,56,61,65,70,71,88,92,93,111,130,42]","[11,10,59,89,63,52,47,67,82,8,86,57,49,31]","[78,116,101,81,100,72,12,80,84,85,16,83,18]","[23,102,53,50,24,94,29,66,91,79,119,97,117]",15m 267899p r566s 16z,3338m 34r56678p 345s,4r55m 123334488s 3z,678m 458p 25678s 33z,0,0,4,369p,0,,,,,,
20260410105309_0100_045,20260410105309_0100,20260410105309,上級卓,2,マタギ,18,5m,tedashi,1775786325,4442.644,,3,1848.625,"[2,19,56,61,65,70,71,88,92,93,111,130,42]","[11,10,59,89,63,52,47,67,82,8,86,57,49]","[78,116,101,81,100,72,12,80,84,85,16,83,18,22]","[23,102,53,50,24,94,29,66,91,79,119,97,117]",15m 267899p r566s 16z,333m 34r56678p 345s,4r556m 123334488s 3z,678m 458p 25678s 33z,1,1,2,,0,,,,,,
20260410105309_0100_046,20260410105309_0100,20260410105309,上級卓,3,セイジ,97,7s,tedashi,1775786338,10580.867,,6,204.761,"[2,19,56,61,65,70,71,88,92,93,111,130,42]","[11,10,59,89,63,52,47,67,82,8,86,57,49]","[78,116,101,81,100,72,12,80,84,85,16,83,22]","[23,102,53,50,24,94,29,66,91,79,119,97,117,40]",15m 267899p r566s 16z,333m 34r56678p 345s,4r56m 123334488s 3z,678m 2458p 25678s 33z,2,2,5,,0,,,,,,
20260410105309_0100_047,20260410105309_0100,20260410105309,上級卓,0,パシフィック,25,7m,tsumogiri,1775786339,485.859,,0,,"[2,19,56,61,65,70,71,88,92,93,111,130,42,25]","[11,10,59,89,63,52,47,67,82,8,86,57,49]","[78,116,101,81,100,72,12,80,84,85,16,83,22]","[23,102,53,50,24,94,29,66,91,79,119,117,40]",157m 267899p r566s 16z,333m 34r56678p 345s,4r56m 123334488s 3z,678m 2458p 2568s 33z,3,3,4,,0,,,,,,
20260410105309_0100_048,20260410105309_0100,20260410105309,上級卓,1,かずきかずき,127,5z,risekichu_hokan_tsumogiri,1775786340,1236.827,,0,,"[2,19,56,61,65,70,71,88,92,93,111,130,42]","[11,10,59,89,63,52,47,67,82,8,86,57,49,127]","[78,116,101,81,100,72,12,80,84,85,16,83,22]","[23,102,53,50,24,94,29,66,91,79,119,117,40]",15m 267899p r566s 16z,333m 34r56678p 345s 5z,4r56m 123334488s 3z,678m 2458p 2568s 33z,0,0,4,369p,0,,,,,,
20260410105309_0100_049,20260410105309_0100,20260410105309,上級卓,2,マタギ,114,2z,risekichu_hokan_tsumogiri,1775786343,2758.69,,0,,"[2,19,56,61,65,70,71,88,92,93,111,130,42]","[11,10,59,89,63,52,47,67,82,8,86,57,49]","[78,116,101,81,100,72,12,80,84,85,16,83,22,114]","[23,102,53,50,24,94,29,66,91,79,119,117,40]",15m 267899p r566s 16z,333m 34r56678p 345s,4r56m 123334488s 23z,678m 2458p 2568s 33z,1,1,3,,0,,,,,,
20260410105309_0100_050,20260410105309_0100,20260410105309,上級卓,3,セイジ,29,8m,tedashi,1775786345,2074.796,,0,,"[2,19,56,61,65,70,71,88,92,93,111,130,42]","[11,10,59,89,63,52,47,67,82,8,86,57,49]","[78,116,101,81,100,72,12,80,84,85,16,83,22]","[23,102,53,50,24,94,29,66,91,79,119,117,40,34]",15m 267899p r566s 16z,333m 34r56678p 345s,4r56m 123334488s 3z,6789m 2458p 2568s 33z,3,3,5,,0,,,,,,
20260410105309_0100_051,20260410105309_0100,20260410105309,上級卓,0,パシフィック,99,7s,tsumogiri,1775786345,701.606,,0,,"[2,19,56,61,65,70,71,88,92,93,111,130,42,99]","[11,10,59,89,63,52,47,67,82,8,86,57,49]","[78,116,101,81,100,72,12,80,84,85,16,83,22]","[23,102,53,50,24,94,66,91,79,119,117,40,34]",15m 267899p r5667s 16z,333m 34r56678p 345s,4r56m 123334488s 3z,679m 2458p 2568s 33z,3,3,4,,0,,,,,,
20260410105309_0100_052,20260410105309_0100,20260410105309,上級卓,1,かずきかずき,104,9s,risekichu_hokan_tsumogiri,1775786347,1291.28,,0,,"[2,19,56,61,65,70,71,88,92,93,111,130,42]","[11,10,59,89,63,52,47,67,82,8,86,57,49,104]","[78,116,101,81,100,72,12,80,84,85,16,83,22]","[23,102,53,50,24,94,66,91,79,119,117,40,34]",15m 267899p r566s 16z,333m 34r56678p 3459s,4r56m 123334488s 3z,679m 2458p 2568s 33z,0,0,4,369p,0,,,,,,
20260410105309_0100_053,20260410105309_0100,20260410105309,上級卓,2,マタギ,1,1m,risekichu_hokan_tsumogiri,1775786349,2803.533,,0,,"[2,19,56,61,65,70,71,88,92,93,111,130,42]","[11,10,59,89,63,52,47,67,82,8,86,57,49]","[78,116,101,81,100,72,12,80,84,85,16,83,22,1]","[23,102,53,50,24,94,66,91,79,119,117,40,34]",15m 267899p r566s 16z,333m 34r56678p 345s,14r56m 123334488s 3z,679m 2458p 2568s 33z,1,1,3,,0,,,,,,
20260410105309_0100_054,20260410105309_0100,20260410105309,上級卓,3,セイジ,39,1p,risekichu_hokan_tsumogiri,1775786353,3507.762,,0,,"[2,19,56,61,65,70,71,88,92,93,111,130,42]","[11,10,59,89,63,52,47,67,82,8,86,57,49]","[78,116,101,81,100,72,12,80,84,85,16,83,22]","[23,102,53,50,24,94,66,91,79,119,117,40,34,39]",15m 267899p r566s 16z,333m 34r56678p 345s,4r56m 123334488s 3z,679m 12458p 2568s 33z,3,3,5,,0,,,,,,
20260410105309_0100_055,20260410105309_0100,20260410105309,上級卓,0,パシフィック,44,3p,tsumogiri,1775786354,679.676,,0,,"[2,19,56,61,65,70,71,88,92,93,111,130,42,44]","[11,10,59,89,63,52,47,67,82,8,86,57,49]","[78,116,101,81,100,72,12,80,84,85,16,83,22]","[23,102,53,50,24,94,66,91,79,119,117,40,34]",15m 2367899p r566s 16z,333m 34r56678p 345s,4r56m 123334488s 3z,679m 2458p 2568s 33z,3,3,4,,0,,,,,,
20260410105309_0101_000,20260410105309_0101,20260410105309,上級卓,1,かずきかずき,126,5z,tedashi,1775786372,,,0,,"[81,107,72,41,85,104,7,30,135,132,31,40,109]","[76,65,100,134,15,103,60,57,126,8,17,79,99,44]","[43,10,71,91,118,75,113,55,112,95,94,117,32]","[54,67,93,23,61,90,42,0,84,48,78,11,128]",288m 22p 13499s 177z,345m 3678p 22788s 57z,39m 259p 1566s 2233z,136m 24578p 2456s 6z,2,2,4,,0,,,,,,
20260410105309_0101_001,20260410105309_0101,20260410105309,上級卓,2,マタギ,75,1s,tedashi,1775786375,3554.945,,0,,"[81,107,72,41,85,104,7,30,135,132,31,40,109]","[76,65,100,134,15,103,60,57,8,17,79,99,44]","[43,10,71,91,118,75,113,55,112,95,94,117,32,34]","[54,67,93,23,61,90,42,0,84,48,78,11,128]",288m 22p 13499s 177z,345m 3678p 22788s 7z,399m 259p 1566s 2233z,136m 24578p 2456s 6z,2,4,2,,0,,,,,,
20260410105309_0101_002,20260410105309_0101,20260410105309,上級卓,3,セイジ,128,6z,tedashi,1775786379,3498.535,,0,,"[81,107,72,41,85,104,7,30,135,132,31,40,109]","[76,65,100,134,15,103,60,57,8,17,79,99,44]","[43,10,71,91,118,113,55,112,95,94,117,32,34]","[54,67,93,23,61,90,42,0,84,48,78,11,128,28]",288m 22p 13499s 177z,345m 3678p 22788s 7z,399m 259p 566s 2233z,1368m 24578p 2456s 6z,3,3,6,,0,,,,,,
20260410105309_0101_003,20260410105309_0101,20260410105309,上級卓,0,パシフィック,110,1z,tsumogiri,1775786396,16696.014,,0,,"[81,107,72,41,85,104,7,30,135,132,31,40,109,110]","[76,65,100,134,15,103,60,57,8,17,79,99,44]","[43,10,71,91,118,113,55,112,95,94,117,32,34]","[54,67,93,23,61,90,42,0,84,48,78,11,28]",288m 22p 13499s 1177z,345m 3678p 22788s 7z,399m 259p 566s 2233z,1368m 24578p 2456s,1,3,1,,0,,,,,,
20260410105309_0101_004,20260410105309_0101,20260410105309,上級卓,1,かずきかずき,33,9m,risekichu_hokan_tsumogiri,1775786398,2407.973,,3,1946.173,"[81,107,72,41,85,104,7,30,135,132,31,40,109]","[76,65,100,134,15,103,60,57,8,17,79,99,44,33]","[43,10,71,91,118,113,55,112,95,94,117,32,34]","[54,67,93,23,61,90,42,0,84,48,78,11,28]",288m 22p 13499s 177z,3459m 3678p 22788s 7z,399m 259p 566s 2233z,1368m 24578p 2456s,2,2,4,,0,,,,,,
20260410105309_0101_005,20260410105309_0101,20260410105309,上級卓,2,マタギ,71,9p,tedashi,1775786402,2254.079,,6,307.144,"[81,107,72,41,85,104,7,30,135,132,31,40,109]","[76,65,100,134,15,103,60,57,8,17,79,99,44]","[43,10,71,91,118,113,55,112,95,94,117,32,34,45]","[54,67,93,23,61,90,42,0,84,48,78,11,28]",288m 22p 13499s 177z,345m 3678p 22788s 7z,399m 2359p 566s 2233z,1368m 24578p 2456s,2,3,2,,0,,,,,,
20260410105309_0101_006,20260410105309_0101,20260410105309,上級卓,3,セイジ,42,2p,tedashi,1775786404,1817.543,,6,200.269,"[81,107,72,41,85,104,7,30,135,132,31,40,109]","[76,65,100,134,15,103,60,57,8,17,79,99,44]","[43,10,91,118,113,55,112,95,94,117,32,34,45]","[54,67,93,23,61,90,42,0,84,48,78,11,28,73]",288m 22p 13499s 177z,345m 3678p 22788s 7z,399m 235p 566s 2233z,1368m 24578p 12456s,3,3,6,,0,,,,,,
20260410105309_0101_007,20260410105309_0101,20260410105309,上級卓,0,パシフィック,4,2m,tsumogiri,1775786405,485.164,,3,1691.795,"[81,107,72,41,85,104,7,30,135,132,31,40,109,4]","[76,65,100,134,15,103,60,57,8,17,79,99,44]","[43,10,91,118,113,55,112,95,94,117,32,34,45]","[54,67,93,23,61,90,0,84,48,78,11,28,73]",2288m 22p 13499s 177z,345m 3678p 22788s 7z,399m 235p 566s 2233z,1368m 4578p 12456s,1,3,1,,0,,,,,,
20260410105309_0101_008,20260410105309_0101,20260410105309,上級卓,1,かずきかずき,134,7z,tedashi,1775786408,1173.375,,6,200.432,"[81,107,72,41,85,104,7,30,135,132,31,40,109]","[76,65,100,134,15,103,60,57,8,17,79,99,44,24]","[43,10,91,118,113,55,112,95,94,117,32,34,45]","[54,67,93,23,61,90,0,84,48,78,11,28,73]",288m 22p 13499s 177z,3457m 3678p 22788s 7z,399m 235p 566s 2233z,1368m 4578p 12456s,2,2,4,,0,,,,,,
20260410105309_0101_009,20260410105309_0101,20260410105309,上級卓,2,マタギ,131,6z,risekichu_hokan_tsumogiri,1775786410,2130.984,,0,,"[81,107,72,41,85,104,7,30,135,132,31,40,109]","[76,65,100,15,103,60,57,8,17,79,99,44,24]","[43,10,91,118,113,55,112,95,94,117,32,34,45,131]","[54,67,93,23,61,90,0,84,48,78,11,28,73]",288m 22p 13499s 177z,3457m 3678p 22788s,399m 235p 566s 22336z,1368m 4578p 12456s,2,3,2,,0,,,,,,
20260410105309_0101_010,20260410105309_0101,20260410105309,上級卓,3,セイジ,73,1s,tedashi,1775786414,4058.536,,0,,"[81,107,72,41,85,104,7,30,135,132,31,40,109]","[76,65,100,15,103,60,57,8,17,79,99,44,24]","[43,10,91,118,113,55,112,95,94,117,32,34,45]","[54,67,93,23,61,90,0,84,48,78,11,28,73,56]",288m 22p 13499s 177z,3457m 3678p 22788s,399m 235p 566s 2233z,1368m 45678p 12456s,2,2,6,,0,,,,,,
20260410105309_0101_011,20260410105309_0101,20260410105309,上級卓,0,パシフィック,116,3z,tsumogiri,1775786415,688.354,,3,3102.844,"[81,107,72,41,85,104,7,30,135,132,31,40,109,116]","[76,65,100,15,103,60,57,8,17,79,99,44,24]","[43,10,91,118,113,55,112,95,94,117,32,34,45]","[54,67,93,23,61,90,0,84,48,78,11,28,56]",288m 22p 13499s 1377z,3457m 3678p 22788s,399m 235p 566s 2233z,1368m 45678p 2456s,2,3,2,,0,,,,,,
20260410105309_0101_012,20260410105309_0101,20260410105309,上級卓,1,かずきかずき,103,8s,tedashi,1775786420,2103.619,,0,,"[81,107,72,41,85,104,7,30,135,132,31,40,109]","[76,65,100,15,103,60,57,8,17,79,99,44,24,18]","[43,10,91,118,113,55,112,95,94,117,32,34,45]","[54,67,93,23,61,90,0,84,48,78,11,28,56]",288m 22p 13499s 177z,34557m 3678p 22788s,399m 235p 566s 2233z,1368m 45678p 2456s,1,1,3,,1,,,,,,
20260410105309_0101_013,20260410105309_0101,20260410105309,上級卓,2,マタギ,55,5p,tedashi,1775786424,4026.464,,6,387.054,"[81,107,72,41,85,104,7,30,135,132,31,40,109]","[76,65,100,15,60,57,8,17,79,99,44,24,18]","[43,10,91,118,113,55,112,95,94,117,32,34,45,14]","[54,67,93,23,61,90,0,84,48,78,11,28,56]",288m 22p 13499s 177z,34557m 3678p 2278s,3499m 235p 566s 2233z,1368m 45678p 2456s,2,3,2,,0,,,,,,
20260410105309_0101_014,20260410105309_0101,20260410105309,上級卓,3,セイジ,119,3z,risekichu_hokan_tsumogiri,1775786432,7596.267,,3,2672.133,"[81,107,72,41,85,104,7,30,135,132,31,40,109]","[76,65,100,15,60,57,8,17,79,99,44,24,18]","[43,10,91,118,113,112,95,94,117,32,34,45,14]","[54,67,93,23,61,90,0,84,48,78,11,28,56,119]",288m 22p 13499s 177z,34557m 3678p 2278s,3499m 23p 566s 2233z,1368m 45678p 2456s 3z,2,2,6,,0,,,,,,
20260410105309_0101_015,20260410105309_0101,20260410105309,上級卓,0,パシフィック,122,4z,tsumogiri,1775786435,208.13,,0,,"[81,107,72,41,85,104,7,30,135,132,31,40,109,122]","[76,65,100,15,60,57,8,17,79,99,44,24,18]","[43,10,91,118,113,112,95,94,117,32,34,45,14]","[54,67,93,23,61,90,0,84,48,78,11,28,56]",288m 22p 13499s 1477z,34557m 3678p 2278s,3499m 23p 566s 2233z,1368m 45678p 2456s,2,3,2,,0,,,,,,
20260410105309_0101_016,20260410105309_0101,20260410105309,上級卓,1,かずきかずき,46,3p,risekichu_hokan_tsumogiri,1775786439,4213.608,,0,,"[81,107,72,41,85,104,7,30,135,132,31,40,109]","[76,65,100,15,60,57,8,17,79,99,44,24,18,46]","[43,10,91,118,113,112,95,94,117,32,34,45,14]","[54,67,93,23,61,90,0,84,48,78,11,28,56]",288m 22p 13499s 177z,34557m 33678p 2278s,3499m 23p 566s 2233z,1368m 45678p 2456s,1,1,3,,0,,,,,,
20260410105309_0101_017,20260410105309_0101,20260410105309,上級卓,2,マタギ,130,6z,risekichu_hokan_tsumogiri,1775786442,3118.283,,0,,"[81,107,72,41,85,104,7,30,135,132,31,40,109]","[76,65,100,15,60,57,8,17,79,99,44,24,18]","[43,10,91,118,113,112,95,94,117,32,34,45,14,130]","[54,67,93,23,61,90,0,84,48,78,11,28,56]",288m 22p 13499s 177z,34557m 3678p 2278s,3499m 23p 566s 22336z,1368m 45678p 2456s,2,3,2,,0,,,,,,
20260410105309_0101_018,20260410105309_0101,20260410105309,上級卓,3,セイジ,78,2s,tedashi,1775786446,3331.98,,3,1386.9,"[81,107,72,41,85,104,7,30,135,132,31,40,109]","[76,65,100,15,60,57,8,17,79,99,44,24,18]","[43,10,91,118,113,112,95,94,117,32,34,45,14]","[54,67,93,23,61,90,0,84,48,78,11,28,56,1]",288m 22p 13499s 177z,34557m 3678p 2278s,3499m 23p 566s 2233z,11368m 45678p 2456s,1,1,5,,0,,,,,,
20260410105309_0101_019,20260410105309_0101,20260410105309,上級卓,0,パシフィック,115,2z,tsumogiri,1775786447,202.028,,3,3254.559,"[81,107,72,41,85,104,7,30,135,132,31,40,109,115]","[76,65,100,15,60,57,8,17,79,99,44,24,18]","[43,10,91,118,113,112,95,94,117,32,34,45,14]","[54,67,93,23,61,90,0,84,48,11,28,56,1]",288m 22p 13499s 1277z,34557m 3678p 2278s,3499m 23p 566s 2233z,11368m 45678p 456s,2,3,2,,0,,,,,,
20260410105309_0101_020,20260410105309_0101,20260410105309,上級卓,2,マタギ,118,3z,tedashi,1775786451,1368.809,,0,,"[81,107,72,41,85,104,7,30,135,132,31,40,109]","[76,65,100,15,60,57,8,17,79,99,44,24,18]","[43,10,91,118,113,95,94,117,32,34,45,14]","[54,67,93,23,61,90,0,84,48,11,28,56,1]",288m 22p 13499s 177z,34557m 3678p 2278s,3499m 23p 566s 233z,11368m 45678p 456s,,,,,,,,,,,
20260410105309_0101_021,20260410105309_0101,20260410105309,上級卓,3,セイジ,28,8m,tedashi,1775786454,3051.326,,6,201.218,"[81,107,72,41,85,104,7,30,135,132,31,40,109]","[76,65,100,15,60,57,8,17,79,99,44,24,18]","[43,10,91,113,95,94,117,32,34,45,14]","[54,67,93,23,61,90,0,84,48,11,28,56,1,19]",288m 22p 13499s 177z,34557m 3678p 2278s,3499m 23p 566s 23z,113568m 45678p 456s,1,1,5,,0,,,,,,
20260410105309_0101_022,20260410105309_0101,20260410105309,上級卓,0,パシフィック,52,r5p,tsumogiri,1775786454,485.704,,3,2345.144,"[81,107,72,41,85,104,7,30,135,132,31,40,109,52]","[76,65,100,15,60,57,8,17,79,99,44,24,18]","[43,10,91,113,95,94,117,32,34,45,14]","[54,67,93,23,61,90,0,84,48,11,56,1,19]",288m 22r5p 13499s 177z,34557m 3678p 2278s,3499m 23p 566s 23z,11356m 45678p 456s,2,3,2,,0,,,,,,
20260410105309_0101_023,20260410105309_0101,20260410105309,上級卓,1,かずきかずき,18,5m,tedashi,1775786462,5842.905,,2,2691.144,"[81,107,72,41,85,104,7,30,135,132,31,40,109]","[76,65,100,15,60,57,8,17,79,99,44,24,18,5]","[43,10,91,113,95,94,117,32,34,45,14]","[54,67,93,23,61,90,0,84,48,11,56,1,19]",288m 22p 13499s 177z,234557m 3678p 2278s,3499m 23p 566s 23z,11356m 45678p 456s,1,1,4,,0,,,,,,
20260410105309_0101_024,20260410105309_0101,20260410105309,上級卓,2,マタギ,117,3z,tedashi,1775786466,962.564,,0,,"[81,107,72,41,85,104,7,30,135,132,31,40,109]","[76,65,100,15,60,57,8,17,79,99,44,24,5]","[43,91,113,95,94,117,32,34,45]","[54,67,93,23,61,90,0,84,48,11,56,1,19]",288m 22p 13499s 177z,23457m 3678p 2278s,99m 23p 566s 23z,11356m 45678p 456s,,,,,,,,,,,
20260410105309_0101_025,20260410105309_0101,20260410105309,上級卓,3,セイジ,74,1s,risekichu_hokan_tsumogiri,1775786468,1905.786,,0,,"[81,107,72,41,85,104,7,30,135,132,31,40,109]","[76,65,100,15,60,57,8,17,79,99,44,24,5]","[43,91,113,95,94,32,34,45]","[54,67,93,23,61,90,0,84,48,11,56,1,19,74]",288m 22p 13499s 177z,23457m 3678p 2278s,99m 23p 566s 2z,11356m 45678p 1456s,1,1,5,,0,,,,,,
20260410105309_0101_026,20260410105309_0101,20260410105309,上級卓,0,パシフィック,12,4m,tsumogiri,1775786469,689.393,,3,1978.109,"[81,107,72,41,85,104,7,30,135,132,31,40,109,12]","[76,65,100,15,60,57,8,17,79,99,44,24,5]","[43,91,113,95,94,32,34,45]","[54,67,93,23,61,90,0,84,48,11,56,1,19]",2488m 22p 13499s 177z,23457m 3678p 2278s,99m 23p 566s 2z,11356m 45678p 456s,2,3,2,,0,,,,,,
20260410105309_0101_027,20260410105309_0101,20260410105309,上級卓,1,かずきかずき,44,3p,tedashi,1775786472,1470.796,,0,,"[81,107,72,41,85,104,7,30,135,132,31,40,109]","[76,65,100,15,60,57,8,17,79,99,44,24,5,127]","[43,91,113,95,94,32,34,45]","[54,67,93,23,61,90,0,84,48,11,56,1,19]",288m 22p 13499s 177z,23457m 3678p 2278s 5z,99m 23p 566s 2z,11356m 45678p 456s,1,1,5,,0,,,,,,
20260410105309_0101_028,20260410105309_0101,20260410105309,上級卓,2,マタギ,53,5p,risekichu_hokan_tsumogiri,1775786474,2272.34,,6,355.206,"[81,107,72,41,85,104,7,30,135,132,31,40,109]","[76,65,100,15,60,57,8,17,79,99,24,5,127]","[43,91,113,95,94,32,34,45,53]","[54,67,93,23,61,90,0,84,48,11,56,1,19]",288m 22p 13499s 177z,23457m 678p 2278s 5z,99m 235p 566s 2z,11356m 45678p 456s,,,,,,,,,,,
20260410105309_0101_029,20260410105309_0101,20260410105309,上級卓,3,セイジ,11,3m,tedashi,1775786487,11897.034,,0,,"[81,107,72,41,85,104,7,30,135,132,31,40,109]","[76,65,100,15,60,57,8,17,79,99,24,5,127]","[43,91,113,95,94,32,34,45]","[54,67,93,23,61,90,0,84,48,11,56,1,19,87]",288m 22p 13499s 177z,23457m 678p 2278s 5z,99m 23p 566s 2z,11356m 45678p 4456s,1,1,4,,0,,,,,,
20260410105309_0101_030,20260410105309_0101,20260410105309,上級卓,0,パシフィック,21,6m,tsumogiri,1775786487,708.867,,3,2934.938,"[81,107,72,41,85,104,7,30,135,132,31,40,109,21]","[76,65,100,15,60,57,8,17,79,99,24,5,127]","[43,91,113,95,94,32,34,45]","[54,67,93,23,61,90,0,84,48,56,1,19,87]",2688m 22p 13499s 177z,23457m 678p 2278s 5z,99m 23p 566s 2z,1156m 45678p 4456s,2,3,2,,0,,,,,,
20260410105309_0101_031,20260410105309_0101,20260410105309,上級卓,1,かずきかずき,127,5z,tedashi,1775786492,1287.165,,0,,"[81,107,72,41,85,104,7,30,135,132,31,40,109]","[76,65,100,15,60,57,8,17,79,99,24,5,127,35]","[43,91,113,95,94,32,34,45]","[54,67,93,23,61,90,0,84,48,56,1,19,87]",288m 22p 13499s 177z,234579m 678p 2278s 5z,99m 23p 566s 2z,1156m 45678p 4456s,1,1,5,,0,,,,,,
20260410105309_0101_032,20260410105309_0101,20260410105309,上級卓,2,マタギ,95,6s,tedashi,1775786495,3387.496,,6,281.416,"[81,107,72,41,85,104,7,30,135,132,31,40,109]","[76,65,100,15,60,57,8,17,79,99,24,5,35]","[43,91,113,95,94,32,34,45,36]","[54,67,93,23,61,90,0,84,48,56,1,19,87]",288m 22p 13499s 177z,234579m 678p 2278s,99m 123p 566s 2z,1156m 45678p 4456s,,,,,,,,,,,
20260410105309_0101_033,20260410105309_0101,20260410105309,上級卓,3,セイジ,19,5m,tedashi,1775786498,2788.16,,0,,"[81,107,72,41,85,104,7,30,135,132,31,40,109]","[76,65,100,15,60,57,8,17,79,99,24,5,35]","[43,91,113,94,32,34,45,36]","[54,67,93,23,61,90,0,84,48,56,1,19,87,16]",288m 22p 13499s 177z,234579m 678p 2278s,99m 123p 56s 2z,11r556m 45678p 4456s,1,1,3,,1,,,,,,
20260410105309_0101_034,20260410105309_0101,20260410105309,上級卓,0,パシフィック,39,1p,tsumogiri,1775786499,687.786,,0,,"[81,107,72,41,85,104,7,30,135,132,31,40,109,39]","[76,65,100,15,60,57,8,17,79,99,24,5,35]","[43,91,113,94,32,34,45,36]","[54,67,93,23,61,90,0,84,48,56,1,87,16]",288m 122p 13499s 177z,234579m 678p 2278s,99m 123p 56s 2z,11r56m 45678p 4456s,2,3,2,,0,,,,,,
20260410105309_0101_035,20260410105309_0101,20260410105309,上級卓,1,かずきかずき,27,7m,risekichu_hokan_tsumogiri,1775786501,2661.606,,0,,"[81,107,72,41,85,104,7,30,135,132,31,40,109]","[76,65,100,15,60,57,8,17,79,99,24,5,35,27]","[43,91,113,94,32,34,45,36]","[54,67,93,23,61,90,0,84,48,56,1,87,16]",288m 22p 13499s 177z,2345779m 678p 2278s,99m 123p 56s 2z,11r56m 45678p 4456s,1,1,4,,0,,,,,,
20260410105309_0101_036,20260410105309_0101,20260410105309,上級卓,2,マタギ,62,7p,risekichu_hokan_tsumogiri,1775786506,2001.122,,6,301.849,"[81,107,72,41,85,104,7,30,135,132,31,40,109]","[76,65,100,15,60,57,8,17,79,99,24,5,35]","[43,91,113,94,32,34,45,36,62]","[54,67,93,23,61,90,0,84,48,56,1,87,16]",288m 22p 13499s 177z,234579m 678p 2278s,99m 1237p 56s 2z,11r56m 45678p 4456s,,,,,,,,,,,
20260410105309_0101_037,20260410105309_0101,20260410105309,上級卓,3,セイジ,84,4s,tedashi,1775786513,6727.15,,0,,"[81,107,72,41,85,104,7,30,135,132,31,40,109]","[76,65,100,15,60,57,8,17,79,99,24,5,35]","[43,91,113,94,32,34,45,36]","[54,67,93,23,61,90,0,84,48,56,1,87,16,80]",288m 22p 13499s 177z,234579m 678p 2278s,99m 123p 56s 2z,11r56m 45678p 34456s,1,1,4,,0,,,,,,
20260410105309_0200_001,20260410105309_0200,20260410105309,上級卓,3,セイジ,3,1m,tedashi,1775786534,1719.894,,0,,"[6,17,24,32,33,64,65,66,70,80,104,122,124]","[118,2,117,79,29,46,38,129,52,8,72,59,81]","[73,113,82,127,133,132,134,92,94,4,10,78,128]","[47,13,37,41,67,36,14,98,123,115,42,3,126,50]",25799m 8889p 39s 45z,138m 13r56p 123s 336z,23m 12366s 256777z,144m 1122348p 7s 245z,3,4,3,,0,,,,,,
20260410105309_0200_002,20260410105309_0200,20260410105309,上級卓,0,パシフィック,39,1p,tsumogiri,1775786551,16694.14,,6,395.86,"[6,17,24,32,33,64,65,66,70,80,104,122,124,39]","[118,2,117,79,29,46,38,129,52,8,72,59,81]","[73,113,82,127,133,132,134,92,94,4,10,78,128]","[47,13,37,41,67,36,14,98,123,115,42,126,50]",25799m 18889p 39s 45z,138m 13r56p 123s 336z,23m 12366s 256777z,44m 1122348p 7s 245z,4,4,4,,0,,,,,,
20260410105309_0200_003,20260410105309_0200,20260410105309,上級卓,1,かずきかずき,129,6z,tedashi,1775786552,1140.695,,0,,"[6,17,24,32,33,64,65,66,70,80,104,122,124]","[118,2,117,79,29,46,38,129,52,8,72,59,81,111]","[73,113,82,127,133,132,134,92,94,4,10,78,128]","[47,13,37,41,67,36,14,98,123,115,42,126,50]",25799m 8889p 39s 45z,138m 13r56p 123s 1336z,23m 12366s 256777z,44m 1122348p 7s 245z,2,2,5,,0,,,,,,
20260410105309_0200_004,20260410105309_0200,20260410105309,上級卓,2,マタギ,10,3m,tedashi,1775786555,2991.406,,0,,"[6,17,24,32,33,64,65,66,70,80,104,122,124]","[118,2,117,79,29,46,38,52,8,72,59,81,111]","[73,113,82,127,133,132,134,92,94,4,10,78,128,130]","[47,13,37,41,67,36,14,98,123,115,42,126,50]",25799m 8889p 39s 45z,138m 13r56p 123s 133z,23m 12366s 2566777z,44m 1122348p 7s 245z,1,1,3,,0,,,,,,
20260410105309_0200_005,20260410105309_0200,20260410105309,上級卓,3,セイジ,123,4z,tedashi,1775786558,2660.972,,0,,"[6,17,24,32,33,64,65,66,70,80,104,122,124]","[118,2,117,79,29,46,38,52,8,72,59,81,111]","[73,113,82,127,133,132,134,92,94,4,78,128,130]","[47,13,37,41,67,36,14,98,123,115,42,126,50,69]",25799m 8889p 39s 45z,138m 13r56p 123s 133z,2m 12366s 2566777z,44m 11223489p 7s 245z,3,3,3,,0,,,,,,
20260410105309_0200_006,20260410105309_0200,20260410105309,上級卓,0,パシフィック,84,4s,tsumogiri,1775786565,6697.615,,3,1236.099,"[6,17,24,32,33,64,65,66,70,80,104,122,124,84]","[118,2,117,79,29,46,38,52,8,72,59,81,111]","[73,113,82,127,133,132,134,92,94,4,78,128,130]","[47,13,37,41,67,36,14,98,115,42,126,50,69]",25799m 8889p 349s 45z,138m 13r56p 123s 133z,2m 12366s 2566777z,44m 11223489p 7s 25z,3,3,4,,0,,,,,,
20260410105309_0200_007,20260410105309_0200,20260410105309,上級卓,1,かずきかずき,111,1z,tedashi,1775786567,1314.244,,0,,"[6,17,24,32,33,64,65,66,70,80,104,122,124]","[118,2,117,79,29,46,38,52,8,72,59,81,111,91]","[73,113,82,127,133,132,134,92,94,4,78,128,130]","[47,13,37,41,67,36,14,98,115,42,126,50,69]",25799m 8889p 39s 45z,138m 13r56p 1235s 133z,2m 12366s 2566777z,44m 11223489p 7s 25z,2,2,5,,0,,,,,,
20260410105309_0200_008,20260410105309_0200,20260410105309,上級卓,2,マタギ,4,2m,tedashi,1775786570,2370.902,,0,,"[6,17,24,32,33,64,65,66,70,80,104,122,124]","[118,2,117,79,29,46,38,52,8,72,59,81,91]","[73,113,82,127,133,132,134,92,94,4,78,128,130,77]","[47,13,37,41,67,36,14,98,115,42,126,50,69]",25799m 8889p 39s 45z,138m 13r56p 1235s 33z,2m 122366s 2566777z,44m 11223489p 7s 25z,2,2,2,,0,,,,,,
20260410105309_0200_009,20260410105309_0200,20260410105309,上級卓,3,セイジ,14,4m,tedashi,1775786572,1798.229,,0,,"[6,17,24,32,33,64,65,66,70,80,104,122,124]","[118,2,117,79,29,46,38,52,8,72,59,81,91]","[73,113,82,127,133,132,134,92,94,78,128,130,77]","[47,13,37,41,67,36,14,98,115,42,126,50,69,61]",25799m 8889p 39s 45z,138m 13r56p 1235s 33z,122366s 2566777z,44m 112234789p 7s 25z,2,2,3,,0,,,,,,
20260410105309_0200_010,20260410105309_0200,20260410105309,上級卓,0,パシフィック,104,9s,tedashi,1775786576,4342.882,,0,,"[6,17,24,32,33,64,65,66,70,80,104,122,124,18]","[118,2,117,79,29,46,38,52,8,72,59,81,91]","[73,113,82,127,133,132,134,92,94,78,128,130,77]","[47,13,37,41,67,36,98,115,42,126,50,69,61]",255799m 8889p 39s 45z,138m 13r56p 1235s 33z,122366s 2566777z,4m 112234789p 7s 25z,3,4,3,,0,,,,,,
20260410105309_0200_011,20260410105309_0200,20260410105309,上級卓,1,かずきかずき,131,6z,risekichu_hokan_tsumogiri,1775786578,1998.002,,3,4730.975,"[6,17,24,32,33,64,65,66,70,80,122,124,18]","[118,2,117,79,29,46,38,52,8,72,59,81,91,131]","[73,113,82,127,133,132,134,92,94,78,128,130,77]","[47,13,37,41,67,36,98,115,42,126,50,69,61]",255799m 8889p 3s 45z,138m 13r56p 1235s 336z,122366s 2566777z,4m 112234789p 7s 25z,2,2,5,,0,,,,,,
20260410105309_0200_012,20260410105309_0200,20260410105309,上級卓,2,マタギ,113,2z,tedashi,1775786583,2321.252,,0,,"[6,17,24,32,33,64,65,66,70,80,122,124,18]","[118,2,117,79,29,46,38,52,8,72,59,81,91]","[73,113,82,127,133,132,134,92,94,78,128,77]","[47,13,37,41,67,36,98,115,42,126,50,69,61]",255799m 8889p 3s 45z,138m 13r56p 1235s 33z,122366s 256777z,4m 112234789p 7s 25z,,,,,,,,,,,
20260410105309_0200_013,20260410105309_0200,20260410105309,上級卓,3,セイジ,13,4m,tedashi,1775786585,2081.22,,0,,"[6,17,24,32,33,64,65,66,70,80,122,124,18]","[118,2,117,79,29,46,38,52,8,72,59,81,91]","[73,82,127,133,132,134,92,94,78,128,77]","[47,13,37,41,67,36,98,115,42,126,50,69,61,35]",255799m 8889p 3s 45z,138m 13r56p 1235s 33z,122366s 56777z,49m 112234789p 7s 25z,3,3,4,,0,,,,,,
20260410105309_0200_014,20260410105309_0200,20260410105309,上級卓,0,パシフィック,70,9p,tedashi,1775786587,2056.023,,0,,"[6,17,24,32,33,64,65,66,70,80,122,124,18,56]","[118,2,117,79,29,46,38,52,8,72,59,81,91]","[73,82,127,133,132,134,92,94,78,128,77]","[47,37,41,67,36,98,115,42,126,50,69,61,35]",255799m 68889p 3s 45z,138m 13r56p 1235s 33z,122366s 56777z,9m 112234789p 7s 25z,3,4,3,,0,,,,,,
20260410105309_0200_015,20260410105309_0200,20260410105309,上級卓,1,かずきかずき,29,8m,tedashi,1775786589,2204.323,,0,,"[6,17,24,32,33,64,65,66,80,122,124,18,56]","[118,2,117,79,29,46,38,52,8,72,59,81,91,89]","[73,82,127,133,132,134,92,94,78,128,77]","[47,37,41,67,36,98,115,42,126,50,69,61,35]",255799m 6888p 3s 45z,138m 13r56p 12355s 33z,122366s 56777z,9m 112234789p 7s 25z,2,2,4,,0,,,,,,
20260410105309_0200_016,20260410105309_0200,20260410105309,上級卓,2,マタギ,57,6p,risekichu_hokan_tsumogiri,1775786592,3265.228,,6,402.223,"[6,17,24,32,33,64,65,66,80,122,124,18,56]","[118,2,117,79,46,38,52,8,72,59,81,91,89]","[73,82,127,133,132,134,92,94,78,128,77,57]","[47,37,41,67,36,98,115,42,126,50,69,61,35]",255799m 6888p 3s 45z,13m 13r56p 12355s 33z,6p 122366s 56777z,9m 112234789p 7s 25z,,,,,,,,,,,
20260410105309_0200_017,20260410105309_0200,20260410105309,上級卓,3,セイジ,35,9m,tedashi,1775786594,1361.671,,3,5369.216,"[6,17,24,32,33,64,65,66,80,122,124,18,56]","[118,2,117,79,46,38,52,8,72,59,81,91,89]","[73,82,127,133,132,134,92,94,78,128,77]","[47,37,41,67,36,98,115,42,126,50,69,61,35,99]",255799m 6888p 3s 45z,13m 13r56p 12355s 33z,122366s 56777z,9m 112234789p 77s 25z,2,2,3,,0,,,,,,
20260410105309_0200_018,20260410105309_0200,20260410105309,上級卓,0,パシフィック,56,6p,tedashi,1775786599,4035.41,,0,,"[6,17,24,33,64,65,66,80,122,124,18,56]","[118,2,117,79,46,38,52,8,72,59,81,91,89]","[73,82,127,133,132,134,92,94,78,128,77]","[47,37,41,67,36,98,115,42,126,50,69,61,99]",25579m 6888p 3s 45z,13m 13r56p 12355s 33z,122366s 56777z,112234789p 77s 25z,,,,,,,,,,,
20260410105309_0200_019,20260410105309_0200,20260410105309,上級卓,1,かずきかずき,118,3z,tedashi,1775786602,2848.902,,0,,"[6,17,24,33,64,65,66,80,122,124,18]","[118,2,117,79,46,38,52,8,72,59,81,91,89,12]","[73,82,127,133,132,134,92,94,78,128,77]","[47,37,41,67,36,98,115,42,126,50,69,61,99]",25579m 888p 3s 45z,134m 13r56p 12355s 33z,122366s 56777z,112234789p 77s 25z,2,2,4,,0,,,,,,
20260410105309_0200_020,20260410105309_0200,20260410105309,上級卓,2,マタギ,78,2s,tedashi,1775786608,5433.253,,0,,"[6,17,24,33,64,65,66,80,122,124,18]","[2,117,79,46,38,52,8,72,59,81,91,89,12]","[73,82,127,133,132,134,92,94,78,128,77,93]","[47,37,41,67,36,98,115,42,126,50,69,61,99]",25579m 888p 3s 45z,134m 13r56p 12355s 3z,1223666s 56777z,112234789p 77s 25z,,,,,,,,,,,
20260410105309_0200_021,20260410105309_0200,20260410105309,上級卓,3,セイジ,99,7s,tedashi,1775786611,3504.696,,0,,"[6,17,24,33,64,65,66,80,122,124,18]","[2,117,79,46,38,52,8,72,59,81,91,89,12]","[73,82,127,133,132,134,92,94,128,77,93]","[47,37,41,67,36,98,115,42,126,50,69,61,99,34]",25579m 888p 3s 45z,134m 13r56p 12355s 3z,123666s 56777z,9m 112234789p 77s 25z,2,2,3,,0,,,,,,
20260410105309_0200_022,20260410105309_0200,20260410105309,上級卓,0,パシフィック,124,5z,tedashi,1775786614,2581.526,,0,,"[6,17,24,33,64,65,66,80,122,124,18,120]","[2,117,79,46,38,52,8,72,59,81,91,89,12]","[73,82,127,133,132,134,92,94,128,77,93]","[47,37,41,67,36,98,115,42,126,50,69,61,34]",25579m 888p 3s 445z,134m 13r56p 12355s 3z,123666s 56777z,9m 112234789p 7s 25z,,,,,,,,,,,
20260410111346_0000_002,20260410111346_0000,20260410111346,上級卓,0,パシフィック,117,3z,tedashi,1775787229,2229.649,,3,1462.753,"[1,4,25,29,38,55,58,74,92,101,102,108,117,34]","[98,63,109,118,131,90,32,82,50,93,120,31,87]","[95,44,110,53,57,67,99,119,124,62,39,116,86]","[94,30,14,111,7,21,27,114,17,69,10,13,15]",12789m 156p 1688s 13z,89m 47p 34567s 1346z,135678p 467s 1335z,234445678m 9p 6s 12z,3,3,5,,0,,,,,,
20260410111346_0000_003,20260410111346_0000,20260410111346,上級卓,1,ミカパパママ,118,3z,tedashi,1775787233,2845.473,,3,1394.22,"[1,4,25,29,38,55,58,74,92,101,102,108,34]","[98,63,109,118,131,90,32,82,50,93,120,31,87,19]","[95,44,110,53,57,67,99,119,124,62,39,116,86]","[94,30,14,111,7,21,27,114,17,69,10,13,15]",12789m 156p 1688s 1z,589m 47p 34567s 1346z,135678p 467s 1335z,234445678m 9p 6s 12z,4,4,6,,0,,,,,,
20260410111346_0000_004,20260410111346_0000,20260410111346,上級卓,2,やまだたろう,124,5z,tedashi,1775787240,5616.597,,0,,"[1,4,25,29,38,55,58,74,92,101,102,108,34]","[98,63,109,131,90,32,82,50,93,120,31,87,19]","[95,44,110,53,57,67,99,119,124,62,39,116,86,61]","[94,30,14,111,7,21,27,114,17,69,10,13,15]",12789m 156p 1688s 1z,589m 47p 34567s 146z,1356778p 467s 1335z,234445678m 9p 6s 12z,2,2,4,,0,,,,,,
20260410111346_0000_005,20260410111346_0000,20260410111346,上級卓,3,rinjan,69,9p,tedashi,1775787242,1954.399,,0,,"[1,4,25,29,38,55,58,74,92,101,102,108,34]","[98,63,109,131,90,32,82,50,93,120,31,87,19]","[95,44,110,53,57,67,99,119,62,39,116,86,61]","[94,30,14,111,7,21,27,114,17,69,10,13,15,23]",12789m 156p 1688s 1z,589m 47p 34567s 146z,1356778p 467s 133z,2344456678m 9p 6s 12z,2,2,4,,0,,,,,,
20260410111346_0000_006,20260410111346_0000,20260410111346,上級卓,0,パシフィック,108,1z,tedashi,1775787249,7085.185,,0,,"[1,4,25,29,38,55,58,74,92,101,102,108,34,2]","[98,63,109,131,90,32,82,50,93,120,31,87,19]","[95,44,110,53,57,67,99,119,62,39,116,86,61]","[94,30,14,111,7,21,27,114,17,10,13,15,23]",112789m 156p 1688s 1z,589m 47p 34567s 146z,1356778p 467s 133z,2344456678m 6s 12z,3,3,4,,0,1z,1380pt,1p,1380pt,1s,1378pt
20260410111346_0000_007,20260410111346_0000,20260410111346,上級卓,1,ミカパパママ,131,6z,tedashi,1775787252,3110.013,,0,,"[1,4,25,29,38,55,58,74,92,101,102,34,2]","[98,63,109,131,90,32,82,50,93,120,31,87,19,6]","[95,44,110,53,57,67,99,119,62,39,116,86,61]","[94,30,14,111,7,21,27,114,17,10,13,15,23]",112789m 156p 1688s,2589m 47p 34567s 146z,1356778p 467s 133z,2344456678m 6s 12z,4,4,6,,0,,,,,,
20260410111346_0000_008,20260410111346_0000,20260410111346,上級卓,2,やまだたろう,106,9s,risekichu_hokan_tsumogiri,1775787254,1867.521,,0,,"[1,4,25,29,38,55,58,74,92,101,102,34,2]","[98,63,109,90,32,82,50,93,120,31,87,19,6]","[95,44,110,53,57,67,99,119,62,39,116,86,61,106]","[94,30,14,111,7,21,27,114,17,10,13,15,23]",112789m 156p 1688s,2589m 47p 34567s 14z,1356778p 4679s 133z,2344456678m 6s 12z,2,2,4,,0,,,,,,
20260410111346_0000_009,20260410111346_0000,20260410111346,上級卓,3,rinjan,56,6p,risekichu_hokan_tsumogiri,1775787256,2270.712,,0,,"[1,4,25,29,38,55,58,74,92,101,102,34,2]","[98,63,109,90,32,82,50,93,120,31,87,19,6]","[95,44,110,53,57,67,99,119,62,39,116,86,61]","[94,30,14,111,7,21,27,114,17,10,13,15,23,56]",112789m 156p 1688s,2589m 47p 34567s 14z,1356778p 467s 133z,2344456678m 6p 6s 12z,2,2,4,,0,,,,,,
20260410111346_0000_010,20260410111346_0000,20260410111346,上級卓,0,パシフィック,38,1p,tedashi,1775787258,1506.512,,0,,"[1,4,25,29,38,55,58,74,92,101,102,34,2,8]","[98,63,109,90,32,82,50,93,120,31,87,19,6]","[95,44,110,53,57,67,99,119,62,39,116,86,61]","[94,30,14,111,7,21,27,114,17,10,13,15,23]",1123789m 156p 1688s,2589m 47p 34567s 14z,1356778p 467s 133z,2344456678m 6s 12z,2,2,4,,0,1p,2271pt,1s,2268pt,1m,2183pt
20260410111346_0000_011,20260410111346_0000,20260410111346,上級卓,1,ミカパパママ,109,1z,tedashi,1775787261,2932.487,,0,,"[1,4,25,29,55,58,74,92,101,102,34,2,8]","[98,63,109,90,32,82,50,93,120,31,87,19,6,45]","[95,44,110,53,57,67,99,119,62,39,116,86,61]","[94,30,14,111,7,21,27,114,17,10,13,15,23]",1123789m 56p 1688s,2589m 347p 34567s 14z,1356778p 467s 133z,2344456678m 6s 12z,3,3,6,,0,,,,,,
20260410111346_0000_012,20260410111346_0000,20260410111346,上級卓,2,やまだたろう,86,4s,tedashi,1775787264,3368.153,,0,,"[1,4,25,29,55,58,74,92,101,102,34,2,8]","[98,63,90,32,82,50,93,120,31,87,19,6,45]","[95,44,110,53,57,67,99,119,62,39,116,86,61,70]","[94,30,14,111,7,21,27,114,17,10,13,15,23]",1123789m 56p 1688s,2589m 347p 34567s 4z,13567789p 467s 133z,2344456678m 6s 12z,1,1,4,,0,,,,,,
20260410111346_0000_013,20260410111346_0000,20260410111346,上級卓,3,rinjan,111,1z,tedashi,1775787266,1958.465,,0,,"[1,4,25,29,55,58,74,92,101,102,34,2,8]","[98,63,90,32,82,50,93,120,31,87,19,6,45]","[95,44,110,53,57,67,99,119,62,39,116,61,70]","[94,30,14,111,7,21,27,114,17,10,13,15,23,104]",1123789m 56p 1688s,2589m 347p 34567s 4z,13567789p 67s 133z,2344456678m 69s 12z,2,2,4,,0,,,,,,
20260410111346_0000_014,20260410111346_0000,20260410111346,上級卓,0,パシフィック,2,1m,tedashi,1775787270,4180.926,,0,,"[1,4,25,29,55,58,74,92,101,102,34,2,8,79]","[98,63,90,32,82,50,93,120,31,87,19,6,45]","[95,44,110,53,57,67,99,119,62,39,116,61,70]","[94,30,14,7,21,27,114,17,10,13,15,23,104]",1123789m 56p 12688s,2589m 347p 34567s 4z,13567789p 67s 133z,2344456678m 69s 2z,1,1,4,,0,1m,1958pt,1s,1794pt,6s,1769pt
20260410111346_0000_015,20260410111346_0000,20260410111346,上級卓,1,ミカパパママ,120,4z,tedashi,1775787273,2745.135,,0,,"[1,4,25,29,55,58,74,92,101,102,34,8,79]","[98,63,90,32,82,50,93,120,31,87,19,6,45,60]","[95,44,110,53,57,67,99,119,62,39,116,61,70]","[94,30,14,7,21,27,114,17,10,13,15,23,104]",123789m 56p 12688s,2589m 3477p 34567s 4z,13567789p 67s 133z,2344456678m 69s 2z,2,2,5,,0,,,,,,
20260410111346_0000_016,20260410111346_0000,20260410111346,上級卓,2,やまだたろう,110,1z,tedashi,1775787275,2492.532,,0,,"[1,4,25,29,55,58,74,92,101,102,34,8,79]","[98,63,90,32,82,50,93,31,87,19,6,45,60]","[95,44,110,53,57,67,99,119,62,39,116,61,70,113]","[94,30,14,7,21,27,114,17,10,13,15,23,104]",123789m 56p 12688s,2589m 3477p 34567s,13567789p 67s 1233z,2344456678m 69s 2z,1,1,4,,0,,,,,,
20260410111346_0000_017,20260410111346_0000,20260410111346,上級卓,3,rinjan,104,9s,tedashi,1775787277,2080.52,,0,,"[1,4,25,29,55,58,74,92,101,102,34,8,79]","[98,63,90,32,82,50,93,31,87,19,6,45,60]","[95,44,53,57,67,99,119,62,39,116,61,70,113]","[94,30,14,7,21,27,114,17,10,13,15,23,104,122]",123789m 56p 12688s,2589m 3477p 34567s,13567789p 67s 233z,2344456678m 69s 24z,2,2,4,,0,,,,,,
20260410111346_0000_018,20260410111346_0000,20260410111346,上級卓,0,パシフィック,43,2p,tsumogiri,1775787279,1503.195,,3,2813.048,"[1,4,25,29,55,58,74,92,101,102,34,8,79,43]","[98,63,90,32,82,50,93,31,87,19,6,45,60]","[95,44,53,57,67,99,119,62,39,116,61,70,113]","[94,30,14,7,21,27,114,17,10,13,15,23,122]",123789m 256p 12688s,2589m 3477p 34567s,13567789p 67s 233z,2344456678m 6s 24z,1,1,5,,0,2p,1866pt,6s,1668pt,1s,1646pt
20260410111346_0000_019,20260410111346_0000,20260410111346,上級卓,1,ミカパパママ,134,7z,risekichu_hokan_tsumogiri,1775787284,2143.527,,0,,"[1,4,25,29,55,58,74,92,101,102,34,8,79]","[98,63,90,32,82,50,93,31,87,19,6,45,60,134]","[95,44,53,57,67,99,119,62,39,116,61,70,113]","[94,30,14,7,21,27,114,17,10,13,15,23,122]",123789m 56p 12688s,2589m 3477p 34567s 7z,13567789p 67s 233z,2344456678m 6s 24z,2,2,5,,0,,,,,,
20260410111346_0000_020,20260410111346_0000,20260410111346,上級卓,2,やまだたろう,96,7s,risekichu_hokan_tsumogiri,1775787287,3195.898,,0,,"[1,4,25,29,55,58,74,92,101,102,34,8,79]","[98,63,90,32,82,50,93,31,87,19,6,45,60]","[95,44,53,57,67,99,119,62,39,116,61,70,113,96]","[94,30,14,7,21,27,114,17,10,13,15,23,122]",123789m 56p 12688s,2589m 3477p 34567s,13567789p 677s 233z,2344456678m 6s 24z,1,1,3,,1,,,,,,
20260410111346_0000_021,20260410111346_0000,20260410111346,上級卓,3,rinjan,73,1s,risekichu_hokan_tsumogiri,1775787289,1879.513,,0,,"[1,4,25,29,55,58,74,92,101,102,34,8,79]","[98,63,90,32,82,50,93,31,87,19,6,45,60]","[95,44,53,57,67,99,119,62,39,116,61,70,113]","[94,30,14,7,21,27,114,17,10,13,15,23,122,73]",123789m 56p 12688s,2589m 3477p 34567s,13567789p 67s 233z,2344456678m 16s 24z,2,2,4,,0,,,,,,
20260410111346_0000_022,20260410111346_0000,20260410111346,上級卓,0,パシフィック,107,9s,tsumogiri,1775787291,1895.504,,0,,"[1,4,25,29,55,58,74,92,101,102,34,8,79,107]","[98,63,90,32,82,50,93,31,87,19,6,45,60]","[95,44,53,57,67,99,119,62,39,116,61,70,113]","[94,30,14,7,21,27,114,17,10,13,15,23,122]",123789m 56p 126889s,2589m 3477p 34567s,13567789p 67s 233z,2344456678m 6s 24z,1,1,5,,0,9s,1701pt,6s,1577pt,1s,1401pt
20260410111346_0000_023,20260410111346_0000,20260410111346,上級卓,1,ミカパパママ,6,2m,tedashi,1775787296,4693.305,,0,,"[1,4,25,29,55,58,74,92,101,102,34,8,79]","[98,63,90,32,82,50,93,31,87,19,6,45,60,97]","[95,44,53,57,67,99,119,62,39,116,61,70,113]","[94,30,14,7,21,27,114,17,10,13,15,23,122]",123789m 56p 12688s,2589m 3477p 345677s,13567789p 67s 233z,2344456678m 6s 24z,2,2,4,,0,,,,,,
20260410111346_0000_024,20260410111346_0000,20260410111346,上級卓,2,やまだたろう,113,2z,tedashi,1775787299,3274.79,,0,,"[1,4,25,29,55,58,74,92,101,102,34,8,79]","[98,63,90,32,82,50,93,31,87,19,45,60,97]","[95,44,53,57,67,99,119,62,39,116,61,70,113,103]","[94,30,14,7,21,27,114,17,10,13,15,23,122]",123789m 56p 12688s,589m 3477p 345677s,13567789p 678s 233z,2344456678m 6s 24z,0,0,4,2p,0,,,,,,
20260410111346_0000_025,20260410111346_0000,20260410111346,上級卓,3,rinjan,94,6s,tedashi,1775787301,2510.958,,0,,"[1,4,25,29,55,58,74,92,101,102,34,8,79]","[98,63,90,32,82,50,93,31,87,19,45,60,97]","[95,44,53,57,67,99,119,62,39,116,61,70,103]","[94,30,14,7,21,27,114,17,10,13,15,23,122,12]",123789m 56p 12688s,589m 3477p 345677s,13567789p 678s 33z,23444456678m 6s 24z,1,1,4,,0,,,,,,
20260410111346_0000_026,20260410111346_0000,20260410111346,上級卓,0,パシフィック,135,7z,tsumogiri,1775787303,1367.584,,0,,"[1,4,25,29,55,58,74,92,101,102,34,8,79,135]","[98,63,90,32,82,50,93,31,87,19,45,60,97]","[95,44,53,57,67,99,119,62,39,116,61,70,103]","[30,14,7,21,27,114,17,10,13,15,23,122,12]",123789m 56p 12688s 7z,589m 3477p 345677s,13567789p 678s 33z,23444456678m 24z,1,1,5,,0,7z,1592pt,6s,1447pt,1s,1246pt
20260410111346_0000_027,20260410111346_0000,20260410111346,上級卓,1,ミカパパママ,32,9m,tedashi,1775787307,4743.27,,0,,"[1,4,25,29,55,58,74,92,101,102,34,8,79]","[98,63,90,32,82,50,93,31,87,19,45,60,97,11]","[95,44,53,57,67,99,119,62,39,116,61,70,103]","[30,14,7,21,27,114,17,10,13,15,23,122,12]",123789m 56p 12688s,3589m 3477p 345677s,13567789p 678s 33z,23444456678m 24z,2,2,4,,0,,,,,,
20260410111346_0000_028,20260410111346_0000,20260410111346,上級卓,2,やまだたろう,72,1s,risekichu_hokan_tsumogiri,1775787309,1837.384,,0,,"[1,4,25,29,55,58,74,92,101,102,34,8,79]","[98,63,90,82,50,93,31,87,19,45,60,97,11]","[95,44,53,57,67,99,119,62,39,116,61,70,103,72]","[30,14,7,21,27,114,17,10,13,15,23,122,12]",123789m 56p 12688s,358m 3477p 345677s,13567789p 1678s 33z,23444456678m 24z,0,0,4,2p,0,,,,,,
20260410111346_0000_029,20260410111346_0000,20260410111346,上級卓,3,rinjan,54,5p,risekichu_hokan_tsumogiri,1775787312,2579.795,,0,,"[1,4,25,29,55,58,74,92,101,102,34,8,79]","[98,63,90,82,50,93,31,87,19,45,60,97,11]","[95,44,53,57,67,99,119,62,39,116,61,70,103]","[30,14,7,21,27,114,17,10,13,15,23,122,12,54]",123789m 56p 12688s,358m 3477p 345677s,13567789p 678s 33z,23444456678m 5p 24z,1,1,4,,0,,,,,,
20260410111346_0000_030,20260410111346_0000,20260410111346,上級卓,0,パシフィック,24,7m,tsumogiri,1775787314,1724.17,,0,,"[1,4,25,29,55,58,74,92,101,102,34,8,79,24]","[98,63,90,82,50,93,31,87,19,45,60,97,11]","[95,44,53,57,67,99,119,62,39,116,61,70,103]","[30,14,7,21,27,114,17,10,13,15,23,122,12]",1237789m 56p 12688s,358m 3477p 345677s,13567789p 678s 33z,23444456678m 24z,1,1,4,,0,7m,1447pt,6s,1433pt,1s,1304pt
20260410111346_0000_031,20260410111346_0000,20260410111346,上級卓,1,ミカパパママ,126,5z,risekichu_hokan_tsumogiri,1775787316,2524.776,,0,,"[1,4,25,29,55,58,74,92,101,102,34,8,79]","[98,63,90,82,50,93,31,87,19,45,60,97,11,126]","[95,44,53,57,67,99,119,62,39,116,61,70,103]","[30,14,7,21,27,114,17,10,13,15,23,122,12]",123789m 56p 12688s,358m 3477p 345677s 5z,13567789p 678s 33z,23444456678m 24z,2,2,4,,0,,,,,,
20260410111346_0000_032,20260410111346_0000,20260410111346,上級卓,2,やまだたろう,115,2z,risekichu_hokan_tsumogiri,1775787319,2963.519,,0,,"[1,4,25,29,55,58,74,92,101,102,34,8,79]","[98,63,90,82,50,93,31,87,19,45,60,97,11]","[95,44,53,57,67,99,119,62,39,116,61,70,103,115]","[30,14,7,21,27,114,17,10,13,15,23,122,12]",123789m 56p 12688s,358m 3477p 345677s,13567789p 678s 233z,23444456678m 24z,0,0,4,2p,0,,,,,,
20260410111346_0000_033,20260410111346_0000,20260410111346,上級卓,3,rinjan,51,4p,risekichu_hokan_tsumogiri,1775787321,2056.155,,2,1564.022,"[1,4,25,29,55,58,74,92,101,102,34,8,79]","[98,63,90,82,50,93,31,87,19,45,60,97,11]","[95,44,53,57,67,99,119,62,39,116,61,70,103]","[30,14,7,21,27,114,17,10,13,15,23,122,12,51]",123789m 56p 12688s,358m 3477p 345677s,13567789p 678s 33z,23444456678m 4p 24z,1,1,4,,0,,,,,,
20260410111346_0000_034,20260410111346_0000,20260410111346,上級卓,0,パシフィック,92,6s,tedashi,1775787328,5071.63,,3,3518.915,"[1,4,25,29,74,92,101,102,34,8,79]","[98,63,90,82,50,93,31,87,19,45,60,97,11]","[95,44,53,57,67,99,119,62,39,116,61,70,103]","[30,14,7,21,27,114,17,10,13,15,23,122,12]",123789m 12688s,358m 3477p 345677s,13567789p 678s 33z,23444456678m 24z,0,0,,3s,0,,,,,,
20260410111346_0000_035,20260410111346_0000,20260410111346,上級卓,1,ミカパパママ,63,7p,tedashi,1775787336,4472.008,,3,1950.954,"[1,4,25,29,74,101,102,34,8,79]","[98,63,90,82,50,93,31,87,19,45,60,97,11,64]","[95,44,53,57,67,99,119,62,39,116,61,70,103]","[30,14,7,21,27,114,17,10,13,15,23,122,12]",123789m 1288s,358m 34778p 345677s,13567789p 678s 33z,23444456678m 24z,2,2,4,,1,,,,,,
20260410111346_0000_036,20260410111346_0000,20260410111346,上級卓,2,やまだたろう,132,7z,risekichu_hokan_tsumogiri,1775787339,1561.952,,0,,"[1,4,25,29,74,101,102,34,8,79]","[98,90,82,50,93,31,87,19,45,60,97,11,64]","[95,44,53,57,67,99,119,62,39,116,61,70,103,132]","[30,14,7,21,27,114,17,10,13,15,23,122,12]",123789m 1288s,358m 3478p 345677s,13567789p 678s 337z,23444456678m 24z,0,0,4,2p,0,,,,,,
20260410111346_0000_037,20260410111346_0000,20260410111346,上級卓,3,rinjan,84,4s,risekichu_hokan_tsumogiri,1775787341,1926.968,,0,,"[1,4,25,29,74,101,102,34,8,79]","[98,90,82,50,93,31,87,19,45,60,97,11,64]","[95,44,53,57,67,99,119,62,39,116,61,70,103]","[30,14,7,21,27,114,17,10,13,15,23,122,12,84]",123789m 1288s,358m 3478p 345677s,13567789p 678s 33z,23444456678m 4s 24z,1,1,4,,0,,,,,,
20260410111346_0000_038,20260410111346_0000,20260410111346,上級卓,0,パシフィック,35,9m,tsumogiri,1775787345,3677.738,,0,,"[1,4,25,29,74,101,102,34,8,79,35]","[98,90,82,50,93,31,87,19,45,60,97,11,64]","[95,44,53,57,67,99,119,62,39,116,61,70,103]","[30,14,7,21,27,114,17,10,13,15,23,122,12]",1237899m 1288s,358m 3478p 345677s,13567789p 678s 33z,23444456678m 24z,0,0,,3s,0,,,,,,
20260410111346_0000_039,20260410111346_0000,20260410111346,上級卓,1,ミカパパママ,31,8m,tedashi,1775787350,5121.509,,0,,"[1,4,25,29,74,101,102,34,8,79]","[98,90,82,50,93,31,87,19,45,60,97,11,64,52]","[95,44,53,57,67,99,119,62,39,116,61,70,103]","[30,14,7,21,27,114,17,10,13,15,23,122,12]",123789m 1288s,358m 34r578p 345677s,13567789p 678s 33z,23444456678m 24z,1,1,5,,0,,,,,,
20260410111346_0000_040,20260410111346_0000,20260410111346,上級卓,2,やまだたろう,39,1p,tedashi,1775787357,7168.311,,0,,"[1,4,25,29,74,101,102,34,8,79]","[98,90,82,50,93,87,19,45,60,97,11,64,52]","[95,44,53,57,67,99,119,62,39,116,61,70,103,22]","[30,14,7,21,27,114,17,10,13,15,23,122,12]",123789m 1288s,35m 34r578p 345677s,6m 13567789p 678s 33z,23444456678m 24z,0,0,4,,0,,,,,,
20260410111346_0000_041,20260410111346_0000,20260410111346,上級卓,3,rinjan,88,r5s,risekichu_hokan_tsumogiri,1775787359,2148.52,,0,,"[1,4,25,29,74,101,102,34,8,79]","[98,90,82,50,93,87,19,45,60,97,11,64,52]","[95,44,53,57,67,99,119,62,116,61,70,103,22]","[30,14,7,21,27,114,17,10,13,15,23,122,12,88]",123789m 1288s,35m 34r578p 345677s,6m 3567789p 678s 33z,23444456678m r5s 24z,1,1,4,,0,,,,,,
20260410111346_0000_042,20260410111346_0000,20260410111346,上級卓,0,パシフィック,65,8p,tsumogiri,1775787372,12247,,0,,"[1,4,25,29,74,101,102,34,8,79,65]","[98,90,82,50,93,87,19,45,60,97,11,64,52]","[95,44,53,57,67,99,119,62,116,61,70,103,22]","[30,14,7,21,27,114,17,10,13,15,23,122,12]",123789m 8p 1288s,35m 34r578p 345677s,6m 3567789p 678s 33z,23444456678m 24z,0,0,,3s,0,,,,,,
20260410111346_0000_043,20260410111346_0000,20260410111346,上級卓,1,ミカパパママ,42,2p,risekichu_hokan_tsumogiri,1775787375,3894.324,,0,,"[1,4,25,29,74,101,102,34,8,79]","[98,90,82,50,93,87,19,45,60,97,11,64,52,42]","[95,44,53,57,67,99,119,62,116,61,70,103,22]","[30,14,7,21,27,114,17,10,13,15,23,122,12]",123789m 1288s,35m 234r578p 345677s,6m 3567789p 678s 33z,23444456678m 24z,1,1,5,,0,,,,,,
20260410111346_0000_044,20260410111346_0000,20260410111346,上級卓,2,やまだたろう,33,9m,risekichu_hokan_tsumogiri,1775787377,1692.579,,2,1535.095,"[1,4,25,29,74,101,102,34,8,79]","[98,90,82,50,93,87,19,45,60,97,11,64,52]","[95,44,53,57,67,99,119,62,116,61,70,103,22,33]","[30,14,7,21,27,114,17,10,13,15,23,122,12]",123789m 1288s,35m 34r578p 345677s,69m 3567789p 678s 33z,23444456678m 24z,1,1,4,,0,,,,,,
20260410111346_0000_045,20260410111346_0000,20260410111346,上級卓,3,rinjan,114,2z,tedashi,1775787382,3103.287,,0,,"[1,4,25,29,74,101,102,34,8,79]","[98,90,82,50,93,87,19,45,60,97,11,64,52]","[95,44,53,57,67,99,119,62,116,61,70,103,22]","[14,7,21,114,17,10,13,15,23,122,12]",123789m 1288s,35m 34r578p 345677s,6m 3567789p 678s 33z,234444566m 24z,1,1,,,0,,,,,,
20260410111346_0000_046,20260410111346_0000,20260410111346,上級卓,0,パシフィック,41,2p,tsumogiri,1775787389,6808.199,,3,3025.786,"[1,4,25,29,74,101,102,34,8,79,41]","[98,90,82,50,93,87,19,45,60,97,11,64,52]","[95,44,53,57,67,99,119,62,116,61,70,103,22]","[14,7,21,17,10,13,15,23,122,12]",123789m 2p 1288s,35m 34r578p 345677s,6m 3567789p 678s 33z,234444566m 4z,0,0,,3s,0,,,,,,
20260410111346_0000_047,20260410111346_0000,20260410111346,上級卓,1,ミカパパママ,98,7s,tedashi,1775787399,7609.305,,3,1757.965,"[1,4,25,29,74,101,102,34,8,79]","[98,90,82,50,93,87,19,45,60,97,11,64,52,100]","[95,44,53,57,67,99,119,62,116,61,70,103,22]","[14,7,21,17,10,13,15,23,122,12]",123789m 1288s,35m 34r578p 3456778s,6m 3567789p 678s 33z,234444566m 4z,1,1,5,,0,,,,,,
20260410111346_0000_048,20260410111346_0000,20260410111346,上級卓,2,やまだたろう,5,2m,risekichu_hokan_tsumogiri,1775787403,2007.499,,3,3878.333,"[1,4,25,29,74,101,102,34,8,79]","[90,82,50,93,87,19,45,60,97,11,64,52,100]","[95,44,53,57,67,99,119,62,116,61,70,103,22,5]","[14,7,21,17,10,13,15,23,122,12]",123789m 1288s,35m 34r578p 345678s,26m 3567789p 678s 33z,234444566m 4z,1,1,4,,0,,,,,,
20260410111346_0000_049,20260410111346_0000,20260410111346,上級卓,3,rinjan,122,4z,tedashi,1775787411,4445.288,,0,,"[1,4,25,29,74,101,102,34,8,79]","[90,82,50,93,87,19,45,60,97,11,64,52,100]","[95,44,53,57,67,99,119,62,116,61,70,103,22]","[14,7,21,17,10,13,15,23,122,12,28]",123789m 1288s,35m 34r578p 345678s,6m 3567789p 678s 33z,2344445668m 4z,0,0,,7m,0,,,,,,
20260410111346_0000_050,20260410111346_0000,20260410111346,上級卓,0,パシフィック,20,6m,tsumogiri,1775787421,9694.513,,3,5438.056,"[1,4,25,29,74,101,102,34,8,79,20]","[90,82,50,93,87,19,45,60,97,11,64,52,100]","[95,44,53,57,67,99,119,62,116,61,70,103,22]","[14,7,21,17,10,13,15,23,12,28]",1236789m 1288s,35m 34r578p 345678s,6m 3567789p 678s 33z,2344445668m,0,0,,3s,0,,,,,,
20260410111346_0000_051,20260410111346_0000,20260410111346,上級卓,3,rinjan,28,8m,tedashi,1775787426,1761.82,,3,6214.31,"[1,4,25,29,74,101,102,34,8,79]","[90,82,50,93,87,19,45,60,97,11,64,52,100]","[95,44,53,57,67,99,119,62,116,61,70,103,22]","[14,7,17,10,13,15,23,12,28]",123789m 1288s,35m 34r578p 345678s,6m 3567789p 678s 33z,234444568m,,,,,,,,,,,
20260410111346_0000_052,20260410111346_0000,20260410111346,上級卓,0,パシフィック,133,7z,tsumogiri,1775787434,1571.604,,0,,"[1,4,25,29,74,101,102,34,8,79,133]","[90,82,50,93,87,19,45,60,97,11,64,52,100]","[95,44,53,57,67,99,119,62,116,61,70,103,22]","[14,7,17,10,13,15,23,12]",123789m 1288s 7z,35m 34r578p 345678s,6m 3567789p 678s 33z,23444456m,0,0,,3s,0,,,,,,
20260410111346_0000_053,20260410111346_0000,20260410111346,上級卓,1,ミカパパママ,130,6z,risekichu_hokan_tsumogiri,1775787437,2361.145,,0,,"[1,4,25,29,74,101,102,34,8,79]","[90,82,50,93,87,19,45,60,97,11,64,52,100,130]","[95,44,53,57,67,99,119,62,116,61,70,103,22]","[14,7,17,10,13,15,23,12]",123789m 1288s,35m 34r578p 345678s 6z,6m 3567789p 678s 33z,23444456m,1,1,6,,0,,,,,,
20260410111346_0000_054,20260410111346_0000,20260410111346,上級卓,2,やまだたろう,89,5s,risekichu_hokan_tsumogiri,1775787442,5199.067,,0,,"[1,4,25,29,74,101,102,34,8,79]","[90,82,50,93,87,19,45,60,97,11,64,52,100]","[95,44,53,57,67,99,119,62,116,61,70,103,22,89]","[14,7,17,10,13,15,23,12]",123789m 1288s,35m 34r578p 345678s,6m 3567789p 5678s 33z,23444456m,1,1,4,,0,,,,,,
20260410111346_0000_055,20260410111346_0000,20260410111346,上級卓,3,rinjan,125,5z,risekichu_hokan_tsumogiri,1775787444,2122.228,,0,,"[1,4,25,29,74,101,102,34,8,79]","[90,82,50,93,87,19,45,60,97,11,64,52,100]","[95,44,53,57,67,99,119,62,116,61,70,103,22]","[14,7,17,10,13,15,23,12,125]",123789m 1288s,35m 34r578p 345678s,6m 3567789p 678s 33z,23444456m 5z,,,,,,,,,,,
20260410111346_0000_056,20260410111346_0000,20260410111346,上級卓,0,パシフィック,71,9p,tsumogiri,1775787448,4284.557,,3,5547.258,"[1,4,25,29,74,101,102,34,8,79,71]","[90,82,50,93,87,19,45,60,97,11,64,52,100]","[95,44,53,57,67,99,119,62,116,61,70,103,22]","[14,7,17,10,13,15,23,12]",123789m 9p 1288s,35m 34r578p 345678s,6m 3567789p 678s 33z,23444456m,0,0,,3s,0,,,,,,
20260410111346_0000_057,20260410111346_0000,20260410111346,上級卓,1,ミカパパママ,112,2z,risekichu_hokan_tsumogiri,1775787455,1511.296,,0,,"[1,4,25,29,74,101,102,34,8,79]","[90,82,50,93,87,19,45,60,97,11,64,52,100,112]","[95,44,53,57,67,99,119,62,116,61,70,103,22]","[14,7,17,10,13,15,23,12]",123789m 1288s,35m 34r578p 345678s 2z,6m 3567789p 678s 33z,23444456m,1,1,6,,0,,,,,,
20260410111346_0000_058,20260410111346_0000,20260410111346,上級卓,2,やまだたろう,80,3s,risekichu_hokan_tsumogiri,1775787457,1670.742,,0,,"[1,4,25,29,74,101,102,34,8,79]","[90,82,50,93,87,19,45,60,97,11,64,52,100]","[95,44,53,57,67,99,119,62,116,61,70,103,22,80]","[14,7,17,10,13,15,23,12]",123789m 1288s,35m 34r578p 345678s,6m 3567789p 3678s 33z,23444456m,1,1,4,,0,,,,,,
20260410111346_0000_059,20260410111346_0000,20260410111346,上級卓,3,rinjan,81,3s,risekichu_hokan_tsumogiri,1775787459,1870.423,,2,2547.451,"[1,4,25,29,74,101,102,34,8,79]","[90,82,50,93,87,19,45,60,97,11,64,52,100]","[95,44,53,57,67,99,119,62,116,61,70,103,22]","[14,7,17,10,13,15,23,12,81]",123789m 1288s,35m 34r578p 345678s,6m 3567789p 678s 33z,23444456m 3s,,,,,,,,,,,
20260410111346_0000_060,20260410111346_0000,20260410111346,上級卓,0,パシフィック,101,8s,tedashi,1775787465,3267.416,,3,2499.579,"[1,4,25,29,101,102,34,8]","[90,82,50,93,87,19,45,60,97,11,64,52,100]","[95,44,53,57,67,99,119,62,116,61,70,103,22]","[14,7,17,10,13,15,23,12]",123789m 88s,35m 34r578p 345678s,6m 3567789p 678s 33z,23444456m,-1,-1,,8s,0,,,,,,
20260410111346_0000_061,20260410111346_0000,20260410111346,上級卓,1,ミカパパママ,60,7p,tedashi,1775787476,9384.589,,3,2034.631,"[1,4,25,29,102,34,8]","[90,82,50,93,87,19,45,60,97,11,64,52,100,83]","[95,44,53,57,67,99,119,62,116,61,70,103,22]","[14,7,17,10,13,15,23,12]",123789m 8s,35m 34r578p 3345678s,6m 3567789p 678s 33z,23444456m,1,1,5,,0,,,,,,
20260410111346_0000_062,20260410111346_0000,20260410111346,上級卓,2,やまだたろう,75,1s,risekichu_hokan_tsumogiri,1775787480,1325.926,,0,,"[1,4,25,29,102,34,8]","[90,82,50,93,87,19,45,97,11,64,52,100,83]","[95,44,53,57,67,99,119,62,116,61,70,103,22,75]","[14,7,17,10,13,15,23,12]",123789m 8s,35m 34r58p 3345678s,6m 3567789p 1678s 33z,23444456m,1,1,4,,0,,,,,,
20260410111346_0000_063,20260410111346_0000,20260410111346,上級卓,3,rinjan,85,4s,risekichu_hokan_tsumogiri,1775787482,2025.081,,0,,"[1,4,25,29,102,34,8]","[90,82,50,93,87,19,45,97,11,64,52,100,83]","[95,44,53,57,67,99,119,62,116,61,70,103,22]","[14,7,17,10,13,15,23,12,85]",123789m 8s,35m 34r58p 3345678s,6m 3567789p 678s 33z,23444456m 4s,,,,,,,,,,,
20260410111346_0000_064,20260410111346_0000,20260410111346,上級卓,0,パシフィック,102,8s,tedashi,1775787484,2298.328,,3,3107.58,"[1,4,25,29,102,34,8,0]","[90,82,50,93,87,19,45,97,11,64,52,100,83]","[95,44,53,57,67,99,119,62,116,61,70,103,22]","[14,7,17,10,13,15,23,12]",1123789m 8s,35m 34r58p 3345678s,6m 3567789p 678s 33z,23444456m,0,0,,14m,0,,,,,,
20260410111346_0000_065,20260410111346_0000,20260410111346,上級卓,1,ミカパパママ,64,8p,tedashi,1775787491,3519.703,,3,1537.014,"[1,4,25,29,34,8,0]","[90,82,50,93,87,19,45,97,11,64,52,100,83,3]","[95,44,53,57,67,99,119,62,116,61,70,103,22]","[14,7,17,10,13,15,23,12]",1123789m,135m 34r58p 3345678s,6m 3567789p 678s 33z,23444456m,1,1,5,,0,,,,,,
20260410111346_0000_066,20260410111346_0000,20260410111346,上級卓,2,やまだたろう,103,8s,tedashi,1775787494,1806.639,,0,,"[1,4,25,29,34,8,0]","[90,82,50,93,87,19,45,97,11,52,100,83,3]","[95,44,53,57,67,99,119,62,116,61,70,103,22,91]","[14,7,17,10,13,15,23,12]",1123789m,135m 34r5p 3345678s,6m 3567789p 5678s 33z,23444456m,1,1,4,,0,,,,,,
20260410111346_0000_067,20260410111346_0000,20260410111346,上級卓,3,rinjan,40,2p,risekichu_hokan_tsumogiri,1775787496,1930.43,,0,,"[1,4,25,29,34,8,0]","[90,82,50,93,87,19,45,97,11,52,100,83,3]","[95,44,53,57,67,99,119,62,116,61,70,22,91]","[14,7,17,10,13,15,23,12,40]",1123789m,135m 34r5p 3345678s,6m 3567789p 567s 33z,23444456m 2p,,,,,,,,,,,
20260410111346_0000_068,20260410111346_0000,20260410111346,上級卓,0,パシフィック,66,8p,tsumogiri,1775787503,6695.472,,0,,"[1,4,25,29,34,8,0,66]","[90,82,50,93,87,19,45,97,11,52,100,83,3]","[95,44,53,57,67,99,119,62,116,61,70,22,91]","[14,7,17,10,13,15,23,12]",1123789m 8p,135m 34r5p 3345678s,6m 3567789p 567s 33z,23444456m,0,0,,14m,0,,,,,,
20260410111346_0000_069,20260410111346_0000,20260410111346,上級卓,1,ミカパパママ,127,5z,risekichu_hokan_tsumogiri,1775787508,5055.108,,0,,"[1,4,25,29,34,8,0]","[90,82,50,93,87,19,45,97,11,52,100,83,3,127]","[95,44,53,57,67,99,119,62,116,61,70,22,91]","[14,7,17,10,13,15,23,12]",1123789m,135m 34r5p 3345678s 5z,6m 3567789p 567s 33z,23444456m,1,1,5,,0,,,,,,
20260410111346_0000_070,20260410111346_0000,20260410111346,上級卓,2,やまだたろう,68,9p,risekichu_hokan_tsumogiri,1775787510,2240.046,,0,,"[1,4,25,29,34,8,0]","[90,82,50,93,87,19,45,97,11,52,100,83,3]","[95,44,53,57,67,99,119,62,116,61,70,22,91,68]","[14,7,17,10,13,15,23,12]",1123789m,135m 34r5p 3345678s,6m 35677899p 567s 33z,23444456m,1,1,3,,0,,,,,,
20260410111346_0100_000,20260410111346_0100,20260410111346,上級卓,3,rinjan,116,3z,tedashi,1775787525,,,0,,"[56,61,101,105,131,75,27,82,47,66,23,98,57]","[87,46,51,43,93,76,62,18,81,122,96,13,90]","[94,33,5,69,135,39,108,124,26,29,128,59,54]","[115,89,19,8,116,64,25,65,15,95,77,0,44,79]",67m 36678p 13789s 6z,45m 2347p 234567s 4z,2789m 1569p 6s 1567z,13457m 388p 2256s 23z,3,3,4,,0,,,,,,
20260410111346_0100_001,20260410111346_0100,20260410111346,上級卓,0,パシフィック,97,7s,tsumogiri,1775787541,16700.638,,0,,"[56,61,101,105,131,75,27,82,47,66,23,98,57,97]","[87,46,51,43,93,76,62,18,81,122,96,13,90]","[94,33,5,69,135,39,108,124,26,29,128,59,54]","[115,89,19,8,64,25,65,15,95,77,0,44,79]",67m 36678p 137789s 6z,45m 2347p 234567s 4z,2789m 1569p 6s 1567z,13457m 388p 2256s 2z,2,2,4,,0,,,,,,
20260410111346_0200_037,20260410111346_0200,20260410111346,上級卓,2,やまだたろう,121,4z,risekichu_hokan_tsumogiri,1775787851,729.012,,0,,"[2,10,18,21,30,56,63,80,88,94,98,122,133]",,,,13568m 67p 3r567s 47z,,,,,,,,,,,,,,
20260410111346_0200_038,20260410111346_0200,20260410111346,上級卓,3,rinjan,69,9p,tedashi,1775787856,5430.022,,0,,"[2,10,18,21,30,56,63,80,88,94,98,122,133]",,,,13568m 67p 3r567s 47z,,,,,,,,,,,,,,
20260410111346_0200_039,20260410111346_0200,20260410111346,上級卓,0,パシフィック,80,3s,tedashi,1775787857,1305.062,,0,,"[2,10,18,21,30,56,63,80,88,94,98,122,133,127]",,,,13568m 67p 3r567s 457z,,,,3,3,6,,0,,,,,,
20260410111346_0200_040,20260410111346_0200,20260410111346,上級卓,1,ミカパパママ,101,8s,tedashi,1775787865,7250.802,,0,,"[2,10,18,21,30,56,63,88,94,98,122,133,127]",,,,13568m 67p r567s 457z,,,,,,,,,,,,,,
20260410111346_0200_041,20260410111346_0200,20260410111346,上級卓,2,やまだたろう,109,1z,risekichu_hokan_tsumogiri,1775787865,735.16,,0,,"[2,10,18,21,30,56,63,88,94,98,122,133,127]",,,,13568m 67p r567s 457z,,,,,,,,,,,,,,
20260410111346_0200_042,20260410111346_0200,20260410111346,上級卓,3,rinjan,100,8s,tedashi,1775787870,4361.911,,2,1189.117,"[2,10,18,21,30,56,63,88,94,98,122,133,127]",,,,13568m 67p r567s 457z,,,,,,,,,,,,,,
20260410111346_0200_043,20260410111346_0200,20260410111346,上級卓,0,パシフィック,30,8m,tedashi,1775787872,1015.063,,1,6505.918,"[2,10,18,21,30,56,63,88,122,133,127]",,,,13568m 67p r5s 457z,,,,3,3,,,0,,,,,,
20260410111346_0200_044,20260410111346_0200,20260410111346,上級卓,1,ミカパパママ,95,6s,tedashi,1775787884,5037.912,,0,,"[2,10,18,21,56,63,88,122,133,127]",,,,1356m 67p r5s 457z,,,,,,,,,,,,,,
20260410111346_0200_045,20260410111346_0200,20260410111346,上級卓,2,やまだたろう,110,1z,risekichu_hokan_tsumogiri,1775787884,735.435,,0,,"[2,10,18,21,56,63,88,122,133,127]",,,,1356m 67p r5s 457z,,,,,,,,,,,,,,
20260410111346_0200_046,20260410111346_0200,20260410111346,上級卓,3,rinjan,92,6s,tedashi,1775787887,2731.8,,0,,"[2,10,18,21,56,63,88,122,133,127]",,,,1356m 67p r5s 457z,,,,,,,,,,,,,,
20260410111346_0200_047,20260410111346_0200,20260410111346,上級卓,0,パシフィック,122,4z,tedashi,1775787891,3761.831,,0,,"[2,10,18,21,56,63,88,122,133,127,53]",,,,1356m 567p r5s 457z,,,,2,2,,,0,,,,,,
20260410111346_0200_048,20260410111346_0200,20260410111346,上級卓,1,ミカパパママ,87,4s,risekichu_hokan_tsumogiri,1775787897,6219.517,,0,,"[2,10,18,21,56,63,88,133,127,53]",,,,1356m 567p r5s 57z,,,,,,,,,,,,,,
20260410111346_0300_000,20260410111346_0300,20260410111346,上級卓,1,ミカパパママ,35,9m,tedashi,1775787916,,,0,,"[123,45,50,18,88,52,100,46,104,98,15,8,127]","[129,93,97,13,7,43,1,35,102,56,2,48,135,39]","[40,63,28,31,59,34,11,91,128,55,72,106,107]","[60,124,110,89,29,42,68,30,14,44,90,109,54]",345m 334r5p r5789s 45z,11249m 1246p 678s 67z,3889m 2567p 1599s 6z,488m 23579p 55s 115z,2,2,5,,0,,,,,,
20260410111346_0300_001,20260410111346_0300,20260410111346,上級卓,2,やまだたろう,72,1s,tedashi,1775787921,5310.507,,0,,"[123,45,50,18,88,52,100,46,104,98,15,8,127]","[129,93,97,13,7,43,1,102,56,2,48,135,39]","[40,63,28,31,59,34,11,91,128,55,72,106,107,26]","[60,124,110,89,29,42,68,30,14,44,90,109,54]",345m 334r5p r5789s 45z,1124m 1246p 678s 67z,37889m 2567p 1599s 6z,488m 23579p 55s 115z,3,3,4,,0,,,,,,
20260410111346_0300_002,20260410111346_0300,20260410111346,上級卓,3,rinjan,124,5z,tedashi,1775787923,2413.025,,0,,"[123,45,50,18,88,52,100,46,104,98,15,8,127]","[129,93,97,13,7,43,1,102,56,2,48,135,39]","[40,63,28,31,59,34,11,91,128,55,106,107,26]","[60,124,110,89,29,42,68,30,14,44,90,109,54,117]",345m 334r5p r5789s 45z,1124m 1246p 678s 67z,37889m 2567p 599s 6z,488m 23579p 55s 1135z,3,3,3,,0,,,,,,
20260410111346_0300_003,20260410111346_0300,20260410111346,上級卓,0,パシフィック,108,1z,tsumogiri,1775787925,1686.167,,3,1230.318,"[123,45,50,18,88,52,100,46,104,98,15,8,127,108]","[129,93,97,13,7,43,1,102,56,2,48,135,39]","[40,63,28,31,59,34,11,91,128,55,106,107,26]","[60,110,89,29,42,68,30,14,44,90,109,54,117]",345m 334r5p r5789s 145z,1124m 1246p 678s 67z,37889m 2567p 599s 6z,488m 23579p 55s 113z,2,2,5,,0,,,,,,
20260410111346_0300_004,20260410111346_0300,20260410111346,上級卓,1,ミカパパママ,113,2z,risekichu_hokan_tsumogiri,1775787929,2647.721,,5,2176.278,"[123,45,50,18,88,52,100,46,104,98,15,8,127]","[129,93,97,13,7,43,1,102,56,2,48,135,39,113]","[40,63,28,31,59,34,11,91,128,55,106,107,26]","[60,110,89,29,42,68,30,14,44,90,109,54,117]",345m 334r5p r5789s 45z,1124m 1246p 678s 267z,37889m 2567p 599s 6z,488m 23579p 55s 113z,2,2,5,,0,,,,,,
20260410111346_0300_005,20260410111346_0300,20260410111346,上級卓,2,やまだたろう,128,6z,tedashi,1775787933,1430.608,,0,,"[123,45,50,18,88,52,100,46,104,98,15,8,127]","[129,93,97,13,7,43,1,102,56,2,48,135,39]","[40,63,28,31,59,34,11,91,128,55,106,107,26,82]","[60,110,89,29,42,68,30,14,44,90,109,54,117]",345m 334r5p r5789s 45z,1124m 1246p 678s 67z,37889m 2567p 3599s 6z,488m 23579p 55s 113z,2,2,4,,0,,,,,,
20260410111346_0300_006,20260410111346_0300,20260410111346,上級卓,3,rinjan,14,4m,tedashi,1775787939,6844.021,,2,2191.865,"[123,45,50,18,88,52,100,46,104,98,15,8,127]","[129,93,97,13,7,43,1,102,56,2,48,135,39]","[40,63,28,31,59,34,11,91,55,106,107,26,82]","[60,110,89,29,42,68,30,14,44,90,109,54,117,87]",345m 334r5p r5789s 45z,1124m 1246p 678s 67z,37889m 2567p 3599s,488m 23579p 455s 113z,3,3,3,,0,,,,,,
20260410111346_0300_007,20260410111346_0300,20260410111346,上級卓,0,パシフィック,88,r5s,tedashi,1775787943,1632.724,,3,2684.698,"[123,45,50,88,52,100,46,104,98,15,127]","[129,93,97,13,7,43,1,102,56,2,48,135,39]","[40,63,28,31,59,34,11,91,55,106,107,26,82]","[60,110,89,29,42,68,30,44,90,109,54,117,87]",4m 334r5p r5789s 45z,1124m 1246p 678s 67z,37889m 2567p 3599s,88m 23579p 455s 113z,2,2,,,0,,,,,,
20260410111346_0300_008,20260410111346_0300,20260410111346,上級卓,1,ミカパパママ,39,1p,tedashi,1775787951,4735.812,,0,,"[123,45,50,52,100,46,104,98,15,127]","[129,93,97,13,7,43,1,102,56,2,48,135,39,62]","[40,63,28,31,59,34,11,91,55,106,107,26,82]","[60,110,89,29,42,68,30,44,90,109,54,117,87]",4m 334r5p 789s 45z,1124m 12467p 678s 67z,37889m 2567p 3599s,88m 23579p 455s 113z,2,2,5,,0,,,,,,
20260410111346_0300_009,20260410111346_0300,20260410111346,上級卓,2,やまだたろう,36,1p,risekichu_hokan_tsumogiri,1775787954,3800.179,,3,1341.189,"[123,45,50,52,100,46,104,98,15,127]","[129,93,97,13,7,43,1,102,56,2,48,135,62]","[40,63,28,31,59,34,11,91,55,106,107,26,82,36]","[60,110,89,29,42,68,30,44,90,109,54,117,87]",4m 334r5p 789s 45z,1124m 2467p 678s 67z,37889m 12567p 3599s,88m 23579p 455s 113z,1,1,4,,0,,,,,,
20260410111346_0300_010,20260410111346_0300,20260410111346,上級卓,3,rinjan,17,5m,risekichu_hokan_tsumogiri,1775787957,1637.908,,0,,"[123,45,50,52,100,46,104,98,15,127]","[129,93,97,13,7,43,1,102,56,2,48,135,62]","[40,63,28,31,59,34,11,91,55,106,107,26,82]","[60,110,89,29,42,68,30,44,90,109,54,117,87,17]",4m 334r5p 789s 45z,1124m 2467p 678s 67z,37889m 2567p 3599s,588m 23579p 455s 113z,3,3,3,,0,,,,,,
20260410111346_0300_011,20260410111346_0300,20260410111346,上級卓,0,パシフィック,127,5z,tedashi,1775787961,3740.526,,0,,"[123,45,50,52,100,46,104,98,15,127,47]","[129,93,97,13,7,43,1,102,56,2,48,135,62]","[40,63,28,31,59,34,11,91,55,106,107,26,82]","[60,110,89,29,42,68,30,44,90,109,54,117,87]",4m 3334r5p 789s 45z,1124m 2467p 678s 67z,37889m 2567p 3599s,88m 23579p 455s 113z,1,1,,,0,,,,,,
20260410111346_0300_012,20260410111346_0300,20260410111346,上級卓,1,ミカパパママ,129,6z,tedashi,1775787965,4000.631,,0,,"[123,45,50,52,100,46,104,98,15,47]","[129,93,97,13,7,43,1,102,56,2,48,135,62,78]","[40,63,28,31,59,34,11,91,55,106,107,26,82]","[60,110,89,29,42,68,30,44,90,109,54,117,87]",4m 3334r5p 789s 4z,1124m 2467p 2678s 67z,37889m 2567p 3599s,88m 23579p 455s 113z,2,2,5,,0,,,,,,
20260410111346_0300_013,20260410111346_0300,20260410111346,上級卓,2,やまだたろう,40,2p,tedashi,1775787967,2319.663,,0,,"[123,45,50,52,100,46,104,98,15,47]","[93,97,13,7,43,1,102,56,2,48,135,62,78]","[40,63,28,31,59,34,11,91,55,106,107,26,82,67]","[60,110,89,29,42,68,30,44,90,109,54,117,87]",4m 3334r5p 789s 4z,1124m 2467p 2678s 7z,37889m 25678p 3599s,88m 23579p 455s 113z,2,2,4,,0,,,,,,
20260410111346_0300_014,20260410111346_0300,20260410111346,上級卓,3,rinjan,21,6m,risekichu_hokan_tsumogiri,1775787971,3019.246,,0,,"[123,45,50,52,100,46,104,98,15,47]","[93,97,13,7,43,1,102,56,2,48,135,62,78]","[63,28,31,59,34,11,91,55,106,107,26,82,67]","[60,110,89,29,42,68,30,44,90,109,54,117,87,21]",4m 3334r5p 789s 4z,1124m 2467p 2678s 7z,37889m 5678p 3599s,688m 23579p 455s 113z,3,3,3,,0,,,,,,
20260410111346_0300_015,20260410111346_0300,20260410111346,上級卓,0,パシフィック,15,4m,tedashi,1775787975,4823.718,,0,,"[123,45,50,52,100,46,104,98,15,47,122]","[93,97,13,7,43,1,102,56,2,48,135,62,78]","[63,28,31,59,34,11,91,55,106,107,26,82,67]","[60,110,89,29,42,68,30,44,90,109,54,117,87]",4m 3334r5p 789s 44z,1124m 2467p 2678s 7z,37889m 5678p 3599s,88m 23579p 455s 113z,0,0,,36p 4z,0,,,,,,
20260410111346_0300_016,20260410111346_0300,20260410111346,上級卓,1,ミカパパママ,125,5z,risekichu_hokan_tsumogiri,1775787978,3141.252,,0,,"[123,45,50,52,100,46,104,98,47,122]","[93,97,13,7,43,1,102,56,2,48,135,62,78,125]","[63,28,31,59,34,11,91,55,106,107,26,82,67]","[60,110,89,29,42,68,30,44,90,109,54,117,87]",3334r5p 789s 44z,1124m 2467p 2678s 57z,37889m 5678p 3599s,88m 23579p 455s 113z,2,2,5,,0,,,,,,
20260410111346_0300_017,20260410111346_0300,20260410111346,上級卓,2,やまだたろう,31,8m,tedashi,1775787983,4287.89,,3,1454.825,"[123,45,50,52,100,46,104,98,47,122]","[93,97,13,7,43,1,102,56,2,48,135,62,78]","[63,28,31,59,34,11,91,55,106,107,26,82,67,99]","[60,110,89,29,42,68,30,44,90,109,54,117,87]",3334r5p 789s 44z,1124m 2467p 2678s 7z,37889m 5678p 35799s,88m 23579p 455s 113z,2,2,4,,0,,,,,,
20260410111346_0300_018,20260410111346_0300,20260410111346,上級卓,3,rinjan,105,9s,risekichu_hokan_tsumogiri,1775787990,6143.919,,3,2045.338,"[123,45,50,52,100,46,104,98,47,122]","[93,97,13,7,43,1,102,56,2,48,135,62,78]","[63,28,59,34,11,91,55,106,107,26,82,67,99]","[60,110,89,29,42,68,30,44,90,109,54,117,87,105]",3334r5p 789s 44z,1124m 2467p 2678s 7z,3789m 5678p 35799s,88m 23579p 4559s 113z,3,3,3,,0,,,,,,
20260410111346_0300_019,20260410111346_0300,20260410111346,上級卓,0,パシフィック,77,2s,tsumogiri,1775787995,2296.789,,0,,"[123,45,50,52,100,46,104,98,47,122,77]","[93,97,13,7,43,1,102,56,2,48,135,62,78]","[63,28,59,34,11,91,55,106,107,26,82,67,99]","[60,110,89,29,42,68,30,44,90,109,54,117,87]",3334r5p 2789s 44z,1124m 2467p 2678s 7z,3789m 5678p 35799s,88m 23579p 455s 113z,0,0,,36p 4z,0,,,,,,
20260410111346_0300_020,20260410111346_0300,20260410111346,上級卓,1,ミカパパママ,135,7z,tedashi,1775787997,2459.821,,0,,"[123,45,50,52,100,46,104,98,47,122]","[93,97,13,7,43,1,102,56,2,48,135,62,78,103]","[63,28,59,34,11,91,55,106,107,26,82,67,99]","[60,110,89,29,42,68,30,44,90,109,54,117,87]",3334r5p 789s 44z,1124m 2467p 26788s 7z,3789m 5678p 35799s,88m 23579p 455s 113z,2,2,4,,0,,,,,,
20260410111346_0300_021,20260410111346_0300,20260410111346,上級卓,2,やまだたろう,121,4z,risekichu_hokan_tsumogiri,1775787999,1871.463,,0,,"[123,45,50,52,100,46,104,98,47,122]","[93,97,13,7,43,1,102,56,2,48,62,78,103]","[63,28,59,34,11,91,55,106,107,26,82,67,99,121]","[60,110,89,29,42,68,30,44,90,109,54,117,87]",3334r5p 789s 44z,1124m 2467p 26788s,3789m 5678p 35799s 4z,88m 23579p 455s 113z,2,2,5,,0,,,,,,
20260410111346_0400_000,20260410111346_0400,20260410111346,上級卓,2,やまだたろう,72,1s,tedashi,1775788018,,,0,,"[117,25,5,77,7,134,6,28,10,49,91,42,81]","[34,115,126,60,68,57,127,86,116,122,101,92,97]","[109,21,27,72,32,119,2,0,61,118,35,40,1,62]","[38,8,19,107,70,11,88,128,120,67,26,108,83]",222378m 24p 235s 37z,9m 679p 4678s 23455z,1116799m 277p 1s 133z,3357m 189p 3r59s 146z,2,2,2,,0,,,,,,
20260410111346_0400_001,20260410111346_0400,20260410111346,上級卓,3,rinjan,108,1z,tedashi,1775788020,1286.474,,0,,"[117,25,5,77,7,134,6,28,10,49,91,42,81]","[34,115,126,60,68,57,127,86,116,122,101,92,97]","[109,21,27,32,119,2,0,61,118,35,40,1,62]","[38,8,19,107,70,11,88,128,120,67,26,108,83,58]",222378m 24p 235s 37z,9m 679p 4678s 23455z,1116799m 277p 133z,3357m 1689p 3r59s 146z,4,4,5,,0,,,,,,
20260410111346_0400_002,20260410111346_0400,20260410111346,上級卓,0,パシフィック,91,5s,tedashi,1775788021,1884.232,,3,4341.255,"[117,25,5,77,7,134,6,28,10,49,91,42,81,48]","[34,115,126,60,68,57,127,86,116,122,101,92,97]","[109,21,27,32,119,2,0,61,118,35,40,1,62]","[38,8,19,107,70,11,88,128,120,67,26,83,58]",222378m 244p 235s 37z,9m 679p 4678s 23455z,1116799m 277p 133z,3357m 1689p 3r59s 46z,3,3,4,,0,,,,,,
20260410111346_0400_003,20260410111346_0400,20260410111346,上級卓,1,ミカパパママ,116,3z,tedashi,1775788029,3575.654,,3,1912.644,"[117,25,5,77,7,134,6,28,10,49,42,81,48]","[34,115,126,60,68,57,127,86,116,122,101,92,97,105]","[109,21,27,32,119,2,0,61,118,35,40,1,62]","[38,8,19,107,70,11,88,128,120,67,26,83,58]",222378m 244p 23s 37z,9m 679p 46789s 23455z,1116799m 277p 133z,3357m 1689p 3r59s 46z,3,3,5,,0,,,,,,
20260410111346_0400_004,20260410111346_0400,20260410111346,上級卓,2,やまだたろう,79,2s,risekichu_hokan_tsumogiri,1775788033,2128.158,,0,,"[117,25,5,77,7,134,6,28,10,49,42,81,48]","[34,115,126,60,68,57,127,86,122,101,92,97,105]","[109,21,27,32,119,2,0,61,118,35,40,1,62,79]","[38,8,19,107,70,11,88,128,120,67,26,83,58]",222378m 244p 23s 37z,9m 679p 46789s 2455z,1116799m 277p 2s 133z,3357m 1689p 3r59s 46z,2,2,2,,0,,,,,,
20260410111346_0400_005,20260410111346_0400,20260410111346,上級卓,3,rinjan,120,4z,tedashi,1775788035,1708.565,,0,,"[117,25,5,77,7,134,6,28,10,49,42,81,48]","[34,115,126,60,68,57,127,86,122,101,92,97,105]","[109,21,27,32,119,2,0,61,118,35,40,1,62]","[38,8,19,107,70,11,88,128,120,67,26,83,58,133]",222378m 244p 23s 37z,9m 679p 46789s 2455z,1116799m 277p 133z,3357m 1689p 3r59s 467z,4,4,5,,0,,,,,,
20260410111346_0400_006,20260410111346_0400,20260410111346,上級卓,0,パシフィック,117,3z,tedashi,1775788039,3564.381,,3,4335.51,"[117,25,5,77,7,134,6,28,10,49,42,81,48,123]","[34,115,126,60,68,57,127,86,122,101,92,97,105]","[109,21,27,32,119,2,0,61,118,35,40,1,62]","[38,8,19,107,70,11,88,128,67,26,83,58,133]",222378m 244p 23s 347z,9m 679p 46789s 2455z,1116799m 277p 133z,3357m 1689p 3r59s 67z,3,3,4,,0,,,,,,
20260410111346_0400_007,20260410111346_0400,20260410111346,上級卓,1,ミカパパママ,122,4z,tedashi,1775788046,3253.796,,0,,"[25,5,77,7,134,6,28,10,49,42,81,48,123]","[34,115,126,60,68,57,127,86,122,101,92,97,105,85]","[109,21,27,32,119,2,0,61,118,35,40,1,62]","[38,8,19,107,70,11,88,128,67,26,83,58,133]",222378m 244p 23s 47z,9m 679p 446789s 2455z,1116799m 277p 133z,3357m 1689p 3r59s 67z,3,3,4,,0,,,,,,
20260410111346_0400_008,20260410111346_0400,20260410111346,上級卓,2,やまだたろう,119,3z,tedashi,1775788049,3001.272,,0,,"[25,5,77,7,134,6,28,10,49,42,81,48,123]","[34,115,126,60,68,57,127,86,101,92,97,105,85]","[109,21,27,32,119,2,0,61,118,35,40,1,62,130]","[38,8,19,107,70,11,88,128,67,26,83,58,133]",222378m 244p 23s 47z,9m 679p 446789s 255z,1116799m 277p 1336z,3357m 1689p 3r59s 67z,2,2,2,,0,,,,,,
20260410111346_0400_009,20260410111346_0400,20260410111346,上級卓,3,rinjan,107,9s,tedashi,1775788052,3076.615,,0,,"[25,5,77,7,134,6,28,10,49,42,81,48,123]","[34,115,126,60,68,57,127,86,101,92,97,105,85]","[109,21,27,32,2,0,61,118,35,40,1,62,130]","[38,8,19,107,70,11,88,128,67,26,83,58,133,20]",222378m 244p 23s 47z,9m 679p 446789s 255z,1116799m 277p 136z,33567m 1689p 3r59s 67z,3,3,5,,0,,,,,,
20260410111346_0400_010,20260410111346_0400,20260410111346,上級卓,0,パシフィック,134,7z,tedashi,1775788054,1331.046,,0,,"[25,5,77,7,134,6,28,10,49,42,81,48,123,16]","[34,115,126,60,68,57,127,86,101,92,97,105,85]","[109,21,27,32,2,0,61,118,35,40,1,62,130]","[38,8,19,70,11,88,128,67,26,83,58,133,20]",2223r578m 244p 23s 47z,9m 679p 446789s 255z,1116799m 277p 136z,33567m 1689p 3r5s 67z,2,2,4,,0,,,,,,
20260410111346_0400_011,20260410111346_0400,20260410111346,上級卓,1,ミカパパママ,68,9p,tedashi,1775788059,4999.252,,0,,"[25,5,77,7,6,28,10,49,42,81,48,123,16]","[34,115,126,60,68,57,127,86,101,92,97,105,85,114]","[109,21,27,32,2,0,61,118,35,40,1,62,130]","[38,8,19,70,11,88,128,67,26,83,58,133,20]",2223r578m 244p 23s 4z,9m 679p 446789s 2255z,1116799m 277p 136z,33567m 1689p 3r5s 67z,2,2,3,,0,,,,,,
20260410111346_0400_012,20260410111346_0400,20260410111346,上級卓,2,やまだたろう,118,3z,tedashi,1775788065,6274.324,,0,,"[25,5,77,7,6,28,10,49,42,81,48,123,16]","[34,115,126,60,57,127,86,101,92,97,105,85,114]","[109,21,27,32,2,0,61,118,35,40,1,62,130,18]","[38,8,19,70,11,88,128,67,26,83,58,133,20]",2223r578m 244p 23s 4z,9m 67p 446789s 2255z,11156799m 277p 136z,33567m 1689p 3r5s 67z,2,2,3,,0,,,,,,
20260410111346_0400_013,20260410111346_0400,20260410111346,上級卓,3,rinjan,133,7z,tedashi,1775788067,2500.803,,0,,"[25,5,77,7,6,28,10,49,42,81,48,123,16]","[34,115,126,60,57,127,86,101,92,97,105,85,114]","[109,21,27,32,2,0,61,35,40,1,62,130,18]","[38,8,19,70,11,88,128,67,26,83,58,133,20,63]",2223r578m 244p 23s 4z,9m 67p 446789s 2255z,11156799m 277p 16z,33567m 16789p 3r5s 67z,2,2,5,,0,,,,,,
20260410111346_0400_014,20260410111346_0400,20260410111346,上級卓,0,パシフィック,123,4z,tedashi,1775788071,3632.215,,0,,"[25,5,77,7,6,28,10,49,42,81,48,123,16,9]","[34,115,126,60,57,127,86,101,92,97,105,85,114]","[109,21,27,32,2,0,61,35,40,1,62,130,18]","[38,8,19,70,11,88,128,67,26,83,58,20,63]",22233r578m 244p 23s 4z,9m 67p 446789s 2255z,11156799m 277p 16z,33567m 16789p 3r5s 6z,2,2,3,,0,,,,,,
20260410111346_0400_015,20260410111346_0400,20260410111346,上級卓,1,ミカパパママ,50,4p,risekichu_hokan_tsumogiri,1775788074,3409.056,,2,1961.699,"[25,5,77,7,6,28,10,49,42,81,48,16,9]","[34,115,126,60,57,127,86,101,92,97,105,85,114,50]","[109,21,27,32,2,0,61,35,40,1,62,130,18]","[38,8,19,70,11,88,128,67,26,83,58,20,63]",22233r578m 244p 23s,9m 467p 446789s 2255z,11156799m 277p 16z,33567m 16789p 3r5s 6z,2,2,3,,0,,,,,,
20260410111346_0400_016,20260410111346_0400,20260410111346,上級卓,0,パシフィック,42,2p,tedashi,1775788078,1875.049,,0,,"[25,5,77,7,6,28,10,42,81,16,9]","[34,115,126,60,57,127,86,101,92,97,105,85,114]","[109,21,27,32,2,0,61,35,40,1,62,130,18]","[38,8,19,70,11,88,128,67,26,83,58,20,63]",22233r578m 2p 23s,9m 67p 446789s 2255z,11156799m 277p 16z,33567m 16789p 3r5s 6z,1,1,,,0,,,,,,
20260410111346_0400_017,20260410111346_0400,20260410111346,上級卓,1,ミカパパママ,131,6z,risekichu_hokan_tsumogiri,1775788082,3747.669,,5,1947.457,"[25,5,77,7,6,28,10,81,16,9]","[34,115,126,60,57,127,86,101,92,97,105,85,114,131]","[109,21,27,32,2,0,61,35,40,1,62,130,18]","[38,8,19,70,11,88,128,67,26,83,58,20,63]",22233r578m 23s,9m 67p 446789s 22556z,11156799m 277p 16z,33567m 16789p 3r5s 6z,2,2,3,,0,,,,,,
20260410111346_0400_018,20260410111346_0400,20260410111346,上級卓,2,やまだたろう,130,6z,tedashi,1775788086,1686.744,,0,,"[25,5,77,7,6,28,10,81,16,9]","[34,115,126,60,57,127,86,101,92,97,105,85,114]","[109,21,27,32,2,0,61,35,40,1,62,130,18,65]","[38,8,19,70,11,88,128,67,26,83,58,20,63]",22233r578m 23s,9m 67p 446789s 2255z,11156799m 2778p 16z,33567m 16789p 3r5s 6z,2,2,3,,0,,,,,,
20260410111346_0400_019,20260410111346_0400,20260410111346,上級卓,3,rinjan,128,6z,tedashi,1775788089,2969.938,,0,,"[25,5,77,7,6,28,10,81,16,9]","[34,115,126,60,57,127,86,101,92,97,105,85,114]","[109,21,27,32,2,0,61,35,40,1,62,18,65]","[38,8,19,70,11,88,128,67,26,83,58,20,63,43]",22233r578m 23s,9m 67p 446789s 2255z,11156799m 2778p 1z,33567m 126789p 3r5s 6z,1,1,5,,0,,,,,,
20260410111346_0400_020,20260410111346_0400,20260410111346,上級卓,0,パシフィック,55,5p,tsumogiri,1775788092,3262.667,,3,3309.386,"[25,5,77,7,6,28,10,81,16,9,55]","[34,115,126,60,57,127,86,101,92,97,105,85,114]","[109,21,27,32,2,0,61,35,40,1,62,18,65]","[38,8,19,70,11,88,67,26,83,58,20,63,43]",22233r578m 5p 23s,9m 67p 446789s 2255z,11156799m 2778p 1z,33567m 126789p 3r5s,1,1,,,0,,,,,,
20260410111346_0400_021,20260410111346_0400,20260410111346,上級卓,1,ミカパパママ,34,9m,tedashi,1775788103,7551.88,,3,1724.621,"[25,5,77,7,6,28,10,81,16,9]","[34,115,126,60,57,127,86,101,92,97,105,85,114,103]","[109,21,27,32,2,0,61,35,40,1,62,18,65]","[38,8,19,70,11,88,67,26,83,58,20,63,43]",22233r578m 23s,9m 67p 4467889s 2255z,11156799m 2778p 1z,33567m 126789p 3r5s,2,2,2,,0,,,,,,
20260410111346_0400_022,20260410111346_0400,20260410111346,上級卓,2,やまだたろう,40,2p,tedashi,1775788106,1789.603,,0,,"[25,5,77,7,6,28,10,81,16,9]","[115,126,60,57,127,86,101,92,97,105,85,114,103]","[109,21,27,32,2,0,61,35,40,1,62,18,65,54]","[38,8,19,70,11,88,67,26,83,58,20,63,43]",22233r578m 23s,67p 4467889s 2255z,11156799m 25778p 1z,33567m 126789p 3r5s,1,1,3,,0,,,,,,
20260410111346_0400_023,20260410111346_0400,20260410111346,上級卓,3,rinjan,125,5z,risekichu_hokan_tsumogiri,1775788109,2298.815,,2,4611.111,"[25,5,77,7,6,28,10,81,16,9]","[115,126,60,57,127,86,101,92,97,105,85,114,103]","[109,21,27,32,2,0,61,35,1,62,18,65,54]","[38,8,19,70,11,88,67,26,83,58,20,63,43,125]",22233r578m 23s,67p 4467889s 2255z,11156799m 5778p 1z,33567m 126789p 3r5s 5z,1,1,5,,0,,,,,,
20260410111346_0400_024,20260410111346_0400,20260410111346,上級卓,1,ミカパパママ,57,6p,tedashi,1775788115,1959.671,,3,1931.172,"[25,5,77,7,6,28,10,81,16,9]","[115,60,57,86,101,92,97,105,85,114,103]","[109,21,27,32,2,0,61,35,1,62,18,65,54]","[38,8,19,70,11,88,67,26,83,58,20,63,43]",22233r578m 23s,67p 4467889s 22z,11156799m 5778p 1z,33567m 126789p 3r5s,1,1,,,0,,,,,,
20260410111346_0400_025,20260410111346_0400,20260410111346,上級卓,2,やまだたろう,37,1p,risekichu_hokan_tsumogiri,1775788118,1305.317,,0,,"[25,5,77,7,6,28,10,81,16,9]","[115,60,86,101,92,97,105,85,114,103]","[109,21,27,32,2,0,61,35,1,62,18,65,54,37]","[38,8,19,70,11,88,67,26,83,58,20,63,43]",22233r578m 23s,7p 4467889s 22z,11156799m 15778p 1z,33567m 126789p 3r5s,1,1,3,,0,,,,,,
20260410111346_0400_026,20260410111346_0400,20260410111346,上級卓,3,rinjan,70,9p,tedashi,1775788121,2878.099,,0,,"[25,5,77,7,6,28,10,81,16,9]","[115,60,86,101,92,97,105,85,114,103]","[109,21,27,32,2,0,61,35,1,62,18,65,54]","[38,8,19,70,11,88,67,26,83,58,20,63,43,24]",22233r578m 23s,7p 4467889s 22z,11156799m 5778p 1z,335677m 126789p 3r5s,1,1,4,,0,,,,,,
20260410111346_0400_027,20260410111346_0400,20260410111346,上級卓,0,パシフィック,102,8s,tsumogiri,1775788127,5581.136,,2,12281.922,"[25,5,77,7,6,28,10,81,16,9,102]","[115,60,86,101,92,97,105,85,114,103]","[109,21,27,32,2,0,61,35,1,62,18,65,54]","[38,8,19,11,88,67,26,83,58,20,63,43,24]",22233r578m 238s,7p 4467889s 22z,11156799m 5778p 1z,335677m 12678p 3r5s,1,1,,,0,,,,,,
20260410111346_0400_028,20260410111346_0400,20260410111346,上級卓,1,ミカパパママ,60,7p,tedashi,1775788142,2414.953,,3,2029.177,"[25,5,77,7,6,28,10,81,16,9]","[115,60,86,92,97,105,85,114]","[109,21,27,32,2,0,61,35,1,62,18,65,54]","[38,8,19,11,88,67,26,83,58,20,63,43,24]",22233r578m 23s,7p 44679s 22z,11156799m 5778p 1z,335677m 12678p 3r5s,1,1,,,0,,,,,,
20260410111346_0400_029,20260410111346_0400,20260410111346,上級卓,2,やまだたろう,109,1z,tedashi,1775788145,1645.047,,5,1737.959,"[25,5,77,7,6,28,10,81,16,9]","[115,86,92,97,105,85,114]","[109,21,27,32,2,0,61,35,1,62,18,65,54,45]","[38,8,19,11,88,67,26,83,58,20,63,43,24]",22233r578m 23s,44679s 22z,11156799m 35778p 1z,335677m 12678p 3r5s,1,1,3,,0,,,,,,
20260410111346_0400_030,20260410111346_0400,20260410111346,上級卓,3,rinjan,43,2p,tedashi,1775788150,2659.709,,0,,"[25,5,77,7,6,28,10,81,16,9]","[115,86,92,97,105,85,114]","[21,27,32,2,0,61,35,1,62,18,65,54,45]","[38,8,19,11,88,67,26,83,58,20,63,43,24,30]",22233r578m 23s,44679s 22z,11156799m 35778p,3356778m 12678p 3r5s,1,1,4,,0,,,,,,
20260410111346_0400_031,20260410111346_0400,20260410111346,上級卓,0,パシフィック,99,7s,tsumogiri,1775788158,8252.483,,0,,"[25,5,77,7,6,28,10,81,16,9,99]","[115,86,92,97,105,85,114]","[21,27,32,2,0,61,35,1,62,18,65,54,45]","[38,8,19,11,88,67,26,83,58,20,63,24,30]",22233r578m 237s,44679s 22z,11156799m 35778p,3356778m 1678p 3r5s,1,1,,,0,,,,,,
20260410111346_0400_032,20260410111346_0400,20260410111346,上級卓,1,ミカパパママ,75,1s,risekichu_hokan_tsumogiri,1775788160,2259.884,,0,,"[25,5,77,7,6,28,10,81,16,9]","[115,86,92,97,105,85,114,75]","[21,27,32,2,0,61,35,1,62,18,65,54,45]","[38,8,19,11,88,67,26,83,58,20,63,24,30]",22233r578m 23s,144679s 22z,11156799m 35778p,3356778m 1678p 3r5s,1,1,,,0,,,,,,
20260410111346_0400_033,20260410111346_0400,20260410111346,上級卓,2,やまだたろう,62,7p,tedashi,1775788166,5398.171,,3,1541.158,"[25,5,77,7,6,28,10,81,16,9]","[115,86,92,97,105,85,114]","[21,27,32,2,0,61,35,1,62,18,65,54,45,46]","[38,8,19,11,88,67,26,83,58,20,63,24,30]",22233r578m 23s,44679s 22z,11156799m 335778p,3356778m 1678p 3r5s,1,1,2,,1,,,,,,
20260410111346_0400_034,20260410111346_0400,20260410111346,上級卓,3,rinjan,66,8p,risekichu_hokan_tsumogiri,1775788169,1966.617,,0,,"[25,5,77,7,6,28,10,81,16,9]","[115,86,92,97,105,85,114]","[21,27,32,2,0,61,35,1,18,65,54,45,46]","[38,8,19,11,88,67,26,83,58,20,63,24,30,66]",22233r578m 23s,44679s 22z,11156799m 33578p,3356778m 16788p 3r5s,1,1,3,,0,,,,,,
20260410111346_0400_035,20260410111346_0400,20260410111346,上級卓,0,パシフィック,59,6p,tsumogiri,1775788172,2645.269,,0,,"[25,5,77,7,6,28,10,81,16,9,59]","[115,86,92,97,105,85,114]","[21,27,32,2,0,61,35,1,18,65,54,45,46]","[38,8,19,11,88,67,26,83,58,20,63,24,30]",22233r578m 6p 23s,44679s 22z,11156799m 33578p,3356778m 1678p 3r5s,1,1,,,0,,,,,,
20260410111346_0400_036,20260410111346_0400,20260410111346,上級卓,1,ミカパパママ,105,9s,tedashi,1775788175,3544.49,,0,,"[25,5,77,7,6,28,10,81,16,9]","[115,86,92,97,105,85,114,80]","[21,27,32,2,0,61,35,1,18,65,54,45,46]","[38,8,19,11,88,67,26,83,58,20,63,24,30]",22233r578m 23s,344679s 22z,11156799m 33578p,3356778m 1678p 3r5s,1,1,,,0,,,,,,
20260410111346_0400_037,20260410111346_0400,20260410111346,上級卓,2,やまだたろう,113,2z,risekichu_hokan_tsumogiri,1775788177,1539.876,,2,2636.657,"[25,5,77,7,6,28,10,81,16,9]","[115,86,92,97,85,114,80]","[21,27,32,2,0,61,35,1,18,65,54,45,46,113]","[38,8,19,11,88,67,26,83,58,20,63,24,30]",22233r578m 23s,34467s 22z,11156799m 33578p 2z,3356778m 1678p 3r5s,1,1,3,,0,,,,,,
20260410111346_0400_038,20260410111346_0400,20260410111346,上級卓,1,ミカパパママ,80,3s,tedashi,1775788182,3039.536,,0,,"[25,5,77,7,6,28,10,81,16,9]","[86,92,97,85,80]","[21,27,32,2,0,61,35,1,18,65,54,45,46]","[38,8,19,11,88,67,26,83,58,20,63,24,30]",22233r578m 23s,34467s,11156799m 33578p,3356778m 1678p 3r5s,0,0,,58s,0,,,,,,
20260410111346_0400_039,20260410111346_0400,20260410111346,上級卓,2,やまだたろう,65,8p,tedashi,1775788187,4852.076,,3,1757.99,"[25,5,77,7,6,28,10,81,16,9]","[86,92,97,85]","[21,27,32,2,0,61,35,1,18,65,54,45,46,41]","[38,8,19,11,88,67,26,83,58,20,63,24,30]",22233r578m 23s,4467s,11156799m 233578p,3356778m 1678p 3r5s,1,1,3,,0,,,,,,
20260410111346_0400_040,20260410111346_0400,20260410111346,上級卓,3,rinjan,38,1p,tedashi,1775788192,3202.398,,0,,"[25,5,77,7,6,28,10,81,16,9]","[86,92,97,85]","[21,27,32,2,0,61,35,1,18,54,45,46,41]","[38,8,19,11,88,67,26,83,58,20,63,24,30,22]",22233r578m 23s,4467s,11156799m 23357p,33566778m 1678p 3r5s,0,0,3,4s,0,,,,,,
20260410111346_0400_041,20260410111346_0400,20260410111346,上級卓,0,パシフィック,9,3m,tedashi,1775788196,3351.397,,3,1314.898,"[25,5,77,7,6,28,10,81,16,9,14]","[86,92,97,85]","[21,27,32,2,0,61,35,1,18,54,45,46,41]","[8,19,11,88,67,26,83,58,20,63,24,30,22]",222334r578m 23s,4467s,11156799m 23357p,33566778m 678p 3r5s,1,1,,,0,,,,,,
20260410111346_0400_042,20260410111346_0400,20260410111346,上級卓,1,ミカパパママ,3,1m,risekichu_hokan_tsumogiri,1775788199,2250.01,,3,2419.84,"[25,5,77,7,6,28,10,81,16,14]","[86,92,97,85,3]","[21,27,32,2,0,61,35,1,18,54,45,46,41]","[8,19,11,88,67,26,83,58,20,63,24,30,22]",22234r578m 23s,1m 4467s,11156799m 23357p,33566778m 678p 3r5s,0,0,,58s,0,,,,,,
20260410111346_0400_043,20260410111346_0400,20260410111346,上級卓,2,やまだたろう,61,7p,tedashi,1775788209,7839.494,,3,1287.459,"[25,5,77,7,6,28,10,81,16,14]","[86,92,97,85]","[21,27,32,2,0,61,35,1,18,54,45,46,41,51]","[8,19,11,88,67,26,83,58,20,63,24,30,22]",22234r578m 23s,4467s,11156799m 233457p,33566778m 678p 3r5s,0,0,3,14p,0,,,,,,
20260410111346_0400_044,20260410111346_0400,20260410111346,上級卓,3,rinjan,47,3p,risekichu_hokan_tsumogiri,1775788213,2501.834,,3,1883.161,"[25,5,77,7,6,28,10,81,16,14]","[86,92,97,85]","[21,27,32,2,0,35,1,18,54,45,46,41,51]","[8,19,11,88,67,26,83,58,20,63,24,30,22,47]",22234r578m 23s,4467s,11156799m 23345p,33566778m 3678p 3r5s,0,0,3,4s,0,,,,,,
20260410111346_0400_045,20260410111346_0400,20260410111346,上級卓,0,パシフィック,129,6z,tsumogiri,1775788229,14214.127,,0,,"[25,5,77,7,6,28,10,81,16,14,129]","[86,92,97,85]","[21,27,32,2,0,35,1,18,54,45,46,41,51]","[8,19,11,88,67,26,83,58,20,63,24,30,22]",22234r578m 23s 6z,4467s,11156799m 23345p,33566778m 678p 3r5s,1,1,,,0,,,,,,
20260410111346_0400_046,20260410111346_0400,20260410111346,上級卓,1,ミカパパママ,97,7s,tedashi,1775788235,5821.209,,0,,"[25,5,77,7,6,28,10,81,16,14]","[86,92,97,85,93]","[21,27,32,2,0,35,1,18,54,45,46,41,51]","[8,19,11,88,67,26,83,58,20,63,24,30,22]",22234r578m 23s,44667s,11156799m 23345p,33566778m 678p 3r5s,0,0,,46s,0,,,,,,
20260410111346_0400_047,20260410111346_0400,20260410111346,上級卓,2,やまだたろう,35,9m,tedashi,1775788245,9653.204,,3,1432.963,"[25,5,77,7,6,28,10,81,16,14]","[86,92,85,93]","[21,27,32,2,0,35,1,18,54,45,46,41,51,13]","[8,19,11,88,67,26,83,58,20,63,24,30,22]",22234r578m 23s,4466s,111456799m 23345p,33566778m 678p 3r5s,0,0,3,,0,,,,,,
20260410111346_0400_048,20260410111346_0400,20260410111346,上級卓,3,rinjan,111,1z,risekichu_hokan_tsumogiri,1775788248,1619.902,,0,,"[25,5,77,7,6,28,10,81,16,14]","[86,92,85,93]","[21,27,32,2,0,1,18,54,45,46,41,51,13]","[8,19,11,88,67,26,83,58,20,63,24,30,22,111]",22234r578m 23s,4466s,11145679m 23345p,33566778m 678p 3r5s 1z,0,0,3,4s,0,,,,,,
20260410111346_0400_049,20260410111346_0400,20260410111346,上級卓,0,パシフィック,53,5p,tsumogiri,1775788253,5412.385,,0,,"[25,5,77,7,6,28,10,81,16,14,53]","[86,92,85,93]","[21,27,32,2,0,1,18,54,45,46,41,51,13]","[8,19,11,88,67,26,83,58,20,63,24,30,22]",22234r578m 5p 23s,4466s,11145679m 23345p,33566778m 678p 3r5s,1,1,,,0,,,,,,
20260410111346_0400_050,20260410111346_0400,20260410111346,上級卓,1,ミカパパママ,73,1s,risekichu_hokan_tsumogiri,1775788255,2082.117,,0,,"[25,5,77,7,6,28,10,81,16,14]","[86,92,85,93,73]","[21,27,32,2,0,1,18,54,45,46,41,51,13]","[8,19,11,88,67,26,83,58,20,63,24,30,22]",22234r578m 23s,14466s,11145679m 23345p,33566778m 678p 3r5s,0,0,,46s,0,,,,,,
20260410111346_0400_051,20260410111346_0400,20260410111346,上級卓,2,やまだたろう,132,7z,risekichu_hokan_tsumogiri,1775788257,1412.674,,0,,"[25,5,77,7,6,28,10,81,16,14]","[86,92,85,93]","[21,27,32,2,0,1,18,54,45,46,41,51,13,132]","[8,19,11,88,67,26,83,58,20,63,24,30,22]",22234r578m 23s,4466s,11145679m 23345p 7z,33566778m 678p 3r5s,1,1,4,,0,,,,,,
20260410111346_0400_052,20260410111346_0400,20260410111346,上級卓,3,rinjan,30,8m,tedashi,1775788263,6125.938,,0,,"[25,5,77,7,6,28,10,81,16,14]","[86,92,85,93]","[21,27,32,2,0,1,18,54,45,46,41,51,13]","[8,19,11,88,67,26,83,58,20,63,24,30,22,17]",22234r578m 23s,4466s,11145679m 23345p,335566778m 678p 3r5s,0,0,2,4s,0,,,,,,
20260410111346_0400_053,20260410111346_0400,20260410111346,上級卓,0,パシフィック,39,1p,tsumogiri,1775788266,2802.082,,0,,"[25,5,77,7,6,28,10,81,16,14,39]","[86,92,85,93]","[21,27,32,2,0,1,18,54,45,46,41,51,13]","[8,19,11,88,67,26,83,58,20,63,24,22,17]",22234r578m 1p 23s,4466s,11145679m 23345p,33556677m 678p 3r5s,1,1,,,0,,,,,,
20260410111346_0400_054,20260410111346_0400,20260410111346,上級卓,1,ミカパパママ,121,4z,risekichu_hokan_tsumogiri,1775788267,1698.476,,0,,"[25,5,77,7,6,28,10,81,16,14]","[86,92,85,93,121]","[21,27,32,2,0,1,18,54,45,46,41,51,13]","[8,19,11,88,67,26,83,58,20,63,24,22,17]",22234r578m 23s,4466s 4z,11145679m 23345p,33556677m 678p 3r5s,0,0,,46s,0,,,,,,
20260410111346_0400_055,20260410111346_0400,20260410111346,上級卓,2,やまだたろう,32,9m,tedashi,1775788272,4878.966,,0,,"[25,5,77,7,6,28,10,81,16,14]","[86,92,85,93]","[21,27,32,2,0,1,18,54,45,46,41,51,13,87]","[8,19,11,88,67,26,83,58,20,63,24,22,17]",22234r578m 23s,4466s,11145679m 23345p 4s,33556677m 678p 3r5s,1,1,4,,0,,,,,,
20260410111346_0400_056,20260410111346_0400,20260410111346,上級卓,3,rinjan,29,8m,risekichu_hokan_tsumogiri,1775788275,2850.934,,0,,"[25,5,77,7,6,28,10,81,16,14]","[86,92,85,93]","[21,27,2,0,1,18,54,45,46,41,51,13,87]","[8,19,11,88,67,26,83,58,20,63,24,22,17,29]",22234r578m 23s,4466s,1114567m 23345p 4s,335566778m 678p 3r5s,0,0,2,4s,0,,,,,,
20260410111346_0400_057,20260410111346_0400,20260410111346,上級卓,0,パシフィック,74,1s,tsumogiri,1775788282,6700.957,,0,,"[25,5,77,7,6,28,10,81,16,14,74]","[86,92,85,93]","[21,27,2,0,1,18,54,45,46,41,51,13,87]","[8,19,11,88,67,26,83,58,20,63,24,22,17]",22234r578m 123s,4466s,1114567m 23345p 4s,33556677m 678p 3r5s,0,0,,,0,,,,,,
20260410111346_0400_058,20260410111346_0400,20260410111346,上級卓,1,ミカパパママ,31,8m,risekichu_hokan_tsumogiri,1775788286,3842.617,,3,2224.756,"[25,5,77,7,6,28,10,81,16,14]","[86,92,85,93,31]","[21,27,2,0,1,18,54,45,46,41,51,13,87]","[8,19,11,88,67,26,83,58,20,63,24,22,17]",22234r578m 23s,8m 4466s,1114567m 23345p 4s,33556677m 678p 3r5s,0,0,,46s,0,,,,,,
20260410111346_0400_059,20260410111346_0400,20260410111346,上級卓,2,やまだたろう,71,9p,risekichu_hokan_tsumogiri,1775788290,1645.346,,3,1454.074,"[25,5,77,7,6,28,10,81,16,14]","[86,92,85,93]","[21,27,2,0,1,18,54,45,46,41,51,13,87,71]","[8,19,11,88,67,26,83,58,20,63,24,22,17]",22234r578m 23s,4466s,1114567m 233459p 4s,33556677m 678p 3r5s,1,1,4,,0,,,,,,
20260410111346_0400_060,20260410111346_0400,20260410111346,上級卓,3,rinjan,44,3p,risekichu_hokan_tsumogiri,1775788293,2416.761,,3,4128.921,"[25,5,77,7,6,28,10,81,16,14]","[86,92,85,93]","[21,27,2,0,1,18,54,45,46,41,51,13,87]","[8,19,11,88,67,26,83,58,20,63,24,22,17,44]",22234r578m 23s,4466s,1114567m 23345p 4s,33556677m 3678p 3r5s,0,0,2,4s,0,,,,,,
20260410111346_0400_061,20260410111346_0400,20260410111346,上級卓,0,パシフィック,95,6s,tsumogiri,1775788304,6219.899,,0,,"[25,5,77,7,6,28,10,81,16,14,95]","[86,92,85,93]","[21,27,2,0,1,18,54,45,46,41,51,13,87]","[8,19,11,88,67,26,83,58,20,63,24,22,17]",22234r578m 236s,4466s,1114567m 23345p 4s,33556677m 678p 3r5s,1,1,,,0,,,,,,
20260410125516_0000_000,20260410125516_0000,20260410125516,一般卓,0,パシフィック,38,1p,tedashi,1775793322,,,0,,"[125,109,65,88,83,102,127,38,11,97,12,107,28,58]","[51,44,47,64,133,77,29,45,108,90,55,15,54]","[13,21,19,132,99,1,10,56,84,2,60,85,98]","[52,9,121,22,74,126,80,33,62,134,24,7,8]",348m 168p 3r5789s 155z,48m 3334558p 25s 17z,113456m 67p 4477s 7z,233679m r57p 13s 457z,2,2,5,,0,,,,,,
20260410125516_0000_001,20260410125516_0000,20260410125516,一般卓,1,MIZUGUCH,133,7z,tedashi,1775793324,2062.244,,0,,"[125,109,65,88,83,102,127,11,97,12,107,28,58]","[51,44,47,64,133,77,29,45,108,90,55,15,54,49]","[13,21,19,132,99,1,10,56,84,2,60,85,98]","[52,9,121,22,74,126,80,33,62,134,24,7,8]",348m 68p 3r5789s 155z,48m 33344558p 25s 17z,113456m 67p 4477s 7z,233679m r57p 13s 457z,3,4,3,,0,,,,,,
20260410125516_0000_002,20260410125516_0000,20260410125516,一般卓,2,みゃーちゃん,132,7z,tedashi,1775793327,2048.594,,0,,"[125,109,65,88,83,102,127,11,97,12,107,28,58]","[51,44,47,64,77,29,45,108,90,55,15,54,49]","[13,21,19,132,99,1,10,56,84,2,60,85,98,82]","[52,9,121,22,74,126,80,33,62,134,24,7,8]",348m 68p 3r5789s 155z,48m 33344558p 25s 1z,113456m 67p 34477s 7z,233679m r57p 13s 457z,2,2,3,,0,,,,,,
20260410125516_0000_003,20260410125516_0000,20260410125516,一般卓,3,jk1968,74,1s,tedashi,1775793329,2740.241,,0,,"[125,109,65,88,83,102,127,11,97,12,107,28,58]","[51,44,47,64,77,29,45,108,90,55,15,54,49]","[13,21,19,99,1,10,56,84,2,60,85,98,82]","[52,9,121,22,74,126,80,33,62,134,24,7,8,86]",348m 68p 3r5789s 155z,48m 33344558p 25s 1z,113456m 67p 34477s,233679m r57p 134s 457z,4,4,5,,0,,,,,,
20260410125516_0000_004,20260410125516_0000,20260410125516,一般卓,0,パシフィック,28,8m,tedashi,1775793331,1637.921,,0,,"[125,109,65,88,83,102,127,11,97,12,107,28,58,40]","[51,44,47,64,77,29,45,108,90,55,15,54,49]","[13,21,19,99,1,10,56,84,2,60,85,98,82]","[52,9,121,22,126,80,33,62,134,24,7,8,86]",348m 268p 3r5789s 155z,48m 33344558p 25s 1z,113456m 67p 34477s,233679m r57p 34s 457z,2,2,5,,0,,,,,,
20260410125516_0000_005,20260410125516_0000,20260410125516,一般卓,1,MIZUGUCH,113,2z,risekichu_hokan_tsumogiri,1775793333,2196.637,,0,,"[125,109,65,88,83,102,127,11,97,12,107,58,40]","[51,44,47,64,77,29,45,108,90,55,15,54,49,113]","[13,21,19,99,1,10,56,84,2,60,85,98,82]","[52,9,121,22,126,80,33,62,134,24,7,8,86]",34m 268p 3r5789s 155z,48m 33344558p 25s 12z,113456m 67p 34477s,233679m r57p 34s 457z,3,4,3,,0,,,,,,
20260410125516_0000_006,20260410125516_0000,20260410125516,一般卓,2,みゃーちゃん,2,1m,tedashi,1775793337,4214.03,,3,1395.847,"[125,109,65,88,83,102,127,11,97,12,107,58,40]","[51,44,47,64,77,29,45,108,90,55,15,54,49]","[13,21,19,99,1,10,56,84,2,60,85,98,82,59]","[52,9,121,22,126,80,33,62,134,24,7,8,86]",34m 268p 3r5789s 155z,48m 33344558p 25s 1z,113456m 667p 34477s,233679m r57p 34s 457z,2,2,2,,0,,,,,,
20260410125516_0000_007,20260410125516_0000,20260410125516,一般卓,3,jk1968,134,7z,tedashi,1775793340,1390.019,,0,,"[125,109,65,88,83,102,127,11,97,12,107,58,40]","[51,44,47,64,77,29,45,108,90,55,15,54,49]","[13,21,19,99,1,10,56,84,60,85,98,82,59]","[52,9,121,22,126,80,33,62,134,24,7,8,86,35]",34m 268p 3r5789s 155z,48m 33344558p 25s 1z,13456m 667p 34477s,2336799m r57p 34s 457z,3,3,4,,0,,,,,,
20260410125516_0000_008,20260410125516_0000,20260410125516,一般卓,0,パシフィック,109,1z,tedashi,1775793349,8671.199,,0,,"[125,109,65,88,83,102,127,11,97,12,107,58,40,94]","[51,44,47,64,77,29,45,108,90,55,15,54,49]","[13,21,19,99,1,10,56,84,60,85,98,82,59]","[52,9,121,22,126,80,33,62,24,7,8,86,35]",34m 268p 3r56789s 155z,48m 33344558p 25s 1z,13456m 667p 34477s,2336799m r57p 34s 45z,2,2,5,,0,1z,4098pt,2p,4063pt,3s,4014pt
20260410125516_0000_009,20260410125516_0000,20260410125516,一般卓,1,MIZUGUCH,122,4z,risekichu_hokan_tsumogiri,1775793350,1601.84,,0,,"[125,65,88,83,102,127,11,97,12,107,58,40,94]","[51,44,47,64,77,29,45,108,90,55,15,54,49,122]","[13,21,19,99,1,10,56,84,60,85,98,82,59]","[52,9,121,22,126,80,33,62,24,7,8,86,35]",34m 268p 3r56789s 55z,48m 33344558p 25s 14z,13456m 667p 34477s,2336799m r57p 34s 45z,3,4,3,,0,,,,,,
20260410125516_0000_010,20260410125516_0000,20260410125516,一般卓,2,みゃーちゃん,43,2p,risekichu_hokan_tsumogiri,1775793354,3481.909,,0,,"[125,65,88,83,102,127,11,97,12,107,58,40,94]","[51,44,47,64,77,29,45,108,90,55,15,54,49]","[13,21,19,99,1,10,56,84,60,85,98,82,59,43]","[52,9,121,22,126,80,33,62,24,7,8,86,35]",34m 268p 3r56789s 55z,48m 33344558p 25s 1z,13456m 2667p 34477s,2336799m r57p 34s 45z,2,2,3,,0,,,,,,
20260410125516_0000_011,20260410125516_0000,20260410125516,一般卓,3,jk1968,9,3m,tedashi,1775793357,2953.574,,0,,"[125,65,88,83,102,127,11,97,12,107,58,40,94]","[51,44,47,64,77,29,45,108,90,55,15,54,49]","[13,21,19,99,1,10,56,84,60,85,98,82,59]","[52,9,121,22,126,80,33,62,24,7,8,86,35,78]",34m 268p 3r56789s 55z,48m 33344558p 25s 1z,13456m 667p 34477s,2336799m r57p 234s 45z,2,2,4,,1,,,,,,
20260410125516_0000_012,20260410125516_0000,20260410125516,一般卓,0,パシフィック,40,2p,tedashi,1775793360,3660.74,,3,2310.947,"[125,65,88,83,102,127,11,97,12,107,58,40,94,27]","[51,44,47,64,77,29,45,108,90,55,15,54,49]","[13,21,19,99,1,10,56,84,60,85,98,82,59]","[52,121,22,126,80,33,62,24,7,8,86,35,78]",347m 268p 3r56789s 55z,48m 33344558p 25s 1z,13456m 667p 34477s,236799m r57p 234s 45z,2,2,5,,0,2p,3929pt,7m,3907pt,3s,3900pt
20260410125516_0000_013,20260410125516_0000,20260410125516,一般卓,1,MIZUGUCH,77,2s,tedashi,1775793367,3867.18,,3,675.16,"[125,65,88,83,102,127,11,97,12,107,58,94,27]","[51,44,47,64,77,29,45,108,90,55,15,54,49,50]","[13,21,19,99,1,10,56,84,60,85,98,82,59]","[52,121,22,126,80,33,62,24,7,8,86,35,78]",347m 68p 3r56789s 55z,48m 333444558p 25s 1z,13456m 667p 34477s,236799m r57p 234s 45z,3,3,3,,0,,,,,,
20260410125516_0000_014,20260410125516_0000,20260410125516,一般卓,2,みゃーちゃん,120,4z,risekichu_hokan_tsumogiri,1775793369,1589.721,,0,,"[125,65,88,83,102,127,11,97,12,107,58,94,27]","[51,44,47,64,29,45,108,90,55,15,54,49,50]","[13,21,19,99,1,10,56,84,60,85,98,82,59,120]","[52,121,22,126,80,33,62,24,7,8,86,35,78]",347m 68p 3r56789s 55z,48m 333444558p 5s 1z,13456m 667p 34477s 4z,236799m r57p 234s 45z,2,2,3,,0,,,,,,
20260410125516_0000_015,20260410125516_0000,20260410125516,一般卓,3,jk1968,121,4z,tedashi,1775793372,3490.893,,0,,"[125,65,88,83,102,127,11,97,12,107,58,94,27]","[51,44,47,64,29,45,108,90,55,15,54,49,50]","[13,21,19,99,1,10,56,84,60,85,98,82,59]","[52,121,22,126,80,33,62,24,7,8,86,35,78,101]",347m 68p 3r56789s 55z,48m 333444558p 5s 1z,13456m 667p 34477s,236799m r57p 2348s 45z,2,2,5,,0,,,,,,
20260410125516_0000_016,20260410125516_0000,20260410125516,一般卓,0,パシフィック,27,7m,tedashi,1775793377,5043.072,,0,,"[125,65,88,83,102,127,11,97,12,107,58,94,27,105]","[51,44,47,64,29,45,108,90,55,15,54,49,50]","[13,21,19,99,1,10,56,84,60,85,98,82,59]","[52,22,126,80,33,62,24,7,8,86,35,78,101]",347m 68p 3r567899s 55z,48m 333444558p 5s 1z,13456m 667p 34477s,236799m r57p 2348s 5z,2,2,4,,0,7m,4175pt,3s,4143pt,8p,3933pt
20260410125516_0000_017,20260410125516_0000,20260410125516,一般卓,1,MIZUGUCH,73,1s,risekichu_hokan_tsumogiri,1775793380,3027.299,,0,,"[125,65,88,83,102,127,11,97,12,107,58,94,105]","[51,44,47,64,29,45,108,90,55,15,54,49,50,73]","[13,21,19,99,1,10,56,84,60,85,98,82,59]","[52,22,126,80,33,62,24,7,8,86,35,78,101]",34m 68p 3r567899s 55z,48m 333444558p 15s 1z,13456m 667p 34477s,236799m r57p 2348s 5z,3,3,3,,0,,,,,,
20260410125516_0000_018,20260410125516_0000,20260410125516,一般卓,2,みゃーちゃん,115,2z,risekichu_hokan_tsumogiri,1775793382,1933.187,,0,,"[125,65,88,83,102,127,11,97,12,107,58,94,105]","[51,44,47,64,29,45,108,90,55,15,54,49,50]","[13,21,19,99,1,10,56,84,60,85,98,82,59,115]","[52,22,126,80,33,62,24,7,8,86,35,78,101]",34m 68p 3r567899s 55z,48m 333444558p 5s 1z,13456m 667p 34477s 2z,236799m r57p 2348s 5z,2,2,3,,0,,,,,,
20260410125516_0000_019,20260410125516_0000,20260410125516,一般卓,3,jk1968,101,8s,tedashi,1775793385,2721.041,,3,2672.947,"[125,65,88,83,102,127,11,97,12,107,58,94,105]","[51,44,47,64,29,45,108,90,55,15,54,49,50]","[13,21,19,99,1,10,56,84,60,85,98,82,59]","[52,22,126,80,33,62,24,7,8,86,35,78,101,91]",34m 68p 3r567899s 55z,48m 333444558p 5s 1z,13456m 667p 34477s,236799m r57p 23458s 5z,2,2,5,,0,,,,,,
20260410125516_0000_020,20260410125516_0000,20260410125516,一般卓,0,パシフィック,117,3z,tsumogiri,1775793389,949.497,,0,,"[125,65,88,83,102,127,11,97,12,107,58,94,105,117]","[51,44,47,64,29,45,108,90,55,15,54,49,50]","[13,21,19,99,1,10,56,84,60,85,98,82,59]","[52,22,126,80,33,62,24,7,8,86,35,78,91]",34m 68p 3r567899s 355z,48m 333444558p 5s 1z,13456m 667p 34477s,236799m r57p 2345s 5z,2,2,4,,0,3z,3866pt,3s,3813pt,8p,3479pt
20260410125516_0000_021,20260410125516_0000,20260410125516,一般卓,1,MIZUGUCH,29,8m,tedashi,1775793392,3048.6,,0,,"[125,65,88,83,102,127,11,97,12,107,58,94,105]","[51,44,47,64,29,45,108,90,55,15,54,49,50,6]","[13,21,19,99,1,10,56,84,60,85,98,82,59]","[52,22,126,80,33,62,24,7,8,86,35,78,91]",34m 68p 3r567899s 55z,248m 333444558p 5s 1z,13456m 667p 34477s,236799m r57p 2345s 5z,2,2,3,,0,,,,,,
20260410125516_0000_022,20260410125516_0000,20260410125516,一般卓,2,みゃーちゃん,1,1m,tedashi,1775793395,3005.273,,3,1318.952,"[125,65,88,83,102,127,11,97,12,107,58,94,105]","[51,44,47,64,45,108,90,55,15,54,49,50,6]","[13,21,19,99,1,10,56,84,60,85,98,82,59,17]","[52,22,126,80,33,62,24,7,8,86,35,78,91]",34m 68p 3r567899s 55z,24m 333444558p 5s 1z,134556m 667p 34477s,236799m r57p 2345s 5z,2,2,2,,0,,,,,,
20260410125516_0000_023,20260410125516_0000,20260410125516,一般卓,3,jk1968,126,5z,tedashi,1775793399,3009.389,,2,1165.427,"[125,65,88,83,102,127,11,97,12,107,58,94,105]","[51,44,47,64,45,108,90,55,15,54,49,50,6]","[13,21,19,99,10,56,84,60,85,98,82,59,17]","[52,22,126,80,33,62,24,7,8,86,35,78,91,93]",34m 68p 3r567899s 55z,24m 333444558p 5s 1z,34556m 667p 34477s,236799m r57p 23456s 5z,2,2,5,,0,,,,,,
20260410125516_0000_024,20260410125516_0000,20260410125516,一般卓,0,パシフィック,65,8p,tedashi,1775793410,9259.679,,0,,"[65,88,83,102,11,97,12,107,58,94,105]","[51,44,47,64,45,108,90,55,15,54,49,50,6]","[13,21,19,99,10,56,84,60,85,98,82,59,17]","[52,22,80,33,62,24,7,8,86,35,78,91,93]",34m 68p 3r567899s,24m 333444558p 5s 1z,34556m 667p 34477s,236799m r57p 23456s,1,1,,,0,,,,,,
20260410125516_0000_025,20260410125516_0000,20260410125516,一般卓,1,MIZUGUCH,130,6z,risekichu_hokan_tsumogiri,1775793415,5142.819,,0,,"[88,83,102,11,97,12,107,58,94,105]","[51,44,47,64,45,108,90,55,15,54,49,50,6,130]","[13,21,19,99,10,56,84,60,85,98,82,59,17]","[52,22,80,33,62,24,7,8,86,35,78,91,93]",34m 6p 3r567899s,24m 333444558p 5s 16z,34556m 667p 34477s,236799m r57p 23456s,2,2,3,,0,,,,,,
20260410125516_0000_026,20260410125516_0000,20260410125516,一般卓,2,みゃーちゃん,72,1s,risekichu_hokan_tsumogiri,1775793418,3043.693,,3,2046.184,"[88,83,102,11,97,12,107,58,94,105]","[51,44,47,64,45,108,90,55,15,54,49,50,6]","[13,21,19,99,10,56,84,60,85,98,82,59,17,72]","[52,22,80,33,62,24,7,8,86,35,78,91,93]",34m 6p 3r567899s,24m 333444558p 5s 1z,34556m 667p 134477s,236799m r57p 23456s,2,2,2,,0,,,,,,
20260410125516_0000_027,20260410125516_0000,20260410125516,一般卓,3,jk1968,78,2s,tedashi,1775793424,4249.503,,0,,"[88,83,102,11,97,12,107,58,94,105]","[51,44,47,64,45,108,90,55,15,54,49,50,6]","[13,21,19,99,10,56,84,60,85,98,82,59,17]","[52,22,80,33,62,24,7,8,86,35,78,91,93,34]",34m 6p 3r567899s,24m 333444558p 5s 1z,34556m 667p 34477s,2367999m r57p 23456s,2,2,5,,0,,,,,,
20260410125516_0000_028,20260410125516_0000,20260410125516,一般卓,0,パシフィック,58,6p,tedashi,1775793427,2515.51,,3,2225.768,"[88,83,102,11,97,12,107,58,94,105,36]","[51,44,47,64,45,108,90,55,15,54,49,50,6]","[13,21,19,99,10,56,84,60,85,98,82,59,17]","[52,22,80,33,62,24,7,8,86,35,91,93,34]",34m 16p 3r567899s,24m 333444558p 5s 1z,34556m 667p 34477s,2367999m r57p 3456s,1,1,,,0,,,,,,
20260410125516_0000_029,20260410125516_0000,20260410125516,一般卓,1,MIZUGUCH,108,1z,tedashi,1775793432,3065.953,,0,,"[88,83,102,11,97,12,107,94,105,36]","[51,44,47,64,45,108,90,55,15,54,49,50,6,4]","[13,21,19,99,10,56,84,60,85,98,82,59,17]","[52,22,80,33,62,24,7,8,86,35,91,93,34]",34m 1p 3r567899s,224m 333444558p 5s 1z,34556m 667p 34477s,2367999m r57p 3456s,2,2,2,,0,,,,,,
20260410125516_0000_030,20260410125516_0000,20260410125516,一般卓,2,みゃーちゃん,59,6p,tedashi,1775793435,2895.435,,3,1463.355,"[88,83,102,11,97,12,107,94,105,36]","[51,44,47,64,45,90,55,15,54,49,50,6,4]","[13,21,19,99,10,56,84,60,85,98,82,59,17,69]","[52,22,80,33,62,24,7,8,86,35,91,93,34]",34m 1p 3r567899s,224m 333444558p 5s,34556m 6679p 34477s,2367999m r57p 3456s,2,2,2,,1,,,,,,
20260410125516_0000_031,20260410125516_0000,20260410125516,一般卓,3,jk1968,80,3s,tedashi,1775793440,4250.572,,0,,"[88,83,102,11,97,12,107,94,105,36]","[51,44,47,64,45,90,55,15,54,49,50,6,4]","[13,21,19,99,10,56,84,60,85,98,82,17,69]","[52,22,80,33,62,24,7,8,86,35,91,93,34,96]",34m 1p 3r567899s,224m 333444558p 5s,34556m 679p 34477s,2367999m r57p 34567s,2,2,5,,0,,,,,,
20260410125516_0000_032,20260410125516_0000,20260410125516,一般卓,0,パシフィック,68,9p,tsumogiri,1775793442,1951.396,,0,,"[88,83,102,11,97,12,107,94,105,36,68]","[51,44,47,64,45,90,55,15,54,49,50,6,4]","[13,21,19,99,10,56,84,60,85,98,82,17,69]","[52,22,33,62,24,7,8,86,35,91,93,34,96]",34m 19p 3r567899s,224m 333444558p 5s,34556m 679p 34477s,2367999m r57p 4567s,1,1,,,0,,,,,,
20260410125516_0000_033,20260410125516_0000,20260410125516,一般卓,1,MIZUGUCH,103,8s,risekichu_hokan_tsumogiri,1775793445,2970.433,,0,,"[88,83,102,11,97,12,107,94,105,36]","[51,44,47,64,45,90,55,15,54,49,50,6,4,103]","[13,21,19,99,10,56,84,60,85,98,82,17,69]","[52,22,33,62,24,7,8,86,35,91,93,34,96]",34m 1p 3r567899s,224m 333444558p 58s,34556m 679p 34477s,2367999m r57p 4567s,2,2,2,,0,,,,,,
20260410125516_0000_034,20260410125516_0000,20260410125516,一般卓,2,みゃーちゃん,69,9p,tedashi,1775793448,2980.239,,0,,"[88,83,102,11,97,12,107,94,105,36]","[51,44,47,64,45,90,55,15,54,49,50,6,4]","[13,21,19,99,10,56,84,60,85,98,82,17,69,89]","[52,22,33,62,24,7,8,86,35,91,93,34,96]",34m 1p 3r567899s,224m 333444558p 5s,34556m 679p 344577s,2367999m r57p 4567s,1,1,3,,0,,,,,,
20260410125516_0000_035,20260410125516_0000,20260410125516,一般卓,3,jk1968,86,4s,tedashi,1775793453,4184.69,,2,2454.236,"[88,83,102,11,97,12,107,94,105,36]","[51,44,47,64,45,90,55,15,54,49,50,6,4]","[13,21,19,99,10,56,84,60,85,98,82,17,89]","[52,22,33,62,24,7,8,86,35,91,93,34,96,46]",34m 1p 3r567899s,224m 333444558p 5s,34556m 67p 344577s,2367999m 3r57p 4567s,2,2,5,,0,,,,,,
20260410125516_0000_036,20260410125516_0000,20260410125516,一般卓,0,パシフィック,36,1p,tedashi,1775793457,2396.976,,0,,"[102,11,97,12,107,94,105,36]","[51,44,47,64,45,90,55,15,54,49,50,6,4]","[13,21,19,99,10,56,84,60,85,98,82,17,89]","[52,22,33,62,24,7,8,35,91,93,34,96,46]",34m 1p 67899s,224m 333444558p 5s,34556m 67p 344577s,2367999m 3r57p 567s,0,0,,25m,0,,,,,,
20260410125516_0000_037,20260410125516_0000,20260410125516,一般卓,1,MIZUGUCH,90,5s,tedashi,1775793460,2416.26,,6,294.309,"[102,11,97,12,107,94,105]","[51,44,47,64,45,90,55,15,54,49,50,6,4,63]","[13,21,19,99,10,56,84,60,85,98,82,17,89]","[52,22,33,62,24,7,8,35,91,93,34,96,46]",34m 67899s,224m 3334445578p 5s,34556m 67p 344577s,2367999m 3r57p 567s,1,1,2,,0,,,,,,
20260410125516_0000_038,20260410125516_0000,20260410125516,一般卓,2,みゃーちゃん,131,6z,risekichu_hokan_tsumogiri,1775793463,2761.739,,0,,"[102,11,97,12,107,94,105]","[51,44,47,64,45,55,15,54,49,50,6,4,63]","[13,21,19,99,10,56,84,60,85,98,82,17,89,131]","[52,22,33,62,24,7,8,35,91,93,34,96,46]",34m 67899s,224m 3334445578p,34556m 67p 344577s 6z,2367999m 3r57p 567s,1,1,3,,0,,,,,,
20260410125516_0000_039,20260410125516_0000,20260410125516,一般卓,3,jk1968,62,7p,tedashi,1775793466,3304.498,,0,,"[102,11,97,12,107,94,105]","[51,44,47,64,45,55,15,54,49,50,6,4,63]","[13,21,19,99,10,56,84,60,85,98,82,17,89]","[52,22,33,62,24,7,8,35,91,93,34,96,46,48]",34m 67899s,224m 3334445578p,34556m 67p 344577s,2367999m 34r57p 567s,1,1,5,,0,,,,,,
20260410125516_0000_040,20260410125516_0000,20260410125516,一般卓,0,パシフィック,118,3z,tsumogiri,1775793468,2269.639,,0,,"[102,11,97,12,107,94,105,118]","[51,44,47,64,45,55,15,54,49,50,6,4,63]","[13,21,19,99,10,56,84,60,85,98,82,17,89]","[52,22,33,24,7,8,35,91,93,34,96,46,48]",34m 67899s 3z,224m 3334445578p,34556m 67p 344577s,2367999m 34r5p 567s,0,0,,25m,0,,,,,,
20260410125516_0000_041,20260410125516_0000,20260410125516,一般卓,1,MIZUGUCH,92,6s,risekichu_hokan_tsumogiri,1775793471,2135.921,,6,413.93,"[102,11,97,12,107,94,105]","[51,44,47,64,45,55,15,54,49,50,6,4,63,92]","[13,21,19,99,10,56,84,60,85,98,82,17,89]","[52,22,33,24,7,8,35,91,93,34,96,46,48]",34m 67899s,224m 3334445578p 6s,34556m 67p 344577s,2367999m 34r5p 567s,1,1,2,,0,,,,,,
20260410125516_0000_042,20260410125516_0000,20260410125516,一般卓,2,みゃーちゃん,30,8m,risekichu_hokan_tsumogiri,1775793474,2585.487,,3,1930.525,"[102,11,97,12,107,94,105]","[51,44,47,64,45,55,15,54,49,50,6,4,63]","[13,21,19,99,10,56,84,60,85,98,82,17,89,30]","[52,22,33,24,7,8,35,91,93,34,96,46,48]",34m 67899s,224m 3334445578p,345568m 67p 344577s,2367999m 34r5p 567s,1,1,3,,0,,,,,,
20260410125516_0000_043,20260410125516_0000,20260410125516,一般卓,3,jk1968,35,9m,tedashi,1775793479,1333.007,2011.975,0,,"[102,11,97,12,107,94,105]","[51,44,47,64,45,55,15,54,49,50,6,4,63]","[13,21,19,99,10,56,84,60,85,98,82,17,89]","[52,22,33,24,7,8,35,91,93,34,96,46,48,14]",34m 67899s,224m 3334445578p,34556m 67p 344577s,23467999m 34r5p 567s,0,0,5,58m,0,,,,,,
20260410125516_0000_044,20260410125516_0000,20260410125516,一般卓,0,パシフィック,119,3z,tsumogiri,1775793481,2458.94,,0,,"[102,11,97,12,107,94,105,119]","[51,44,47,64,45,55,15,54,49,50,6,4,63]","[13,21,19,99,10,56,84,60,85,98,82,17,89]","[52,22,33,24,7,8,91,93,34,96,46,48,14]",34m 67899s 3z,224m 3334445578p,34556m 67p 344577s,2346799m 34r5p 567s,0,0,,25m,0,,,,,,
20260410125516_0000_045,20260410125516_0000,20260410125516,一般卓,1,MIZUGUCH,79,2s,risekichu_hokan_tsumogiri,1775793483,1815.056,,6,530.493,"[102,11,97,12,107,94,105]","[51,44,47,64,45,55,15,54,49,50,6,4,63,79]","[13,21,19,99,10,56,84,60,85,98,82,17,89]","[52,22,33,24,7,8,91,93,34,96,46,48,14]",34m 67899s,224m 3334445578p 2s,34556m 67p 344577s,2346799m 34r5p 567s,1,1,2,,0,,,,,,
20260410125516_0000_046,20260410125516_0000,20260410125516,一般卓,2,みゃーちゃん,85,4s,tedashi,1775793486,2460.083,,0,,"[102,11,97,12,107,94,105]","[51,44,47,64,45,55,15,54,49,50,6,4,63]","[13,21,19,99,10,56,84,60,85,98,82,17,89,95]","[52,22,33,24,7,8,91,93,34,96,46,48,14]",34m 67899s,224m 3334445578p,34556m 67p 3445677s,2346799m 34r5p 567s,1,1,3,,0,,,,,,
20260410125516_0000_047,20260410125516_0000,20260410125516,一般卓,3,jk1968,123,4z,risekichu_hokan_tsumogiri,1775793487,760.815,,0,,"[102,11,97,12,107,94,105]","[51,44,47,64,45,55,15,54,49,50,6,4,63]","[13,21,19,99,10,56,84,60,98,82,17,89,95]","[52,22,33,24,7,8,91,93,34,96,46,48,14,123]",34m 67899s,224m 3334445578p,34556m 67p 345677s,2346799m 34r5p 567s 4z,0,0,5,58m,0,,,,,,
20260410125516_0000_048,20260410125516_0000,20260410125516,一般卓,0,パシフィック,23,6m,tsumogiri,1775793489,2376.122,,0,,"[102,11,97,12,107,94,105,23]","[51,44,47,64,45,55,15,54,49,50,6,4,63]","[13,21,19,99,10,56,84,60,98,82,17,89,95]","[52,22,33,24,7,8,91,93,34,96,46,48,14]",346m 67899s,224m 3334445578p,34556m 67p 345677s,2346799m 34r5p 567s,0,0,,25m,0,,,,,,
20260410125516_0000_049,20260410125516_0000,20260410125516,一般卓,1,MIZUGUCH,124,5z,risekichu_hokan_tsumogiri,1775793492,2782.341,,0,,"[102,11,97,12,107,94,105]","[51,44,47,64,45,55,15,54,49,50,6,4,63,124]","[13,21,19,99,10,56,84,60,98,82,17,89,95]","[52,22,33,24,7,8,91,93,34,96,46,48,14]",34m 67899s,224m 3334445578p 5z,34556m 67p 345677s,2346799m 34r5p 567s,1,1,2,,0,,,,,,
20260410125516_0000_050,20260410125516_0000,20260410125516,一般卓,2,みゃーちゃん,76,2s,risekichu_hokan_tsumogiri,1775793495,3041.996,,0,,"[102,11,97,12,107,94,105]","[51,44,47,64,45,55,15,54,49,50,6,4,63]","[13,21,19,99,10,56,84,60,98,82,17,89,95,76]","[52,22,33,24,7,8,91,93,34,96,46,48,14]",34m 67899s,224m 3334445578p,34556m 67p 2345677s,2346799m 34r5p 567s,1,1,4,,0,,,,,,
20260410125516_0000_051,20260410125516_0000,20260410125516,一般卓,3,jk1968,114,2z,risekichu_hokan_tsumogiri,1775793496,701.322,,0,,"[102,11,97,12,107,94,105]","[51,44,47,64,45,55,15,54,49,50,6,4,63]","[13,21,19,99,10,56,84,60,98,82,17,89,95]","[52,22,33,24,7,8,91,93,34,96,46,48,14,114]",34m 67899s,224m 3334445578p,34556m 67p 345677s,2346799m 34r5p 567s 2z,0,0,5,58m,0,,,,,,
20260410125516_0001_002,20260410125516_0001,20260410125516,一般卓,2,みゃーちゃん,132,7z,tedashi,1775793516,1321.92,,3,1762.565,"[0,25,28,46,53,61,68,82,104,106,107,109,119]","[130,131,89,51,62,129,122,84,19,105,101,103,8]","[97,74,132,37,87,60,96,71,115,58,52,91,48,125]","[12,135,114,31,29,67,10,80,120,43,3,134,86]",178m 3579p 3999s 13z,35m 47p 45889s 4666z,14r5679p 14577s 257z,13488m 28p 34s 2477z,3,3,5,,0,,,,,,
20260410130016_0000_014,20260410130016_0000,20260410130016,特上卓,0,s6u,7,2m,tedashi,1775793620,3667.436,,1,1724.55,"[7,22,23,25,26,37,42,48,50,81,101,104,133,134]",,,,26677m 1244p 389s 77z,,,,2,3,2,,0,,,,,,
20260410130016_0000_015,20260410130016_0000,20260410130016,特上卓,1,優歩,125,5z,risekichu_hokan_tsumogiri,1775793626,4032.889,,0,,"[22,23,25,26,37,42,48,50,81,101,104,133,134]",,,,6677m 1244p 389s 77z,,,,,,,,,,,,,,
20260410130016_0000_016,20260410130016_0000,20260410130016,特上卓,2,【TM】,124,5z,tedashi,1775793629,3266.642,,0,,"[22,23,25,26,37,42,48,50,81,101,104,133,134]",,,,6677m 1244p 389s 77z,,,,,,,,,,,,,,
20260410130016_0000_017,20260410130016_0000,20260410130016,特上卓,3,Tak1984,120,4z,risekichu_hokan_tsumogiri,1775793630,1512.959,,0,,"[22,23,25,26,37,42,48,50,81,101,104,133,134]",,,,6677m 1244p 389s 77z,,,,,,,,,,,,,,
20260410130016_0000_018,20260410130016_0000,20260410130016,特上卓,0,s6u,81,3s,tedashi,1775793633,2419.262,,0,,"[22,23,25,26,37,42,48,50,81,101,104,133,134,19]",,,,56677m 1244p 389s 77z,,,,2,2,2,,0,1p,1915pt,3s,1909pt,9s,1882pt
20260410130016_0000_019,20260410130016_0000,20260410130016,特上卓,1,優歩,2,1m,risekichu_hokan_tsumogiri,1775793635,2762.069,,0,,"[22,23,25,26,37,42,48,50,101,104,133,134,19]",,,,56677m 1244p 89s 77z,,,,,,,,,,,,,,
20260410130016_0000_020,20260410130016_0000,20260410130016,特上卓,2,【TM】,0,1m,risekichu_hokan_tsumogiri,1775793637,1919.878,,0,,"[22,23,25,26,37,42,48,50,101,104,133,134,19]",,,,56677m 1244p 89s 77z,,,,,,,,,,,,,,
20260410130016_0000_021,20260410130016_0000,20260410130016,特上卓,3,Tak1984,68,9p,tedashi,1775793642,5049.685,,0,,"[22,23,25,26,37,42,48,50,101,104,133,134,19]",,,,56677m 1244p 89s 77z,,,,,,,,,,,,,,
20260410130016_0000_022,20260410130016_0000,20260410130016,特上卓,0,s6u,37,1p,tedashi,1775793647,5042.839,,0,,"[22,23,25,26,37,42,48,50,101,104,133,134,19,88]",,,,56677m 1244p r589s 77z,,,,2,2,2,,0,1p,2035pt,9s,2034pt,8s,2006pt
20260410130016_0000_023,20260410130016_0000,20260410130016,特上卓,1,優歩,127,5z,risekichu_hokan_tsumogiri,1775793649,1717.57,,0,,"[22,23,25,26,42,48,50,101,104,133,134,19,88]",,,,56677m 244p r589s 77z,,,,,,,,,,,,,,
20260410130016_0000_024,20260410130016_0000,20260410130016,特上卓,2,【TM】,73,1s,risekichu_hokan_tsumogiri,1775793652,2315.099,,0,,"[22,23,25,26,42,48,50,101,104,133,134,19,88]",,,,56677m 244p r589s 77z,,,,,,,,,,,,,,
20260410130016_0000_025,20260410130016_0000,20260410130016,特上卓,3,Tak1984,112,2z,risekichu_hokan_tsumogiri,1775793653,1530.657,,0,,"[22,23,25,26,42,48,50,101,104,133,134,19,88]",,,,56677m 244p r589s 77z,,,,,,,,,,,,,,
20260410130016_0000_026,20260410130016_0000,20260410130016,特上卓,0,s6u,104,9s,tedashi,1775793659,5633.366,,0,,"[22,23,25,26,42,48,50,101,104,133,134,19,88,14]",,,,456677m 244p r589s 77z,,,,2,2,2,,0,9s,2479pt,8s,2441pt,2p,2313pt
20260410130016_0000_027,20260410130016_0000,20260410130016,特上卓,1,優歩,97,7s,tedashi,1775793663,4590.799,,0,,"[22,23,25,26,42,48,50,101,133,134,19,88,14]",,,,456677m 244p r58s 77z,,,,,,,,,,,,,,
20260410130016_0000_028,20260410130016_0000,20260410130016,特上卓,2,【TM】,64,8p,risekichu_hokan_tsumogiri,1775793666,2327.784,,6,257.587,"[22,23,25,26,42,48,50,101,133,134,19,88,14]",,,,456677m 244p r58s 77z,,,,,,,,,,,,,,
20260410130016_0000_029,20260410130016_0000,20260410130016,特上卓,3,Tak1984,75,1s,risekichu_hokan_tsumogiri,1775793667,1237.978,,0,,"[22,23,25,26,42,48,50,101,133,134,19,88,14]",,,,456677m 244p r58s 77z,,,,,,,,,,,,,,
20260410130016_0000_030,20260410130016_0000,20260410130016,特上卓,0,s6u,101,8s,tedashi,1775793668,1341.551,,1,1782.794,"[22,23,25,26,42,48,50,101,133,134,19,88,14,80]",,,,456677m 244p 3r58s 77z,,,,2,2,2,,0,8s,2563pt,2p,2434pt,3s,2281pt
20260410130016_0000_031,20260410130016_0000,20260410130016,特上卓,1,優歩,59,6p,tedashi,1775793672,1971.978,,0,,"[22,23,25,26,42,48,50,133,134,19,88,14,80]",,,,456677m 244p 3r5s 77z,,,,,,,,,,,,,,
20260410130016_0000_032,20260410130016_0000,20260410130016,特上卓,2,【TM】,79,2s,risekichu_hokan_tsumogiri,1775793674,2002.244,,0,,"[22,23,25,26,42,48,50,133,134,19,88,14,80]",,,,456677m 244p 3r5s 77z,,,,,,,,,,,,,,
20260410130016_0000_033,20260410130016_0000,20260410130016,特上卓,3,Tak1984,95,6s,tedashi,1775793678,3903.345,,0,,"[22,23,25,26,42,48,50,133,134,19,88,14,80]",,,,456677m 244p 3r5s 77z,,,,,,,,,,,,,,
20260410130016_0000_034,20260410130016_0000,20260410130016,特上卓,0,s6u,42,2p,tedashi,1775793682,3525.937,,1,1631.077,"[22,23,25,26,42,48,50,133,134,19,88,14,80,90]",,,,456677m 244p 3r55s 77z,,,,1,2,1,,0,2p,2953pt,3s,2953pt,4m,2518pt
20260410130016_0000_035,20260410130016_0000,20260410130016,特上卓,1,優歩,51,4p,tedashi,1775793685,1778.007,,1,4262.79,"[22,23,25,26,48,50,133,134,19,88,14,80,90]",,,,456677m 44p 3r55s 77z,,,,,,,,,,,,,,
20260410130016_0000_036,20260410130016_0000,20260410130016,特上卓,0,s6u,80,3s,tedashi,1775793689,2379.89,,1,1726.948,"[22,23,25,26,48,133,134,19,88,14,80,90]",,,,456677m 4p 3r55s 77z,,,,,,,,,,,,,,
20260410130016_0000_037,20260410130016_0000,20260410130016,特上卓,1,優歩,43,2p,risekichu_hokan_tsumogiri,1775793694,2881.122,,0,,"[22,23,25,26,48,133,134,19,88,14,90]",,,,456677m 4p r55s 77z,,,,,,,,,,,,,,
20260410130016_0000_038,20260410130016_0000,20260410130016,特上卓,2,【TM】,110,1z,tedashi,1775793697,3366.207,,1,5013.342,"[22,23,25,26,48,133,134,19,88,14,90]",,,,456677m 4p r55s 77z,,,,,,,,,,,,,,
20260410130016_0000_039,20260410130016_0000,20260410130016,特上卓,1,優歩,74,1s,tedashi,1775793702,993.73,,0,,"[22,23,25,26,48,133,134,19,88,14,90]",,,,456677m 4p r55s 77z,,,,,,,,,,,,,,
20260410130016_0000_040,20260410130016_0000,20260410130016,特上卓,2,【TM】,45,3p,tedashi,1775793706,3310.916,,1,568.975,"[22,23,25,26,48,133,134,19,88,14,90]",,,,456677m 4p r55s 77z,,,,,,,,,,,,,,
20260410130016_0000_041,20260410130016_0000,20260410130016,特上卓,3,Tak1984,106,9s,risekichu_hokan_tsumogiri,1775793707,1272.055,,0,,"[22,23,25,26,48,133,134,19,88,14,90]",,,,456677m 4p r55s 77z,,,,,,,,,,,,,,
20260410130016_0000_042,20260410130016_0000,20260410130016,特上卓,0,s6u,23,6m,tedashi,1775793720,13033.334,,0,,"[22,23,25,26,48,133,134,19,88,14,90,93]",,,,456677m 4p r556s 77z,,,,,,,,,,,,,,
20260410130016_0100_000,20260410130016_0100,20260410130016,特上卓,1,優歩,112,2z,tedashi,1775793736,,,0,,"[33,106,73,77,9,51,66,31,45,7,60,95,20]","[3,6,15,112,38,25,71,111,74,105,41,75,29,16]","[120,34,110,79,125,102,109,8,117,47,130,93,97]","[44,42,39,80,48,103,121,99,91,98,32,134,72]",23689m 3478p 1269s,124r578m 129p 119s 12z,39m 3p 2678s 113456z,9m 1234p 135778s 47z,3,3,5,,0,,,,,,
20260410130016_0100_001,20260410130016_0100,20260410130016,特上卓,2,【TM】,34,9m,tedashi,1775793738,2604.545,,0,,"[33,106,73,77,9,51,66,31,45,7,60,95,20]","[3,6,15,38,25,71,111,74,105,41,75,29,16]","[120,34,110,79,125,102,109,8,117,47,130,93,97,14]","[44,42,39,80,48,103,121,99,91,98,32,134,72]",23689m 3478p 1269s,124r578m 129p 119s 1z,349m 3p 2678s 113456z,9m 1234p 135778s 47z,4,4,5,,0,,,,,,
20260410130016_0100_002,20260410130016_0100,20260410130016,特上卓,3,Tak1984,121,4z,tedashi,1775793740,1342.285,,0,,"[33,106,73,77,9,51,66,31,45,7,60,95,20]","[3,6,15,38,25,71,111,74,105,41,75,29,16]","[120,110,79,125,102,109,8,117,47,130,93,97,14]","[44,42,39,80,48,103,121,99,91,98,32,134,72,90]",23689m 3478p 1269s,124r578m 129p 119s 1z,34m 3p 2678s 113456z,9m 1234p 1355778s 47z,3,3,4,,0,,,,,,
20260410130016_0100_003,20260410130016_0100,20260410130016,特上卓,0,s6u,106,9s,tedashi,1775793741,1631.523,,0,,"[33,106,73,77,9,51,66,31,45,7,60,95,20,63]","[3,6,15,38,25,71,111,74,105,41,75,29,16]","[120,110,79,125,102,109,8,117,47,130,93,97,14]","[44,42,39,80,48,103,99,91,98,32,134,72,90]",23689m 34778p 1269s,124r578m 129p 119s 1z,34m 3p 2678s 113456z,9m 1234p 1355778s 7z,3,3,5,,0,,,,,,
20260410130016_0100_004,20260410130016_0100,20260410130016,特上卓,1,優歩,71,9p,tedashi,1775793746,4569.436,,0,,"[33,73,77,9,51,66,31,45,7,60,95,20,63]","[3,6,15,38,25,71,111,74,105,41,75,29,16,4]","[120,110,79,125,102,109,8,117,47,130,93,97,14]","[44,42,39,80,48,103,99,91,98,32,134,72,90]",23689m 34778p 126s,1224r578m 129p 119s 1z,34m 3p 2678s 113456z,9m 1234p 1355778s 7z,3,3,4,,0,,,,,,
20260410130016_0100_005,20260410130016_0100,20260410130016,特上卓,2,【TM】,120,4z,tedashi,1775793747,1512.994,,0,,"[33,73,77,9,51,66,31,45,7,60,95,20,63]","[3,6,15,38,25,111,74,105,41,75,29,16,4]","[120,110,79,125,102,109,8,117,47,130,93,97,14,26]","[44,42,39,80,48,103,99,91,98,32,134,72,90]",23689m 34778p 126s,1224r578m 12p 119s 1z,347m 3p 2678s 113456z,9m 1234p 1355778s 7z,4,4,5,,0,,,,,,
20260410130016_0100_006,20260410130016_0100,20260410130016,特上卓,3,Tak1984,134,7z,tedashi,1775793749,1510.776,,0,,"[33,73,77,9,51,66,31,45,7,60,95,20,63]","[3,6,15,38,25,111,74,105,41,75,29,16,4]","[110,79,125,102,109,8,117,47,130,93,97,14,26]","[44,42,39,80,48,103,99,91,98,32,134,72,90,89]",23689m 34778p 126s,1224r578m 12p 119s 1z,347m 3p 2678s 11356z,9m 1234p 13555778s 7z,2,2,4,,0,,,,,,
20260410130016_0100_007,20260410130016_0100,20260410130016,特上卓,0,s6u,73,1s,tedashi,1775793752,3346.676,,3,970.324,"[33,73,77,9,51,66,31,45,7,60,95,20,63,35]","[3,6,15,38,25,111,74,105,41,75,29,16,4]","[110,79,125,102,109,8,117,47,130,93,97,14,26]","[44,42,39,80,48,103,99,91,98,32,72,90,89]",236899m 34778p 126s,1224r578m 12p 119s 1z,347m 3p 2678s 11356z,9m 1234p 13555778s,3,3,4,,0,,,,,,
20260410130016_0100_008,20260410130016_0100,20260410130016,特上卓,1,優歩,3,1m,tedashi,1775793755,1879.451,,0,,"[33,77,9,51,66,31,45,7,60,95,20,63,35]","[3,6,15,38,25,111,74,105,41,75,29,16,4,52]","[110,79,125,102,109,8,117,47,130,93,97,14,26]","[44,42,39,80,48,103,99,91,98,32,72,90,89]",236899m 34778p 26s,1224r578m 12r5p 119s 1z,347m 3p 2678s 11356z,9m 1234p 13555778s,3,3,4,,0,,,,,,
20260410130016_0100_009,20260410130016_0100,20260410130016,特上卓,2,【TM】,117,3z,tedashi,1775793758,2816.154,,0,,"[33,77,9,51,66,31,45,7,60,95,20,63,35]","[6,15,38,25,111,74,105,41,75,29,16,4,52]","[110,79,125,102,109,8,117,47,130,93,97,14,26,55]","[44,42,39,80,48,103,99,91,98,32,72,90,89]",236899m 34778p 26s,224r578m 12r5p 119s 1z,347m 35p 2678s 11356z,9m 1234p 13555778s,3,3,5,,0,,,,,,
20260410130016_0100_010,20260410130016_0100,20260410130016,特上卓,3,Tak1984,32,9m,tedashi,1775793760,2339.164,,3,947.949,"[33,77,9,51,66,31,45,7,60,95,20,63,35]","[6,15,38,25,111,74,105,41,75,29,16,4,52]","[110,79,125,102,109,8,47,130,93,97,14,26,55]","[44,42,39,80,48,103,99,91,98,32,72,90,89,131]",236899m 34778p 26s,224r578m 12r5p 119s 1z,347m 35p 2678s 1156z,9m 1234p 13555778s 6z,2,2,4,,0,,,,,,
20260410130016_0100_011,20260410130016_0100,20260410130016,特上卓,0,s6u,77,2s,tedashi,1775793762,973.151,,0,,"[33,77,9,51,66,31,45,7,60,95,20,63,35,100]","[6,15,38,25,111,74,105,41,75,29,16,4,52]","[110,79,125,102,109,8,47,130,93,97,14,26,55]","[44,42,39,80,48,103,99,91,98,72,90,89,131]",236899m 34778p 268s,224r578m 12r5p 119s 1z,347m 35p 2678s 1156z,1234p 13555778s 6z,3,3,4,,0,,,,,,
20260410130016_0100_012,20260410130016_0100,20260410130016,特上卓,1,優歩,111,1z,tedashi,1775793769,7001.798,,2,1524.276,"[33,9,51,66,31,45,7,60,95,20,63,35,100]","[6,15,38,25,111,74,105,41,75,29,16,4,52,12]","[110,79,125,102,109,8,47,130,93,97,14,26,55]","[44,42,39,80,48,103,99,91,98,72,90,89,131]",236899m 34778p 68s,2244r578m 12r5p 119s 1z,347m 35p 2678s 1156z,1234p 13555778s 6z,3,3,3,,0,,,,,,
20260410130016_0100_013,20260410130016_0100,20260410130016,特上卓,2,【TM】,125,5z,tedashi,1775793772,1664.553,,0,,"[33,9,51,66,31,45,7,60,95,20,63,35,100]","[6,15,38,25,74,105,41,75,29,16,4,52,12]","[79,125,102,8,47,130,93,97,14,26,55]","[44,42,39,80,48,103,99,91,98,72,90,89,131]",236899m 34778p 68s,2244r578m 12r5p 119s,347m 35p 2678s 56z,1234p 13555778s 6z,2,2,,,0,,,,,,
20260410130016_0100_014,20260410130016_0100,20260410130016,特上卓,3,Tak1984,131,6z,tedashi,1775793774,1612.577,,0,,"[33,9,51,66,31,45,7,60,95,20,63,35,100]","[6,15,38,25,74,105,41,75,29,16,4,52,12]","[79,102,8,47,130,93,97,14,26,55]","[44,42,39,80,48,103,99,91,98,72,90,89,131,50]",236899m 34778p 68s,2244r578m 12r5p 119s,347m 35p 2678s 6z,12344p 13555778s 6z,1,1,3,,0,,,,,,
20260410130016_0100_015,20260410130016_0100,20260410130016,特上卓,0,s6u,78,2s,tsumogiri,1775793775,1357.065,,0,,"[33,9,51,66,31,45,7,60,95,20,63,35,100,78]","[6,15,38,25,74,105,41,75,29,16,4,52,12]","[79,102,8,47,130,93,97,14,26,55]","[44,42,39,80,48,103,99,91,98,72,90,89,50]",236899m 34778p 268s,2244r578m 12r5p 119s,347m 35p 2678s 6z,12344p 13555778s,3,3,4,,0,,,,,,
20260410130016_0100_016,20260410130016_0100,20260410130016,特上卓,1,優歩,15,4m,tedashi,1775793780,4944.808,,0,,"[33,9,51,66,31,45,7,60,95,20,63,35,100]","[6,15,38,25,74,105,41,75,29,16,4,52,12,87]","[79,102,8,47,130,93,97,14,26,55]","[44,42,39,80,48,103,99,91,98,72,90,89,50]",236899m 34778p 68s,2244r578m 12r5p 1149s,347m 35p 2678s 6z,12344p 13555778s,3,3,3,,1,,,,,,
20260410130016_0100_017,20260410130016_0100,20260410130016,特上卓,2,【TM】,26,7m,tedashi,1775793783,3098.94,,0,,"[33,9,51,66,31,45,7,60,95,20,63,35,100]","[6,38,25,74,105,41,75,29,16,4,52,12,87]","[79,102,8,47,130,93,97,14,26,55,84]","[44,42,39,80,48,103,99,91,98,72,90,89,50]",236899m 34778p 68s,224r578m 12r5p 1149s,347m 35p 24678s 6z,12344p 13555778s,2,2,,,0,,,,,,
20260410130016_0100_018,20260410130016_0100,20260410130016,特上卓,3,Tak1984,133,7z,risekichu_hokan_tsumogiri,1775793785,1708.602,,0,,"[33,9,51,66,31,45,7,60,95,20,63,35,100]","[6,38,25,74,105,41,75,29,16,4,52,12,87]","[79,102,8,47,130,93,97,14,55,84]","[44,42,39,80,48,103,99,91,98,72,90,89,50,133]",236899m 34778p 68s,224r578m 12r5p 1149s,34m 35p 24678s 6z,12344p 13555778s 7z,1,1,3,,0,,,,,,
20260410130016_0100_019,20260410130016_0100,20260410130016,特上卓,0,s6u,20,6m,tedashi,1775793798,12986.013,,3,665.677,"[33,9,51,66,31,45,7,60,95,20,63,35,100,86]","[6,38,25,74,105,41,75,29,16,4,52,12,87]","[79,102,8,47,130,93,97,14,55,84]","[44,42,39,80,48,103,99,91,98,72,90,89,50]",236899m 34778p 468s,224r578m 12r5p 1149s,34m 35p 24678s 6z,12344p 13555778s,3,3,4,,0,6m,853pt,7p,849pt,8m,831pt
20260410130016_0100_020,20260410130016_0100,20260410130016,特上卓,1,優歩,105,9s,tedashi,1775793804,5349.452,,3,1301.758,"[33,9,51,66,31,45,7,60,95,63,35,100,86]","[6,38,25,74,105,41,75,29,16,4,52,12,87,23]","[79,102,8,47,130,93,97,14,55,84]","[44,42,39,80,48,103,99,91,98,72,90,89,50]",23899m 34778p 468s,224r5678m 12r5p 1149s,34m 35p 24678s 6z,12344p 13555778s,2,2,4,,0,,,,,,
20260410130016_0100_021,20260410130016_0100,20260410130016,特上卓,2,【TM】,130,6z,tedashi,1775793808,2034.502,,0,,"[33,9,51,66,31,45,7,60,95,63,35,100,86]","[6,38,25,74,41,75,29,16,4,52,12,87,23]","[79,102,8,47,130,93,97,14,55,84,101]","[44,42,39,80,48,103,99,91,98,72,90,89,50]",23899m 34778p 468s,224r5678m 12r5p 114s,34m 35p 246788s 6z,12344p 13555778s,2,2,,,0,,,,,,
20260410130016_0100_022,20260410130016_0100,20260410130016,特上卓,3,Tak1984,72,1s,tedashi,1775793811,3436.294,,3,768.029,"[33,9,51,66,31,45,7,60,95,63,35,100,86]","[6,38,25,74,41,75,29,16,4,52,12,87,23]","[79,102,8,47,93,97,14,55,84,101]","[44,42,39,80,48,103,99,91,98,72,90,89,50,11]",23899m 34778p 468s,224r5678m 12r5p 114s,34m 35p 246788s,3m 12344p 13555778s,1,1,3,,0,,,,,,
20260410130016_0100_023,20260410130016_0100,20260410130016,特上卓,0,s6u,31,8m,tedashi,1775793815,3211.151,,3,628.221,"[33,9,51,66,31,45,7,60,95,63,35,100,86,0]","[6,38,25,74,41,75,29,16,4,52,12,87,23]","[79,102,8,47,93,97,14,55,84,101]","[44,42,39,80,48,103,99,91,98,90,89,50,11]",123899m 34778p 468s,224r5678m 12r5p 114s,34m 35p 246788s,3m 12344p 3555778s,2,2,4,,0,8m,1256pt,7p,1254pt,4s,1128pt
20260410130016_0100_024,20260410130016_0100,20260410130016,特上卓,1,優歩,18,5m,risekichu_hokan_tsumogiri,1775793818,2026.023,,2,1809.731,"[33,9,51,66,45,7,60,95,63,35,100,86,0]","[6,38,25,74,41,75,29,16,4,52,12,87,23,18]","[79,102,8,47,93,97,14,55,84,101]","[44,42,39,80,48,103,99,91,98,90,89,50,11]",12399m 34778p 468s,224r55678m 12r5p 114s,34m 35p 246788s,3m 12344p 3555778s,2,2,3,,0,,,,,,
20260410130016_0100_025,20260410130016_0100,20260410130016,特上卓,2,【TM】,47,3p,tedashi,1775793821,2032.151,,6,270.809,"[33,9,51,66,45,7,60,95,63,35,100,86,0]","[6,38,25,74,41,75,29,16,4,52,12,87,23]","[79,102,47,93,97,55,84,101]","[44,42,39,80,48,103,99,91,98,90,89,50,11]",12399m 34778p 468s,224r5678m 12r5p 114s,35p 246788s,3m 12344p 3555778s,1,1,,,0,,,,,,
20260410130016_0100_026,20260410130016_0100,20260410130016,特上卓,3,Tak1984,132,7z,risekichu_hokan_tsumogiri,1775793823,1621.892,,0,,"[33,9,51,66,45,7,60,95,63,35,100,86,0]","[6,38,25,74,41,75,29,16,4,52,12,87,23]","[79,102,93,97,55,84,101]","[44,42,39,80,48,103,99,91,98,90,89,50,11,132]",12399m 34778p 468s,224r5678m 12r5p 114s,5p 246788s,3m 12344p 3555778s 7z,2,2,3,,0,,,,,,
20260410130016_0100_027,20260410130016_0100,20260410130016,特上卓,0,s6u,36,1p,tsumogiri,1775793827,3573.274,,0,,"[33,9,51,66,45,7,60,95,63,35,100,86,0,36]","[6,38,25,74,41,75,29,16,4,52,12,87,23]","[79,102,93,97,55,84,101]","[44,42,39,80,48,103,99,91,98,90,89,50,11]",12399m 134778p 468s,224r5678m 12r5p 114s,5p 246788s,3m 12344p 3555778s,2,2,4,,0,1p,1454pt,7p,1423pt,4s,1218pt
20260410130016_0100_028,20260410130016_0100,20260410130016,特上卓,1,優歩,108,1z,risekichu_hokan_tsumogiri,1775793831,4113.176,,0,,"[33,9,51,66,45,7,60,95,63,35,100,86,0]","[6,38,25,74,41,75,29,16,4,52,12,87,23,108]","[79,102,93,97,55,84,101]","[44,42,39,80,48,103,99,91,98,90,89,50,11]",12399m 34778p 468s,224r5678m 12r5p 114s 1z,5p 246788s,3m 12344p 3555778s,2,2,4,,0,,,,,,
20260410130016_0100_029,20260410130016_0100,20260410130016,特上卓,2,【TM】,114,2z,risekichu_hokan_tsumogiri,1775793834,2834.549,,0,,"[33,9,51,66,45,7,60,95,63,35,100,86,0]","[6,38,25,74,41,75,29,16,4,52,12,87,23]","[79,102,93,97,55,84,101,114]","[44,42,39,80,48,103,99,91,98,90,89,50,11]",12399m 34778p 468s,224r5678m 12r5p 114s,5p 246788s 2z,3m 12344p 3555778s,1,1,,,0,,,,,,
20260410130016_0100_030,20260410130016_0100,20260410130016,特上卓,3,Tak1984,127,5z,risekichu_hokan_tsumogiri,1775793835,1581.458,,0,,"[33,9,51,66,45,7,60,95,63,35,100,86,0]","[6,38,25,74,41,75,29,16,4,52,12,87,23]","[79,102,93,97,55,84,101]","[44,42,39,80,48,103,99,91,98,90,89,50,11,127]",12399m 34778p 468s,224r5678m 12r5p 114s,5p 246788s,3m 12344p 3555778s 5z,2,2,3,,0,,,,,,
20260410130016_0100_031,20260410130016_0100,20260410130016,特上卓,0,s6u,46,3p,tsumogiri,1775793839,3088.965,,3,1049.628,"[33,9,51,66,45,7,60,95,63,35,100,86,0,46]","[6,38,25,74,41,75,29,16,4,52,12,87,23]","[79,102,93,97,55,84,101]","[44,42,39,80,48,103,99,91,98,90,89,50,11]",12399m 334778p 468s,224r5678m 12r5p 114s,5p 246788s,3m 12344p 3555778s,2,2,3,,1,3p,1360pt,7p,1336pt,4s,1146pt
20260410130016_0100_032,20260410130016_0100,20260410130016,特上卓,1,優歩,74,1s,tedashi,1775793842,2702.723,,0,,"[33,9,51,66,45,7,60,95,63,35,100,86,0]","[6,38,25,74,41,75,29,16,4,52,12,87,23,21]","[79,102,93,97,55,84,101]","[44,42,39,80,48,103,99,91,98,90,89,50,11]",12399m 34778p 468s,224r56678m 12r5p 114s,5p 246788s,3m 12344p 3555778s,1,1,3,,0,,,,,,
20260410130016_0100_033,20260410130016_0100,20260410130016,特上卓,2,【TM】,64,8p,risekichu_hokan_tsumogiri,1775793844,1823.054,,0,,"[33,9,51,66,45,7,60,95,63,35,100,86,0]","[6,38,25,41,75,29,16,4,52,12,87,23,21]","[79,102,93,97,55,84,101,64]","[44,42,39,80,48,103,99,91,98,90,89,50,11]",12399m 34778p 468s,224r56678m 12r5p 14s,58p 246788s,3m 12344p 3555778s,1,1,,,0,,,,,,
20260410130016_0100_034,20260410130016_0100,20260410130016,特上卓,3,Tak1984,39,1p,tedashi,1775793849,5353.575,,0,,"[33,9,51,66,45,7,60,95,63,35,100,86,0]","[6,38,25,41,75,29,16,4,52,12,87,23,21]","[79,102,93,97,55,84,101]","[44,42,39,80,48,103,99,91,98,90,89,50,11,85]",12399m 34778p 468s,224r56678m 12r5p 14s,5p 246788s,3m 12344p 34555778s,1,1,3,,0,,,,,,
20260410130016_0100_035,20260410130016_0100,20260410130016,特上卓,0,s6u,27,7m,tsumogiri,1775793852,2126.024,,3,734.021,"[33,9,51,66,45,7,60,95,63,35,100,86,0,27]","[6,38,25,41,75,29,16,4,52,12,87,23,21]","[79,102,93,97,55,84,101]","[44,42,80,48,103,99,91,98,90,89,50,11,85]",123799m 34778p 468s,224r56678m 12r5p 14s,5p 246788s,3m 2344p 34555778s,2,2,4,,0,7m,1240pt,7p,1234pt,4s,1110pt
20260410130016_0100_036,20260410130016_0100,20260410130016,特上卓,1,優歩,75,1s,tedashi,1775793854,1530.103,,0,,"[33,9,51,66,45,7,60,95,63,35,100,86,0]","[6,38,25,41,75,29,16,4,52,12,87,23,21,123]","[79,102,93,97,55,84,101]","[44,42,80,48,103,99,91,98,90,89,50,11,85]",12399m 34778p 468s,224r56678m 12r5p 14s 4z,5p 246788s,3m 2344p 34555778s,2,2,4,,0,,,,,,
20260410130016_0100_037,20260410130016_0100,20260410130016,特上卓,2,【TM】,22,6m,risekichu_hokan_tsumogiri,1775793856,2179.927,,3,1041.499,"[33,9,51,66,45,7,60,95,63,35,100,86,0]","[6,38,25,41,29,16,4,52,12,87,23,21,123]","[79,102,93,97,55,84,101,22]","[44,42,80,48,103,99,91,98,90,89,50,11,85]",12399m 34778p 468s,224r56678m 12r5p 4s 4z,6m 5p 246788s,3m 2344p 34555778s,1,1,,,0,,,,,,
20260410130016_0100_038,20260410130016_0100,20260410130016,特上卓,3,Tak1984,99,7s,tedashi,1775793864,6648.813,,3,902.582,"[33,9,51,66,45,7,60,95,63,35,100,86,0]","[6,38,25,41,29,16,4,52,12,87,23,21,123]","[79,102,93,97,55,84,101]","[44,42,80,48,103,99,91,98,90,89,50,11,85,13]",12399m 34778p 468s,224r56678m 12r5p 4s 4z,5p 246788s,34m 2344p 34555778s,1,1,3,,1,,,,,,
20260410130016_0100_039,20260410130016_0100,20260410130016,特上卓,0,s6u,66,8p,tedashi,1775793867,2158.463,,0,,"[33,9,51,66,45,7,60,95,63,35,100,86,0,62]","[6,38,25,41,29,16,4,52,12,87,23,21,123]","[79,102,93,97,55,84,101]","[44,42,80,48,103,91,98,90,89,50,11,85,13]",12399m 347778p 468s,224r56678m 12r5p 4s 4z,5p 246788s,34m 2344p 3455578s,1,1,4,,0,8p,1412pt,8s,1214pt,9m,1175pt
20260410130016_0100_040,20260410130016_0100,20260410130016,特上卓,1,優歩,128,6z,risekichu_hokan_tsumogiri,1775793870,3208.736,,0,,"[33,9,51,45,7,60,95,63,35,100,86,0,62]","[6,38,25,41,29,16,4,52,12,87,23,21,123,128]","[79,102,93,97,55,84,101]","[44,42,80,48,103,91,98,90,89,50,11,85,13]",12399m 34777p 468s,224r56678m 12r5p 4s 46z,5p 246788s,34m 2344p 3455578s,2,2,4,,0,,,,,,
20260410130016_0100_041,20260410130016_0100,20260410130016,特上卓,2,【TM】,79,2s,tedashi,1775793874,3616.699,,6,236.861,"[33,9,51,45,7,60,95,63,35,100,86,0,62]","[6,38,25,41,29,16,4,52,12,87,23,21,123]","[79,102,93,97,55,84,101,56]","[44,42,80,48,103,91,98,90,89,50,11,85,13]",12399m 34777p 468s,224r56678m 12r5p 4s 4z,56p 246788s,34m 2344p 3455578s,1,1,,,0,,,,,,
20260410130016_0100_042,20260410130016_0100,20260410130016,特上卓,3,Tak1984,48,4p,tedashi,1775793880,6121.74,,0,,"[33,9,51,45,7,60,95,63,35,100,86,0,62]","[6,38,25,41,29,16,4,52,12,87,23,21,123]","[102,93,97,55,84,101,56]","[44,42,80,48,103,91,98,90,89,50,11,85,13,83]",12399m 34777p 468s,224r56678m 12r5p 4s 4z,56p 46788s,34m 2344p 33455578s,1,1,3,,0,,,,,,
20260410130016_0100_043,20260410130016_0100,20260410130016,特上卓,0,s6u,115,2z,tsumogiri,1775793882,2470.933,,0,,"[33,9,51,45,7,60,95,63,35,100,86,0,62,115]","[6,38,25,41,29,16,4,52,12,87,23,21,123]","[102,93,97,55,84,101,56]","[44,42,80,103,91,98,90,89,50,11,85,13,83]",12399m 34777p 468s 2z,224r56678m 12r5p 4s 4z,56p 46788s,34m 234p 33455578s,1,1,4,,0,2z,1292pt,8s,1090pt,4s,977pt
20260410130016_0100_044,20260410130016_0100,20260410130016,特上卓,1,優歩,123,4z,tedashi,1775793886,3284.322,,0,,"[33,9,51,45,7,60,95,63,35,100,86,0,62]","[6,38,25,41,29,16,4,52,12,87,23,21,123,19]","[102,93,97,55,84,101,56]","[44,42,80,103,91,98,90,89,50,11,85,13,83]",12399m 34777p 468s,224r556678m 12r5p 4s 4z,56p 46788s,34m 234p 33455578s,2,2,3,,0,,,,,,
20260410130016_0100_045,20260410130016_0100,20260410130016,特上卓,2,【TM】,84,4s,tedashi,1775793887,1688.603,,6,220.692,"[33,9,51,45,7,60,95,63,35,100,86,0,62]","[6,38,25,41,29,16,4,52,12,87,23,21,19]","[102,93,97,55,84,101,56,113]","[44,42,80,103,91,98,90,89,50,11,85,13,83]",12399m 34777p 468s,224r556678m 12r5p 4s,56p 46788s 2z,34m 234p 33455578s,1,1,,,0,,,,,,
20260410130016_0100_046,20260410130016_0100,20260410130016,特上卓,3,Tak1984,80,3s,tedashi,1775793890,2788.031,,0,,"[33,9,51,45,7,60,95,63,35,100,86,0,62]","[6,38,25,41,29,16,4,52,12,87,23,21,19]","[102,93,97,55,101,56,113]","[44,42,80,103,91,98,90,89,50,11,85,13,83,37]",12399m 34777p 468s,224r556678m 12r5p 4s,56p 6788s 2z,34m 1234p 33455578s,1,1,4,,0,,,,,,
20260410130016_0100_047,20260410130016_0100,20260410130016,特上卓,0,s6u,86,4s,tedashi,1775793895,1322.817,3586.739,0,,"[33,9,51,45,7,60,95,63,35,100,86,0,62,54]","[6,38,25,41,29,16,4,52,12,87,23,21,19]","[102,93,97,55,101,56,113]","[44,42,103,91,98,90,89,50,11,85,13,83,37]",12399m 345777p 468s,224r556678m 12r5p 4s,56p 6788s 2z,34m 1234p 3455578s,0,0,4,7s,0,8s,1379pt,4s,1173pt,,
20260410130016_0100_048,20260410130016_0100,20260410130016,特上卓,1,優歩,38,1p,tedashi,1775793899,3701.303,,5,1636.647,"[33,9,51,45,7,60,95,63,35,100,0,62,54]","[6,38,25,41,29,16,4,52,12,87,23,21,19,92]","[102,93,97,55,101,56,113]","[44,42,103,91,98,90,89,50,11,85,13,83,37]",12399m 345777p 68s,224r556678m 12r5p 46s,56p 6788s 2z,34m 1234p 3455578s,1,1,3,,0,,,,,,
20260410130016_0100_049,20260410130016_0100,20260410130016,特上卓,2,【TM】,10,3m,risekichu_hokan_tsumogiri,1775793904,3825.927,,0,,"[33,9,51,45,7,60,95,63,35,100,0,62,54]","[6,25,41,29,16,4,52,12,87,23,21,19,92]","[102,93,97,55,101,56,113,10]","[44,42,103,91,98,90,89,50,11,85,13,83,37]",12399m 345777p 68s,224r556678m 2r5p 46s,3m 56p 6788s 2z,34m 1234p 3455578s,1,1,,,0,,,,,,
20260410130016_0100_050,20260410130016_0100,20260410130016,特上卓,3,Tak1984,37,1p,tedashi,1775793908,3230.146,,0,,"[33,9,51,45,7,60,95,63,35,100,0,62,54]","[6,25,41,29,16,4,52,12,87,23,21,19,92]","[102,93,97,55,101,56,113]","[44,42,103,91,98,90,89,50,11,85,13,83,37,118]",12399m 345777p 68s,224r556678m 2r5p 46s,56p 6788s 2z,34m 1234p 3455578s 3z,1,1,5,,0,,,,,,
20260410130016_0100_051,20260410130016_0100,20260410130016,特上卓,0,s6u,58,6p,tsumogiri,1775793908,684.739,,0,,"[33,9,51,45,7,60,95,63,35,100,0,62,54,58]","[6,25,41,29,16,4,52,12,87,23,21,19,92]","[102,93,97,55,101,56,113]","[44,42,103,91,98,90,89,50,11,85,13,83,118]",12399m 3456777p 68s,224r556678m 2r5p 46s,56p 6788s 2z,34m 234p 3455578s 3z,0,0,4,7s,0,6p,1061pt,3p,1041pt,,
20260410130016_0100_052,20260410130016_0100,20260410130016,特上卓,1,優歩,29,8m,tedashi,1775793911,3029.965,,0,,"[33,9,51,45,7,60,95,63,35,100,0,62,54]","[6,25,41,29,16,4,52,12,87,23,21,19,92,67]","[102,93,97,55,101,56,113]","[44,42,103,91,98,90,89,50,11,85,13,83,118]",12399m 345777p 68s,224r556678m 2r58p 46s,56p 6788s 2z,34m 234p 3455578s 3z,2,2,3,,0,,,,,,
20260410130016_0100_053,20260410130016_0100,20260410130016,特上卓,2,【TM】,113,2z,tedashi,1775793913,1442.138,,0,,"[33,9,51,45,7,60,95,63,35,100,0,62,54]","[6,25,41,16,4,52,12,87,23,21,19,92,67]","[102,93,97,55,101,56,113,49]","[44,42,103,91,98,90,89,50,11,85,13,83,118]",12399m 345777p 68s,224r55667m 2r58p 46s,456p 6788s 2z,34m 234p 3455578s 3z,0,0,,58s,0,,,,,,
20260410130016_0100_054,20260410130016_0100,20260410130016,特上卓,3,Tak1984,28,8m,risekichu_hokan_tsumogiri,1775793915,2527.299,,0,,"[33,9,51,45,7,60,95,63,35,100,0,62,54]","[6,25,41,16,4,52,12,87,23,21,19,92,67]","[102,93,97,55,101,56,49]","[44,42,103,91,98,90,89,50,11,85,13,83,118,28]",12399m 345777p 68s,224r55667m 2r58p 46s,456p 6788s,348m 234p 3455578s 3z,1,1,5,,0,,,,,,
20260410130016_0100_055,20260410130016_0100,20260410130016,特上卓,0,s6u,116,3z,tsumogiri,1775793916,708.375,,5,1708.074,"[33,9,51,45,7,60,95,63,35,100,0,62,54,116]","[6,25,41,16,4,52,12,87,23,21,19,92,67]","[102,93,97,55,101,56,49]","[44,42,103,91,98,90,89,50,11,85,13,83,118]",12399m 345777p 68s 3z,224r55667m 2r58p 46s,456p 6788s,34m 234p 3455578s 3z,0,0,4,7s,0,3z,921pt,,,,
20260410130016_0100_056,20260410130016_0100,20260410130016,特上卓,1,優歩,129,6z,risekichu_hokan_tsumogiri,1775793919,1658.906,,0,,"[33,9,51,45,7,60,95,63,35,100,0,62,54]","[6,25,41,16,4,52,12,87,23,21,19,92,67,129]","[102,93,97,55,101,56,49]","[44,42,103,91,98,90,89,50,11,85,13,83,118]",12399m 345777p 68s,224r55667m 2r58p 46s 6z,456p 6788s,34m 234p 3455578s 3z,2,2,3,,0,,,,,,
20260410130016_0100_057,20260410130016_0100,20260410130016,特上卓,2,【TM】,17,5m,risekichu_hokan_tsumogiri,1775793921,1625.886,,3,1809.801,"[33,9,51,45,7,60,95,63,35,100,0,62,54]","[6,25,41,16,4,52,12,87,23,21,19,92,67]","[102,93,97,55,101,56,49,17]","[44,42,103,91,98,90,89,50,11,85,13,83,118]",12399m 345777p 68s,224r55667m 2r58p 46s,5m 456p 6788s,34m 234p 3455578s 3z,0,0,,58s,0,,,,,,
20260410130016_0100_058,20260410130016_0100,20260410130016,特上卓,3,Tak1984,118,3z,tedashi,1775793925,1637.902,,0,,"[33,9,51,45,7,60,95,63,35,100,0,62,54]","[6,25,41,16,4,52,12,87,23,21,19,92,67]","[102,93,97,55,101,56,49]","[44,42,103,91,98,90,89,50,11,85,13,83,118,70]",12399m 345777p 68s,224r55667m 2r58p 46s,456p 6788s,34m 2349p 3455578s 3z,1,1,5,,0,,,,,,
20260410130016_0100_059,20260410130016_0100,20260410130016,特上卓,0,s6u,88,r5s,tsumogiri,1775793925,689.608,,0,,"[33,9,51,45,7,60,95,63,35,100,0,62,54,88]","[6,25,41,16,4,52,12,87,23,21,19,92,67]","[102,93,97,55,101,56,49]","[44,42,103,91,98,90,89,50,11,85,13,83,70]",12399m 345777p r568s,224r55667m 2r58p 46s,456p 6788s,34m 2349p 3455578s,0,0,4,7s,0,8s,1503pt,r5s,812pt,,
20260410130016_0200_000,20260410130016_0200,20260410130016,特上卓,2,【TM】,118,3z,tedashi,1775793940,,,0,,"[96,72,55,95,64,69,77,24,119,133,33,135,93]","[49,48,50,59,23,19,47,9,101,43,87,116,89]","[94,62,10,61,130,83,124,44,51,118,25,123,97,22]","[16,104,5,88,91,30,117,8,65,115,15,0,81]",79m 589p 12667s 377z,356m 234446p 458s 3z,367m 3477p 367s 3456z,1234r58m 8p 3r559s 23z,4,4,5,,0,,,,,,
20260410130016_0200_001,20260410130016_0200,20260410130016,特上卓,3,Tak1984,117,3z,tedashi,1775793942,1817.654,,0,,"[96,72,55,95,64,69,77,24,119,133,33,135,93]","[49,48,50,59,23,19,47,9,101,43,87,116,89]","[94,62,10,61,130,83,124,44,51,25,123,97,22]","[16,104,5,88,91,30,117,8,65,115,15,0,81,36]",79m 589p 12667s 377z,356m 234446p 458s 3z,367m 3477p 367s 456z,1234r58m 18p 3r559s 23z,4,4,5,,0,,,,,,
20260410130016_0200_002,20260410130016_0200,20260410130016,特上卓,0,s6u,119,3z,tedashi,1775793945,2904.516,,0,,"[96,72,55,95,64,69,77,24,119,133,33,135,93,121]","[49,48,50,59,23,19,47,9,101,43,87,116,89]","[94,62,10,61,130,83,124,44,51,25,123,97,22]","[16,104,5,88,91,30,8,65,115,15,0,81,36]",79m 589p 12667s 3477z,356m 234446p 458s 3z,367m 3477p 367s 456z,1234r58m 18p 3r559s 2z,3,3,4,,0,,,,,,
20260410130016_0200_003,20260410130016_0200,20260410130016,特上卓,1,優歩,101,8s,tedashi,1775793950,4807.486,,3,1306.397,"[96,72,55,95,64,69,77,24,133,33,135,93,121]","[49,48,50,59,23,19,47,9,101,43,87,116,89,45]","[94,62,10,61,130,83,124,44,51,25,123,97,22]","[16,104,5,88,91,30,8,65,115,15,0,81,36]",79m 589p 12667s 477z,356m 2334446p 458s 3z,367m 3477p 367s 456z,1234r58m 18p 3r559s 2z,3,3,4,,0,,,,,,
20260410130016_0200_004,20260410130016_0200,20260410130016,特上卓,2,【TM】,123,4z,tedashi,1775793952,776.462,,0,,"[96,72,55,95,64,69,77,24,133,33,135,93,121]","[49,48,50,59,23,19,47,9,43,87,116,89,45]","[94,62,10,61,130,83,124,44,51,25,123,97,22,34]","[16,104,5,88,91,30,8,65,115,15,0,81,36]",79m 589p 12667s 477z,356m 2334446p 45s 3z,3679m 3477p 367s 456z,1234r58m 18p 3r559s 2z,4,4,5,,0,,,,,,
20260410130016_0200_005,20260410130016_0200,20260410130016,特上卓,3,Tak1984,36,1p,tedashi,1775793955,2872.833,,0,,"[96,72,55,95,64,69,77,24,133,33,135,93,121]","[49,48,50,59,23,19,47,9,43,87,116,89,45]","[94,62,10,61,130,83,124,44,51,25,97,22,34]","[16,104,5,88,91,30,8,65,115,15,0,81,36,26]",79m 589p 12667s 477z,356m 2334446p 45s 3z,3679m 3477p 367s 56z,1234r578m 18p 3r559s 2z,3,3,5,,0,,,,,,
20260410130016_0200_006,20260410130016_0200,20260410130016,特上卓,0,s6u,121,4z,tedashi,1775793957,2333.826,,0,,"[96,72,55,95,64,69,77,24,133,33,135,93,121,108]","[49,48,50,59,23,19,47,9,43,87,116,89,45]","[94,62,10,61,130,83,124,44,51,25,97,22,34]","[16,104,5,88,91,30,8,65,115,15,0,81,26]",79m 589p 12667s 1477z,356m 2334446p 45s 3z,3679m 3477p 367s 56z,1234r578m 8p 3r559s 2z,3,3,4,,0,4z,352pt,1z,351pt,5p,345pt
20260410130016_0200_007,20260410130016_0200,20260410130016,特上卓,1,優歩,73,1s,risekichu_hokan_tsumogiri,1775793959,2020.903,,0,,"[96,72,55,95,64,69,77,24,133,33,135,93,108]","[49,48,50,59,23,19,47,9,43,87,116,89,45,73]","[94,62,10,61,130,83,124,44,51,25,97,22,34]","[16,104,5,88,91,30,8,65,115,15,0,81,26]",79m 589p 12667s 177z,356m 2334446p 145s 3z,3679m 3477p 367s 56z,1234r578m 8p 3r559s 2z,3,3,4,,0,,,,,,
20260410130016_0200_008,20260410130016_0200,20260410130016,特上卓,2,【TM】,34,9m,tedashi,1775793961,1611.326,,6,298.631,"[96,72,55,95,64,69,77,24,133,33,135,93,108]","[49,48,50,59,23,19,47,9,43,87,116,89,45]","[94,62,10,61,130,83,124,44,51,25,97,22,34,85]","[16,104,5,88,91,30,8,65,115,15,0,81,26]",79m 589p 12667s 177z,356m 2334446p 45s 3z,3679m 3477p 3467s 56z,1234r578m 8p 3r559s 2z,3,3,5,,0,,,,,,
20260410130016_0200_009,20260410130016_0200,20260410130016,特上卓,3,Tak1984,37,1p,risekichu_hokan_tsumogiri,1775793962,1452.754,,0,,"[96,72,55,95,64,69,77,24,133,33,135,93,108]","[49,48,50,59,23,19,47,9,43,87,116,89,45]","[94,62,10,61,130,83,124,44,51,25,97,22,85]","[16,104,5,88,91,30,8,65,115,15,0,81,26,37]",79m 589p 12667s 177z,356m 2334446p 45s 3z,367m 3477p 3467s 56z,1234r578m 18p 3r559s 2z,3,3,5,,0,,,,,,
20260410130016_0200_010,20260410130016_0200,20260410130016,特上卓,0,s6u,55,5p,tedashi,1775793972,9450.254,,3,576.434,"[96,72,55,95,64,69,77,24,133,33,135,93,108,111]","[49,48,50,59,23,19,47,9,43,87,116,89,45]","[94,62,10,61,130,83,124,44,51,25,97,22,85]","[16,104,5,88,91,30,8,65,115,15,0,81,26]",79m 589p 12667s 1177z,356m 2334446p 45s 3z,367m 3477p 3467s 56z,1234r578m 8p 3r559s 2z,3,3,3,,0,5p,551pt,9m,541pt,9p,534pt
20260410130016_0200_011,20260410130016_0200,20260410130016,特上卓,1,優歩,116,3z,tedashi,1775793975,2589.825,,0,,"[96,72,95,64,69,77,24,133,33,135,93,108,111]","[49,48,50,59,23,19,47,9,43,87,116,89,45,13]","[94,62,10,61,130,83,124,44,51,25,97,22,85]","[16,104,5,88,91,30,8,65,115,15,0,81,26]",79m 89p 12667s 1177z,3456m 2334446p 45s 3z,367m 3477p 3467s 56z,1234r578m 8p 3r559s 2z,2,2,4,,0,,,,,,
20260410130016_0200_012,20260410130016_0200,20260410130016,特上卓,2,【TM】,130,6z,tedashi,1775793976,1456.231,,0,,"[96,72,95,64,69,77,24,133,33,135,93,108,111]","[49,48,50,59,23,19,47,9,43,87,89,45,13]","[94,62,10,61,130,83,124,44,51,25,97,22,85,56]","[16,104,5,88,91,30,8,65,115,15,0,81,26]",79m 89p 12667s 1177z,3456m 2334446p 45s,367m 34677p 3467s 56z,1234r578m 8p 3r559s 2z,3,3,5,,0,,,,,,
20260410130016_0200_013,20260410130016_0200,20260410130016,特上卓,3,Tak1984,104,9s,tedashi,1775793979,2914.222,,0,,"[96,72,95,64,69,77,24,133,33,135,93,108,111]","[49,48,50,59,23,19,47,9,43,87,89,45,13]","[94,62,10,61,83,124,44,51,25,97,22,85,56]","[16,104,5,88,91,30,8,65,115,15,0,81,26,53]",79m 89p 12667s 1177z,3456m 2334446p 45s,367m 34677p 3467s 5z,1234r578m 58p 3r559s 2z,3,3,5,,0,,,,,,
20260410130016_0200_014,20260410130016_0200,20260410130016,特上卓,0,s6u,72,1s,tedashi,1775793986,6247.621,,0,,"[96,72,95,64,69,77,24,133,33,135,93,108,111,70]","[49,48,50,59,23,19,47,9,43,87,89,45,13]","[94,62,10,61,83,124,44,51,25,97,22,85,56]","[16,5,88,91,30,8,65,115,15,0,81,26,53]",79m 899p 12667s 1177z,3456m 2334446p 45s,367m 34677p 3467s 5z,1234r578m 58p 3r55s 2z,2,3,2,,0,1s,680pt,9m,678pt,2s,654pt
20260410130016_0200_015,20260410130016_0200,20260410130016,特上卓,1,優歩,59,6p,tedashi,1775793989,3603.106,,0,,"[96,95,64,69,77,24,133,33,135,93,108,111,70]","[49,48,50,59,23,19,47,9,43,87,89,45,13,18]","[94,62,10,61,83,124,44,51,25,97,22,85,56]","[16,5,88,91,30,8,65,115,15,0,81,26,53]",79m 899p 2667s 1177z,34556m 2334446p 45s,367m 34677p 3467s 5z,1234r578m 58p 3r55s 2z,1,1,3,,0,,,,,,
20260410130016_0200_016,20260410130016_0200,20260410130016,特上卓,2,【TM】,10,3m,tedashi,1775793991,2116.662,,6,315.092,"[96,95,64,69,77,24,133,33,135,93,108,111,70]","[49,48,50,23,19,47,9,43,87,89,45,13,18]","[94,62,10,61,83,124,44,51,25,97,22,85,56,21]","[16,5,88,91,30,8,65,115,15,0,81,26,53]",79m 899p 2667s 1177z,34556m 233444p 45s,3667m 34677p 3467s 5z,1234r578m 58p 3r55s 2z,3,3,4,,0,,,,,,
20260410130016_0200_017,20260410130016_0200,20260410130016,特上卓,3,Tak1984,115,2z,tedashi,1775793996,3986.595,,0,,"[96,95,64,69,77,24,133,33,135,93,108,111,70]","[49,48,50,23,19,47,9,43,87,89,45,13,18]","[94,62,61,83,124,44,51,25,97,22,85,56,21]","[16,5,88,91,30,8,65,115,15,0,81,26,53,71]",79m 899p 2667s 1177z,34556m 233444p 45s,667m 34677p 3467s 5z,1234r578m 589p 3r55s 2z,2,2,5,,0,,,,,,
20260410130016_0200_018,20260410130016_0200,20260410130016,特上卓,0,s6u,40,2p,tsumogiri,1775794001,5191.286,,3,1510.58,"[96,95,64,69,77,24,133,33,135,93,108,111,70,40]","[49,48,50,23,19,47,9,43,87,89,45,13,18]","[94,62,61,83,124,44,51,25,97,22,85,56,21]","[16,5,88,91,30,8,65,15,0,81,26,53,71]",79m 2899p 2667s 1177z,34556m 233444p 45s,667m 34677p 3467s 5z,1234r578m 589p 3r55s,2,3,2,,0,2p,625pt,2s,625pt,8p,584pt
20260410130016_0200_019,20260410130016_0200,20260410130016,特上卓,1,優歩,67,8p,risekichu_hokan_tsumogiri,1775794004,1479.649,,3,1448.078,"[96,95,64,69,77,24,133,33,135,93,108,111,70]","[49,48,50,23,19,47,9,43,87,89,45,13,18,67]","[94,62,61,83,124,44,51,25,97,22,85,56,21]","[16,5,88,91,30,8,65,15,0,81,26,53,71]",79m 899p 2667s 1177z,34556m 2334448p 45s,667m 34677p 3467s 5z,1234r578m 589p 3r55s,1,1,3,,0,,,,,,
20260410130016_0200_020,20260410130016_0200,20260410130016,特上卓,2,【TM】,124,5z,tedashi,1775794006,1232.507,,0,,"[96,95,64,69,77,24,133,33,135,93,108,111,70]","[49,48,50,23,19,47,9,43,87,89,45,13,18]","[94,62,61,83,124,44,51,25,97,22,85,56,21,46]","[16,5,88,91,30,8,65,15,0,81,26,53,71]",79m 899p 2667s 1177z,34556m 233444p 45s,667m 334677p 3467s 5z,1234r578m 589p 3r55s,3,3,3,,0,,,,,,
20260410130016_0200_021,20260410130016_0200,20260410130016,特上卓,3,Tak1984,81,3s,tedashi,1775794013,6645.694,,0,,"[96,95,64,69,77,24,133,33,135,93,108,111,70]","[49,48,50,23,19,47,9,43,87,89,45,13,18]","[94,62,61,83,44,51,25,97,22,85,56,21,46]","[16,5,88,91,30,8,65,15,0,81,26,53,71,35]",79m 899p 2667s 1177z,34556m 233444p 45s,667m 334677p 3467s,1234r5789m 589p 3r55s,1,1,5,,0,,,,,,
20260410130016_0200_022,20260410130016_0200,20260410130016,特上卓,0,s6u,33,9m,tedashi,1775794018,5386.069,,0,,"[96,95,64,69,77,24,133,33,135,93,108,111,70,80]","[49,48,50,23,19,47,9,43,87,89,45,13,18]","[94,62,61,83,44,51,25,97,22,85,56,21,46]","[16,5,88,91,30,8,65,15,0,26,53,71,35]",79m 899p 23667s 1177z,34556m 233444p 45s,667m 334677p 3467s,1234r5789m 589p r55s,2,3,2,,0,9m,547pt,7m,524pt,8p,504pt
20260410130016_0200_023,20260410130016_0200,20260410130016,特上卓,1,優歩,1,1m,risekichu_hokan_tsumogiri,1775794022,3578.968,,0,,"[96,95,64,69,77,24,133,135,93,108,111,70,80]","[49,48,50,23,19,47,9,43,87,89,45,13,18,1]","[94,62,61,83,44,51,25,97,22,85,56,21,46]","[16,5,88,91,30,8,65,15,0,26,53,71,35]",7m 899p 23667s 1177z,134556m 233444p 45s,667m 334677p 3467s,1234r5789m 589p r55s,1,1,3,,0,,,,,,
20260410130016_0200_024,20260410130016_0200,20260410130016,特上卓,2,【TM】,22,6m,tedashi,1775794025,2605.469,,6,323.292,"[96,95,64,69,77,24,133,135,93,108,111,70,80]","[49,48,50,23,19,47,9,43,87,89,45,13,18]","[94,62,61,83,44,51,25,97,22,85,56,21,46,31]","[16,5,88,91,30,8,65,15,0,26,53,71,35]",7m 899p 23667s 1177z,34556m 233444p 45s,6678m 334677p 3467s,1234r5789m 589p r55s,2,2,3,,0,,,,,,
20260410130016_0200_025,20260410130016_0200,20260410130016,特上卓,3,Tak1984,32,9m,risekichu_hokan_tsumogiri,1775794027,2421.071,,0,,"[96,95,64,69,77,24,133,135,93,108,111,70,80]","[49,48,50,23,19,47,9,43,87,89,45,13,18]","[94,62,61,83,44,51,25,97,85,56,21,46,31]","[16,5,88,91,30,8,65,15,0,26,53,71,35,32]",7m 899p 23667s 1177z,34556m 233444p 45s,678m 334677p 3467s,1234r57899m 589p r55s,1,1,4,,0,,,,,,
20260410130016_0200_026,20260410130016_0200,20260410130016,特上卓,0,s6u,80,3s,tedashi,1775794036,9069.29,,3,770.553,"[96,95,64,69,77,24,133,135,93,108,111,70,80,76]","[49,48,50,23,19,47,9,43,87,89,45,13,18]","[94,62,61,83,44,51,25,97,85,56,21,46,31]","[16,5,88,91,30,8,65,15,0,26,53,71,35]",7m 899p 223667s 1177z,34556m 233444p 45s,678m 334677p 3467s,1234r5789m 589p r55s,1,3,1,,0,8p,930pt,3s,930pt,7s,846pt
20260410130016_0200_027,20260410130016_0200,20260410130016,特上卓,1,優歩,127,5z,risekichu_hokan_tsumogiri,1775794039,1499.474,,0,,"[96,95,64,69,77,24,133,135,93,108,111,70,76]","[49,48,50,23,19,47,9,43,87,89,45,13,18,127]","[94,62,61,83,44,51,25,97,85,56,21,46,31]","[16,5,88,91,30,8,65,15,0,26,53,71,35]",7m 899p 22667s 1177z,34556m 233444p 45s 5z,678m 334677p 3467s,1234r5789m 589p r55s,1,1,3,,0,,,,,,
20260410130016_0200_028,20260410130016_0200,20260410130016,特上卓,2,【TM】,28,8m,risekichu_hokan_tsumogiri,1775794042,2761.506,,3,1730.603,"[96,95,64,69,77,24,133,135,93,108,111,70,76]","[49,48,50,23,19,47,9,43,87,89,45,13,18]","[94,62,61,83,44,51,25,97,85,56,21,46,31,28]","[16,5,88,91,30,8,65,15,0,26,53,71,35]",7m 899p 22667s 1177z,34556m 233444p 45s,6788m 334677p 3467s,1234r5789m 589p r55s,2,2,3,,0,,,,,,
20260410130016_0200_029,20260410130016_0200,20260410130016,特上卓,3,Tak1984,107,9s,risekichu_hokan_tsumogiri,1775794044,970.525,,0,,"[96,95,64,69,77,24,133,135,93,108,111,70,76]","[49,48,50,23,19,47,9,43,87,89,45,13,18]","[94,62,61,83,44,51,25,97,85,56,21,46,31]","[16,5,88,91,30,8,65,15,0,26,53,71,35,107]",7m 899p 22667s 1177z,34556m 233444p 45s,678m 334677p 3467s,1234r5789m 589p r559s,1,1,5,,0,,,,,,
20260410130016_0200_030,20260410130016_0200,20260410130016,特上卓,0,s6u,64,8p,tedashi,1775794050,5805.498,,0,,"[96,95,64,69,77,24,133,135,93,108,111,70,76,4]","[49,48,50,23,19,47,9,43,87,89,45,13,18]","[94,62,61,83,44,51,25,97,85,56,21,46,31]","[16,5,88,91,30,8,65,15,0,26,53,71,35]",27m 899p 22667s 1177z,34556m 233444p 45s,678m 334677p 3467s,1234r5789m 589p r55s,1,3,1,,0,8p,881pt,7s,845pt,2m,842pt
20260410130016_0200_031,20260410130016_0200,20260410130016,特上卓,1,優歩,128,6z,risekichu_hokan_tsumogiri,1775794052,2461.979,,0,,"[96,95,69,77,24,133,135,93,108,111,70,76,4]","[49,48,50,23,19,47,9,43,87,89,45,13,18,128]","[94,62,61,83,44,51,25,97,85,56,21,46,31]","[16,5,88,91,30,8,65,15,0,26,53,71,35]",27m 99p 22667s 1177z,34556m 233444p 45s 6z,678m 334677p 3467s,1234r5789m 589p r55s,1,1,3,,0,,,,,,
20260410130016_0200_032,20260410130016_0200,20260410130016,特上卓,2,【TM】,12,4m,risekichu_hokan_tsumogiri,1775794054,1686.613,,3,1932.57,"[96,95,69,77,24,133,135,93,108,111,70,76,4]","[49,48,50,23,19,47,9,43,87,89,45,13,18]","[94,62,61,83,44,51,25,97,85,56,21,46,31,12]","[16,5,88,91,30,8,65,15,0,26,53,71,35]",27m 99p 22667s 1177z,34556m 233444p 45s,4678m 334677p 3467s,1234r5789m 589p r55s,2,2,4,,0,,,,,,
20260410130016_0200_033,20260410130016_0200,20260410130016,特上卓,3,Tak1984,113,2z,risekichu_hokan_tsumogiri,1775794057,944.948,,0,,"[96,95,69,77,24,133,135,93,108,111,70,76,4]","[49,48,50,23,19,47,9,43,87,89,45,13,18]","[94,62,61,83,44,51,25,97,85,56,21,46,31]","[16,5,88,91,30,8,65,15,0,26,53,71,35,113]",27m 99p 22667s 1177z,34556m 233444p 45s,678m 334677p 3467s,1234r5789m 589p r55s 2z,1,1,5,,0,,,,,,
20260410130016_0200_034,20260410130016_0200,20260410130016,特上卓,0,s6u,96,7s,tedashi,1775794068,10581.05,,0,,"[96,95,69,77,24,133,135,93,108,111,70,76,4,90]","[49,48,50,23,19,47,9,43,87,89,45,13,18]","[94,62,61,83,44,51,25,97,85,56,21,46,31]","[16,5,88,91,30,8,65,15,0,26,53,71,35]",27m 99p 225667s 1177z,34556m 233444p 45s,678m 334677p 3467s,1234r5789m 589p r55s,1,2,1,,0,2m,867pt,7m,867pt,7s,820pt
20260410130016_0200_035,20260410130016_0200,20260410130016,特上卓,1,優歩,78,2s,risekichu_hokan_tsumogiri,1775794069,1836.045,,3,1478.964,"[95,69,77,24,133,135,93,108,111,70,76,4,90]","[49,48,50,23,19,47,9,43,87,89,45,13,18,78]","[94,62,61,83,44,51,25,97,85,56,21,46,31]","[16,5,88,91,30,8,65,15,0,26,53,71,35]",27m 99p 22566s 1177z,34556m 233444p 245s,678m 334677p 3467s,1234r5789m 589p r55s,1,1,3,,0,,,,,,
20260410130016_0200_036,20260410130016_0200,20260410130016,特上卓,2,【TM】,58,6p,risekichu_hokan_tsumogiri,1775794074,3221.274,,0,,"[95,69,77,24,133,135,93,108,111,70,76,4,90]","[49,48,50,23,19,47,9,43,87,89,45,13,18]","[94,62,61,83,44,51,25,97,85,56,21,46,31,58]","[16,5,88,91,30,8,65,15,0,26,53,71,35]",27m 99p 22566s 1177z,34556m 233444p 45s,678m 3346677p 3467s,1234r5789m 589p r55s,2,2,3,,0,,,,,,
20260410130016_0200_037,20260410130016_0200,20260410130016,特上卓,3,Tak1984,79,2s,risekichu_hokan_tsumogiri,1775794076,2106.313,,6,203.018,"[95,69,77,24,133,135,93,108,111,70,76,4,90]","[49,48,50,23,19,47,9,43,87,89,45,13,18]","[94,62,61,83,44,51,25,97,85,56,21,46,31]","[16,5,88,91,30,8,65,15,0,26,53,71,35,79]",27m 99p 22566s 1177z,34556m 233444p 45s,678m 334677p 3467s,1234r5789m 589p 2r55s,1,1,5,,0,,,,,,
20260410130016_0200_038,20260410130016_0200,20260410130016,特上卓,0,s6u,74,1s,tsumogiri,1775794080,3420.472,,0,,"[95,69,77,24,133,135,93,108,111,70,76,4,90,74]","[49,48,50,23,19,47,9,43,87,89,45,13,18]","[94,62,61,83,44,51,25,97,85,56,21,46,31]","[16,5,88,91,30,8,65,15,0,26,53,71,35]",27m 99p 122566s 1177z,34556m 233444p 45s,678m 334677p 3467s,1234r5789m 589p r55s,1,3,1,,0,1s,723pt,2m,654pt,7m,654pt
20260410130016_0200_039,20260410130016_0200,20260410130016,特上卓,1,優歩,29,8m,risekichu_hokan_tsumogiri,1775794082,2480.123,,3,1719.577,"[95,69,77,24,133,135,93,108,111,70,76,4,90]","[49,48,50,23,19,47,9,43,87,89,45,13,18,29]","[94,62,61,83,44,51,25,97,85,56,21,46,31]","[16,5,88,91,30,8,65,15,0,26,53,71,35]",27m 99p 22566s 1177z,345568m 233444p 45s,678m 334677p 3467s,1234r5789m 589p r55s,1,1,3,,0,,,,,,
20260410130016_0200_040,20260410130016_0200,20260410130016,特上卓,2,【TM】,7,2m,risekichu_hokan_tsumogiri,1775794085,959.745,,3,1804.066,"[95,69,77,24,133,135,93,108,111,70,76,4,90]","[49,48,50,23,19,47,9,43,87,89,45,13,18]","[94,62,61,83,44,51,25,97,85,56,21,46,31,7]","[16,5,88,91,30,8,65,15,0,26,53,71,35]",27m 99p 22566s 1177z,34556m 233444p 45s,2678m 334677p 3467s,1234r5789m 589p r55s,2,2,4,,0,,,,,,
20260410130016_0200_041,20260410130016_0200,20260410130016,特上卓,3,Tak1984,53,5p,tedashi,1775794090,3267.205,,0,,"[95,69,77,24,133,135,93,108,111,70,76,4,90]","[49,48,50,23,19,47,9,43,87,89,45,13,18]","[94,62,61,83,44,51,25,97,85,56,21,46,31]","[16,5,88,91,30,8,65,15,0,26,53,71,35,92]",27m 99p 22566s 1177z,34556m 233444p 45s,678m 334677p 3467s,1234r5789m 589p r556s,1,1,5,,0,,,,,,
20260410130016_0200_042,20260410130016_0200,20260410130016,特上卓,0,s6u,42,2p,tsumogiri,1775794094,3498.803,,3,2099.577,"[95,69,77,24,133,135,93,108,111,70,76,4,90,42]","[49,48,50,23,19,47,9,43,87,89,45,13,18]","[94,62,61,83,44,51,25,97,85,56,21,46,31]","[16,5,88,91,30,8,65,15,0,26,71,35,92]",27m 299p 22566s 1177z,34556m 233444p 45s,678m 334677p 3467s,1234r5789m 89p r556s,1,3,1,,0,2p,575pt,2m,574pt,7m,498pt
20260410130016_0200_043,20260410130016_0200,20260410130016,特上卓,1,優歩,125,5z,risekichu_hokan_tsumogiri,1775794097,1650.254,,0,,"[95,69,77,24,133,135,93,108,111,70,76,4,90]","[49,48,50,23,19,47,9,43,87,89,45,13,18,125]","[94,62,61,83,44,51,25,97,85,56,21,46,31]","[16,5,88,91,30,8,65,15,0,26,71,35,92]",27m 99p 22566s 1177z,34556m 233444p 45s 5z,678m 334677p 3467s,1234r5789m 89p r556s,1,1,3,,0,,,,,,
20260410130016_0200_044,20260410130016_0200,20260410130016,特上卓,2,【TM】,106,9s,risekichu_hokan_tsumogiri,1775794099,1397.121,,0,,"[95,69,77,24,133,135,93,108,111,70,76,4,90]","[49,48,50,23,19,47,9,43,87,89,45,13,18]","[94,62,61,83,44,51,25,97,85,56,21,46,31,106]","[16,5,88,91,30,8,65,15,0,26,71,35,92]",27m 99p 22566s 1177z,34556m 233444p 45s,678m 334677p 34679s,1234r5789m 89p r556s,2,2,4,,0,,,,,,
20260410130016_0200_045,20260410130016_0200,20260410130016,特上卓,3,Tak1984,92,6s,tedashi,1775794102,2972.142,,6,201.528,"[95,69,77,24,133,135,93,108,111,70,76,4,90]","[49,48,50,23,19,47,9,43,87,89,45,13,18]","[94,62,61,83,44,51,25,97,85,56,21,46,31]","[16,5,88,91,30,8,65,15,0,26,71,35,92,112]",27m 99p 22566s 1177z,34556m 233444p 45s,678m 334677p 3467s,1234r5789m 89p r556s 2z,1,1,5,,0,,,,,,
20260410130016_0200_046,20260410130016_0200,20260410130016,特上卓,0,s6u,90,5s,tedashi,1775794106,4055.083,,3,1463.176,"[95,69,77,24,133,135,93,108,111,70,76,4,90,114]","[49,48,50,23,19,47,9,43,87,89,45,13,18]","[94,62,61,83,44,51,25,97,85,56,21,46,31]","[16,5,88,91,30,8,65,15,0,26,71,35,112]",27m 99p 22566s 11277z,34556m 233444p 45s,678m 334677p 3467s,1234r5789m 89p r55s 2z,1,3,1,,0,2z,463pt,2m,436pt,7m,366pt
20260410130016_0200_047,20260410130016_0200,20260410130016,特上卓,1,優歩,102,8s,risekichu_hokan_tsumogiri,1775794109,1451.156,,2,1177.684,"[95,69,77,24,133,135,93,108,111,70,76,4,114]","[49,48,50,23,19,47,9,43,87,89,45,13,18,102]","[94,62,61,83,44,51,25,97,85,56,21,46,31]","[16,5,88,91,30,8,65,15,0,26,71,35,112]",27m 99p 2266s 11277z,34556m 233444p 458s,678m 334677p 3467s,1234r5789m 89p r55s 2z,1,1,3,,0,,,,,,
20260410130016_0200_048,20260410130016_0200,20260410130016,特上卓,2,【TM】,51,4p,tedashi,1775794113,2575.6,,3,3597.414,"[95,69,77,24,133,135,93,108,111,70,76,4,114]","[49,48,50,23,19,47,9,43,87,89,45,13,18]","[62,61,83,44,51,25,85,56,21,46,31]","[16,5,88,91,30,8,65,15,0,26,71,35,112]",27m 99p 2266s 11277z,34556m 233444p 45s,678m 334677p 34s,1234r5789m 89p r55s 2z,1,1,,,0,,,,,,
20260410130016_0200_049,20260410130016_0200,20260410130016,特上卓,3,Tak1984,71,9p,tedashi,1775794122,6095.389,,6,197.66,"[95,69,77,24,133,135,93,108,111,70,76,4,114]","[49,48,50,23,19,47,9,43,87,89,45,13,18]","[62,61,83,44,25,85,56,21,46,31]","[16,5,88,91,30,8,65,15,0,26,71,35,112,57]",27m 99p 2266s 11277z,34556m 233444p 45s,678m 33677p 34s,1234r5789m 689p r55s 2z,1,1,5,,0,,,,,,
20260410130016_0200_050,20260410130016_0200,20260410130016,特上卓,0,s6u,4,2m,tedashi,1775794127,4082.228,,3,2964.506,"[95,69,77,24,133,135,93,108,111,70,76,4,114,2]","[49,48,50,23,19,47,9,43,87,89,45,13,18]","[62,61,83,44,25,85,56,21,46,31]","[16,5,88,91,30,8,65,15,0,26,35,112,57]",127m 99p 2266s 11277z,34556m 233444p 45s,678m 33677p 34s,1234r5789m 68p r55s 2z,1,3,1,,0,2z,446pt,1m,412pt,2m,409pt
20260410130016_0200_051,20260410130016_0200,20260410130016,特上卓,1,優歩,18,5m,tedashi,1775794135,4970.39,,3,1466.717,"[95,69,77,24,133,135,93,108,111,70,76,114,2]","[49,48,50,23,19,47,9,43,87,89,45,13,18,11]","[62,61,83,44,25,85,56,21,46,31]","[16,5,88,91,30,8,65,15,0,26,35,112,57]",17m 99p 2266s 11277z,334556m 233444p 45s,678m 33677p 34s,1234r5789m 68p r55s 2z,1,1,2,,0,,,,,,
20260410130016_0200_052,20260410130016_0200,20260410130016,特上卓,2,【TM】,61,7p,tedashi,1775794137,1419.271,,2,4522.614,"[95,69,77,24,133,135,93,108,111,70,76,114,2]","[49,48,50,23,19,47,9,43,87,89,45,13,11]","[62,61,83,44,25,85,56,21,46,31,66]","[16,5,88,91,30,8,65,15,0,26,35,112,57]",17m 99p 2266s 11277z,33456m 233444p 45s,678m 336778p 34s,1234r5789m 68p r55s 2z,0,0,,25s,0,,,,,,
20260410130016_0200_053,20260410130016_0200,20260410130016,特上卓,3,Tak1984,112,2z,tedashi,1775794143,888.6,,0,,"[95,69,77,24,133,135,93,108,111,70,76,114,2]","[49,48,50,23,19,47,9,43,87,89,45,13,11]","[62,83,44,25,85,56,21,46,31,66]","[16,5,88,91,30,8,15,0,26,35,112]",17m 99p 2266s 11277z,33456m 233444p 45s,678m 33678p 34s,1234r5789m r55s 2z,0,0,,36m,0,,,,,,
20260410130016_0200_054,20260410130016_0200,20260410130016,特上卓,0,s6u,100,8s,tsumogiri,1775794145,2121.733,,0,,"[95,69,77,24,133,135,93,108,111,70,76,114,2,100]","[49,48,50,23,19,47,9,43,87,89,45,13,11]","[62,83,44,25,85,56,21,46,31,66]","[16,5,88,91,30,8,15,0,26,35]",17m 99p 22668s 11277z,33456m 233444p 45s,678m 33678p 34s,1234r5789m r55s,1,3,1,,0,2z,304pt,8s,277pt,1m,211pt
20260410130016_0200_055,20260410130016_0200,20260410130016,特上卓,1,優歩,45,3p,tedashi,1775794151,6461.16,,3,1165.567,"[95,69,77,24,133,135,93,108,111,70,76,114,2]","[49,48,50,23,19,47,9,43,87,89,45,13,11,109]","[62,83,44,25,85,56,21,46,31,66]","[16,5,88,91,30,8,15,0,26,35]",17m 99p 2266s 11277z,33456m 233444p 45s 1z,678m 33678p 34s,1234r5789m r55s,1,1,3,,0,,,,,,
20260410130016_0200_056,20260410130016_0200,20260410130016,特上卓,2,【TM】,38,1p,risekichu_hokan_tsumogiri,1775794153,795.129,,0,,"[95,69,77,24,133,135,93,108,111,70,76,114,2]","[49,48,50,23,19,47,9,43,87,89,13,11,109]","[62,83,44,25,85,56,21,46,31,66,38]","[16,5,88,91,30,8,15,0,26,35]",17m 99p 2266s 11277z,33456m 23444p 45s 1z,678m 133678p 34s,1234r5789m r55s,0,0,,25s,0,,,,,,
20260410130016_0200_057,20260410130016_0200,20260410130016,特上卓,3,Tak1984,105,9s,risekichu_hokan_tsumogiri,1775794155,1736.011,,0,,"[95,69,77,24,133,135,93,108,111,70,76,114,2]","[49,48,50,23,19,47,9,43,87,89,13,11,109]","[62,83,44,25,85,56,21,46,31,66]","[16,5,88,91,30,8,15,0,26,35,105]",17m 99p 2266s 11277z,33456m 23444p 45s 1z,678m 33678p 34s,1234r5789m r559s,0,0,,36m,0,,,,,,
20260410130016_0200_058,20260410130016_0200,20260410130016,特上卓,0,s6u,129,6z,tsumogiri,1775794158,2568.099,,0,,"[95,69,77,24,133,135,93,108,111,70,76,114,2,129]","[49,48,50,23,19,47,9,43,87,89,13,11,109]","[62,83,44,25,85,56,21,46,31,66]","[16,5,88,91,30,8,15,0,26,35]",17m 99p 2266s 112677z,33456m 23444p 45s 1z,678m 33678p 34s,1234r5789m r55s,1,3,1,,0,2z,186pt,6z,166pt,1m,115pt
20260410130016_0200_059,20260410130016_0200,20260410130016,特上卓,1,優歩,131,6z,risekichu_hokan_tsumogiri,1775794160,2305.387,,0,,"[95,69,77,24,133,135,93,108,111,70,76,114,2]","[49,48,50,23,19,47,9,43,87,89,13,11,109,131]","[62,83,44,25,85,56,21,46,31,66]","[16,5,88,91,30,8,15,0,26,35]",17m 99p 2266s 11277z,33456m 23444p 45s 16z,678m 33678p 34s,1234r5789m r55s,1,1,4,,0,,,,,,
20260410130016_0200_060,20260410130016_0200,20260410130016,特上卓,2,【TM】,68,9p,risekichu_hokan_tsumogiri,1775794161,1360.298,,6,196.576,"[95,69,77,24,133,135,93,108,111,70,76,114,2]","[49,48,50,23,19,47,9,43,87,89,13,11,109]","[62,83,44,25,85,56,21,46,31,66,68]","[16,5,88,91,30,8,15,0,26,35]",17m 99p 2266s 11277z,33456m 23444p 45s 1z,678m 336789p 34s,1234r5789m r55s,0,0,,25s,0,,,,,,
20260410130016_0200_061,20260410130016_0200,20260410130016,特上卓,3,Tak1984,86,4s,risekichu_hokan_tsumogiri,1775794164,2671.021,,0,,"[95,69,77,24,133,135,93,108,111,70,76,114,2]","[49,48,50,23,19,47,9,43,87,89,13,11,109]","[62,83,44,25,85,56,21,46,31,66]","[16,5,88,91,30,8,15,0,26,35,86]",17m 99p 2266s 11277z,33456m 23444p 45s 1z,678m 33678p 34s,1234r5789m 4r55s,0,0,,36m,0,,,,,,
20260410130016_0200_062,20260410130016_0200,20260410130016,特上卓,0,s6u,114,2z,tedashi,1775794166,2120.136,,0,,"[95,69,77,24,133,135,93,108,111,70,76,114,2,75]","[49,48,50,23,19,47,9,43,87,89,13,11,109]","[62,83,44,25,85,56,21,46,31,66]","[16,5,88,91,30,8,15,0,26,35]",17m 99p 12266s 11277z,33456m 23444p 45s 1z,678m 33678p 34s,1234r5789m r55s,1,3,1,,0,1s,61pt,2z,61pt,1m,0pt
20260410130016_0200_063,20260410130016_0200,20260410130016,特上卓,1,優歩,47,3p,tedashi,1775794169,2272.071,,3,1182.307,"[95,69,77,24,133,135,93,108,111,70,76,2,75]","[49,48,50,23,19,47,9,43,87,89,13,11,109,60]","[62,83,44,25,85,56,21,46,31,66]","[16,5,88,91,30,8,15,0,26,35]",17m 99p 12266s 1177z,33456m 234447p 45s 1z,678m 33678p 34s,1234r5789m r55s,1,1,4,,0,,,,,,
20260410130016_0200_064,20260410130016_0200,20260410130016,特上卓,2,【TM】,52,r5p,risekichu_hokan_tsumogiri,1775794173,3264.836,,0,,"[95,69,77,24,133,135,93,108,111,70,76,2,75]","[49,48,50,23,19,9,43,87,89,13,11,109,60]","[62,83,44,25,85,56,21,46,31,66,52]","[16,5,88,91,30,8,15,0,26,35]",17m 99p 12266s 1177z,33456m 24447p 45s 1z,678m 33r5678p 34s,1234r5789m r55s,0,0,,25s,0,,,,,,
20260410130016_0200_065,20260410130016_0200,20260410130016,特上卓,3,Tak1984,3,1m,risekichu_hokan_tsumogiri,1775794175,1978.428,,5,1509.625,"[95,69,77,24,133,135,93,108,111,70,76,2,75]","[49,48,50,23,19,9,43,87,89,13,11,109,60]","[62,83,44,25,85,56,21,46,31,66]","[16,5,88,91,30,8,15,0,26,35,3]",17m 99p 12266s 1177z,33456m 24447p 45s 1z,678m 33678p 34s,11234r5789m r55s,0,0,,36m,0,,,,,,
20260410130016_0200_066,20260410130016_0200,20260410130016,特上卓,0,s6u,75,1s,tedashi,1775794180,3563.432,,0,,"[95,69,77,24,133,135,93,108,111,70,76,2,75,84]","[49,48,50,23,19,9,43,87,89,13,11,109,60]","[62,83,44,25,85,56,21,46,31,66]","[16,5,88,91,30,8,15,0,26,35]",17m 99p 122466s 1177z,33456m 24447p 45s 1z,678m 33678p 34s,1234r5789m r55s,1,3,1,,0,1m,0pt,7m,0pt,9p,0pt
20260410130016_0200_067,20260410130016_0200,20260410130016,特上卓,1,優歩,43,2p,tedashi,1775794182,2202.373,,0,,"[95,69,77,24,133,135,93,108,111,70,76,2,84]","[49,48,50,23,19,9,43,87,89,13,11,109,60,126]","[62,83,44,25,85,56,21,46,31,66]","[16,5,88,91,30,8,15,0,26,35]",17m 99p 22466s 1177z,33456m 24447p 45s 15z,678m 33678p 34s,1234r5789m r55s,2,2,4,,0,,,,,,
20260410130016_0200_068,20260410130016_0200,20260410130016,特上卓,2,【TM】,39,1p,risekichu_hokan_tsumogiri,1775794184,1353.989,,0,,"[95,69,77,24,133,135,93,108,111,70,76,2,84]","[49,48,50,23,19,9,87,89,13,11,109,60,126]","[62,83,44,25,85,56,21,46,31,66,39]","[16,5,88,91,30,8,15,0,26,35]",17m 99p 22466s 1177z,33456m 4447p 45s 15z,678m 133678p 34s,1234r5789m r55s,0,0,,25s,0,,,,,,
20260410130016_0200_069,20260410130016_0200,20260410130016,特上卓,3,Tak1984,17,5m,risekichu_hokan_tsumogiri,1775794186,2489.961,,0,,"[95,69,77,24,133,135,93,108,111,70,76,2,84]","[49,48,50,23,19,9,87,89,13,11,109,60,126]","[62,83,44,25,85,56,21,46,31,66]","[16,5,88,91,30,8,15,0,26,35,17]",17m 99p 22466s 1177z,33456m 4447p 45s 15z,678m 33678p 34s,1234r55789m r55s,0,0,,36m,0,,,,,,
20260410130016_0200_070,20260410130016_0200,20260410130016,特上卓,0,s6u,84,4s,tedashi,1775794189,2616.853,,0,,"[95,69,77,24,133,135,93,108,111,70,76,2,84,82]","[49,48,50,23,19,9,87,89,13,11,109,60,126]","[62,83,44,25,85,56,21,46,31,66]","[16,5,88,91,30,8,15,0,26,35]",17m 99p 223466s 1177z,33456m 4447p 45s 15z,678m 33678p 34s,1234r5789m r55s,1,2,1,,0,,,,,,
20260410130016_0200_071,20260410130016_0200,20260410130016,特上卓,1,優歩,87,4s,tedashi,1775794191,2388.331,,0,,"[95,69,77,24,133,135,93,108,111,70,76,2,82]","[49,48,50,23,19,9,87,89,13,11,109,60,126,110]","[62,83,44,25,85,56,21,46,31,66]","[16,5,88,91,30,8,15,0,26,35]",17m 99p 22366s 1177z,33456m 4447p 45s 115z,678m 33678p 34s,1234r5789m r55s,1,1,3,,0,,,,,,
20260410130016_0201_000,20260410130016_0201,20260410130016,特上卓,2,【TM】,107,9s,tedashi,1775794200,,,3,1115.792,"[87,102,117,56,88,51,48,55,12,64,43,91,32]","[63,26,133,69,18,82,68,67,83,10,127,35,72]","[113,108,46,79,45,49,126,114,40,84,60,13,107,124]","[118,29,61,73,129,100,50,4,95,97,104,2,53]",49m 244568p 4r558s 3z,3579m 7899p 133s 57z,4m 23347p 249s 12255z,128m 457p 16789s 36z,3,3,3,,0,,,,,,
20260410130016_0201_001,20260410130016_0201,20260410130016,特上卓,3,Tak1984,118,3z,tedashi,1775794202,1231.496,,0,,"[87,102,117,56,88,51,48,55,12,64,43,91,32]","[63,26,133,69,18,82,68,67,83,10,127,35,72]","[113,108,46,79,45,49,126,114,40,84,60,13,124]","[118,29,61,73,129,100,50,4,95,97,104,2,53,81]",49m 244568p 4r558s 3z,3579m 7899p 133s 57z,4m 23347p 24s 12255z,128m 457p 136789s 36z,3,3,6,,0,,,,,,
20260410130016_0201_002,20260410130016_0201,20260410130016,特上卓,0,s6u,117,3z,tedashi,1775794204,1623.474,,0,,"[87,102,117,56,88,51,48,55,12,64,43,91,32,36]","[63,26,133,69,18,82,68,67,83,10,127,35,72]","[113,108,46,79,45,49,126,114,40,84,60,13,124]","[29,61,73,129,100,50,4,95,97,104,2,53,81]",49m 1244568p 4r558s 3z,3579m 7899p 133s 57z,4m 23347p 24s 12255z,128m 457p 136789s 6z,4,4,4,,0,,,,,,
20260410130016_0201_003,20260410130016_0201,20260410130016,特上卓,1,優歩,127,5z,tedashi,1775794207,3066.899,,3,2499.129,"[87,102,56,88,51,48,55,12,64,43,91,32,36]","[63,26,133,69,18,82,68,67,83,10,127,35,72,22]","[113,108,46,79,45,49,126,114,40,84,60,13,124]","[29,61,73,129,100,50,4,95,97,104,2,53,81]",49m 1244568p 4r558s,35679m 7899p 133s 57z,4m 23347p 24s 12255z,128m 457p 136789s 6z,3,3,4,,0,,,,,,
20260410130016_0201_004,20260410130016_0201,20260410130016,特上卓,2,【TM】,79,2s,tedashi,1775794209,1215.773,,6,327.413,"[87,102,56,88,51,48,55,12,64,43,91,32,36]","[63,26,133,69,18,82,68,67,83,10,35,72,22]","[113,108,46,79,45,49,114,40,84,60,13,124]","[29,61,73,129,100,50,4,95,97,104,2,53,81]",49m 1244568p 4r558s,35679m 7899p 133s 7z,4m 23347p 24s 1225z,128m 457p 136789s 6z,,,,,,,,,,,
20260410130016_0201_005,20260410130016_0201,20260410130016,特上卓,3,Tak1984,129,6z,tedashi,1775794211,1085.272,,0,,"[87,102,56,88,51,48,55,12,64,43,91,32,36]","[63,26,133,69,18,82,68,67,83,10,35,72,22]","[113,108,46,45,49,114,40,84,60,13,124]","[29,61,73,129,100,50,4,95,97,104,2,53,81,0]",49m 1244568p 4r558s,35679m 7899p 133s 7z,4m 23347p 4s 1225z,1128m 457p 136789s 6z,3,3,5,,0,,,,,,
20260410130016_0201_006,20260410130016_0201,20260410130016,特上卓,0,s6u,102,8s,tedashi,1775794219,7917.194,,0,,"[87,102,56,88,51,48,55,12,64,43,91,32,36,59]","[63,26,133,69,18,82,68,67,83,10,35,72,22]","[113,108,46,45,49,114,40,84,60,13,124]","[29,61,73,100,50,4,95,97,104,2,53,81,0]",49m 12445668p 4r558s,35679m 7899p 133s 7z,4m 23347p 4s 1225z,1128m 457p 136789s,3,3,3,,0,,,,,,
20260410130016_0201_007,20260410130016_0201,20260410130016,特上卓,1,優歩,133,7z,tedashi,1775794221,2564.623,,0,,"[87,56,88,51,48,55,12,64,43,91,32,36,59]","[63,26,133,69,18,82,68,67,83,10,35,72,22,42]","[113,108,46,45,49,114,40,84,60,13,124]","[29,61,73,100,50,4,95,97,104,2,53,81,0]",49m 12445668p 4r55s,35679m 27899p 133s 7z,4m 23347p 4s 1225z,1128m 457p 136789s,3,3,4,,0,,,,,,
20260410130016_0201_008,20260410130016_0201,20260410130016,特上卓,2,【TM】,84,4s,tedashi,1775794223,1583.726,,0,,"[87,56,88,51,48,55,12,64,43,91,32,36,59]","[63,26,69,18,82,68,67,83,10,35,72,22,42]","[113,108,46,45,49,114,40,84,60,13,124,21]","[29,61,73,100,50,4,95,97,104,2,53,81,0]",49m 12445668p 4r55s,35679m 27899p 133s,46m 23347p 4s 1225z,1128m 457p 136789s,,,,,,,,,,,
20260410130016_0201_009,20260410130016_0201,20260410130016,特上卓,3,Tak1984,111,1z,risekichu_hokan_tsumogiri,1775794225,1838.872,,0,,"[87,56,88,51,48,55,12,64,43,91,32,36,59]","[63,26,69,18,82,68,67,83,10,35,72,22,42]","[113,108,46,45,49,114,40,60,13,124,21]","[29,61,73,100,50,4,95,97,104,2,53,81,0,111]",49m 12445668p 4r55s,35679m 27899p 133s,46m 23347p 1225z,1128m 457p 136789s 1z,3,3,5,,0,,,,,,
20260410130016_0201_010,20260410130016_0201,20260410130016,特上卓,0,s6u,32,9m,tedashi,1775794230,5377.407,,0,,"[87,56,88,51,48,55,12,64,43,91,32,36,59,38]","[63,26,69,18,82,68,67,83,10,35,72,22,42]","[113,108,46,45,49,114,40,60,13,124,21]","[29,61,73,100,50,4,95,97,104,2,53,81,0]",49m 112445668p 4r55s,35679m 27899p 133s,46m 23347p 1225z,1128m 457p 136789s,2,2,2,,0,9m,2098pt,8p,2055pt,2p,2045pt
20260410130016_0201_011,20260410130016_0201,20260410130016,特上卓,1,優歩,42,2p,tedashi,1775794237,7289.591,,2,1736.814,"[87,56,88,51,48,55,12,64,43,91,36,59,38]","[63,26,69,18,82,68,67,83,10,35,72,22,42,58]","[113,108,46,45,49,114,40,60,13,124,21]","[29,61,73,100,50,4,95,97,104,2,53,81,0]",4m 112445668p 4r55s,35679m 267899p 133s,46m 23347p 1225z,1128m 457p 136789s,2,2,4,,0,,,,,,
20260410130016_0201_012,20260410130016_0201,20260410130016,特上卓,2,【TM】,13,4m,tedashi,1775794240,892.862,,0,,"[87,56,88,51,48,55,12,64,43,91,36,59,38]","[63,26,69,18,82,68,67,83,10,35,72,22,58]","[113,108,46,114,40,60,13,124,21]","[29,61,73,100,50,4,95,97,104,2,53,81,0]",4m 112445668p 4r55s,35679m 67899p 133s,46m 237p 1225z,1128m 457p 136789s,,,,,,,,,,,
20260410130016_0201_013,20260410130016_0201,20260410130016,特上卓,3,Tak1984,61,7p,tedashi,1775794244,4120.411,,6,204.048,"[87,56,88,51,48,55,12,64,43,91,36,59,38]","[63,26,69,18,82,68,67,83,10,35,72,22,58]","[113,108,46,114,40,60,124,21]","[29,61,73,100,50,4,95,97,104,2,53,81,0,44]",4m 112445668p 4r55s,35679m 67899p 133s,6m 237p 1225z,1128m 3457p 136789s,2,2,5,,0,,,,,,
20260410130016_0201_014,20260410130016_0201,20260410130016,特上卓,0,s6u,1,1m,tsumogiri,1775794250,6199.239,,6,259.834,"[87,56,88,51,48,55,12,64,43,91,36,59,38,1]","[63,26,69,18,82,68,67,83,10,35,72,22,58]","[113,108,46,114,40,60,124,21]","[29,73,100,50,4,95,97,104,2,53,81,0,44]",14m 112445668p 4r55s,35679m 67899p 133s,6m 237p 1225z,1128m 345p 136789s,2,2,2,,0,1m,1843pt,2p,1775pt,8p,1751pt
20260410130016_0201_015,20260410130016_0201,20260410130016,特上卓,1,優歩,135,7z,risekichu_hokan_tsumogiri,1775794252,1727.311,,0,,"[87,56,88,51,48,55,12,64,43,91,36,59,38]","[63,26,69,18,82,68,67,83,10,35,72,22,58,135]","[113,108,46,114,40,60,124,21]","[29,73,100,50,4,95,97,104,2,53,81,0,44]",4m 112445668p 4r55s,35679m 67899p 133s 7z,6m 237p 1225z,1128m 345p 136789s,2,2,4,,0,,,,,,
20260410130016_0201_016,20260410130016_0201,20260410130016,特上卓,2,【TM】,90,5s,risekichu_hokan_tsumogiri,1775794256,3460.069,,6,230.952,"[87,56,88,51,48,55,12,64,43,91,36,59,38]","[63,26,69,18,82,68,67,83,10,35,72,22,58]","[113,108,46,114,40,60,124,21,90]","[29,73,100,50,4,95,97,104,2,53,81,0,44]",4m 112445668p 4r55s,35679m 67899p 133s,6m 237p 5s 1225z,1128m 345p 136789s,,,,,,,,,,,
20260410130016_0201_017,20260410130016_0201,20260410130016,特上卓,3,Tak1984,4,2m,tedashi,1775794261,4537.532,,0,,"[87,56,88,51,48,55,12,64,43,91,36,59,38]","[63,26,69,18,82,68,67,83,10,35,72,22,58]","[113,108,46,114,40,60,124,21]","[29,73,100,50,4,95,97,104,2,53,81,0,44,33]",4m 112445668p 4r55s,35679m 67899p 133s,6m 237p 1225z,11289m 345p 136789s,1,1,5,,0,,,,,,
20260410130016_0201_018,20260410130016_0201,20260410130016,特上卓,0,s6u,12,4m,tedashi,1775794265,3901.762,,3,628.463,"[87,56,88,51,48,55,12,64,43,91,36,59,38,39]","[63,26,69,18,82,68,67,83,10,35,72,22,58]","[113,108,46,114,40,60,124,21]","[29,73,100,50,95,97,104,2,53,81,0,44,33]",4m 1112445668p 4r55s,35679m 67899p 133s,6m 237p 1225z,1189m 345p 136789s,1,1,2,,0,4m,1902pt,8p,1896pt,5s,1835pt
20260410130016_0201_019,20260410130016_0201,20260410130016,特上卓,1,優歩,35,9m,tedashi,1775794271,5790.958,,0,,"[87,56,88,51,48,55,64,43,91,36,59,38,39]","[63,26,69,18,82,68,67,83,10,35,72,22,58,19]","[113,108,46,114,40,60,124,21]","[29,73,100,50,95,97,104,2,53,81,0,44,33]",1112445668p 4r55s,355679m 67899p 133s,6m 237p 1225z,1189m 345p 136789s,1,1,3,,0,,,,,,
20260410130016_0201_020,20260410130016_0201,20260410130016,特上卓,2,【TM】,21,6m,tedashi,1775794273,2324.613,,0,,"[87,56,88,51,48,55,64,43,91,36,59,38,39]","[63,26,69,18,82,68,67,83,10,72,22,58,19]","[113,108,46,114,40,60,124,21,121]","[29,73,100,50,95,97,104,2,53,81,0,44,33]",1112445668p 4r55s,35567m 67899p 133s,6m 237p 12245z,1189m 345p 136789s,,,,,,,,,,,
20260410130016_0201_021,20260410130016_0201,20260410130016,特上卓,3,Tak1984,37,1p,risekichu_hokan_tsumogiri,1775794275,2010.761,,6,207.177,"[87,56,88,51,48,55,64,43,91,36,59,38,39]","[63,26,69,18,82,68,67,83,10,72,22,58,19]","[113,108,46,114,40,60,124,121]","[29,73,100,50,95,97,104,2,53,81,0,44,33,37]",1112445668p 4r55s,35567m 67899p 133s,237p 12245z,1189m 1345p 136789s,1,1,5,,0,,,,,,
20260410130016_0201_022,20260410130016_0201,20260410130016,特上卓,0,s6u,64,8p,tedashi,1775794279,3484.99,,3,733.485,"[87,56,88,51,48,55,64,43,91,36,59,38,39,76]","[63,26,69,18,82,68,67,83,10,72,22,58,19]","[113,108,46,114,40,60,124,121]","[29,73,100,50,95,97,104,2,53,81,0,44,33]",1112445668p 24r55s,35567m 67899p 133s,237p 12245z,1189m 345p 136789s,1,1,2,,0,8p,1957pt,2p,1933pt,2s,1832pt
20260410130016_0201_023,20260410130016_0201,20260410130016,特上卓,1,優歩,123,4z,risekichu_hokan_tsumogiri,1775794281,1588.529,,0,,"[87,56,88,51,48,55,43,91,36,59,38,39,76]","[63,26,69,18,82,68,67,83,10,72,22,58,19,123]","[113,108,46,114,40,60,124,121]","[29,73,100,50,95,97,104,2,53,81,0,44,33]",111244566p 24r55s,35567m 67899p 133s 4z,237p 12245z,1189m 345p 136789s,1,1,3,,0,,,,,,
20260410130016_0201_024,20260410130016_0201,20260410130016,特上卓,2,【TM】,121,4z,tedashi,1775794285,3645.509,,0,,"[87,56,88,51,48,55,43,91,36,59,38,39,76]","[63,26,69,18,82,68,67,83,10,72,22,58,19]","[113,108,46,114,40,60,124,121,41]","[29,73,100,50,95,97,104,2,53,81,0,44,33]",111244566p 24r55s,35567m 67899p 133s,2237p 12245z,1189m 345p 136789s,,,,,,,,,,,
20260410130016_0201_025,20260410130016_0201,20260410130016,特上卓,3,Tak1984,132,7z,risekichu_hokan_tsumogiri,1775794287,1888.36,,0,,"[87,56,88,51,48,55,43,91,36,59,38,39,76]","[63,26,69,18,82,68,67,83,10,72,22,58,19]","[113,108,46,114,40,60,124,41]","[29,73,100,50,95,97,104,2,53,81,0,44,33,132]",111244566p 24r55s,35567m 67899p 133s,2237p 1225z,1189m 345p 136789s 7z,1,1,5,,0,,,,,,
20260410130016_0201_026,20260410130016_0201,20260410130016,特上卓,0,s6u,134,7z,tsumogiri,1775794288,1493.504,,0,,"[87,56,88,51,48,55,43,91,36,59,38,39,76,134]","[63,26,69,18,82,68,67,83,10,72,22,58,19]","[113,108,46,114,40,60,124,41]","[29,73,100,50,95,97,104,2,53,81,0,44,33]",111244566p 24r55s 7z,35567m 67899p 133s,2237p 1225z,1189m 345p 136789s,1,1,2,,0,7z,1845pt,2p,1663pt,2s,1450pt
20260410130016_0201_027,20260410130016_0201,20260410130016,特上卓,1,優歩,72,1s,tedashi,1775794292,3942.805,,0,,"[87,56,88,51,48,55,43,91,36,59,38,39,76]","[63,26,69,18,82,68,67,83,10,72,22,58,19,86]","[113,108,46,114,40,60,124,41]","[29,73,100,50,95,97,104,2,53,81,0,44,33]",111244566p 24r55s,35567m 67899p 1334s,2237p 1225z,1189m 345p 136789s,1,1,3,,0,,,,,,
20260410130016_0201_028,20260410130016_0201,20260410130016,特上卓,2,【TM】,94,6s,risekichu_hokan_tsumogiri,1775794294,1996.242,,6,232.472,"[87,56,88,51,48,55,43,91,36,59,38,39,76]","[63,26,69,18,82,68,67,83,10,22,58,19,86]","[113,108,46,114,40,60,124,41,94]","[29,73,100,50,95,97,104,2,53,81,0,44,33]",111244566p 24r55s,35567m 67899p 334s,2237p 6s 1225z,1189m 345p 136789s,,,,,,,,,,,
20260410130016_0201_029,20260410130016_0201,20260410130016,特上卓,3,Tak1984,20,6m,risekichu_hokan_tsumogiri,1775794297,2269.043,,0,,"[87,56,88,51,48,55,43,91,36,59,38,39,76]","[63,26,69,18,82,68,67,83,10,22,58,19,86]","[113,108,46,114,40,60,124,41]","[29,73,100,50,95,97,104,2,53,81,0,44,33,20]",111244566p 24r55s,35567m 67899p 334s,2237p 1225z,11689m 345p 136789s,1,1,5,,0,,,,,,
20260410130016_0201_030,20260410130016_0201,20260410130016,特上卓,0,s6u,120,4z,tsumogiri,1775794298,1438.2,,0,,"[87,56,88,51,48,55,43,91,36,59,38,39,76,120]","[63,26,69,18,82,68,67,83,10,22,58,19,86]","[113,108,46,114,40,60,124,41]","[29,73,100,50,95,97,104,2,53,81,0,44,33]",111244566p 24r55s 4z,35567m 67899p 334s,2237p 1225z,1189m 345p 136789s,1,1,2,,0,4z,1701pt,2p,1556pt,2s,1307pt
20260410130016_0201_031,20260410130016_0201,20260410130016,特上卓,1,優歩,68,9p,tedashi,1775794306,7705.059,,0,,"[87,56,88,51,48,55,43,91,36,59,38,39,76]","[63,26,69,18,82,68,67,83,10,22,58,19,86,62]","[113,108,46,114,40,60,124,41]","[29,73,100,50,95,97,104,2,53,81,0,44,33]",111244566p 24r55s,35567m 677899p 334s,2237p 1225z,1189m 345p 136789s,1,1,2,,0,,,,,,
20260410130016_0201_032,20260410130016_0201,20260410130016,特上卓,2,【TM】,60,7p,tedashi,1775794311,4591.225,,3,695.221,"[87,56,88,51,48,55,43,91,36,59,38,39,76]","[63,26,69,18,82,67,83,10,22,58,19,86,62]","[113,108,46,114,40,60,124,41,47]","[29,73,100,50,95,97,104,2,53,81,0,44,33]",111244566p 24r55s,35567m 67789p 334s,22337p 1225z,1189m 345p 136789s,,,,,,,,,,,
20260410130016_0201_033,20260410130016_0201,20260410130016,特上卓,3,Tak1984,75,1s,risekichu_hokan_tsumogiri,1775794318,6306.608,,0,,"[87,56,88,51,48,55,43,91,36,59,38,39,76]","[63,26,69,18,82,67,83,10,22,58,19,86,62]","[113,108,46,114,40,124,41,47]","[29,73,100,50,95,97,104,2,53,81,0,44,33,75]",111244566p 24r55s,35567m 67789p 334s,2233p 1225z,1189m 345p 1136789s,1,1,4,,0,,,,,,
20260410130016_0201_034,20260410130016_0201,20260410130016,特上卓,0,s6u,43,2p,tedashi,1775794324,680.782,5819.708,3,2167.863,"[87,56,88,51,48,55,43,91,36,59,38,39,76,52]","[63,26,69,18,82,67,83,10,22,58,19,86,62]","[113,108,46,114,40,124,41,47]","[29,73,100,50,95,97,104,2,53,81,0,44,33]",111244r5566p 24r55s,35567m 67789p 334s,2233p 1225z,1189m 345p 136789s,0,0,1,3s,0,2p,3709pt,,,,
20260410130016_0201_035,20260410130016_0201,20260410130016,特上卓,2,【TM】,108,1z,tedashi,1775794326,898.276,,0,,"[87,56,88,51,48,55,91,36,59,38,39,76,52]","[63,26,69,18,82,67,83,10,22,58,19,86,62]","[113,108,46,114,124,41,47]","[29,73,100,50,95,97,104,2,53,81,0,44,33]",11144r5566p 24r55s,35567m 67789p 334s,233p 1225z,1189m 345p 136789s,,,,,,,,,,,
20260410130016_0201_036,20260410130016_0201,20260410130016,特上卓,3,Tak1984,0,1m,tedashi,1775794334,7671.279,,0,,"[87,56,88,51,48,55,91,36,59,38,39,76,52]","[63,26,69,18,82,67,83,10,22,58,19,86,62]","[113,46,114,124,41,47]","[29,73,100,50,95,97,104,2,53,81,0,44,33,96]",11144r5566p 24r55s,35567m 67789p 334s,233p 225z,1189m 345p 1367789s,1,1,4,,0,,,,,,
20260410130016_0201_037,20260410130016_0201,20260410130016,特上卓,0,s6u,131,6z,tsumogiri,1775794335,688.708,,0,,"[87,56,88,51,48,55,91,36,59,38,39,76,52,131]","[63,26,69,18,82,67,83,10,22,58,19,86,62]","[113,46,114,124,41,47]","[29,73,100,50,95,97,104,2,53,81,44,33,96]",11144r5566p 24r55s 6z,35567m 67789p 334s,233p 225z,189m 345p 1367789s,0,0,1,3s,0,6z,3642pt,,,,
20260410130016_0201_038,20260410130016_0201,20260410130016,特上卓,1,優歩,109,1z,risekichu_hokan_tsumogiri,1775794337,2859.811,,0,,"[87,56,88,51,48,55,91,36,59,38,39,76,52]","[63,26,69,18,82,67,83,10,22,58,19,86,62,109]","[113,46,114,124,41,47]","[29,73,100,50,95,97,104,2,53,81,44,33,96]",11144r5566p 24r55s,35567m 67789p 334s 1z,233p 225z,189m 345p 1367789s,1,1,3,,0,,,,,,
20260410130016_0201_039,20260410130016_0201,20260410130016,特上卓,2,【TM】,11,3m,risekichu_hokan_tsumogiri,1775794339,1804.593,,0,,"[87,56,88,51,48,55,91,36,59,38,39,76,52]","[63,26,69,18,82,67,83,10,22,58,19,86,62]","[113,46,114,124,41,47,11]","[29,73,100,50,95,97,104,2,53,81,44,33,96]",11144r5566p 24r55s,35567m 67789p 334s,3m 233p 225z,189m 345p 1367789s,,,,,,,,,,,
20260410130016_0201_040,20260410130016_0201,20260410130016,特上卓,3,Tak1984,2,1m,tedashi,1775794341,1530.653,,0,,"[87,56,88,51,48,55,91,36,59,38,39,76,52]","[63,26,69,18,82,67,83,10,22,58,19,86,62]","[113,46,114,124,41,47]","[29,73,100,50,95,97,104,2,53,81,44,33,96,54]",11144r5566p 24r55s,35567m 67789p 334s,233p 225z,189m 3455p 1367789s,2,2,4,,0,,,,,,
20260410130016_0201_041,20260410130016_0201,20260410130016,特上卓,0,s6u,119,3z,tsumogiri,1775794341,681.248,,0,,"[87,56,88,51,48,55,91,36,59,38,39,76,52,119]","[63,26,69,18,82,67,83,10,22,58,19,86,62]","[113,46,114,124,41,47]","[29,73,100,50,95,97,104,53,81,44,33,96,54]",11144r5566p 24r55s 3z,35567m 67789p 334s,233p 225z,89m 3455p 1367789s,0,0,1,3s,0,3z,3502pt,,,,
20260410130016_0201_042,20260410130016_0201,20260410130016,特上卓,1,優歩,10,3m,tedashi,1775794344,2582.047,,0,,"[87,56,88,51,48,55,91,36,59,38,39,76,52]","[63,26,69,18,82,67,83,10,22,58,19,86,62,7]","[113,46,114,124,41,47]","[29,73,100,50,95,97,104,53,81,44,33,96,54]",11144r5566p 24r55s,235567m 67789p 334s,233p 225z,89m 3455p 1367789s,1,1,3,,0,,,,,,
20260410130016_0201_043,20260410130016_0201,20260410130016,特上卓,2,【TM】,28,8m,risekichu_hokan_tsumogiri,1775794346,1552.196,,0,,"[87,56,88,51,48,55,91,36,59,38,39,76,52]","[63,26,69,18,82,67,83,22,58,19,86,62,7]","[113,46,114,124,41,47,28]","[29,73,100,50,95,97,104,53,81,44,33,96,54]",11144r5566p 24r55s,25567m 67789p 334s,8m 233p 225z,89m 3455p 1367789s,,,,,,,,,,,
20260410130016_0201_044,20260410130016_0201,20260410130016,特上卓,3,Tak1984,100,8s,tedashi,1775794350,4050.796,,0,,"[87,56,88,51,48,55,91,36,59,38,39,76,52]","[63,26,69,18,82,67,83,22,58,19,86,62,7]","[113,46,114,124,41,47]","[29,73,100,50,95,97,104,53,81,44,33,96,54,99]",11144r5566p 24r55s,25567m 67789p 334s,233p 225z,89m 3455p 13677789s,1,1,4,,0,,,,,,
20260410130016_0201_045,20260410130016_0201,20260410130016,特上卓,0,s6u,66,8p,tsumogiri,1775794350,694.072,,3,1343.083,"[87,56,88,51,48,55,91,36,59,38,39,76,52,66]","[63,26,69,18,82,67,83,22,58,19,86,62,7]","[113,46,114,124,41,47]","[29,73,50,95,97,104,53,81,44,33,96,54,99]",11144r55668p 24r55s,25567m 67789p 334s,233p 225z,89m 3455p 1367779s,0,0,1,3s,0,8p,3330pt,,,,
20260410130016_0201_046,20260410130016_0201,20260410130016,特上卓,1,優歩,67,8p,tedashi,1775794354,2209.819,,0,,"[87,56,88,51,48,55,91,36,59,38,39,76,52]","[63,26,69,18,82,67,83,22,58,19,86,62,7,14]","[113,46,114,124,41,47]","[29,73,50,95,97,104,53,81,44,33,96,54,99]",11144r5566p 24r55s,245567m 67789p 334s,233p 225z,89m 3455p 1367779s,1,1,3,,0,,,,,,
20260410130016_0202_000,20260410130016_0202,20260410130016,特上卓,2,【TM】,73,1s,tedashi,1775794370,,,0,,"[88,57,128,19,50,100,43,67,3,16,35,92,69]","[126,23,114,81,97,65,119,49,107,9,17,5,84]","[101,14,112,29,59,64,26,15,108,73,55,104,36,60]","[40,38,91,80,133,54,44,31,132,18,24,111,134]",1r559m 24689p r568s 6z,2356m 48p 3479s 235z,4478m 15678p 189s 12z,578m 1235p 35s 1777z,3,3,5,,0,,,,,,
20260410130016_0202_001,20260410130016_0202,20260410130016,特上卓,3,Tak1984,111,1z,tedashi,1775794372,1481.926,,0,,"[88,57,128,19,50,100,43,67,3,16,35,92,69]","[126,23,114,81,97,65,119,49,107,9,17,5,84]","[101,14,112,29,59,64,26,15,108,55,104,36,60]","[40,38,91,80,133,54,44,31,132,18,24,111,134,20]",1r559m 24689p r568s 6z,2356m 48p 3479s 235z,4478m 15678p 89s 12z,5678m 1235p 35s 1777z,1,1,5,,0,,,,,,
20260410130016_0202_002,20260410130016_0202,20260410130016,特上卓,0,s6u,3,1m,tedashi,1775794377,5335.087,,6,447.571,"[88,57,128,19,50,100,43,67,3,16,35,92,69,125]","[126,23,114,81,97,65,119,49,107,9,17,5,84]","[101,14,112,29,59,64,26,15,108,55,104,36,60]","[40,38,91,80,133,54,44,31,132,18,24,134,20]",1r559m 24689p r568s 56z,2356m 48p 3479s 235z,4478m 15678p 89s 12z,5678m 1235p 35s 777z,4,4,5,,0,,,,,,
20260410130016_0202_003,20260410130016_0202,20260410130016,特上卓,1,優歩,114,2z,tedashi,1775794379,1251.433,,0,,"[88,57,128,19,50,100,43,67,16,35,92,69,125]","[126,23,114,81,97,65,119,49,107,9,17,5,84,95]","[101,14,112,29,59,64,26,15,108,55,104,36,60]","[40,38,91,80,133,54,44,31,132,18,24,134,20]",r559m 24689p r568s 56z,2356m 48p 34679s 235z,4478m 15678p 89s 12z,5678m 1235p 35s 777z,4,4,6,,0,,,,,,
20260410130016_0202_004,20260410130016_0202,20260410130016,特上卓,2,【TM】,112,2z,tedashi,1775794380,1369.987,,0,,"[88,57,128,19,50,100,43,67,16,35,92,69,125]","[126,23,81,97,65,119,49,107,9,17,5,84,95]","[101,14,112,29,59,64,26,15,108,55,104,36,60,51]","[40,38,91,80,133,54,44,31,132,18,24,134,20]",r559m 24689p r568s 56z,2356m 48p 34679s 35z,4478m 145678p 89s 12z,5678m 1235p 35s 777z,2,2,5,,0,,,,,,
20260410130016_0202_005,20260410130016_0202,20260410130016,特上卓,3,Tak1984,54,5p,tedashi,1775794384,4380.675,,3,2171.703,"[88,57,128,19,50,100,43,67,16,35,92,69,125]","[126,23,81,97,65,119,49,107,9,17,5,84,95]","[101,14,29,59,64,26,15,108,55,104,36,60,51]","[40,38,91,80,133,54,44,31,132,18,24,134,20,21]",r559m 24689p r568s 56z,2356m 48p 34679s 35z,4478m 145678p 89s 1z,56678m 1235p 35s 777z,1,1,4,,0,,,,,,
20260410130016_0202_006,20260410130016_0202,20260410130016,特上卓,0,s6u,125,5z,tedashi,1775794391,4715.094,,0,,"[88,57,128,19,50,100,43,67,16,35,92,69,125,85]","[126,23,81,97,65,119,49,107,9,17,5,84,95]","[101,14,29,59,64,26,15,108,55,104,36,60,51]","[40,38,91,80,133,44,31,132,18,24,134,20,21]",r559m 24689p 4r568s 56z,2356m 48p 34679s 35z,4478m 145678p 89s 1z,56678m 123p 35s 777z,3,3,5,,0,5z,1367pt,6z,1367pt,9m,1357pt
20260410130016_0202_007,20260410130016_0202,20260410130016,特上卓,1,優歩,126,5z,tedashi,1775794393,1437.017,,0,,"[88,57,128,19,50,100,43,67,16,35,92,69,85]","[126,23,81,97,65,119,49,107,9,17,5,84,95,122]","[101,14,29,59,64,26,15,108,55,104,36,60,51]","[40,38,91,80,133,44,31,132,18,24,134,20,21]",r559m 24689p 4r568s 6z,2356m 48p 34679s 345z,4478m 145678p 89s 1z,56678m 123p 35s 777z,4,4,6,,0,,,,,,
20260410130016_0202_008,20260410130016_0202,20260410130016,特上卓,2,【TM】,108,1z,tedashi,1775794396,3131.433,,5,2183.048,"[88,57,128,19,50,100,43,67,16,35,92,69,85]","[23,81,97,65,119,49,107,9,17,5,84,95,122]","[101,14,29,59,64,26,15,108,55,104,36,60,51,58]","[40,38,91,80,133,44,31,132,18,24,134,20,21]",r559m 24689p 4r568s 6z,2356m 48p 34679s 34z,4478m 1456678p 89s 1z,56678m 123p 35s 777z,1,1,4,,0,,,,,,
20260410130016_0202_009,20260410130016_0202,20260410130016,特上卓,3,Tak1984,120,4z,risekichu_hokan_tsumogiri,1775794399,1213.73,,0,,"[88,57,128,19,50,100,43,67,16,35,92,69,85]","[23,81,97,65,119,49,107,9,17,5,84,95,122]","[101,14,29,59,64,26,15,55,104,36,60,51,58]","[40,38,91,80,133,44,31,132,18,24,134,20,21,120]",r559m 24689p 4r568s 6z,2356m 48p 34679s 34z,4478m 1456678p 89s,56678m 123p 35s 4777z,1,1,4,,0,,,,,,
20260410130016_0202_010,20260410130016_0202,20260410130016,特上卓,0,s6u,128,6z,tedashi,1775794401,2145.684,,0,,"[88,57,128,19,50,100,43,67,16,35,92,69,85,98]","[23,81,97,65,119,49,107,9,17,5,84,95,122]","[101,14,29,59,64,26,15,55,104,36,60,51,58]","[40,38,91,80,133,44,31,132,18,24,134,20,21]",r559m 24689p 4r5678s 6z,2356m 48p 34679s 34z,4478m 1456678p 89s,56678m 123p 35s 777z,2,2,5,,0,6z,2207pt,9m,2205pt,9p,2152pt
20260410130016_0202_011,20260410130016_0202,20260410130016,特上卓,1,優歩,122,4z,tedashi,1775794403,1450.908,,0,,"[88,57,19,50,100,43,67,16,35,92,69,85,98]","[23,81,97,65,119,49,107,9,17,5,84,95,122,2]","[101,14,29,59,64,26,15,55,104,36,60,51,58]","[40,38,91,80,133,44,31,132,18,24,134,20,21]",r559m 24689p 4r5678s,12356m 48p 34679s 34z,4478m 1456678p 89s,56678m 123p 35s 777z,3,3,6,,0,,,,,,
20260410130016_0202_012,20260410130016_0202,20260410130016,特上卓,2,【TM】,123,4z,risekichu_hokan_tsumogiri,1775794405,2247.549,,0,,"[88,57,19,50,100,43,67,16,35,92,69,85,98]","[23,81,97,65,119,49,107,9,17,5,84,95,2]","[101,14,29,59,64,26,15,55,104,36,60,51,58,123]","[40,38,91,80,133,44,31,132,18,24,134,20,21]",r559m 24689p 4r5678s,12356m 48p 34679s 3z,4478m 1456678p 89s 4z,56678m 123p 35s 777z,1,1,4,,0,,,,,,
20260410130016_0202_013,20260410130016_0202,20260410130016,特上卓,3,Tak1984,74,1s,risekichu_hokan_tsumogiri,1775794408,2756.625,,0,,"[88,57,19,50,100,43,67,16,35,92,69,85,98]","[23,81,97,65,119,49,107,9,17,5,84,95,2]","[101,14,29,59,64,26,15,55,104,36,60,51,58]","[40,38,91,80,133,44,31,132,18,24,134,20,21,74]",r559m 24689p 4r5678s,12356m 48p 34679s 3z,4478m 1456678p 89s,56678m 123p 135s 777z,1,1,4,,0,,,,,,
20260410130016_0202_014,20260410130016_0202,20260410130016,特上卓,0,s6u,35,9m,tedashi,1775794411,3301.197,,0,,"[88,57,19,50,100,43,67,16,35,92,69,85,98,105]","[23,81,97,65,119,49,107,9,17,5,84,95,2]","[101,14,29,59,64,26,15,55,104,36,60,51,58]","[40,38,91,80,133,44,31,132,18,24,134,20,21]",r559m 24689p 4r56789s,12356m 48p 34679s 3z,4478m 1456678p 89s,56678m 123p 35s 777z,1,1,5,,0,9m,2224pt,9p,2216pt,6p,1909pt
20260410130016_0202_015,20260410130016_0202,20260410130016,特上卓,1,優歩,107,9s,tedashi,1775794413,1877.335,,0,,"[88,57,19,50,100,43,67,16,92,69,85,98,105]","[23,81,97,65,119,49,107,9,17,5,84,95,2,0]","[101,14,29,59,64,26,15,55,104,36,60,51,58]","[40,38,91,80,133,44,31,132,18,24,134,20,21]",r55m 24689p 4r56789s,112356m 48p 34679s 3z,4478m 1456678p 89s,56678m 123p 35s 777z,3,3,5,,0,,,,,,
20260410130016_0202_016,20260410130016_0202,20260410130016,特上卓,2,【TM】,124,5z,risekichu_hokan_tsumogiri,1775794415,1709.666,,0,,"[88,57,19,50,100,43,67,16,92,69,85,98,105]","[23,81,97,65,119,49,9,17,5,84,95,2,0]","[101,14,29,59,64,26,15,55,104,36,60,51,58,124]","[40,38,91,80,133,44,31,132,18,24,134,20,21]",r55m 24689p 4r56789s,112356m 48p 3467s 3z,4478m 1456678p 89s 5z,56678m 123p 35s 777z,1,1,4,,0,,,,,,
20260410130016_0202_017,20260410130016_0202,20260410130016,特上卓,3,Tak1984,91,5s,tedashi,1775794418,3147.537,,6,197.567,"[88,57,19,50,100,43,67,16,92,69,85,98,105]","[23,81,97,65,119,49,9,17,5,84,95,2,0]","[101,14,29,59,64,26,15,55,104,36,60,51,58]","[40,38,91,80,133,44,31,132,18,24,134,20,21,34]",r55m 24689p 4r56789s,112356m 48p 3467s 3z,4478m 1456678p 89s,566789m 123p 35s 777z,0,0,4,,0,,,,,,
20260410130016_0202_018,20260410130016_0202,20260410130016,特上卓,0,s6u,69,9p,tedashi,1775794421,2585.675,,5,2132.802,"[88,57,19,50,100,43,67,16,92,69,85,98,105,41]","[23,81,97,65,119,49,9,17,5,84,95,2,0]","[101,14,29,59,64,26,15,55,104,36,60,51,58]","[40,38,80,133,44,31,132,18,24,134,20,21,34]",r55m 224689p 4r56789s,112356m 48p 3467s 3z,4478m 1456678p 89s,566789m 123p 3s 777z,1,1,4,,0,9p,2836pt,8p,2406pt,6p,2291pt
20260410130016_0202_019,20260410130016_0202,20260410130016,特上卓,1,優歩,131,6z,risekichu_hokan_tsumogiri,1775794424,1284.505,,0,,"[88,57,19,50,100,43,67,16,92,85,98,105,41]","[23,81,97,65,119,49,9,17,5,84,95,2,0,131]","[101,14,29,59,64,26,15,55,104,36,60,51,58]","[40,38,80,133,44,31,132,18,24,134,20,21,34]",r55m 22468p 4r56789s,112356m 48p 3467s 36z,4478m 1456678p 89s,566789m 123p 3s 777z,3,3,5,,0,,,,,,
20260410130016_0202_020,20260410130016_0202,20260410130016,特上卓,2,【TM】,36,1p,tedashi,1775794427,2353.632,,6,278.63,"[88,57,19,50,100,43,67,16,92,85,98,105,41]","[23,81,97,65,119,49,9,17,5,84,95,2,0]","[101,14,29,59,64,26,15,55,104,36,60,51,58,89]","[40,38,80,133,44,31,132,18,24,134,20,21,34]",r55m 22468p 4r56789s,112356m 48p 3467s 3z,4478m 1456678p 589s,566789m 123p 3s 777z,1,1,4,,0,,,,,,
20260410130016_0202_021,20260410130016_0202,20260410130016,特上卓,3,Tak1984,127,5z,risekichu_hokan_tsumogiri,1775794429,2303.457,,0,,"[88,57,19,50,100,43,67,16,92,85,98,105,41]","[23,81,97,65,119,49,9,17,5,84,95,2,0]","[101,14,29,59,64,26,15,55,104,60,51,58,89]","[40,38,80,133,44,31,132,18,24,134,20,21,34,127]",r55m 22468p 4r56789s,112356m 48p 3467s 3z,4478m 456678p 589s,566789m 123p 3s 5777z,1,1,4,,0,,,,,,
20260410130016_0202_022,20260410130016_0202,20260410130016,特上卓,0,s6u,50,4p,tedashi,1775794437,3242.529,4995.989,0,,"[88,57,19,50,100,43,67,16,92,85,98,105,41,63]","[23,81,97,65,119,49,9,17,5,84,95,2,0]","[101,14,29,59,64,26,15,55,104,60,51,58,89]","[40,38,80,133,44,31,132,18,24,134,20,21,34]",r55m 224678p 4r56789s,112356m 48p 3467s 3z,4478m 456678p 589s,566789m 123p 3s 777z,0,0,4,5m 2p,0,4p,3324pt,2p,3285pt,,
20260410130016_0202_023,20260410130016_0202,20260410130016,特上卓,1,優歩,49,4p,tedashi,1775794439,1904.976,,3,1196.794,"[88,57,19,100,43,67,16,92,85,98,105,41,63]","[23,81,97,65,119,49,9,17,5,84,95,2,0,79]","[101,14,29,59,64,26,15,55,104,60,51,58,89]","[40,38,80,133,44,31,132,18,24,134,20,21,34]",r55m 22678p 4r56789s,112356m 48p 23467s 3z,4478m 456678p 589s,566789m 123p 3s 777z,2,2,5,,0,,,,,,
20260410130016_0202_024,20260410130016_0202,20260410130016,特上卓,2,【TM】,51,4p,tedashi,1775794448,7365.669,,6,291.91,"[88,57,19,100,43,67,16,92,85,98,105,41,63]","[23,81,97,65,119,9,17,5,84,95,2,0,79]","[101,14,29,59,64,26,15,55,104,60,51,58,89,7]","[40,38,80,133,44,31,132,18,24,134,20,21,34]",r55m 22678p 4r56789s,112356m 8p 23467s 3z,24478m 456678p 589s,566789m 123p 3s 777z,1,1,4,,0,,,,,,
20260410130016_0202_025,20260410130016_0202,20260410130016,特上卓,3,Tak1984,110,1z,risekichu_hokan_tsumogiri,1775794452,3571.439,,0,,"[88,57,19,100,43,67,16,92,85,98,105,41,63]","[23,81,97,65,119,9,17,5,84,95,2,0,79]","[101,14,29,59,64,26,15,55,104,60,58,89,7]","[40,38,80,133,44,31,132,18,24,134,20,21,34,110]",r55m 22678p 4r56789s,112356m 8p 23467s 3z,24478m 56678p 589s,566789m 123p 3s 1777z,1,1,4,,0,,,,,,
20260410130016_0202_026,20260410130016_0202,20260410130016,特上卓,0,s6u,37,1p,tsumogiri,1775794452,712.175,,0,,"[88,57,19,100,43,67,16,92,85,98,105,41,63,37]","[23,81,97,65,119,9,17,5,84,95,2,0,79]","[101,14,29,59,64,26,15,55,104,60,58,89,7]","[40,38,80,133,44,31,132,18,24,134,20,21,34]",r55m 122678p 4r56789s,112356m 8p 23467s 3z,24478m 56678p 589s,566789m 123p 3s 777z,0,0,4,5m 2p,0,1p,3226pt,2p,3186pt,,
20260410130016_0202_027,20260410130016_0202,20260410130016,特上卓,1,優歩,0,1m,tedashi,1775794455,2761.873,,0,,"[88,57,19,100,43,67,16,92,85,98,105,41,63]","[23,81,97,65,119,9,17,5,84,95,2,0,79,22]","[101,14,29,59,64,26,15,55,104,60,58,89,7]","[40,38,80,133,44,31,132,18,24,134,20,21,34]",r55m 22678p 4r56789s,1123566m 8p 23467s 3z,24478m 56678p 589s,566789m 123p 3s 777z,2,2,4,,0,,,,,,
20260410130016_0202_028,20260410130016_0202,20260410130016,特上卓,2,【TM】,60,7p,tedashi,1775794458,3022.367,,5,1761.551,"[88,57,19,100,43,67,16,92,85,98,105,41,63]","[23,81,97,65,119,9,17,5,84,95,2,79,22]","[101,14,29,59,64,26,15,55,104,60,58,89,7,28]","[40,38,80,133,44,31,132,18,24,134,20,21,34]",r55m 22678p 4r56789s,123566m 8p 23467s 3z,244788m 56678p 589s,566789m 123p 3s 777z,2,2,3,,0,,,,,,
20260410130016_0202_029,20260410130016_0202,20260410130016,特上卓,3,Tak1984,68,9p,risekichu_hokan_tsumogiri,1775794463,3457.383,,0,,"[88,57,19,100,43,67,16,92,85,98,105,41,63]","[23,81,97,65,119,9,17,5,84,95,2,79,22]","[101,14,29,59,64,26,15,55,104,58,89,7,28]","[40,38,80,133,44,31,132,18,24,134,20,21,34,68]",r55m 22678p 4r56789s,123566m 8p 23467s 3z,244788m 5668p 589s,566789m 1239p 3s 777z,1,1,4,,0,,,,,,
20260410130016_0202_030,20260410130016_0202,20260410130016,特上卓,0,s6u,82,3s,tsumogiri,1775794464,678.431,,3,990.997,"[88,57,19,100,43,67,16,92,85,98,105,41,63,82]","[23,81,97,65,119,9,17,5,84,95,2,79,22]","[101,14,29,59,64,26,15,55,104,58,89,7,28]","[40,38,80,133,44,31,132,18,24,134,20,21,34]",r55m 22678p 34r56789s,123566m 8p 23467s 3z,244788m 5668p 589s,566789m 123p 3s 777z,0,0,4,5m 2p,0,9s,3603pt,6s,3186pt,3s,3185pt
20260410130016_0202_031,20260410130016_0202,20260410130016,特上卓,1,優歩,81,3s,tedashi,1775794467,1439.773,,0,,"[88,57,19,100,43,67,16,92,85,98,105,41,63]","[23,81,97,65,119,9,17,5,84,95,2,79,22,129]","[101,14,29,59,64,26,15,55,104,58,89,7,28]","[40,38,80,133,44,31,132,18,24,134,20,21,34]",r55m 22678p 4r56789s,123566m 8p 23467s 36z,244788m 5668p 589s,566789m 123p 3s 777z,2,2,5,,0,,,,,,
20260410130016_0202_032,20260410130016_0202,20260410130016,特上卓,2,【TM】,78,2s,risekichu_hokan_tsumogiri,1775794470,3192.018,,0,,"[88,57,19,100,43,67,16,92,85,98,105,41,63]","[23,97,65,119,9,17,5,84,95,2,79,22,129]","[101,14,29,59,64,26,15,55,104,58,89,7,28,78]","[40,38,80,133,44,31,132,18,24,134,20,21,34]",r55m 22678p 4r56789s,123566m 8p 2467s 36z,244788m 5668p 2589s,566789m 123p 3s 777z,3,3,3,,0,,,,,,
20260410130016_0202_033,20260410130016_0202,20260410130016,特上卓,3,Tak1984,80,3s,tedashi,1775794471,1504.821,,0,,"[88,57,19,100,43,67,16,92,85,98,105,41,63]","[23,97,65,119,9,17,5,84,95,2,79,22,129]","[101,14,29,59,64,26,15,55,104,58,89,7,28]","[40,38,80,133,44,31,132,18,24,134,20,21,34,30]",r55m 22678p 4r56789s,123566m 8p 2467s 36z,244788m 5668p 589s,5667889m 123p 3s 777z,1,1,3,,0,,,,,,
20260410130016_0202_034,20260410130016_0202,20260410130016,特上卓,0,s6u,70,9p,tsumogiri,1775794472,684.233,,0,,"[88,57,19,100,43,67,16,92,85,98,105,41,63,70]","[23,97,65,119,9,17,5,84,95,2,79,22,129]","[101,14,29,59,64,26,15,55,104,58,89,7,28]","[40,38,133,44,31,132,18,24,134,20,21,34,30]",r55m 226789p 4r56789s,123566m 8p 2467s 36z,244788m 5668p 589s,5667889m 123p 777z,0,0,4,5m 2p,0,6p,2965pt,9p,2965pt,,
20260410130016_0202_035,20260410130016_0202,20260410130016,特上卓,1,優歩,79,2s,tedashi,1775794474,2221.958,,0,,"[88,57,19,100,43,67,16,92,85,98,105,41,63]","[23,97,65,119,9,17,5,84,95,2,79,22,129,13]","[101,14,29,59,64,26,15,55,104,58,89,7,28]","[40,38,133,44,31,132,18,24,134,20,21,34,30]",r55m 22678p 4r56789s,1234566m 8p 2467s 36z,244788m 5668p 589s,5667889m 123p 777z,2,2,5,,0,,,,,,
20260410130016_0202_036,20260410130016_0202,20260410130016,特上卓,2,【TM】,33,9m,risekichu_hokan_tsumogiri,1775794476,2139.362,,6,332,"[88,57,19,100,43,67,16,92,85,98,105,41,63]","[23,97,65,119,9,17,5,84,95,2,22,129,13]","[101,14,29,59,64,26,15,55,104,58,89,7,28,33]","[40,38,133,44,31,132,18,24,134,20,21,34,30]",r55m 22678p 4r56789s,1234566m 8p 467s 36z,2447889m 5668p 589s,5667889m 123p 777z,2,2,3,,0,,,,,,
20260410130016_0202_037,20260410130016_0202,20260410130016,特上卓,3,Tak1984,34,9m,tedashi,1775794480,3172.469,,0,,"[88,57,19,100,43,67,16,92,85,98,105,41,63]","[23,97,65,119,9,17,5,84,95,2,22,129,13]","[101,14,29,59,64,26,15,55,104,58,89,7,28]","[40,38,133,44,31,132,18,24,134,20,21,34,30,45]",r55m 22678p 4r56789s,1234566m 8p 467s 36z,244788m 5668p 589s,5667889m 1233p 777z,1,1,2,,0,,,,,,
20260410130016_0202_038,20260410130016_0202,20260410130016,特上卓,0,s6u,10,3m,tsumogiri,1775794480,679.878,,3,953.322,"[88,57,19,100,43,67,16,92,85,98,105,41,63,10]","[23,97,65,119,9,17,5,84,95,2,22,129,13]","[101,14,29,59,64,26,15,55,104,58,89,7,28]","[40,38,133,44,31,132,18,24,134,20,21,30,45]",3r55m 22678p 4r56789s,1234566m 8p 467s 36z,244788m 5668p 589s,566788m 1233p 777z,0,0,4,5m 2p,0,3m,2812pt,5m,2756pt,r5m,1967pt
20260410130016_0202_039,20260410130016_0202,20260410130016,特上卓,1,優歩,9,3m,tedashi,1775794483,1281.033,,3,1276.664,"[88,57,19,100,43,67,16,92,85,98,105,41,63]","[23,97,65,119,9,17,5,84,95,2,22,129,13,109]","[101,14,29,59,64,26,15,55,104,58,89,7,28]","[40,38,133,44,31,132,18,24,134,20,21,30,45]",r55m 22678p 4r56789s,1234566m 8p 467s 136z,244788m 5668p 589s,566788m 1233p 777z,3,3,5,,0,,,,,,
20260410130016_0202_040,20260410130016_0202,20260410130016,特上卓,2,【TM】,1,1m,risekichu_hokan_tsumogiri,1775794485,1231.138,,0,,"[88,57,19,100,43,67,16,92,85,98,105,41,63]","[23,97,65,119,17,5,84,95,2,22,129,13,109]","[101,14,29,59,64,26,15,55,104,58,89,7,28,1]","[40,38,133,44,31,132,18,24,134,20,21,30,45]",r55m 22678p 4r56789s,124566m 8p 467s 136z,1244788m 5668p 589s,566788m 1233p 777z,3,3,3,,0,,,,,,
20260410130016_0202_041,20260410130016_0202,20260410130016,特上卓,3,Tak1984,116,3z,risekichu_hokan_tsumogiri,1775794487,1816.929,,0,,"[88,57,19,100,43,67,16,92,85,98,105,41,63]","[23,97,65,119,17,5,84,95,2,22,129,13,109]","[101,14,29,59,64,26,15,55,104,58,89,7,28]","[40,38,133,44,31,132,18,24,134,20,21,30,45,116]",r55m 22678p 4r56789s,124566m 8p 467s 136z,244788m 5668p 589s,566788m 1233p 3777z,1,1,2,,0,,,,,,
20260410130016_0202_042,20260410130016_0202,20260410130016,特上卓,0,s6u,96,7s,tsumogiri,1775794488,686.599,,0,,"[88,57,19,100,43,67,16,92,85,98,105,41,63,96]","[23,97,65,119,17,5,84,95,2,22,129,13,109]","[101,14,29,59,64,26,15,55,104,58,89,7,28]","[40,38,133,44,31,132,18,24,134,20,21,30,45]",r55m 22678p 4r567789s,124566m 8p 467s 136z,244788m 5668p 589s,566788m 1233p 777z,0,0,3,5m 2p,0,4s,2678pt,7s,2635pt,,
20260410130016_0202_043,20260410130016_0202,20260410130016,特上卓,1,優歩,97,7s,tedashi,1775794490,2398.669,,3,1167.125,"[88,57,19,100,43,67,16,92,85,98,105,41,63]","[23,97,65,119,17,5,84,95,2,22,129,13,109,8]","[101,14,29,59,64,26,15,55,104,58,89,7,28]","[40,38,133,44,31,132,18,24,134,20,21,30,45]",r55m 22678p 4r56789s,1234566m 8p 467s 136z,244788m 5668p 589s,566788m 1233p 777z,3,3,5,,0,,,,,,
20260410130016_0202_044,20260410130016_0202,20260410130016,特上卓,2,【TM】,77,2s,risekichu_hokan_tsumogiri,1775794493,1499.708,,0,,"[88,57,19,100,43,67,16,92,85,98,105,41,63]","[23,65,119,17,5,84,95,2,22,129,13,109,8]","[101,14,29,59,64,26,15,55,104,58,89,7,28,77]","[40,38,133,44,31,132,18,24,134,20,21,30,45]",r55m 22678p 4r56789s,1234566m 8p 46s 136z,244788m 5668p 2589s,566788m 1233p 777z,3,3,3,,0,,,,,,
20260410130016_0202_045,20260410130016_0202,20260410130016,特上卓,3,Tak1984,75,1s,risekichu_hokan_tsumogiri,1775794497,4046.691,,0,,"[88,57,19,100,43,67,16,92,85,98,105,41,63]","[23,65,119,17,5,84,95,2,22,129,13,109,8]","[101,14,29,59,64,26,15,55,104,58,89,7,28]","[40,38,133,44,31,132,18,24,134,20,21,30,45,75]",r55m 22678p 4r56789s,1234566m 8p 46s 136z,244788m 5668p 589s,566788m 1233p 1s 777z,1,1,2,,0,,,,,,
20260410130016_0202_046,20260410130016_0202,20260410130016,特上卓,0,s6u,32,9m,tsumogiri,1775794497,684.141,,0,,"[88,57,19,100,43,67,16,92,85,98,105,41,63,32]","[23,65,119,17,5,84,95,2,22,129,13,109,8]","[101,14,29,59,64,26,15,55,104,58,89,7,28]","[40,38,133,44,31,132,18,24,134,20,21,30,45]",r559m 22678p 4r56789s,1234566m 8p 46s 136z,244788m 5668p 589s,566788m 1233p 777z,0,0,4,5m 2p,0,9m,2410pt,,,,
20260410130016_0202_047,20260410130016_0202,20260410130016,特上卓,1,優歩,2,1m,tedashi,1775794500,2161.974,,0,,"[88,57,19,100,43,67,16,92,85,98,105,41,63]","[23,65,119,17,5,84,95,2,22,129,13,109,8,99]","[101,14,29,59,64,26,15,55,104,58,89,7,28]","[40,38,133,44,31,132,18,24,134,20,21,30,45]",r55m 22678p 4r56789s,1234566m 8p 467s 136z,244788m 5668p 589s,566788m 1233p 777z,3,3,5,,0,,,,,,
20260410130016_0202_048,20260410130016_0202,20260410130016,特上卓,2,【TM】,104,9s,tedashi,1775794507,6900.377,,0,,"[88,57,19,100,43,67,16,92,85,98,105,41,63]","[23,65,119,17,5,84,95,22,129,13,109,8,99]","[101,14,29,59,64,26,15,55,104,58,89,7,28,47]","[40,38,133,44,31,132,18,24,134,20,21,30,45]",r55m 22678p 4r56789s,234566m 8p 467s 136z,244788m 35668p 589s,566788m 1233p 777z,3,3,3,,0,,,,,,
20260410130016_0202_049,20260410130016_0202,20260410130016,特上卓,3,Tak1984,87,4s,risekichu_hokan_tsumogiri,1775794510,3788.818,,0,,"[88,57,19,100,43,67,16,92,85,98,105,41,63]","[23,65,119,17,5,84,95,22,129,13,109,8,99]","[101,14,29,59,64,26,15,55,58,89,7,28,47]","[40,38,133,44,31,132,18,24,134,20,21,30,45,87]",r55m 22678p 4r56789s,234566m 8p 467s 136z,244788m 35668p 58s,566788m 1233p 4s 777z,1,1,2,,0,,,,,,
20260410130016_0202_050,20260410130016_0202,20260410130016,特上卓,0,s6u,61,7p,tsumogiri,1775794511,684.129,,0,,"[88,57,19,100,43,67,16,92,85,98,105,41,63,61]","[23,65,119,17,5,84,95,22,129,13,109,8,99]","[101,14,29,59,64,26,15,55,58,89,7,28,47]","[40,38,133,44,31,132,18,24,134,20,21,30,45]",r55m 226778p 4r56789s,234566m 8p 467s 136z,244788m 35668p 58s,566788m 1233p 777z,0,0,3,5m 2p,0,7p,2140pt,,,,
20260410130016_0202_051,20260410130016_0202,20260410130016,特上卓,1,優歩,84,4s,tedashi,1775794514,3174.998,,0,,"[88,57,19,100,43,67,16,92,85,98,105,41,63]","[23,65,119,17,5,84,95,22,129,13,109,8,99,52]","[101,14,29,59,64,26,15,55,58,89,7,28,47]","[40,38,133,44,31,132,18,24,134,20,21,30,45]",r55m 22678p 4r56789s,234566m r58p 467s 136z,244788m 35668p 58s,566788m 1233p 777z,4,4,5,,0,,,,,,
20260410130016_0202_052,20260410130016_0202,20260410130016,特上卓,2,【TM】,121,4z,risekichu_hokan_tsumogiri,1775794516,2039.851,,0,,"[88,57,19,100,43,67,16,92,85,98,105,41,63]","[23,65,119,17,5,95,22,129,13,109,8,99,52]","[101,14,29,59,64,26,15,55,58,89,7,28,47,121]","[40,38,133,44,31,132,18,24,134,20,21,30,45]",r55m 22678p 4r56789s,234566m r58p 67s 136z,244788m 35668p 58s 4z,566788m 1233p 777z,3,4,3,,0,,,,,,
20260410130016_0202_053,20260410130016_0202,20260410130016,特上卓,3,Tak1984,45,3p,tedashi,1775794528,11585.452,,0,,"[88,57,19,100,43,67,16,92,85,98,105,41,63]","[23,65,119,17,5,95,22,129,13,109,8,99,52]","[101,14,29,59,64,26,15,55,58,89,7,28,47]","[40,38,133,44,31,132,18,24,134,20,21,30,45,4]",r55m 22678p 4r56789s,234566m r58p 67s 136z,244788m 35668p 58s,2566788m 1233p 777z,1,1,2,,0,,,,,,
20260410130016_0202_054,20260410130016_0202,20260410130016,特上卓,0,s6u,25,7m,tsumogiri,1775794529,691.587,,3,1079.874,"[88,57,19,100,43,67,16,92,85,98,105,41,63,25]","[23,65,119,17,5,95,22,129,13,109,8,99,52]","[101,14,29,59,64,26,15,55,58,89,7,28,47]","[40,38,133,44,31,132,18,24,134,20,21,30,4]",r557m 22678p 4r56789s,234566m r58p 67s 136z,244788m 35668p 58s,2566788m 123p 777z,0,0,4,5m 2p,0,7m,1803pt,5m,1756pt,r5m,1261pt
20260410130016_0202_055,20260410130016_0202,20260410130016,特上卓,1,優歩,99,7s,tedashi,1775794531,1434.363,,0,,"[88,57,19,100,43,67,16,92,85,98,105,41,63]","[23,65,119,17,5,95,22,129,13,109,8,99,52,12]","[101,14,29,59,64,26,15,55,58,89,7,28,47]","[40,38,133,44,31,132,18,24,134,20,21,30,4]",r55m 22678p 4r56789s,2344566m r58p 67s 136z,244788m 35668p 58s,2566788m 123p 777z,3,3,4,,0,,,,,,
20260410130016_0202_056,20260410130016_0202,20260410130016,特上卓,2,【TM】,26,7m,tedashi,1775794533,1571.346,,6,303.937,"[88,57,19,100,43,67,16,92,85,98,105,41,63]","[23,65,119,17,5,95,22,129,13,109,8,52,12]","[101,14,29,59,64,26,15,55,58,89,7,28,47,118]","[40,38,133,44,31,132,18,24,134,20,21,30,4]",r55m 22678p 4r56789s,2344566m r58p 6s 136z,244788m 35668p 58s 3z,2566788m 123p 777z,3,4,3,,0,,,,,,
20260410130016_0202_057,20260410130016_0202,20260410130016,特上卓,3,Tak1984,117,3z,risekichu_hokan_tsumogiri,1775794535,1951.013,,0,,"[88,57,19,100,43,67,16,92,85,98,105,41,63]","[23,65,119,17,5,95,22,129,13,109,8,52,12]","[101,14,29,59,64,15,55,58,89,7,28,47,118]","[40,38,133,44,31,132,18,24,134,20,21,30,4,117]",r55m 22678p 4r56789s,2344566m r58p 6s 136z,24488m 35668p 58s 3z,2566788m 123p 3777z,1,1,3,,0,,,,,,
20260410130016_0300_000,20260410130016_0300,20260410130016,特上卓,3,Tak1984,123,4z,risekichu_hokan_tsumogiri,1775794551,,,0,,"[67,38,50,97,82,71,15,26,17,117,80,88,103]","[27,21,29,126,112,51,65,64,34,85,73,31,53]","[93,114,8,42,128,16,62,66,95,19,98,1,47]","[46,132,61,40,75,13,130,105,56,78,39,22,54,123]",457m 1489p 33r578s 3z,67889m 4588p 14s 25z,13r55m 2378p 667s 26z,46m 123567p 129s 467z,2,2,6,,0,,,,,,
20260410130016_0300_001,20260410130016_0300,20260410130016,特上卓,0,s6u,38,1p,tedashi,1775794553,1632.728,,0,,"[67,38,50,97,82,71,15,26,17,117,80,88,103,5]","[27,21,29,126,112,51,65,64,34,85,73,31,53]","[93,114,8,42,128,16,62,66,95,19,98,1,47]","[46,132,61,40,75,13,130,105,56,78,39,22,54]",2457m 1489p 33r578s 3z,67889m 4588p 14s 25z,13r55m 2378p 667s 26z,46m 123567p 129s 67z,3,3,5,,0,,,,,,
20260410130016_0300_002,20260410130016_0300,20260410130016,特上卓,1,優歩,73,1s,tedashi,1775794555,1867.285,,0,,"[67,50,97,82,71,15,26,17,117,80,88,103,5]","[27,21,29,126,112,51,65,64,34,85,73,31,53,91]","[93,114,8,42,128,16,62,66,95,19,98,1,47]","[46,132,61,40,75,13,130,105,56,78,39,22,54]",2457m 489p 33r578s 3z,67889m 4588p 145s 25z,13r55m 2378p 667s 26z,46m 123567p 129s 67z,2,2,4,,0,,,,,,
20260410130016_0300_003,20260410130016_0300,20260410130016,特上卓,2,【TM】,114,2z,tedashi,1775794556,1706.856,,0,,"[67,50,97,82,71,15,26,17,117,80,88,103,5]","[27,21,29,126,112,51,65,64,34,85,31,53,91]","[93,114,8,42,128,16,62,66,95,19,98,1,47,121]","[46,132,61,40,75,13,130,105,56,78,39,22,54]",2457m 489p 33r578s 3z,67889m 4588p 45s 25z,13r55m 2378p 667s 246z,46m 123567p 129s 67z,3,3,4,,0,,,,,,
20260410130016_0300_004,20260410130016_0300,20260410130016,特上卓,3,Tak1984,35,9m,risekichu_hokan_tsumogiri,1775794559,2412.658,,0,,"[67,50,97,82,71,15,26,17,117,80,88,103,5]","[27,21,29,126,112,51,65,64,34,85,31,53,91]","[93,8,42,128,16,62,66,95,19,98,1,47,121]","[46,132,61,40,75,13,130,105,56,78,39,22,54,35]",2457m 489p 33r578s 3z,67889m 4588p 45s 25z,13r55m 2378p 667s 46z,469m 123567p 129s 67z,2,2,6,,0,,,,,,
20260410130016_0300_005,20260410130016_0300,20260410130016,特上卓,0,s6u,5,2m,tedashi,1775794569,9944.104,,0,,"[67,50,97,82,71,15,26,17,117,80,88,103,5,89]","[27,21,29,126,112,51,65,64,34,85,31,53,91]","[93,8,42,128,16,62,66,95,19,98,1,47,121]","[46,132,61,40,75,13,130,105,56,78,39,22,54]",2457m 489p 33r5578s 3z,67889m 4588p 45s 25z,13r55m 2378p 667s 46z,46m 123567p 129s 67z,3,3,4,,0,2m,1119pt,3z,1110pt,7m,1104pt
20260410130016_0300_006,20260410130016_0300,20260410130016,特上卓,1,優歩,112,2z,tedashi,1775794572,2956.835,,0,,"[67,50,97,82,71,15,26,17,117,80,88,103,89]","[27,21,29,126,112,51,65,64,34,85,31,53,91,116]","[93,8,42,128,16,62,66,95,19,98,1,47,121]","[46,132,61,40,75,13,130,105,56,78,39,22,54]",457m 489p 33r5578s 3z,67889m 4588p 45s 235z,13r55m 2378p 667s 46z,46m 123567p 129s 67z,2,2,4,,0,,,,,,
20260410130016_0300_007,20260410130016_0300,20260410130016,特上卓,2,【TM】,128,6z,tedashi,1775794573,1712.715,,0,,"[67,50,97,82,71,15,26,17,117,80,88,103,89]","[27,21,29,126,51,65,64,34,85,31,53,91,116]","[93,8,42,128,16,62,66,95,19,98,1,47,121,90]","[46,132,61,40,75,13,130,105,56,78,39,22,54]",457m 489p 33r5578s 3z,67889m 4588p 45s 35z,13r55m 2378p 5667s 46z,46m 123567p 129s 67z,2,2,4,,0,,,,,,
20260410130016_0300_008,20260410130016_0300,20260410130016,特上卓,3,Tak1984,132,7z,tedashi,1775794575,2158.606,,0,,"[67,50,97,82,71,15,26,17,117,80,88,103,89]","[27,21,29,126,51,65,64,34,85,31,53,91,116]","[93,8,42,16,62,66,95,19,98,1,47,121,90]","[46,132,61,40,75,13,130,105,56,78,39,22,54,107]",457m 489p 33r5578s 3z,67889m 4588p 45s 35z,13r55m 2378p 5667s 4z,46m 123567p 1299s 67z,1,1,5,,0,,,,,,
20260410130016_0300_009,20260410130016_0300,20260410130016,特上卓,0,s6u,117,3z,tedashi,1775794582,6937.217,,0,,"[67,50,97,82,71,15,26,17,117,80,88,103,89,28]","[27,21,29,126,51,65,64,34,85,31,53,91,116]","[93,8,42,16,62,66,95,19,98,1,47,121,90]","[46,61,40,75,13,130,105,56,78,39,22,54,107]",4578m 489p 33r5578s 3z,67889m 4588p 45s 35z,13r55m 2378p 5667s 4z,46m 123567p 1299s 6z,3,3,4,,0,3z,1498pt,4p,1497pt,3s,1439pt
20260410130016_0300_010,20260410130016_0300,20260410130016,特上卓,1,優歩,126,5z,tedashi,1775794584,1580.699,,0,,"[67,50,97,82,71,15,26,17,80,88,103,89,28]","[27,21,29,126,51,65,64,34,85,31,53,91,116,84]","[93,8,42,16,62,66,95,19,98,1,47,121,90]","[46,61,40,75,13,130,105,56,78,39,22,54,107]",4578m 489p 33r5578s,67889m 4588p 445s 35z,13r55m 2378p 5667s 4z,46m 123567p 1299s 6z,2,2,3,,0,,,,,,
20260410130016_0300_011,20260410130016_0300,20260410130016,特上卓,2,【TM】,1,1m,tedashi,1775794586,1787.135,,0,,"[67,50,97,82,71,15,26,17,80,88,103,89,28]","[27,21,29,51,65,64,34,85,31,53,91,116,84]","[93,8,42,16,62,66,95,19,98,1,47,121,90,124]","[46,61,40,75,13,130,105,56,78,39,22,54,107]",4578m 489p 33r5578s,67889m 4588p 445s 3z,13r55m 2378p 5667s 45z,46m 123567p 1299s 6z,2,2,4,,0,,,,,,
20260410130016_0300_012,20260410130016_0300,20260410130016,特上卓,3,Tak1984,33,9m,risekichu_hokan_tsumogiri,1775794588,1841.616,,3,947.815,"[67,50,97,82,71,15,26,17,80,88,103,89,28]","[27,21,29,51,65,64,34,85,31,53,91,116,84]","[93,8,42,16,62,66,95,19,98,47,121,90,124]","[46,61,40,75,13,130,105,56,78,39,22,54,107,33]",4578m 489p 33r5578s,67889m 4588p 445s 3z,3r55m 2378p 5667s 45z,469m 123567p 1299s 6z,1,1,5,,0,,,,,,
20260410130016_0300_013,20260410130016_0300,20260410130016,特上卓,0,s6u,71,9p,tedashi,1775794596,7426.41,,0,,"[67,50,97,82,71,15,26,17,80,88,103,89,28,10]","[27,21,29,51,65,64,34,85,31,53,91,116,84]","[93,8,42,16,62,66,95,19,98,47,121,90,124]","[46,61,40,75,13,130,105,56,78,39,22,54,107]",34578m 489p 33r5578s,67889m 4588p 445s 3z,3r55m 2378p 5667s 45z,46m 123567p 1299s 6z,2,2,4,,0,9p,1874pt,4p,1870pt,3s,1830pt
20260410130016_0300_014,20260410130016_0300,20260410130016,特上卓,1,優歩,85,4s,tedashi,1775794599,2837.681,,3,1226.586,"[67,50,97,82,15,26,17,80,88,103,89,28,10]","[27,21,29,51,65,64,34,85,31,53,91,116,84,18]","[93,8,42,16,62,66,95,19,98,47,121,90,124]","[46,61,40,75,13,130,105,56,78,39,22,54,107]",34578m 48p 33r5578s,567889m 4588p 445s 3z,3r55m 2378p 5667s 45z,46m 123567p 1299s 6z,2,2,3,,1,,,,,,
20260410130016_0300_015,20260410130016_0300,20260410130016,特上卓,2,【TM】,135,7z,risekichu_hokan_tsumogiri,1775794602,1686.772,,0,,"[67,50,97,82,15,26,17,80,88,103,89,28,10]","[27,21,29,51,65,64,34,31,53,91,116,84,18]","[93,8,42,16,62,66,95,19,98,47,121,90,124,135]","[46,61,40,75,13,130,105,56,78,39,22,54,107]",34578m 48p 33r5578s,567889m 4588p 45s 3z,3r55m 2378p 5667s 457z,46m 123567p 1299s 6z,3,3,4,,0,,,,,,
20260410130016_0300_016,20260410130016_0300,20260410130016,特上卓,3,Tak1984,119,3z,risekichu_hokan_tsumogiri,1775794610,8306.297,,0,,"[67,50,97,82,15,26,17,80,88,103,89,28,10]","[27,21,29,51,65,64,34,31,53,91,116,84,18]","[93,8,42,16,62,66,95,19,98,47,121,90,124]","[46,61,40,75,13,130,105,56,78,39,22,54,107,119]",34578m 48p 33r5578s,567889m 4588p 45s 3z,3r55m 2378p 5667s 45z,46m 123567p 1299s 36z,1,1,5,,0,,,,,,
20260410130016_0300_017,20260410130016_0300,20260410130016,特上卓,0,s6u,67,8p,tedashi,1775794613,3131.14,,6,483.245,"[67,50,97,82,15,26,17,80,88,103,89,28,10,30]","[27,21,29,51,65,64,34,31,53,91,116,84,18]","[93,8,42,16,62,66,95,19,98,47,121,90,124]","[46,61,40,75,13,130,105,56,78,39,22,54,107]",345788m 48p 33r5578s,567889m 4588p 45s 3z,3r55m 2378p 5667s 45z,46m 123567p 1299s 6z,2,2,3,,0,8p,1880pt,4p,1778pt,3s,1769pt
20260410130016_0300_018,20260410130016_0300,20260410130016,特上卓,1,優歩,77,2s,risekichu_hokan_tsumogiri,1775794616,2286.729,,0,,"[50,97,82,15,26,17,80,88,103,89,28,10,30]","[27,21,29,51,65,64,34,31,53,91,116,84,18,77]","[93,8,42,16,62,66,95,19,98,47,121,90,124]","[46,61,40,75,13,130,105,56,78,39,22,54,107]",345788m 4p 33r5578s,567889m 4588p 245s 3z,3r55m 2378p 5667s 45z,46m 123567p 1299s 6z,2,2,4,,0,,,,,,
20260410130016_0300_019,20260410130016_0300,20260410130016,特上卓,2,【TM】,8,3m,tedashi,1775794619,3181.653,,0,,"[50,97,82,15,26,17,80,88,103,89,28,10,30]","[27,21,29,51,65,64,34,31,53,91,116,84,18]","[93,8,42,16,62,66,95,19,98,47,121,90,124,99]","[46,61,40,75,13,130,105,56,78,39,22,54,107]",345788m 4p 33r5578s,567889m 4588p 45s 3z,3r55m 2378p 56677s 45z,46m 123567p 1299s 6z,2,2,3,,0,,,,,,
20260410130016_0300_020,20260410130016_0300,20260410130016,特上卓,3,Tak1984,32,9m,risekichu_hokan_tsumogiri,1775794622,2992.922,,6,198.179,"[50,97,82,15,26,17,80,88,103,89,28,10,30]","[27,21,29,51,65,64,34,31,53,91,116,84,18]","[93,42,16,62,66,95,19,98,47,121,90,124,99]","[46,61,40,75,13,130,105,56,78,39,22,54,107,32]",345788m 4p 33r5578s,567889m 4588p 45s 3z,r55m 2378p 56677s 45z,469m 123567p 1299s 6z,1,1,5,,0,,,,,,
20260410130016_0300_021,20260410130016_0300,20260410130016,特上卓,0,s6u,134,7z,tsumogiri,1775794624,1262.512,,0,,"[50,97,82,15,26,17,80,88,103,89,28,10,30,134]","[27,21,29,51,65,64,34,31,53,91,116,84,18]","[93,42,16,62,66,95,19,98,47,121,90,124,99]","[46,61,40,75,13,130,105,56,78,39,22,54,107]",345788m 4p 33r5578s 7z,567889m 4588p 45s 3z,r55m 2378p 56677s 45z,46m 123567p 1299s 6z,2,2,3,,0,7z,1652pt,4p,1517pt,3s,1481pt
20260410130016_0300_022,20260410130016_0300,20260410130016,特上卓,1,優歩,116,3z,tedashi,1775794627,3027.349,,0,,"[50,97,82,15,26,17,80,88,103,89,28,10,30]","[27,21,29,51,65,64,34,31,53,91,116,84,18,83]","[93,42,16,62,66,95,19,98,47,121,90,124,99]","[46,61,40,75,13,130,105,56,78,39,22,54,107]",345788m 4p 33r5578s,567889m 4588p 345s 3z,r55m 2378p 56677s 45z,46m 123567p 1299s 6z,1,1,4,,0,,,,,,
20260410130016_0300_023,20260410130016_0300,20260410130016,特上卓,2,【TM】,124,5z,tedashi,1775794630,3008.767,,0,,"[50,97,82,15,26,17,80,88,103,89,28,10,30]","[27,21,29,51,65,64,34,31,53,91,84,18,83]","[93,42,16,62,66,95,19,98,47,121,90,124,99,118]","[46,61,40,75,13,130,105,56,78,39,22,54,107]",345788m 4p 33r5578s,567889m 4588p 345s,r55m 2378p 56677s 345z,46m 123567p 1299s 6z,2,2,3,,0,,,,,,
20260410130016_0300_024,20260410130016_0300,20260410130016,特上卓,3,Tak1984,36,1p,risekichu_hokan_tsumogiri,1775794633,3803.204,,0,,"[50,97,82,15,26,17,80,88,103,89,28,10,30]","[27,21,29,51,65,64,34,31,53,91,84,18,83]","[93,42,16,62,66,95,19,98,47,121,90,99,118]","[46,61,40,75,13,130,105,56,78,39,22,54,107,36]",345788m 4p 33r5578s,567889m 4588p 345s,r55m 2378p 56677s 34z,46m 1123567p 1299s 6z,1,1,4,,0,,,,,,
20260410130016_0300_025,20260410130016_0300,20260410130016,特上卓,0,s6u,122,4z,tsumogiri,1775794636,2510.995,,0,,"[50,97,82,15,26,17,80,88,103,89,28,10,30,122]","[27,21,29,51,65,64,34,31,53,91,84,18,83]","[93,42,16,62,66,95,19,98,47,121,90,99,118]","[46,61,40,75,13,130,105,56,78,39,22,54,107]",345788m 4p 33r5578s 4z,567889m 4588p 345s,r55m 2378p 56677s 34z,46m 123567p 1299s 6z,2,2,3,,0,4z,1538pt,4p,1412pt,3s,1367pt
20260410130016_0300_026,20260410130016_0300,20260410130016,特上卓,1,優歩,83,3s,tedashi,1775794639,2894.981,,6,199.025,"[50,97,82,15,26,17,80,88,103,89,28,10,30]","[27,21,29,51,65,64,34,31,53,91,84,18,83,94]","[93,42,16,62,66,95,19,98,47,121,90,99,118]","[46,61,40,75,13,130,105,56,78,39,22,54,107]",345788m 4p 33r5578s,567889m 4588p 3456s,r55m 2378p 56677s 34z,46m 123567p 1299s 6z,1,1,4,,0,,,,,,
20260410130016_0300_027,20260410130016_0300,20260410130016,特上卓,2,【TM】,108,1z,risekichu_hokan_tsumogiri,1775794641,1784.581,,0,,"[50,97,82,15,26,17,80,88,103,89,28,10,30]","[27,21,29,51,65,64,34,31,53,91,84,18,94]","[93,42,16,62,66,95,19,98,47,121,90,99,118,108]","[46,61,40,75,13,130,105,56,78,39,22,54,107]",345788m 4p 33r5578s,567889m 4588p 456s,r55m 2378p 56677s 134z,46m 123567p 1299s 6z,2,2,3,,0,,,,,,
20260410130016_0300_028,20260410130016_0300,20260410130016,特上卓,3,Tak1984,130,6z,tedashi,1775794646,5331.906,,0,,"[50,97,82,15,26,17,80,88,103,89,28,10,30]","[27,21,29,51,65,64,34,31,53,91,84,18,94]","[93,42,16,62,66,95,19,98,47,121,90,99,118]","[46,61,40,75,13,130,105,56,78,39,22,54,107,52]",345788m 4p 33r5578s,567889m 4588p 456s,r55m 2378p 56677s 34z,46m 123r5567p 1299s 6z,1,1,4,,0,,,,,,
20260410130016_0300_029,20260410130016_0300,20260410130016,特上卓,0,s6u,80,3s,tedashi,1775794651,4505.07,,6,479.247,"[50,97,82,15,26,17,80,88,103,89,28,10,30,45]","[27,21,29,51,65,64,34,31,53,91,84,18,94]","[93,42,16,62,66,95,19,98,47,121,90,99,118]","[46,61,40,75,13,105,56,78,39,22,54,107,52]",345788m 34p 33r5578s,567889m 4588p 456s,r55m 2378p 56677s 34z,46m 123r5567p 1299s,2,2,3,,0,3s,2233pt,7m,1985pt,8m,1937pt
20260410130016_0300_030,20260410130016_0300,20260410130016,特上卓,1,優歩,31,8m,tedashi,1775794654,950.543,2362.931,6,208.238,"[50,97,82,15,26,17,88,103,89,28,10,30,45]","[27,21,29,51,65,64,34,31,53,91,84,18,94,12]","[93,42,16,62,66,95,19,98,47,121,90,99,118]","[46,61,40,75,13,105,56,78,39,22,54,107,52]",345788m 34p 3r5578s,4567889m 4588p 456s,r55m 2378p 56677s 34z,46m 123r5567p 1299s,0,0,4,36p,0,,,,,,
20260410130016_0300_031,20260410130016_0300,20260410130016,特上卓,2,【TM】,121,4z,tedashi,1775794656,1703.649,,0,,"[50,97,82,15,26,17,88,103,89,28,10,30,45]","[27,21,29,51,65,64,34,53,91,84,18,94,12]","[93,42,16,62,66,95,19,98,47,121,90,99,118,23]","[46,61,40,75,13,105,56,78,39,22,54,107,52]",345788m 34p 3r5578s,456789m 4588p 456s,r556m 2378p 56677s 34z,46m 123r5567p 1299s,2,2,3,,0,,,,,,
20260410130016_0300_032,20260410130016_0300,20260410130016,特上卓,3,Tak1984,78,2s,tedashi,1775794658,1275.425,,0,,"[50,97,82,15,26,17,88,103,89,28,10,30,45]","[27,21,29,51,65,64,34,53,91,84,18,94,12]","[93,42,16,62,66,95,19,98,47,90,99,118,23]","[46,61,40,75,13,105,56,78,39,22,54,107,52,57]",345788m 34p 3r5578s,456789m 4588p 456s,r556m 2378p 56677s 3z,46m 123r55667p 1299s,1,1,3,,0,,,,,,
20260410130016_0300_033,20260410130016_0300,20260410130016,特上卓,0,s6u,82,3s,tedashi,1775794661,3145.521,,0,,"[50,97,82,15,26,17,88,103,89,28,10,30,45,14]","[27,21,29,51,65,64,34,53,91,84,18,94,12]","[93,42,16,62,66,95,19,98,47,90,99,118,23]","[46,61,40,75,13,105,56,39,22,54,107,52,57]",3445788m 34p 3r5578s,456789m 4588p 456s,r556m 2378p 56677s 3z,46m 123r55667p 199s,2,2,3,,0,4m,1946pt,3s,1792pt,7m,1693pt
20260410130016_0300_034,20260410130016_0300,20260410130016,特上卓,1,優歩,63,7p,risekichu_hokan_tsumogiri,1775794662,1034.092,,0,,"[50,97,15,26,17,88,103,89,28,10,30,45,14]","[27,21,29,51,65,64,34,53,91,84,18,94,12,63]","[93,42,16,62,66,95,19,98,47,90,99,118,23]","[46,61,40,75,13,105,56,39,22,54,107,52,57]",3445788m 34p r5578s,456789m 45788p 456s,r556m 2378p 56677s 3z,46m 123r55667p 199s,0,0,5,36p,0,,,,,,
20260410130016_0300_035,20260410130016_0300,20260410130016,特上卓,2,【TM】,118,3z,tedashi,1775794664,1925.1,,0,,"[50,97,15,26,17,88,103,89,28,10,30,45,14]","[27,21,29,51,65,64,34,53,91,84,18,94,12]","[93,42,16,62,66,95,19,98,47,90,99,118,23,70]","[46,61,40,75,13,105,56,39,22,54,107,52,57]",3445788m 34p r5578s,456789m 4588p 456s,r556m 23789p 56677s 3z,46m 123r55667p 199s,1,1,3,,0,,,,,,
20260410130016_0300_036,20260410130016_0300,20260410130016,特上卓,3,Tak1984,75,1s,tedashi,1775794665,1293.412,,0,,"[50,97,15,26,17,88,103,89,28,10,30,45,14]","[27,21,29,51,65,64,34,53,91,84,18,94,12]","[93,42,16,62,66,95,19,98,47,90,99,23,70]","[46,61,40,75,13,105,56,39,22,54,107,52,57,55]",3445788m 34p r5578s,456789m 4588p 456s,r556m 23789p 56677s,46m 123r555667p 199s,1,1,3,,0,,,,,,
20260410130016_0300_037,20260410130016_0300,20260410130016,特上卓,0,s6u,30,8m,tedashi,1775794668,2505.709,,0,,"[50,97,15,26,17,88,103,89,28,10,30,45,14,44]","[27,21,29,51,65,64,34,53,91,84,18,94,12]","[93,42,16,62,66,95,19,98,47,90,99,23,70]","[46,61,40,13,105,56,39,22,54,107,52,57,55]",3445788m 334p r5578s,456789m 4588p 456s,r556m 23789p 56677s,46m 123r555667p 99s,2,2,2,,1,4m,1619pt,3p,1580pt,8m,1515pt
20260410130016_0300_038,20260410130016_0300,20260410130016,特上卓,1,優歩,0,1m,risekichu_hokan_tsumogiri,1775794669,1056.273,,0,,"[50,97,15,26,17,88,103,89,28,10,45,14,44]","[27,21,29,51,65,64,34,53,91,84,18,94,12,0]","[93,42,16,62,66,95,19,98,47,90,99,23,70]","[46,61,40,13,105,56,39,22,54,107,52,57,55]",344578m 334p r5578s,1456789m 4588p 456s,r556m 23789p 56677s,46m 123r555667p 99s,0,0,5,36p,0,,,,,,
20260410130016_0300_039,20260410130016_0300,20260410130016,特上卓,2,【TM】,62,7p,tedashi,1775794672,2979.463,,6,324.654,"[50,97,15,26,17,88,103,89,28,10,45,14,44]","[27,21,29,51,65,64,34,53,91,84,18,94,12]","[93,42,16,62,66,95,19,98,47,90,99,23,70,60]","[46,61,40,13,105,56,39,22,54,107,52,57,55]",344578m 334p r5578s,456789m 4588p 456s,r556m 237789p 56677s,46m 123r555667p 99s,1,1,2,,0,,,,,,
20260410130016_0300_040,20260410130016_0300,20260410130016,特上卓,3,Tak1984,72,1s,risekichu_hokan_tsumogiri,1775794673,1570.813,,0,,"[50,97,15,26,17,88,103,89,28,10,45,14,44]","[27,21,29,51,65,64,34,53,91,84,18,94,12]","[93,42,16,66,95,19,98,47,90,99,23,70,60]","[46,61,40,13,105,56,39,22,54,107,52,57,55,72]",344578m 334p r5578s,456789m 4588p 456s,r556m 23789p 56677s,46m 123r555667p 199s,1,1,3,,0,,,,,,
20260410130016_0300_041,20260410130016_0300,20260410130016,特上卓,0,s6u,97,7s,tedashi,1775794680,6450.034,,3,2338.82,"[50,97,15,26,17,88,103,89,28,10,45,14,44,102]","[27,21,29,51,65,64,34,53,91,84,18,94,12]","[93,42,16,66,95,19,98,47,90,99,23,70,60]","[46,61,40,13,105,56,39,22,54,107,52,57,55]",344578m 334p r55788s,456789m 4588p 456s,r556m 23789p 56677s,46m 123r555667p 99s,2,2,2,,0,4m,1355pt,3p,1334pt,8s,1297pt
20260410130016_0300_042,20260410130016_0300,20260410130016,特上卓,1,優歩,7,2m,risekichu_hokan_tsumogiri,1775794683,677.765,,0,,"[50,15,26,17,88,103,89,28,10,45,14,44,102]","[27,21,29,51,65,64,34,53,91,84,18,94,12,7]","[93,42,16,66,95,19,98,47,90,99,23,70,60]","[46,61,40,13,105,56,39,22,54,107,52,57,55]",344578m 334p r5588s,2456789m 4588p 456s,r556m 23789p 56677s,46m 123r555667p 99s,0,0,5,36p,0,,,,,,
20260410130016_0300_043,20260410130016_0300,20260410130016,特上卓,2,【TM】,133,7z,risekichu_hokan_tsumogiri,1775794685,1836.67,,0,,"[50,15,26,17,88,103,89,28,10,45,14,44,102]","[27,21,29,51,65,64,34,53,91,84,18,94,12]","[93,42,16,66,95,19,98,47,90,99,23,70,60,133]","[46,61,40,13,105,56,39,22,54,107,52,57,55]",344578m 334p r5588s,456789m 4588p 456s,r556m 23789p 56677s 7z,46m 123r555667p 99s,1,1,3,,0,,,,,,
20260410130016_0300_044,20260410130016_0300,20260410130016,特上卓,3,Tak1984,61,7p,tedashi,1775794699,13820.711,,0,,"[50,15,26,17,88,103,89,28,10,45,14,44,102]","[27,21,29,51,65,64,34,53,91,84,18,94,12]","[93,42,16,66,95,19,98,47,90,99,23,70,60]","[46,61,40,13,105,56,39,22,54,107,52,57,55,92]",344578m 334p r5588s,456789m 4588p 456s,r556m 23789p 56677s,46m 123r555667p 699s,1,1,3,,0,,,,,,
20260410130016_0300_045,20260410130016_0300,20260410130016,特上卓,0,s6u,28,8m,tedashi,1775794705,6318.174,,0,,"[50,15,26,17,88,103,89,28,10,45,14,44,102,4]","[27,21,29,51,65,64,34,53,91,84,18,94,12]","[93,42,16,66,95,19,98,47,90,99,23,70,60]","[46,40,13,105,56,39,22,54,107,52,57,55,92]",2344578m 334p r5588s,456789m 4588p 456s,r556m 23789p 56677s,46m 123r55566p 699s,2,2,2,,0,8m,895pt,7m,874pt,3p,794pt
20260410130016_0300_046,20260410130016_0300,20260410130016,特上卓,1,優歩,3,1m,risekichu_hokan_tsumogiri,1775794706,975.018,,0,,"[50,15,26,17,88,103,89,10,45,14,44,102,4]","[27,21,29,51,65,64,34,53,91,84,18,94,12,3]","[93,42,16,66,95,19,98,47,90,99,23,70,60]","[46,40,13,105,56,39,22,54,107,52,57,55,92]",234457m 334p r5588s,1456789m 4588p 456s,r556m 23789p 56677s,46m 123r55566p 699s,0,0,5,36p,0,,,,,,
20260410130016_0300_047,20260410130016_0300,20260410130016,特上卓,2,【TM】,87,4s,risekichu_hokan_tsumogiri,1775794711,4817.211,,0,,"[50,15,26,17,88,103,89,10,45,14,44,102,4]","[27,21,29,51,65,64,34,53,91,84,18,94,12]","[93,42,16,66,95,19,98,47,90,99,23,70,60,87]","[46,40,13,105,56,39,22,54,107,52,57,55,92]",234457m 334p r5588s,456789m 4588p 456s,r556m 23789p 456677s,46m 123r55566p 699s,1,1,3,,0,,,,,,
20260410130016_0300_048,20260410130016_0300,20260410130016,特上卓,3,Tak1984,110,1z,risekichu_hokan_tsumogiri,1775794712,1807.406,,0,,"[50,15,26,17,88,103,89,10,45,14,44,102,4]","[27,21,29,51,65,64,34,53,91,84,18,94,12]","[93,42,16,66,95,19,98,47,90,99,23,70,60]","[46,40,13,105,56,39,22,54,107,52,57,55,92,110]",234457m 334p r5588s,456789m 4588p 456s,r556m 23789p 56677s,46m 123r55566p 699s 1z,1,1,3,,0,,,,,,
20260410130016_0300_049,20260410130016_0300,20260410130016,特上卓,0,s6u,4,2m,tedashi,1775794720,7149.862,,0,,"[50,15,26,17,88,103,89,10,45,14,44,102,4,37]","[27,21,29,51,65,64,34,53,91,84,18,94,12]","[93,42,16,66,95,19,98,47,90,99,23,70,60]","[46,40,13,105,56,39,22,54,107,52,57,55,92]",234457m 1334p r5588s,456789m 4588p 456s,r556m 23789p 56677s,46m 123r55566p 699s,2,2,2,,0,1p,628pt,7m,619pt,3p,490pt
20260410130016_0300_050,20260410130016_0300,20260410130016,特上卓,1,優歩,69,9p,risekichu_hokan_tsumogiri,1775794721,925.588,,3,2398.051,"[50,15,26,17,88,103,89,10,45,14,44,102,37]","[27,21,29,51,65,64,34,53,91,84,18,94,12,69]","[93,42,16,66,95,19,98,47,90,99,23,70,60]","[46,40,13,105,56,39,22,54,107,52,57,55,92]",34457m 1334p r5588s,456789m 45889p 456s,r556m 23789p 56677s,46m 123r55566p 699s,0,0,5,36p,0,,,,,,
20260410130016_0300_051,20260410130016_0300,20260410130016,特上卓,2,【TM】,99,7s,tedashi,1775794729,5858.943,,0,,"[50,15,26,17,88,103,89,10,45,14,44,102,37]","[27,21,29,51,65,64,34,53,91,84,18,94,12]","[93,42,16,66,95,19,98,47,90,99,23,70,60,25]","[46,40,13,105,56,39,22,54,107,52,57,55,92]",34457m 1334p r5588s,456789m 4588p 456s,r5567m 23789p 56677s,46m 123r55566p 699s,1,1,3,,0,,,,,,
20260410130016_0300_052,20260410130016_0300,20260410130016,特上卓,3,Tak1984,43,2p,risekichu_hokan_tsumogiri,1775794737,8020.655,,3,1610.29,"[50,15,26,17,88,103,89,10,45,14,44,102,37]","[27,21,29,51,65,64,34,53,91,84,18,94,12]","[93,42,16,66,95,19,98,47,90,23,70,60,25]","[46,40,13,105,56,39,22,54,107,52,57,55,92,43]",34457m 1334p r5588s,456789m 4588p 456s,r5567m 23789p 5667s,46m 1223r55566p 699s,1,1,2,,0,,,,,,
20260410130016_0300_053,20260410130016_0300,20260410130016,特上卓,0,s6u,68,9p,tsumogiri,1775794740,1182.094,,0,,"[50,15,26,17,88,103,89,10,45,14,44,102,37,68]","[27,21,29,51,65,64,34,53,91,84,18,94,12]","[93,42,16,66,95,19,98,47,90,23,70,60,25]","[46,40,13,105,56,39,22,54,107,52,57,55,92]",34457m 13349p r5588s,456789m 4588p 456s,r5567m 23789p 5667s,46m 123r55566p 699s,2,2,2,,0,9p,176pt,1p,147pt,7m,144pt
20260410130016_0300_054,20260410130016_0300,20260410130016,特上卓,1,優歩,79,2s,risekichu_hokan_tsumogiri,1775794741,1112.002,,0,,"[50,15,26,17,88,103,89,10,45,14,44,102,37]","[27,21,29,51,65,64,34,53,91,84,18,94,12,79]","[93,42,16,66,95,19,98,47,90,23,70,60,25]","[46,40,13,105,56,39,22,54,107,52,57,55,92]",34457m 1334p r5588s,456789m 4588p 2456s,r5567m 23789p 5667s,46m 123r55566p 699s,0,0,5,36p,0,,,,,,
20260410130016_0300_055,20260410130016_0300,20260410130016,特上卓,2,【TM】,81,3s,risekichu_hokan_tsumogiri,1775794743,1954.597,,0,,"[50,15,26,17,88,103,89,10,45,14,44,102,37]","[27,21,29,51,65,64,34,53,91,84,18,94,12]","[93,42,16,66,95,19,98,47,90,23,70,60,25,81]","[46,40,13,105,56,39,22,54,107,52,57,55,92]",34457m 1334p r5588s,456789m 4588p 456s,r5567m 23789p 35667s,46m 123r55566p 699s,1,1,4,,0,,,,,,
20260410130016_0300_056,20260410130016_0300,20260410130016,特上卓,3,Tak1984,92,6s,tedashi,1775794750,781.344,6147.025,3,2128.705,"[50,15,26,17,88,103,89,10,45,14,44,102,37]","[27,21,29,51,65,64,34,53,91,84,18,94,12]","[93,42,16,66,95,19,98,47,90,23,70,60,25]","[46,40,13,105,56,39,22,54,107,52,57,55,92,106]",34457m 1334p r5588s,456789m 4588p 456s,r5567m 23789p 5667s,46m 123r55566p 6999s,0,0,3,5m,0,,,,,,
20260410130016_0300_057,20260410130016_0300,20260410130016,特上卓,0,s6u,37,1p,tedashi,1775794761,8752.86,,0,,"[50,15,26,17,88,103,89,10,45,14,44,102,37,6]","[27,21,29,51,65,64,34,53,91,84,18,94,12]","[93,42,16,66,95,19,98,47,90,23,70,60,25]","[46,40,13,105,56,39,22,54,107,52,57,55,106]",234457m 1334p r5588s,456789m 4588p 456s,r5567m 23789p 5667s,46m 123r55566p 999s,2,2,2,,0,1p,125pt,7m,114pt,3p,77pt
20260410130016_0300_058,20260410130016_0300,20260410130016,特上卓,1,優歩,111,1z,risekichu_hokan_tsumogiri,1775794762,1193.767,,0,,"[50,15,26,17,88,103,89,10,45,14,44,102,6]","[27,21,29,51,65,64,34,53,91,84,18,94,12,111]","[93,42,16,66,95,19,98,47,90,23,70,60,25]","[46,40,13,105,56,39,22,54,107,52,57,55,106]",234457m 334p r5588s,456789m 4588p 456s 1z,r5567m 23789p 5667s,46m 123r55566p 999s,0,0,5,36p,0,,,,,,
20260410130016_0300_059,20260410130016_0300,20260410130016,特上卓,2,【TM】,95,6s,tedashi,1775794763,1768.256,,0,,"[50,15,26,17,88,103,89,10,45,14,44,102,6]","[27,21,29,51,65,64,34,53,91,84,18,94,12]","[93,42,16,66,95,19,98,47,90,23,70,60,25,20]","[46,40,13,105,56,39,22,54,107,52,57,55,106]",234457m 334p r5588s,456789m 4588p 456s,r55667m 23789p 5667s,46m 123r55566p 999s,1,1,3,,0,,,,,,
20260410130016_0300_060,20260410130016_0300,20260410130016,特上卓,3,Tak1984,48,4p,risekichu_hokan_tsumogiri,1775794764,736.982,,0,,"[50,15,26,17,88,103,89,10,45,14,44,102,6]","[27,21,29,51,65,64,34,53,91,84,18,94,12]","[93,42,16,66,19,98,47,90,23,70,60,25,20]","[46,40,13,105,56,39,22,54,107,52,57,55,106,48]",234457m 334p r5588s,456789m 4588p 456s,r55667m 23789p 567s,46m 1234r55566p 999s,0,0,3,5m,0,,,,,,
20260410130016_0300_061,20260410130016_0300,20260410130016,特上卓,0,s6u,50,4p,tedashi,1775794766,1993.857,,0,,"[50,15,26,17,88,103,89,10,45,14,44,102,6,100]","[27,21,29,51,65,64,34,53,91,84,18,94,12]","[93,42,16,66,19,98,47,90,23,70,60,25,20]","[46,40,13,105,56,39,22,54,107,52,57,55,106]",234457m 334p r55888s,456789m 4588p 456s,r55667m 23789p 567s,46m 123r55566p 999s,1,1,2,,0,7m,484pt,3p,376pt,4m,321pt
20260410130016_0300_062,20260410130016_0300,20260410130016,特上卓,1,優歩,41,2p,risekichu_hokan_tsumogiri,1775794767,1109.494,,0,,"[15,26,17,88,103,89,10,45,14,44,102,6,100]","[27,21,29,51,65,64,34,53,91,84,18,94,12,41]","[93,42,16,66,19,98,47,90,23,70,60,25,20]","[46,40,13,105,56,39,22,54,107,52,57,55,106]",234457m 33p r55888s,456789m 24588p 456s,r55667m 23789p 567s,46m 123r55566p 999s,0,0,5,36p,0,,,,,,
20260410130016_0300_063,20260410130016_0300,20260410130016,特上卓,2,【TM】,42,2p,tedashi,1775794774,6759.134,,0,,"[15,26,17,88,103,89,10,45,14,44,102,6,100]","[27,21,29,51,65,64,34,53,91,84,18,94,12]","[93,42,16,66,19,98,47,90,23,70,60,25,20,96]","[46,40,13,105,56,39,22,54,107,52,57,55,106]",234457m 33p r55888s,456789m 4588p 456s,r55667m 23789p 5677s,46m 123r55566p 999s,1,1,3,,0,,,,,,
20260410130016_0300_064,20260410130016_0300,20260410130016,特上卓,3,Tak1984,101,8s,risekichu_hokan_tsumogiri,1775794775,788.695,,3,1894.897,"[15,26,17,88,103,89,10,45,14,44,102,6,100]","[27,21,29,51,65,64,34,53,91,84,18,94,12]","[93,16,66,19,98,47,90,23,70,60,25,20,96]","[46,40,13,105,56,39,22,54,107,52,57,55,106,101]",234457m 33p r55888s,456789m 4588p 456s,r55667m 3789p 5677s,46m 123r55566p 8999s,0,0,3,5m,0,,,,,,
20260410130016_0300_065,20260410130016_0300,20260410130016,特上卓,0,s6u,102,8s,tedashi,1775794780,3560.014,,0,,"[15,26,17,88,103,89,10,45,14,44,102,6,100,104]","[27,21,29,51,65,64,34,53,91,84,18,94,12]","[93,16,66,19,98,47,90,23,70,60,25,20,96]","[46,40,13,105,56,39,22,54,107,52,57,55,106]",234457m 33p r558889s,456789m 4588p 456s,r55667m 3789p 5677s,46m 123r55566p 999s,1,1,2,,0,2m,0pt,3m,0pt,4m,0pt
20260410130016_0300_066,20260410130016_0300,20260410130016,特上卓,1,優歩,120,4z,risekichu_hokan_tsumogiri,1775794781,1098.378,,0,,"[15,26,17,88,103,89,10,45,14,44,6,100,104]","[27,21,29,51,65,64,34,53,91,84,18,94,12,120]","[93,16,66,19,98,47,90,23,70,60,25,20,96]","[46,40,13,105,56,39,22,54,107,52,57,55,106]",234457m 33p r55889s,456789m 4588p 456s 4z,r55667m 3789p 5677s,46m 123r55566p 999s,0,0,5,36p,0,,,,,,
20260410130016_0300_067,20260410130016_0300,20260410130016,特上卓,2,【TM】,76,2s,risekichu_hokan_tsumogiri,1775794784,2977.064,,0,,"[15,26,17,88,103,89,10,45,14,44,6,100,104]","[27,21,29,51,65,64,34,53,91,84,18,94,12]","[93,16,66,19,98,47,90,23,70,60,25,20,96,76]","[46,40,13,105,56,39,22,54,107,52,57,55,106]",234457m 33p r55889s,456789m 4588p 456s,r55667m 3789p 25677s,46m 123r55566p 999s,1,1,3,,0,,,,,,
20260410130016_0300_068,20260410130016_0300,20260410130016,特上卓,3,Tak1984,2,1m,risekichu_hokan_tsumogiri,1775794785,805.198,,3,3226.197,"[15,26,17,88,103,89,10,45,14,44,6,100,104]","[27,21,29,51,65,64,34,53,91,84,18,94,12]","[93,16,66,19,98,47,90,23,70,60,25,20,96]","[46,40,13,105,56,39,22,54,107,52,57,55,106,2]",234457m 33p r55889s,456789m 4588p 456s,r55667m 3789p 5677s,146m 123r55566p 999s,0,0,3,5m,0,,,,,,
20260410130016_0300_069,20260410130016_0300,20260410130016,特上卓,0,s6u,100,8s,tedashi,1775794790,1134.882,,0,,"[15,26,17,88,103,89,10,45,14,44,6,100,104,9]","[27,21,29,51,65,64,34,53,91,84,18,94,12]","[93,16,66,19,98,47,90,23,70,60,25,20,96]","[46,40,13,105,56,39,22,54,107,52,57,55,106]",2334457m 33p r55889s,456789m 4588p 456s,r55667m 3789p 5677s,46m 123r55566p 999s,1,1,1,,0,2m,0pt,3m,0pt,4m,0pt
20260410130016_0301_000,20260410130016_0301,20260410130016,特上卓,3,Tak1984,38,1p,tedashi,1775794802,,,0,,"[8,74,96,7,36,65,70,71,20,55,98,121,76]","[40,94,72,35,23,122,39,29,1,115,10,112,109]","[17,28,130,126,58,26,4,95,18,61,3,133,88]","[38,66,51,100,107,64,11,52,12,80,124,106,14,102]",236m 15899p 1277s 4z,13689m 12p 16s 1224z,125578m 67p r56s 567z,344m 14r588p 38899s 5z,2,3,2,,0,,,,,,
20260410130016_0301_001,20260410130016_0301,20260410130016,特上卓,0,s6u,121,4z,tedashi,1775794804,2526.278,,0,,"[8,74,96,7,36,65,70,71,20,55,98,121,76,108]","[40,94,72,35,23,122,39,29,1,115,10,112,109]","[17,28,130,126,58,26,4,95,18,61,3,133,88]","[66,51,100,107,64,11,52,12,80,124,106,14,102]",236m 15899p 1277s 14z,13689m 12p 16s 1224z,125578m 67p r56s 567z,344m 4r588p 38899s 5z,4,4,4,,0,,,,,,
20260410130016_0301_002,20260410130016_0301,20260410130016,特上卓,1,優歩,122,4z,tedashi,1775794806,1872.355,,0,,"[8,74,96,7,36,65,70,71,20,55,98,76,108]","[40,94,72,35,23,122,39,29,1,115,10,112,109,62]","[17,28,130,126,58,26,4,95,18,61,3,133,88]","[66,51,100,107,64,11,52,12,80,124,106,14,102]",236m 15899p 1277s 1z,13689m 127p 16s 1224z,125578m 67p r56s 567z,344m 4r588p 38899s 5z,4,4,5,,0,,,,,,
20260410130016_0301_003,20260410130016_0301,20260410130016,特上卓,2,【TM】,126,5z,tedashi,1775794808,1603.969,,0,,"[8,74,96,7,36,65,70,71,20,55,98,76,108]","[40,94,72,35,23,39,29,1,115,10,112,109,62]","[17,28,130,126,58,26,4,95,18,61,3,133,88,57]","[66,51,100,107,64,11,52,12,80,124,106,14,102]",236m 15899p 1277s 1z,13689m 127p 16s 122z,125578m 667p r56s 567z,344m 4r588p 38899s 5z,3,3,4,,0,,,,,,
20260410130016_0301_004,20260410130016_0301,20260410130016,特上卓,3,Tak1984,124,5z,tedashi,1775794814,5947.215,,0,,"[8,74,96,7,36,65,70,71,20,55,98,76,108]","[40,94,72,35,23,39,29,1,115,10,112,109,62]","[17,28,130,58,26,4,95,18,61,3,133,88,57]","[66,51,100,107,64,11,52,12,80,124,106,14,102,67]",236m 15899p 1277s 1z,13689m 127p 16s 122z,125578m 667p r56s 67z,344m 4r5888p 38899s 5z,2,2,2,,0,,,,,,
20260410130016_0301_005,20260410130016_0301,20260410130016,特上卓,0,s6u,127,5z,tsumogiri,1775794816,2529.038,,0,,"[8,74,96,7,36,65,70,71,20,55,98,76,108,127]","[40,94,72,35,23,39,29,1,115,10,112,109,62]","[17,28,130,58,26,4,95,18,61,3,133,88,57]","[66,51,100,107,64,11,52,12,80,106,14,102,67]",236m 15899p 1277s 15z,13689m 127p 16s 122z,125578m 667p r56s 67z,344m 4r5888p 38899s,4,4,4,,0,,,,,,
20260410130016_0301_006,20260410130016_0301,20260410130016,特上卓,1,優歩,72,1s,tedashi,1775794819,2903.679,,0,,"[8,74,96,7,36,65,70,71,20,55,98,76,108]","[40,94,72,35,23,39,29,1,115,10,112,109,62,24]","[17,28,130,58,26,4,95,18,61,3,133,88,57]","[66,51,100,107,64,11,52,12,80,106,14,102,67]",236m 15899p 1277s 1z,136789m 127p 16s 122z,125578m 667p r56s 67z,344m 4r5888p 38899s,3,3,5,,0,,,,,,
20260410130016_0301_007,20260410130016_0301,20260410130016,特上卓,2,【TM】,119,3z,risekichu_hokan_tsumogiri,1775794822,3016.285,,0,,"[8,74,96,7,36,65,70,71,20,55,98,76,108]","[40,94,35,23,39,29,1,115,10,112,109,62,24]","[17,28,130,58,26,4,95,18,61,3,133,88,57,119]","[66,51,100,107,64,11,52,12,80,106,14,102,67]",236m 15899p 1277s 1z,136789m 127p 6s 122z,125578m 667p r56s 367z,344m 4r5888p 38899s,3,3,4,,0,,,,,,
20260410130016_0301_008,20260410130016_0301,20260410130016,特上卓,3,Tak1984,80,3s,tedashi,1775794830,7954.113,,3,2183.699,"[8,74,96,7,36,65,70,71,20,55,98,76,108]","[40,94,35,23,39,29,1,115,10,112,109,62,24]","[17,28,130,58,26,4,95,18,61,3,133,88,57]","[66,51,100,107,64,11,52,12,80,106,14,102,67,16]",236m 15899p 1277s 1z,136789m 127p 6s 122z,125578m 667p r56s 67z,344r5m 4r5888p 38899s,1,1,2,,0,,,,,,
20260410130016_0301_009,20260410130016_0301,20260410130016,特上卓,0,s6u,108,1z,tedashi,1775794836,3955.826,,0,,"[8,74,96,7,36,65,70,71,20,55,98,76,108,46]","[40,94,35,23,39,29,1,115,10,112,109,62,24]","[17,28,130,58,26,4,95,18,61,3,133,88,57]","[66,51,100,107,64,11,52,12,106,14,102,67,16]",236m 135899p 1277s 1z,136789m 127p 6s 122z,125578m 667p r56s 67z,344r5m 4r5888p 8899s,3,3,4,,0,,,,,,
20260410130016_0301_010,20260410130016_0301,20260410130016,特上卓,1,優歩,109,1z,tedashi,1775794840,3982.005,,5,1773.277,"[8,74,96,7,36,65,70,71,20,55,98,76,46]","[40,94,35,23,39,29,1,115,10,112,109,62,24,56]","[17,28,130,58,26,4,95,18,61,3,133,88,57]","[66,51,100,107,64,11,52,12,106,14,102,67,16]",236m 135899p 1277s,136789m 1267p 6s 122z,125578m 667p r56s 67z,344r5m 4r5888p 8899s,2,2,5,,0,,,,,,
20260410130016_0301_011,20260410130016_0301,20260410130016,特上卓,2,【TM】,130,6z,tedashi,1775794844,1606.24,,0,,"[8,74,96,7,36,65,70,71,20,55,98,76,46]","[40,94,35,23,39,29,1,115,10,112,62,24,56]","[17,28,130,58,26,4,95,18,61,3,133,88,57,21]","[66,51,100,107,64,11,52,12,106,14,102,67,16]",236m 135899p 1277s,136789m 1267p 6s 22z,1255678m 667p r56s 67z,344r5m 4r5888p 8899s,2,2,4,,0,,,,,,
20260410130016_0301_012,20260410130016_0301,20260410130016,特上卓,3,Tak1984,120,4z,risekichu_hokan_tsumogiri,1775794845,1603.351,,0,,"[8,74,96,7,36,65,70,71,20,55,98,76,46]","[40,94,35,23,39,29,1,115,10,112,62,24,56]","[17,28,58,26,4,95,18,61,3,133,88,57,21]","[66,51,100,107,64,11,52,12,106,14,102,67,16,120]",236m 135899p 1277s,136789m 1267p 6s 22z,1255678m 667p r56s 7z,344r5m 4r5888p 8899s 4z,1,1,2,,0,,,,,,
20260410130016_0301_013,20260410130016_0301,20260410130016,特上卓,0,s6u,131,6z,tsumogiri,1775794851,5507.181,,0,,"[8,74,96,7,36,65,70,71,20,55,98,76,46,131]","[40,94,35,23,39,29,1,115,10,112,62,24,56]","[17,28,58,26,4,95,18,61,3,133,88,57,21]","[66,51,100,107,64,11,52,12,106,14,102,67,16]",236m 135899p 1277s 6z,136789m 1267p 6s 22z,1255678m 667p r56s 7z,344r5m 4r5888p 8899s,3,3,4,,0,6z,734pt,6m,727pt,8p,665pt
20260410130016_0301_014,20260410130016_0301,20260410130016,特上卓,1,優歩,40,2p,tedashi,1775794856,5368.076,,0,,"[8,74,96,7,36,65,70,71,20,55,98,76,46]","[40,94,35,23,39,29,1,115,10,112,62,24,56,27]","[17,28,58,26,4,95,18,61,3,133,88,57,21]","[66,51,100,107,64,11,52,12,106,14,102,67,16]",236m 135899p 1277s,1367789m 1267p 6s 22z,1255678m 667p r56s 7z,344r5m 4r5888p 8899s,2,2,4,,0,,,,,,
20260410130016_0301_015,20260410130016_0301,20260410130016,特上卓,2,【TM】,133,7z,tedashi,1775794859,3099.479,,0,,"[8,74,96,7,36,65,70,71,20,55,98,76,46]","[94,35,23,39,29,1,115,10,112,62,24,56,27]","[17,28,58,26,4,95,18,61,3,133,88,57,21,41]","[66,51,100,107,64,11,52,12,106,14,102,67,16]",236m 135899p 1277s,1367789m 167p 6s 22z,1255678m 2667p r56s 7z,344r5m 4r5888p 8899s,2,2,4,,0,,,,,,
20260410130016_0301_016,20260410130016_0301,20260410130016,特上卓,3,Tak1984,12,4m,tedashi,1775794862,565.989,2477.532,6,207.38,"[8,74,96,7,36,65,70,71,20,55,98,76,46]","[94,35,23,39,29,1,115,10,112,62,24,56,27]","[17,28,58,26,4,95,18,61,3,88,57,21,41]","[66,51,100,107,64,11,52,12,106,14,102,67,16,105]",236m 135899p 1277s,1367789m 167p 6s 22z,1255678m 2667p r56s,344r5m 4r5888p 88999s,0,0,2,36p,0,,,,,,
20260410130016_0301_017,20260410130016_0301,20260410130016,特上卓,0,s6u,74,1s,tedashi,1775794868,5200.737,,0,,"[8,74,96,7,36,65,70,71,20,55,98,76,46,103]","[94,35,23,39,29,1,115,10,112,62,24,56,27]","[17,28,58,26,4,95,18,61,3,88,57,21,41]","[66,51,100,107,64,11,52,106,14,102,67,16,105]",236m 135899p 12778s,1367789m 167p 6s 22z,1255678m 2667p r56s,34r5m 4r5888p 88999s,3,3,4,,0,6m,754pt,8p,742pt,7s,734pt
20260410130016_0301_018,20260410130016_0301,20260410130016,特上卓,1,優歩,39,1p,tedashi,1775794872,3988.949,,0,,"[8,96,7,36,65,70,71,20,55,98,76,46,103]","[94,35,23,39,29,1,115,10,112,62,24,56,27,15]","[17,28,58,26,4,95,18,61,3,88,57,21,41]","[66,51,100,107,64,11,52,106,14,102,67,16,105]",236m 135899p 2778s,13467789m 167p 6s 22z,1255678m 2667p r56s,34r5m 4r5888p 88999s,2,2,4,,0,,,,,,
20260410130016_0301_019,20260410130016_0301,20260410130016,特上卓,2,【TM】,81,3s,risekichu_hokan_tsumogiri,1775794875,3030.874,,0,,"[8,96,7,36,65,70,71,20,55,98,76,46,103]","[94,35,23,29,1,115,10,112,62,24,56,27,15]","[17,28,58,26,4,95,18,61,3,88,57,21,41,81]","[66,51,100,107,64,11,52,106,14,102,67,16,105]",236m 135899p 2778s,13467789m 67p 6s 22z,1255678m 2667p 3r56s,34r5m 4r5888p 88999s,2,2,4,,0,,,,,,
20260410130016_0301_020,20260410130016_0301,20260410130016,特上卓,3,Tak1984,0,1m,risekichu_hokan_tsumogiri,1775794875,719.58,,3,646.665,"[8,96,7,36,65,70,71,20,55,98,76,46,103]","[94,35,23,29,1,115,10,112,62,24,56,27,15]","[17,28,58,26,4,95,18,61,3,88,57,21,41]","[66,51,100,107,64,11,52,106,14,102,67,16,105,0]",236m 135899p 2778s,13467789m 67p 6s 22z,1255678m 2667p r56s,134r5m 4r5888p 88999s,0,0,3,36p,0,,,,,,
20260410130016_0301_021,20260410130016_0301,20260410130016,特上卓,0,s6u,36,1p,tedashi,1775794879,2714.688,,0,,"[8,96,7,36,65,70,71,20,55,98,76,46,103,9]","[94,35,23,29,1,115,10,112,62,24,56,27,15]","[17,28,58,26,4,95,18,61,3,88,57,21,41]","[66,51,100,107,64,11,52,106,14,102,67,16,105]",2336m 135899p 2778s,13467789m 67p 6s 22z,1255678m 2667p r56s,34r5m 4r5888p 88999s,3,4,3,,0,2s,515pt,6m,498pt,8p,496pt
20260410130016_0301_022,20260410130016_0301,20260410130016,特上卓,1,優歩,83,3s,risekichu_hokan_tsumogiri,1775794883,4068.246,,0,,"[8,96,7,65,70,71,20,55,98,76,46,103,9]","[94,35,23,29,1,115,10,112,62,24,56,27,15,83]","[17,28,58,26,4,95,18,61,3,88,57,21,41]","[66,51,100,107,64,11,52,106,14,102,67,16,105]",2336m 35899p 2778s,13467789m 67p 36s 22z,1255678m 2667p r56s,34r5m 4r5888p 88999s,2,2,4,,0,,,,,,
20260410130016_0301_023,20260410130016_0301,20260410130016,特上卓,2,【TM】,3,1m,tedashi,1775794884,1497.379,,0,,"[8,96,7,65,70,71,20,55,98,76,46,103,9]","[94,35,23,29,1,115,10,112,62,24,56,27,15]","[17,28,58,26,4,95,18,61,3,88,57,21,41,60]","[66,51,100,107,64,11,52,106,14,102,67,16,105]",2336m 35899p 2778s,13467789m 67p 6s 22z,1255678m 26677p r56s,34r5m 4r5888p 88999s,2,2,3,,0,,,,,,
20260410130016_0301_024,20260410130016_0301,20260410130016,特上卓,3,Tak1984,92,6s,risekichu_hokan_tsumogiri,1775794885,707.888,,3,675.557,"[8,96,7,65,70,71,20,55,98,76,46,103,9]","[94,35,23,29,1,115,10,112,62,24,56,27,15]","[17,28,58,26,4,95,18,61,88,57,21,41,60]","[66,51,100,107,64,11,52,106,14,102,67,16,105,92]",2336m 35899p 2778s,13467789m 67p 6s 22z,255678m 26677p r56s,34r5m 4r5888p 688999s,0,0,3,36p,0,,,,,,
20260410130016_0301_025,20260410130016_0301,20260410130016,特上卓,0,s6u,76,2s,tedashi,1775794889,3199.271,,0,,"[8,96,7,65,70,71,20,55,98,76,46,103,9,86]","[94,35,23,29,1,115,10,112,62,24,56,27,15]","[17,28,58,26,4,95,18,61,88,57,21,41,60]","[66,51,100,107,64,11,52,106,14,102,67,16,105]",2336m 35899p 24778s,13467789m 67p 6s 22z,255678m 26677p r56s,34r5m 4r5888p 88999s,3,3,3,,0,2s,376pt,4s,370pt,8p,360pt
20260410130016_0301_026,20260410130016_0301,20260410130016,特上卓,1,優歩,94,6s,tedashi,1775794892,2892.418,,0,,"[8,96,7,65,70,71,20,55,98,46,103,9,86]","[94,35,23,29,1,115,10,112,62,24,56,27,15,87]","[17,28,58,26,4,95,18,61,88,57,21,41,60]","[66,51,100,107,64,11,52,106,14,102,67,16,105]",2336m 35899p 4778s,13467789m 67p 46s 22z,255678m 26677p r56s,34r5m 4r5888p 88999s,2,2,4,,0,,,,,,
20260410130016_0301_027,20260410130016_0301,20260410130016,特上卓,2,【TM】,4,2m,tedashi,1775794896,4093.926,,0,,"[8,96,7,65,70,71,20,55,98,46,103,9,86]","[35,23,29,1,115,10,112,62,24,56,27,15,87]","[17,28,58,26,4,95,18,61,88,57,21,41,60,85]","[66,51,100,107,64,11,52,106,14,102,67,16,105]",2336m 35899p 4778s,13467789m 67p 4s 22z,255678m 26677p 4r56s,34r5m 4r5888p 88999s,1,1,3,,0,,,,,,
20260410130016_0302_000,20260410130016_0302,20260410130016,特上卓,3,Tak1984,113,2z,tedashi,1775794908,,,0,,"[99,57,78,21,5,23,112,62,53,26,85,64,123]","[29,1,48,59,55,108,119,35,54,36,58,129,81]","[44,69,106,80,4,14,47,32,132,37,89,49,13]","[105,134,71,0,84,113,50,107,65,60,90,46,102,12]",2667m 5678p 247s 24z,189m 145566p 3s 136z,2449m 13349p 359s 7z,14m 34789p 45899s 27z,3,3,5,,0,,,,,,
20260410130016_0302_001,20260410130016_0302,20260410130016,特上卓,0,s6u,123,4z,tedashi,1775794911,2790.48,,0,,"[99,57,78,21,5,23,112,62,53,26,85,64,123,42]","[29,1,48,59,55,108,119,35,54,36,58,129,81]","[44,69,106,80,4,14,47,32,132,37,89,49,13]","[105,134,71,0,84,50,107,65,60,90,46,102,12]",2667m 25678p 247s 24z,189m 145566p 3s 136z,2449m 13349p 359s 7z,14m 34789p 45899s 7z,4,4,5,,0,,,,,,
20260410130016_0302_002,20260410130016_0302,20260410130016,特上卓,1,優歩,108,1z,tedashi,1775794914,2988.727,,0,,"[99,57,78,21,5,23,112,62,53,26,85,64,42]","[29,1,48,59,55,108,119,35,54,36,58,129,81,9]","[44,69,106,80,4,14,47,32,132,37,89,49,13]","[105,134,71,0,84,50,107,65,60,90,46,102,12]",2667m 25678p 247s 2z,1389m 145566p 3s 136z,2449m 13349p 359s 7z,14m 34789p 45899s 7z,3,3,4,,0,,,,,,
20260410130016_0302_003,20260410130016_0302,20260410130016,特上卓,2,【TM】,106,9s,tedashi,1775794915,1427.26,,6,234.826,"[99,57,78,21,5,23,112,62,53,26,85,64,42]","[29,1,48,59,55,119,35,54,36,58,129,81,9]","[44,69,106,80,4,14,47,32,132,37,89,49,13,66]","[105,134,71,0,84,50,107,65,60,90,46,102,12]",2667m 25678p 247s 2z,1389m 145566p 3s 36z,2449m 133489p 359s 7z,14m 34789p 45899s 7z,3,3,4,,0,,,,,,
20260410130016_0302_004,20260410130016_0302,20260410130016,特上卓,3,Tak1984,0,1m,tedashi,1775794916,956.075,,5,1950.24,"[99,57,78,21,5,23,112,62,53,26,85,64,42]","[29,1,48,59,55,119,35,54,36,58,129,81,9]","[44,69,80,4,14,47,32,132,37,89,49,13,66]","[105,134,71,0,84,50,107,65,60,90,46,102,12,20]",2667m 25678p 247s 2z,1389m 145566p 3s 36z,2449m 133489p 35s 7z,146m 34789p 45899s 7z,2,2,5,,0,,,,,,
20260410130016_0302_005,20260410130016_0302,20260410130016,特上卓,0,s6u,111,1z,tsumogiri,1775794922,3476.399,,0,,"[99,57,78,21,5,23,112,62,53,26,85,64,42,111]","[29,1,48,59,55,119,35,54,36,58,129,81,9]","[44,69,80,4,14,47,32,132,37,89,49,13,66]","[105,134,71,84,50,107,65,60,90,46,102,12,20]",2667m 25678p 247s 12z,1389m 145566p 3s 36z,2449m 133489p 35s 7z,46m 34789p 45899s 7z,4,4,5,,0,,,,,,
20260410130016_0302_006,20260410130016_0302,20260410130016,特上卓,1,優歩,36,1p,tedashi,1775794924,2559.877,,0,,"[99,57,78,21,5,23,112,62,53,26,85,64,42]","[29,1,48,59,55,119,35,54,36,58,129,81,9,93]","[44,69,80,4,14,47,32,132,37,89,49,13,66]","[105,134,71,84,50,107,65,60,90,46,102,12,20]",2667m 25678p 247s 2z,1389m 145566p 36s 36z,2449m 133489p 35s 7z,46m 34789p 45899s 7z,3,3,4,,0,,,,,,
20260410130016_0302_007,20260410130016_0302,20260410130016,特上卓,2,【TM】,32,9m,tedashi,1775794926,1651.385,,0,,"[99,57,78,21,5,23,112,62,53,26,85,64,42]","[29,1,48,59,55,119,35,54,58,129,81,9,93]","[44,69,80,4,14,47,32,132,37,89,49,13,66,22]","[105,134,71,84,50,107,65,60,90,46,102,12,20]",2667m 25678p 247s 2z,1389m 45566p 36s 36z,24469m 133489p 35s 7z,46m 34789p 45899s 7z,3,3,4,,0,,,,,,
20260410130016_0302_008,20260410130016_0302,20260410130016,特上卓,3,Tak1984,125,5z,risekichu_hokan_tsumogiri,1775794928,1897.314,,0,,"[99,57,78,21,5,23,112,62,53,26,85,64,42]","[29,1,48,59,55,119,35,54,58,129,81,9,93]","[44,69,80,4,14,47,132,37,89,49,13,66,22]","[105,134,71,84,50,107,65,60,90,46,102,12,20,125]",2667m 25678p 247s 2z,1389m 45566p 36s 36z,2446m 133489p 35s 7z,46m 34789p 45899s 57z,2,2,5,,0,,,,,,
20260410130016_0302_009,20260410130016_0302,20260410130016,特上卓,0,s6u,112,2z,tedashi,1775794930,2018.094,,0,,"[99,57,78,21,5,23,112,62,53,26,85,64,42,3]","[29,1,48,59,55,119,35,54,58,129,81,9,93]","[44,69,80,4,14,47,132,37,89,49,13,66,22]","[105,134,71,84,50,107,65,60,90,46,102,12,20]",12667m 25678p 247s 2z,1389m 45566p 36s 36z,2446m 133489p 35s 7z,46m 34789p 45899s 7z,3,3,5,,0,,,,,,
20260410130016_0302_010,20260410130016_0302,20260410130016,特上卓,1,優歩,29,8m,tedashi,1775794936,6315.891,,0,,"[99,57,78,21,5,23,62,53,26,85,64,42,3]","[29,1,48,59,55,119,35,54,58,129,81,9,93,117]","[44,69,80,4,14,47,132,37,89,49,13,66,22]","[105,134,71,84,50,107,65,60,90,46,102,12,20]",12667m 25678p 247s,1389m 45566p 36s 336z,2446m 133489p 35s 7z,46m 34789p 45899s 7z,2,2,3,,0,,,,,,
20260410130016_0302_011,20260410130016_0302,20260410130016,特上卓,2,【TM】,132,7z,tedashi,1775794938,1576.072,,0,,"[99,57,78,21,5,23,62,53,26,85,64,42,3]","[1,48,59,55,119,35,54,58,129,81,9,93,117]","[44,69,80,4,14,47,132,37,89,49,13,66,22,30]","[105,134,71,84,50,107,65,60,90,46,102,12,20]",12667m 25678p 247s,139m 45566p 36s 336z,24468m 133489p 35s 7z,46m 34789p 45899s 7z,3,3,4,,0,,,,,,
20260410130016_0302_012,20260410130016_0302,20260410130016,特上卓,3,Tak1984,134,7z,tedashi,1775794940,1772.285,,0,,"[99,57,78,21,5,23,62,53,26,85,64,42,3]","[1,48,59,55,119,35,54,58,129,81,9,93,117]","[44,69,80,4,14,47,37,89,49,13,66,22,30]","[105,134,71,84,50,107,65,60,90,46,102,12,20,7]",12667m 25678p 247s,139m 45566p 36s 336z,24468m 133489p 35s,246m 34789p 45899s 7z,2,2,5,,0,,,,,,
20260410130016_0302_013,20260410130016_0302,20260410130016,特上卓,0,s6u,42,2p,tedashi,1775794951,10990.369,,0,,"[99,57,78,21,5,23,62,53,26,85,64,42,3,2]","[1,48,59,55,119,35,54,58,129,81,9,93,117]","[44,69,80,4,14,47,37,89,49,13,66,22,30]","[105,71,84,50,107,65,60,90,46,102,12,20,7]",112667m 25678p 247s,139m 45566p 36s 336z,24468m 133489p 35s,246m 34789p 45899s,3,3,4,,0,2p,1102pt,6m,1092pt,2m,1075pt
20260410130016_0302_014,20260410130016_0302,20260410130016,特上卓,1,優歩,35,9m,tedashi,1775794953,2437.222,,0,,"[99,57,78,21,5,23,62,53,26,85,64,3,2]","[1,48,59,55,119,35,54,58,129,81,9,93,117,135]","[44,69,80,4,14,47,37,89,49,13,66,22,30]","[105,71,84,50,107,65,60,90,46,102,12,20,7]",112667m 5678p 247s,139m 45566p 36s 3367z,24468m 133489p 35s,246m 34789p 45899s,3,3,3,,0,,,,,,
20260410130016_0302_015,20260410130016_0302,20260410130016,特上卓,2,【TM】,37,1p,tedashi,1775794954,1418.994,,0,,"[99,57,78,21,5,23,62,53,26,85,64,3,2]","[1,48,59,55,119,54,58,129,81,9,93,117,135]","[44,69,80,4,14,47,37,89,49,13,66,22,30,97]","[105,71,84,50,107,65,60,90,46,102,12,20,7]",112667m 5678p 247s,13m 45566p 36s 3367z,24468m 133489p 357s,246m 34789p 45899s,3,3,4,,0,,,,,,
20260410130016_0302_016,20260410130016_0302,20260410130016,特上卓,3,Tak1984,38,1p,risekichu_hokan_tsumogiri,1775794957,2337.067,,0,,"[99,57,78,21,5,23,62,53,26,85,64,3,2]","[1,48,59,55,119,54,58,129,81,9,93,117,135]","[44,69,80,4,14,47,89,49,13,66,22,30,97]","[105,71,84,50,107,65,60,90,46,102,12,20,7,38]",112667m 5678p 247s,13m 45566p 36s 3367z,24468m 33489p 357s,246m 134789p 45899s,2,2,5,,0,,,,,,
20260410130016_0302_017,20260410130016_0302,20260410130016,特上卓,0,s6u,5,2m,tedashi,1775794963,6183.078,,3,555.786,"[99,57,78,21,5,23,62,53,26,85,64,3,2,70]","[1,48,59,55,119,54,58,129,81,9,93,117,135]","[44,69,80,4,14,47,89,49,13,66,22,30,97]","[105,71,84,50,107,65,60,90,46,102,12,20,7]",112667m 56789p 247s,13m 45566p 36s 3367z,24468m 33489p 357s,246m 34789p 45899s,2,2,4,,0,2m,1033pt,6m,1030pt,7s,1018pt
20260410130016_0302_018,20260410130016_0302,20260410130016,特上卓,1,優歩,40,2p,risekichu_hokan_tsumogiri,1775794966,2151.206,,3,2061.902,"[99,57,78,21,23,62,53,26,85,64,3,2,70]","[1,48,59,55,119,54,58,129,81,9,93,117,135,40]","[44,69,80,4,14,47,89,49,13,66,22,30,97]","[105,71,84,50,107,65,60,90,46,102,12,20,7]",11667m 56789p 247s,13m 245566p 36s 3367z,24468m 33489p 357s,246m 34789p 45899s,3,3,3,,0,,,,,,
20260410130016_0302_019,20260410130016_0302,20260410130016,特上卓,2,【TM】,69,9p,tedashi,1775794969,1631.027,,6,238.664,"[99,57,78,21,23,62,53,26,85,64,3,2,70]","[1,48,59,55,119,54,58,129,81,9,93,117,135]","[44,69,80,4,14,47,89,49,13,66,22,30,97,92]","[105,71,84,50,107,65,60,90,46,102,12,20,7]",11667m 56789p 247s,13m 45566p 36s 3367z,24468m 33489p 3567s,246m 34789p 45899s,2,2,4,,0,,,,,,
20260410130016_0302_020,20260410130016_0302,20260410130016,特上卓,3,Tak1984,102,8s,tedashi,1775794975,4952.437,,0,,"[99,57,78,21,23,62,53,26,85,64,3,2,70]","[1,48,59,55,119,54,58,129,81,9,93,117,135]","[44,80,4,14,47,89,49,13,66,22,30,97,92]","[105,71,84,50,107,65,60,90,46,102,12,20,7,6]",11667m 56789p 247s,13m 45566p 36s 3367z,24468m 3348p 3567s,2246m 34789p 45899s,2,2,4,,0,,,,,,
20260410130016_0302_021,20260410130016_0302,20260410130016,特上卓,0,s6u,34,9m,tsumogiri,1775794978,2938.159,,0,,"[99,57,78,21,23,62,53,26,85,64,3,2,70,34]","[1,48,59,55,119,54,58,129,81,9,93,117,135]","[44,80,4,14,47,89,49,13,66,22,30,97,92]","[105,71,84,50,107,65,60,90,46,12,20,7,6]",116679m 56789p 247s,13m 45566p 36s 3367z,24468m 3348p 3567s,2246m 34789p 4599s,2,2,4,,0,9m,957pt,6m,928pt,7s,913pt
20260410130016_0302_022,20260410130016_0302,20260410130016,特上卓,1,優歩,135,7z,tedashi,1775794981,3356.28,,0,,"[99,57,78,21,23,62,53,26,85,64,3,2,70]","[1,48,59,55,119,54,58,129,81,9,93,117,135,79]","[44,80,4,14,47,89,49,13,66,22,30,97,92]","[105,71,84,50,107,65,60,90,46,12,20,7,6]",11667m 56789p 247s,13m 45566p 236s 3367z,24468m 3348p 3567s,2246m 34789p 4599s,2,2,3,,0,,,,,,
20260410130016_0302_023,20260410130016_0302,20260410130016,特上卓,2,【TM】,118,3z,risekichu_hokan_tsumogiri,1775794984,3339.435,,3,586.056,"[99,57,78,21,23,62,53,26,85,64,3,2,70]","[1,48,59,55,119,54,58,129,81,9,93,117,79]","[44,80,4,14,47,89,49,13,66,22,30,97,92,118]","[105,71,84,50,107,65,60,90,46,12,20,7,6]",11667m 56789p 247s,13m 45566p 236s 336z,24468m 3348p 3567s 3z,2246m 34789p 4599s,3,3,4,,0,,,,,,
20260410130016_0302_024,20260410130016_0302,20260410130016,特上卓,3,Tak1984,121,4z,risekichu_hokan_tsumogiri,1775794988,3198.89,,0,,"[99,57,78,21,23,62,53,26,85,64,3,2,70]","[1,48,59,55,119,54,58,129,81,9,93,117,79]","[44,80,4,14,47,89,49,13,66,22,30,97,92]","[105,71,84,50,107,65,60,90,46,12,20,7,6,121]",11667m 56789p 247s,13m 45566p 236s 336z,24468m 3348p 3567s,2246m 34789p 4599s 4z,2,2,4,,0,,,,,,
20260410130016_0302_025,20260410130016_0302,20260410130016,特上卓,0,s6u,99,7s,tedashi,1775794991,3325.825,,0,,"[99,57,78,21,23,62,53,26,85,64,3,2,70,15]","[1,48,59,55,119,54,58,129,81,9,93,117,79]","[44,80,4,14,47,89,49,13,66,22,30,97,92]","[105,71,84,50,107,65,60,90,46,12,20,7,6]",114667m 56789p 247s,13m 45566p 236s 336z,24468m 3348p 3567s,2246m 34789p 4599s,2,2,4,,0,7s,900pt,4m,888pt,6m,882pt
20260410130016_0302_026,20260410130016_0302,20260410130016,特上卓,1,優歩,93,6s,tedashi,1775794995,3985.784,,3,1266.429,"[57,78,21,23,62,53,26,85,64,3,2,70,15]","[1,48,59,55,119,54,58,129,81,9,93,117,79,8]","[44,80,4,14,47,89,49,13,66,22,30,97,92]","[105,71,84,50,107,65,60,90,46,12,20,7,6]",114667m 56789p 24s,133m 45566p 236s 336z,24468m 3348p 3567s,2246m 34789p 4599s,2,2,2,,0,,,,,,
20260410130016_0302_027,20260410130016_0302,20260410130016,特上卓,2,【TM】,66,8p,tedashi,1775794998,1632.017,,6,288.275,"[57,78,21,23,62,53,26,85,64,3,2,70,15]","[1,48,59,55,119,54,58,129,81,9,117,79,8]","[44,80,4,14,47,89,49,13,66,22,30,97,92,27]","[105,71,84,50,107,65,60,90,46,12,20,7,6]",114667m 56789p 24s,133m 45566p 23s 336z,244678m 3348p 3567s,2246m 34789p 4599s,2,2,4,,0,,,,,,
20260410130016_0302_028,20260410130016_0302,20260410130016,特上卓,3,Tak1984,39,1p,risekichu_hokan_tsumogiri,1775795003,4371.831,,0,,"[57,78,21,23,62,53,26,85,64,3,2,70,15]","[1,48,59,55,119,54,58,129,81,9,117,79,8]","[44,80,4,14,47,89,49,13,22,30,97,92,27]","[105,71,84,50,107,65,60,90,46,12,20,7,6,39]",114667m 56789p 24s,133m 45566p 23s 336z,244678m 334p 3567s,2246m 134789p 4599s,2,2,4,,0,,,,,,
20260410130016_0302_029,20260410130016_0302,20260410130016,特上卓,0,s6u,75,1s,tsumogiri,1775795005,1827.897,,3,1799.241,"[57,78,21,23,62,53,26,85,64,3,2,70,15,75]","[1,48,59,55,119,54,58,129,81,9,117,79,8]","[44,80,4,14,47,89,49,13,22,30,97,92,27]","[105,71,84,50,107,65,60,90,46,12,20,7,6]",114667m 56789p 124s,133m 45566p 23s 336z,244678m 334p 3567s,2246m 34789p 4599s,2,2,4,,0,1s,796pt,4m,745pt,4s,731pt
20260410130016_0302_030,20260410130016_0302,20260410130016,特上卓,1,優歩,129,6z,tedashi,1775795012,5711.485,,0,,"[57,78,21,23,62,53,26,85,64,3,2,70,15]","[1,48,59,55,119,54,58,129,81,9,117,79,8,52]","[44,80,4,14,47,89,49,13,22,30,97,92,27]","[105,71,84,50,107,65,60,90,46,12,20,7,6]",114667m 56789p 24s,133m 4r55566p 23s 336z,244678m 334p 3567s,2246m 34789p 4599s,2,2,2,,0,,,,,,
20260410130016_0302_031,20260410130016_0302,20260410130016,特上卓,2,【TM】,47,3p,tedashi,1775795015,2811.754,,0,,"[57,78,21,23,62,53,26,85,64,3,2,70,15]","[1,48,59,55,119,54,58,81,9,117,79,8,52]","[44,80,4,14,47,89,49,13,22,30,97,92,27,82]","[105,71,84,50,107,65,60,90,46,12,20,7,6]",114667m 56789p 24s,133m 4r55566p 23s 33z,244678m 334p 33567s,2246m 34789p 4599s,1,1,3,,1,,,,,,
20260410130016_0302_032,20260410130016_0302,20260410130016,特上卓,3,Tak1984,6,2m,tedashi,1775795019,3469.279,,0,,"[57,78,21,23,62,53,26,85,64,3,2,70,15]","[1,48,59,55,119,54,58,81,9,117,79,8,52]","[44,80,4,14,89,49,13,22,30,97,92,27,82]","[105,71,84,50,107,65,60,90,46,12,20,7,6,43]",114667m 56789p 24s,133m 4r55566p 23s 33z,244678m 34p 33567s,2246m 234789p 4599s,1,1,4,,0,,,,,,
20260410130016_0302_033,20260410130016_0302,20260410130016,特上卓,0,s6u,15,4m,tedashi,1775795025,6192.633,,2,2589.005,"[57,78,21,23,62,53,26,85,64,3,2,70,15,24]","[1,48,59,55,119,54,58,81,9,117,79,8,52]","[44,80,4,14,89,49,13,22,30,97,92,27,82]","[105,71,84,50,107,65,60,90,46,12,20,7,43]",1146677m 56789p 24s,133m 4r55566p 23s 33z,244678m 34p 33567s,246m 234789p 4599s,2,2,3,,0,4m,830pt,2s,790pt,4s,754pt
20260410130016_0302_034,20260410130016_0302,20260410130016,特上卓,2,【TM】,4,2m,tedashi,1775795028,814.316,,0,,"[57,78,21,23,62,53,26,85,64,3,2,70,24]","[1,48,59,55,119,54,58,81,9,117,79,8,52]","[44,80,4,89,49,22,30,97,92,27,82]","[105,71,84,50,107,65,60,90,46,12,20,7,43]",116677m 56789p 24s,133m 4r55566p 23s 33z,2678m 34p 33567s,246m 234789p 4599s,0,0,,25p,0,,,,,,
20260410130016_0302_035,20260410130016_0302,20260410130016,特上卓,3,Tak1984,12,4m,tedashi,1775795034,5472.697,,0,,"[57,78,21,23,62,53,26,85,64,3,2,70,24]","[1,48,59,55,119,54,58,81,9,117,79,8,52]","[44,80,89,49,22,30,97,92,27,82]","[105,71,84,50,107,65,60,90,46,12,20,7,43,25]",116677m 56789p 24s,133m 4r55566p 23s 33z,678m 34p 33567s,2467m 234789p 4599s,1,1,5,,0,,,,,,
20260410130016_0302_036,20260410130016_0302,20260410130016,特上卓,0,s6u,115,2z,tsumogiri,1775795036,2427.453,,0,,"[57,78,21,23,62,53,26,85,64,3,2,70,24,115]","[1,48,59,55,119,54,58,81,9,117,79,8,52]","[44,80,89,49,22,30,97,92,27,82]","[105,71,84,50,107,65,60,90,46,20,7,43,25]",116677m 56789p 24s 2z,133m 4r55566p 23s 33z,678m 34p 33567s,267m 234789p 4599s,2,2,3,,0,2z,740pt,2s,694pt,4s,653pt
20260410130016_0302_037,20260410130016_0302,20260410130016,特上卓,1,優歩,98,7s,risekichu_hokan_tsumogiri,1775795039,3343.752,,3,1482.778,"[57,78,21,23,62,53,26,85,64,3,2,70,24]","[1,48,59,55,119,54,58,81,9,117,79,8,52,98]","[44,80,89,49,22,30,97,92,27,82]","[105,71,84,50,107,65,60,90,46,20,7,43,25]",116677m 56789p 24s,133m 4r55566p 237s 33z,678m 34p 33567s,267m 234789p 4599s,2,2,2,,0,,,,,,
20260410130016_0302_038,20260410130016_0302,20260410130016,特上卓,2,【TM】,73,1s,risekichu_hokan_tsumogiri,1775795042,758.03,,0,,"[57,78,21,23,62,53,26,85,64,3,2,70,24]","[1,48,59,55,119,54,58,81,9,117,79,8,52]","[44,80,89,49,22,30,97,92,27,82,73]","[105,71,84,50,107,65,60,90,46,20,7,43,25]",116677m 56789p 24s,133m 4r55566p 23s 33z,678m 34p 133567s,267m 234789p 4599s,0,0,,25p,0,,,,,,
20260410130016_0302_039,20260410130016_0302,20260410130016,特上卓,3,Tak1984,51,4p,risekichu_hokan_tsumogiri,1775795043,1788.953,,6,210.16,"[57,78,21,23,62,53,26,85,64,3,2,70,24]","[1,48,59,55,119,54,58,81,9,117,79,8,52]","[44,80,89,49,22,30,97,92,27,82]","[105,71,84,50,107,65,60,90,46,20,7,43,25,51]",116677m 56789p 24s,133m 4r55566p 23s 33z,678m 34p 33567s,267m 2344789p 4599s,1,1,4,,0,,,,,,
20260410130016_0302_040,20260410130016_0302,20260410130016,特上卓,0,s6u,33,9m,tsumogiri,1775795050,6803.506,,0,,"[57,78,21,23,62,53,26,85,64,3,2,70,24,33]","[1,48,59,55,119,54,58,81,9,117,79,8,52]","[44,80,89,49,22,30,97,92,27,82]","[105,71,84,50,107,65,60,90,46,20,7,43,25]",1166779m 56789p 24s,133m 4r55566p 23s 33z,678m 34p 33567s,267m 234789p 4599s,2,2,3,,0,9m,566pt,2s,529pt,4s,492pt
20260410130016_0302_041,20260410130016_0302,20260410130016,特上卓,1,優歩,1,1m,tedashi,1775795053,2968.797,,6,209.646,"[57,78,21,23,62,53,26,85,64,3,2,70,24]","[1,48,59,55,119,54,58,81,9,117,79,8,52,83]","[44,80,89,49,22,30,97,92,27,82]","[105,71,84,50,107,65,60,90,46,20,7,43,25]",116677m 56789p 24s,133m 4r55566p 233s 33z,678m 34p 33567s,267m 234789p 4599s,1,2,1,,0,,,,,,
20260410130016_0302_042,20260410130016_0302,20260410130016,特上卓,2,【TM】,67,8p,risekichu_hokan_tsumogiri,1775795055,1224.299,,6,249.508,"[57,78,21,23,62,53,26,85,64,3,2,70,24]","[48,59,55,119,54,58,81,9,117,79,8,52,83]","[44,80,89,49,22,30,97,92,27,82,67]","[105,71,84,50,107,65,60,90,46,20,7,43,25]",116677m 56789p 24s,33m 4r55566p 233s 33z,678m 348p 33567s,267m 234789p 4599s,0,0,,25p,0,,,,,,
20260410130016_0302_043,20260410130016_0302,20260410130016,特上卓,3,Tak1984,7,2m,tedashi,1775795058,551.468,2533.24,0,,"[57,78,21,23,62,53,26,85,64,3,2,70,24]","[48,59,55,119,54,58,81,9,117,79,8,52,83]","[44,80,89,49,22,30,97,92,27,82]","[105,71,84,50,107,65,60,90,46,20,7,43,25,17]",116677m 56789p 24s,33m 4r55566p 233s 33z,678m 34p 33567s,2567m 234789p 4599s,0,0,5,36s,0,,,,,,
20260410130016_0302_044,20260410130016_0302,20260410130016,特上卓,0,s6u,2,1m,tedashi,1775795064,5586.586,,0,,"[57,78,21,23,62,53,26,85,64,3,2,70,24,130]","[48,59,55,119,54,58,81,9,117,79,8,52,83]","[44,80,89,49,22,30,97,92,27,82]","[105,71,84,50,107,65,60,90,46,20,43,25,17]",116677m 56789p 24s 6z,33m 4r55566p 233s 33z,678m 34p 33567s,567m 234789p 4599s,2,2,3,,0,6z,414pt,2s,378pt,4s,348pt
20260410130016_0302_045,20260410130016_0302,20260410130016,特上卓,1,優歩,48,4p,tedashi,1775795067,3325.655,,0,,"[57,78,21,23,62,53,26,85,64,3,70,24,130]","[48,59,55,119,54,58,81,9,117,79,8,52,83,16]","[44,80,89,49,22,30,97,92,27,82]","[105,71,84,50,107,65,60,90,46,20,43,25,17]",16677m 56789p 24s 6z,33r5m 4r55566p 233s 33z,678m 34p 33567s,567m 234789p 4599s,1,2,1,,0,,,,,,
20260410130016_0302_046,20260410130016_0302,20260410130016,特上卓,2,【TM】,122,4z,risekichu_hokan_tsumogiri,1775795068,1384.386,,0,,"[57,78,21,23,62,53,26,85,64,3,70,24,130]","[59,55,119,54,58,81,9,117,79,8,52,83,16]","[44,80,89,49,22,30,97,92,27,82,122]","[105,71,84,50,107,65,60,90,46,20,43,25,17]",16677m 56789p 24s 6z,33r5m r55566p 233s 33z,678m 34p 33567s 4z,567m 234789p 4599s,0,0,,25p,0,,,,,,
20260410130016_0302_047,20260410130016_0302,20260410130016,特上卓,3,Tak1984,41,2p,risekichu_hokan_tsumogiri,1775795069,721.052,,0,,"[57,78,21,23,62,53,26,85,64,3,70,24,130]","[59,55,119,54,58,81,9,117,79,8,52,83,16]","[44,80,89,49,22,30,97,92,27,82]","[105,71,84,50,107,65,60,90,46,20,43,25,17,41]",16677m 56789p 24s 6z,33r5m r55566p 233s 33z,678m 34p 33567s,567m 2234789p 4599s,0,0,4,36s,0,,,,,,
20260410130016_0400_000,20260410130016_0400,20260410130016,特上卓,0,s6u,118,3z,tedashi,1775795088,,,0,,"[33,77,4,52,74,118,27,106,86,127,55,107,43,109]","[71,26,134,30,57,103,90,23,8,50,21,3,16]","[98,131,31,70,93,67,116,111,17,9,92,76,128]","[78,46,101,82,28,88,56,58,62,37,14,0,25]",279m 2r55p 12499s 135z,13r56678m 469p 58s 7z,358m 89p 2667s 1366z,1478m 13667p 23r58s,4,4,4,,0,,,,,,
20260410130016_0400_001,20260410130016_0400,20260410130016,特上卓,1,優歩,71,9p,tedashi,1775795090,1662.241,,0,,"[33,77,4,52,74,27,106,86,127,55,107,43,109]","[71,26,134,30,57,103,90,23,8,50,21,3,16,40]","[98,131,31,70,93,67,116,111,17,9,92,76,128]","[78,46,101,82,28,88,56,58,62,37,14,0,25]",279m 2r55p 12499s 15z,13r56678m 2469p 58s 7z,358m 89p 2667s 1366z,1478m 13667p 23r58s,3,3,5,,0,,,,,,
20260410130016_0400_002,20260410130016_0400,20260410130016,特上卓,2,【TM】,111,1z,tedashi,1775795091,1385.737,,0,,"[33,77,4,52,74,27,106,86,127,55,107,43,109]","[26,134,30,57,103,90,23,8,50,21,3,16,40]","[98,131,31,70,93,67,116,111,17,9,92,76,128,68]","[78,46,101,82,28,88,56,58,62,37,14,0,25]",279m 2r55p 12499s 15z,13r56678m 246p 58s 7z,358m 899p 2667s 1366z,1478m 13667p 23r58s,3,4,3,,0,,,,,,
20260410130016_0400_003,20260410130016_0400,20260410130016,特上卓,3,Tak1984,119,3z,risekichu_hokan_tsumogiri,1775795093,1875.264,,0,,"[33,77,4,52,74,27,106,86,127,55,107,43,109]","[26,134,30,57,103,90,23,8,50,21,3,16,40]","[98,131,31,70,93,67,116,17,9,92,76,128,68]","[78,46,101,82,28,88,56,58,62,37,14,0,25,119]",279m 2r55p 12499s 15z,13r56678m 246p 58s 7z,358m 899p 2667s 366z,1478m 13667p 23r58s 3z,4,4,5,,0,,,,,,
20260410130016_0400_004,20260410130016_0400,20260410130016,特上卓,0,s6u,74,1s,tedashi,1775795102,9225.468,,0,,"[33,77,4,52,74,27,106,86,127,55,107,43,109,59]","[26,134,30,57,103,90,23,8,50,21,3,16,40]","[98,131,31,70,93,67,116,17,9,92,76,128,68]","[78,46,101,82,28,88,56,58,62,37,14,0,25]",279m 2r556p 12499s 15z,13r56678m 246p 58s 7z,358m 899p 2667s 366z,1478m 13667p 23r58s,4,4,4,,0,,,,,,
20260410130016_0400_005,20260410130016_0400,20260410130016,特上卓,1,優歩,134,7z,tedashi,1775795107,5093.313,,0,,"[33,77,4,52,27,106,86,127,55,107,43,109,59]","[26,134,30,57,103,90,23,8,50,21,3,16,40,113]","[98,131,31,70,93,67,116,17,9,92,76,128,68]","[78,46,101,82,28,88,56,58,62,37,14,0,25]",279m 2r556p 2499s 15z,13r56678m 246p 58s 27z,358m 899p 2667s 366z,1478m 13667p 23r58s,3,3,5,,0,,,,,,
20260410130016_0400_006,20260410130016_0400,20260410130016,特上卓,2,【TM】,116,3z,tedashi,1775795111,3439.882,,0,,"[33,77,4,52,27,106,86,127,55,107,43,109,59]","[26,30,57,103,90,23,8,50,21,3,16,40,113]","[98,131,31,70,93,67,116,17,9,92,76,128,68,69]","[78,46,101,82,28,88,56,58,62,37,14,0,25]",279m 2r556p 2499s 15z,13r56678m 246p 58s 2z,358m 8999p 2667s 366z,1478m 13667p 23r58s,3,3,3,,0,,,,,,
20260410130016_0400_007,20260410130016_0400,20260410130016,特上卓,3,Tak1984,0,1m,tedashi,1775795112,1345.085,,0,,"[33,77,4,52,27,106,86,127,55,107,43,109,59]","[26,30,57,103,90,23,8,50,21,3,16,40,113]","[98,131,31,70,93,67,17,9,92,76,128,68,69]","[78,46,101,82,28,88,56,58,62,37,14,0,25,89]",279m 2r556p 2499s 15z,13r56678m 246p 58s 2z,358m 8999p 2667s 66z,1478m 13667p 23r558s,3,3,4,,0,,,,,,
20260410130016_0400_008,20260410130016_0400,20260410130016,特上卓,0,s6u,109,1z,tedashi,1775795120,8362.8,,0,,"[33,77,4,52,27,106,86,127,55,107,43,109,59,87]","[26,30,57,103,90,23,8,50,21,3,16,40,113]","[98,131,31,70,93,67,17,9,92,76,128,68,69]","[78,46,101,82,28,88,56,58,62,37,14,25,89]",279m 2r556p 24499s 15z,13r56678m 246p 58s 2z,358m 8999p 2667s 66z,478m 13667p 23r558s,3,4,3,,0,1z,1227pt,5z,1217pt,2p,1204pt
20260410130016_0400_009,20260410130016_0400,20260410130016,特上卓,1,優歩,121,4z,risekichu_hokan_tsumogiri,1775795122,2022.879,,0,,"[33,77,4,52,27,106,86,127,55,107,43,59,87]","[26,30,57,103,90,23,8,50,21,3,16,40,113,121]","[98,131,31,70,93,67,17,9,92,76,128,68,69]","[78,46,101,82,28,88,56,58,62,37,14,25,89]",279m 2r556p 24499s 5z,13r56678m 246p 58s 24z,358m 8999p 2667s 66z,478m 13667p 23r558s,3,3,5,,0,,,,,,
20260410130016_0400_010,20260410130016_0400,20260410130016,特上卓,2,【TM】,122,4z,risekichu_hokan_tsumogiri,1775795125,2456.248,,0,,"[33,77,4,52,27,106,86,127,55,107,43,59,87]","[26,30,57,103,90,23,8,50,21,3,16,40,113]","[98,131,31,70,93,67,17,9,92,76,128,68,69,122]","[78,46,101,82,28,88,56,58,62,37,14,25,89]",279m 2r556p 24499s 5z,13r56678m 246p 58s 2z,358m 8999p 2667s 466z,478m 13667p 23r558s,3,3,3,,0,,,,,,
20260410130016_0400_011,20260410130016_0400,20260410130016,特上卓,3,Tak1984,101,8s,tedashi,1775795127,1944.54,,0,,"[33,77,4,52,27,106,86,127,55,107,43,59,87]","[26,30,57,103,90,23,8,50,21,3,16,40,113]","[98,131,31,70,93,67,17,9,92,76,128,68,69]","[78,46,101,82,28,88,56,58,62,37,14,25,89,75]",279m 2r556p 24499s 5z,13r56678m 246p 58s 2z,358m 8999p 2667s 66z,478m 13667p 123r558s,2,2,4,,0,,,,,,
20260410130016_0400_012,20260410130016_0400,20260410130016,特上卓,0,s6u,132,7z,tsumogiri,1775795130,2907.217,,0,,"[33,77,4,52,27,106,86,127,55,107,43,59,87,132]","[26,30,57,103,90,23,8,50,21,3,16,40,113]","[98,131,31,70,93,67,17,9,92,76,128,68,69]","[78,46,82,28,88,56,58,62,37,14,25,89,75]",279m 2r556p 24499s 57z,13r56678m 246p 58s 2z,358m 8999p 2667s 66z,478m 13667p 123r55s,3,4,3,,0,7z,1137pt,5z,1126pt,2p,1114pt
20260410130016_0400_013,20260410130016_0400,20260410130016,特上卓,1,優歩,103,8s,tedashi,1775795132,2392.429,,3,2063.849,"[33,77,4,52,27,106,86,127,55,107,43,59,87]","[26,30,57,103,90,23,8,50,21,3,16,40,113,39]","[98,131,31,70,93,67,17,9,92,76,128,68,69]","[78,46,82,28,88,56,58,62,37,14,25,89,75]",279m 2r556p 24499s 5z,13r56678m 1246p 58s 2z,358m 8999p 2667s 66z,478m 13667p 123r55s,3,3,5,,0,,,,,,
20260410130016_0400_014,20260410130016_0400,20260410130016,特上卓,2,【TM】,67,8p,tedashi,1775795139,4469.897,,6,313.71,"[33,77,4,52,27,106,86,127,55,107,43,59,87]","[26,30,57,90,23,8,50,21,3,16,40,113,39]","[98,131,31,70,93,67,17,9,92,76,128,68,69,11]","[78,46,82,28,88,56,58,62,37,14,25,89,75]",279m 2r556p 24499s 5z,13r56678m 1246p 5s 2z,3358m 8999p 2667s 66z,478m 13667p 123r55s,2,3,2,,0,,,,,,
20260410130016_0400_015,20260410130016_0400,20260410130016,特上卓,3,Tak1984,117,3z,risekichu_hokan_tsumogiri,1775795140,1254.652,,0,,"[33,77,4,52,27,106,86,127,55,107,43,59,87]","[26,30,57,90,23,8,50,21,3,16,40,113,39]","[98,131,31,70,93,17,9,92,76,128,68,69,11]","[78,46,82,28,88,56,58,62,37,14,25,89,75,117]",279m 2r556p 24499s 5z,13r56678m 1246p 5s 2z,3358m 999p 2667s 66z,478m 13667p 123r55s 3z,2,2,4,,0,,,,,,
20260410130016_0400_016,20260410130016_0400,20260410130016,特上卓,0,s6u,43,2p,tedashi,1775795145,4724.219,,0,,"[33,77,4,52,27,106,86,127,55,107,43,59,87,125]","[26,30,57,90,23,8,50,21,3,16,40,113,39]","[98,131,31,70,93,17,9,92,76,128,68,69,11]","[78,46,82,28,88,56,58,62,37,14,25,89,75]",279m 2r556p 24499s 55z,13r56678m 1246p 5s 2z,3358m 999p 2667s 66z,478m 13667p 123r55s,2,3,2,,0,2p,1576pt,2s,1539pt,6p,1519pt
20260410130016_0400_017,20260410130016_0400,20260410130016,特上卓,1,優歩,39,1p,tedashi,1775795148,3348.349,,0,,"[33,77,4,52,27,106,86,127,55,107,59,87,125]","[26,30,57,90,23,8,50,21,3,16,40,113,39,42]","[98,131,31,70,93,17,9,92,76,128,68,69,11]","[78,46,82,28,88,56,58,62,37,14,25,89,75]",279m r556p 24499s 55z,13r56678m 12246p 5s 2z,3358m 999p 2667s 66z,478m 13667p 123r55s,2,2,4,,0,,,,,,
20260410130016_0400_018,20260410130016_0400,20260410130016,特上卓,2,【TM】,76,2s,tedashi,1775795151,2325.029,,6,331.845,"[33,77,4,52,27,106,86,127,55,107,59,87,125]","[26,30,57,90,23,8,50,21,3,16,40,113,42]","[98,131,31,70,93,17,9,92,76,128,68,69,11,24]","[78,46,82,28,88,56,58,62,37,14,25,89,75]",279m r556p 24499s 55z,13r56678m 2246p 5s 2z,33578m 999p 2667s 66z,478m 13667p 123r55s,2,2,2,,0,,,,,,
20260410130016_0400_019,20260410130016_0400,20260410130016,特上卓,3,Tak1984,37,1p,tedashi,1775795162,10640.814,,0,,"[33,77,4,52,27,106,86,127,55,107,59,87,125]","[26,30,57,90,23,8,50,21,3,16,40,113,42]","[98,131,31,70,93,17,9,92,128,68,69,11,24]","[78,46,82,28,88,56,58,62,37,14,25,89,75,66]",279m r556p 24499s 55z,13r56678m 2246p 5s 2z,33578m 999p 667s 66z,478m 136678p 123r55s,1,1,4,,0,,,,,,
20260410130016_0400_020,20260410130016_0400,20260410130016,特上卓,0,s6u,77,2s,tedashi,1775795168,6709.734,,0,,"[33,77,4,52,27,106,86,127,55,107,59,87,125,7]","[26,30,57,90,23,8,50,21,3,16,40,113,42]","[98,131,31,70,93,17,9,92,128,68,69,11,24]","[78,46,82,28,88,56,58,62,14,25,89,75,66]",2279m r556p 24499s 55z,13r56678m 2246p 5s 2z,33578m 999p 667s 66z,478m 36678p 123r55s,1,3,1,,0,2s,2926pt,6p,2829pt,7m,2822pt
20260410130016_0400_021,20260410130016_0400,20260410130016,特上卓,1,優歩,113,2z,tedashi,1775795171,2854.625,,0,,"[33,4,52,27,106,86,127,55,107,59,87,125,7]","[26,30,57,90,23,8,50,21,3,16,40,113,42,84]","[98,131,31,70,93,17,9,92,128,68,69,11,24]","[78,46,82,28,88,56,58,62,14,25,89,75,66]",2279m r556p 4499s 55z,13r56678m 2246p 45s 2z,33578m 999p 667s 66z,478m 36678p 123r55s,2,2,4,,0,,,,,,
20260410130016_0400_022,20260410130016_0400,20260410130016,特上卓,2,【TM】,133,7z,risekichu_hokan_tsumogiri,1775795173,2059.722,,0,,"[33,4,52,27,106,86,127,55,107,59,87,125,7]","[26,30,57,90,23,8,50,21,3,16,40,42,84]","[98,131,31,70,93,17,9,92,128,68,69,11,24,133]","[78,46,82,28,88,56,58,62,14,25,89,75,66]",2279m r556p 4499s 55z,13r56678m 2246p 45s,33578m 999p 667s 667z,478m 36678p 123r55s,2,2,2,,0,,,,,,
20260410130016_0400_023,20260410130016_0400,20260410130016,特上卓,3,Tak1984,105,9s,risekichu_hokan_tsumogiri,1775795175,1443.055,,6,198.007,"[33,4,52,27,106,86,127,55,107,59,87,125,7]","[26,30,57,90,23,8,50,21,3,16,40,42,84]","[98,131,31,70,93,17,9,92,128,68,69,11,24]","[78,46,82,28,88,56,58,62,14,25,89,75,66,105]",2279m r556p 4499s 55z,13r56678m 2246p 45s,33578m 999p 667s 66z,478m 36678p 123r559s,2,2,4,,0,,,,,,
20260410130016_0400_024,20260410130016_0400,20260410130016,特上卓,0,s6u,27,7m,tedashi,1775795180,4852.266,,3,838.453,"[33,4,52,27,106,86,127,55,107,59,87,125,7,63]","[26,30,57,90,23,8,50,21,3,16,40,42,84]","[98,131,31,70,93,17,9,92,128,68,69,11,24]","[78,46,82,28,88,56,58,62,14,25,89,75,66]",2279m r5567p 4499s 55z,13r56678m 2246p 45s,33578m 999p 667s 66z,478m 36678p 123r55s,1,2,1,,0,7m,2923pt,9m,2923pt,6p,2773pt
20260410130016_0400_025,20260410130016_0400,20260410130016,特上卓,1,優歩,8,3m,tedashi,1775795188,7214.516,,3,3757.913,"[33,4,52,106,86,127,55,107,59,87,125,7,63]","[26,30,57,90,23,8,50,21,3,16,40,42,84,54]","[98,131,31,70,93,17,9,92,128,68,69,11,24]","[78,46,82,28,88,56,58,62,14,25,89,75,66]",229m r5567p 4499s 55z,13r56678m 22456p 45s,33578m 999p 667s 66z,478m 36678p 123r55s,1,1,4,,0,,,,,,
20260410130016_0400_026,20260410130016_0400,20260410130016,特上卓,2,【TM】,17,5m,tedashi,1775795191,1219.835,,0,,"[33,4,52,106,86,127,55,107,59,87,125,7,63]","[26,30,57,90,23,50,21,3,16,40,42,84,54]","[98,131,31,70,93,17,92,128,68,69,11,24]","[78,46,82,28,88,56,58,62,14,25,89,75,66]",229m r5567p 4499s 55z,1r56678m 22456p 45s,3578m 999p 667s 66z,478m 36678p 123r55s,,,,,,,,,,,
20260410130016_0400_027,20260410130016_0400,20260410130016,特上卓,3,Tak1984,46,3p,tedashi,1775795195,3954.588,,0,,"[33,4,52,106,86,127,55,107,59,87,125,7,63]","[26,30,57,90,23,50,21,3,16,40,42,84,54]","[98,131,31,70,93,92,128,68,69,11,24]","[78,46,82,28,88,56,58,62,14,25,89,75,66,13]",229m r5567p 4499s 55z,1r56678m 22456p 45s,378m 999p 667s 66z,4478m 36678p 123r55s,1,1,3,,0,,,,,,
20260410130016_0400_028,20260410130016_0400,20260410130016,特上卓,0,s6u,33,9m,tedashi,1775795201,5210.618,,3,1619.133,"[33,4,52,106,86,127,55,107,59,87,125,7,63,65]","[26,30,57,90,23,50,21,3,16,40,42,84,54]","[98,131,31,70,93,92,128,68,69,11,24]","[78,82,28,88,56,58,62,14,25,89,75,66,13]",229m r55678p 4499s 55z,1r56678m 22456p 45s,378m 999p 667s 66z,4478m 6678p 123r55s,1,2,1,,0,8p,2806pt,9m,2693pt,6p,2557pt
20260410130016_0400_029,20260410130016_0400,20260410130016,特上卓,1,優歩,53,5p,risekichu_hokan_tsumogiri,1775795205,2289.613,,6,207.194,"[4,52,106,86,127,55,107,59,87,125,7,63,65]","[26,30,57,90,23,50,21,3,16,40,42,84,54,53]","[98,131,31,70,93,92,128,68,69,11,24]","[78,82,28,88,56,58,62,14,25,89,75,66,13]",22m r55678p 4499s 55z,1r56678m 224556p 45s,378m 999p 667s 66z,4478m 6678p 123r55s,1,1,3,,0,,,,,,
20260410130016_0400_030,20260410130016_0400,20260410130016,特上卓,2,【TM】,79,2s,risekichu_hokan_tsumogiri,1775795207,1897.99,,6,279.799,"[4,52,106,86,127,55,107,59,87,125,7,63,65]","[26,30,57,90,23,50,21,3,16,40,42,84,54]","[98,131,31,70,93,92,128,68,69,11,24,79]","[78,82,28,88,56,58,62,14,25,89,75,66,13]",22m r55678p 4499s 55z,1r56678m 22456p 45s,378m 999p 2667s 66z,4478m 6678p 123r55s,,,,,,,,,,,
20260410130016_0400_031,20260410130016_0400,20260410130016,特上卓,3,Tak1984,123,4z,risekichu_hokan_tsumogiri,1775795208,1368.619,,0,,"[4,52,106,86,127,55,107,59,87,125,7,63,65]","[26,30,57,90,23,50,21,3,16,40,42,84,54]","[98,131,31,70,93,92,128,68,69,11,24]","[78,82,28,88,56,58,62,14,25,89,75,66,13,123]",22m r55678p 4499s 55z,1r56678m 22456p 45s,378m 999p 667s 66z,4478m 6678p 123r55s 4z,1,1,3,,0,,,,,,
20260410130016_0400_032,20260410130016_0400,20260410130016,特上卓,0,s6u,47,3p,tsumogiri,1775795213,4208.788,,3,1499.787,"[4,52,106,86,127,55,107,59,87,125,7,63,65,47]","[26,30,57,90,23,50,21,3,16,40,42,84,54]","[98,131,31,70,93,92,128,68,69,11,24]","[78,82,28,88,56,58,62,14,25,89,75,66,13]",22m 3r55678p 4499s 55z,1r56678m 22456p 45s,378m 999p 667s 66z,4478m 6678p 123r55s,1,2,1,,0,3p,2454pt,8p,2444pt,6p,2126pt
20260410130016_0400_033,20260410130016_0400,20260410130016,特上卓,1,優歩,10,3m,risekichu_hokan_tsumogiri,1775795216,1805.104,,0,,"[4,52,106,86,127,55,107,59,87,125,7,63,65]","[26,30,57,90,23,50,21,3,16,40,42,84,54,10]","[98,131,31,70,93,92,128,68,69,11,24]","[78,82,28,88,56,58,62,14,25,89,75,66,13]",22m r55678p 4499s 55z,13r56678m 22456p 45s,378m 999p 667s 66z,4478m 6678p 123r55s,1,1,4,,0,,,,,,
20260410130016_0400_034,20260410130016_0400,20260410130016,特上卓,2,【TM】,12,4m,risekichu_hokan_tsumogiri,1775795218,2120.763,,6,246.675,"[4,52,106,86,127,55,107,59,87,125,7,63,65]","[26,30,57,90,23,50,21,3,16,40,42,84,54]","[98,131,31,70,93,92,128,68,69,11,24,12]","[78,82,28,88,56,58,62,14,25,89,75,66,13]",22m r55678p 4499s 55z,1r56678m 22456p 45s,3478m 999p 667s 66z,4478m 6678p 123r55s,,,,,,,,,,,
20260410130016_0400_035,20260410130016_0400,20260410130016,特上卓,3,Tak1984,13,4m,tedashi,1775795225,6584.787,,0,,"[4,52,106,86,127,55,107,59,87,125,7,63,65]","[26,30,57,90,23,50,21,3,16,40,42,84,54]","[98,131,31,70,93,92,128,68,69,11,24]","[78,82,28,88,56,58,62,14,25,89,75,66,13,96]",22m r55678p 4499s 55z,1r56678m 22456p 45s,378m 999p 667s 66z,4478m 6678p 123r557s,1,1,3,,0,,,,,,
20260410130016_0400_036,20260410130016_0400,20260410130016,特上卓,0,s6u,65,8p,tedashi,1775795235,9986.785,,0,,"[4,52,106,86,127,55,107,59,87,125,7,63,65,80]","[26,30,57,90,23,50,21,3,16,40,42,84,54]","[98,131,31,70,93,92,128,68,69,11,24]","[78,82,28,88,56,58,62,14,25,89,75,66,96]",22m r55678p 34499s 55z,1r56678m 22456p 45s,378m 999p 667s 66z,478m 6678p 123r557s,1,2,1,,0,8p,2337pt,3s,2236pt,6p,2115pt
20260410130016_0400_037,20260410130016_0400,20260410130016,特上卓,1,優歩,6,2m,risekichu_hokan_tsumogiri,1775795237,2459.943,,6,205.601,"[4,52,106,86,127,55,107,59,87,125,7,63,80]","[26,30,57,90,23,50,21,3,16,40,42,84,54,6]","[98,131,31,70,93,92,128,68,69,11,24]","[78,82,28,88,56,58,62,14,25,89,75,66,96]",22m r5567p 34499s 55z,12r56678m 22456p 45s,378m 999p 667s 66z,478m 6678p 123r557s,1,1,4,,0,,,,,,
20260410130016_0400_038,20260410130016_0400,20260410130016,特上卓,2,【TM】,98,7s,tedashi,1775795241,3288.723,,0,,"[4,52,106,86,127,55,107,59,87,125,7,63,80]","[26,30,57,90,23,50,21,3,16,40,42,84,54]","[98,131,31,70,93,92,128,68,69,11,24,36]","[78,82,28,88,56,58,62,14,25,89,75,66,96]",22m r5567p 34499s 55z,1r56678m 22456p 45s,378m 1999p 667s 66z,478m 6678p 123r557s,,,,,,,,,,,
20260410130016_0400_039,20260410130016_0400,20260410130016,特上卓,3,Tak1984,96,7s,tedashi,1775795242,1597.924,,0,,"[4,52,106,86,127,55,107,59,87,125,7,63,80]","[26,30,57,90,23,50,21,3,16,40,42,84,54]","[131,31,70,93,92,128,68,69,11,24,36]","[78,82,28,88,56,58,62,14,25,89,75,66,96,85]",22m r5567p 34499s 55z,1r56678m 22456p 45s,378m 1999p 66s 66z,478m 6678p 1234r557s,2,2,4,,0,,,,,,
20260410130016_0400_040,20260410130016_0400,20260410130016,特上卓,0,s6u,95,6s,tsumogiri,1775795245,2589.255,,3,2609.571,"[4,52,106,86,127,55,107,59,87,125,7,63,80,95]","[26,30,57,90,23,50,21,3,16,40,42,84,54]","[131,31,70,93,92,128,68,69,11,24,36]","[78,82,28,88,56,58,62,14,25,89,75,66,85]",22m r5567p 344699s 55z,1r56678m 22456p 45s,378m 1999p 66s 66z,478m 6678p 1234r55s,1,2,1,,0,3s,2018pt,6s,2000pt,6p,1968pt
20260410130016_0400_041,20260410130016_0400,20260410130016,特上卓,2,【TM】,36,1p,tedashi,1775795248,770.112,,0,,"[4,52,106,86,127,55,107,59,87,125,7,63,80]","[26,30,57,90,23,50,21,3,16,40,42,84,54]","[131,31,70,93,128,68,69,11,24,36]","[78,82,28,88,56,58,62,14,25,89,75,66,85]",22m r5567p 34499s 55z,1r56678m 22456p 45s,378m 1999p 6s 66z,478m 6678p 1234r55s,,,,,,,,,,,
20260410130016_0400_042,20260410130016_0400,20260410130016,特上卓,3,Tak1984,14,4m,tedashi,1775795250,2636.344,,0,,"[4,52,106,86,127,55,107,59,87,125,7,63,80]","[26,30,57,90,23,50,21,3,16,40,42,84,54]","[131,31,70,93,128,68,69,11,24]","[78,82,28,88,56,58,62,14,25,89,75,66,85,108]",22m r5567p 34499s 55z,1r56678m 22456p 45s,378m 999p 6s 66z,478m 6678p 1234r55s 1z,2,2,4,,0,,,,,,
20260410130016_0400_043,20260410130016_0400,20260410130016,特上卓,0,s6u,114,2z,tsumogiri,1775795257,6691.184,,0,,"[4,52,106,86,127,55,107,59,87,125,7,63,80,114]","[26,30,57,90,23,50,21,3,16,40,42,84,54]","[131,31,70,93,128,68,69,11,24]","[78,82,28,88,56,58,62,25,89,75,66,85,108]",22m r5567p 34499s 255z,1r56678m 22456p 45s,378m 999p 6s 66z,78m 6678p 1234r55s 1z,1,2,1,,0,2z,2301pt,3s,2199pt,6p,2141pt
20260410130016_0400_044,20260410130016_0400,20260410130016,特上卓,1,優歩,3,1m,tedashi,1775795259,2350.705,,0,,"[4,52,106,86,127,55,107,59,87,125,7,63,80]","[26,30,57,90,23,50,21,3,16,40,42,84,54,91]","[131,31,70,93,128,68,69,11,24]","[78,82,28,88,56,58,62,25,89,75,66,85,108]",22m r5567p 34499s 55z,1r56678m 22456p 455s,378m 999p 6s 66z,78m 6678p 1234r55s 1z,1,1,3,,0,,,,,,
20260410130016_0400_045,20260410130016_0400,20260410130016,特上卓,2,【TM】,124,5z,risekichu_hokan_tsumogiri,1775795262,2621.984,,6,200.928,"[4,52,106,86,127,55,107,59,87,125,7,63,80]","[26,30,57,90,23,50,21,16,40,42,84,54,91]","[131,31,70,93,128,68,69,11,24,124]","[78,82,28,88,56,58,62,25,89,75,66,85,108]",22m r5567p 34499s 55z,r56678m 22456p 455s,378m 999p 6s 566z,78m 6678p 1234r55s 1z,,,,,,,,,,,
20260410130016_0400_046,20260410130016_0400,20260410130016,特上卓,3,Tak1984,75,1s,tedashi,1775795263,1254.733,,0,,"[4,52,106,86,127,55,107,59,87,125,7,63,80]","[26,30,57,90,23,50,21,16,40,42,84,54,91]","[131,31,70,93,128,68,69,11,24]","[78,82,28,88,56,58,62,25,89,75,66,85,108,112]",22m r5567p 34499s 55z,r56678m 22456p 455s,378m 999p 6s 66z,78m 6678p 1234r55s 12z,2,2,4,,0,,,,,,
20260410130016_0400_047,20260410130016_0400,20260410130016,特上卓,0,s6u,97,7s,tsumogiri,1775795265,1945.971,,0,,"[4,52,106,86,127,55,107,59,87,125,7,63,80,97]","[26,30,57,90,23,50,21,16,40,42,84,54,91]","[131,31,70,93,128,68,69,11,24]","[78,82,28,88,56,58,62,25,89,66,85,108,112]",22m r5567p 344799s 55z,r56678m 22456p 455s,378m 999p 6s 66z,78m 6678p 234r55s 12z,1,2,1,,0,7s,1959pt,3s,1784pt,6p,1761pt
20260410130016_0400_048,20260410130016_0400,20260410130016,特上卓,1,優歩,115,2z,risekichu_hokan_tsumogiri,1775795267,1900.028,,0,,"[4,52,106,86,127,55,107,59,87,125,7,63,80]","[26,30,57,90,23,50,21,16,40,42,84,54,91,115]","[131,31,70,93,128,68,69,11,24]","[78,82,28,88,56,58,62,25,89,66,85,108,112]",22m r5567p 34499s 55z,r56678m 22456p 455s 2z,378m 999p 6s 66z,78m 6678p 234r55s 12z,1,1,3,,0,,,,,,
20260410130016_0400_049,20260410130016_0400,20260410130016,特上卓,2,【TM】,100,8s,risekichu_hokan_tsumogiri,1775795269,1618.485,,0,,"[4,52,106,86,127,55,107,59,87,125,7,63,80]","[26,30,57,90,23,50,21,16,40,42,84,54,91]","[131,31,70,93,128,68,69,11,24,100]","[78,82,28,88,56,58,62,25,89,66,85,108,112]",22m r5567p 34499s 55z,r56678m 22456p 455s,378m 999p 68s 66z,78m 6678p 234r55s 12z,,,,,,,,,,,
20260410130016_0400_050,20260410130016_0400,20260410130016,特上卓,3,Tak1984,112,2z,tedashi,1775795272,2907.374,,0,,"[4,52,106,86,127,55,107,59,87,125,7,63,80]","[26,30,57,90,23,50,21,16,40,42,84,54,91]","[131,31,70,93,128,68,69,11,24]","[78,82,28,88,56,58,62,25,89,66,85,108,112,83]",22m r5567p 34499s 55z,r56678m 22456p 455s,378m 999p 6s 66z,78m 6678p 2334r55s 12z,2,2,3,,0,,,,,,
20260410130016_0400_051,20260410130016_0400,20260410130016,特上卓,0,s6u,120,4z,tsumogiri,1775795273,1732.689,,0,,"[4,52,106,86,127,55,107,59,87,125,7,63,80,120]","[26,30,57,90,23,50,21,16,40,42,84,54,91]","[131,31,70,93,128,68,69,11,24]","[78,82,28,88,56,58,62,25,89,66,85,108,83]",22m r5567p 34499s 455z,r56678m 22456p 455s,378m 999p 6s 66z,78m 6678p 2334r55s 1z,1,2,1,,0,4z,1620pt,3s,1396pt,6p,1371pt
20260410130016_0400_052,20260410130016_0400,20260410130016,特上卓,1,優歩,91,5s,tedashi,1775795277,3330.472,,3,2816.86,"[4,52,106,86,127,55,107,59,87,125,7,63,80]","[26,30,57,90,23,50,21,16,40,42,84,54,91,61]","[131,31,70,93,128,68,69,11,24]","[78,82,28,88,56,58,62,25,89,66,85,108,83]",22m r5567p 34499s 55z,r56678m 224567p 455s,378m 999p 6s 66z,78m 6678p 2334r55s 1z,1,1,3,,1,,,,,,
20260410130016_0400_053,20260410130016_0400,20260410130016,特上卓,2,【TM】,24,7m,tedashi,1775795282,2646.582,,0,,"[4,52,106,86,127,55,107,59,87,125,7,63,80]","[26,30,57,90,23,50,21,16,40,42,84,54,61]","[131,31,70,93,128,68,69,11,24,129]","[78,82,28,88,56,58,62,25,89,66,85,108,83]",22m r5567p 34499s 55z,r56678m 224567p 45s,378m 999p 6s 666z,78m 6678p 2334r55s 1z,,,,,,,,,,,
20260410130016_0400_054,20260410130016_0400,20260410130016,特上卓,3,Tak1984,108,1z,tedashi,1775795285,2838.401,,0,,"[4,52,106,86,127,55,107,59,87,125,7,63,80]","[26,30,57,90,23,50,21,16,40,42,84,54,61]","[131,31,70,93,128,68,69,11,129]","[78,82,28,88,56,58,62,25,89,66,85,108,83,32]",22m r5567p 34499s 55z,r56678m 224567p 45s,38m 999p 6s 666z,789m 6678p 2334r55s 1z,1,1,3,,0,,,,,,
20260410130016_0400_055,20260410130016_0400,20260410130016,特上卓,0,s6u,130,6z,tsumogiri,1775795287,1600.218,,3,2409.022,"[4,52,106,86,127,55,107,59,87,125,7,63,80,130]","[26,30,57,90,23,50,21,16,40,42,84,54,61]","[131,31,70,93,128,68,69,11,129]","[78,82,28,88,56,58,62,25,89,66,85,83,32]",22m r5567p 34499s 556z,r56678m 224567p 45s,38m 999p 6s 666z,789m 6678p 2334r55s,1,2,1,,0,3s,1232pt,6z,1226pt,6p,1225pt
20260410130016_0400_056,20260410130016_0400,20260410130016,特上卓,1,優歩,90,5s,tedashi,1775795292,2527.766,,3,1963.325,"[4,52,106,86,127,55,107,59,87,125,7,63,80]","[26,30,57,90,23,50,21,16,40,42,84,54,61,44]","[131,31,70,93,128,68,69,11,129]","[78,82,28,88,56,58,62,25,89,66,85,83,32]",22m r5567p 34499s 55z,r56678m 2234567p 45s,38m 999p 6s 666z,789m 6678p 2334r55s,1,1,4,,0,,,,,,
20260410130016_0400_057,20260410130016_0400,20260410130016,特上卓,2,【TM】,2,1m,risekichu_hokan_tsumogiri,1775795296,2483.575,,0,,"[4,52,106,86,127,55,107,59,87,125,7,63,80]","[26,30,57,23,50,21,16,40,42,84,54,61,44]","[131,31,70,93,128,68,69,11,129,2]","[78,82,28,88,56,58,62,25,89,66,85,83,32]",22m r5567p 34499s 55z,r56678m 2234567p 4s,138m 999p 6s 666z,789m 6678p 2334r55s,,,,,,,,,,,
20260410130016_0400_058,20260410130016_0400,20260410130016,特上卓,3,Tak1984,135,7z,risekichu_hokan_tsumogiri,1775795298,1717.837,,0,,"[4,52,106,86,127,55,107,59,87,125,7,63,80]","[26,30,57,23,50,21,16,40,42,84,54,61,44]","[131,31,70,93,128,68,69,11,129]","[78,82,28,88,56,58,62,25,89,66,85,83,32,135]",22m r5567p 34499s 55z,r56678m 2234567p 4s,38m 999p 6s 666z,789m 6678p 2334r55s 7z,1,1,3,,0,,,,,,
20260410130016_0400_059,20260410130016_0400,20260410130016,特上卓,0,s6u,35,9m,tsumogiri,1775795300,2766.356,,3,1539.921,"[4,52,106,86,127,55,107,59,87,125,7,63,80,35]","[26,30,57,23,50,21,16,40,42,84,54,61,44]","[131,31,70,93,128,68,69,11,129]","[78,82,28,88,56,58,62,25,89,66,85,83,32]",229m r5567p 34499s 55z,r56678m 2234567p 4s,38m 999p 6s 666z,789m 6678p 2334r55s,1,2,1,,0,9m,804pt,3s,742pt,6p,736pt
20260410130016_0400_060,20260410130016_0400,20260410130016,特上卓,1,優歩,84,4s,tedashi,1775795304,1520.963,,6,212.322,"[4,52,106,86,127,55,107,59,87,125,7,63,80]","[26,30,57,23,50,21,16,40,42,84,54,61,44,60]","[131,31,70,93,128,68,69,11,129]","[78,82,28,88,56,58,62,25,89,66,85,83,32]",22m r5567p 34499s 55z,r56678m 22345677p 4s,38m 999p 6s 666z,789m 6678p 2334r55s,1,1,3,,0,,,,,,
20260410130016_0400_061,20260410130016_0400,20260410130016,特上卓,2,【TM】,31,8m,tedashi,1775795307,3507.848,,3,1521.266,"[4,52,106,86,127,55,107,59,87,125,7,63,80]","[26,30,57,23,50,21,16,40,42,54,61,44,60]","[131,31,70,93,128,68,69,11,129,104]","[78,82,28,88,56,58,62,25,89,66,85,83,32]",22m r5567p 34499s 55z,r56678m 22345677p,38m 999p 69s 666z,789m 6678p 2334r55s,,,,,,,,,,,
20260410130016_0400_062,20260410130016_0400,20260410130016,特上卓,3,Tak1984,32,9m,tedashi,1775795312,3083.372,,0,,"[4,52,106,86,127,55,107,59,87,125,7,63,80]","[26,30,57,23,50,21,16,40,42,54,61,44,60]","[131,70,93,128,68,69,11,129,104]","[78,82,28,88,56,58,62,25,89,66,85,83,32,20]",22m r5567p 34499s 55z,r56678m 22345677p,3m 999p 69s 666z,6789m 6678p 2334r55s,1,1,3,,0,,,,,,
20260410130016_0400_063,20260410130016_0400,20260410130016,特上卓,0,s6u,73,1s,tsumogiri,1775795315,2844.788,,0,,"[4,52,106,86,127,55,107,59,87,125,7,63,80,73]","[26,30,57,23,50,21,16,40,42,54,61,44,60]","[131,70,93,128,68,69,11,129,104]","[78,82,28,88,56,58,62,25,89,66,85,83,20]",22m r5567p 134499s 55z,r56678m 22345677p,3m 999p 69s 666z,678m 6678p 2334r55s,1,2,1,,0,1s,371pt,6p,289pt,3s,289pt
20260410130016_0400_064,20260410130016_0400,20260410130016,特上卓,1,優歩,44,3p,tedashi,1775795322,1203.08,5728.855,0,,"[4,52,106,86,127,55,107,59,87,125,7,63,80]","[26,30,57,23,50,21,16,40,42,54,61,44,60,15]","[131,70,93,128,68,69,11,129,104]","[78,82,28,88,56,58,62,25,89,66,85,83,20]",22m r5567p 34499s 55z,4r56678m 22345677p,3m 999p 69s 666z,678m 6678p 2334r55s,0,0,3,27p,0,,,,,,
20260410130016_0400_065,20260410130016_0400,20260410130016,特上卓,2,【TM】,104,9s,tedashi,1775795325,3547.602,,6,206.933,"[4,52,106,86,127,55,107,59,87,125,7,63,80]","[26,30,57,23,50,21,16,40,42,54,61,60,15]","[131,70,93,128,68,69,11,129,104,48]","[78,82,28,88,56,58,62,25,89,66,85,83,20]",22m r5567p 34499s 55z,4r56678m 2245677p,3m 4999p 69s 666z,678m 6678p 2334r55s,,,,,,,,,,,
20260410130016_0400_066,20260410130016_0400,20260410130016,特上卓,3,Tak1984,5,2m,risekichu_hokan_tsumogiri,1775795335,9706.719,,6,190.409,"[4,52,106,86,127,55,107,59,87,125,7,63,80]","[26,30,57,23,50,21,16,40,42,54,61,60,15]","[131,70,93,128,68,69,11,129,48]","[78,82,28,88,56,58,62,25,89,66,85,83,20,5]",22m r5567p 34499s 55z,4r56678m 2245677p,3m 4999p 6s 666z,2678m 6678p 2334r55s,1,1,3,,0,,,,,,
20260410130016_0400_067,20260410130016_0400,20260410130016,特上卓,0,s6u,106,9s,tedashi,1775795342,7107.282,,0,,"[4,52,106,86,127,55,107,59,87,125,7,63,80,99]","[26,30,57,23,50,21,16,40,42,54,61,60,15]","[131,70,93,128,68,69,11,129,48]","[78,82,28,88,56,58,62,25,89,66,85,83,20]",22m r5567p 344799s 55z,4r56678m 2245677p,3m 4999p 6s 666z,678m 6678p 2334r55s,1,2,1,,0,2m,0pt,5p,0pt,6p,0pt
20260410130016_0500_000,20260410130016_0500,20260410130016,特上卓,1,優歩,36,1p,tedashi,1775795357,,,0,,"[112,125,28,130,52,116,57,63,25,70,79,60,16]","[1,115,85,117,9,58,71,32,119,36,83,54,113,27]","[88,127,34,128,47,121,111,104,23,44,66,30,5]","[35,8,120,94,51,19,92,33,72,2,3,56,131]",r578m r56779p 2s 2356z,1379m 1569p 34s 2233z,2689m 338p r59s 1456z,113599m 46p 166s 46z,3,3,4,,0,,,,,,
20260410130016_0500_001,20260410130016_0500,20260410130016,特上卓,2,【TM】,111,1z,tedashi,1775795358,1228.583,,0,,"[112,125,28,130,52,116,57,63,25,70,79,60,16]","[1,115,85,117,9,58,71,32,119,83,54,113,27]","[88,127,34,128,47,121,111,104,23,44,66,30,5,43]","[35,8,120,94,51,19,92,33,72,2,3,56,131]",r578m r56779p 2s 2356z,1379m 569p 34s 2233z,2689m 2338p r59s 1456z,113599m 46p 166s 46z,5,6,5,,0,,,,,,
20260410130016_0500_002,20260410130016_0500,20260410130016,特上卓,3,Tak1984,120,4z,tedashi,1775795360,2318.152,,0,,"[112,125,28,130,52,116,57,63,25,70,79,60,16]","[1,115,85,117,9,58,71,32,119,83,54,113,27]","[88,127,34,128,47,121,104,23,44,66,30,5,43]","[35,8,120,94,51,19,92,33,72,2,3,56,131,96]",r578m r56779p 2s 2356z,1379m 569p 34s 2233z,2689m 2338p r59s 456z,113599m 46p 1667s 46z,3,3,3,,0,,,,,,
20260410130016_0500_003,20260410130016_0500,20260410130016,特上卓,0,s6u,116,3z,tedashi,1775795362,1622.268,,3,2513.284,"[112,125,28,130,52,116,57,63,25,70,79,60,16,53]","[1,115,85,117,9,58,71,32,119,83,54,113,27]","[88,127,34,128,47,121,104,23,44,66,30,5,43]","[35,8,94,51,19,92,33,72,2,3,56,131,96]",r578m r556779p 2s 2356z,1379m 569p 34s 2233z,2689m 2338p r59s 456z,113599m 46p 1667s 6z,4,4,4,,0,,,,,,
20260410130016_0500_004,20260410130016_0500,20260410130016,特上卓,1,優歩,32,9m,tedashi,1775795366,1932.133,,3,1550.066,"[112,125,28,130,52,57,63,25,70,79,60,16,53]","[1,115,85,117,9,58,71,32,119,83,54,113,27,21]","[88,127,34,128,47,121,104,23,44,66,30,5,43]","[35,8,94,51,19,92,33,72,2,3,56,131,96]",r578m r556779p 2s 256z,13679m 569p 34s 2233z,2689m 2338p r59s 456z,113599m 46p 1667s 6z,3,3,4,,0,,,,,,
20260410130016_0500_005,20260410130016_0500,20260410130016,特上卓,2,【TM】,121,4z,tedashi,1775795369,900.954,,0,,"[112,125,28,130,52,57,63,25,70,79,60,16,53]","[1,115,85,117,9,58,71,119,83,54,113,27,21]","[88,127,34,128,47,121,104,23,44,66,30,5,43,114]","[35,8,94,51,19,92,33,72,2,3,56,131,96]",r578m r556779p 2s 256z,1367m 569p 34s 2233z,2689m 2338p r59s 2456z,113599m 46p 1667s 6z,5,6,5,,0,,,,,,
20260410130016_0500_006,20260410130016_0500,20260410130016,特上卓,3,Tak1984,72,1s,tedashi,1775795370,1483.666,,0,,"[112,125,28,130,52,57,63,25,70,79,60,16,53]","[1,115,85,117,9,58,71,119,83,54,113,27,21]","[88,127,34,128,47,104,23,44,66,30,5,43,114]","[35,8,94,51,19,92,33,72,2,3,56,131,96,93]",r578m r556779p 2s 256z,1367m 569p 34s 2233z,2689m 2338p r59s 256z,113599m 46p 16667s 6z,2,2,3,,0,,,,,,
20260410130016_0500_007,20260410130016_0500,20260410130016,特上卓,0,s6u,112,2z,tedashi,1775795374,3425.94,,3,2950.766,"[112,125,28,130,52,57,63,25,70,79,60,16,53,87]","[1,115,85,117,9,58,71,119,83,54,113,27,21]","[88,127,34,128,47,104,23,44,66,30,5,43,114]","[35,8,94,51,19,92,33,2,3,56,131,96,93]",r578m r556779p 24s 256z,1367m 569p 34s 2233z,2689m 2338p r59s 256z,113599m 46p 6667s 6z,3,3,4,,0,2z,1612pt,5z,1612pt,6z,1612pt
20260410130016_0500_008,20260410130016_0500,20260410130016,特上卓,1,優歩,9,3m,tedashi,1775795377,1285.386,,0,,"[125,28,130,52,57,63,25,70,79,60,16,53,87]","[1,115,85,117,9,58,71,119,83,54,27,21]","[88,127,34,128,47,104,23,44,66,30,5,43,114]","[35,8,94,51,19,92,33,2,3,56,131,96,93]",r578m r556779p 24s 56z,1367m 569p 34s 233z,2689m 2338p r59s 256z,113599m 46p 6667s 6z,,,,,,,,,,,
20260410130016_0500_009,20260410130016_0500,20260410130016,特上卓,2,【TM】,114,2z,tedashi,1775795378,1294.442,,0,,"[125,28,130,52,57,63,25,70,79,60,16,53,87]","[1,115,85,117,58,71,119,83,54,27,21]","[88,127,34,128,47,104,23,44,66,30,5,43,114,67]","[35,8,94,51,19,92,33,2,3,56,131,96,93]",r578m r556779p 24s 56z,167m 569p 34s 233z,2689m 23388p r59s 256z,113599m 46p 6667s 6z,4,5,4,,0,,,,,,
20260410130016_0500_010,20260410130016_0500,20260410130016,特上卓,3,Tak1984,37,1p,risekichu_hokan_tsumogiri,1775795380,1899.816,,0,,"[125,28,130,52,57,63,25,70,79,60,16,53,87]","[1,115,85,117,58,71,119,83,54,27,21]","[88,127,34,128,47,104,23,44,66,30,5,43,67]","[35,8,94,51,19,92,33,2,3,56,131,96,93,37]",r578m r556779p 24s 56z,167m 569p 34s 233z,2689m 23388p r59s 56z,113599m 146p 6667s 6z,2,2,3,,0,,,,,,
20260410130016_0500_011,20260410130016_0500,20260410130016,特上卓,0,s6u,118,3z,tsumogiri,1775795381,1521.888,,3,2281.614,"[125,28,130,52,57,63,25,70,79,60,16,53,87,118]","[1,115,85,117,58,71,119,83,54,27,21]","[88,127,34,128,47,104,23,44,66,30,5,43,67]","[35,8,94,51,19,92,33,2,3,56,131,96,93]",r578m r556779p 24s 356z,167m 569p 34s 233z,2689m 23388p r59s 56z,113599m 46p 6667s 6z,3,3,4,,0,,,,,,
20260410130016_0500_012,20260410130016_0500,20260410130016,特上卓,1,優歩,1,1m,tedashi,1775795385,1779.956,,6,262.195,"[125,28,130,52,57,63,25,70,79,60,16,53,87]","[1,115,85,117,58,71,119,83,54,27,21,26]","[88,127,34,128,47,104,23,44,66,30,5,43,67]","[35,8,94,51,19,92,33,2,3,56,131,96,93]",r578m r556779p 24s 56z,1677m 569p 34s 233z,2689m 23388p r59s 56z,113599m 46p 6667s 6z,,,,,,,,,,,
20260410130016_0500_013,20260410130016_0500,20260410130016,特上卓,2,【TM】,104,9s,tedashi,1775795388,2820.031,,0,,"[125,28,130,52,57,63,25,70,79,60,16,53,87]","[115,85,117,58,71,119,83,54,27,21,26]","[88,127,34,128,47,104,23,44,66,30,5,43,67,122]","[35,8,94,51,19,92,33,2,3,56,131,96,93]",r578m r556779p 24s 56z,677m 569p 34s 233z,2689m 23388p r59s 456z,113599m 46p 6667s 6z,4,5,4,,0,,,,,,
20260410130016_0500_014,20260410130016_0500,20260410130016,特上卓,3,Tak1984,133,7z,risekichu_hokan_tsumogiri,1775795391,2515.357,,0,,"[125,28,130,52,57,63,25,70,79,60,16,53,87]","[115,85,117,58,71,119,83,54,27,21,26]","[88,127,34,128,47,23,44,66,30,5,43,67,122]","[35,8,94,51,19,92,33,2,3,56,131,96,93,133]",r578m r556779p 24s 56z,677m 569p 34s 233z,2689m 23388p r5s 456z,113599m 46p 6667s 67z,2,2,3,,0,,,,,,
20260410130016_0500_015,20260410130016_0500,20260410130016,特上卓,0,s6u,125,5z,tedashi,1775795392,1345.807,,0,,"[125,28,130,52,57,63,25,70,79,60,16,53,87,78]","[115,85,117,58,71,119,83,54,27,21,26]","[88,127,34,128,47,23,44,66,30,5,43,67,122]","[35,8,94,51,19,92,33,2,3,56,131,96,93]",r578m r556779p 224s 56z,677m 569p 34s 233z,2689m 23388p r5s 456z,113599m 46p 6667s 6z,3,3,3,,0,,,,,,
20260410130016_0500_016,20260410130016_0500,20260410130016,特上卓,1,優歩,97,7s,risekichu_hokan_tsumogiri,1775795396,4204.684,,0,,"[28,130,52,57,63,25,70,79,60,16,53,87,78]","[115,85,117,58,71,119,83,54,27,21,26,97]","[88,127,34,128,47,23,44,66,30,5,43,67,122]","[35,8,94,51,19,92,33,2,3,56,131,96,93]",r578m r556779p 224s 6z,677m 569p 347s 233z,2689m 23388p r5s 456z,113599m 46p 6667s 6z,,,,,,,,,,,
20260410130016_0500_017,20260410130016_0500,20260410130016,特上卓,2,【TM】,110,1z,risekichu_hokan_tsumogiri,1775795399,2463.753,,0,,"[28,130,52,57,63,25,70,79,60,16,53,87,78]","[115,85,117,58,71,119,83,54,27,21,26]","[88,127,34,128,47,23,44,66,30,5,43,67,122,110]","[35,8,94,51,19,92,33,2,3,56,131,96,93]",r578m r556779p 224s 6z,677m 569p 34s 233z,2689m 23388p r5s 1456z,113599m 46p 6667s 6z,4,5,4,,0,,,,,,
20260410130016_0500_018,20260410130016_0500,20260410130016,特上卓,3,Tak1984,131,6z,tedashi,1775795400,1238.342,,0,,"[28,130,52,57,63,25,70,79,60,16,53,87,78]","[115,85,117,58,71,119,83,54,27,21,26]","[88,127,34,128,47,23,44,66,30,5,43,67,122]","[35,8,94,51,19,92,33,2,3,56,131,96,93,105]",r578m r556779p 224s 6z,677m 569p 34s 233z,2689m 23388p r5s 456z,113599m 46p 66679s 6z,2,2,3,,0,,,,,,
20260410130016_0500_019,20260410130016_0500,20260410130016,特上卓,0,s6u,130,6z,tedashi,1775795402,1564.681,,0,,"[28,130,52,57,63,25,70,79,60,16,53,87,78,95]","[115,85,117,58,71,119,83,54,27,21,26]","[88,127,34,128,47,23,44,66,30,5,43,67,122]","[35,8,94,51,19,92,33,2,3,56,96,93,105]",r578m r556779p 2246s 6z,677m 569p 34s 233z,2689m 23388p r5s 456z,113599m 46p 66679s,2,2,3,,0,6z,1809pt,r5m,1723pt,8m,1608pt
20260410130016_0500_020,20260410130016_0500,20260410130016,特上卓,1,優歩,71,9p,tedashi,1775795405,2887.596,,0,,"[28,52,57,63,25,70,79,60,16,53,87,78,95]","[115,85,117,58,71,119,83,54,27,21,26,77]","[88,127,34,128,47,23,44,66,30,5,43,67,122]","[35,8,94,51,19,92,33,2,3,56,96,93,105]",r578m r556779p 2246s,677m 569p 234s 233z,2689m 23388p r5s 456z,113599m 46p 66679s,,,,,,,,,,,
20260410130016_0500_021,20260410130016_0500,20260410130016,特上卓,2,【TM】,127,5z,tedashi,1775795406,1774.279,,0,,"[28,52,57,63,25,70,79,60,16,53,87,78,95]","[115,85,117,58,119,83,54,27,21,26,77]","[88,127,34,128,47,23,44,66,30,5,43,67,122,90]","[35,8,94,51,19,92,33,2,3,56,96,93,105]",r578m r556779p 2246s,677m 56p 234s 233z,2689m 23388p r55s 456z,113599m 46p 66679s,3,4,3,,0,,,,,,
20260410130016_0500_022,20260410130016_0500,20260410130016,特上卓,3,Tak1984,2,1m,tedashi,1775795412,5473.531,,0,,"[28,52,57,63,25,70,79,60,16,53,87,78,95]","[115,85,117,58,119,83,54,27,21,26,77]","[88,34,128,47,23,44,66,30,5,43,67,122,90]","[35,8,94,51,19,92,33,2,3,56,96,93,105,102]",r578m r556779p 2246s,677m 56p 234s 233z,2689m 23388p r55s 46z,113599m 46p 666789s,1,1,3,,0,,,,,,
20260410130016_0500_023,20260410130016_0500,20260410130016,特上卓,0,s6u,16,r5m,tedashi,1775795417,5444.153,,2,2054.743,"[28,52,57,63,25,70,79,60,16,53,87,78,95,91]","[115,85,117,58,119,83,54,27,21,26,77]","[88,34,128,47,23,44,66,30,5,43,67,122,90]","[35,8,94,51,19,92,33,3,56,96,93,105,102]",r578m r556779p 22456s,677m 56p 234s 233z,2689m 23388p r55s 46z,13599m 46p 666789s,1,1,3,,0,r5m,3002pt,9p,2921pt,8m,2820pt
20260410130016_0500_024,20260410130016_0500,20260410130016,特上卓,1,優歩,27,7m,tedashi,1775795421,1371.632,,2,2336.08,"[28,52,57,63,25,70,79,60,53,87,78,95,91]","[115,85,117,58,119,83,54,27,77]","[88,34,128,47,23,44,66,30,5,43,67,122,90]","[35,8,94,51,19,92,33,3,56,96,93,105,102]",78m r556779p 22456s,7m 56p 234s 233z,2689m 23388p r55s 46z,13599m 46p 666789s,,,,,,,,,,,
20260410130016_0500_025,20260410130016_0500,20260410130016,特上卓,2,【TM】,34,9m,tedashi,1775795424,985.602,,6,341.339,"[28,52,57,63,25,70,79,60,53,87,78,95,91]","[115,85,117,58,119,83,54,77]","[88,34,128,47,44,66,5,43,67,122,90]","[35,8,94,51,19,92,33,3,56,96,93,105,102]",78m r556779p 22456s,56p 234s 233z,29m 23388p r55s 46z,13599m 46p 666789s,3,3,,,0,,,,,,
20260410130016_0500_026,20260410130016_0500,20260410130016,特上卓,3,Tak1984,108,1z,risekichu_hokan_tsumogiri,1775795427,2522.333,,0,,"[28,52,57,63,25,70,79,60,53,87,78,95,91]","[115,85,117,58,119,83,54,77]","[88,128,47,44,66,5,43,67,122,90]","[35,8,94,51,19,92,33,3,56,96,93,105,102,108]",78m r556779p 22456s,56p 234s 233z,2m 23388p r55s 46z,13599m 46p 666789s 1z,1,1,4,,0,,,,,,
20260410130016_0500_027,20260410130016_0500,20260410130016,特上卓,0,s6u,14,4m,tsumogiri,1775795429,1757.513,,0,,"[28,52,57,63,25,70,79,60,53,87,78,95,91,14]","[115,85,117,58,119,83,54,77]","[88,128,47,44,66,5,43,67,122,90]","[35,8,94,51,19,92,33,3,56,96,93,105,102]",478m r556779p 22456s,56p 234s 233z,2m 23388p r55s 46z,13599m 46p 666789s,1,1,3,,0,4m,2318pt,9p,2152pt,5p,1905pt
20260410130016_0500_028,20260410130016_0500,20260410130016,特上卓,1,優歩,22,6m,risekichu_hokan_tsumogiri,1775795431,1922.188,,0,,"[28,52,57,63,25,70,79,60,53,87,78,95,91]","[115,85,117,58,119,83,54,77,22]","[88,128,47,44,66,5,43,67,122,90]","[35,8,94,51,19,92,33,3,56,96,93,105,102]",78m r556779p 22456s,6m 56p 234s 233z,2m 23388p r55s 46z,13599m 46p 666789s,,,,,,,,,,,
20260410130016_0500_029,20260410130016_0500,20260410130016,特上卓,2,【TM】,107,9s,risekichu_hokan_tsumogiri,1775795433,1911.956,,6,271.107,"[28,52,57,63,25,70,79,60,53,87,78,95,91]","[115,85,117,58,119,83,54,77]","[88,128,47,44,66,5,43,67,122,90,107]","[35,8,94,51,19,92,33,3,56,96,93,105,102]",78m r556779p 22456s,56p 234s 233z,2m 23388p r559s 46z,13599m 46p 666789s,3,3,,,0,,,,,,
20260410130016_0500_030,20260410130016_0500,20260410130016,特上卓,3,Tak1984,33,9m,tedashi,1775795435,1806.547,,6,201.239,"[28,52,57,63,25,70,79,60,53,87,78,95,91]","[115,85,117,58,119,83,54,77]","[88,128,47,44,66,5,43,67,122,90]","[35,8,94,51,19,92,33,3,56,96,93,105,102,86]",78m r556779p 22456s,56p 234s 233z,2m 23388p r55s 46z,13599m 46p 4666789s,1,1,4,,0,,,,,,
20260410130016_0500_031,20260410130016_0500,20260410130016,特上卓,0,s6u,98,7s,tsumogiri,1775795447,12125.787,,0,,"[28,52,57,63,25,70,79,60,53,87,78,95,91,98]","[115,85,117,58,119,83,54,77]","[88,128,47,44,66,5,43,67,122,90]","[35,8,94,51,19,92,3,56,96,93,105,102,86]",78m r556779p 224567s,56p 234s 233z,2m 23388p r55s 46z,1359m 46p 4666789s,1,1,3,,0,8m,2477pt,7m,2450pt,9p,2011pt
20260410130016_0500_032,20260410130016_0500,20260410130016,特上卓,1,優歩,83,3s,tedashi,1775795451,4041.993,,0,,"[28,52,57,63,25,70,79,60,53,87,78,95,91]","[115,85,117,58,119,83,54,77,82]","[88,128,47,44,66,5,43,67,122,90]","[35,8,94,51,19,92,3,56,96,93,105,102,86]",78m r556779p 22456s,56p 2334s 233z,2m 23388p r55s 46z,1359m 46p 4666789s,,,,,,,,,,,
20260410130016_0500_033,20260410130016_0500,20260410130016,特上卓,2,【TM】,122,4z,tedashi,1775795453,1862.797,,0,,"[28,52,57,63,25,70,79,60,53,87,78,95,91]","[115,85,117,58,119,54,77,82]","[88,128,47,44,66,5,43,67,122,90,13]","[35,8,94,51,19,92,3,56,96,93,105,102,86]",78m r556779p 22456s,56p 234s 233z,24m 23388p r55s 46z,1359m 46p 4666789s,2,2,,,0,,,,,,
20260410130016_0500_034,20260410130016_0500,20260410130016,特上卓,3,Tak1984,39,1p,risekichu_hokan_tsumogiri,1775795456,2719.227,,0,,"[28,52,57,63,25,70,79,60,53,87,78,95,91]","[115,85,117,58,119,54,77,82]","[88,128,47,44,66,5,43,67,90,13]","[35,8,94,51,19,92,3,56,96,93,105,102,86,39]",78m r556779p 22456s,56p 234s 233z,24m 23388p r55s 6z,1359m 146p 4666789s,2,2,5,,0,,,,,,
20260410130016_0500_035,20260410130016_0500,20260410130016,特上卓,0,s6u,53,5p,tedashi,1775795465,9616.128,,0,,"[28,52,57,63,25,70,79,60,53,87,78,95,91,24]","[115,85,117,58,119,54,77,82]","[88,128,47,44,66,5,43,67,90,13]","[35,8,94,51,19,92,3,56,96,93,105,102,86]",778m r556779p 22456s,56p 234s 233z,24m 23388p r55s 6z,1359m 46p 4666789s,1,1,2,,0,8m,1742pt,9p,1664pt,5p,1315pt
20260410130016_0500_036,20260410130016_0500,20260410130016,特上卓,1,優歩,74,1s,risekichu_hokan_tsumogiri,1775795468,2453.341,,0,,"[28,52,57,63,25,70,79,60,87,78,95,91,24]","[115,85,117,58,119,54,77,82,74]","[88,128,47,44,66,5,43,67,90,13]","[35,8,94,51,19,92,3,56,96,93,105,102,86]",778m r56779p 22456s,56p 1234s 233z,24m 23388p r55s 6z,1359m 46p 4666789s,,,,,,,,,,,
20260410130016_0500_037,20260410130016_0500,20260410130016,特上卓,2,【TM】,128,6z,tedashi,1775795469,1607.969,,0,,"[28,52,57,63,25,70,79,60,87,78,95,91,24]","[115,85,117,58,119,54,77,82]","[88,128,47,44,66,5,43,67,90,13,89]","[35,8,94,51,19,92,3,56,96,93,105,102,86]",778m r56779p 22456s,56p 234s 233z,24m 23388p r555s 6z,1359m 46p 4666789s,1,1,,,0,,,,,,
20260410130016_0500_038,20260410130016_0500,20260410130016,特上卓,3,Tak1984,35,9m,tedashi,1775795471,2225.986,,6,200.744,"[28,52,57,63,25,70,79,60,87,78,95,91,24]","[115,85,117,58,119,54,77,82]","[88,47,44,66,5,43,67,90,13,89]","[35,8,94,51,19,92,3,56,96,93,105,102,86,17]",778m r56779p 22456s,56p 234s 233z,24m 23388p r555s,13559m 46p 4666789s,1,1,4,,0,,,,,,
20260410130016_0500_039,20260410130016_0500,20260410130016,特上卓,0,s6u,41,2p,tsumogiri,1775795473,1224.693,,0,,"[28,52,57,63,25,70,79,60,87,78,95,91,24,41]","[115,85,117,58,119,54,77,82]","[88,47,44,66,5,43,67,90,13,89]","[8,94,51,19,92,3,56,96,93,105,102,86,17]",778m 2r56779p 22456s,56p 234s 233z,24m 23388p r555s,1355m 46p 4666789s,1,1,3,,0,2p,989pt,8m,975pt,2s,732pt
20260410130016_0500_040,20260410130016_0500,20260410130016,特上卓,1,優歩,6,2m,risekichu_hokan_tsumogiri,1775795475,1800.303,,0,,"[28,52,57,63,25,70,79,60,87,78,95,91,24]","[115,85,117,58,119,54,77,82,6]","[88,47,44,66,5,43,67,90,13,89]","[8,94,51,19,92,3,56,96,93,105,102,86,17]",778m r56779p 22456s,2m 56p 234s 233z,24m 23388p r555s,1355m 46p 4666789s,,,,,,,,,,,
20260410130016_0500_041,20260410130016_0500,20260410130016,特上卓,2,【TM】,132,7z,risekichu_hokan_tsumogiri,1775795477,2158.552,,0,,"[28,52,57,63,25,70,79,60,87,78,95,91,24]","[115,85,117,58,119,54,77,82]","[88,47,44,66,5,43,67,90,13,89,132]","[8,94,51,19,92,3,56,96,93,105,102,86,17]",778m r56779p 22456s,56p 234s 233z,24m 23388p r555s 7z,1355m 46p 4666789s,1,1,,,0,,,,,,
20260410130016_0500_042,20260410130016_0500,20260410130016,特上卓,3,Tak1984,3,1m,tedashi,1775795479,1916.418,,0,,"[28,52,57,63,25,70,79,60,87,78,95,91,24]","[115,85,117,58,119,54,77,82]","[88,47,44,66,5,43,67,90,13,89]","[8,94,51,19,92,3,56,96,93,105,102,86,17,10]",778m r56779p 22456s,56p 234s 233z,24m 23388p r555s,13355m 46p 4666789s,1,1,3,,0,,,,,,
20260410130016_0500_043,20260410130016_0500,20260410130016,特上卓,0,s6u,11,3m,tsumogiri,1775795480,1420.185,,6,242.263,"[28,52,57,63,25,70,79,60,87,78,95,91,24,11]","[115,85,117,58,119,54,77,82]","[88,47,44,66,5,43,67,90,13,89]","[8,94,51,19,92,56,96,93,105,102,86,17,10]",3778m r56779p 22456s,56p 234s 233z,24m 23388p r555s,3355m 46p 4666789s,1,1,3,,0,3m,879pt,8m,864pt,2s,632pt
20260410130016_0500_044,20260410130016_0500,20260410130016,特上卓,1,優歩,99,7s,risekichu_hokan_tsumogiri,1775795482,1727.265,,0,,"[28,52,57,63,25,70,79,60,87,78,95,91,24]","[115,85,117,58,119,54,77,82,99]","[88,47,44,66,5,43,67,90,13,89]","[8,94,51,19,92,56,96,93,105,102,86,17,10]",778m r56779p 22456s,56p 2347s 233z,24m 23388p r555s,3355m 46p 4666789s,,,,,,,,,,,
20260410130016_0500_045,20260410130016_0500,20260410130016,特上卓,2,【TM】,81,3s,risekichu_hokan_tsumogiri,1775795485,2691.288,,0,,"[28,52,57,63,25,70,79,60,87,78,95,91,24]","[115,85,117,58,119,54,77,82]","[88,47,44,66,5,43,67,90,13,89,81]","[8,94,51,19,92,56,96,93,105,102,86,17,10]",778m r56779p 22456s,56p 234s 233z,24m 23388p 3r555s,3355m 46p 4666789s,1,1,,,0,,,,,,
20260410130016_0500_046,20260410130016_0500,20260410130016,特上卓,3,Tak1984,105,9s,tedashi,1775795488,3584.965,,0,,"[28,52,57,63,25,70,79,60,87,78,95,91,24]","[115,85,117,58,119,54,77,82]","[88,47,44,66,5,43,67,90,13,89]","[8,94,51,19,92,56,96,93,105,102,86,17,10,15]",778m r56779p 22456s,56p 234s 233z,24m 23388p r555s,33455m 46p 4666789s,1,1,3,,0,,,,,,
20260410130016_0500_047,20260410130016_0500,20260410130016,特上卓,0,s6u,103,8s,tsumogiri,1775795490,1613.488,,0,,"[28,52,57,63,25,70,79,60,87,78,95,91,24,103]","[115,85,117,58,119,54,77,82]","[88,47,44,66,5,43,67,90,13,89]","[8,94,51,19,92,56,96,93,102,86,17,10,15]",778m r56779p 224568s,56p 234s 233z,24m 23388p r555s,33455m 46p 466678s,1,1,3,,0,8s,686pt,8m,642pt,7m,426pt
20260410130016_0500_048,20260410130016_0500,20260410130016,特上卓,1,優歩,73,1s,risekichu_hokan_tsumogiri,1775795492,1790.291,,0,,"[28,52,57,63,25,70,79,60,87,78,95,91,24]","[115,85,117,58,119,54,77,82,73]","[88,47,44,66,5,43,67,90,13,89]","[8,94,51,19,92,56,96,93,102,86,17,10,15]",778m r56779p 22456s,56p 1234s 233z,24m 23388p r555s,33455m 46p 466678s,,,,,,,,,,,
20260410130016_0500_049,20260410130016_0500,20260410130016,特上卓,2,【TM】,135,7z,risekichu_hokan_tsumogiri,1775795493,1527.616,,0,,"[28,52,57,63,25,70,79,60,87,78,95,91,24]","[115,85,117,58,119,54,77,82]","[88,47,44,66,5,43,67,90,13,89,135]","[8,94,51,19,92,56,96,93,102,86,17,10,15]",778m r56779p 22456s,56p 234s 233z,24m 23388p r555s 7z,33455m 46p 466678s,1,1,,,0,,,,,,
20260410130016_0500_050,20260410130016_0500,20260410130016,特上卓,3,Tak1984,84,4s,risekichu_hokan_tsumogiri,1775795503,9222.863,,3,1218.175,"[28,52,57,63,25,70,79,60,87,78,95,91,24]","[115,85,117,58,119,54,77,82]","[88,47,44,66,5,43,67,90,13,89]","[8,94,51,19,92,56,96,93,102,86,17,10,15,84]",778m r56779p 22456s,56p 234s 233z,24m 23388p r555s,33455m 46p 4466678s,1,1,2,,0,,,,,,
20260410130016_0500_051,20260410130016_0500,20260410130016,特上卓,0,s6u,28,8m,tedashi,1775795510,1148.211,5499.172,0,,"[28,52,57,63,25,70,79,60,87,78,95,91,24,65]","[115,85,117,58,119,54,77,82]","[88,47,44,66,5,43,67,90,13,89]","[8,94,51,19,92,56,96,93,102,86,17,10,15]",778m r567789p 22456s,56p 234s 233z,24m 23388p r555s,33455m 46p 466678s,0,0,3,7m 2s,0,8m,1552pt,7m,963pt,,
20260410130016_0501_000,20260410130016_0501,20260410130016,特上卓,1,優歩,106,9s,tedashi,1775795521,,,0,,"[76,7,5,101,122,100,70,20,85,91,27,32,19]","[132,113,0,38,67,1,16,25,22,64,106,60,126,128]","[31,81,53,121,114,82,43,36,110,125,116,105,17]","[52,12,44,59,23,47,131,15,115,51,26,118,58]",225679m 9p 24588s 4z,11r567m 1788p 9s 2567z,58m 125p 339s 12345z,4467m 334r566p 236z,4,4,4,,0,,,,,,
20260410130016_0501_001,20260410130016_0501,20260410130016,特上卓,2,【TM】,105,9s,tedashi,1775795523,2617.453,,0,,"[76,7,5,101,122,100,70,20,85,91,27,32,19]","[132,113,0,38,67,1,16,25,22,64,60,126,128]","[31,81,53,121,114,82,43,36,110,125,116,105,17,50]","[52,12,44,59,23,47,131,15,115,51,26,118,58]",225679m 9p 24588s 4z,11r567m 1788p 2567z,58m 1245p 339s 12345z,4467m 334r566p 236z,5,5,5,,0,,,,,,
20260410130016_0501_002,20260410130016_0501,20260410130016,特上卓,3,Tak1984,115,2z,tedashi,1775795525,1208.617,,0,,"[76,7,5,101,122,100,70,20,85,91,27,32,19]","[132,113,0,38,67,1,16,25,22,64,60,126,128]","[31,81,53,121,114,82,43,36,110,125,116,17,50]","[52,12,44,59,23,47,131,15,115,51,26,118,58,4]",225679m 9p 24588s 4z,11r567m 1788p 2567z,58m 1245p 33s 12345z,24467m 334r566p 236z,3,3,3,,0,,,,,,
20260410130016_0501_003,20260410130016_0501,20260410130016,特上卓,0,s6u,70,9p,tedashi,1775795528,3635.765,,3,739.938,"[76,7,5,101,122,100,70,20,85,91,27,32,19,86]","[132,113,0,38,67,1,16,25,22,64,60,126,128]","[31,81,53,121,114,82,43,36,110,125,116,17,50]","[52,12,44,59,23,47,131,15,51,26,118,58,4]",225679m 9p 244588s 4z,11r567m 1788p 2567z,58m 1245p 33s 12345z,24467m 334r566p 36z,2,2,3,,0,,,,,,
20260410130016_0501_004,20260410130016_0501,20260410130016,特上卓,1,優歩,75,1s,risekichu_hokan_tsumogiri,1775795532,3047.208,,0,,"[76,7,5,101,122,100,20,85,91,27,32,19,86]","[132,113,0,38,67,1,16,25,22,64,60,126,128,75]","[31,81,53,121,114,82,43,36,110,125,116,17,50]","[52,12,44,59,23,47,131,15,51,26,118,58,4]",225679m 244588s 4z,11r567m 1788p 1s 2567z,58m 1245p 33s 12345z,24467m 334r566p 36z,4,4,4,,0,,,,,,
20260410130016_0501_005,20260410130016_0501,20260410130016,特上卓,2,【TM】,31,8m,tedashi,1775795535,2997.045,,6,260.874,"[76,7,5,101,122,100,20,85,91,27,32,19,86]","[132,113,0,38,67,1,16,25,22,64,60,126,128]","[31,81,53,121,114,82,43,36,110,125,116,17,50,119]","[52,12,44,59,23,47,131,15,51,26,118,58,4]",225679m 244588s 4z,11r567m 1788p 2567z,58m 1245p 33s 123345z,24467m 334r566p 36z,4,4,4,,0,,,,,,
20260410130016_0501_006,20260410130016_0501,20260410130016,特上卓,3,Tak1984,131,6z,tedashi,1775795536,905.746,,0,,"[76,7,5,101,122,100,20,85,91,27,32,19,86]","[132,113,0,38,67,1,16,25,22,64,60,126,128]","[81,53,121,114,82,43,36,110,125,116,17,50,119]","[52,12,44,59,23,47,131,15,51,26,118,58,4,92]",225679m 244588s 4z,11r567m 1788p 2567z,5m 1245p 33s 123345z,24467m 334r566p 6s 36z,3,3,3,,0,,,,,,
20260410130016_0501_007,20260410130016_0501,20260410130016,特上卓,0,s6u,122,4z,tedashi,1775795538,2041.21,,0,,"[76,7,5,101,122,100,20,85,91,27,32,19,86,57]","[132,113,0,38,67,1,16,25,22,64,60,126,128]","[81,53,121,114,82,43,36,110,125,116,17,50,119]","[52,12,44,59,23,47,15,51,26,118,58,4,92]",225679m 6p 244588s 4z,11r567m 1788p 2567z,5m 1245p 33s 123345z,24467m 334r566p 6s 3z,2,2,3,,0,9m,1174pt,4z,1174pt,2s,1014pt
20260410130016_0501_008,20260410130016_0501,20260410130016,特上卓,1,優歩,128,6z,tedashi,1775795541,2486.918,,0,,"[76,7,5,101,100,20,85,91,27,32,19,86,57]","[132,113,0,38,67,1,16,25,22,64,60,126,128,78]","[81,53,121,114,82,43,36,110,125,116,17,50,119]","[52,12,44,59,23,47,15,51,26,118,58,4,92]",225679m 6p 244588s,11r567m 1788p 2s 2567z,5m 1245p 33s 123345z,24467m 334r566p 6s 3z,4,4,4,,0,,,,,,
20260410130016_0501_009,20260410130016_0501,20260410130016,特上卓,2,【TM】,17,5m,tedashi,1775795544,2754.767,,6,316.519,"[76,7,5,101,100,20,85,91,27,32,19,86,57]","[132,113,0,38,67,1,16,25,22,64,60,126,78]","[81,53,121,114,82,43,36,110,125,116,17,50,119,42]","[52,12,44,59,23,47,15,51,26,118,58,4,92]",225679m 6p 244588s,11r567m 1788p 2s 257z,5m 12245p 33s 123345z,24467m 334r566p 6s 3z,3,4,3,,0,,,,,,
20260410130016_0501_010,20260410130016_0501,20260410130016,特上卓,3,Tak1984,109,1z,risekichu_hokan_tsumogiri,1775795545,1516.753,,0,,"[76,7,5,101,100,20,85,91,27,32,19,86,57]","[132,113,0,38,67,1,16,25,22,64,60,126,78]","[81,53,121,114,82,43,36,110,125,116,50,119,42]","[52,12,44,59,23,47,15,51,26,118,58,4,92,109]",225679m 6p 244588s,11r567m 1788p 2s 257z,12245p 33s 123345z,24467m 334r566p 6s 13z,3,3,3,,0,,,,,,
20260410130016_0501_011,20260410130016_0501,20260410130016,特上卓,0,s6u,111,1z,tsumogiri,1775795549,3828.366,,0,,"[76,7,5,101,100,20,85,91,27,32,19,86,57,111]","[132,113,0,38,67,1,16,25,22,64,60,126,78]","[81,53,121,114,82,43,36,110,125,116,50,119,42]","[52,12,44,59,23,47,15,51,26,118,58,4,92]",225679m 6p 244588s 1z,11r567m 1788p 2s 257z,12245p 33s 123345z,24467m 334r566p 6s 3z,2,2,3,,0,1z,1097pt,9m,1097pt,2s,938pt
20260410130016_0501_012,20260410130016_0501,20260410130016,特上卓,1,優歩,113,2z,tedashi,1775795551,2253.985,,0,,"[76,7,5,101,100,20,85,91,27,32,19,86,57]","[132,113,0,38,67,1,16,25,22,64,60,126,78,72]","[81,53,121,114,82,43,36,110,125,116,50,119,42]","[52,12,44,59,23,47,15,51,26,118,58,4,92]",225679m 6p 244588s,11r567m 1788p 12s 257z,12245p 33s 123345z,24467m 334r566p 6s 3z,3,3,4,,0,,,,,,
20260410130016_0501_013,20260410130016_0501,20260410130016,特上卓,2,【TM】,110,1z,tedashi,1775795554,2641.082,,0,,"[76,7,5,101,100,20,85,91,27,32,19,86,57]","[132,0,38,67,1,16,25,22,64,60,126,78,72]","[81,53,121,114,82,43,36,110,125,116,50,119,42,74]","[52,12,44,59,23,47,15,51,26,118,58,4,92]",225679m 6p 244588s,11r567m 1788p 12s 57z,12245p 133s 123345z,24467m 334r566p 6s 3z,3,4,3,,0,,,,,,
20260410130016_0501_014,20260410130016_0501,20260410130016,特上卓,3,Tak1984,118,3z,tedashi,1775795555,1396.524,,3,1784.627,"[76,7,5,101,100,20,85,91,27,32,19,86,57]","[132,0,38,67,1,16,25,22,64,60,126,78,72]","[81,53,121,114,82,43,36,125,116,50,119,42,74]","[52,12,44,59,23,47,15,51,26,118,58,4,92,98]",225679m 6p 244588s,11r567m 1788p 12s 57z,12245p 133s 23345z,24467m 334r566p 67s 3z,2,2,3,,0,,,,,,
20260410130016_0501_015,20260410130016_0501,20260410130016,特上卓,0,s6u,32,9m,tedashi,1775795559,1681.756,,0,,"[76,7,5,101,100,20,85,91,27,32,19,86,57,61]","[132,0,38,67,1,16,25,22,64,60,126,78,72]","[81,53,121,114,82,43,36,125,116,50,119,42,74]","[52,12,44,59,23,47,15,51,26,58,4,92,98]",225679m 67p 244588s,11r567m 1788p 12s 57z,12245p 133s 23345z,24467m 334r566p 67s,2,2,3,,0,9m,1717pt,2s,1654pt,4s,1531pt
20260410130016_0501_016,20260410130016_0501,20260410130016,特上卓,1,優歩,38,1p,tedashi,1775795561,2452.467,,0,,"[76,7,5,101,100,20,85,91,27,19,86,57,61]","[132,0,38,67,1,16,25,22,64,60,126,78,72,93]","[81,53,121,114,82,43,36,125,116,50,119,42,74]","[52,12,44,59,23,47,15,51,26,58,4,92,98]",22567m 67p 244588s,11r567m 1788p 126s 57z,12245p 133s 23345z,24467m 334r566p 67s,3,3,4,,0,,,,,,
20260410130016_0501_017,20260410130016_0501,20260410130016,特上卓,2,【TM】,114,2z,tedashi,1775795564,3043.698,,0,,"[76,7,5,101,100,20,85,91,27,19,86,57,61]","[132,0,67,1,16,25,22,64,60,126,78,72,93]","[81,53,121,114,82,43,36,125,116,50,119,42,74,3]","[52,12,44,59,23,47,15,51,26,58,4,92,98]",22567m 67p 244588s,11r567m 788p 126s 57z,1m 12245p 133s 23345z,24467m 334r566p 67s,3,4,3,,0,,,,,,
20260410130016_0501_018,20260410130016_0501,20260410130016,特上卓,3,Tak1984,4,2m,tedashi,1775795567,2303.461,,6,206.407,"[76,7,5,101,100,20,85,91,27,19,86,57,61]","[132,0,67,1,16,25,22,64,60,126,78,72,93]","[81,53,121,82,43,36,125,116,50,119,42,74,3]","[52,12,44,59,23,47,15,51,26,58,4,92,98,83]",22567m 67p 244588s,11r567m 788p 126s 57z,1m 12245p 133s 3345z,24467m 334r566p 367s,2,2,3,,0,,,,,,
20260410130016_0501_019,20260410130016_0501,20260410130016,特上卓,0,s6u,34,9m,tsumogiri,1775795568,1293.405,,0,,"[76,7,5,101,100,20,85,91,27,19,86,57,61,34]","[132,0,67,1,16,25,22,64,60,126,78,72,93]","[81,53,121,82,43,36,125,116,50,119,42,74,3]","[52,12,44,59,23,47,15,51,26,58,92,98,83]",225679m 67p 244588s,11r567m 788p 126s 57z,1m 12245p 133s 3345z,4467m 334r566p 367s,2,2,3,,0,9m,1507pt,2s,1421pt,2m,1394pt
20260410130016_0501_020,20260410130016_0501,20260410130016,特上卓,1,優歩,126,5z,tedashi,1775795571,2451.212,,0,,"[76,7,5,101,100,20,85,91,27,19,86,57,61]","[132,0,67,1,16,25,22,64,60,126,78,72,93,45]","[81,53,121,82,43,36,125,116,50,119,42,74,3]","[52,12,44,59,23,47,15,51,26,58,92,98,83]",22567m 67p 244588s,11r567m 3788p 126s 57z,1m 12245p 133s 3345z,4467m 334r566p 367s,3,3,4,,0,,,,,,
20260410130016_0501_021,20260410130016_0501,20260410130016,特上卓,2,【TM】,3,1m,tedashi,1775795576,5080.456,,6,407.113,"[76,7,5,101,100,20,85,91,27,19,86,57,61]","[132,0,67,1,16,25,22,64,60,78,72,93,45]","[81,53,121,82,43,36,125,116,50,119,42,74,3,55]","[52,12,44,59,23,47,15,51,26,58,92,98,83]",22567m 67p 244588s,11r567m 3788p 126s 7z,1m 122455p 133s 3345z,4467m 334r566p 367s,2,3,2,,0,,,,,,
20260410130016_0501_022,20260410130016_0501,20260410130016,特上卓,3,Tak1984,69,9p,risekichu_hokan_tsumogiri,1775795578,1566.831,,0,,"[76,7,5,101,100,20,85,91,27,19,86,57,61]","[132,0,67,1,16,25,22,64,60,78,72,93,45]","[81,53,121,82,43,36,125,116,50,119,42,74,55]","[52,12,44,59,23,47,15,51,26,58,92,98,83,69]",22567m 67p 244588s,11r567m 3788p 126s 7z,122455p 133s 3345z,4467m 334r5669p 367s,2,2,3,,0,,,,,,
20260410130016_0501_023,20260410130016_0501,20260410130016,特上卓,0,s6u,135,7z,tsumogiri,1775795579,1519.054,,0,,"[76,7,5,101,100,20,85,91,27,19,86,57,61,135]","[132,0,67,1,16,25,22,64,60,78,72,93,45]","[81,53,121,82,43,36,125,116,50,119,42,74,55]","[52,12,44,59,23,47,15,51,26,58,92,98,83]",22567m 67p 244588s 7z,11r567m 3788p 126s 7z,122455p 133s 3345z,4467m 334r566p 367s,2,2,3,,0,7z,1390pt,2s,1302pt,2m,1276pt
20260410130016_0501_024,20260410130016_0501,20260410130016,特上卓,1,優歩,132,7z,tedashi,1775795581,1826.361,,0,,"[76,7,5,101,100,20,85,91,27,19,86,57,61]","[132,0,67,1,16,25,22,64,60,78,72,93,45,79]","[81,53,121,82,43,36,125,116,50,119,42,74,55]","[52,12,44,59,23,47,15,51,26,58,92,98,83]",22567m 67p 244588s,11r567m 3788p 1226s 7z,122455p 133s 3345z,4467m 334r566p 367s,3,3,3,,0,,,,,,
20260410130016_0501_025,20260410130016_0501,20260410130016,特上卓,2,【TM】,11,3m,risekichu_hokan_tsumogiri,1775795584,2858.311,,0,,"[76,7,5,101,100,20,85,91,27,19,86,57,61]","[0,67,1,16,25,22,64,60,78,72,93,45,79]","[81,53,121,82,43,36,125,116,50,119,42,74,55,11]","[52,12,44,59,23,47,15,51,26,58,92,98,83]",22567m 67p 244588s,11r567m 3788p 1226s,3m 122455p 133s 3345z,4467m 334r566p 367s,2,3,2,,0,,,,,,
20260410130016_0501_026,20260410130016_0501,20260410130016,特上卓,3,Tak1984,35,9m,risekichu_hokan_tsumogiri,1775795586,2277.925,,0,,"[76,7,5,101,100,20,85,91,27,19,86,57,61]","[0,67,1,16,25,22,64,60,78,72,93,45,79]","[81,53,121,82,43,36,125,116,50,119,42,74,55]","[52,12,44,59,23,47,15,51,26,58,92,98,83,35]",22567m 67p 244588s,11r567m 3788p 1226s,122455p 133s 3345z,44679m 334r566p 367s,2,2,3,,0,,,,,,
20260410130016_0501_027,20260410130016_0501,20260410130016,特上卓,0,s6u,133,7z,tsumogiri,1775795588,1454.622,,0,,"[76,7,5,101,100,20,85,91,27,19,86,57,61,133]","[0,67,1,16,25,22,64,60,78,72,93,45,79]","[81,53,121,82,43,36,125,116,50,119,42,74,55]","[52,12,44,59,23,47,15,51,26,58,92,98,83]",22567m 67p 244588s 7z,11r567m 3788p 1226s,122455p 133s 3345z,4467m 334r566p 367s,2,2,3,,0,7z,1253pt,2s,1163pt,2m,1141pt
20260410130016_0501_028,20260410130016_0501,20260410130016,特上卓,1,優歩,72,1s,tedashi,1775795594,6149.328,,0,,"[76,7,5,101,100,20,85,91,27,19,86,57,61]","[0,67,1,16,25,22,64,60,78,72,93,45,79,87]","[81,53,121,82,43,36,125,116,50,119,42,74,55]","[52,12,44,59,23,47,15,51,26,58,92,98,83]",22567m 67p 244588s,11r567m 3788p 12246s,122455p 133s 3345z,4467m 334r566p 367s,2,2,3,,0,,,,,,
20260410130016_0501_029,20260410130016_0501,20260410130016,特上卓,2,【TM】,134,7z,risekichu_hokan_tsumogiri,1775795598,3805.546,,0,,"[76,7,5,101,100,20,85,91,27,19,86,57,61]","[0,67,1,16,25,22,64,60,78,93,45,79,87]","[81,53,121,82,43,36,125,116,50,119,42,74,55,134]","[52,12,44,59,23,47,15,51,26,58,92,98,83]",22567m 67p 244588s,11r567m 3788p 2246s,122455p 133s 33457z,4467m 334r566p 367s,2,3,2,,0,,,,,,
20260410130016_0501_030,20260410130016_0501,20260410130016,特上卓,3,Tak1984,117,3z,risekichu_hokan_tsumogiri,1775795599,1524.973,,3,1465.15,"[76,7,5,101,100,20,85,91,27,19,86,57,61]","[0,67,1,16,25,22,64,60,78,93,45,79,87]","[81,53,121,82,43,36,125,116,50,119,42,74,55]","[52,12,44,59,23,47,15,51,26,58,92,98,83,117]",22567m 67p 244588s,11r567m 3788p 2246s,122455p 133s 3345z,4467m 334r566p 367s 3z,2,2,3,,0,,,,,,
20260410130016_0501_031,20260410130016_0501,20260410130016,特上卓,0,s6u,130,6z,tsumogiri,1775795604,3518.832,,0,,"[76,7,5,101,100,20,85,91,27,19,86,57,61,130]","[0,67,1,16,25,22,64,60,78,93,45,79,87]","[81,53,121,82,43,36,125,116,50,119,42,74,55]","[52,12,44,59,23,47,15,51,26,58,92,98,83]",22567m 67p 244588s 6z,11r567m 3788p 2246s,122455p 133s 3345z,4467m 334r566p 367s,2,2,3,,0,6z,1122pt,2s,1040pt,2m,1011pt
20260410130016_0501_032,20260410130016_0501,20260410130016,特上卓,1,優歩,79,2s,tedashi,1775795609,4820.687,,3,1410.753,"[76,7,5,101,100,20,85,91,27,19,86,57,61]","[0,67,1,16,25,22,64,60,78,93,45,79,87,24]","[81,53,121,82,43,36,125,116,50,119,42,74,55]","[52,12,44,59,23,47,15,51,26,58,92,98,83]",22567m 67p 244588s,11r5677m 3788p 2246s,122455p 133s 3345z,4467m 334r566p 367s,2,2,2,,0,,,,,,
20260410130016_0501_033,20260410130016_0501,20260410130016,特上卓,2,【TM】,74,1s,tedashi,1775795612,1789.46,,0,,"[76,7,5,101,100,20,85,91,27,19,86,57,61]","[0,67,1,16,25,22,64,60,78,93,45,87,24]","[81,53,121,82,43,36,125,116,50,119,42,74,55,94]","[52,12,44,59,23,47,15,51,26,58,92,98,83]",22567m 67p 244588s,11r5677m 3788p 246s,122455p 1336s 3345z,4467m 334r566p 367s,2,3,2,,0,,,,,,
20260410130016_0501_034,20260410130016_0501,20260410130016,特上卓,3,Tak1984,83,3s,tedashi,1775795615,2965.98,,3,1209.802,"[76,7,5,101,100,20,85,91,27,19,86,57,61]","[0,67,1,16,25,22,64,60,78,93,45,87,24]","[81,53,121,82,43,36,125,116,50,119,42,55,94]","[52,12,44,59,23,47,15,51,26,58,92,98,83,49]",22567m 67p 244588s,11r5677m 3788p 246s,122455p 336s 3345z,4467m 3344r566p 367s,2,2,2,,0,,,,,,
20260410130016_0501_035,20260410130016_0501,20260410130016,特上卓,0,s6u,104,9s,tsumogiri,1775795623,6751.681,,0,,"[76,7,5,101,100,20,85,91,27,19,86,57,61,104]","[0,67,1,16,25,22,64,60,78,93,45,87,24]","[81,53,121,82,43,36,125,116,50,119,42,55,94]","[52,12,44,59,23,47,15,51,26,58,92,98,49]",22567m 67p 2445889s,11r5677m 3788p 246s,122455p 336s 3345z,4467m 3344r566p 67s,2,2,3,,0,2s,889pt,9s,845pt,4s,836pt
20260410130016_0501_036,20260410130016_0501,20260410130016,特上卓,1,優歩,24,7m,tedashi,1775795631,8048.783,,0,,"[76,7,5,101,100,20,85,91,27,19,86,57,61]","[0,67,1,16,25,22,64,60,78,93,45,87,24,8]","[81,53,121,82,43,36,125,116,50,119,42,55,94]","[52,12,44,59,23,47,15,51,26,58,92,98,49]",22567m 67p 244588s,113r5677m 3788p 246s,122455p 336s 3345z,4467m 3344r566p 67s,3,3,3,,0,,,,,,
20260410130016_0501_037,20260410130016_0501,20260410130016,特上卓,2,【TM】,94,6s,tedashi,1775795635,3421.885,,0,,"[76,7,5,101,100,20,85,91,27,19,86,57,61]","[0,67,1,16,25,22,64,60,78,93,45,87,8]","[81,53,121,82,43,36,125,116,50,119,42,55,94,13]","[52,12,44,59,23,47,15,51,26,58,92,98,49]",22567m 67p 244588s,113r567m 3788p 246s,4m 122455p 336s 3345z,4467m 3344r566p 67s,2,3,2,,0,,,,,,
20260410130016_0501_038,20260410130016_0501,20260410130016,特上卓,3,Tak1984,124,5z,risekichu_hokan_tsumogiri,1775795636,1687.902,,0,,"[76,7,5,101,100,20,85,91,27,19,86,57,61]","[0,67,1,16,25,22,64,60,78,93,45,87,8]","[81,53,121,82,43,36,125,116,50,119,42,55,13]","[52,12,44,59,23,47,15,51,26,58,92,98,49,124]",22567m 67p 244588s,113r567m 3788p 246s,4m 122455p 33s 3345z,4467m 3344r566p 67s 5z,2,2,2,,0,,,,,,
20260410130016_0501_039,20260410130016_0501,20260410130016,特上卓,0,s6u,76,2s,tedashi,1775795639,2820.086,,0,,"[76,7,5,101,100,20,85,91,27,19,86,57,61,54]","[0,67,1,16,25,22,64,60,78,93,45,87,8]","[81,53,121,82,43,36,125,116,50,119,42,55,13]","[52,12,44,59,23,47,15,51,26,58,92,98,49]",22567m 567p 244588s,113r567m 3788p 246s,4m 122455p 33s 3345z,4467m 3344r566p 67s,1,1,3,,0,2s,992pt,4s,915pt,2m,909pt
20260410130016_0501_040,20260410130016_0501,20260410130016,特上卓,1,優歩,64,8p,tedashi,1775795647,7573.458,,0,,"[7,5,101,100,20,85,91,27,19,86,57,61,54]","[0,67,1,16,25,22,64,60,78,93,45,87,8,99]","[81,53,121,82,43,36,125,116,50,119,42,55,13]","[52,12,44,59,23,47,15,51,26,58,92,98,49]",22567m 567p 44588s,113r567m 3788p 2467s,4m 122455p 33s 3345z,4467m 3344r566p 67s,2,2,4,,1,,,,,,
20260410130016_0501_041,20260410130016_0501,20260410130016,特上卓,2,【TM】,73,1s,risekichu_hokan_tsumogiri,1775795649,2362.957,,0,,"[7,5,101,100,20,85,91,27,19,86,57,61,54]","[0,67,1,16,25,22,60,78,93,45,87,8,99]","[81,53,121,82,43,36,125,116,50,119,42,55,13,73]","[52,12,44,59,23,47,15,51,26,58,92,98,49]",22567m 567p 44588s,113r567m 378p 2467s,4m 122455p 133s 3345z,4467m 3344r566p 67s,2,3,2,,0,,,,,,
20260410130016_0501_042,20260410130016_0501,20260410130016,特上卓,3,Tak1984,108,1z,risekichu_hokan_tsumogiri,1775795651,1563.154,,0,,"[7,5,101,100,20,85,91,27,19,86,57,61,54]","[0,67,1,16,25,22,60,78,93,45,87,8,99]","[81,53,121,82,43,36,125,116,50,119,42,55,13]","[52,12,44,59,23,47,15,51,26,58,92,98,49,108]",22567m 567p 44588s,113r567m 378p 2467s,4m 122455p 33s 3345z,4467m 3344r566p 67s 1z,2,2,2,,0,,,,,,
20260410130016_0501_043,20260410130016_0501,20260410130016,特上卓,0,s6u,90,5s,tsumogiri,1775795659,8892.455,,3,1040.564,"[7,5,101,100,20,85,91,27,19,86,57,61,54,90]","[0,67,1,16,25,22,60,78,93,45,87,8,99]","[81,53,121,82,43,36,125,116,50,119,42,55,13]","[52,12,44,59,23,47,15,51,26,58,92,98,49]",22567m 567p 445588s,113r567m 378p 2467s,4m 122455p 33s 3345z,4467m 3344r566p 67s,1,1,2,,0,2m,1203pt,8s,1097pt,4s,882pt
20260410130016_0501_044,20260410130016_0501,20260410130016,特上卓,1,優歩,127,5z,risekichu_hokan_tsumogiri,1775795662,1807.157,,0,,"[7,5,101,100,20,85,91,27,19,86,57,61,54]","[0,67,1,16,25,22,60,78,93,45,87,8,99,127]","[81,53,121,82,43,36,125,116,50,119,42,55,13]","[52,12,44,59,23,47,15,51,26,58,92,98,49]",22567m 567p 44588s,113r567m 378p 2467s 5z,4m 122455p 33s 3345z,4467m 3344r566p 67s,2,2,5,,0,,,,,,
20260410130016_0501_045,20260410130016_0501,20260410130016,特上卓,2,【TM】,125,5z,tedashi,1775795664,2092.625,,0,,"[7,5,101,100,20,85,91,27,19,86,57,61,54]","[0,67,1,16,25,22,60,78,93,45,87,8,99]","[81,53,121,82,43,36,125,116,50,119,42,55,13,123]","[52,12,44,59,23,47,15,51,26,58,92,98,49]",22567m 567p 44588s,113r567m 378p 2467s,4m 122455p 33s 33445z,4467m 3344r566p 67s,1,3,1,,0,,,,,,
20260410130016_0501_046,20260410130016_0501,20260410130016,特上卓,3,Tak1984,68,9p,risekichu_hokan_tsumogiri,1775795666,1536.892,,0,,"[7,5,101,100,20,85,91,27,19,86,57,61,54]","[0,67,1,16,25,22,60,78,93,45,87,8,99]","[81,53,121,82,43,36,116,50,119,42,55,13,123]","[52,12,44,59,23,47,15,51,26,58,92,98,49,68]",22567m 567p 44588s,113r567m 378p 2467s,4m 122455p 33s 3344z,4467m 3344r5669p 67s,2,2,2,,0,,,,,,
20260410130016_0501_047,20260410130016_0501,20260410130016,特上卓,0,s6u,2,1m,tsumogiri,1775795668,1676.371,,6,514.16,"[7,5,101,100,20,85,91,27,19,86,57,61,54,2]","[0,67,1,16,25,22,60,78,93,45,87,8,99]","[81,53,121,82,43,36,116,50,119,42,55,13,123]","[52,12,44,59,23,47,15,51,26,58,92,98,49]",122567m 567p 44588s,113r567m 378p 2467s,4m 122455p 33s 3344z,4467m 3344r566p 67s,1,1,3,,0,4s,719pt,1m,684pt,2m,511pt
20260410130016_0501_048,20260410130016_0501,20260410130016,特上卓,1,優歩,65,8p,risekichu_hokan_tsumogiri,1775795671,3053.446,,0,,"[7,5,101,100,20,85,91,27,19,86,57,61,54]","[0,67,1,16,25,22,60,78,93,45,87,8,99,65]","[81,53,121,82,43,36,116,50,119,42,55,13,123]","[52,12,44,59,23,47,15,51,26,58,92,98,49]",22567m 567p 44588s,113r567m 3788p 2467s,4m 122455p 33s 3344z,4467m 3344r566p 67s,2,2,4,,1,,,,,,
20260410130016_0501_049,20260410130016_0501,20260410130016,特上卓,2,【TM】,66,8p,risekichu_hokan_tsumogiri,1775795674,2825.819,,0,,"[7,5,101,100,20,85,91,27,19,86,57,61,54]","[0,67,1,16,25,22,60,78,93,45,87,8,99]","[81,53,121,82,43,36,116,50,119,42,55,13,123,66]","[52,12,44,59,23,47,15,51,26,58,92,98,49]",22567m 567p 44588s,113r567m 378p 2467s,4m 1224558p 33s 3344z,4467m 3344r566p 67s,1,3,1,,0,,,,,,
20260410130016_0501_050,20260410130016_0501,20260410130016,特上卓,3,Tak1984,12,4m,tedashi,1775795683,9150.201,,6,206.599,"[7,5,101,100,20,85,91,27,19,86,57,61,54]","[0,67,1,16,25,22,60,78,93,45,87,8,99]","[81,53,121,82,43,36,116,50,119,42,55,13,123]","[52,12,44,59,23,47,15,51,26,58,92,98,49,9]",22567m 567p 44588s,113r567m 378p 2467s,4m 122455p 33s 3344z,34467m 3344r566p 67s,2,2,2,,1,,,,,,
20260410130016_0501_051,20260410130016_0501,20260410130016,特上卓,0,s6u,120,4z,tsumogiri,1775795686,2452.423,,3,2869.399,"[7,5,101,100,20,85,91,27,19,86,57,61,54,120]","[0,67,1,16,25,22,60,78,93,45,87,8,99]","[81,53,121,82,43,36,116,50,119,42,55,13,123]","[52,44,59,23,47,15,51,26,58,92,98,49,9]",22567m 567p 44588s 4z,113r567m 378p 2467s,4m 122455p 33s 3344z,3467m 3344r566p 67s,1,1,3,,0,4z,484pt,4s,436pt,5s,238pt
20260410130016_0501_052,20260410130016_0501,20260410130016,特上卓,1,優歩,8,3m,tedashi,1775795693,3982.775,,0,,"[7,5,101,100,20,85,91,27,19,86,57,61,54]","[0,67,1,16,25,22,60,78,93,45,87,8,99,40]","[81,53,121,82,43,36,116,50,119,42,55,13,123]","[52,44,59,23,47,15,51,26,58,92,98,49,9]",22567m 567p 44588s,113r567m 2378p 2467s,4m 122455p 33s 3344z,3467m 3344r566p 67s,2,2,5,,0,,,,,,
20260410130016_0501_053,20260410130016_0501,20260410130016,特上卓,2,【TM】,13,4m,tedashi,1775795696,3779.878,,0,,"[7,5,101,100,20,85,91,27,19,86,57,61,54]","[0,67,1,16,25,22,60,78,93,45,87,99,40]","[81,53,121,82,43,36,116,50,119,42,55,13,123,96]","[52,44,59,23,47,15,51,26,58,92,98,49,9]",22567m 567p 44588s,11r567m 2378p 2467s,4m 122455p 337s 3344z,3467m 3344r566p 67s,1,3,1,,0,,,,,,
20260410130016_0501_054,20260410130016_0501,20260410130016,特上卓,3,Tak1984,71,9p,risekichu_hokan_tsumogiri,1775795699,2978.408,,0,,"[7,5,101,100,20,85,91,27,19,86,57,61,54]","[0,67,1,16,25,22,60,78,93,45,87,99,40]","[81,53,121,82,43,36,116,50,119,42,55,123,96]","[52,44,59,23,47,15,51,26,58,92,98,49,9,71]",22567m 567p 44588s,11r567m 2378p 2467s,122455p 337s 3344z,3467m 3344r5669p 67s,2,2,3,,0,,,,,,
20260410130016_0501_055,20260410130016_0501,20260410130016,特上卓,0,s6u,37,1p,tsumogiri,1775795701,1460.981,,2,1829.449,"[7,5,101,100,20,85,91,27,19,86,57,61,54,37]","[0,67,1,16,25,22,60,78,93,45,87,99,40]","[81,53,121,82,43,36,116,50,119,42,55,123,96]","[52,44,59,23,47,15,51,26,58,92,98,49,9]",22567m 1567p 44588s,11r567m 2378p 2467s,122455p 337s 3344z,3467m 3344r566p 67s,1,1,3,,0,1p,294pt,4s,260pt,5s,132pt
20260410130016_0501_056,20260410130016_0501,20260410130016,特上卓,1,優歩,67,8p,tedashi,1775795704,1187.339,,0,,"[7,5,101,100,20,85,91,27,19,86,57,61,54]","[0,67,1,16,25,22,60,78,93,87,99]","[81,53,121,82,43,36,116,50,119,42,55,123,96]","[52,44,59,23,47,15,51,26,58,92,98,49,9]",22567m 567p 44588s,11r567m 78p 2467s,122455p 337s 3344z,3467m 3344r566p 67s,1,1,,,0,,,,,,
20260410130016_0501_057,20260410130016_0501,20260410130016,特上卓,2,【TM】,10,3m,risekichu_hokan_tsumogiri,1775795707,3139.388,,0,,"[7,5,101,100,20,85,91,27,19,86,57,61,54]","[0,1,16,25,22,60,78,93,87,99]","[81,53,121,82,43,36,116,50,119,42,55,123,96,10]","[52,44,59,23,47,15,51,26,58,92,98,49,9]",22567m 567p 44588s,11r567m 7p 2467s,3m 122455p 337s 3344z,3467m 3344r566p 67s,1,3,1,,0,,,,,,
20260410130016_0501_058,20260410130016_0501,20260410130016,特上卓,3,Tak1984,15,4m,tedashi,1775795710,3033.372,,6,209.268,"[7,5,101,100,20,85,91,27,19,86,57,61,54]","[0,1,16,25,22,60,78,93,87,99]","[81,53,121,82,43,36,116,50,119,42,55,123,96]","[52,44,59,23,47,15,51,26,58,92,98,49,9,84]",22567m 567p 44588s,11r567m 7p 2467s,122455p 337s 3344z,3467m 3344r566p 467s,2,2,3,,0,,,,,,
20260410130016_0501_059,20260410130016_0501,20260410130016,特上卓,0,s6u,86,4s,tedashi,1775795717,6990.577,,0,,"[7,5,101,100,20,85,91,27,19,86,57,61,54,88]","[0,1,16,25,22,60,78,93,87,99]","[81,53,121,82,43,36,116,50,119,42,55,123,96]","[52,44,59,23,47,51,26,58,92,98,49,9,84]",22567m 567p 44r5588s,11r567m 7p 2467s,122455p 337s 3344z,367m 3344r566p 467s,1,1,2,,0,2m,245pt,8s,215pt,5s,178pt
20260410130016_0501_060,20260410130016_0501,20260410130016,特上卓,1,優歩,87,4s,tedashi,1775795722,4502.595,,0,,"[7,5,101,100,20,85,91,27,19,57,61,54,88]","[0,1,16,25,22,60,78,93,87,99,56]","[81,53,121,82,43,36,116,50,119,42,55,123,96]","[52,44,59,23,47,51,26,58,92,98,49,9,84]",22567m 567p 4r5588s,11r567m 67p 2467s,122455p 337s 3344z,367m 3344r566p 467s,1,1,,,0,,,,,,
20260410130016_0501_061,20260410130016_0501,20260410130016,特上卓,2,【TM】,36,1p,tedashi,1775795724,2225.384,,0,,"[7,5,101,100,20,85,91,27,19,57,61,54,88]","[0,1,16,25,22,60,78,93,99,56]","[81,53,121,82,43,36,116,50,119,42,55,123,96,107]","[52,44,59,23,47,51,26,58,92,98,49,9,84]",22567m 567p 4r5588s,11r567m 67p 267s,122455p 3379s 3344z,367m 3344r566p 467s,1,3,1,,0,,,,,,
20260410130016_0501_062,20260410130016_0501,20260410130016,特上卓,3,Tak1984,84,4s,tedashi,1775795726,1825.158,,0,,"[7,5,101,100,20,85,91,27,19,57,61,54,88]","[0,1,16,25,22,60,78,93,99,56]","[81,53,121,82,43,116,50,119,42,55,123,96,107]","[52,44,59,23,47,51,26,58,92,98,49,9,84,29]",22567m 567p 4r5588s,11r567m 67p 267s,22455p 3379s 3344z,3678m 3344r566p 467s,1,1,3,,0,,,,,,
20260410130016_0501_063,20260410130016_0501,20260410130016,特上卓,0,s6u,85,4s,tedashi,1775795729,825.579,2054.228,0,,"[7,5,101,100,20,85,91,27,19,57,61,54,88,102]","[0,1,16,25,22,60,78,93,99,56]","[81,53,121,82,43,116,50,119,42,55,123,96,107]","[52,44,59,23,47,51,26,58,92,98,49,9,29]",22567m 567p 4r55888s,11r567m 67p 267s,22455p 3379s 3344z,3678m 3344r566p 67s,0,0,3,2m 5s,0,5s,1289pt,r5s,945pt,4s,433pt
20260410130016_0501_064,20260410130016_0501,20260410130016,特上卓,1,優歩,0,1m,tedashi,1775795732,3281.561,,0,,"[7,5,101,100,20,91,27,19,57,61,54,88,102]","[0,1,16,25,22,60,78,93,99,56,18]","[81,53,121,82,43,116,50,119,42,55,123,96,107]","[52,44,59,23,47,51,26,58,92,98,49,9,29]",22567m 567p r55888s,11r5567m 67p 267s,22455p 3379s 3344z,3678m 3344r566p 67s,1,1,,,0,,,,,,
20260410130016_0501_065,20260410130016_0501,20260410130016,特上卓,2,【TM】,107,9s,tedashi,1775795734,1788.085,,0,,"[7,5,101,100,20,91,27,19,57,61,54,88,102]","[1,16,25,22,60,78,93,99,56,18]","[81,53,121,82,43,116,50,119,42,55,123,96,107,80]","[52,44,59,23,47,51,26,58,92,98,49,9,29]",22567m 567p r55888s,1r5567m 67p 267s,22455p 33379s 3344z,3678m 3344r566p 67s,1,2,1,,0,,,,,,
20260410130016_0501_066,20260410130016_0501,20260410130016,特上卓,3,Tak1984,9,3m,tedashi,1775795742,8453.749,,0,,"[7,5,101,100,20,91,27,19,57,61,54,88,102]","[1,16,25,22,60,78,93,99,56,18]","[81,53,121,82,43,116,50,119,42,55,123,96,80]","[52,44,59,23,47,51,26,58,92,98,49,9,29,89]",22567m 567p r55888s,1r5567m 67p 267s,22455p 3337s 3344z,3678m 3344r566p 567s,0,0,3,25p,0,,,,,,
20260410130016_0501_067,20260410130016_0501,20260410130016,特上卓,0,s6u,21,6m,tsumogiri,1775795743,688.33,,3,8494.268,"[7,5,101,100,20,91,27,19,57,61,54,88,102,21]","[1,16,25,22,60,78,93,99,56,18]","[81,53,121,82,43,116,50,119,42,55,123,96,80]","[52,44,59,23,47,51,26,58,92,98,49,29,89]",225667m 567p r55888s,1r5567m 67p 267s,22455p 3337s 3344z,678m 3344r566p 567s,0,0,2,2m 5s,0,6m,0pt,,,,
20260410130016_0501_068,20260410130016_0501,20260410130016,特上卓,1,優歩,1,1m,tedashi,1775795753,1759.811,,0,,"[7,5,101,100,20,91,27,19,57,61,54,88,102]","[1,16,25,22,60,78,93,99,56,18,30]","[81,53,121,82,43,116,50,119,42,55,123,96,80]","[52,44,59,23,47,51,26,58,92,98,49,29,89]",22567m 567p r55888s,1r55678m 67p 267s,22455p 3337s 3344z,678m 3344r566p 567s,1,1,,,0,,,,,,
20260410130016_0501_069,20260410130016_0501,20260410130016,特上卓,2,【TM】,82,3s,tedashi,1775795755,1930.149,,0,,"[7,5,101,100,20,91,27,19,57,61,54,88,102]","[16,25,22,60,78,93,99,56,18,30]","[81,53,121,82,43,116,50,119,42,55,123,96,80,39]","[52,44,59,23,47,51,26,58,92,98,49,29,89]",22567m 567p r55888s,r55678m 67p 267s,122455p 3337s 3344z,678m 3344r566p 567s,1,2,1,,0,,,,,,
20260410130016_0501_070,20260410130016_0501,20260410130016,特上卓,3,Tak1984,28,8m,risekichu_hokan_tsumogiri,1775795765,10280.74,,0,,"[7,5,101,100,20,91,27,19,57,61,54,88,102]","[16,25,22,60,78,93,99,56,18,30]","[81,53,121,43,116,50,119,42,55,123,96,80,39]","[52,44,59,23,47,51,26,58,92,98,49,29,89,28]",22567m 567p r55888s,r55678m 67p 267s,122455p 337s 3344z,6788m 3344r566p 567s,0,0,2,25p,0,,,,,,
20260410130016_0602_000,20260410130016_0602,20260410130016,特上卓,2,【TM】,3,1m,tedashi,1775795780,,,0,,"[63,8,111,77,39,44,33,117,21,65,46,53,34]","[106,30,58,112,10,98,1,81,97,135,60,48,13]","[42,3,130,50,102,87,129,104,66,38,78,56,12,75]","[16,14,134,62,105,119,84,6,72,7,121,5,59]",3699m 133578p 2s 13z,1348m 467p 3779s 27z,14m 12468p 12489s 66z,2224r5m 67p 149s 347z,3,3,5,,0,,,,,,
20260410130016_0602_001,20260410130016_0602,20260410130016,特上卓,3,Tak1984,119,3z,tedashi,1775795781,1786.201,,0,,"[63,8,111,77,39,44,33,117,21,65,46,53,34]","[106,30,58,112,10,98,1,81,97,135,60,48,13]","[42,130,50,102,87,129,104,66,38,78,56,12,75]","[16,14,134,62,105,119,84,6,72,7,121,5,59,37]",3699m 133578p 2s 13z,1348m 467p 3779s 27z,4m 12468p 12489s 66z,2224r5m 167p 149s 347z,4,4,5,,0,,,,,,
20260410130016_0602_002,20260410130016_0602,20260410130016,特上卓,0,s6u,111,1z,tedashi,1775795783,1339.309,,0,,"[63,8,111,77,39,44,33,117,21,65,46,53,34,131]","[106,30,58,112,10,98,1,81,97,135,60,48,13]","[42,130,50,102,87,129,104,66,38,78,56,12,75]","[16,14,134,62,105,84,6,72,7,121,5,59,37]",3699m 133578p 2s 136z,1348m 467p 3779s 27z,4m 12468p 12489s 66z,2224r5m 167p 149s 47z,4,4,4,,0,,,,,,
20260410130016_0602_003,20260410130016_0602,20260410130016,特上卓,1,優歩,135,7z,tedashi,1775795786,3047.084,,0,,"[63,8,77,39,44,33,117,21,65,46,53,34,131]","[106,30,58,112,10,98,1,81,97,135,60,48,13,23]","[42,130,50,102,87,129,104,66,38,78,56,12,75]","[16,14,134,62,105,84,6,72,7,121,5,59,37]",3699m 133578p 2s 36z,13468m 467p 3779s 27z,4m 12468p 12489s 66z,2224r5m 167p 149s 47z,4,4,5,,0,,,,,,
20260410130016_0602_004,20260410130016_0602,20260410130016,特上卓,2,【TM】,75,1s,tedashi,1775795788,1870.811,,0,,"[63,8,77,39,44,33,117,21,65,46,53,34,131]","[106,30,58,112,10,98,1,81,97,60,48,13,23]","[42,130,50,102,87,129,104,66,38,78,56,12,75,133]","[16,14,134,62,105,84,6,72,7,121,5,59,37]",3699m 133578p 2s 36z,13468m 467p 3779s 2z,4m 12468p 12489s 667z,2224r5m 167p 149s 47z,3,3,5,,0,,,,,,
20260410130016_0602_005,20260410130016_0602,20260410130016,特上卓,3,Tak1984,121,4z,tedashi,1775795789,1192.298,,0,,"[63,8,77,39,44,33,117,21,65,46,53,34,131]","[106,30,58,112,10,98,1,81,97,60,48,13,23]","[42,130,50,102,87,129,104,66,38,78,56,12,133]","[16,14,134,62,105,84,6,72,7,121,5,59,37,73]",3699m 133578p 2s 36z,13468m 467p 3779s 2z,4m 12468p 2489s 667z,2224r5m 167p 1149s 47z,3,3,4,,0,,,,,,
20260410130016_0602_006,20260410130016_0602,20260410130016,特上卓,0,s6u,131,6z,tedashi,1775795790,1514.047,,2,1186.783,"[63,8,77,39,44,33,117,21,65,46,53,34,131,83]","[106,30,58,112,10,98,1,81,97,60,48,13,23]","[42,130,50,102,87,129,104,66,38,78,56,12,133]","[16,14,134,62,105,84,6,72,7,5,59,37,73]",3699m 133578p 23s 36z,13468m 467p 3779s 2z,4m 12468p 2489s 667z,2224r5m 167p 1149s 7z,3,3,4,,0,,,,,,
20260410130016_0602_007,20260410130016_0602,20260410130016,特上卓,2,【TM】,38,1p,tedashi,1775795792,1025.949,,0,,"[63,8,77,39,44,33,117,21,65,46,53,34,83]","[106,30,58,112,10,98,1,81,97,60,48,13,23]","[42,50,102,87,104,66,38,78,56,12,133]","[16,14,134,62,105,84,6,72,7,5,59,37,73]",3699m 133578p 23s 3z,13468m 467p 3779s 2z,4m 12468p 2489s 7z,2224r5m 167p 1149s 7z,3,3,,,0,,,,,,
20260410130016_0602_008,20260410130016_0602,20260410130016,特上卓,3,Tak1984,134,7z,tedashi,1775795794,1442.149,,0,,"[63,8,77,39,44,33,117,21,65,46,53,34,83]","[106,30,58,112,10,98,1,81,97,60,48,13,23]","[42,50,102,87,104,66,78,56,12,133]","[16,14,134,62,105,84,6,72,7,5,59,37,73,52]",3699m 133578p 23s 3z,13468m 467p 3779s 2z,4m 2468p 2489s 7z,2224r5m 1r567p 1149s 7z,2,2,4,,0,,,,,,
20260410130016_0602_009,20260410130016_0602,20260410130016,特上卓,0,s6u,117,3z,tedashi,1775795795,1249.803,,0,,"[63,8,77,39,44,33,117,21,65,46,53,34,83,93]","[106,30,58,112,10,98,1,81,97,60,48,13,23]","[42,50,102,87,104,66,78,56,12,133]","[16,14,62,105,84,6,72,7,5,59,37,73,52]",3699m 133578p 236s 3z,13468m 467p 3779s 2z,4m 2468p 2489s 7z,2224r5m 1r567p 1149s,3,3,4,,0,,,,,,
20260410130016_0602_010,20260410130016_0602,20260410130016,特上卓,1,優歩,112,2z,tedashi,1775795797,1667.501,,0,,"[63,8,77,39,44,33,21,65,46,53,34,83,93]","[106,30,58,112,10,98,1,81,97,60,48,13,23,31]","[42,50,102,87,104,66,78,56,12,133]","[16,14,62,105,84,6,72,7,5,59,37,73,52]",3699m 133578p 236s,134688m 467p 3779s 2z,4m 2468p 2489s 7z,2224r5m 1r567p 1149s,3,3,4,,0,,,,,,
20260410130016_0602_011,20260410130016_0602,20260410130016,特上卓,2,【TM】,133,7z,tedashi,1775795798,1556.944,,0,,"[63,8,77,39,44,33,21,65,46,53,34,83,93]","[106,30,58,10,98,1,81,97,60,48,13,23,31]","[42,50,102,87,104,66,78,56,12,133,20]","[16,14,62,105,84,6,72,7,5,59,37,73,52]",3699m 133578p 236s,134688m 467p 3779s,46m 2468p 2489s 7z,2224r5m 1r567p 1149s,3,3,,,0,,,,,,
20260410130016_0602_012,20260410130016_0602,20260410130016,特上卓,3,Tak1984,37,1p,tedashi,1775795800,1642.911,,0,,"[63,8,77,39,44,33,21,65,46,53,34,83,93]","[106,30,58,10,98,1,81,97,60,48,13,23,31]","[42,50,102,87,104,66,78,56,12,20]","[16,14,62,105,84,6,72,7,5,59,37,73,52,25]",3699m 133578p 236s,134688m 467p 3779s,46m 2468p 2489s,2224r57m 1r567p 1149s,2,2,4,,0,,,,,,
20260410130016_0602_013,20260410130016_0602,20260410130016,特上卓,0,s6u,39,1p,tedashi,1775795802,1644.445,,0,,"[63,8,77,39,44,33,21,65,46,53,34,83,93,76]","[106,30,58,10,98,1,81,97,60,48,13,23,31]","[42,50,102,87,104,66,78,56,12,20]","[16,14,62,105,84,6,72,7,5,59,73,52,25]",3699m 133578p 2236s,134688m 467p 3779s,46m 2468p 2489s,2224r57m r567p 1149s,3,3,3,,0,,,,,,
20260410130016_0602_014,20260410130016_0602,20260410130016,特上卓,1,優歩,120,4z,risekichu_hokan_tsumogiri,1775795804,1938.822,,0,,"[63,8,77,44,33,21,65,46,53,34,83,93,76]","[106,30,58,10,98,1,81,97,60,48,13,23,31,120]","[42,50,102,87,104,66,78,56,12,20]","[16,14,62,105,84,6,72,7,5,59,73,52,25]",3699m 33578p 2236s,134688m 467p 3779s 4z,46m 2468p 2489s,2224r57m r567p 1149s,3,3,4,,0,,,,,,
20260410130016_0602_015,20260410130016_0602,20260410130016,特上卓,2,【TM】,104,9s,tedashi,1775795805,1603.349,,0,,"[63,8,77,44,33,21,65,46,53,34,83,93,76]","[106,30,58,10,98,1,81,97,60,48,13,23,31]","[42,50,102,87,104,66,78,56,12,20,80]","[16,14,62,105,84,6,72,7,5,59,73,52,25]",3699m 33578p 2236s,134688m 467p 3779s,46m 2468p 23489s,2224r57m r567p 1149s,2,2,,,0,,,,,,
20260410130016_0602_016,20260410130016_0602,20260410130016,特上卓,3,Tak1984,105,9s,tedashi,1775795807,1597.713,,0,,"[63,8,77,44,33,21,65,46,53,34,83,93,76]","[106,30,58,10,98,1,81,97,60,48,13,23,31]","[42,50,102,87,66,78,56,12,20,80]","[16,14,62,105,84,6,72,7,5,59,73,52,25,74]",3699m 33578p 2236s,134688m 467p 3779s,46m 2468p 2348s,2224r57m r567p 11149s,1,1,4,,0,,,,,,
20260410130016_0602_017,20260410130016_0602,20260410130016,特上卓,0,s6u,8,3m,tedashi,1775795813,5895.821,,0,,"[63,8,77,44,33,21,65,46,53,34,83,93,76,27]","[106,30,58,10,98,1,81,97,60,48,13,23,31]","[42,50,102,87,66,78,56,12,20,80]","[16,14,62,84,6,72,7,5,59,73,52,25,74]",36799m 33578p 2236s,134688m 467p 3779s,46m 2468p 2348s,2224r57m r567p 1114s,3,3,3,,0,3m,1266pt,9m,1208pt,5p,1150pt
20260410130016_0602_018,20260410130016_0602,20260410130016,特上卓,1,優歩,106,9s,tedashi,1775795815,2087.224,,0,,"[63,77,44,33,21,65,46,53,34,83,93,76,27]","[106,30,58,10,98,1,81,97,60,48,13,23,31,96]","[42,50,102,87,66,78,56,12,20,80]","[16,14,62,84,6,72,7,5,59,73,52,25,74]",6799m 33578p 2236s,134688m 467p 37779s,46m 2468p 2348s,2224r57m r567p 1114s,2,2,4,,0,,,,,,
20260410130016_0602_019,20260410130016_0602,20260410130016,特上卓,2,【TM】,122,4z,risekichu_hokan_tsumogiri,1775795817,1800.28,,0,,"[63,77,44,33,21,65,46,53,34,83,93,76,27]","[30,58,10,98,1,81,97,60,48,13,23,31,96]","[42,50,102,87,66,78,56,12,20,80,122]","[16,14,62,84,6,72,7,5,59,73,52,25,74]",6799m 33578p 2236s,134688m 467p 3777s,46m 2468p 2348s 4z,2224r57m r567p 1114s,2,2,,,0,,,,,,
20260410130016_0602_020,20260410130016_0602,20260410130016,特上卓,3,Tak1984,84,4s,tedashi,1775795822,5452.66,,6,204.775,"[63,77,44,33,21,65,46,53,34,83,93,76,27]","[30,58,10,98,1,81,97,60,48,13,23,31,96]","[42,50,102,87,66,78,56,12,20,80]","[16,14,62,84,6,72,7,5,59,73,52,25,74,9]",6799m 33578p 2236s,134688m 467p 3777s,46m 2468p 2348s,22234r57m r567p 1114s,0,0,4,67m,0,,,,,,
20260410130016_0602_021,20260410130016_0602,20260410130016,特上卓,0,s6u,53,5p,tedashi,1775795828,6018.268,,3,774.43,"[63,77,44,33,21,65,46,53,34,83,93,76,27,82]","[30,58,10,98,1,81,97,60,48,13,23,31,96]","[42,50,102,87,66,78,56,12,20,80]","[16,14,62,6,72,7,5,59,73,52,25,74,9]",6799m 33578p 22336s,134688m 467p 3777s,46m 2468p 2348s,22234r57m r567p 111s,2,3,2,,0,5p,1066pt,8p,1061pt,6m,1051pt
20260410130016_0602_022,20260410130016_0602,20260410130016,特上卓,1,優歩,69,9p,risekichu_hokan_tsumogiri,1775795831,1879.526,,0,,"[63,77,44,33,21,65,46,34,83,93,76,27,82]","[30,58,10,98,1,81,97,60,48,13,23,31,96,69]","[42,50,102,87,66,78,56,12,20,80]","[16,14,62,6,72,7,5,59,73,52,25,74,9]",6799m 3378p 22336s,134688m 4679p 3777s,46m 2468p 2348s,22234r57m r567p 111s,2,2,4,,0,,,,,,
20260410130016_0602_023,20260410130016_0602,20260410130016,特上卓,2,【TM】,66,8p,tedashi,1775795833,2463.606,,6,307.582,"[63,77,44,33,21,65,46,34,83,93,76,27,82]","[30,58,10,98,1,81,97,60,48,13,23,31,96]","[42,50,102,87,66,78,56,12,20,80,95]","[16,14,62,6,72,7,5,59,73,52,25,74,9]",6799m 3378p 22336s,134688m 467p 3777s,46m 2468p 23468s,22234r57m r567p 111s,2,2,,,0,,,,,,
20260410130016_0602_024,20260410130016_0602,20260410130016,特上卓,3,Tak1984,101,8s,risekichu_hokan_tsumogiri,1775795835,1752.775,,0,,"[63,77,44,33,21,65,46,34,83,93,76,27,82]","[30,58,10,98,1,81,97,60,48,13,23,31,96]","[42,50,102,87,78,56,12,20,80,95]","[16,14,62,6,72,7,5,59,73,52,25,74,9,101]",6799m 3378p 22336s,134688m 467p 3777s,46m 246p 23468s,22234r57m r567p 1118s,0,0,4,67m,0,,,,,,
20260410130016_0602_025,20260410130016_0602,20260410130016,特上卓,0,s6u,63,7p,tedashi,1775795839,3696.934,,0,,"[63,77,44,33,21,65,46,34,83,93,76,27,82,67]","[30,58,10,98,1,81,97,60,48,13,23,31,96]","[42,50,102,87,78,56,12,20,80,95]","[16,14,62,6,72,7,5,59,73,52,25,74,9]",6799m 33788p 22336s,134688m 467p 3777s,46m 246p 23468s,22234r57m r567p 111s,1,3,1,,0,7p,1875pt,6m,1873pt,7m,1873pt
20260410130016_0602_026,20260410130016_0602,20260410130016,特上卓,1,優歩,123,4z,risekichu_hokan_tsumogiri,1775795841,1964.903,,0,,"[77,44,33,21,65,46,34,83,93,76,27,82,67]","[30,58,10,98,1,81,97,60,48,13,23,31,96,123]","[42,50,102,87,78,56,12,20,80,95]","[16,14,62,6,72,7,5,59,73,52,25,74,9]",6799m 3388p 22336s,134688m 467p 3777s 4z,46m 246p 23468s,22234r57m r567p 111s,2,2,4,,0,,,,,,
20260410130016_0602_027,20260410130016_0602,20260410130016,特上卓,2,【TM】,56,6p,tedashi,1775795845,3784.494,,6,269.08,"[77,44,33,21,65,46,34,83,93,76,27,82,67]","[30,58,10,98,1,81,97,60,48,13,23,31,96]","[42,50,102,87,78,56,12,20,80,95,43]","[16,14,62,6,72,7,5,59,73,52,25,74,9]",6799m 3388p 22336s,134688m 467p 3777s,46m 2246p 23468s,22234r57m r567p 111s,1,1,,,0,,,,,,
20260410130016_0602_028,20260410130016_0602,20260410130016,特上卓,3,Tak1984,5,2m,tedashi,1775795862,8935.191,7722.829,0,,"[77,44,33,21,65,46,34,83,93,76,27,82,67]","[30,58,10,98,1,81,97,60,48,13,23,31,96]","[42,50,102,87,78,12,20,80,95,43]","[16,14,62,6,72,7,5,59,73,52,25,74,9,28]",6799m 3388p 22336s,134688m 467p 3777s,46m 224p 23468s,22234r578m r567p 111s,0,0,4,69m,0,,,,,,
20260410130016_0602_029,20260410130016_0602,20260410130016,特上卓,0,s6u,107,9s,tsumogiri,1775795864,2203.668,,5,2339.778,"[77,44,33,21,65,46,34,83,93,76,27,82,67,107]","[30,58,10,98,1,81,97,60,48,13,23,31,96]","[42,50,102,87,78,12,20,80,95,43]","[16,14,62,6,72,7,59,73,52,25,74,9,28]",6799m 3388p 223369s,134688m 467p 3777s,46m 224p 23468s,2234r578m r567p 111s,1,3,1,,0,9s,1759pt,6m,1606pt,7m,1606pt
20260410130016_0602_030,20260410130016_0602,20260410130016,特上卓,1,優歩,114,2z,risekichu_hokan_tsumogiri,1775795868,1556.591,,0,,"[77,44,33,21,65,46,34,83,93,76,27,82,67]","[30,58,10,98,1,81,97,60,48,13,23,31,96,114]","[42,50,102,87,78,12,20,80,95,43]","[16,14,62,6,72,7,59,73,52,25,74,9,28]",6799m 3388p 22336s,134688m 467p 3777s 2z,46m 224p 23468s,2234r578m r567p 111s,2,2,4,,0,,,,,,
20260410130016_0602_031,20260410130016_0602,20260410130016,特上卓,2,【TM】,35,9m,risekichu_hokan_tsumogiri,1775795870,2237.552,,0,,"[77,44,33,21,65,46,34,83,93,76,27,82,67]","[30,58,10,98,1,81,97,60,48,13,23,31,96]","[42,50,102,87,78,12,20,80,95,43,35]","[16,14,62,6,72,7,59,73,52,25,74,9,28]",6799m 3388p 22336s,134688m 467p 3777s,469m 224p 23468s,2234r578m r567p 111s,1,1,,,0,,,,,,
20260410130016_0700_000,20260410130016_0700,20260410130016,特上卓,3,Tak1984,113,2z,risekichu_hokan_tsumogiri,1775795887,,,0,,"[8,91,93,14,124,0,115,73,81,48,111,128,11]","[74,2,131,21,20,86,64,57,85,76,25,47,75]","[120,132,61,59,123,16,99,97,66,67,100,49,114]","[22,133,95,38,117,51,44,71,33,37,40,55,116,113]",1334m 4p 1356s 1256z,1667m 368p 11244s 6z,r5m 46788p 778s 2447z,69m 1123459p 6s 2337z,4,4,4,,0,,,,,,
20260410130016_0700_001,20260410130016_0700,20260410130016,特上卓,0,s6u,111,1z,tedashi,1775795900,12836.367,,0,,"[8,91,93,14,124,0,115,73,81,48,111,128,11,119]","[74,2,131,21,20,86,64,57,85,76,25,47,75]","[120,132,61,59,123,16,99,97,66,67,100,49,114]","[22,133,95,38,117,51,44,71,33,37,40,55,116]",1334m 4p 1356s 12356z,1667m 368p 11244s 6z,r5m 46788p 778s 2447z,69m 1123459p 6s 337z,4,4,5,,0,,,,,,
20260410130016_0700_002,20260410130016_0700,20260410130016,特上卓,1,優歩,70,9p,risekichu_hokan_tsumogiri,1775795903,2805.28,,3,1413.401,"[8,91,93,14,124,0,115,73,81,48,128,11,119]","[74,2,131,21,20,86,64,57,85,76,25,47,75,70]","[120,132,61,59,123,16,99,97,66,67,100,49,114]","[22,133,95,38,117,51,44,71,33,37,40,55,116]",1334m 4p 1356s 2356z,1667m 3689p 11244s 6z,r5m 46788p 778s 2447z,69m 1123459p 6s 337z,3,4,3,,0,,,,,,
20260410130016_0700_003,20260410130016_0700,20260410130016,特上卓,2,【TM】,114,2z,tedashi,1775795906,1248.676,,0,,"[8,91,93,14,124,0,115,73,81,48,128,11,119]","[74,2,131,21,20,86,64,57,85,76,25,47,75]","[120,132,61,59,123,16,99,97,66,67,100,49,114,125]","[22,133,95,38,117,51,44,71,33,37,40,55,116]",1334m 4p 1356s 2356z,1667m 368p 11244s 6z,r5m 46788p 778s 24457z,69m 1123459p 6s 337z,3,4,3,,0,,,,,,
20260410130016_0700_004,20260410130016_0700,20260410130016,特上卓,3,Tak1984,33,9m,tedashi,1775795907,1515.697,,0,,"[8,91,93,14,124,0,115,73,81,48,128,11,119]","[74,2,131,21,20,86,64,57,85,76,25,47,75]","[120,132,61,59,123,16,99,97,66,67,100,49,125]","[22,133,95,38,117,51,44,71,33,37,40,55,116,41]",1334m 4p 1356s 2356z,1667m 368p 11244s 6z,r5m 46788p 778s 4457z,69m 11223459p 6s 337z,3,3,3,,0,,,,,,
20260410130016_0700_005,20260410130016_0700,20260410130016,特上卓,0,s6u,121,4z,tsumogiri,1775795909,2186.048,,3,7149.337,"[8,91,93,14,124,0,115,73,81,48,128,11,119,121]","[74,2,131,21,20,86,64,57,85,76,25,47,75]","[120,132,61,59,123,16,99,97,66,67,100,49,125]","[22,133,95,38,117,51,44,71,37,40,55,116,41]",1334m 4p 1356s 23456z,1667m 368p 11244s 6z,r5m 46788p 778s 4457z,6m 11223459p 6s 337z,4,4,5,,0,,,,,,
20260410130016_0700_006,20260410130016_0700,20260410130016,特上卓,2,【TM】,100,8s,tedashi,1775795917,5726.668,,0,,"[8,91,93,14,124,0,115,73,81,48,128,11,119]","[74,2,131,21,20,86,64,57,85,76,25,47,75]","[120,132,61,59,16,99,97,66,67,100,49,125]","[22,133,95,38,117,51,44,71,37,40,55,116,41]",1334m 4p 1356s 2356z,1667m 368p 11244s 6z,r5m 46788p 778s 457z,6m 11223459p 6s 337z,,,,,,,,,,,
20260410130016_0700_007,20260410130016_0700,20260410130016,特上卓,3,Tak1984,22,6m,tedashi,1775795925,8664.607,,3,1923.105,"[8,91,93,14,124,0,115,73,81,48,128,11,119]","[74,2,131,21,20,86,64,57,85,76,25,47,75]","[120,132,61,59,16,99,97,66,67,49,125]","[22,133,95,38,117,51,44,71,37,40,55,116,41,56]",1334m 4p 1356s 2356z,1667m 368p 11244s 6z,r5m 46788p 77s 457z,6m 112234569p 6s 337z,2,2,3,,0,,,,,,
20260410130016_0700_008,20260410130016_0700,20260410130016,特上卓,0,s6u,119,3z,tedashi,1775795928,980.198,,6,280.936,"[8,91,93,14,124,0,115,73,81,48,128,11,119,84]","[74,2,131,21,20,86,64,57,85,76,25,47,75]","[120,132,61,59,16,99,97,66,67,49,125]","[133,95,38,117,51,44,71,37,40,55,116,41,56]",1334m 4p 13456s 2356z,1667m 368p 11244s 6z,r5m 46788p 77s 457z,112234569p 6s 337z,3,3,5,,0,,,,,,
20260410130016_0700_009,20260410130016_0700,20260410130016,特上卓,1,優歩,2,1m,tedashi,1775795930,1962.163,,0,,"[8,91,93,14,124,0,115,73,81,48,128,11,84]","[74,2,131,21,20,86,64,57,85,76,25,47,75,130]","[120,132,61,59,16,99,97,66,67,49,125]","[133,95,38,117,51,44,71,37,40,55,116,41,56]",1334m 4p 13456s 256z,1667m 368p 11244s 66z,r5m 46788p 77s 457z,112234569p 6s 337z,2,3,2,,0,,,,,,
20260410130016_0700_010,20260410130016_0700,20260410130016,特上卓,2,【TM】,87,4s,risekichu_hokan_tsumogiri,1775795932,2162.485,,3,658.265,"[8,91,93,14,124,0,115,73,81,48,128,11,84]","[74,131,21,20,86,64,57,85,76,25,47,75,130]","[120,132,61,59,16,99,97,66,67,49,125,87]","[133,95,38,117,51,44,71,37,40,55,116,41,56]",1334m 4p 13456s 256z,667m 368p 11244s 66z,r5m 46788p 477s 457z,112234569p 6s 337z,,,,,,,,,,,
20260410130016_0700_011,20260410130016_0700,20260410130016,特上卓,3,Tak1984,95,6s,tedashi,1775795945,12239.834,,6,197.983,"[8,91,93,14,124,0,115,73,81,48,128,11,84]","[74,131,21,20,86,64,57,85,76,25,47,75,130]","[120,132,61,59,16,99,97,66,67,49,125]","[133,95,38,117,51,44,71,37,40,55,116,41,56,29]",1334m 4p 13456s 256z,667m 368p 11244s 66z,r5m 46788p 77s 457z,8m 112234569p 6s 337z,2,2,3,,0,,,,,,
20260410130016_0700_012,20260410130016_0700,20260410130016,特上卓,0,s6u,115,2z,tedashi,1775795947,1115.17,,0,,"[8,91,93,14,124,0,115,73,81,48,128,11,84,53]","[74,131,21,20,86,64,57,85,76,25,47,75,130]","[120,132,61,59,16,99,97,66,67,49,125]","[133,38,117,51,44,71,37,40,55,116,41,56,29]",1334m 45p 13456s 256z,667m 368p 11244s 66z,r5m 46788p 77s 457z,8m 112234569p 337z,3,3,5,,0,,,,,,
20260410130016_0700_013,20260410130016_0700,20260410130016,特上卓,1,優歩,86,4s,tedashi,1775795950,2844.543,,0,,"[8,91,93,14,124,0,73,81,48,128,11,84,53]","[74,131,21,20,86,64,57,85,76,25,47,75,130,30]","[120,132,61,59,16,99,97,66,67,49,125]","[133,38,117,51,44,71,37,40,55,116,41,56,29]",1334m 45p 13456s 56z,6678m 368p 11244s 66z,r5m 46788p 77s 457z,8m 112234569p 337z,2,2,2,,0,,,,,,
20260410130016_0700_014,20260410130016_0700,20260410130016,特上卓,2,【TM】,72,1s,risekichu_hokan_tsumogiri,1775795951,1887.7,,3,1744.148,"[8,91,93,14,124,0,73,81,48,128,11,84,53]","[74,131,21,20,64,57,85,76,25,47,75,130,30]","[120,132,61,59,16,99,97,66,67,49,125,72]","[133,38,117,51,44,71,37,40,55,116,41,56,29]",1334m 45p 13456s 56z,6678m 368p 1124s 66z,r5m 46788p 177s 457z,8m 112234569p 337z,,,,,,,,,,,
20260410130016_0700_015,20260410130016_0700,20260410130016,特上卓,3,Tak1984,29,8m,tedashi,1775795955,2263.798,,0,,"[8,91,93,14,124,0,73,81,48,128,11,84,53]","[74,131,21,20,64,57,85,76,25,47,75,130,30]","[120,132,61,59,16,99,97,66,67,49,125]","[133,38,117,51,44,71,37,40,55,116,41,56,29,112]",1334m 45p 13456s 56z,6678m 368p 1124s 66z,r5m 46788p 77s 457z,8m 112234569p 2337z,2,2,3,,0,,,,,,
20260410130016_0700_016,20260410130016_0700,20260410130016,特上卓,0,s6u,124,5z,tedashi,1775795958,2806.648,,0,,"[8,91,93,14,124,0,73,81,48,128,11,84,53,10]","[74,131,21,20,64,57,85,76,25,47,75,130,30]","[120,132,61,59,16,99,97,66,67,49,125]","[133,38,117,51,44,71,37,40,55,116,41,56,112]",13334m 45p 13456s 56z,6678m 368p 1124s 66z,r5m 46788p 77s 457z,112234569p 2337z,2,2,5,,0,,,,,,
20260410130016_0700_017,20260410130016_0700,20260410130016,特上卓,1,優歩,47,3p,tedashi,1775795961,2985.478,,0,,"[8,91,93,14,0,73,81,48,128,11,84,53,10]","[74,131,21,20,64,57,85,76,25,47,75,130,30,92]","[120,132,61,59,16,99,97,66,67,49,125]","[133,38,117,51,44,71,37,40,55,116,41,56,112]",13334m 45p 13456s 6z,6678m 368p 11246s 66z,r5m 46788p 77s 457z,112234569p 2337z,2,2,3,,0,,,,,,
20260410130016_0700_018,20260410130016_0700,20260410130016,特上卓,2,【TM】,109,1z,risekichu_hokan_tsumogiri,1775795964,2712.328,,0,,"[8,91,93,14,0,73,81,48,128,11,84,53,10]","[74,131,21,20,64,57,85,76,25,75,130,30,92]","[120,132,61,59,16,99,97,66,67,49,125,109]","[133,38,117,51,44,71,37,40,55,116,41,56,112]",13334m 45p 13456s 6z,6678m 68p 11246s 66z,r5m 46788p 77s 1457z,112234569p 2337z,,,,,,,,,,,
20260410130016_0700_019,20260410130016_0700,20260410130016,特上卓,3,Tak1984,71,9p,tedashi,1775795971,6911.481,,0,,"[8,91,93,14,0,73,81,48,128,11,84,53,10]","[74,131,21,20,64,57,85,76,25,75,130,30,92]","[120,132,61,59,16,99,97,66,67,49,125]","[133,38,117,51,44,71,37,40,55,116,41,56,112,110]",13334m 45p 13456s 6z,6678m 68p 11246s 66z,r5m 46788p 77s 457z,112234569p 12337z,2,2,3,,0,,,,,,
20260410130016_0700_020,20260410130016_0700,20260410130016,特上卓,0,s6u,128,6z,tedashi,1775795975,4518.347,,3,3767.81,"[8,91,93,14,0,73,81,48,128,11,84,53,10,50]","[74,131,21,20,64,57,85,76,25,75,130,30,92]","[120,132,61,59,16,99,97,66,67,49,125]","[133,38,117,51,44,37,40,55,116,41,56,112,110]",13334m 445p 13456s 6z,6678m 68p 11246s 66z,r5m 46788p 77s 457z,11223456p 12337z,2,2,4,,0,,,,,,
20260410130016_0700_021,20260410130016_0700,20260410130016,特上卓,1,優歩,21,6m,tedashi,1775795979,1942.832,,0,,"[8,91,93,14,0,73,81,48,11,84,53,10,50]","[74,21,20,64,57,85,76,25,75,130,30,92]","[120,132,61,59,16,99,97,66,67,49,125]","[133,38,117,51,44,37,40,55,116,41,56,112,110]",13334m 445p 13456s,6678m 68p 11246s 6z,r5m 46788p 77s 457z,11223456p 12337z,,,,,,,,,,,
20260410130016_0700_022,20260410130016_0700,20260410130016,特上卓,2,【TM】,125,5z,tedashi,1775795982,2633.393,,0,,"[8,91,93,14,0,73,81,48,11,84,53,10,50]","[74,20,64,57,85,76,25,75,130,30,92]","[120,132,61,59,16,99,97,66,67,49,125,52]","[133,38,117,51,44,37,40,55,116,41,56,112,110]",13334m 445p 13456s,678m 68p 11246s 6z,r5m 4r56788p 77s 457z,11223456p 12337z,,,,,,,,,,,
20260410130016_0700_023,20260410130016_0700,20260410130016,特上卓,3,Tak1984,107,9s,risekichu_hokan_tsumogiri,1775795983,1635.825,,0,,"[8,91,93,14,0,73,81,48,11,84,53,10,50]","[74,20,64,57,85,76,25,75,130,30,92]","[120,132,61,59,16,99,97,66,67,49,52]","[133,38,117,51,44,37,40,55,116,41,56,112,110,107]",13334m 445p 13456s,678m 68p 11246s 6z,r5m 4r56788p 77s 47z,11223456p 9s 12337z,2,2,3,,0,,,,,,
20260410130016_0700_024,20260410130016_0700,20260410130016,特上卓,0,s6u,0,1m,tedashi,1775795986,2382.896,,0,,"[8,91,93,14,0,73,81,48,11,84,53,10,50,19]","[74,20,64,57,85,76,25,75,130,30,92]","[120,132,61,59,16,99,97,66,67,49,52]","[133,38,117,51,44,37,40,55,116,41,56,112,110]",133345m 445p 13456s,678m 68p 11246s 6z,r5m 4r56788p 77s 47z,11223456p 12337z,1,1,4,,0,,,,,,
20260410130016_0700_025,20260410130016_0700,20260410130016,特上卓,1,優歩,105,9s,risekichu_hokan_tsumogiri,1775795988,2104.437,,0,,"[8,91,93,14,73,81,48,11,84,53,10,50,19]","[74,20,64,57,85,76,25,75,130,30,92,105]","[120,132,61,59,16,99,97,66,67,49,52]","[133,38,117,51,44,37,40,55,116,41,56,112,110]",33345m 445p 13456s,678m 68p 112469s 6z,r5m 4r56788p 77s 47z,11223456p 12337z,,,,,,,,,,,
20260410130016_0700_026,20260410130016_0700,20260410130016,特上卓,2,【TM】,32,9m,risekichu_hokan_tsumogiri,1775795990,1977.238,,0,,"[8,91,93,14,73,81,48,11,84,53,10,50,19]","[74,20,64,57,85,76,25,75,130,30,92]","[120,132,61,59,16,99,97,66,67,49,52,32]","[133,38,117,51,44,37,40,55,116,41,56,112,110]",33345m 445p 13456s,678m 68p 11246s 6z,r59m 4r56788p 77s 47z,11223456p 12337z,,,,,,,,,,,
20260410130016_0700_027,20260410130016_0700,20260410130016,特上卓,3,Tak1984,17,5m,risekichu_hokan_tsumogiri,1775795992,2404.054,,3,1417.709,"[8,91,93,14,73,81,48,11,84,53,10,50,19]","[74,20,64,57,85,76,25,75,130,30,92]","[120,132,61,59,16,99,97,66,67,49,52]","[133,38,117,51,44,37,40,55,116,41,56,112,110,17]",33345m 445p 13456s,678m 68p 11246s 6z,r5m 4r56788p 77s 47z,5m 11223456p 12337z,2,2,3,,0,,,,,,
20260410130016_0700_028,20260410130016_0700,20260410130016,特上卓,0,s6u,27,7m,tsumogiri,1775796002,8120.096,,3,1879.97,"[8,91,93,14,73,81,48,11,84,53,10,50,19,27]","[74,20,64,57,85,76,25,75,130,30,92]","[120,132,61,59,16,99,97,66,67,49,52]","[133,38,117,51,44,37,40,55,116,41,56,112,110]",333457m 445p 13456s,678m 68p 11246s 6z,r5m 4r56788p 77s 47z,11223456p 12337z,1,1,4,,0,,,,,,
20260410130016_0700_029,20260410130016_0700,20260410130016,特上卓,1,優歩,68,9p,risekichu_hokan_tsumogiri,1775796006,2065.66,,2,2268.784,"[8,91,93,14,73,81,48,11,84,53,10,50,19]","[74,20,64,57,85,76,25,75,130,30,92,68]","[120,132,61,59,16,99,97,66,67,49,52]","[133,38,117,51,44,37,40,55,116,41,56,112,110]",33345m 445p 13456s,678m 689p 11246s 6z,r5m 4r56788p 77s 47z,11223456p 12337z,,,,,,,,,,,
20260410130016_0700_030,20260410130016_0700,20260410130016,特上卓,2,【TM】,132,7z,tedashi,1775796009,1124.812,,0,,"[8,91,93,14,73,81,48,11,84,53,10,50,19]","[74,20,64,57,85,76,25,75,130,30,92]","[120,132,59,16,99,97,67,49,52]","[133,38,117,51,44,37,40,55,116,41,56,112,110]",33345m 445p 13456s,678m 68p 11246s 6z,r5m 4r568p 77s 47z,11223456p 12337z,,,,,,,,,,,
20260410130016_0700_031,20260410130016_0700,20260410130016,特上卓,3,Tak1984,133,7z,tedashi,1775796011,1375.303,,0,,"[8,91,93,14,73,81,48,11,84,53,10,50,19]","[74,20,64,57,85,76,25,75,130,30,92]","[120,59,16,99,97,67,49,52]","[133,38,117,51,44,37,40,55,116,41,56,112,110,103]",33345m 445p 13456s,678m 68p 11246s 6z,r5m 4r568p 77s 4z,11223456p 8s 12337z,2,2,3,,0,,,,,,
20260410130016_0700_032,20260410130016_0700,20260410130016,特上卓,0,s6u,65,8p,tsumogiri,1775796012,1571.889,,0,,"[8,91,93,14,73,81,48,11,84,53,10,50,19,65]","[74,20,64,57,85,76,25,75,130,30,92]","[120,59,16,99,97,67,49,52]","[38,117,51,44,37,40,55,116,41,56,112,110,103]",33345m 4458p 13456s,678m 68p 11246s 6z,r5m 4r568p 77s 4z,11223456p 8s 1233z,1,1,4,,0,,,,,,
20260410130016_0700_033,20260410130016_0700,20260410130016,特上卓,1,優歩,85,4s,tedashi,1775796016,3416.4,,0,,"[8,91,93,14,73,81,48,11,84,53,10,50,19]","[74,20,64,57,85,76,25,75,130,30,92,96]","[120,59,16,99,97,67,49,52]","[38,117,51,44,37,40,55,116,41,56,112,110,103]",33345m 445p 13456s,678m 68p 112467s 6z,r5m 4r568p 77s 4z,11223456p 8s 1233z,,,,,,,,,,,
20260410130016_0700_034,20260410130016_0700,20260410130016,特上卓,2,【TM】,134,7z,risekichu_hokan_tsumogiri,1775796018,2257.581,,0,,"[8,91,93,14,73,81,48,11,84,53,10,50,19]","[74,20,64,57,76,25,75,130,30,92,96]","[120,59,16,99,97,67,49,52,134]","[38,117,51,44,37,40,55,116,41,56,112,110,103]",33345m 445p 13456s,678m 68p 11267s 6z,r5m 4r568p 77s 47z,11223456p 8s 1233z,,,,,,,,,,,
20260410130016_0700_035,20260410130016_0700,20260410130016,特上卓,3,Tak1984,103,8s,tedashi,1775796019,1520.329,,0,,"[8,91,93,14,73,81,48,11,84,53,10,50,19]","[74,20,64,57,76,25,75,130,30,92,96]","[120,59,16,99,97,67,49,52]","[38,117,51,44,37,40,55,116,41,56,112,110,103,54]",33345m 445p 13456s,678m 68p 11267s 6z,r5m 4r568p 77s 4z,112234556p 8s 1233z,2,2,2,,0,,,,,,
20260410130016_0700_036,20260410130016_0700,20260410130016,特上卓,0,s6u,127,5z,tsumogiri,1775796021,1351.521,,0,,"[8,91,93,14,73,81,48,11,84,53,10,50,19,127]","[74,20,64,57,76,25,75,130,30,92,96]","[120,59,16,99,97,67,49,52]","[38,117,51,44,37,40,55,116,41,56,112,110,54]",33345m 445p 13456s 5z,678m 68p 11267s 6z,r5m 4r568p 77s 4z,112234556p 1233z,1,1,4,,0,,,,,,
20260410130016_0700_037,20260410130016_0700,20260410130016,特上卓,1,優歩,76,2s,tedashi,1775796024,3267.323,,0,,"[8,91,93,14,73,81,48,11,84,53,10,50,19]","[74,20,64,57,76,25,75,130,30,92,96,39]","[120,59,16,99,97,67,49,52]","[38,117,51,44,37,40,55,116,41,56,112,110,54]",33345m 445p 13456s,678m 168p 11267s 6z,r5m 4r568p 77s 4z,112234556p 1233z,,,,,,,,,,,
20260410130016_0700_038,20260410130016_0700,20260410130016,特上卓,2,【TM】,126,5z,risekichu_hokan_tsumogiri,1775796026,1897.382,,0,,"[8,91,93,14,73,81,48,11,84,53,10,50,19]","[74,20,64,57,25,75,130,30,92,96,39]","[120,59,16,99,97,67,49,52,126]","[38,117,51,44,37,40,55,116,41,56,112,110,54]",33345m 445p 13456s,678m 168p 1167s 6z,r5m 4r568p 77s 45z,112234556p 1233z,,,,,,,,,,,
20260410130016_0700_039,20260410130016_0700,20260410130016,特上卓,3,Tak1984,110,1z,tedashi,1775796029,3316.691,,0,,"[8,91,93,14,73,81,48,11,84,53,10,50,19]","[74,20,64,57,25,75,130,30,92,96,39]","[120,59,16,99,97,67,49,52]","[38,117,51,44,37,40,55,116,41,56,112,110,54,46]",33345m 445p 13456s,678m 168p 1167s 6z,r5m 4r568p 77s 4z,1122334556p 1233z,1,1,1,,0,,,,,,
20260410130016_0700_040,20260410130016_0700,20260410130016,特上卓,0,s6u,36,1p,tsumogiri,1775796031,1479,,6,250.949,"[8,91,93,14,73,81,48,11,84,53,10,50,19,36]","[74,20,64,57,25,75,130,30,92,96,39]","[120,59,16,99,97,67,49,52]","[38,117,51,44,37,40,55,116,41,56,112,54,46]",33345m 1445p 13456s,678m 168p 1167s 6z,r5m 4r568p 77s 4z,1122334556p 233z,1,1,4,,0,,,,,,
20260410130016_0700_041,20260410130016_0700,20260410130016,特上卓,1,優歩,39,1p,tedashi,1775796035,3717.906,,6,266.206,"[8,91,93,14,73,81,48,11,84,53,10,50,19]","[74,20,64,57,25,75,130,30,92,96,39,45]","[120,59,16,99,97,67,49,52]","[38,117,51,44,37,40,55,116,41,56,112,54,46]",33345m 445p 13456s,678m 1368p 1167s 6z,r5m 4r568p 77s 4z,1122334556p 233z,,,,,,,,,,,
20260410130016_0700_042,20260410130016_0700,20260410130016,特上卓,2,【TM】,129,6z,risekichu_hokan_tsumogiri,1775796037,2503.038,,0,,"[8,91,93,14,73,81,48,11,84,53,10,50,19]","[74,20,64,57,25,75,130,30,92,96,45]","[120,59,16,99,97,67,49,52,129]","[38,117,51,44,37,40,55,116,41,56,112,54,46]",33345m 445p 13456s,678m 368p 1167s 6z,r5m 4r568p 77s 46z,1122334556p 233z,,,,,,,,,,,
20260410130016_0700_043,20260410130016_0700,20260410130016,特上卓,3,Tak1984,83,3s,risekichu_hokan_tsumogiri,1775796041,4033.614,,3,1121.991,"[8,91,93,14,73,81,48,11,84,53,10,50,19]","[74,20,64,57,25,75,130,30,92,96,45]","[120,59,16,99,97,67,49,52]","[38,117,51,44,37,40,55,116,41,56,112,54,46,83]",33345m 445p 13456s,678m 368p 1167s 6z,r5m 4r568p 77s 4z,1122334556p 3s 233z,1,1,1,,0,,,,,,
20260410130016_0700_044,20260410130016_0700,20260410130016,特上卓,0,s6u,73,1s,tedashi,1775796050,7922.269,,3,1921.084,"[8,91,93,14,73,81,48,11,84,53,10,50,19,43]","[74,20,64,57,25,75,130,30,92,96,45]","[120,59,16,99,97,67,49,52]","[38,117,51,44,37,40,55,116,41,56,112,54,46]",33345m 2445p 13456s,678m 368p 1167s 6z,r5m 4r568p 77s 4z,1122334556p 233z,1,1,4,,0,,,,,,
20260410130016_0700_045,20260410130016_0700,20260410130016,特上卓,1,優歩,80,3s,risekichu_hokan_tsumogiri,1775796054,1868.737,,0,,"[8,91,93,14,81,48,11,84,53,10,50,19,43]","[74,20,64,57,25,75,130,30,92,96,45,80]","[120,59,16,99,97,67,49,52]","[38,117,51,44,37,40,55,116,41,56,112,54,46]",33345m 2445p 3456s,678m 368p 11367s 6z,r5m 4r568p 77s 4z,1122334556p 233z,,,,,,,,,,,
20260410130016_0700_046,20260410130016_0700,20260410130016,特上卓,2,【TM】,78,2s,risekichu_hokan_tsumogiri,1775796056,1919.636,,0,,"[8,91,93,14,81,48,11,84,53,10,50,19,43]","[74,20,64,57,25,75,130,30,92,96,45]","[120,59,16,99,97,67,49,52,78]","[38,117,51,44,37,40,55,116,41,56,112,54,46]",33345m 2445p 3456s,678m 368p 1167s 6z,r5m 4r568p 277s 4z,1122334556p 233z,,,,,,,,,,,
20260410130016_0700_047,20260410130016_0700,20260410130016,特上卓,3,Tak1984,112,2z,tedashi,1775796059,2585.85,,0,,"[8,91,93,14,81,48,11,84,53,10,50,19,43]","[74,20,64,57,25,75,130,30,92,96,45]","[120,59,16,99,97,67,49,52]","[38,117,51,44,37,40,55,116,41,56,112,54,46,4]",33345m 2445p 3456s,678m 368p 1167s 6z,r5m 4r568p 77s 4z,2m 1122334556p 233z,1,1,1,,0,,,,,,
20260410130016_0700_048,20260410130016_0700,20260410130016,特上卓,0,s6u,34,9m,tsumogiri,1775796060,1574.706,,3,1726.002,"[8,91,93,14,81,48,11,84,53,10,50,19,43,34]","[74,20,64,57,25,75,130,30,92,96,45]","[120,59,16,99,97,67,49,52]","[38,117,51,44,37,40,55,116,41,56,54,46,4]",333459m 2445p 3456s,678m 368p 1167s 6z,r5m 4r568p 77s 4z,2m 1122334556p 33z,1,1,4,,0,,,,,,
20260410130016_0700_049,20260410130016_0700,20260410130016,特上卓,1,優歩,98,7s,risekichu_hokan_tsumogiri,1775796064,1793.604,,2,1493.371,"[8,91,93,14,81,48,11,84,53,10,50,19,43]","[74,20,64,57,25,75,130,30,92,96,45,98]","[120,59,16,99,97,67,49,52]","[38,117,51,44,37,40,55,116,41,56,54,46,4]",33345m 2445p 3456s,678m 368p 11677s 6z,r5m 4r568p 77s 4z,2m 1122334556p 33z,,,,,,,,,,,
20260410130016_0700_050,20260410130016_0700,20260410130016,特上卓,2,【TM】,67,8p,tedashi,1775796066,710.955,,0,,"[8,91,93,14,81,48,11,84,53,10,50,19,43]","[74,20,64,57,25,75,130,30,92,96,45]","[120,59,16,67,49,52]","[38,117,51,44,37,40,55,116,41,56,54,46,4]",33345m 2445p 3456s,678m 368p 1167s 6z,r5m 4r568p 4z,2m 1122334556p 33z,,,,,,,,,,,
20260410130016_0700_051,20260410130016_0700,20260410130016,特上卓,3,Tak1984,116,3z,tedashi,1775796074,7736.541,,0,,"[8,91,93,14,81,48,11,84,53,10,50,19,43]","[74,20,64,57,25,75,130,30,92,96,45]","[120,59,16,49,52]","[38,117,51,44,37,40,55,116,41,56,54,46,4,62]",33345m 2445p 3456s,678m 368p 1167s 6z,r5m 4r56p 4z,2m 11223345567p 33z,0,0,1,,0,,,,,,
20260410130016_0700_052,20260410130016_0700,20260410130016,特上卓,0,s6u,18,5m,tsumogiri,1775796079,5282.551,,0,,"[8,91,93,14,81,48,11,84,53,10,50,19,43,18]","[74,20,64,57,25,75,130,30,92,96,45]","[120,59,16,49,52]","[38,117,51,44,37,40,55,41,56,54,46,4,62]",333455m 2445p 3456s,678m 368p 1167s 6z,r5m 4r56p 4z,2m 11223345567p 3z,1,1,3,,0,,,,,,
20260410140817_0000_005,20260410140817_0000,20260410140817,一般卓,2,NoName,38,1p,tedashi,1775797700,2316.587,,5,1521.67,"[2,14,34,50,51,64,72,87,88,91,102,109,131]","[44,43,76,78,0,36,20,4,40,57,110,69,124]","[48,134,111,5,93,73,60,108,114,38,59,61,97,68]","[17,19,35,80,1,126,47,39,66,25,92,79,127]",149m 448p 14r558s 16z,126m 122369p 22s 15z,2m 146779p 167s 1127z,15579m 138p 236s 55z,4,4,4,,0,,,,,,
20260410140817_0000_006,20260410140817_0000,20260410140817,一般卓,3,nari1253,1,1m,tedashi,1775797703,1516.864,,0,,"[2,14,34,50,51,64,72,87,88,91,102,109,131]","[44,43,76,78,0,36,20,4,40,57,110,69,124]","[48,134,111,5,93,73,60,108,114,59,61,97,68]","[17,19,35,80,1,126,47,39,66,25,92,79,127,83]",149m 448p 14r558s 16z,126m 122369p 22s 15z,2m 46779p 167s 1127z,15579m 138p 2336s 55z,3,3,3,,0,,,,,,
20260410140817_0000_007,20260410140817_0000,20260410140817,一般卓,0,パシフィック,109,1z,tedashi,1775797704,1601.524,,3,2909.786,"[2,14,34,50,51,64,72,87,88,91,102,109,131,30]","[44,43,76,78,0,36,20,4,40,57,110,69,124]","[48,134,111,5,93,73,60,108,114,59,61,97,68]","[17,19,35,80,126,47,39,66,25,92,79,127,83]",1489m 448p 14r558s 16z,126m 122369p 22s 15z,2m 46779p 167s 1127z,5579m 138p 2336s 55z,4,5,4,,0,,,,,,
20260410140817_0000_008,20260410140817_0000,20260410140817,一般卓,2,NoName,114,2z,tedashi,1775797707,1674.529,,0,,"[2,14,34,50,51,64,72,87,88,91,102,131,30]","[44,43,76,78,0,36,20,4,40,57,110,69,124]","[48,134,5,93,73,60,108,114,59,61,97,68]","[17,19,35,80,126,47,39,66,25,92,79,127,83]",1489m 448p 14r558s 6z,126m 122369p 22s 15z,2m 46779p 167s 127z,5579m 138p 2336s 55z,,,,,,,,,,,
20260410140817_0000_009,20260410140817_0000,20260410140817,一般卓,3,nari1253,92,6s,tedashi,1775797712,5033.173,,3,1177.624,"[2,14,34,50,51,64,72,87,88,91,102,131,30]","[44,43,76,78,0,36,20,4,40,57,110,69,124]","[48,134,5,93,73,60,108,59,61,97,68]","[17,19,35,80,126,47,39,66,25,92,79,127,83,24]",1489m 448p 14r558s 6z,126m 122369p 22s 15z,2m 46779p 167s 17z,55779m 138p 2336s 55z,2,3,2,,0,,,,,,
20260410140817_0000_010,20260410140817_0000,20260410140817,一般卓,0,パシフィック,26,7m,tsumogiri,1775797715,1251.672,,2,1899.296,"[2,14,34,50,51,64,72,87,88,91,102,131,30,26]","[44,43,76,78,0,36,20,4,40,57,110,69,124]","[48,134,5,93,73,60,108,59,61,97,68]","[17,19,35,80,126,47,39,66,25,79,127,83,24]",14789m 448p 14r558s 6z,126m 122369p 22s 15z,2m 46779p 167s 17z,55779m 138p 233s 55z,4,4,4,,0,,,,,,
20260410140817_0000_011,20260410140817_0000,20260410140817,一般卓,3,nari1253,66,8p,tedashi,1775797719,2063.168,,0,,"[2,14,34,50,51,64,72,87,88,91,102,131,30]","[44,43,76,78,0,36,20,4,40,57,110,69,124]","[48,134,5,93,73,60,108,59,61,97,68]","[17,19,35,80,126,47,39,66,79,127,83]",1489m 448p 14r558s 6z,126m 122369p 22s 15z,2m 46779p 167s 17z,559m 138p 233s 55z,2,2,,,0,,,,,,
20260410140817_0000_012,20260410140817_0000,20260410140817,一般卓,0,パシフィック,85,4s,tsumogiri,1775797721,2532.699,,0,,"[2,14,34,50,51,64,72,87,88,91,102,131,30,85]","[44,43,76,78,0,36,20,4,40,57,110,69,124]","[48,134,5,93,73,60,108,59,61,97,68]","[17,19,35,80,126,47,39,79,127,83]",1489m 448p 144r558s 6z,126m 122369p 22s 15z,2m 46779p 167s 17z,559m 13p 233s 55z,3,4,3,,0,,,,,,
20260410140817_0000_013,20260410140817_0000,20260410140817,一般卓,1,偏執的文学狂想曲,69,9p,tedashi,1775797723,2349.105,,0,,"[2,14,34,50,51,64,72,87,88,91,102,131,30]","[44,43,76,78,0,36,20,4,40,57,110,69,124,18]","[48,134,5,93,73,60,108,59,61,97,68]","[17,19,35,80,126,47,39,79,127,83]",1489m 448p 14r558s 6z,1256m 122369p 22s 15z,2m 46779p 167s 17z,559m 13p 233s 55z,3,3,4,,0,,,,,,
20260410140817_0000_014,20260410140817_0000,20260410140817,一般卓,2,NoName,68,9p,tedashi,1775797726,2210.076,,0,,"[2,14,34,50,51,64,72,87,88,91,102,131,30]","[44,43,76,78,0,36,20,4,40,57,110,124,18]","[48,134,5,93,73,60,108,59,61,97,68,119]","[17,19,35,80,126,47,39,79,127,83]",1489m 448p 14r558s 6z,1256m 12236p 22s 15z,2m 46779p 167s 137z,559m 13p 233s 55z,,,,,,,,,,,
20260410140817_0000_015,20260410140817_0000,20260410140817,一般卓,3,nari1253,35,9m,tedashi,1775797728,2172.697,,0,,"[2,14,34,50,51,64,72,87,88,91,102,131,30]","[44,43,76,78,0,36,20,4,40,57,110,124,18]","[48,134,5,93,73,60,108,59,61,97,119]","[17,19,35,80,126,47,39,79,127,83,125]",1489m 448p 14r558s 6z,1256m 12236p 22s 15z,2m 4677p 167s 137z,559m 13p 233s 555z,1,1,,,0,,,,,,
20260410140817_0000_016,20260410140817_0000,20260410140817,一般卓,0,パシフィック,58,6p,tsumogiri,1775797732,4026.485,,0,,"[2,14,34,50,51,64,72,87,88,91,102,131,30,58]","[44,43,76,78,0,36,20,4,40,57,110,124,18]","[48,134,5,93,73,60,108,59,61,97,119]","[17,19,80,126,47,39,79,127,83,125]",1489m 4468p 14r558s 6z,1256m 12236p 22s 15z,2m 4677p 167s 137z,55m 13p 233s 555z,4,4,4,,0,,,,,,
20260410140817_0000_017,20260410140817_0000,20260410140817,一般卓,1,偏執的文学狂想曲,117,3z,risekichu_hokan_tsumogiri,1775797734,1926.029,,0,,"[2,14,34,50,51,64,72,87,88,91,102,131,30]","[44,43,76,78,0,36,20,4,40,57,110,124,18,117]","[48,134,5,93,73,60,108,59,61,97,119]","[17,19,80,126,47,39,79,127,83,125]",1489m 448p 14r558s 6z,1256m 12236p 22s 135z,2m 4677p 167s 137z,55m 13p 233s 555z,3,3,4,,0,,,,,,
20260410140817_0000_018,20260410140817_0000,20260410140817,一般卓,2,NoName,119,3z,tedashi,1775797736,2690.073,,0,,"[2,14,34,50,51,64,72,87,88,91,102,131,30]","[44,43,76,78,0,36,20,4,40,57,110,124,18]","[48,134,5,93,73,60,108,59,61,97,119,106]","[17,19,80,126,47,39,79,127,83,125]",1489m 448p 14r558s 6z,1256m 12236p 22s 15z,2m 4677p 1679s 137z,55m 13p 233s 555z,,,,,,,,,,,
20260410140817_0000_019,20260410140817_0000,20260410140817,一般卓,3,nari1253,32,9m,risekichu_hokan_tsumogiri,1775797739,2973.232,,0,,"[2,14,34,50,51,64,72,87,88,91,102,131,30]","[44,43,76,78,0,36,20,4,40,57,110,124,18]","[48,134,5,93,73,60,108,59,61,97,106]","[17,19,80,126,47,39,79,127,83,125,32]",1489m 448p 14r558s 6z,1256m 12236p 22s 15z,2m 4677p 1679s 17z,559m 13p 233s 555z,1,1,,,0,,,,,,
20260410140817_0000_020,20260410140817_0000,20260410140817,一般卓,0,パシフィック,89,5s,tsumogiri,1775797742,2895.459,,0,,"[2,14,34,50,51,64,72,87,88,91,102,131,30,89]","[44,43,76,78,0,36,20,4,40,57,110,124,18]","[48,134,5,93,73,60,108,59,61,97,106]","[17,19,80,126,47,39,79,127,83,125]",1489m 448p 14r5558s 6z,1256m 12236p 22s 15z,2m 4677p 1679s 17z,55m 13p 233s 555z,4,4,4,,0,,,,,,
20260410140817_0000_021,20260410140817_0000,20260410140817,一般卓,1,偏執的文学狂想曲,124,5z,tedashi,1775797744,1818.085,,2,3058.072,"[2,14,34,50,51,64,72,87,88,91,102,131,30]","[44,43,76,78,0,36,20,4,40,57,110,124,18,12]","[48,134,5,93,73,60,108,59,61,97,106]","[17,19,80,126,47,39,79,127,83,125]",1489m 448p 14r558s 6z,12456m 12236p 22s 15z,2m 4677p 1679s 17z,55m 13p 233s 555z,2,2,4,,0,,,,,,
20260410140817_0000_022,20260410140817_0000,20260410140817,一般卓,3,nari1253,83,3s,tedashi,1775797752,4440.464,,3,1186.364,"[2,14,34,50,51,64,72,87,88,91,102,131,30]","[44,43,76,78,0,36,20,4,40,57,110,18,12]","[48,134,5,93,73,60,108,59,61,97,106]","[17,19,80,47,39,79,83,54]",1489m 448p 14r558s 6z,12456m 12236p 22s 1z,2m 4677p 1679s 17z,55m 135p 233s,1,1,,,1,,,,,,
20260410140817_0000_023,20260410140817_0000,20260410140817,一般卓,0,パシフィック,53,5p,tsumogiri,1775797754,1247.734,,0,,"[2,14,34,50,51,64,72,87,88,91,102,131,30,53]","[44,43,76,78,0,36,20,4,40,57,110,18,12]","[48,134,5,93,73,60,108,59,61,97,106]","[17,19,80,47,39,79,54]",1489m 4458p 14r558s 6z,12456m 12236p 22s 1z,2m 4677p 1679s 17z,55m 135p 23s,4,5,4,,0,,,,,,
20260410140817_0000_024,20260410140817_0000,20260410140817,一般卓,1,偏執的文学狂想曲,110,1z,tedashi,1775797756,2236.863,,0,,"[2,14,34,50,51,64,72,87,88,91,102,131,30]","[44,43,76,78,0,36,20,4,40,57,110,18,12,77]","[48,134,5,93,73,60,108,59,61,97,106]","[17,19,80,47,39,79,54]",1489m 448p 14r558s 6z,12456m 12236p 222s 1z,2m 4677p 1679s 17z,55m 135p 23s,1,1,4,,0,,,,,,
20260410140817_0000_025,20260410140817_0000,20260410140817,一般卓,2,NoName,106,9s,tedashi,1775797759,2627.275,,0,,"[2,14,34,50,51,64,72,87,88,91,102,131,30]","[44,43,76,78,0,36,20,4,40,57,18,12,77]","[48,134,5,93,73,60,108,59,61,97,106,67]","[17,19,80,47,39,79,54]",1489m 448p 14r558s 6z,12456m 12236p 222s,2m 46778p 1679s 17z,55m 135p 23s,,,,,,,,,,,
20260410140817_0000_026,20260410140817_0000,20260410140817,一般卓,3,nari1253,101,8s,risekichu_hokan_tsumogiri,1775797761,2436.026,,0,,"[2,14,34,50,51,64,72,87,88,91,102,131,30]","[44,43,76,78,0,36,20,4,40,57,18,12,77]","[48,134,5,93,73,60,108,59,61,97,67]","[17,19,80,47,39,79,54,101]",1489m 448p 14r558s 6z,12456m 12236p 222s,2m 46778p 167s 17z,55m 135p 238s,1,1,,,0,,,,,,
20260410140817_0000_027,20260410140817_0000,20260410140817,一般卓,0,パシフィック,2,1m,tedashi,1775797764,2464.138,,0,,"[2,14,34,50,51,64,72,87,88,91,102,131,30,27]","[44,43,76,78,0,36,20,4,40,57,18,12,77]","[48,134,5,93,73,60,108,59,61,97,67]","[17,19,80,47,39,79,54]",14789m 448p 14r558s 6z,12456m 12236p 222s,2m 46778p 167s 17z,55m 135p 23s,4,4,4,,0,,,,,,
20260410140817_0000_028,20260410140817_0000,20260410140817,一般卓,1,偏執的文学狂想曲,43,2p,tedashi,1775797768,4085.299,,0,,"[14,34,50,51,64,72,87,88,91,102,131,30,27]","[44,43,76,78,0,36,20,4,40,57,18,12,77,29]","[48,134,5,93,73,60,108,59,61,97,67]","[17,19,80,47,39,79,54]",4789m 448p 14r558s 6z,124568m 12236p 222s,2m 46778p 167s 17z,55m 135p 23s,1,1,4,,0,,,,,,
20260410140817_0000_029,20260410140817_0000,20260410140817,一般卓,2,NoName,5,2m,tedashi,1775797771,3300.438,,0,,"[14,34,50,51,64,72,87,88,91,102,131,30,27]","[44,76,78,0,36,20,4,40,57,18,12,77,29]","[48,134,5,93,73,60,108,59,61,97,67,21]","[17,19,80,47,39,79,54]",4789m 448p 14r558s 6z,124568m 1236p 222s,26m 46778p 167s 17z,55m 135p 23s,,,,,,,,,,,
20260410140817_0000_030,20260410140817_0000,20260410140817,一般卓,3,nari1253,15,4m,risekichu_hokan_tsumogiri,1775797774,2838.36,,0,,"[14,34,50,51,64,72,87,88,91,102,131,30,27]","[44,76,78,0,36,20,4,40,57,18,12,77,29]","[48,134,93,73,60,108,59,61,97,67,21]","[17,19,80,47,39,79,54,15]",4789m 448p 14r558s 6z,124568m 1236p 222s,6m 46778p 167s 17z,455m 135p 23s,1,1,,,0,,,,,,
20260410140817_0000_031,20260410140817_0000,20260410140817,一般卓,0,パシフィック,102,8s,tedashi,1775797776,2288.711,,0,,"[14,34,50,51,64,72,87,88,91,102,131,30,27,128]","[44,76,78,0,36,20,4,40,57,18,12,77,29]","[48,134,93,73,60,108,59,61,97,67,21]","[17,19,80,47,39,79,54]",4789m 448p 14r558s 66z,124568m 1236p 222s,6m 46778p 167s 17z,55m 135p 23s,3,3,3,,0,,,,,,
20260410140817_0000_032,20260410140817_0000,20260410140817,一般卓,1,偏執的文学狂想曲,57,6p,tedashi,1775797779,904.161,1761.351,2,2384.544,"[14,34,50,51,64,72,87,88,91,131,30,27,128]","[44,76,78,0,36,20,4,40,57,18,12,77,29,10]","[48,134,93,73,60,108,59,61,97,67,21]","[17,19,80,47,39,79,54]",4789m 448p 14r55s 66z,1234568m 1236p 222s,6m 46778p 167s 17z,55m 135p 23s,0,0,5,8m,0,,,,,,
20260410140817_0000_033,20260410140817_0000,20260410140817,一般卓,2,NoName,134,7z,tedashi,1775797783,1194.957,,0,,"[14,34,50,51,64,72,87,88,91,131,30,27,128]","[44,76,78,0,36,20,4,40,18,12,77,29,10]","[48,134,93,73,108,59,61,97,21]","[17,19,80,47,39,79,54]",4789m 448p 14r55s 66z,1234568m 123p 222s,6m 467p 167s 17z,55m 135p 23s,,,,,,,,,,,
20260410140817_0000_034,20260410140817_0000,20260410140817,一般卓,3,nari1253,39,1p,tedashi,1775797787,4642.037,,0,,"[14,34,50,51,64,72,87,88,91,131,30,27,128]","[44,76,78,0,36,20,4,40,18,12,77,29,10]","[48,93,73,108,59,61,97,21]","[17,19,80,47,39,79,54,75]",4789m 448p 14r55s 66z,1234568m 123p 222s,6m 467p 167s 1z,55m 135p 123s,0,0,,4p,0,,,,,,
20260410140817_0000_035,20260410140817_0000,20260410140817,一般卓,0,パシフィック,72,1s,tedashi,1775797790,2630.416,,0,,"[14,34,50,51,64,72,87,88,91,131,30,27,128,46]","[44,76,78,0,36,20,4,40,18,12,77,29,10]","[48,93,73,108,59,61,97,21]","[17,19,80,47,79,54,75]",4789m 3448p 14r55s 66z,1234568m 123p 222s,6m 467p 167s 1z,55m 35p 123s,3,3,3,,0,,,,,,
20260410140817_0000_036,20260410140817_0000,20260410140817,一般卓,1,偏執的文学狂想曲,135,7z,risekichu_hokan_tsumogiri,1775797791,1040.09,,0,,"[14,34,50,51,64,87,88,91,131,30,27,128,46]","[44,76,78,0,36,20,4,40,18,12,77,29,10,135]","[48,93,73,108,59,61,97,21]","[17,19,80,47,79,54,75]",4789m 3448p 4r55s 66z,1234568m 123p 222s 7z,6m 467p 167s 1z,55m 35p 123s,0,0,5,8m,0,,,,,,
20260410140817_0000_037,20260410140817_0000,20260410140817,一般卓,2,NoName,122,4z,risekichu_hokan_tsumogiri,1775797793,2096.285,,0,,"[14,34,50,51,64,87,88,91,131,30,27,128,46]","[44,76,78,0,36,20,4,40,18,12,77,29,10]","[48,93,73,108,59,61,97,21,122]","[17,19,80,47,79,54,75]",4789m 3448p 4r55s 66z,1234568m 123p 222s,6m 467p 167s 14z,55m 35p 123s,,,,,,,,,,,
20260410140817_0000_038,20260410140817_0000,20260410140817,一般卓,3,nari1253,47,3p,tedashi,1775797799,6083.465,,0,,"[14,34,50,51,64,87,88,91,131,30,27,128,46]","[44,76,78,0,36,20,4,40,18,12,77,29,10]","[48,93,73,108,59,61,97,21]","[17,19,80,47,79,54,75,81]",4789m 3448p 4r55s 66z,1234568m 123p 222s,6m 467p 167s 1z,55m 35p 1233s,0,0,,,0,,,,,,
20260410140817_0000_039,20260410140817_0000,20260410140817,一般卓,0,パシフィック,46,3p,tedashi,1775797803,3786.483,,0,,"[14,34,50,51,64,87,88,91,131,30,27,128,46,99]","[44,76,78,0,36,20,4,40,18,12,77,29,10]","[48,93,73,108,59,61,97,21]","[17,19,80,79,54,75,81]",4789m 3448p 4r557s 66z,1234568m 123p 222s,6m 467p 167s 1z,55m 5p 1233s,2,2,3,,0,8p,1205pt,7s,1169pt,4p,1097pt
20260410140817_0000_040,20260410140817_0000,20260410140817,一般卓,1,偏執的文学狂想曲,70,9p,risekichu_hokan_tsumogiri,1775797804,783.27,,5,2030.805,"[14,34,50,51,64,87,88,91,131,30,27,128,99]","[44,76,78,0,36,20,4,40,18,12,77,29,10,70]","[48,93,73,108,59,61,97,21]","[17,19,80,79,54,75,81]",4789m 448p 4r557s 66z,1234568m 1239p 222s,6m 467p 167s 1z,55m 5p 1233s,0,0,5,8m,0,,,,,,
20260410140817_0000_041,20260410140817_0000,20260410140817,一般卓,2,NoName,73,1s,tedashi,1775797808,1854.827,,2,3039.749,"[14,34,50,51,64,87,88,91,131,30,27,128,99]","[44,76,78,0,36,20,4,40,18,12,77,29,10]","[48,93,73,108,59,61,97,21,23]","[17,19,80,79,54,75,81]",4789m 448p 4r557s 66z,1234568m 123p 222s,66m 467p 167s 1z,55m 5p 1233s,,,,,,,,,,,
20260410140817_0000_042,20260410140817_0000,20260410140817,一般卓,3,nari1253,54,5p,tedashi,1775797812,1759.649,,0,,"[14,34,50,51,64,87,88,91,131,30,27,128,99]","[44,76,78,0,36,20,4,40,18,12,77,29,10]","[48,93,108,59,61,97,21,23]","[17,19,54,75,81]",4789m 448p 4r557s 66z,1234568m 123p 222s,66m 467p 67s 1z,55m 5p 13s,0,0,,2s,0,,,,,,
20260410140817_0000_043,20260410140817_0000,20260410140817,一般卓,0,パシフィック,84,4s,tsumogiri,1775797820,7757.585,,0,,"[14,34,50,51,64,87,88,91,131,30,27,128,99,84]","[44,76,78,0,36,20,4,40,18,12,77,29,10]","[48,93,108,59,61,97,21,23]","[17,19,75,81]",4789m 448p 44r557s 66z,1234568m 123p 222s,66m 467p 67s 1z,55m 13s,2,2,2,,0,8p,789pt,7s,742pt,4m,658pt
20260410140817_0000_044,20260410140817_0000,20260410140817,一般卓,1,偏執的文学狂想曲,74,1s,risekichu_hokan_tsumogiri,1775797821,663.178,,0,,"[14,34,50,51,64,87,88,91,131,30,27,128,99]","[44,76,78,0,36,20,4,40,18,12,77,29,10,74]","[48,93,108,59,61,97,21,23]","[17,19,75,81]",4789m 448p 4r557s 66z,1234568m 123p 1222s,66m 467p 67s 1z,55m 13s,0,0,5,8m,0,,,,,,
20260410140817_0000_045,20260410140817_0000,20260410140817,一般卓,2,NoName,105,9s,risekichu_hokan_tsumogiri,1775797823,2524.659,,0,,"[14,34,50,51,64,87,88,91,131,30,27,128,99]","[44,76,78,0,36,20,4,40,18,12,77,29,10]","[48,93,108,59,61,97,21,23,105]","[17,19,75,81]",4789m 448p 4r557s 66z,1234568m 123p 222s,66m 467p 679s 1z,55m 13s,,,,,,,,,,,
20260410140817_0000_046,20260410140817_0000,20260410140817,一般卓,3,nari1253,103,8s,risekichu_hokan_tsumogiri,1775797827,3727.036,,0,,"[14,34,50,51,64,87,88,91,131,30,27,128,99]","[44,76,78,0,36,20,4,40,18,12,77,29,10]","[48,93,108,59,61,97,21,23]","[17,19,75,81,103]",4789m 448p 4r557s 66z,1234568m 123p 222s,66m 467p 67s 1z,55m 138s,0,0,,2s,0,,,,,,
20260410140817_0000_047,20260410140817_0000,20260410140817,一般卓,0,パシフィック,98,7s,tsumogiri,1775797834,7294.549,,0,,"[14,34,50,51,64,87,88,91,131,30,27,128,99,98]","[44,76,78,0,36,20,4,40,18,12,77,29,10]","[48,93,108,59,61,97,21,23]","[17,19,75,81]",4789m 448p 4r5577s 66z,1234568m 123p 222s,66m 467p 67s 1z,55m 13s,2,2,2,,0,8p,626pt,4m,566pt,5s,535pt
20260410140817_0000_048,20260410140817_0000,20260410140817,一般卓,1,偏執的文学狂想曲,3,1m,risekichu_hokan_tsumogiri,1775797835,896.065,,0,,"[14,34,50,51,64,87,88,91,131,30,27,128,99]","[44,76,78,0,36,20,4,40,18,12,77,29,10,3]","[48,93,108,59,61,97,21,23]","[17,19,75,81]",4789m 448p 4r557s 66z,11234568m 123p 222s,66m 467p 67s 1z,55m 13s,0,0,4,8m,0,,,,,,
20260410140817_0000_049,20260410140817_0000,20260410140817,一般卓,2,NoName,93,6s,tedashi,1775797844,8978.506,,0,,"[14,34,50,51,64,87,88,91,131,30,27,128,99]","[44,76,78,0,36,20,4,40,18,12,77,29,10]","[48,93,108,59,61,97,21,23,82]","[17,19,75,81]",4789m 448p 4r557s 66z,1234568m 123p 222s,66m 467p 367s 1z,55m 13s,,,,,,,,,,,
20260410140817_0000_050,20260410140817_0000,20260410140817,一般卓,3,nari1253,133,7z,risekichu_hokan_tsumogiri,1775797847,2930.45,,0,,"[14,34,50,51,64,87,88,91,131,30,27,128,99]","[44,76,78,0,36,20,4,40,18,12,77,29,10]","[48,108,59,61,97,21,23,82]","[17,19,75,81,133]",4789m 448p 4r557s 66z,1234568m 123p 222s,66m 467p 37s 1z,55m 13s 7z,0,0,,2s,0,,,,,,
20260410140817_0000_051,20260410140817_0000,20260410140817,一般卓,0,パシフィック,65,8p,tsumogiri,1775797854,6965.222,,0,,"[14,34,50,51,64,87,88,91,131,30,27,128,99,65]","[44,76,78,0,36,20,4,40,18,12,77,29,10]","[48,108,59,61,97,21,23,82]","[17,19,75,81]",4789m 4488p 4r557s 66z,1234568m 123p 222s,66m 467p 37s 1z,55m 13s,2,2,2,,0,7s,269pt,8p,247pt,4s,230pt
20260410203139_0000_000,20260410203139_0000,20260410203139,特上卓,1,だいあん,115,2z,tedashi,1775820703,,,0,,"[91,9,128,134,51,84,132,97,41,8,50,112,29]",,,,338m 244p 457s 2677z,,,,,,,,,,,,,,
20260410203139_0000_001,20260410203139_0000,20260410203139,特上卓,2,カヴァレリッツォ,48,4p,tedashi,1775820707,4549.509,,1,7369.96,"[91,9,128,134,51,84,132,97,41,8,50,112,29]",,,,338m 244p 457s 2677z,,,,,,,,,,,,,,
20260410203139_0000_002,20260410203139_0000,20260410203139,特上卓,3,oxy13,0,1m,tedashi,1775820716,1151.712,,1,5866.345,"[91,9,128,134,51,84,132,97,41,8,50,112,29]",,,,338m 244p 457s 2677z,,,,,,,,,,,,,,
20260410203139_0000_003,20260410203139_0000,20260410203139,特上卓,2,カヴァレリッツォ,25,7m,tedashi,1775820722,1576.348,,0,,"[91,9,128,134,51,84,132,97,41,8,50,112,29]",,,,338m 244p 457s 2677z,,,,,,,,,,,,,,
20260410203139_0000_004,20260410203139_0000,20260410203139,特上卓,3,oxy13,123,4z,tedashi,1775820724,2453.621,,0,,"[91,9,128,134,51,84,132,97,41,8,50,112,29]",,,,338m 244p 457s 2677z,,,,,,,,,,,,,,
20260410203139_0000_005,20260410203139_0000,20260410203139,特上卓,0,s6u,112,2z,tedashi,1775820727,3314.157,,0,,"[91,9,128,134,51,84,132,97,41,8,50,112,29,2]",,,,1338m 244p 457s 2677z,,,,3,4,3,,0,,,,,,
20260410203139_0000_006,20260410203139_0000,20260410203139,特上卓,1,だいあん,131,6z,tedashi,1775820729,1576.301,,0,,"[91,9,128,134,51,84,132,97,41,8,50,29,2]",,,,1338m 244p 457s 677z,,,,,,,,,,,,,,
20260410203139_0000_007,20260410203139_0000,20260410203139,特上卓,2,カヴァレリッツォ,89,5s,risekichu_hokan_tsumogiri,1775820732,2828.086,,0,,"[91,9,128,134,51,84,132,97,41,8,50,29,2]",,,,1338m 244p 457s 677z,,,,,,,,,,,,,,
20260410203139_0000_008,20260410203139_0000,20260410203139,特上卓,3,oxy13,121,4z,tedashi,1775820734,1923.872,,0,,"[91,9,128,134,51,84,132,97,41,8,50,29,2]",,,,1338m 244p 457s 677z,,,,,,,,,,,,,,
20260410203139_0000_009,20260410203139_0000,20260410203139,特上卓,0,s6u,29,8m,tedashi,1775820736,2416.36,,6,324.278,"[91,9,128,134,51,84,132,97,41,8,50,29,2,130]",,,,1338m 244p 457s 6677z,,,,2,3,2,,0,,,,,,
20260410203139_0000_010,20260410203139_0000,20260410203139,特上卓,1,だいあん,107,9s,tedashi,1775820738,1159.075,,0,,"[91,9,128,134,51,84,132,97,41,8,50,2,130]",,,,133m 244p 457s 6677z,,,,,,,,,,,,,,
20260410203139_0000_011,20260410203139_0000,20260410203139,特上卓,2,カヴァレリッツォ,122,4z,tedashi,1775820740,2063.989,,0,,"[91,9,128,134,51,84,132,97,41,8,50,2,130]",,,,133m 244p 457s 6677z,,,,,,,,,,,,,,
20260410203139_0000_012,20260410203139_0000,20260410203139,特上卓,3,oxy13,15,4m,tedashi,1775820743,3012.707,,2,2921.761,"[91,9,128,134,51,84,132,97,41,8,50,2,130]",,,,133m 244p 457s 6677z,,,,,,,,,,,,,,
20260410203139_0000_013,20260410203139_0000,20260410203139,特上卓,2,カヴァレリッツォ,106,9s,tedashi,1775820748,2619.992,,1,1201.233,"[91,9,128,134,51,84,132,97,41,8,50,2,130]",,,,133m 244p 457s 6677z,,,,,,,,,,,,,,
20260410203139_0000_014,20260410203139_0000,20260410203139,特上卓,3,oxy13,135,7z,risekichu_hokan_tsumogiri,1775820751,1420.008,,1,1976.356,"[91,9,128,134,51,84,132,97,41,8,50,2,130]",,,,133m 244p 457s 6677z,,,,,,,,,,,,,,
20260410203139_0000_015,20260410203139_0000,20260410203139,特上卓,0,s6u,97,7s,tedashi,1775820753,996.595,,2,1216.607,"[91,9,128,51,84,132,97,41,8,50,2,130]",,,,133m 244p 457s 667z,,,,,,,,,,,,,,
20260410203139_0000_016,20260410203139_0000,20260410203139,特上卓,1,だいあん,44,3p,tedashi,1775820755,429.81,,1,1105.965,"[91,9,128,51,84,132,41,8,50,2,130]",,,,133m 244p 45s 667z,,,,,,,,,,,,,,
20260410203139_0000_017,20260410203139_0000,20260410203139,特上卓,2,カヴァレリッツォ,28,8m,risekichu_hokan_tsumogiri,1775820761,5104.508,,1,1927.425,"[91,9,128,51,84,132,41,8,50,2,130]",,,,133m 244p 45s 667z,,,,,,,,,,,,,,
20260410203139_0000_018,20260410203139_0000,20260410203139,特上卓,1,だいあん,77,2s,tedashi,1775820763,963.479,,0,,"[91,9,128,51,84,132,41,8,50,2,130]",,,,133m 244p 45s 667z,,,,,,,,,,,,,,
20260410203139_0000_019,20260410203139_0000,20260410203139,特上卓,2,カヴァレリッツォ,78,2s,risekichu_hokan_tsumogiri,1775820766,3487.95,,0,,"[91,9,128,51,84,132,41,8,50,2,130]",,,,133m 244p 45s 667z,,,,,,,,,,,,,,
20260410203139_0000_020,20260410203139_0000,20260410203139,特上卓,3,oxy13,39,1p,tedashi,1775820775,8999.312,,1,4390.054,"[91,9,128,51,84,132,41,8,50,2,130]",,,,133m 244p 45s 667z,,,,,,,,,,,,,,
20260410203139_0000_021,20260410203139_0000,20260410203139,特上卓,2,カヴァレリッツォ,75,1s,tedashi,1775820780,2542.38,,0,,"[91,9,128,51,84,132,41,8,50,2,130]",,,,133m 244p 45s 667z,,,,,,,,,,,,,,
20260410203139_0000_022,20260410203139_0000,20260410203139,特上卓,3,oxy13,37,1p,tedashi,1775820781,1471.982,,0,,"[91,9,128,51,84,132,41,8,50,2,130]",,,,133m 244p 45s 667z,,,,,,,,,,,,,,
20260410203139_0000_023,20260410203139_0000,20260410203139,特上卓,0,s6u,41,2p,tedashi,1775820783,2445.131,,0,,"[91,9,128,51,84,132,41,8,50,2,130,49]",,,,133m 2444p 45s 667z,,,,,,,,,,,,,,
20260410203139_0000_024,20260410203139_0000,20260410203139,特上卓,1,だいあん,116,3z,risekichu_hokan_tsumogiri,1775820785,1373.198,,0,,"[91,9,128,51,84,132,8,50,2,130,49]",,,,133m 444p 45s 667z,,,,,,,,,,,,,,
20260410203139_0000_025,20260410203139_0000,20260410203139,特上卓,2,カヴァレリッツォ,114,2z,risekichu_hokan_tsumogiri,1775820789,4350.122,,0,,"[91,9,128,51,84,132,8,50,2,130,49]",,,,133m 444p 45s 667z,,,,,,,,,,,,,,
20260410203139_0000_026,20260410203139_0000,20260410203139,特上卓,3,oxy13,12,4m,tedashi,1775820792,2590.754,,0,,"[91,9,128,51,84,132,8,50,2,130,49]",,,,133m 444p 45s 667z,,,,,,,,,,,,,,
20260410203139_0000_027,20260410203139_0000,20260410203139,特上卓,0,s6u,34,9m,tsumogiri,1775820793,1604.394,,0,,"[91,9,128,51,84,132,8,50,2,130,49,34]",,,,1339m 444p 45s 667z,,,,,,,,,,,,,,
20260410203139_0000_028,20260410203139_0000,20260410203139,特上卓,1,だいあん,23,6m,tedashi,1775820796,2475.676,,0,,"[91,9,128,51,84,132,8,50,2,130,49]",,,,133m 444p 45s 667z,,,,,,,,,,,,,,
20260410203139_0000_029,20260410203139_0000,20260410203139,特上卓,2,カヴァレリッツォ,24,7m,risekichu_hokan_tsumogiri,1775820798,2460.131,,0,,"[91,9,128,51,84,132,8,50,2,130,49]",,,,133m 444p 45s 667z,,,,,,,,,,,,,,
20260410203139_0000_030,20260410203139_0000,20260410203139,特上卓,3,oxy13,26,7m,risekichu_hokan_tsumogiri,1775820801,2226.861,,0,,"[91,9,128,51,84,132,8,50,2,130,49]",,,,133m 444p 45s 667z,,,,,,,,,,,,,,
20260410203139_0000_031,20260410203139_0000,20260410203139,特上卓,0,s6u,54,5p,tsumogiri,1775820806,5647.635,,1,1336.868,"[91,9,128,51,84,132,8,50,2,130,49,54]",,,,133m 4445p 45s 667z,,,,,,,,,,,,,,
20260410203139_0000_032,20260410203139_0000,20260410203139,特上卓,1,だいあん,105,9s,risekichu_hokan_tsumogiri,1775820808,826.693,,0,,"[91,9,128,51,84,132,8,50,2,130,49]",,,,133m 444p 45s 667z,,,,,,,,,,,,,,
20260410203139_0000_033,20260410203139_0000,20260410203139,特上卓,2,カヴァレリッツォ,22,6m,risekichu_hokan_tsumogiri,1775820811,2611.918,,0,,"[91,9,128,51,84,132,8,50,2,130,49]",,,,133m 444p 45s 667z,,,,,,,,,,,,,,
20260410203139_0000_034,20260410203139_0000,20260410203139,特上卓,3,oxy13,55,5p,tedashi,1775820813,1800.077,,0,,"[91,9,128,51,84,132,8,50,2,130,49]",,,,133m 444p 45s 667z,,,,,,,,,,,,,,
20260410203139_0000_035,20260410203139_0000,20260410203139,特上卓,0,s6u,16,r5m,tsumogiri,1775820821,7905.189,,0,,"[91,9,128,51,84,132,8,50,2,130,49,16]",,,,133r5m 444p 45s 667z,,,,,,,,,,,,,,
20260410203139_0001_000,20260410203139_0001,20260410203139,特上卓,1,だいあん,120,4z,tedashi,1775820836,,,1,2508.626,"[99,129,105,55,38,12,31,94,125,26,24,116,22]",,,,46778m 15p 679s 356z,,,,,,,,,,,,,,
20260410203139_0001_001,20260410203139_0001,20260410203139,特上卓,2,カヴァレリッツォ,133,7z,tedashi,1775820841,2719.763,,0,,"[99,129,105,55,38,12,31,94,125,26,24,116,22]",,,,46778m 15p 679s 356z,,,,,,,,,,,,,,
20260410203139_0001_002,20260410203139_0001,20260410203139,特上卓,3,oxy13,112,2z,tedashi,1775820843,1789.521,,0,,"[99,129,105,55,38,12,31,94,125,26,24,116,22]",,,,46778m 15p 679s 356z,,,,,,,,,,,,,,
20260410203139_0001_003,20260410203139_0001,20260410203139,特上卓,0,s6u,116,3z,tedashi,1775820845,2302.726,,1,2436.247,"[99,129,105,55,38,12,31,94,125,26,24,116,22,63]",,,,46778m 157p 679s 356z,,,,4,4,5,,0,,,,,,
20260410203139_0001_004,20260410203139_0001,20260410203139,特上卓,3,oxy13,121,4z,tedashi,1775820848,1343.751,,0,,"[99,129,105,55,38,12,31,94,125,26,24,22,63]",,,,46778m 157p 679s 56z,,,,,,,,,,,,,,
20260410203139_0001_005,20260410203139_0001,20260410203139,特上卓,0,s6u,38,1p,tedashi,1775820851,3461.438,,0,,"[99,129,105,55,38,12,31,94,125,26,24,22,63,29]",,,,467788m 157p 679s 56z,,,,3,3,4,,0,,,,,,
20260410203139_0001_006,20260410203139_0001,20260410203139,特上卓,1,だいあん,35,9m,tedashi,1775820853,1900.829,,0,,"[99,129,105,55,12,31,94,125,26,24,22,63,29]",,,,467788m 57p 679s 56z,,,,,,,,,,,,,,
20260410203139_0001_007,20260410203139_0001,20260410203139,特上卓,2,カヴァレリッツォ,130,6z,tedashi,1775820855,2097.759,,0,,"[99,129,105,55,12,31,94,125,26,24,22,63,29]",,,,467788m 57p 679s 56z,,,,,,,,,,,,,,
20260410203139_0001_008,20260410203139_0001,20260410203139,特上卓,3,oxy13,39,1p,tedashi,1775820857,1949.615,,0,,"[99,129,105,55,12,31,94,125,26,24,22,63,29]",,,,467788m 57p 679s 56z,,,,,,,,,,,,,,
20260410203139_0001_009,20260410203139_0001,20260410203139,特上卓,0,s6u,105,9s,tedashi,1775820859,2318.581,,0,,"[99,129,105,55,12,31,94,125,26,24,22,63,29,33]",,,,4677889m 57p 679s 56z,,,,2,2,4,,0,,,,,,
20260410203139_0001_010,20260410203139_0001,20260410203139,特上卓,1,だいあん,111,1z,tedashi,1775820861,1430.169,,0,,"[99,129,55,12,31,94,125,26,24,22,63,29,33]",,,,4677889m 57p 67s 56z,,,,,,,,,,,,,,
20260410203139_0001_011,20260410203139_0001,20260410203139,特上卓,2,カヴァレリッツォ,124,5z,tedashi,1775820863,2329.97,,0,,"[99,129,55,12,31,94,125,26,24,22,63,29,33]",,,,4677889m 57p 67s 56z,,,,,,,,,,,,,,
20260410203139_0001_012,20260410203139_0001,20260410203139,特上卓,3,oxy13,108,1z,tedashi,1775820865,2054.026,,0,,"[99,129,55,12,31,94,125,26,24,22,63,29,33]",,,,4677889m 57p 67s 56z,,,,,,,,,,,,,,
20260410203139_0001_013,20260410203139_0001,20260410203139,特上卓,0,s6u,117,3z,tsumogiri,1775820868,2800.68,,0,,"[99,129,55,12,31,94,125,26,24,22,63,29,33,117]",,,,4677889m 57p 67s 356z,,,,2,2,4,,0,,,,,,
20260410203139_0001_014,20260410203139_0001,20260410203139,特上卓,1,だいあん,73,1s,risekichu_hokan_tsumogiri,1775820870,2074.189,,0,,"[99,129,55,12,31,94,125,26,24,22,63,29,33]",,,,4677889m 57p 67s 56z,,,,,,,,,,,,,,
20260410203139_0001_015,20260410203139_0001,20260410203139,特上卓,2,カヴァレリッツォ,28,8m,tedashi,1775820878,8093.86,,6,214.298,"[99,129,55,12,31,94,125,26,24,22,63,29,33]",,,,4677889m 57p 67s 56z,,,,,,,,,,,,,,
20260410203139_0001_016,20260410203139_0001,20260410203139,特上卓,3,oxy13,5,2m,risekichu_hokan_tsumogiri,1775820880,2115.393,,0,,"[99,129,55,12,31,94,125,26,24,22,63,29,33]",,,,4677889m 57p 67s 56z,,,,,,,,,,,,,,
20260410203139_0001_017,20260410203139_0001,20260410203139,特上卓,0,s6u,129,6z,tedashi,1775820882,1422.342,,0,,"[99,129,55,12,31,94,125,26,24,22,63,29,33,43]",,,,4677889m 257p 67s 56z,,,,2,2,4,,0,,,,,,
20260410203139_0001_018,20260410203139_0001,20260410203139,特上卓,1,だいあん,126,5z,tedashi,1775820883,1368.09,,0,,"[99,55,12,31,94,125,26,24,22,63,29,33,43]",,,,4677889m 257p 67s 5z,,,,,,,,,,,,,,
20260410203139_0001_019,20260410203139_0001,20260410203139,特上卓,2,カヴァレリッツォ,18,5m,tedashi,1775820887,3914.082,,0,,"[99,55,12,31,94,125,26,24,22,63,29,33,43]",,,,4677889m 257p 67s 5z,,,,,,,,,,,,,,
20260410203139_0001_020,20260410203139_0001,20260410203139,特上卓,3,oxy13,114,2z,risekichu_hokan_tsumogiri,1775820889,2141.03,,0,,"[99,55,12,31,94,125,26,24,22,63,29,33,43]",,,,4677889m 257p 67s 5z,,,,,,,,,,,,,,
20260410203139_0001_021,20260410203139_0001,20260410203139,特上卓,0,s6u,125,5z,tedashi,1775820894,5107.797,,0,,"[99,55,12,31,94,125,26,24,22,63,29,33,43,23]",,,,46677889m 257p 67s 5z,,,,2,2,3,,0,,,,,,
20260410203139_0001_022,20260410203139_0001,20260410203139,特上卓,1,だいあん,97,7s,tedashi,1775820896,2055.515,,1,597.31,"[99,55,12,31,94,26,24,22,63,29,33,43,23]",,,,46677889m 257p 67s,,,,,,,,,,,,,,
20260410203139_0001_023,20260410203139_0001,20260410203139,特上卓,2,カヴァレリッツォ,87,4s,risekichu_hokan_tsumogiri,1775820899,2242.051,,2,5094.579,"[99,55,12,31,94,26,24,22,63,29,33,43,23]",,,,46677889m 257p 67s,,,,,,,,,,,,,,
20260410203139_0001_024,20260410203139_0001,20260410203139,特上卓,3,oxy13,19,5m,tedashi,1775820906,1294.42,,6,218.923,"[99,55,12,31,94,26,24,22,63,29,33,43,23]",,,,46677889m 257p 67s,,,,,,,,,,,,,,
20260410203139_0001_025,20260410203139_0001,20260410203139,特上卓,0,s6u,33,9m,tedashi,1775820909,2671.987,,0,,"[99,55,12,31,94,26,24,22,63,29,33,43,23,102]",,,,46677889m 257p 678s,,,,1,1,3,,0,,,,,,
20260410203139_0001_026,20260410203139_0001,20260410203139,特上卓,1,だいあん,36,1p,risekichu_hokan_tsumogiri,1775820910,1550.984,,0,,"[99,55,12,31,94,26,24,22,63,29,43,23,102]",,,,4667788m 257p 678s,,,,,,,,,,,,,,
20260410203139_0001_027,20260410203139_0001,20260410203139,特上卓,2,カヴァレリッツォ,40,2p,tedashi,1775820919,1666.093,7679.447,0,,"[99,55,12,31,94,26,24,22,63,29,43,23,102]",,,,4667788m 257p 678s,,,,,,,,,,,,,,
20260410203139_0001_028,20260410203139_0001,20260410203139,特上卓,3,oxy13,30,8m,tedashi,1775820922,2946.105,,6,209.538,"[99,55,12,31,94,26,24,22,63,29,43,23,102]",,,,4667788m 257p 678s,,,,,,,,,,,,,,
20260410203139_0001_029,20260410203139_0001,20260410203139,特上卓,0,s6u,43,2p,tedashi,1775820924,1772.9,,0,,"[99,55,12,31,94,26,24,22,63,29,43,23,102,4]",,,,24667788m 257p 678s,,,,1,1,3,,0,,,,,,
20260410203139_0001_030,20260410203139_0001,20260410203139,特上卓,1,だいあん,134,7z,risekichu_hokan_tsumogiri,1775820926,1947.302,,0,,"[99,55,12,31,94,26,24,22,63,29,23,102,4]",,,,24667788m 57p 678s,,,,,,,,,,,,,,
20260410203139_0001_031,20260410203139_0001,20260410203139,特上卓,2,カヴァレリッツォ,68,9p,risekichu_hokan_tsumogiri,1775820927,1120.793,,1,1509.369,"[99,55,12,31,94,26,24,22,63,29,23,102,4]",,,,24667788m 57p 678s,,,,,,,,,,,,,,
20260410203139_0001_032,20260410203139_0001,20260410203139,特上卓,3,oxy13,34,9m,tedashi,1775820931,1860.691,,6,201.436,"[99,55,12,31,94,26,24,22,63,29,23,102,4]",,,,24667788m 57p 678s,,,,,,,,,,,,,,
20260410203139_0001_033,20260410203139_0001,20260410203139,特上卓,0,s6u,96,7s,tsumogiri,1775820936,5294.374,,0,,"[99,55,12,31,94,26,24,22,63,29,23,102,4,96]",,,,24667788m 57p 6778s,,,,1,1,2,,0,,,,,,
20260410203139_0001_034,20260410203139_0001,20260410203139,特上卓,1,だいあん,70,9p,tedashi,1775820938,2068.624,,0,,"[99,55,12,31,94,26,24,22,63,29,23,102,4]",,,,24667788m 57p 678s,,,,,,,,,,,,,,
20260410203139_0001_035,20260410203139_0001,20260410203139,特上卓,2,カヴァレリッツォ,82,3s,risekichu_hokan_tsumogiri,1775820940,1152.854,,0,,"[99,55,12,31,94,26,24,22,63,29,23,102,4]",,,,24667788m 57p 678s,,,,,,,,,,,,,,
20260410203139_0001_036,20260410203139_0001,20260410203139,特上卓,3,oxy13,103,8s,tedashi,1775820946,6502.454,,6,206.213,"[99,55,12,31,94,26,24,22,63,29,23,102,4]",,,,24667788m 57p 678s,,,,,,,,,,,,,,
20260410203139_0001_037,20260410203139_0001,20260410203139,特上卓,0,s6u,102,8s,tedashi,1775820952,6054.267,,0,,"[99,55,12,31,94,26,24,22,63,29,23,102,4,90]",,,,24667788m 57p 5678s,,,,1,1,3,,0,,,,,,
20260410203139_0001_038,20260410203139_0001,20260410203139,特上卓,1,だいあん,27,7m,tedashi,1775820958,5323.389,,6,203.516,"[99,55,12,31,94,26,24,22,63,29,23,4,90]",,,,24667788m 57p 567s,,,,,,,,,,,,,,
20260410203139_0001_039,20260410203139_0001,20260410203139,特上卓,2,カヴァレリッツォ,60,7p,risekichu_hokan_tsumogiri,1775820960,1967.672,,1,1496.479,"[99,55,12,31,94,26,24,22,63,29,23,4,90]",,,,24667788m 57p 567s,,,,,,,,,,,,,,
20260410203139_0001_040,20260410203139_0001,20260410203139,特上卓,3,oxy13,50,4p,tedashi,1775820969,7476.074,,1,1169.144,"[99,55,12,31,94,26,24,22,63,29,23,4,90]",,,,24667788m 57p 567s,,,,,,,,,,,,,,
20260410203139_0001_041,20260410203139_0001,20260410203139,特上卓,0,s6u,74,1s,tsumogiri,1775820972,2125.303,,0,,"[99,55,12,31,94,26,24,22,63,29,23,4,90,74]",,,,24667788m 57p 1567s,,,,1,1,3,,0,,,,,,
20260410203139_0001_042,20260410203139_0001,20260410203139,特上卓,1,だいあん,15,4m,tedashi,1775820975,2558.367,,0,,"[99,55,12,31,94,26,24,22,63,29,23,4,90]",,,,24667788m 57p 567s,,,,,,,,,,,,,,
20260410203139_0001_043,20260410203139_0001,20260410203139,特上卓,2,カヴァレリッツォ,46,3p,risekichu_hokan_tsumogiri,1775820976,1153.734,,0,,"[99,55,12,31,94,26,24,22,63,29,23,4,90]",,,,24667788m 57p 567s,,,,,,,,,,,,,,
20260410203139_0001_044,20260410203139_0001,20260410203139,特上卓,3,oxy13,57,6p,risekichu_hokan_tsumogiri,1775820979,3434.304,,6,199.217,"[99,55,12,31,94,26,24,22,63,29,23,4,90]",,,,24667788m 57p 567s,,,,,,,,,,,,,,
20260410203139_0001_045,20260410203139_0001,20260410203139,特上卓,0,s6u,4,2m,tedashi,1775820985,5582.051,,0,,"[99,55,12,31,94,26,24,22,63,29,23,4,90,88]",,,,24667788m 57p r5567s,,,,1,1,2,,0,,,,,,
20260410203139_0100_000,20260410203139_0100,20260410203139,特上卓,2,カヴァレリッツォ,114,2z,tedashi,1775821002,,,0,,"[61,72,91,1,23,132,54,71,135,116,117,118,51]",,,,16m 4579p 15s 33377z,,,,,,,,,,,,,,
20260410203139_0100_001,20260410203139_0100,20260410203139,特上卓,3,oxy13,123,4z,tedashi,1775821003,1419.778,,0,,"[61,72,91,1,23,132,54,71,135,116,117,118,51]",,,,16m 4579p 15s 33377z,,,,,,,,,,,,,,
20260410203139_0100_002,20260410203139_0100,20260410203139,特上卓,0,s6u,72,1s,tedashi,1775821007,3574.866,,0,,"[61,72,91,1,23,132,54,71,135,116,117,118,51,38]",,,,16m 14579p 15s 33377z,,,,3,3,4,,0,,,,,,
20260410203139_0100_003,20260410203139_0100,20260410203139,特上卓,1,だいあん,125,5z,tedashi,1775821009,2277.802,,0,,"[61,91,1,23,132,54,71,135,116,117,118,51,38]",,,,16m 14579p 5s 33377z,,,,,,,,,,,,,,
20260410203139_0100_004,20260410203139_0100,20260410203139,特上卓,2,カヴァレリッツォ,70,9p,tedashi,1775821012,2497.778,,0,,"[61,91,1,23,132,54,71,135,116,117,118,51,38]",,,,16m 14579p 5s 33377z,,,,,,,,,,,,,,
20260410203139_0100_005,20260410203139_0100,20260410203139,特上卓,3,oxy13,127,5z,tedashi,1775821013,1228.698,,0,,"[61,91,1,23,132,54,71,135,116,117,118,51,38]",,,,16m 14579p 5s 33377z,,,,,,,,,,,,,,
20260410203139_0100_006,20260410203139_0100,20260410203139,特上卓,0,s6u,1,1m,tedashi,1775821019,5858.541,,0,,"[61,91,1,23,132,54,71,135,116,117,118,51,38,113]",,,,16m 14579p 5s 233377z,,,,3,3,4,,0,,,,,,
20260410203139_0100_007,20260410203139_0100,20260410203139,特上卓,1,だいあん,108,1z,tedashi,1775821020,1529.475,,0,,"[61,91,23,132,54,71,135,116,117,118,51,38,113]",,,,6m 14579p 5s 233377z,,,,,,,,,,,,,,
20260410203139_0100_008,20260410203139_0100,20260410203139,特上卓,2,カヴァレリッツォ,44,3p,tedashi,1775821025,4710.999,,0,,"[61,91,23,132,54,71,135,116,117,118,51,38,113]",,,,6m 14579p 5s 233377z,,,,,,,,,,,,,,
20260410203139_0100_009,20260410203139_0100,20260410203139,特上卓,3,oxy13,133,7z,tedashi,1775821027,2112.336,,1,5788.366,"[61,91,23,132,54,71,135,116,117,118,51,38,113]",,,,6m 14579p 5s 233377z,,,,,,,,,,,,,,
20260410203139_0100_010,20260410203139_0100,20260410203139,特上卓,0,s6u,91,5s,tedashi,1775821033,787.629,,6,243.177,"[61,91,23,132,54,71,116,117,118,51,38,113]",,,,6m 14579p 5s 23337z,,,,,,,,,,,,,,
20260410203139_0100_011,20260410203139_0100,20260410203139,特上卓,1,だいあん,36,1p,tedashi,1775821035,1612.084,,0,,"[61,23,132,54,71,116,117,118,51,38,113]",,,,6m 14579p 23337z,,,,,,,,,,,,,,
20260410203139_0100_012,20260410203139_0100,20260410203139,特上卓,2,カヴァレリッツォ,37,1p,risekichu_hokan_tsumogiri,1775821037,2273.947,,1,2090.109,"[61,23,132,54,71,116,117,118,51,38,113]",,,,6m 14579p 23337z,,,,,,,,,,,,,,
20260410203139_0100_013,20260410203139_0100,20260410203139,特上卓,3,oxy13,43,2p,tedashi,1775821045,6331.156,,0,,"[61,23,132,54,71,116,117,118,51,38,113]",,,,6m 14579p 23337z,,,,,,,,,,,,,,
20260410203139_0100_014,20260410203139_0100,20260410203139,特上卓,0,s6u,23,6m,tedashi,1775821048,2361.222,,6,294.278,"[61,23,132,54,71,116,117,118,51,38,113,10]",,,,36m 14579p 23337z,,,,,,,,,,,,,,
20260410203139_0100_015,20260410203139_0100,20260410203139,特上卓,1,だいあん,62,7p,tedashi,1775821050,1684.268,,6,415.394,"[61,132,54,71,116,117,118,51,38,113,10]",,,,3m 14579p 23337z,,,,,,,,,,,,,,
20260410203139_0100_016,20260410203139_0100,20260410203139,特上卓,2,カヴァレリッツォ,84,4s,risekichu_hokan_tsumogiri,1775821055,4944.517,,1,1236.353,"[61,132,54,71,116,117,118,51,38,113,10]",,,,3m 14579p 23337z,,,,,,,,,,,,,,
20260410203139_0100_017,20260410203139_0100,20260410203139,特上卓,3,oxy13,102,8s,tedashi,1775821068,11363.464,,0,,"[61,132,54,71,116,117,118,51,38,113,10]",,,,3m 14579p 23337z,,,,,,,,,,,,,,
20260410203139_0100_018,20260410203139_0100,20260410203139,特上卓,0,s6u,10,3m,tedashi,1775821069,1797.077,,0,,"[61,132,54,71,116,117,118,51,38,113,10,53]",,,,3m 145579p 23337z,,,,,,,,,,,,,,
20260410203139_0100_019,20260410203139_0100,20260410203139,特上卓,1,だいあん,33,9m,tedashi,1775821071,1973.412,,6,381.341,"[61,132,54,71,116,117,118,51,38,113,53]",,,,145579p 23337z,,,,,,,,,,,,,,
20260410203139_0100_020,20260410203139_0100,20260410203139,特上卓,2,カヴァレリッツォ,59,6p,tedashi,1775821077,4795.37,,0,,"[61,132,54,71,116,117,118,51,38,113,53]",,,,145579p 23337z,,,,,,,,,,,,,,
20260410203139_0100_021,20260410203139_0100,20260410203139,特上卓,3,oxy13,60,7p,tedashi,1775821080,3651.359,,0,,"[61,132,54,71,116,117,118,51,38,113,53]",,,,145579p 23337z,,,,,,,,,,,,,,
20260410203139_0100_022,20260410203139_0100,20260410203139,特上卓,0,s6u,6,2m,tsumogiri,1775821082,1576.972,,0,,"[61,132,54,71,116,117,118,51,38,113,53,6]",,,,2m 145579p 23337z,,,,,,,,,,,,,,
20260410203139_0100_023,20260410203139_0100,20260410203139,特上卓,1,だいあん,74,1s,risekichu_hokan_tsumogiri,1775821084,2145.635,,0,,"[61,132,54,71,116,117,118,51,38,113,53]",,,,145579p 23337z,,,,,,,,,,,,,,
20260410203139_0100_024,20260410203139_0100,20260410203139,特上卓,2,カヴァレリッツォ,9,3m,risekichu_hokan_tsumogiri,1775821088,4451.132,,1,1035.834,"[61,132,54,71,116,117,118,51,38,113,53]",,,,145579p 23337z,,,,,,,,,,,,,,
20260410203139_0100_025,20260410203139_0100,20260410203139,特上卓,3,oxy13,7,2m,risekichu_hokan_tsumogiri,1775821092,2310.17,,0,,"[61,132,54,71,116,117,118,51,38,113,53]",,,,145579p 23337z,,,,,,,,,,,,,,
20260410203139_0100_026,20260410203139_0100,20260410203139,特上卓,0,s6u,96,7s,tsumogiri,1775821093,1280.3,,1,1353.062,"[61,132,54,71,116,117,118,51,38,113,53,96]",,,,145579p 7s 23337z,,,,,,,,,,,,,,
20260410203139_0100_027,20260410203139_0100,20260410203139,特上卓,1,だいあん,134,7z,risekichu_hokan_tsumogiri,1775821095,1100.263,,0,,"[61,132,54,71,116,117,118,51,38,113,53]",,,,145579p 23337z,,,,,,,,,,,,,,
20260410203139_0100_028,20260410203139_0100,20260410203139,特上卓,2,カヴァレリッツォ,8,3m,tedashi,1775821102,6470.046,,1,1338.54,"[61,132,54,71,116,117,118,51,38,113,53]",,,,145579p 23337z,,,,,,,,,,,,,,
20260410203139_0100_029,20260410203139_0100,20260410203139,特上卓,3,oxy13,31,8m,tedashi,1775821105,742.825,1505.436,6,423.845,"[61,132,54,71,116,117,118,51,38,113,53]",,,,145579p 23337z,,,,,,,,,,,,,,
20260410203139_0100_030,20260410203139_0100,20260410203139,特上卓,0,s6u,113,2z,tedashi,1775821112,5840.295,,0,,"[61,132,54,71,116,117,118,51,38,113,53,56]",,,,1455679p 23337z,,,,,,,,,,,,,,
20260410203139_0100_031,20260410203139_0100,20260410203139,特上卓,1,だいあん,41,2p,risekichu_hokan_tsumogiri,1775821114,2151.626,,0,,"[61,132,54,71,116,117,118,51,38,53,56]",,,,1455679p 3337z,,,,,,,,,,,,,,
20260410203139_0100_032,20260410203139_0100,20260410203139,特上卓,2,カヴァレリッツォ,29,8m,tedashi,1775821120,5877.762,,0,,"[61,132,54,71,116,117,118,51,38,53,56]",,,,1455679p 3337z,,,,,,,,,,,,,,
20260410203139_0100_033,20260410203139_0100,20260410203139,特上卓,3,oxy13,111,1z,risekichu_hokan_tsumogiri,1775821121,1104.656,,0,,"[61,132,54,71,116,117,118,51,38,53,56]",,,,1455679p 3337z,,,,,,,,,,,,,,
20260410203139_0100_034,20260410203139_0100,20260410203139,特上卓,0,s6u,83,3s,tsumogiri,1775821122,1583.62,,0,,"[61,132,54,71,116,117,118,51,38,53,56,83]",,,,1455679p 3s 3337z,,,,,,,,,,,,,,
20260410203139_0200_000,20260410203139_0200,20260410203139,特上卓,3,oxy13,119,3z,tedashi,1775821137,,,0,,"[56,36,104,43,116,39,16,50,6,5,53,51,23]",,,,22r56m 1124456p 9s 3z,,,,,,,,,,,,,,
20260410203139_0200_001,20260410203139_0200,20260410203139,特上卓,0,s6u,104,9s,tedashi,1775821139,1718.316,,0,,"[56,36,104,43,116,39,16,50,6,5,53,51,23,93]",,,,22r56m 1124456p 69s 3z,,,,2,2,3,,0,,,,,,
20260410203139_0200_002,20260410203139_0200,20260410203139,特上卓,1,だいあん,109,1z,tedashi,1775821141,2540.694,,0,,"[56,36,43,116,39,16,50,6,5,53,51,23,93]",,,,22r56m 1124456p 6s 3z,,,,,,,,,,,,,,
20260410203139_0200_003,20260410203139_0200,20260410203139,特上卓,2,カヴァレリッツォ,115,2z,tedashi,1775821144,2530.594,,0,,"[56,36,43,116,39,16,50,6,5,53,51,23,93]",,,,22r56m 1124456p 6s 3z,,,,,,,,,,,,,,
20260410203139_0200_004,20260410203139_0200,20260410203139,特上卓,3,oxy13,105,9s,tedashi,1775821146,1658.095,,0,,"[56,36,43,116,39,16,50,6,5,53,51,23,93]",,,,22r56m 1124456p 6s 3z,,,,,,,,,,,,,,
20260410203139_0200_005,20260410203139_0200,20260410203139,特上卓,0,s6u,116,3z,tedashi,1775821147,1255.462,,0,,"[56,36,43,116,39,16,50,6,5,53,51,23,93,84]",,,,22r56m 1124456p 46s 3z,,,,2,2,3,,0,,,,,,
20260410203139_0200_006,20260410203139_0200,20260410203139,特上卓,1,だいあん,117,3z,tedashi,1775821149,2094.64,,0,,"[56,36,43,39,16,50,6,5,53,51,23,93,84]",,,,22r56m 1124456p 46s,,,,,,,,,,,,,,
20260410203139_0200_007,20260410203139_0200,20260410203139,特上卓,2,カヴァレリッツォ,73,1s,tedashi,1775821152,3320.518,,0,,"[56,36,43,39,16,50,6,5,53,51,23,93,84]",,,,22r56m 1124456p 46s,,,,,,,,,,,,,,
20260410203139_0200_008,20260410203139_0200,20260410203139,特上卓,3,oxy13,37,1p,tedashi,1775821155,2665.174,,6,197.13,"[56,36,43,39,16,50,6,5,53,51,23,93,84]",,,,22r56m 1124456p 46s,,,,,,,,,,,,,,
20260410203139_0200_009,20260410203139_0200,20260410203139,特上卓,0,s6u,106,9s,tsumogiri,1775821156,1163.673,,0,,"[56,36,43,39,16,50,6,5,53,51,23,93,84,106]",,,,22r56m 1124456p 469s,,,,2,2,3,,0,,,,,,
20260410203139_0200_010,20260410203139_0200,20260410203139,特上卓,1,だいあん,133,7z,tedashi,1775821159,2850.207,,0,,"[56,36,43,39,16,50,6,5,53,51,23,93,84]",,,,22r56m 1124456p 46s,,,,,,,,,,,,,,
20260410203139_0200_011,20260410203139_0200,20260410203139,特上卓,2,カヴァレリッツォ,129,6z,tedashi,1775821162,2474.152,,0,,"[56,36,43,39,16,50,6,5,53,51,23,93,84]",,,,22r56m 1124456p 46s,,,,,,,,,,,,,,
20260410203139_0200_012,20260410203139_0200,20260410203139,特上卓,3,oxy13,128,6z,tedashi,1775821167,5331.543,,0,,"[56,36,43,39,16,50,6,5,53,51,23,93,84]",,,,22r56m 1124456p 46s,,,,,,,,,,,,,,
20260410203139_0200_013,20260410203139_0200,20260410203139,特上卓,0,s6u,43,2p,tedashi,1775821174,7438.781,,0,,"[56,36,43,39,16,50,6,5,53,51,23,93,84,7]",,,,222r56m 1124456p 46s,,,,1,1,3,,0,,,,,,
20260410203139_0200_014,20260410203139_0200,20260410203139,特上卓,1,だいあん,40,2p,tedashi,1775821177,2255.256,,0,,"[56,36,39,16,50,6,5,53,51,23,93,84,7]",,,,222r56m 114456p 46s,,,,,,,,,,,,,,
20260410203139_0200_015,20260410203139_0200,20260410203139,特上卓,2,カヴァレリッツォ,121,4z,tedashi,1775821179,2405.675,,0,,"[56,36,39,16,50,6,5,53,51,23,93,84,7]",,,,222r56m 114456p 46s,,,,,,,,,,,,,,
20260410203139_0200_016,20260410203139_0200,20260410203139,特上卓,3,oxy13,114,2z,tedashi,1775821184,5078.119,,0,,"[56,36,39,16,50,6,5,53,51,23,93,84,7]",,,,222r56m 114456p 46s,,,,,,,,,,,,,,
20260410203139_0200_017,20260410203139_0200,20260410203139,特上卓,0,s6u,8,3m,tsumogiri,1775821188,4196.507,,0,,"[56,36,39,16,50,6,5,53,51,23,93,84,7,8]",,,,2223r56m 114456p 46s,,,,1,1,3,,0,,,,,,
20260410203139_0200_018,20260410203139_0200,20260410203139,特上卓,1,だいあん,111,1z,risekichu_hokan_tsumogiri,1775821190,1912.298,,0,,"[56,36,39,16,50,6,5,53,51,23,93,84,7]",,,,222r56m 114456p 46s,,,,,,,,,,,,,,
20260410203139_0200_019,20260410203139_0200,20260410203139,特上卓,2,カヴァレリッツォ,34,9m,risekichu_hokan_tsumogiri,1775821193,2589.58,,1,1061.588,"[56,36,39,16,50,6,5,53,51,23,93,84,7]",,,,222r56m 114456p 46s,,,,,,,,,,,,,,
20260410203139_0200_020,20260410203139_0200,20260410203139,特上卓,3,oxy13,62,7p,tedashi,1775821202,8208.167,,6,206.656,"[56,36,39,16,50,6,5,53,51,23,93,84,7]",,,,222r56m 114456p 46s,,,,,,,,,,,,,,
20260410203139_0200_021,20260410203139_0200,20260410203139,特上卓,0,s6u,50,4p,tedashi,1775821205,703.076,1566.882,0,,"[56,36,39,16,50,6,5,53,51,23,93,84,7,88]",,,,222r56m 114456p 4r56s,,,,0,0,3,47m,0,,,,,,
20260410203139_0200_022,20260410203139_0200,20260410203139,特上卓,1,だいあん,107,9s,tedashi,1775821207,2299.497,,0,,"[56,36,39,16,6,5,53,51,23,93,84,7,88]",,,,222r56m 11456p 4r56s,,,,,,,,,,,,,,
20260410203139_0200_023,20260410203139_0200,20260410203139,特上卓,2,カヴァレリッツォ,20,6m,tedashi,1775821219,12410.488,,1,1208.045,"[56,36,39,16,6,5,53,51,23,93,84,7,88]",,,,222r56m 11456p 4r56s,,,,,,,,,,,,,,
20260410203139_0200_024,20260410203139_0200,20260410203139,特上卓,3,oxy13,9,3m,tedashi,1775821225,4068.572,,0,,"[56,36,39,16,6,5,53,51,23,93,84,7,88]",,,,222r56m 11456p 4r56s,,,,,,,,,,,,,,
20260410203139_0200_025,20260410203139_0200,20260410203139,特上卓,0,s6u,130,6z,tsumogiri,1775821225,692.263,,0,,"[56,36,39,16,6,5,53,51,23,93,84,7,88,130]",,,,222r56m 11456p 4r56s 6z,,,,0,0,4,47m,0,,,,,,
20260410203139_0200_026,20260410203139_0200,20260410203139,特上卓,1,だいあん,22,6m,tedashi,1775821227,2155.341,,1,2115.658,"[56,36,39,16,6,5,53,51,23,93,84,7,88]",,,,222r56m 11456p 4r56s,,,,,,,,,,,,,,
20260410203139_0200_027,20260410203139_0200,20260410203139,特上卓,2,カヴァレリッツォ,10,3m,risekichu_hokan_tsumogiri,1775821231,1811.156,,0,,"[56,36,39,16,6,5,53,51,23,93,84,7,88]",,,,222r56m 11456p 4r56s,,,,,,,,,,,,,,
20260410203139_0200_028,20260410203139_0200,20260410203139,特上卓,3,oxy13,0,1m,tedashi,1775821243,674.14,11032.134,0,,"[56,36,39,16,6,5,53,51,23,93,84,7,88]",,,,222r56m 11456p 4r56s,,,,,,,,,,,,,,
20260410203139_0200_029,20260410203139_0200,20260410203139,特上卓,0,s6u,82,3s,tsumogiri,1775821244,689.366,,1,684.853,"[56,36,39,16,6,5,53,51,23,93,84,7,88,82]",,,,222r56m 11456p 34r56s,,,,0,0,4,47m,0,,,,,,
20260410203139_0200_030,20260410203139_0200,20260410203139,特上卓,1,だいあん,2,1m,tedashi,1775821245,935.736,,0,,"[56,36,39,16,6,5,53,51,23,93,84,7,88]",,,,222r56m 11456p 4r56s,,,,,,,,,,,,,,
20260410203139_0200_031,20260410203139_0200,20260410203139,特上卓,2,カヴァレリッツォ,3,1m,tedashi,1775821248,2670.915,,0,,"[56,36,39,16,6,5,53,51,23,93,84,7,88]",,,,222r56m 11456p 4r56s,,,,,,,,,,,,,,
20260410203139_0200_032,20260410203139_0200,20260410203139,特上卓,3,oxy13,63,7p,risekichu_hokan_tsumogiri,1775821249,969.048,,0,,"[56,36,39,16,6,5,53,51,23,93,84,7,88]",,,,222r56m 11456p 4r56s,,,,,,,,,,,,,,
20260410203139_0200_033,20260410203139_0200,20260410203139,特上卓,0,s6u,29,8m,tsumogiri,1775821250,882.063,,0,,"[56,36,39,16,6,5,53,51,23,93,84,7,88,29]",,,,222r568m 11456p 4r56s,,,,0,0,4,47m,0,,,,,,
20260410203139_0201_000,20260410203139_0201,20260410203139,特上卓,3,oxy13,39,1p,tedashi,1775821262,,,0,,"[132,96,80,74,64,79,30,67,27,57,51,55,26]",,,,778m 45688p 1237s 7z,,,,,,,,,,,,,,
20260410203139_0201_001,20260410203139_0201,20260410203139,特上卓,0,s6u,132,7z,tedashi,1775821263,1541.633,,0,,"[132,96,80,74,64,79,30,67,27,57,51,55,26,75]",,,,778m 45688p 11237s 7z,,,,2,2,3,,0,,,,,,
20260410203139_0201_002,20260410203139_0201,20260410203139,特上卓,1,だいあん,134,7z,tedashi,1775821265,1621.041,,0,,"[96,80,74,64,79,30,67,27,57,51,55,26,75]",,,,778m 45688p 11237s,,,,,,,,,,,,,,
20260410203139_0201_003,20260410203139_0201,20260410203139,特上卓,2,カヴァレリッツォ,65,8p,tedashi,1775821268,3289.583,,6,211.339,"[96,80,74,64,79,30,67,27,57,51,55,26,75]",,,,778m 45688p 11237s,,,,,,,,,,,,,,
20260410203139_0201_004,20260410203139_0201,20260410203139,特上卓,3,oxy13,43,2p,tedashi,1775821270,1447.964,,0,,"[96,80,74,64,79,30,67,27,57,51,55,26,75]",,,,778m 45688p 11237s,,,,,,,,,,,,,,
20260410203139_0201_005,20260410203139_0201,20260410203139,特上卓,0,s6u,70,9p,tsumogiri,1775821277,7445.028,,0,,"[96,80,74,64,79,30,67,27,57,51,55,26,75,70]",,,,778m 456889p 11237s,,,,2,2,3,,0,,,,,,
20260410203139_0201_006,20260410203139_0201,20260410203139,特上卓,1,だいあん,126,5z,tedashi,1775821279,1598.092,,1,1818.291,"[96,80,74,64,79,30,67,27,57,51,55,26,75]",,,,778m 45688p 11237s,,,,,,,,,,,,,,
20260410203139_0201_007,20260410203139_0201,20260410203139,特上卓,3,oxy13,83,3s,tedashi,1775821281,753.479,,6,209.206,"[96,80,74,64,79,30,67,27,57,51,55,26,75]",,,,778m 45688p 11237s,,,,,,,,,,,,,,
20260410203139_0201_008,20260410203139_0201,20260410203139,特上卓,0,s6u,115,2z,tsumogiri,1775821284,2775.991,,1,1811.991,"[96,80,74,64,79,30,67,27,57,51,55,26,75,115]",,,,778m 45688p 11237s 2z,,,,2,2,3,,0,,,,,,
20260410203139_0201_009,20260410203139_0201,20260410203139,特上卓,3,oxy13,97,7s,tedashi,1775821286,745.683,,0,,"[96,80,74,64,79,30,67,27,57,51,55,26,75]",,,,778m 45688p 11237s,,,,,,,,,,,,,,
20260410203139_0201_010,20260410203139_0201,20260410203139,特上卓,0,s6u,96,7s,tedashi,1775821288,2469.766,,1,1133.309,"[96,80,74,64,79,30,67,27,57,51,55,26,75,66]",,,,778m 456888p 11237s,,,,1,1,3,,0,,,,,,
20260410203139_0201_011,20260410203139_0201,20260410203139,特上卓,1,だいあん,117,3z,tedashi,1775821291,1958.316,,0,,"[80,74,64,79,30,67,27,57,51,55,26,75,66]",,,,778m 456888p 1123s,,,,,,,,,,,,,,
20260410203139_0201_012,20260410203139_0201,20260410203139,特上卓,2,カヴァレリッツォ,56,6p,tedashi,1775821293,2116.588,,0,,"[80,74,64,79,30,67,27,57,51,55,26,75,66]",,,,778m 456888p 1123s,,,,,,,,,,,,,,
20260410203139_0201_013,20260410203139_0201,20260410203139,特上卓,3,oxy13,98,7s,risekichu_hokan_tsumogiri,1775821295,1831.542,,0,,"[80,74,64,79,30,67,27,57,51,55,26,75,66]",,,,778m 456888p 1123s,,,,,,,,,,,,,,
20260410203139_0201_014,20260410203139_0201,20260410203139,特上卓,0,s6u,75,1s,tedashi,1775821298,2843.378,,1,1693.766,"[80,74,64,79,30,67,27,57,51,55,26,75,66,15]",,,,4778m 456888p 1123s,,,,1,1,3,,0,,,,,,
20260410203139_0201_015,20260410203139_0201,20260410203139,特上卓,1,だいあん,119,3z,risekichu_hokan_tsumogiri,1775821301,1333.822,,0,,"[80,74,64,79,30,67,27,57,51,55,26,66,15]",,,,4778m 456888p 123s,,,,,,,,,,,,,,
20260410203139_0201_016,20260410203139_0201,20260410203139,特上卓,2,カヴァレリッツォ,130,6z,tedashi,1775821303,1697.85,,1,1253.598,"[80,74,64,79,30,67,27,57,51,55,26,66,15]",,,,4778m 456888p 123s,,,,,,,,,,,,,,
20260410203139_0201_017,20260410203139_0201,20260410203139,特上卓,3,oxy13,118,3z,tedashi,1775821306,1679.582,,0,,"[80,74,64,79,30,67,27,57,51,55,26,66,15]",,,,4778m 456888p 123s,,,,,,,,,,,,,,
20260410203139_0201_018,20260410203139_0201,20260410203139,特上卓,0,s6u,15,4m,tedashi,1775821311,5307.334,,0,,"[80,74,64,79,30,67,27,57,51,55,26,66,15,53]",,,,4778m 4556888p 123s,,,,1,1,3,,0,,,,,,
20260410203139_0201_019,20260410203139_0201,20260410203139,特上卓,1,だいあん,133,7z,risekichu_hokan_tsumogiri,1775821313,1848.029,,0,,"[80,74,64,79,30,67,27,57,51,55,26,66,53]",,,,778m 4556888p 123s,,,,,,,,,,,,,,
20260410203139_0201_020,20260410203139_0201,20260410203139,特上卓,2,カヴァレリッツォ,92,6s,tedashi,1775821322,9357.667,,0,,"[80,74,64,79,30,67,27,57,51,55,26,66,53]",,,,778m 4556888p 123s,,,,,,,,,,,,,,
20260410203139_0201_021,20260410203139_0201,20260410203139,特上卓,3,oxy13,108,1z,tedashi,1775821324,2202.419,,2,2343.093,"[80,74,64,79,30,67,27,57,51,55,26,66,53]",,,,778m 4556888p 123s,,,,,,,,,,,,,,
20260410203139_0201_022,20260410203139_0201,20260410203139,特上卓,2,カヴァレリッツォ,0,1m,tedashi,1775821332,5098.788,,1,1721.652,"[80,74,64,79,30,67,27,57,51,55,26,66,53]",,,,778m 4556888p 123s,,,,,,,,,,,,,,
20260410203139_0201_023,20260410203139_0201,20260410203139,特上卓,3,oxy13,32,9m,tedashi,1775821339,5167.828,,6,210.958,"[80,74,64,79,30,67,27,57,51,55,26,66,53]",,,,778m 4556888p 123s,,,,,,,,,,,,,,
20260410203139_0201_024,20260410203139_0201,20260410203139,特上卓,0,s6u,55,5p,tedashi,1775821344,1369.082,3384.665,1,1761.005,"[80,74,64,79,30,67,27,57,51,55,26,66,53,25]",,,,7778m 4556888p 123s,,,,0,0,3,689m,0,,,,,,
20260410203139_0201_025,20260410203139_0201,20260410203139,特上卓,1,だいあん,129,6z,tedashi,1775821347,1250.195,,0,,"[80,74,64,79,30,67,27,57,51,26,66,53,25]",,,,7778m 456888p 123s,,,,,,,,,,,,,,
20260410203139_0201_026,20260410203139_0201,20260410203139,特上卓,2,カヴァレリッツォ,47,3p,tedashi,1775821350,3193.817,,0,,"[80,74,64,79,30,67,27,57,51,26,66,53,25]",,,,7778m 456888p 123s,,,,,,,,,,,,,,
20260410203139_0201_027,20260410203139_0201,20260410203139,特上卓,3,oxy13,114,2z,risekichu_hokan_tsumogiri,1775821354,4591.994,,0,,"[80,74,64,79,30,67,27,57,51,26,66,53,25]",,,,7778m 456888p 123s,,,,,,,,,,,,,,
20260410203139_0201_028,20260410203139_0201,20260410203139,特上卓,0,s6u,1,1m,tsumogiri,1775821355,693.4,,0,,"[80,74,64,79,30,67,27,57,51,26,66,53,25,1]",,,,17778m 456888p 123s,,,,0,0,4,689m,0,,,,,,
20260410203139_0201_029,20260410203139_0201,20260410203139,特上卓,1,だいあん,2,1m,tedashi,1775821357,1736.165,,0,,"[80,74,64,79,30,67,27,57,51,26,66,53,25]",,,,7778m 456888p 123s,,,,,,,,,,,,,,
20260410203139_0201_030,20260410203139_0201,20260410203139,特上卓,2,カヴァレリッツォ,44,3p,tedashi,1775821360,2899.022,,0,,"[80,74,64,79,30,67,27,57,51,26,66,53,25]",,,,7778m 456888p 123s,,,,,,,,,,,,,,
20260410203139_0201_031,20260410203139_0201,20260410203139,特上卓,3,oxy13,103,8s,risekichu_hokan_tsumogiri,1775821362,2070.308,,0,,"[80,74,64,79,30,67,27,57,51,26,66,53,25]",,,,7778m 456888p 123s,,,,,,,,,,,,,,
20260410203139_0300_000,20260410203139_0300,20260410203139,特上卓,0,s6u,114,2z,tedashi,1775821374,,,0,,"[94,114,27,18,106,9,37,25,130,100,126,30,72,11]",,,,335778m 1p 1689s 256z,,,,4,4,4,,0,,,,,,
20260410203139_0300_001,20260410203139_0300,20260410203139,特上卓,1,だいあん,135,7z,tedashi,1775821377,2502.006,,0,,"[94,27,18,106,9,37,25,130,100,126,30,72,11]",,,,335778m 1p 1689s 56z,,,,,,,,,,,,,,
20260410203139_0300_002,20260410203139_0300,20260410203139,特上卓,2,カヴァレリッツォ,122,4z,tedashi,1775821379,2437.31,,0,,"[94,27,18,106,9,37,25,130,100,126,30,72,11]",,,,335778m 1p 1689s 56z,,,,,,,,,,,,,,
20260410203139_0300_003,20260410203139_0300,20260410203139,特上卓,3,oxy13,105,9s,tedashi,1775821381,2140.906,,0,,"[94,27,18,106,9,37,25,130,100,126,30,72,11]",,,,335778m 1p 1689s 56z,,,,,,,,,,,,,,
20260410203139_0300_004,20260410203139_0300,20260410203139,特上卓,0,s6u,37,1p,tedashi,1775821383,1805.027,,6,333.928,"[94,27,18,106,9,37,25,130,100,126,30,72,11,132]",,,,335778m 1p 1689s 567z,,,,4,4,4,,0,,,,,,
20260410203139_0300_005,20260410203139_0300,20260410203139,特上卓,1,だいあん,124,5z,tedashi,1775821385,1289.609,,0,,"[94,27,18,106,9,25,130,100,126,30,72,11,132]",,,,335778m 1689s 567z,,,,,,,,,,,,,,
20260410203139_0300_006,20260410203139_0300,20260410203139,特上卓,2,カヴァレリッツォ,0,1m,risekichu_hokan_tsumogiri,1775821388,3078.325,,6,351.473,"[94,27,18,106,9,25,130,100,126,30,72,11,132]",,,,335778m 1689s 567z,,,,,,,,,,,,,,
20260410203139_0300_007,20260410203139_0300,20260410203139,特上卓,3,oxy13,74,1s,tedashi,1775821391,3050.583,,0,,"[94,27,18,106,9,25,130,100,126,30,72,11,132]",,,,335778m 1689s 567z,,,,,,,,,,,,,,
20260410203139_0300_008,20260410203139_0300,20260410203139,特上卓,0,s6u,72,1s,tedashi,1775821393,1659.699,,0,,"[94,27,18,106,9,25,130,100,126,30,72,11,132,46]",,,,335778m 3p 1689s 567z,,,,4,4,4,,0,,,,,,
20260410203139_0300_009,20260410203139_0300,20260410203139,特上卓,1,だいあん,12,4m,tedashi,1775821396,2831.29,,1,2978.865,"[94,27,18,106,9,25,130,100,126,30,11,132,46]",,,,335778m 3p 689s 567z,,,,,,,,,,,,,,
20260410203139_0300_010,20260410203139_0300,20260410203139,特上卓,2,カヴァレリッツォ,4,2m,tedashi,1775821401,1920.113,,0,,"[94,27,18,106,9,25,130,100,126,30,11,132,46]",,,,335778m 3p 689s 567z,,,,,,,,,,,,,,
20260410203139_0300_011,20260410203139_0300,20260410203139,特上卓,3,oxy13,35,9m,tedashi,1775821403,1910.423,,2,2031.919,"[94,27,18,106,9,25,130,100,126,30,11,132,46]",,,,335778m 3p 689s 567z,,,,,,,,,,,,,,
20260410203139_0300_012,20260410203139_0300,20260410203139,特上卓,0,s6u,94,6s,tedashi,1775821406,1164.389,,0,,"[94,27,18,106,9,130,100,126,11,132,46]",,,,3357m 3p 689s 567z,,,,3,3,,,0,,,,,,
20260410203139_0300_013,20260410203139_0300,20260410203139,特上卓,1,だいあん,115,2z,risekichu_hokan_tsumogiri,1775821407,1582.739,,0,,"[27,18,106,9,130,100,126,11,132,46]",,,,3357m 3p 89s 567z,,,,,,,,,,,,,,
20260410203139_0300_014,20260410203139_0300,20260410203139,特上卓,2,カヴァレリッツォ,21,6m,tedashi,1775821416,5829.774,,0,,"[27,18,106,9,130,100,126,11,132,46]",,,,3357m 3p 89s 567z,,,,,,,,,,,,,,
20260410203139_0300_015,20260410203139_0300,20260410203139,特上卓,3,oxy13,112,2z,tedashi,1775821420,3989.902,,0,,"[27,18,106,9,130,100,126,11,132,46]",,,,3357m 3p 89s 567z,,,,,,,,,,,,,,
20260410203139_0300_016,20260410203139_0300,20260410203139,特上卓,0,s6u,46,3p,tedashi,1775821422,1653.806,,0,,"[27,18,106,9,130,100,126,11,132,46,77]",,,,3357m 3p 289s 567z,,,,3,3,,,0,,,,,,
20260410203139_0300_017,20260410203139_0300,20260410203139,特上卓,1,だいあん,97,7s,tedashi,1775821424,1842.239,,1,2427.679,"[27,18,106,9,130,100,126,11,132,77]",,,,3357m 289s 567z,,,,,,,,,,,,,,
20260410203139_0300_018,20260410203139_0300,20260410203139,特上卓,2,カヴァレリッツォ,28,8m,risekichu_hokan_tsumogiri,1775821428,1623.857,,0,,"[27,18,106,9,130,100,126,11,132,77]",,,,3357m 289s 567z,,,,,,,,,,,,,,
20260410203139_0300_019,20260410203139_0300,20260410203139,特上卓,3,oxy13,87,4s,tedashi,1775821432,4045.475,,0,,"[27,18,106,9,130,100,126,11,132,77]",,,,3357m 289s 567z,,,,,,,,,,,,,,
20260410203139_0300_020,20260410203139_0300,20260410203139,特上卓,0,s6u,100,8s,tedashi,1775821433,1377.109,,0,,"[27,18,106,9,130,100,126,11,132,77,131]",,,,3357m 289s 5667z,,,,2,2,,,0,,,,,,
20260410203139_0300_021,20260410203139_0300,20260410203139,特上卓,1,だいあん,26,7m,risekichu_hokan_tsumogiri,1775821436,2192.816,,1,2592.149,"[27,18,106,9,130,126,11,132,77,131]",,,,3357m 29s 5667z,,,,,,,,,,,,,,
20260410203139_0300_022,20260410203139_0300,20260410203139,特上卓,2,カヴァレリッツォ,98,7s,tedashi,1775821442,1296.18,2247.685,1,1249.284,"[27,18,106,9,130,126,11,132,77,131]",,,,3357m 29s 5667z,,,,,,,,,,,,,,
20260410203139_0300_023,20260410203139_0300,20260410203139,特上卓,3,oxy13,119,3z,tedashi,1775821448,4694.417,,0,,"[27,18,106,9,130,126,11,132,77,131]",,,,3357m 29s 5667z,,,,,,,,,,,,,,
20260410203139_0300_024,20260410203139_0300,20260410203139,特上卓,0,s6u,77,2s,tedashi,1775821450,2279.961,,6,306.827,"[27,18,106,9,130,126,11,132,77,131,110]",,,,3357m 29s 15667z,,,,3,3,,,0,,,,,,
20260410203139_0300_025,20260410203139_0300,20260410203139,特上卓,1,だいあん,3,1m,tedashi,1775821452,1769.19,,0,,"[27,18,106,9,130,126,11,132,131,110]",,,,3357m 9s 15667z,,,,,,,,,,,,,,
20260410203139_0300_026,20260410203139_0300,20260410203139,特上卓,2,カヴァレリッツォ,104,9s,risekichu_hokan_tsumogiri,1775821453,1197.029,,0,,"[27,18,106,9,130,126,11,132,131,110]",,,,3357m 9s 15667z,,,,,,,,,,,,,,
20260410203139_0300_027,20260410203139_0300,20260410203139,特上卓,3,oxy13,117,3z,risekichu_hokan_tsumogiri,1775821456,3000.172,,0,,"[27,18,106,9,130,126,11,132,131,110]",,,,3357m 9s 15667z,,,,,,,,,,,,,,
20260410203139_0300_028,20260410203139_0300,20260410203139,特上卓,0,s6u,106,9s,tedashi,1775821458,1448.99,,0,,"[27,18,106,9,130,126,11,132,131,110,127]",,,,3357m 9s 155667z,,,,2,2,,,0,,,,,,
20260410203139_0300_029,20260410203139_0300,20260410203139,特上卓,1,だいあん,1,1m,tedashi,1775821460,2002.577,,1,1607.21,"[27,18,9,130,126,11,132,131,110,127]",,,,3357m 155667z,,,,,,,,,,,,,,
20260410203139_0400_000,20260410203139_0400,20260410203139,特上卓,1,だいあん,116,3z,risekichu_hokan_tsumogiri,1775821473,,,0,,"[60,75,10,87,133,84,18,49,81,95,68,82,38]",,,,35m 1479p 133446s 7z,,,,,,,,,,,,,,
20260410203139_0400_001,20260410203139_0400,20260410203139,特上卓,2,カヴァレリッツォ,119,3z,tedashi,1775821475,1829.409,,0,,"[60,75,10,87,133,84,18,49,81,95,68,82,38]",,,,35m 1479p 133446s 7z,,,,,,,,,,,,,,
20260410203139_0400_002,20260410203139_0400,20260410203139,特上卓,3,oxy13,118,3z,tedashi,1775821478,2471.77,,0,,"[60,75,10,87,133,84,18,49,81,95,68,82,38]",,,,35m 1479p 133446s 7z,,,,,,,,,,,,,,
20260410203139_0400_003,20260410203139_0400,20260410203139,特上卓,0,s6u,75,1s,tedashi,1775821481,3240.38,,0,,"[60,75,10,87,133,84,18,49,81,95,68,82,38,40]",,,,35m 12479p 133446s 7z,,,,3,3,4,,0,,,,,,
20260410203139_0400_004,20260410203139_0400,20260410203139,特上卓,1,だいあん,115,2z,tedashi,1775821482,1587.0,,0,,"[60,10,87,133,84,18,49,81,95,68,82,38,40]",,,,35m 12479p 33446s 7z,,,,,,,,,,,,,,
20260410203139_0400_005,20260410203139_0400,20260410203139,特上卓,2,カヴァレリッツォ,121,4z,tedashi,1775821484,2009.958,,0,,"[60,10,87,133,84,18,49,81,95,68,82,38,40]",,,,35m 12479p 33446s 7z,,,,,,,,,,,,,,
20260410203139_0400_006,20260410203139_0400,20260410203139,特上卓,3,oxy13,64,8p,tedashi,1775821488,3689.823,,1,1092.365,"[60,10,87,133,84,18,49,81,95,68,82,38,40]",,,,35m 12479p 33446s 7z,,,,,,,,,,,,,,
20260410203139_0400_007,20260410203139_0400,20260410203139,特上卓,0,s6u,38,1p,tedashi,1775821491,1499.222,,0,,"[60,10,87,133,84,18,49,81,95,68,82,38,40,15]",,,,345m 12479p 33446s 7z,,,,2,2,4,,0,,,,,,
20260410203139_0400_008,20260410203139_0400,20260410203139,特上卓,1,だいあん,130,6z,tedashi,1775821493,2374.967,,2,1709.121,"[60,10,87,133,84,18,49,81,95,68,82,40,15]",,,,345m 2479p 33446s 7z,,,,,,,,,,,,,,
20260410203139_0400_009,20260410203139_0400,20260410203139,特上卓,3,oxy13,6,2m,tedashi,1775821496,672.813,,1,1196.036,"[60,10,87,133,84,18,49,81,95,68,82,40,15]",,,,345m 2479p 33446s 7z,,,,,,,,,,,,,,
20260410203139_0400_010,20260410203139_0400,20260410203139,特上卓,0,s6u,3,1m,tsumogiri,1775821498,1076.482,,0,,"[60,10,87,133,84,18,49,81,95,68,82,40,15,3]",,,,1345m 2479p 33446s 7z,,,,2,2,4,,0,,,,,,
20260410203139_0400_011,20260410203139_0400,20260410203139,特上卓,1,だいあん,134,7z,tedashi,1775821499,1362.746,,0,,"[60,10,87,133,84,18,49,81,95,68,82,40,15]",,,,345m 2479p 33446s 7z,,,,,,,,,,,,,,
20260410203139_0400_012,20260410203139_0400,20260410203139,特上卓,2,カヴァレリッツォ,104,9s,tedashi,1775821505,5607.301,,0,,"[60,10,87,133,84,18,49,81,95,68,82,40,15]",,,,345m 2479p 33446s 7z,,,,,,,,,,,,,,
20260410203139_0400_013,20260410203139_0400,20260410203139,特上卓,3,oxy13,135,7z,tedashi,1775821508,3257.953,,0,,"[60,10,87,133,84,18,49,81,95,68,82,40,15]",,,,345m 2479p 33446s 7z,,,,,,,,,,,,,,
20260410203139_0400_014,20260410203139_0400,20260410203139,特上卓,0,s6u,133,7z,tedashi,1775821510,2397.757,,0,,"[60,10,87,133,84,18,49,81,95,68,82,40,15,29]",,,,3458m 2479p 33446s 7z,,,,2,2,4,,0,,,,,,
20260410203139_0400_015,20260410203139_0400,20260410203139,特上卓,1,だいあん,66,8p,tedashi,1775821512,1792.197,,0,,"[60,10,87,84,18,49,81,95,68,82,40,15,29]",,,,3458m 2479p 33446s,,,,,,,,,,,,,,
20260410203139_0400_016,20260410203139_0400,20260410203139,特上卓,2,カヴァレリッツォ,91,5s,risekichu_hokan_tsumogiri,1775821518,5957.625,,2,1530.701,"[60,10,87,84,18,49,81,95,68,82,40,15,29]",,,,3458m 2479p 33446s,,,,,,,,,,,,,,
20260410203139_0400_017,20260410203139_0400,20260410203139,特上卓,3,oxy13,99,7s,tedashi,1775821521,1038.88,,0,,"[60,10,87,84,18,49,81,95,68,82,40,15,29]",,,,3458m 2479p 33446s,,,,,,,,,,,,,,
20260410203139_0400_018,20260410203139_0400,20260410203139,特上卓,0,s6u,29,8m,tedashi,1775821525,4373.98,,0,,"[60,10,87,84,18,49,81,95,68,82,40,15,29,65]",,,,3458m 24789p 33446s,,,,1,1,4,,0,,,,,,
20260410203139_0400_019,20260410203139_0400,20260410203139,特上卓,1,だいあん,105,9s,tedashi,1775821529,3752.89,,0,,"[60,10,87,84,18,49,81,95,68,82,40,15,65]",,,,345m 24789p 33446s,,,,,,,,,,,,,,
20260410203139_0400_020,20260410203139_0400,20260410203139,特上卓,2,カヴァレリッツォ,36,1p,risekichu_hokan_tsumogiri,1775821532,2660.285,,0,,"[60,10,87,84,18,49,81,95,68,82,40,15,65]",,,,345m 24789p 33446s,,,,,,,,,,,,,,
20260410203139_0400_021,20260410203139_0400,20260410203139,特上卓,3,oxy13,1,1m,risekichu_hokan_tsumogiri,1775821533,1751.044,,0,,"[60,10,87,84,18,49,81,95,68,82,40,15,65]",,,,345m 24789p 33446s,,,,,,,,,,,,,,
20260410203139_0400_022,20260410203139_0400,20260410203139,特上卓,0,s6u,40,2p,tedashi,1775821539,5926.757,,1,2189.925,"[60,10,87,84,18,49,81,95,68,82,40,15,65,83]",,,,345m 24789p 333446s,,,,0,0,4,,0,,,,,,
20260410203139_0400_023,20260410203139_0400,20260410203139,特上卓,1,だいあん,39,1p,tedashi,1775821543,1614.615,,0,,"[60,10,87,84,18,49,81,95,68,82,15,65,83]",,,,345m 4789p 333446s,,,,,,,,,,,,,,
20260410203139_0400_024,20260410203139_0400,20260410203139,特上卓,2,カヴァレリッツォ,35,9m,tedashi,1775821546,2795.916,,0,,"[60,10,87,84,18,49,81,95,68,82,15,65,83]",,,,345m 4789p 333446s,,,,,,,,,,,,,,
20260410203139_0400_025,20260410203139_0400,20260410203139,特上卓,3,oxy13,44,3p,risekichu_hokan_tsumogiri,1775821549,1151.864,,1,996.152,"[60,10,87,84,18,49,81,95,68,82,15,65,83]",,,,345m 4789p 333446s,,,,,,,,,,,,,,
20260410203139_0400_026,20260410203139_0400,20260410203139,特上卓,0,s6u,126,5z,tsumogiri,1775821552,2232.38,,0,,"[60,10,87,84,18,49,81,95,68,82,15,65,83,126]",,,,345m 4789p 333446s 5z,,,,1,1,4,,0,,,,,,
20260410203139_0400_027,20260410203139_0400,20260410203139,特上卓,1,だいあん,108,1z,risekichu_hokan_tsumogiri,1775821553,1601.821,,1,1412.328,"[60,10,87,84,18,49,81,95,68,82,15,65,83]",,,,345m 4789p 333446s,,,,,,,,,,,,,,
20260410203139_0400_028,20260410203139_0400,20260410203139,特上卓,2,カヴァレリッツォ,34,9m,tedashi,1775821557,1688.946,,0,,"[60,10,87,84,18,49,81,95,68,82,15,65,83]",,,,345m 4789p 333446s,,,,,,,,,,,,,,
20260410203139_0400_029,20260410203139_0400,20260410203139,特上卓,3,oxy13,106,9s,risekichu_hokan_tsumogiri,1775821558,1454.736,,0,,"[60,10,87,84,18,49,81,95,68,82,15,65,83]",,,,345m 4789p 333446s,,,,,,,,,,,,,,
20260410203139_0400_030,20260410203139_0400,20260410203139,特上卓,0,s6u,49,4p,tedashi,1775821565,640.702,6437.779,1,1246.238,"[60,10,87,84,18,49,81,95,68,82,15,65,83,85]",,,,345m 4789p 3334446s,,,,0,0,4,56s,0,,,,,,
20260410203139_0400_031,20260410203139_0400,20260410203139,特上卓,1,だいあん,74,1s,tedashi,1775821568,1741.701,,0,,"[60,10,87,84,18,81,95,68,82,15,65,83,85]",,,,345m 789p 3334446s,,,,,,,,,,,,,,
20260410203139_0500_000,20260410203139_0500,20260410203139,特上卓,2,カヴァレリッツォ,35,9m,tedashi,1775821580,,,0,,"[121,133,36,55,97,41,49,123,105,24,60,74,116]",,,,7m 12457p 179s 3447z,,,,,,,,,,,,,,
20260410203139_0500_001,20260410203139_0500,20260410203139,特上卓,3,oxy13,69,9p,tedashi,1775821582,1770.236,,0,,"[121,133,36,55,97,41,49,123,105,24,60,74,116]",,,,7m 12457p 179s 3447z,,,,,,,,,,,,,,
20260410203139_0500_002,20260410203139_0500,20260410203139,特上卓,0,s6u,74,1s,tedashi,1775821583,1491.512,,0,,"[121,133,36,55,97,41,49,123,105,24,60,74,116,26]",,,,77m 12457p 179s 3447z,,,,3,3,4,,0,,,,,,
20260410203139_0500_003,20260410203139_0500,20260410203139,特上卓,1,だいあん,109,1z,tedashi,1775821584,1213.129,,0,,"[121,133,36,55,97,41,49,123,105,24,60,116,26]",,,,77m 12457p 79s 3447z,,,,,,,,,,,,,,
20260410203139_0500_004,20260410203139_0500,20260410203139,特上卓,2,カヴァレリッツォ,110,1z,tedashi,1775821588,3203.245,,1,1882.075,"[121,133,36,55,97,41,49,123,105,24,60,116,26]",,,,77m 12457p 79s 3447z,,,,,,,,,,,,,,
20260410203139_0500_005,20260410203139_0500,20260410203139,特上卓,3,oxy13,111,1z,tedashi,1775821591,1747.326,,0,,"[121,133,36,55,97,41,49,123,105,24,60,116,26]",,,,77m 12457p 79s 3447z,,,,,,,,,,,,,,
20260410203139_0500_006,20260410203139_0500,20260410203139,特上卓,0,s6u,105,9s,tedashi,1775821594,2944.582,,6,321.757,"[121,133,36,55,97,41,49,123,105,24,60,116,26,17]",,,,577m 12457p 79s 3447z,,,,3,3,4,,0,,,,,,
20260410203139_0500_007,20260410203139_0500,20260410203139,特上卓,1,だいあん,134,7z,tedashi,1775821596,1628.486,,0,,"[121,133,36,55,97,41,49,123,24,60,116,26,17]",,,,577m 12457p 7s 3447z,,,,,,,,,,,,,,
20260410203139_0500_008,20260410203139_0500,20260410203139,特上卓,2,カヴァレリッツォ,64,8p,tedashi,1775821598,2044.494,,0,,"[121,133,36,55,97,41,49,123,24,60,116,26,17]",,,,577m 12457p 7s 3447z,,,,,,,,,,,,,,
20260410203139_0500_009,20260410203139_0500,20260410203139,特上卓,3,oxy13,120,4z,tedashi,1775821600,2231.351,,1,1973.164,"[121,133,36,55,97,41,49,123,24,60,116,26,17]",,,,577m 12457p 7s 3447z,,,,,,,,,,,,,,
20260410203139_0500_010,20260410203139_0500,20260410203139,特上卓,0,s6u,97,7s,tedashi,1775821604,1300.395,,1,1244.937,"[121,133,36,55,97,41,49,123,24,60,116,26,17,119]",,,,577m 12457p 7s 33447z,,,,3,3,3,,0,,,,,,
20260410203139_0500_011,20260410203139_0500,20260410203139,特上卓,1,だいあん,122,4z,tedashi,1775821606,1026.146,,2,1249.499,"[121,133,36,55,41,49,123,24,60,116,26,17,119]",,,,577m 12457p 33447z,,,,,,,,,,,,,,
20260410203139_0500_012,20260410203139_0500,20260410203139,特上卓,0,s6u,17,5m,tedashi,1775821609,1305.251,,0,,"[133,36,55,41,49,24,60,116,26,17,119]",,,,577m 12457p 337z,,,,2,2,,,0,,,,,,
20260410203139_0500_013,20260410203139_0500,20260410203139,特上卓,1,だいあん,71,9p,tedashi,1775821611,2576.581,,0,,"[133,36,55,41,49,24,60,116,26,119]",,,,77m 12457p 337z,,,,,,,,,,,,,,
20260410203139_0500_014,20260410203139_0500,20260410203139,特上卓,2,カヴァレリッツォ,11,3m,risekichu_hokan_tsumogiri,1775821614,2781.534,,0,,"[133,36,55,41,49,24,60,116,26,119]",,,,77m 12457p 337z,,,,,,,,,,,,,,
20260410203139_0500_015,20260410203139_0500,20260410203139,特上卓,3,oxy13,106,9s,risekichu_hokan_tsumogiri,1775821617,2626.731,,0,,"[133,36,55,41,49,24,60,116,26,119]",,,,77m 12457p 337z,,,,,,,,,,,,,,
20260410203139_0500_016,20260410203139_0500,20260410203139,特上卓,0,s6u,78,2s,tsumogiri,1775821618,1831.591,,0,,"[133,36,55,41,49,24,60,116,26,119,78]",,,,77m 12457p 2s 337z,,,,2,2,,,0,,,,,,
20260410203139_0500_017,20260410203139_0500,20260410203139,特上卓,1,だいあん,82,3s,tedashi,1775821621,555.527,1628.261,0,,"[133,36,55,41,49,24,60,116,26,119]",,,,77m 12457p 337z,,,,,,,,,,,,,,
20260410203139_0500_018,20260410203139_0500,20260410203139,特上卓,2,カヴァレリッツォ,135,7z,tedashi,1775821624,3593.557,,0,,"[133,36,55,41,49,24,60,116,26,119]",,,,77m 12457p 337z,,,,,,,,,,,,,,
20260410203139_0500_019,20260410203139_0500,20260410203139,特上卓,3,oxy13,132,7z,tedashi,1775821626,1411.09,,0,,"[133,36,55,41,49,24,60,116,26,119]",,,,77m 12457p 337z,,,,,,,,,,,,,,
20260410203139_0500_020,20260410203139_0500,20260410203139,特上卓,0,s6u,133,7z,tedashi,1775821627,1521.414,,0,,"[133,36,55,41,49,24,60,116,26,119,108]",,,,77m 12457p 1337z,,,,2,2,,,0,,,,,,
20260410203139_0500_021,20260410203139_0500,20260410203139,特上卓,1,だいあん,86,4s,risekichu_hokan_tsumogiri,1775821628,721.177,,1,4654.089,"[36,55,41,49,24,60,116,26,119,108]",,,,77m 12457p 133z,,,,,,,,,,,,,,
20260410203139_0500_022,20260410203139_0500,20260410203139,特上卓,2,カヴァレリッツォ,125,5z,tedashi,1775821640,7278.976,,0,,"[36,55,41,49,24,60,116,26,119,108]",,,,77m 12457p 133z,,,,,,,,,,,,,,
20260410203139_0500_023,20260410203139_0500,20260410203139,特上卓,3,oxy13,84,4s,tedashi,1775821642,1860.121,,0,,"[36,55,41,49,24,60,116,26,119,108]",,,,77m 12457p 133z,,,,,,,,,,,,,,
20260410203139_0500_024,20260410203139_0500,20260410203139,特上卓,0,s6u,108,1z,tedashi,1775821644,2126.388,,0,,"[36,55,41,49,24,60,116,26,119,108,15]",,,,477m 12457p 133z,,,,2,2,,,0,,,,,,
20260410203139_0500_025,20260410203139_0500,20260410203139,特上卓,1,だいあん,87,4s,risekichu_hokan_tsumogiri,1775821644,727.357,,1,2446.316,"[36,55,41,49,24,60,116,26,119,15]",,,,477m 12457p 33z,,,,,,,,,,,,,,
20260410203139_0500_026,20260410203139_0500,20260410203139,特上卓,2,カヴァレリッツォ,127,5z,tedashi,1775821648,1577.8,,0,,"[36,55,41,49,24,60,116,26,119,15]",,,,477m 12457p 33z,,,,,,,,,,,,,,
20260410203139_0500_027,20260410203139_0500,20260410203139,特上卓,3,oxy13,83,3s,tedashi,1775821650,1796.643,,0,,"[36,55,41,49,24,60,116,26,119,15]",,,,477m 12457p 33z,,,,,,,,,,,,,,
20260410203139_0500_028,20260410203139_0500,20260410203139,特上卓,0,s6u,116,3z,tedashi,1775821662,11809.808,,0,,"[36,55,41,49,24,60,116,26,119,15,1]",,,,1477m 12457p 33z,,,,2,2,,,0,,,,,,
20260410203139_0500_029,20260410203139_0500,20260410203139,特上卓,1,だいあん,53,5p,risekichu_hokan_tsumogiri,1775821663,704.242,,0,,"[36,55,41,49,24,60,26,119,15,1]",,,,1477m 12457p 3z,,,,,,,,,,,,,,
20260410203139_0500_030,20260410203139_0500,20260410203139,特上卓,2,カヴァレリッツォ,52,r5p,tedashi,1775821668,5551.893,,0,,"[36,55,41,49,24,60,26,119,15,1]",,,,1477m 12457p 3z,,,,,,,,,,,,,,
20260410203139_0500_031,20260410203139_0500,20260410203139,特上卓,3,oxy13,54,5p,risekichu_hokan_tsumogiri,1775821671,2504.223,,0,,"[36,55,41,49,24,60,26,119,15,1]",,,,1477m 12457p 3z,,,,,,,,,,,,,,
20260410203139_0500_032,20260410203139_0500,20260410203139,特上卓,0,s6u,119,3z,tedashi,1775821672,1541.147,,0,,"[36,55,41,49,24,60,26,119,15,1,102]",,,,1477m 12457p 8s 3z,,,,3,3,,,0,,,,,,
20260410203139_0500_033,20260410203139_0500,20260410203139,特上卓,1,だいあん,107,9s,risekichu_hokan_tsumogiri,1775821673,790.046,,0,,"[36,55,41,49,24,60,26,15,1,102]",,,,1477m 12457p 8s,,,,,,,,,,,,,,
20260410203139_0500_034,20260410203139_0500,20260410203139,特上卓,2,カヴァレリッツォ,92,6s,tedashi,1775821676,3254.369,,1,8451.895,"[36,55,41,49,24,60,26,15,1,102]",,,,1477m 12457p 8s,,,,,,,,,,,,,,
20260410203139_0500_035,20260410203139_0500,20260410203139,特上卓,3,oxy13,94,6s,tedashi,1775821687,2112.776,,0,,"[36,55,41,49,24,60,26,15,1,102]",,,,1477m 12457p 8s,,,,,,,,,,,,,,
20260410203139_0500_036,20260410203139_0500,20260410203139,特上卓,0,s6u,118,3z,tsumogiri,1775821689,1933.183,,0,,"[36,55,41,49,24,60,26,15,1,102,118]",,,,1477m 12457p 8s 3z,,,,3,3,,,0,,,,,,
20260410203139_0500_037,20260410203139_0500,20260410203139,特上卓,1,だいあん,73,1s,risekichu_hokan_tsumogiri,1775821690,736.676,,1,2559.802,"[36,55,41,49,24,60,26,15,1,102]",,,,1477m 12457p 8s,,,,,,,,,,,,,,
20260410203139_0500_038,20260410203139_0500,20260410203139,特上卓,2,カヴァレリッツォ,66,8p,risekichu_hokan_tsumogiri,1775821695,3066.685,,0,,"[36,55,41,49,24,60,26,15,1,102]",,,,1477m 12457p 8s,,,,,,,,,,,,,,
20260410203139_0500_039,20260410203139_0500,20260410203139,特上卓,3,oxy13,95,6s,tedashi,1775821697,1637.428,,0,,"[36,55,41,49,24,60,26,15,1,102]",,,,1477m 12457p 8s,,,,,,,,,,,,,,
20260410203139_0500_040,20260410203139_0500,20260410203139,特上卓,0,s6u,55,5p,tedashi,1775821701,4527.531,,0,,"[36,55,41,49,24,60,26,15,1,102,4]",,,,12477m 12457p 8s,,,,2,2,,,0,,,,,,
20260410203139_0500_041,20260410203139_0500,20260410203139,特上卓,1,だいあん,58,6p,risekichu_hokan_tsumogiri,1775821702,798.242,,0,,"[36,41,49,24,60,26,15,1,102,4]",,,,12477m 1247p 8s,,,,,,,,,,,,,,
20260410203139_0500_042,20260410203139_0500,20260410203139,特上卓,2,カヴァレリッツォ,75,1s,tedashi,1775821705,3162.402,,0,,"[36,41,49,24,60,26,15,1,102,4]",,,,12477m 1247p 8s,,,,,,,,,,,,,,
20260410203139_0500_043,20260410203139_0500,20260410203139,特上卓,3,oxy13,56,6p,tedashi,1775821707,1656.348,,0,,"[36,41,49,24,60,26,15,1,102,4]",,,,12477m 1247p 8s,,,,,,,,,,,,,,
20260410203139_0500_044,20260410203139_0500,20260410203139,特上卓,0,s6u,41,2p,tedashi,1775821715,7469.012,,0,,"[36,41,49,24,60,26,15,1,102,4,89]",,,,12477m 1247p 58s,,,,3,3,,,0,,,,,,
20260410203139_0500_045,20260410203139_0500,20260410203139,特上卓,1,だいあん,100,8s,risekichu_hokan_tsumogiri,1775821715,825.034,,0,,"[36,49,24,60,26,15,1,102,4,89]",,,,12477m 147p 58s,,,,,,,,,,,,,,
20260410203139_0500_046,20260410203139_0500,20260410203139,特上卓,2,カヴァレリッツォ,80,3s,tedashi,1775821719,3609.382,,1,1746.897,"[36,49,24,60,26,15,1,102,4,89]",,,,12477m 147p 58s,,,,,,,,,,,,,,
20260410203139_0500_047,20260410203139_0500,20260410203139,特上卓,3,oxy13,70,9p,tedashi,1775821722,1200.199,,0,,"[36,49,24,60,26,15,1,102,4,89]",,,,12477m 147p 58s,,,,,,,,,,,,,,
20260410203139_0500_048,20260410203139_0500,20260410203139,特上卓,0,s6u,102,8s,tedashi,1775821723,1375.013,,0,,"[36,49,24,60,26,15,1,102,4,89,103]",,,,12477m 147p 588s,,,,3,3,,,0,,,,,,
20260410203139_0500_049,20260410203139_0500,20260410203139,特上卓,1,だいあん,90,5s,risekichu_hokan_tsumogiri,1775821724,769.492,,0,,"[36,49,24,60,26,15,1,4,89,103]",,,,12477m 147p 58s,,,,,,,,,,,,,,
20260410203139_0500_050,20260410203139_0500,20260410203139,特上卓,2,カヴァレリッツォ,72,1s,tedashi,1775821726,2308.696,,0,,"[36,49,24,60,26,15,1,4,89,103]",,,,12477m 147p 58s,,,,,,,,,,,,,,
20260410203139_0500_051,20260410203139_0500,20260410203139,特上卓,3,oxy13,91,5s,tedashi,1775821730,3650.369,,0,,"[36,49,24,60,26,15,1,4,89,103]",,,,12477m 147p 58s,,,,,,,,,,,,,,
20260410203139_0500_052,20260410203139_0500,20260410203139,特上卓,0,s6u,103,8s,tedashi,1775821732,1803.104,,0,,"[36,49,24,60,26,15,1,4,89,103,81]",,,,12477m 147p 358s,,,,3,3,,,0,,,,,,
20260410203139_0500_053,20260410203139_0500,20260410203139,特上卓,1,だいあん,33,9m,risekichu_hokan_tsumogiri,1775821733,737.768,,0,,"[36,49,24,60,26,15,1,4,89,81]",,,,12477m 147p 35s,,,,,,,,,,,,,,
20260410203139_0500_054,20260410203139_0500,20260410203139,特上卓,2,カヴァレリッツォ,34,9m,tedashi,1775821735,2546.767,,1,1093.886,"[36,49,24,60,26,15,1,4,89,81]",,,,12477m 147p 35s,,,,,,,,,,,,,,
20260410203139_0500_055,20260410203139_0500,20260410203139,特上卓,3,oxy13,43,2p,tedashi,1775821737,1162.645,,0,,"[36,49,24,60,26,15,1,4,89,81]",,,,12477m 147p 35s,,,,,,,,,,,,,,
20260410203139_0500_056,20260410203139_0500,20260410203139,特上卓,0,s6u,45,3p,tsumogiri,1775821741,3634.223,,0,,"[36,49,24,60,26,15,1,4,89,81,45]",,,,12477m 1347p 35s,,,,2,2,,,0,,,,,,
20260410203139_0500_057,20260410203139_0500,20260410203139,特上卓,1,だいあん,14,4m,risekichu_hokan_tsumogiri,1775821742,892.159,,1,1799.18,"[36,49,24,60,26,15,1,4,89,81]",,,,12477m 147p 35s,,,,,,,,,,,,,,
20260410203139_0500_058,20260410203139_0500,20260410203139,特上卓,2,カヴァレリッツォ,104,9s,tedashi,1775821745,1200.428,,0,,"[36,49,24,60,26,15,1,4,89,81]",,,,12477m 147p 35s,,,,,,,,,,,,,,
20260410203139_0500_059,20260410203139_0500,20260410203139,特上卓,3,oxy13,13,4m,tedashi,1775821747,1753.671,,0,,"[36,49,24,60,26,15,1,4,89,81]",,,,12477m 147p 35s,,,,,,,,,,,,,,
20260410203139_0500_060,20260410203139_0500,20260410203139,特上卓,0,s6u,15,4m,tedashi,1775821748,1409.566,,0,,"[36,49,24,60,26,15,1,4,89,81,38]",,,,12477m 1147p 35s,,,,2,2,,,0,,,,,,
20260410203139_0500_061,20260410203139_0500,20260410203139,特上卓,1,だいあん,44,3p,risekichu_hokan_tsumogiri,1775821749,778.529,,0,,"[36,49,24,60,26,1,4,89,81,38]",,,,1277m 1147p 35s,,,,,,,,,,,,,,
20260410203139_0500_062,20260410203139_0500,20260410203139,特上卓,2,カヴァレリッツォ,32,9m,tedashi,1775821751,2488.275,,1,1363.573,"[36,49,24,60,26,1,4,89,81,38]",,,,1277m 1147p 35s,,,,,,,,,,,,,,
20260410203139_0500_063,20260410203139_0500,20260410203139,特上卓,3,oxy13,47,3p,tedashi,1775821753,790.272,,0,,"[36,49,24,60,26,1,4,89,81,38]",,,,1277m 1147p 35s,,,,,,,,,,,,,,
20260410203139_0500_064,20260410203139_0500,20260410203139,特上卓,0,s6u,1,1m,tedashi,1775821759,5051.408,,0,,"[36,49,24,60,26,1,4,89,81,38,65]",,,,1277m 11478p 35s,,,,2,2,,,0,,,,,,
20260410203139_0500_065,20260410203139_0500,20260410203139,特上卓,1,だいあん,128,6z,risekichu_hokan_tsumogiri,1775821759,860.373,,0,,"[36,49,24,60,26,4,89,81,38,65]",,,,277m 11478p 35s,,,,,,,,,,,,,,
20260410203139_0500_066,20260410203139_0500,20260410203139,特上卓,2,カヴァレリッツォ,12,4m,tedashi,1775821762,2411.273,,0,,"[36,49,24,60,26,4,89,81,38,65]",,,,277m 11478p 35s,,,,,,,,,,,,,,
20260410203139_0500_067,20260410203139_0500,20260410203139,特上卓,3,oxy13,0,1m,tedashi,1775821764,2408.36,,0,,"[36,49,24,60,26,4,89,81,38,65]",,,,277m 11478p 35s,,,,,,,,,,,,,,
20260410203139_0500_068,20260410203139_0500,20260410203139,特上卓,0,s6u,81,3s,tedashi,1775821765,1051.085,,0,,"[36,49,24,60,26,4,89,81,38,65,10]",,,,2377m 11478p 35s,,,,2,2,,,0,,,,,,
20260410203139_0500_069,20260410203139_0500,20260410203139,特上卓,1,だいあん,42,2p,risekichu_hokan_tsumogiri,1775821766,1027.323,,0,,"[36,49,24,60,26,4,89,38,65,10]",,,,2377m 11478p 5s,,,,,,,,,,,,,,
20260410203139_0500_070,20260410203139_0500,20260410203139,特上卓,2,カヴァレリッツォ,117,3z,tedashi,1775821776,10168.629,,0,,"[36,49,24,60,26,4,89,38,65,10]",,,,2377m 11478p 5s,,,,,,,,,,,,,,
20260410203139_0601_000,20260410203139_0601,20260410203139,特上卓,3,oxy13,104,9s,tedashi,1775821786,,,0,,"[61,116,111,58,57,75,17,18,112,30,103,121,64]",,,,558m 6678p 18s 1234z,,,,,,,,,,,,,,
20260410203139_0601_001,20260410203139_0601,20260410203139,特上卓,0,s6u,111,1z,tedashi,1775821790,3888.712,,0,,"[61,116,111,58,57,75,17,18,112,30,103,121,64,69]",,,,558m 66789p 18s 1234z,,,,4,4,4,,0,,,,,,
20260410203139_0601_002,20260410203139_0601,20260410203139,特上卓,1,だいあん,133,7z,tedashi,1775821791,1411.637,,0,,"[61,116,58,57,75,17,18,112,30,103,121,64,69]",,,,558m 66789p 18s 234z,,,,,,,,,,,,,,
20260410203139_0601_003,20260410203139_0601,20260410203139,特上卓,2,カヴァレリッツォ,36,1p,tedashi,1775821793,1705.532,,0,,"[61,116,58,57,75,17,18,112,30,103,121,64,69]",,,,558m 66789p 18s 234z,,,,,,,,,,,,,,
20260410203139_0601_004,20260410203139_0601,20260410203139,特上卓,3,oxy13,37,1p,tedashi,1775821796,2953.915,,0,,"[61,116,58,57,75,17,18,112,30,103,121,64,69]",,,,558m 66789p 18s 234z,,,,,,,,,,,,,,
20260410203139_0601_005,20260410203139_0601,20260410203139,特上卓,0,s6u,116,3z,tedashi,1775821797,1399.258,,0,,"[61,116,58,57,75,17,18,112,30,103,121,64,69,95]",,,,558m 66789p 168s 234z,,,,3,3,4,,0,,,,,,
20260410203139_0601_006,20260410203139_0601,20260410203139,特上卓,1,だいあん,126,5z,tedashi,1775821799,1518.813,,0,,"[61,58,57,75,17,18,112,30,103,121,64,69,95]",,,,558m 66789p 168s 24z,,,,,,,,,,,,,,
20260410203139_0601_007,20260410203139_0601,20260410203139,特上卓,2,カヴァレリッツォ,132,7z,tedashi,1775821801,2214.788,,0,,"[61,58,57,75,17,18,112,30,103,121,64,69,95]",,,,558m 66789p 168s 24z,,,,,,,,,,,,,,
20260410203139_0601_008,20260410203139_0601,20260410203139,特上卓,3,oxy13,125,5z,tedashi,1775821807,5812.115,,0,,"[61,58,57,75,17,18,112,30,103,121,64,69,95]",,,,558m 66789p 168s 24z,,,,,,,,,,,,,,
20260410203139_0601_009,20260410203139_0601,20260410203139,特上卓,0,s6u,121,4z,tedashi,1775821808,1311.232,,0,,"[61,58,57,75,17,18,112,30,103,121,64,69,95,128]",,,,558m 66789p 168s 246z,,,,3,3,4,,0,,,,,,
20260410203139_0601_010,20260410203139_0601,20260410203139,特上卓,1,だいあん,77,2s,tedashi,1775821812,3618.816,,1,1643.388,"[61,58,57,75,17,18,112,30,103,64,69,95,128]",,,,558m 66789p 168s 26z,,,,,,,,,,,,,,
20260410203139_0601_011,20260410203139_0601,20260410203139,特上卓,2,カヴァレリッツォ,124,5z,tedashi,1775821815,1288.037,,0,,"[61,58,57,75,17,18,112,30,103,64,69,95,128]",,,,558m 66789p 168s 26z,,,,,,,,,,,,,,
20260410203139_0601_012,20260410203139_0601,20260410203139,特上卓,3,oxy13,70,9p,tedashi,1775821818,3599.454,,6,196.124,"[61,58,57,75,17,18,112,30,103,64,69,95,128]",,,,558m 66789p 168s 26z,,,,,,,,,,,,,,
20260410203139_0601_013,20260410203139_0601,20260410203139,特上卓,0,s6u,128,6z,tedashi,1775821820,1365.533,,0,,"[61,58,57,75,17,18,112,30,103,64,69,95,128,79]",,,,558m 66789p 1268s 26z,,,,2,2,4,,0,,,,,,
20260410203139_0601_014,20260410203139_0601,20260410203139,特上卓,1,だいあん,115,2z,risekichu_hokan_tsumogiri,1775821822,1750.262,,2,2242.679,"[61,58,57,75,17,18,112,30,103,64,69,95,79]",,,,558m 66789p 1268s 2z,,,,,,,,,,,,,,
20260410203139_0601_015,20260410203139_0601,20260410203139,特上卓,3,oxy13,48,4p,tedashi,1775821825,1525.495,,1,1680.83,"[61,58,57,75,17,18,112,30,103,64,69,95,79]",,,,558m 66789p 1268s 2z,,,,,,,,,,,,,,
20260410203139_0601_016,20260410203139_0601,20260410203139,特上卓,0,s6u,38,1p,tsumogiri,1775821829,2009.29,,6,322.384,"[61,58,57,75,17,18,112,30,103,64,69,95,79,38]",,,,558m 166789p 1268s 2z,,,,2,2,4,,0,,,,,,
20260410203139_0601_017,20260410203139_0601,20260410203139,特上卓,1,だいあん,68,9p,tedashi,1775821832,2970.689,,0,,"[61,58,57,75,17,18,112,30,103,64,69,95,79]",,,,558m 66789p 1268s 2z,,,,,,,,,,,,,,
20260410203139_0601_018,20260410203139_0601,20260410203139,特上卓,2,カヴァレリッツォ,65,8p,tedashi,1775821835,2170.721,,0,,"[61,58,57,75,17,18,112,30,103,64,69,95,79]",,,,558m 66789p 1268s 2z,,,,,,,,,,,,,,
20260410203139_0601_019,20260410203139_0601,20260410203139,特上卓,3,oxy13,59,6p,risekichu_hokan_tsumogiri,1775821837,2366.642,,6,207.751,"[61,58,57,75,17,18,112,30,103,64,69,95,79]",,,,558m 66789p 1268s 2z,,,,,,,,,,,,,,
20260410203139_0601_020,20260410203139_0601,20260410203139,特上卓,0,s6u,112,2z,tedashi,1775821838,1151.412,,0,,"[61,58,57,75,17,18,112,30,103,64,69,95,79,26]",,,,5578m 66789p 1268s 2z,,,,2,2,4,,0,,,,,,
20260410203139_0601_021,20260410203139_0601,20260410203139,特上卓,1,だいあん,63,7p,tedashi,1775821843,4462.976,,0,,"[61,58,57,75,17,18,30,103,64,69,95,79,26]",,,,5578m 66789p 1268s,,,,,,,,,,,,,,
20260410203139_0601_022,20260410203139_0601,20260410203139,特上卓,2,カヴァレリッツォ,130,6z,risekichu_hokan_tsumogiri,1775821845,2050.351,,0,,"[61,58,57,75,17,18,30,103,64,69,95,79,26]",,,,5578m 66789p 1268s,,,,,,,,,,,,,,
20260410203139_0601_023,20260410203139_0601,20260410203139,特上卓,3,oxy13,80,3s,tedashi,1775821847,2243.527,,6,204.253,"[61,58,57,75,17,18,30,103,64,69,95,79,26]",,,,5578m 66789p 1268s,,,,,,,,,,,,,,
20260410203139_0601_024,20260410203139_0601,20260410203139,特上卓,0,s6u,117,3z,tsumogiri,1775821849,1395.615,,0,,"[61,58,57,75,17,18,30,103,64,69,95,79,26,117]",,,,5578m 66789p 1268s 3z,,,,2,2,4,,0,,,,,,
20260410203139_0601_025,20260410203139_0601,20260410203139,特上卓,1,だいあん,106,9s,risekichu_hokan_tsumogiri,1775821850,1492.621,,1,1953.767,"[61,58,57,75,17,18,30,103,64,69,95,79,26]",,,,5578m 66789p 1268s,,,,,,,,,,,,,,
20260410203139_0601_026,20260410203139_0601,20260410203139,特上卓,2,カヴァレリッツォ,47,3p,tedashi,1775821861,8575.729,,6,405.512,"[61,58,57,75,17,18,30,103,64,69,95,79,26]",,,,5578m 66789p 1268s,,,,,,,,,,,,,,
20260410203139_0601_027,20260410203139_0601,20260410203139,特上卓,3,oxy13,32,9m,risekichu_hokan_tsumogiri,1775821864,2989.897,,6,214.828,"[61,58,57,75,17,18,30,103,64,69,95,79,26]",,,,5578m 66789p 1268s,,,,,,,,,,,,,,
20260410203139_0601_028,20260410203139_0601,20260410203139,特上卓,0,s6u,1,1m,tsumogiri,1775821866,1461.99,,6,245.877,"[61,58,57,75,17,18,30,103,64,69,95,79,26,1]",,,,15578m 66789p 1268s,,,,2,2,4,,0,,,,,,
20260410203139_0601_029,20260410203139_0601,20260410203139,特上卓,1,だいあん,108,1z,risekichu_hokan_tsumogiri,1775821867,1333.973,,0,,"[61,58,57,75,17,18,30,103,64,69,95,79,26]",,,,5578m 66789p 1268s,,,,,,,,,,,,,,
20260410203139_0601_030,20260410203139_0601,20260410203139,特上卓,2,カヴァレリッツォ,29,8m,tedashi,1775821879,12115.537,,1,1492.258,"[61,58,57,75,17,18,30,103,64,69,95,79,26]",,,,5578m 66789p 1268s,,,,,,,,,,,,,,
20260410203139_0601_031,20260410203139_0601,20260410203139,特上卓,3,oxy13,78,2s,risekichu_hokan_tsumogiri,1775821882,1209.633,,0,,"[61,58,57,75,17,18,30,103,64,69,95,79,26]",,,,5578m 66789p 1268s,,,,,,,,,,,,,,
20260410203139_0601_032,20260410203139_0601,20260410203139,特上卓,0,s6u,3,1m,tsumogiri,1775821884,1466.913,,1,1166.404,"[61,58,57,75,17,18,30,103,64,69,95,79,26,3]",,,,15578m 66789p 1268s,,,,2,2,4,,0,,,,,,
20260410203139_0601_033,20260410203139_0601,20260410203139,特上卓,1,だいあん,39,1p,tedashi,1775821890,5332.893,,0,,"[61,58,57,75,17,18,30,103,64,69,95,79,26]",,,,5578m 66789p 1268s,,,,,,,,,,,,,,
20260410203139_0601_034,20260410203139_0601,20260410203139,特上卓,2,カヴァレリッツォ,97,7s,tedashi,1775821897,7420.069,,0,,"[61,58,57,75,17,18,30,103,64,69,95,79,26]",,,,5578m 66789p 1268s,,,,,,,,,,,,,,
20260410203139_0601_035,20260410203139_0601,20260410203139,特上卓,3,oxy13,110,1z,risekichu_hokan_tsumogiri,1775821899,1792.648,,0,,"[61,58,57,75,17,18,30,103,64,69,95,79,26]",,,,5578m 66789p 1268s,,,,,,,,,,,,,,
20260410203139_0601_036,20260410203139_0601,20260410203139,特上卓,0,s6u,119,3z,tsumogiri,1775821901,1588.068,,0,,"[61,58,57,75,17,18,30,103,64,69,95,79,26,119]",,,,5578m 66789p 1268s 3z,,,,2,2,4,,0,,,,,,
20260410203139_0601_037,20260410203139_0601,20260410203139,特上卓,1,だいあん,72,1s,risekichu_hokan_tsumogiri,1775821902,1574.342,,1,1717.255,"[61,58,57,75,17,18,30,103,64,69,95,79,26]",,,,5578m 66789p 1268s,,,,,,,,,,,,,,
20260410203139_0601_038,20260410203139_0601,20260410203139,特上卓,2,カヴァレリッツォ,134,7z,risekichu_hokan_tsumogiri,1775821906,1487.967,,0,,"[61,58,57,75,17,18,30,103,64,69,95,79,26]",,,,5578m 66789p 1268s,,,,,,,,,,,,,,
20260410203139_0601_039,20260410203139_0601,20260410203139,特上卓,3,oxy13,56,6p,risekichu_hokan_tsumogiri,1775821907,1737.18,,6,218.505,"[61,58,57,75,17,18,30,103,64,69,95,79,26]",,,,5578m 66789p 1268s,,,,,,,,,,,,,,
20260410203139_0601_040,20260410203139_0601,20260410203139,特上卓,0,s6u,69,9p,tedashi,1775821915,7807.567,,0,,"[61,58,57,75,17,18,30,103,64,69,95,79,26,96]",,,,5578m 66789p 12678s,,,,1,1,4,,0,,,,,,
20260410203139_0601_041,20260410203139_0601,20260410203139,特上卓,1,だいあん,73,1s,risekichu_hokan_tsumogiri,1775821917,1968.22,,1,1700.623,"[61,58,57,75,17,18,30,103,64,95,79,26,96]",,,,5578m 6678p 12678s,,,,,,,,,,,,,,
20260410203139_0601_042,20260410203139_0601,20260410203139,特上卓,2,カヴァレリッツォ,129,6z,risekichu_hokan_tsumogiri,1775821920,1288.732,,0,,"[61,58,57,75,17,18,30,103,64,95,79,26,96]",,,,5578m 6678p 12678s,,,,,,,,,,,,,,
20260410203139_0601_043,20260410203139_0601,20260410203139,特上卓,3,oxy13,127,5z,risekichu_hokan_tsumogiri,1775821923,2251.584,,0,,"[61,58,57,75,17,18,30,103,64,95,79,26,96]",,,,5578m 6678p 12678s,,,,,,,,,,,,,,
20260410203139_0601_044,20260410203139_0601,20260410203139,特上卓,0,s6u,58,6p,tedashi,1775821925,808.928,1781.08,2,4268.812,"[61,58,57,75,17,18,30,103,64,95,79,26,96,82]",,,,5578m 6678p 123678s,,,,0,0,4,69m,0,6p,5123pt,,,,
20260410203139_0601_045,20260410203139_0601,20260410203139,特上卓,1,だいあん,2,1m,tedashi,1775821930,900.015,,0,,"[61,57,75,17,18,30,103,64,95,79,26,96,82]",,,,5578m 678p 123678s,,,,,,,,,,,,,,
20260410203139_0601_046,20260410203139_0601,20260410203139,特上卓,2,カヴァレリッツォ,101,8s,tedashi,1775821939,8698.316,,0,,"[61,57,75,17,18,30,103,64,95,79,26,96,82]",,,,5578m 678p 123678s,,,,,,,,,,,,,,
20260410203139_0601_047,20260410203139_0601,20260410203139,特上卓,3,oxy13,118,3z,risekichu_hokan_tsumogiri,1775821941,1544.527,,0,,"[61,57,75,17,18,30,103,64,95,79,26,96,82]",,,,5578m 678p 123678s,,,,,,,,,,,,,,
20260410203139_0601_048,20260410203139_0601,20260410203139,特上卓,0,s6u,89,5s,tsumogiri,1775821941,682.244,,1,8331.278,"[61,57,75,17,18,30,103,64,95,79,26,96,82,89]",,,,5578m 678p 1235678s,,,,0,0,5,69m,0,5s,4918pt,8s,3484pt,,
20260410203139_0601_049,20260410203139_0601,20260410203139,特上卓,1,だいあん,0,1m,tedashi,1775821951,1376.257,,0,,"[61,57,75,17,18,30,103,64,95,79,26,96,82]",,,,5578m 678p 123678s,,,,,,,,,,,,,,
20260410203139_0601_050,20260410203139_0601,20260410203139,特上卓,2,カヴァレリッツォ,102,8s,tedashi,1775821957,5959.083,,0,,"[61,57,75,17,18,30,103,64,95,79,26,96,82]",,,,5578m 678p 123678s,,,,,,,,,,,,,,
20260410203139_0601_051,20260410203139_0601,20260410203139,特上卓,3,oxy13,6,2m,risekichu_hokan_tsumogiri,1775821959,1671.011,,0,,"[61,57,75,17,18,30,103,64,95,79,26,96,82]",,,,5578m 678p 123678s,,,,,,,,,,,,,,
20260410203139_0601_052,20260410203139_0601,20260410203139,特上卓,0,s6u,40,2p,tsumogiri,1775821959,688.694,,1,1613.238,"[61,57,75,17,18,30,103,64,95,79,26,96,82,40]",,,,5578m 2678p 123678s,,,,0,0,5,69m,0,2p,4499pt,,,,
20260410203139_0601_053,20260410203139_0601,20260410203139,特上卓,1,だいあん,120,4z,risekichu_hokan_tsumogiri,1775821963,1713.791,,0,,"[61,57,75,17,18,30,103,64,95,79,26,96,82]",,,,5578m 678p 123678s,,,,,,,,,,,,,,
20260410203139_0601_054,20260410203139_0601,20260410203139,特上卓,2,カヴァレリッツォ,5,2m,tedashi,1775821965,2228.004,,0,,"[61,57,75,17,18,30,103,64,95,79,26,96,82]",,,,5578m 678p 123678s,,,,,,,,,,,,,,
20260410203139_0601_055,20260410203139_0601,20260410203139,特上卓,3,oxy13,19,5m,tedashi,1775821970,5547.105,,0,,"[61,57,75,17,18,30,103,64,95,79,26,96,82]",,,,5578m 678p 123678s,,,,,,,,,,,,,,
20260410203139_0601_056,20260410203139_0601,20260410203139,特上卓,0,s6u,98,7s,tsumogiri,1775821971,681.519,,0,,"[61,57,75,17,18,30,103,64,95,79,26,96,82,98]",,,,5578m 678p 1236778s,,,,0,0,4,69m,0,7s,3939pt,,,,
20260410203139_0601_057,20260410203139_0601,20260410203139,特上卓,1,だいあん,43,2p,tedashi,1775821973,2272.11,,0,,"[61,57,75,17,18,30,103,64,95,79,26,96,82]",,,,5578m 678p 123678s,,,,,,,,,,,,,,
20260410203139_0601_058,20260410203139_0601,20260410203139,特上卓,2,カヴァレリッツォ,99,7s,tedashi,1775821975,1747.65,,0,,"[61,57,75,17,18,30,103,64,95,79,26,96,82]",,,,5578m 678p 123678s,,,,,,,,,,,,,,
20260410203139_0601_059,20260410203139_0601,20260410203139,特上卓,3,oxy13,16,r5m,tedashi,1775821977,1872.755,,0,,"[61,57,75,17,18,30,103,64,95,79,26,96,82]",,,,5578m 678p 123678s,,,,,,,,,,,,,,
20260410203139_0601_060,20260410203139_0601,20260410203139,特上卓,0,s6u,74,1s,tsumogiri,1775821978,685.463,,0,,"[61,57,75,17,18,30,103,64,95,79,26,96,82,74]",,,,5578m 678p 1123678s,,,,0,0,4,69m,0,1s,3131pt,,,,
20260410203139_0601_061,20260410203139_0601,20260410203139,特上卓,1,だいあん,71,9p,tedashi,1775821979,1787.081,,0,,"[61,57,75,17,18,30,103,64,95,79,26,96,82]",,,,5578m 678p 123678s,,,,,,,,,,,,,,
20260410203139_0601_062,20260410203139_0601,20260410203139,特上卓,2,カヴァレリッツォ,135,7z,tedashi,1775821982,2758.184,,0,,"[61,57,75,17,18,30,103,64,95,79,26,96,82]",,,,5578m 678p 123678s,,,,,,,,,,,,,,
20260410203139_0601_063,20260410203139_0601,20260410203139,特上卓,3,oxy13,33,9m,risekichu_hokan_tsumogiri,1775821984,2153.375,,0,,"[61,57,75,17,18,30,103,64,95,79,26,96,82]",,,,5578m 678p 123678s,,,,,,,,,,,,,,
20260410203139_0700_000,20260410203139_0700,20260410203139,特上卓,0,s6u,128,6z,tedashi,1775822004,,,0,,"[14,30,128,107,76,112,3,17,45,42,59,51,48,74]",,,,1458m 23446p 129s 26z,,,,3,3,5,,0,,,,,,
20260410203139_0700_001,20260410203139_0700,20260410203139,特上卓,1,だいあん,130,6z,tedashi,1775822005,1363.0,,0,,"[14,30,107,76,112,3,17,45,42,59,51,48,74]",,,,1458m 23446p 129s 2z,,,,,,,,,,,,,,
20260410203139_0700_002,20260410203139_0700,20260410203139,特上卓,2,カヴァレリッツォ,2,1m,tedashi,1775822007,2100.083,,0,,"[14,30,107,76,112,3,17,45,42,59,51,48,74]",,,,1458m 23446p 129s 2z,,,,,,,,,,,,,,
20260410203139_0700_003,20260410203139_0700,20260410203139,特上卓,3,oxy13,9,3m,tedashi,1775822012,4724.547,,6,220.44,"[14,30,107,76,112,3,17,45,42,59,51,48,74]",,,,1458m 23446p 129s 2z,,,,,,,,,,,,,,
20260410203139_0700_004,20260410203139_0700,20260410203139,特上卓,0,s6u,118,3z,tsumogiri,1775822014,1654.584,,0,,"[14,30,107,76,112,3,17,45,42,59,51,48,74,118]",,,,1458m 23446p 129s 23z,,,,3,3,5,,0,,,,,,
20260410203139_0700_005,20260410203139_0700,20260410203139,特上卓,1,だいあん,111,1z,risekichu_hokan_tsumogiri,1775822016,1608.31,,0,,"[14,30,107,76,112,3,17,45,42,59,51,48,74]",,,,1458m 23446p 129s 2z,,,,,,,,,,,,,,
20260410203139_0700_006,20260410203139_0700,20260410203139,特上卓,2,カヴァレリッツォ,115,2z,tedashi,1775822018,2839.787,,0,,"[14,30,107,76,112,3,17,45,42,59,51,48,74]",,,,1458m 23446p 129s 2z,,,,,,,,,,,,,,
20260410203139_0700_007,20260410203139_0700,20260410203139,特上卓,3,oxy13,24,7m,tedashi,1775822022,3456.198,,0,,"[14,30,107,76,112,3,17,45,42,59,51,48,74]",,,,1458m 23446p 129s 2z,,,,,,,,,,,,,,
20260410203139_0700_008,20260410203139_0700,20260410203139,特上卓,0,s6u,3,1m,tedashi,1775822023,1578.038,,0,,"[14,30,107,76,112,3,17,45,42,59,51,48,74,36]",,,,1458m 123446p 129s 2z,,,,3,3,5,,0,,,,,,
20260410203139_0700_009,20260410203139_0700,20260410203139,特上卓,1,だいあん,124,5z,tedashi,1775822025,1532.406,,1,2029.12,"[14,30,107,76,112,17,45,42,59,51,48,74,36]",,,,458m 123446p 129s 2z,,,,,,,,,,,,,,
20260410203139_0700_010,20260410203139_0700,20260410203139,特上卓,3,oxy13,32,9m,tedashi,1775822027,667.908,,0,,"[14,30,107,76,112,17,45,42,59,51,48,74,36]",,,,458m 123446p 129s 2z,,,,,,,,,,,,,,
20260410203139_0700_011,20260410203139_0700,20260410203139,特上卓,0,s6u,112,2z,tedashi,1775822029,1741.079,,0,,"[14,30,107,76,112,17,45,42,59,51,48,74,36,34]",,,,4589m 123446p 129s 2z,,,,2,2,5,,0,,,,,,
20260410203139_0700_012,20260410203139_0700,20260410203139,特上卓,1,だいあん,126,5z,risekichu_hokan_tsumogiri,1775822030,1632.671,,0,,"[14,30,107,76,17,45,42,59,51,48,74,36,34]",,,,4589m 123446p 129s,,,,,,,,,,,,,,
20260410203139_0700_013,20260410203139_0700,20260410203139,特上卓,2,カヴァレリッツォ,129,6z,risekichu_hokan_tsumogiri,1775822033,2292.701,,0,,"[14,30,107,76,17,45,42,59,51,48,74,36,34]",,,,4589m 123446p 129s,,,,,,,,,,,,,,
20260410203139_0700_014,20260410203139_0700,20260410203139,特上卓,3,oxy13,19,5m,risekichu_hokan_tsumogiri,1775822035,1953.862,,0,,"[14,30,107,76,17,45,42,59,51,48,74,36,34]",,,,4589m 123446p 129s,,,,,,,,,,,,,,
20260410203139_0700_015,20260410203139_0700,20260410203139,特上卓,0,s6u,34,9m,tedashi,1775822042,7359.433,,1,916.279,"[14,30,107,76,17,45,42,59,51,48,74,36,34,52]",,,,4589m 12344r56p 129s,,,,2,2,5,,0,,,,,,
20260410203139_0700_016,20260410203139_0700,20260410203139,特上卓,1,だいあん,18,5m,tedashi,1775822045,1852.02,,1,9455.773,"[14,30,107,76,17,45,42,59,51,48,74,36,52]",,,,458m 12344r56p 129s,,,,,,,,,,,,,,
20260410203139_0700_017,20260410203139_0700,20260410203139,特上卓,2,カヴァレリッツォ,13,4m,tedashi,1775822058,3517.542,,0,,"[14,30,107,76,17,45,42,59,51,48,74,36,52]",,,,458m 12344r56p 129s,,,,,,,,,,,,,,
20260410203139_0700_018,20260410203139_0700,20260410203139,特上卓,3,oxy13,21,6m,risekichu_hokan_tsumogiri,1775822059,1703.141,,6,211.483,"[14,30,107,76,17,45,42,59,51,48,74,36,52]",,,,458m 12344r56p 129s,,,,,,,,,,,,,,
20260410203139_0700_019,20260410203139_0700,20260410203139,特上卓,0,s6u,30,8m,tedashi,1775822061,1736.327,,0,,"[14,30,107,76,17,45,42,59,51,48,74,36,52,134]",,,,458m 12344r56p 129s 7z,,,,2,2,5,,0,,,,,,
20260410203139_0700_020,20260410203139_0700,20260410203139,特上卓,1,だいあん,49,4p,tedashi,1775822063,1917.399,,2,3047.068,"[14,107,76,17,45,42,59,51,48,74,36,52,134]",,,,45m 12344r56p 129s 7z,,,,,,,,,,,,,,
20260410203139_0700_021,20260410203139_0700,20260410203139,特上卓,2,カヴァレリッツォ,72,1s,tedashi,1775822072,5539.77,,0,,"[14,107,76,17,45,42,59,51,48,74,36,52,134]",,,,45m 12344r56p 129s 7z,,,,,,,,,,,,,,
20260410203139_0700_022,20260410203139_0700,20260410203139,特上卓,3,oxy13,93,6s,tedashi,1775822074,2146.778,,0,,"[14,107,76,17,45,42,59,51,48,74,36,52,134]",,,,45m 12344r56p 129s 7z,,,,,,,,,,,,,,
20260410203139_0700_023,20260410203139_0700,20260410203139,特上卓,0,s6u,134,7z,tedashi,1775822076,1748.419,,0,,"[14,107,76,17,45,42,59,51,48,74,36,52,134,82]",,,,45m 12344r56p 1239s 7z,,,,1,1,5,,0,,,,,,
20260410203139_0700_024,20260410203139_0700,20260410203139,特上卓,1,だいあん,39,1p,risekichu_hokan_tsumogiri,1775822077,1583.596,,0,,"[14,107,76,17,45,42,59,51,48,74,36,52,82]",,,,45m 12344r56p 1239s,,,,,,,,,,,,,,
20260410203139_0700_025,20260410203139_0700,20260410203139,特上卓,2,カヴァレリッツォ,1,1m,risekichu_hokan_tsumogiri,1775822079,2130.452,,0,,"[14,107,76,17,45,42,59,51,48,74,36,52,82]",,,,45m 12344r56p 1239s,,,,,,,,,,,,,,
20260410203139_0700_026,20260410203139_0700,20260410203139,特上卓,3,oxy13,86,4s,tedashi,1775822081,1999.681,,6,199.768,"[14,107,76,17,45,42,59,51,48,74,36,52,82]",,,,45m 12344r56p 1239s,,,,,,,,,,,,,,
20260410203139_0700_027,20260410203139_0700,20260410203139,特上卓,0,s6u,108,1z,tsumogiri,1775822083,1336.998,,0,,"[14,107,76,17,45,42,59,51,48,74,36,52,82,108]",,,,45m 12344r56p 1239s 1z,,,,1,1,5,,0,,,,,,
20260410203139_0700_028,20260410203139_0700,20260410203139,特上卓,1,だいあん,26,7m,tedashi,1775822086,3163.574,,2,1640.44,"[14,107,76,17,45,42,59,51,48,74,36,52,82]",,,,45m 12344r56p 1239s,,,,,,,,,,,,,,
20260410203139_0700_029,20260410203139_0700,20260410203139,特上卓,2,カヴァレリッツォ,102,8s,tedashi,1775822089,1210.008,,0,,"[14,107,76,17,45,42,59,51,48,74,36,52,82]",,,,45m 12344r56p 1239s,,,,,,,,,,,,,,
20260410203139_0700_030,20260410203139_0700,20260410203139,特上卓,3,oxy13,100,8s,risekichu_hokan_tsumogiri,1775822091,1925.432,,0,,"[14,107,76,17,45,42,59,51,48,74,36,52,82]",,,,45m 12344r56p 1239s,,,,,,,,,,,,,,
20260410203139_0700_031,20260410203139_0700,20260410203139,特上卓,0,s6u,67,8p,tsumogiri,1775822093,1806.754,,1,1304.31,"[14,107,76,17,45,42,59,51,48,74,36,52,82,67]",,,,45m 12344r568p 1239s,,,,1,1,5,,0,,,,,,
20260410203139_0700_032,20260410203139_0700,20260410203139,特上卓,1,だいあん,90,5s,tedashi,1775822097,2992.081,,1,2243.567,"[14,107,76,17,45,42,59,51,48,74,36,52,82]",,,,45m 12344r56p 1239s,,,,,,,,,,,,,,
20260410203139_0700_033,20260410203139_0700,20260410203139,特上卓,2,カヴァレリッツォ,71,9p,risekichu_hokan_tsumogiri,1775822101,1601.812,,0,,"[14,107,76,17,45,42,59,51,48,74,36,52,82]",,,,45m 12344r56p 1239s,,,,,,,,,,,,,,
20260410203139_0700_034,20260410203139_0700,20260410203139,特上卓,3,oxy13,87,4s,risekichu_hokan_tsumogiri,1775822103,1919.372,,6,204.281,"[14,107,76,17,45,42,59,51,48,74,36,52,82]",,,,45m 12344r56p 1239s,,,,,,,,,,,,,,
20260410203139_0700_035,20260410203139_0700,20260410203139,特上卓,0,s6u,92,6s,tsumogiri,1775822105,1714.544,,0,,"[14,107,76,17,45,42,59,51,48,74,36,52,82,92]",,,,45m 12344r56p 12369s,,,,1,1,5,,0,,,,,,
20260410205907_0000_000,20260410205907_0000,20260410205907,,2,岡本恭輔,118,3z,tedashi,1775822351,,,0,,"[0,109,113,30,19,96,33,112,129,61,66,1,100]",,,,11589m 78p 78s 1226z,,,,,,,,,,,,,,
20260410205907_0000_001,20260410205907_0000,20260410205907,,3,ShinChi,110,1z,tedashi,1775822356,4955.274,,0,,"[0,109,113,30,19,96,33,112,129,61,66,1,100]",,,,11589m 78p 78s 1226z,,,,,,,,,,,,,,
20260410205907_0000_002,20260410205907_0000,20260410205907,,0,s6u,96,7s,tedashi,1775822362,6074.44,,1,2000.955,"[0,109,113,30,19,96,33,112,129,61,66,1,100,101]",,,,11589m 78p 788s 1226z,,,,3,3,3,,0,,,,,,
20260410205907_0000_003,20260410205907_0000,20260410205907,,1,Skam5963,119,3z,tedashi,1775822365,907.569,,0,,"[0,109,113,30,19,33,112,129,61,66,1,100,101]",,,,11589m 78p 88s 1226z,,,,,,,,,,,,,,
20260410205907_0000_004,20260410205907_0000,20260410205907,,2,岡本恭輔,78,2s,risekichu_hokan_tsumogiri,1775822367,1557.401,,1,1420.675,"[0,109,113,30,19,33,112,129,61,66,1,100,101]",,,,11589m 78p 88s 1226z,,,,,,,,,,,,,,
20260410205907_0000_005,20260410205907_0000,20260410205907,,3,ShinChi,11,3m,tedashi,1775822371,2977.72,,0,,"[0,109,113,30,19,33,112,129,61,66,1,100,101]",,,,11589m 78p 88s 1226z,,,,,,,,,,,,,,
20260410205907_0000_006,20260410205907_0000,20260410205907,,0,s6u,61,7p,tedashi,1775822374,3348.414,,0,,"[0,109,113,30,19,33,112,129,61,66,1,100,101,135]",,,,11589m 78p 88s 12267z,,,,3,3,3,,0,,,,,,
20260410205907_0000_007,20260410205907_0000,20260410205907,,1,Skam5963,117,3z,risekichu_hokan_tsumogiri,1775822376,1568.867,,0,,"[0,109,113,30,19,33,112,129,66,1,100,101,135]",,,,11589m 8p 88s 12267z,,,,,,,,,,,,,,
20260410205907_0000_008,20260410205907_0000,20260410205907,,2,岡本恭輔,79,2s,risekichu_hokan_tsumogiri,1775822378,2532.303,,1,2303.514,"[0,109,113,30,19,33,112,129,66,1,100,101,135]",,,,11589m 8p 88s 12267z,,,,,,,,,,,,,,
20260410205907_0000_009,20260410205907_0000,20260410205907,,3,ShinChi,59,6p,tedashi,1775822383,2192.607,,0,,"[0,109,113,30,19,33,112,129,66,1,100,101,135]",,,,11589m 8p 88s 12267z,,,,,,,,,,,,,,
20260410205907_0000_010,20260410205907_0000,20260410205907,,0,s6u,109,1z,tedashi,1775822391,8428.672,,0,,"[0,109,113,30,19,33,112,129,66,1,100,101,135,65]",,,,11589m 88p 88s 12267z,,,,2,3,2,,0,,,,,,
20260410205907_0000_011,20260410205907_0000,20260410205907,,1,Skam5963,69,9p,risekichu_hokan_tsumogiri,1775822393,1968.433,,0,,"[0,113,30,19,33,112,129,66,1,100,101,135,65]",,,,11589m 88p 88s 2267z,,,,,,,,,,,,,,
20260410205907_0000_012,20260410205907_0000,20260410205907,,2,岡本恭輔,64,8p,tedashi,1775822396,2264.817,,6,218.209,"[0,113,30,19,33,112,129,66,1,100,101,135,65]",,,,11589m 88p 88s 2267z,,,,,,,,,,,,,,
20260410205907_0000_013,20260410205907_0000,20260410205907,,3,ShinChi,29,8m,tedashi,1775822398,2219.03,,0,,"[0,113,30,19,33,112,129,66,1,100,101,135,65]",,,,11589m 88p 88s 2267z,,,,,,,,,,,,,,
20260410205907_0000_014,20260410205907_0000,20260410205907,,0,s6u,30,8m,tedashi,1775822400,2124.003,,1,1553.783,"[0,113,30,19,33,112,129,66,1,100,101,135,65,133]",,,,11589m 88p 88s 22677z,,,,1,3,1,,0,,,,,,
20260410205907_0000_015,20260410205907_0000,20260410205907,,1,Skam5963,130,6z,tedashi,1775822404,1971.459,,0,,"[0,113,19,33,112,129,66,1,100,101,135,65,133]",,,,1159m 88p 88s 22677z,,,,,,,,,,,,,,
20260410205907_0000_016,20260410205907_0000,20260410205907,,2,岡本恭輔,56,6p,tedashi,1775822407,3066.517,,0,,"[0,113,19,33,112,129,66,1,100,101,135,65,133]",,,,1159m 88p 88s 22677z,,,,,,,,,,,,,,
20260410205907_0000_017,20260410205907_0000,20260410205907,,3,ShinChi,48,4p,tedashi,1775822411,4508.61,,0,,"[0,113,19,33,112,129,66,1,100,101,135,65,133]",,,,1159m 88p 88s 22677z,,,,,,,,,,,,,,
20260410205907_0000_018,20260410205907_0000,20260410205907,,0,s6u,129,6z,tedashi,1775822415,3966.114,,0,,"[0,113,19,33,112,129,66,1,100,101,135,65,133,72]",,,,1159m 88p 188s 22677z,,,,1,3,1,,0,,,,,,
20260410205907_0000_019,20260410205907_0000,20260410205907,,1,Skam5963,3,1m,tedashi,1775822419,3761.027,,6,211.006,"[0,113,19,33,112,66,1,100,101,135,65,133,72]",,,,1159m 88p 188s 2277z,,,,,,,,,,,,,,
20260410205907_0000_020,20260410205907_0000,20260410205907,,2,岡本恭輔,31,8m,risekichu_hokan_tsumogiri,1775822421,1570.069,,0,,"[0,113,19,33,112,66,1,100,101,135,65,133,72]",,,,1159m 88p 188s 2277z,,,,,,,,,,,,,,
20260410205907_0000_021,20260410205907_0000,20260410205907,,3,ShinChi,23,6m,tedashi,1775822424,3052.634,,0,,"[0,113,19,33,112,66,1,100,101,135,65,133,72]",,,,1159m 88p 188s 2277z,,,,,,,,,,,,,,
20260410205907_0000_022,20260410205907_0000,20260410205907,,0,s6u,60,7p,tsumogiri,1775822427,3109.193,,0,,"[0,113,19,33,112,66,1,100,101,135,65,133,72,60]",,,,1159m 788p 188s 2277z,,,,1,3,1,,0,,,,,,
20260410205907_0000_023,20260410205907_0000,20260410205907,,1,Skam5963,37,1p,tedashi,1775822429,2569.543,,0,,"[0,113,19,33,112,66,1,100,101,135,65,133,72]",,,,1159m 88p 188s 2277z,,,,,,,,,,,,,,
20260410205907_0000_024,20260410205907_0000,20260410205907,,2,岡本恭輔,51,4p,tedashi,1775822434,4271.71,,0,,"[0,113,19,33,112,66,1,100,101,135,65,133,72]",,,,1159m 88p 188s 2277z,,,,,,,,,,,,,,
20260410205907_0000_025,20260410205907_0000,20260410205907,,3,ShinChi,2,1m,tedashi,1775822437,3319.43,,6,200.415,"[0,113,19,33,112,66,1,100,101,135,65,133,72]",,,,1159m 88p 188s 2277z,,,,,,,,,,,,,,
20260410205907_0000_026,20260410205907_0000,20260410205907,,0,s6u,90,5s,tsumogiri,1775822439,1956.851,,1,1393.784,"[0,113,19,33,112,66,1,100,101,135,65,133,72,90]",,,,1159m 88p 1588s 2277z,,,,1,3,1,,0,,,,,,
20260410205907_0000_027,20260410205907_0000,20260410205907,,1,Skam5963,45,3p,risekichu_hokan_tsumogiri,1775822442,1308.886,,1,1629.241,"[0,113,19,33,112,66,1,100,101,135,65,133,72]",,,,1159m 88p 188s 2277z,,,,,,,,,,,,,,
20260410205907_0000_028,20260410205907_0000,20260410205907,,2,岡本恭輔,53,5p,tedashi,1775822448,4141.036,,0,,"[0,113,19,33,112,66,1,100,101,135,65,133,72]",,,,1159m 88p 188s 2277z,,,,,,,,,,,,,,
20260410205907_0000_029,20260410205907_0000,20260410205907,,3,ShinChi,7,2m,risekichu_hokan_tsumogiri,1775822450,2552.286,,1,1645.08,"[0,113,19,33,112,66,1,100,101,135,65,133,72]",,,,1159m 88p 188s 2277z,,,,,,,,,,,,,,
20260410205907_0000_030,20260410205907_0000,20260410205907,,0,s6u,10,3m,tsumogiri,1775822455,2768.466,,0,,"[0,113,19,33,112,66,1,100,101,135,65,133,72,10]",,,,11359m 88p 188s 2277z,,,,1,3,1,,0,,,,,,
20260410205907_0000_031,20260410205907_0000,20260410205907,,1,Skam5963,50,4p,risekichu_hokan_tsumogiri,1775822457,1846.752,,1,1380.729,"[0,113,19,33,112,66,1,100,101,135,65,133,72]",,,,1159m 88p 188s 2277z,,,,,,,,,,,,,,
20260410205907_0000_032,20260410205907_0000,20260410205907,,2,岡本恭輔,46,3p,tedashi,1775822461,2758.243,,0,,"[0,113,19,33,112,66,1,100,101,135,65,133,72]",,,,1159m 88p 188s 2277z,,,,,,,,,,,,,,
20260410205907_0000_033,20260410205907_0000,20260410205907,,3,ShinChi,5,2m,risekichu_hokan_tsumogiri,1775822463,2537.549,,1,1667.116,"[0,113,19,33,112,66,1,100,101,135,65,133,72]",,,,1159m 88p 188s 2277z,,,,,,,,,,,,,,
20260410205907_0000_034,20260410205907_0000,20260410205907,,0,s6u,15,4m,tsumogiri,1775822467,1971.996,,1,1349.475,"[0,113,19,33,112,66,1,100,101,135,65,133,72,15]",,,,11459m 88p 188s 2277z,,,,1,3,1,,0,,,,,,
20260410205907_0000_035,20260410205907_0000,20260410205907,,1,Skam5963,35,9m,tedashi,1775822469,1275.408,,0,,"[0,113,19,33,112,66,1,100,101,135,65,133,72]",,,,1159m 88p 188s 2277z,,,,,,,,,,,,,,
20260410205907_0000_036,20260410205907_0000,20260410205907,,2,岡本恭輔,55,5p,risekichu_hokan_tsumogiri,1775822471,1704.479,,0,,"[0,113,19,33,112,66,1,100,101,135,65,133,72]",,,,1159m 88p 188s 2277z,,,,,,,,,,,,,,
20260410205907_0100_000,20260410205907_0100,20260410205907,,3,ShinChi,117,3z,tedashi,1775822486,,,0,,"[91,116,76,130,60,1,2,48,16,3,59,46,21]",,,,111r56m 3467p 25s 36z,,,,,,,,,,,,,,
20260410205907_0100_001,20260410205907_0100,20260410205907,,0,s6u,130,6z,tedashi,1775822487,1446.093,,0,,"[91,116,76,130,60,1,2,48,16,3,59,46,21,115]",,,,111r56m 3467p 25s 236z,,,,3,3,5,,0,,,,,,
20260410205907_0100_002,20260410205907_0100,20260410205907,,1,Skam5963,37,1p,risekichu_hokan_tsumogiri,1775822489,1718.515,,0,,"[91,116,76,60,1,2,48,16,3,59,46,21,115]",,,,111r56m 3467p 25s 23z,,,,,,,,,,,,,,
20260410205907_0100_003,20260410205907_0100,20260410205907,,2,岡本恭輔,114,2z,tedashi,1775822490,1428.219,,0,,"[91,116,76,60,1,2,48,16,3,59,46,21,115]",,,,111r56m 3467p 25s 23z,,,,,,,,,,,,,,
20260410205907_0100_004,20260410205907_0100,20260410205907,,3,ShinChi,120,4z,tedashi,1775822492,1826.086,,0,,"[91,116,76,60,1,2,48,16,3,59,46,21,115]",,,,111r56m 3467p 25s 23z,,,,,,,,,,,,,,
20260410205907_0100_005,20260410205907_0100,20260410205907,,0,s6u,116,3z,tedashi,1775822495,2595.987,,0,,"[91,116,76,60,1,2,48,16,3,59,46,21,115,34]",,,,111r569m 3467p 25s 23z,,,,3,3,5,,0,,,,,,
20260410205907_0100_006,20260410205907_0100,20260410205907,,1,Skam5963,119,3z,tedashi,1775822496,1664.858,,0,,"[91,76,60,1,2,48,16,3,59,46,21,115,34]",,,,111r569m 3467p 25s 2z,,,,,,,,,,,,,,
20260410205907_0100_007,20260410205907_0100,20260410205907,,2,岡本恭輔,73,1s,tedashi,1775822498,1770.959,,0,,"[91,76,60,1,2,48,16,3,59,46,21,115,34]",,,,111r569m 3467p 25s 2z,,,,,,,,,,,,,,
20260410205907_0100_008,20260410205907_0100,20260410205907,,3,ShinChi,129,6z,tedashi,1775822500,2074.787,,0,,"[91,76,60,1,2,48,16,3,59,46,21,115,34]",,,,111r569m 3467p 25s 2z,,,,,,,,,,,,,,
20260410205907_0100_009,20260410205907_0100,20260410205907,,0,s6u,127,5z,tsumogiri,1775822502,1994.958,,0,,"[91,76,60,1,2,48,16,3,59,46,21,115,34,127]",,,,111r569m 3467p 25s 25z,,,,3,3,5,,0,,,,,,
20260410205907_0100_010,20260410205907_0100,20260410205907,,1,Skam5963,75,1s,risekichu_hokan_tsumogiri,1775822504,1621.062,,0,,"[91,76,60,1,2,48,16,3,59,46,21,115,34]",,,,111r569m 3467p 25s 2z,,,,,,,,,,,,,,
20260410205907_0100_011,20260410205907_0100,20260410205907,,2,岡本恭輔,131,6z,risekichu_hokan_tsumogiri,1775822507,2886.767,,0,,"[91,76,60,1,2,48,16,3,59,46,21,115,34]",,,,111r569m 3467p 25s 2z,,,,,,,,,,,,,,
20260410205907_0100_012,20260410205907_0100,20260410205907,,3,ShinChi,128,6z,risekichu_hokan_tsumogiri,1775822511,4623.269,,0,,"[91,76,60,1,2,48,16,3,59,46,21,115,34]",,,,111r569m 3467p 25s 2z,,,,,,,,,,,,,,
20260410205907_0100_013,20260410205907_0100,20260410205907,,0,s6u,34,9m,tedashi,1775822514,2781.156,,1,1253.671,"[91,76,60,1,2,48,16,3,59,46,21,115,34,11]",,,,1113r569m 3467p 25s 2z,,,,3,3,5,,0,,,,,,
20260410205907_0100_014,20260410205907_0100,20260410205907,,1,Skam5963,43,2p,tedashi,1775822517,1463.085,,0,,"[91,76,60,1,2,48,16,3,59,46,21,115,11]",,,,1113r56m 3467p 25s 2z,,,,,,,,,,,,,,
20260410205907_0100_015,20260410205907_0100,20260410205907,,2,岡本恭輔,121,4z,tedashi,1775822519,1751.633,,0,,"[91,76,60,1,2,48,16,3,59,46,21,115,11]",,,,1113r56m 3467p 25s 2z,,,,,,,,,,,,,,
20260410205907_0100_016,20260410205907_0100,20260410205907,,3,ShinChi,42,2p,risekichu_hokan_tsumogiri,1775822521,2315.811,,6,204.605,"[91,76,60,1,2,48,16,3,59,46,21,115,11]",,,,1113r56m 3467p 25s 2z,,,,,,,,,,,,,,
20260410205907_0100_017,20260410205907_0100,20260410205907,,0,s6u,76,2s,tedashi,1775822526,4435.805,,0,,"[91,76,60,1,2,48,16,3,59,46,21,115,11,5]",,,,11123r56m 3467p 25s 2z,,,,2,2,5,,0,,,,,,
20260410205907_0100_018,20260410205907_0100,20260410205907,,1,Skam5963,112,2z,tedashi,1775822529,3782.607,,0,,"[91,60,1,2,48,16,3,59,46,21,115,11,5]",,,,11123r56m 3467p 5s 2z,,,,,,,,,,,,,,
20260410205907_0100_019,20260410205907_0100,20260410205907,,2,岡本恭輔,41,2p,tedashi,1775822533,3285.474,,0,,"[91,60,1,2,48,16,3,59,46,21,115,11,5]",,,,11123r56m 3467p 5s 2z,,,,,,,,,,,,,,
20260410205907_0100_020,20260410205907_0100,20260410205907,,3,ShinChi,20,6m,risekichu_hokan_tsumogiri,1775822536,3074.746,,0,,"[91,60,1,2,48,16,3,59,46,21,115,11,5]",,,,11123r56m 3467p 5s 2z,,,,,,,,,,,,,,
20260410205907_0100_021,20260410205907_0100,20260410205907,,0,s6u,115,2z,tedashi,1775822540,3871.591,,0,,"[91,60,1,2,48,16,3,59,46,21,115,11,5,6]",,,,111223r56m 3467p 5s 2z,,,,2,2,4,,0,,,,,,
20260410205907_0100_022,20260410205907_0100,20260410205907,,1,Skam5963,98,7s,tedashi,1775822542,1930.334,,1,2343.343,"[91,60,1,2,48,16,3,59,46,21,11,5,6]",,,,111223r56m 3467p 5s,,,,,,,,,,,,,,
20260410205907_0100_023,20260410205907_0100,20260410205907,,2,岡本恭輔,14,4m,tedashi,1775822546,1764.877,,0,,"[91,60,1,2,48,16,3,59,46,21,11,5,6]",,,,111223r56m 3467p 5s,,,,,,,,,,,,,,
20260410205907_0100_024,20260410205907_0100,20260410205907,,3,ShinChi,63,7p,tedashi,1775822551,5745.989,,0,,"[91,60,1,2,48,16,3,59,46,21,11,5,6]",,,,111223r56m 3467p 5s,,,,,,,,,,,,,,
20260410205907_0100_025,20260410205907_0100,20260410205907,,0,s6u,46,3p,tedashi,1775822558,6234.236,,0,,"[91,60,1,2,48,16,3,59,46,21,11,5,6,90]",,,,111223r56m 3467p 55s,,,,2,2,3,,0,3p,1831pt,4p,1827pt,2m,1517pt
20260410205907_0100_026,20260410205907_0100,20260410205907,,1,Skam5963,38,1p,risekichu_hokan_tsumogiri,1775822559,1564.871,,0,,"[91,60,1,2,48,16,3,59,21,11,5,6,90]",,,,111223r56m 467p 55s,,,,,,,,,,,,,,
20260410205907_0100_027,20260410205907_0100,20260410205907,,2,岡本恭輔,100,8s,tedashi,1775822563,4209.605,,2,10855.921,"[91,60,1,2,48,16,3,59,21,11,5,6,90]",,,,111223r56m 467p 55s,,,,,,,,,,,,,,
20260410205907_0100_028,20260410205907_0100,20260410205907,,3,ShinChi,57,6p,tedashi,1775822576,1858.279,,0,,"[91,60,1,2,48,16,3,59,21,11,5,6,90]",,,,111223r56m 467p 55s,,,,,,,,,,,,,,
20260410205907_0100_029,20260410205907_0100,20260410205907,,0,s6u,60,7p,tedashi,1775822581,4569.676,,0,,"[91,60,1,2,48,16,3,59,21,11,5,6,90,54]",,,,111223r56m 4567p 55s,,,,1,1,3,,0,7p,2520pt,4p,2448pt,2m,2188pt
20260410205907_0100_030,20260410205907_0100,20260410205907,,1,Skam5963,134,7z,tedashi,1775822587,5785.041,,1,4360.064,"[91,1,2,48,16,3,59,21,11,5,6,90,54]",,,,111223r56m 456p 55s,,,,,,,,,,,,,,
20260410205907_0100_031,20260410205907_0100,20260410205907,,3,ShinChi,108,1z,tedashi,1775822591,2101.751,,0,,"[91,1,2,48,16,3,59,21,11,5,6,90,54]",,,,111223r56m 456p 55s,,,,,,,,,,,,,,
20260410205907_0100_032,20260410205907_0100,20260410205907,,0,s6u,6,2m,tedashi,1775822595,3611.432,,0,,"[91,1,2,48,16,3,59,21,11,5,6,90,54,87]",,,,111223r56m 456p 455s,,,,1,1,3,,0,2m,2986pt,5s,2918pt,3m,2736pt
20260410205907_0100_033,20260410205907_0100,20260410205907,,1,Skam5963,111,1z,tedashi,1775822596,1887.097,,0,,"[91,1,2,48,16,3,59,21,11,5,90,54,87]",,,,11123r56m 456p 455s,,,,,,,,,,,,,,
20260410205907_0100_034,20260410205907_0100,20260410205907,,2,岡本恭輔,93,6s,tedashi,1775822599,2184.119,,2,9113.996,"[91,1,2,48,16,3,59,21,11,5,90,54,87]",,,,11123r56m 456p 455s,,,,,,,,,,,,,,
20260410205907_0100_035,20260410205907_0100,20260410205907,,3,ShinChi,101,8s,tedashi,1775822609,915.674,,0,,"[91,1,2,48,16,3,59,21,11,5,90,54,87]",,,,11123r56m 456p 455s,,,,,,,,,,,,,,
20260410205907_0100_036,20260410205907_0100,20260410205907,,0,s6u,87,4s,tedashi,1775822612,1329.169,2396.499,0,,"[91,1,2,48,16,3,59,21,11,5,90,54,87,0]",,,,111123r56m 456p 455s,,,,0,0,4,47m,0,4s,3139pt,,,,
20260410205907_0100_037,20260410205907_0100,20260410205907,,1,Skam5963,36,1p,risekichu_hokan_tsumogiri,1775822617,4183.589,,0,,"[91,1,2,48,16,3,59,21,11,5,90,54,0]",,,,111123r56m 456p 55s,,,,,,,,,,,,,,
20260410205907_0100_038,20260410205907_0100,20260410205907,,2,岡本恭輔,86,4s,tedashi,1775822620,3622.905,,0,,"[91,1,2,48,16,3,59,21,11,5,90,54,0]",,,,111123r56m 456p 55s,,,,,,,,,,,,,,
20260410205907_0100_039,20260410205907_0100,20260410205907,,3,ShinChi,96,7s,risekichu_hokan_tsumogiri,1775822623,2837.922,,0,,"[91,1,2,48,16,3,59,21,11,5,90,54,0]",,,,111123r56m 456p 55s,,,,,,,,,,,,,,
20260410205907_0200_000,20260410205907_0200,20260410205907,,0,s6u,72,1s,tedashi,1775822638,,,1,1947.12,"[42,72,127,12,22,118,116,48,64,52,70,15,40,120]",,,,446m 224r589p 1s 3345z,,,,3,3,3,,0,,,,,,
20260410205907_0200_001,20260410205907_0200,20260410205907,,1,Skam5963,129,6z,tedashi,1775822646,5541.748,,0,,"[42,127,12,22,118,116,48,64,52,70,15,40,120]",,,,446m 224r589p 3345z,,,,,,,,,,,,,,
20260410205907_0200_002,20260410205907_0200,20260410205907,,2,岡本恭輔,113,2z,tedashi,1775822647,1360.154,,0,,"[42,127,12,22,118,116,48,64,52,70,15,40,120]",,,,446m 224r589p 3345z,,,,,,,,,,,,,,
20260410205907_0200_003,20260410205907_0200,20260410205907,,3,ShinChi,3,1m,tedashi,1775822650,2762.606,,0,,"[42,127,12,22,118,116,48,64,52,70,15,40,120]",,,,446m 224r589p 3345z,,,,,,,,,,,,,,
20260410205907_0200_004,20260410205907_0200,20260410205907,,0,s6u,22,6m,tedashi,1775822651,1466.561,,0,,"[42,127,12,22,118,116,48,64,52,70,15,40,120,67]",,,,446m 224r5889p 3345z,,,,2,3,2,,0,,,,,,
20260410205907_0200_005,20260410205907_0200,20260410205907,,1,Skam5963,29,8m,tedashi,1775822655,3850.925,,0,,"[42,127,12,118,116,48,64,52,70,15,40,120,67]",,,,44m 224r5889p 3345z,,,,,,,,,,,,,,
20260410205907_0200_006,20260410205907_0200,20260410205907,,2,岡本恭輔,1,1m,tedashi,1775822657,2362.707,,0,,"[42,127,12,118,116,48,64,52,70,15,40,120,67]",,,,44m 224r5889p 3345z,,,,,,,,,,,,,,
20260410205907_0200_007,20260410205907_0200,20260410205907,,3,ShinChi,73,1s,tedashi,1775822660,2853.161,,0,,"[42,127,12,118,116,48,64,52,70,15,40,120,67]",,,,44m 224r5889p 3345z,,,,,,,,,,,,,,
20260410205907_0200_008,20260410205907_0200,20260410205907,,0,s6u,120,4z,tedashi,1775822663,3111.554,,0,,"[42,127,12,118,116,48,64,52,70,15,40,120,67,10]",,,,344m 224r5889p 3345z,,,,2,3,2,,0,4z,1654pt,5z,1653pt,9p,1508pt
20260410205907_0200_009,20260410205907_0200,20260410205907,,1,Skam5963,11,3m,tedashi,1775822666,2341.153,,0,,"[42,127,12,118,116,48,64,52,70,15,40,67,10]",,,,344m 224r5889p 335z,,,,,,,,,,,,,,
20260410205907_0200_010,20260410205907_0200,20260410205907,,2,岡本恭輔,38,1p,tedashi,1775822669,3815.294,,0,,"[42,127,12,118,116,48,64,52,70,15,40,67,10]",,,,344m 224r5889p 335z,,,,,,,,,,,,,,
20260410205907_0200_011,20260410205907_0200,20260410205907,,3,ShinChi,119,3z,tedashi,1775822674,4757.332,,1,1562.541,"[42,127,12,118,116,48,64,52,70,15,40,67,10]",,,,344m 224r5889p 335z,,,,,,,,,,,,,,
20260410205907_0200_012,20260410205907_0200,20260410205907,,0,s6u,94,6s,tsumogiri,1775822679,3130.328,,1,1857.095,"[42,127,12,118,116,48,64,52,70,15,40,67,10,94]",,,,344m 224r5889p 6s 335z,,,,2,3,2,,0,6s,1380pt,5z,1380pt,9p,1275pt
20260410205907_0200_013,20260410205907_0200,20260410205907,,1,Skam5963,43,2p,risekichu_hokan_tsumogiri,1775822682,1069.121,,1,4430.942,"[42,127,12,118,116,48,64,52,70,15,40,67,10]",,,,344m 224r5889p 335z,,,,,,,,,,,,,,
20260410205907_0200_014,20260410205907_0200,20260410205907,,2,岡本恭輔,37,1p,risekichu_hokan_tsumogiri,1775822688,1717.351,,0,,"[42,127,12,118,116,48,64,52,70,15,40,67,10]",,,,344m 224r5889p 335z,,,,,,,,,,,,,,
20260410205907_0200_015,20260410205907_0200,20260410205907,,3,ShinChi,108,1z,tedashi,1775822691,2847.389,,1,2229.675,"[42,127,12,118,116,48,64,52,70,15,40,67,10]",,,,344m 224r5889p 335z,,,,,,,,,,,,,,
20260410205907_0200_016,20260410205907_0200,20260410205907,,1,Skam5963,53,5p,tedashi,1775822693,749.987,,0,,"[42,127,12,118,116,48,64,52,70,15,40,67,10]",,,,344m 224r5889p 335z,,,,,,,,,,,,,,
20260410205907_0200_017,20260410205907_0200,20260410205907,,2,岡本恭輔,102,8s,risekichu_hokan_tsumogiri,1775822696,3004.007,,1,1808.945,"[42,127,12,118,116,48,64,52,70,15,40,67,10]",,,,344m 224r5889p 335z,,,,,,,,,,,,,,
20260410205907_0200_018,20260410205907_0200,20260410205907,,3,ShinChi,131,6z,risekichu_hokan_tsumogiri,1775822702,3843.221,,0,,"[42,127,12,118,116,48,64,52,70,15,40,67,10]",,,,344m 224r5889p 335z,,,,,,,,,,,,,,
20260410205907_0200_019,20260410205907_0200,20260410205907,,0,s6u,86,4s,tsumogiri,1775822703,1680.38,,2,1978.27,"[42,127,12,118,116,48,64,52,70,15,40,67,10,86]",,,,344m 224r5889p 4s 335z,,,,2,3,2,,0,3m,1264pt,5z,1248pt,r5p,1242pt
20260410205907_0200_020,20260410205907_0200,20260410205907,,1,Skam5963,133,7z,tedashi,1775822710,4880.26,,0,,"[42,127,12,118,116,48,64,52,70,15,40,67,10]",,,,344m 224r5889p 335z,,,,,,,,,,,,,,
20260410205907_0200_021,20260410205907_0200,20260410205907,,2,岡本恭輔,83,3s,risekichu_hokan_tsumogiri,1775822712,1940.114,,0,,"[42,127,12,118,116,48,64,52,70,15,40,67,10]",,,,344m 224r5889p 335z,,,,,,,,,,,,,,
20260410205907_0200_022,20260410205907_0200,20260410205907,,3,ShinChi,93,6s,tedashi,1775822715,2307.971,,0,,"[42,127,12,118,116,48,64,52,70,15,40,67,10]",,,,344m 224r5889p 335z,,,,,,,,,,,,,,
20260410205907_0200_023,20260410205907_0200,20260410205907,,0,s6u,130,6z,tsumogiri,1775822716,1881.797,,0,,"[42,127,12,118,116,48,64,52,70,15,40,67,10,130]",,,,344m 224r5889p 3356z,,,,2,3,2,,0,6z,1093pt,5z,1043pt,3m,954pt
20260410205907_0200_024,20260410205907_0200,20260410205907,,1,Skam5963,124,5z,tedashi,1775822720,3479.974,,0,,"[42,127,12,118,116,48,64,52,70,15,40,67,10]",,,,344m 224r5889p 335z,,,,,,,,,,,,,,
20260410205907_0200_025,20260410205907_0200,20260410205907,,2,岡本恭輔,117,3z,risekichu_hokan_tsumogiri,1775822722,2303.11,,1,1181.673,"[42,127,12,118,116,48,64,52,70,15,40,67,10]",,,,344m 224r5889p 335z,,,,,,,,,,,,,,
20260410205907_0200_026,20260410205907_0200,20260410205907,,3,ShinChi,74,1s,risekichu_hokan_tsumogiri,1775822726,2149.953,,0,,"[42,127,12,118,116,48,64,52,70,15,40,67,10]",,,,344m 224r5889p 335z,,,,,,,,,,,,,,
20260410205907_0200_027,20260410205907_0200,20260410205907,,0,s6u,75,1s,tsumogiri,1775822728,2881.362,,0,,"[42,127,12,118,116,48,64,52,70,15,40,67,10,75]",,,,344m 224r5889p 1s 335z,,,,2,3,2,,0,1s,817pt,5z,776pt,3m,728pt
20260410205907_0200_028,20260410205907_0200,20260410205907,,1,Skam5963,114,2z,risekichu_hokan_tsumogiri,1775822730,1522.642,,0,,"[42,127,12,118,116,48,64,52,70,15,40,67,10]",,,,344m 224r5889p 335z,,,,,,,,,,,,,,
20260410205907_0200_029,20260410205907_0200,20260410205907,,2,岡本恭輔,55,5p,tedashi,1775822742,12503.465,,0,,"[42,127,12,118,116,48,64,52,70,15,40,67,10]",,,,344m 224r5889p 335z,,,,,,,,,,,,,,
20260410205907_0200_030,20260410205907_0200,20260410205907,,3,ShinChi,7,2m,tedashi,1775822748,5842.88,,1,1224.57,"[42,127,12,118,116,48,64,52,70,15,40,67,10]",,,,344m 224r5889p 335z,,,,,,,,,,,,,,
20260410205907_0200_031,20260410205907_0200,20260410205907,,0,s6u,52,r5p,tedashi,1775822751,1190.069,,0,,"[42,127,12,118,116,48,64,52,70,15,40,67,10,122]",,,,344m 224r5889p 3345z,,,,2,3,2,,0,4z,661pt,5z,659pt,3m,619pt
20260410205907_0200_032,20260410205907_0200,20260410205907,,1,Skam5963,32,9m,risekichu_hokan_tsumogiri,1775822752,1565.627,,1,1206.868,"[42,127,12,118,116,48,64,70,15,40,67,10,122]",,,,344m 224889p 3345z,,,,,,,,,,,,,,
20260410205907_0200_033,20260410205907_0200,20260410205907,,2,岡本恭輔,65,8p,tedashi,1775822760,6926.048,,1,2805.32,"[42,127,12,118,116,48,64,70,15,40,67,10,122]",,,,344m 224889p 3345z,,,,,,,,,,,,,,
20260410205907_0200_034,20260410205907_0200,20260410205907,,3,ShinChi,0,1m,tedashi,1775822765,1929.004,,0,,"[42,127,12,118,116,48,64,70,15,40,67,10,122]",,,,344m 224889p 3345z,,,,,,,,,,,,,,
20260410205907_0200_035,20260410205907_0200,20260410205907,,0,s6u,10,3m,tedashi,1775822767,1900.577,,0,,"[42,127,12,118,116,48,64,70,15,40,67,10,122,21]",,,,3446m 224889p 3345z,,,,2,3,2,,0,4z,606pt,5z,604pt,3m,551pt
20260410205907_0200_036,20260410205907_0200,20260410205907,,1,Skam5963,121,4z,risekichu_hokan_tsumogiri,1775822769,1509.932,,0,,"[42,127,12,118,116,48,64,70,15,40,67,122,21]",,,,446m 224889p 3345z,,,,,,,,,,,,,,
20260410205907_0200_037,20260410205907_0200,20260410205907,,2,岡本恭輔,66,8p,tedashi,1775822773,4055.662,,1,1851.476,"[42,127,12,118,116,48,64,70,15,40,67,122,21]",,,,446m 224889p 3345z,,,,,,,,,,,,,,
20260410205907_0200_038,20260410205907_0200,20260410205907,,3,ShinChi,112,2z,risekichu_hokan_tsumogiri,1775822777,3030.064,,0,,"[42,127,12,118,116,48,64,70,15,40,67,122,21]",,,,446m 224889p 3345z,,,,,,,,,,,,,,
20260410205907_0200_039,20260410205907_0200,20260410205907,,0,s6u,122,4z,tedashi,1775822780,2663.612,,0,,"[42,127,12,118,116,48,64,70,15,40,67,122,21,107]",,,,446m 224889p 9s 3345z,,,,2,4,2,,0,4z,527pt,5z,511pt,6m,510pt
20260410205907_0200_040,20260410205907_0200,20260410205907,,1,Skam5963,80,3s,risekichu_hokan_tsumogiri,1775822784,4029.308,,0,,"[42,127,12,118,116,48,64,70,15,40,67,21,107]",,,,446m 224889p 9s 335z,,,,,,,,,,,,,,
20260410205907_0200_041,20260410205907_0200,20260410205907,,2,岡本恭輔,71,9p,tedashi,1775822788,4321.133,,1,1638.871,"[42,127,12,118,116,48,64,70,15,40,67,21,107]",,,,446m 224889p 9s 335z,,,,,,,,,,,,,,
20260410205907_0200_042,20260410205907_0200,20260410205907,,3,ShinChi,115,2z,risekichu_hokan_tsumogiri,1775822794,3944.519,,0,,"[42,127,12,118,116,48,64,70,15,40,67,21,107]",,,,446m 224889p 9s 335z,,,,,,,,,,,,,,
20260410205907_0200_043,20260410205907_0200,20260410205907,,0,s6u,70,9p,tedashi,1775822795,1182.11,,1,2082.288,"[42,127,12,118,116,48,64,70,15,40,67,21,107,100]",,,,446m 224889p 89s 335z,,,,2,3,2,,0,,,,,,
20260410205907_0200_044,20260410205907_0200,20260410205907,,1,Skam5963,59,6p,risekichu_hokan_tsumogiri,1775822799,1860.409,,0,,"[42,127,12,118,116,48,64,15,40,67,21,107,100]",,,,446m 22488p 89s 335z,,,,,,,,,,,,,,
20260410205907_0200_045,20260410205907_0200,20260410205907,,2,岡本恭輔,56,6p,risekichu_hokan_tsumogiri,1775822802,3283.503,,1,1832.258,"[42,127,12,118,116,48,64,15,40,67,21,107,100]",,,,446m 22488p 89s 335z,,,,,,,,,,,,,,
20260410205907_0200_046,20260410205907_0200,20260410205907,,3,ShinChi,128,6z,tedashi,1775822807,2250.468,,0,,"[42,127,12,118,116,48,64,15,40,67,21,107,100]",,,,446m 22488p 89s 335z,,,,,,,,,,,,,,
20260410205907_0200_047,20260410205907_0200,20260410205907,,0,s6u,58,6p,tsumogiri,1775822808,1719.706,,0,,"[42,127,12,118,116,48,64,15,40,67,21,107,100,58]",,,,446m 224688p 89s 335z,,,,2,3,2,,0,,,,,,
20260410205907_0200_048,20260410205907_0200,20260410205907,,1,Skam5963,135,7z,risekichu_hokan_tsumogiri,1775822810,1583.112,,1,3294.268,"[42,127,12,118,116,48,64,15,40,67,21,107,100]",,,,446m 22488p 89s 335z,,,,,,,,,,,,,,
20260410205907_0200_049,20260410205907_0200,20260410205907,,3,ShinChi,125,5z,tedashi,1775822813,817.173,,0,,"[42,127,12,118,116,48,64,15,40,67,21,107,100]",,,,446m 22488p 89s 335z,,,,,,,,,,,,,,
20260410205907_0200_050,20260410205907_0200,20260410205907,,0,s6u,127,5z,tedashi,1775822815,1881.177,,0,,"[42,127,12,118,116,48,64,15,40,67,21,107,100,49]",,,,446m 224488p 89s 335z,,,,1,3,1,,0,,,,,,
20260410205907_0200_051,20260410205907_0200,20260410205907,,1,Skam5963,6,2m,risekichu_hokan_tsumogiri,1775822817,1469.649,,0,,"[42,12,118,116,48,64,15,40,67,21,107,100,49]",,,,446m 224488p 89s 33z,,,,,,,,,,,,,,
20260410205907_0200_052,20260410205907_0200,20260410205907,,2,岡本恭輔,14,4m,tedashi,1775822821,1648.89,3180.288,1,1321.018,"[42,12,118,116,48,64,15,40,67,21,107,100,49]",,,,446m 224488p 89s 33z,,,,,,,,,,,,,,
20260410205907_0200_053,20260410205907_0200,20260410205907,,3,ShinChi,54,5p,tedashi,1775822826,3071.51,,0,,"[42,12,118,116,48,64,15,40,67,21,107,100,49]",,,,446m 224488p 89s 33z,,,,,,,,,,,,,,
20260410205907_0200_054,20260410205907_0200,20260410205907,,0,s6u,81,3s,tsumogiri,1775822828,2643.365,,0,,"[42,12,118,116,48,64,15,40,67,21,107,100,49,81]",,,,446m 224488p 389s 33z,,,,1,3,1,,0,,,,,,
20260410205907_0200_055,20260410205907_0200,20260410205907,,1,Skam5963,78,2s,tedashi,1775822830,1933.262,,0,,"[42,12,118,116,48,64,15,40,67,21,107,100,49]",,,,446m 224488p 89s 33z,,,,,,,,,,,,,,
20260410205907_0200_056,20260410205907_0200,20260410205907,,2,岡本恭輔,8,3m,risekichu_hokan_tsumogiri,1775822831,793.357,,0,,"[42,12,118,116,48,64,15,40,67,21,107,100,49]",,,,446m 224488p 89s 33z,,,,,,,,,,,,,,
20260410205907_0200_057,20260410205907_0200,20260410205907,,3,ShinChi,68,9p,tedashi,1775822838,7141.855,,0,,"[42,12,118,116,48,64,15,40,67,21,107,100,49]",,,,446m 224488p 89s 33z,,,,,,,,,,,,,,
20260410205907_0200_058,20260410205907_0200,20260410205907,,0,s6u,57,6p,tsumogiri,1775822841,2517.314,,0,,"[42,12,118,116,48,64,15,40,67,21,107,100,49,57]",,,,446m 2244688p 89s 33z,,,,1,3,1,,0,,,,,,
20260410205907_0200_059,20260410205907_0200,20260410205907,,1,Skam5963,63,7p,tedashi,1775822851,9905.687,,0,,"[42,12,118,116,48,64,15,40,67,21,107,100,49]",,,,446m 224488p 89s 33z,,,,,,,,,,,,,,
20260410205907_0300_000,20260410205907_0300,20260410205907,,1,Skam5963,116,3z,tedashi,1775822868,,,0,,"[31,1,22,120,82,56,70,30,119,91,96,133,76]",,,,1688m 69p 2357s 347z,,,,,,,,,,,,,,
20260410205907_0300_001,20260410205907_0300,20260410205907,,2,岡本恭輔,111,1z,tedashi,1775822871,3263.58,,0,,"[31,1,22,120,82,56,70,30,119,91,96,133,76]",,,,1688m 69p 2357s 347z,,,,,,,,,,,,,,
20260410205907_0300_002,20260410205907_0300,20260410205907,,3,ShinChi,73,1s,tedashi,1775822874,2106.625,,1,4340.896,"[31,1,22,120,82,56,70,30,119,91,96,133,76]",,,,1688m 69p 2357s 347z,,,,,,,,,,,,,,
20260410205907_0300_003,20260410205907_0300,20260410205907,,0,s6u,119,3z,tedashi,1775822881,3122.724,,0,,"[31,1,22,120,82,56,70,30,119,91,96,133,76,13]",,,,14688m 69p 2357s 347z,,,,4,4,5,,0,,,,,,
20260410205907_0300_004,20260410205907_0300,20260410205907,,1,Skam5963,115,2z,tedashi,1775822883,1470.035,,0,,"[31,1,22,120,82,56,70,30,91,96,133,76,13]",,,,14688m 69p 2357s 47z,,,,,,,,,,,,,,
20260410205907_0300_005,20260410205907_0300,20260410205907,,2,岡本恭輔,123,4z,tedashi,1775822884,1350.471,,0,,"[31,1,22,120,82,56,70,30,91,96,133,76,13]",,,,14688m 69p 2357s 47z,,,,,,,,,,,,,,
20260410205907_0300_006,20260410205907_0300,20260410205907,,3,ShinChi,122,4z,tedashi,1775822886,2206.591,,0,,"[31,1,22,120,82,56,70,30,91,96,133,76,13]",,,,14688m 69p 2357s 47z,,,,,,,,,,,,,,
20260410205907_0300_007,20260410205907_0300,20260410205907,,0,s6u,70,9p,tedashi,1775822891,4612.403,,0,,"[31,1,22,120,82,56,70,30,91,96,133,76,13,42]",,,,14688m 269p 2357s 47z,,,,4,4,5,,0,,,,,,
20260410205907_0300_008,20260410205907_0300,20260410205907,,1,Skam5963,124,5z,tedashi,1775822895,3911.752,,0,,"[31,1,22,120,82,56,30,91,96,133,76,13,42]",,,,14688m 26p 2357s 47z,,,,,,,,,,,,,,
20260410205907_0300_009,20260410205907_0300,20260410205907,,2,岡本恭輔,72,1s,tedashi,1775822897,1920.836,,0,,"[31,1,22,120,82,56,30,91,96,133,76,13,42]",,,,14688m 26p 2357s 47z,,,,,,,,,,,,,,
20260410205907_0300_010,20260410205907_0300,20260410205907,,3,ShinChi,29,8m,tedashi,1775822900,3914.904,,1,1069.821,"[31,1,22,120,82,56,30,91,96,133,76,13,42]",,,,14688m 26p 2357s 47z,,,,,,,,,,,,,,
20260410205907_0300_011,20260410205907_0300,20260410205907,,0,s6u,133,7z,tedashi,1775822904,2885.955,,1,3371.869,"[31,1,22,120,82,56,30,91,96,133,76,13,42,65]",,,,14688m 268p 2357s 47z,,,,3,3,5,,0,,,,,,
20260410205907_0300_012,20260410205907_0300,20260410205907,,3,ShinChi,34,9m,tedashi,1775822908,1235.748,,0,,"[31,1,22,120,82,56,30,91,96,76,13,42,65]",,,,14688m 268p 2357s 4z,,,,,,,,,,,,,,
20260410205907_0300_013,20260410205907_0300,20260410205907,,0,s6u,42,2p,tedashi,1775822909,1580.527,,1,1422.945,"[31,1,22,120,82,56,30,91,96,76,13,42,65,127]",,,,14688m 268p 2357s 45z,,,,3,3,5,,0,,,,,,
20260410205907_0300_014,20260410205907_0300,20260410205907,,1,Skam5963,134,7z,tedashi,1775822914,2947.767,,0,,"[31,1,22,120,82,56,30,91,96,76,13,65,127]",,,,14688m 68p 2357s 45z,,,,,,,,,,,,,,
20260410205907_0300_015,20260410205907_0300,20260410205907,,2,岡本恭輔,129,6z,tedashi,1775822917,3060.71,,2,1803.794,"[31,1,22,120,82,56,30,91,96,76,13,65,127]",,,,14688m 68p 2357s 45z,,,,,,,,,,,,,,
20260410205907_0300_016,20260410205907_0300,20260410205907,,3,ShinChi,87,4s,tedashi,1775822920,1081.623,,1,1406.531,"[31,1,22,120,82,56,30,91,96,76,13,65,127]",,,,14688m 68p 2357s 45z,,,,,,,,,,,,,,
20260410205907_0300_017,20260410205907_0300,20260410205907,,0,s6u,118,3z,tsumogiri,1775822923,1679.12,,0,,"[31,1,22,120,82,56,30,91,96,76,13,65,127,118]",,,,14688m 68p 2357s 345z,,,,3,3,5,,0,4z,367pt,5z,367pt,3z,367pt
20260410205907_0300_018,20260410205907_0300,20260410205907,,1,Skam5963,100,8s,tedashi,1775822925,2162.0,,0,,"[31,1,22,120,82,56,30,91,96,76,13,65,127]",,,,14688m 68p 2357s 45z,,,,,,,,,,,,,,
20260410205907_0300_019,20260410205907_0300,20260410205907,,2,岡本恭輔,97,7s,tedashi,1775822931,6405.012,,0,,"[31,1,22,120,82,56,30,91,96,76,13,65,127]",,,,14688m 68p 2357s 45z,,,,,,,,,,,,,,
20260410205907_0300_020,20260410205907_0300,20260410205907,,3,ShinChi,54,5p,tedashi,1775822937,6038.994,,0,,"[31,1,22,120,82,56,30,91,96,76,13,65,127]",,,,14688m 68p 2357s 45z,,,,,,,,,,,,,,
20260410205907_0300_021,20260410205907_0300,20260410205907,,0,s6u,127,5z,tedashi,1775822941,3484.857,,0,,"[31,1,22,120,82,56,30,91,96,76,13,65,127,83]",,,,14688m 68p 23357s 45z,,,,3,3,4,,0,4z,493pt,5z,492pt,1m,459pt
20260410205907_0300_022,20260410205907_0300,20260410205907,,1,Skam5963,109,1z,risekichu_hokan_tsumogiri,1775822942,1446.069,,0,,"[31,1,22,120,82,56,30,91,96,76,13,65,83]",,,,14688m 68p 23357s 4z,,,,,,,,,,,,,,
20260410205907_0300_023,20260410205907_0300,20260410205907,,2,岡本恭輔,75,1s,risekichu_hokan_tsumogiri,1775822944,1654.165,,0,,"[31,1,22,120,82,56,30,91,96,76,13,65,83]",,,,14688m 68p 23357s 4z,,,,,,,,,,,,,,
20260410205907_0300_024,20260410205907_0300,20260410205907,,3,ShinChi,68,9p,risekichu_hokan_tsumogiri,1775822947,3252.813,,0,,"[31,1,22,120,82,56,30,91,96,76,13,65,83]",,,,14688m 68p 23357s 4z,,,,,,,,,,,,,,
20260410205907_0300_025,20260410205907_0300,20260410205907,,0,s6u,120,4z,tedashi,1775822955,8184.603,,0,,"[31,1,22,120,82,56,30,91,96,76,13,65,83,62]",,,,14688m 678p 23357s 4z,,,,2,2,4,,0,4z,871pt,1m,855pt,2s,780pt
20260410205907_0300_026,20260410205907_0300,20260410205907,,1,Skam5963,90,5s,risekichu_hokan_tsumogiri,1775822957,1568.11,,0,,"[31,1,22,82,56,30,91,96,76,13,65,83,62]",,,,14688m 678p 23357s,,,,,,,,,,,,,,
20260410205907_0300_027,20260410205907_0300,20260410205907,,2,岡本恭輔,112,2z,tedashi,1775822960,3544.133,,0,,"[31,1,22,82,56,30,91,96,76,13,65,83,62]",,,,14688m 678p 23357s,,,,,,,,,,,,,,
20260410205907_0300_028,20260410205907_0300,20260410205907,,3,ShinChi,21,6m,risekichu_hokan_tsumogiri,1775822963,2513.257,,0,,"[31,1,22,82,56,30,91,96,76,13,65,83,62]",,,,14688m 678p 23357s,,,,,,,,,,,,,,
20260410205907_0300_029,20260410205907_0300,20260410205907,,0,s6u,96,7s,tedashi,1775822972,8851.029,,0,,"[31,1,22,82,56,30,91,96,76,13,65,83,62,12]",,,,144688m 678p 23357s,,,,2,2,3,,0,1m,1010pt,2s,989pt,8m,858pt
20260410205907_0300_030,20260410205907_0300,20260410205907,,1,Skam5963,71,9p,tedashi,1775822977,4803.643,,0,,"[31,1,22,82,56,30,91,76,13,65,83,62,12]",,,,144688m 678p 2335s,,,,,,,,,,,,,,
20260410205907_0300_031,20260410205907_0300,20260410205907,,2,岡本恭輔,114,2z,tedashi,1775822978,1650.062,,0,,"[31,1,22,82,56,30,91,76,13,65,83,62,12]",,,,144688m 678p 2335s,,,,,,,,,,,,,,
20260410205907_0300_032,20260410205907_0300,20260410205907,,3,ShinChi,20,6m,risekichu_hokan_tsumogiri,1775822981,2206.265,,0,,"[31,1,22,82,56,30,91,76,13,65,83,62,12]",,,,144688m 678p 2335s,,,,,,,,,,,,,,
20260410205907_0300_033,20260410205907_0300,20260410205907,,0,s6u,22,6m,tedashi,1775822987,6164.763,,1,1347.121,"[31,1,22,82,56,30,91,76,13,65,83,62,12,44]",,,,144688m 3678p 2335s,,,,2,2,3,,0,5s,681pt,1m,652pt,2s,642pt
20260410205907_0300_034,20260410205907_0300,20260410205907,,1,Skam5963,26,7m,tedashi,1775822991,2540.21,,1,1763.046,"[31,1,82,56,30,91,76,13,65,83,62,12,44]",,,,14488m 3678p 2335s,,,,,,,,,,,,,,
20260410205907_0300_035,20260410205907_0300,20260410205907,,2,岡本恭輔,64,8p,tedashi,1775822994,1476.869,,0,,"[31,1,82,56,30,91,76,13,65,83,62,12,44]",,,,14488m 3678p 2335s,,,,,,,,,,,,,,
20260410205907_0300_036,20260410205907_0300,20260410205907,,3,ShinChi,67,8p,risekichu_hokan_tsumogiri,1775822996,2179.905,,1,957.242,"[31,1,82,56,30,91,76,13,65,83,62,12,44]",,,,14488m 3678p 2335s,,,,,,,,,,,,,,
20260410205907_0300_037,20260410205907_0300,20260410205907,,0,s6u,65,8p,tedashi,1775823001,3850.286,,1,1383.72,"[31,1,82,56,30,91,76,13,65,83,62,12,44,52]",,,,14488m 3r5678p 2335s,,,,2,2,3,,0,1m,647pt,5s,644pt,2s,620pt
20260410205907_0300_038,20260410205907_0300,20260410205907,,1,Skam5963,18,5m,tedashi,1775823004,2028.855,,1,1912.907,"[31,1,82,56,30,91,76,13,83,62,12,44,52]",,,,14488m 3r567p 2335s,,,,,,,,,,,,,,
20260410205907_0300_039,20260410205907_0300,20260410205907,,2,岡本恭輔,69,9p,tedashi,1775823010,3956.473,,0,,"[31,1,82,56,30,91,76,13,83,62,12,44,52]",,,,14488m 3r567p 2335s,,,,,,,,,,,,,,
20260410205907_0300_040,20260410205907_0300,20260410205907,,3,ShinChi,117,3z,tedashi,1775823015,4478.235,,0,,"[31,1,82,56,30,91,76,13,83,62,12,44,52]",,,,14488m 3r567p 2335s,,,,,,,,,,,,,,
20260410205907_0300_041,20260410205907_0300,20260410205907,,0,s6u,52,r5p,tedashi,1775823024,9416.445,,0,,"[31,1,82,56,30,91,76,13,83,62,12,44,52,6]",,,,124488m 3r567p 2335s,,,,2,2,3,,0,5s,545pt,3p,510pt,1m,489pt
20260410205907_0301_000,20260410205907_0301,20260410205907,,1,Skam5963,0,1m,tedashi,1775823040,,,0,,"[75,47,21,22,117,40,19,58,29,27,61,134,42]",,,,56678m 22367p 1s 37z,,,,,,,,,,,,,,
20260410205907_0301_001,20260410205907_0301,20260410205907,,2,岡本恭輔,111,1z,tedashi,1775823043,3175.123,,0,,"[75,47,21,22,117,40,19,58,29,27,61,134,42]",,,,56678m 22367p 1s 37z,,,,,,,,,,,,,,
20260410205907_0301_002,20260410205907_0301,20260410205907,,3,ShinChi,123,4z,tedashi,1775823045,2096.263,,1,984.708,"[75,47,21,22,117,40,19,58,29,27,61,134,42]",,,,56678m 22367p 1s 37z,,,,,,,,,,,,,,
20260410205907_0301_003,20260410205907_0301,20260410205907,,0,s6u,117,3z,tedashi,1775823049,2776.135,,0,,"[75,47,21,22,117,40,19,58,29,27,61,134,42,41]",,,,56678m 222367p 1s 37z,,,,2,2,4,,0,,,,,,
20260410205907_0301_004,20260410205907_0301,20260410205907,,1,Skam5963,118,3z,risekichu_hokan_tsumogiri,1775823051,1433.655,,0,,"[75,47,21,22,40,19,58,29,27,61,134,42,41]",,,,56678m 222367p 1s 7z,,,,,,,,,,,,,,
20260410205907_0301_005,20260410205907_0301,20260410205907,,2,岡本恭輔,128,6z,tedashi,1775823053,2371.443,,0,,"[75,47,21,22,40,19,58,29,27,61,134,42,41]",,,,56678m 222367p 1s 7z,,,,,,,,,,,,,,
20260410205907_0301_006,20260410205907_0301,20260410205907,,3,ShinChi,131,6z,tedashi,1775823057,4366.763,,0,,"[75,47,21,22,40,19,58,29,27,61,134,42,41]",,,,56678m 222367p 1s 7z,,,,,,,,,,,,,,
20260410205907_0301_007,20260410205907_0301,20260410205907,,0,s6u,75,1s,tedashi,1775823059,1622.032,,0,,"[75,47,21,22,40,19,58,29,27,61,134,42,41,69]",,,,56678m 2223679p 1s 7z,,,,2,2,4,,0,,,,,,
20260410205907_0301_008,20260410205907_0301,20260410205907,,1,Skam5963,130,6z,tedashi,1775823060,1337.022,,0,,"[47,21,22,40,19,58,29,27,61,134,42,41,69]",,,,56678m 2223679p 7z,,,,,,,,,,,,,,
20260410205907_0301_009,20260410205907_0301,20260410205907,,2,岡本恭輔,107,9s,tedashi,1775823065,4347.611,,1,2006.703,"[47,21,22,40,19,58,29,27,61,134,42,41,69]",,,,56678m 2223679p 7z,,,,,,,,,,,,,,
20260410205907_0301_010,20260410205907_0301,20260410205907,,3,ShinChi,43,2p,tedashi,1775823069,2693.098,,6,213.089,"[47,21,22,40,19,58,29,27,61,134,42,41,69]",,,,56678m 2223679p 7z,,,,,,,,,,,,,,
20260410205907_0301_011,20260410205907_0301,20260410205907,,0,s6u,69,9p,tedashi,1775823072,1985.223,,0,,"[47,21,22,40,19,58,29,27,61,134,42,41,69,10]",,,,356678m 2223679p 7z,,,,2,2,4,,0,,,,,,
20260410205907_0301_012,20260410205907_0301,20260410205907,,1,Skam5963,114,2z,risekichu_hokan_tsumogiri,1775823073,1463.294,,0,,"[47,21,22,40,19,58,29,27,61,134,42,41,10]",,,,356678m 222367p 7z,,,,,,,,,,,,,,
20260410205907_0301_013,20260410205907_0301,20260410205907,,2,岡本恭輔,38,1p,risekichu_hokan_tsumogiri,1775823075,1777.323,,0,,"[47,21,22,40,19,58,29,27,61,134,42,41,10]",,,,356678m 222367p 7z,,,,,,,,,,,,,,
20260410205907_0301_014,20260410205907_0301,20260410205907,,3,ShinChi,28,8m,tedashi,1775823077,2426.87,,6,204.284,"[47,21,22,40,19,58,29,27,61,134,42,41,10]",,,,356678m 222367p 7z,,,,,,,,,,,,,,
20260410205907_0301_015,20260410205907_0301,20260410205907,,0,s6u,134,7z,tedashi,1775823081,3228.523,,0,,"[47,21,22,40,19,58,29,27,61,134,42,41,10,77]",,,,356678m 222367p 2s 7z,,,,2,2,4,,0,,,,,,
20260410205907_0301_016,20260410205907_0301,20260410205907,,1,Skam5963,72,1s,tedashi,1775823085,4135.809,,0,,"[47,21,22,40,19,58,29,27,61,42,41,10,77]",,,,356678m 222367p 2s,,,,,,,,,,,,,,
20260410205907_0301_017,20260410205907_0301,20260410205907,,2,岡本恭輔,79,2s,tedashi,1775823089,3665.439,,0,,"[47,21,22,40,19,58,29,27,61,42,41,10,77]",,,,356678m 222367p 2s,,,,,,,,,,,,,,
20260410205907_0301_018,20260410205907_0301,20260410205907,,3,ShinChi,109,1z,risekichu_hokan_tsumogiri,1775823091,2757.484,,0,,"[47,21,22,40,19,58,29,27,61,42,41,10,77]",,,,356678m 222367p 2s,,,,,,,,,,,,,,
20260410205907_0301_019,20260410205907_0301,20260410205907,,0,s6u,135,7z,tsumogiri,1775823093,1331.565,,0,,"[47,21,22,40,19,58,29,27,61,42,41,10,77,135]",,,,356678m 222367p 2s 7z,,,,2,2,4,,0,,,,,,
20260410205907_0301_020,20260410205907_0301,20260410205907,,1,Skam5963,7,2m,risekichu_hokan_tsumogiri,1775823094,1875.825,,1,1920.433,"[47,21,22,40,19,58,29,27,61,42,41,10,77]",,,,356678m 222367p 2s,,,,,,,,,,,,,,
20260410205907_0301_021,20260410205907_0301,20260410205907,,2,岡本恭輔,36,1p,risekichu_hokan_tsumogiri,1775823098,1174.605,,0,,"[47,21,22,40,19,58,29,27,61,42,41,10,77]",,,,356678m 222367p 2s,,,,,,,,,,,,,,
20260410205907_0301_022,20260410205907_0301,20260410205907,,3,ShinChi,78,2s,risekichu_hokan_tsumogiri,1775823107,9070.6,,0,,"[47,21,22,40,19,58,29,27,61,42,41,10,77]",,,,356678m 222367p 2s,,,,,,,,,,,,,,
20260410205907_0301_023,20260410205907_0301,20260410205907,,0,s6u,119,3z,tsumogiri,1775823108,1705.215,,0,,"[47,21,22,40,19,58,29,27,61,42,41,10,77,119]",,,,356678m 222367p 2s 3z,,,,2,2,4,,0,,,,,,
20260410205907_0301_024,20260410205907_0301,20260410205907,,1,Skam5963,115,2z,risekichu_hokan_tsumogiri,1775823114,5523.085,,0,,"[47,21,22,40,19,58,29,27,61,42,41,10,77]",,,,356678m 222367p 2s,,,,,,,,,,,,,,
20260410205907_0301_025,20260410205907_0301,20260410205907,,2,岡本恭輔,6,2m,tedashi,1775823123,8727.039,,1,2206.762,"[47,21,22,40,19,58,29,27,61,42,41,10,77]",,,,356678m 222367p 2s,,,,,,,,,,,,,,
20260410205907_0301_026,20260410205907_0301,20260410205907,,3,ShinChi,4,2m,tedashi,1775823130,5161.325,,0,,"[47,21,22,40,19,58,29,27,61,42,41,10,77]",,,,356678m 222367p 2s,,,,,,,,,,,,,,
20260410205907_0301_027,20260410205907_0301,20260410205907,,0,s6u,77,2s,tedashi,1775823133,3200.375,,0,,"[47,21,22,40,19,58,29,27,61,42,41,10,77,13]",,,,3456678m 222367p 2s,,,,1,1,4,,0,,,,,,
20260410205907_0301_028,20260410205907_0301,20260410205907,,1,Skam5963,76,2s,tedashi,1775823136,2432.831,,0,,"[47,21,22,40,19,58,29,27,61,42,41,10,13]",,,,3456678m 222367p,,,,,,,,,,,,,,
20260410205907_0301_029,20260410205907_0301,20260410205907,,2,岡本恭輔,66,8p,risekichu_hokan_tsumogiri,1775823138,2036.763,,1,1789.851,"[47,21,22,40,19,58,29,27,61,42,41,10,13]",,,,3456678m 222367p,,,,,,,,,,,,,,
20260410205907_0301_030,20260410205907_0301,20260410205907,,3,ShinChi,121,4z,risekichu_hokan_tsumogiri,1775823141,1724.533,,1,1048.27,"[47,21,22,40,19,58,29,27,61,42,41,10,13]",,,,3456678m 222367p,,,,,,,,,,,,,,
20260410205907_0301_031,20260410205907_0301,20260410205907,,0,s6u,47,3p,tedashi,1775823149,7098.816,,0,,"[47,21,22,40,19,58,29,27,61,42,41,10,13,85]",,,,3456678m 222367p 4s,,,,1,1,4,,0,,,,,,
20260410205907_0301_032,20260410205907_0301,20260410205907,,1,Skam5963,46,3p,risekichu_hokan_tsumogiri,1775823151,2024.209,,0,,"[21,22,40,19,58,29,27,61,42,41,10,13,85]",,,,3456678m 22267p 4s,,,,,,,,,,,,,,
20260410205907_0301_033,20260410205907_0301,20260410205907,,2,岡本恭輔,92,6s,tedashi,1775823158,6603.173,,1,1857.441,"[21,22,40,19,58,29,27,61,42,41,10,13,85]",,,,3456678m 22267p 4s,,,,,,,,,,,,,,
20260410205907_0301_034,20260410205907_0301,20260410205907,,3,ShinChi,30,8m,risekichu_hokan_tsumogiri,1775823162,1749.642,,6,208.16,"[21,22,40,19,58,29,27,61,42,41,10,13,85]",,,,3456678m 22267p 4s,,,,,,,,,,,,,,
20260410205907_0301_035,20260410205907_0301,20260410205907,,0,s6u,10,3m,tedashi,1775823171,4742.392,4313.163,0,,"[21,22,40,19,58,29,27,61,42,41,10,13,85,87]",,,,3456678m 22267p 44s,,,,0,0,3,58p,0,,,,,,
20260410205907_0301_036,20260410205907_0301,20260410205907,,1,Skam5963,120,4z,tedashi,1775823173,2670.863,,0,,"[21,22,40,19,58,29,27,61,42,41,13,85,87]",,,,456678m 22267p 44s,,,,,,,,,,,,,,
20260410205907_0301_037,20260410205907_0301,20260410205907,,2,岡本恭輔,14,4m,risekichu_hokan_tsumogiri,1775823176,525.481,2054.555,1,3608.636,"[21,22,40,19,58,29,27,61,42,41,13,85,87]",,,,456678m 22267p 44s,,,,,,,,,,,,,,
20260410205907_0301_038,20260410205907_0301,20260410205907,,3,ShinChi,15,4m,tedashi,1775823184,4165.39,,0,,"[21,22,40,19,58,29,27,61,42,41,13,85,87]",,,,456678m 22267p 44s,,,,,,,,,,,,,,
20260410205907_0301_039,20260410205907_0301,20260410205907,,0,s6u,56,6p,tsumogiri,1775823185,689.977,,1,1991.656,"[21,22,40,19,58,29,27,61,42,41,13,85,87,56]",,,,456678m 222667p 44s,,,,0,0,2,58p,1,,,,,,
20260410205907_0301_040,20260410205907_0301,20260410205907,,1,Skam5963,122,4z,tedashi,1775823188,1134.797,,0,,"[21,22,40,19,58,29,27,61,42,41,13,85,87]",,,,456678m 22267p 44s,,,,,,,,,,,,,,
20260410205907_0301_041,20260410205907_0301,20260410205907,,2,岡本恭輔,44,3p,risekichu_hokan_tsumogiri,1775823188,834.535,,0,,"[21,22,40,19,58,29,27,61,42,41,13,85,87]",,,,456678m 22267p 44s,,,,,,,,,,,,,,
20260410205907_0301_042,20260410205907_0301,20260410205907,,3,ShinChi,71,9p,tedashi,1775823196,7054.823,,0,,"[21,22,40,19,58,29,27,61,42,41,13,85,87]",,,,456678m 22267p 44s,,,,,,,,,,,,,,
20260410205907_0301_043,20260410205907_0301,20260410205907,,0,s6u,81,3s,tsumogiri,1775823196,699.384,,0,,"[21,22,40,19,58,29,27,61,42,41,13,85,87,81]",,,,456678m 22267p 344s,,,,0,0,3,58p,0,,,,,,
20260410205907_0301_044,20260410205907_0301,20260410205907,,1,Skam5963,68,9p,tedashi,1775823199,2583.486,,0,,"[21,22,40,19,58,29,27,61,42,41,13,85,87]",,,,456678m 22267p 44s,,,,,,,,,,,,,,
20260410205907_0301_045,20260410205907_0301,20260410205907,,2,岡本恭輔,18,5m,risekichu_hokan_tsumogiri,1775823200,1391.059,,0,,"[21,22,40,19,58,29,27,61,42,41,13,85,87]",,,,456678m 22267p 44s,,,,,,,,,,,,,,
20260410205907_0301_046,20260410205907_0301,20260410205907,,3,ShinChi,113,2z,tedashi,1775823203,3108.767,,0,,"[21,22,40,19,58,29,27,61,42,41,13,85,87]",,,,456678m 22267p 44s,,,,,,,,,,,,,,
20260410205907_0301_047,20260410205907_0301,20260410205907,,0,s6u,90,5s,tsumogiri,1775823204,694.474,,1,1929.422,"[21,22,40,19,58,29,27,61,42,41,13,85,87,90]",,,,456678m 22267p 445s,,,,0,0,3,58p,0,,,,,,
20260410205907_0301_048,20260410205907_0301,20260410205907,,1,Skam5963,112,2z,risekichu_hokan_tsumogiri,1775823208,2215.662,,0,,"[21,22,40,19,58,29,27,61,42,41,13,85,87]",,,,456678m 22267p 44s,,,,,,,,,,,,,,
20260410205907_0301_049,20260410205907_0301,20260410205907,,2,岡本恭輔,108,1z,risekichu_hokan_tsumogiri,1775823210,1952.997,,0,,"[21,22,40,19,58,29,27,61,42,41,13,85,87]",,,,456678m 22267p 44s,,,,,,,,,,,,,,
20260410205907_0301_050,20260410205907_0301,20260410205907,,3,ShinChi,91,5s,tedashi,1775823213,2526.751,,0,,"[21,22,40,19,58,29,27,61,42,41,13,85,87]",,,,456678m 22267p 44s,,,,,,,,,,,,,,
20260410205907_0301_051,20260410205907_0301,20260410205907,,0,s6u,26,7m,tsumogiri,1775823213,688.977,,1,1889.537,"[21,22,40,19,58,29,27,61,42,41,13,85,87,26]",,,,4566778m 22267p 44s,,,,0,0,2,58p,0,,,,,,
20260410205907_0301_052,20260410205907_0301,20260410205907,,1,Skam5963,82,3s,tedashi,1775823225,9660.527,,0,,"[21,22,40,19,58,29,27,61,42,41,13,85,87]",,,,456678m 22267p 44s,,,,,,,,,,,,,,
20260410205907_0301_053,20260410205907_0301,20260410205907,,2,岡本恭輔,8,3m,risekichu_hokan_tsumogiri,1775823229,4041.548,,0,,"[21,22,40,19,58,29,27,61,42,41,13,85,87]",,,,456678m 22267p 44s,,,,,,,,,,,,,,
20260410205907_0301_054,20260410205907_0301,20260410205907,,3,ShinChi,9,3m,tedashi,1775823232,2944.347,,0,,"[21,22,40,19,58,29,27,61,42,41,13,85,87]",,,,456678m 22267p 44s,,,,,,,,,,,,,,
20260410205907_0400_000,20260410205907_0400,20260410205907,,2,岡本恭輔,116,3z,tedashi,1775823255,,,0,,"[35,1,107,62,30,28,12,10,73,18,77,85,20]",,,,13456889m 7p 1249s,,,,,,,,,,,,,,
20260410205907_0400_001,20260410205907_0400,20260410205907,,3,ShinChi,0,1m,tedashi,1775823257,2204.626,,0,,"[35,1,107,62,30,28,12,10,73,18,77,85,20]",,,,13456889m 7p 1249s,,,,,,,,,,,,,,
20260410205907_0400_002,20260410205907_0400,20260410205907,,0,s6u,107,9s,tedashi,1775823260,2943.616,,0,,"[35,1,107,62,30,28,12,10,73,18,77,85,20,80]",,,,13456889m 7p 12349s,,,,2,2,5,,0,,,,,,
20260410205907_0400_003,20260410205907_0400,20260410205907,,1,Skam5963,124,5z,tedashi,1775823263,3014.54,,0,,"[35,1,62,30,28,12,10,73,18,77,85,20,80]",,,,13456889m 7p 1234s,,,,,,,,,,,,,,
20260410205907_0400_004,20260410205907_0400,20260410205907,,2,岡本恭輔,121,4z,tedashi,1775823273,9866.774,,0,,"[35,1,62,30,28,12,10,73,18,77,85,20,80]",,,,13456889m 7p 1234s,,,,,,,,,,,,,,
20260410205907_0400_005,20260410205907_0400,20260410205907,,3,ShinChi,126,5z,tedashi,1775823275,2186.166,,0,,"[35,1,62,30,28,12,10,73,18,77,85,20,80]",,,,13456889m 7p 1234s,,,,,,,,,,,,,,
20260410205907_0400_006,20260410205907_0400,20260410205907,,0,s6u,73,1s,tedashi,1775823279,3792.463,,0,,"[35,1,62,30,28,12,10,73,18,77,85,20,80,61]",,,,13456889m 77p 1234s,,,,1,1,4,,0,,,,,,
20260410205907_0400_007,20260410205907_0400,20260410205907,,1,Skam5963,130,6z,tedashi,1775823281,2898.787,,0,,"[35,1,62,30,28,12,10,18,77,85,20,80,61]",,,,13456889m 77p 234s,,,,,,,,,,,,,,
20260410205907_0400_008,20260410205907_0400,20260410205907,,2,岡本恭輔,127,5z,tedashi,1775823288,6250.989,,0,,"[35,1,62,30,28,12,10,18,77,85,20,80,61]",,,,13456889m 77p 234s,,,,,,,,,,,,,,
20260410205907_0400_009,20260410205907_0400,20260410205907,,3,ShinChi,131,6z,tedashi,1775823290,1864.255,,0,,"[35,1,62,30,28,12,10,18,77,85,20,80,61]",,,,13456889m 77p 234s,,,,,,,,,,,,,,
20260410205907_0400_010,20260410205907_0400,20260410205907,,0,s6u,117,3z,tsumogiri,1775823291,1320.879,,0,,"[35,1,62,30,28,12,10,18,77,85,20,80,61,117]",,,,13456889m 77p 234s 3z,,,,1,1,4,,0,,,,,,
20260410205907_0400_011,20260410205907_0400,20260410205907,,1,Skam5963,4,2m,tedashi,1775823293,2403.939,,1,2807.259,"[35,1,62,30,28,12,10,18,77,85,20,80,61]",,,,13456889m 77p 234s,,,,,,,,,,,,,,
20260410205907_0400_012,20260410205907_0400,20260410205907,,2,岡本恭輔,109,1z,risekichu_hokan_tsumogiri,1775823297,1214.949,,0,,"[35,1,62,30,28,12,10,18,77,85,20,80,61]",,,,13456889m 77p 234s,,,,,,,,,,,,,,
20260410205907_0400_013,20260410205907_0400,20260410205907,,3,ShinChi,134,7z,tedashi,1775823300,2736.093,,0,,"[35,1,62,30,28,12,10,18,77,85,20,80,61]",,,,13456889m 77p 234s,,,,,,,,,,,,,,
20260410205907_0400_014,20260410205907_0400,20260410205907,,0,s6u,108,1z,tsumogiri,1775823301,1341.07,,0,,"[35,1,62,30,28,12,10,18,77,85,20,80,61,108]",,,,13456889m 77p 234s 1z,,,,1,1,4,,0,,,,,,
20260410205907_0400_015,20260410205907_0400,20260410205907,,1,Skam5963,75,1s,risekichu_hokan_tsumogiri,1775823303,1949.645,,0,,"[35,1,62,30,28,12,10,18,77,85,20,80,61]",,,,13456889m 77p 234s,,,,,,,,,,,,,,
20260410205907_0400_016,20260410205907_0400,20260410205907,,2,岡本恭輔,31,8m,tedashi,1775823309,5350.29,,1,1496.484,"[35,1,62,30,28,12,10,18,77,85,20,80,61]",,,,13456889m 77p 234s,,,,,,,,,,,,,,
20260410205907_0400_017,20260410205907_0400,20260410205907,,3,ShinChi,113,2z,tedashi,1775823313,2754.565,,0,,"[35,1,62,30,28,12,10,18,77,85,20,80,61]",,,,13456889m 77p 234s,,,,,,,,,,,,,,
20260410205907_0400_018,20260410205907_0400,20260410205907,,0,s6u,50,4p,tsumogiri,1775823315,1668.722,,1,1102.736,"[35,1,62,30,28,12,10,18,77,85,20,80,61,50]",,,,13456889m 477p 234s,,,,1,1,4,,0,,,,,,
20260410205907_0400_019,20260410205907_0400,20260410205907,,1,Skam5963,111,1z,risekichu_hokan_tsumogiri,1775823317,970.035,,0,,"[35,1,62,30,28,12,10,18,77,85,20,80,61]",,,,13456889m 77p 234s,,,,,,,,,,,,,,
20260410205907_0400_020,20260410205907_0400,20260410205907,,2,岡本恭輔,105,9s,tedashi,1775823321,4646.315,,0,,"[35,1,62,30,28,12,10,18,77,85,20,80,61]",,,,13456889m 77p 234s,,,,,,,,,,,,,,
20260410205907_0400_021,20260410205907_0400,20260410205907,,3,ShinChi,122,4z,risekichu_hokan_tsumogiri,1775823324,2941.2,,0,,"[35,1,62,30,28,12,10,18,77,85,20,80,61]",,,,13456889m 77p 234s,,,,,,,,,,,,,,
20260410205907_0400_022,20260410205907_0400,20260410205907,,0,s6u,30,8m,tedashi,1775823331,6501.027,,1,1309.985,"[35,1,62,30,28,12,10,18,77,85,20,80,61,17]",,,,134556889m 77p 234s,,,,1,1,3,,0,,,,,,
20260410205907_0400_023,20260410205907_0400,20260410205907,,1,Skam5963,114,2z,risekichu_hokan_tsumogiri,1775823334,1778.014,,0,,"[35,1,62,28,12,10,18,77,85,20,80,61,17]",,,,13455689m 77p 234s,,,,,,,,,,,,,,
20260410205907_0400_024,20260410205907_0400,20260410205907,,2,岡本恭輔,96,7s,tedashi,1775823340,6384.249,,1,2994.06,"[35,1,62,28,12,10,18,77,85,20,80,61,17]",,,,13455689m 77p 234s,,,,,,,,,,,,,,
20260410205907_0400_025,20260410205907_0400,20260410205907,,3,ShinChi,78,2s,tedashi,1775823348,5222.751,,1,992.026,"[35,1,62,28,12,10,18,77,85,20,80,61,17]",,,,13455689m 77p 234s,,,,,,,,,,,,,,
20260410205907_0400_026,20260410205907_0400,20260410205907,,0,s6u,18,5m,tedashi,1775823352,812.569,1260.07,1,1168.698,"[35,1,62,28,12,10,18,77,85,20,80,61,17,25]",,,,134556789m 77p 234s,,,,0,0,4,2m,0,,,,,,
20260410205907_0400_027,20260410205907_0400,20260410205907,,1,Skam5963,39,1p,tedashi,1775823355,2499.897,,1,1002.737,"[35,1,62,28,12,10,77,85,20,80,61,17,25]",,,,13456789m 77p 234s,,,,,,,,,,,,,,
20260410205907_0400_028,20260410205907_0400,20260410205907,,2,岡本恭輔,36,1p,tedashi,1775823357,715.884,,1,2401.522,"[35,1,62,28,12,10,77,85,20,80,61,17,25]",,,,13456789m 77p 234s,,,,,,,,,,,,,,
20260410205907_0400_029,20260410205907_0400,20260410205907,,3,ShinChi,99,7s,tedashi,1775823370,10950.708,,0,,"[35,1,62,28,12,10,77,85,20,80,61,17,25]",,,,13456789m 77p 234s,,,,,,,,,,,,,,
20260410205907_0400_030,20260410205907_0400,20260410205907,,0,s6u,69,9p,tsumogiri,1775823371,683.518,,0,,"[35,1,62,28,12,10,77,85,20,80,61,17,25,69]",,,,13456789m 779p 234s,,,,0,0,5,2m,0,9p,2415pt,,,,
20260410205907_0400_031,20260410205907_0400,20260410205907,,1,Skam5963,38,1p,tedashi,1775823375,4510.125,,1,1527.306,"[35,1,62,28,12,10,77,85,20,80,61,17,25]",,,,13456789m 77p 234s,,,,,,,,,,,,,,
20260410205907_0400_032,20260410205907_0400,20260410205907,,2,岡本恭輔,128,6z,risekichu_hokan_tsumogiri,1775823379,2000.93,,0,,"[35,1,62,28,12,10,77,85,20,80,61,17,25]",,,,13456789m 77p 234s,,,,,,,,,,,,,,
20260410205907_0400_033,20260410205907_0400,20260410205907,,3,ShinChi,70,9p,tedashi,1775823382,3447.923,,0,,"[35,1,62,28,12,10,77,85,20,80,61,17,25]",,,,13456789m 77p 234s,,,,,,,,,,,,,,
20260410205907_0400_034,20260410205907_0400,20260410205907,,0,s6u,86,4s,tsumogiri,1775823383,697.117,,1,1628.165,"[35,1,62,28,12,10,77,85,20,80,61,17,25,86]",,,,13456789m 77p 2344s,,,,0,0,4,2m,0,4s,2304pt,,,,
20260410205907_0400_035,20260410205907_0400,20260410205907,,1,Skam5963,68,9p,tedashi,1775823387,1814.346,,0,,"[35,1,62,28,12,10,77,85,20,80,61,17,25]",,,,13456789m 77p 234s,,,,,,,,,,,,,,
20260410205907_0400_036,20260410205907_0400,20260410205907,,2,岡本恭輔,112,2z,risekichu_hokan_tsumogiri,1775823389,2189.899,,0,,"[35,1,62,28,12,10,77,85,20,80,61,17,25]",,,,13456789m 77p 234s,,,,,,,,,,,,,,
20260410205907_0400_037,20260410205907_0400,20260410205907,,3,ShinChi,64,8p,tedashi,1775823397,7863.981,,0,,"[35,1,62,28,12,10,77,85,20,80,61,17,25]",,,,13456789m 77p 234s,,,,,,,,,,,,,,
20260410205907_0400_038,20260410205907_0400,20260410205907,,0,s6u,123,4z,tsumogiri,1775823397,691.481,,0,,"[35,1,62,28,12,10,77,85,20,80,61,17,25,123]",,,,13456789m 77p 234s 4z,,,,0,0,5,2m,0,4z,2176pt,,,,
20260410205907_0400_039,20260410205907_0400,20260410205907,,1,Skam5963,110,1z,risekichu_hokan_tsumogiri,1775823400,2616.66,,0,,"[35,1,62,28,12,10,77,85,20,80,61,17,25]",,,,13456789m 77p 234s,,,,,,,,,,,,,,
20260410205907_0400_040,20260410205907_0400,20260410205907,,2,岡本恭輔,33,9m,tedashi,1775823402,2337.32,,0,,"[35,1,62,28,12,10,77,85,20,80,61,17,25]",,,,13456789m 77p 234s,,,,,,,,,,,,,,
20260410205907_0400_041,20260410205907_0400,20260410205907,,3,ShinChi,56,6p,tedashi,1775823406,3593.359,,0,,"[35,1,62,28,12,10,77,85,20,80,61,17,25]",,,,13456789m 77p 234s,,,,,,,,,,,,,,
20260410205907_0500_000,20260410205907_0500,20260410205907,,3,ShinChi,123,4z,tedashi,1775823423,,,0,,"[8,43,23,1,74,11,115,134,82,55,51,71,21]",,,,13366m 2459p 13s 27z,,,,,,,,,,,,,,
20260410205907_0500_001,20260410205907_0500,20260410205907,,0,s6u,71,9p,tedashi,1775823424,1296.599,,0,,"[8,43,23,1,74,11,115,134,82,55,51,71,21,53]",,,,13366m 24559p 13s 27z,,,,3,3,3,,0,,,,,,
20260410205907_0500_002,20260410205907_0500,20260410205907,,1,Skam5963,69,9p,tedashi,1775823426,2046.799,,0,,"[8,43,23,1,74,11,115,134,82,55,51,21,53]",,,,13366m 2455p 13s 27z,,,,,,,,,,,,,,
20260410205907_0500_003,20260410205907_0500,20260410205907,,2,岡本恭輔,110,1z,tedashi,1775823428,1418.035,,0,,"[8,43,23,1,74,11,115,134,82,55,51,21,53]",,,,13366m 2455p 13s 27z,,,,,,,,,,,,,,
20260410205907_0500_004,20260410205907_0500,20260410205907,,3,ShinChi,111,1z,tedashi,1775823430,2483.763,,0,,"[8,43,23,1,74,11,115,134,82,55,51,21,53]",,,,13366m 2455p 13s 27z,,,,,,,,,,,,,,
20260410205907_0500_005,20260410205907_0500,20260410205907,,0,s6u,134,7z,tedashi,1775823431,1322.79,,0,,"[8,43,23,1,74,11,115,134,82,55,51,21,53,78]",,,,13366m 2455p 123s 27z,,,,2,2,3,,0,,,,,,
20260410205907_0500_006,20260410205907_0500,20260410205907,,1,Skam5963,135,7z,tedashi,1775823436,4315.516,,0,,"[8,43,23,1,74,11,115,82,55,51,21,53,78]",,,,13366m 2455p 123s 2z,,,,,,,,,,,,,,
20260410205907_0500_007,20260410205907_0500,20260410205907,,2,岡本恭輔,119,3z,tedashi,1775823437,1379.006,,0,,"[8,43,23,1,74,11,115,82,55,51,21,53,78]",,,,13366m 2455p 123s 2z,,,,,,,,,,,,,,
20260410205907_0500_008,20260410205907_0500,20260410205907,,3,ShinChi,2,1m,risekichu_hokan_tsumogiri,1775823441,3566.869,,0,,"[8,43,23,1,74,11,115,82,55,51,21,53,78]",,,,13366m 2455p 123s 2z,,,,,,,,,,,,,,
20260410205907_0500_009,20260410205907_0500,20260410205907,,0,s6u,115,2z,tedashi,1775823442,1384.728,,0,,"[8,43,23,1,74,11,115,82,55,51,21,53,78,45]",,,,13366m 23455p 123s 2z,,,,1,1,3,,0,,,,,,
20260410205907_0500_010,20260410205907_0500,20260410205907,,1,Skam5963,15,4m,tedashi,1775823445,2838.296,,0,,"[8,43,23,1,74,11,82,55,51,21,53,78,45]",,,,13366m 23455p 123s,,,,,,,,,,,,,,
20260410205907_0500_011,20260410205907_0500,20260410205907,,2,岡本恭輔,124,5z,tedashi,1775823447,1780.57,,2,1616.202,"[8,43,23,1,74,11,82,55,51,21,53,78,45]",,,,13366m 23455p 123s,,,,,,,,,,,,,,
20260410205907_0500_012,20260410205907_0500,20260410205907,,3,ShinChi,113,2z,tedashi,1775823449,1142.727,,0,,"[8,43,23,1,74,11,82,55,51,21,53,78,45]",,,,13366m 23455p 123s,,,,,,,,,,,,,,
20260410205907_0500_013,20260410205907_0500,20260410205907,,0,s6u,89,5s,tsumogiri,1775823451,1426.435,,1,1217.988,"[8,43,23,1,74,11,82,55,51,21,53,78,45,89]",,,,13366m 23455p 1235s,,,,1,1,3,,0,,,,,,
20260410205907_0500_014,20260410205907_0500,20260410205907,,1,Skam5963,114,2z,tedashi,1775823453,959.966,,0,,"[8,43,23,1,74,11,82,55,51,21,53,78,45]",,,,13366m 23455p 123s,,,,,,,,,,,,,,
20260410205907_0500_015,20260410205907_0500,20260410205907,,2,岡本恭輔,112,2z,risekichu_hokan_tsumogiri,1775823455,1753.717,,0,,"[8,43,23,1,74,11,82,55,51,21,53,78,45]",,,,13366m 23455p 123s,,,,,,,,,,,,,,
20260410205907_0500_016,20260410205907_0500,20260410205907,,3,ShinChi,128,6z,tedashi,1775823457,2722.481,,0,,"[8,43,23,1,74,11,82,55,51,21,53,78,45]",,,,13366m 23455p 123s,,,,,,,,,,,,,,
20260410205907_0500_017,20260410205907_0500,20260410205907,,0,s6u,132,7z,tsumogiri,1775823459,1302.051,,0,,"[8,43,23,1,74,11,82,55,51,21,53,78,45,132]",,,,13366m 23455p 123s 7z,,,,1,1,3,,0,,,,,,
20260410205907_0500_018,20260410205907_0500,20260410205907,,1,Skam5963,127,5z,tedashi,1775823460,1370.172,,0,,"[8,43,23,1,74,11,82,55,51,21,53,78,45]",,,,13366m 23455p 123s,,,,,,,,,,,,,,
20260410205907_0500_019,20260410205907_0500,20260410205907,,2,岡本恭輔,79,2s,tedashi,1775823462,2089.161,,0,,"[8,43,23,1,74,11,82,55,51,21,53,78,45]",,,,13366m 23455p 123s,,,,,,,,,,,,,,
20260410205907_0500_020,20260410205907_0500,20260410205907,,3,ShinChi,61,7p,tedashi,1775823465,2500.524,,1,1512.961,"[8,43,23,1,74,11,82,55,51,21,53,78,45]",,,,13366m 23455p 123s,,,,,,,,,,,,,,
20260410205907_0500_021,20260410205907_0500,20260410205907,,0,s6u,131,6z,tsumogiri,1775823467,1041.881,,0,,"[8,43,23,1,74,11,82,55,51,21,53,78,45,131]",,,,13366m 23455p 123s 6z,,,,1,1,3,,0,,,,,,
20260410205907_0500_022,20260410205907_0500,20260410205907,,1,Skam5963,130,6z,tedashi,1775823469,1479.465,,0,,"[8,43,23,1,74,11,82,55,51,21,53,78,45]",,,,13366m 23455p 123s,,,,,,,,,,,,,,
20260410205907_0500_023,20260410205907_0500,20260410205907,,2,岡本恭輔,32,9m,tedashi,1775823471,2003.853,,0,,"[8,43,23,1,74,11,82,55,51,21,53,78,45]",,,,13366m 23455p 123s,,,,,,,,,,,,,,
20260410205907_0500_024,20260410205907_0500,20260410205907,,3,ShinChi,118,3z,risekichu_hokan_tsumogiri,1775823473,1829.712,,0,,"[8,43,23,1,74,11,82,55,51,21,53,78,45]",,,,13366m 23455p 123s,,,,,,,,,,,,,,
20260410205907_0500_025,20260410205907_0500,20260410205907,,0,s6u,11,3m,tedashi,1775823479,995.404,5615.186,0,,"[8,43,23,1,74,11,82,55,51,21,53,78,45,20]",,,,133666m 23455p 123s,,,,0,0,3,2m,0,,,,,,
20260410205907_0500_026,20260410205907_0500,20260410205907,,1,Skam5963,109,1z,tedashi,1775823481,1335.104,,0,,"[8,43,23,1,74,82,55,51,21,53,78,45,20]",,,,13666m 23455p 123s,,,,,,,,,,,,,,
20260410205907_0500_027,20260410205907_0500,20260410205907,,2,岡本恭輔,70,9p,tedashi,1775823483,2111.005,,0,,"[8,43,23,1,74,82,55,51,21,53,78,45,20]",,,,13666m 23455p 123s,,,,,,,,,,,,,,
20260410205907_0500_028,20260410205907_0500,20260410205907,,3,ShinChi,64,8p,risekichu_hokan_tsumogiri,1775823485,2476.324,,1,1353.015,"[8,43,23,1,74,82,55,51,21,53,78,45,20]",,,,13666m 23455p 123s,,,,,,,,,,,,,,
20260410205907_0500_029,20260410205907_0500,20260410205907,,0,s6u,25,7m,tsumogiri,1775823487,211.822,,0,,"[8,43,23,1,74,82,55,51,21,53,78,45,20,25]",,,,136667m 23455p 123s,,,,0,0,4,2m,0,,,,,,
20260410205907_0500_030,20260410205907_0500,20260410205907,,1,Skam5963,10,3m,tedashi,1775823492,4879.36,,1,1395.492,"[8,43,23,1,74,82,55,51,21,53,78,45,20]",,,,13666m 23455p 123s,,,,,,,,,,,,,,
20260410205907_0500_031,20260410205907_0500,20260410205907,,2,岡本恭輔,66,8p,tedashi,1775823496,2839.518,,0,,"[8,43,23,1,74,82,55,51,21,53,78,45,20]",,,,13666m 23455p 123s,,,,,,,,,,,,,,
20260410205907_0500_032,20260410205907_0500,20260410205907,,3,ShinChi,13,4m,tedashi,1775823502,6379.574,,0,,"[8,43,23,1,74,82,55,51,21,53,78,45,20]",,,,13666m 23455p 123s,,,,,,,,,,,,,,
20260410205907_0500_033,20260410205907_0500,20260410205907,,0,s6u,18,5m,tsumogiri,1775823503,709.382,,0,,"[8,43,23,1,74,82,55,51,21,53,78,45,20,18]",,,,135666m 23455p 123s,,,,0,0,4,2m,0,,,,,,
20260410205907_0500_034,20260410205907_0500,20260410205907,,1,Skam5963,19,5m,tedashi,1775823505,2547.846,,0,,"[8,43,23,1,74,82,55,51,21,53,78,45,20]",,,,13666m 23455p 123s,,,,,,,,,,,,,,
20260410205907_0500_035,20260410205907_0500,20260410205907,,2,岡本恭輔,65,8p,tedashi,1775823507,1563.075,,0,,"[8,43,23,1,74,82,55,51,21,53,78,45,20]",,,,13666m 23455p 123s,,,,,,,,,,,,,,
20260410205907_0500_036,20260410205907_0500,20260410205907,,3,ShinChi,31,8m,risekichu_hokan_tsumogiri,1775823511,3580.051,,0,,"[8,43,23,1,74,82,55,51,21,53,78,45,20]",,,,13666m 23455p 123s,,,,,,,,,,,,,,
20260410205907_0500_037,20260410205907_0500,20260410205907,,0,s6u,59,6p,tsumogiri,1775823511,688.136,,1,15000.737,"[8,43,23,1,74,82,55,51,21,53,78,45,20,59]",,,,13666m 234556p 123s,,,,0,0,4,2m,0,,,,,,
20260410205907_0500_038,20260410205907_0500,20260410205907,,3,ShinChi,22,6m,tedashi,1775823526,1730.856,,0,,"[8,43,23,1,74,82,55,51,21,53,78,45,20]",,,,13666m 23455p 123s,,,,,,,,,,,,,,
20260410205907_0500_039,20260410205907_0500,20260410205907,,0,s6u,68,9p,tsumogiri,1775823527,688.228,,0,,"[8,43,23,1,74,82,55,51,21,53,78,45,20,68]",,,,13666m 234559p 123s,,,,0,0,4,2m,0,,,,,,
20260410205907_0500_040,20260410205907_0500,20260410205907,,1,Skam5963,57,6p,tedashi,1775823529,2414.054,,0,,"[8,43,23,1,74,82,55,51,21,53,78,45,20]",,,,13666m 23455p 123s,,,,,,,,,,,,,,
20260410205907_0500_041,20260410205907_0500,20260410205907,,2,岡本恭輔,37,1p,risekichu_hokan_tsumogiri,1775823529,0.0,,1,3631.19,"[8,43,23,1,74,82,55,51,21,53,78,45,20]",,,,13666m 23455p 123s,,,,,,,,,,,,,,
20260410205907_0500_042,20260410205907_0500,20260410205907,,3,ShinChi,106,9s,risekichu_hokan_tsumogiri,1775823535,2296.371,,0,,"[8,43,23,1,74,82,55,51,21,53,78,45,20]",,,,13666m 23455p 123s,,,,,,,,,,,,,,
20260410205907_0500_043,20260410205907_0500,20260410205907,,0,s6u,62,7p,tsumogiri,1775823536,688.398,,0,,"[8,43,23,1,74,82,55,51,21,53,78,45,20,62]",,,,13666m 234557p 123s,,,,0,0,4,2m,0,,,,,,
20260410205907_0500_044,20260410205907_0500,20260410205907,,1,Skam5963,129,6z,tedashi,1775823540,4072.322,,0,,"[8,43,23,1,74,82,55,51,21,53,78,45,20]",,,,13666m 23455p 123s,,,,,,,,,,,,,,
20260410205907_0500_045,20260410205907_0500,20260410205907,,2,岡本恭輔,39,1p,tedashi,1775823542,2074.419,,1,1685.677,"[8,43,23,1,74,82,55,51,21,53,78,45,20]",,,,13666m 23455p 123s,,,,,,,,,,,,,,
20260410205907_0500_046,20260410205907_0500,20260410205907,,3,ShinChi,28,8m,risekichu_hokan_tsumogiri,1775823546,2534.762,,0,,"[8,43,23,1,74,82,55,51,21,53,78,45,20]",,,,13666m 23455p 123s,,,,,,,,,,,,,,
20260410205907_0500_047,20260410205907_0500,20260410205907,,0,s6u,75,1s,tsumogiri,1775823547,682.357,,1,1601.174,"[8,43,23,1,74,82,55,51,21,53,78,45,20,75]",,,,13666m 23455p 1123s,,,,0,0,3,2m,0,,,,,,
20260410205907_0500_048,20260410205907_0500,20260410205907,,1,Skam5963,27,7m,risekichu_hokan_tsumogiri,1775823550,1780.163,,0,,"[8,43,23,1,74,82,55,51,21,53,78,45,20]",,,,13666m 23455p 123s,,,,,,,,,,,,,,
20260410205907_0500_049,20260410205907_0500,20260410205907,,2,岡本恭輔,38,1p,tedashi,1775823552,1891.089,,1,1389.884,"[8,43,23,1,74,82,55,51,21,53,78,45,20]",,,,13666m 23455p 123s,,,,,,,,,,,,,,
20260410205907_0500_050,20260410205907_0500,20260410205907,,3,ShinChi,36,1p,tedashi,1775823558,4069.491,,0,,"[8,43,23,1,74,82,55,51,21,53,78,45,20]",,,,13666m 23455p 123s,,,,,,,,,,,,,,
20260410205907_0500_051,20260410205907_0500,20260410205907,,0,s6u,30,8m,tsumogiri,1775823558,685.579,,0,,"[8,43,23,1,74,82,55,51,21,53,78,45,20,30]",,,,136668m 23455p 123s,,,,0,0,4,2m,0,,,,,,
20260410205907_0500_052,20260410205907_0500,20260410205907,,1,Skam5963,116,3z,tedashi,1775823560,1865.8,,0,,"[8,43,23,1,74,82,55,51,21,53,78,45,20]",,,,13666m 23455p 123s,,,,,,,,,,,,,,
20260410205907_0500_053,20260410205907_0500,20260410205907,,2,岡本恭輔,49,4p,tedashi,1775823564,3707.234,,2,2631.504,"[8,43,23,1,74,82,55,51,21,53,78,45,20]",,,,13666m 23455p 123s,,,,,,,,,,,,,,
20260410205907_0500_054,20260410205907_0500,20260410205907,,3,ShinChi,40,2p,tedashi,1775823568,1066.686,,1,1668.114,"[8,43,23,1,74,82,55,51,21,53,78,45,20]",,,,13666m 23455p 123s,,,,,,,,,,,,,,
20260410205907_0500_055,20260410205907_0500,20260410205907,,0,s6u,87,4s,tsumogiri,1775823570,210.935,,0,,"[8,43,23,1,74,82,55,51,21,53,78,45,20,87]",,,,13666m 23455p 1234s,,,,0,0,4,2m,0,,,,,,
20260410205907_0501_000,20260410205907_0501,20260410205907,,3,ShinChi,75,1s,tedashi,1775823583,,,0,,"[72,71,103,21,44,10,121,106,105,65,110,95,132]",,,,36m 389p 16899s 147z,,,,,,,,,,,,,,
20260410205907_0501_001,20260410205907_0501,20260410205907,,0,s6u,121,4z,tedashi,1775823586,3028.189,,0,,"[72,71,103,21,44,10,121,106,105,65,110,95,132,22]",,,,366m 389p 16899s 147z,,,,4,4,4,,0,,,,,,
20260410205907_0501_002,20260410205907_0501,20260410205907,,1,Skam5963,120,4z,tedashi,1775823589,3216.059,,0,,"[72,71,103,21,44,10,106,105,65,110,95,132,22]",,,,366m 389p 16899s 17z,,,,,,,,,,,,,,
20260410205907_0501_003,20260410205907_0501,20260410205907,,2,岡本恭輔,15,4m,tedashi,1775823598,8679.914,,1,2000.106,"[72,71,103,21,44,10,106,105,65,110,95,132,22]",,,,366m 389p 16899s 17z,,,,,,,,,,,,,,
20260410205907_0501_004,20260410205907_0501,20260410205907,,3,ShinChi,117,3z,tedashi,1775823603,2573.234,,0,,"[72,71,103,21,44,10,106,105,65,110,95,132,22]",,,,366m 389p 16899s 17z,,,,,,,,,,,,,,
20260410205907_0501_005,20260410205907_0501,20260410205907,,0,s6u,72,1s,tedashi,1775823605,2070.492,,1,1217.772,"[72,71,103,21,44,10,106,105,65,110,95,132,22,90]",,,,366m 389p 156899s 17z,,,,4,4,4,,0,,,,,,
20260410205907_0501_006,20260410205907_0501,20260410205907,,1,Skam5963,113,2z,tedashi,1775823608,1927.855,,0,,"[71,103,21,44,10,106,105,65,110,95,132,22,90]",,,,366m 389p 56899s 17z,,,,,,,,,,,,,,
20260410205907_0501_007,20260410205907_0501,20260410205907,,2,岡本恭輔,42,2p,tedashi,1775823616,8045.623,,1,1597.594,"[71,103,21,44,10,106,105,65,110,95,132,22,90]",,,,366m 389p 56899s 17z,,,,,,,,,,,,,,
20260410205907_0501_008,20260410205907_0501,20260410205907,,3,ShinChi,73,1s,risekichu_hokan_tsumogiri,1775823620,1942.111,,0,,"[71,103,21,44,10,106,105,65,110,95,132,22,90]",,,,366m 389p 56899s 17z,,,,,,,,,,,,,,
20260410205907_0501_009,20260410205907_0501,20260410205907,,0,s6u,132,7z,tedashi,1775823625,5724.846,,0,,"[71,103,21,44,10,106,105,65,110,95,132,22,90,125]",,,,366m 389p 56899s 157z,,,,4,4,4,,0,,,,,,
20260410205907_0501_010,20260410205907_0501,20260410205907,,1,Skam5963,124,5z,tedashi,1775823627,1823.528,,0,,"[71,103,21,44,10,106,105,65,110,95,22,90,125]",,,,366m 389p 56899s 15z,,,,,,,,,,,,,,
20260410205907_0501_011,20260410205907_0501,20260410205907,,2,岡本恭輔,99,7s,risekichu_hokan_tsumogiri,1775823633,5639.635,,1,1961.681,"[71,103,21,44,10,106,105,65,110,95,22,90,125]",,,,366m 389p 56899s 15z,,,,,,,,,,,,,,
20260410205907_0501_012,20260410205907_0501,20260410205907,,3,ShinChi,57,6p,risekichu_hokan_tsumogiri,1775823638,3004.558,,0,,"[71,103,21,44,10,106,105,65,110,95,22,90,125]",,,,366m 389p 56899s 15z,,,,,,,,,,,,,,
20260410205907_0501_013,20260410205907_0501,20260410205907,,0,s6u,110,1z,tedashi,1775823643,5727.022,,0,,"[71,103,21,44,10,106,105,65,110,95,22,90,125,97]",,,,366m 389p 567899s 15z,,,,3,3,4,,0,,,,,,
20260410205907_0501_014,20260410205907_0501,20260410205907,,1,Skam5963,102,8s,tedashi,1775823646,2540.977,,1,6905.076,"[71,103,21,44,10,106,105,65,95,22,90,125,97]",,,,366m 389p 567899s 5z,,,,,,,,,,,,,,
20260410205907_0501_015,20260410205907_0501,20260410205907,,2,岡本恭輔,4,2m,risekichu_hokan_tsumogiri,1775823654,1070.059,,0,,"[71,103,21,44,10,106,105,65,95,22,90,125,97]",,,,366m 389p 567899s 5z,,,,,,,,,,,,,,
20260410205907_0501_016,20260410205907_0501,20260410205907,,3,ShinChi,135,7z,tedashi,1775823657,2580.302,,0,,"[71,103,21,44,10,106,105,65,95,22,90,125,97]",,,,366m 389p 567899s 5z,,,,,,,,,,,,,,
20260410205907_0501_017,20260410205907_0501,20260410205907,,0,s6u,10,3m,tedashi,1775823661,4344.58,,1,2942.878,"[71,103,21,44,10,106,105,65,95,22,90,125,97,126]",,,,366m 389p 567899s 55z,,,,2,2,3,,0,,,,,,
20260410205907_0501_018,20260410205907_0501,20260410205907,,1,Skam5963,2,1m,tedashi,1775823668,3799.022,,0,,"[71,103,21,44,106,105,65,95,22,90,125,97,126]",,,,66m 389p 567899s 55z,,,,,,,,,,,,,,
20260410205907_0501_019,20260410205907_0501,20260410205907,,2,岡本恭輔,101,8s,risekichu_hokan_tsumogiri,1775823672,4655.397,,0,,"[71,103,21,44,106,105,65,95,22,90,125,97,126]",,,,66m 389p 567899s 55z,,,,,,,,,,,,,,
20260410205907_0501_020,20260410205907_0501,20260410205907,,3,ShinChi,6,2m,tedashi,1775823676,3523.229,,0,,"[71,103,21,44,106,105,65,95,22,90,125,97,126]",,,,66m 389p 567899s 55z,,,,,,,,,,,,,,
20260410205907_0501_021,20260410205907_0501,20260410205907,,0,s6u,65,8p,tedashi,1775823679,2997.962,,0,,"[71,103,21,44,106,105,65,95,22,90,125,97,126,43]",,,,66m 2389p 567899s 55z,,,,2,2,3,,0,,,,,,
20260410205907_0501_022,20260410205907_0501,20260410205907,,1,Skam5963,92,6s,risekichu_hokan_tsumogiri,1775823685,6587.867,,1,1166.106,"[71,103,21,44,106,105,95,22,90,125,97,126,43]",,,,66m 239p 567899s 55z,,,,,,,,,,,,,,
20260410205907_0501_023,20260410205907_0501,20260410205907,,2,岡本恭輔,55,5p,risekichu_hokan_tsumogiri,1775823691,4281.788,,1,1745.886,"[71,103,21,44,106,105,95,22,90,125,97,126,43]",,,,66m 239p 567899s 55z,,,,,,,,,,,,,,
20260410205907_0501_024,20260410205907_0501,20260410205907,,3,ShinChi,19,5m,tedashi,1775823696,3847.758,,1,1508.464,"[71,103,21,44,106,105,95,22,90,125,97,126,43]",,,,66m 239p 567899s 55z,,,,,,,,,,,,,,
20260410205907_0501_025,20260410205907_0501,20260410205907,,0,s6u,71,9p,tedashi,1775823699,1190.173,,1,1074.161,"[71,103,21,44,106,105,95,22,90,125,97,126,43,27]",,,,667m 239p 567899s 55z,,,,2,2,3,,0,,,,,,
20260410205907_0501_026,20260410205907_0501,20260410205907,,1,Skam5963,1,1m,tedashi,1775823704,3851.609,,0,,"[103,21,44,106,105,95,22,90,125,97,126,43,27]",,,,667m 23p 567899s 55z,,,,,,,,,,,,,,
20260410205907_0501_027,20260410205907_0501,20260410205907,,2,岡本恭輔,89,5s,tedashi,1775823711,6474.432,,1,1399.626,"[103,21,44,106,105,95,22,90,125,97,126,43,27]",,,,667m 23p 567899s 55z,,,,,,,,,,,,,,
20260410205907_0501_028,20260410205907_0501,20260410205907,,3,ShinChi,86,4s,tedashi,1775823713,1572.228,,1,2561.753,"[103,21,44,106,105,95,22,90,125,97,126,43,27]",,,,667m 23p 567899s 55z,,,,,,,,,,,,,,
20260410205907_0501_029,20260410205907_0501,20260410205907,,0,s6u,32,9m,tsumogiri,1775823717,1435.496,,0,,"[103,21,44,106,105,95,22,90,125,97,126,43,27,32]",,,,6679m 23p 567899s 55z,,,,2,2,3,,0,,,,,,
20260410205907_0501_030,20260410205907_0501,20260410205907,,1,Skam5963,34,9m,risekichu_hokan_tsumogiri,1775823719,1959.112,,1,2664.9,"[103,21,44,106,105,95,22,90,125,97,126,43,27]",,,,667m 23p 567899s 55z,,,,,,,,,,,,,,
20260410205907_0501_031,20260410205907_0501,20260410205907,,2,岡本恭輔,116,3z,risekichu_hokan_tsumogiri,1775823723,1024.584,,0,,"[103,21,44,106,105,95,22,90,125,97,126,43,27]",,,,667m 23p 567899s 55z,,,,,,,,,,,,,,
20260410205907_0501_032,20260410205907_0501,20260410205907,,3,ShinChi,118,3z,tedashi,1775823726,1069.35,1904.01,0,,"[103,21,44,106,105,95,22,90,125,97,126,43,27]",,,,667m 23p 567899s 55z,,,,,,,,,,,,,,
20260410205907_0501_033,20260410205907_0501,20260410205907,,0,s6u,125,5z,tedashi,1775823734,8103.112,,0,,"[103,21,44,106,105,95,22,90,125,97,126,43,27,81]",,,,667m 23p 3567899s 55z,,,,2,2,3,,0,,,,,,
20260410205907_0501_034,20260410205907_0501,20260410205907,,1,Skam5963,7,2m,tedashi,1775823740,5364.443,,0,,"[103,21,44,106,105,95,22,90,97,126,43,27,81]",,,,667m 23p 3567899s 5z,,,,,,,,,,,,,,
20260410205907_0501_035,20260410205907_0501,20260410205907,,2,岡本恭輔,56,6p,tedashi,1775823743,3448.21,,0,,"[103,21,44,106,105,95,22,90,97,126,43,27,81]",,,,667m 23p 3567899s 5z,,,,,,,,,,,,,,
20260410205907_0501_036,20260410205907_0501,20260410205907,,3,ShinChi,61,7p,risekichu_hokan_tsumogiri,1775823744,1458.605,,0,,"[103,21,44,106,105,95,22,90,97,126,43,27,81]",,,,667m 23p 3567899s 5z,,,,,,,,,,,,,,
20260410205907_0501_037,20260410205907_0501,20260410205907,,0,s6u,126,5z,tedashi,1775823746,1804.36,,0,,"[103,21,44,106,105,95,22,90,97,126,43,27,81,70]",,,,667m 239p 3567899s 5z,,,,2,2,4,,0,,,,,,
20260410205907_0501_038,20260410205907_0501,20260410205907,,1,Skam5963,60,7p,tedashi,1775823755,8610.884,,1,1371.596,"[103,21,44,106,105,95,22,90,97,43,27,81,70]",,,,667m 239p 3567899s,,,,,,,,,,,,,,
20260410205907_0501_039,20260410205907_0501,20260410205907,,2,岡本恭輔,131,6z,risekichu_hokan_tsumogiri,1775823758,1765.178,,0,,"[103,21,44,106,105,95,22,90,97,43,27,81,70]",,,,667m 239p 3567899s,,,,,,,,,,,,,,
20260410205907_0502_000,20260410205907_0502,20260410205907,,3,ShinChi,122,4z,tedashi,1775823776,,,1,2111.576,"[29,44,16,24,43,61,110,0,39,73,17,58,21]",,,,1r55678m 12367p 1s 1z,,,,,,,,,,,,,,
20260410205907_0502_001,20260410205907_0502,20260410205907,,0,s6u,73,1s,tedashi,1775823780,1692.673,,0,,"[29,44,16,24,43,61,110,0,39,73,17,58,21,62]",,,,1r55678m 123677p 1s 1z,,,,2,2,4,,0,,,,,,
20260410205907_0502_002,20260410205907_0502,20260410205907,,1,Skam5963,70,9p,tedashi,1775823782,1940.426,,0,,"[29,44,16,24,43,61,110,0,39,17,58,21,62]",,,,1r55678m 123677p 1z,,,,,,,,,,,,,,
20260410205907_0502_003,20260410205907_0502,20260410205907,,2,岡本恭輔,115,2z,tedashi,1775823785,3757.07,,0,,"[29,44,16,24,43,61,110,0,39,17,58,21,62]",,,,1r55678m 123677p 1z,,,,,,,,,,,,,,
20260410205907_0502_004,20260410205907_0502,20260410205907,,3,ShinChi,38,1p,tedashi,1775823788,2126.363,,1,2165.688,"[29,44,16,24,43,61,110,0,39,17,58,21,62]",,,,1r55678m 123677p 1z,,,,,,,,,,,,,,
20260410205907_0502_005,20260410205907_0502,20260410205907,,0,s6u,0,1m,tedashi,1775823792,2200.063,,1,1199.057,"[29,44,16,24,43,61,110,0,39,17,58,21,62,85]",,,,1r55678m 123677p 4s 1z,,,,2,2,4,,0,,,,,,
20260410205907_0502_006,20260410205907_0502,20260410205907,,1,Skam5963,46,3p,tedashi,1775823795,2336.354,,0,,"[29,44,16,24,43,61,110,39,17,58,21,62,85]",,,,r55678m 123677p 4s 1z,,,,,,,,,,,,,,
20260410205907_0502_007,20260410205907_0502,20260410205907,,2,岡本恭輔,124,5z,tedashi,1775823797,1242.701,,0,,"[29,44,16,24,43,61,110,39,17,58,21,62,85]",,,,r55678m 123677p 4s 1z,,,,,,,,,,,,,,
20260410205907_0502_008,20260410205907_0502,20260410205907,,3,ShinChi,4,2m,tedashi,1775823800,3473.456,,0,,"[29,44,16,24,43,61,110,39,17,58,21,62,85]",,,,r55678m 123677p 4s 1z,,,,,,,,,,,,,,
20260410205907_0502_009,20260410205907_0502,20260410205907,,0,s6u,36,1p,tsumogiri,1775823807,6414.473,,0,,"[29,44,16,24,43,61,110,39,17,58,21,62,85,36]",,,,r55678m 1123677p 4s 1z,,,,2,2,3,,0,,,,,,
20260410205907_0502_010,20260410205907_0502,20260410205907,,1,Skam5963,9,3m,tedashi,1775823809,2068.062,,0,,"[29,44,16,24,43,61,110,39,17,58,21,62,85]",,,,r55678m 123677p 4s 1z,,,,,,,,,,,,,,
20260410205907_0502_011,20260410205907_0502,20260410205907,,2,岡本恭輔,86,4s,tedashi,1775823812,3128.648,,1,1737.69,"[29,44,16,24,43,61,110,39,17,58,21,62,85]",,,,r55678m 123677p 4s 1z,,,,,,,,,,,,,,
20260410205907_0502_012,20260410205907_0502,20260410205907,,3,ShinChi,97,7s,tedashi,1775823817,2947.246,,0,,"[29,44,16,24,43,61,110,39,17,58,21,62,85]",,,,r55678m 123677p 4s 1z,,,,,,,,,,,,,,
20260410205907_0502_013,20260410205907_0502,20260410205907,,0,s6u,110,1z,tedashi,1775823823,6295.031,,1,1156.077,"[29,44,16,24,43,61,110,39,17,58,21,62,85,101]",,,,r55678m 123677p 48s 1z,,,,2,2,4,,0,,,,,,
20260410205907_0502_014,20260410205907_0502,20260410205907,,1,Skam5963,28,8m,tedashi,1775823827,3243.313,,0,,"[29,44,16,24,43,61,39,17,58,21,62,85,101]",,,,r55678m 123677p 48s,,,,,,,,,,,,,,
20260410205907_0502_015,20260410205907_0502,20260410205907,,2,岡本恭輔,50,4p,tedashi,1775823830,3247.256,,0,,"[29,44,16,24,43,61,39,17,58,21,62,85,101]",,,,r55678m 123677p 48s,,,,,,,,,,,,,,
20260410205907_0502_016,20260410205907_0502,20260410205907,,3,ShinChi,104,9s,risekichu_hokan_tsumogiri,1775823833,2307.025,,1,1094.686,"[29,44,16,24,43,61,39,17,58,21,62,85,101]",,,,r55678m 123677p 48s,,,,,,,,,,,,,,
20260410205907_0502_017,20260410205907_0502,20260410205907,,0,s6u,101,8s,tedashi,1775823836,2146.884,,1,3235.674,"[29,44,16,24,43,61,39,17,58,21,62,85,101,20]",,,,r556678m 123677p 48s,,,,2,2,3,,0,,,,,,
20260410205907_0502_018,20260410205907_0502,20260410205907,,1,Skam5963,31,8m,risekichu_hokan_tsumogiri,1775823841,2041.181,,0,,"[29,44,16,24,43,61,39,17,58,21,62,85,20]",,,,r556678m 123677p 4s,,,,,,,,,,,,,,
20260410205907_0502_019,20260410205907_0502,20260410205907,,2,岡本恭輔,42,2p,tedashi,1775823846,5070.44,,0,,"[29,44,16,24,43,61,39,17,58,21,62,85,20]",,,,r556678m 123677p 4s,,,,,,,,,,,,,,
20260410205907_0502_020,20260410205907_0502,20260410205907,,3,ShinChi,35,9m,tedashi,1775823851,4771.741,,6,209.748,"[29,44,16,24,43,61,39,17,58,21,62,85,20]",,,,r556678m 123677p 4s,,,,,,,,,,,,,,
20260410205907_0502_021,20260410205907_0502,20260410205907,,0,s6u,21,6m,tedashi,1775823865,13445.729,,0,,"[29,44,16,24,43,61,39,17,58,21,62,85,20,89]",,,,r556678m 123677p 45s,,,,1,1,3,,0,,,,,,
20260410205907_0502_022,20260410205907_0502,20260410205907,,1,Skam5963,65,8p,risekichu_hokan_tsumogiri,1775823870,5242.831,,1,1780.406,"[29,44,16,24,43,61,39,17,58,62,85,20,89]",,,,r55678m 123677p 45s,,,,,,,,,,,,,,
20260410205907_0502_023,20260410205907_0502,20260410205907,,2,岡本恭輔,23,6m,tedashi,1775823876,4246.181,,0,,"[29,44,16,24,43,61,39,17,58,62,85,20,89]",,,,r55678m 123677p 45s,,,,,,,,,,,,,,
20260410205907_0502_024,20260410205907_0502,20260410205907,,3,ShinChi,27,7m,tedashi,1775823879,2651.985,,6,206.281,"[29,44,16,24,43,61,39,17,58,62,85,20,89]",,,,r55678m 123677p 45s,,,,,,,,,,,,,,
20260410205907_0502_025,20260410205907_0502,20260410205907,,0,s6u,130,6z,tsumogiri,1775823880,1156.197,,0,,"[29,44,16,24,43,61,39,17,58,62,85,20,89,130]",,,,r55678m 123677p 45s 6z,,,,1,1,4,,0,6z,3284pt,7p,3131pt,6p,2338pt
20260410205907_0502_026,20260410205907_0502,20260410205907,,1,Skam5963,59,6p,risekichu_hokan_tsumogiri,1775823883,2688.986,,0,,"[29,44,16,24,43,61,39,17,58,62,85,20,89]",,,,r55678m 123677p 45s,,,,,,,,,,,,,,
20260410205907_0502_027,20260410205907_0502,20260410205907,,2,岡本恭輔,67,8p,tedashi,1775823888,5518.297,,1,2213.67,"[29,44,16,24,43,61,39,17,58,62,85,20,89]",,,,r55678m 123677p 45s,,,,,,,,,,,,,,
20260410205907_0502_028,20260410205907_0502,20260410205907,,3,ShinChi,37,1p,tedashi,1775823893,2386.559,,6,209.186,"[29,44,16,24,43,61,39,17,58,62,85,20,89]",,,,r55678m 123677p 45s,,,,,,,,,,,,,,
20260410205907_0502_029,20260410205907_0502,20260410205907,,0,s6u,32,9m,tsumogiri,1775823895,1785.552,,0,,"[29,44,16,24,43,61,39,17,58,62,85,20,89,32]",,,,r556789m 123677p 45s,,,,1,1,4,,0,9m,2901pt,6m,2726pt,7p,2704pt
20260410205907_0502_030,20260410205907_0502,20260410205907,,1,Skam5963,69,9p,risekichu_hokan_tsumogiri,1775823897,2110.589,,0,,"[29,44,16,24,43,61,39,17,58,62,85,20,89]",,,,r55678m 123677p 45s,,,,,,,,,,,,,,
20260410205907_0502_031,20260410205907_0502,20260410205907,,2,岡本恭輔,18,5m,tedashi,1775823904,6635.627,,1,2055.233,"[29,44,16,24,43,61,39,17,58,62,85,20,89]",,,,r55678m 123677p 45s,,,,,,,,,,,,,,
20260410205907_0502_032,20260410205907_0502,20260410205907,,3,ShinChi,127,5z,tedashi,1775823908,2283.322,,0,,"[29,44,16,24,43,61,39,17,58,62,85,20,89]",,,,r55678m 123677p 45s,,,,,,,,,,,,,,
20260410205907_0502_033,20260410205907_0502,20260410205907,,0,s6u,8,3m,tsumogiri,1775823911,2833.974,,0,,"[29,44,16,24,43,61,39,17,58,62,85,20,89,8]",,,,3r55678m 123677p 45s,,,,1,1,4,,0,3m,2663pt,7p,2504pt,6p,2040pt
20260410205907_0502_034,20260410205907_0502,20260410205907,,1,Skam5963,48,4p,risekichu_hokan_tsumogiri,1775823915,4677.655,,0,,"[29,44,16,24,43,61,39,17,58,62,85,20,89]",,,,r55678m 123677p 45s,,,,,,,,,,,,,,
20260410205907_0502_035,20260410205907_0502,20260410205907,,2,岡本恭輔,15,4m,tedashi,1775823921,5820.518,,1,2520.319,"[29,44,16,24,43,61,39,17,58,62,85,20,89]",,,,r55678m 123677p 45s,,,,,,,,,,,,,,
20260410205907_0502_036,20260410205907_0502,20260410205907,,3,ShinChi,40,2p,risekichu_hokan_tsumogiri,1775823925,1587.778,,6,202.84,"[29,44,16,24,43,61,39,17,58,62,85,20,89]",,,,r55678m 123677p 45s,,,,,,,,,,,,,,
20260410205907_0502_037,20260410205907_0502,20260410205907,,0,s6u,45,3p,tsumogiri,1775823932,6573.088,,0,,"[29,44,16,24,43,61,39,17,58,62,85,20,89,45]",,,,r55678m 1233677p 45s,,,,1,1,3,,0,3p,2396pt,7p,2255pt,6p,1428pt
20260410205907_0502_038,20260410205907_0502,20260410205907,,1,Skam5963,51,4p,risekichu_hokan_tsumogiri,1775823934,1976.41,,0,,"[29,44,16,24,43,61,39,17,58,62,85,20,89]",,,,r55678m 123677p 45s,,,,,,,,,,,,,,
20260410205907_0502_039,20260410205907_0502,20260410205907,,2,岡本恭輔,53,5p,risekichu_hokan_tsumogiri,1775823936,1914.407,,1,2955.333,"[29,44,16,24,43,61,39,17,58,62,85,20,89]",,,,r55678m 123677p 45s,,,,,,,,,,,,,,
20260410205907_0502_040,20260410205907_0502,20260410205907,,3,ShinChi,7,2m,tedashi,1775823943,3589.773,,0,,"[29,44,16,24,43,61,39,17,58,62,85,20,89]",,,,r55678m 123677p 45s,,,,,,,,,,,,,,
20260410205907_0502_041,20260410205907_0502,20260410205907,,0,s6u,47,3p,tsumogiri,1775823944,1602.823,,0,,"[29,44,16,24,43,61,39,17,58,62,85,20,89,47]",,,,r55678m 1233677p 45s,,,,1,1,3,,0,3p,1927pt,7p,1761pt,6p,1215pt
20260410205907_0502_042,20260410205907_0502,20260410205907,,1,Skam5963,25,7m,tedashi,1775823947,2890.556,,0,,"[29,44,16,24,43,61,39,17,58,62,85,20,89]",,,,r55678m 123677p 45s,,,,,,,,,,,,,,
20260410205907_0502_043,20260410205907_0502,20260410205907,,2,岡本恭輔,68,9p,risekichu_hokan_tsumogiri,1775823950,2460.832,,1,2113.127,"[29,44,16,24,43,61,39,17,58,62,85,20,89]",,,,r55678m 123677p 45s,,,,,,,,,,,,,,
20260410205907_0502_044,20260410205907_0502,20260410205907,,3,ShinChi,26,7m,risekichu_hokan_tsumogiri,1775823953,1689.266,,6,208.26,"[29,44,16,24,43,61,39,17,58,62,85,20,89]",,,,r55678m 123677p 45s,,,,,,,,,,,,,,
20260410205907_0502_045,20260410205907_0502,20260410205907,,0,s6u,103,8s,tsumogiri,1775823956,2635.727,,1,2188.853,"[29,44,16,24,43,61,39,17,58,62,85,20,89,103]",,,,r55678m 123677p 458s,,,,1,1,4,,0,8s,1679pt,7p,1523pt,6p,993pt
20260410205907_0502_046,20260410205907_0502,20260410205907,,1,Skam5963,125,5z,tedashi,1775823958,979.217,,0,,"[29,44,16,24,43,61,39,17,58,62,85,20,89]",,,,r55678m 123677p 45s,,,,,,,,,,,,,,
20260410205907_0502_047,20260410205907_0502,20260410205907,,2,岡本恭輔,93,6s,risekichu_hokan_tsumogiri,1775823960,1725.312,,1,2871.485,"[29,44,16,24,43,61,39,17,58,62,85,20,89]",,,,r55678m 123677p 45s,,,,,,,,,,,,,,
20260410205907_0502_048,20260410205907_0502,20260410205907,,3,ShinChi,66,8p,tedashi,1775823965,2510.746,,6,202.749,"[29,44,16,24,43,61,39,17,58,62,85,20,89]",,,,r55678m 123677p 45s,,,,,,,,,,,,,,
20260410205907_0502_049,20260410205907_0502,20260410205907,,0,s6u,14,4m,tsumogiri,1775823970,4215.582,,0,,"[29,44,16,24,43,61,39,17,58,62,85,20,89,14]",,,,4r55678m 123677p 45s,,,,1,1,4,,0,6p,1269pt,4m,1198pt,5m,1150pt
20260410205907_0502_050,20260410205907_0502,20260410205907,,1,Skam5963,119,3z,tedashi,1775823973,2827.113,,0,,"[29,44,16,24,43,61,39,17,58,62,85,20,89]",,,,r55678m 123677p 45s,,,,,,,,,,,,,,
20260410205907_0502_051,20260410205907_0502,20260410205907,,2,岡本恭輔,98,7s,risekichu_hokan_tsumogiri,1775823975,1946.553,,0,,"[29,44,16,24,43,61,39,17,58,62,85,20,89]",,,,r55678m 123677p 45s,,,,,,,,,,,,,,
20260410205907_0502_052,20260410205907_0502,20260410205907,,3,ShinChi,94,6s,risekichu_hokan_tsumogiri,1775823979,4434.522,,2,1250.799,"[29,44,16,24,43,61,39,17,58,62,85,20,89]",,,,r55678m 123677p 45s,,,,,,,,,,,,,,
20260410205907_0502_053,20260410205907_0502,20260410205907,,0,s6u,58,6p,tedashi,1775823989,8262.158,,1,3286.114,"[29,44,16,24,43,61,39,17,58,62,20]",,,,r55678m 123677p,,,,0,0,,5m 7p,0,,,,,,
20260410205907_0502_054,20260410205907_0502,20260410205907,,1,Skam5963,131,6z,risekichu_hokan_tsumogiri,1775823994,1724.956,,0,,"[29,44,16,24,43,61,39,17,62,20]",,,,r55678m 12377p,,,,,,,,,,,,,,
20260410205907_0502_055,20260410205907_0502,20260410205907,,2,岡本恭輔,52,r5p,risekichu_hokan_tsumogiri,1775823996,2669.114,,1,1330.956,"[29,44,16,24,43,61,39,17,62,20]",,,,r55678m 12377p,,,,,,,,,,,,,,
20260410205907_0502_056,20260410205907_0502,20260410205907,,3,ShinChi,114,2z,risekichu_hokan_tsumogiri,1775824001,963.674,2489.647,2,1038.823,"[29,44,16,24,43,61,39,17,62,20]",,,,r55678m 12377p,,,,,,,,,,,,,,
20260410205907_0502_057,20260410205907_0502,20260410205907,,1,Skam5963,96,7s,tedashi,1775824004,1459.512,,0,,"[29,44,16,24,43,61,39,17,62,20]",,,,r55678m 12377p,,,,,,,,,,,,,,
20260410205907_0502_058,20260410205907_0502,20260410205907,,2,岡本恭輔,55,5p,risekichu_hokan_tsumogiri,1775824005,1774.87,,0,,"[29,44,16,24,43,61,39,17,62,20]",,,,r55678m 12377p,,,,,,,,,,,,,,
20260410205907_0502_059,20260410205907_0502,20260410205907,,3,ShinChi,10,3m,risekichu_hokan_tsumogiri,1775824007,1482.277,,0,,"[29,44,16,24,43,61,39,17,62,20]",,,,r55678m 12377p,,,,,,,,,,,,,,
20260410205907_0502_060,20260410205907_0502,20260410205907,,0,s6u,33,9m,tsumogiri,1775824009,2458.538,,0,,"[29,44,16,24,43,61,39,17,62,20,33]",,,,r556789m 12377p,,,,0,0,,5m 7p,0,,,,,,
20260410205907_0502_061,20260410205907_0502,20260410205907,,1,Skam5963,6,2m,risekichu_hokan_tsumogiri,1775824011,2052.842,,0,,"[29,44,16,24,43,61,39,17,62,20]",,,,r55678m 12377p,,,,,,,,,,,,,,
20260410205907_0502_062,20260410205907_0502,20260410205907,,2,岡本恭輔,118,3z,tedashi,1775824014,2879.566,,0,,"[29,44,16,24,43,61,39,17,62,20]",,,,r55678m 12377p,,,,,,,,,,,,,,
20260410205907_0502_063,20260410205907_0502,20260410205907,,3,ShinChi,91,5s,risekichu_hokan_tsumogiri,1775824016,1497.983,,0,,"[29,44,16,24,43,61,39,17,62,20]",,,,r55678m 12377p,,,,,,,,,,,,,,
20260410205907_0502_064,20260410205907_0502,20260410205907,,0,s6u,39,1p,tedashi,1775824018,2635.747,,0,,"[29,44,16,24,43,61,39,17,62,20,63]",,,,r55678m 123777p,,,,-1,-1,,14p,0,,,,,,
20260410205907_0502_065,20260410205907_0502,20260410205907,,1,Skam5963,128,6z,risekichu_hokan_tsumogiri,1775824020,1506.075,,0,,"[29,44,16,24,43,61,17,62,20,63]",,,,r55678m 23777p,,,,,,,,,,,,,,
20260410205907_0502_066,20260410205907_0502,20260410205907,,2,岡本恭輔,99,7s,tedashi,1775824025,4897.451,,0,,"[29,44,16,24,43,61,17,62,20,63]",,,,r55678m 23777p,,,,,,,,,,,,,,
20260410205907_0502_067,20260410205907_0502,20260410205907,,3,ShinChi,5,2m,risekichu_hokan_tsumogiri,1775824026,1480.199,,0,,"[29,44,16,24,43,61,17,62,20,63]",,,,r55678m 23777p,,,,,,,,,,,,,,
20260410205907_0502_068,20260410205907_0502,20260410205907,,0,s6u,34,9m,tsumogiri,1775824028,1848.471,,0,,"[29,44,16,24,43,61,17,62,20,63,34]",,,,r556789m 23777p,,,,0,0,,14p,0,,,,,,
20260410205907_0502_069,20260410205907_0502,20260410205907,,1,Skam5963,106,9s,risekichu_hokan_tsumogiri,1775824030,1965.544,,1,1185.848,"[29,44,16,24,43,61,17,62,20,63]",,,,r55678m 23777p,,,,,,,,,,,,,,
20260410205907_0502_070,20260410205907_0502,20260410205907,,2,岡本恭輔,121,4z,risekichu_hokan_tsumogiri,1775824032,1231.884,,1,2302.543,"[29,44,16,24,43,61,17,62,20,63]",,,,r55678m 23777p,,,,,,,,,,,,,,
20260410205907_0502_071,20260410205907_0502,20260410205907,,1,Skam5963,92,6s,tedashi,1775824035,1240.075,,0,,"[29,44,16,24,43,61,17,62,20,63]",,,,r55678m 23777p,,,,,,,,,,,,,,
20260410205907_0502_072,20260410205907_0502,20260410205907,,2,岡本恭輔,117,3z,risekichu_hokan_tsumogiri,1775824036,1650.22,,0,,"[29,44,16,24,43,61,17,62,20,63]",,,,r55678m 23777p,,,,,,,,,,,,,,
20260410205907_0502_073,20260410205907_0502,20260410205907,,3,ShinChi,30,8m,risekichu_hokan_tsumogiri,1775824038,1478.68,,0,,"[29,44,16,24,43,61,17,62,20,63]",,,,r55678m 23777p,,,,,,,,,,,,,,
20260410205907_0503_000,20260410205907_0503,20260410205907,,3,ShinChi,113,2z,tedashi,1775824053,,,0,,"[98,50,60,89,102,68,131,84,120,46,103,83,93]",,,,3479p 3456788s 46z,,,,,,,,,,,,,,
20260410205907_0503_001,20260410205907_0503,20260410205907,,0,s6u,120,4z,tedashi,1775824057,3619.262,,1,1943.081,"[98,50,60,89,102,68,131,84,120,46,103,83,93,129]",,,,3479p 3456788s 466z,,,,1,1,4,,0,,,,,,
20260410205907_0503_002,20260410205907_0503,20260410205907,,1,Skam5963,109,1z,tedashi,1775824060,1130.36,,0,,"[98,50,60,89,102,68,131,84,46,103,83,93,129]",,,,3479p 3456788s 66z,,,,,,,,,,,,,,
20260410205907_0503_003,20260410205907_0503,20260410205907,,2,岡本恭輔,110,1z,risekichu_hokan_tsumogiri,1775824064,4087.377,,0,,"[98,50,60,89,102,68,131,84,46,103,83,93,129]",,,,3479p 3456788s 66z,,,,,,,,,,,,,,
20260410205907_0503_004,20260410205907_0503,20260410205907,,3,ShinChi,65,8p,tedashi,1775824067,2837.558,,1,3392.39,"[98,50,60,89,102,68,131,84,46,103,83,93,129]",,,,3479p 3456788s 66z,,,,,,,,,,,,,,
20260410205907_0503_005,20260410205907_0503,20260410205907,,0,s6u,9,3m,tsumogiri,1775824073,2751.759,,1,1833.027,"[98,50,60,89,102,68,131,84,46,103,83,93,129,9]",,,,3m 3479p 3456788s 66z,,,,1,1,4,,0,,,,,,
20260410205907_0503_006,20260410205907_0503,20260410205907,,1,Skam5963,125,5z,tedashi,1775824077,2569.462,,0,,"[98,50,60,89,102,68,131,84,46,103,83,93,129]",,,,3479p 3456788s 66z,,,,,,,,,,,,,,
20260410205907_0503_007,20260410205907_0503,20260410205907,,2,岡本恭輔,118,3z,tedashi,1775824079,1465.734,,0,,"[98,50,60,89,102,68,131,84,46,103,83,93,129]",,,,3479p 3456788s 66z,,,,,,,,,,,,,,
20260410205907_0503_008,20260410205907_0503,20260410205907,,3,ShinChi,126,5z,tedashi,1775824081,2122.057,,0,,"[98,50,60,89,102,68,131,84,46,103,83,93,129]",,,,3479p 3456788s 66z,,,,,,,,,,,,,,
20260410205907_0503_009,20260410205907_0503,20260410205907,,0,s6u,68,9p,tedashi,1775824083,2498.691,,0,,"[98,50,60,89,102,68,131,84,46,103,83,93,129,59]",,,,34679p 3456788s 66z,,,,1,1,4,,0,,,,,,
20260410205907_0503_010,20260410205907_0503,20260410205907,,1,Skam5963,36,1p,risekichu_hokan_tsumogiri,1775824085,1735.105,,1,1094.448,"[98,50,60,89,102,131,84,46,103,83,93,129,59]",,,,3467p 3456788s 66z,,,,,,,,,,,,,,
20260410205907_0503_011,20260410205907_0503,20260410205907,,2,岡本恭輔,122,4z,tedashi,1775824088,2014.258,,0,,"[98,50,60,89,102,131,84,46,103,83,93,129,59]",,,,3467p 3456788s 66z,,,,,,,,,,,,,,
20260410205907_0503_012,20260410205907_0503,20260410205907,,3,ShinChi,72,1s,risekichu_hokan_tsumogiri,1775824092,3635.823,,0,,"[98,50,60,89,102,131,84,46,103,83,93,129,59]",,,,3467p 3456788s 66z,,,,,,,,,,,,,,
20260410205907_0503_013,20260410205907_0503,20260410205907,,0,s6u,22,6m,tsumogiri,1775824093,1693.627,,2,7045.377,"[98,50,60,89,102,131,84,46,103,83,93,129,59,22]",,,,6m 3467p 3456788s 66z,,,,1,1,4,,0,,,,,,
20260410205907_0503_014,20260410205907_0503,20260410205907,,1,Skam5963,3,1m,tedashi,1775824102,1116.297,,0,,"[98,50,60,89,102,131,84,46,103,83,93,129,59]",,,,3467p 3456788s 66z,,,,,,,,,,,,,,
20260410205907_0503_015,20260410205907_0503,20260410205907,,2,岡本恭輔,106,9s,risekichu_hokan_tsumogiri,1775824106,4596.827,,0,,"[98,50,60,89,102,131,84,46,103,83,93,129,59]",,,,3467p 3456788s 66z,,,,,,,,,,,,,,
20260410205907_0503_016,20260410205907_0503,20260410205907,,3,ShinChi,81,3s,tedashi,1775824109,2844.258,,1,925.417,"[98,50,60,89,102,131,84,46,103,83,93,129,59]",,,,3467p 3456788s 66z,,,,,,,,,,,,,,
20260410205907_0503_017,20260410205907_0503,20260410205907,,0,s6u,59,6p,tedashi,1775824116,6121.663,,0,,"[98,50,60,89,102,131,84,46,103,83,93,129,59,87]",,,,3467p 34456788s 66z,,,,1,1,3,,0,,,,,,
20260410205907_0503_018,20260410205907_0503,20260410205907,,1,Skam5963,42,2p,tedashi,1775824119,3396.424,,0,,"[98,50,60,89,102,131,84,46,103,83,93,129,87]",,,,347p 34456788s 66z,,,,,,,,,,,,,,
20260410205907_0503_019,20260410205907_0503,20260410205907,,2,岡本恭輔,127,5z,risekichu_hokan_tsumogiri,1775824121,1776.187,,0,,"[98,50,60,89,102,131,84,46,103,83,93,129,87]",,,,347p 34456788s 66z,,,,,,,,,,,,,,
20260410205907_0503_020,20260410205907_0503,20260410205907,,3,ShinChi,2,1m,risekichu_hokan_tsumogiri,1775824124,2784.81,,0,,"[98,50,60,89,102,131,84,46,103,83,93,129,87]",,,,347p 34456788s 66z,,,,,,,,,,,,,,
20260410205907_0503_021,20260410205907_0503,20260410205907,,0,s6u,60,7p,tedashi,1775824126,1993.773,,0,,"[98,50,60,89,102,131,84,46,103,83,93,129,87,33]",,,,9m 347p 34456788s 66z,,,,2,2,3,,0,7p,1849pt,9m,1788pt,8s,1693pt
20260410205907_0503_022,20260410205907_0503,20260410205907,,1,Skam5963,95,6s,tedashi,1775824130,4262.583,,1,813.868,"[98,50,89,102,131,84,46,103,83,93,129,87,33]",,,,9m 34p 34456788s 66z,,,,,,,,,,,,,,
20260410205907_0503_023,20260410205907_0503,20260410205907,,2,岡本恭輔,70,9p,risekichu_hokan_tsumogiri,1775824132,1136.578,,0,,"[98,50,89,102,131,84,46,103,83,93,129,87,33]",,,,9m 34p 34456788s 66z,,,,,,,,,,,,,,
20260410205907_0503_024,20260410205907_0503,20260410205907,,3,ShinChi,97,7s,tedashi,1775824135,2718.842,,1,3502.644,"[98,50,89,102,131,84,46,103,83,93,129,87,33]",,,,9m 34p 34456788s 66z,,,,,,,,,,,,,,
20260410205907_0503_025,20260410205907_0503,20260410205907,,0,s6u,33,9m,tedashi,1775824140,1680.926,,0,,"[98,50,89,102,131,84,46,103,83,93,129,87,33,40]",,,,9m 234p 34456788s 66z,,,,1,1,3,,0,8s,2059pt,4s,1987pt,9m,1975pt
20260410205907_0503_026,20260410205907_0503,20260410205907,,1,Skam5963,30,8m,tedashi,1775824150,9695.566,,0,,"[98,50,89,102,131,84,46,103,83,93,129,87,40]",,,,234p 34456788s 66z,,,,,,,,,,,,,,
20260410205907_0503_027,20260410205907_0503,20260410205907,,2,岡本恭輔,121,4z,risekichu_hokan_tsumogiri,1775824151,1587.99,,0,,"[98,50,89,102,131,84,46,103,83,93,129,87,40]",,,,234p 34456788s 66z,,,,,,,,,,,,,,
20260410205907_0503_028,20260410205907_0503,20260410205907,,3,ShinChi,12,4m,tedashi,1775824158,6156.509,,1,3024.095,"[98,50,89,102,131,84,46,103,83,93,129,87,40]",,,,234p 34456788s 66z,,,,,,,,,,,,,,
20260410205907_0503_029,20260410205907_0503,20260410205907,,1,Skam5963,4,2m,tedashi,1775824161,1065.441,,0,,"[98,50,89,102,131,84,46,103,83,93,129,87,40]",,,,234p 34456788s 66z,,,,,,,,,,,,,,
20260410205907_0503_030,20260410205907_0503,20260410205907,,2,岡本恭輔,6,2m,tedashi,1775824163,2720.138,,0,,"[98,50,89,102,131,84,46,103,83,93,129,87,40]",,,,234p 34456788s 66z,,,,,,,,,,,,,,
20260410205907_0503_031,20260410205907_0503,20260410205907,,3,ShinChi,116,3z,tedashi,1775824166,2421.318,,0,,"[98,50,89,102,131,84,46,103,83,93,129,87,40]",,,,234p 34456788s 66z,,,,,,,,,,,,,,
20260410205907_0503_032,20260410205907_0503,20260410205907,,0,s6u,115,2z,tsumogiri,1775824168,2445.135,,0,,"[98,50,89,102,131,84,46,103,83,93,129,87,40,115]",,,,234p 34456788s 266z,,,,1,1,3,,0,2z,1846pt,8s,1732pt,4s,1689pt
20260410205907_0503_033,20260410205907_0503,20260410205907,,1,Skam5963,5,2m,risekichu_hokan_tsumogiri,1775824170,2180.13,,0,,"[98,50,89,102,131,84,46,103,83,93,129,87,40]",,,,234p 34456788s 66z,,,,,,,,,,,,,,
20260410205907_0503_034,20260410205907_0503,20260410205907,,2,岡本恭輔,48,4p,tedashi,1775824174,4124.26,,1,2067.548,"[98,50,89,102,131,84,46,103,83,93,129,87,40]",,,,234p 34456788s 66z,,,,,,,,,,,,,,
20260410205907_0503_035,20260410205907_0503,20260410205907,,3,ShinChi,0,1m,risekichu_hokan_tsumogiri,1775824183,6662.35,,0,,"[98,50,89,102,131,84,46,103,83,93,129,87,40]",,,,234p 34456788s 66z,,,,,,,,,,,,,,
20260410205907_0503_036,20260410205907_0503,20260410205907,,0,s6u,64,8p,tsumogiri,1775824187,3669.768,,0,,"[98,50,89,102,131,84,46,103,83,93,129,87,40,64]",,,,2348p 34456788s 66z,,,,1,1,3,,0,8p,1748pt,8s,1614pt,4s,1565pt
20260410205907_0600_000,20260410205907_0600,20260410205907,,0,s6u,69,9p,tedashi,1775824202,,,0,,"[35,95,41,69,110,59,37,21,112,87,19,62,22,33]",,,,56699m 12679p 46s 12z,,,,3,3,4,,0,,,,,,
20260410205907_0600_001,20260410205907_0600,20260410205907,,1,Skam5963,109,1z,tedashi,1775824206,3624.633,,0,,"[35,95,41,110,59,37,21,112,87,19,62,22,33]",,,,56699m 1267p 46s 12z,,,,,,,,,,,,,,
20260410205907_0600_002,20260410205907_0600,20260410205907,,2,岡本恭輔,121,4z,tedashi,1775824209,3266.393,,0,,"[35,95,41,110,59,37,21,112,87,19,62,22,33]",,,,56699m 1267p 46s 12z,,,,,,,,,,,,,,
20260410205907_0600_003,20260410205907_0600,20260410205907,,3,ShinChi,122,4z,tedashi,1775824213,4044.301,,0,,"[35,95,41,110,59,37,21,112,87,19,62,22,33]",,,,56699m 1267p 46s 12z,,,,,,,,,,,,,,
20260410205907_0600_004,20260410205907_0600,20260410205907,,0,s6u,110,1z,tedashi,1775824215,2425.226,,0,,"[35,95,41,110,59,37,21,112,87,19,62,22,33,81]",,,,56699m 1267p 346s 12z,,,,3,3,4,,0,,,,,,
