agari_id,kyoku_id,hanchan_id,room_class_label,agari_epoch_s,winner_rel_seat,winner_name,from_rel_seat,from_name,is_tsumo,winning_tile_136,winning_tile_37_text,deal_in_discard_id,deal_in_round_discard_index,estimated_danger_percent,danger_estimate_source
20260410105309_0100_agari_064,20260410105309_0100,20260410105309,上級卓,1775786355,1,かずきかずき,0,パシフィック,0,44,3p,20260410105309_0100_055,55,22.4,self_pre_discard_hand
20260410105309_0101_agari_174,20260410105309_0101,20260410105309,上級卓,1775786515,2,マタギ,3,セイジ,0,84,4s,20260410105309_0101_037,37,17.5,synthetic_tile
20260410105309_0200_agari_246,20260410105309_0200,20260410105309,上級卓,1775786615,2,マタギ,0,パシフィック,0,124,5z,20260410105309_0200_022,22,2.0,self_pre_discard_hand
20260410111346_0000_agari_196,20260410111346_0000,20260410111346,上級卓,1775787511,3,rinjan,3,rinjan,1,9,3m,,,,
20260410111346_0200_agari_248,20260410111346_0200,20260410111346,上級卓,1775787899,2,やまだたろう,2,やまだたろう,1,128,6z,,,,
20260410111346_0300_agari_313,20260410111346_0300,20260410111346,上級卓,1775788001,0,パシフィック,2,やまだたろう,0,121,4z,20260410111346_0300_021,21,1.0,synthetic_tile
20260410111346_0400_agari_487,20260410111346_0400,20260410111346,上級卓,1775788305,1,ミカパパママ,0,パシフィック,0,95,6s,20260410111346_0400_061,61,1.6,self_pre_discard_hand
20260410125516_0000_agari_159,20260410125516_0000,20260410125516,一般卓,1775793497,0,パシフィック,0,パシフィック,1,16,r5m,,,,
20260410130016_0000_agari_084,20260410130016_0000,20260410130016,特上卓,1775793722,1,優歩,1,優歩,1,89,5s,,,,
20260410130016_0100_agari_248,20260410130016_0100,20260410130016,特上卓,1775793927,2,【TM】,0,s6u,0,88,r5s,20260410130016_0100_059,59,14.0,self_pre_discard_hand
20260410130016_0201_agari_577,20260410130016_0201,20260410130016,特上卓,1775794355,2,【TM】,2,【TM】,1,112,2z,,,,
20260410130016_0202_agari_735,20260410130016_0202,20260410130016,特上卓,1775794536,0,s6u,0,s6u,1,42,2p,,,,
20260410130016_0301_agari_1019,20260410130016_0301,20260410130016,特上卓,1775794897,3,Tak1984,3,Tak1984,1,44,3p,,,,
20260410130016_0302_agari_1151,20260410130016_0302,20260410130016,特上卓,1775795071,2,【TM】,3,Tak1984,0,41,2p,20260410130016_0302_047,47,9.8,synthetic_tile
20260410130016_0400_agari_1346,20260410130016_0400,20260410130016,特上卓,1775795344,1,優歩,1,優歩,1,41,2p,,,,
20260410130016_0500_agari_1490,20260410130016_0500,20260410130016,特上卓,1775795512,1,優歩,1,優歩,1,62,7p,,,,
20260410130016_0602_agari_1774,20260410130016_0602,20260410130016,特上卓,1775795872,3,Tak1984,2,【TM】,0,35,9m,20260410130016_0602_031,31,9.5,synthetic_tile
20260410130016_0700_agari_1922,20260410130016_0700,20260410130016,特上卓,1775796081,2,【TM】,0,s6u,0,18,5m,20260410130016_0700_052,52,17.2,self_pre_discard_hand
20260410203139_0000_agari_114,20260410203139_0000,20260410203139,特上卓,1775820822,1,だいあん,0,s6u,0,16,r5m,20260410203139_0000_035,35,22.3,self_pre_discard_hand
20260410203139_0001_agari_246,20260410203139_0001,20260410203139,特上卓,1775820987,2,カヴァレリッツォ,0,s6u,0,4,2m,20260410203139_0001_045,45,3.0,self_pre_discard_hand
20260410203139_0100_agari_345,20260410203139_0100,20260410203139,特上卓,1775821124,3,oxy13,0,s6u,0,83,3s,20260410203139_0100_034,34,14.9,self_pre_discard_hand
20260410203139_0200_agari_444,20260410203139_0200,20260410203139,特上卓,1775821252,3,oxy13,0,s6u,0,29,8m,20260410203139_0200_033,33,13.3,self_pre_discard_hand
20260410203139_0201_agari_539,20260410203139_0201,20260410203139,特上卓,1775821363,0,s6u,0,s6u,1,29,8m,,,,
20260410203139_0300_agari_626,20260410203139_0300,20260410203139,特上卓,1775821462,2,カヴァレリッツォ,2,カヴァレリッツォ,1,101,8s,,,,
20260410203139_0400_agari_720,20260410203139_0400,20260410203139,特上卓,1775821570,3,oxy13,1,だいあん,0,74,1s,20260410203139_0400_031,31,23.7,synthetic_tile
20260410203139_0601_agari_1085,20260410203139_0601,20260410203139,特上卓,1775821986,0,s6u,3,oxy13,0,33,9m,20260410203139_0601_063,63,12.2,synthetic_tile
20260410203139_0700_agari_1188,20260410203139_0700,20260410203139,特上卓,1775822107,2,カヴァレリッツォ,0,s6u,0,92,6s,20260410203139_0700_035,35,35.6,self_pre_discard_hand
20260410205907_0000_agari_107,20260410205907_0000,20260410205907,特上卓,1775822473,1,Skam5963,2,岡本恭輔,0,55,5p,20260410205907_0000_036,36,16.6,synthetic_tile
20260410205907_0100_agari_221,20260410205907_0100,20260410205907,特上卓,1775822624,0,s6u,0,s6u,1,13,4m,,,,
20260410205907_0200_agari_392,20260410205907_0200,20260410205907,特上卓,1775822852,2,岡本恭輔,2,岡本恭輔,1,30,8m,,,,
20260410205907_0300_agari_511,20260410205907_0300,20260410205907,特上卓,1775823025,1,Skam5963,0,s6u,0,52,r5p,20260410205907_0300_041,41,22.3,self_pre_discard_hand
20260410205907_0301_agari_668,20260410205907_0301,20260410205907,特上卓,1775823233,0,s6u,0,s6u,1,52,r5p,,,,
20260410205907_0400_agari_789,20260410205907_0400,20260410205907,特上卓,1775823407,0,s6u,0,s6u,1,5,2m,,,,
20260410205907_0500_agari_940,20260410205907_0500,20260410205907,特上卓,1775823572,3,ShinChi,0,s6u,0,87,4s,20260410205907_0500_055,55,26.3,self_pre_discard_hand
20260410205907_0501_agari_1056,20260410205907_0501,20260410205907,特上卓,1775823762,3,ShinChi,3,ShinChi,1,26,7m,,,,
20260410205907_0503_agari_1368,20260410205907_0503,20260410205907,特上卓,1775824188,1,Skam5963,0,s6u,0,64,8p,20260410205907_0503_036,36,14.1,self_pre_discard_hand
20260410205907_0600_agari_166,20260410205907_0600,20260410205907,特上卓,1775824464,1,Skam5963,1,Skam5963,1,38,1p,,,,
20260410205907_0700_agari_315,20260410205907_0700,20260410205907,特上卓,1775824642,2,岡本恭輔,3,ShinChi,0,105,9s,20260410205907_0700_052,52,23.4,synthetic_tile
20260410213820_0000_agari_167,20260410213820_0000,20260410213820,特上卓,1775824883,0,s6u,1,月下論,0,55,5p,20260410213820_0000_056,56,22.7,synthetic_tile
20260410213820_0100_agari_277,20260410213820_0100,20260410213820,特上卓,1775825040,3,大樹氷２５％,3,大樹氷２５％,1,93,6s,,,,
20260410213820_0200_agari_351,20260410213820_0200,20260410213820,特上卓,1775825143,0,s6u,0,s6u,1,2,1m,,,,
20260410213820_0300_agari_476,20260410213820_0300,20260410213820,特上卓,1775825321,2,ちむどんどん？,2,ちむどんどん？,1,57,6p,,,,
20260410213820_0401_agari_067,20260410213820_0401,20260410213820,特上卓,1775825766,3,大樹氷２５％,3,大樹氷２５％,1,87,4s,,,,
20260410213820_0500_agari_159,20260410213820_0500,20260410213820,特上卓,1775825910,2,ちむどんどん？,1,月下論,0,102,8s,20260410213820_0500_031,31,12.9,synthetic_tile
20260410213820_0501_agari_215,20260410213820_0501,20260410213820,特上卓,1775825981,2,ちむどんどん？,2,ちむどんどん？,1,47,3p,,,,
20260410221526_0000_agari_026,20260410221526_0000,20260410221526,特上卓,1775826949,1,Elseal,0,s6u,0,93,6s,20260410221526_0000_018,18,14.5,self_pre_discard_hand
20260410221526_0100_agari_088,20260410221526_0100,20260410221526,特上卓,1775827023,0,s6u,1,Elseal,0,0,1m,20260410221526_0100_020,20,1.0,synthetic_tile
20260410221526_0200_agari_236,20260410221526_0200,20260410221526,特上卓,1775827221,0,s6u,3,LAVA,0,39,1p,20260410221526_0200_053,53,8.0,synthetic_tile
20260410221526_0300_agari_296,20260410221526_0300,20260410221526,特上卓,1775827290,0,s6u,2,GoodYear,0,47,3p,20260410221526_0300_019,19,15.7,synthetic_tile
20260410221526_0500_agari_740,20260410221526_0500,20260410221526,特上卓,1775827873,2,GoodYear,3,LAVA,0,22,6m,20260410221526_0500_070,70,55.5,synthetic_tile
20260410221526_0600_agari_841,20260410221526_0600,20260410221526,特上卓,1775828005,3,LAVA,3,LAVA,1,62,7p,,,,
20260410221526_0700_agari_975,20260410221526_0700,20260410221526,特上卓,1775828161,0,s6u,1,Elseal,0,16,r5m,20260410221526_0700_048,48,4.0,synthetic_tile
20260410224058_0100_agari_150,20260410224058_0100,20260410224058,特上卓,1775828628,3,裏雀士,3,裏雀士,1,15,4m,,,,
20260410224058_0200_agari_244,20260410224058_0200,20260410224058,特上卓,1775828747,3,裏雀士,1,激弱博徒,0,8,3m,20260410224058_0200_032,32,13.3,synthetic_tile
20260410224058_0201_agari_050,20260410224058_0201,20260410224058,特上卓,1775828849,3,裏雀士,3,裏雀士,1,82,3s,,,,
20260410224058_0202_agari_074,20260410224058_0202,20260410224058,特上卓,1775828881,1,激弱博徒,1,激弱博徒,1,92,6s,,,,
20260410224058_0300_agari_180,20260410224058_0300,20260410224058,特上卓,1775829000,2,土鍋,1,激弱博徒,0,31,8m,20260410224058_0300_037,37,12.9,synthetic_tile
20260410224058_0400_agari_302,20260410224058_0400,20260410224058,特上卓,1775829150,1,激弱博徒,1,激弱博徒,1,45,3p,,,,
20260410224058_0601_agari_280,20260410224058_0601,20260410224058,特上卓,1775829643,3,裏雀士,1,激弱博徒,0,106,9s,20260410224058_0601_030,30,11.7,synthetic_tile
20260410224058_0602_agari_324,20260410224058_0602,20260410224058,特上卓,1775829695,0,s6u,2,土鍋,0,107,9s,20260410224058_0602_014,14,8.5,synthetic_tile
20260410224058_0700_agari_442,20260410224058_0700,20260410224058,特上卓,1775829851,3,裏雀士,2,土鍋,0,26,7m,20260410224058_0700_040,40,11.0,synthetic_tile
20260410230657_0001_agari_114,20260410230657_0001,20260410230657,特上卓,1775830167,1,BaoZL,3,R09,0,99,7s,20260410230657_0001_037,37,22.4,synthetic_tile
20260410230657_0100_agari_287,20260410230657_0100,20260410230657,特上卓,1775830379,1,BaoZL,1,BaoZL,1,89,5s,,,,
20260410230657_0101_agari_441,20260410230657_0101,20260410230657,特上卓,1775830577,2,テクムセ,0,s6u,0,105,9s,20260410230657_0101_055,55,20.1,self_pre_discard_hand
20260410230657_0300_agari_615,20260410230657_0300,20260410230657,特上卓,1775830845,3,R09,3,R09,1,22,6m,,,,
20260410230657_0301_agari_701,20260410230657_0301,20260410230657,特上卓,1775830946,1,BaoZL,1,BaoZL,1,16,r5m,,,,
20260410230657_0400_agari_822,20260410230657_0400,20260410230657,特上卓,1775831108,1,BaoZL,3,R09,0,83,3s,20260410230657_0400_043,43,12.7,synthetic_tile
20260410230657_0500_agari_918,20260410230657_0500,20260410230657,特上卓,1775831239,3,R09,3,R09,1,14,4m,,,,
20260410230657_0701_agari_1211,20260410230657_0701,20260410230657,特上卓,1775831690,0,s6u,1,BaoZL,0,60,7p,20260410230657_0701_064,64,29.7,synthetic_tile
20260410233544_0000_agari_087,20260410233544_0000,20260410233544,特上卓,1775831829,3,馬老C,1,皆蔵トマル,0,24,7m,20260410233544_0000_034,34,14.0,synthetic_tile
20260410233544_0001_agari_171,20260410233544_0001,20260410233544,特上卓,1775831939,3,馬老C,1,皆蔵トマル,0,36,1p,20260410233544_0001_029,29,12.6,synthetic_tile
20260410233544_0002_agari_283,20260410233544_0002,20260410233544,特上卓,1775832058,0,s6u,1,皆蔵トマル,0,93,6s,20260410233544_0002_038,38,18.4,synthetic_tile
20260410233544_0100_agari_359,20260410233544_0100,20260410233544,特上卓,1775832151,3,馬老C,0,s6u,0,23,6m,20260410233544_0100_025,25,21.6,self_pre_discard_hand
20260410233544_0300_agari_551,20260410233544_0300,20260410233544,特上卓,1775832574,3,馬老C,3,馬老C,1,48,4p,,,,
20260410233544_0400_agari_675,20260410233544_0400,20260410233544,特上卓,1775832721,3,馬老C,0,s6u,0,130,6z,20260410233544_0400_044,44,2.0,self_pre_discard_hand
20260410233544_0401_agari_818,20260410233544_0401,20260410233544,特上卓,1775832893,2,きんたまに咲く花,0,s6u,0,83,3s,20260410233544_0401_049,49,17.4,self_pre_discard_hand
20260410233544_0501_agari_1130,20260410233544_0501,20260410233544,特上卓,1775833254,2,きんたまに咲く花,2,きんたまに咲く花,1,28,8m,,,,
20260411000058_0600_agari_1212,20260411000058_0600,20260411000058,特上卓,1775833345,3,馬老C,3,馬老C,1,16,r5m,,,,
20260411000058_0700_agari_1335,20260411000058_0700,20260411000058,特上卓,1775833493,0,s6u,1,皆蔵トマル,0,25,7m,20260411000058_0700_042,42,0.0,synthetic_tile
20260411000727_0000_agari_097,20260411000727_0000,20260411000727,特上卓,1775833746,0,s6u,3,stark,0,74,1s,20260411000727_0000_036,36,11.3,synthetic_tile
20260411000727_0100_agari_161,20260411000727_0100,20260411000727,特上卓,1775833823,2,あらぽん,3,stark,0,131,6z,20260411000727_0100_021,21,2.0,synthetic_tile
20260411001119_0000_agari_174,20260411001119_0000,20260411001119,特上卓,1775834046,1,ごきげんよう！！,1,ごきげんよう！！,1,12,4m,,,,
20260411001119_0100_agari_260,20260411001119_0100,20260411001119,特上卓,1775834160,3,なかざわーるどう,3,なかざわーるどう,1,29,8m,,,,
20260411001119_0101_agari_390,20260411001119_0101,20260411001119,特上卓,1775834343,1,ごきげんよう！！,1,ごきげんよう！！,1,27,7m,,,,
20260411001119_0200_agari_478,20260411001119_0200,20260411001119,特上卓,1775834455,0,s6u,0,s6u,1,132,7z,,,,
20260411001119_0201_agari_593,20260411001119_0201,20260411001119,特上卓,1775834598,2,革と皮,2,革と皮,1,63,7p,,,,
20260411001119_0403_agari_1117,20260411001119_0403,20260411001119,特上卓,1775835242,1,ごきげんよう！！,0,s6u,0,104,9s,20260411001119_0403_042,42,9.8,self_pre_discard_hand
20260411001119_0500_agari_1192,20260411001119_0500,20260411001119,特上卓,1775835318,1,ごきげんよう！！,1,ごきげんよう！！,1,50,4p,,,,
20260411001119_0600_agari_1300,20260411001119_0600,20260411001119,特上卓,1775835441,3,なかざわーるどう,3,なかざわーるどう,1,50,4p,,,,
20260411001119_0700_agari_1465,20260411001119_0700,20260411001119,特上卓,1775835647,3,なかざわーるどう,2,革と皮,0,67,8p,20260411001119_0700_059,59,11.8,synthetic_tile
20260411022843_0000_agari_203,20260411022843_0000,20260411022843,一般卓,1775842383,2,幸村シャーク,2,幸村シャーク,1,16,r5m,,,,
20260411022843_0100_agari_357,20260411022843_0100,20260411022843,一般卓,1775842625,3,びびあん,1,Lucy3939,0,15,4m,20260411022843_0100_059,59,15.0,synthetic_tile
20260411024357_0001_agari_089,20260411024357_0001,20260411024357,一般卓,1775843502,1,トェェェェェェイ,0,パシフィック,0,103,8s,20260411024357_0001_041,41,13.1,self_pre_discard_hand
20260411024357_0100_agari_053,20260411024357_0100,20260411024357,一般卓,1775843759,1,トェェェェェェイ,1,トェェェェェェイ,1,59,6p,,,,
20260411030956_0100_agari_010,20260411030956_0100,20260411030956,一般卓,1775844978,3,Tauca,3,Tauca,1,117,3z,,,,
20260411035334_0000_agari_155,20260411035334_0000,20260411035334,一般卓,1775847388,3,ヴァッシュ,3,ヴァッシュ,1,25,7m,,,,
20260411175658_0100_agari_305,20260411175658_0100,20260411175658,一般卓,1775898102,3,superint,0,パシフィック,0,58,6p,20260411175658_0100_051,51,17.3,self_pre_discard_hand
20260411175658_0200_agari_424,20260411175658_0200,20260411175658,一般卓,1775898221,1,なぽり2026,0,パシフィック,0,15,4m,20260411175658_0200_042,42,31.3,self_pre_discard_hand
20260411200235_0001_agari_256,20260411200235_0001,20260411200235,特上卓,1775905628,2,ゆうびんやさん,1,鳥万,0,70,9p,20260411200235_0001_042,42,4.9,synthetic_tile
20260411200235_0100_agari_386,20260411200235_0100,20260411200235,特上卓,1775905811,1,鳥万,1,鳥万,1,104,9s,,,,
20260411200235_0300_agari_743,20260411200235_0300,20260411200235,特上卓,1775906271,2,ゆうびんやさん,0,s6u,0,43,2p,20260411200235_0300_066,66,37.3,self_pre_discard_hand
20260411200235_0301_agari_815,20260411200235_0301,20260411200235,特上卓,1775906361,0,s6u,2,ゆうびんやさん,0,6,2m,20260411200235_0301_024,24,11.8,synthetic_tile
20260411203143_0000_agari_173,20260411203143_0000,20260411203143,特上卓,1775907308,0,s6u,1,オカルト研究会,0,6,2m,20260411203143_0000_056,56,16.2,synthetic_tile
20260411203143_0100_agari_296,20260411203143_0100,20260411203143,特上卓,1775907477,2,天江衣,2,天江衣,1,58,6p,,,,
20260411203143_0101_agari_389,20260411203143_0101,20260411203143,特上卓,1775907599,3,風林火川,0,s6u,0,89,5s,20260411203143_0101_033,33,19.3,self_pre_discard_hand
20260411203143_0300_agari_103,20260411203143_0300,20260411203143,特上卓,1775908131,2,天江衣,2,天江衣,1,12,4m,,,,
20260411203143_0400_agari_282,20260411203143_0400,20260411203143,特上卓,1775908375,2,天江衣,0,s6u,0,34,9m,20260411203143_0400_063,63,11.7,self_pre_discard_hand
20260411203143_0500_agari_466,20260411203143_0500,20260411203143,特上卓,1775908623,2,天江衣,0,s6u,0,40,2p,20260411203143_0500_066,66,39.6,self_pre_discard_hand
20260411203143_0501_agari_579,20260411203143_0501,20260411203143,特上卓,1775908780,2,天江衣,0,s6u,0,84,4s,20260411203143_0501_039,39,21.8,self_pre_discard_hand
20260411203143_0700_agari_069,20260411203143_0700,20260411203143,特上卓,1775909307,3,風林火川,3,風林火川,1,100,8s,,,,
20260412052922_0000_agari_117,20260412052922_0000,20260412052922,特上卓,1775939448,1,こいきき,1,こいきき,1,16,r5m,,,,
20260412052922_0001_agari_290,20260412052922_0001,20260412052922,特上卓,1775939685,1,こいきき,0,s6u,0,3,1m,20260412052922_0001_062,62,15.5,self_pre_discard_hand
20260412052922_0201_agari_789,20260412052922_0201,20260412052922,特上卓,1775940290,0,s6u,0,s6u,1,28,8m,,,,
20260412052922_0300_agari_851,20260412052922_0300,20260412052922,特上卓,1775940348,0,s6u,2,Fsight,0,103,8s,20260412052922_0300_021,21,14.0,synthetic_tile
20260412052922_0301_agari_946,20260412052922_0301,20260412052922,特上卓,1775940425,1,こいきき,1,こいきき,1,106,9s,,,,
20260412052922_0400_agari_1031,20260412052922_0400,20260412052922,特上卓,1775940518,1,こいきき,2,Fsight,0,30,8m,20260412052922_0400_029,29,11.9,synthetic_tile
20260412055023_0101_agari_121,20260412055023_0101,20260412055023,特上卓,1775941020,2,欧陽,2,欧陽,1,43,2p,,,,
20260412055023_0200_agari_253,20260412055023_0200,20260412055023,特上卓,1775941165,0,s6u,2,欧陽,0,84,4s,20260412055023_0200_048,48,4.0,synthetic_tile
20260412055023_0300_agari_419,20260412055023_0300,20260412055023,特上卓,1775941382,1,せんざんこうさん,1,せんざんこうさん,1,94,6s,,,,
20260412055023_0301_agari_594,20260412055023_0301,20260412055023,特上卓,1775941608,1,せんざんこうさん,3,シゲルペペ,0,23,6m,20260412055023_0301_063,63,43.6,synthetic_tile
20260412055023_0302_agari_771,20260412055023_0302,20260412055023,特上卓,1775941841,2,欧陽,2,欧陽,1,84,4s,,,,
20260413021631_0101_agari_026,20260413021631_0101,20260413021631,一般卓,1776014644,3,ひょうもんたこら,0,パシフィック,0,4,2m,20260413021631_0101_032,32,8.6,self_pre_discard_hand
20260413023111_0000_agari_123,20260413023111_0000,20260413023111,上級卓,1776015217,1,sabakan,0,パシフィック,0,33,9m,20260413023111_0000_043,43,11.9,self_pre_discard_hand
20260413023111_0002_agari_012,20260413023111_0002,20260413023111,上級卓,1776015543,1,sabakan,0,パシフィック,0,89,5s,20260413023111_0002_014,14,16.0,self_pre_discard_hand
20260413023111_0104_agari_054,20260413023111_0104,20260413023111,上級卓,1776015830,1,sabakan,1,sabakan,1,10,3m,,,,
20260413030233_0000_agari_171,20260413030233_0000,20260413030233,上級卓,1776017125,2,ぱぱん2,0,パシフィック,0,88,r5s,20260413030233_0000_058,58,30.6,self_pre_discard_hand
20260413030233_0202_agari_047,20260413030233_0202,20260413030233,上級卓,1776017655,2,ぱぱん2,0,パシフィック,0,8,3m,20260413030233_0202_056,56,11.6,self_pre_discard_hand
20260413033302_0000_agari_023,20260413033302_0000,20260413033302,一般卓,1776019025,1,喉頭形成術Ⅴ型,3,NoName,0,99,7s,20260413033302_0000_058,58,7.9,synthetic_tile
20260414000100_0000_agari_125,20260414000100_0000,20260414000100,一般卓,1776092606,1,NoName,2,わはは,0,29,8m,20260414000100_0000_038,38,2.0,synthetic_tile
20260414000100_0101_agari_046,20260414000100_0101,20260414000100,一般卓,1776092994,3,ジャーナリスト魂,1,NoName,0,95,6s,20260414000100_0101_058,58,8.7,synthetic_tile
20260414001450_0201_agari_060,20260414001450_0201,20260414001450,上級卓,1776093872,0,パシフィック,1,M＆I,0,34,9m,20260414001450_0201_026,26,8.9,synthetic_tile
20260414001450_0300_agari_146,20260414001450_0300,20260414001450,上級卓,1776093995,1,M＆I,3,NoName,0,2,1m,20260414001450_0300_028,28,11.2,synthetic_tile
20260414002828_0000_agari_069,20260414002828_0000,20260414002828,上級卓,1776094295,3,Millio,3,Millio,1,97,7s,,,,
20260414005815_0000_agari_145,20260414005815_0000,20260414005815,上級卓,1776096107,1,Ds.,1,Ds.,1,17,5m,,,,
20260414005815_0100_agari_251,20260414005815_0100,20260414005815,上級卓,1776096279,3,matsu_r,3,matsu_r,1,63,7p,,,,
20260414005815_0200_agari_425,20260414005815_0200,20260414005815,上級卓,1776096489,2,yhm,0,パシフィック,0,88,r5s,20260414005815_0200_062,62,44.7,self_pre_discard_hand
20260414005815_0201_agari_525,20260414005815_0201,20260414005815,上級卓,1776096645,3,matsu_r,2,yhm,0,19,5m,20260414005815_0201_033,33,81.4,synthetic_tile
20260414005815_0400_agari_787,20260414005815_0400,20260414005815,上級卓,1776097062,2,yhm,3,matsu_r,0,59,6p,20260414005815_0400_023,23,21.4,synthetic_tile
20260414005815_0501_agari_1110,20260414005815_0501,20260414005815,上級卓,1776097483,2,yhm,0,パシフィック,0,12,4m,20260414005815_0501_043,43,30.0,self_pre_discard_hand
20260414013924_0000_agari_089,20260414013924_0000,20260414013924,一般卓,1776098468,3,ryu1110,3,ryu1110,1,23,6m,,,,
20260414013924_0100_agari_185,20260414013924_0100,20260414013924,一般卓,1776098559,1,unryu,2,ひろぼうA1,0,69,9p,20260414013924_0100_035,35,16.7,synthetic_tile
20260414143934_0100_agari_229,20260414143934_0100,20260414143934,一般卓,1776145573,3,きんぎょすくい,3,きんぎょすくい,1,44,3p,,,,
20260414143934_0101_agari_307,20260414143934_0101,20260414143934,一般卓,1776145682,3,きんぎょすくい,0,パシフィック,0,115,2z,20260414143934_0101_025,25,2.0,self_pre_discard_hand
20260414171043_0000_agari_186,20260414171043_0000,20260414171043,一般卓,1776154438,1,そのまま,1,そのまま,1,95,6s,,,,
20260414171043_0100_agari_307,20260414171043_0100,20260414171043,一般卓,1776154583,2,小助,3,NoName,0,23,6m,20260414171043_0100_044,44,11.8,synthetic_tile
20260414171043_0200_agari_341,20260414171043_0200,20260414171043,一般卓,1776154628,2,小助,2,小助,1,100,8s,,,,
20260414171043_0300_agari_493,20260414171043_0300,20260414171043,一般卓,1776154810,0,パシフィック,0,パシフィック,1,64,8p,,,,
20260414172200_0000_agari_123,20260414172200_0000,20260414172200,一般卓,1776155095,1,変身忍者,2,ミセスｋ,0,25,7m,20260414172200_0000_043,43,9.5,synthetic_tile
20260414172200_0301_agari_024,20260414172200_0301,20260414172200,一般卓,1776156002,2,ミセスｋ,2,ミセスｋ,1,83,3s,,,,
20260414174031_0000_agari_135,20260414174031_0000,20260414174031,一般卓,1776156237,0,パシフィック,0,パシフィック,1,44,3p,,,,
20260414174031_0100_agari_262,20260414174031_0100,20260414174031,一般卓,1776156453,1,ユウイチ,3,koda08,0,26,7m,20260414174031_0100_045,45,11.7,synthetic_tile
20260414174031_0200_agari_332,20260414174031_0200,20260414174031,一般卓,1776156583,2,HUTO,3,koda08,0,57,6p,20260414174031_0200_030,30,18.3,synthetic_tile
20260414180944_0000_agari_116,20260414180944_0000,20260414180944,上級卓,1776157936,2,NoName,2,NoName,1,17,5m,,,,
20260414180944_0100_agari_287,20260414180944_0100,20260414180944,上級卓,1776158137,3,レオプ－,3,レオプ－,1,84,4s,,,,
20260414180944_0200_agari_428,20260414180944_0200,20260414180944,上級卓,1776158321,3,レオプ－,2,NoName,0,130,6z,20260414180944_0200_048,48,2.0,synthetic_tile
20260414182620_0401_agari_371,20260414182620_0401,20260414182620,上級卓,1776160055,3,monohon,3,monohon,1,20,6m,,,,
20260414182620_0501_agari_130,20260414182620_0501,20260414182620,上級卓,1776160432,3,monohon,0,パシフィック,0,5,2m,20260414182620_0501_055,55,28.2,self_pre_discard_hand
20260414185553_0000_agari_016,20260414185553_0000,20260414185553,一般卓,1776160688,1,ここ姫,1,ここ姫,1,52,r5p,,,,
20260414185553_0100_agari_046,20260414185553_0100,20260414185553,一般卓,1776160863,3,チーズとクルミ,0,パシフィック,0,92,6s,20260414185553_0100_043,43,3.0,self_pre_discard_hand
20260414185553_0200_agari_035,20260414185553_0200,20260414185553,一般卓,1776161143,2,NoName,0,パシフィック,0,61,7p,20260414185553_0200_064,64,8.8,self_pre_discard_hand
20260414190818_0000_agari_091,20260414190818_0000,20260414190818,一般卓,1776161462,3,isamu713,1,ゆみん,0,45,3p,20260414190818_0000_041,41,26.0,synthetic_tile
20260414214015_0000_agari_209,20260414214015_0000,20260414214015,上級卓,1776170654,0,パシフィック,2,WKBXW,0,55,5p,20260414214015_0000_069,69,41.2,synthetic_tile
20260414214015_0100_agari_332,20260414214015_0100,20260414214015,上級卓,1776170828,1,優良会員・・・２,1,優良会員・・・２,1,87,4s,,,,
20260414214015_0200_agari_465,20260414214015_0200,20260414214015,上級卓,1776171068,2,WKBXW,2,WKBXW,1,13,4m,,,,
20260414214015_0300_agari_599,20260414214015_0300,20260414214015,上級卓,1776171227,0,パシフィック,0,パシフィック,1,92,6s,,,,
20260414214015_0301_agari_663,20260414214015_0301,20260414214015,上級卓,1776171303,1,優良会員・・・２,1,優良会員・・・２,1,106,9s,,,,
20260414214015_0501_agari_934,20260414214015_0501,20260414214015,上級卓,1776171649,3,NoName,1,優良会員・・・２,0,39,1p,20260414214015_0501_028,28,11.1,synthetic_tile
20260414214015_0600_agari_1023,20260414214015_0600,20260414214015,上級卓,1776171761,2,WKBXW,2,WKBXW,1,36,1p,,,,
20260414214015_0700_agari_1164,20260414214015_0700,20260414214015,上級卓,1776171940,1,優良会員・・・２,3,NoName,0,8,3m,20260414214015_0700_047,47,6.0,synthetic_tile
20260414234704_0000_agari_187,20260414234704_0000,20260414234704,特上卓,1776178229,3,スーチーホイハン,3,スーチーホイハン,1,8,3m,,,,
20260414234704_0100_agari_327,20260414234704_0100,20260414234704,特上卓,1776178412,2,ableeee,3,スーチーホイハン,0,130,6z,20260414234704_0100_049,49,2.0,synthetic_tile
20260414234704_0200_agari_467,20260414234704_0200,20260414234704,特上卓,1776178600,2,ableeee,2,ableeee,1,4,2m,,,,
20260414234704_0300_agari_551,20260414234704_0300,20260414234704,特上卓,1776178707,0,s6u,1,あさみ丼,0,121,4z,20260414234704_0300_028,28,2.0,synthetic_tile
20260414234704_0400_agari_746,20260414234704_0400,20260414234704,特上卓,1776178937,3,スーチーホイハン,0,s6u,0,65,8p,20260414234704_0400_071,71,6.5,self_pre_discard_hand
20260415000225_0500_agari_832,20260415000225_0500,20260415000225,特上卓,1776179038,1,あさみ丼,1,あさみ丼,1,81,3s,,,,
20260415000225_0600_agari_967,20260415000225_0600,20260415000225,特上卓,1776179191,0,s6u,2,ableeee,0,132,7z,20260415000225_0600_046,46,0.0,synthetic_tile
20260415000225_0602_agari_1232,20260415000225_0602,20260415000225,特上卓,1776179507,3,スーチーホイハン,1,あさみ丼,0,30,8m,20260415000225_0602_022,22,14.0,synthetic_tile
20260415000225_0700_agari_1314,20260415000225_0700,20260415000225,特上卓,1776179615,2,ableeee,2,ableeee,1,39,1p,,,,
20260415001407_0000_agari_120,20260415001407_0000,20260415001407,特上卓,1776179765,2,CSU日麻小高手,1,わああああああい,0,33,9m,20260415001407_0000_039,39,7.0,synthetic_tile
20260415001407_0001_agari_296,20260415001407_0001,20260415001407,特上卓,1776179968,3,不会配平,3,不会配平,1,11,3m,,,,
20260415001407_0100_agari_434,20260415001407_0100,20260415001407,特上卓,1776180123,2,CSU日麻小高手,0,s6u,0,80,3s,20260415001407_0100_047,47,12.2,self_pre_discard_hand
20260415001407_0200_agari_499,20260415001407_0200,20260415001407,特上卓,1776180194,3,不会配平,2,CSU日麻小高手,0,79,2s,20260415001407_0200_022,22,4.0,synthetic_tile
20260415001407_0300_agari_649,20260415001407_0300,20260415001407,特上卓,1776180370,0,s6u,0,s6u,1,50,4p,,,,
20260415001407_0400_agari_746,20260415001407_0400,20260415001407,特上卓,1776180480,0,s6u,1,わああああああい,0,96,7s,20260415001407_0400_035,35,14.3,synthetic_tile
20260415001407_0500_agari_832,20260415001407_0500,20260415001407,特上卓,1776180597,3,不会配平,0,s6u,0,26,7m,20260415001407_0500_029,29,18.2,self_pre_discard_hand
20260415001407_0501_agari_950,20260415001407_0501,20260415001407,特上卓,1776180718,0,s6u,1,わああああああい,0,25,7m,20260415001407_0501_041,41,15.2,synthetic_tile
20260415004927_0000_agari_186,20260415004927_0000,20260415004927,特上卓,1776181992,1,Bomzhong,1,Bomzhong,1,109,1z,,,,
20260415004927_0100_agari_141,20260415004927_0100,20260415004927,特上卓,1776182228,0,s6u,1,Bomzhong,0,72,1s,20260415004927_0100_062,62,2.0,synthetic_tile
20260415004927_0200_agari_260,20260415004927_0200,20260415004927,特上卓,1776182378,1,Bomzhong,3,綿雪,0,59,6p,20260415004927_0200_044,44,18.8,synthetic_tile
20260415004927_0300_agari_380,20260415004927_0300,20260415004927,特上卓,1776182511,1,Bomzhong,1,Bomzhong,1,12,4m,,,,
20260415004927_0400_agari_498,20260415004927_0400,20260415004927,特上卓,1776182654,0,s6u,0,s6u,1,45,3p,,,,
20260415004927_0401_agari_666,20260415004927_0401,20260415004927,特上卓,1776182846,2,桃李言わざれども,3,綿雪,0,56,6p,20260415004927_0401_062,62,42.4,synthetic_tile
20260415004927_0500_agari_799,20260415004927_0500,20260415004927,特上卓,1776182999,0,s6u,3,綿雪,0,33,9m,20260415004927_0500_046,46,18.4,synthetic_tile
20260415011206_0000_agari_101,20260415011206_0000,20260415011206,特上卓,1776183225,2,緑茶。,2,緑茶。,1,44,3p,,,,
20260415011206_0100_agari_225,20260415011206_0100,20260415011206,特上卓,1776183387,3,YZFTZ,0,s6u,0,10,3m,20260415011206_0100_042,42,18.9,self_pre_discard_hand
20260415011206_0200_agari_349,20260415011206_0200,20260415011206,特上卓,1776183518,2,緑茶。,2,緑茶。,1,98,7s,,,,
20260415011206_0300_agari_424,20260415011206_0300,20260415011206,特上卓,1776183603,1,Chairman,0,s6u,0,30,8m,20260415011206_0300_026,26,11.9,self_pre_discard_hand
20260415011206_0401_agari_680,20260415011206_0401,20260415011206,特上卓,1776183883,1,Chairman,0,s6u,0,100,8s,20260415011206_0401_020,20,9.0,self_pre_discard_hand
20260415011206_0500_agari_825,20260415011206_0500,20260415011206,特上卓,1776184059,2,緑茶。,2,緑茶。,1,7,2m,,,,
20260415011206_0600_agari_967,20260415011206_0600,20260415011206,特上卓,1776184211,2,緑茶。,3,YZFTZ,0,31,8m,20260415011206_0600_050,50,15.4,synthetic_tile
20260415011206_0700_agari_1160,20260415011206_0700,20260415011206,特上卓,1776184422,1,Chairman,1,Chairman,1,15,4m,,,,
20260415013625_0000_agari_149,20260415013625_0000,20260415013625,特上卓,1776184736,3,球1234,3,球1234,1,10,3m,,,,
20260415013625_0100_agari_232,20260415013625_0100,20260415013625,特上卓,1776184845,3,球1234,1,暴力ペンギン,0,48,4p,20260415013625_0100_029,29,25.7,synthetic_tile
20260415013625_0200_agari_052,20260415013625_0200,20260415013625,特上卓,1776184998,2,Heihei05,2,Heihei05,1,59,6p,,,,
20260415013625_0300_agari_225,20260415013625_0300,20260415013625,特上卓,1776185270,1,暴力ペンギン,0,s6u,0,21,6m,20260415013625_0300_061,61,17.7,self_pre_discard_hand
20260415013625_0400_agari_342,20260415013625_0400,20260415013625,特上卓,1776185413,2,Heihei05,2,Heihei05,1,64,8p,,,,
20260415013625_0500_agari_472,20260415013625_0500,20260415013625,特上卓,1776185559,2,Heihei05,1,暴力ペンギン,0,51,4p,20260415013625_0500_047,47,31.0,synthetic_tile
20260415013625_0501_agari_612,20260415013625_0501,20260415013625,特上卓,1776185739,3,球1234,0,s6u,0,129,6z,20260415013625_0501_047,47,2.0,self_pre_discard_hand
20260415013625_0600_agari_702,20260415013625_0600,20260415013625,特上卓,1776185835,0,s6u,0,s6u,1,110,1z,,,,
20260415013625_0700_agari_839,20260415013625_0700,20260415013625,特上卓,1776186005,0,s6u,2,Heihei05,0,86,4s,20260415013625_0700_049,49,29.3,synthetic_tile
20260415013625_0701_agari_1023,20260415013625_0701,20260415013625,特上卓,1776186232,0,s6u,1,暴力ペンギン,0,10,3m,20260415013625_0701_066,66,19.8,synthetic_tile
20260415020508_0000_agari_175,20260415020508_0000,20260415020508,特上卓,1776186482,0,s6u,1,MIRA,0,105,9s,20260415020508_0000_058,58,22.9,synthetic_tile
20260415020508_0100_agari_310,20260415020508_0100,20260415020508,特上卓,1776186628,1,MIRA,0,s6u,0,29,8m,20260415020508_0100_048,48,13.1,self_pre_discard_hand
20260415020508_0200_agari_383,20260415020508_0200,20260415020508,特上卓,1776186725,1,MIRA,1,MIRA,1,8,3m,,,,
20260415020508_0303_agari_062,20260415020508_0303,20260415020508,特上卓,1776187250,0,s6u,3,kuroo,0,59,6p,20260415020508_0303_021,21,11.5,synthetic_tile
20260415020508_0400_agari_190,20260415020508_0400,20260415020508,特上卓,1776187402,2,yoshipin,1,MIRA,0,43,2p,20260415020508_0400_046,46,13.2,synthetic_tile
20260415020508_0500_agari_350,20260415020508_0500,20260415020508,特上卓,1776187609,1,MIRA,3,kuroo,0,28,8m,20260415020508_0500_057,57,9.9,synthetic_tile
20260415020508_0600_agari_475,20260415020508_0600,20260415020508,特上卓,1776187750,1,MIRA,1,MIRA,1,86,4s,,,,
20260415020508_0601_agari_616,20260415020508_0601,20260415020508,特上卓,1776187929,2,yoshipin,2,yoshipin,1,60,7p,,,,
20260415111138_0000_agari_145,20260415111138_0000,20260415111138,特上卓,1776219263,1,ROKU,2,狐千歳,0,70,9p,20260415111138_0000_048,48,11.3,synthetic_tile
20260415111138_0100_agari_249,20260415111138_0100,20260415111138,特上卓,1776219372,3,MrIndigo,2,狐千歳,0,64,8p,20260415111138_0100_039,39,9.4,synthetic_tile
20260415111138_0200_agari_348,20260415111138_0200,20260415111138,特上卓,1776219483,0,s6u,0,s6u,1,51,4p,,,,
20260415111138_0300_agari_484,20260415111138_0300,20260415111138,特上卓,1776219637,2,狐千歳,2,狐千歳,1,57,6p,,,,
20260415111138_0400_agari_655,20260415111138_0400,20260415111138,特上卓,1776219855,2,狐千歳,1,ROKU,0,4,2m,20260415111138_0400_061,61,10.5,synthetic_tile
20260415111138_0500_agari_790,20260415111138_0500,20260415111138,特上卓,1776220010,0,s6u,3,MrIndigo,0,106,9s,20260415111138_0500_046,46,16.8,synthetic_tile
20260415111138_0601_agari_1110,20260415111138_0601,20260415111138,特上卓,1776220366,2,狐千歳,2,狐千歳,1,105,9s,,,,
20260415111138_0602_agari_1252,20260415111138_0602,20260415111138,特上卓,1776220508,0,s6u,3,MrIndigo,0,90,5s,20260415111138_0602_052,52,8.9,synthetic_tile
20260415111138_0700_agari_1399,20260415111138_0700,20260415111138,特上卓,1776220649,1,ROKU,3,MrIndigo,0,73,1s,20260415111138_0700_053,53,15.0,synthetic_tile
20260415114429_0000_agari_206,20260415114429_0000,20260415114429,特上卓,1776221314,1,阿夫利,0,s6u,0,15,4m,20260415114429_0000_063,63,50.0,self_pre_discard_hand
20260415114429_0001_agari_347,20260415114429_0001,20260415114429,特上卓,1776221544,3,sxc258,1,阿夫利,0,24,7m,20260415114429_0001_048,48,10.4,synthetic_tile
20260415114429_0100_agari_139,20260415114429_0100,20260415114429,特上卓,1776221852,3,sxc258,0,s6u,0,102,8s,20260415114429_0100_063,63,19.7,self_pre_discard_hand
20260415114429_0200_agari_238,20260415114429_0200,20260415114429,特上卓,1776222013,3,sxc258,1,阿夫利,0,110,1z,20260415114429_0200_034,34,2.0,synthetic_tile
20260415114429_0201_agari_436,20260415114429_0201,20260415114429,特上卓,1776222293,3,sxc258,0,s6u,0,85,4s,20260415114429_0201_069,69,49.5,self_pre_discard_hand
20260415141418_0000_agari_183,20260415141418_0000,20260415141418,一般卓,1776230264,3,モリヒロナラ,1,プロゴルファー8,0,26,7m,20260415141418_0000_061,61,12.0,synthetic_tile
20260415153655_0000_agari_104,20260415153655_0000,20260415153655,上級卓,1776235149,1,サチール,0,パシフィック,0,107,9s,20260415153655_0000_030,30,10.7,self_pre_discard_hand
20260415153655_0200_agari_018,20260415153655_0200,20260415153655,上級卓,1776235509,1,サチール,1,サチール,1,46,3p,,,,
20260415204008_0200_agari_043,20260415204008_0200,20260415204008,特上卓,1776253631,3,DrKanoto,3,DrKanoto,1,56,6p,,,,
20260415211029_0000_agari_107,20260415211029_0000,20260415211029,特上卓,1776255141,2,soer,2,soer,1,77,2s,,,,
20260415211029_0100_agari_235,20260415211029_0100,20260415211029,特上卓,1776255286,1,時を駆ける爺,1,時を駆ける爺,1,49,4p,,,,
20260415211029_0200_agari_315,20260415211029_0200,20260415211029,特上卓,1776255405,0,s6u,0,s6u,1,12,4m,,,,
20260415211029_0300_agari_442,20260415211029_0300,20260415211029,特上卓,1776255564,2,soer,1,時を駆ける爺,0,50,4p,20260415211029_0300_043,43,25.0,synthetic_tile
20260415211029_0500_agari_095,20260415211029_0500,20260415211029,特上卓,1776256062,3,Coffee,2,soer,0,106,9s,20260415211029_0500_054,54,9.4,synthetic_tile
20260415211029_0600_agari_188,20260415211029_0600,20260415211029,特上卓,1776256160,3,Coffee,3,Coffee,1,96,7s,,,,
20260415211029_0700_agari_252,20260415211029_0700,20260415211029,特上卓,1776256237,3,Coffee,0,s6u,0,30,8m,20260415211029_0700_022,22,8.9,self_pre_discard_hand
20260415213120_0001_agari_173,20260415213120_0001,20260415213120,特上卓,1776256491,0,s6u,1,markino!,0,74,1s,20260415213120_0001_052,52,6.2,synthetic_tile
20260415213120_0100_agari_336,20260415213120_0100,20260415213120,特上卓,1776256710,0,s6u,0,s6u,1,134,7z,,,,
20260415213120_0200_agari_425,20260415213120_0200,20260415213120,特上卓,1776256836,3,s7055,1,markino!,0,102,8s,20260415213120_0200_030,30,13.7,synthetic_tile
20260415213120_0201_agari_606,20260415213120_0201,20260415213120,特上卓,1776257068,2,ぴかーる,0,s6u,0,20,6m,20260415213120_0201_065,65,24.4,self_pre_discard_hand
20260415213120_0401_agari_886,20260415213120_0401,20260415213120,特上卓,1776257434,1,markino!,2,ぴかーる,0,37,1p,20260415213120_0401_027,27,8.9,synthetic_tile
20260415213120_0402_agari_1074,20260415213120_0402,20260415213120,特上卓,1776257701,2,ぴかーる,3,s7055,0,102,8s,20260415213120_0402_066,66,16.6,synthetic_tile
20260415220759_0000_agari_092,20260415220759_0000,20260415220759,特上卓,1776258557,2,140cut,3,モメンタム,0,106,9s,20260415220759_0000_028,28,23.0,synthetic_tile
20260415220759_0100_agari_181,20260415220759_0100,20260415220759,特上卓,1776258655,1,ハルカナイチゴ,3,モメンタム,0,66,8p,20260415220759_0100_031,31,11.5,synthetic_tile
20260415220759_0201_agari_476,20260415220759_0201,20260415220759,特上卓,1776258981,3,モメンタム,2,140cut,0,12,4m,20260415220759_0201_036,36,20.5,synthetic_tile
20260415224157_0000_agari_140,20260415224157_0000,20260415224157,特上卓,1776260664,0,s6u,0,s6u,1,97,7s,,,,
20260415224157_0100_agari_264,20260415224157_0100,20260415224157,特上卓,1776260844,2,Drうっちー,3,イチボ,0,47,3p,20260415224157_0100_044,44,16.5,synthetic_tile
20260415224157_0200_agari_389,20260415224157_0200,20260415224157,特上卓,1776260997,1,olsn,3,イチボ,0,9,3m,20260415224157_0200_044,44,17.2,synthetic_tile
20260415225051_0000_agari_170,20260415225051_0000,20260415225051,特上卓,1776261282,0,s6u,0,s6u,1,25,7m,,,,
20260415225051_0100_agari_249,20260415225051_0100,20260415225051,特上卓,1776261379,1,175S1,3,福瑞,0,71,9p,20260415225051_0100_028,28,8.3,synthetic_tile
20260415225051_0200_agari_348,20260415225051_0200,20260415225051,特上卓,1776261481,3,福瑞,3,福瑞,1,72,1s,,,,
20260415225051_0201_agari_469,20260415225051_0201,20260415225051,特上卓,1776261641,3,福瑞,0,s6u,0,81,3s,20260415225051_0201_041,41,10.8,self_pre_discard_hand
20260415225051_0202_agari_657,20260415225051_0202,20260415225051,特上卓,1776261848,0,s6u,0,s6u,1,56,6p,,,,
20260415225051_0300_agari_746,20260415225051_0300,20260415225051,特上卓,1776261968,2,フジヤンFT,3,福瑞,0,68,9p,20260415225051_0300_030,30,2.0,synthetic_tile
20260415225051_0400_agari_882,20260415225051_0400,20260415225051,特上卓,1776262136,3,福瑞,2,フジヤンFT,0,38,1p,20260415225051_0400_049,49,13.5,synthetic_tile
20260415225051_0500_agari_1063,20260415225051_0500,20260415225051,特上卓,1776262347,1,175S1,2,フジヤンFT,0,67,8p,20260415225051_0500_066,66,15.9,synthetic_tile
20260415225051_0600_agari_1129,20260415225051_0600,20260415225051,特上卓,1776262428,1,175S1,0,s6u,0,12,4m,20260415225051_0600_023,23,4.0,self_pre_discard_hand
20260415225051_0700_agari_1285,20260415225051_0700,20260415225051,特上卓,1776262600,0,s6u,0,s6u,1,93,6s,,,,
20260415231818_0000_agari_108,20260415231818_0000,20260415231818,特上卓,1776262837,1,1Mercury,0,s6u,0,53,5p,20260415231818_0000_031,31,22.9,self_pre_discard_hand
20260415231818_0001_agari_227,20260415231818_0001,20260415231818,特上卓,1776263021,3,waffle07,1,1Mercury,0,4,2m,20260415231818_0001_040,40,16.6,synthetic_tile
20260415231818_0100_agari_313,20260415231818_0100,20260415231818,特上卓,1776263130,1,1Mercury,0,s6u,0,96,7s,20260415231818_0100_030,30,12.2,self_pre_discard_hand
20260415231818_0200_agari_443,20260415231818_0200,20260415231818,特上卓,1776263297,2,ぼくはガリレオ,0,s6u,0,13,4m,20260415231818_0200_045,45,11.1,self_pre_discard_hand
20260415231818_0300_agari_557,20260415231818_0300,20260415231818,特上卓,1776263456,0,s6u,0,s6u,1,96,7s,,,,
20260415231818_0301_agari_665,20260415231818_0301,20260415231818,特上卓,1776263597,2,ぼくはガリレオ,2,ぼくはガリレオ,1,29,8m,,,,
20260415231818_0400_agari_850,20260415231818_0400,20260415231818,特上卓,1776263876,3,waffle07,1,1Mercury,0,97,7s,20260415231818_0400_065,65,6.0,synthetic_tile
20260415231818_0500_agari_941,20260415231818_0500,20260415231818,特上卓,1776263978,0,s6u,3,waffle07,0,70,9p,20260415231818_0500_032,32,11.8,synthetic_tile
20260415231818_0600_agari_1025,20260415231818_0600,20260415231818,特上卓,1776264093,0,s6u,0,s6u,1,29,8m,,,,
20260415231818_0700_agari_1142,20260415231818_0700,20260415231818,特上卓,1776264230,1,1Mercury,0,s6u,0,50,4p,20260415231818_0700_040,40,17.0,self_pre_discard_hand
20260415234635_0000_agari_132,20260415234635_0000,20260415234635,特上卓,1776264561,2,変態紳士＠,0,s6u,0,83,3s,20260415234635_0000_042,42,24.1,self_pre_discard_hand
20260415234635_0100_agari_282,20260415234635_0100,20260415234635,特上卓,1776264746,1,D5471,3,ピータン01,0,81,3s,20260415234635_0100_053,53,13.6,synthetic_tile
20260415234635_0200_agari_428,20260415234635_0200,20260415234635,特上卓,1776264923,0,s6u,3,ピータン01,0,8,3m,20260415234635_0200_050,50,4.0,synthetic_tile
20260415234635_0300_agari_529,20260415234635_0300,20260415234635,特上卓,1776265064,2,変態紳士＠,2,変態紳士＠,1,49,4p,,,,
20260415234635_0400_agari_674,20260415234635_0400,20260415234635,特上卓,1776265234,3,ピータン01,1,D5471,0,85,4s,20260415234635_0400_052,52,27.6,synthetic_tile
20260416000045_0500_agari_781,20260416000045_0500,20260416000045,特上卓,1776265378,2,変態紳士＠,2,変態紳士＠,1,92,6s,,,,
20260416000045_0501_agari_849,20260416000045_0501,20260416000045,特上卓,1776265471,2,変態紳士＠,1,D5471,0,77,2s,20260416000045_0501_023,23,14.0,synthetic_tile
20260416000045_0502_agari_1037,20260416000045_0502,20260416000045,特上卓,1776265703,1,D5471,0,s6u,0,55,5p,20260416000045_0502_070,70,27.0,self_pre_discard_hand
20260416000045_0600_agari_1166,20260416000045_0600,20260416000045,特上卓,1776265875,1,D5471,0,s6u,0,20,6m,20260416000045_0600_045,45,24.7,self_pre_discard_hand
20260416000045_0700_agari_1259,20260416000045_0700,20260416000045,特上卓,1776266000,0,s6u,0,s6u,1,50,4p,,,,
20260416001431_0000_agari_163,20260416001431_0000,20260416001431,特上卓,1776266226,1,茶髪,1,茶髪,1,108,1z,,,,
20260416001431_0001_agari_245,20260416001431_0001,20260416001431,特上卓,1776266327,2,穴澤妙哉,2,穴澤妙哉,1,98,7s,,,,
20260416001431_0100_agari_325,20260416001431_0100,20260416001431,特上卓,1776266462,2,穴澤妙哉,3,オール鳩ヶ谷,0,86,4s,20260416001431_0100_035,35,19.0,synthetic_tile
20260416001431_0101_agari_507,20260416001431_0101,20260416001431,特上卓,1776266664,1,茶髪,1,茶髪,1,45,3p,,,,
20260416001431_0200_agari_623,20260416001431_0200,20260416001431,特上卓,1776266786,1,茶髪,0,s6u,0,79,2s,20260416001431_0200_040,40,11.9,self_pre_discard_hand
20260416001431_0300_agari_781,20260416001431_0300,20260416001431,特上卓,1776266953,0,s6u,0,s6u,1,8,3m,,,,
20260416001431_0301_agari_856,20260416001431_0301,20260416001431,特上卓,1776267040,1,茶髪,2,穴澤妙哉,0,95,6s,20260416001431_0301_025,25,15.4,synthetic_tile
20260416001431_0400_agari_938,20260416001431_0400,20260416001431,特上卓,1776267146,1,茶髪,1,茶髪,1,47,3p,,,,
20260416003528_0000_agari_154,20260416003528_0000,20260416003528,特上卓,1776267538,1,Alessia,1,Alessia,1,109,1z,,,,
20260416003528_0100_agari_337,20260416003528_0100,20260416003528,特上卓,1776267768,1,Alessia,3,kokounos,0,12,4m,20260416003528_0100_064,64,33.3,synthetic_tile
20260416003528_0200_agari_456,20260416003528_0200,20260416003528,特上卓,1776267924,0,s6u,0,s6u,1,8,3m,,,,
20260416003528_0201_agari_545,20260416003528_0201,20260416003528,特上卓,1776268048,1,Alessia,3,kokounos,0,87,4s,20260416003528_0201_031,31,20.5,synthetic_tile
20260416005046_0000_agari_100,20260416005046_0000,20260416005046,特上卓,1776268330,1,梅さん129,1,梅さん129,1,97,7s,,,,
20260416005046_0100_agari_213,20260416005046_0100,20260416005046,特上卓,1776268467,2,ふぁび2,2,ふぁび2,1,12,4m,,,,
20260416005046_0200_agari_340,20260416005046_0200,20260416005046,特上卓,1776268629,1,梅さん129,2,ふぁび2,0,39,1p,20260416005046_0200_045,45,13.0,synthetic_tile
20260416005046_0201_agari_432,20260416005046_0201,20260416005046,特上卓,1776268738,2,ふぁび2,3,正氣十足,0,24,7m,20260416005046_0201_033,33,20.3,synthetic_tile
20260416005046_0300_agari_555,20260416005046_0300,20260416005046,特上卓,1776268877,3,正氣十足,2,ふぁび2,0,106,9s,20260416005046_0300_044,44,13.9,synthetic_tile
20260416005046_0400_agari_685,20260416005046_0400,20260416005046,特上卓,1776269042,1,梅さん129,2,ふぁび2,0,2,1m,20260416005046_0400_047,47,26.3,synthetic_tile
20260416005046_0500_agari_831,20260416005046_0500,20260416005046,特上卓,1776269242,1,梅さん129,2,ふぁび2,0,10,3m,20260416005046_0500_053,53,46.0,synthetic_tile
20260416005046_0600_agari_911,20260416005046_0600,20260416005046,特上卓,1776269350,0,s6u,1,梅さん129,0,33,9m,20260416005046_0600_026,26,9.0,synthetic_tile
20260416005046_0700_agari_1041,20260416005046_0700,20260416005046,特上卓,1776269529,1,梅さん129,1,梅さん129,1,11,3m,,,,
20260416011330_0000_agari_156,20260416011330_0000,20260416011330,,1776269781,0,s6u,0,s6u,1,90,5s,,,,
20260416011330_0102_agari_449,20260416011330_0102,20260416011330,,1776270195,1,oliver,3,純粋居飛車党,0,72,1s,20260416011330_0102_033,33,2.0,synthetic_tile
20260416011330_0103_agari_564,20260416011330_0103,20260416011330,,1776270338,1,oliver,1,oliver,1,93,6s,,,,
20260416011330_0104_agari_688,20260416011330_0104,20260416011330,,1776270506,0,s6u,0,s6u,1,84,4s,,,,
20260416011330_0200_agari_841,20260416011330_0200,20260416011330,,1776270698,2,欧陽,2,欧陽,1,56,6p,,,,
20260416011330_0201_agari_1029,20260416011330_0201,20260416011330,,1776270979,3,純粋居飛車党,1,oliver,0,38,1p,20260416011330_0201_069,69,13.2,synthetic_tile
20260416011330_0300_agari_1124,20260416011330_0300,20260416011330,,1776271113,2,欧陽,0,s6u,0,63,7p,20260416011330_0300_033,33,15.6,self_pre_discard_hand
20260416011330_0400_agari_1233,20260416011330_0400,20260416011330,,1776271260,3,純粋居飛車党,3,純粋居飛車党,1,60,7p,,,,
20260416011330_0500_agari_1358,20260416011330_0500,20260416011330,,1776271438,2,欧陽,0,s6u,0,54,5p,20260416011330_0500_043,43,21.6,self_pre_discard_hand
20260416011330_0600_agari_1555,20260416011330_0600,20260416011330,,1776271703,1,oliver,3,純粋居飛車党,0,49,4p,20260416011330_0600_070,70,41.9,synthetic_tile
20260416011330_0700_agari_1712,20260416011330_0700,20260416011330,,1776271902,0,s6u,1,oliver,0,67,8p,20260416011330_0700_053,53,2.0,synthetic_tile
20260416015257_0000_agari_204,20260416015257_0000,20260416015257,特上卓,1776272221,3,しんせんじにく,1,たこるん,0,22,6m,20260416015257_0000_073,73,4.0,synthetic_tile
20260416015257_0100_agari_321,20260416015257_0100,20260416015257,特上卓,1776272359,3,しんせんじにく,2,おうもう,0,16,r5m,20260416015257_0100_043,43,27.6,synthetic_tile
20260416015257_0200_agari_428,20260416015257_0200,20260416015257,特上卓,1776272480,0,s6u,0,s6u,1,25,7m,,,,
20260416015257_0300_agari_529,20260416015257_0300,20260416015257,特上卓,1776272592,3,しんせんじにく,0,s6u,0,61,7p,20260416015257_0300_034,34,13.3,self_pre_discard_hand
20260416015257_0400_agari_671,20260416015257_0400,20260416015257,特上卓,1776272752,2,おうもう,2,おうもう,1,95,6s,,,,
20260416015257_0500_agari_751,20260416015257_0500,20260416015257,特上卓,1776272852,2,おうもう,1,たこるん,0,45,3p,20260416015257_0500_027,27,9.4,synthetic_tile
20260416015257_0501_agari_832,20260416015257_0501,20260416015257,特上卓,1776272940,2,おうもう,1,たこるん,0,111,1z,20260416015257_0501_027,27,2.0,synthetic_tile
20260416015257_0502_agari_968,20260416015257_0502,20260416015257,特上卓,1776273083,0,s6u,1,たこるん,0,87,4s,20260416015257_0502_049,49,16.4,synthetic_tile
20260416015257_0600_agari_1070,20260416015257_0600,20260416015257,特上卓,1776273196,3,しんせんじにく,0,s6u,0,67,8p,20260416015257_0600_037,37,17.3,self_pre_discard_hand
20260416015257_0601_agari_1221,20260416015257_0601,20260416015257,特上卓,1776273360,0,s6u,3,しんせんじにく,0,7,2m,20260416015257_0601_054,54,21.6,synthetic_tile
20260416015257_0700_agari_1357,20260416015257_0700,20260416015257,特上卓,1776273505,0,s6u,0,s6u,1,32,9m,,,,
20260416022037_0000_agari_137,20260416022037_0000,20260416022037,特上卓,1776273788,2,lsajie,2,lsajie,1,16,r5m,,,,
20260416022037_0100_agari_277,20260416022037_0100,20260416022037,特上卓,1776273955,0,s6u,2,lsajie,0,105,9s,20260416022037_0100_048,48,1.0,synthetic_tile
20260416022037_0200_agari_460,20260416022037_0200,20260416022037,特上卓,1776274184,1,いいけん,0,s6u,0,13,4m,20260416022037_0200_064,64,47.0,self_pre_discard_hand
20260416022037_0301_agari_781,20260416022037_0301,20260416022037,特上卓,1776274589,0,s6u,0,s6u,1,45,3p,,,,
20260416022037_0400_agari_884,20260416022037_0400,20260416022037,特上卓,1776274720,0,s6u,3,tampopo3,0,18,5m,20260416022037_0400_036,36,26.8,synthetic_tile
20260416022037_0401_agari_1079,20260416022037_0401,20260416022037,特上卓,1776274944,0,s6u,0,s6u,1,10,3m,,,,
20260416022037_0402_agari_1243,20260416022037_0402,20260416022037,特上卓,1776275156,3,tampopo3,3,tampopo3,1,24,7m,,,,
20260416022037_0501_agari_1535,20260416022037_0501,20260416022037,特上卓,1776275507,1,いいけん,1,いいけん,1,82,3s,,,,
20260416022037_0502_agari_1623,20260416022037_0502,20260416022037,特上卓,1776275586,2,lsajie,3,tampopo3,0,87,4s,20260416022037_0502_030,30,12.3,synthetic_tile
20260416022037_0600_agari_1764,20260416022037_0600,20260416022037,特上卓,1776275752,2,lsajie,1,いいけん,0,25,7m,20260416022037_0600_052,52,36.3,synthetic_tile
20260416022037_0601_agari_1840,20260416022037_0601,20260416022037,特上卓,1776275837,3,tampopo3,3,tampopo3,1,9,3m,,,,
20260416022037_0701_agari_2110,20260416022037_0701,20260416022037,特上卓,1776276182,2,lsajie,0,s6u,0,107,9s,20260416022037_0701_024,24,12.9,self_pre_discard_hand
20260417020135_0000_agari_121,20260417020135_0000,20260417020135,上級卓,1776359127,1,緑の猿人,0,パシフィック,0,132,7z,20260417020135_0000_068,68,2.0,self_pre_discard_hand
20260417021553_0200_agari_081,20260417021553_0200,20260417021553,特上卓,1776359815,3,alice7,2,むらしゅー,0,44,3p,20260417021553_0200_035,35,15.4,synthetic_tile
20260417021553_0201_agari_239,20260417021553_0201,20260417021553,特上卓,1776360026,2,むらしゅー,3,alice7,0,83,3s,20260417021553_0201_056,56,16.4,synthetic_tile
20260417021553_0300_agari_378,20260417021553_0300,20260417021553,特上卓,1776360193,2,むらしゅー,3,alice7,0,69,9p,20260417021553_0300_050,50,29.5,synthetic_tile
20260417021553_0401_agari_683,20260417021553_0401,20260417021553,特上卓,1776360543,2,むらしゅー,1,洪湖,0,20,6m,20260417021553_0401_041,41,20.2,synthetic_tile
20260417021553_0500_agari_771,20260417021553_0500,20260417021553,特上卓,1776360637,3,alice7,1,洪湖,0,105,9s,20260417021553_0500_031,31,17.5,synthetic_tile
20260417021553_0600_agari_907,20260417021553_0600,20260417021553,特上卓,1776360786,2,むらしゅー,2,むらしゅー,1,16,r5m,,,,
20260417021553_0700_agari_998,20260417021553_0700,20260417021553,特上卓,1776360904,0,s6u,1,洪湖,0,86,4s,20260417021553_0700_031,31,20.6,synthetic_tile
20260417021553_0701_agari_1116,20260417021553_0701,20260417021553,特上卓,1776361063,0,s6u,1,洪湖,0,30,8m,20260417021553_0701_038,38,24.6,synthetic_tile
20260417021553_0702_agari_1261,20260417021553_0702,20260417021553,特上卓,1776361215,1,洪湖,1,洪湖,1,29,8m,,,,
20260417024038_0000_agari_175,20260417024038_0000,20260417024038,,1776361425,3,やんわり,1,Kanako_,0,64,8p,20260417024038_0000_063,63,4.0,synthetic_tile
20260417024038_0100_agari_308,20260417024038_0100,20260417024038,,1776361571,0,s6u,2,alice7,0,75,1s,20260417024038_0100_048,48,1.0,synthetic_tile
20260417024038_0200_agari_493,20260417024038_0200,20260417024038,,1776361794,2,alice7,1,Kanako_,0,41,2p,20260417024038_0200_066,66,10.2,synthetic_tile
20260417024038_0300_agari_600,20260417024038_0300,20260417024038,,1776361913,3,やんわり,1,Kanako_,0,35,9m,20260417024038_0300_038,38,15.3,synthetic_tile
20260417024038_0501_agari_860,20260417024038_0501,20260417024038,,1776362225,2,alice7,0,s6u,0,38,1p,20260417024038_0501_026,26,11.1,self_pre_discard_hand
20260417024038_0502_agari_1045,20260417024038_0502,20260417024038,,1776362463,0,s6u,1,Kanako_,0,39,1p,20260417024038_0502_067,67,57.0,synthetic_tile
20260417024038_0600_agari_1153,20260417024038_0600,20260417024038,,1776362601,0,s6u,0,s6u,1,74,1s,,,,
20260417030358_0000_agari_158,20260417030358_0000,20260417030358,特上卓,1776362787,2,怯怯,1,Kanako_,0,94,6s,20260417030358_0000_056,56,4.0,synthetic_tile
20260417030358_0201_agari_527,20260417030358_0201,20260417030358,特上卓,1776363237,1,Kanako_,3,FridaW89,0,85,4s,20260417030358_0201_064,64,22.3,synthetic_tile
20260417030358_0300_agari_699,20260417030358_0300,20260417030358,特上卓,1776363441,2,怯怯,2,怯怯,1,84,4s,,,,
20260417030358_0400_agari_835,20260417030358_0400,20260417030358,特上卓,1776363606,0,s6u,0,s6u,1,46,3p,,,,
20260417030358_0501_agari_1169,20260417030358_0501,20260417030358,特上卓,1776363980,2,怯怯,2,怯怯,1,23,6m,,,,
20260417030358_0502_agari_1287,20260417030358_0502,20260417030358,特上卓,1776364120,2,怯怯,2,怯怯,1,53,5p,,,,
20260417030358_0503_agari_1398,20260417030358_0503,20260417030358,特上卓,1776364235,2,怯怯,0,s6u,0,70,9p,20260417030358_0503_041,41,17.4,self_pre_discard_hand
20260417030358_0504_agari_1571,20260417030358_0504,20260417030358,特上卓,1776364443,3,FridaW89,3,FridaW89,1,90,5s,,,,
20260417030358_0600_agari_1708,20260417030358_0600,20260417030358,特上卓,1776364603,0,s6u,3,FridaW89,0,81,3s,20260417030358_0600_048,48,19.6,synthetic_tile
20260417030358_0600_agari_1709,20260417030358_0600,20260417030358,特上卓,1776364603,1,Kanako_,3,FridaW89,0,81,3s,20260417030358_0600_048,48,22.7,synthetic_tile
20260417030358_0700_agari_1823,20260417030358_0700,20260417030358,特上卓,1776364722,0,s6u,1,Kanako_,0,37,1p,20260417030358_0700_041,41,17.5,synthetic_tile
20260417030358_0701_agari_2011,20260417030358_0701,20260417030358,特上卓,1776364993,2,怯怯,1,Kanako_,0,15,4m,20260417030358_0701_066,66,30.3,synthetic_tile
20260417123543_0000_agari_085,20260417123543_0000,20260417123543,特上卓,1776397010,0,s6u,2,怪我の功名,0,10,3m,20260417123543_0000_020,20,13.8,synthetic_tile
20260417123543_0001_agari_176,20260417123543_0001,20260417123543,特上卓,1776397136,3,かず坊,1,mlicca,0,44,3p,20260417123543_0001_029,29,17.5,synthetic_tile
20260417123543_0100_agari_323,20260417123543_0100,20260417123543,特上卓,1776397310,0,s6u,3,かず坊,0,61,7p,20260417123543_0100_051,51,19.8,synthetic_tile
20260417123543_0200_agari_407,20260417123543_0200,20260417123543,特上卓,1776397408,2,怪我の功名,2,怪我の功名,1,46,3p,,,,
20260417123543_0201_agari_515,20260417123543_0201,20260417123543,特上卓,1776397555,0,s6u,0,s6u,1,3,1m,,,,
20260417123543_0300_agari_656,20260417123543_0300,20260417123543,特上卓,1776397779,0,s6u,0,s6u,1,14,4m,,,,
20260417123543_0400_agari_734,20260417123543_0400,20260417123543,特上卓,1776397876,0,s6u,0,s6u,1,22,6m,,,,
20260417123543_0401_agari_915,20260417123543_0401,20260417123543,特上卓,1776398152,3,かず坊,3,かず坊,1,133,7z,,,,
20260417123543_0500_agari_1041,20260417123543_0500,20260417123543,特上卓,1776398350,1,mlicca,1,mlicca,1,90,5s,,,,
20260417123543_0501_agari_1163,20260417123543_0501,20260417123543,特上卓,1776398546,0,s6u,1,mlicca,0,19,5m,20260417123543_0501_040,40,32.1,synthetic_tile
20260417123543_0600_agari_1333,20260417123543_0600,20260417123543,特上卓,1776398761,0,s6u,2,怪我の功名,0,53,5p,20260417123543_0600_062,62,52.0,synthetic_tile
20260417123543_0600_agari_1334,20260417123543_0600,20260417123543,特上卓,1776398761,1,mlicca,2,怪我の功名,0,53,5p,20260417123543_0600_062,62,22.5,synthetic_tile
20260417123543_0700_agari_1467,20260417123543_0700,20260417123543,特上卓,1776398954,1,mlicca,3,かず坊,0,69,9p,20260417123543_0700_046,46,3.8,synthetic_tile
20260417145800_0000_agari_150,20260417145800_0000,20260417145800,特上卓,1776405656,1,掉段皮人,1,掉段皮人,1,13,4m,,,,
20260417145800_0100_agari_285,20260417145800_0100,20260417145800,特上卓,1776405804,0,s6u,1,掉段皮人,0,112,2z,20260417145800_0100_049,49,1.0,synthetic_tile
20260417145800_0200_agari_370,20260417145800_0200,20260417145800,特上卓,1776405900,3,かなかなカナ？,3,かなかなカナ？,1,92,6s,,,,
20260417145800_0301_agari_039,20260417145800_0301,20260417145800,特上卓,1776406218,1,掉段皮人,1,掉段皮人,1,51,4p,,,,
20260417145800_0400_agari_079,20260417145800_0400,20260417145800,特上卓,1776406254,1,掉段皮人,1,掉段皮人,1,43,2p,,,,
20260417145800_0601_agari_445,20260417145800_0601,20260417145800,特上卓,1776406743,1,掉段皮人,3,かなかなカナ？,0,55,5p,,,,
20260417145800_0700_agari_503,20260417145800_0700,20260417145800,特上卓,1776406823,3,かなかなカナ？,2,teriri,0,68,9p,20260417145800_0700_019,19,9.3,synthetic_tile
20260417145800_0701_agari_553,20260417145800_0701,20260417145800,特上卓,1776406907,2,teriri,0,s6u,0,28,8m,20260417145800_0701_015,15,10.0,self_pre_discard_hand
20260417152341_0000_agari_105,20260417152341_0000,20260417152341,特上卓,1776407244,2,alpha@de,2,alpha@de,1,91,5s,,,,
20260417152341_0001_agari_259,20260417152341_0001,20260417152341,特上卓,1776407446,2,alpha@de,2,alpha@de,1,47,3p,,,,
20260417152341_0002_agari_397,20260417152341_0002,20260417152341,特上卓,1776407628,2,alpha@de,2,alpha@de,1,38,1p,,,,
20260417152341_0003_agari_533,20260417152341_0003,20260417152341,特上卓,1776407804,1,k2xx,1,k2xx,1,15,4m,,,,
20260417152341_0100_agari_639,20260417152341_0100,20260417152341,特上卓,1776407939,1,k2xx,3,ペンタ,0,54,5p,20260417152341_0100_038,38,15.6,synthetic_tile
20260417152341_0201_agari_324,20260417152341_0201,20260417152341,特上卓,1776408316,1,k2xx,2,alpha@de,0,64,8p,20260417152341_0201_049,49,13.1,synthetic_tile
20260417152341_0300_agari_422,20260417152341_0300,20260417152341,特上卓,1776408452,0,s6u,2,alpha@de,0,8,3m,20260417152341_0300_034,34,14.6,synthetic_tile
20260417152341_0400_agari_539,20260417152341_0400,20260417152341,特上卓,1776408584,3,ペンタ,3,ペンタ,1,60,7p,,,,
20260417152341_0601_agari_134,20260417152341_0601,20260417152341,特上卓,1776409072,2,alpha@de,2,alpha@de,1,43,2p,,,,
20260417152341_0700_agari_291,20260417152341_0700,20260417152341,特上卓,1776409255,3,ペンタ,0,s6u,0,40,2p,20260417152341_0700_055,55,25.3,self_pre_discard_hand
20260418002400_0000_agari_127,20260418002400_0000,20260418002400,特上卓,1776439568,3,厚岸,2,天江衣@門前打点,0,91,5s,20260418002400_0000_042,42,13.8,synthetic_tile
20260418002400_0103_agari_249,20260418002400_0103,20260418002400,特上卓,1776440275,0,s6u,0,s6u,1,18,5m,,,,
20260418002400_0104_agari_290,20260418002400_0104,20260418002400,特上卓,1776440327,1,'Chalo',1,'Chalo',1,131,6z,,,,
20260418002400_0303_agari_804,20260418002400_0303,20260418002400,特上卓,1776441007,1,'Chalo',2,天江衣@門前打点,0,89,5s,20260418002400_0303_040,40,20.5,synthetic_tile
20260418002400_0400_agari_978,20260418002400_0400,20260418002400,特上卓,1776441227,2,天江衣@門前打点,3,厚岸,0,71,9p,20260418002400_0400_060,60,28.1,synthetic_tile
20260418002400_0500_agari_1166,20260418002400_0500,20260418002400,特上卓,1776441478,0,s6u,0,s6u,1,11,3m,,,,
20260418002400_0602_agari_1515,20260418002400_0602,20260418002400,特上卓,1776441879,3,厚岸,3,厚岸,1,12,4m,,,,
20260418002400_0700_agari_1713,20260418002400_0700,20260418002400,特上卓,1776442144,3,厚岸,2,天江衣@門前打点,0,114,2z,20260418002400_0700_070,70,2.0,synthetic_tile
20260418010936_0000_agari_096,20260418010936_0000,20260418010936,特上卓,1776442267,3,かネ,3,かネ,1,54,5p,,,,
20260418010936_0100_agari_227,20260418010936_0100,20260418010936,特上卓,1776442407,1,ponponsn,1,ponponsn,1,12,4m,,,,
20260418010936_0200_agari_387,20260418010936_0200,20260418010936,特上卓,1776442584,1,ponponsn,3,かネ,0,62,7p,20260418010936_0200_056,56,6.0,synthetic_tile
20260418010936_0300_agari_591,20260418010936_0300,20260418010936,特上卓,1776442823,0,s6u,3,かネ,0,126,5z,20260418010936_0300_074,74,2.0,synthetic_tile
20260418010936_0301_agari_736,20260418010936_0301,20260418010936,特上卓,1776443008,1,ponponsn,0,s6u,0,54,5p,20260418010936_0301_052,52,46.5,self_pre_discard_hand
20260418010936_0400_agari_816,20260418010936_0400,20260418010936,特上卓,1776443101,2,鳳凰双花紅棍,1,ponponsn,0,4,2m,20260418010936_0400_028,28,16.6,synthetic_tile
20260418010936_0501_agari_1135,20260418010936_0501,20260418010936,特上卓,1776443485,1,ponponsn,2,鳳凰双花紅棍,0,28,8m,20260418010936_0501_044,44,11.4,synthetic_tile
20260418010936_0600_agari_1301,20260418010936_0600,20260418010936,特上卓,1776443692,2,鳳凰双花紅棍,2,鳳凰双花紅棍,1,44,3p,,,,
20260418010936_0700_agari_1393,20260418010936_0700,20260418010936,特上卓,1776443778,0,s6u,0,s6u,1,60,7p,,,,
20260418013710_0000_agari_137,20260418013710_0000,20260418013710,特上卓,1776443981,1,sjnmp001,3,ざきゆう,0,79,2s,20260418013710_0000_047,47,2.0,synthetic_tile
20260418013710_0001_agari_286,20260418013710_0001,20260418013710,特上卓,1776444188,3,ざきゆう,2,今、急所が埋まる,0,94,6s,20260418013710_0001_053,53,22.4,synthetic_tile
20260418013710_0100_agari_446,20260418013710_0100,20260418013710,特上卓,1776444409,2,今、急所が埋まる,2,今、急所が埋まる,1,92,6s,,,,
20260418013710_0101_agari_545,20260418013710_0101,20260418013710,特上卓,1776444581,2,今、急所が埋まる,0,s6u,0,79,2s,20260418013710_0101_032,32,12.4,self_pre_discard_hand
20260418013710_0202_agari_862,20260418013710_0202,20260418013710,特上卓,1776445374,3,ざきゆう,3,ざきゆう,1,25,7m,,,,
20260418013710_0203_agari_966,20260418013710_0203,20260418013710,特上卓,1776445523,3,ざきゆう,0,s6u,0,6,2m,20260418013710_0203_035,35,17.0,self_pre_discard_hand
20260418013710_0204_agari_1122,20260418013710_0204,20260418013710,特上卓,1776445741,0,s6u,2,今、急所が埋まる,0,97,7s,20260418013710_0204_055,55,6.0,synthetic_tile
20260418013710_0300_agari_1226,20260418013710_0300,20260418013710,特上卓,1776445862,2,今、急所が埋まる,3,ざきゆう,0,18,5m,20260418013710_0300_037,37,13.1,synthetic_tile
20260418013710_0400_agari_1320,20260418013710_0400,20260418013710,特上卓,1776445992,3,ざきゆう,1,sjnmp001,0,52,r5p,20260418013710_0400_030,30,12.8,synthetic_tile
20260418013710_0500_agari_1454,20260418013710_0500,20260418013710,特上卓,1776446141,3,ざきゆう,3,ざきゆう,1,49,4p,,,,
20260418013710_0600_agari_1539,20260418013710_0600,20260418013710,特上卓,1776446254,2,今、急所が埋まる,3,ざきゆう,0,29,8m,20260418013710_0600_030,30,18.5,synthetic_tile
20260418013710_0700_agari_1712,20260418013710_0700,20260418013710,特上卓,1776446449,3,ざきゆう,0,s6u,0,56,6p,20260418013710_0700_058,58,39.4,self_pre_discard_hand
20260418023443_0000_agari_109,20260418023443_0000,20260418023443,特上卓,1776447406,3,hayajin6,1,田中TNKチリコ,0,6,2m,20260418023443_0000_031,31,13.6,synthetic_tile
20260418023443_0000_agari_110,20260418023443_0000,20260418023443,特上卓,1776447406,0,s6u,1,田中TNKチリコ,0,6,2m,20260418023443_0000_031,31,15.3,synthetic_tile
20260418023443_0100_agari_217,20260418023443_0100,20260418023443,特上卓,1776447547,2,鳥澄珠烏,2,鳥澄珠烏,1,65,8p,,,,
20260418023443_0200_agari_380,20260418023443_0200,20260418023443,特上卓,1776447745,0,s6u,0,s6u,1,100,8s,,,,
20260418023443_0201_agari_480,20260418023443_0201,20260418023443,特上卓,1776447867,2,鳥澄珠烏,1,田中TNKチリコ,0,14,4m,20260418023443_0201_034,34,28.1,synthetic_tile
20260418023443_0300_agari_584,20260418023443_0300,20260418023443,特上卓,1776447991,2,鳥澄珠烏,2,鳥澄珠烏,1,62,7p,,,,
20260418023443_0400_agari_739,20260418023443_0400,20260418023443,特上卓,1776448174,2,鳥澄珠烏,2,鳥澄珠烏,1,71,9p,,,,
20260418023443_0401_agari_850,20260418023443_0401,20260418023443,特上卓,1776448325,0,s6u,2,鳥澄珠烏,0,40,2p,20260418023443_0401_039,39,7.9,synthetic_tile
20260418023443_0500_agari_973,20260418023443_0500,20260418023443,特上卓,1776448465,3,hayajin6,2,鳥澄珠烏,0,81,3s,20260418023443_0500_044,44,17.1,synthetic_tile
20260418023443_0501_agari_1055,20260418023443_0501,20260418023443,特上卓,1776448556,1,田中TNKチリコ,1,田中TNKチリコ,1,40,2p,,,,
20260418023443_0600_agari_1216,20260418023443_0600,20260418023443,特上卓,1776448773,1,田中TNKチリコ,1,田中TNKチリコ,1,13,4m,,,,
20260418023443_0700_agari_1377,20260418023443_0700,20260418023443,特上卓,1776448958,0,s6u,3,hayajin6,0,48,4p,20260418023443_0700_058,58,26.5,synthetic_tile
20260418030452_0000_agari_179,20260418030452_0000,20260418030452,特上卓,1776449338,3,example,3,example,1,65,8p,,,,
20260418030452_0001_agari_293,20260418030452_0001,20260418030452,特上卓,1776449489,2,岬の珊瑚,1,なかやまくんに君,0,31,8m,20260418030452_0001_038,38,17.3,synthetic_tile
20260418030452_0100_agari_443,20260418030452_0100,20260418030452,特上卓,1776449684,3,example,3,example,1,115,2z,,,,
20260418030452_0200_agari_588,20260418030452_0200,20260418030452,特上卓,1776449880,2,岬の珊瑚,2,岬の珊瑚,1,83,3s,,,,
20260418030452_0300_agari_784,20260418030452_0300,20260418030452,特上卓,1776450136,0,s6u,2,岬の珊瑚,0,48,4p,20260418030452_0300_072,72,2.0,synthetic_tile
20260418030452_0501_agari_1050,20260418030452_0501,20260418030452,特上卓,1776450512,0,s6u,2,岬の珊瑚,0,0,1m,20260418030452_0501_019,19,11.9,synthetic_tile
20260418030452_0502_agari_1175,20260418030452_0502,20260418030452,特上卓,1776450681,1,なかやまくんに君,1,なかやまくんに君,1,1,1m,,,,
20260418030452_0600_agari_1220,20260418030452_0600,20260418030452,特上卓,1776450750,1,なかやまくんに君,2,岬の珊瑚,0,82,3s,20260418030452_0600_015,15,16.3,synthetic_tile
20260418030452_0601_agari_1379,20260418030452_0601,20260418030452,特上卓,1776450964,1,なかやまくんに君,1,なかやまくんに君,1,44,3p,,,,
20260418030452_0602_agari_1498,20260418030452_0602,20260418030452,特上卓,1776451127,1,なかやまくんに君,2,岬の珊瑚,0,48,4p,20260418030452_0602_041,41,31.9,synthetic_tile
20260418030452_0603_agari_1663,20260418030452_0603,20260418030452,特上卓,1776451379,3,example,3,example,1,133,7z,,,,
20260418030452_0700_agari_1787,20260418030452_0700,20260418030452,特上卓,1776451572,3,example,1,なかやまくんに君,0,30,8m,20260418030452_0700_042,42,6.5,synthetic_tile
20260418035024_0203_agari_691,20260418035024_0203,20260418035024,特上卓,1776452695,1,しろてぃー,0,s6u,0,35,9m,20260418035024_0203_034,34,9.8,self_pre_discard_hand
20260418035024_0204_agari_810,20260418035024_0204,20260418035024,特上卓,1776452819,2,女騎士の意地,2,女騎士の意地,1,80,3s,,,,
20260418035024_0300_agari_913,20260418035024_0300,20260418035024,特上卓,1776452944,3,めーーぷる,2,女騎士の意地,0,32,9m,20260418035024_0300_036,36,15.8,synthetic_tile
20260418035024_0400_agari_1103,20260418035024_0400,20260418035024,特上卓,1776453201,0,s6u,3,めーーぷる,0,62,7p,20260418035024_0400_069,69,4.0,synthetic_tile
20260418035024_0500_agari_1217,20260418035024_0500,20260418035024,特上卓,1776453362,0,s6u,0,s6u,1,14,4m,,,,
20260418035024_0501_agari_1350,20260418035024_0501,20260418035024,特上卓,1776453538,0,s6u,0,s6u,1,22,6m,,,,
20260418035024_0603_agari_1629,20260418035024_0603,20260418035024,特上卓,1776453885,1,しろてぃー,2,女騎士の意地,0,98,7s,20260418035024_0603_025,25,18.2,synthetic_tile
20260418035024_0604_agari_1744,20260418035024_0604,20260418035024,特上卓,1776454049,3,めーーぷる,1,しろてぃー,0,79,2s,20260418035024_0604_041,41,9.2,synthetic_tile
20260418035024_0700_agari_1829,20260418035024_0700,20260418035024,特上卓,1776454164,1,しろてぃー,3,めーーぷる,0,102,8s,20260418035024_0700_029,29,15.6,synthetic_tile
20260418043032_0000_agari_146,20260418043032_0000,20260418043032,特上卓,1776454390,2,ルイコスタ,1,おっお,0,75,1s,20260418043032_0000_044,44,25.8,synthetic_tile
20260418043032_0001_agari_265,20260418043032_0001,20260418043032,特上卓,1776454566,1,おっお,0,s6u,0,4,2m,20260418043032_0001_042,42,17.8,self_pre_discard_hand
20260418043032_0100_agari_377,20260418043032_0100,20260418043032,特上卓,1776454736,0,s6u,1,おっお,0,106,9s,20260418043032_0100_038,38,14.9,synthetic_tile
20260418043032_0200_agari_556,20260418043032_0200,20260418043032,特上卓,1776454985,0,s6u,0,s6u,1,32,9m,,,,
20260418043032_0201_agari_666,20260418043032_0201,20260418043032,特上卓,1776455113,2,ルイコスタ,2,ルイコスタ,1,23,6m,,,,
20260418043032_0301_agari_932,20260418043032_0301,20260418043032,特上卓,1776455438,2,ルイコスタ,2,ルイコスタ,1,15,4m,,,,
20260418043032_0400_agari_1058,20260418043032_0400,20260418043032,特上卓,1776455605,0,s6u,0,s6u,1,65,8p,,,,
20260418043032_0502_agari_1393,20260418043032_0502,20260418043032,特上卓,1776456020,2,ルイコスタ,2,ルイコスタ,1,23,6m,,,,
20260418043032_0600_agari_1496,20260418043032_0600,20260418043032,特上卓,1776456157,2,ルイコスタ,3,こむぎです。,0,94,6s,20260418043032_0600_036,36,14.6,synthetic_tile
20260418043032_0701_agari_1790,20260418043032_0701,20260418043032,特上卓,1776456550,2,ルイコスタ,3,こむぎです。,0,78,2s,20260418043032_0701_033,33,15.5,synthetic_tile
20260418051224_0000_agari_144,20260418051224_0000,20260418051224,特上卓,1776456853,1,ヤギっぽいジジイ,1,ヤギっぽいジジイ,1,80,3s,,,,
20260418051224_0100_agari_228,20260418051224_0100,20260418051224,特上卓,1776456953,3,ライムちゃん,3,ライムちゃん,1,22,6m,,,,
20260418051224_0101_agari_338,20260418051224_0101,20260418051224,特上卓,1776457083,0,s6u,2,さきたま林檎,0,10,3m,20260418051224_0101_040,40,20.5,synthetic_tile
20260418051224_0200_agari_418,20260418051224_0200,20260418051224,特上卓,1776457196,1,ヤギっぽいジジイ,2,さきたま林檎,0,87,4s,20260418051224_0200_028,28,24.9,synthetic_tile
20260418051224_0300_agari_588,20260418051224_0300,20260418051224,特上卓,1776457394,0,s6u,2,さきたま林檎,0,89,5s,20260418051224_0300_061,61,19.4,synthetic_tile
20260418052453_0000_agari_124,20260418052453_0000,20260418052453,,1776457660,3,シエロクリスタ,1,縁浩,0,98,7s,20260418052453_0000_042,42,3.6,synthetic_tile
20260418052453_0100_agari_212,20260418052453_0100,20260418052453,,1776457768,3,シエロクリスタ,1,縁浩,0,37,1p,20260418052453_0100_030,30,2.9,synthetic_tile
20260418052453_0200_agari_387,20260418052453_0200,20260418052453,,1776457975,1,縁浩,3,シエロクリスタ,0,79,2s,20260418052453_0200_064,64,4.0,synthetic_tile
20260418052453_0300_agari_507,20260418052453_0300,20260418052453,,1776458146,0,s6u,2,かず坊,0,94,6s,20260418052453_0300_042,42,21.9,synthetic_tile
20260418052453_0402_agari_852,20260418052453_0402,20260418052453,,1776458564,3,シエロクリスタ,0,s6u,0,59,6p,20260418052453_0402_051,51,37.1,self_pre_discard_hand
20260418052453_0500_agari_1007,20260418052453_0500,20260418052453,,1776458753,0,s6u,0,s6u,1,50,4p,,,,
20260418052453_0600_agari_1109,20260418052453_0600,20260418052453,,1776458885,1,縁浩,2,かず坊,0,95,6s,20260418052453_0600_037,37,23.6,synthetic_tile
20260418052453_0700_agari_1195,20260418052453_0700,20260418052453,,1776458997,1,縁浩,1,縁浩,1,50,4p,,,,
20260418055720_0000_agari_185,20260418055720_0000,20260418055720,特上卓,1776459680,3,チチヤス,3,チチヤス,1,98,7s,,,,
20260418055720_0201_agari_511,20260418055720_0201,20260418055720,特上卓,1776460159,0,s6u,2,JOJO1985,0,30,8m,20260418055720_0201_042,42,12.7,synthetic_tile
20260418055720_0301_agari_864,20260418055720_0301,20260418055720,特上卓,1776460615,0,s6u,2,JOJO1985,0,18,5m,20260418055720_0301_055,55,14.0,synthetic_tile
20260418055720_0400_agari_1017,20260418055720_0400,20260418055720,特上卓,1776460852,1,suzulove,1,suzulove,1,44,3p,,,,
20260418055720_0501_agari_1320,20260418055720_0501,20260418055720,特上卓,1776461241,3,チチヤス,3,チチヤス,1,14,4m,,,,
20260418055720_0600_agari_1400,20260418055720_0600,20260418055720,特上卓,1776461350,1,suzulove,1,suzulove,1,91,5s,,,,
20260418055720_0700_agari_1539,20260418055720_0700,20260418055720,特上卓,1776461522,3,チチヤス,0,s6u,0,21,6m,20260418055720_0700_049,49,14.6,self_pre_discard_hand
20260418151453_0100_agari_195,20260418151453_0100,20260418151453,特上卓,1776493215,2,konmo,3,我是高人,0,10,3m,20260418151453_0100_063,63,18.6,synthetic_tile
20260418151453_0200_agari_310,20260418151453_0200,20260418151453,特上卓,1776493363,2,konmo,3,我是高人,0,28,8m,20260418151453_0200_041,41,4.0,synthetic_tile
20260418151453_0300_agari_438,20260418151453_0300,20260418151453,特上卓,1776493525,0,s6u,0,s6u,1,85,4s,,,,
20260418151453_0400_agari_626,20260418151453_0400,20260418151453,特上卓,1776493765,1,ぼうちゃん,1,ぼうちゃん,1,93,6s,,,,
20260418151453_0500_agari_723,20260418151453_0500,20260418151453,特上卓,1776493896,2,konmo,1,ぼうちゃん,0,20,6m,20260418151453_0500_032,32,12.6,synthetic_tile
20260418160508_0000_agari_136,20260418160508_0000,20260418160508,特上卓,1776496037,0,s6u,0,s6u,1,31,8m,,,,
20260418160508_0100_agari_287,20260418160508_0100,20260418160508,特上卓,1776496226,2,Run2,2,Run2,1,11,3m,,,,
20260418160508_0201_agari_643,20260418160508_0201,20260418160508,特上卓,1776496645,1,shunmoko,0,s6u,0,23,6m,20260418160508_0201_060,60,55.1,self_pre_discard_hand
20260418160508_0300_agari_825,20260418160508_0300,20260418160508,特上卓,1776496865,1,shunmoko,1,shunmoko,1,57,6p,,,,
20260418160508_0301_agari_912,20260418160508_0301,20260418160508,特上卓,1776496968,3,土鍋,3,土鍋,1,18,5m,,,,
20260418160508_0400_agari_1010,20260418160508_0400,20260418160508,特上卓,1776497080,1,shunmoko,2,Run2,0,76,2s,20260418160508_0400_036,36,10.2,synthetic_tile
20260418160508_0500_agari_1210,20260418160508_0500,20260418160508,特上卓,1776497326,3,土鍋,3,土鍋,1,36,1p,,,,
20260418164315_0000_agari_093,20260418164315_0000,20260418164315,,1776498285,1,ますださん,2,konmo,0,31,8m,20260418164315_0000_033,33,11.3,synthetic_tile
20260418164315_0001_agari_207,20260418164315_0001,20260418164315,,1776498412,2,konmo,2,konmo,1,40,2p,,,,
20260418164315_0101_agari_316,20260418164315_0101,20260418164315,,1776498539,3,地獄西単騎,2,konmo,0,5,2m,20260418164315_0101_038,38,17.4,synthetic_tile
20260418164315_0200_agari_439,20260418164315_0200,20260418164315,,1776498674,2,konmo,3,地獄西単騎,0,88,r5s,20260418164315_0200_045,45,14.9,synthetic_tile
20260418164315_0301_agari_559,20260418164315_0301,20260418164315,,1776498836,2,konmo,2,konmo,1,130,6z,,,,
20260418164315_0400_agari_749,20260418164315_0400,20260418164315,,1776499055,3,地獄西単騎,0,s6u,0,45,3p,20260418164315_0400_069,69,11.2,self_pre_discard_hand
20260418164315_0500_agari_848,20260418164315_0500,20260418164315,,1776499164,0,s6u,0,s6u,1,49,4p,,,,
20260418164315_0600_agari_886,20260418164315_0600,20260418164315,,1776499211,3,地獄西単騎,2,konmo,0,110,1z,20260418164315_0600_011,11,2.0,synthetic_tile
20260418164315_0601_agari_1045,20260418164315_0601,20260418164315,,1776499365,2,konmo,0,s6u,0,43,2p,20260418164315_0601_059,59,47.8,self_pre_discard_hand
20260418164315_0700_agari_1184,20260418164315_0700,20260418164315,,1776499536,2,konmo,1,ますださん,0,69,9p,20260418164315_0700_049,49,9.8,synthetic_tile
20260418172101_0000_agari_108,20260418172101_0000,20260418172101,特上卓,1776500570,3,おおはやり,0,s6u,0,84,4s,20260418172101_0000_037,37,28.5,self_pre_discard_hand
20260418172101_0100_agari_244,20260418172101_0100,20260418172101,特上卓,1776500734,2,しみしみ,3,おおはやり,0,61,7p,20260418172101_0100_048,48,6.0,synthetic_tile
20260418172101_0101_agari_338,20260418172101_0101,20260418172101,特上卓,1776500857,2,しみしみ,1,ふうちゃんパパ,0,130,6z,20260418172101_0101_033,33,2.0,synthetic_tile
20260418172101_0102_agari_535,20260418172101_0102,20260418172101,特上卓,1776501096,0,s6u,3,おおはやり,0,86,4s,20260418172101_0102_071,71,18.3,synthetic_tile
20260418172101_0201_agari_820,20260418172101_0201,20260418172101,特上卓,1776501466,1,ふうちゃんパパ,0,s6u,0,76,2s,20260418172101_0201_030,30,12.4,self_pre_discard_hand
20260418172101_0300_agari_950,20260418172101_0300,20260418172101,特上卓,1776501631,1,ふうちゃんパパ,2,しみしみ,0,85,4s,20260418172101_0300_046,46,24.4,synthetic_tile
20260418172101_0400_agari_1027,20260418172101_0400,20260418172101,特上卓,1776501738,2,しみしみ,0,s6u,0,39,1p,20260418172101_0400_027,27,8.4,self_pre_discard_hand
20260418172101_0500_agari_1077,20260418172101_0500,20260418172101,特上卓,1776501805,2,しみしみ,3,おおはやり,0,135,7z,20260418172101_0500_017,17,2.0,synthetic_tile
20260418172101_0501_agari_1212,20260418172101_0501,20260418172101,特上卓,1776501968,3,おおはやり,3,おおはやり,1,92,6s,,,,
20260419011134_0000_agari_109,20260419011134_0000,20260419011134,特上卓,1776528798,2,もってけ泥棒,0,s6u,0,123,4z,20260419011134_0000_033,33,2.0,self_pre_discard_hand
20260419011134_0100_agari_204,20260419011134_0100,20260419011134,特上卓,1776528899,3,おりどん,3,おりどん,1,5,2m,,,,
20260419011134_0200_agari_335,20260419011134_0200,20260419011134,特上卓,1776529035,2,もってけ泥棒,2,もってけ泥棒,1,22,6m,,,,
20260419011134_0401_agari_551,20260419011134_0401,20260419011134,特上卓,1776529624,2,もってけ泥棒,0,s6u,0,74,1s,20260419011134_0401_052,52,16.0,self_pre_discard_hand
20260419011134_0500_agari_619,20260419011134_0500,20260419011134,特上卓,1776529703,1,gobougbu,1,gobougbu,1,55,5p,,,,
20260419011134_0501_agari_790,20260419011134_0501,20260419011134,特上卓,1776529903,1,gobougbu,3,おりどん,0,25,7m,20260419011134_0501_064,64,4.0,synthetic_tile
20260419013227_0000_agari_143,20260419013227_0000,20260419013227,特上卓,1776530084,2,ろぱちょ,3,okita,0,41,2p,20260419013227_0000_047,47,11.7,synthetic_tile
20260419013227_0100_agari_269,20260419013227_0100,20260419013227,特上卓,1776530235,0,s6u,3,okita,0,37,1p,20260419013227_0100_044,44,6.3,synthetic_tile
20260419013227_0200_agari_352,20260419013227_0200,20260419013227,特上卓,1776530341,1,Lorraine,3,okita,0,66,8p,20260419013227_0200_029,29,2.0,synthetic_tile
20260419013227_0300_agari_390,20260419013227_0300,20260419013227,特上卓,1776530384,3,okita,2,ろぱちょ,0,101,8s,20260419013227_0300_011,11,11.1,synthetic_tile
20260419013227_0301_agari_509,20260419013227_0301,20260419013227,特上卓,1776530488,0,s6u,0,s6u,1,15,4m,,,,
20260419013227_0400_agari_630,20260419013227_0400,20260419013227,特上卓,1776530643,2,ろぱちょ,3,okita,0,21,6m,20260419013227_0400_043,43,11.5,synthetic_tile
20260419013227_0500_agari_787,20260419013227_0500,20260419013227,特上卓,1776530806,3,okita,3,okita,1,99,7s,,,,
20260419013227_0600_agari_888,20260419013227_0600,20260419013227,特上卓,1776530929,3,okita,3,okita,1,91,5s,,,,
20260419013227_0701_agari_1217,20260419013227_0701,20260419013227,特上卓,1776531293,0,s6u,3,okita,0,9,3m,20260419013227_0701_047,47,21.5,synthetic_tile
20260419015702_0000_agari_111,20260419015702_0000,20260419015702,,1776531549,3,まるひろ,1,maochong,0,91,5s,20260419015702_0000_038,38,22.7,synthetic_tile
20260419015702_0002_agari_409,20260419015702_0002,20260419015702,,1776531914,3,まるひろ,1,maochong,0,53,5p,20260419015702_0002_036,36,16.5,synthetic_tile
20260419015702_0003_agari_567,20260419015702_0003,20260419015702,,1776532080,2,めろんたろん,1,maochong,0,22,6m,20260419015702_0003_058,58,3.0,synthetic_tile
20260419020902_0001_agari_298,20260419020902_0001,20260419020902,特上卓,1776532491,0,s6u,1,紫,0,92,6s,20260419020902_0001_029,29,22.6,synthetic_tile
20260419020902_0101_agari_583,20260419020902_0101,20260419020902,特上卓,1776532845,2,複雑なワキ毛,2,複雑なワキ毛,1,18,5m,,,,
20260419020902_0102_agari_763,20260419020902_0102,20260419020902,特上卓,1776533035,3,コンビーフ三郎,3,コンビーフ三郎,1,35,9m,,,,
20260419020902_0200_agari_872,20260419020902_0200,20260419020902,特上卓,1776533158,2,複雑なワキ毛,1,紫,0,52,r5p,20260419020902_0200_037,37,25.8,synthetic_tile
20260419020902_0300_agari_959,20260419020902_0300,20260419020902,特上卓,1776533271,3,コンビーフ三郎,1,紫,0,9,3m,20260419020902_0300_030,30,13.5,synthetic_tile
20260419020902_0400_agari_1038,20260419020902_0400,20260419020902,特上卓,1776533363,1,紫,2,複雑なワキ毛,0,54,5p,20260419020902_0400_028,28,20.2,synthetic_tile
20260419020902_0401_agari_1101,20260419020902_0401,20260419020902,特上卓,1776533449,2,複雑なワキ毛,0,s6u,0,45,3p,20260419020902_0401_021,21,11.9,self_pre_discard_hand
20260419020902_0500_agari_1169,20260419020902_0500,20260419020902,特上卓,1776533527,2,複雑なワキ毛,1,紫,0,37,1p,20260419020902_0500_023,23,8.5,synthetic_tile
20260419023318_0300_agari_162,20260419023318_0300,20260419023318,,1776533987,3,Maniac,2,明々星,0,59,6p,20260419023318_0300_037,37,12.4,synthetic_tile
20260419023318_0402_agari_442,20260419023318_0402,20260419023318,,1776534311,3,Maniac,1,黒トリガー,0,5,2m,20260419023318_0402_033,33,13.2,synthetic_tile
20260419023318_0500_agari_550,20260419023318_0500,20260419023318,,1776534447,0,s6u,2,明々星,0,15,4m,20260419023318_0500_038,38,21.6,synthetic_tile
20260419023318_0600_agari_630,20260419023318_0600,20260419023318,,1776534536,3,Maniac,1,黒トリガー,0,69,9p,20260419023318_0600_029,29,16.0,synthetic_tile
20260419023318_0700_agari_746,20260419023318_0700,20260419023318,,1776534657,2,明々星,1,黒トリガー,0,9,3m,20260419023318_0700_042,42,5.0,synthetic_tile
20260419025115_0000_agari_108,20260419025115_0000,20260419025115,,1776534809,0,s6u,2,rire,0,79,2s,20260419025115_0000_035,35,16.0,synthetic_tile
20260419025115_0100_agari_236,20260419025115_0100,20260419025115,,1776534960,0,s6u,3,9-bay,0,98,7s,20260419025115_0100_044,44,9.4,synthetic_tile
20260419025115_0301_agari_589,20260419025115_0301,20260419025115,,1776535460,1,ぼうちゃん,3,9-bay,0,25,7m,20260419025115_0301_042,42,9.7,synthetic_tile
20260419025115_0302_agari_731,20260419025115_0302,20260419025115,,1776535635,1,ぼうちゃん,3,9-bay,0,80,3s,20260419025115_0302_051,51,21.9,synthetic_tile
20260419025115_0303_agari_799,20260419025115_0303,20260419025115,,1776535717,1,ぼうちゃん,1,ぼうちゃん,1,53,5p,,,,
20260419025115_0304_agari_918,20260419025115_0304,20260419025115,,1776535870,0,s6u,0,s6u,1,47,3p,,,,
20260419025115_0400_agari_1047,20260419025115_0400,20260419025115,,1776536033,1,ぼうちゃん,3,9-bay,0,103,8s,20260419025115_0400_044,44,8.9,synthetic_tile
20260419031644_0000_agari_160,20260419031644_0000,20260419031644,特上卓,1776536354,3,Mild7,3,Mild7,1,48,4p,,,,
20260419031644_0100_agari_325,20260419031644_0100,20260419031644,特上卓,1776536533,1,大理石,1,大理石,1,61,7p,,,,
20260419031644_0101_agari_422,20260419031644_0101,20260419031644,特上卓,1776536644,1,大理石,1,大理石,1,0,1m,,,,
20260419031644_0102_agari_548,20260419031644_0102,20260419031644,特上卓,1776536772,3,Mild7,3,Mild7,1,82,3s,,,,
20260419031644_0200_agari_629,20260419031644_0200,20260419031644,特上卓,1776536870,3,Mild7,3,Mild7,1,89,5s,,,,
20260419031644_0300_agari_749,20260419031644_0300,20260419031644,特上卓,1776537007,0,s6u,1,大理石,0,61,7p,20260419031644_0300_042,42,19.0,synthetic_tile
20260419031644_0400_agari_839,20260419031644_0400,20260419031644,特上卓,1776537098,1,大理石,2,アルビノ1121,0,126,5z,20260419031644_0400_031,31,2.0,synthetic_tile
20260419031644_0500_agari_1004,20260419031644_0500,20260419031644,特上卓,1776537282,0,s6u,1,大理石,0,90,5s,20260419031644_0500_060,60,2.0,synthetic_tile
20260419031644_0600_agari_1053,20260419031644_0600,20260419031644,特上卓,1776537338,1,大理石,1,大理石,1,135,7z,,,,
20260419033600_0001_agari_279,20260419033600_0001,20260419033600,,1776537718,0,s6u,0,s6u,1,88,r5s,,,,
20260419033600_0100_agari_352,20260419033600_0100,20260419033600,,1776537809,2,wxlsz,2,wxlsz,1,90,5s,,,,
20260419033600_0101_agari_502,20260419033600_0101,20260419033600,,1776537999,1,gobougbu,2,wxlsz,0,90,5s,20260419033600_0101_053,53,17.8,synthetic_tile
20260419033600_0301_agari_801,20260419033600_0301,20260419033600,,1776538363,0,s6u,0,s6u,1,93,6s,,,,
20260419033600_0302_agari_939,20260419033600_0302,20260419033600,,1776538547,1,gobougbu,1,gobougbu,1,65,8p,,,,
20260419033600_0400_agari_1047,20260419033600_0400,20260419033600,,1776538665,3,yamatter,2,wxlsz,0,29,8m,20260419033600_0400_037,37,4.0,synthetic_tile
20260419033600_0500_agari_1195,20260419033600_0500,20260419033600,,1776538841,2,wxlsz,3,yamatter,0,93,6s,20260419033600_0500_053,53,27.0,synthetic_tile
20260419033600_0501_agari_1272,20260419033600_0501,20260419033600,,1776538933,0,s6u,2,wxlsz,0,44,3p,20260419033600_0501_027,27,15.3,synthetic_tile
20260419033600_0600_agari_1469,20260419033600_0600,20260419033600,,1776539170,1,gobougbu,1,gobougbu,1,85,4s,,,,
20260419033600_0700_agari_1588,20260419033600_0700,20260419033600,,1776539300,1,gobougbu,0,s6u,0,59,6p,20260419033600_0700_042,42,18.1,self_pre_discard_hand
20260419040913_0000_agari_153,20260419040913_0000,20260419040913,,1776539541,0,s6u,0,s6u,1,40,2p,,,,
20260419040913_0100_agari_239,20260419040913_0100,20260419040913,,1776539658,3,太陽海,0,s6u,0,30,8m,20260419040913_0100_029,29,10.8,self_pre_discard_hand
20260419040913_0200_agari_416,20260419040913_0200,20260419040913,,1776539945,2,志云,2,志云,1,10,3m,,,,
20260419040913_0301_agari_781,20260419040913_0301,20260419040913,,1776540414,0,s6u,1,ドロテア,0,23,6m,20260419040913_0301_059,59,28.5,synthetic_tile
20260419040913_0401_agari_1123,20260419040913_0401,20260419040913,,1776540867,3,太陽海,1,ドロテア,0,97,7s,20260419040913_0401_050,50,6.0,synthetic_tile
20260419040913_0402_agari_1224,20260419040913_0402,20260419040913,,1776541030,2,志云,1,ドロテア,0,91,5s,20260419040913_0402_034,34,31.4,synthetic_tile
20260419040913_0500_agari_1316,20260419040913_0500,20260419040913,,1776541180,3,太陽海,3,太陽海,1,17,5m,,,,
20260419040913_0600_agari_1488,20260419040913_0600,20260419040913,,1776541441,2,志云,0,s6u,0,79,2s,20260419040913_0600_059,59,16.5,self_pre_discard_hand
20260419040913_0700_agari_1617,20260419040913_0700,20260419040913,,1776541625,0,s6u,1,ドロテア,0,11,3m,20260419040913_0700_043,43,15.8,synthetic_tile
20260419044746_0000_agari_147,20260419044746_0000,20260419044746,特上卓,1776541835,2,olsn,3,iron12,0,26,7m,20260419044746_0000_048,48,15.2,synthetic_tile
20260419044746_0201_agari_448,20260419044746_0201,20260419044746,特上卓,1776542207,0,s6u,0,s6u,1,17,5m,,,,
20260419044746_0300_agari_605,20260419044746_0300,20260419044746,特上卓,1776542397,1,ponponsn,2,olsn,0,21,6m,20260419044746_0300_057,57,21.6,synthetic_tile
20260419044746_0400_agari_678,20260419044746_0400,20260419044746,特上卓,1776542491,0,s6u,3,iron12,0,127,5z,20260419044746_0400_024,24,2.0,synthetic_tile
20260419044746_0500_agari_845,20260419044746_0500,20260419044746,特上卓,1776542719,1,ponponsn,1,ponponsn,1,87,4s,,,,
20260419044746_0600_agari_1021,20260419044746_0600,20260419044746,特上卓,1776542910,3,iron12,3,iron12,1,58,6p,,,,
20260419044746_0700_agari_1106,20260419044746_0700,20260419044746,特上卓,1776543026,2,olsn,0,s6u,0,21,6m,20260419044746_0700_028,28,31.0,self_pre_discard_hand
20260419044746_0701_agari_1219,20260419044746_0701,20260419044746,特上卓,1776543168,0,s6u,0,s6u,1,10,3m,,,,
20260419051718_0000_agari_114,20260419051718_0000,20260419051718,,1776543569,2,大森人,2,大森人,1,82,3s,,,,
20260419051718_0100_agari_253,20260419051718_0100,20260419051718,,1776543745,2,大森人,2,大森人,1,71,9p,,,,
20260419051718_0200_agari_413,20260419051718_0200,20260419051718,,1776543919,2,大森人,2,大森人,1,20,6m,,,,
20260419051718_0201_agari_612,20260419051718_0201,20260419051718,,1776544172,3,りゅうパパ,2,大森人,0,66,8p,20260419051718_0201_073,73,2.0,synthetic_tile
20260419051718_0301_agari_941,20260419051718_0301,20260419051718,,1776544595,0,s6u,3,りゅうパパ,0,84,4s,20260419051718_0301_046,46,10.9,synthetic_tile
20260419051718_0301_agari_942,20260419051718_0301,20260419051718,,1776544595,1,アニカとぼくら,3,りゅうパパ,0,84,4s,20260419051718_0301_046,46,11.7,synthetic_tile
20260419051718_0400_agari_1039,20260419051718_0400,20260419051718,,1776544735,0,s6u,1,アニカとぼくら,0,82,3s,20260419051718_0400_032,32,12.0,synthetic_tile
20260419051718_0402_agari_1388,20260419051718_0402,20260419051718,,1776545196,3,りゅうパパ,2,大森人,0,72,1s,20260419051718_0402_052,52,6.5,synthetic_tile
20260419051718_0500_agari_1550,20260419051718_0500,20260419051718,,1776545377,1,アニカとぼくら,1,アニカとぼくら,1,101,8s,,,,
20260419051718_0502_agari_1729,20260419051718_0502,20260419051718,,1776545559,1,アニカとぼくら,1,アニカとぼくら,1,97,7s,,,,
20260419051718_0503_agari_1861,20260419051718_0503,20260419051718,,1776545708,0,s6u,3,りゅうパパ,0,62,7p,20260419051718_0503_046,46,15.3,synthetic_tile
20260419055528_0000_agari_195,20260419055528_0000,20260419055528,,1776545961,0,s6u,1,ブチギレリーチ,0,99,7s,20260419055528_0000_066,66,13.9,synthetic_tile
20260419055528_0100_agari_383,20260419055528_0100,20260419055528,,1776546188,3,mezzuj-2,3,mezzuj-2,1,21,6m,,,,
20260419055528_0201_agari_705,20260419055528_0201,20260419055528,,1776546636,1,ブチギレリーチ,2,MiNeO,0,70,9p,20260419055528_0201_042,42,11.7,synthetic_tile
20260419055528_0202_agari_856,20260419055528_0202,20260419055528,,1776546807,3,mezzuj-2,2,MiNeO,0,83,3s,20260419055528_0202_053,53,25.8,synthetic_tile
20260419055528_0300_agari_969,20260419055528_0300,20260419055528,,1776546953,0,s6u,0,s6u,1,52,r5p,,,,
20260419055528_0501_agari_1301,20260419055528_0501,20260419055528,,1776547373,1,ブチギレリーチ,1,ブチギレリーチ,1,86,4s,,,,
20260419055528_0600_agari_1478,20260419055528_0600,20260419055528,,1776547628,1,ブチギレリーチ,3,mezzuj-2,0,63,7p,20260419055528_0600_064,64,12.3,synthetic_tile
20260419055528_0702_agari_1810,20260419055528_0702,20260419055528,,1776548064,3,mezzuj-2,3,mezzuj-2,1,94,6s,,,,
20260419064401_0002_agari_590,20260419064401_0002,20260419064401,特上卓,1776549430,3,まるーん,2,沼野智樹裕樹直樹,0,18,5m,20260419064401_0002_051,51,34.6,synthetic_tile
20260419064401_0100_agari_759,20260419064401_0100,20260419064401,特上卓,1776549693,1,差し上げます,1,差し上げます,1,51,4p,,,,
20260419064401_0200_agari_816,20260419064401_0200,20260419064401,特上卓,1776549769,2,沼野智樹裕樹直樹,2,沼野智樹裕樹直樹,1,51,4p,,,,
20260419064401_0300_agari_912,20260419064401_0300,20260419064401,特上卓,1776549903,3,まるーん,0,s6u,0,93,6s,20260419064401_0300_032,32,9.1,self_pre_discard_hand
20260419064401_0400_agari_1087,20260419064401_0400,20260419064401,特上卓,1776550140,1,差し上げます,3,まるーん,0,100,8s,20260419064401_0400_062,62,7.8,synthetic_tile
20260419064401_0401_agari_1210,20260419064401_0401,20260419064401,特上卓,1776550287,1,差し上げます,1,差し上げます,1,18,5m,,,,
20260419071145_0000_agari_129,20260419071145_0000,20260419071145,,1776550460,2,鈴木だろう,0,s6u,0,37,1p,20260419071145_0000_046,46,4.2,self_pre_discard_hand
20260419071145_0001_agari_263,20260419071145_0001,20260419071145,,1776550633,3,カミナリ,2,鈴木だろう,0,51,4p,20260419071145_0001_048,48,15.6,synthetic_tile
20260419071145_0001_agari_264,20260419071145_0001,20260419071145,,1776550633,0,s6u,2,鈴木だろう,0,51,4p,20260419071145_0001_048,48,25.7,synthetic_tile
20260419071145_0100_agari_380,20260419071145_0100,20260419071145,,1776550789,2,鈴木だろう,3,カミナリ,0,55,5p,20260419071145_0100_040,40,8.4,synthetic_tile
20260419071145_0200_agari_506,20260419071145_0200,20260419071145,,1776550944,2,鈴木だろう,3,カミナリ,0,103,8s,20260419071145_0200_044,44,14.7,synthetic_tile
20260419071145_0300_agari_626,20260419071145_0300,20260419071145,,1776551075,1,51,2,鈴木だろう,0,98,7s,20260419071145_0300_043,43,14.4,synthetic_tile
20260419071145_0301_agari_767,20260419071145_0301,20260419071145,,1776551240,0,s6u,0,s6u,1,18,5m,,,,
20260419071145_0400_agari_924,20260419071145_0400,20260419071145,,1776551442,2,鈴木だろう,1,51,0,2,1m,20260419071145_0400_055,55,14.4,synthetic_tile
20260419071145_0401_agari_1006,20260419071145_0401,20260419071145,,1776551536,0,s6u,3,カミナリ,0,49,4p,20260419071145_0401_027,27,11.8,synthetic_tile
20260419071145_0500_agari_1110,20260419071145_0500,20260419071145,,1776551668,3,カミナリ,1,51,0,60,7p,20260419071145_0500_036,36,14.7,synthetic_tile
20260419071145_0501_agari_1198,20260419071145_0501,20260419071145,,1776551779,0,s6u,2,鈴木だろう,0,22,6m,20260419071145_0501_031,31,23.6,synthetic_tile
20260419071145_0600_agari_1296,20260419071145_0600,20260419071145,,1776551886,1,51,1,51,1,53,5p,,,,
20260419071145_0700_agari_1411,20260419071145_0700,20260419071145,,1776552034,2,鈴木だろう,2,鈴木だろう,1,5,2m,,,,
20260419123326_0000_agari_134,20260419123326_0000,20260419123326,特上卓,1776569748,0,s6u,0,s6u,1,63,7p,,,,
20260419123326_0001_agari_318,20260419123326_0001,20260419123326,特上卓,1776569969,0,s6u,0,s6u,1,7,2m,,,,
20260419123326_0002_agari_438,20260419123326_0002,20260419123326,特上卓,1776570109,0,s6u,3,Poco,0,61,7p,20260419123326_0002_043,43,19.6,synthetic_tile
20260419123326_0003_agari_501,20260419123326_0003,20260419123326,特上卓,1776570190,0,s6u,1,zanshin,0,26,7m,20260419123326_0003_020,20,18.4,synthetic_tile
20260419123326_0005_agari_617,20260419123326_0005,20260419123326,特上卓,1776570317,3,Poco,0,s6u,0,8,3m,20260419123326_0005_038,38,14.9,self_pre_discard_hand
20260419123326_0100_agari_735,20260419123326_0100,20260419123326,特上卓,1776570469,0,s6u,0,s6u,1,89,5s,,,,
20260419123326_0200_agari_844,20260419123326_0200,20260419123326,特上卓,1776570603,3,Poco,2,mitsurou,0,24,7m,20260419123326_0200_039,39,11.1,synthetic_tile
20260419123326_0300_agari_1001,20260419123326_0300,20260419123326,特上卓,1776570795,3,Poco,3,Poco,1,102,8s,,,,
20260419123326_0301_agari_1143,20260419123326_0301,20260419123326,特上卓,1776570956,3,Poco,3,Poco,1,57,6p,,,,
20260419125703_0101_agari_300,20260419125703_0101,20260419125703,,1776571352,3,khanhdz,0,s6u,0,14,4m,20260419125703_0101_038,38,21.6,self_pre_discard_hand
20260419125703_0200_agari_371,20260419125703_0200,20260419125703,,1776571409,2,Doraemon,3,khanhdz,0,17,5m,20260419125703_0200_026,26,11.9,synthetic_tile
20260419125703_0300_agari_488,20260419125703_0300,20260419125703,,1776571523,0,s6u,3,khanhdz,0,11,3m,20260419125703_0300_041,41,19.8,synthetic_tile
20260419130544_0000_agari_142,20260419130544_0000,20260419130544,,1776571683,0,s6u,0,s6u,1,84,4s,,,,
20260419130544_0101_agari_456,20260419130544_0101,20260419130544,,1776571997,0,s6u,3,のんびり北から,0,45,3p,20260419130544_0101_043,43,6.0,synthetic_tile
20260419130544_0201_agari_775,20260419130544_0201,20260419130544,,1776572322,2,にょーん,1,ハナヒバナ,0,67,8p,20260419130544_0201_042,42,14.7,synthetic_tile
20260419130544_0300_agari_966,20260419130544_0300,20260419130544,,1776572526,3,のんびり北から,1,ハナヒバナ,0,48,4p,20260419130544_0300_069,69,28.0,synthetic_tile
20260419185457_0000_agari_094,20260419185457_0000,20260419185457,特上卓,1776592580,0,s6u,3,俺麻雀,0,78,2s,20260419185457_0000_026,26,9.4,synthetic_tile
20260419185457_0001_agari_279,20260419185457_0001,20260419185457,特上卓,1776592821,0,s6u,0,s6u,1,63,7p,,,,
20260419185457_0002_agari_356,20260419185457_0002,20260419185457,特上卓,1776592917,1,OVPEリーダー,3,俺麻雀,0,91,5s,20260419185457_0002_027,27,19.2,synthetic_tile
20260419185457_0100_agari_467,20260419185457_0100,20260419185457,特上卓,1776593050,1,OVPEリーダー,0,s6u,0,50,4p,20260419185457_0100_039,39,26.5,self_pre_discard_hand
20260419185457_0101_agari_567,20260419185457_0101,20260419185457,特上卓,1776593162,0,s6u,3,俺麻雀,0,75,1s,20260419185457_0101_036,36,11.3,synthetic_tile
20260419185457_0200_agari_710,20260419185457_0200,20260419185457,特上卓,1776593347,1,OVPEリーダー,3,俺麻雀,0,95,6s,20260419185457_0200_050,50,29.9,synthetic_tile
20260419190920_0000_agari_071,20260419190920_0000,20260419190920,,1776593428,0,s6u,2,若竹_白荷,0,76,2s,20260419190920_0000_023,23,10.3,synthetic_tile
20260419190920_0100_agari_216,20260419190920_0100,20260419190920,,1776593586,2,若竹_白荷,1,15cake,0,2,1m,20260419190920_0100_047,47,18.4,synthetic_tile
20260419190920_0200_agari_360,20260419190920_0200,20260419190920,,1776593731,0,s6u,1,15cake,0,110,1z,20260419190920_0200_052,52,0.0,synthetic_tile
20260419190920_0300_agari_468,20260419190920_0300,20260419190920,,1776593875,2,若竹_白荷,0,s6u,0,21,6m,20260419190920_0300_038,38,19.8,self_pre_discard_hand
20260419190920_0301_agari_564,20260419190920_0301,20260419190920,,1776593985,1,15cake,0,s6u,0,50,4p,20260419190920_0301_034,34,29.5,self_pre_discard_hand
20260419190920_0400_agari_710,20260419190920_0400,20260419190920,,1776594176,1,15cake,2,若竹_白荷,0,10,3m,20260419190920_0400_051,51,23.9,synthetic_tile
20260419190920_0500_agari_787,20260419190920_0500,20260419190920,,1776594281,1,15cake,1,15cake,1,90,5s,,,,
20260419190920_0600_agari_932,20260419190920_0600,20260419190920,,1776594453,2,若竹_白荷,0,s6u,0,36,1p,20260419190920_0600_051,51,11.5,self_pre_discard_hand
20260419190920_0700_agari_1032,20260419190920_0700,20260419190920,,1776594576,0,s6u,0,s6u,1,104,9s,,,,
20260419190920_0800_agari_1112,20260419190920_0800,20260419190920,,1776594682,1,15cake,0,s6u,0,14,4m,20260419190920_0800_027,27,8.9,self_pre_discard_hand
20260419193144_0000_agari_096,20260419193144_0000,20260419193144,,1776594815,1,WIN神,2,Hellcat,0,22,6m,20260419193144_0000_034,34,13.1,synthetic_tile
20260419193144_0100_agari_208,20260419193144_0100,20260419193144,,1776594943,0,s6u,2,Hellcat,0,35,9m,20260419193144_0100_040,40,11.8,synthetic_tile
20260419193144_0200_agari_242,20260419193144_0200,20260419193144,,1776594984,0,s6u,0,s6u,1,12,4m,,,,
20260419193144_0300_agari_323,20260419193144_0300,20260419193144,,1776595072,3,おがわくん,2,Hellcat,0,93,6s,20260419193144_0300_027,27,21.8,synthetic_tile
20260419195250_0000_agari_098,20260419195250_0000,20260419195250,,1776596088,0,s6u,2,愛人28号,0,43,2p,20260419195250_0000_032,32,11.9,synthetic_tile
20260419195250_0300_agari_340,20260419195250_0300,20260419195250,,1776596691,1,ふろんがーぜっと,1,ふろんがーぜっと,1,123,4z,,,,
20260419195250_0400_agari_446,20260419195250_0400,20260419195250,,1776596823,1,ふろんがーぜっと,1,ふろんがーぜっと,1,25,7m,,,,
20260419195250_0500_agari_516,20260419195250_0500,20260419195250,,1776596937,2,愛人28号,0,s6u,0,101,8s,20260419195250_0500_023,23,11.9,self_pre_discard_hand
20260419195250_0600_agari_704,20260419195250_0600,20260419195250,,1776597181,1,ふろんがーぜっと,3,かねだ,0,78,2s,20260419195250_0600_068,68,28.4,synthetic_tile
20260419195250_0700_agari_781,20260419195250_0700,20260419195250,,1776597295,3,かねだ,1,ふろんがーぜっと,0,67,8p,20260419195250_0700_025,25,4.0,synthetic_tile
20260419195250_0701_agari_873,20260419195250_0701,20260419195250,,1776597411,0,s6u,0,s6u,1,50,4p,,,,
20260419202314_0000_agari_175,20260419202314_0000,20260419202314,特上卓,1776597973,2,JunKo,2,JunKo,1,96,7s,,,,
20260419202314_0100_agari_329,20260419202314_0100,20260419202314,特上卓,1776598173,1,yurimog,1,yurimog,1,20,6m,,,,
20260419202314_0200_agari_384,20260419202314_0200,20260419202314,特上卓,1776598258,0,s6u,3,鏡の笑顔,0,47,3p,20260419202314_0200_016,16,12.5,synthetic_tile
20260419202314_0300_agari_532,20260419202314_0300,20260419202314,特上卓,1776598426,3,鏡の笑顔,2,JunKo,0,84,4s,20260419202314_0300_052,52,15.7,synthetic_tile
20260419204954_0000_agari_159,20260419204954_0000,20260419204954,,1776599567,0,s6u,0,s6u,1,16,r5m,,,,
20260419204954_0200_agari_458,20260419204954_0200,20260419204954,,1776600014,0,s6u,1,funa_,0,33,9m,20260419204954_0200_063,63,1.0,synthetic_tile
20260419204954_0300_agari_641,20260419204954_0300,20260419204954,,1776600226,0,s6u,1,funa_,0,12,4m,20260419204954_0300_068,68,25.4,synthetic_tile
20260419204954_0500_agari_1228,20260419204954_0500,20260419204954,,1776601268,3,You-ta,3,You-ta,1,107,9s,,,,
20260419204954_0600_agari_1336,20260419204954_0600,20260419204954,,1776601400,3,You-ta,2,あたらしいおさけ,0,91,5s,20260419204954_0600_039,39,13.3,synthetic_tile
20260419204954_0601_agari_1471,20260419204954_0601,20260419204954,,1776601553,3,You-ta,2,あたらしいおさけ,0,20,6m,20260419204954_0601_048,48,4.0,synthetic_tile
20260419212642_0000_agari_117,20260419212642_0000,20260419212642,特上卓,1776601722,0,s6u,0,s6u,1,55,5p,,,,
20260419212642_0100_agari_205,20260419212642_0100,20260419212642,特上卓,1776601849,1,長山犬樹,1,長山犬樹,1,65,8p,,,,
20260419212642_0200_agari_344,20260419212642_0200,20260419212642,特上卓,1776602000,0,s6u,0,s6u,1,18,5m,,,,
20260419212642_0300_agari_498,20260419212642_0300,20260419212642,特上卓,1776602198,2,カピタン,2,カピタン,1,134,7z,,,,
20260419212642_0301_agari_644,20260419212642_0301,20260419212642,特上卓,1776602380,2,カピタン,2,カピタン,1,49,4p,,,,
20260419212642_0302_agari_781,20260419212642_0302,20260419212642,特上卓,1776602561,2,カピタン,1,長山犬樹,0,96,7s,20260419212642_0302_048,48,16.6,synthetic_tile
20260419212642_0303_agari_940,20260419212642_0303,20260419212642,特上卓,1776602722,2,カピタン,2,カピタン,1,47,3p,,,,
20260419212642_0304_agari_986,20260419212642_0304,20260419212642,特上卓,1776602775,1,長山犬樹,0,s6u,0,117,3z,20260419212642_0304_016,16,2.0,self_pre_discard_hand
20260419212642_0400_agari_1059,20260419212642_0400,20260419212642,特上卓,1776602857,0,s6u,0,s6u,1,133,7z,,,,
20260419212642_0500_agari_1230,20260419212642_0500,20260419212642,特上卓,1776603052,0,s6u,0,s6u,1,9,3m,,,,
20260419212642_0501_agari_1356,20260419212642_0501,20260419212642,特上卓,1776603210,2,カピタン,1,長山犬樹,0,48,4p,20260419212642_0501_045,45,34.6,synthetic_tile
20260419212642_0600_agari_1507,20260419212642_0600,20260419212642,特上卓,1776603389,3,kai.t,0,s6u,0,64,8p,20260419212642_0600_054,54,11.9,self_pre_discard_hand
20260419212642_0700_agari_1607,20260419212642_0700,20260419212642,特上卓,1776603506,0,s6u,0,s6u,1,81,3s,,,,
20260419220235_0000_agari_099,20260419220235_0000,20260419220235,,1776603865,3,ぽんこちゃん。,3,ぽんこちゃん。,1,76,2s,,,,
20260419220235_0501_agari_830,20260419220235_0501,20260419220235,,1776605044,2,逢坂小溪,0,s6u,0,123,4z,20260419220235_0501_035,35,2.0,self_pre_discard_hand
20260419220235_0600_agari_957,20260419220235_0600,20260419220235,,1776605198,3,ぽんこちゃん。,3,ぽんこちゃん。,1,4,2m,,,,
20260419223207_0001_agari_349,20260419223207_0001,20260419223207,特上卓,1776605901,3,ばしゃうま,3,ばしゃうま,1,89,5s,,,,
20260419223207_0100_agari_478,20260419223207_0100,20260419223207,特上卓,1776606043,1,モイヒャン,1,モイヒャン,1,20,6m,,,,
20260419223207_0101_agari_551,20260419223207_0101,20260419223207,特上卓,1776606153,2,2008-RF,0,s6u,0,90,5s,20260419223207_0101_023,23,17.5,self_pre_discard_hand
20260419223207_0200_agari_667,20260419223207_0200,20260419223207,特上卓,1776606313,0,s6u,3,ばしゃうま,0,12,4m,20260419223207_0200_041,41,25.0,synthetic_tile
20260419223207_0300_agari_821,20260419223207_0300,20260419223207,特上卓,1776606548,3,ばしゃうま,2,2008-RF,0,22,6m,20260419223207_0300_065,65,26.3,synthetic_tile
20260419223207_0402_agari_1152,20260419223207_0402,20260419223207,特上卓,1776607005,1,モイヒャン,0,s6u,0,74,1s,20260419223207_0402_044,44,20.4,self_pre_discard_hand
20260419223207_0500_agari_1261,20260419223207_0500,20260419223207,特上卓,1776607135,0,s6u,3,ばしゃうま,0,55,5p,20260419223207_0500_037,37,15.6,synthetic_tile
20260419231300_0000_agari_129,20260419231300_0000,20260419231300,,1776608126,2,Elseal,2,Elseal,1,45,3p,,,,
20260419231300_0101_agari_300,20260419231300_0101,20260419231300,,1776608459,2,Elseal,1,ざばす,0,93,6s,20260419231300_0101_048,48,4.0,synthetic_tile
20260419231300_0300_agari_495,20260419231300_0300,20260419231300,,1776608849,0,s6u,0,s6u,1,16,r5m,,,,
20260419231300_0400_agari_583,20260419231300_0400,20260419231300,,1776608962,1,ざばす,0,s6u,0,61,7p,20260419231300_0400_028,28,14.9,self_pre_discard_hand
20260419231300_0500_agari_722,20260419231300_0500,20260419231300,,1776609126,1,ざばす,1,ざばす,1,13,4m,,,,
20260419231300_0501_agari_916,20260419231300_0501,20260419231300,,1776609358,1,ざばす,1,ざばす,1,55,5p,,,,
20260419235050_0000_agari_176,20260419235050_0000,20260419235050,特上卓,1776610437,2,ロヒモトスミ,2,ロヒモトスミ,1,63,7p,,,,
20260419235050_0100_agari_305,20260419235050_0100,20260419235050,特上卓,1776610602,0,s6u,0,s6u,1,45,3p,,,,
20260419235050_0200_agari_374,20260419235050_0200,20260419235050,特上卓,1776610682,1,踊らないポカリ,2,ロヒモトスミ,0,61,7p,20260419235050_0200_024,24,6.0,synthetic_tile
20260419235050_0300_agari_480,20260419235050_0300,20260419235050,特上卓,1776610817,2,ロヒモトスミ,3,在宅雀士,0,81,3s,20260419235050_0300_036,36,9.0,synthetic_tile
20260420000024_0400_agari_640,20260420000024_0400,20260420000024,特上卓,1776611010,3,在宅雀士,2,ロヒモトスミ,0,10,3m,20260420000024_0400_056,56,18.5,synthetic_tile
20260420000024_0500_agari_723,20260420000024_0500,20260420000024,特上卓,1776611099,3,在宅雀士,0,s6u,0,14,4m,20260420000024_0500_029,29,15.9,self_pre_discard_hand
20260420000024_0600_agari_832,20260420000024_0600,20260420000024,特上卓,1776611228,2,ロヒモトスミ,1,踊らないポカリ,0,30,8m,20260420000024_0600_039,39,13.3,synthetic_tile
20260420000024_0702_agari_1116,20260420000024_0702,20260420000024,特上卓,1776611607,0,s6u,0,s6u,1,99,7s,,,,
20260420001416_0000_agari_088,20260420001416_0000,20260420001416,,1776611759,1,hayajin6,3,お前も舞うか,0,131,6z,20260420001416_0000_034,34,1.0,synthetic_tile
20260420001416_0100_agari_275,20260420001416_0100,20260420001416,,1776611996,1,hayajin6,1,hayajin6,1,53,5p,,,,
20260420001416_0200_agari_444,20260420001416_0200,20260420001416,,1776612205,2,QuadCore,2,QuadCore,1,42,2p,,,,
20260420001416_0300_agari_550,20260420001416_0300,20260420001416,,1776612361,3,お前も舞うか,0,s6u,0,31,8m,20260420001416_0300_037,37,12.0,self_pre_discard_hand
20260420001416_0400_agari_708,20260420001416_0400,20260420001416,,1776612558,0,s6u,0,s6u,1,20,6m,,,,
20260420001416_0500_agari_833,20260420001416_0500,20260420001416,,1776612711,1,hayajin6,1,hayajin6,1,114,2z,,,,
20260420001416_0600_agari_937,20260420001416_0600,20260420001416,,1776612840,2,QuadCore,1,hayajin6,0,56,6p,20260420001416_0600_037,37,20.7,synthetic_tile
20260420001416_0700_agari_1054,20260420001416_0700,20260420001416,,1776612997,1,hayajin6,0,s6u,0,102,8s,20260420001416_0700_042,42,17.1,self_pre_discard_hand
20260420003658_0000_agari_160,20260420003658_0000,20260420003658,,1776613214,1,ちむどんどん？,3,daijiro,0,109,1z,20260420003658_0000_058,58,2.0,synthetic_tile
20260420003658_0001_agari_309,20260420003658_0001,20260420003658,,1776613404,2,クリスチャンZ,3,daijiro,0,68,9p,20260420003658_0001_053,53,2.0,synthetic_tile
20260420003658_0100_agari_497,20260420003658_0100,20260420003658,,1776613637,3,daijiro,1,ちむどんどん？,0,83,3s,20260420003658_0100_065,65,18.3,synthetic_tile
20260420003658_0100_agari_498,20260420003658_0100,20260420003658,,1776613637,0,s6u,1,ちむどんどん？,0,83,3s,20260420003658_0100_065,65,26.0,synthetic_tile
20260420003658_0200_agari_651,20260420003658_0200,20260420003658,,1776613782,3,daijiro,1,ちむどんどん？,0,53,5p,20260420003658_0200_056,56,28.1,synthetic_tile
20260420003658_0201_agari_797,20260420003658_0201,20260420003658,,1776613960,3,daijiro,0,s6u,0,62,7p,20260420003658_0201_053,53,10.3,self_pre_discard_hand
20260420003658_0303_agari_1092,20260420003658_0303,20260420003658,,1776614318,3,daijiro,1,ちむどんどん？,0,82,3s,20260420003658_0303_037,37,15.6,synthetic_tile
20260420003658_0400_agari_1295,20260420003658_0400,20260420003658,,1776614552,1,ちむどんどん？,2,クリスチャンZ,0,102,8s,20260420003658_0400_073,73,104.0,synthetic_tile
20260420003658_0401_agari_1495,20260420003658_0401,20260420003658,,1776614781,0,s6u,0,s6u,1,59,6p,,,,
20260420003658_0500_agari_1623,20260420003658_0500,20260420003658,,1776614922,2,クリスチャンZ,0,s6u,0,52,r5p,20260420003658_0500_046,46,18.3,self_pre_discard_hand
20260420003658_0501_agari_1736,20260420003658_0501,20260420003658,,1776615065,3,daijiro,3,daijiro,1,87,4s,,,,
20260420003658_0600_agari_1903,20260420003658_0600,20260420003658,,1776615289,0,s6u,3,daijiro,0,66,8p,20260420003658_0600_060,60,17.1,synthetic_tile
20260420012403_0000_agari_131,20260420012403_0000,20260420012403,,1776615976,3,Sxx0028,2,Wingding,0,53,5p,20260420012403_0000_046,46,38.1,synthetic_tile
20260420012403_0100_agari_330,20260420012403_0100,20260420012403,,1776616215,2,Wingding,1,司波深雪,0,76,2s,20260420012403_0100_070,70,15.8,synthetic_tile
20260420012403_0200_agari_464,20260420012403_0200,20260420012403,,1776616391,3,Sxx0028,3,Sxx0028,1,26,7m,,,,
20260420012403_0300_agari_574,20260420012403_0300,20260420012403,,1776616538,1,司波深雪,1,司波深雪,1,15,4m,,,,
20260420012403_0301_agari_694,20260420012403_0301,20260420012403,,1776616705,0,s6u,1,司波深雪,0,22,6m,20260420012403_0301_040,40,20.2,synthetic_tile
20260420012403_0400_agari_885,20260420012403_0400,20260420012403,,1776616957,1,司波深雪,1,司波深雪,1,16,r5m,,,,
20260420012403_0601_agari_1213,20260420012403_0601,20260420012403,,1776617415,2,Wingding,2,Wingding,1,77,2s,,,,
20260420012403_0700_agari_1307,20260420012403_0700,20260420012403,,1776617550,2,Wingding,1,司波深雪,0,87,4s,20260420012403_0700_032,32,21.6,synthetic_tile
20260420101131_0102_agari_563,20260420101131_0102,20260420101131,特上卓,1776648189,1,猫ウルフ,2,カニエ東,0,66,8p,20260420101131_0102_047,47,3.0,synthetic_tile
20260420101131_0200_agari_690,20260420101131_0200,20260420101131,特上卓,1776648350,1,猫ウルフ,2,カニエ東,0,40,2p,20260420101131_0200_045,45,18.9,synthetic_tile
20260420101131_0301_agari_1048,20260420101131_0301,20260420101131,特上卓,1776648828,3,ricardo,2,カニエ東,0,16,r5m,20260420101131_0301_057,57,36.0,synthetic_tile
20260420101131_0400_agari_1224,20260420101131_0400,20260420101131,特上卓,1776649048,2,カニエ東,2,カニエ東,1,54,5p,,,,
20260420101131_0401_agari_1309,20260420101131_0401,20260420101131,特上卓,1776649142,2,カニエ東,2,カニエ東,1,89,5s,,,,
20260420101131_0402_agari_1438,20260420101131_0402,20260420101131,特上卓,1776649286,0,s6u,2,カニエ東,0,76,2s,20260420101131_0402_044,44,16.8,synthetic_tile
20260420101131_0500_agari_1564,20260420101131_0500,20260420101131,特上卓,1776649441,3,ricardo,0,s6u,0,8,3m,20260420101131_0500_045,45,15.0,self_pre_discard_hand
20260420110301_0000_agari_099,20260420110301_0000,20260420110301,特上卓,1776650677,3,すせそ,3,すせそ,1,62,7p,,,,
20260420110301_0001_agari_254,20260420110301_0001,20260420110301,特上卓,1776650847,1,比嘉秀仁,0,s6u,0,61,7p,20260420110301_0001_057,57,18.2,self_pre_discard_hand
20260420110301_0100_agari_417,20260420110301_0100,20260420110301,特上卓,1776651050,2,墨,0,s6u,0,60,7p,20260420110301_0100_058,58,16.5,self_pre_discard_hand
20260420110301_0200_agari_482,20260420110301_0200,20260420110301,特上卓,1776651133,1,比嘉秀仁,0,s6u,0,29,8m,20260420110301_0200_022,22,12.1,self_pre_discard_hand
20260420110301_0201_agari_598,20260420110301_0201,20260420110301,特上卓,1776651289,2,墨,1,比嘉秀仁,0,23,6m,20260420110301_0201_040,40,15.3,synthetic_tile
20260420110301_0300_agari_709,20260420110301_0300,20260420110301,特上卓,1776651436,1,比嘉秀仁,2,墨,0,99,7s,20260420110301_0300_039,39,15.7,synthetic_tile
20260420110301_0400_agari_817,20260420110301_0400,20260420110301,特上卓,1776651579,1,比嘉秀仁,0,s6u,0,61,7p,20260420110301_0400_037,37,14.6,self_pre_discard_hand
20260420110301_0500_agari_974,20260420110301_0500,20260420110301,特上卓,1776651779,0,s6u,0,s6u,1,100,8s,,,,
20260420110301_0502_agari_1086,20260420110301_0502,20260420110301,特上卓,1776651934,3,すせそ,2,墨,0,83,3s,20260420110301_0502_035,35,16.8,synthetic_tile
20260420110301_0601_agari_1419,20260420110301_0601,20260420110301,特上卓,1776652391,1,比嘉秀仁,1,比嘉秀仁,1,71,9p,,,,
20260420110301_0603_agari_1781,20260420110301_0603,20260420110301,特上卓,1776652867,1,比嘉秀仁,0,s6u,0,19,5m,20260420110301_0603_055,55,14.7,self_pre_discard_hand
20260420110301_0604_agari_1919,20260420110301_0604,20260420110301,特上卓,1776653049,3,すせそ,0,s6u,0,95,6s,20260420110301_0604_047,47,35.0,self_pre_discard_hand
