discard_id,kyoku_id,hanchan_id,room_class_label,player_rel_seat,player_name,discard_tile_136,discard_tile_37_text,tsumogiri_flag,discard_epoch_s,thinking_time_ms,thinking_time_before_reach_ms,lagged,lag_delay_ms,seat0_hand_tiles_136_json,seat1_hand_tiles_136_json,seat2_hand_tiles_136_json,seat3_hand_tiles_136_json,seat0_hand_tiles_37_text,seat1_hand_tiles_37_text,seat2_hand_tiles_37_text,seat3_hand_tiles_37_text,shanten_after_discard,shanten_normal_after_discard,shanten_chiitoitsu_after_discard,wait_tiles_after_discard_mspz,ryanmen_fixed_flag,pystyle_top1_tile_37_text,pystyle_top1_expected_value_text,pystyle_top2_tile_37_text,pystyle_top2_expected_value_text,pystyle_top3_tile_37_text,pystyle_top3_expected_value_text
20260412052527_0000_000,20260412052527_0000,20260412052527,上級卓,1,笑ってコラえて！,123,4z,tedashi,1775939134,,,0,,"[60,99,92,38,20,2,63,21,106,119,70,4,52]",,,,1266m 1r5779p 679s 3z,,,,,,,,,,,,,,
20260412052527_0000_001,20260412052527_0000,20260412052527,上級卓,2,sakura丿,111,1z,tedashi,1775939136,1791.012,,0,,"[60,99,92,38,20,2,63,21,106,119,70,4,52]",,,,1266m 1r5779p 679s 3z,,,,,,,,,,,,,,
20260412052527_0000_002,20260412052527_0000,20260412052527,上級卓,3,199053,29,8m,tedashi,1775939139,2580.865,,1,3795.008,"[60,99,92,38,20,2,63,21,106,119,70,4,52]",,,,1266m 1r5779p 679s 3z,,,,,,,,,,,,,,
20260412052527_0000_003,20260412052527_0000,20260412052527,上級卓,0,パシフィック,38,1p,tedashi,1775939146,3738.684,,6,294.902,"[60,99,92,38,20,2,63,21,106,119,70,4,52,48]",,,,1266m 14r5779p 679s 3z,,,,3,3,4,,0,,,,,,
20260412052527_0000_004,20260412052527_0000,20260412052527,上級卓,1,笑ってコラえて！,43,2p,tedashi,1775939152,5829.377,,0,,"[60,99,92,20,2,63,21,106,119,70,4,52,48]",,,,1266m 4r5779p 679s 3z,,,,,,,,,,,,,,
20260412052527_0000_005,20260412052527_0000,20260412052527,上級卓,2,sakura丿,112,2z,tedashi,1775939155,2690.952,,0,,"[60,99,92,20,2,63,21,106,119,70,4,52,48]",,,,1266m 4r5779p 679s 3z,,,,,,,,,,,,,,
20260412052527_0000_006,20260412052527_0000,20260412052527,上級卓,3,199053,115,2z,risekichu_hokan_tsumogiri,1775939158,3285.83,,0,,"[60,99,92,20,2,63,21,106,119,70,4,52,48]",,,,1266m 4r5779p 679s 3z,,,,,,,,,,,,,,
20260412052527_0000_007,20260412052527_0000,20260412052527,上級卓,0,パシフィック,106,9s,tedashi,1775939162,3624.244,,0,,"[60,99,92,20,2,63,21,106,119,70,4,52,48,64]",,,,1266m 4r57789p 679s 3z,,,,2,2,4,,0,,,,,,
20260412052527_0000_008,20260412052527_0000,20260412052527,上級卓,1,笑ってコラえて！,100,8s,tedashi,1775939164,1914.737,,0,,"[60,99,92,20,2,63,21,119,70,4,52,48,64]",,,,1266m 4r57789p 67s 3z,,,,,,,,,,,,,,
20260412052527_0000_009,20260412052527_0000,20260412052527,上級卓,2,sakura丿,69,9p,risekichu_hokan_tsumogiri,1775939166,2239.196,,0,,"[60,99,92,20,2,63,21,119,70,4,52,48,64]",,,,1266m 4r57789p 67s 3z,,,,,,,,,,,,,,
20260412052922_0000_000,20260412052922_0000,20260412052922,特上卓,1,こいきき,113,2z,tedashi,1775939365,,,0,,"[40,78,135,9,41,29,114,126,122,80,59,38,103]","[15,74,73,69,97,39,25,130,36,113,89,127,52,23]","[50,110,95,62,109,132,64,81,90,32,30,54,47]","[101,94,57,128,71,79,65,3,131,43,22,21,60]",38m 1226p 238s 2457z,467m 11r59p 1157s 256z,89m 34578p 356s 117z,166m 26789p 268s 66z,4,4,4,,0,,,,,,
20260412052922_0000_001,20260412052922_0000,20260412052922,特上卓,2,Fsight,30,8m,tedashi,1775939370,4297.39,,0,,"[40,78,135,9,41,29,114,126,122,80,59,38,103]","[15,74,73,69,97,39,25,130,36,89,127,52,23]","[50,110,95,62,109,132,64,81,90,32,30,54,47,63]","[101,94,57,128,71,79,65,3,131,43,22,21,60]",38m 1226p 238s 2457z,467m 11r59p 1157s 56z,89m 345778p 356s 117z,166m 26789p 268s 66z,2,2,4,,0,,,,,,
20260412052922_0000_002,20260412052922_0000,20260412052922,特上卓,3,skybit,79,2s,tedashi,1775939372,2139.518,,0,,"[40,78,135,9,41,29,114,126,122,80,59,38,103]","[15,74,73,69,97,39,25,130,36,89,127,52,23]","[50,110,95,62,109,132,64,81,90,32,54,47,63]","[101,94,57,128,71,79,65,3,131,43,22,21,60,7]",38m 1226p 238s 2457z,467m 11r59p 1157s 56z,9m 345778p 356s 117z,1266m 26789p 268s 66z,2,2,4,,0,,,,,,
20260412052922_0000_003,20260412052922_0000,20260412052922,特上卓,0,s6u,114,2z,tedashi,1775939373,1371.457,,0,,"[40,78,135,9,41,29,114,126,122,80,59,38,103,108]","[15,74,73,69,97,39,25,130,36,89,127,52,23]","[50,110,95,62,109,132,64,81,90,32,54,47,63]","[101,94,57,128,71,65,3,131,43,22,21,60,7]",38m 1226p 238s 12457z,467m 11r59p 1157s 56z,9m 345778p 356s 117z,1266m 26789p 68s 66z,5,6,5,,0,,,,,,
20260412052922_0000_004,20260412052922_0000,20260412052922,特上卓,1,こいきき,130,6z,tedashi,1775939374,1371.655,,2,1065.819,"[40,78,135,9,41,29,126,122,80,59,38,103,108]","[15,74,73,69,97,39,25,130,36,89,127,52,23,124]","[50,110,95,62,109,132,64,81,90,32,54,47,63]","[101,94,57,128,71,65,3,131,43,22,21,60,7]",38m 1226p 238s 1457z,467m 11r59p 1157s 556z,9m 345778p 356s 117z,1266m 26789p 68s 66z,3,3,3,,0,,,,,,
20260412052922_0000_005,20260412052922_0000,20260412052922,特上卓,3,skybit,43,2p,tedashi,1775939376,663.283,,3,1502.759,"[40,78,135,9,41,29,126,122,80,59,38,103,108]","[15,74,73,69,97,39,25,36,89,127,52,23,124]","[50,110,95,62,109,132,64,81,90,32,54,47,63]","[101,94,57,71,65,3,43,22,21,60,7]",38m 1226p 238s 1457z,467m 11r59p 1157s 55z,9m 345778p 356s 117z,1266m 26789p 68s,1,1,,,0,,,,,,
20260412052922_0000_006,20260412052922_0000,20260412052922,特上卓,0,s6u,108,1z,tedashi,1775939380,1956.91,,3,599.504,"[40,78,135,9,41,29,126,122,80,59,38,103,108,112]","[15,74,73,69,97,39,25,36,89,127,52,23,124]","[50,110,95,62,109,132,64,81,90,32,54,47,63]","[101,94,57,71,65,3,22,21,60,7]",38m 1226p 238s 12457z,467m 11r59p 1157s 55z,9m 345778p 356s 117z,1266m 6789p 68s,5,6,5,,0,,,,,,
20260412052922_0000_007,20260412052922_0000,20260412052922,特上卓,1,こいきき,69,9p,tedashi,1775939381,1086.071,,6,392.372,"[40,78,135,9,41,29,126,122,80,59,38,103,112]","[15,74,73,69,97,39,25,36,89,127,52,23,124,99]","[50,110,95,62,109,132,64,81,90,32,54,47,63]","[101,94,57,71,65,3,22,21,60,7]",38m 1226p 238s 2457z,467m 11r59p 11577s 55z,9m 345778p 356s 117z,1266m 6789p 68s,2,3,2,,0,,,,,,
20260412052922_0000_008,20260412052922_0000,20260412052922,特上卓,2,Fsight,32,9m,tedashi,1775939383,1300.087,,0,,"[40,78,135,9,41,29,126,122,80,59,38,103,112]","[15,74,73,97,39,25,36,89,127,52,23,124,99]","[50,110,95,62,109,132,64,81,90,32,54,47,63,58]","[101,94,57,71,65,3,22,21,60,7]",38m 1226p 238s 2457z,467m 11r5p 11577s 55z,9m 3456778p 356s 117z,1266m 6789p 68s,2,2,4,,0,,,,,,
20260412052922_0000_009,20260412052922_0000,20260412052922,特上卓,3,skybit,71,9p,tedashi,1775939385,2267.717,,0,,"[40,78,135,9,41,29,126,122,80,59,38,103,112]","[15,74,73,97,39,25,36,89,127,52,23,124,99]","[50,110,95,62,109,132,64,81,90,54,47,63,58]","[101,94,57,71,65,3,22,21,60,7,2]",38m 1226p 238s 2457z,467m 11r5p 11577s 55z,3456778p 356s 117z,11266m 6789p 68s,1,1,,,0,,,,,,
20260412052922_0000_010,20260412052922_0000,20260412052922,特上卓,0,s6u,112,2z,tedashi,1775939388,3093.524,,0,,"[40,78,135,9,41,29,126,122,80,59,38,103,112,1]","[15,74,73,97,39,25,36,89,127,52,23,124,99]","[50,110,95,62,109,132,64,81,90,54,47,63,58]","[101,94,57,65,3,22,21,60,7,2]",138m 1226p 238s 2457z,467m 11r5p 11577s 55z,3456778p 356s 117z,11266m 678p 68s,5,5,5,,0,,,,,,
20260412052922_0000_011,20260412052922_0000,20260412052922,特上卓,1,こいきき,111,1z,risekichu_hokan_tsumogiri,1775939391,2208.739,,2,1620.427,"[40,78,135,9,41,29,126,122,80,59,38,103,1]","[15,74,73,97,39,25,36,89,127,52,23,124,99,111]","[50,110,95,62,109,132,64,81,90,54,47,63,58]","[101,94,57,65,3,22,21,60,7,2]",138m 1226p 238s 457z,467m 11r5p 11577s 155z,3456778p 356s 117z,11266m 678p 68s,2,3,2,,0,,,,,,
20260412052922_0000_012,20260412052922_0000,20260412052922,特上卓,2,Fsight,81,3s,tedashi,1775939393,730.1,,0,,"[40,78,135,9,41,29,126,122,80,59,38,103,1]","[15,74,73,97,39,25,36,89,127,52,23,124,99]","[50,95,62,132,64,81,90,54,47,63,58]","[101,94,57,65,3,22,21,60,7,2]",138m 1226p 238s 457z,467m 11r5p 11577s 55z,3456778p 356s 7z,11266m 678p 68s,1,1,,,0,,,,,,
20260412052922_0000_013,20260412052922_0000,20260412052922,特上卓,3,skybit,101,8s,tedashi,1775939400,6641.815,,0,,"[40,78,135,9,41,29,126,122,80,59,38,103,1]","[15,74,73,97,39,25,36,89,127,52,23,124,99]","[50,95,62,132,64,90,54,47,63,58]","[101,94,57,65,3,22,21,60,7,2,5]",138m 1226p 238s 457z,467m 11r5p 11577s 55z,3456778p 56s 7z,112266m 678p 68s,1,1,,,0,,,,,,
20260412052922_0000_014,20260412052922_0000,20260412052922,特上卓,0,s6u,126,5z,tedashi,1775939406,6067.088,,2,1157.84,"[40,78,135,9,41,29,126,122,80,59,38,103,1,48]","[15,74,73,97,39,25,36,89,127,52,23,124,99]","[50,95,62,132,64,90,54,47,63,58]","[94,57,65,3,22,21,60,7,2,5]",138m 12246p 238s 457z,467m 11r5p 11577s 55z,3456778p 56s 7z,112266m 678p 6s,4,4,5,,0,,,,,,
20260412052922_0000_015,20260412052922_0000,20260412052922,特上卓,1,こいきき,15,4m,tedashi,1775939408,960.318,,0,,"[40,78,135,9,41,29,122,80,59,38,103,1,48]","[15,74,73,97,39,25,36,89,52,23,99]","[50,95,62,132,64,90,54,47,63,58]","[94,57,65,3,22,21,60,7,2,5]",138m 12246p 238s 47z,467m 11r5p 11577s,3456778p 56s 7z,112266m 678p 6s,2,2,,,0,,,,,,
20260412052922_0000_016,20260412052922_0000,20260412052922,特上卓,2,Fsight,105,9s,risekichu_hokan_tsumogiri,1775939410,1893.585,,0,,"[40,78,135,9,41,29,122,80,59,38,103,1,48]","[74,73,97,39,25,36,89,52,23,99]","[50,95,62,132,64,90,54,47,63,58,105]","[94,57,65,3,22,21,60,7,2,5]",138m 12246p 238s 47z,67m 11r5p 11577s,3456778p 569s 7z,112266m 678p 6s,1,1,,,0,,,,,,
20260412052922_0000_017,20260412052922_0000,20260412052922,特上卓,3,skybit,100,8s,risekichu_hokan_tsumogiri,1775939413,3748.479,,0,,"[40,78,135,9,41,29,122,80,59,38,103,1,48]","[74,73,97,39,25,36,89,52,23,99]","[50,95,62,132,64,90,54,47,63,58]","[94,57,65,3,22,21,60,7,2,5,100]",138m 12246p 238s 47z,67m 11r5p 11577s,3456778p 56s 7z,112266m 678p 68s,1,1,,,0,,,,,,
20260412052922_0000_018,20260412052922_0000,20260412052922,特上卓,0,s6u,135,7z,tedashi,1775939417,3196.568,,0,,"[40,78,135,9,41,29,122,80,59,38,103,1,48,72]","[74,73,97,39,25,36,89,52,23,99]","[50,95,62,132,64,90,54,47,63,58]","[94,57,65,3,22,21,60,7,2,5]",138m 12246p 1238s 47z,67m 11r5p 11577s,3456778p 56s 7z,112266m 678p 6s,3,3,5,,0,,,,,,
20260412052922_0000_019,20260412052922_0000,20260412052922,特上卓,1,こいきき,99,7s,tedashi,1775939418,1730.256,,3,1604.671,"[40,78,9,41,29,122,80,59,38,103,1,48,72]","[74,73,97,39,25,36,89,52,23,99,93]","[50,95,62,132,64,90,54,47,63,58]","[94,57,65,3,22,21,60,7,2,5]",138m 12246p 1238s 4z,67m 11r5p 115677s,3456778p 56s 7z,112266m 678p 6s,1,1,,,0,,,,,,
20260412052922_0000_020,20260412052922_0000,20260412052922,特上卓,2,Fsight,26,7m,risekichu_hokan_tsumogiri,1775939421,1080.345,,0,,"[40,78,9,41,29,122,80,59,38,103,1,48,72]","[74,73,97,39,25,36,89,52,23,93]","[50,95,62,132,64,90,54,47,63,58,26]","[94,57,65,3,22,21,60,7,2,5]",138m 12246p 1238s 4z,67m 11r5p 11567s,7m 3456778p 56s 7z,112266m 678p 6s,1,1,,,0,,,,,,
20260412052922_0000_021,20260412052922_0000,20260412052922,特上卓,3,skybit,94,6s,tedashi,1775939423,2319.108,,0,,"[40,78,9,41,29,122,80,59,38,103,1,48,72]","[74,73,97,39,25,36,89,52,23,93]","[50,95,62,132,64,90,54,47,63,58]","[94,57,65,3,22,21,60,7,2,5,119]",138m 12246p 1238s 4z,67m 11r5p 11567s,3456778p 56s 7z,112266m 678p 6s 3z,1,1,,,0,,,,,,
20260412052922_0000_022,20260412052922_0000,20260412052922,特上卓,0,s6u,38,1p,tedashi,1775939433,9222.872,,2,1405.507,"[40,78,9,41,29,122,80,59,38,103,1,48,72,31]","[74,73,97,39,25,36,89,52,23,93]","[50,95,62,132,64,90,54,47,63,58]","[57,65,3,22,21,60,7,2,5,119]",1388m 12246p 1238s 4z,67m 11r5p 11567s,3456778p 56s 7z,112266m 678p 3z,2,2,4,,0,,,,,,
20260412052922_0000_023,20260412052922_0000,20260412052922,特上卓,1,こいきき,52,r5p,tedashi,1775939436,1589.546,,2,6127.683,"[40,78,9,41,29,122,80,59,103,1,48,72,31]","[74,73,97,25,89,52,23,93]","[50,95,62,132,64,90,54,47,63,58]","[57,65,3,22,21,60,7,2,5,119]",1388m 2246p 1238s 4z,67m r5p 11567s,3456778p 56s 7z,112266m 678p 3z,0,0,,58m,0,,,,,,
20260412052922_0000_024,20260412052922_0000,20260412052922,特上卓,2,Fsight,90,5s,tedashi,1775939443,1175.256,,0,,"[40,78,9,41,29,122,80,59,103,1,48,72,31]","[74,73,97,25,89,23,93]","[50,95,132,64,90,54,47,63]","[57,65,3,22,21,60,7,2,5,119]",1388m 2246p 1238s 4z,67m 11567s,34578p 56s 7z,112266m 678p 3z,1,1,,,0,,,,,,
20260412052922_0000_025,20260412052922_0000,20260412052922,特上卓,3,skybit,125,5z,risekichu_hokan_tsumogiri,1775939445,2025.474,,0,,"[40,78,9,41,29,122,80,59,103,1,48,72,31]","[74,73,97,25,89,23,93]","[50,95,132,64,54,47,63]","[57,65,3,22,21,60,7,2,5,119,125]",1388m 2246p 1238s 4z,67m 11567s,34578p 6s 7z,112266m 678p 35z,1,1,,,0,,,,,,
20260412052922_0000_026,20260412052922_0000,20260412052922,特上卓,0,s6u,122,4z,tedashi,1775939448,2607.308,,0,,"[40,78,9,41,29,122,80,59,103,1,48,72,31,107]","[74,73,97,25,89,23,93]","[50,95,132,64,54,47,63]","[57,65,3,22,21,60,7,2,5,119]",1388m 2246p 12389s 4z,67m 11567s,34578p 6s 7z,112266m 678p 3z,2,2,4,,0,,,,,,
20260412052922_0001_000,20260412052922_0001,20260412052922,特上卓,1,こいきき,119,3z,tedashi,1775939462,,,0,,"[67,123,81,89,84,71,42,36,8,27,76,35,47]","[109,38,64,70,60,105,54,41,75,10,59,95,119,5]","[12,120,124,55,17,63,116,102,25,29,30,11,53]","[79,106,132,61,2,118,91,130,56,22,90,115,62]",379m 12389p 2345s 4z,23m 1256789p 169s 13z,345788m 557p 8s 345z,16m 677p 2559s 2367z,3,3,6,,0,,,,,,
20260412052922_0001_001,20260412052922_0001,20260412052922,特上卓,2,Fsight,116,3z,tedashi,1775939465,2519.419,,0,,"[67,123,81,89,84,71,42,36,8,27,76,35,47]","[109,38,64,70,60,105,54,41,75,10,59,95,5]","[12,120,124,55,17,63,116,102,25,29,30,11,53,13]","[79,106,132,61,2,118,91,130,56,22,90,115,62]",379m 12389p 2345s 4z,23m 1256789p 169s 1z,3445788m 557p 8s 345z,16m 677p 2559s 2367z,3,4,3,,0,,,,,,
20260412052922_0001_002,20260412052922_0001,20260412052922,特上卓,3,skybit,118,3z,tedashi,1775939466,1534.489,,5,1584.423,"[67,123,81,89,84,71,42,36,8,27,76,35,47]","[109,38,64,70,60,105,54,41,75,10,59,95,5]","[12,120,124,55,17,63,102,25,29,30,11,53,13]","[79,106,132,61,2,118,91,130,56,22,90,115,62,68]",379m 12389p 2345s 4z,23m 1256789p 169s 1z,3445788m 557p 8s 45z,16m 6779p 2559s 2367z,4,5,4,,0,,,,,,
20260412052922_0001_003,20260412052922_0001,20260412052922,特上卓,0,s6u,123,4z,tedashi,1775939470,2386.436,,0,,"[67,123,81,89,84,71,42,36,8,27,76,35,47,87]","[109,38,64,70,60,105,54,41,75,10,59,95,5]","[12,120,124,55,17,63,102,25,29,30,11,53,13]","[79,106,132,61,2,91,130,56,22,90,115,62,68]",379m 12389p 23445s 4z,23m 1256789p 169s 1z,3445788m 557p 8s 45z,16m 6779p 2559s 267z,2,2,5,,0,,,,,,
20260412052922_0001_004,20260412052922_0001,20260412052922,特上卓,1,こいきき,75,1s,tedashi,1775939474,3816.363,,0,,"[67,81,89,84,71,42,36,8,27,76,35,47,87]","[109,38,64,70,60,105,54,41,75,10,59,95,5,98]","[12,120,124,55,17,63,102,25,29,30,11,53,13]","[79,106,132,61,2,91,130,56,22,90,115,62,68]",379m 12389p 23445s,23m 1256789p 1679s 1z,3445788m 557p 8s 45z,16m 6779p 2559s 267z,3,3,6,,0,,,,,,
20260412052922_0001_005,20260412052922_0001,20260412052922,特上卓,2,Fsight,120,4z,tedashi,1775939476,1718.577,,0,,"[67,81,89,84,71,42,36,8,27,76,35,47,87]","[109,38,64,70,60,105,54,41,10,59,95,5,98]","[12,120,124,55,17,63,102,25,29,30,11,53,13,82]","[79,106,132,61,2,91,130,56,22,90,115,62,68]",379m 12389p 23445s,23m 1256789p 679s 1z,3445788m 557p 38s 45z,16m 6779p 2559s 267z,3,4,3,,0,,,,,,
20260412052922_0001_006,20260412052922_0001,20260412052922,特上卓,3,skybit,115,2z,tedashi,1775939477,1614.952,,0,,"[67,81,89,84,71,42,36,8,27,76,35,47,87]","[109,38,64,70,60,105,54,41,10,59,95,5,98]","[12,124,55,17,63,102,25,29,30,11,53,13,82]","[79,106,132,61,2,91,130,56,22,90,115,62,68,46]",379m 12389p 23445s,23m 1256789p 679s 1z,3445788m 557p 38s 5z,16m 36779p 2559s 267z,4,5,4,,0,,,,,,
20260412052922_0001_007,20260412052922_0001,20260412052922,特上卓,0,s6u,71,9p,tedashi,1775939490,12713.608,,6,378.769,"[67,81,89,84,71,42,36,8,27,76,35,47,87,88]","[109,38,64,70,60,105,54,41,10,59,95,5,98]","[12,124,55,17,63,102,25,29,30,11,53,13,82]","[79,106,132,61,2,91,130,56,22,90,62,68,46]",379m 12389p 2344r55s,23m 1256789p 679s 1z,3445788m 557p 38s 5z,16m 36779p 2559s 67z,1,1,4,,0,,,,,,
20260412052922_0001_008,20260412052922_0001,20260412052922,特上卓,1,こいきき,105,9s,tedashi,1775939492,1487.101,,0,,"[67,81,89,84,42,36,8,27,76,35,47,87,88]","[109,38,64,70,60,105,54,41,10,59,95,5,98,80]","[12,124,55,17,63,102,25,29,30,11,53,13,82]","[79,106,132,61,2,91,130,56,22,90,62,68,46]",379m 1238p 2344r55s,23m 1256789p 3679s 1z,3445788m 557p 38s 5z,16m 36779p 2559s 67z,3,3,6,,0,,,,,,
20260412052922_0001_009,20260412052922_0001,20260412052922,特上卓,2,Fsight,124,5z,tedashi,1775939494,1806.204,,0,,"[67,81,89,84,42,36,8,27,76,35,47,87,88]","[109,38,64,70,60,54,41,10,59,95,5,98,80]","[12,124,55,17,63,102,25,29,30,11,53,13,82,101]","[79,106,132,61,2,91,130,56,22,90,62,68,46]",379m 1238p 2344r55s,23m 1256789p 367s 1z,3445788m 557p 388s 5z,16m 36779p 2559s 67z,2,3,2,,0,,,,,,
20260412052922_0001_010,20260412052922_0001,20260412052922,特上卓,3,skybit,2,1m,tedashi,1775939496,1973.278,,0,,"[67,81,89,84,42,36,8,27,76,35,47,87,88]","[109,38,64,70,60,54,41,10,59,95,5,98,80]","[12,55,17,63,102,25,29,30,11,53,13,82,101]","[79,106,132,61,2,91,130,56,22,90,62,68,46,69]",379m 1238p 2344r55s,23m 1256789p 367s 1z,3445788m 557p 388s,16m 367799p 2559s 67z,3,5,3,,0,,,,,,
20260412052922_0001_011,20260412052922_0001,20260412052922,特上卓,0,s6u,67,8p,tedashi,1775939503,7812.883,,6,292.725,"[67,81,89,84,42,36,8,27,76,35,47,87,88,50]","[109,38,64,70,60,54,41,10,59,95,5,98,80]","[12,55,17,63,102,25,29,30,11,53,13,82,101]","[79,106,132,61,91,130,56,22,90,62,68,46,69]",379m 12348p 2344r55s,23m 1256789p 367s 1z,3445788m 557p 388s,6m 367799p 2559s 67z,2,2,4,,0,1p,2771pt,8p,2731pt,9m,2656pt
20260412052922_0001_012,20260412052922_0001,20260412052922,特上卓,1,こいきき,80,3s,tedashi,1775939505,1454.949,,0,,"[81,89,84,42,36,8,27,76,35,47,87,88,50]","[109,38,64,70,60,54,41,10,59,95,5,98,80,51]","[12,55,17,63,102,25,29,30,11,53,13,82,101]","[79,106,132,61,91,130,56,22,90,62,68,46,69]",379m 1234p 2344r55s,23m 12456789p 367s 1z,3445788m 557p 388s,6m 367799p 2559s 67z,2,2,6,,0,,,,,,
20260412052922_0001_013,20260412052922_0001,20260412052922,特上卓,2,Fsight,82,3s,tedashi,1775939508,2346.365,,0,,"[81,89,84,42,36,8,27,76,35,47,87,88,50]","[109,38,64,70,60,54,41,10,59,95,5,98,51]","[12,55,17,63,102,25,29,30,11,53,13,82,101,45]","[79,106,132,61,91,130,56,22,90,62,68,46,69]",379m 1234p 2344r55s,23m 12456789p 67s 1z,3445788m 3557p 388s,6m 367799p 2559s 67z,2,2,2,,0,,,,,,
20260412052922_0001_014,20260412052922_0001,20260412052922,特上卓,3,skybit,106,9s,tedashi,1775939512,4032.348,,0,,"[81,89,84,42,36,8,27,76,35,47,87,88,50]","[109,38,64,70,60,54,41,10,59,95,5,98,51]","[12,55,17,63,102,25,29,30,11,53,13,101,45]","[79,106,132,61,91,130,56,22,90,62,68,46,69,78]",379m 1234p 2344r55s,23m 12456789p 67s 1z,3445788m 3557p 88s,6m 367799p 22559s 67z,2,4,2,,0,,,,,,
20260412052922_0001_015,20260412052922_0001,20260412052922,特上卓,0,s6u,84,4s,tedashi,1775939518,6613.517,,0,,"[81,89,84,42,36,8,27,76,35,47,87,88,50,40]","[109,38,64,70,60,54,41,10,59,95,5,98,51]","[12,55,17,63,102,25,29,30,11,53,13,101,45]","[79,132,61,91,130,56,22,90,62,68,46,69,78]",379m 12234p 2344r55s,23m 12456789p 67s 1z,3445788m 3557p 88s,6m 367799p 2255s 67z,1,1,3,,0,4s,1623pt,1p,1525pt,2p,1498pt
20260412052922_0001_016,20260412052922_0001,20260412052922,特上卓,1,こいきき,109,1z,tedashi,1775939520,1877.718,,0,,"[81,89,42,36,8,27,76,35,47,87,88,50,40]","[109,38,64,70,60,54,41,10,59,95,5,98,51,99]","[12,55,17,63,102,25,29,30,11,53,13,101,45]","[79,132,61,91,130,56,22,90,62,68,46,69,78]",379m 12234p 234r55s,23m 12456789p 677s 1z,3445788m 3557p 88s,6m 367799p 2255s 67z,1,1,5,,0,,,,,,
20260412052922_0001_017,20260412052922_0001,20260412052922,特上卓,2,Fsight,63,7p,tedashi,1775939526,6245.317,,6,310.633,"[81,89,42,36,8,27,76,35,47,87,88,50,40]","[38,64,70,60,54,41,10,59,95,5,98,51,99]","[12,55,17,63,102,25,29,30,11,53,13,101,45,14]","[79,132,61,91,130,56,22,90,62,68,46,69,78]",379m 12234p 234r55s,23m 12456789p 677s,34445788m 3557p 88s,6m 367799p 2255s 67z,2,2,2,,0,,,,,,
20260412052922_0001_018,20260412052922_0001,20260412052922,特上卓,3,skybit,130,6z,tedashi,1775939532,5904.085,,0,,"[81,89,42,36,8,27,76,35,47,87,88,50,40]","[38,64,70,60,54,41,10,59,95,5,98,51,99]","[12,55,17,102,25,29,30,11,53,13,101,45,14]","[79,132,61,91,130,56,22,90,62,68,46,69,78,37]",379m 12234p 234r55s,23m 12456789p 677s,34445788m 355p 88s,6m 1367799p 2255s 67z,2,3,2,,0,,,,,,
20260412052922_0001_019,20260412052922_0001,20260412052922,特上卓,0,s6u,35,9m,tedashi,1775939537,4669.371,,0,,"[81,89,42,36,8,27,76,35,47,87,88,50,40,18]","[38,64,70,60,54,41,10,59,95,5,98,51,99]","[12,55,17,102,25,29,30,11,53,13,101,45,14]","[79,132,61,91,56,22,90,62,68,46,69,78,37]",3579m 12234p 234r55s,23m 12456789p 677s,34445788m 355p 88s,6m 1367799p 2255s 7z,1,1,4,,0,1p,2229pt,2p,2128pt,9m,2093pt
20260412052922_0001_020,20260412052922_0001,20260412052922,特上卓,1,こいきき,127,5z,risekichu_hokan_tsumogiri,1775939539,1731.037,,0,,"[81,89,42,36,8,27,76,47,87,88,50,40,18]","[38,64,70,60,54,41,10,59,95,5,98,51,99,127]","[12,55,17,102,25,29,30,11,53,13,101,45,14]","[79,132,61,91,56,22,90,62,68,46,69,78,37]",357m 12234p 234r55s,23m 12456789p 677s 5z,34445788m 355p 88s,6m 1367799p 2255s 7z,1,1,5,,0,,,,,,
20260412052922_0001_021,20260412052922_0001,20260412052922,特上卓,2,Fsight,111,1z,risekichu_hokan_tsumogiri,1775939541,1936.221,,0,,"[81,89,42,36,8,27,76,47,87,88,50,40,18]","[38,64,70,60,54,41,10,59,95,5,98,51,99]","[12,55,17,102,25,29,30,11,53,13,101,45,14,111]","[79,132,61,91,56,22,90,62,68,46,69,78,37]",357m 12234p 234r55s,23m 12456789p 677s,34445788m 355p 88s 1z,6m 1367799p 2255s 7z,2,2,2,,0,,,,,,
20260412052922_0001_022,20260412052922_0001,20260412052922,特上卓,3,skybit,132,7z,tedashi,1775939546,4804.89,,0,,"[81,89,42,36,8,27,76,47,87,88,50,40,18]","[38,64,70,60,54,41,10,59,95,5,98,51,99]","[12,55,17,102,25,29,30,11,53,13,101,45,14]","[79,132,61,91,56,22,90,62,68,46,69,78,37,66]",357m 12234p 234r55s,23m 12456789p 677s,34445788m 355p 88s,6m 13677899p 2255s 7z,2,2,2,,0,,,,,,
20260412052922_0001_023,20260412052922_0001,20260412052922,特上卓,0,s6u,36,1p,tedashi,1775939549,3017.087,,0,,"[81,89,42,36,8,27,76,47,87,88,50,40,18,16]","[38,64,70,60,54,41,10,59,95,5,98,51,99]","[12,55,17,102,25,29,30,11,53,13,101,45,14]","[79,61,91,56,22,90,62,68,46,69,78,37,66]",3r557m 12234p 234r55s,23m 12456789p 677s,34445788m 355p 88s,6m 13677899p 2255s,1,1,3,,0,1p,2720pt,2p,2700pt,5m,2476pt
20260412052922_0001_024,20260412052922_0001,20260412052922,特上卓,1,こいきき,86,4s,risekichu_hokan_tsumogiri,1775939551,2234.71,,0,,"[81,89,42,8,27,76,47,87,88,50,40,18,16]","[38,64,70,60,54,41,10,59,95,5,98,51,99,86]","[12,55,17,102,25,29,30,11,53,13,101,45,14]","[79,61,91,56,22,90,62,68,46,69,78,37,66]",3r557m 2234p 234r55s,23m 12456789p 4677s,34445788m 355p 88s,6m 13677899p 2255s,1,1,5,,0,,,,,,
20260412052922_0001_025,20260412052922_0001,20260412052922,特上卓,2,Fsight,65,8p,risekichu_hokan_tsumogiri,1775939553,1925.662,,6,285.399,"[81,89,42,8,27,76,47,87,88,50,40,18,16]","[38,64,70,60,54,41,10,59,95,5,98,51,99]","[12,55,17,102,25,29,30,11,53,13,101,45,14,65]","[79,61,91,56,22,90,62,68,46,69,78,37,66]",3r557m 2234p 234r55s,23m 12456789p 677s,34445788m 3558p 88s,6m 13677899p 2255s,2,2,2,,0,,,,,,
20260412052922_0001_026,20260412052922_0001,20260412052922,特上卓,3,skybit,108,1z,risekichu_hokan_tsumogiri,1775939555,1760.052,,0,,"[81,89,42,8,27,76,47,87,88,50,40,18,16]","[38,64,70,60,54,41,10,59,95,5,98,51,99]","[12,55,17,102,25,29,30,11,53,13,101,45,14]","[79,61,91,56,22,90,62,68,46,69,78,37,66,108]",3r557m 2234p 234r55s,23m 12456789p 677s,34445788m 355p 88s,6m 13677899p 2255s 1z,2,2,2,,0,,,,,,
20260412052922_0001_027,20260412052922_0001,20260412052922,特上卓,0,s6u,42,2p,tedashi,1775939560,5110.987,,0,,"[81,89,42,8,27,76,47,87,88,50,40,18,16,122]","[38,64,70,60,54,41,10,59,95,5,98,51,99]","[12,55,17,102,25,29,30,11,53,13,101,45,14]","[79,61,91,56,22,90,62,68,46,69,78,37,66]",3r557m 2234p 234r55s 4z,23m 12456789p 677s,34445788m 355p 88s,6m 13677899p 2255s,1,1,3,,0,4z,2497pt,2p,2438pt,5m,2066pt
20260412052922_0001_028,20260412052922_0001,20260412052922,特上卓,1,こいきき,19,5m,risekichu_hokan_tsumogiri,1775939562,2007.031,,3,2912.591,"[81,89,8,27,76,47,87,88,50,40,18,16,122]","[38,64,70,60,54,41,10,59,95,5,98,51,99,19]","[12,55,17,102,25,29,30,11,53,13,101,45,14]","[79,61,91,56,22,90,62,68,46,69,78,37,66]",3r557m 234p 234r55s 4z,235m 12456789p 677s,34445788m 355p 88s,6m 13677899p 2255s,1,1,5,,0,,,,,,
20260412052922_0001_029,20260412052922_0001,20260412052922,特上卓,2,Fsight,85,4s,risekichu_hokan_tsumogiri,1775939566,1231.254,,0,,"[81,89,8,27,76,47,87,88,50,40,18,16,122]","[38,64,70,60,54,41,10,59,95,5,98,51,99]","[12,55,17,102,25,29,30,11,53,13,101,45,14,85]","[79,61,91,56,22,90,62,68,46,69,78,37,66]",3r557m 234p 234r55s 4z,23m 12456789p 677s,34445788m 355p 488s,6m 13677899p 2255s,2,2,2,,0,,,,,,
20260412052922_0001_030,20260412052922_0001,20260412052922,特上卓,3,skybit,22,6m,tedashi,1775939573,7188.183,,2,2482.4,"[81,89,8,27,76,47,87,88,50,40,18,16,122]","[38,64,70,60,54,41,10,59,95,5,98,51,99]","[12,55,17,102,25,29,30,11,53,13,101,45,14]","[79,61,91,56,22,90,62,68,46,69,78,37,66,93]",3r557m 234p 234r55s 4z,23m 12456789p 677s,34445788m 355p 88s,6m 13677899p 22556s,2,2,2,,0,,,,,,
20260412052922_0001_031,20260412052922_0001,20260412052922,特上卓,0,s6u,122,4z,tedashi,1775939577,999.132,,0,,"[81,89,8,76,47,87,88,50,40,18,122]","[38,64,70,60,54,41,10,59,95,5,98,51,99]","[12,55,17,102,25,29,30,11,53,13,101,45,14]","[79,61,91,56,90,62,68,46,69,78,37,66,93]",35m 234p 234r55s 4z,23m 12456789p 677s,34445788m 355p 88s,13677899p 22556s,0,0,,4m,0,,,,,,
20260412052922_0001_032,20260412052922_0001,20260412052922,特上卓,1,こいきき,134,7z,risekichu_hokan_tsumogiri,1775939579,1730.854,,0,,"[81,89,8,76,47,87,88,50,40,18]","[38,64,70,60,54,41,10,59,95,5,98,51,99,134]","[12,55,17,102,25,29,30,11,53,13,101,45,14]","[79,61,91,56,90,62,68,46,69,78,37,66,93]",35m 234p 234r55s,23m 12456789p 677s 7z,34445788m 355p 88s,13677899p 22556s,1,1,5,,0,,,,,,
20260412052922_0001_033,20260412052922_0001,20260412052922,特上卓,2,Fsight,1,1m,risekichu_hokan_tsumogiri,1775939580,1831.029,,0,,"[81,89,8,76,47,87,88,50,40,18]","[38,64,70,60,54,41,10,59,95,5,98,51,99]","[12,55,17,102,25,29,30,11,53,13,101,45,14,1]","[79,61,91,56,90,62,68,46,69,78,37,66,93]",35m 234p 234r55s,23m 12456789p 677s,134445788m 355p 88s,13677899p 22556s,2,2,2,,0,,,,,,
20260412052922_0001_034,20260412052922_0001,20260412052922,特上卓,3,skybit,110,1z,risekichu_hokan_tsumogiri,1775939582,2095.182,,0,,"[81,89,8,76,47,87,88,50,40,18]","[38,64,70,60,54,41,10,59,95,5,98,51,99]","[12,55,17,102,25,29,30,11,53,13,101,45,14]","[79,61,91,56,90,62,68,46,69,78,37,66,93,110]",35m 234p 234r55s,23m 12456789p 677s,34445788m 355p 88s,13677899p 22556s 1z,2,2,2,,0,,,,,,
20260412052922_0001_035,20260412052922_0001,20260412052922,特上卓,0,s6u,28,8m,tsumogiri,1775939585,2371.874,,2,1463.297,"[81,89,8,76,47,87,88,50,40,18,28]","[38,64,70,60,54,41,10,59,95,5,98,51,99]","[12,55,17,102,25,29,30,11,53,13,101,45,14]","[79,61,91,56,90,62,68,46,69,78,37,66,93]",358m 234p 234r55s,23m 12456789p 677s,34445788m 355p 88s,13677899p 22556s,0,0,,4m,0,,,,,,
20260412052922_0001_036,20260412052922_0001,20260412052922,特上卓,2,Fsight,11,3m,tedashi,1775939590,3692.601,,0,,"[81,89,8,76,47,87,88,50,40,18]","[38,64,70,60,54,41,10,59,95,5,98,51,99]","[12,55,17,102,25,11,53,13,101,45,14]","[79,61,91,56,90,62,68,46,69,78,37,66,93]",35m 234p 234r55s,23m 12456789p 677s,344457m 355p 88s,13677899p 22556s,1,1,,,0,,,,,,
20260412052922_0001_037,20260412052922_0001,20260412052922,特上卓,3,skybit,114,2z,risekichu_hokan_tsumogiri,1775939597,7377.175,,0,,"[81,89,8,76,47,87,88,50,40,18]","[38,64,70,60,54,41,10,59,95,5,98,51,99]","[12,55,17,102,25,53,13,101,45,14]","[79,61,91,56,90,62,68,46,69,78,37,66,93,114]",35m 234p 234r55s,23m 12456789p 677s,44457m 355p 88s,13677899p 22556s 2z,2,2,2,,0,,,,,,
20260412052922_0001_038,20260412052922_0001,20260412052922,特上卓,0,s6u,49,4p,tsumogiri,1775939600,2658.664,,3,960.027,"[81,89,8,76,47,87,88,50,40,18,49]","[38,64,70,60,54,41,10,59,95,5,98,51,99]","[12,55,17,102,25,53,13,101,45,14]","[79,61,91,56,90,62,68,46,69,78,37,66,93]",35m 2344p 234r55s,23m 12456789p 677s,44457m 355p 88s,13677899p 22556s,0,0,,4m,0,,,,,,
20260412052922_0001_039,20260412052922_0001,20260412052922,特上卓,1,こいきき,83,3s,risekichu_hokan_tsumogiri,1775939602,1308.017,,0,,"[81,89,8,76,47,87,88,50,40,18]","[38,64,70,60,54,41,10,59,95,5,98,51,99,83]","[12,55,17,102,25,53,13,101,45,14]","[79,61,91,56,90,62,68,46,69,78,37,66,93]",35m 234p 234r55s,23m 12456789p 3677s,44457m 355p 88s,13677899p 22556s,1,1,5,,0,,,,,,
20260412052922_0001_040,20260412052922_0001,20260412052922,特上卓,2,Fsight,72,1s,risekichu_hokan_tsumogiri,1775939605,2552.492,,0,,"[81,89,8,76,47,87,88,50,40,18]","[38,64,70,60,54,41,10,59,95,5,98,51,99]","[12,55,17,102,25,53,13,101,45,14,72]","[79,61,91,56,90,62,68,46,69,78,37,66,93]",35m 234p 234r55s,23m 12456789p 677s,44457m 355p 188s,13677899p 22556s,1,1,,,0,,,,,,
20260412052922_0001_041,20260412052922_0001,20260412052922,特上卓,3,skybit,69,9p,tedashi,1775939610,4709.119,,0,,"[81,89,8,76,47,87,88,50,40,18]","[38,64,70,60,54,41,10,59,95,5,98,51,99]","[12,55,17,102,25,53,13,101,45,14]","[79,61,91,56,90,62,68,46,69,78,37,66,93,23]",35m 234p 234r55s,23m 12456789p 677s,44457m 355p 88s,6m 13677899p 22556s,2,2,2,,0,,,,,,
20260412052922_0001_042,20260412052922_0001,20260412052922,特上卓,0,s6u,44,3p,tsumogiri,1775939612,2825.501,,2,1633.146,"[81,89,8,76,47,87,88,50,40,18,44]","[38,64,70,60,54,41,10,59,95,5,98,51,99]","[12,55,17,102,25,53,13,101,45,14]","[79,61,91,56,90,62,68,46,78,37,66,93,23]",35m 2334p 234r55s,23m 12456789p 677s,44457m 355p 88s,6m 1367789p 22556s,0,0,,4m,0,,,,,,
20260412052922_0001_043,20260412052922_0001,20260412052922,特上卓,1,こいきき,95,6s,tedashi,1775939615,1000.68,,0,,"[81,89,8,76,47,87,88,50,40,18]","[64,70,60,54,10,59,95,5,98,51,99]","[12,55,17,102,25,53,13,101,45,14]","[79,61,91,56,90,62,68,46,78,37,66,93,23]",35m 234p 234r55s,23m 456789p 677s,44457m 355p 88s,6m 1367789p 22556s,0,0,,14m,0,,,,,,
20260412052922_0001_044,20260412052922_0001,20260412052922,特上卓,2,Fsight,135,7z,risekichu_hokan_tsumogiri,1775939617,1872.949,,0,,"[81,89,8,76,47,87,88,50,40,18]","[64,70,60,54,10,59,5,98,51,99]","[12,55,17,102,25,53,13,101,45,14,135]","[79,61,91,56,90,62,68,46,78,37,66,93,23]",35m 234p 234r55s,23m 456789p 77s,44457m 355p 88s 7z,6m 1367789p 22556s,1,1,,,0,,,,,,
20260412052922_0001_045,20260412052922_0001,20260412052922,特上卓,3,skybit,37,1p,tedashi,1775939622,5517.602,,6,200.256,"[81,89,8,76,47,87,88,50,40,18]","[64,70,60,54,10,59,5,98,51,99]","[12,55,17,102,25,53,13,101,45,14]","[79,61,91,56,90,62,68,46,78,37,66,93,23,92]",35m 234p 234r55s,23m 456789p 77s,44457m 355p 88s,6m 1367789p 225566s,2,2,2,,0,,,,,,
20260412052922_0001_046,20260412052922_0001,20260412052922,特上卓,0,s6u,32,9m,tsumogiri,1775939627,4610.576,,0,,"[81,89,8,76,47,87,88,50,40,18,32]","[64,70,60,54,10,59,5,98,51,99]","[12,55,17,102,25,53,13,101,45,14]","[79,61,91,56,90,62,68,46,78,66,93,23,92]",359m 234p 234r55s,23m 456789p 77s,44457m 355p 88s,6m 367789p 225566s,0,0,,4m,0,,,,,,
20260412052922_0001_047,20260412052922_0001,20260412052922,特上卓,1,こいきき,131,6z,risekichu_hokan_tsumogiri,1775939629,1699.968,,0,,"[81,89,8,76,47,87,88,50,40,18]","[64,70,60,54,10,59,5,98,51,99,131]","[12,55,17,102,25,53,13,101,45,14]","[79,61,91,56,90,62,68,46,78,66,93,23,92]",35m 234p 234r55s,23m 456789p 77s 6z,44457m 355p 88s,6m 367789p 225566s,0,0,,14m,0,,,,,,
20260412052922_0001_048,20260412052922_0001,20260412052922,特上卓,2,Fsight,6,2m,risekichu_hokan_tsumogiri,1775939631,1926.715,,0,,"[81,89,8,76,47,87,88,50,40,18]","[64,70,60,54,10,59,5,98,51,99]","[12,55,17,102,25,53,13,101,45,14,6]","[79,61,91,56,90,62,68,46,78,66,93,23,92]",35m 234p 234r55s,23m 456789p 77s,244457m 355p 88s,6m 367789p 225566s,1,1,,,0,,,,,,
20260412052922_0001_049,20260412052922_0001,20260412052922,特上卓,3,skybit,93,6s,tedashi,1775939639,8304.68,,6,234.614,"[81,89,8,76,47,87,88,50,40,18]","[64,70,60,54,10,59,5,98,51,99]","[12,55,17,102,25,53,13,101,45,14]","[79,61,91,56,90,62,68,46,78,66,93,23,92,0]",35m 234p 234r55s,23m 456789p 77s,44457m 355p 88s,16m 367789p 225566s,2,2,2,,0,,,,,,
20260412052922_0001_050,20260412052922_0001,20260412052922,特上卓,0,s6u,126,5z,tsumogiri,1775939643,3960.926,,0,,"[81,89,8,76,47,87,88,50,40,18,126]","[64,70,60,54,10,59,5,98,51,99]","[12,55,17,102,25,53,13,101,45,14]","[79,61,91,56,90,62,68,46,78,66,23,92,0]",35m 234p 234r55s 5z,23m 456789p 77s,44457m 355p 88s,16m 367789p 22556s,0,0,,4m,0,,,,,,
20260412052922_0001_051,20260412052922_0001,20260412052922,特上卓,1,こいきき,20,6m,risekichu_hokan_tsumogiri,1775939645,1552.649,,2,3060.109,"[81,89,8,76,47,87,88,50,40,18]","[64,70,60,54,10,59,5,98,51,99,20]","[12,55,17,102,25,53,13,101,45,14]","[79,61,91,56,90,62,68,46,78,66,23,92,0]",35m 234p 234r55s,236m 456789p 77s,44457m 355p 88s,16m 367789p 22556s,0,0,,14m,0,,,,,,
20260412052922_0001_052,20260412052922_0001,20260412052922,特上卓,2,Fsight,45,3p,tedashi,1775939649,1330.283,,0,,"[81,89,8,76,47,87,88,50,40,18]","[64,70,60,54,10,59,5,98,51,99]","[12,55,102,53,13,101,45,14]","[79,61,91,56,90,62,68,46,78,66,23,92,0]",35m 234p 234r55s,23m 456789p 77s,444m 355p 88s,16m 367789p 22556s,0,0,,5p 8s,0,,,,,,
20260412052922_0001_053,20260412052922_0001,20260412052922,特上卓,3,skybit,46,3p,tedashi,1775939652,2587.786,,6,208.138,"[81,89,8,76,47,87,88,50,40,18]","[64,70,60,54,10,59,5,98,51,99]","[12,55,102,53,13,101,14]","[79,61,91,56,90,62,68,46,78,66,23,92,0,112]",35m 234p 234r55s,23m 456789p 77s,444m 55p 88s,16m 367789p 22556s 2z,3,3,3,,0,,,,,,
20260412052922_0001_054,20260412052922_0001,20260412052922,特上卓,0,s6u,121,4z,tsumogiri,1775939656,3881.385,,0,,"[81,89,8,76,47,87,88,50,40,18,121]","[64,70,60,54,10,59,5,98,51,99]","[12,55,102,53,13,101,14]","[79,61,91,56,90,62,68,78,66,23,92,0,112]",35m 234p 234r55s 4z,23m 456789p 77s,444m 55p 88s,16m 67789p 22556s 2z,0,0,,4m,0,,,,,,
20260412052922_0001_055,20260412052922_0001,20260412052922,特上卓,1,こいきき,48,4p,risekichu_hokan_tsumogiri,1775939658,2179.216,,0,,"[81,89,8,76,47,87,88,50,40,18]","[64,70,60,54,10,59,5,98,51,99,48]","[12,55,102,53,13,101,14]","[79,61,91,56,90,62,68,78,66,23,92,0,112]",35m 234p 234r55s,23m 4456789p 77s,444m 55p 88s,16m 67789p 22556s 2z,0,0,,14m,0,,,,,,
20260412052922_0001_056,20260412052922_0001,20260412052922,特上卓,2,Fsight,73,1s,risekichu_hokan_tsumogiri,1775939661,2512.597,,0,,"[81,89,8,76,47,87,88,50,40,18]","[64,70,60,54,10,59,5,98,51,99]","[12,55,102,53,13,101,14,73]","[79,61,91,56,90,62,68,78,66,23,92,0,112]",35m 234p 234r55s,23m 456789p 77s,444m 55p 188s,16m 67789p 22556s 2z,0,0,,5p 8s,0,,,,,,
20260412052922_0001_057,20260412052922_0001,20260412052922,特上卓,3,skybit,112,2z,tedashi,1775939663,2334.627,,5,1844.301,"[81,89,8,76,47,87,88,50,40,18]","[64,70,60,54,10,59,5,98,51,99]","[12,55,102,53,13,101,14]","[79,61,91,56,90,62,68,78,66,23,92,0,112,77]",35m 234p 234r55s,23m 456789p 77s,444m 55p 88s,16m 67789p 222556s 2z,2,2,3,,0,,,,,,
20260412052922_0001_058,20260412052922_0001,20260412052922,特上卓,0,s6u,107,9s,tsumogiri,1775939667,1836.216,,0,,"[81,89,8,76,47,87,88,50,40,18,107]","[64,70,60,54,10,59,5,98,51,99]","[12,55,102,53,13,101,14]","[79,61,91,56,90,62,68,78,66,23,92,0,77]",35m 234p 234r559s,23m 456789p 77s,444m 55p 88s,16m 67789p 222556s,0,0,,4m,0,,,,,,
20260412052922_0001_059,20260412052922_0001,20260412052922,特上卓,1,こいきき,31,8m,risekichu_hokan_tsumogiri,1775939668,1713.09,,0,,"[81,89,8,76,47,87,88,50,40,18]","[64,70,60,54,10,59,5,98,51,99,31]","[12,55,102,53,13,101,14]","[79,61,91,56,90,62,68,78,66,23,92,0,77]",35m 234p 234r55s,238m 456789p 77s,444m 55p 88s,16m 67789p 222556s,0,0,,14m,0,,,,,,
20260412052922_0001_060,20260412052922_0001,20260412052922,特上卓,2,Fsight,7,2m,risekichu_hokan_tsumogiri,1775939671,2307.306,,0,,"[81,89,8,76,47,87,88,50,40,18]","[64,70,60,54,10,59,5,98,51,99]","[12,55,102,53,13,101,14,7]","[79,61,91,56,90,62,68,78,66,23,92,0,77]",35m 234p 234r55s,23m 456789p 77s,2444m 55p 88s,16m 67789p 222556s,0,0,,5p 8s,0,,,,,,
20260412052922_0001_061,20260412052922_0001,20260412052922,特上卓,3,skybit,23,6m,tedashi,1775939677,5838.225,,0,,"[81,89,8,76,47,87,88,50,40,18]","[64,70,60,54,10,59,5,98,51,99]","[12,55,102,53,13,101,14]","[79,61,91,56,90,62,68,78,66,23,92,0,77,103]",35m 234p 234r55s,23m 456789p 77s,444m 55p 88s,16m 67789p 2225568s,1,1,3,,0,,,,,,
20260412052922_0001_062,20260412052922_0001,20260412052922,特上卓,0,s6u,3,1m,tsumogiri,1775939683,6744.949,,0,,"[81,89,8,76,47,87,88,50,40,18,3]","[64,70,60,54,10,59,5,98,51,99]","[12,55,102,53,13,101,14]","[79,61,91,56,90,62,68,78,66,92,0,77,103]",135m 234p 234r55s,23m 456789p 77s,444m 55p 88s,1m 67789p 2225568s,0,0,,4m,0,,,,,,
20260412052922_0002_000,20260412052922_0002,20260412052922,特上卓,1,こいきき,117,3z,tedashi,1775939693,,,0,,"[70,51,33,40,44,85,53,36,60,34,82,75,5]","[117,69,106,27,14,88,81,110,22,61,83,49,37,28]","[135,20,35,3,134,107,126,31,47,32,101,17,52]","[54,63,2,23,89,84,87,92,19,66,78,131,119]",299m 1234579p 134s,4678m 1479p 33r59s 13z,156899m 3r5p 89s 577z,156m 578p 24456s 36z,4,4,5,,0,,,,,,
20260412052922_0002_001,20260412052922_0002,20260412052922,特上卓,2,Fsight,101,8s,tedashi,1775939695,2871.711,,0,,"[70,51,33,40,44,85,53,36,60,34,82,75,5]","[69,106,27,14,88,81,110,22,61,83,49,37,28]","[135,20,35,3,134,107,126,31,47,32,101,17,52,0]","[54,63,2,23,89,84,87,92,19,66,78,131,119]",299m 1234579p 134s,4678m 1479p 33r59s 1z,1156899m 3r5p 89s 577z,156m 578p 24456s 36z,3,3,3,,0,,,,,,
20260412052922_0002_002,20260412052922_0002,20260412052922,特上卓,3,skybit,2,1m,tedashi,1775939698,2487.731,,2,1144.475,"[70,51,33,40,44,85,53,36,60,34,82,75,5]","[69,106,27,14,88,81,110,22,61,83,49,37,28]","[135,20,35,3,134,107,126,31,47,32,17,52,0]","[54,63,2,23,89,84,87,92,19,66,78,131,119,129]",299m 1234579p 134s,4678m 1479p 33r59s 1z,1156899m 3r5p 9s 577z,156m 578p 24456s 366z,2,2,4,,0,,,,,,
20260412052922_0002_003,20260412052922_0002,20260412052922,特上卓,2,Fsight,107,9s,tedashi,1775939700,1448.175,,0,,"[70,51,33,40,44,85,53,36,60,34,82,75,5]","[69,106,27,14,88,81,110,22,61,83,49,37,28]","[135,20,35,134,107,126,31,47,32,17,52]","[54,63,23,89,84,87,92,19,66,78,131,119,129]",299m 1234579p 134s,4678m 1479p 33r59s 1z,56899m 3r5p 9s 577z,56m 578p 24456s 366z,2,2,,,0,,,,,,
20260412052922_0002_004,20260412052922_0002,20260412052922,特上卓,3,skybit,119,3z,tedashi,1775939703,2702.922,,0,,"[70,51,33,40,44,85,53,36,60,34,82,75,5]","[69,106,27,14,88,81,110,22,61,83,49,37,28]","[135,20,35,134,126,31,47,32,17,52]","[54,63,23,89,84,87,92,19,66,78,131,119,129,109]",299m 1234579p 134s,4678m 1479p 33r59s 1z,56899m 3r5p 577z,56m 578p 24456s 1366z,2,2,4,,0,,,,,,
20260412052922_0002_005,20260412052922_0002,20260412052922,特上卓,0,s6u,104,9s,tsumogiri,1775939708,4833.141,,0,,"[70,51,33,40,44,85,53,36,60,34,82,75,5,104]","[69,106,27,14,88,81,110,22,61,83,49,37,28]","[135,20,35,134,126,31,47,32,17,52]","[54,63,23,89,84,87,92,19,66,78,131,129,109]",299m 1234579p 1349s,4678m 1479p 33r59s 1z,56899m 3r5p 577z,56m 578p 24456s 166z,2,2,5,,0,,,,,,
20260412052922_0002_006,20260412052922_0002,20260412052922,特上卓,1,こいきき,37,1p,tedashi,1775939710,2014.287,,0,,"[70,51,33,40,44,85,53,36,60,34,82,75,5]","[69,106,27,14,88,81,110,22,61,83,49,37,28,56]","[135,20,35,134,126,31,47,32,17,52]","[54,63,23,89,84,87,92,19,66,78,131,129,109]",299m 1234579p 134s,4678m 14679p 33r59s 1z,56899m 3r5p 577z,56m 578p 24456s 166z,3,3,5,,0,,,,,,
20260412052922_0002_007,20260412052922_0002,20260412052922,特上卓,2,Fsight,52,r5p,tedashi,1775939712,2169.176,,0,,"[70,51,33,40,44,85,53,36,60,34,82,75,5]","[69,106,27,14,88,81,110,22,61,83,49,28,56]","[135,20,35,134,126,31,47,32,17,52,120]","[54,63,23,89,84,87,92,19,66,78,131,129,109]",299m 1234579p 134s,4678m 4679p 33r59s 1z,56899m 3r5p 4577z,56m 578p 24456s 166z,2,2,,,0,,,,,,
20260412052922_0002_008,20260412052922_0002,20260412052922,特上卓,3,skybit,54,5p,tedashi,1775939716,3365.954,,3,3323.007,"[70,51,33,40,44,85,53,36,60,34,82,75,5]","[69,106,27,14,88,81,110,22,61,83,49,28,56]","[135,20,35,134,126,31,47,32,17,120]","[54,63,23,89,84,87,92,19,66,78,131,129,109,16]",299m 1234579p 134s,4678m 4679p 33r59s 1z,56899m 3p 4577z,r556m 578p 24456s 166z,2,2,3,,0,,,,,,
20260412052922_0002_009,20260412052922_0002,20260412052922,特上卓,0,s6u,75,1s,tedashi,1775939721,1969.254,,0,,"[70,51,33,40,44,85,53,36,60,34,82,75,5,100]","[69,106,27,14,88,81,110,22,61,83,49,28,56]","[135,20,35,134,126,31,47,32,17,120]","[63,23,89,84,87,92,19,66,78,131,129,109,16]",299m 1234579p 1348s,4678m 4679p 33r59s 1z,56899m 3p 4577z,r556m 78p 24456s 166z,2,2,5,,0,,,,,,
20260412052922_0002_010,20260412052922_0002,20260412052922,特上卓,1,こいきき,106,9s,tedashi,1775939723,2625.335,,0,,"[70,51,33,40,44,85,53,36,60,34,82,5,100]","[69,106,27,14,88,81,110,22,61,83,49,28,56,4]","[135,20,35,134,126,31,47,32,17,120]","[63,23,89,84,87,92,19,66,78,131,129,109,16]",299m 1234579p 348s,24678m 4679p 33r59s 1z,56899m 3p 4577z,r556m 78p 24456s 166z,2,2,5,,0,,,,,,
20260412052922_0002_011,20260412052922_0002,20260412052922,特上卓,2,Fsight,47,3p,tedashi,1775939726,2613.812,,0,,"[70,51,33,40,44,85,53,36,60,34,82,5,100]","[69,27,14,88,81,110,22,61,83,49,28,56,4]","[135,20,35,134,126,31,47,32,17,120,41]","[63,23,89,84,87,92,19,66,78,131,129,109,16]",299m 1234579p 348s,24678m 4679p 33r5s 1z,56899m 23p 4577z,r556m 78p 24456s 166z,2,2,,,0,,,,,,
20260412052922_0002_012,20260412052922_0002,20260412052922,特上卓,3,skybit,109,1z,tedashi,1775939729,3235.907,,0,,"[70,51,33,40,44,85,53,36,60,34,82,5,100]","[69,27,14,88,81,110,22,61,83,49,28,56,4]","[135,20,35,134,126,31,32,17,120,41]","[63,23,89,84,87,92,19,66,78,131,129,109,16,21]",299m 1234579p 348s,24678m 4679p 33r5s 1z,56899m 2p 4577z,r5566m 78p 24456s 166z,2,2,2,,0,,,,,,
20260412052922_0002_013,20260412052922_0002,20260412052922,特上卓,0,s6u,100,8s,tedashi,1775939732,2790.971,,0,,"[70,51,33,40,44,85,53,36,60,34,82,5,100,124]","[69,27,14,88,81,110,22,61,83,49,28,56,4]","[135,20,35,134,126,31,32,17,120,41]","[63,23,89,84,87,92,19,66,78,131,129,16,21]",299m 1234579p 348s 5z,24678m 4679p 33r5s 1z,56899m 2p 4577z,r5566m 78p 24456s 66z,2,2,5,,0,,,,,,
20260412052922_0002_014,20260412052922_0002,20260412052922,特上卓,1,こいきき,110,1z,tedashi,1775939734,1587.501,,0,,"[70,51,33,40,44,85,53,36,60,34,82,5,124]","[69,27,14,88,81,110,22,61,83,49,28,56,4,127]","[135,20,35,134,126,31,32,17,120,41]","[63,23,89,84,87,92,19,66,78,131,129,16,21]",299m 1234579p 34s 5z,24678m 4679p 33r5s 15z,56899m 2p 4577z,r5566m 78p 24456s 66z,2,2,5,,0,,,,,,
20260412052922_0002_015,20260412052922_0002,20260412052922,特上卓,2,Fsight,41,2p,tedashi,1775939736,2449.467,,0,,"[70,51,33,40,44,85,53,36,60,34,82,5,124]","[69,27,14,88,81,22,61,83,49,28,56,4,127]","[135,20,35,134,126,31,32,17,120,41,121]","[63,23,89,84,87,92,19,66,78,131,129,16,21]",299m 1234579p 34s 5z,24678m 4679p 33r5s 5z,56899m 2p 44577z,r5566m 78p 24456s 66z,2,2,,,0,,,,,,
20260412052922_0002_016,20260412052922_0002,20260412052922,特上卓,3,skybit,39,1p,risekichu_hokan_tsumogiri,1775939738,1646.14,,3,4578.959,"[70,51,33,40,44,85,53,36,60,34,82,5,124]","[69,27,14,88,81,22,61,83,49,28,56,4,127]","[135,20,35,134,126,31,32,17,120,121]","[63,23,89,84,87,92,19,66,78,131,129,16,21,39]",299m 1234579p 34s 5z,24678m 4679p 33r5s 5z,56899m 44577z,r5566m 178p 24456s 66z,2,2,2,,0,,,,,,
20260412052922_0002_017,20260412052922_0002,20260412052922,特上卓,0,s6u,128,6z,tsumogiri,1775939744,1182.794,,2,1245.38,"[70,51,33,40,44,85,53,36,60,34,82,5,124,128]","[69,27,14,88,81,22,61,83,49,28,56,4,127]","[135,20,35,134,126,31,32,17,120,121]","[63,23,89,84,87,92,19,66,78,131,129,16,21]",299m 1234579p 34s 56z,24678m 4679p 33r5s 5z,56899m 44577z,r5566m 78p 24456s 66z,2,2,5,,0,,,,,,
20260412052922_0002_018,20260412052922_0002,20260412052922,特上卓,3,skybit,23,6m,tedashi,1775939746,1247.352,,0,,"[70,51,33,40,44,85,53,36,60,34,82,5,124]","[69,27,14,88,81,22,61,83,49,28,56,4,127]","[135,20,35,134,126,31,32,17,120,121]","[63,23,89,84,87,92,19,66,78,16,21]",299m 1234579p 34s 5z,24678m 4679p 33r5s 5z,56899m 44577z,r5566m 78p 24456s,1,1,,,0,,,,,,
20260412052922_0002_019,20260412052922_0002,20260412052922,特上卓,0,s6u,5,2m,tedashi,1775939754,8141.737,,0,,"[70,51,33,40,44,85,53,36,60,34,82,5,124,77]","[69,27,14,88,81,22,61,83,49,28,56,4,127]","[135,20,35,134,126,31,32,17,120,121]","[63,89,84,87,92,19,66,78,16,21]",299m 1234579p 234s 5z,24678m 4679p 33r5s 5z,56899m 44577z,r556m 78p 24456s,1,1,5,,0,,,,,,
20260412052922_0002_020,20260412052922_0002,20260412052922,特上卓,1,こいきき,127,5z,tedashi,1775939756,1393.295,,0,,"[70,51,33,40,44,85,53,36,60,34,82,124,77]","[69,27,14,88,81,22,61,83,49,28,56,4,127,130]","[135,20,35,134,126,31,32,17,120,121]","[63,89,84,87,92,19,66,78,16,21]",99m 1234579p 234s 5z,24678m 4679p 33r5s 56z,56899m 44577z,r556m 78p 24456s,2,2,5,,0,,,,,,
20260412052922_0002_021,20260412052922_0002,20260412052922,特上卓,2,Fsight,112,2z,risekichu_hokan_tsumogiri,1775939758,2470.37,,0,,"[70,51,33,40,44,85,53,36,60,34,82,124,77]","[69,27,14,88,81,22,61,83,49,28,56,4,130]","[135,20,35,134,126,31,32,17,120,121,112]","[63,89,84,87,92,19,66,78,16,21]",99m 1234579p 234s 5z,24678m 4679p 33r5s 6z,56899m 244577z,r556m 78p 24456s,2,2,,,0,,,,,,
20260412052922_0002_022,20260412052922_0002,20260412052922,特上卓,3,skybit,21,6m,tedashi,1775939763,4482.175,,0,,"[70,51,33,40,44,85,53,36,60,34,82,124,77]","[69,27,14,88,81,22,61,83,49,28,56,4,130]","[135,20,35,134,126,31,32,17,120,121]","[63,89,84,87,92,19,66,78,16,21,115]",99m 1234579p 234s 5z,24678m 4679p 33r5s 6z,56899m 44577z,r556m 78p 24456s 2z,1,1,,,0,,,,,,
20260412052922_0002_023,20260412052922_0002,20260412052922,特上卓,0,s6u,68,9p,tsumogiri,1775939771,8349.94,,0,,"[70,51,33,40,44,85,53,36,60,34,82,124,77,68]","[69,27,14,88,81,22,61,83,49,28,56,4,130]","[135,20,35,134,126,31,32,17,120,121]","[63,89,84,87,92,19,66,78,16,115]",99m 12345799p 234s 5z,24678m 4679p 33r5s 6z,56899m 44577z,r55m 78p 24456s 2z,1,1,4,,0,,,,,,
20260412052922_0002_024,20260412052922_0002,20260412052922,特上卓,1,こいきき,69,9p,tedashi,1775939772,1576.047,,0,,"[70,51,33,40,44,85,53,36,60,34,82,124,77]","[69,27,14,88,81,22,61,83,49,28,56,4,130,48]","[135,20,35,134,126,31,32,17,120,121]","[63,89,84,87,92,19,66,78,16,115]",99m 1234579p 234s 5z,24678m 44679p 33r5s 6z,56899m 44577z,r55m 78p 24456s 2z,2,2,4,,0,,,,,,
20260412052922_0002_025,20260412052922_0002,20260412052922,特上卓,2,Fsight,126,5z,tedashi,1775939776,3806.323,,0,,"[70,51,33,40,44,85,53,36,60,34,82,124,77]","[27,14,88,81,22,61,83,49,28,56,4,130,48]","[135,20,35,134,126,31,32,17,120,121,12]","[63,89,84,87,92,19,66,78,16,115]",99m 1234579p 234s 5z,24678m 4467p 33r5s 6z,456899m 44577z,r55m 78p 24456s 2z,1,1,,,0,,,,,,
20260412052922_0002_026,20260412052922_0002,20260412052922,特上卓,3,skybit,115,2z,tedashi,1775939779,2216.185,,0,,"[70,51,33,40,44,85,53,36,60,34,82,124,77]","[27,14,88,81,22,61,83,49,28,56,4,130,48]","[135,20,35,134,31,32,17,120,121,12]","[63,89,84,87,92,19,66,78,16,115,95]",99m 1234579p 234s 5z,24678m 4467p 33r5s 6z,456899m 4477z,r55m 78p 244566s 2z,1,1,,,0,,,,,,
20260412052922_0002_027,20260412052922_0002,20260412052922,特上卓,0,s6u,97,7s,tsumogiri,1775939781,2742.309,,0,,"[70,51,33,40,44,85,53,36,60,34,82,124,77,97]","[27,14,88,81,22,61,83,49,28,56,4,130,48]","[135,20,35,134,31,32,17,120,121,12]","[63,89,84,87,92,19,66,78,16,95]",99m 1234579p 2347s 5z,24678m 4467p 33r5s 6z,456899m 4477z,r55m 78p 244566s,1,1,5,,0,,,,,,
20260412052922_0002_028,20260412052922_0002,20260412052922,特上卓,1,こいきき,130,6z,tedashi,1775939785,3428.295,,0,,"[70,51,33,40,44,85,53,36,60,34,82,124,77]","[27,14,88,81,22,61,83,49,28,56,4,130,48,55]","[135,20,35,134,31,32,17,120,121,12]","[63,89,84,87,92,19,66,78,16,95]",99m 1234579p 234s 5z,24678m 44567p 33r5s 6z,456899m 4477z,r55m 78p 244566s,1,1,4,,0,,,,,,
20260412052922_0002_029,20260412052922_0002,20260412052922,特上卓,2,Fsight,42,2p,risekichu_hokan_tsumogiri,1775939787,2158.951,,0,,"[70,51,33,40,44,85,53,36,60,34,82,124,77]","[27,14,88,81,22,61,83,49,28,56,4,48,55]","[135,20,35,134,31,32,17,120,121,12,42]","[63,89,84,87,92,19,66,78,16,95]",99m 1234579p 234s 5z,24678m 44567p 33r5s,456899m 2p 4477z,r55m 78p 244566s,1,1,,,0,,,,,,
20260412052922_0002_030,20260412052922_0002,20260412052922,特上卓,3,skybit,105,9s,risekichu_hokan_tsumogiri,1775939789,1949.394,,0,,"[70,51,33,40,44,85,53,36,60,34,82,124,77]","[27,14,88,81,22,61,83,49,28,56,4,48,55]","[135,20,35,134,31,32,17,120,121,12]","[63,89,84,87,92,19,66,78,16,95,105]",99m 1234579p 234s 5z,24678m 44567p 33r5s,456899m 4477z,r55m 78p 2445669s,1,1,,,0,,,,,,
20260412052922_0002_031,20260412052922_0002,20260412052922,特上卓,0,s6u,124,5z,tedashi,1775939793,993.605,2816.669,0,,"[70,51,33,40,44,85,53,36,60,34,82,124,77,59]","[27,14,88,81,22,61,83,49,28,56,4,48,55]","[135,20,35,134,31,32,17,120,121,12]","[63,89,84,87,92,19,66,78,16,95]",99m 12345679p 234s 5z,24678m 44567p 33r5s,456899m 4477z,r55m 78p 244566s,0,0,5,8p,0,,,,,,
20260412052922_0002_032,20260412052922_0002,20260412052922,特上卓,1,こいきき,4,2m,tedashi,1775939797,4102.522,,0,,"[70,51,33,40,44,85,53,36,60,34,82,77,59]","[27,14,88,81,22,61,83,49,28,56,4,48,55,79]","[135,20,35,134,31,32,17,120,121,12]","[63,89,84,87,92,19,66,78,16,95]",99m 12345679p 234s,24678m 44567p 233r5s,456899m 4477z,r55m 78p 244566s,1,1,4,,0,,,,,,
20260412052922_0002_033,20260412052922_0002,20260412052922,特上卓,2,Fsight,116,3z,risekichu_hokan_tsumogiri,1775939799,2372.159,,0,,"[70,51,33,40,44,85,53,36,60,34,82,77,59]","[27,14,88,81,22,61,83,49,28,56,48,55,79]","[135,20,35,134,31,32,17,120,121,12,116]","[63,89,84,87,92,19,66,78,16,95]",99m 12345679p 234s,4678m 44567p 233r5s,456899m 34477z,r55m 78p 244566s,1,1,,,0,,,,,,
20260412052922_0002_034,20260412052922_0002,20260412052922,特上卓,3,skybit,78,2s,tedashi,1775939802,2646.605,,0,,"[70,51,33,40,44,85,53,36,60,34,82,77,59]","[27,14,88,81,22,61,83,49,28,56,48,55,79]","[135,20,35,134,31,32,17,120,121,12]","[63,89,84,87,92,19,66,78,16,95,91]",99m 12345679p 234s,4678m 44567p 233r5s,456899m 4477z,r55m 78p 2445566s,0,0,,69p,0,,,,,,
20260412052922_0002_035,20260412052922_0002,20260412052922,特上卓,0,s6u,102,8s,tsumogiri,1775939802,685.531,,0,,"[70,51,33,40,44,85,53,36,60,34,82,77,59,102]","[27,14,88,81,22,61,83,49,28,56,48,55,79]","[135,20,35,134,31,32,17,120,121,12]","[63,89,84,87,92,19,66,16,95,91]",99m 12345679p 2348s,4678m 44567p 233r5s,456899m 4477z,r55m 78p 445566s,0,0,5,8p,0,,,,,,
20260412052922_0002_036,20260412052922_0002,20260412052922,特上卓,1,こいきき,79,2s,tedashi,1775939805,2410.21,,0,,"[70,51,33,40,44,85,53,36,60,34,82,77,59]","[27,14,88,81,22,61,83,49,28,56,48,55,79,65]","[135,20,35,134,31,32,17,120,121,12]","[63,89,84,87,92,19,66,16,95,91]",99m 12345679p 234s,4678m 445678p 233r5s,456899m 4477z,r55m 78p 445566s,1,1,4,,0,,,,,,
20260412052922_0002_037,20260412052922_0002,20260412052922,特上卓,2,Fsight,135,7z,tedashi,1775939807,2438.04,,0,,"[70,51,33,40,44,85,53,36,60,34,82,77,59]","[27,14,88,81,22,61,83,49,28,56,48,55,65]","[135,20,35,134,31,32,17,120,121,12,18]","[63,89,84,87,92,19,66,16,95,91]",99m 12345679p 234s,4678m 445678p 33r5s,4556899m 4477z,r55m 78p 445566s,1,1,,,0,,,,,,
20260412052922_0002_038,20260412052922_0002,20260412052922,特上卓,3,skybit,45,3p,risekichu_hokan_tsumogiri,1775939810,2513.783,,0,,"[70,51,33,40,44,85,53,36,60,34,82,77,59]","[27,14,88,81,22,61,83,49,28,56,48,55,65]","[20,35,134,31,32,17,120,121,12,18]","[63,89,84,87,92,19,66,16,95,91,45]",99m 12345679p 234s,4678m 445678p 33r5s,4556899m 447z,r55m 378p 445566s,0,0,,69p,0,,,,,,
20260412052922_0002_039,20260412052922_0002,20260412052922,特上卓,0,s6u,7,2m,tsumogiri,1775939810,682.962,,5,2493.504,"[70,51,33,40,44,85,53,36,60,34,82,77,59,7]","[27,14,88,81,22,61,83,49,28,56,48,55,65]","[20,35,134,31,32,17,120,121,12,18]","[63,89,84,87,92,19,66,16,95,91]",299m 12345679p 234s,4678m 445678p 33r5s,4556899m 447z,r55m 78p 445566s,0,0,5,8p,0,,,,,,
20260412052922_0002_040,20260412052922_0002,20260412052922,特上卓,1,こいきき,1,1m,risekichu_hokan_tsumogiri,1775939815,2521.464,,0,,"[70,51,33,40,44,85,53,36,60,34,82,77,59]","[27,14,88,81,22,61,83,49,28,56,48,55,65,1]","[20,35,134,31,32,17,120,121,12,18]","[63,89,84,87,92,19,66,16,95,91]",99m 12345679p 234s,14678m 445678p 33r5s,4556899m 447z,r55m 78p 445566s,2,2,4,,0,,,,,,
20260412052922_0002_041,20260412052922_0002,20260412052922,特上卓,2,Fsight,134,7z,tedashi,1775939817,1783.276,,0,,"[70,51,33,40,44,85,53,36,60,34,82,77,59]","[27,14,88,81,22,61,83,49,28,56,48,55,65]","[20,35,134,31,32,17,120,121,12,18,29]","[63,89,84,87,92,19,66,16,95,91]",99m 12345679p 234s,4678m 445678p 33r5s,45568899m 447z,r55m 78p 445566s,1,1,,,0,,,,,,
20260412052922_0002_042,20260412052922_0002,20260412052922,特上卓,3,skybit,132,7z,risekichu_hokan_tsumogiri,1775939819,2200.202,,0,,"[70,51,33,40,44,85,53,36,60,34,82,77,59]","[27,14,88,81,22,61,83,49,28,56,48,55,65]","[20,35,31,32,17,120,121,12,18,29]","[63,89,84,87,92,19,66,16,95,91,132]",99m 12345679p 234s,4678m 445678p 33r5s,45568899m 44z,r55m 78p 445566s 7z,0,0,,69p,0,,,,,,
20260412052922_0002_043,20260412052922_0002,20260412052922,特上卓,0,s6u,50,4p,tsumogiri,1775939820,698.913,,3,750.282,"[70,51,33,40,44,85,53,36,60,34,82,77,59,50]","[27,14,88,81,22,61,83,49,28,56,48,55,65]","[20,35,31,32,17,120,121,12,18,29]","[63,89,84,87,92,19,66,16,95,91]",99m 123445679p 234s,4678m 445678p 33r5s,45568899m 44z,r55m 78p 445566s,0,0,4,8p,0,,,,,,
20260412052922_0002_044,20260412052922_0002,20260412052922,特上卓,1,こいきき,14,4m,tedashi,1775939822,1529.176,,2,1316.564,"[70,51,33,40,44,85,53,36,60,34,82,77,59]","[27,14,88,81,22,61,83,49,28,56,48,55,65,90]","[20,35,31,32,17,120,121,12,18,29]","[63,89,84,87,92,19,66,16,95,91]",99m 12345679p 234s,4678m 445678p 33r55s,45568899m 44z,r55m 78p 445566s,1,1,3,,0,,,,,,
20260412052922_0002_045,20260412052922_0002,20260412052922,特上卓,2,Fsight,121,4z,tedashi,1775939825,1530.215,,0,,"[70,51,33,40,44,85,53,36,60,34,82,77,59]","[27,88,81,22,61,83,49,28,56,48,55,65,90]","[35,31,32,120,121,12,18,29]","[63,89,84,87,92,19,66,16,95,91]",99m 12345679p 234s,678m 445678p 33r55s,458899m 44z,r55m 78p 445566s,1,1,,,0,,,,,,
20260412052922_0002_046,20260412052922_0002,20260412052922,特上卓,3,skybit,24,7m,risekichu_hokan_tsumogiri,1775939838,13166.607,,0,,"[70,51,33,40,44,85,53,36,60,34,82,77,59]","[27,88,81,22,61,83,49,28,56,48,55,65,90]","[35,31,32,120,12,18,29]","[63,89,84,87,92,19,66,16,95,91,24]",99m 12345679p 234s,678m 445678p 33r55s,458899m 4z,r557m 78p 445566s,0,0,,69p,0,,,,,,
20260412052922_0002_047,20260412052922_0002,20260412052922,特上卓,0,s6u,73,1s,tsumogiri,1775939839,685.579,,0,,"[70,51,33,40,44,85,53,36,60,34,82,77,59,73]","[27,88,81,22,61,83,49,28,56,48,55,65,90]","[35,31,32,120,12,18,29]","[63,89,84,87,92,19,66,16,95,91]",99m 12345679p 1234s,678m 445678p 33r55s,458899m 4z,r55m 78p 445566s,0,0,5,8p,0,,,,,,
20260412052922_0002_048,20260412052922_0002,20260412052922,特上卓,1,こいきき,49,4p,tedashi,1775939842,652.337,2641.225,0,,"[70,51,33,40,44,85,53,36,60,34,82,77,59]","[27,88,81,22,61,83,49,28,56,48,55,65,90,71]","[35,31,32,120,12,18,29]","[63,89,84,87,92,19,66,16,95,91]",99m 12345679p 234s,678m 4456789p 33r55s,458899m 4z,r55m 78p 445566s,0,0,3,35s,0,,,,,,
20260412052922_0002_049,20260412052922_0002,20260412052922,特上卓,2,Fsight,120,4z,tedashi,1775939845,2203.175,,0,,"[70,51,33,40,44,85,53,36,60,34,82,77,59]","[27,88,81,22,61,83,28,56,48,55,65,90,71]","[35,31,32,120,12,18,29,6]","[63,89,84,87,92,19,66,16,95,91]",99m 12345679p 234s,678m 456789p 33r55s,2458899m 4z,r55m 78p 445566s,1,1,,,0,,,,,,
20260412052922_0002_050,20260412052922_0002,20260412052922,特上卓,3,skybit,125,5z,risekichu_hokan_tsumogiri,1775939847,2363.486,,0,,"[70,51,33,40,44,85,53,36,60,34,82,77,59]","[27,88,81,22,61,83,28,56,48,55,65,90,71]","[35,31,32,12,18,29,6]","[63,89,84,87,92,19,66,16,95,91,125]",99m 12345679p 234s,678m 456789p 33r55s,2458899m,r55m 78p 445566s 5z,0,0,,69p,0,,,,,,
20260412052922_0002_051,20260412052922_0002,20260412052922,特上卓,0,s6u,11,3m,tsumogiri,1775939848,685.278,,0,,"[70,51,33,40,44,85,53,36,60,34,82,77,59,11]","[27,88,81,22,61,83,28,56,48,55,65,90,71]","[35,31,32,12,18,29,6]","[63,89,84,87,92,19,66,16,95,91]",399m 12345679p 234s,678m 456789p 33r55s,2458899m,r55m 78p 445566s,0,0,5,8p,0,,,,,,
20260412052922_0002_052,20260412052922_0002,20260412052922,特上卓,1,こいきき,30,8m,risekichu_hokan_tsumogiri,1775939849,1258.316,,2,2253.907,"[70,51,33,40,44,85,53,36,60,34,82,77,59]","[27,88,81,22,61,83,28,56,48,55,65,90,71,30]","[35,31,32,12,18,29,6]","[63,89,84,87,92,19,66,16,95,91]",99m 12345679p 234s,6788m 456789p 33r55s,2458899m,r55m 78p 445566s,0,0,3,35s,0,,,,,,
20260412052922_0002_053,20260412052922_0002,20260412052922,特上卓,2,Fsight,6,2m,tedashi,1775939852,1310.712,,0,,"[70,51,33,40,44,85,53,36,60,34,82,77,59]","[27,88,81,22,61,83,28,56,48,55,65,90,71]","[35,32,12,18,6]","[63,89,84,87,92,19,66,16,95,91]",99m 12345679p 234s,678m 456789p 33r55s,24599m,r55m 78p 445566s,0,0,,36m,0,,,,,,
20260412052922_0002_054,20260412052922_0002,20260412052922,特上卓,3,skybit,86,4s,risekichu_hokan_tsumogiri,1775939856,3170.709,,0,,"[70,51,33,40,44,85,53,36,60,34,82,77,59]","[27,88,81,22,61,83,28,56,48,55,65,90,71]","[35,32,12,18]","[63,89,84,87,92,19,66,16,95,91,86]",99m 12345679p 234s,678m 456789p 33r55s,4599m,r55m 78p 4445566s,0,0,,69p,0,,,,,,
20260412052922_0002_055,20260412052922_0002,20260412052922,特上卓,0,s6u,98,7s,tsumogiri,1775939856,709.298,,0,,"[70,51,33,40,44,85,53,36,60,34,82,77,59,98]","[27,88,81,22,61,83,28,56,48,55,65,90,71]","[35,32,12,18]","[63,89,84,87,92,19,66,16,95,91]",99m 12345679p 2347s,678m 456789p 33r55s,4599m,r55m 78p 445566s,0,0,5,8p,0,,,,,,
20260412052922_0002_056,20260412052922_0002,20260412052922,特上卓,1,こいきき,114,2z,risekichu_hokan_tsumogiri,1775939858,1260.966,,0,,"[70,51,33,40,44,85,53,36,60,34,82,77,59]","[27,88,81,22,61,83,28,56,48,55,65,90,71,114]","[35,32,12,18]","[63,89,84,87,92,19,66,16,95,91]",99m 12345679p 234s,678m 456789p 33r55s 2z,4599m,r55m 78p 445566s,0,0,4,35s,0,,,,,,
20260412052922_0002_057,20260412052922_0002,20260412052922,特上卓,2,Fsight,113,2z,risekichu_hokan_tsumogiri,1775939860,2819.126,,0,,"[70,51,33,40,44,85,53,36,60,34,82,77,59]","[27,88,81,22,61,83,28,56,48,55,65,90,71]","[35,32,12,18,113]","[63,89,84,87,92,19,66,16,95,91]",99m 12345679p 234s,678m 456789p 33r55s,4599m 2z,r55m 78p 445566s,0,0,,36m,0,,,,,,
20260412052922_0002_058,20260412052922_0002,20260412052922,特上卓,3,skybit,103,8s,risekichu_hokan_tsumogiri,1775939869,8162.256,,0,,"[70,51,33,40,44,85,53,36,60,34,82,77,59]","[27,88,81,22,61,83,28,56,48,55,65,90,71]","[35,32,12,18]","[63,89,84,87,92,19,66,16,95,91,103]",99m 12345679p 234s,678m 456789p 33r55s,4599m,r55m 78p 4455668s,0,0,,69p,0,,,,,,
20260412052922_0002_059,20260412052922_0002,20260412052922,特上卓,0,s6u,74,1s,tsumogiri,1775939869,686.36,,0,,"[70,51,33,40,44,85,53,36,60,34,82,77,59,74]","[27,88,81,22,61,83,28,56,48,55,65,90,71]","[35,32,12,18]","[63,89,84,87,92,19,66,16,95,91]",99m 12345679p 1234s,678m 456789p 33r55s,4599m,r55m 78p 445566s,0,0,5,8p,0,,,,,,
20260412052922_0002_060,20260412052922_0002,20260412052922,特上卓,1,こいきき,93,6s,risekichu_hokan_tsumogiri,1775939871,1223.824,,3,2066.668,"[70,51,33,40,44,85,53,36,60,34,82,77,59]","[27,88,81,22,61,83,28,56,48,55,65,90,71,93]","[35,32,12,18]","[63,89,84,87,92,19,66,16,95,91]",99m 12345679p 234s,678m 456789p 33r556s,4599m,r55m 78p 445566s,0,0,4,35s,0,,,,,,
20260412052922_0002_061,20260412052922_0002,20260412052922,特上卓,2,Fsight,26,7m,risekichu_hokan_tsumogiri,1775939877,4280.676,,0,,"[70,51,33,40,44,85,53,36,60,34,82,77,59]","[27,88,81,22,61,83,28,56,48,55,65,90,71]","[35,32,12,18,26]","[63,89,84,87,92,19,66,16,95,91]",99m 12345679p 234s,678m 456789p 33r55s,45799m,r55m 78p 445566s,0,0,,36m,0,,,,,,
20260412052922_0002_062,20260412052922_0002,20260412052922,特上卓,3,skybit,111,1z,risekichu_hokan_tsumogiri,1775939883,5929.894,,0,,"[70,51,33,40,44,85,53,36,60,34,82,77,59]","[27,88,81,22,61,83,28,56,48,55,65,90,71]","[35,32,12,18]","[63,89,84,87,92,19,66,16,95,91,111]",99m 12345679p 234s,678m 456789p 33r55s,4599m,r55m 78p 445566s 1z,0,0,,69p,0,,,,,,
20260412052922_0002_063,20260412052922_0002,20260412052922,特上卓,0,s6u,43,2p,tsumogiri,1775939884,704.598,,0,,"[70,51,33,40,44,85,53,36,60,34,82,77,59,43]","[27,88,81,22,61,83,28,56,48,55,65,90,71]","[35,32,12,18]","[63,89,84,87,92,19,66,16,95,91]",99m 122345679p 234s,678m 456789p 33r55s,4599m,r55m 78p 445566s,0,0,4,8p,0,,,,,,
20260412052922_0002_064,20260412052922_0002,20260412052922,特上卓,1,こいきき,94,6s,risekichu_hokan_tsumogiri,1775939885,1418.352,,3,1340.614,"[70,51,33,40,44,85,53,36,60,34,82,77,59]","[27,88,81,22,61,83,28,56,48,55,65,90,71,94]","[35,32,12,18]","[63,89,84,87,92,19,66,16,95,91]",99m 12345679p 234s,678m 456789p 33r556s,4599m,r55m 78p 445566s,0,0,4,35s,0,,,,,,
20260412052922_0002_065,20260412052922_0002,20260412052922,特上卓,2,Fsight,64,8p,risekichu_hokan_tsumogiri,1775939889,2646.591,,0,,"[70,51,33,40,44,85,53,36,60,34,82,77,59]","[27,88,81,22,61,83,28,56,48,55,65,90,71]","[35,32,12,18,64]","[63,89,84,87,92,19,66,16,95,91]",99m 12345679p 234s,678m 456789p 33r55s,4599m 8p,r55m 78p 445566s,0,0,,36m,0,,,,,,
20260412052922_0100_000,20260412052922_0100,20260412052922,特上卓,2,Fsight,38,1p,risekichu_hokan_tsumogiri,1775939903,,,3,1318.034,"[60,55,117,44,68,1,65,22,27,63,52,47,17]","[70,107,84,35,20,61,15,69,72,116,82,105,66]","[126,58,120,133,78,100,109,74,28,21,80,111,124,38]","[87,6,132,51,46,57,119,43,127,40,104,118,45]",1567m 33r557789p 3z,469m 7899p 13499s 3z,68m 16p 1238s 114557z,2m 223346p 49s 3357z,3,3,4,,0,,,,,,
20260412052922_0100_001,20260412052922_0100,20260412052922,特上卓,3,skybit,104,9s,tedashi,1775939905,1202.572,,6,253.47,"[60,55,117,44,68,1,65,22,27,63,52,47,17]","[70,107,84,35,20,61,15,69,72,116,82,105,66]","[126,58,120,133,78,100,109,74,28,21,80,111,124]","[87,6,132,51,46,57,119,43,127,40,104,118,45,92]",1567m 33r557789p 3z,469m 7899p 13499s 3z,68m 6p 1238s 114557z,2m 223346p 469s 3357z,3,3,3,,0,,,,,,
20260412052922_0100_002,20260412052922_0100,20260412052922,特上卓,0,s6u,117,3z,tedashi,1775939906,1207.299,,3,1095.513,"[60,55,117,44,68,1,65,22,27,63,52,47,17,29]","[70,107,84,35,20,61,15,69,72,116,82,105,66]","[126,58,120,133,78,100,109,74,28,21,80,111,124]","[87,6,132,51,46,57,119,43,127,40,118,45,92]",15678m 33r557789p 3z,469m 7899p 13499s 3z,68m 6p 1238s 114557z,2m 223346p 46s 3357z,2,2,3,,0,,,,,,
20260412052922_0100_003,20260412052922_0100,20260412052922,特上卓,1,こいきき,116,3z,tedashi,1775939909,917.025,,6,268.289,"[60,55,44,68,1,65,22,27,63,52,47,17,29]","[70,107,84,35,20,61,15,69,72,116,82,105,66,98]","[126,58,120,133,78,100,109,74,28,21,80,111,124]","[87,6,132,51,46,57,119,43,127,40,118,45,92]",15678m 33r557789p,469m 7899p 134799s 3z,68m 6p 1238s 114557z,2m 223346p 46s 3357z,3,3,4,,0,,,,,,
20260412052922_0100_004,20260412052922_0100,20260412052922,特上卓,2,Fsight,2,1m,risekichu_hokan_tsumogiri,1775939911,2058.516,,0,,"[60,55,44,68,1,65,22,27,63,52,47,17,29]","[70,107,84,35,20,61,15,69,72,82,105,66,98]","[126,58,120,133,78,100,109,74,28,21,80,111,124,2]","[87,6,132,51,46,57,119,43,127,40,118,45,92]",15678m 33r557789p,469m 7899p 134799s,168m 6p 1238s 114557z,2m 223346p 46s 3357z,3,3,4,,0,,,,,,
20260412052922_0100_005,20260412052922_0100,20260412052922,特上卓,3,skybit,75,1s,risekichu_hokan_tsumogiri,1775939912,1620.541,,0,,"[60,55,44,68,1,65,22,27,63,52,47,17,29]","[70,107,84,35,20,61,15,69,72,82,105,66,98]","[126,58,120,133,78,100,109,74,28,21,80,111,124]","[87,6,132,51,46,57,119,43,127,40,118,45,92,75]",15678m 33r557789p,469m 7899p 134799s,68m 6p 1238s 114557z,2m 223346p 146s 3357z,3,3,3,,0,,,,,,
20260412052922_0100_006,20260412052922_0100,20260412052922,特上卓,0,s6u,1,1m,tedashi,1775939915,2649.97,,0,,"[60,55,44,68,1,65,22,27,63,52,47,17,29,108]","[70,107,84,35,20,61,15,69,72,82,105,66,98]","[126,58,120,133,78,100,109,74,28,21,80,111,124]","[87,6,132,51,46,57,119,43,127,40,118,45,92]",15678m 33r557789p 1z,469m 7899p 134799s,68m 6p 1238s 114557z,2m 223346p 46s 3357z,2,2,3,,0,,,,,,
20260412052922_0100_007,20260412052922_0100,20260412052922,特上卓,1,こいきき,35,9m,tedashi,1775939917,1625.127,,0,,"[60,55,44,68,65,22,27,63,52,47,17,29,108]","[70,107,84,35,20,61,15,69,72,82,105,66,98,106]","[126,58,120,133,78,100,109,74,28,21,80,111,124]","[87,6,132,51,46,57,119,43,127,40,118,45,92]",5678m 33r557789p 1z,469m 7899p 1347999s,68m 6p 1238s 114557z,2m 223346p 46s 3357z,2,2,4,,0,,,,,,
20260412052922_0100_008,20260412052922_0100,20260412052922,特上卓,2,Fsight,49,4p,risekichu_hokan_tsumogiri,1775939919,2204.219,,3,1060.367,"[60,55,44,68,65,22,27,63,52,47,17,29,108]","[70,107,84,20,61,15,69,72,82,105,66,98,106]","[126,58,120,133,78,100,109,74,28,21,80,111,124,49]","[87,6,132,51,46,57,119,43,127,40,118,45,92]",5678m 33r557789p 1z,46m 7899p 1347999s,68m 46p 1238s 114557z,2m 223346p 46s 3357z,2,2,4,,0,,,,,,
20260412052922_0100_009,20260412052922_0100,20260412052922,特上卓,3,skybit,127,5z,tedashi,1775939922,2175.282,,2,1375.722,"[60,55,44,68,65,22,27,63,52,47,17,29,108]","[70,107,84,20,61,15,69,72,82,105,66,98,106]","[126,58,120,133,78,100,109,74,28,21,80,111,124]","[87,6,132,51,46,57,119,43,127,40,118,45,92,79]",5678m 33r557789p 1z,46m 7899p 1347999s,68m 6p 1238s 114557z,2m 223346p 246s 3357z,3,3,3,,0,,,,,,
20260412052922_0100_010,20260412052922_0100,20260412052922,特上卓,2,Fsight,58,6p,tedashi,1775939924,810.938,,0,,"[60,55,44,68,65,22,27,63,52,47,17,29,108]","[70,107,84,20,61,15,69,72,82,105,66,98,106]","[58,120,133,78,100,109,74,28,21,80,111]","[87,6,132,51,46,57,119,43,40,118,45,92,79]",5678m 33r557789p 1z,46m 7899p 1347999s,68m 6p 1238s 1147z,2m 223346p 246s 337z,2,2,,,0,,,,,,
20260412052922_0100_011,20260412052922_0100,20260412052922,特上卓,3,skybit,122,4z,risekichu_hokan_tsumogiri,1775939926,1760.259,,0,,"[60,55,44,68,65,22,27,63,52,47,17,29,108]","[70,107,84,20,61,15,69,72,82,105,66,98,106]","[120,133,78,100,109,74,28,21,80,111]","[87,6,132,51,46,57,119,43,40,118,45,92,79,122]",5678m 33r557789p 1z,46m 7899p 1347999s,68m 1238s 1147z,2m 223346p 246s 3347z,3,3,3,,0,,,,,,
20260412052922_0100_012,20260412052922_0100,20260412052922,特上卓,0,s6u,108,1z,tedashi,1775939928,1486.615,,2,1481.514,"[60,55,44,68,65,22,27,63,52,47,17,29,108,11]","[70,107,84,20,61,15,69,72,82,105,66,98,106]","[120,133,78,100,109,74,28,21,80,111]","[87,6,132,51,46,57,119,43,40,118,45,92,79]",35678m 33r557789p 1z,46m 7899p 1347999s,68m 1238s 1147z,2m 223346p 246s 337z,1,1,3,,0,,,,,,
20260412052922_0100_013,20260412052922_0100,20260412052922,特上卓,2,Fsight,21,6m,tedashi,1775939930,917.511,,0,,"[60,55,44,68,65,22,27,63,52,47,17,29,11]","[70,107,84,20,61,15,69,72,82,105,66,98,106]","[120,133,78,100,74,28,21,80]","[87,6,132,51,46,57,119,43,40,118,45,92,79]",35678m 33r557789p,46m 7899p 1347999s,68m 1238s 47z,2m 223346p 246s 337z,1,1,,,0,,,,,,
20260412052922_0100_014,20260412052922_0100,20260412052922,特上卓,3,skybit,57,6p,tedashi,1775939934,3844.862,,3,2407.519,"[60,55,44,68,65,22,27,63,52,47,17,29,11]","[70,107,84,20,61,15,69,72,82,105,66,98,106]","[120,133,78,100,74,28,80]","[87,6,132,51,46,57,119,43,40,118,45,92,79,93]",35678m 33r557789p,46m 7899p 1347999s,8m 1238s 47z,2m 223346p 2466s 337z,2,2,2,,0,,,,,,
20260412052922_0100_015,20260412052922_0100,20260412052922,特上卓,0,s6u,11,3m,tedashi,1775939939,2536.356,,0,,"[60,55,44,68,65,22,27,63,52,47,17,29,11,33]","[70,107,84,20,61,15,69,72,82,105,66,98,106]","[120,133,78,100,74,28,80]","[87,6,132,51,46,119,43,40,118,45,92,79,93]",356789m 33r557789p,46m 7899p 1347999s,8m 1238s 47z,2m 22334p 2466s 337z,1,1,3,,0,,,,,,
20260412052922_0100_016,20260412052922_0100,20260412052922,特上卓,1,こいきき,72,1s,tedashi,1775939941,1985.85,,3,1557.324,"[60,55,44,68,65,22,27,63,52,47,17,29,33]","[70,107,84,20,61,15,69,72,82,105,66,98,106,64]","[120,133,78,100,74,28,80]","[87,6,132,51,46,119,43,40,118,45,92,79,93]",56789m 33r557789p,46m 78899p 1347999s,8m 1238s 47z,2m 22334p 2466s 337z,2,2,3,,0,,,,,,
20260412052922_0100_017,20260412052922_0100,20260412052922,特上卓,2,Fsight,24,7m,risekichu_hokan_tsumogiri,1775939944,1240.408,,0,,"[60,55,44,68,65,22,27,63,52,47,17,29,33]","[70,107,84,20,61,15,69,82,105,66,98,106,64]","[120,133,78,100,74,28,80,24]","[87,6,132,51,46,119,43,40,118,45,92,79,93]",56789m 33r557789p,46m 78899p 347999s,78m 1238s 47z,2m 22334p 2466s 337z,1,1,,,0,,,,,,
20260412052922_0100_018,20260412052922_0100,20260412052922,特上卓,3,skybit,119,3z,tedashi,1775939947,3330.584,,0,,"[60,55,44,68,65,22,27,63,52,47,17,29,33]","[70,107,84,20,61,15,69,82,105,66,98,106,64]","[120,133,78,100,74,28,80]","[87,6,132,51,46,119,43,40,118,45,92,79,93,99]",56789m 33r557789p,46m 78899p 347999s,8m 1238s 47z,2m 22334p 24667s 337z,2,2,2,,0,,,,,,
20260412052922_0100_019,20260412052922_0100,20260412052922,特上卓,0,s6u,95,6s,tsumogiri,1775939949,2327.666,,3,1024.152,"[60,55,44,68,65,22,27,63,52,47,17,29,33,95]","[70,107,84,20,61,15,69,82,105,66,98,106,64]","[120,133,78,100,74,28,80]","[87,6,132,51,46,43,40,118,45,92,79,93,99]",56789m 33r557789p 6s,46m 78899p 347999s,8m 1238s 47z,2m 22334p 24667s 37z,1,1,3,,0,,,,,,
20260412052922_0100_020,20260412052922_0100,20260412052922,特上卓,1,こいきき,20,6m,tedashi,1775939954,4177.453,,0,,"[60,55,44,68,65,22,27,63,52,47,17,29,33]","[70,107,84,20,61,15,69,82,105,66,98,106,64,62]","[120,133,78,100,74,28,80]","[87,6,132,51,46,43,40,118,45,92,79,93,99]",56789m 33r557789p,46m 778899p 347999s,8m 1238s 47z,2m 22334p 24667s 37z,1,1,2,,0,,,,,,
20260412052922_0100_021,20260412052922_0100,20260412052922,特上卓,2,Fsight,28,8m,tedashi,1775939957,2337.565,,0,,"[60,55,44,68,65,22,27,63,52,47,17,29,33]","[70,107,84,61,15,69,82,105,66,98,106,64,62]","[120,133,78,100,74,28,80,90]","[87,6,132,51,46,43,40,118,45,92,79,93,99]",56789m 33r557789p,4m 778899p 347999s,8m 12358s 47z,2m 22334p 24667s 37z,2,2,,,0,,,,,,
20260412052922_0100_022,20260412052922_0100,20260412052922,特上卓,3,skybit,118,3z,tedashi,1775939960,2779.983,,0,,"[60,55,44,68,65,22,27,63,52,47,17,29,33]","[70,107,84,61,15,69,82,105,66,98,106,64,62]","[120,133,78,100,74,80,90]","[87,6,132,51,46,43,40,118,45,92,79,93,99,101]",56789m 33r557789p,4m 778899p 347999s,12358s 47z,2m 22334p 246678s 37z,2,2,3,,0,,,,,,
20260412052922_0100_023,20260412052922_0100,20260412052922,特上卓,0,s6u,131,6z,tsumogiri,1775939965,5861.299,,0,,"[60,55,44,68,65,22,27,63,52,47,17,29,33,131]","[70,107,84,61,15,69,82,105,66,98,106,64,62]","[120,133,78,100,74,80,90]","[87,6,132,51,46,43,40,45,92,79,93,99,101]",56789m 33r557789p 6z,4m 778899p 347999s,12358s 47z,2m 22334p 246678s 7z,1,1,3,,0,,,,,,
20260412052922_0100_024,20260412052922_0100,20260412052922,特上卓,1,こいきき,37,1p,risekichu_hokan_tsumogiri,1775939968,2270.391,,0,,"[60,55,44,68,65,22,27,63,52,47,17,29,33]","[70,107,84,61,15,69,82,105,66,98,106,64,62,37]","[120,133,78,100,74,80,90]","[87,6,132,51,46,43,40,45,92,79,93,99,101]",56789m 33r557789p,4m 1778899p 347999s,12358s 47z,2m 22334p 246678s 7z,1,1,2,,0,,,,,,
20260412052922_0100_025,20260412052922_0100,20260412052922,特上卓,2,Fsight,120,4z,tedashi,1775939971,3171.188,,0,,"[60,55,44,68,65,22,27,63,52,47,17,29,33]","[70,107,84,61,15,69,82,105,66,98,106,64,62]","[120,133,78,100,74,80,90,112]","[87,6,132,51,46,43,40,45,92,79,93,99,101]",56789m 33r557789p,4m 778899p 347999s,12358s 247z,2m 22334p 246678s 7z,2,2,,,0,,,,,,
20260412052922_0100_026,20260412052922_0100,20260412052922,特上卓,3,skybit,51,4p,tedashi,1775939979,8050.128,,3,1897.193,"[60,55,44,68,65,22,27,63,52,47,17,29,33]","[70,107,84,61,15,69,82,105,66,98,106,64,62]","[133,78,100,74,80,90,112]","[87,6,132,51,46,43,40,45,92,79,93,99,101,115]",56789m 33r557789p,4m 778899p 347999s,12358s 27z,2m 22334p 246678s 27z,2,2,3,,0,,,,,,
20260412052922_0100_027,20260412052922_0100,20260412052922,特上卓,0,s6u,33,9m,tedashi,1775939985,4090.25,,0,,"[60,55,44,68,65,22,27,63,52,47,17,29,33,30]","[70,107,84,61,15,69,82,105,66,98,106,64,62]","[133,78,100,74,80,90,112]","[87,6,132,46,43,40,45,92,79,93,99,101,115]",567889m 33r557789p,4m 778899p 347999s,12358s 27z,2m 2233p 246678s 27z,1,1,2,,0,,,,,,
20260412052922_0100_028,20260412052922_0100,20260412052922,特上卓,1,こいきき,15,4m,tedashi,1775939988,3527.525,,0,,"[60,55,44,68,65,22,27,63,52,47,17,29,30]","[70,107,84,61,15,69,82,105,66,98,106,64,62,114]","[133,78,100,74,80,90,112]","[87,6,132,46,43,40,45,92,79,93,99,101,115]",56788m 33r557789p,4m 778899p 347999s 2z,12358s 27z,2m 2233p 246678s 27z,1,1,2,,0,,,,,,
20260412052922_0100_029,20260412052922_0100,20260412052922,特上卓,2,Fsight,36,1p,risekichu_hokan_tsumogiri,1775939991,2154.668,,3,1137.066,"[60,55,44,68,65,22,27,63,52,47,17,29,30]","[70,107,84,61,69,82,105,66,98,106,64,62,114]","[133,78,100,74,80,90,112,36]","[87,6,132,46,43,40,45,92,79,93,99,101,115]",56788m 33r557789p,778899p 347999s 2z,1p 12358s 27z,2m 2233p 246678s 27z,2,2,,,0,,,,,,
20260412052922_0100_030,20260412052922_0100,20260412052922,特上卓,3,skybit,45,3p,tedashi,1775939999,7159.515,,2,2635.398,"[60,55,44,68,65,22,27,63,52,47,17,29,30]","[70,107,84,61,69,82,105,66,98,106,64,62,114]","[133,78,100,74,80,90,112]","[87,6,132,46,43,40,45,92,79,93,99,101,115,103]",56788m 33r557789p,778899p 347999s 2z,12358s 27z,2m 2233p 2466788s 27z,2,2,2,,0,,,,,,
20260412052922_0100_031,20260412052922_0100,20260412052922,特上卓,0,s6u,65,8p,tedashi,1775940003,1832.737,,6,351.473,"[60,55,68,65,22,27,63,52,17,29,30]","[70,107,84,61,69,82,105,66,98,106,64,62,114]","[133,78,100,74,80,90,112]","[87,6,132,46,43,40,92,79,93,99,101,115,103]",56788m r557789p,778899p 347999s 2z,12358s 27z,2m 223p 2466788s 27z,0,0,,,0,,,,,,
20260412052922_0100_032,20260412052922_0100,20260412052922,特上卓,1,こいきき,53,5p,risekichu_hokan_tsumogiri,1775940006,1893.806,,2,1071.483,"[60,55,68,22,27,63,52,17,29,30]","[70,107,84,61,69,82,105,66,98,106,64,62,114,53]","[133,78,100,74,80,90,112]","[87,6,132,46,43,40,92,79,93,99,101,115,103]",56788m r55779p,5778899p 347999s 2z,12358s 27z,2m 223p 2466788s 27z,1,1,2,,0,,,,,,
20260412052922_0100_033,20260412052922_0100,20260412052922,特上卓,0,s6u,68,9p,tedashi,1775940007,759.778,,6,229.129,"[60,68,22,27,63,17,29,30]","[70,107,84,61,69,82,105,66,98,106,64,62,114]","[133,78,100,74,80,90,112]","[87,6,132,46,43,40,92,79,93,99,101,115,103]",56788m 779p,778899p 347999s 2z,12358s 27z,2m 223p 2466788s 27z,0,0,,8m 7p,0,,,,,,
20260412052922_0100_034,20260412052922_0100,20260412052922,特上卓,1,こいきき,32,9m,risekichu_hokan_tsumogiri,1775940009,1501.647,,0,,"[60,22,27,63,17,29,30]","[70,107,84,61,69,82,105,66,98,106,64,62,114,32]","[133,78,100,74,80,90,112]","[87,6,132,46,43,40,92,79,93,99,101,115,103]",56788m 77p,9m 778899p 347999s 2z,12358s 27z,2m 223p 2466788s 27z,1,1,2,,0,,,,,,
20260412052922_0100_035,20260412052922_0100,20260412052922,特上卓,2,Fsight,112,2z,tedashi,1775940012,2369.383,,0,,"[60,22,27,63,17,29,30]","[70,107,84,61,69,82,105,66,98,106,64,62,114]","[133,78,100,74,80,90,112,77]","[87,6,132,46,43,40,92,79,93,99,101,115,103]",56788m 77p,778899p 347999s 2z,122358s 27z,2m 223p 2466788s 27z,2,2,,,0,,,,,,
20260412052922_0100_036,20260412052922_0100,20260412052922,特上卓,3,skybit,115,2z,tedashi,1775940016,4557.007,,0,,"[60,22,27,63,17,29,30]","[70,107,84,61,69,82,105,66,98,106,64,62,114]","[133,78,100,74,80,90,77]","[87,6,132,46,43,40,92,79,93,99,101,115,103,97]",56788m 77p,778899p 347999s 2z,122358s 7z,2m 223p 24667788s 27z,2,2,2,,0,,,,,,
20260412052922_0100_037,20260412052922_0100,20260412052922,特上卓,0,s6u,128,6z,tsumogiri,1775940017,1339.777,,0,,"[60,22,27,63,17,29,30,128]","[70,107,84,61,69,82,105,66,98,106,64,62,114]","[133,78,100,74,80,90,77]","[87,6,132,46,43,40,92,79,93,99,101,103,97]",56788m 77p 6z,778899p 347999s 2z,122358s 7z,2m 223p 24667788s 7z,0,0,,8m 7p,0,,,,,,
20260412052922_0100_038,20260412052922_0100,20260412052922,特上卓,1,こいきき,114,2z,tedashi,1775940040,22928.968,,0,,"[60,22,27,63,17,29,30]","[70,107,84,61,69,82,105,66,98,106,64,62,114,125]","[133,78,100,74,80,90,77]","[87,6,132,46,43,40,92,79,93,99,101,103,97]",56788m 77p,778899p 347999s 25z,122358s 7z,2m 223p 24667788s 7z,1,1,2,,0,,,,,,
20260412052922_0100_039,20260412052922_0100,20260412052922,特上卓,2,Fsight,42,2p,risekichu_hokan_tsumogiri,1775940042,1854.369,,3,1471.55,"[60,22,27,63,17,29,30]","[70,107,84,61,69,82,105,66,98,106,64,62,125]","[133,78,100,74,80,90,77,42]","[87,6,132,46,43,40,92,79,93,99,101,103,97]",56788m 77p,778899p 347999s 5z,2p 122358s 7z,2m 223p 24667788s 7z,2,2,,,0,,,,,,
20260412052922_0100_040,20260412052922_0100,20260412052922,特上卓,3,skybit,46,3p,tedashi,1775940047,3378.413,,0,,"[60,22,27,63,17,29,30]","[70,107,84,61,69,82,105,66,98,106,64,62,125]","[133,78,100,74,80,90,77]","[87,6,132,46,43,40,92,79,93,99,101,103,97,86]",56788m 77p,778899p 347999s 5z,122358s 7z,2m 223p 244667788s 7z,1,2,1,,0,,,,,,
20260412052922_0100_041,20260412052922_0100,20260412052922,特上卓,0,s6u,96,7s,tsumogiri,1775940050,2709.226,,3,1861.388,"[60,22,27,63,17,29,30,96]","[70,107,84,61,69,82,105,66,98,106,64,62,125]","[133,78,100,74,80,90,77]","[87,6,132,43,40,92,79,93,99,101,103,97,86]",56788m 77p 7s,778899p 347999s 5z,122358s 7z,2m 22p 244667788s 7z,0,0,,8m 7p,0,,,,,,
20260412052922_0100_042,20260412052922_0100,20260412052922,特上卓,1,こいきき,125,5z,tedashi,1775940053,1212.453,,0,,"[60,22,27,63,17,29,30]","[70,107,84,61,69,82,105,66,98,106,64,62,125,85]","[133,78,100,74,80,90,77]","[87,6,132,43,40,92,79,93,99,101,103,97,86]",56788m 77p,778899p 3447999s 5z,122358s 7z,2m 22p 244667788s 7z,1,1,1,,0,,,,,,
20260412052922_0100_043,20260412052922_0100,20260412052922,特上卓,2,Fsight,100,8s,tedashi,1775940055,1987.854,,3,1773.014,"[60,22,27,63,17,29,30]","[70,107,84,61,69,82,105,66,98,106,64,62,85]","[133,78,100,74,80,90,77,134]","[87,6,132,43,40,92,79,93,99,101,103,97,86]",56788m 77p,778899p 3447999s,122358s 77z,2m 22p 244667788s 7z,1,1,,,0,,,,,,
20260412052922_0100_044,20260412052922_0100,20260412052922,特上卓,3,skybit,113,2z,risekichu_hokan_tsumogiri,1775940058,1309.254,,0,,"[60,22,27,63,17,29,30]","[70,107,84,61,69,82,105,66,98,106,64,62,85]","[133,78,74,80,90,77,134]","[87,6,132,43,40,92,79,93,99,101,103,97,86,113]",56788m 77p,778899p 3447999s,12235s 77z,2m 22p 244667788s 27z,1,2,1,,0,,,,,,
20260412052922_0100_045,20260412052922_0100,20260412052922,特上卓,0,s6u,30,8m,tedashi,1775940064,5942.325,,0,,"[60,22,27,63,17,29,30,94]","[70,107,84,61,69,82,105,66,98,106,64,62,85]","[133,78,74,80,90,77,134]","[87,6,132,43,40,92,79,93,99,101,103,97,86]",56788m 77p 6s,778899p 3447999s,12235s 77z,2m 22p 244667788s 7z,0,0,,,0,,,,,,
20260412052922_0100_046,20260412052922_0100,20260412052922,特上卓,1,こいきき,48,4p,risekichu_hokan_tsumogiri,1775940067,2821.679,,0,,"[60,22,27,63,17,29,94]","[70,107,84,61,69,82,105,66,98,106,64,62,85,48]","[133,78,74,80,90,77,134]","[87,6,132,43,40,92,79,93,99,101,103,97,86]",5678m 77p 6s,4778899p 3447999s,12235s 77z,2m 22p 244667788s 7z,1,1,1,,0,,,,,,
20260412052922_0100_047,20260412052922_0100,20260412052922,特上卓,2,Fsight,4,2m,risekichu_hokan_tsumogiri,1775940068,1714.303,,0,,"[60,22,27,63,17,29,94]","[70,107,84,61,69,82,105,66,98,106,64,62,85]","[133,78,74,80,90,77,134,4]","[87,6,132,43,40,92,79,93,99,101,103,97,86]",5678m 77p 6s,778899p 3447999s,2m 12235s 77z,2m 22p 244667788s 7z,1,1,,,0,,,,,,
20260412052922_0100_048,20260412052922_0100,20260412052922,特上卓,3,skybit,6,2m,tedashi,1775940073,4299.185,,0,,"[60,22,27,63,17,29,94]","[70,107,84,61,69,82,105,66,98,106,64,62,85]","[133,78,74,80,90,77,134]","[87,6,132,43,40,92,79,93,99,101,103,97,86,59]",5678m 77p 6s,778899p 3447999s,12235s 77z,2m 226p 244667788s 7z,1,2,1,,0,,,,,,
20260412052922_0100_049,20260412052922_0100,20260412052922,特上卓,0,s6u,29,8m,tedashi,1775940077,4176.288,,0,,"[60,22,27,63,17,29,94,135]","[70,107,84,61,69,82,105,66,98,106,64,62,85]","[133,78,74,80,90,77,134]","[87,132,43,40,92,79,93,99,101,103,97,86,59]",5678m 77p 6s 7z,778899p 3447999s,12235s 77z,226p 244667788s 7z,1,1,,,0,,,,,,
20260412052922_0100_050,20260412052922_0100,20260412052922,特上卓,1,こいきき,12,4m,risekichu_hokan_tsumogiri,1775940079,1887.302,,0,,"[60,22,27,63,17,94,135]","[70,107,84,61,69,82,105,66,98,106,64,62,85,12]","[133,78,74,80,90,77,134]","[87,132,43,40,92,79,93,99,101,103,97,86,59]",567m 77p 6s 7z,4m 778899p 3447999s,12235s 77z,226p 244667788s 7z,1,1,1,,0,,,,,,
20260412052922_0100_051,20260412052922_0100,20260412052922,特上卓,2,Fsight,67,8p,risekichu_hokan_tsumogiri,1775940081,2046.573,,6,216.033,"[60,22,27,63,17,94,135]","[70,107,84,61,69,82,105,66,98,106,64,62,85]","[133,78,74,80,90,77,134,67]","[87,132,43,40,92,79,93,99,101,103,97,86,59]",567m 77p 6s 7z,778899p 3447999s,8p 12235s 77z,226p 244667788s 7z,1,1,,,0,,,,,,
20260412052922_0100_052,20260412052922_0100,20260412052922,特上卓,3,skybit,130,6z,risekichu_hokan_tsumogiri,1775940085,3527.666,,0,,"[60,22,27,63,17,94,135]","[70,107,84,61,69,82,105,66,98,106,64,62,85]","[133,78,74,80,90,77,134]","[87,132,43,40,92,79,93,99,101,103,97,86,59,130]",567m 77p 6s 7z,778899p 3447999s,12235s 77z,226p 244667788s 67z,1,2,1,,0,,,,,,
20260412052922_0100_053,20260412052922_0100,20260412052922,特上卓,0,s6u,123,4z,tsumogiri,1775940089,4125.832,,0,,"[60,22,27,63,17,94,135,123]","[70,107,84,61,69,82,105,66,98,106,64,62,85]","[133,78,74,80,90,77,134]","[87,132,43,40,92,79,93,99,101,103,97,86,59]",567m 77p 6s 47z,778899p 3447999s,12235s 77z,226p 244667788s 7z,1,1,,,0,,,,,,
20260412052922_0100_054,20260412052922_0100,20260412052922,特上卓,1,こいきき,5,2m,risekichu_hokan_tsumogiri,1775940091,2681.782,,0,,"[60,22,27,63,17,94,135]","[70,107,84,61,69,82,105,66,98,106,64,62,85,5]","[133,78,74,80,90,77,134]","[87,132,43,40,92,79,93,99,101,103,97,86,59]",567m 77p 6s 7z,2m 778899p 3447999s,12235s 77z,226p 244667788s 7z,1,1,1,,0,,,,,,
20260412052922_0100_055,20260412052922_0100,20260412052922,特上卓,2,Fsight,18,5m,risekichu_hokan_tsumogiri,1775940093,1859.64,,0,,"[60,22,27,63,17,94,135]","[70,107,84,61,69,82,105,66,98,106,64,62,85]","[133,78,74,80,90,77,134,18]","[87,132,43,40,92,79,93,99,101,103,97,86,59]",567m 77p 6s 7z,778899p 3447999s,5m 12235s 77z,226p 244667788s 7z,1,1,,,0,,,,,,
20260412052922_0100_056,20260412052922_0100,20260412052922,特上卓,3,skybit,7,2m,risekichu_hokan_tsumogiri,1775940095,2209.235,,0,,"[60,22,27,63,17,94,135]","[70,107,84,61,69,82,105,66,98,106,64,62,85]","[133,78,74,80,90,77,134]","[87,132,43,40,92,79,93,99,101,103,97,86,59,7]",567m 77p 6s 7z,778899p 3447999s,12235s 77z,2m 226p 244667788s 7z,1,2,1,,0,,,,,,
20260412052922_0100_057,20260412052922_0100,20260412052922,特上卓,0,s6u,129,6z,tsumogiri,1775940102,6389.235,,0,,"[60,22,27,63,17,94,135,129]","[70,107,84,61,69,82,105,66,98,106,64,62,85]","[133,78,74,80,90,77,134]","[87,132,43,40,92,79,93,99,101,103,97,86,59]",567m 77p 6s 67z,778899p 3447999s,12235s 77z,226p 244667788s 7z,1,1,,,0,,,,,,
20260412052922_0100_058,20260412052922_0100,20260412052922,特上卓,1,こいきき,62,7p,tedashi,1775940106,4479.165,,2,5714.225,"[60,22,27,63,17,94,135]","[70,107,84,61,69,82,105,66,98,106,64,62,85,91]","[133,78,74,80,90,77,134]","[87,132,43,40,92,79,93,99,101,103,97,86,59]",567m 77p 6s 7z,778899p 34457999s,12235s 77z,226p 244667788s 7z,0,0,1,,0,,,,,,
20260412052922_0100_059,20260412052922_0100,20260412052922,特上卓,0,s6u,94,6s,tedashi,1775940113,1344.677,,3,2666.762,"[22,27,17,94,135]","[70,107,84,61,69,82,105,66,98,106,64,85,91]","[133,78,74,80,90,77,134]","[87,132,43,40,92,79,93,99,101,103,97,86,59]",567m 6s 7z,78899p 34457999s,12235s 77z,226p 244667788s 7z,0,0,,7z,0,,,,,,
20260412052922_0100_060,20260412052922_0100,20260412052922,特上卓,1,こいきき,66,8p,tedashi,1775940118,1590.094,,0,,"[22,27,17,135]","[70,107,84,61,69,82,105,66,98,106,64,85,91,76]","[133,78,74,80,90,77,134]","[87,132,43,40,92,79,93,99,101,103,97,86,59]",567m 7z,78899p 234457999s,12235s 77z,226p 244667788s 7z,1,1,2,,0,,,,,,
20260412052922_0100_061,20260412052922_0100,20260412052922,特上卓,2,Fsight,56,6p,risekichu_hokan_tsumogiri,1775940120,1909.59,,0,,"[22,27,17,135]","[70,107,84,61,69,82,105,98,106,64,85,91,76]","[133,78,74,80,90,77,134,56]","[87,132,43,40,92,79,93,99,101,103,97,86,59]",567m 7z,7899p 234457999s,6p 12235s 77z,226p 244667788s 7z,1,1,,,0,,,,,,
20260412052922_0100_062,20260412052922_0100,20260412052922,特上卓,3,skybit,59,6p,tedashi,1775940122,2014.385,,0,,"[22,27,17,135]","[70,107,84,61,69,82,105,98,106,64,85,91,76]","[133,78,74,80,90,77,134]","[87,132,43,40,92,79,93,99,101,103,97,86,59,8]",567m 7z,7899p 234457999s,12235s 77z,3m 226p 244667788s 7z,1,2,1,,0,,,,,,
20260412052922_0100_063,20260412052922_0100,20260412052922,特上卓,0,s6u,39,1p,tsumogiri,1775940124,2655.731,,0,,"[22,27,17,135,39]","[70,107,84,61,69,82,105,98,106,64,85,91,76]","[133,78,74,80,90,77,134]","[87,132,43,40,92,79,93,99,101,103,97,86,8]",567m 1p 7z,7899p 234457999s,12235s 77z,3m 22p 244667788s 7z,0,0,,7z,0,,,,,,
20260412052922_0100_064,20260412052922_0100,20260412052922,特上卓,1,こいきき,70,9p,tedashi,1775940126,1677.629,,0,,"[22,27,17,135]","[70,107,84,61,69,82,105,98,106,64,85,91,76,9]","[133,78,74,80,90,77,134]","[87,132,43,40,92,79,93,99,101,103,97,86,8]",567m 7z,3m 7899p 234457999s,12235s 77z,3m 22p 244667788s 7z,1,1,3,,0,,,,,,
20260412052922_0100_065,20260412052922_0100,20260412052922,特上卓,2,Fsight,34,9m,risekichu_hokan_tsumogiri,1775940128,1669.836,,5,2162.081,"[22,27,17,135]","[107,84,61,69,82,105,98,106,64,85,91,76,9]","[133,78,74,80,90,77,134,34]","[87,132,43,40,92,79,93,99,101,103,97,86,8]",567m 7z,3m 789p 234457999s,9m 12235s 77z,3m 22p 244667788s 7z,1,1,,,0,,,,,,
20260412052922_0100_066,20260412052922_0100,20260412052922,特上卓,3,skybit,93,6s,tedashi,1775940143,13162.677,,0,,"[22,27,17,135]","[107,84,61,69,82,105,98,106,64,85,91,76,9]","[133,78,74,80,90,77,134]","[87,132,43,40,92,79,93,99,101,103,97,86,8,25]",567m 7z,3m 789p 234457999s,12235s 77z,37m 22p 244667788s 7z,1,2,1,,0,,,,,,
20260412052922_0100_067,20260412052922_0100,20260412052922,特上卓,0,s6u,41,2p,tsumogiri,1775940147,4461.108,,3,1684.931,"[22,27,17,135,41]","[107,84,61,69,82,105,98,106,64,85,91,76,9]","[133,78,74,80,90,77,134]","[87,132,43,40,92,79,99,101,103,97,86,8,25]",567m 2p 7z,3m 789p 234457999s,12235s 77z,37m 22p 24467788s 7z,0,0,,7z,0,,,,,,
20260412052922_0100_068,20260412052922_0100,20260412052922,特上卓,1,こいきき,9,3m,tedashi,1775940152,3089.737,,0,,"[22,27,17,135]","[107,84,61,69,82,105,98,106,64,85,91,76,9,19]","[133,78,74,80,90,77,134]","[87,132,43,40,92,79,99,101,103,97,86,8,25]",567m 7z,35m 789p 234457999s,12235s 77z,37m 22p 24467788s 7z,1,1,4,,0,,,,,,
20260412052922_0100_069,20260412052922_0100,20260412052922,特上卓,2,Fsight,0,1m,risekichu_hokan_tsumogiri,1775940154,1599.566,,0,,"[22,27,17,135]","[107,84,61,69,82,105,98,106,64,85,91,76,19]","[133,78,74,80,90,77,134,0]","[87,132,43,40,92,79,99,101,103,97,86,8,25]",567m 7z,5m 789p 234457999s,1m 12235s 77z,37m 22p 24467788s 7z,1,1,,,0,,,,,,
20260412052922_0100_070,20260412052922_0100,20260412052922,特上卓,3,skybit,10,3m,risekichu_hokan_tsumogiri,1775940158,4122.105,,0,,"[22,27,17,135]","[107,84,61,69,82,105,98,106,64,85,91,76,19]","[133,78,74,80,90,77,134]","[87,132,43,40,92,79,99,101,103,97,86,8,25,10]",567m 7z,5m 789p 234457999s,12235s 77z,337m 22p 24467788s 7z,1,2,1,,0,,,,,,
20260412052922_0100_071,20260412052922_0100,20260412052922,特上卓,0,s6u,27,7m,tedashi,1775940161,3353.821,,0,,"[22,27,17,135,13]","[107,84,61,69,82,105,98,106,64,85,91,76,19]","[133,78,74,80,90,77,134]","[87,132,43,40,92,79,99,101,103,97,86,8,25]",4567m 7z,5m 789p 234457999s,12235s 77z,37m 22p 24467788s 7z,0,0,,7z,0,,,,,,
20260412052922_0100_072,20260412052922_0100,20260412052922,特上卓,1,こいきき,31,8m,risekichu_hokan_tsumogiri,1775940164,2480.752,,0,,"[22,17,135,13]","[107,84,61,69,82,105,98,106,64,85,91,76,19,31]","[133,78,74,80,90,77,134]","[87,132,43,40,92,79,99,101,103,97,86,8,25]",456m 7z,58m 789p 234457999s,12235s 77z,37m 22p 24467788s 7z,1,1,4,,0,,,,,,
20260412052922_0100_073,20260412052922_0100,20260412052922,特上卓,2,Fsight,74,1s,tedashi,1775940167,3002.922,,0,,"[22,17,135,13]","[107,84,61,69,82,105,98,106,64,85,91,76,19]","[133,78,74,80,90,77,134,50]","[87,132,43,40,92,79,99,101,103,97,86,8,25]",456m 7z,5m 789p 234457999s,4p 12235s 77z,37m 22p 24467788s 7z,1,1,,,0,,,,,,
20260412052922_0100_074,20260412052922_0100,20260412052922,特上卓,3,skybit,110,1z,risekichu_hokan_tsumogiri,1775940170,3722.206,,0,,"[22,17,135,13]","[107,84,61,69,82,105,98,106,64,85,91,76,19]","[133,78,80,90,77,134,50]","[87,132,43,40,92,79,99,101,103,97,86,8,25,110]",456m 7z,5m 789p 234457999s,4p 2235s 77z,37m 22p 24467788s 17z,2,3,2,,0,,,,,,
20260412052922_0201_000,20260412052922_0201,20260412052922,特上卓,3,skybit,115,2z,tedashi,1775940179,,,0,,"[47,21,110,64,38,120,24,104,11,90,36,43,97]","[46,51,27,39,45,31,73,57,58,133,23,102,52]","[26,124,134,62,6,54,127,1,75,41,128,106,93]","[67,4,59,35,121,103,25,130,55,44,123,118,115,40]",367m 11238p 579s 14z,678m 1334r566p 18s 7z,127m 257p 169s 5567z,279m 23568p 8s 23446z,4,4,5,,0,,,,,,
20260412052922_0201_001,20260412052922_0201,20260412052922,特上卓,0,s6u,120,4z,tedashi,1775940180,1213.075,,3,1622.707,"[47,21,110,64,38,120,24,104,11,90,36,43,97,85]","[46,51,27,39,45,31,73,57,58,133,23,102,52]","[26,124,134,62,6,54,127,1,75,41,128,106,93]","[67,4,59,35,121,103,25,130,55,44,123,118,40]",367m 11238p 4579s 14z,678m 1334r566p 18s 7z,127m 257p 169s 5567z,279m 23568p 8s 3446z,3,3,5,,0,,,,,,
20260412052922_0201_002,20260412052922_0201,20260412052922,特上卓,1,こいきき,133,7z,tedashi,1775940183,1615.286,,0,,"[47,21,110,64,38,24,104,11,90,36,43,97,85]","[46,51,27,39,45,31,73,57,58,133,23,102,52,107]","[26,124,134,62,6,54,127,1,75,41,128,106,93]","[67,4,59,35,121,103,25,130,55,44,123,118,40]",367m 11238p 4579s 1z,678m 1334r566p 189s 7z,127m 257p 169s 5567z,279m 23568p 8s 3446z,1,1,4,,0,,,,,,
20260412052922_0201_003,20260412052922_0201,20260412052922,特上卓,2,Fsight,41,2p,tedashi,1775940186,2988.048,,0,,"[47,21,110,64,38,24,104,11,90,36,43,97,85]","[46,51,27,39,45,31,73,57,58,23,102,52,107]","[26,124,134,62,6,54,127,1,75,41,128,106,93,32]","[67,4,59,35,121,103,25,130,55,44,123,118,40]",367m 11238p 4579s 1z,678m 1334r566p 189s,1279m 257p 169s 5567z,279m 23568p 8s 3446z,4,4,5,,0,,,,,,
20260412052922_0201_004,20260412052922_0201,20260412052922,特上卓,3,skybit,118,3z,tedashi,1775940189,3388.743,,0,,"[47,21,110,64,38,24,104,11,90,36,43,97,85]","[46,51,27,39,45,31,73,57,58,23,102,52,107]","[26,124,134,62,6,54,127,1,75,128,106,93,32]","[67,4,59,35,121,103,25,130,55,44,123,118,40,3]",367m 11238p 4579s 1z,678m 1334r566p 189s,1279m 57p 169s 5567z,1279m 23568p 8s 3446z,3,3,5,,0,,,,,,
20260412052922_0201_005,20260412052922_0201,20260412052922,特上卓,0,s6u,135,7z,tsumogiri,1775940192,2394.062,,0,,"[47,21,110,64,38,24,104,11,90,36,43,97,85,135]","[46,51,27,39,45,31,73,57,58,23,102,52,107]","[26,124,134,62,6,54,127,1,75,128,106,93,32]","[67,4,59,35,121,103,25,130,55,44,123,40,3]",367m 11238p 4579s 17z,678m 1334r566p 189s,1279m 57p 169s 5567z,1279m 23568p 8s 446z,3,3,5,,0,,,,,,
20260412052922_0201_006,20260412052922_0201,20260412052922,特上卓,1,こいきき,73,1s,tedashi,1775940193,1485.04,,0,,"[47,21,110,64,38,24,104,11,90,36,43,97,85]","[46,51,27,39,45,31,73,57,58,23,102,52,107,88]","[26,124,134,62,6,54,127,1,75,128,106,93,32]","[67,4,59,35,121,103,25,130,55,44,123,40,3]",367m 11238p 4579s 1z,678m 1334r566p 1r589s,1279m 57p 169s 5567z,1279m 23568p 8s 446z,1,1,4,,0,,,,,,
20260412052922_0201_007,20260412052922_0201,20260412052922,特上卓,2,Fsight,54,5p,tedashi,1775940196,2992.017,,0,,"[47,21,110,64,38,24,104,11,90,36,43,97,85]","[46,51,27,39,45,31,57,58,23,102,52,107,88]","[26,124,134,62,6,54,127,1,75,128,106,93,32,30]","[67,4,59,35,121,103,25,130,55,44,123,40,3]",367m 11238p 4579s 1z,678m 1334r566p r589s,12789m 57p 169s 5567z,1279m 23568p 8s 446z,3,3,5,,0,,,,,,
20260412052922_0201_008,20260412052922_0201,20260412052922,特上卓,3,skybit,130,6z,tedashi,1775940199,2522.45,,0,,"[47,21,110,64,38,24,104,11,90,36,43,97,85]","[46,51,27,39,45,31,57,58,23,102,52,107,88]","[26,124,134,62,6,127,1,75,128,106,93,32,30]","[67,4,59,35,121,103,25,130,55,44,123,40,3,63]",367m 11238p 4579s 1z,678m 1334r566p r589s,12789m 7p 169s 5567z,1279m 235678p 8s 446z,2,2,5,,0,,,,,,
20260412052922_0201_009,20260412052922_0201,20260412052922,特上卓,0,s6u,110,1z,tedashi,1775940202,2886.253,,0,,"[47,21,110,64,38,24,104,11,90,36,43,97,85,94]","[46,51,27,39,45,31,57,58,23,102,52,107,88]","[26,124,134,62,6,127,1,75,128,106,93,32,30]","[67,4,59,35,121,103,25,55,44,123,40,3,63]",367m 11238p 45679s 1z,678m 1334r566p r589s,12789m 7p 169s 5567z,1279m 235678p 8s 44z,2,2,5,,0,,,,,,
20260412052922_0201_010,20260412052922_0201,20260412052922,特上卓,1,こいきき,122,4z,risekichu_hokan_tsumogiri,1775940203,1638.494,,6,298.404,"[47,21,64,38,24,104,11,90,36,43,97,85,94]","[46,51,27,39,45,31,57,58,23,102,52,107,88,122]","[26,124,134,62,6,127,1,75,128,106,93,32,30]","[67,4,59,35,121,103,25,55,44,123,40,3,63]",367m 11238p 45679s,678m 1334r566p r589s 4z,12789m 7p 169s 5567z,1279m 235678p 8s 44z,1,1,4,,0,,,,,,
20260412052922_0201_011,20260412052922_0201,20260412052922,特上卓,2,Fsight,134,7z,tedashi,1775940205,1554.292,,0,,"[47,21,64,38,24,104,11,90,36,43,97,85,94]","[46,51,27,39,45,31,57,58,23,102,52,107,88]","[26,124,134,62,6,127,1,75,128,106,93,32,30,80]","[67,4,59,35,121,103,25,55,44,123,40,3,63]",367m 11238p 45679s,678m 1334r566p r589s,12789m 7p 1369s 5567z,1279m 235678p 8s 44z,3,3,5,,0,,,,,,
20260412052922_0201_012,20260412052922_0201,20260412052922,特上卓,3,skybit,112,2z,risekichu_hokan_tsumogiri,1775940207,1625.405,,0,,"[47,21,64,38,24,104,11,90,36,43,97,85,94]","[46,51,27,39,45,31,57,58,23,102,52,107,88]","[26,124,62,6,127,1,75,128,106,93,32,30,80]","[67,4,59,35,121,103,25,55,44,123,40,3,63,112]",367m 11238p 45679s,678m 1334r566p r589s,12789m 7p 1369s 556z,1279m 235678p 8s 244z,2,2,5,,0,,,,,,
20260412052922_0201_013,20260412052922_0201,20260412052922,特上卓,0,s6u,64,8p,tedashi,1775940213,5959.742,,0,,"[47,21,64,38,24,104,11,90,36,43,97,85,94,49]","[46,51,27,39,45,31,57,58,23,102,52,107,88]","[26,124,62,6,127,1,75,128,106,93,32,30,80]","[67,4,59,35,121,103,25,55,44,123,40,3,63]",367m 112348p 45679s,678m 1334r566p r589s,12789m 7p 1369s 556z,1279m 235678p 8s 44z,1,1,5,,0,,,,,,
20260412052922_0201_014,20260412052922_0201,20260412052922,特上卓,1,こいきき,39,1p,tedashi,1775940215,2392.382,,3,3590.526,"[47,21,38,24,104,11,90,36,43,97,85,94,49]","[46,51,27,39,45,31,57,58,23,102,52,107,88,82]","[26,124,62,6,127,1,75,128,106,93,32,30,80]","[67,4,59,35,121,103,25,55,44,123,40,3,63]",367m 11234p 45679s,678m 1334r566p 3r589s,12789m 7p 1369s 556z,1279m 235678p 8s 44z,1,1,4,,0,,,,,,
20260412052922_0201_015,20260412052922_0201,20260412052922,特上卓,2,Fsight,128,6z,tedashi,1775940220,1472.498,,0,,"[47,21,38,24,104,11,90,36,43,97,85,94,49]","[46,51,27,45,31,57,58,23,102,52,107,88,82]","[26,124,62,6,127,1,75,128,106,93,32,30,80,56]","[67,4,59,35,121,103,25,55,44,123,40,3,63]",367m 11234p 45679s,678m 334r566p 3r589s,12789m 67p 1369s 556z,1279m 235678p 8s 44z,2,2,5,,0,,,,,,
20260412052922_0201_016,20260412052922_0201,20260412052922,特上卓,3,skybit,108,1z,risekichu_hokan_tsumogiri,1775940223,2479.269,,0,,"[47,21,38,24,104,11,90,36,43,97,85,94,49]","[46,51,27,45,31,57,58,23,102,52,107,88,82]","[26,124,62,6,127,1,75,106,93,32,30,80,56]","[67,4,59,35,121,103,25,55,44,123,40,3,63,108]",367m 11234p 45679s,678m 334r566p 3r589s,12789m 67p 1369s 55z,1279m 235678p 8s 144z,2,2,5,,0,,,,,,
20260412052922_0201_017,20260412052922_0201,20260412052922,特上卓,0,s6u,74,1s,tsumogiri,1775940224,1628.631,,0,,"[47,21,38,24,104,11,90,36,43,97,85,94,49,74]","[46,51,27,45,31,57,58,23,102,52,107,88,82]","[26,124,62,6,127,1,75,106,93,32,30,80,56]","[67,4,59,35,121,103,25,55,44,123,40,3,63]",367m 11234p 145679s,678m 334r566p 3r589s,12789m 67p 1369s 55z,1279m 235678p 8s 44z,1,1,5,,0,,,,,,
20260412052922_0201_018,20260412052922_0201,20260412052922,特上卓,1,こいきき,107,9s,tedashi,1775940227,2925.923,,0,,"[47,21,38,24,104,11,90,36,43,97,85,94,49]","[46,51,27,45,31,57,58,23,102,52,107,88,82,81]","[26,124,62,6,127,1,75,106,93,32,30,80,56]","[67,4,59,35,121,103,25,55,44,123,40,3,63]",367m 11234p 45679s,678m 334r566p 33r589s,12789m 67p 1369s 55z,1279m 235678p 8s 44z,1,1,3,,0,,,,,,
20260412052922_0201_019,20260412052922_0201,20260412052922,特上卓,2,Fsight,93,6s,tedashi,1775940230,2887.156,,0,,"[47,21,38,24,104,11,90,36,43,97,85,94,49]","[46,51,27,45,31,57,58,23,102,52,88,82,81]","[26,124,62,6,127,1,75,106,93,32,30,80,56,101]","[67,4,59,35,121,103,25,55,44,123,40,3,63]",367m 11234p 45679s,678m 334r566p 33r58s,12789m 67p 13689s 55z,1279m 235678p 8s 44z,2,2,5,,0,,,,,,
20260412052922_0201_020,20260412052922_0201,20260412052922,特上卓,3,skybit,35,9m,tedashi,1775940233,2467.294,,0,,"[47,21,38,24,104,11,90,36,43,97,85,94,49]","[46,51,27,45,31,57,58,23,102,52,88,82,81]","[26,124,62,6,127,1,75,106,32,30,80,56,101]","[67,4,59,35,121,103,25,55,44,123,40,3,63,20]",367m 11234p 45679s,678m 334r566p 33r58s,12789m 67p 1389s 55z,12679m 235678p 8s 44z,2,2,5,,0,,,,,,
20260412052922_0201_021,20260412052922_0201,20260412052922,特上卓,0,s6u,33,9m,tsumogiri,1775940237,4219.536,,3,893.092,"[47,21,38,24,104,11,90,36,43,97,85,94,49,33]","[46,51,27,45,31,57,58,23,102,52,88,82,81]","[26,124,62,6,127,1,75,106,32,30,80,56,101]","[67,4,59,121,103,25,55,44,123,40,3,63,20]",3679m 11234p 45679s,678m 334r566p 33r58s,12789m 67p 1389s 55z,1267m 235678p 8s 44z,1,1,5,,0,,,,,,
20260412052922_0201_022,20260412052922_0201,20260412052922,特上卓,1,こいきき,82,3s,tedashi,1775940242,4415.987,,0,,"[47,21,38,24,104,11,90,36,43,97,85,94,49]","[46,51,27,45,31,57,58,23,102,52,88,82,81,105]","[26,124,62,6,127,1,75,106,32,30,80,56,101]","[67,4,59,121,103,25,55,44,123,40,3,63,20]",367m 11234p 45679s,678m 334r566p 33r589s,12789m 67p 1389s 55z,1267m 235678p 8s 44z,1,1,3,,0,,,,,,
20260412052922_0201_023,20260412052922_0201,20260412052922,特上卓,2,Fsight,19,5m,risekichu_hokan_tsumogiri,1775940244,2353.256,,6,239.063,"[47,21,38,24,104,11,90,36,43,97,85,94,49]","[46,51,27,45,31,57,58,23,102,52,88,81,105]","[26,124,62,6,127,1,75,106,32,30,80,56,101,19]","[67,4,59,121,103,25,55,44,123,40,3,63,20]",367m 11234p 45679s,678m 334r566p 3r589s,125789m 67p 1389s 55z,1267m 235678p 8s 44z,2,2,5,,0,,,,,,
20260412052922_0201_024,20260412052922_0201,20260412052922,特上卓,3,skybit,114,2z,risekichu_hokan_tsumogiri,1775940246,1467.902,,0,,"[47,21,38,24,104,11,90,36,43,97,85,94,49]","[46,51,27,45,31,57,58,23,102,52,88,81,105]","[26,124,62,6,127,1,75,106,32,30,80,56,101]","[67,4,59,121,103,25,55,44,123,40,3,63,20,114]",367m 11234p 45679s,678m 334r566p 3r589s,12789m 67p 1389s 55z,1267m 235678p 8s 244z,2,2,5,,0,,,,,,
20260412052922_0201_025,20260412052922_0201,20260412052922,特上卓,0,s6u,11,3m,tedashi,1775940251,5050.982,,0,,"[47,21,38,24,104,11,90,36,43,97,85,94,49,84]","[46,51,27,45,31,57,58,23,102,52,88,81,105]","[26,124,62,6,127,1,75,106,32,30,80,56,101]","[67,4,59,121,103,25,55,44,123,40,3,63,20]",367m 11234p 445679s,678m 334r566p 3r589s,12789m 67p 1389s 55z,1267m 235678p 8s 44z,1,1,4,,0,,,,,,
20260412052922_0201_026,20260412052922_0201,20260412052922,特上卓,1,こいきき,68,9p,risekichu_hokan_tsumogiri,1775940253,1748.549,,0,,"[47,21,38,24,104,90,36,43,97,85,94,49,84]","[46,51,27,45,31,57,58,23,102,52,88,81,105,68]","[26,124,62,6,127,1,75,106,32,30,80,56,101]","[67,4,59,121,103,25,55,44,123,40,3,63,20]",67m 11234p 445679s,678m 334r5669p 3r589s,12789m 67p 1389s 55z,1267m 235678p 8s 44z,1,1,4,,0,,,,,,
20260412052922_0201_027,20260412052922_0201,20260412052922,特上卓,2,Fsight,17,5m,risekichu_hokan_tsumogiri,1775940255,2123.636,,6,332.062,"[47,21,38,24,104,90,36,43,97,85,94,49,84]","[46,51,27,45,31,57,58,23,102,52,88,81,105]","[26,124,62,6,127,1,75,106,32,30,80,56,101,17]","[67,4,59,121,103,25,55,44,123,40,3,63,20]",67m 11234p 445679s,678m 334r566p 3r589s,125789m 67p 1389s 55z,1267m 235678p 8s 44z,2,2,5,,0,,,,,,
20260412052922_0201_028,20260412052922_0201,20260412052922,特上卓,3,skybit,132,7z,risekichu_hokan_tsumogiri,1775940257,1466.198,,0,,"[47,21,38,24,104,90,36,43,97,85,94,49,84]","[46,51,27,45,31,57,58,23,102,52,88,81,105]","[26,124,62,6,127,1,75,106,32,30,80,56,101]","[67,4,59,121,103,25,55,44,123,40,3,63,20,132]",67m 11234p 445679s,678m 334r566p 3r589s,12789m 67p 1389s 55z,1267m 235678p 8s 447z,2,2,5,,0,,,,,,
20260412052922_0201_029,20260412052922_0201,20260412052922,特上卓,0,s6u,85,4s,tedashi,1775940261,684.535,3411.606,2,1847.008,"[47,21,38,24,104,90,36,43,97,85,94,49,84,100]","[46,51,27,45,31,57,58,23,102,52,88,81,105]","[26,124,62,6,127,1,75,106,32,30,80,56,101]","[67,4,59,121,103,25,55,44,123,40,3,63,20]",67m 11234p 4456789s,678m 334r566p 3r589s,12789m 67p 1389s 55z,1267m 235678p 8s 44z,0,0,4,58m,0,,,,,,
20260412052922_0201_030,20260412052922_0201,20260412052922,特上卓,1,こいきき,105,9s,tedashi,1775940264,1460.951,,0,,"[47,21,38,24,104,90,36,43,97,94,49,84,100]","[46,51,27,45,31,57,58,23,102,52,105]","[26,124,62,6,127,1,75,106,32,30,80,56,101]","[67,4,59,121,103,25,55,44,123,40,3,63,20]",67m 11234p 456789s,678m 334r566p 89s,12789m 67p 1389s 55z,1267m 235678p 8s 44z,0,0,,,0,,,,,,
20260412052922_0201_031,20260412052922_0201,20260412052922,特上卓,2,Fsight,75,1s,tedashi,1775940267,2498.451,,0,,"[47,21,38,24,104,90,36,43,97,94,49,84,100]","[46,51,27,45,31,57,58,23,102,52]","[26,124,62,6,127,1,75,106,32,30,80,56,101,119]","[67,4,59,121,103,25,55,44,123,40,3,63,20]",67m 11234p 456789s,678m 334r566p 8s,12789m 67p 1389s 355z,1267m 235678p 8s 44z,2,2,5,,0,,,,,,
20260412052922_0201_032,20260412052922_0201,20260412052922,特上卓,3,skybit,72,1s,risekichu_hokan_tsumogiri,1775940269,2038.319,,0,,"[47,21,38,24,104,90,36,43,97,94,49,84,100]","[46,51,27,45,31,57,58,23,102,52]","[26,124,62,6,127,1,106,32,30,80,56,101,119]","[67,4,59,121,103,25,55,44,123,40,3,63,20,72]",67m 11234p 456789s,678m 334r566p 8s,12789m 67p 389s 355z,1267m 235678p 18s 44z,2,2,5,,0,,,,,,
20260412052922_0201_033,20260412052922_0201,20260412052922,特上卓,0,s6u,22,6m,tsumogiri,1775940270,717.624,,3,1434.402,"[47,21,38,24,104,90,36,43,97,94,49,84,100,22]","[46,51,27,45,31,57,58,23,102,52]","[26,124,62,6,127,1,106,32,30,80,56,101,119]","[67,4,59,121,103,25,55,44,123,40,3,63,20]",667m 11234p 456789s,678m 334r566p 8s,12789m 67p 389s 355z,1267m 235678p 8s 44z,0,0,4,58m,1,,,,,,
20260412052922_0201_034,20260412052922_0201,20260412052922,特上卓,1,こいきき,57,6p,tedashi,1775940275,4507.217,,0,,"[47,21,38,24,104,90,36,43,97,94,49,84,100]","[46,51,27,45,31,57,58,23,102,52,95]","[26,124,62,6,127,1,106,32,30,80,56,101,119]","[67,4,59,121,103,25,55,44,123,40,3,63,20]",67m 11234p 456789s,678m 334r566p 68s,12789m 67p 389s 355z,1267m 235678p 8s 44z,0,0,,7s,0,,,,,,
20260412052922_0201_035,20260412052922_0201,20260412052922,特上卓,2,Fsight,32,9m,tedashi,1775940278,2656.499,,0,,"[47,21,38,24,104,90,36,43,97,94,49,84,100]","[46,51,27,45,31,58,23,102,52,95]","[26,124,62,6,127,1,106,32,30,80,56,101,119,65]","[67,4,59,121,103,25,55,44,123,40,3,63,20]",67m 11234p 456789s,678m 334r56p 68s,12789m 678p 389s 355z,1267m 235678p 8s 44z,1,1,5,,0,,,,,,
20260412052922_0201_036,20260412052922_0201,20260412052922,特上卓,3,skybit,123,4z,tedashi,1775940282,4005.409,,0,,"[47,21,38,24,104,90,36,43,97,94,49,84,100]","[46,51,27,45,31,58,23,102,52,95]","[26,124,62,6,127,1,106,30,80,56,101,119,65]","[67,4,59,121,103,25,55,44,123,40,3,63,20,125]",67m 11234p 456789s,678m 334r56p 68s,1278m 678p 389s 355z,1267m 235678p 8s 445z,2,2,5,,0,,,,,,
20260412052922_0201_037,20260412052922_0201,20260412052922,特上卓,0,s6u,13,4m,tsumogiri,1775940283,714.047,,0,,"[47,21,38,24,104,90,36,43,97,94,49,84,100,13]","[46,51,27,45,31,58,23,102,52,95]","[26,124,62,6,127,1,106,30,80,56,101,119,65]","[67,4,59,121,103,25,55,44,40,3,63,20,125]",467m 11234p 456789s,678m 334r56p 68s,1278m 678p 389s 355z,1267m 235678p 8s 45z,0,0,5,58m,0,,,,,,
20260412052922_0201_038,20260412052922_0201,20260412052922,特上卓,1,こいきき,113,2z,risekichu_hokan_tsumogiri,1775940285,1941.149,,0,,"[47,21,38,24,104,90,36,43,97,94,49,84,100]","[46,51,27,45,31,58,23,102,52,95,113]","[26,124,62,6,127,1,106,30,80,56,101,119,65]","[67,4,59,121,103,25,55,44,40,3,63,20,125]",67m 11234p 456789s,678m 334r56p 68s 2z,1278m 678p 389s 355z,1267m 235678p 8s 45z,0,0,,7s,0,,,,,,
20260412052922_0201_039,20260412052922_0201,20260412052922,特上卓,2,Fsight,119,3z,tedashi,1775940287,1848.423,,0,,"[47,21,38,24,104,90,36,43,97,94,49,84,100]","[46,51,27,45,31,58,23,102,52,95]","[26,124,62,6,127,1,106,30,80,56,101,119,65,69]","[67,4,59,121,103,25,55,44,40,3,63,20,125]",67m 11234p 456789s,678m 334r56p 68s,1278m 6789p 389s 355z,1267m 235678p 8s 45z,2,2,5,,0,,,,,,
20260412052922_0201_040,20260412052922_0201,20260412052922,特上卓,3,skybit,121,4z,tedashi,1775940289,2655.67,,0,,"[47,21,38,24,104,90,36,43,97,94,49,84,100]","[46,51,27,45,31,58,23,102,52,95]","[26,124,62,6,127,1,106,30,80,56,101,65,69]","[67,4,59,121,103,25,55,44,40,3,63,20,125,83]",67m 11234p 456789s,678m 334r56p 68s,1278m 6789p 389s 55z,1267m 235678p 38s 45z,3,3,6,,0,,,,,,
20260412052922_0300_000,20260412052922_0300,20260412052922,特上卓,0,s6u,63,7p,tedashi,1775940303,,,0,,"[132,34,12,134,63,116,0,6,15,69,95,20,97,35]","[92,94,45,4,126,67,30,50,76,40,65,38,87]","[58,52,83,93,22,36,119,41,104,120,130,122,25]","[17,91,115,31,75,54,72,9,133,121,96,49,19]",1244699m 79p 67s 377z,28m 123488p 2466s 5z,67m 12r56p 369s 3446z,3558m 45p 1157s 247z,3,3,3,,0,,,,,,
20260412052922_0300_001,20260412052922_0300,20260412052922,特上卓,1,こいきき,126,5z,tedashi,1775940306,3087.708,,0,,"[132,34,12,134,116,0,6,15,69,95,20,97,35]","[92,94,45,4,126,67,30,50,76,40,65,38,87,33]","[58,52,83,93,22,36,119,41,104,120,130,122,25]","[17,91,115,31,75,54,72,9,133,121,96,49,19]",1244699m 9p 67s 377z,289m 123488p 2466s 5z,67m 12r56p 369s 3446z,3558m 45p 1157s 247z,2,2,4,,0,,,,,,
20260412052922_0300_002,20260412052922_0300,20260412052922,特上卓,2,Fsight,104,9s,tedashi,1775940308,1672.021,,0,,"[132,34,12,134,116,0,6,15,69,95,20,97,35]","[92,94,45,4,67,30,50,76,40,65,38,87,33]","[58,52,83,93,22,36,119,41,104,120,130,122,25,135]","[17,91,115,31,75,54,72,9,133,121,96,49,19]",1244699m 9p 67s 377z,289m 123488p 2466s,67m 12r56p 369s 34467z,3558m 45p 1157s 247z,4,4,5,,0,,,,,,
20260412052922_0300_003,20260412052922_0300,20260412052922,特上卓,3,skybit,115,2z,tedashi,1775940310,1700.099,,0,,"[132,34,12,134,116,0,6,15,69,95,20,97,35]","[92,94,45,4,67,30,50,76,40,65,38,87,33]","[58,52,83,93,22,36,119,41,120,130,122,25,135]","[17,91,115,31,75,54,72,9,133,121,96,49,19,82]",1244699m 9p 67s 377z,289m 123488p 2466s,67m 12r56p 36s 34467z,3558m 45p 11357s 247z,4,4,4,,0,,,,,,
20260412052922_0300_004,20260412052922_0300,20260412052922,特上卓,0,s6u,69,9p,tedashi,1775940311,1397.022,,0,,"[132,34,12,134,116,0,6,15,69,95,20,97,35,11]","[92,94,45,4,67,30,50,76,40,65,38,87,33]","[58,52,83,93,22,36,119,41,120,130,122,25,135]","[17,91,31,75,54,72,9,133,121,96,49,19,82]",12344699m 9p 67s 377z,289m 123488p 2466s,67m 12r56p 36s 34467z,3558m 45p 11357s 47z,2,2,3,,0,,,,,,
20260412052922_0300_005,20260412052922_0300,20260412052922,特上卓,1,こいきき,38,1p,tedashi,1775940313,1740.126,,0,,"[132,34,12,134,116,0,6,15,95,20,97,35,11]","[92,94,45,4,67,30,50,76,40,65,38,87,33,16]","[58,52,83,93,22,36,119,41,120,130,122,25,135]","[17,91,31,75,54,72,9,133,121,96,49,19,82]",12344699m 67s 377z,2r589m 123488p 2466s,67m 12r56p 36s 34467z,3558m 45p 11357s 47z,2,2,4,,0,,,,,,
20260412052922_0300_006,20260412052922_0300,20260412052922,特上卓,2,Fsight,135,7z,tedashi,1775940315,1842.49,,2,1090.113,"[132,34,12,134,116,0,6,15,95,20,97,35,11]","[92,94,45,4,67,30,50,76,40,65,87,33,16]","[58,52,83,93,22,36,119,41,120,130,122,25,135,37]","[17,91,31,75,54,72,9,133,121,96,49,19,82]",12344699m 67s 377z,2r589m 23488p 2466s,67m 112r56p 36s 34467z,3558m 45p 11357s 47z,4,4,4,,0,,,,,,
20260412052922_0300_007,20260412052922_0300,20260412052922,特上卓,0,s6u,116,3z,tedashi,1775940317,958.173,,0,,"[34,12,116,0,6,15,95,20,97,35,11]","[92,94,45,4,67,30,50,76,40,65,87,33,16]","[58,52,83,93,22,36,119,41,120,130,122,25,37]","[17,91,31,75,54,72,9,133,121,96,49,19,82]",12344699m 67s 3z,2r589m 23488p 2466s,67m 112r56p 36s 3446z,3558m 45p 11357s 47z,1,1,,,0,,,,,,
20260412052922_0300_008,20260412052922_0300,20260412052922,特上卓,1,こいきき,30,8m,tedashi,1775940318,1622.559,,6,369.173,"[34,12,0,6,15,95,20,97,35,11]","[92,94,45,4,67,30,50,76,40,65,87,33,16,113]","[58,52,83,93,22,36,119,41,120,130,122,25,37]","[17,91,31,75,54,72,9,133,121,96,49,19,82]",12344699m 67s,2r589m 23488p 2466s 2z,67m 112r56p 36s 3446z,3558m 45p 11357s 47z,2,2,4,,0,,,,,,
20260412052922_0300_009,20260412052922_0300,20260412052922,特上卓,2,Fsight,119,3z,tedashi,1775940320,1520.217,,0,,"[34,12,0,6,15,95,20,97,35,11]","[92,94,45,4,67,50,76,40,65,87,33,16,113]","[58,52,83,93,22,36,119,41,120,130,122,25,37,103]","[17,91,31,75,54,72,9,133,121,96,49,19,82]",12344699m 67s,2r59m 23488p 2466s 2z,67m 112r56p 368s 3446z,3558m 45p 11357s 47z,3,3,4,,0,,,,,,
20260412052922_0300_010,20260412052922_0300,20260412052922,特上卓,3,skybit,133,7z,tedashi,1775940322,1793.061,,0,,"[34,12,0,6,15,95,20,97,35,11]","[92,94,45,4,67,50,76,40,65,87,33,16,113]","[58,52,83,93,22,36,41,120,130,122,25,37,103]","[17,91,31,75,54,72,9,133,121,96,49,19,82,26]",12344699m 67s,2r59m 23488p 2466s 2z,67m 112r56p 368s 446z,35578m 45p 11357s 47z,3,3,4,,0,,,,,,
20260412052922_0300_011,20260412052922_0300,20260412052922,特上卓,0,s6u,80,3s,tsumogiri,1775940324,1443.284,,6,265.593,"[34,12,0,6,15,95,20,97,35,11,80]","[92,94,45,4,67,50,76,40,65,87,33,16,113]","[58,52,83,93,22,36,41,120,130,122,25,37,103]","[17,91,31,75,54,72,9,121,96,49,19,82,26]",12344699m 367s,2r59m 23488p 2466s 2z,67m 112r56p 368s 446z,35578m 45p 11357s 4z,1,1,,,0,,,,,,
20260412052922_0300_012,20260412052922_0300,20260412052922,特上卓,1,こいきき,33,9m,tedashi,1775940325,1280.713,,2,1714.015,"[34,12,0,6,15,95,20,97,35,11]","[92,94,45,4,67,50,76,40,65,87,33,16,113,64]","[58,52,83,93,22,36,41,120,130,122,25,37,103]","[17,91,31,75,54,72,9,121,96,49,19,82,26]",12344699m 67s,2r59m 234888p 2466s 2z,67m 112r56p 368s 446z,35578m 45p 11357s 4z,2,2,4,,0,,,,,,
20260412052922_0300_013,20260412052922_0300,20260412052922,特上卓,0,s6u,20,6m,tedashi,1775940328,1334.301,,0,,"[12,0,6,15,95,20,97,11]","[92,94,45,4,67,50,76,40,65,87,16,113,64]","[58,52,83,93,22,36,41,120,130,122,25,37,103]","[17,91,31,75,54,72,9,121,96,49,19,82,26]",123446m 67s,2r5m 234888p 2466s 2z,67m 112r56p 368s 446z,35578m 45p 11357s 4z,0,0,,58s,0,,,,,,
20260412052922_0300_014,20260412052922_0300,20260412052922,特上卓,1,こいきき,4,2m,tedashi,1775940330,1436.766,,0,,"[12,0,6,15,95,97,11]","[92,94,45,4,67,50,76,40,65,87,16,113,64,46]","[58,52,83,93,22,36,41,120,130,122,25,37,103]","[17,91,31,75,54,72,9,121,96,49,19,82,26]",12344m 67s,2r5m 2334888p 2466s 2z,67m 112r56p 368s 446z,35578m 45p 11357s 4z,2,2,3,,0,,,,,,
20260412052922_0300_015,20260412052922_0300,20260412052922,特上卓,2,Fsight,130,6z,tedashi,1775940331,1534.47,,0,,"[12,0,6,15,95,97,11]","[92,94,45,67,50,76,40,65,87,16,113,64,46]","[58,52,83,93,22,36,41,120,130,122,25,37,103,77]","[17,91,31,75,54,72,9,121,96,49,19,82,26]",12344m 67s,r5m 2334888p 2466s 2z,67m 112r56p 2368s 446z,35578m 45p 11357s 4z,3,3,4,,0,,,,,,
20260412052922_0300_016,20260412052922_0300,20260412052922,特上卓,3,skybit,121,4z,tedashi,1775940336,4372.628,,3,585.286,"[12,0,6,15,95,97,11]","[92,94,45,67,50,76,40,65,87,16,113,64,46]","[58,52,83,93,22,36,41,120,122,25,37,103,77]","[17,91,31,75,54,72,9,121,96,49,19,82,26,98]",12344m 67s,r5m 2334888p 2466s 2z,67m 112r56p 2368s 44z,35578m 45p 113577s 4z,3,3,3,,0,,,,,,
20260412052922_0300_017,20260412052922_0300,20260412052922,特上卓,0,s6u,53,5p,tsumogiri,1775940337,841.703,,3,958.693,"[12,0,6,15,95,97,11,53]","[92,94,45,67,50,76,40,65,87,16,113,64,46]","[58,52,83,93,22,36,41,120,122,25,37,103,77]","[17,91,31,75,54,72,9,96,49,19,82,26,98]",12344m 5p 67s,r5m 2334888p 2466s 2z,67m 112r56p 2368s 44z,35578m 45p 113577s,0,0,,58s,0,,,,,,
20260412052922_0300_018,20260412052922_0300,20260412052922,特上卓,1,こいきき,113,2z,tedashi,1775940339,959.804,,0,,"[12,0,6,15,95,97,11]","[92,94,45,67,50,76,40,65,87,16,113,64,46,79]","[58,52,83,93,22,36,41,120,122,25,37,103,77]","[17,91,31,75,54,72,9,96,49,19,82,26,98]",12344m 67s,r5m 2334888p 22466s 2z,67m 112r56p 2368s 44z,35578m 45p 113577s,2,2,2,,0,,,,,,
20260412052922_0300_019,20260412052922_0300,20260412052922,特上卓,2,Fsight,93,6s,tedashi,1775940342,2959.522,,2,1100.76,"[12,0,6,15,95,97,11]","[92,94,45,67,50,76,40,65,87,16,64,46,79]","[58,52,83,93,22,36,41,120,122,25,37,103,77,14]","[17,91,31,75,54,72,9,96,49,19,82,26,98]",12344m 67s,r5m 2334888p 22466s,467m 112r56p 2368s 44z,35578m 45p 113577s,3,3,4,,0,,,,,,
20260412052922_0300_020,20260412052922_0300,20260412052922,特上卓,1,こいきき,45,3p,tedashi,1775940344,1179.47,,3,620.631,"[12,0,6,15,95,97,11]","[45,67,50,76,40,65,87,16,64,46,79]","[58,52,83,22,36,41,120,122,25,37,103,77,14]","[17,91,31,75,54,72,9,96,49,19,82,26,98]",12344m 67s,r5m 2334888p 224s,467m 112r56p 238s 44z,35578m 45p 113577s,1,1,,,0,,,,,,
20260412052922_0300_021,20260412052922_0300,20260412052922,特上卓,2,Fsight,103,8s,tedashi,1775940346,1340.378,,0,,"[12,0,6,15,95,97,11]","[67,50,76,40,65,87,16,64,46,79]","[58,52,83,22,36,41,120,122,25,37,103,77,14,105]","[17,91,31,75,54,72,9,96,49,19,82,26,98]",12344m 67s,r5m 234888p 224s,467m 112r56p 2389s 44z,35578m 45p 113577s,3,3,4,,0,,,,,,
20260412052922_0301_000,20260412052922_0301,20260412052922,特上卓,0,s6u,39,1p,tsumogiri,1775940356,,,6,269.057,"[66,128,132,53,109,50,55,8,5,78,18,85,28,39]","[4,102,19,37,6,77,91,131,46,42,23,99,57]","[49,70,65,64,24,123,115,69,21,40,105,17,100]","[83,30,20,107,84,51,130,3,111,135,110,124,38]",2358m 14558p 24s 167z,2256m 1236p 2578s 6z,567m 248899p 89s 24z,168m 14p 349s 11567z,5,5,5,,0,,,,,,
20260412052922_0301_001,20260412052922_0301,20260412052922,特上卓,1,こいきき,131,6z,tedashi,1775940357,1220.431,,0,,"[66,128,132,53,109,50,55,8,5,78,18,85,28]","[4,102,19,37,6,77,91,131,46,42,23,99,57,67]","[49,70,65,64,24,123,115,69,21,40,105,17,100]","[83,30,20,107,84,51,130,3,111,135,110,124,38]",2358m 4558p 24s 167z,2256m 12368p 2578s 6z,567m 248899p 89s 24z,168m 14p 349s 11567z,2,2,5,,0,,,,,,
20260412052922_0301_002,20260412052922_0301,20260412052922,特上卓,2,Fsight,118,3z,risekichu_hokan_tsumogiri,1775940357,0.0,,0,,"[66,128,132,53,109,50,55,8,5,78,18,85,28]","[4,102,19,37,6,77,91,46,42,23,99,57,67]","[49,70,65,64,24,123,115,69,21,40,105,17,100,118]","[83,30,20,107,84,51,130,3,111,135,110,124,38]",2358m 4558p 24s 167z,2256m 12368p 2578s,567m 248899p 89s 234z,168m 14p 349s 11567z,2,2,4,,0,,,,,,
20260412052922_0301_003,20260412052922_0301,20260412052922,特上卓,3,skybit,38,1p,tedashi,1775940361,3294.275,,0,,"[66,128,132,53,109,50,55,8,5,78,18,85,28]","[4,102,19,37,6,77,91,46,42,23,99,57,67]","[49,70,65,64,24,123,115,69,21,40,105,17,100]","[83,30,20,107,84,51,130,3,111,135,110,124,38,73]",2358m 4558p 24s 167z,2256m 12368p 2578s,567m 248899p 89s 24z,168m 14p 1349s 11567z,4,5,5,,0,,,,,,
20260412052922_0301_004,20260412052922_0301,20260412052922,特上卓,0,s6u,128,6z,tedashi,1775940362,1093.447,,0,,"[66,128,132,53,109,50,55,8,5,78,18,85,28,121]","[4,102,19,37,6,77,91,46,42,23,99,57,67]","[49,70,65,64,24,123,115,69,21,40,105,17,100]","[83,30,20,107,84,51,130,3,111,135,110,124,73]",2358m 4558p 24s 1467z,2256m 12368p 2578s,567m 248899p 89s 24z,168m 4p 1349s 11567z,5,5,5,,0,,,,,,
20260412052922_0301_005,20260412052922_0301,20260412052922,特上卓,1,こいきき,77,2s,tedashi,1775940364,2272.138,,0,,"[66,132,53,109,50,55,8,5,78,18,85,28,121]","[4,102,19,37,6,77,91,46,42,23,99,57,67,26]","[49,70,65,64,24,123,115,69,21,40,105,17,100]","[83,30,20,107,84,51,130,3,111,135,110,124,73]",2358m 4558p 24s 147z,22567m 12368p 2578s,567m 248899p 89s 24z,168m 4p 1349s 11567z,1,1,5,,0,,,,,,
20260412052922_0301_006,20260412052922_0301,20260412052922,特上卓,2,Fsight,22,6m,risekichu_hokan_tsumogiri,1775940364,0.0,,0,,"[66,132,53,109,50,55,8,5,78,18,85,28,121]","[4,102,19,37,6,91,46,42,23,99,57,67,26]","[49,70,65,64,24,123,115,69,21,40,105,17,100,22]","[83,30,20,107,84,51,130,3,111,135,110,124,73]",2358m 4558p 24s 147z,22567m 12368p 578s,5667m 248899p 89s 24z,168m 4p 1349s 11567z,2,2,3,,0,,,,,,
20260412052922_0301_007,20260412052922_0301,20260412052922,特上卓,3,skybit,130,6z,tedashi,1775940366,2398.768,,0,,"[66,132,53,109,50,55,8,5,78,18,85,28,121]","[4,102,19,37,6,91,46,42,23,99,57,67,26]","[49,70,65,64,24,123,115,69,21,40,105,17,100]","[83,30,20,107,84,51,130,3,111,135,110,124,73,43]",2358m 4558p 24s 147z,22567m 12368p 578s,567m 248899p 89s 24z,168m 24p 1349s 11567z,4,4,5,,0,,,,,,
20260412052922_0301_008,20260412052922_0301,20260412052922,特上卓,0,s6u,121,4z,tedashi,1775940367,1100.58,,0,,"[66,132,53,109,50,55,8,5,78,18,85,28,121,81]","[4,102,19,37,6,91,46,42,23,99,57,67,26]","[49,70,65,64,24,123,115,69,21,40,105,17,100]","[83,30,20,107,84,51,3,111,135,110,124,73,43]",2358m 4558p 234s 147z,22567m 12368p 578s,567m 248899p 89s 24z,168m 24p 1349s 1157z,4,4,5,,0,,,,,,
20260412052922_0301_009,20260412052922_0301,20260412052922,特上卓,1,こいきき,67,8p,tedashi,1775940370,2729.49,,0,,"[66,132,53,109,50,55,8,5,78,18,85,28,81]","[4,102,19,37,6,91,46,42,23,99,57,67,26,88]","[49,70,65,64,24,123,115,69,21,40,105,17,100]","[83,30,20,107,84,51,3,111,135,110,124,73,43]",2358m 4558p 234s 17z,22567m 12368p r5578s,567m 248899p 89s 24z,168m 24p 1349s 1157z,1,1,4,,0,,,,,,
20260412052922_0301_010,20260412052922_0301,20260412052922,特上卓,2,Fsight,71,9p,risekichu_hokan_tsumogiri,1775940370,0.0,,0,,"[66,132,53,109,50,55,8,5,78,18,85,28,81]","[4,102,19,37,6,91,46,42,23,99,57,26,88]","[49,70,65,64,24,123,115,69,21,40,105,17,100,71]","[83,30,20,107,84,51,3,111,135,110,124,73,43]",2358m 4558p 234s 17z,22567m 1236p r5578s,567m 2488999p 89s 24z,168m 24p 1349s 1157z,1,1,4,,0,,,,,,
20260412052922_0301_011,20260412052922_0301,20260412052922,特上卓,3,skybit,107,9s,tedashi,1775940373,3091.767,,0,,"[66,132,53,109,50,55,8,5,78,18,85,28,81]","[4,102,19,37,6,91,46,42,23,99,57,26,88]","[49,70,65,64,24,123,115,69,21,40,105,17,100]","[83,30,20,107,84,51,3,111,135,110,124,73,43,75]",2358m 4558p 234s 17z,22567m 1236p r5578s,567m 248899p 89s 24z,168m 24p 11349s 1157z,3,3,4,,0,,,,,,
20260412052922_0301_012,20260412052922_0301,20260412052922,特上卓,0,s6u,132,7z,tedashi,1775940374,1089.022,,0,,"[66,132,53,109,50,55,8,5,78,18,85,28,81,122]","[4,102,19,37,6,91,46,42,23,99,57,26,88]","[49,70,65,64,24,123,115,69,21,40,105,17,100]","[83,30,20,84,51,3,111,135,110,124,73,43,75]",2358m 4558p 234s 147z,22567m 1236p r5578s,567m 248899p 89s 24z,168m 24p 1134s 1157z,4,4,5,,0,,,,,,
20260412052922_0301_013,20260412052922_0301,20260412052922,特上卓,1,こいきき,129,6z,risekichu_hokan_tsumogiri,1775940376,1683.83,,0,,"[66,53,109,50,55,8,5,78,18,85,28,81,122]","[4,102,19,37,6,91,46,42,23,99,57,26,88,129]","[49,70,65,64,24,123,115,69,21,40,105,17,100]","[83,30,20,84,51,3,111,135,110,124,73,43,75]",2358m 4558p 234s 14z,22567m 1236p r5578s 6z,567m 248899p 89s 24z,168m 24p 1134s 1157z,1,1,4,,0,,,,,,
20260412052922_0301_014,20260412052922_0301,20260412052922,特上卓,2,Fsight,40,2p,tedashi,1775940379,2945.304,,0,,"[66,53,109,50,55,8,5,78,18,85,28,81,122]","[4,102,19,37,6,91,46,42,23,99,57,26,88]","[49,70,65,64,24,123,115,69,21,40,105,17,100,112]","[83,30,20,84,51,3,111,135,110,124,73,43,75]",2358m 4558p 234s 14z,22567m 1236p r5578s,567m 248899p 89s 224z,168m 24p 1134s 1157z,2,2,3,,0,,,,,,
20260412052922_0301_015,20260412052922_0301,20260412052922,特上卓,3,skybit,135,7z,tedashi,1775940382,2624.969,,0,,"[66,53,109,50,55,8,5,78,18,85,28,81,122]","[4,102,19,37,6,91,46,42,23,99,57,26,88]","[49,70,65,64,24,123,115,69,21,105,17,100,112]","[83,30,20,84,51,3,111,135,110,124,73,43,75,1]",2358m 4558p 234s 14z,22567m 1236p r5578s,567m 48899p 89s 224z,1168m 24p 1134s 1157z,3,3,3,,0,,,,,,
20260412052922_0301_016,20260412052922_0301,20260412052922,特上卓,0,s6u,122,4z,tedashi,1775940383,1235.041,,0,,"[66,53,109,50,55,8,5,78,18,85,28,81,122,60]","[4,102,19,37,6,91,46,42,23,99,57,26,88]","[49,70,65,64,24,123,115,69,21,105,17,100,112]","[83,30,20,84,51,3,111,110,124,73,43,75,1]",2358m 45578p 234s 14z,22567m 1236p r5578s,567m 48899p 89s 224z,1168m 24p 1134s 115z,3,3,5,,0,,,,,,
20260412052922_0301_017,20260412052922_0301,20260412052922,特上卓,1,こいきき,41,2p,risekichu_hokan_tsumogiri,1775940386,2621.147,,0,,"[66,53,109,50,55,8,5,78,18,85,28,81,60]","[4,102,19,37,6,91,46,42,23,99,57,26,88,41]","[49,70,65,64,24,123,115,69,21,105,17,100,112]","[83,30,20,84,51,3,111,110,124,73,43,75,1]",2358m 45578p 234s 1z,22567m 12236p r5578s,567m 48899p 89s 224z,1168m 24p 1134s 115z,1,1,3,,0,,,,,,
20260412052922_0301_018,20260412052922_0301,20260412052922,特上卓,2,Fsight,21,6m,tedashi,1775940388,2138.428,,0,,"[66,53,109,50,55,8,5,78,18,85,28,81,60]","[4,102,19,37,6,91,46,42,23,99,57,26,88]","[49,70,65,64,24,123,115,69,21,105,17,100,112,36]","[83,30,20,84,51,3,111,110,124,73,43,75,1]",2358m 45578p 234s 1z,22567m 1236p r5578s,567m 148899p 89s 224z,1168m 24p 1134s 115z,2,2,3,,0,,,,,,
20260412052922_0301_019,20260412052922_0301,20260412052922,特上卓,3,skybit,124,5z,tedashi,1775940389,1799.057,,0,,"[66,53,109,50,55,8,5,78,18,85,28,81,60]","[4,102,19,37,6,91,46,42,23,99,57,26,88]","[49,70,65,64,24,123,115,69,105,17,100,112,36]","[83,30,20,84,51,3,111,110,124,73,43,75,1,89]",2358m 45578p 234s 1z,22567m 1236p r5578s,57m 148899p 89s 224z,1168m 24p 11345s 115z,2,2,3,,0,,,,,,
20260412052922_0301_020,20260412052922_0301,20260412052922,特上卓,0,s6u,109,1z,tedashi,1775940391,1696.55,,2,1046.449,"[66,53,109,50,55,8,5,78,18,85,28,81,60,79]","[4,102,19,37,6,91,46,42,23,99,57,26,88]","[49,70,65,64,24,123,115,69,105,17,100,112,36]","[83,30,20,84,51,3,111,110,73,43,75,1,89]",2358m 45578p 2234s 1z,22567m 1236p r5578s,57m 148899p 89s 224z,1168m 24p 11345s 11z,3,3,4,,0,,,,,,
20260412052922_0301_021,20260412052922_0301,20260412052922,特上卓,3,skybit,20,6m,tedashi,1775940394,1358.933,,0,,"[66,53,50,55,8,5,78,18,85,28,81,60,79]","[4,102,19,37,6,91,46,42,23,99,57,26,88]","[49,70,65,64,24,123,115,69,105,17,100,112,36]","[83,30,20,84,51,3,73,43,75,1,89]",2358m 45578p 2234s,22567m 1236p r5578s,57m 148899p 89s 224z,1168m 24p 11345s,1,1,,,0,,,,,,
20260412052922_0301_022,20260412052922_0301,20260412052922,特上卓,0,s6u,28,8m,tedashi,1775940399,5381.137,,6,238.191,"[66,53,50,55,8,5,78,18,85,28,81,60,79,52]","[4,102,19,37,6,91,46,42,23,99,57,26,88]","[49,70,65,64,24,123,115,69,105,17,100,112,36]","[83,30,84,51,3,73,43,75,1,89]",2358m 4r55578p 2234s,22567m 1236p r5578s,57m 148899p 89s 224z,118m 24p 11345s,2,2,4,,0,,,,,,
20260412052922_0301_023,20260412052922_0301,20260412052922,特上卓,1,こいきき,57,6p,tedashi,1775940401,2049.893,,0,,"[66,53,50,55,8,5,78,18,85,81,60,79,52]","[4,102,19,37,6,91,46,42,23,99,57,26,88,11]","[49,70,65,64,24,123,115,69,105,17,100,112,36]","[83,30,84,51,3,73,43,75,1,89]",235m 4r55578p 2234s,223567m 1236p r5578s,57m 148899p 89s 224z,118m 24p 11345s,1,1,4,,0,,,,,,
20260412052922_0301_024,20260412052922_0301,20260412052922,特上卓,2,Fsight,45,3p,risekichu_hokan_tsumogiri,1775940404,2349.22,,2,1336.937,"[66,53,50,55,8,5,78,18,85,81,60,79,52]","[4,102,19,37,6,91,46,42,23,99,26,88,11]","[49,70,65,64,24,123,115,69,105,17,100,112,36,45]","[83,30,84,51,3,73,43,75,1,89]",235m 4r55578p 2234s,223567m 123p r5578s,57m 1348899p 89s 224z,118m 24p 11345s,3,3,3,,0,,,,,,
20260412052922_0301_025,20260412052922_0301,20260412052922,特上卓,3,skybit,30,8m,tedashi,1775940406,1119.583,,0,,"[66,53,50,55,8,5,78,18,85,81,60,79,52]","[4,102,19,37,6,91,46,42,23,99,26,88,11]","[49,70,65,64,24,123,115,69,105,17,100,112,36]","[83,30,84,3,73,75,1,89]",235m 4r55578p 2234s,223567m 123p r5578s,57m 148899p 89s 224z,118m 11345s,0,0,,1m 1s,0,,,,,,
20260412052922_0301_026,20260412052922_0301,20260412052922,特上卓,0,s6u,119,3z,tsumogiri,1775940408,1869.047,,0,,"[66,53,50,55,8,5,78,18,85,81,60,79,52,119]","[4,102,19,37,6,91,46,42,23,99,26,88,11]","[49,70,65,64,24,123,115,69,105,17,100,112,36]","[83,84,3,73,75,1,89]",235m 4r55578p 2234s 3z,223567m 123p r5578s,57m 148899p 89s 224z,11m 11345s,2,2,4,,0,,,,,,
20260412052922_0301_027,20260412052922_0301,20260412052922,特上卓,1,こいきき,6,2m,tedashi,1775940410,2032.391,,0,,"[66,53,50,55,8,5,78,18,85,81,60,79,52]","[4,102,19,37,6,91,46,42,23,99,26,88,11,134]","[49,70,65,64,24,123,115,69,105,17,100,112,36]","[83,84,3,73,75,1,89]",235m 4r55578p 2234s,223567m 123p r5578s 7z,57m 148899p 89s 224z,11m 11345s,1,1,4,,1,,,,,,
20260412052922_0301_028,20260412052922_0301,20260412052922,特上卓,2,Fsight,36,1p,tedashi,1775940412,1863.641,,0,,"[66,53,50,55,8,5,78,18,85,81,60,79,52]","[4,102,19,37,91,46,42,23,99,26,88,11,134]","[49,70,65,64,24,123,115,69,105,17,100,112,36,82]","[83,84,3,73,75,1,89]",235m 4r55578p 2234s,23567m 123p r5578s 7z,57m 148899p 389s 224z,11m 11345s,3,3,3,,0,,,,,,
20260412052922_0301_029,20260412052922_0301,20260412052922,特上卓,3,skybit,92,6s,risekichu_hokan_tsumogiri,1775940414,2435.658,,0,,"[66,53,50,55,8,5,78,18,85,81,60,79,52]","[4,102,19,37,91,46,42,23,99,26,88,11,134]","[49,70,65,64,24,123,115,69,105,17,100,112,82]","[83,84,3,73,75,1,89,92]",235m 4r55578p 2234s,23567m 123p r5578s 7z,57m 48899p 389s 224z,11m 113456s,0,0,,1m 1s,0,,,,,,
20260412052922_0301_030,20260412052922_0301,20260412052922,特上卓,0,s6u,18,5m,tedashi,1775940416,2259.982,,6,292.642,"[66,53,50,55,8,5,78,18,85,81,60,79,52,59]","[4,102,19,37,91,46,42,23,99,26,88,11,134]","[49,70,65,64,24,123,115,69,105,17,100,112,82]","[83,84,3,73,75,1,89]",235m 4r555678p 2234s,23567m 123p r5578s 7z,57m 48899p 389s 224z,11m 11345s,1,1,4,,0,,,,,,
20260412052922_0301_031,20260412052922_0301,20260412052922,特上卓,1,こいきき,134,7z,tedashi,1775940419,627.185,1320.942,0,,"[66,53,50,55,8,5,78,85,81,60,79,52,59]","[4,102,19,37,91,46,42,23,99,26,88,11,134,13]","[49,70,65,64,24,123,115,69,105,17,100,112,82]","[83,84,3,73,75,1,89]",23m 4r555678p 2234s,234567m 123p r5578s 7z,57m 48899p 389s 224z,11m 11345s,0,0,5,69s,0,,,,,,
20260412052922_0301_032,20260412052922_0301,20260412052922,特上卓,2,Fsight,123,4z,tedashi,1775940420,1646.079,,0,,"[66,53,50,55,8,5,78,85,81,60,79,52,59]","[4,102,19,37,91,46,42,23,99,26,88,11,13]","[49,70,65,64,24,123,115,69,105,17,100,112,82,93]","[83,84,3,73,75,1,89]",23m 4r555678p 2234s,234567m 123p r5578s,57m 48899p 3689s 224z,11m 11345s,3,3,3,,0,,,,,,
20260412052922_0301_033,20260412052922_0301,20260412052922,特上卓,3,skybit,34,9m,risekichu_hokan_tsumogiri,1775940422,1931.996,,0,,"[66,53,50,55,8,5,78,85,81,60,79,52,59]","[4,102,19,37,91,46,42,23,99,26,88,11,13]","[49,70,65,64,24,115,69,105,17,100,112,82,93]","[83,84,3,73,75,1,89,34]",23m 4r555678p 2234s,234567m 123p r5578s,57m 48899p 3689s 22z,119m 11345s,0,0,,1m 1s,0,,,,,,
20260412052922_0301_034,20260412052922_0301,20260412052922,特上卓,0,s6u,78,2s,tedashi,1775940424,1804.349,,0,,"[66,53,50,55,8,5,78,85,81,60,79,52,59,103]","[4,102,19,37,91,46,42,23,99,26,88,11,13]","[49,70,65,64,24,115,69,105,17,100,112,82,93]","[83,84,3,73,75,1,89]",23m 4r555678p 22348s,234567m 123p r5578s,57m 48899p 3689s 22z,11m 11345s,1,1,4,,0,,,,,,
20260412052922_0400_000,20260412052922_0400,20260412052922,特上卓,1,こいきき,113,2z,tedashi,1775940441,,,0,,"[36,37,33,38,86,6,57,84,95,117,110,93,74]","[113,13,27,32,21,53,94,98,55,54,59,23,17,131]","[4,89,99,18,67,49,123,76,90,42,3,80,120]","[35,106,2,108,39,63,51,45,126,114,101,107,52]",29m 1116p 14466s 13z,456679m 5556p 67s 26z,125m 248p 23557s 44z,19m 134r57p 899s 125z,2,2,4,,0,,,,,,
20260412052922_0400_001,20260412052922_0400,20260412052922,特上卓,2,Fsight,67,8p,tedashi,1775940443,2051.859,,0,,"[36,37,33,38,86,6,57,84,95,117,110,93,74]","[13,27,32,21,53,94,98,55,54,59,23,17,131]","[4,89,99,18,67,49,123,76,90,42,3,80,120,82]","[35,106,2,108,39,63,51,45,126,114,101,107,52]",29m 1116p 14466s 13z,456679m 5556p 67s 6z,125m 248p 233557s 44z,19m 134r57p 899s 125z,3,3,3,,0,,,,,,
20260412052922_0400_002,20260412052922_0400,20260412052922,特上卓,3,skybit,108,1z,tedashi,1775940445,1741.432,,0,,"[36,37,33,38,86,6,57,84,95,117,110,93,74]","[13,27,32,21,53,94,98,55,54,59,23,17,131]","[4,89,99,18,49,123,76,90,42,3,80,120,82]","[35,106,2,108,39,63,51,45,126,114,101,107,52,61]",29m 1116p 14466s 13z,456679m 5556p 67s 6z,125m 24p 233557s 44z,19m 134r577p 899s 125z,4,4,4,,0,,,,,,
20260412052922_0400_003,20260412052922_0400,20260412052922,特上卓,0,s6u,110,1z,tedashi,1775940446,1426.887,,0,,"[36,37,33,38,86,6,57,84,95,117,110,93,74,128]","[13,27,32,21,53,94,98,55,54,59,23,17,131]","[4,89,99,18,49,123,76,90,42,3,80,120,82]","[35,106,2,39,63,51,45,126,114,101,107,52,61]",29m 1116p 14466s 136z,456679m 5556p 67s 6z,125m 24p 233557s 44z,19m 134r577p 899s 25z,3,4,3,,0,,,,,,
20260412052922_0400_004,20260412052922_0400,20260412052922,特上卓,1,こいきき,131,6z,tedashi,1775940448,1956.639,,0,,"[36,37,33,38,86,6,57,84,95,117,93,74,128]","[13,27,32,21,53,94,98,55,54,59,23,17,131,56]","[4,89,99,18,49,123,76,90,42,3,80,120,82]","[35,106,2,39,63,51,45,126,114,101,107,52,61]",29m 1116p 14466s 36z,456679m 55566p 67s 6z,125m 24p 233557s 44z,19m 134r577p 899s 25z,1,1,3,,0,,,,,,
20260412052922_0400_005,20260412052922_0400,20260412052922,特上卓,2,Fsight,4,2m,tedashi,1775940450,2255.712,,0,,"[36,37,33,38,86,6,57,84,95,117,93,74,128]","[13,27,32,21,53,94,98,55,54,59,23,17,56]","[4,89,99,18,49,123,76,90,42,3,80,120,82,97]","[35,106,2,39,63,51,45,126,114,101,107,52,61]",29m 1116p 14466s 36z,456679m 55566p 67s,125m 24p 2335577s 44z,19m 134r577p 899s 25z,2,3,2,,0,,,,,,
20260412052922_0400_006,20260412052922_0400,20260412052922,特上卓,3,skybit,35,9m,tedashi,1775940452,1834.591,,0,,"[36,37,33,38,86,6,57,84,95,117,93,74,128]","[13,27,32,21,53,94,98,55,54,59,23,17,56]","[89,99,18,49,123,76,90,42,3,80,120,82,97]","[35,106,2,39,63,51,45,126,114,101,107,52,61,44]",29m 1116p 14466s 36z,456679m 55566p 67s,15m 24p 2335577s 44z,19m 1334r577p 899s 25z,3,3,3,,0,,,,,,
20260412052922_0400_007,20260412052922_0400,20260412052922,特上卓,0,s6u,117,3z,tedashi,1775940455,2687.675,,0,,"[36,37,33,38,86,6,57,84,95,117,93,74,128,121]","[13,27,32,21,53,94,98,55,54,59,23,17,56]","[89,99,18,49,123,76,90,42,3,80,120,82,97]","[106,2,39,63,51,45,126,114,101,107,52,61,44]",29m 1116p 14466s 346z,456679m 55566p 67s,15m 24p 2335577s 44z,1m 1334r577p 899s 25z,3,4,3,,0,,,,,,
20260412052922_0400_008,20260412052922_0400,20260412052922,特上卓,1,こいきき,32,9m,tedashi,1775940457,1859.51,,0,,"[36,37,33,38,86,6,57,84,95,93,74,128,121]","[13,27,32,21,53,94,98,55,54,59,23,17,56,25]","[89,99,18,49,123,76,90,42,3,80,120,82,97]","[106,2,39,63,51,45,126,114,101,107,52,61,44]",29m 1116p 14466s 46z,4566779m 55566p 67s,15m 24p 2335577s 44z,1m 1334r577p 899s 25z,1,1,2,,0,,,,,,
20260412052922_0400_009,20260412052922_0400,20260412052922,特上卓,2,Fsight,42,2p,tedashi,1775940459,2532.992,,6,300.46,"[36,37,33,38,86,6,57,84,95,93,74,128,121]","[13,27,21,53,94,98,55,54,59,23,17,56,25]","[89,99,18,49,123,76,90,42,3,80,120,82,97,111]","[106,2,39,63,51,45,126,114,101,107,52,61,44]",29m 1116p 14466s 46z,456677m 55566p 67s,15m 24p 2335577s 144z,1m 1334r577p 899s 25z,2,3,2,,0,,,,,,
20260412052922_0400_010,20260412052922_0400,20260412052922,特上卓,3,skybit,2,1m,tedashi,1775940461,1845.372,,0,,"[36,37,33,38,86,6,57,84,95,93,74,128,121]","[13,27,21,53,94,98,55,54,59,23,17,56,25]","[89,99,18,49,123,76,90,3,80,120,82,97,111]","[106,2,39,63,51,45,126,114,101,107,52,61,44,31]",29m 1116p 14466s 46z,456677m 55566p 67s,15m 4p 2335577s 144z,18m 1334r577p 899s 25z,3,3,3,,0,,,,,,
20260412052922_0400_011,20260412052922_0400,20260412052922,特上卓,0,s6u,33,9m,tedashi,1775940465,3692.055,,5,1639.957,"[36,37,33,38,86,6,57,84,95,93,74,128,121,20]","[13,27,21,53,94,98,55,54,59,23,17,56,25]","[89,99,18,49,123,76,90,3,80,120,82,97,111]","[106,39,63,51,45,126,114,101,107,52,61,44,31]",269m 1116p 14466s 46z,456677m 55566p 67s,15m 4p 2335577s 144z,8m 1334r577p 899s 25z,3,4,3,,0,,,,,,
20260412052922_0400_012,20260412052922_0400,20260412052922,特上卓,1,こいきき,122,4z,risekichu_hokan_tsumogiri,1775940468,1329.419,,6,507.884,"[36,37,38,86,6,57,84,95,93,74,128,121,20]","[13,27,21,53,94,98,55,54,59,23,17,56,25,122]","[89,99,18,49,123,76,90,3,80,120,82,97,111]","[106,39,63,51,45,126,114,101,107,52,61,44,31]",26m 1116p 14466s 46z,456677m 55566p 67s 4z,15m 4p 2335577s 144z,8m 1334r577p 899s 25z,1,1,2,,0,,,,,,
20260412052922_0400_013,20260412052922_0400,20260412052922,特上卓,2,Fsight,49,4p,tedashi,1775940470,1744.713,,3,1196.394,"[36,37,38,86,6,57,84,95,93,74,128,121,20]","[13,27,21,53,94,98,55,54,59,23,17,56,25]","[89,99,18,49,123,76,90,3,80,120,82,97,111,30]","[106,39,63,51,45,126,114,101,107,52,61,44,31]",26m 1116p 14466s 46z,456677m 55566p 67s,158m 4p 2335577s 144z,8m 1334r577p 899s 25z,2,4,2,,0,,,,,,
20260412052922_0400_014,20260412052922_0400,20260412052922,特上卓,3,skybit,31,8m,tedashi,1775940473,1657.161,,0,,"[36,37,38,86,6,57,84,95,93,74,128,121,20]","[13,27,21,53,94,98,55,54,59,23,17,56,25]","[89,99,18,123,76,90,3,80,120,82,97,111,30]","[106,39,63,51,45,126,114,101,107,52,61,44,31,103]",26m 1116p 14466s 46z,456677m 55566p 67s,158m 2335577s 144z,8m 1334r577p 8899s 25z,2,2,2,,0,,,,,,
20260412052922_0400_015,20260412052922_0400,20260412052922,特上卓,0,s6u,74,1s,tedashi,1775940475,1358.947,,0,,"[36,37,38,86,6,57,84,95,93,74,128,121,20,26]","[13,27,21,53,94,98,55,54,59,23,17,56,25]","[89,99,18,123,76,90,3,80,120,82,97,111,30]","[106,39,63,51,45,126,114,101,107,52,61,44,103]",267m 1116p 14466s 46z,456677m 55566p 67s,158m 2335577s 144z,1334r577p 8899s 25z,3,3,3,,0,,,,,,
20260412052922_0400_016,20260412052922_0400,20260412052922,特上卓,1,こいきき,21,6m,tedashi,1775940478,3259.443,,0,,"[36,37,38,86,6,57,84,95,93,128,121,20,26]","[13,27,21,53,94,98,55,54,59,23,17,56,25,10]","[89,99,18,123,76,90,3,80,120,82,97,111,30]","[106,39,63,51,45,126,114,101,107,52,61,44,103]",267m 1116p 4466s 46z,3456677m 55566p 67s,158m 2335577s 144z,1334r577p 8899s 25z,1,1,2,,0,,,,,,
20260412052922_0400_017,20260412052922_0400,20260412052922,特上卓,2,Fsight,111,1z,tedashi,1775940480,2250.895,,0,,"[36,37,38,86,6,57,84,95,93,128,121,20,26]","[13,27,53,94,98,55,54,59,23,17,56,25,10]","[89,99,18,123,76,90,3,80,120,82,97,111,30,134]","[106,39,63,51,45,126,114,101,107,52,61,44,103]",267m 1116p 4466s 46z,345677m 55566p 67s,158m 2335577s 1447z,1334r577p 8899s 25z,2,4,2,,0,,,,,,
20260412052922_0400_018,20260412052922_0400,20260412052922,特上卓,3,skybit,77,2s,risekichu_hokan_tsumogiri,1775940482,1706.744,,0,,"[36,37,38,86,6,57,84,95,93,128,121,20,26]","[13,27,53,94,98,55,54,59,23,17,56,25,10]","[89,99,18,123,76,90,3,80,120,82,97,30,134]","[106,39,63,51,45,126,114,101,107,52,61,44,103,77]",267m 1116p 4466s 46z,345677m 55566p 67s,158m 2335577s 447z,1334r577p 28899s 25z,2,2,2,,0,,,,,,
20260412052922_0400_019,20260412052922_0400,20260412052922,特上卓,0,s6u,128,6z,tedashi,1775940483,1403.653,,0,,"[36,37,38,86,6,57,84,95,93,128,121,20,26,96]","[13,27,53,94,98,55,54,59,23,17,56,25,10]","[89,99,18,123,76,90,3,80,120,82,97,30,134]","[106,39,63,51,45,126,114,101,107,52,61,44,103]",267m 1116p 44667s 46z,345677m 55566p 67s,158m 2335577s 447z,1334r577p 8899s 25z,3,3,3,,0,,,,,,
20260412052922_0400_020,20260412052922_0400,20260412052922,特上卓,1,こいきき,12,4m,risekichu_hokan_tsumogiri,1775940486,2449.089,,0,,"[36,37,38,86,6,57,84,95,93,121,20,26,96]","[13,27,53,94,98,55,54,59,23,17,56,25,10,12]","[89,99,18,123,76,90,3,80,120,82,97,30,134]","[106,39,63,51,45,126,114,101,107,52,61,44,103]",267m 1116p 44667s 4z,3445677m 55566p 67s,158m 2335577s 447z,1334r577p 8899s 25z,1,1,2,,0,,,,,,
20260412052922_0400_021,20260412052922_0400,20260412052922,特上卓,2,Fsight,60,7p,risekichu_hokan_tsumogiri,1775940488,1983.345,,6,273.992,"[36,37,38,86,6,57,84,95,93,121,20,26,96]","[13,27,53,94,98,55,54,59,23,17,56,25,10]","[89,99,18,123,76,90,3,80,120,82,97,30,134,60]","[106,39,63,51,45,126,114,101,107,52,61,44,103]",267m 1116p 44667s 4z,345677m 55566p 67s,158m 7p 2335577s 447z,1334r577p 8899s 25z,2,4,2,,0,,,,,,
20260412052922_0400_022,20260412052922_0400,20260412052922,特上卓,3,skybit,114,2z,tedashi,1775940494,6216.022,,0,,"[36,37,38,86,6,57,84,95,93,121,20,26,96]","[13,27,53,94,98,55,54,59,23,17,56,25,10]","[89,99,18,123,76,90,3,80,120,82,97,30,134]","[106,39,63,51,45,126,114,101,107,52,61,44,103,19]",267m 1116p 44667s 4z,345677m 55566p 67s,158m 2335577s 447z,5m 1334r577p 8899s 25z,2,2,2,,0,,,,,,
20260412052922_0400_023,20260412052922_0400,20260412052922,特上卓,0,s6u,71,9p,tsumogiri,1775940496,1610.276,,0,,"[36,37,38,86,6,57,84,95,93,121,20,26,96,71]","[13,27,53,94,98,55,54,59,23,17,56,25,10]","[89,99,18,123,76,90,3,80,120,82,97,30,134]","[106,39,63,51,45,126,101,107,52,61,44,103,19]",267m 11169p 44667s 4z,345677m 55566p 67s,158m 2335577s 447z,5m 1334r577p 8899s 5z,3,3,3,,0,,,,,,
20260412052922_0400_024,20260412052922_0400,20260412052922,特上卓,1,こいきき,92,6s,risekichu_hokan_tsumogiri,1775940498,1860.934,,3,2018.806,"[36,37,38,86,6,57,84,95,93,121,20,26,96]","[13,27,53,94,98,55,54,59,23,17,56,25,10,92]","[89,99,18,123,76,90,3,80,120,82,97,30,134]","[106,39,63,51,45,126,101,107,52,61,44,103,19]",267m 1116p 44667s 4z,345677m 55566p 667s,158m 2335577s 447z,5m 1334r577p 8899s 5z,1,1,2,,1,,,,,,
20260412052922_0400_025,20260412052922_0400,20260412052922,特上卓,2,Fsight,66,8p,risekichu_hokan_tsumogiri,1775940501,1364.329,,0,,"[36,37,38,86,6,57,84,95,93,121,20,26,96]","[13,27,53,94,98,55,54,59,23,17,56,25,10]","[89,99,18,123,76,90,3,80,120,82,97,30,134,66]","[106,39,63,51,45,126,101,107,52,61,44,103,19]",267m 1116p 44667s 4z,345677m 55566p 67s,158m 8p 2335577s 447z,5m 1334r577p 8899s 5z,2,4,2,,0,,,,,,
20260412052922_0400_026,20260412052922_0400,20260412052922,特上卓,3,skybit,19,5m,tedashi,1775940504,3079.479,,3,1379.897,"[36,37,38,86,6,57,84,95,93,121,20,26,96]","[13,27,53,94,98,55,54,59,23,17,56,25,10]","[89,99,18,123,76,90,3,80,120,82,97,30,134]","[106,39,63,51,45,126,101,107,52,61,44,103,19,48]",267m 1116p 44667s 4z,345677m 55566p 67s,158m 2335577s 447z,5m 13344r577p 8899s 5z,1,2,1,,0,,,,,,
20260412052922_0400_027,20260412052922_0400,20260412052922,特上卓,0,s6u,6,2m,tedashi,1775940509,3455.487,,6,273.521,"[36,37,38,86,6,57,84,95,93,121,20,26,96,102]","[13,27,53,94,98,55,54,59,23,17,56,25,10]","[89,99,18,123,76,90,3,80,120,82,97,30,134]","[106,39,63,51,45,126,101,107,52,61,44,103,48]",267m 1116p 446678s 4z,345677m 55566p 67s,158m 2335577s 447z,13344r577p 8899s 5z,2,2,3,,0,,,,,,
20260412052922_0400_028,20260412052922_0400,20260412052922,特上卓,1,こいきき,25,7m,tedashi,1775940511,683.802,1439.05,0,,"[36,37,38,86,57,84,95,93,121,20,26,96,102]","[13,27,53,94,98,55,54,59,23,17,56,25,10,88]","[89,99,18,123,76,90,3,80,120,82,97,30,134]","[106,39,63,51,45,126,101,107,52,61,44,103,48]",67m 1116p 446678s 4z,345677m 55566p r567s,158m 2335577s 447z,13344r577p 8899s 5z,0,0,3,258m,0,,,,,,
20260412052922_0400_029,20260412052922_0400,20260412052922,特上卓,2,Fsight,30,8m,tedashi,1775940517,5256.803,,0,,"[36,37,38,86,57,84,95,93,121,20,26,96,102]","[13,27,53,94,98,55,54,59,23,17,56,10,88]","[89,99,18,123,76,90,3,80,120,82,97,30,134,1]","[106,39,63,51,45,126,101,107,52,61,44,103,48]",67m 1116p 446678s 4z,34567m 55566p r567s,1158m 2335577s 447z,13344r577p 8899s 5z,1,3,1,,0,,,,,,
20260412055023_0000_008,20260412055023_0000,20260412055023,特上卓,2,欧陽,118,3z,risekichu_hokan_tsumogiri,1775940624,1263.22,,0,,"[15,26,30,57,72,84,90,92,102,109,112,129,131]","[22,7,105,61,66,34,97,55,104,18,41,85,119]","[98,24,51,50,73,128,0,69,4,25,74,68,58,118]","[77,63,53,37,113,130,78,38,43,134,82,39,132]",478m 6p 14568s 1266z,2569m 2578p 4799s 3z,1277m 44699p 117s 36z,111257p 223s 2677z,2,3,2,,0,,,,,,
20260412055023_0000_009,20260412055023_0000,20260412055023,特上卓,3,シゲルペペ,27,7m,risekichu_hokan_tsumogiri,1775940626,1924.829,,3,1059.539,"[15,26,30,57,72,84,90,92,102,109,112,129,131]","[22,7,105,61,66,34,97,55,104,18,41,85,119]","[98,24,51,50,73,128,0,69,4,25,74,68,58]","[77,63,53,37,113,130,78,38,43,134,82,39,132,27]",478m 6p 14568s 1266z,2569m 2578p 4799s 3z,1277m 44699p 117s 6z,7m 111257p 223s 2677z,3,3,3,,0,,,,,,
20260412055023_0000_010,20260412055023_0000,20260412055023,特上卓,0,s6u,109,1z,tedashi,1775940628,1047.405,,0,,"[15,26,30,57,72,84,90,92,102,109,112,129,131,28]","[22,7,105,61,66,34,97,55,104,18,41,85,119]","[98,24,51,50,73,128,0,69,4,25,74,68,58]","[77,63,53,37,113,130,78,38,43,134,82,39,132]",4788m 6p 14568s 1266z,2569m 2578p 4799s 3z,1277m 44699p 117s 6z,111257p 223s 2677z,4,4,4,,0,,,,,,
20260412055023_0000_011,20260412055023_0000,20260412055023,特上卓,1,せんざんこうさん,7,2m,tedashi,1775940632,3367.811,,0,,"[15,26,30,57,72,84,90,92,102,112,129,131,28]","[22,7,105,61,66,34,97,55,104,18,41,85,119,54]","[98,24,51,50,73,128,0,69,4,25,74,68,58]","[77,63,53,37,113,130,78,38,43,134,82,39,132]",4788m 6p 14568s 266z,2569m 25578p 4799s 3z,1277m 44699p 117s 6z,111257p 223s 2677z,4,4,4,,0,,,,,,
20260412055023_0000_012,20260412055023_0000,20260412055023,特上卓,2,欧陽,98,7s,tedashi,1775940637,5768.665,,0,,"[15,26,30,57,72,84,90,92,102,112,129,131,28]","[22,105,61,66,34,97,55,104,18,41,85,119,54]","[98,24,51,50,73,128,0,69,4,25,74,68,58,80]","[77,63,53,37,113,130,78,38,43,134,82,39,132]",4788m 6p 14568s 266z,569m 25578p 4799s 3z,1277m 44699p 1137s 6z,111257p 223s 2677z,2,3,2,,0,,,,,,
20260412055023_0000_013,20260412055023_0000,20260412055023,特上卓,3,シゲルペペ,130,6z,tedashi,1775940640,2700.114,,2,1698.292,"[15,26,30,57,72,84,90,92,102,112,129,131,28]","[22,105,61,66,34,97,55,104,18,41,85,119,54]","[24,51,50,73,128,0,69,4,25,74,68,58,80]","[77,63,53,37,113,130,78,38,43,134,82,39,132,59]",4788m 6p 14568s 266z,569m 25578p 4799s 3z,1277m 44699p 113s 6z,1112567p 223s 2677z,2,2,3,,0,,,,,,
20260412055023_0000_014,20260412055023_0000,20260412055023,特上卓,0,s6u,112,2z,tedashi,1775940643,1019.995,,0,,"[15,26,30,57,72,84,90,92,102,112,28]","[22,105,61,66,34,97,55,104,18,41,85,119,54]","[24,51,50,73,128,0,69,4,25,74,68,58,80]","[77,63,53,37,113,78,38,43,134,82,39,132,59]",4788m 6p 14568s 2z,569m 25578p 4799s 3z,1277m 44699p 113s 6z,1112567p 223s 277z,3,3,,,0,,,,,,
20260412055023_0000_015,20260412055023_0000,20260412055023,特上卓,1,せんざんこうさん,10,3m,risekichu_hokan_tsumogiri,1775940647,3904.725,,6,266.596,"[15,26,30,57,72,84,90,92,102,28]","[22,105,61,66,34,97,55,104,18,41,85,119,54,10]","[24,51,50,73,128,0,69,4,25,74,68,58,80]","[77,63,53,37,113,78,38,43,134,82,39,132,59]",4788m 6p 14568s,3569m 25578p 4799s 3z,1277m 44699p 113s 6z,1112567p 223s 277z,4,4,4,,0,,,,,,
20260412055023_0000_016,20260412055023_0000,20260412055023,特上卓,2,欧陽,128,6z,tedashi,1775940650,2454.392,,0,,"[15,26,30,57,72,84,90,92,102,28]","[22,105,61,66,34,97,55,104,18,41,85,119,54]","[24,51,50,73,128,0,69,4,25,74,68,58,80,23]","[77,63,53,37,113,78,38,43,134,82,39,132,59]",4788m 6p 14568s,569m 25578p 4799s 3z,12677m 44699p 113s 6z,1112567p 223s 277z,2,3,2,,0,,,,,,
20260412055023_0000_017,20260412055023_0000,20260412055023,特上卓,3,シゲルペペ,113,2z,tedashi,1775940655,5625.342,,0,,"[15,26,30,57,72,84,90,92,102,28]","[22,105,61,66,34,97,55,104,18,41,85,119,54]","[24,51,50,73,0,69,4,25,74,68,58,80,23]","[77,63,53,37,113,78,38,43,134,82,39,132,59,101]",4788m 6p 14568s,569m 25578p 4799s 3z,12677m 44699p 113s,1112567p 2238s 277z,2,2,3,,0,,,,,,
20260412055023_0000_018,20260412055023_0000,20260412055023,特上卓,0,s6u,72,1s,tedashi,1775940657,2009.169,,6,246.307,"[15,26,30,57,72,84,90,92,102,28,14]","[22,105,61,66,34,97,55,104,18,41,85,119,54]","[24,51,50,73,0,69,4,25,74,68,58,80,23]","[77,63,53,37,78,38,43,134,82,39,132,59,101]",44788m 6p 14568s,569m 25578p 4799s 3z,12677m 44699p 113s,1112567p 2238s 77z,2,2,,,0,,,,,,
20260412055023_0000_019,20260412055023_0000,20260412055023,特上卓,1,せんざんこうさん,34,9m,tedashi,1775940660,2500.3,,0,,"[15,26,30,57,84,90,92,102,28,14]","[22,105,61,66,34,97,55,104,18,41,85,119,54,87]","[24,51,50,73,0,69,4,25,74,68,58,80,23]","[77,63,53,37,78,38,43,134,82,39,132,59,101]",44788m 6p 4568s,569m 25578p 44799s 3z,12677m 44699p 113s,1112567p 2238s 77z,3,3,3,,0,,,,,,
20260412055023_0000_020,20260412055023_0000,20260412055023,特上卓,2,欧陽,93,6s,risekichu_hokan_tsumogiri,1775940662,1839.683,,0,,"[15,26,30,57,84,90,92,102,28,14]","[22,105,61,66,97,55,104,18,41,85,119,54,87]","[24,51,50,73,0,69,4,25,74,68,58,80,23,93]","[77,63,53,37,78,38,43,134,82,39,132,59,101]",44788m 6p 4568s,56m 25578p 44799s 3z,12677m 44699p 1136s,1112567p 2238s 77z,2,3,2,,0,,,,,,
20260412055023_0000_021,20260412055023_0000,20260412055023,特上卓,3,シゲルペペ,101,8s,tedashi,1775940665,2863.372,,0,,"[15,26,30,57,84,90,92,102,28,14]","[22,105,61,66,97,55,104,18,41,85,119,54,87]","[24,51,50,73,0,69,4,25,74,68,58,80,23]","[77,63,53,37,78,38,43,134,82,39,132,59,101,86]",44788m 6p 4568s,56m 25578p 44799s 3z,12677m 44699p 113s,1112567p 22348s 77z,1,1,3,,0,,,,,,
20260412055023_0000_022,20260412055023_0000,20260412055023,特上卓,0,s6u,102,8s,tedashi,1775940667,2738.703,,3,757.177,"[15,26,30,57,84,90,92,102,28,14,9]","[22,105,61,66,97,55,104,18,41,85,119,54,87]","[24,51,50,73,0,69,4,25,74,68,58,80,23]","[77,63,53,37,78,38,43,134,82,39,132,59,86]",344788m 6p 4568s,56m 25578p 44799s 3z,12677m 44699p 113s,1112567p 2234s 77z,2,2,,,0,,,,,,
20260412055023_0000_023,20260412055023_0000,20260412055023,特上卓,1,せんざんこうさん,115,2z,risekichu_hokan_tsumogiri,1775940671,2482.516,,0,,"[15,26,30,57,84,90,92,28,14,9]","[22,105,61,66,97,55,104,18,41,85,119,54,87,115]","[24,51,50,73,0,69,4,25,74,68,58,80,23]","[77,63,53,37,78,38,43,134,82,39,132,59,86]",344788m 6p 456s,56m 25578p 44799s 23z,12677m 44699p 113s,1112567p 2234s 77z,3,3,3,,0,,,,,,
20260412055023_0000_024,20260412055023_0000,20260412055023,特上卓,2,欧陽,25,7m,tedashi,1775940675,4737.904,,0,,"[15,26,30,57,84,90,92,28,14,9]","[22,105,61,66,97,55,104,18,41,85,119,54,87]","[24,51,50,73,0,69,4,25,74,68,58,80,23,71]","[77,63,53,37,78,38,43,134,82,39,132,59,86]",344788m 6p 456s,56m 25578p 44799s 3z,12677m 446999p 113s,1112567p 2234s 77z,2,2,2,,1,,,,,,
20260412055023_0000_025,20260412055023_0000,20260412055023,特上卓,3,シゲルペペ,43,2p,tedashi,1775940678,578.221,2512.677,0,,"[15,26,30,57,84,90,92,28,14,9]","[22,105,61,66,97,55,104,18,41,85,119,54,87]","[24,51,50,73,0,69,4,74,68,58,80,23,71]","[77,63,53,37,78,38,43,134,82,39,132,59,86,81]",344788m 6p 456s,56m 25578p 44799s 3z,1267m 446999p 113s,1112567p 22334s 77z,0,0,2,14s,0,,,,,,
20260412055023_0000_026,20260412055023_0000,20260412055023,特上卓,0,s6u,14,4m,tedashi,1775940684,5939.37,,3,731.929,"[15,26,30,57,84,90,92,28,14,9,29]","[22,105,61,66,97,55,104,18,41,85,119,54,87]","[24,51,50,73,0,69,4,74,68,58,80,23,71]","[77,63,53,37,78,38,134,82,39,132,59,86,81]",3447888m 6p 456s,56m 25578p 44799s 3z,1267m 446999p 113s,111567p 22334s 77z,1,1,,,1,,,,,,
20260412055023_0000_027,20260412055023_0000,20260412055023,特上卓,1,せんざんこうさん,119,3z,tedashi,1775940687,1635.734,,0,,"[15,26,30,57,84,90,92,28,9,29]","[22,105,61,66,97,55,104,18,41,85,119,54,87,89]","[24,51,50,73,0,69,4,74,68,58,80,23,71]","[77,63,53,37,78,38,134,82,39,132,59,86,81]",347888m 6p 456s,56m 25578p 445799s 3z,1267m 446999p 113s,111567p 22334s 77z,3,3,3,,0,,,,,,
20260412055023_0000_028,20260412055023_0000,20260412055023,特上卓,2,欧陽,0,1m,tedashi,1775940690,3181.611,,0,,"[15,26,30,57,84,90,92,28,9,29]","[22,105,61,66,97,55,104,18,41,85,54,87,89]","[24,51,50,73,0,69,4,74,68,58,80,23,71,45]","[77,63,53,37,78,38,134,82,39,132,59,86,81]",347888m 6p 456s,56m 25578p 445799s,1267m 3446999p 113s,111567p 22334s 77z,2,2,3,,0,,,,,,
20260412055023_0000_029,20260412055023_0000,20260412055023,特上卓,3,シゲルペペ,31,8m,risekichu_hokan_tsumogiri,1775940691,839.424,,3,4860.214,"[15,26,30,57,84,90,92,28,9,29]","[22,105,61,66,97,55,104,18,41,85,54,87,89]","[24,51,50,73,69,4,74,68,58,80,23,71,45]","[77,63,53,37,78,38,134,82,39,132,59,86,81,31]",347888m 6p 456s,56m 25578p 445799s,267m 3446999p 113s,8m 111567p 22334s 77z,0,0,2,14s,0,,,,,,
20260412055023_0000_030,20260412055023_0000,20260412055023,特上卓,0,s6u,26,7m,tedashi,1775940699,3347.592,,6,382.013,"[15,26,30,57,84,90,92,28,9,29,76]","[22,105,61,66,97,55,104,18,41,85,54,87,89]","[24,51,50,73,69,4,74,68,58,80,23,71,45]","[77,63,53,37,78,38,134,82,39,132,59,86,81]",347888m 6p 2456s,56m 25578p 445799s,267m 3446999p 113s,111567p 22334s 77z,1,1,,,0,,,,,,
20260412055023_0000_031,20260412055023_0000,20260412055023,特上卓,1,せんざんこうさん,105,9s,tedashi,1775940704,4627.8,,0,,"[15,30,57,84,90,92,28,9,29,76]","[22,105,61,66,97,55,104,18,41,85,54,87,89,46]","[24,51,50,73,69,4,74,68,58,80,23,71,45]","[77,63,53,37,78,38,134,82,39,132,59,86,81]",34888m 6p 2456s,56m 235578p 445799s,267m 3446999p 113s,111567p 22334s 77z,3,3,3,,0,,,,,,
20260412055023_0000_032,20260412055023_0000,20260412055023,特上卓,2,欧陽,24,7m,tedashi,1775940712,7861.584,,0,,"[15,30,57,84,90,92,28,9,29,76]","[22,61,66,97,55,104,18,41,85,54,87,89,46]","[24,51,50,73,69,4,74,68,58,80,23,71,45,126]","[77,63,53,37,78,38,134,82,39,132,59,86,81]",34888m 6p 2456s,56m 235578p 44579s,267m 3446999p 113s 5z,111567p 22334s 77z,2,2,3,,0,,,,,,
20260412055023_0000_033,20260412055023_0000,20260412055023,特上卓,3,シゲルペペ,117,3z,risekichu_hokan_tsumogiri,1775940713,887.806,,0,,"[15,30,57,84,90,92,28,9,29,76]","[22,61,66,97,55,104,18,41,85,54,87,89,46]","[51,50,73,69,4,74,68,58,80,23,71,45,126]","[77,63,53,37,78,38,134,82,39,132,59,86,81,117]",34888m 6p 2456s,56m 235578p 44579s,26m 3446999p 113s 5z,111567p 22334s 377z,0,0,2,14s,0,,,,,,
20260412055023_0000_034,20260412055023_0000,20260412055023,特上卓,0,s6u,57,6p,tedashi,1775940724,10814.062,,6,298.267,"[15,30,57,84,90,92,28,9,29,76,19]","[22,61,66,97,55,104,18,41,85,54,87,89,46]","[51,50,73,69,4,74,68,58,80,23,71,45,126]","[77,63,53,37,78,38,134,82,39,132,59,86,81]",345888m 6p 2456s,56m 235578p 44579s,26m 3446999p 113s 5z,111567p 22334s 77z,0,0,,2s,0,,,,,,
20260412055023_0000_035,20260412055023_0000,20260412055023,特上卓,1,せんざんこうさん,55,5p,tedashi,1775940728,4210.32,,6,236.774,"[15,30,84,90,92,28,9,29,76,19]","[22,61,66,97,55,104,18,41,85,54,87,89,46,127]","[51,50,73,69,4,74,68,58,80,23,71,45,126]","[77,63,53,37,78,38,134,82,39,132,59,86,81]",345888m 2456s,56m 235578p 44579s 5z,26m 3446999p 113s 5z,111567p 22334s 77z,3,3,4,,0,,,,,,
20260412055023_0000_036,20260412055023_0000,20260412055023,特上卓,2,欧陽,58,6p,tedashi,1775940729,852.545,,0,,"[15,30,84,90,92,28,9,29,76,19]","[22,61,66,97,104,18,41,85,54,87,89,46,127]","[51,50,73,69,4,74,68,58,80,23,71,45,126,56]","[77,63,53,37,78,38,134,82,39,132,59,86,81]",345888m 2456s,56m 23578p 44579s 5z,26m 34466999p 113s 5z,111567p 22334s 77z,2,3,2,,0,,,,,,
20260412055023_0000_037,20260412055023_0000,20260412055023,特上卓,3,シゲルペペ,35,9m,risekichu_hokan_tsumogiri,1775940730,958.513,,0,,"[15,30,84,90,92,28,9,29,76,19]","[22,61,66,97,104,18,41,85,54,87,89,46,127]","[51,50,73,69,4,74,68,80,23,71,45,126,56]","[77,63,53,37,78,38,134,82,39,132,59,86,81,35]",345888m 2456s,56m 23578p 44579s 5z,26m 3446999p 113s 5z,9m 111567p 22334s 77z,0,0,2,14s,0,,,,,,
20260412055023_0000_038,20260412055023_0000,20260412055023,特上卓,0,s6u,29,8m,tedashi,1775940735,4653.611,,0,,"[15,30,84,90,92,28,9,29,76,19,83]","[22,61,66,97,104,18,41,85,54,87,89,46,127]","[51,50,73,69,4,74,68,80,23,71,45,126,56]","[77,63,53,37,78,38,134,82,39,132,59,86,81]",345888m 23456s,56m 23578p 44579s 5z,26m 3446999p 113s 5z,111567p 22334s 77z,0,0,,147s,0,,,,,,
20260412055023_0000_039,20260412055023_0000,20260412055023,特上卓,1,せんざんこうさん,54,5p,tedashi,1775940736,1683.416,,6,248.071,"[15,30,84,90,92,28,9,76,19,83]","[22,61,66,97,104,18,41,85,54,87,89,46,127,111]","[51,50,73,69,4,74,68,80,23,71,45,126,56]","[77,63,53,37,78,38,134,82,39,132,59,86,81]",34588m 23456s,56m 23578p 44579s 15z,26m 3446999p 113s 5z,111567p 22334s 77z,3,3,5,,0,,,,,,
20260412055023_0000_040,20260412055023_0000,20260412055023,特上卓,2,欧陽,56,6p,tedashi,1775940738,954.02,,0,,"[15,30,84,90,92,28,9,76,19,83]","[22,61,66,97,104,18,41,85,87,89,46,127,111]","[51,50,73,69,4,74,68,80,23,71,45,126,56,13]","[77,63,53,37,78,38,134,82,39,132,59,86,81]",34588m 23456s,56m 2378p 44579s 15z,246m 3446999p 113s 5z,111567p 22334s 77z,2,2,3,,0,,,,,,
20260412055023_0000_041,20260412055023_0000,20260412055023,特上卓,3,シゲルペペ,21,6m,risekichu_hokan_tsumogiri,1775940738,857.185,,3,1510.61,"[15,30,84,90,92,28,9,76,19,83]","[22,61,66,97,104,18,41,85,87,89,46,127,111]","[51,50,73,69,4,74,68,80,23,71,45,126,13]","[77,63,53,37,78,38,134,82,39,132,59,86,81,21]",34588m 23456s,56m 2378p 44579s 15z,246m 344999p 113s 5z,6m 111567p 22334s 77z,0,0,2,14s,0,,,,,,
20260412055023_0000_042,20260412055023_0000,20260412055023,特上卓,0,s6u,3,1m,tsumogiri,1775940741,1273.387,,0,,"[15,30,84,90,92,28,9,76,19,83,3]","[22,61,66,97,104,18,41,85,87,89,46,127,111]","[51,50,73,69,4,74,68,80,23,71,45,126,13]","[77,63,53,37,78,38,134,82,39,132,59,86,81]",134588m 23456s,56m 2378p 44579s 15z,246m 344999p 113s 5z,111567p 22334s 77z,0,0,,147s,0,,,,,,
20260412055023_0000_043,20260412055023_0000,20260412055023,特上卓,1,せんざんこうさん,111,1z,tedashi,1775940744,2559.299,,0,,"[15,30,84,90,92,28,9,76,19,83]","[22,61,66,97,104,18,41,85,87,89,46,127,111,47]","[51,50,73,69,4,74,68,80,23,71,45,126,13]","[77,63,53,37,78,38,134,82,39,132,59,86,81]",34588m 23456s,56m 23378p 44579s 15z,246m 344999p 113s 5z,111567p 22334s 77z,3,3,4,,0,,,,,,
20260412055023_0000_044,20260412055023_0000,20260412055023,特上卓,2,欧陽,23,6m,tedashi,1775940745,1569.052,,0,,"[15,30,84,90,92,28,9,76,19,83]","[22,61,66,97,104,18,41,85,87,89,46,127,47]","[51,50,73,69,4,74,68,80,23,71,45,126,13,95]","[77,63,53,37,78,38,134,82,39,132,59,86,81]",34588m 23456s,56m 23378p 44579s 5z,246m 344999p 1136s 5z,111567p 22334s 77z,3,3,3,,0,,,,,,
20260412055023_0000_045,20260412055023_0000,20260412055023,特上卓,3,シゲルペペ,107,9s,risekichu_hokan_tsumogiri,1775940746,751.645,,0,,"[15,30,84,90,92,28,9,76,19,83]","[22,61,66,97,104,18,41,85,87,89,46,127,47]","[51,50,73,69,4,74,68,80,71,45,126,13,95]","[77,63,53,37,78,38,134,82,39,132,59,86,81,107]",34588m 23456s,56m 23378p 44579s 5z,24m 344999p 1136s 5z,111567p 223349s 77z,0,0,2,14s,0,,,,,,
20260412055023_0000_046,20260412055023_0000,20260412055023,特上卓,0,s6u,100,8s,tsumogiri,1775940750,3747.282,,6,249.494,"[15,30,84,90,92,28,9,76,19,83,100]","[22,61,66,97,104,18,41,85,87,89,46,127,47]","[51,50,73,69,4,74,68,80,71,45,126,13,95]","[77,63,53,37,78,38,134,82,39,132,59,86,81]",34588m 234568s,56m 23378p 44579s 5z,24m 344999p 1136s 5z,111567p 22334s 77z,0,0,,147s,0,,,,,,
20260412055023_0000_047,20260412055023_0000,20260412055023,特上卓,1,せんざんこうさん,41,2p,tedashi,1775940752,1813.511,,6,278.873,"[15,30,84,90,92,28,9,76,19,83]","[22,61,66,97,104,18,41,85,87,89,46,127,47,110]","[51,50,73,69,4,74,68,80,71,45,126,13,95]","[77,63,53,37,78,38,134,82,39,132,59,86,81]",34588m 23456s,56m 23378p 44579s 15z,24m 344999p 1136s 5z,111567p 22334s 77z,3,3,4,,0,,,,,,
20260412055023_0000_048,20260412055023_0000,20260412055023,特上卓,2,欧陽,13,4m,tedashi,1775940754,1906.965,,0,,"[15,30,84,90,92,28,9,76,19,83]","[22,61,66,97,104,18,85,87,89,46,127,47,110]","[51,50,73,69,4,74,68,80,71,45,126,13,95,114]","[77,63,53,37,78,38,134,82,39,132,59,86,81]",34588m 23456s,56m 3378p 44579s 15z,24m 344999p 1136s 25z,111567p 22334s 77z,3,3,3,,0,,,,,,
20260412055023_0000_049,20260412055023_0000,20260412055023,特上卓,3,シゲルペペ,65,8p,risekichu_hokan_tsumogiri,1775940755,797.987,,0,,"[15,30,84,90,92,28,9,76,19,83]","[22,61,66,97,104,18,85,87,89,46,127,47,110]","[51,50,73,69,4,74,68,80,71,45,126,95,114]","[77,63,53,37,78,38,134,82,39,132,59,86,81,65]",34588m 23456s,56m 3378p 44579s 15z,2m 344999p 1136s 25z,1115678p 22334s 77z,0,0,2,14s,0,,,,,,
20260412055023_0000_050,20260412055023_0000,20260412055023,特上卓,0,s6u,5,2m,tsumogiri,1775940760,5006.759,,0,,"[15,30,84,90,92,28,9,76,19,83,5]","[22,61,66,97,104,18,85,87,89,46,127,47,110]","[51,50,73,69,4,74,68,80,71,45,126,95,114]","[77,63,53,37,78,38,134,82,39,132,59,86,81]",234588m 23456s,56m 3378p 44579s 15z,2m 344999p 1136s 25z,111567p 22334s 77z,0,0,,147s,0,,,,,,
20260412055023_0000_051,20260412055023_0000,20260412055023,特上卓,1,せんざんこうさん,110,1z,tedashi,1775940765,4582.46,,0,,"[15,30,84,90,92,28,9,76,19,83]","[22,61,66,97,104,18,85,87,89,46,127,47,110,106]","[51,50,73,69,4,74,68,80,71,45,126,95,114]","[77,63,53,37,78,38,134,82,39,132,59,86,81]",34588m 23456s,56m 3378p 445799s 15z,2m 344999p 1136s 25z,111567p 22334s 77z,3,3,3,,0,,,,,,
20260412055023_0101_011,20260412055023_0101,20260412055023,特上卓,0,s6u,28,8m,tedashi,1775940882,5266.022,,6,495.086,"[28,34,39,40,61,67,76,79,101,103,83]",,,,89m 1278p 22388s,,,,2,2,,,0,,,,,,
20260412055023_0101_012,20260412055023_0101,20260412055023,特上卓,1,せんざんこうさん,128,6z,tedashi,1775940889,6418.587,,0,,"[34,39,40,61,67,76,79,101,103,83]",,,,9m 1278p 22388s,,,,,,,,,,,,,,
20260412055023_0101_013,20260412055023_0101,20260412055023,特上卓,2,欧陽,38,1p,tedashi,1775940895,6137.408,,0,,"[34,39,40,61,67,76,79,101,103,83]",,,,9m 1278p 22388s,,,,,,,,,,,,,,
20260412055023_0101_014,20260412055023_0101,20260412055023,特上卓,3,シゲルペペ,91,5s,tedashi,1775940898,3175.631,,0,,"[34,39,40,61,67,76,79,101,103,83]",,,,9m 1278p 22388s,,,,,,,,,,,,,,
20260412055023_0101_015,20260412055023_0101,20260412055023,特上卓,0,s6u,34,9m,tedashi,1775940900,1941.089,,0,,"[34,39,40,61,67,76,79,101,103,83,37]",,,,9m 11278p 22388s,,,,2,2,,,0,,,,,,
20260412055023_0101_016,20260412055023_0101,20260412055023,特上卓,1,せんざんこうさん,135,7z,tedashi,1775940904,4216.148,,0,,"[39,40,61,67,76,79,101,103,83,37]",,,,11278p 22388s,,,,,,,,,,,,,,
20260412055023_0101_017,20260412055023_0101,20260412055023,特上卓,2,欧陽,70,9p,tedashi,1775940912,7803.429,,0,,"[39,40,61,67,76,79,101,103,83,37]",,,,11278p 22388s,,,,,,,,,,,,,,
20260412055023_0101_018,20260412055023_0101,20260412055023,特上卓,3,シゲルペペ,97,7s,tedashi,1775940916,4164.113,,0,,"[39,40,61,67,76,79,101,103,83,37]",,,,11278p 22388s,,,,,,,,,,,,,,
20260412055023_0101_019,20260412055023_0101,20260412055023,特上卓,0,s6u,94,6s,tsumogiri,1775940920,4042.997,,0,,"[39,40,61,67,76,79,101,103,83,37,94]",,,,11278p 223688s,,,,2,2,,,0,,,,,,
20260412055023_0101_020,20260412055023_0101,20260412055023,特上卓,1,せんざんこうさん,108,1z,tedashi,1775940924,3391.988,,0,,"[39,40,61,67,76,79,101,103,83,37]",,,,11278p 22388s,,,,,,,,,,,,,,
20260412055023_0101_021,20260412055023_0101,20260412055023,特上卓,2,欧陽,66,8p,tedashi,1775940927,3114.496,,0,,"[39,40,61,67,76,79,101,103,83,37]",,,,11278p 22388s,,,,,,,,,,,,,,
20260412055023_0101_022,20260412055023_0101,20260412055023,特上卓,3,シゲルペペ,35,9m,risekichu_hokan_tsumogiri,1775940929,1949.43,,0,,"[39,40,61,67,76,79,101,103,83,37]",,,,11278p 22388s,,,,,,,,,,,,,,
20260412055023_0101_023,20260412055023_0101,20260412055023,特上卓,0,s6u,125,5z,tsumogiri,1775940930,1260.642,,0,,"[39,40,61,67,76,79,101,103,83,37,125]",,,,11278p 22388s 5z,,,,2,2,,,0,,,,,,
20260412055023_0101_024,20260412055023_0101,20260412055023,特上卓,1,せんざんこうさん,95,6s,tedashi,1775940934,3705.846,,6,315.693,"[39,40,61,67,76,79,101,103,83,37]",,,,11278p 22388s,,,,,,,,,,,,,,
20260412055023_0101_025,20260412055023_0101,20260412055023,特上卓,2,欧陽,65,8p,tedashi,1775940935,395.567,1206.978,0,,"[39,40,61,67,76,79,101,103,83,37]",,,,11278p 22388s,,,,,,,,,,,,,,
20260412055023_0101_026,20260412055023_0101,20260412055023,特上卓,3,シゲルペペ,1,1m,risekichu_hokan_tsumogiri,1775940937,1916.037,,0,,"[39,40,61,67,76,79,101,103,83,37]",,,,11278p 22388s,,,,,,,,,,,,,,
20260412055023_0101_027,20260412055023_0101,20260412055023,特上卓,0,s6u,20,6m,tsumogiri,1775940943,5942.519,,1,2263.095,"[39,40,61,67,76,79,101,103,83,37,20]",,,,6m 11278p 22388s,,,,2,2,,,0,,,,,,
20260412055023_0101_028,20260412055023_0101,20260412055023,特上卓,1,せんざんこうさん,109,1z,risekichu_hokan_tsumogiri,1775940948,2452.873,,0,,"[39,40,61,67,76,79,101,103,83,37]",,,,11278p 22388s,,,,,,,,,,,,,,
20260412055023_0101_029,20260412055023_0101,20260412055023,特上卓,2,欧陽,13,4m,risekichu_hokan_tsumogiri,1775940949,823.62,,1,593.27,"[39,40,61,67,76,79,101,103,83,37]",,,,11278p 22388s,,,,,,,,,,,,,,
20260412055023_0101_030,20260412055023_0101,20260412055023,特上卓,3,シゲルペペ,60,7p,risekichu_hokan_tsumogiri,1775940951,1292.694,,0,,"[39,40,61,67,76,79,101,103,83,37]",,,,11278p 22388s,,,,,,,,,,,,,,
20260412055023_0101_031,20260412055023_0101,20260412055023,特上卓,0,s6u,27,7m,tsumogiri,1775940952,1673.759,,6,339.781,"[39,40,61,67,76,79,101,103,83,37,27]",,,,7m 11278p 22388s,,,,2,2,,,0,,,,,,
20260412055023_0101_032,20260412055023_0101,20260412055023,特上卓,1,せんざんこうさん,23,6m,tedashi,1775940955,2272.045,,0,,"[39,40,61,67,76,79,101,103,83,37]",,,,11278p 22388s,,,,,,,,,,,,,,
20260412055023_0101_033,20260412055023_0101,20260412055023,特上卓,2,欧陽,4,2m,risekichu_hokan_tsumogiri,1775940956,713.223,,0,,"[39,40,61,67,76,79,101,103,83,37]",,,,11278p 22388s,,,,,,,,,,,,,,
20260412055023_0101_034,20260412055023_0101,20260412055023,特上卓,3,シゲルペペ,26,7m,tedashi,1775940959,3043.272,,0,,"[39,40,61,67,76,79,101,103,83,37]",,,,11278p 22388s,,,,,,,,,,,,,,
20260412055023_0101_035,20260412055023_0101,20260412055023,特上卓,0,s6u,131,6z,tsumogiri,1775940960,1563.678,,0,,"[39,40,61,67,76,79,101,103,83,37,131]",,,,11278p 22388s 6z,,,,2,2,,,0,,,,,,
20260412055023_0101_036,20260412055023_0101,20260412055023,特上卓,1,せんざんこうさん,5,2m,tedashi,1775940965,4402.364,,0,,"[39,40,61,67,76,79,101,103,83,37]",,,,11278p 22388s,,,,,,,,,,,,,,
20260412055023_0101_037,20260412055023_0101,20260412055023,特上卓,2,欧陽,68,9p,risekichu_hokan_tsumogiri,1775940965,722.896,,0,,"[39,40,61,67,76,79,101,103,83,37]",,,,11278p 22388s,,,,,,,,,,,,,,
20260412055023_0101_038,20260412055023_0101,20260412055023,特上卓,3,シゲルペペ,117,3z,risekichu_hokan_tsumogiri,1775940968,2112.545,,0,,"[39,40,61,67,76,79,101,103,83,37]",,,,11278p 22388s,,,,,,,,,,,,,,
20260412055023_0101_039,20260412055023_0101,20260412055023,特上卓,0,s6u,76,2s,tedashi,1775940970,2798.495,,6,295.362,"[39,40,61,67,76,79,101,103,83,37,84]",,,,11278p 223488s,,,,1,1,,,0,,,,,,
20260412055023_0101_040,20260412055023_0101,20260412055023,特上卓,1,せんざんこうさん,58,6p,tedashi,1775940977,6324.7,,0,,"[39,40,61,67,79,101,103,83,37,84]",,,,11278p 23488s,,,,,,,,,,,,,,
20260412055023_0101_041,20260412055023_0101,20260412055023,特上卓,2,欧陽,126,5z,risekichu_hokan_tsumogiri,1775940978,731.213,,0,,"[39,40,61,67,79,101,103,83,37,84]",,,,11278p 23488s,,,,,,,,,,,,,,
20260412055023_0101_042,20260412055023_0101,20260412055023,特上卓,3,シゲルペペ,127,5z,risekichu_hokan_tsumogiri,1775940980,1934.22,,0,,"[39,40,61,67,79,101,103,83,37,84]",,,,11278p 23488s,,,,,,,,,,,,,,
20260412055023_0101_043,20260412055023_0101,20260412055023,特上卓,0,s6u,21,6m,tsumogiri,1775940982,2029.726,,0,,"[39,40,61,67,79,101,103,83,37,84,21]",,,,6m 11278p 23488s,,,,1,1,,,0,,,,,,
20260412055023_0101_044,20260412055023_0101,20260412055023,特上卓,1,せんざんこうさん,112,2z,risekichu_hokan_tsumogiri,1775940984,2688.112,,0,,"[39,40,61,67,79,101,103,83,37,84]",,,,11278p 23488s,,,,,,,,,,,,,,
20260412055023_0101_045,20260412055023_0101,20260412055023,特上卓,2,欧陽,121,4z,risekichu_hokan_tsumogiri,1775940985,747.802,,0,,"[39,40,61,67,79,101,103,83,37,84]",,,,11278p 23488s,,,,,,,,,,,,,,
20260412055023_0101_046,20260412055023_0101,20260412055023,特上卓,3,シゲルペペ,72,1s,tedashi,1775940989,3628.92,,1,1219.898,"[39,40,61,67,79,101,103,83,37,84]",,,,11278p 23488s,,,,,,,,,,,,,,
20260412055023_0101_047,20260412055023_0101,20260412055023,特上卓,0,s6u,39,1p,tedashi,1775940992,2170.095,,6,228.389,"[39,40,61,67,79,101,103,83,37,84,16]",,,,r5m 11278p 23488s,,,,1,1,,,0,,,,,,
20260412055023_0101_048,20260412055023_0101,20260412055023,特上卓,1,せんざんこうさん,75,1s,tedashi,1775940998,5515.363,,0,,"[40,61,67,79,101,103,83,37,84,16]",,,,r5m 1278p 23488s,,,,,,,,,,,,,,
20260412055023_0101_049,20260412055023_0101,20260412055023,特上卓,2,欧陽,69,9p,risekichu_hokan_tsumogiri,1775940999,718.733,,0,,"[40,61,67,79,101,103,83,37,84,16]",,,,r5m 1278p 23488s,,,,,,,,,,,,,,
20260412055023_0101_050,20260412055023_0101,20260412055023,特上卓,3,シゲルペペ,77,2s,tedashi,1775941014,15380.322,,1,1111.241,"[40,61,67,79,101,103,83,37,84,16]",,,,r5m 1278p 23488s,,,,,,,,,,,,,,
20260412055023_0101_051,20260412055023_0101,20260412055023,特上卓,0,s6u,123,4z,tsumogiri,1775941016,1327.84,,0,,"[40,61,67,79,101,103,83,37,84,16,123]",,,,r5m 1278p 23488s 4z,,,,1,1,,,0,,,,,,
20260412055023_0101_052,20260412055023_0101,20260412055023,特上卓,1,せんざんこうさん,59,6p,risekichu_hokan_tsumogiri,1775941019,2559.21,,0,,"[40,61,67,79,101,103,83,37,84,16]",,,,r5m 1278p 23488s,,,,,,,,,,,,,,
20260412055023_0200_000,20260412055023_0200,20260412055023,特上卓,0,s6u,114,2z,tedashi,1775941032,,,0,,"[57,53,114,65,88,81,118,7,13,55,116,121,101,14]","[62,83,16,17,104,80,67,134,115,77,2,135,109]","[69,92,32,15,1,79,36,25,99,112,120,4,123]","[126,29,89,3,60,47,91,82,63,125,75,5,50]",244m 5568p 3r58s 2334z,1r55m 78p 2339s 1277z,12479m 19p 267s 244z,128m 3477p 1355s 55z,3,3,3,,0,,,,,,
20260412055023_0200_001,20260412055023_0200,20260412055023,特上卓,1,せんざんこうさん,2,1m,tedashi,1775941036,3827.576,,0,,"[57,53,65,88,81,118,7,13,55,116,121,101,14]","[62,83,16,17,104,80,67,134,115,77,2,135,109,87]","[69,92,32,15,1,79,36,25,99,112,120,4,123]","[126,29,89,3,60,47,91,82,63,125,75,5,50]",244m 5568p 3r58s 334z,1r55m 78p 23349s 1277z,12479m 19p 267s 244z,128m 3477p 1355s 55z,3,3,3,,0,,,,,,
20260412055023_0200_002,20260412055023_0200,20260412055023,特上卓,2,欧陽,112,2z,tedashi,1775941039,3159.396,,0,,"[57,53,65,88,81,118,7,13,55,116,121,101,14]","[62,83,16,17,104,80,67,134,115,77,135,109,87]","[69,92,32,15,1,79,36,25,99,112,120,4,123,46]","[126,29,89,3,60,47,91,82,63,125,75,5,50]",244m 5568p 3r58s 334z,r55m 78p 23349s 1277z,12479m 139p 267s 244z,128m 3477p 1355s 55z,3,3,5,,0,,,,,,
20260412055023_0200_003,20260412055023_0200,20260412055023,特上卓,3,シゲルペペ,37,1p,risekichu_hokan_tsumogiri,1775941041,1802.633,,0,,"[57,53,65,88,81,118,7,13,55,116,121,101,14]","[62,83,16,17,104,80,67,134,115,77,135,109,87]","[69,92,32,15,1,79,36,25,99,120,4,123,46]","[126,29,89,3,60,47,91,82,63,125,75,5,50,37]",244m 5568p 3r58s 334z,r55m 78p 23349s 1277z,12479m 139p 267s 44z,128m 13477p 1355s 55z,3,3,3,,0,,,,,,
20260412055023_0200_004,20260412055023_0200,20260412055023,特上卓,0,s6u,121,4z,tedashi,1775941042,1168.626,,6,284.223,"[57,53,65,88,81,118,7,13,55,116,121,101,14,61]","[62,83,16,17,104,80,67,134,115,77,135,109,87]","[69,92,32,15,1,79,36,25,99,120,4,123,46]","[126,29,89,3,60,47,91,82,63,125,75,5,50]",244m 55678p 3r58s 334z,r55m 78p 23349s 1277z,12479m 139p 267s 44z,128m 3477p 1355s 55z,2,2,3,,0,,,,,,
20260412055023_0200_005,20260412055023_0200,20260412055023,特上卓,1,せんざんこうさん,115,2z,tedashi,1775941043,1492.419,,0,,"[57,53,65,88,81,118,7,13,55,116,101,14,61]","[62,83,16,17,104,80,67,134,115,77,135,109,87,107]","[69,92,32,15,1,79,36,25,99,120,4,123,46]","[126,29,89,3,60,47,91,82,63,125,75,5,50]",244m 55678p 3r58s 33z,r55m 78p 233499s 1277z,12479m 139p 267s 44z,128m 3477p 1355s 55z,2,2,2,,0,,,,,,
20260412055023_0200_006,20260412055023_0200,20260412055023,特上卓,2,欧陽,69,9p,tedashi,1775941048,4841.167,,0,,"[57,53,65,88,81,118,7,13,55,116,101,14,61]","[62,83,16,17,104,80,67,134,77,135,109,87,107]","[69,92,32,15,1,79,36,25,99,120,4,123,46,100]","[126,29,89,3,60,47,91,82,63,125,75,5,50]",244m 55678p 3r58s 33z,r55m 78p 233499s 177z,12479m 139p 2678s 44z,128m 3477p 1355s 55z,2,2,5,,0,,,,,,
20260412055023_0200_007,20260412055023_0200,20260412055023,特上卓,3,シゲルペペ,3,1m,tedashi,1775941053,4295.362,,0,,"[57,53,65,88,81,118,7,13,55,116,101,14,61]","[62,83,16,17,104,80,67,134,77,135,109,87,107]","[92,32,15,1,79,36,25,99,120,4,123,46,100]","[126,29,89,3,60,47,91,82,63,125,75,5,50,59]",244m 55678p 3r58s 33z,r55m 78p 233499s 177z,12479m 13p 2678s 44z,128m 34677p 1355s 55z,3,3,3,,0,,,,,,
20260412055023_0200_008,20260412055023_0200,20260412055023,特上卓,0,s6u,116,3z,tedashi,1775941054,1906.902,,0,,"[57,53,65,88,81,118,7,13,55,116,101,14,61,96]","[62,83,16,17,104,80,67,134,77,135,109,87,107]","[92,32,15,1,79,36,25,99,120,4,123,46,100]","[126,29,89,60,47,91,82,63,125,75,5,50,59]",244m 55678p 3r578s 33z,r55m 78p 233499s 177z,12479m 13p 2678s 44z,28m 34677p 1355s 55z,2,2,3,,0,,,,,,
20260412055023_0200_009,20260412055023_0200,20260412055023,特上卓,1,せんざんこうさん,83,3s,tedashi,1775941058,3229.754,,0,,"[57,53,65,88,81,118,7,13,55,101,14,61,96]","[62,83,16,17,104,80,67,134,77,135,109,87,107,103]","[92,32,15,1,79,36,25,99,120,4,123,46,100]","[126,29,89,60,47,91,82,63,125,75,5,50,59]",244m 55678p 3r578s 3z,r55m 78p 2334899s 177z,12479m 13p 2678s 44z,28m 34677p 1355s 55z,2,2,2,,0,,,,,,
20260412055023_0200_010,20260412055023_0200,20260412055023,特上卓,2,欧陽,111,1z,risekichu_hokan_tsumogiri,1775941059,1729.893,,0,,"[57,53,65,88,81,118,7,13,55,101,14,61,96]","[62,16,17,104,80,67,134,77,135,109,87,107,103]","[92,32,15,1,79,36,25,99,120,4,123,46,100,111]","[126,29,89,60,47,91,82,63,125,75,5,50,59]",244m 55678p 3r578s 3z,r55m 78p 234899s 177z,12479m 13p 2678s 144z,28m 34677p 1355s 55z,2,2,5,,0,,,,,,
20260412055023_0200_011,20260412055023_0200,20260412055023,特上卓,3,シゲルペペ,5,2m,tedashi,1775941061,1647.939,,0,,"[57,53,65,88,81,118,7,13,55,101,14,61,96]","[62,16,17,104,80,67,134,77,135,109,87,107,103]","[92,32,15,1,79,36,25,99,120,4,123,46,100]","[126,29,89,60,47,91,82,63,125,75,5,50,59,131]",244m 55678p 3r578s 3z,r55m 78p 234899s 177z,12479m 13p 2678s 44z,28m 34677p 1355s 556z,3,3,3,,0,,,,,,
20260412055023_0200_012,20260412055023_0200,20260412055023,特上卓,0,s6u,118,3z,tedashi,1775941063,2002.777,,0,,"[57,53,65,88,81,118,7,13,55,101,14,61,96,106]","[62,16,17,104,80,67,134,77,135,109,87,107,103]","[92,32,15,1,79,36,25,99,120,4,123,46,100]","[126,29,89,60,47,91,82,63,125,75,50,59,131]",244m 55678p 3r5789s 3z,r55m 78p 234899s 177z,12479m 13p 2678s 44z,8m 34677p 1355s 556z,1,1,4,,0,,,,,,
20260412055023_0200_013,20260412055023_0200,20260412055023,特上卓,1,せんざんこうさん,109,1z,tedashi,1775941067,3420.945,,0,,"[57,53,65,88,81,7,13,55,101,14,61,96,106]","[62,16,17,104,80,67,134,77,135,109,87,107,103,21]","[92,32,15,1,79,36,25,99,120,4,123,46,100]","[126,29,89,60,47,91,82,63,125,75,50,59,131]",244m 55678p 3r5789s,r556m 78p 234899s 177z,12479m 13p 2678s 44z,8m 34677p 1355s 556z,2,2,3,,0,,,,,,
20260412055023_0200_014,20260412055023_0200,20260412055023,特上卓,2,欧陽,1,1m,tedashi,1775941070,3898.76,,0,,"[57,53,65,88,81,7,13,55,101,14,61,96,106]","[62,16,17,104,80,67,134,77,135,87,107,103,21]","[92,32,15,1,79,36,25,99,120,4,123,46,100,78]","[126,29,89,60,47,91,82,63,125,75,50,59,131]",244m 55678p 3r5789s,r556m 78p 234899s 77z,12479m 13p 22678s 44z,8m 34677p 1355s 556z,2,2,4,,0,,,,,,
20260412055023_0200_015,20260412055023_0200,20260412055023,特上卓,3,シゲルペペ,108,1z,risekichu_hokan_tsumogiri,1775941072,1656.96,,0,,"[57,53,65,88,81,7,13,55,101,14,61,96,106]","[62,16,17,104,80,67,134,77,135,87,107,103,21]","[92,32,15,79,36,25,99,120,4,123,46,100,78]","[126,29,89,60,47,91,82,63,125,75,50,59,131,108]",244m 55678p 3r5789s,r556m 78p 234899s 77z,2479m 13p 22678s 44z,8m 34677p 1355s 1556z,3,3,3,,0,,,,,,
20260412055023_0200_016,20260412055023_0200,20260412055023,特上卓,0,s6u,124,5z,tsumogiri,1775941073,1277.163,,2,1071.669,"[57,53,65,88,81,7,13,55,101,14,61,96,106,124]","[62,16,17,104,80,67,134,77,135,87,107,103,21]","[92,32,15,79,36,25,99,120,4,123,46,100,78]","[126,29,89,60,47,91,82,63,125,75,50,59,131]",244m 55678p 3r5789s 5z,r556m 78p 234899s 77z,2479m 13p 22678s 44z,8m 34677p 1355s 556z,1,1,4,,0,,,,,,
20260412055023_0200_017,20260412055023_0200,20260412055023,特上卓,3,シゲルペペ,131,6z,tedashi,1775941075,762.864,,0,,"[57,53,65,88,81,7,13,55,101,14,61,96,106]","[62,16,17,104,80,67,134,77,135,87,107,103,21]","[92,32,15,79,36,25,99,120,4,123,46,100,78]","[29,89,60,47,91,82,63,75,50,59,131]",244m 55678p 3r5789s,r556m 78p 234899s 77z,2479m 13p 22678s 44z,8m 34677p 1355s 6z,2,2,,,0,,,,,,
20260412055023_0200_018,20260412055023_0200,20260412055023,特上卓,0,s6u,13,4m,tedashi,1775941078,600.559,1831.913,3,1678.427,"[57,53,65,88,81,7,13,55,101,14,61,96,106,10]","[62,16,17,104,80,67,134,77,135,87,107,103,21]","[92,32,15,79,36,25,99,120,4,123,46,100,78]","[29,89,60,47,91,82,63,75,50,59]",2344m 55678p 3r5789s,r556m 78p 234899s 77z,2479m 13p 22678s 44z,8m 34677p 1355s,0,0,4,4s,0,,,,,,
20260412055023_0200_019,20260412055023_0200,20260412055023,特上卓,1,せんざんこうさん,110,1z,risekichu_hokan_tsumogiri,1775941081,1653.569,,0,,"[57,53,65,88,81,7,55,101,14,61,96,106,10]","[62,16,17,104,80,67,134,77,135,87,107,103,21,110]","[92,32,15,79,36,25,99,120,4,123,46,100,78]","[29,89,60,47,91,82,63,75,50,59]",234m 55678p 3r5789s,r556m 78p 234899s 177z,2479m 13p 22678s 44z,8m 34677p 1355s,2,2,3,,0,,,,,,
20260412055023_0200_020,20260412055023_0200,20260412055023,特上卓,2,欧陽,120,4z,tedashi,1775941083,1942.832,,0,,"[57,53,65,88,81,7,55,101,14,61,96,106,10]","[62,16,17,104,80,67,134,77,135,87,107,103,21]","[92,32,15,79,36,25,99,120,4,123,46,100,78,6]","[29,89,60,47,91,82,63,75,50,59]",234m 55678p 3r5789s,r556m 78p 234899s 77z,22479m 13p 22678s 44z,8m 34677p 1355s,2,2,3,,0,,,,,,
20260412055023_0200_021,20260412055023_0200,20260412055023,特上卓,3,シゲルペペ,105,9s,risekichu_hokan_tsumogiri,1775941085,2015.718,,3,1680.446,"[57,53,65,88,81,7,55,101,14,61,96,106,10]","[62,16,17,104,80,67,134,77,135,87,107,103,21]","[92,32,15,79,36,25,99,4,123,46,100,78,6]","[29,89,60,47,91,82,63,75,50,59,105]",234m 55678p 3r5789s,r556m 78p 234899s 77z,22479m 13p 22678s 4z,8m 34677p 13559s,2,2,,,0,,,,,,
20260412055023_0200_022,20260412055023_0200,20260412055023,特上卓,0,s6u,70,9p,tsumogiri,1775941087,227.73,,3,1824.382,"[57,53,65,88,81,7,55,101,14,61,96,106,10,70]","[62,16,17,104,80,67,134,77,135,87,107,103,21]","[92,32,15,79,36,25,99,4,123,46,100,78,6]","[29,89,60,47,91,82,63,75,50,59]",234m 556789p 3r5789s,r556m 78p 234899s 77z,22479m 13p 22678s 4z,8m 34677p 1355s,0,0,5,4s,0,,,,,,
20260412055023_0200_023,20260412055023_0200,20260412055023,特上卓,1,せんざんこうさん,107,9s,tedashi,1775941091,2687.1,,6,240.903,"[57,53,65,88,81,7,55,101,14,61,96,106,10]","[62,16,17,104,80,67,134,77,135,87,107,103,21,38]","[92,32,15,79,36,25,99,4,123,46,100,78,6]","[29,89,60,47,91,82,63,75,50,59]",234m 55678p 3r5789s,r556m 178p 234899s 77z,22479m 13p 22678s 4z,8m 34677p 1355s,2,2,3,,0,,,,,,
20260412055023_0200_024,20260412055023_0200,20260412055023,特上卓,2,欧陽,123,4z,tedashi,1775941093,1672.613,,0,,"[57,53,65,88,81,7,55,101,14,61,96,106,10]","[62,16,17,104,80,67,134,77,135,87,103,21,38]","[92,32,15,79,36,25,99,4,123,46,100,78,6,54]","[29,89,60,47,91,82,63,75,50,59]",234m 55678p 3r5789s,r556m 178p 23489s 77z,22479m 135p 22678s 4z,8m 34677p 1355s,2,2,4,,0,,,,,,
20260412055023_0200_025,20260412055023_0200,20260412055023,特上卓,3,シゲルペペ,29,8m,tedashi,1775941096,3084.81,,0,,"[57,53,65,88,81,7,55,101,14,61,96,106,10]","[62,16,17,104,80,67,134,77,135,87,103,21,38]","[92,32,15,79,36,25,99,4,46,100,78,6,54]","[29,89,60,47,91,82,63,75,50,59,52]",234m 55678p 3r5789s,r556m 178p 23489s 77z,22479m 135p 22678s,8m 34r5677p 1355s,1,1,,,0,,,,,,
20260412055023_0200_026,20260412055023_0200,20260412055023,特上卓,0,s6u,27,7m,tsumogiri,1775941097,685.044,,2,3934.571,"[57,53,65,88,81,7,55,101,14,61,96,106,10,27]","[62,16,17,104,80,67,134,77,135,87,103,21,38]","[92,32,15,79,36,25,99,4,46,100,78,6,54]","[89,60,47,91,82,63,75,50,59,52]",2347m 55678p 3r5789s,r556m 178p 23489s 77z,22479m 135p 22678s,34r5677p 1355s,0,0,5,4s,0,,,,,,
20260412055023_0200_027,20260412055023_0200,20260412055023,特上卓,1,せんざんこうさん,38,1p,tedashi,1775941104,2548.092,,0,,"[57,53,65,88,81,7,55,101,14,61,96,106,10]","[62,17,104,80,67,134,77,135,87,103,38]","[92,32,15,79,36,25,99,4,46,100,78,6,54]","[89,60,47,91,82,63,75,50,59,52]",234m 55678p 3r5789s,5m 178p 23489s 77z,22479m 135p 22678s,34r5677p 1355s,1,1,,,0,,,,,,
20260412055023_0200_028,20260412055023_0200,20260412055023,特上卓,2,欧陽,15,4m,tedashi,1775941108,4090.235,,0,,"[57,53,65,88,81,7,55,101,14,61,96,106,10]","[62,17,104,80,67,134,77,135,87,103]","[92,32,15,79,36,25,99,4,46,100,78,6,54,102]","[89,60,47,91,82,63,75,50,59,52]",234m 55678p 3r5789s,5m 78p 23489s 77z,22479m 135p 226788s,34r5677p 1355s,2,2,3,,0,,,,,,
20260412055023_0200_029,20260412055023_0200,20260412055023,特上卓,3,シゲルペペ,75,1s,tedashi,1775941110,2349.018,,0,,"[57,53,65,88,81,7,55,101,14,61,96,106,10]","[62,17,104,80,67,134,77,135,87,103]","[92,32,79,36,25,99,4,46,100,78,6,54,102]","[89,60,47,91,82,63,75,50,59,52,56]",234m 55678p 3r5789s,5m 78p 23489s 77z,2279m 135p 226788s,34r56677p 1355s,1,1,,,0,,,,,,
20260412055023_0200_030,20260412055023_0200,20260412055023,特上卓,0,s6u,98,7s,tsumogiri,1775941111,697.653,,3,2318.147,"[57,53,65,88,81,7,55,101,14,61,96,106,10,98]","[62,17,104,80,67,134,77,135,87,103]","[92,32,79,36,25,99,4,46,100,78,6,54,102]","[89,60,47,91,82,63,50,59,52,56]",234m 55678p 3r57789s,5m 78p 23489s 77z,2279m 135p 226788s,34r56677p 355s,0,0,4,4s,0,,,,,,
20260412055023_0200_031,20260412055023_0200,20260412055023,特上卓,1,せんざんこうさん,104,9s,tedashi,1775941115,1694.88,,6,214.261,"[57,53,65,88,81,7,55,101,14,61,96,106,10]","[62,17,104,80,67,134,77,135,87,103,51]","[92,32,79,36,25,99,4,46,100,78,6,54,102]","[89,60,47,91,82,63,50,59,52,56]",234m 55678p 3r5789s,5m 478p 23489s 77z,2279m 135p 226788s,34r56677p 355s,1,1,,,0,,,,,,
20260412055023_0200_032,20260412055023_0200,20260412055023,特上卓,2,欧陽,99,7s,tedashi,1775941119,3791.607,,0,,"[57,53,65,88,81,7,55,101,14,61,96,106,10]","[62,17,80,67,134,77,135,87,103,51]","[92,32,79,36,25,99,4,46,100,78,6,54,102,26]","[89,60,47,91,82,63,50,59,52,56]",234m 55678p 3r5789s,5m 478p 2348s 77z,22779m 135p 226788s,34r56677p 355s,2,2,2,,0,,,,,,
20260412055023_0200_033,20260412055023_0200,20260412055023,特上卓,3,シゲルペペ,9,3m,risekichu_hokan_tsumogiri,1775941121,2036.063,,3,1972.496,"[57,53,65,88,81,7,55,101,14,61,96,106,10]","[62,17,80,67,134,77,135,87,103,51]","[92,32,79,36,25,4,46,100,78,6,54,102,26]","[89,60,47,91,82,63,50,59,52,56,9]",234m 55678p 3r5789s,5m 478p 2348s 77z,22779m 135p 22688s,3m 34r56677p 355s,1,1,,,0,,,,,,
20260412055023_0200_034,20260412055023_0200,20260412055023,特上卓,0,s6u,117,3z,tsumogiri,1775941123,225.512,,0,,"[57,53,65,88,81,7,55,101,14,61,96,106,10,117]","[62,17,80,67,134,77,135,87,103,51]","[92,32,79,36,25,4,46,100,78,6,54,102,26]","[89,60,47,91,82,63,50,59,52,56]",234m 55678p 3r5789s 3z,5m 478p 2348s 77z,22779m 135p 22688s,34r56677p 355s,0,0,5,4s,0,,,,,,
20260412055023_0200_035,20260412055023_0200,20260412055023,特上卓,1,せんざんこうさん,103,8s,tedashi,1775941127,3639.865,,6,304.929,"[57,53,65,88,81,7,55,101,14,61,96,106,10]","[62,17,80,67,134,77,135,87,103,51,19]","[92,32,79,36,25,4,46,100,78,6,54,102,26]","[89,60,47,91,82,63,50,59,52,56]",234m 55678p 3r5789s,55m 478p 2348s 77z,22779m 135p 22688s,34r56677p 355s,1,1,,,0,,,,,,
20260412055023_0200_036,20260412055023_0200,20260412055023,特上卓,2,欧陽,113,2z,risekichu_hokan_tsumogiri,1775941129,2169.328,,0,,"[57,53,65,88,81,7,55,101,14,61,96,106,10]","[62,17,80,67,134,77,135,87,51,19]","[92,32,79,36,25,4,46,100,78,6,54,102,26,113]","[89,60,47,91,82,63,50,59,52,56]",234m 55678p 3r5789s,55m 478p 234s 77z,22779m 135p 22688s 2z,34r56677p 355s,2,3,2,,0,,,,,,
20260412055023_0200_037,20260412055023_0200,20260412055023,特上卓,3,シゲルペペ,82,3s,tedashi,1775941131,1761.774,,0,,"[57,53,65,88,81,7,55,101,14,61,96,106,10]","[62,17,80,67,134,77,135,87,51,19]","[92,32,79,36,25,4,46,100,78,6,54,102,26]","[89,60,47,91,82,63,50,59,52,56,66]",234m 55678p 3r5789s,55m 478p 234s 77z,22779m 135p 22688s,34r566778p 355s,0,0,,258p,0,,,,,,
20260412055023_0200_038,20260412055023_0200,20260412055023,特上卓,0,s6u,28,8m,tsumogiri,1775941131,685.598,,0,,"[57,53,65,88,81,7,55,101,14,61,96,106,10,28]","[62,17,80,67,134,77,135,87,51,19]","[92,32,79,36,25,4,46,100,78,6,54,102,26]","[89,60,47,91,63,50,59,52,56,66]",2348m 55678p 3r5789s,55m 478p 234s 77z,22779m 135p 22688s,34r566778p 55s,0,0,5,4s,0,,,,,,
20260412055023_0200_039,20260412055023_0200,20260412055023,特上卓,1,せんざんこうさん,12,4m,risekichu_hokan_tsumogiri,1775941135,3575.255,,0,,"[57,53,65,88,81,7,55,101,14,61,96,106,10]","[62,17,80,67,134,77,135,87,51,19,12]","[92,32,79,36,25,4,46,100,78,6,54,102,26]","[89,60,47,91,63,50,59,52,56,66]",234m 55678p 3r5789s,455m 478p 234s 77z,22779m 135p 22688s,34r566778p 55s,1,1,,,0,,,,,,
20260412055023_0200_040,20260412055023_0200,20260412055023,特上卓,2,欧陽,36,1p,tedashi,1775941140,5025.802,,0,,"[57,53,65,88,81,7,55,101,14,61,96,106,10]","[62,17,80,67,134,77,135,87,51,19]","[92,32,79,36,25,4,46,100,78,6,54,102,26,84]","[89,60,47,91,63,50,59,52,56,66]",234m 55678p 3r5789s,55m 478p 234s 77z,22779m 135p 224688s,34r566778p 55s,2,3,2,,0,,,,,,
20260412055023_0200_041,20260412055023_0200,20260412055023,特上卓,3,シゲルペペ,68,9p,risekichu_hokan_tsumogiri,1775941142,1477.521,,0,,"[57,53,65,88,81,7,55,101,14,61,96,106,10]","[62,17,80,67,134,77,135,87,51,19]","[92,32,79,25,4,46,100,78,6,54,102,26,84]","[89,60,47,91,63,50,59,52,56,66,68]",234m 55678p 3r5789s,55m 478p 234s 77z,22779m 35p 224688s,34r5667789p 55s,0,0,,258p,0,,,,,,
20260412055023_0200_042,20260412055023_0200,20260412055023,特上卓,0,s6u,39,1p,tsumogiri,1775941142,705.747,,0,,"[57,53,65,88,81,7,55,101,14,61,96,106,10,39]","[62,17,80,67,134,77,135,87,51,19]","[92,32,79,25,4,46,100,78,6,54,102,26,84]","[89,60,47,91,63,50,59,52,56,66]",234m 155678p 3r5789s,55m 478p 234s 77z,22779m 35p 224688s,34r566778p 55s,0,0,5,4s,0,,,,,,
20260412055023_0200_043,20260412055023_0200,20260412055023,特上卓,1,せんざんこうさん,20,6m,risekichu_hokan_tsumogiri,1775941146,3544.387,,0,,"[57,53,65,88,81,7,55,101,14,61,96,106,10]","[62,17,80,67,134,77,135,87,51,19,20]","[92,32,79,25,4,46,100,78,6,54,102,26,84]","[89,60,47,91,63,50,59,52,56,66]",234m 55678p 3r5789s,556m 478p 234s 77z,22779m 35p 224688s,34r566778p 55s,1,1,,,0,,,,,,
20260412055023_0200_044,20260412055023_0200,20260412055023,特上卓,2,欧陽,0,1m,risekichu_hokan_tsumogiri,1775941149,3276.642,,0,,"[57,53,65,88,81,7,55,101,14,61,96,106,10]","[62,17,80,67,134,77,135,87,51,19]","[92,32,79,25,4,46,100,78,6,54,102,26,84,0]","[89,60,47,91,63,50,59,52,56,66]",234m 55678p 3r5789s,55m 478p 234s 77z,122779m 35p 224688s,34r566778p 55s,2,3,2,,0,,,,,,
20260412055023_0200_045,20260412055023_0200,20260412055023,特上卓,3,シゲルペペ,91,5s,tedashi,1775941151,2180.605,,0,,"[57,53,65,88,81,7,55,101,14,61,96,106,10]","[62,17,80,67,134,77,135,87,51,19]","[92,32,79,25,4,46,100,78,6,54,102,26,84]","[89,60,47,91,63,50,59,52,56,66,58]",234m 55678p 3r5789s,55m 478p 234s 77z,22779m 35p 224688s,34r5666778p 55s,0,0,,,0,,,,,,
20260412055023_0200_046,20260412055023_0200,20260412055023,特上卓,0,s6u,18,5m,tsumogiri,1775941152,694.21,,3,2045.228,"[57,53,65,88,81,7,55,101,14,61,96,106,10,18]","[62,17,80,67,134,77,135,87,51,19]","[92,32,79,25,4,46,100,78,6,54,102,26,84]","[89,60,47,63,50,59,52,56,66,58]",2345m 55678p 3r5789s,55m 478p 234s 77z,22779m 35p 224688s,34r5666778p 5s,0,0,5,4s,0,,,,,,
20260412055023_0200_047,20260412055023_0200,20260412055023,特上卓,1,せんざんこうさん,51,4p,tedashi,1775941157,2600.797,,6,328.486,"[57,53,65,88,81,7,55,101,14,61,96,106,10]","[62,17,80,67,134,77,135,87,51,19,64]","[92,32,79,25,4,46,100,78,6,54,102,26,84]","[89,60,47,63,50,59,52,56,66,58]",234m 55678p 3r5789s,55m 4788p 234s 77z,22779m 35p 224688s,34r5666778p 5s,1,1,,,0,,,,,,
20260412055023_0200_048,20260412055023_0200,20260412055023,特上卓,2,欧陽,84,4s,tedashi,1775941164,6797.085,,0,,"[57,53,65,88,81,7,55,101,14,61,96,106,10]","[62,17,80,67,134,77,135,87,19,64]","[92,32,79,25,4,46,100,78,6,54,102,26,84,95]","[89,60,47,63,50,59,52,56,66,58]",234m 55678p 3r5789s,55m 788p 234s 77z,22779m 35p 2246688s,34r5666778p 5s,1,3,1,,0,,,,,,
20260412055023_0201_000,20260412055023_0201,20260412055023,特上卓,0,s6u,121,4z,tedashi,1775941181,,,0,,"[67,111,93,121,28,96,62,127,11,34,73,40,116,117]","[48,55,81,83,1,92,39,37,132,44,88,95,112]","[19,61,2,65,77,122,17,59,26,108,119,57,101]","[63,64,20,42,58,133,45,109,131,47,86,78,89]",389m 278p 167s 13345z,1m 11345p 33r566s 27z,1557m 6678p 28s 134z,6m 233678p 245s 167z,4,4,5,,0,,,,,,
20260412055023_0201_001,20260412055023_0201,20260412055023,特上卓,1,せんざんこうさん,1,1m,tedashi,1775941184,2813.117,,0,,"[67,111,93,28,96,62,127,11,34,73,40,116,117]","[48,55,81,83,1,92,39,37,132,44,88,95,112,21]","[19,61,2,65,77,122,17,59,26,108,119,57,101]","[63,64,20,42,58,133,45,109,131,47,86,78,89]",389m 278p 167s 1335z,16m 11345p 33r566s 27z,1557m 6678p 28s 134z,6m 233678p 245s 167z,3,3,3,,0,,,,,,
20260412055023_0201_002,20260412055023_0201,20260412055023,特上卓,2,欧陽,122,4z,tedashi,1775941185,1464.854,,0,,"[67,111,93,28,96,62,127,11,34,73,40,116,117]","[48,55,81,83,92,39,37,132,44,88,95,112,21]","[19,61,2,65,77,122,17,59,26,108,119,57,101,76]","[63,64,20,42,58,133,45,109,131,47,86,78,89]",389m 278p 167s 1335z,6m 11345p 33r566s 27z,1557m 6678p 228s 134z,6m 233678p 245s 167z,3,4,3,,0,,,,,,
20260412055023_0201_003,20260412055023_0201,20260412055023,特上卓,3,シゲルペペ,131,6z,tedashi,1775941187,1427.482,,0,,"[67,111,93,28,96,62,127,11,34,73,40,116,117]","[48,55,81,83,92,39,37,132,44,88,95,112,21]","[19,61,2,65,77,17,59,26,108,119,57,101,76]","[63,64,20,42,58,133,45,109,131,47,86,78,89,71]",389m 278p 167s 1335z,6m 11345p 33r566s 27z,1557m 6678p 228s 13z,6m 2336789p 245s 167z,4,4,5,,0,,,,,,
20260412055023_0201_004,20260412055023_0201,20260412055023,特上卓,0,s6u,73,1s,tedashi,1775941189,2613.517,,0,,"[67,111,93,28,96,62,127,11,34,73,40,116,117,53]","[48,55,81,83,92,39,37,132,44,88,95,112,21]","[19,61,2,65,77,17,59,26,108,119,57,101,76]","[63,64,20,42,58,133,45,109,47,86,78,89,71]",389m 2578p 167s 1335z,6m 11345p 33r566s 27z,1557m 6678p 228s 13z,6m 2336789p 245s 17z,4,4,5,,0,,,,,,
20260412055023_0201_005,20260412055023_0201,20260412055023,特上卓,1,せんざんこうさん,132,7z,tedashi,1775941192,2329.609,,0,,"[67,111,93,28,96,62,127,11,34,40,116,117,53]","[48,55,81,83,92,39,37,132,44,88,95,112,21,22]","[19,61,2,65,77,17,59,26,108,119,57,101,76]","[63,64,20,42,58,133,45,109,47,86,78,89,71]",389m 2578p 67s 1335z,66m 11345p 33r566s 27z,1557m 6678p 228s 13z,6m 2336789p 245s 17z,2,2,2,,0,,,,,,
20260412055023_0201_006,20260412055023_0201,20260412055023,特上卓,2,欧陽,2,1m,tedashi,1775941195,3324.479,,0,,"[67,111,93,28,96,62,127,11,34,40,116,117,53]","[48,55,81,83,92,39,37,44,88,95,112,21,22]","[19,61,2,65,77,17,59,26,108,119,57,101,76,30]","[63,64,20,42,58,133,45,109,47,86,78,89,71]",389m 2578p 67s 1335z,66m 11345p 33r566s 2z,15578m 6678p 228s 13z,6m 2336789p 245s 17z,3,3,3,,0,,,,,,
20260412055023_0201_007,20260412055023_0201,20260412055023,特上卓,3,シゲルペペ,109,1z,tedashi,1775941197,1557.103,,0,,"[67,111,93,28,96,62,127,11,34,40,116,117,53]","[48,55,81,83,92,39,37,44,88,95,112,21,22]","[19,61,65,77,17,59,26,108,119,57,101,76,30]","[63,64,20,42,58,133,45,109,47,86,78,89,71,18]",389m 2578p 67s 1335z,66m 11345p 33r566s 2z,5578m 6678p 228s 13z,56m 2336789p 245s 17z,3,3,5,,0,,,,,,
20260412055023_0201_008,20260412055023_0201,20260412055023,特上卓,0,s6u,127,5z,tedashi,1775941201,4141.255,,0,,"[67,111,93,28,96,62,127,11,34,40,116,117,53,8]","[48,55,81,83,92,39,37,44,88,95,112,21,22]","[19,61,65,77,17,59,26,108,119,57,101,76,30]","[63,64,20,42,58,133,45,47,86,78,89,71,18]",3389m 2578p 67s 1335z,66m 11345p 33r566s 2z,5578m 6678p 228s 13z,56m 2336789p 245s 7z,3,3,4,,0,,,,,,
20260412055023_0201_009,20260412055023_0201,20260412055023,特上卓,1,せんざんこうさん,118,3z,risekichu_hokan_tsumogiri,1775941203,2335.602,,3,2132.202,"[67,111,93,28,96,62,11,34,40,116,117,53,8]","[48,55,81,83,92,39,37,44,88,95,112,21,22,118]","[19,61,65,77,17,59,26,108,119,57,101,76,30]","[63,64,20,42,58,133,45,47,86,78,89,71,18]",3389m 2578p 67s 133z,66m 11345p 33r566s 23z,5578m 6678p 228s 13z,56m 2336789p 245s 7z,2,2,2,,0,,,,,,
20260412055023_0201_010,20260412055023_0201,20260412055023,特上卓,2,欧陽,119,3z,tedashi,1775941207,1685.855,,3,1004.439,"[67,111,93,28,96,62,11,34,40,116,117,53,8]","[48,55,81,83,92,39,37,44,88,95,112,21,22]","[19,61,65,77,17,59,26,108,119,57,101,76,30,10]","[63,64,20,42,58,133,45,47,86,78,89,71,18]",3389m 2578p 67s 133z,66m 11345p 33r566s 2z,35578m 6678p 228s 13z,56m 2336789p 245s 7z,3,3,3,,0,,,,,,
20260412055023_0201_011,20260412055023_0201,20260412055023,特上卓,3,シゲルペペ,128,6z,risekichu_hokan_tsumogiri,1775941210,1697.638,,0,,"[67,111,93,28,96,62,11,34,40,116,117,53,8]","[48,55,81,83,92,39,37,44,88,95,112,21,22]","[19,61,65,77,17,59,26,108,57,101,76,30,10]","[63,64,20,42,58,133,45,47,86,78,89,71,18,128]",3389m 2578p 67s 133z,66m 11345p 33r566s 2z,35578m 6678p 228s 1z,56m 2336789p 245s 67z,3,3,5,,0,,,,,,
20260412055023_0201_012,20260412055023_0201,20260412055023,特上卓,0,s6u,116,3z,tedashi,1775941211,1724.162,,0,,"[67,111,93,28,96,62,11,34,40,116,117,53,8,25]","[48,55,81,83,92,39,37,44,88,95,112,21,22]","[19,61,65,77,17,59,26,108,57,101,76,30,10]","[63,64,20,42,58,133,45,47,86,78,89,71,18]",33789m 2578p 67s 133z,66m 11345p 33r566s 2z,35578m 6678p 228s 1z,56m 2336789p 245s 7z,2,2,4,,0,,,,,,
20260412055023_0201_013,20260412055023_0201,20260412055023,特上卓,1,せんざんこうさん,112,2z,tedashi,1775941215,3182.585,,0,,"[67,111,93,28,96,62,11,34,40,117,53,8,25]","[48,55,81,83,92,39,37,44,88,95,112,21,22,103]","[19,61,65,77,17,59,26,108,57,101,76,30,10]","[63,64,20,42,58,133,45,47,86,78,89,71,18]",33789m 2578p 67s 13z,66m 11345p 33r5668s 2z,35578m 6678p 228s 1z,56m 2336789p 245s 7z,2,2,2,,0,,,,,,
20260412055023_0201_014,20260412055023_0201,20260412055023,特上卓,2,欧陽,108,1z,tedashi,1775941217,2616.452,,0,,"[67,111,93,28,96,62,11,34,40,117,53,8,25]","[48,55,81,83,92,39,37,44,88,95,21,22,103]","[19,61,65,77,17,59,26,108,57,101,76,30,10,75]","[63,64,20,42,58,133,45,47,86,78,89,71,18]",33789m 2578p 67s 13z,66m 11345p 33r5668s,35578m 6678p 1228s 1z,56m 2336789p 245s 7z,3,3,3,,0,,,,,,
20260412055023_0201_015,20260412055023_0201,20260412055023,特上卓,3,シゲルペペ,133,7z,tedashi,1775941219,1572.701,,0,,"[67,111,93,28,96,62,11,34,40,117,53,8,25]","[48,55,81,83,92,39,37,44,88,95,21,22,103]","[19,61,65,77,17,59,26,57,101,76,30,10,75]","[63,64,20,42,58,133,45,47,86,78,89,71,18,3]",33789m 2578p 67s 13z,66m 11345p 33r5668s,35578m 6678p 1228s,156m 2336789p 245s 7z,3,3,5,,0,,,,,,
20260412055023_0201_016,20260412055023_0201,20260412055023,特上卓,0,s6u,117,3z,tedashi,1775941221,1744.576,,0,,"[67,111,93,28,96,62,11,34,40,117,53,8,25,70]","[48,55,81,83,92,39,37,44,88,95,21,22,103]","[19,61,65,77,17,59,26,57,101,76,30,10,75]","[63,64,20,42,58,45,47,86,78,89,71,18,3]",33789m 25789p 67s 13z,66m 11345p 33r5668s,35578m 6678p 1228s,156m 2336789p 245s,2,2,5,,0,,,,,,
20260412055023_0201_017,20260412055023_0201,20260412055023,特上卓,1,せんざんこうさん,39,1p,tedashi,1775941223,2151.197,,0,,"[67,111,93,28,96,62,11,34,40,53,8,25,70]","[48,55,81,83,92,39,37,44,88,95,21,22,103,97]","[19,61,65,77,17,59,26,57,101,76,30,10,75]","[63,64,20,42,58,45,47,86,78,89,71,18,3]",33789m 25789p 67s 1z,66m 11345p 33r56678s,35578m 6678p 1228s,156m 2336789p 245s,1,1,2,,0,,,,,,
20260412055023_0201_018,20260412055023_0201,20260412055023,特上卓,2,欧陽,59,6p,tedashi,1775941228,4918.989,,3,1020.108,"[67,111,93,28,96,62,11,34,40,53,8,25,70]","[48,55,81,83,92,37,44,88,95,21,22,103,97]","[19,61,65,77,17,59,26,57,101,76,30,10,75,99]","[63,64,20,42,58,45,47,86,78,89,71,18,3]",33789m 25789p 67s 1z,66m 1345p 33r56678s,35578m 6678p 12278s,156m 2336789p 245s,2,2,3,,0,,,,,,
20260412055023_0201_019,20260412055023_0201,20260412055023,特上卓,3,シゲルペペ,3,1m,tedashi,1775941230,1508.222,,0,,"[67,111,93,28,96,62,11,34,40,53,8,25,70]","[48,55,81,83,92,37,44,88,95,21,22,103,97]","[19,61,65,77,17,26,57,101,76,30,10,75,99]","[63,64,20,42,58,45,47,86,78,89,71,18,3,52]",33789m 25789p 67s 1z,66m 1345p 33r56678s,35578m 678p 12278s,156m 233r56789p 245s,2,2,5,,0,,,,,,
20260412055023_0201_020,20260412055023_0201,20260412055023,特上卓,0,s6u,68,9p,tsumogiri,1775941232,1851.016,,0,,"[67,111,93,28,96,62,11,34,40,53,8,25,70,68]","[48,55,81,83,92,37,44,88,95,21,22,103,97]","[19,61,65,77,17,26,57,101,76,30,10,75,99]","[63,64,20,42,58,45,47,86,78,89,71,18,52]",33789m 257899p 67s 1z,66m 1345p 33r56678s,35578m 678p 12278s,56m 233r56789p 245s,2,2,4,,0,,,,,,
20260412055023_0201_021,20260412055023_0201,20260412055023,特上卓,1,せんざんこうさん,37,1p,tedashi,1775941235,2810.772,,0,,"[67,111,93,28,96,62,11,34,40,53,8,25,70]","[48,55,81,83,92,37,44,88,95,21,22,103,97,51]","[19,61,65,77,17,26,57,101,76,30,10,75,99]","[63,64,20,42,58,45,47,86,78,89,71,18,52]",33789m 25789p 67s 1z,66m 13445p 33r56678s,35578m 678p 12278s,56m 233r56789p 245s,1,1,2,,0,,,,,,
20260412055023_0201_022,20260412055023_0201,20260412055023,特上卓,2,欧陽,75,1s,tedashi,1775941242,7247.301,,0,,"[67,111,93,28,96,62,11,34,40,53,8,25,70]","[48,55,81,83,92,44,88,95,21,22,103,97,51]","[19,61,65,77,17,26,57,101,76,30,10,75,99,105]","[63,64,20,42,58,45,47,86,78,89,71,18,52]",33789m 25789p 67s 1z,66m 3445p 33r56678s,35578m 678p 122789s,56m 233r56789p 245s,1,1,4,,0,,,,,,
20260412055023_0201_023,20260412055023_0201,20260412055023,特上卓,3,シゲルペペ,78,2s,tedashi,1775941244,1981.177,,6,228.88,"[67,111,93,28,96,62,11,34,40,53,8,25,70]","[48,55,81,83,92,44,88,95,21,22,103,97,51]","[19,61,65,77,17,26,57,101,76,30,10,99,105]","[63,64,20,42,58,45,47,86,78,89,71,18,52,16]",33789m 25789p 67s 1z,66m 3445p 33r56678s,35578m 678p 22789s,r556m 233r56789p 245s,2,2,4,,0,,,,,,
20260412055023_0201_024,20260412055023_0201,20260412055023,特上卓,0,s6u,40,2p,tedashi,1775941247,2664.572,,3,6247.836,"[67,111,93,28,96,62,11,34,40,53,8,25,70,5]","[48,55,81,83,92,44,88,95,21,22,103,97,51]","[19,61,65,77,17,26,57,101,76,30,10,99,105]","[63,64,20,42,58,45,47,86,89,71,18,52,16]",233789m 25789p 67s 1z,66m 3445p 33r56678s,35578m 678p 22789s,r556m 233r56789p 45s,2,2,5,,0,,,,,,
20260412055023_0201_025,20260412055023_0201,20260412055023,特上卓,1,せんざんこうさん,51,4p,tedashi,1775941257,4137.142,,0,,"[67,111,93,28,96,62,11,34,53,8,25,70,5]","[48,55,81,83,92,44,88,95,21,22,103,97,51,23]","[19,61,65,77,17,26,57,101,76,30,10,99,105]","[63,64,20,42,58,45,47,86,89,71,18,52,16]",233789m 5789p 67s 1z,666m 3445p 33r56678s,35578m 678p 22789s,r556m 233r56789p 45s,0,0,2,47s,0,,,,,,
20260412055023_0201_026,20260412055023_0201,20260412055023,特上卓,2,欧陽,54,5p,risekichu_hokan_tsumogiri,1775941263,5291.576,,3,1942.481,"[67,111,93,28,96,62,11,34,53,8,25,70,5]","[48,55,81,83,92,44,88,95,21,22,103,97,23]","[19,61,65,77,17,26,57,101,76,30,10,99,105,54]","[63,64,20,42,58,45,47,86,89,71,18,52,16]",233789m 5789p 67s 1z,666m 345p 33r56678s,35578m 5678p 22789s,r556m 233r56789p 45s,1,1,4,,0,,,,,,
20260412055023_0201_027,20260412055023_0201,20260412055023,特上卓,3,シゲルペペ,107,9s,risekichu_hokan_tsumogiri,1775941266,1128.174,,0,,"[67,111,93,28,96,62,11,34,53,8,25,70,5]","[48,55,81,83,92,44,88,95,21,22,103,97,23]","[19,61,65,77,17,26,57,101,76,30,10,99,105]","[63,64,20,42,58,45,47,86,89,71,18,52,16,107]",233789m 5789p 67s 1z,666m 345p 33r56678s,35578m 678p 22789s,r556m 233r56789p 459s,2,2,4,,0,,,,,,
20260412055023_0201_028,20260412055023_0201,20260412055023,特上卓,0,s6u,111,1z,tedashi,1775941268,2175.805,,0,,"[67,111,93,28,96,62,11,34,53,8,25,70,5,87]","[48,55,81,83,92,44,88,95,21,22,103,97,23]","[19,61,65,77,17,26,57,101,76,30,10,99,105]","[63,64,20,42,58,45,47,86,89,71,18,52,16]",233789m 5789p 467s 1z,666m 345p 33r56678s,35578m 678p 22789s,r556m 233r56789p 45s,2,2,5,,0,,,,,,
20260412055023_0201_029,20260412055023_0201,20260412055023,特上卓,1,せんざんこうさん,27,7m,risekichu_hokan_tsumogiri,1775941271,2825.914,,0,,"[67,93,28,96,62,11,34,53,8,25,70,5,87]","[48,55,81,83,92,44,88,95,21,22,103,97,23,27]","[19,61,65,77,17,26,57,101,76,30,10,99,105]","[63,64,20,42,58,45,47,86,89,71,18,52,16]",233789m 5789p 467s,6667m 345p 33r56678s,35578m 678p 22789s,r556m 233r56789p 45s,0,0,3,47s,0,,,,,,
20260412055023_0201_030,20260412055023_0201,20260412055023,特上卓,2,欧陽,19,5m,tedashi,1775941273,737.064,1891.132,2,3363.853,"[67,93,28,96,62,11,34,53,8,25,70,5,87]","[48,55,81,83,92,44,88,95,21,22,103,97,23]","[19,61,65,77,17,26,57,101,76,30,10,99,105,14]","[63,64,20,42,58,45,47,86,89,71,18,52,16]",233789m 5789p 467s,666m 345p 33r56678s,345578m 678p 22789s,r556m 233r56789p 45s,0,0,4,69m,0,,,,,,
20260412055023_0201_031,20260412055023_0201,20260412055023,特上卓,3,シゲルペペ,20,6m,tedashi,1775941279,1876.434,,0,,"[67,93,28,96,62,11,34,53,8,25,70,5,87]","[48,55,81,83,92,44,88,95,21,22,103,97,23]","[61,65,77,17,26,57,101,76,30,10,99,105,14]","[63,64,20,42,58,45,47,86,89,71,52]",233789m 5789p 467s,666m 345p 33r56678s,34578m 678p 22789s,6m 233r56789p 45s,1,1,,,0,,,,,,
20260412055023_0300_000,20260412055023_0300,20260412055023,特上卓,1,せんざんこうさん,117,3z,tedashi,1775941294,,,0,,"[1,73,127,125,87,69,27,106,50,85,13,116,115]","[98,38,15,43,42,89,53,117,101,29,92,5,44,9]","[82,25,105,64,76,109,122,59,24,71,99,52,22]","[32,97,91,104,60,21,80,49,2,12,34,37,63]",147m 49p 1449s 2355z,2348m 12235p 5678s 3z,677m r5689p 2379s 14z,14699m 1477p 3579s,2,2,5,,0,,,,,,
20260412055023_0300_001,20260412055023_0300,20260412055023,特上卓,2,欧陽,122,4z,tedashi,1775941297,3609.42,,0,,"[1,73,127,125,87,69,27,106,50,85,13,116,115]","[98,38,15,43,42,89,53,101,29,92,5,44,9]","[82,25,105,64,76,109,122,59,24,71,99,52,22,119]","[32,97,91,104,60,21,80,49,2,12,34,37,63]",147m 49p 1449s 2355z,2348m 12235p 5678s,677m r5689p 2379s 134z,14699m 1477p 3579s,3,3,5,,0,,,,,,
20260412055023_0300_002,20260412055023_0300,20260412055023,特上卓,3,シゲルペペ,37,1p,tedashi,1775941299,1839.911,,0,,"[1,73,127,125,87,69,27,106,50,85,13,116,115]","[98,38,15,43,42,89,53,101,29,92,5,44,9]","[82,25,105,64,76,109,59,24,71,99,52,22,119]","[32,97,91,104,60,21,80,49,2,12,34,37,63,16]",147m 49p 1449s 2355z,2348m 12235p 5678s,677m r5689p 2379s 13z,14r5699m 1477p 3579s,2,2,4,,0,,,,,,
20260412055023_0300_003,20260412055023_0300,20260412055023,特上卓,0,s6u,116,3z,tedashi,1775941300,1226.151,,0,,"[1,73,127,125,87,69,27,106,50,85,13,116,115,48]","[98,38,15,43,42,89,53,101,29,92,5,44,9]","[82,25,105,64,76,109,59,24,71,99,52,22,119]","[32,97,91,104,60,21,80,49,2,12,34,63,16]",147m 449p 1449s 2355z,2348m 12235p 5678s,677m r5689p 2379s 13z,14r5699m 477p 3579s,3,5,3,,0,,,,,,
20260412055023_0300_004,20260412055023_0300,20260412055023,特上卓,1,せんざんこうさん,29,8m,tedashi,1775941303,2970.506,,6,194.375,"[1,73,127,125,87,69,27,106,50,85,13,115,48]","[98,38,15,43,42,89,53,101,29,92,5,44,9,95]","[82,25,105,64,76,109,59,24,71,99,52,22,119]","[32,97,91,104,60,21,80,49,2,12,34,63,16]",147m 449p 1449s 255z,2348m 12235p 56678s,677m r5689p 2379s 13z,14r5699m 477p 3579s,1,1,4,,0,,,,,,
20260412055023_0300_005,20260412055023_0300,20260412055023,特上卓,2,欧陽,119,3z,tedashi,1775941307,3502.903,,0,,"[1,73,127,125,87,69,27,106,50,85,13,115,48]","[98,38,15,43,42,89,53,101,92,5,44,9,95]","[82,25,105,64,76,109,59,24,71,99,52,22,119,96]","[32,97,91,104,60,21,80,49,2,12,34,63,16]",147m 449p 1449s 255z,234m 12235p 56678s,677m r5689p 23779s 13z,14r5699m 477p 3579s,3,3,4,,0,,,,,,
20260412055023_0300_006,20260412055023_0300,20260412055023,特上卓,3,シゲルペペ,32,9m,tedashi,1775941311,3569.378,,0,,"[1,73,127,125,87,69,27,106,50,85,13,115,48]","[98,38,15,43,42,89,53,101,92,5,44,9,95]","[82,25,105,64,76,109,59,24,71,99,52,22,96]","[32,97,91,104,60,21,80,49,2,12,34,63,16,6]",147m 449p 1449s 255z,234m 12235p 56678s,677m r5689p 23779s 1z,124r5699m 477p 3579s,2,2,4,,0,,,,,,
20260412055023_0300_007,20260412055023_0300,20260412055023,特上卓,0,s6u,1,1m,tedashi,1775941312,1312.131,,6,326.328,"[1,73,127,125,87,69,27,106,50,85,13,115,48,66]","[98,38,15,43,42,89,53,101,92,5,44,9,95]","[82,25,105,64,76,109,59,24,71,99,52,22,96]","[97,91,104,60,21,80,49,2,12,34,63,16,6]",147m 4489p 1449s 255z,234m 12235p 56678s,677m r5689p 23779s 1z,124r569m 477p 3579s,3,4,3,,0,,,,,,
20260412055023_0300_008,20260412055023_0300,20260412055023,特上卓,1,せんざんこうさん,42,2p,tedashi,1775941318,6048.227,,0,,"[73,127,125,87,69,27,106,50,85,13,115,48,66]","[98,38,15,43,42,89,53,101,92,5,44,9,95,93]","[82,25,105,64,76,109,59,24,71,99,52,22,96]","[97,91,104,60,21,80,49,2,12,34,63,16,6]",47m 4489p 1449s 255z,234m 12235p 566678s,677m r5689p 23779s 1z,124r569m 477p 3579s,1,1,4,,0,,,,,,
20260412055023_0300_009,20260412055023_0300,20260412055023,特上卓,2,欧陽,109,1z,tedashi,1775941326,7374.966,,0,,"[73,127,125,87,69,27,106,50,85,13,115,48,66]","[98,38,15,43,89,53,101,92,5,44,9,95,93]","[82,25,105,64,76,109,59,24,71,99,52,22,96,40]","[97,91,104,60,21,80,49,2,12,34,63,16,6]",47m 4489p 1449s 255z,234m 1235p 566678s,677m 2r5689p 23779s 1z,124r569m 477p 3579s,3,3,4,,0,,,,,,
20260412055023_0300_010,20260412055023_0300,20260412055023,特上卓,3,シゲルペペ,118,3z,risekichu_hokan_tsumogiri,1775941328,2163.921,,0,,"[73,127,125,87,69,27,106,50,85,13,115,48,66]","[98,38,15,43,89,53,101,92,5,44,9,95,93]","[82,25,105,64,76,59,24,71,99,52,22,96,40]","[97,91,104,60,21,80,49,2,12,34,63,16,6,118]",47m 4489p 1449s 255z,234m 1235p 566678s,677m 2r5689p 23779s,124r569m 477p 3579s 3z,2,2,5,,0,,,,,,
20260412055023_0300_011,20260412055023_0300,20260412055023,特上卓,0,s6u,106,9s,tedashi,1775941330,1732.132,,6,386.105,"[73,127,125,87,69,27,106,50,85,13,115,48,66,78]","[98,38,15,43,89,53,101,92,5,44,9,95,93]","[82,25,105,64,76,59,24,71,99,52,22,96,40]","[97,91,104,60,21,80,49,2,12,34,63,16,6]",47m 4489p 12449s 255z,234m 1235p 566678s,677m 2r5689p 23779s,124r569m 477p 3579s,3,3,3,,0,,,,,,
20260412055023_0300_012,20260412055023_0300,20260412055023,特上卓,1,せんざんこうさん,53,5p,tedashi,1775941342,12102.213,,0,,"[73,127,125,87,69,27,50,85,13,115,48,66,78]","[98,38,15,43,89,53,101,92,5,44,9,95,93,102]","[82,25,105,64,76,59,24,71,99,52,22,96,40]","[97,91,104,60,21,80,49,2,12,34,63,16,6]",47m 4489p 1244s 255z,234m 1235p 5666788s,677m 2r5689p 23779s,124r569m 477p 3579s,0,0,4,68s,0,,,,,,
20260412055023_0300_013,20260412055023_0300,20260412055023,特上卓,2,欧陽,25,7m,tedashi,1775941346,3575.795,,3,2154.84,"[73,127,125,87,69,27,50,85,13,115,48,66,78]","[98,38,15,43,89,101,92,5,44,9,95,93,102]","[82,25,105,64,76,59,24,71,99,52,22,96,40,36]","[97,91,104,60,21,80,49,2,12,34,63,16,6]",47m 4489p 1244s 255z,234m 123p 5666788s,677m 12r5689p 23779s,124r569m 477p 3579s,3,3,4,,1,,,,,,
20260412055023_0300_014,20260412055023_0300,20260412055023,特上卓,3,シゲルペペ,34,9m,tedashi,1775941349,1134.946,,0,,"[73,127,125,87,69,27,50,85,13,115,48,66,78]","[98,38,15,43,89,101,92,5,44,9,95,93,102]","[82,105,64,76,59,24,71,99,52,22,96,40,36]","[97,91,104,60,21,80,49,2,12,34,63,16,6,135]",47m 4489p 1244s 255z,234m 123p 5666788s,67m 12r5689p 23779s,124r569m 477p 3579s 7z,2,2,5,,0,,,,,,
20260412055023_0300_015,20260412055023_0300,20260412055023,特上卓,0,s6u,131,6z,tsumogiri,1775941351,1910.419,,0,,"[73,127,125,87,69,27,50,85,13,115,48,66,78,131]","[98,38,15,43,89,101,92,5,44,9,95,93,102]","[82,105,64,76,59,24,71,99,52,22,96,40,36]","[97,91,104,60,21,80,49,2,12,63,16,6,135]",47m 4489p 1244s 2556z,234m 123p 5666788s,67m 12r5689p 23779s,124r56m 477p 3579s 7z,3,3,3,,0,,,,,,
20260412055023_0300_016,20260412055023_0300,20260412055023,特上卓,1,せんざんこうさん,120,4z,risekichu_hokan_tsumogiri,1775941353,2196.133,,0,,"[73,127,125,87,69,27,50,85,13,115,48,66,78]","[98,38,15,43,89,101,92,5,44,9,95,93,102,120]","[82,105,64,76,59,24,71,99,52,22,96,40,36]","[97,91,104,60,21,80,49,2,12,63,16,6,135]",47m 4489p 1244s 255z,234m 123p 5666788s 4z,67m 12r5689p 23779s,124r56m 477p 3579s 7z,0,0,4,68s,0,,,,,,
20260412055023_0300_017,20260412055023_0300,20260412055023,特上卓,2,欧陽,132,7z,risekichu_hokan_tsumogiri,1775941355,2219.446,,0,,"[73,127,125,87,69,27,50,85,13,115,48,66,78]","[98,38,15,43,89,101,92,5,44,9,95,93,102]","[82,105,64,76,59,24,71,99,52,22,96,40,36,132]","[97,91,104,60,21,80,49,2,12,63,16,6,135]",47m 4489p 1244s 255z,234m 123p 5666788s,67m 12r5689p 23779s 7z,124r56m 477p 3579s 7z,3,3,5,,0,,,,,,
20260412055023_0300_018,20260412055023_0300,20260412055023,特上卓,3,シゲルペペ,135,7z,tedashi,1775941357,2246.797,,0,,"[73,127,125,87,69,27,50,85,13,115,48,66,78]","[98,38,15,43,89,101,92,5,44,9,95,93,102]","[82,105,64,76,59,24,71,99,52,22,96,40,36]","[97,91,104,60,21,80,49,2,12,63,16,6,135,30]",47m 4489p 1244s 255z,234m 123p 5666788s,67m 12r5689p 23779s,124r568m 477p 3579s 7z,2,2,5,,0,,,,,,
20260412055023_0300_019,20260412055023_0300,20260412055023,特上卓,0,s6u,27,7m,tedashi,1775941363,6041.036,,0,,"[73,127,125,87,69,27,50,85,13,115,48,66,78,112]","[98,38,15,43,89,101,92,5,44,9,95,93,102]","[82,105,64,76,59,24,71,99,52,22,96,40,36]","[97,91,104,60,21,80,49,2,12,63,16,6,30]",47m 4489p 1244s 2255z,234m 123p 5666788s,67m 12r5689p 23779s,124r568m 477p 3579s,2,3,2,,0,,,,,,
20260412055023_0300_020,20260412055023_0300,20260412055023,特上卓,1,せんざんこうさん,113,2z,risekichu_hokan_tsumogiri,1775941366,2275.015,,2,3412.285,"[73,127,125,87,69,50,85,13,115,48,66,78,112]","[98,38,15,43,89,101,92,5,44,9,95,93,102,113]","[82,105,64,76,59,24,71,99,52,22,96,40,36]","[97,91,104,60,21,80,49,2,12,63,16,6,30]",4m 4489p 1244s 2255z,234m 123p 5666788s 2z,67m 12r5689p 23779s,124r568m 477p 3579s,0,0,4,68s,0,,,,,,
20260412055023_0300_021,20260412055023_0300,20260412055023,特上卓,0,s6u,13,4m,tedashi,1775941370,1025.362,,6,268.693,"[73,127,125,87,69,50,85,13,48,66,78]","[98,38,15,43,89,101,92,5,44,9,95,93,102]","[82,105,64,76,59,24,71,99,52,22,96,40,36]","[97,91,104,60,21,80,49,2,12,63,16,6,30]",4m 4489p 1244s 55z,234m 123p 5666788s,67m 12r5689p 23779s,124r568m 477p 3579s,2,2,,,0,,,,,,
20260412055023_0300_022,20260412055023_0300,20260412055023,特上卓,1,せんざんこうさん,121,4z,risekichu_hokan_tsumogiri,1775941372,1906.218,,0,,"[73,127,125,87,69,50,85,48,66,78]","[98,38,15,43,89,101,92,5,44,9,95,93,102,121]","[82,105,64,76,59,24,71,99,52,22,96,40,36]","[97,91,104,60,21,80,49,2,12,63,16,6,30]",4489p 1244s 55z,234m 123p 5666788s 4z,67m 12r5689p 23779s,124r568m 477p 3579s,0,0,4,68s,0,,,,,,
20260412055023_0300_023,20260412055023_0300,20260412055023,特上卓,2,欧陽,133,7z,risekichu_hokan_tsumogiri,1775941374,1889.096,,0,,"[73,127,125,87,69,50,85,48,66,78]","[98,38,15,43,89,101,92,5,44,9,95,93,102]","[82,105,64,76,59,24,71,99,52,22,96,40,36,133]","[97,91,104,60,21,80,49,2,12,63,16,6,30]",4489p 1244s 55z,234m 123p 5666788s,67m 12r5689p 23779s 7z,124r568m 477p 3579s,3,3,5,,0,,,,,,
20260412055023_0300_024,20260412055023_0300,20260412055023,特上卓,3,シゲルペペ,2,1m,tedashi,1775941377,3166.79,,0,,"[73,127,125,87,69,50,85,48,66,78]","[98,38,15,43,89,101,92,5,44,9,95,93,102]","[82,105,64,76,59,24,71,99,52,22,96,40,36]","[97,91,104,60,21,80,49,2,12,63,16,6,30,28]",4489p 1244s 55z,234m 123p 5666788s,67m 12r5689p 23779s,124r5688m 477p 3579s,2,2,4,,0,,,,,,
20260412055023_0300_025,20260412055023_0300,20260412055023,特上卓,0,s6u,78,2s,tedashi,1775941381,3409.092,,0,,"[73,127,125,87,69,50,85,48,66,78,88]","[98,38,15,43,89,101,92,5,44,9,95,93,102]","[82,105,64,76,59,24,71,99,52,22,96,40,36]","[97,91,104,60,21,80,49,12,63,16,6,30,28]",4489p 1244r5s 55z,234m 123p 5666788s,67m 12r5689p 23779s,24r5688m 477p 3579s,2,2,,,0,,,,,,
20260412055023_0301_000,20260412055023_0301,20260412055023,特上卓,1,せんざんこうさん,116,3z,tedashi,1775941392,,,0,,"[38,47,112,70,34,65,74,42,87,126,57,76,105]","[19,37,110,85,116,81,86,93,128,30,63,15,67,25]","[131,88,82,83,99,98,21,102,40,117,106,12,8]","[129,100,52,91,28,75,68,113,125,46,115,71,53]",9m 123689p 1249s 25z,4578m 178p 3446s 136z,346m 2p 33r57789s 36z,8m 3r5599p 158s 2256z,4,4,5,,0,,,,,,
20260412055023_0301_001,20260412055023_0301,20260412055023,特上卓,2,欧陽,117,3z,tedashi,1775941399,7418.453,,0,,"[38,47,112,70,34,65,74,42,87,126,57,76,105]","[19,37,110,85,81,86,93,128,30,63,15,67,25]","[131,88,82,83,99,98,21,102,40,117,106,12,8,0]","[129,100,52,91,28,75,68,113,125,46,115,71,53]",9m 123689p 1249s 25z,4578m 178p 3446s 16z,1346m 2p 33r57789s 36z,8m 3r5599p 158s 2256z,2,2,4,,0,,,,,,
20260412055023_0301_002,20260412055023_0301,20260412055023,特上卓,3,シゲルペペ,75,1s,tedashi,1775941401,1963.647,,0,,"[38,47,112,70,34,65,74,42,87,126,57,76,105]","[19,37,110,85,81,86,93,128,30,63,15,67,25]","[131,88,82,83,99,98,21,102,40,106,12,8,0]","[129,100,52,91,28,75,68,113,125,46,115,71,53,32]",9m 123689p 1249s 25z,4578m 178p 3446s 16z,1346m 2p 33r57789s 6z,89m 3r5599p 158s 2256z,3,4,3,,0,,,,,,
20260412055023_0301_003,20260412055023_0301,20260412055023,特上卓,0,s6u,112,2z,tedashi,1775941403,1953.869,,2,1276.737,"[38,47,112,70,34,65,74,42,87,126,57,76,105,33]","[19,37,110,85,81,86,93,128,30,63,15,67,25]","[131,88,82,83,99,98,21,102,40,106,12,8,0]","[129,100,52,91,28,68,113,125,46,115,71,53,32]",99m 123689p 1249s 25z,4578m 178p 3446s 16z,1346m 2p 33r57789s 6z,89m 3r5599p 58s 2256z,3,3,5,,0,,,,,,
20260412055023_0301_004,20260412055023_0301,20260412055023,特上卓,3,シゲルペペ,100,8s,tedashi,1775941405,753.441,,0,,"[38,47,70,34,65,74,42,87,126,57,76,105,33]","[19,37,110,85,81,86,93,128,30,63,15,67,25]","[131,88,82,83,99,98,21,102,40,106,12,8,0]","[129,100,52,91,28,68,125,46,71,53,32]",99m 123689p 1249s 5z,4578m 178p 3446s 16z,1346m 2p 33r57789s 6z,89m 3r5599p 58s 56z,3,3,,,0,,,,,,
20260412055023_0301_005,20260412055023_0301,20260412055023,特上卓,0,s6u,105,9s,tedashi,1775941406,1358.564,,0,,"[38,47,70,34,65,74,42,87,126,57,76,105,33,60]","[19,37,110,85,81,86,93,128,30,63,15,67,25]","[131,88,82,83,99,98,21,102,40,106,12,8,0]","[129,52,91,28,68,125,46,71,53,32]",99m 1236789p 1249s 5z,4578m 178p 3446s 16z,1346m 2p 33r57789s 6z,89m 3r5599p 5s 56z,2,2,5,,0,,,,,,
20260412055023_0301_006,20260412055023_0301,20260412055023,特上卓,1,せんざんこうさん,37,1p,tedashi,1775941409,2600.018,,0,,"[38,47,70,34,65,74,42,87,126,57,76,33,60]","[19,37,110,85,81,86,93,128,30,63,15,67,25,22]","[131,88,82,83,99,98,21,102,40,106,12,8,0]","[129,52,91,28,68,125,46,71,53,32]",99m 1236789p 124s 5z,45678m 178p 3446s 16z,1346m 2p 33r57789s 6z,89m 3r5599p 5s 56z,3,3,5,,0,,,,,,
20260412055023_0301_007,20260412055023_0301,20260412055023,特上卓,2,欧陽,0,1m,tedashi,1775941412,3394.462,,5,1929.155,"[38,47,70,34,65,74,42,87,126,57,76,33,60]","[19,110,85,81,86,93,128,30,63,15,67,25,22]","[131,88,82,83,99,98,21,102,40,106,12,8,0,111]","[129,52,91,28,68,125,46,71,53,32]",99m 1236789p 124s 5z,45678m 78p 3446s 16z,1346m 2p 33r57789s 16z,89m 3r5599p 5s 56z,2,2,4,,0,,,,,,
20260412055023_0301_008,20260412055023_0301,20260412055023,特上卓,3,シゲルペペ,91,5s,tedashi,1775941416,1333.896,,0,,"[38,47,70,34,65,74,42,87,126,57,76,33,60]","[19,110,85,81,86,93,128,30,63,15,67,25,22]","[131,88,82,83,99,98,21,102,40,106,12,8,111]","[129,52,91,28,68,125,46,71,53,32,51]",99m 1236789p 124s 5z,45678m 78p 3446s 16z,346m 2p 33r57789s 16z,89m 34r5599p 5s 56z,2,2,,,0,,,,,,
20260412055023_0301_009,20260412055023_0301,20260412055023,特上卓,0,s6u,74,1s,tedashi,1775941418,1779.586,,0,,"[38,47,70,34,65,74,42,87,126,57,76,33,60,45]","[19,110,85,81,86,93,128,30,63,15,67,25,22]","[131,88,82,83,99,98,21,102,40,106,12,8,111]","[129,52,28,68,125,46,71,53,32,51]",99m 12336789p 124s 5z,45678m 78p 3446s 16z,346m 2p 33r57789s 16z,89m 34r5599p 56z,2,2,4,,0,,,,,,
20260412055023_0301_010,20260412055023_0301,20260412055023,特上卓,1,せんざんこうさん,128,6z,tedashi,1775941421,3233.685,,0,,"[38,47,70,34,65,42,87,126,57,76,33,60,45]","[19,110,85,81,86,93,128,30,63,15,67,25,22,41]","[131,88,82,83,99,98,21,102,40,106,12,8,111]","[129,52,28,68,125,46,71,53,32,51]",99m 12336789p 24s 5z,45678m 278p 3446s 16z,346m 2p 33r57789s 16z,89m 34r5599p 56z,3,3,5,,0,,,,,,
20260412055023_0301_011,20260412055023_0301,20260412055023,特上卓,2,欧陽,131,6z,tedashi,1775941427,6753.05,,0,,"[38,47,70,34,65,42,87,126,57,76,33,60,45]","[19,110,85,81,86,93,30,63,15,67,25,22,41]","[131,88,82,83,99,98,21,102,40,106,12,8,111,101]","[129,52,28,68,125,46,71,53,32,51]",99m 12336789p 24s 5z,45678m 278p 3446s 1z,346m 2p 33r577889s 16z,89m 34r5599p 56z,3,3,3,,0,,,,,,
20260412055023_0301_012,20260412055023_0301,20260412055023,特上卓,3,シゲルペペ,129,6z,tedashi,1775941431,3488.602,,0,,"[38,47,70,34,65,42,87,126,57,76,33,60,45]","[19,110,85,81,86,93,30,63,15,67,25,22,41]","[88,82,83,99,98,21,102,40,106,12,8,111,101]","[129,52,28,68,125,46,71,53,32,51,59]",99m 12336789p 24s 5z,45678m 278p 3446s 1z,346m 2p 33r577889s 1z,89m 34r55699p 56z,1,1,,,0,,,,,,
20260412055023_0301_013,20260412055023_0301,20260412055023,特上卓,0,s6u,126,5z,tedashi,1775941433,1941.989,,0,,"[38,47,70,34,65,42,87,126,57,76,33,60,45,84]","[19,110,85,81,86,93,30,63,15,67,25,22,41]","[88,82,83,99,98,21,102,40,106,12,8,111,101]","[52,28,68,125,46,71,53,32,51,59]",99m 12336789p 244s 5z,45678m 278p 3446s 1z,346m 2p 33r577889s 1z,89m 34r55699p 5z,2,2,3,,0,,,,,,
20260412055023_0301_014,20260412055023_0301,20260412055023,特上卓,1,せんざんこうさん,110,1z,tedashi,1775941437,4298.858,,0,,"[38,47,70,34,65,42,87,57,76,33,60,45,84]","[19,110,85,81,86,93,30,63,15,67,25,22,41,56]","[88,82,83,99,98,21,102,40,106,12,8,111,101]","[52,28,68,125,46,71,53,32,51,59]",99m 12336789p 244s,45678m 2678p 3446s 1z,346m 2p 33r577889s 1z,89m 34r55699p 5z,2,2,5,,0,,,,,,
20260412055023_0301_015,20260412055023_0301,20260412055023,特上卓,2,欧陽,35,9m,risekichu_hokan_tsumogiri,1775941439,1974.304,,6,211.267,"[38,47,70,34,65,42,87,57,76,33,60,45,84]","[19,85,81,86,93,30,63,15,67,25,22,41,56]","[88,82,83,99,98,21,102,40,106,12,8,111,101,35]","[52,28,68,125,46,71,53,32,51,59]",99m 12336789p 244s,45678m 2678p 3446s,3469m 2p 33r577889s 1z,89m 34r55699p 5z,3,3,3,,0,,,,,,
20260412055023_0301_016,20260412055023_0301,20260412055023,特上卓,3,シゲルペペ,28,8m,tedashi,1775941441,1760.707,,0,,"[38,47,70,34,65,42,87,57,76,33,60,45,84]","[19,85,81,86,93,30,63,15,67,25,22,41,56]","[88,82,83,99,98,21,102,40,106,12,8,111,101]","[52,28,68,125,46,71,53,32,51,59,55]",99m 12336789p 244s,45678m 2678p 3446s,346m 2p 33r577889s 1z,89m 34r555699p 5z,1,1,,,0,,,,,,
20260412055023_0301_017,20260412055023_0301,20260412055023,特上卓,0,s6u,42,2p,tedashi,1775941450,9259.167,,0,,"[38,47,70,34,65,42,87,57,76,33,60,45,84,44]","[19,85,81,86,93,30,63,15,67,25,22,41,56]","[88,82,83,99,98,21,102,40,106,12,8,111,101]","[52,68,125,46,71,53,32,51,59,55]",99m 123336789p 244s,45678m 2678p 3446s,346m 2p 33r577889s 1z,9m 34r555699p 5z,1,1,3,,0,,,,,,
20260412055023_0301_018,20260412055023_0301,20260412055023,特上卓,1,せんざんこうさん,41,2p,tedashi,1775941454,3426.377,,0,,"[38,47,70,34,65,87,57,76,33,60,45,84,44]","[19,85,81,86,93,30,63,15,67,25,22,41,56,90]","[88,82,83,99,98,21,102,40,106,12,8,111,101]","[52,68,125,46,71,53,32,51,59,55]",99m 13336789p 244s,45678m 2678p 34456s,346m 2p 33r577889s 1z,9m 34r555699p 5z,1,1,5,,0,,,,,,
20260412055023_0301_019,20260412055023_0301,20260412055023,特上卓,2,欧陽,40,2p,tedashi,1775941456,2509.716,,2,1173.711,"[38,47,70,34,65,87,57,76,33,60,45,84,44]","[19,85,81,86,93,30,63,15,67,25,22,56,90]","[88,82,83,99,98,21,102,40,106,12,8,111,101,79]","[52,68,125,46,71,53,32,51,59,55]",99m 13336789p 244s,45678m 678p 34456s,346m 2p 233r577889s 1z,9m 34r555699p 5z,3,3,3,,0,,,,,,
20260412055023_0301_020,20260412055023_0301,20260412055023,特上卓,3,シゲルペペ,32,9m,tedashi,1775941460,2172.26,,6,195.835,"[38,47,70,34,65,87,57,76,33,60,45,84,44]","[19,85,81,86,93,30,63,15,67,25,22,56,90]","[88,82,83,99,98,21,102,106,12,8,111,101,79]","[52,68,125,71,53,32,59,55]",99m 13336789p 244s,45678m 678p 34456s,346m 233r577889s 1z,9m r555699p 5z,1,1,,,0,,,,,,
20260412055023_0301_021,20260412055023_0301,20260412055023,特上卓,0,s6u,38,1p,tedashi,1775941461,1174.77,,0,,"[38,47,70,34,65,87,57,76,33,60,45,84,44,78]","[19,85,81,86,93,30,63,15,67,25,22,56,90]","[88,82,83,99,98,21,102,106,12,8,111,101,79]","[52,68,125,71,53,59,55]",99m 13336789p 2244s,45678m 678p 34456s,346m 233r577889s 1z,r555699p 5z,1,1,2,,0,,,,,,
20260412055023_0301_022,20260412055023_0301,20260412055023,特上卓,1,せんざんこうさん,86,4s,tedashi,1775941466,717.859,3789.03,2,3274.838,"[47,70,34,65,87,57,76,33,60,45,84,44,78]","[19,85,81,86,93,30,63,15,67,25,22,56,90,80]","[88,82,83,99,98,21,102,106,12,8,111,101,79]","[52,68,125,71,53,59,55]",99m 3336789p 2244s,45678m 678p 334456s,346m 233r577889s 1z,r555699p 5z,0,0,4,369m,0,,,,,,
20260412055023_0301_023,20260412055023_0301,20260412055023,特上卓,2,欧陽,111,1z,tedashi,1775941470,1627.334,,0,,"[47,70,34,65,87,57,76,33,60,45,84,44,78]","[19,85,81,93,30,63,15,67,25,22,56,90,80]","[83,99,98,21,102,106,12,8,111,101,79]","[52,68,125,71,53,59,55]",99m 3336789p 2244s,45678m 678p 33456s,346m 2377889s 1z,r555699p 5z,2,2,,,0,,,,,,
20260412055023_0301_024,20260412055023_0301,20260412055023,特上卓,3,シゲルペペ,119,3z,risekichu_hokan_tsumogiri,1775941472,1656.59,,0,,"[47,70,34,65,87,57,76,33,60,45,84,44,78]","[19,85,81,93,30,63,15,67,25,22,56,90,80]","[83,99,98,21,102,106,12,8,101,79]","[52,68,125,71,53,59,55,119]",99m 3336789p 2244s,45678m 678p 33456s,346m 2377889s,r555699p 35z,1,1,,,0,,,,,,
20260412055023_0301_025,20260412055023_0301,20260412055023,特上卓,0,s6u,84,4s,tedashi,1775941478,5956.253,,0,,"[47,70,34,65,87,57,76,33,60,45,84,44,78,135]","[19,85,81,93,30,63,15,67,25,22,56,90,80]","[83,99,98,21,102,106,12,8,101,79]","[52,68,125,71,53,59,55]",99m 3336789p 2244s 7z,45678m 678p 33456s,346m 2377889s,r555699p 5z,1,1,2,,0,,,,,,
20260412055023_0301_026,20260412055023_0301,20260412055023,特上卓,1,せんざんこうさん,64,8p,risekichu_hokan_tsumogiri,1775941479,1231.654,,0,,"[47,70,34,65,87,57,76,33,60,45,44,78,135]","[19,85,81,93,30,63,15,67,25,22,56,90,80,64]","[83,99,98,21,102,106,12,8,101,79]","[52,68,125,71,53,59,55]",99m 3336789p 224s 7z,45678m 6788p 33456s,346m 2377889s,r555699p 5z,0,0,4,369m,0,,,,,,
20260412055023_0301_027,20260412055023_0301,20260412055023,特上卓,2,欧陽,106,9s,tedashi,1775941487,7552.155,,0,,"[47,70,34,65,87,57,76,33,60,45,44,78,135]","[19,85,81,93,30,63,15,67,25,22,56,90,80]","[83,99,98,21,102,106,12,8,101,79,13]","[52,68,125,71,53,59,55]",99m 3336789p 224s 7z,45678m 678p 33456s,3446m 2377889s,r555699p 5z,1,1,,,0,,,,,,
20260412055023_0301_028,20260412055023_0301,20260412055023,特上卓,3,シゲルペペ,121,4z,risekichu_hokan_tsumogiri,1775941489,1956.86,,0,,"[47,70,34,65,87,57,76,33,60,45,44,78,135]","[19,85,81,93,30,63,15,67,25,22,56,90,80]","[83,99,98,21,102,12,8,101,79,13]","[52,68,125,71,53,59,55,121]",99m 3336789p 224s 7z,45678m 678p 33456s,3446m 237788s,r555699p 45z,1,1,,,0,,,,,,
20260412055023_0301_029,20260412055023_0301,20260412055023,特上卓,0,s6u,87,4s,tedashi,1775941490,1282.926,,0,,"[47,70,34,65,87,57,76,33,60,45,44,78,135,16]","[19,85,81,93,30,63,15,67,25,22,56,90,80]","[83,99,98,21,102,12,8,101,79,13]","[52,68,125,71,53,59,55]",r599m 3336789p 224s 7z,45678m 678p 33456s,3446m 237788s,r555699p 5z,2,2,3,,0,,,,,,
20260412055023_0301_030,20260412055023_0301,20260412055023,特上卓,1,せんざんこうさん,17,5m,risekichu_hokan_tsumogiri,1775941491,777.438,,2,3241.586,"[47,70,34,65,57,76,33,60,45,44,78,135,16]","[19,85,81,93,30,63,15,67,25,22,56,90,80,17]","[83,99,98,21,102,12,8,101,79,13]","[52,68,125,71,53,59,55]",r599m 3336789p 22s 7z,455678m 678p 33456s,3446m 237788s,r555699p 5z,0,0,4,369m,0,,,,,,
20260412055023_0301_031,20260412055023_0301,20260412055023,特上卓,2,欧陽,83,3s,tedashi,1775941495,1130.61,,0,,"[47,70,34,65,57,76,33,60,45,44,78,135,16]","[19,85,81,93,30,63,15,67,25,22,56,90,80]","[83,99,98,102,8,101,79,13]","[52,68,125,71,53,59,55]",r599m 3336789p 22s 7z,45678m 678p 33456s,34m 237788s,r555699p 5z,1,1,,,0,,,,,,
20260412055023_0301_032,20260412055023_0301,20260412055023,特上卓,3,シゲルペペ,108,1z,risekichu_hokan_tsumogiri,1775941497,1566.484,,0,,"[47,70,34,65,57,76,33,60,45,44,78,135,16]","[19,85,81,93,30,63,15,67,25,22,56,90,80]","[99,98,102,8,101,79,13]","[52,68,125,71,53,59,55,108]",r599m 3336789p 22s 7z,45678m 678p 33456s,34m 27788s,r555699p 15z,1,1,,,0,,,,,,
20260412055023_0301_033,20260412055023_0301,20260412055023,特上卓,0,s6u,16,r5m,tedashi,1775941498,1473.272,,3,1842.253,"[47,70,34,65,57,76,33,60,45,44,78,135,16,7]","[19,85,81,93,30,63,15,67,25,22,56,90,80]","[99,98,102,8,101,79,13]","[52,68,125,71,53,59,55]",2r599m 3336789p 22s 7z,45678m 678p 33456s,34m 27788s,r555699p 5z,2,2,3,,0,,,,,,
20260412055023_0301_034,20260412055023_0301,20260412055023,特上卓,1,せんざんこうさん,123,4z,risekichu_hokan_tsumogiri,1775941500,274.696,,0,,"[47,70,34,65,57,76,33,60,45,44,78,135,7]","[19,85,81,93,30,63,15,67,25,22,56,90,80,123]","[99,98,102,8,101,79,13]","[52,68,125,71,53,59,55]",299m 3336789p 22s 7z,45678m 678p 33456s 4z,34m 27788s,r555699p 5z,0,0,5,369m,0,,,,,,
20260412055023_0301_035,20260412055023_0301,20260412055023,特上卓,2,欧陽,79,2s,tedashi,1775941503,2695.55,,2,2466.608,"[47,70,34,65,57,76,33,60,45,44,78,135,7]","[19,85,81,93,30,63,15,67,25,22,56,90,80]","[99,98,102,8,101,79,13,9]","[52,68,125,71,53,59,55]",299m 3336789p 22s 7z,45678m 678p 33456s,334m 27788s,r555699p 5z,1,1,,,0,,,,,,
20260412055023_0301_036,20260412055023_0301,20260412055023,特上卓,0,s6u,7,2m,tedashi,1775941507,1133.917,,0,,"[47,70,34,65,57,33,60,45,44,135,7]","[19,85,81,93,30,63,15,67,25,22,56,90,80]","[99,98,102,8,101,13,9]","[52,68,125,71,53,59,55]",299m 3336789p 7z,45678m 678p 33456s,334m 7788s,r555699p 5z,1,1,,,0,,,,,,
20260412055023_0301_037,20260412055023_0301,20260412055023,特上卓,1,せんざんこうさん,94,6s,risekichu_hokan_tsumogiri,1775941507,737.806,,3,4011.325,"[47,70,34,65,57,33,60,45,44,135]","[19,85,81,93,30,63,15,67,25,22,56,90,80,94]","[99,98,102,8,101,13,9]","[52,68,125,71,53,59,55]",99m 3336789p 7z,45678m 678p 334566s,334m 7788s,r555699p 5z,0,0,4,369m,0,,,,,,
20260412055023_0301_038,20260412055023_0301,20260412055023,特上卓,2,欧陽,99,7s,tedashi,1775941521,9508.332,,0,,"[47,70,34,65,57,33,60,45,44,135]","[19,85,81,93,30,63,15,67,25,22,56,90,80]","[99,98,102,8,101,13,9,69]","[52,68,125,71,53,59,55]",99m 3336789p 7z,45678m 678p 33456s,334m 9p 7788s,r555699p 5z,1,1,,,0,,,,,,
20260412055023_0301_039,20260412055023_0301,20260412055023,特上卓,3,シゲルペペ,125,5z,tedashi,1775941522,1423.196,,0,,"[47,70,34,65,57,33,60,45,44,135]","[19,85,81,93,30,63,15,67,25,22,56,90,80]","[98,102,8,101,13,9,69]","[52,68,125,71,53,59,55,107]",99m 3336789p 7z,45678m 678p 33456s,334m 9p 788s,r555699p 9s 5z,1,1,,,0,,,,,,
20260412055023_0301_040,20260412055023_0301,20260412055023,特上卓,0,s6u,130,6z,tsumogiri,1775941525,3043.048,,0,,"[47,70,34,65,57,33,60,45,44,135,130]","[19,85,81,93,30,63,15,67,25,22,56,90,80]","[98,102,8,101,13,9,69]","[52,68,71,53,59,55,107]",99m 3336789p 67z,45678m 678p 33456s,334m 9p 788s,r555699p 9s,1,1,,,0,,,,,,
20260412055023_0301_041,20260412055023_0301,20260412055023,特上卓,1,せんざんこうさん,77,2s,risekichu_hokan_tsumogiri,1775941527,1283.502,,0,,"[47,70,34,65,57,33,60,45,44,135]","[19,85,81,93,30,63,15,67,25,22,56,90,80,77]","[98,102,8,101,13,9,69]","[52,68,71,53,59,55,107]",99m 3336789p 7z,45678m 678p 233456s,334m 9p 788s,r555699p 9s,0,0,5,369m,0,,,,,,
20260412055023_0301_042,20260412055023_0301,20260412055023,特上卓,2,欧陽,98,7s,tedashi,1775941528,1271.086,,0,,"[47,70,34,65,57,33,60,45,44,135]","[19,85,81,93,30,63,15,67,25,22,56,90,80]","[98,102,8,101,13,9,69,120]","[52,68,71,53,59,55,107]",99m 3336789p 7z,45678m 678p 33456s,334m 9p 788s 4z,r555699p 9s,2,2,,,0,,,,,,
20260412055023_0301_043,20260412055023_0301,20260412055023,特上卓,3,シゲルペペ,6,2m,risekichu_hokan_tsumogiri,1775941530,2494.292,,0,,"[47,70,34,65,57,33,60,45,44,135]","[19,85,81,93,30,63,15,67,25,22,56,90,80]","[102,8,101,13,9,69,120]","[52,68,71,53,59,55,107,6]",99m 3336789p 7z,45678m 678p 33456s,334m 9p 88s 4z,2m r555699p 9s,1,1,,,0,,,,,,
20260412055023_0301_044,20260412055023_0301,20260412055023,特上卓,0,s6u,122,4z,tsumogiri,1775941537,6070.996,,0,,"[47,70,34,65,57,33,60,45,44,135,122]","[19,85,81,93,30,63,15,67,25,22,56,90,80]","[102,8,101,13,9,69,120]","[52,68,71,53,59,55,107]",99m 3336789p 47z,45678m 678p 33456s,334m 9p 88s 4z,r555699p 9s,1,1,,,0,,,,,,
20260412055023_0301_045,20260412055023_0301,20260412055023,特上卓,1,せんざんこうさん,26,7m,risekichu_hokan_tsumogiri,1775941538,1427.199,,5,2348.131,"[47,70,34,65,57,33,60,45,44,135]","[19,85,81,93,30,63,15,67,25,22,56,90,80,26]","[102,8,101,13,9,69,120]","[52,68,71,53,59,55,107]",99m 3336789p 7z,456778m 678p 33456s,334m 9p 88s 4z,r555699p 9s,0,0,4,369m,0,,,,,,
20260412055023_0301_046,20260412055023_0301,20260412055023,特上卓,2,欧陽,120,4z,tedashi,1775941542,1644.599,,0,,"[47,70,34,65,57,33,60,45,44,135]","[19,85,81,93,30,63,15,67,25,22,56,90,80]","[102,8,101,13,9,69,120,127]","[52,68,71,53,59,55,107]",99m 3336789p 7z,45678m 678p 33456s,334m 9p 88s 45z,r555699p 9s,2,2,,,0,,,,,,
20260412055023_0301_047,20260412055023_0301,20260412055023,特上卓,3,シゲルペペ,107,9s,tedashi,1775941544,2344.033,,0,,"[47,70,34,65,57,33,60,45,44,135]","[19,85,81,93,30,63,15,67,25,22,56,90,80]","[102,8,101,13,9,69,127]","[52,68,71,53,59,55,107,23]",99m 3336789p 7z,45678m 678p 33456s,334m 9p 88s 5z,6m r555699p 9s,1,1,,,0,,,,,,
20260412055023_0301_048,20260412055023_0301,20260412055023,特上卓,0,s6u,89,5s,tsumogiri,1775941559,14502.451,,0,,"[47,70,34,65,57,33,60,45,44,135,89]","[19,85,81,93,30,63,15,67,25,22,56,90,80]","[102,8,101,13,9,69,127]","[52,68,71,53,59,55,23]",99m 3336789p 5s 7z,45678m 678p 33456s,334m 9p 88s 5z,6m r555699p,1,1,,,0,,,,,,
20260412055023_0301_049,20260412055023_0301,20260412055023,特上卓,1,せんざんこうさん,27,7m,risekichu_hokan_tsumogiri,1775941560,855.306,,0,,"[47,70,34,65,57,33,60,45,44,135]","[19,85,81,93,30,63,15,67,25,22,56,90,80,27]","[102,8,101,13,9,69,127]","[52,68,71,53,59,55,23]",99m 3336789p 7z,456778m 678p 33456s,334m 9p 88s 5z,6m r555699p,0,0,4,369m,0,,,,,,
20260412055023_0301_050,20260412055023_0301,20260412055023,特上卓,2,欧陽,127,5z,tedashi,1775941565,5542.672,,0,,"[47,70,34,65,57,33,60,45,44,135]","[19,85,81,93,30,63,15,67,25,22,56,90,80]","[102,8,101,13,9,69,127,43]","[52,68,71,53,59,55,23]",99m 3336789p 7z,45678m 678p 33456s,334m 29p 88s 5z,6m r555699p,2,2,,,0,,,,,,
20260412055023_0301_051,20260412055023_0301,20260412055023,特上卓,3,シゲルペペ,24,7m,risekichu_hokan_tsumogiri,1775941568,2348.117,,0,,"[47,70,34,65,57,33,60,45,44,135]","[19,85,81,93,30,63,15,67,25,22,56,90,80]","[102,8,101,13,9,69,43]","[52,68,71,53,59,55,23,24]",99m 3336789p 7z,45678m 678p 33456s,334m 29p 88s,67m r555699p,0,0,,,0,,,,,,
20260412055023_0301_052,20260412055023_0301,20260412055023,特上卓,0,s6u,65,8p,tedashi,1775941575,7417.362,,0,,"[47,70,34,65,57,33,60,45,44,135,20]","[19,85,81,93,30,63,15,67,25,22,56,90,80]","[102,8,101,13,9,69,43]","[52,68,71,53,59,55,23]",699m 3336789p 7z,45678m 678p 33456s,334m 29p 88s,6m r555699p,1,1,,,0,,,,,,
20260412055023_0301_053,20260412055023_0301,20260412055023,特上卓,1,せんざんこうさん,133,7z,risekichu_hokan_tsumogiri,1775941576,1393.928,,0,,"[47,70,34,57,33,60,45,44,135,20]","[19,85,81,93,30,63,15,67,25,22,56,90,80,133]","[102,8,101,13,9,69,43]","[52,68,71,53,59,55,23]",699m 333679p 7z,45678m 678p 33456s 7z,334m 29p 88s,6m r555699p,0,0,5,369m,0,,,,,,
20260412055023_0301_054,20260412055023_0301,20260412055023,特上卓,2,欧陽,18,5m,risekichu_hokan_tsumogiri,1775941579,2958.64,,0,,"[47,70,34,57,33,60,45,44,135,20]","[19,85,81,93,30,63,15,67,25,22,56,90,80]","[102,8,101,13,9,69,43,18]","[52,68,71,53,59,55,23]",699m 333679p 7z,45678m 678p 33456s,3345m 29p 88s,6m r555699p,1,1,,,0,,,,,,
20260412055023_0301_055,20260412055023_0301,20260412055023,特上卓,3,シゲルペペ,134,7z,risekichu_hokan_tsumogiri,1775941581,2053.959,,0,,"[47,70,34,57,33,60,45,44,135,20]","[19,85,81,93,30,63,15,67,25,22,56,90,80]","[102,8,101,13,9,69,43]","[52,68,71,53,59,55,23,134]",699m 333679p 7z,45678m 678p 33456s,334m 29p 88s,6m r555699p 7z,1,1,,,0,,,,,,
20260412055023_0301_056,20260412055023_0301,20260412055023,特上卓,0,s6u,135,7z,tedashi,1775941583,1137.904,,0,,"[47,70,34,57,33,60,45,44,135,20,96]","[19,85,81,93,30,63,15,67,25,22,56,90,80]","[102,8,101,13,9,69,43]","[52,68,71,53,59,55,23]",699m 333679p 7s 7z,45678m 678p 33456s,334m 29p 88s,6m r555699p,2,2,,,0,,,,,,
20260412055023_0301_057,20260412055023_0301,20260412055023,特上卓,1,せんざんこうさん,5,2m,risekichu_hokan_tsumogiri,1775941584,1543.206,,3,1463.655,"[47,70,34,57,33,60,45,44,20,96]","[19,85,81,93,30,63,15,67,25,22,56,90,80,5]","[102,8,101,13,9,69,43]","[52,68,71,53,59,55,23]",699m 333679p 7s,245678m 678p 33456s,334m 29p 88s,6m r555699p,0,0,5,369m,0,,,,,,
20260412055023_0301_058,20260412055023_0301,20260412055023,特上卓,2,欧陽,43,2p,tedashi,1775941595,9470.196,,0,,"[47,70,34,57,33,60,45,44,20,96]","[19,85,81,93,30,63,15,67,25,22,56,90,80]","[102,8,101,13,9,69,43,50]","[52,68,71,53,59,55,23]",699m 333679p 7s,45678m 678p 33456s,334m 249p 88s,6m r555699p,1,1,,,0,,,,,,
20260412055023_0301_059,20260412055023_0301,20260412055023,特上卓,3,シゲルペペ,39,1p,risekichu_hokan_tsumogiri,1775941597,2360.556,,0,,"[47,70,34,57,33,60,45,44,20,96]","[19,85,81,93,30,63,15,67,25,22,56,90,80]","[102,8,101,13,9,69,50]","[52,68,71,53,59,55,23,39]",699m 333679p 7s,45678m 678p 33456s,334m 49p 88s,6m 1r555699p,1,1,,,0,,,,,,
20260412055023_0301_060,20260412055023_0301,20260412055023,特上卓,0,s6u,96,7s,tedashi,1775941601,3549.857,,0,,"[47,70,34,57,33,60,45,44,20,96,48]","[19,85,81,93,30,63,15,67,25,22,56,90,80]","[102,8,101,13,9,69,50]","[52,68,71,53,59,55,23]",699m 3334679p 7s,45678m 678p 33456s,334m 49p 88s,6m r555699p,1,1,,,0,,,,,,
20260412055023_0301_061,20260412055023_0301,20260412055023,特上卓,1,せんざんこうさん,72,1s,risekichu_hokan_tsumogiri,1775941602,1227.401,,0,,"[47,70,34,57,33,60,45,44,20,48]","[19,85,81,93,30,63,15,67,25,22,56,90,80,72]","[102,8,101,13,9,69,50]","[52,68,71,53,59,55,23]",699m 3334679p,45678m 678p 133456s,334m 49p 88s,6m r555699p,0,0,5,369m,0,,,,,,
20260412055023_0301_062,20260412055023_0301,20260412055023,特上卓,2,欧陽,95,6s,risekichu_hokan_tsumogiri,1775941604,2077.149,,0,,"[47,70,34,57,33,60,45,44,20,48]","[19,85,81,93,30,63,15,67,25,22,56,90,80]","[102,8,101,13,9,69,50,95]","[52,68,71,53,59,55,23]",699m 3334679p,45678m 678p 33456s,334m 49p 688s,6m r555699p,2,2,,,0,,,,,,
20260412055023_0301_063,20260412055023_0301,20260412055023,特上卓,3,シゲルペペ,23,6m,tedashi,1775941606,2259.671,,0,,"[47,70,34,57,33,60,45,44,20,48]","[19,85,81,93,30,63,15,67,25,22,56,90,80]","[102,8,101,13,9,69,50]","[52,68,71,53,59,55,23,58]",699m 3334679p,45678m 678p 33456s,334m 49p 88s,6m r5556699p,0,0,,69p,0,,,,,,
20260412055023_0302_000,20260412055023_0302,20260412055023,特上卓,1,せんざんこうさん,69,9p,tedashi,1775941625,,,0,,"[111,40,134,83,52,29,107,102,50,51,125,80,117]","[17,19,7,79,81,82,97,32,23,69,15,57,112,91]","[28,35,18,122,77,114,120,38,95,11,31,129,94]","[24,53,116,60,131,133,128,67,88,49,130,55,39]",8m 244r5p 3389s 1357z,245569m 69p 23357s 2z,35889m 1p 266s 2446z,7m 145578p r5s 36667z,4,4,4,,0,,,,,,
20260412055023_0302_001,20260412055023_0302,20260412055023,特上卓,2,欧陽,38,1p,tedashi,1775941628,3893.053,,0,,"[111,40,134,83,52,29,107,102,50,51,125,80,117]","[17,19,7,79,81,82,97,32,23,15,57,112,91]","[28,35,18,122,77,114,120,38,95,11,31,129,94,54]","[24,53,116,60,131,133,128,67,88,49,130,55,39]",8m 244r5p 3389s 1357z,245569m 6p 23357s 2z,35889m 15p 266s 2446z,7m 145578p r5s 36667z,3,4,3,,0,,,,,,
20260412055023_0302_002,20260412055023_0302,20260412055023,特上卓,3,シゲルペペ,39,1p,tedashi,1775941631,2761.992,,0,,"[111,40,134,83,52,29,107,102,50,51,125,80,117]","[17,19,7,79,81,82,97,32,23,15,57,112,91]","[28,35,18,122,77,114,120,95,11,31,129,94,54]","[24,53,116,60,131,133,128,67,88,49,130,55,39,21]",8m 244r5p 3389s 1357z,245569m 6p 23357s 2z,35889m 5p 266s 2446z,67m 145578p r5s 36667z,3,3,4,,0,,,,,,
20260412055023_0302_003,20260412055023_0302,20260412055023,特上卓,0,s6u,117,3z,tedashi,1775941633,1459.29,,0,,"[111,40,134,83,52,29,107,102,50,51,125,80,117,115]","[17,19,7,79,81,82,97,32,23,15,57,112,91]","[28,35,18,122,77,114,120,95,11,31,129,94,54]","[24,53,116,60,131,133,128,67,88,49,130,55,21]",8m 244r5p 3389s 12357z,245569m 6p 23357s 2z,35889m 5p 266s 2446z,67m 45578p r5s 36667z,4,4,4,,0,,,,,,
20260412055023_0302_004,20260412055023_0302,20260412055023,特上卓,1,せんざんこうさん,32,9m,tedashi,1775941635,2219.658,,0,,"[111,40,134,83,52,29,107,102,50,51,125,80,115]","[17,19,7,79,81,82,97,32,23,15,57,112,91,87]","[28,35,18,122,77,114,120,95,11,31,129,94,54]","[24,53,116,60,131,133,128,67,88,49,130,55,21]",8m 244r5p 3389s 1257z,245569m 6p 233457s 2z,35889m 5p 266s 2446z,67m 45578p r5s 36667z,3,3,4,,0,,,,,,
20260412055023_0302_005,20260412055023_0302,20260412055023,特上卓,2,欧陽,37,1p,risekichu_hokan_tsumogiri,1775941637,1953.528,,0,,"[111,40,134,83,52,29,107,102,50,51,125,80,115]","[17,19,7,79,81,82,97,23,15,57,112,91,87]","[28,35,18,122,77,114,120,95,11,31,129,94,54,37]","[24,53,116,60,131,133,128,67,88,49,130,55,21]",8m 244r5p 3389s 1257z,24556m 6p 233457s 2z,35889m 15p 266s 2446z,67m 45578p r5s 36667z,3,4,3,,0,,,,,,
20260412055023_0302_006,20260412055023_0302,20260412055023,特上卓,3,シゲルペペ,116,3z,tedashi,1775941638,1640.556,,0,,"[111,40,134,83,52,29,107,102,50,51,125,80,115]","[17,19,7,79,81,82,97,23,15,57,112,91,87]","[28,35,18,122,77,114,120,95,11,31,129,94,54]","[24,53,116,60,131,133,128,67,88,49,130,55,21,45]",8m 244r5p 3389s 1257z,24556m 6p 233457s 2z,35889m 5p 266s 2446z,67m 345578p r5s 36667z,2,2,4,,0,,,,,,
20260412055023_0302_007,20260412055023_0302,20260412055023,特上卓,0,s6u,125,5z,tedashi,1775941640,1701.551,,0,,"[111,40,134,83,52,29,107,102,50,51,125,80,115,26]","[17,19,7,79,81,82,97,23,15,57,112,91,87]","[28,35,18,122,77,114,120,95,11,31,129,94,54]","[24,53,60,131,133,128,67,88,49,130,55,21,45]",78m 244r5p 3389s 1257z,24556m 6p 233457s 2z,35889m 5p 266s 2446z,67m 345578p r5s 6667z,3,3,4,,0,,,,,,
20260412055023_0302_008,20260412055023_0302,20260412055023,特上卓,1,せんざんこうさん,112,2z,tedashi,1775941642,1870.24,,0,,"[111,40,134,83,52,29,107,102,50,51,80,115,26]","[17,19,7,79,81,82,97,23,15,57,112,91,87,110]","[28,35,18,122,77,114,120,95,11,31,129,94,54]","[24,53,60,131,133,128,67,88,49,130,55,21,45]",78m 244r5p 3389s 127z,24556m 6p 233457s 12z,35889m 5p 266s 2446z,67m 345578p r5s 6667z,3,3,4,,0,,,,,,
20260412055023_0302_009,20260412055023_0302,20260412055023,特上卓,2,欧陽,71,9p,risekichu_hokan_tsumogiri,1775941644,2220.426,,3,1220.732,"[111,40,134,83,52,29,107,102,50,51,80,115,26]","[17,19,7,79,81,82,97,23,15,57,91,87,110]","[28,35,18,122,77,114,120,95,11,31,129,94,54,71]","[24,53,60,131,133,128,67,88,49,130,55,21,45]",78m 244r5p 3389s 127z,24556m 6p 233457s 1z,35889m 59p 266s 2446z,67m 345578p r5s 6667z,3,4,3,,0,,,,,,
20260412055023_0302_010,20260412055023_0302,20260412055023,特上卓,3,シゲルペペ,133,7z,tedashi,1775941647,1392.037,,0,,"[111,40,134,83,52,29,107,102,50,51,80,115,26]","[17,19,7,79,81,82,97,23,15,57,91,87,110]","[28,35,18,122,77,114,120,95,11,31,129,94,54]","[24,53,60,131,133,128,67,88,49,130,55,21,45,6]",78m 244r5p 3389s 127z,24556m 6p 233457s 1z,35889m 5p 266s 2446z,267m 345578p r5s 6667z,2,2,4,,0,,,,,,
20260412055023_0302_011,20260412055023_0302,20260412055023,特上卓,0,s6u,134,7z,tedashi,1775941650,3099.98,,0,,"[111,40,134,83,52,29,107,102,50,51,80,115,26,78]","[17,19,7,79,81,82,97,23,15,57,91,87,110]","[28,35,18,122,77,114,120,95,11,31,129,94,54]","[24,53,60,131,128,67,88,49,130,55,21,45,6]",78m 244r5p 23389s 127z,24556m 6p 233457s 1z,35889m 5p 266s 2446z,267m 345578p r5s 666z,3,3,4,,0,,,,,,
20260412055023_0302_012,20260412055023_0302,20260412055023,特上卓,1,せんざんこうさん,7,2m,tedashi,1775941652,2301.542,,0,,"[111,40,83,52,29,107,102,50,51,80,115,26,78]","[17,19,7,79,81,82,97,23,15,57,91,87,110,65]","[28,35,18,122,77,114,120,95,11,31,129,94,54]","[24,53,60,131,128,67,88,49,130,55,21,45,6]",78m 244r5p 23389s 12z,24556m 68p 233457s 1z,35889m 5p 266s 2446z,267m 345578p r5s 666z,2,2,4,,0,,,,,,
20260412055023_0302_013,20260412055023_0302,20260412055023,特上卓,2,欧陽,127,5z,risekichu_hokan_tsumogiri,1775941655,3238.052,,0,,"[111,40,83,52,29,107,102,50,51,80,115,26,78]","[17,19,79,81,82,97,23,15,57,91,87,110,65]","[28,35,18,122,77,114,120,95,11,31,129,94,54,127]","[24,53,60,131,128,67,88,49,130,55,21,45,6]",78m 244r5p 23389s 12z,4556m 68p 233457s 1z,35889m 5p 266s 24456z,267m 345578p r5s 666z,3,4,3,,0,,,,,,
20260412055023_0302_014,20260412055023_0302,20260412055023,特上卓,3,シゲルペペ,6,2m,tedashi,1775941657,1999.749,,0,,"[111,40,83,52,29,107,102,50,51,80,115,26,78]","[17,19,79,81,82,97,23,15,57,91,87,110,65]","[28,35,18,122,77,114,120,95,11,31,129,94,54]","[24,53,60,131,128,67,88,49,130,55,21,45,6,90]",78m 244r5p 23389s 12z,4556m 68p 233457s 1z,35889m 5p 266s 2446z,267m 345578p r55s 666z,1,1,3,,0,,,,,,
20260412055023_0302_015,20260412055023_0302,20260412055023,特上卓,0,s6u,111,1z,tedashi,1775941660,2770.42,,0,,"[111,40,83,52,29,107,102,50,51,80,115,26,78,20]","[17,19,79,81,82,97,23,15,57,91,87,110,65]","[28,35,18,122,77,114,120,95,11,31,129,94,54]","[24,53,60,131,128,67,88,49,130,55,21,45,90]",678m 244r5p 23389s 12z,4556m 68p 233457s 1z,35889m 5p 266s 2446z,67m 345578p r55s 666z,2,2,4,,0,,,,,,
20260412055023_0302_016,20260412055023_0302,20260412055023,特上卓,1,せんざんこうさん,97,7s,tedashi,1775941664,3979.546,,0,,"[40,83,52,29,107,102,50,51,80,115,26,78,20]","[17,19,79,81,82,97,23,15,57,91,87,110,65,76]","[28,35,18,122,77,114,120,95,11,31,129,94,54]","[24,53,60,131,128,67,88,49,130,55,21,45,90]",678m 244r5p 23389s 2z,4556m 68p 2233457s 1z,35889m 5p 266s 2446z,67m 345578p r55s 666z,2,2,3,,0,,,,,,
20260412055023_0302_017,20260412055023_0302,20260412055023,特上卓,2,欧陽,129,6z,tedashi,1775941669,4716.854,,3,1230.508,"[40,83,52,29,107,102,50,51,80,115,26,78,20]","[17,19,79,81,82,23,15,57,91,87,110,65,76]","[28,35,18,122,77,114,120,95,11,31,129,94,54,56]","[24,53,60,131,128,67,88,49,130,55,21,45,90]",678m 244r5p 23389s 2z,4556m 68p 223345s 1z,35889m 56p 266s 2446z,67m 345578p r55s 666z,3,3,3,,0,,,,,,
20260412055023_0302_018,20260412055023_0302,20260412055023,特上卓,3,シゲルペペ,124,5z,risekichu_hokan_tsumogiri,1775941671,974.73,,0,,"[40,83,52,29,107,102,50,51,80,115,26,78,20]","[17,19,79,81,82,23,15,57,91,87,110,65,76]","[28,35,18,122,77,114,120,95,11,31,94,54,56]","[24,53,60,131,128,67,88,49,130,55,21,45,90,124]",678m 244r5p 23389s 2z,4556m 68p 223345s 1z,35889m 56p 266s 244z,67m 345578p r55s 5666z,1,1,3,,0,,,,,,
20260412055023_0302_019,20260412055023_0302,20260412055023,特上卓,0,s6u,115,2z,tedashi,1775941674,3034.834,,0,,"[40,83,52,29,107,102,50,51,80,115,26,78,20,61]","[17,19,79,81,82,23,15,57,91,87,110,65,76]","[28,35,18,122,77,114,120,95,11,31,94,54,56]","[24,53,60,131,128,67,88,49,130,55,21,45,90]",678m 244r57p 23389s 2z,4556m 68p 223345s 1z,35889m 56p 266s 244z,67m 345578p r55s 666z,2,2,4,,0,,,,,,
20260412055023_0302_020,20260412055023_0302,20260412055023,特上卓,1,せんざんこうさん,2,1m,risekichu_hokan_tsumogiri,1775941677,2440.261,,0,,"[40,83,52,29,107,102,50,51,80,26,78,20,61]","[17,19,79,81,82,23,15,57,91,87,110,65,76,2]","[28,35,18,122,77,114,120,95,11,31,94,54,56]","[24,53,60,131,128,67,88,49,130,55,21,45,90]",678m 244r57p 23389s,14556m 68p 223345s 1z,35889m 56p 266s 244z,67m 345578p r55s 666z,2,2,3,,0,,,,,,
20260412055023_0302_021,20260412055023_0302,20260412055023,特上卓,2,欧陽,114,2z,tedashi,1775941679,2151.943,,0,,"[40,83,52,29,107,102,50,51,80,26,78,20,61]","[17,19,79,81,82,23,15,57,91,87,110,65,76]","[28,35,18,122,77,114,120,95,11,31,94,54,56,85]","[24,53,60,131,128,67,88,49,130,55,21,45,90]",678m 244r57p 23389s,4556m 68p 223345s 1z,35889m 56p 2466s 244z,67m 345578p r55s 666z,3,3,3,,0,,,,,,
20260412055023_0302_022,20260412055023_0302,20260412055023,特上卓,3,シゲルペペ,100,8s,risekichu_hokan_tsumogiri,1775941680,1703.014,,0,,"[40,83,52,29,107,102,50,51,80,26,78,20,61]","[17,19,79,81,82,23,15,57,91,87,110,65,76]","[28,35,18,122,77,120,95,11,31,94,54,56,85]","[24,53,60,131,128,67,88,49,130,55,21,45,90,100]",678m 244r57p 23389s,4556m 68p 223345s 1z,35889m 56p 2466s 44z,67m 345578p r558s 666z,1,1,3,,0,,,,,,
20260412055023_0302_023,20260412055023_0302,20260412055023,特上卓,0,s6u,119,3z,tsumogiri,1775941683,2103.958,,0,,"[40,83,52,29,107,102,50,51,80,26,78,20,61,119]","[17,19,79,81,82,23,15,57,91,87,110,65,76]","[28,35,18,122,77,120,95,11,31,94,54,56,85]","[24,53,60,131,128,67,88,49,130,55,21,45,90]",678m 244r57p 23389s 3z,4556m 68p 223345s 1z,35889m 56p 2466s 44z,67m 345578p r55s 666z,2,2,4,,0,,,,,,
20260412055023_0302_024,20260412055023_0302,20260412055023,特上卓,1,せんざんこうさん,110,1z,tedashi,1775941685,2542.158,,0,,"[40,83,52,29,107,102,50,51,80,26,78,20,61]","[17,19,79,81,82,23,15,57,91,87,110,65,76,25]","[28,35,18,122,77,120,95,11,31,94,54,56,85]","[24,53,60,131,128,67,88,49,130,55,21,45,90]",678m 244r57p 23389s,45567m 68p 223345s 1z,35889m 56p 2466s 44z,67m 345578p r55s 666z,1,1,3,,0,,,,,,
20260412055023_0302_025,20260412055023_0302,20260412055023,特上卓,2,欧陽,105,9s,risekichu_hokan_tsumogiri,1775941687,1699.329,,0,,"[40,83,52,29,107,102,50,51,80,26,78,20,61]","[17,19,79,81,82,23,15,57,91,87,65,76,25]","[28,35,18,122,77,120,95,11,31,94,54,56,85,105]","[24,53,60,131,128,67,88,49,130,55,21,45,90]",678m 244r57p 23389s,45567m 68p 223345s,35889m 56p 24669s 44z,67m 345578p r55s 666z,3,3,3,,0,,,,,,
20260412055023_0302_026,20260412055023_0302,20260412055023,特上卓,3,シゲルペペ,96,7s,risekichu_hokan_tsumogiri,1775941689,1687.601,,3,3923.829,"[40,83,52,29,107,102,50,51,80,26,78,20,61]","[17,19,79,81,82,23,15,57,91,87,65,76,25]","[28,35,18,122,77,120,95,11,31,94,54,56,85]","[24,53,60,131,128,67,88,49,130,55,21,45,90,96]",678m 244r57p 23389s,45567m 68p 223345s,35889m 56p 2466s 44z,67m 345578p r557s 666z,1,1,3,,0,,,,,,
20260412055023_0302_027,20260412055023_0302,20260412055023,特上卓,0,s6u,121,4z,tsumogiri,1775941694,1488.277,,3,1849.769,"[40,83,52,29,107,102,50,51,80,26,78,20,61,121]","[17,19,79,81,82,23,15,57,91,87,65,76,25]","[28,35,18,122,77,120,95,11,31,94,54,56,85]","[24,53,60,131,128,67,88,49,130,55,21,45,90]",678m 244r57p 23389s 4z,45567m 68p 223345s,35889m 56p 2466s 44z,67m 345578p r55s 666z,2,2,4,,0,,,,,,
20260412055023_0302_028,20260412055023_0302,20260412055023,特上卓,1,せんざんこうさん,126,5z,risekichu_hokan_tsumogiri,1775941702,5838.537,,0,,"[40,83,52,29,107,102,50,51,80,26,78,20,61]","[17,19,79,81,82,23,15,57,91,87,65,76,25,126]","[28,35,18,122,77,120,95,11,31,94,54,56,85]","[24,53,60,131,128,67,88,49,130,55,21,45,90]",678m 244r57p 23389s,45567m 68p 223345s 5z,35889m 56p 2466s 44z,67m 345578p r55s 666z,1,1,3,,0,,,,,,
20260412055023_0302_029,20260412055023_0302,20260412055023,特上卓,2,欧陽,120,4z,tedashi,1775941712,10561.167,,0,,"[40,83,52,29,107,102,50,51,80,26,78,20,61]","[17,19,79,81,82,23,15,57,91,87,65,76,25]","[28,35,18,122,77,120,95,11,31,94,54,56,85,4]","[24,53,60,131,128,67,88,49,130,55,21,45,90]",678m 244r57p 23389s,45567m 68p 223345s,235889m 56p 2466s 44z,67m 345578p r55s 666z,3,3,3,,0,,,,,,
20260412055023_0302_030,20260412055023_0302,20260412055023,特上卓,3,シゲルペペ,98,7s,risekichu_hokan_tsumogiri,1775941714,1484.586,,3,3007.319,"[40,83,52,29,107,102,50,51,80,26,78,20,61]","[17,19,79,81,82,23,15,57,91,87,65,76,25]","[28,35,18,122,77,95,11,31,94,54,56,85,4]","[24,53,60,131,128,67,88,49,130,55,21,45,90,98]",678m 244r57p 23389s,45567m 68p 223345s,235889m 56p 2466s 4z,67m 345578p r557s 666z,1,1,3,,0,,,,,,
20260412055023_0302_031,20260412055023_0302,20260412055023,特上卓,0,s6u,0,1m,tsumogiri,1775941718,1100.942,,0,,"[40,83,52,29,107,102,50,51,80,26,78,20,61,0]","[17,19,79,81,82,23,15,57,91,87,65,76,25]","[28,35,18,122,77,95,11,31,94,54,56,85,4]","[24,53,60,131,128,67,88,49,130,55,21,45,90]",1678m 244r57p 23389s,45567m 68p 223345s,235889m 56p 2466s 4z,67m 345578p r55s 666z,2,2,4,,0,,,,,,
20260412055023_0302_032,20260412055023_0302,20260412055023,特上卓,1,せんざんこうさん,33,9m,risekichu_hokan_tsumogiri,1775941720,2405.617,,0,,"[40,83,52,29,107,102,50,51,80,26,78,20,61]","[17,19,79,81,82,23,15,57,91,87,65,76,25,33]","[28,35,18,122,77,95,11,31,94,54,56,85,4]","[24,53,60,131,128,67,88,49,130,55,21,45,90]",678m 244r57p 23389s,455679m 68p 223345s,235889m 56p 2466s 4z,67m 345578p r55s 666z,1,1,3,,0,,,,,,
20260412055023_0302_033,20260412055023_0302,20260412055023,特上卓,2,欧陽,122,4z,tedashi,1775941725,5191.359,,0,,"[40,83,52,29,107,102,50,51,80,26,78,20,61]","[17,19,79,81,82,23,15,57,91,87,65,76,25]","[28,35,18,122,77,95,11,31,94,54,56,85,4,9]","[24,53,60,131,128,67,88,49,130,55,21,45,90]",678m 244r57p 23389s,45567m 68p 223345s,2335889m 56p 2466s 4z,67m 345578p r55s 666z,3,3,3,,0,,,,,,
20260412055023_0302_034,20260412055023_0302,20260412055023,特上卓,3,シゲルペペ,109,1z,risekichu_hokan_tsumogiri,1775941727,1537.164,,0,,"[40,83,52,29,107,102,50,51,80,26,78,20,61]","[17,19,79,81,82,23,15,57,91,87,65,76,25]","[28,35,18,77,95,11,31,94,54,56,85,4,9]","[24,53,60,131,128,67,88,49,130,55,21,45,90,109]",678m 244r57p 23389s,45567m 68p 223345s,2335889m 56p 2466s,67m 345578p r55s 1666z,1,1,3,,0,,,,,,
20260412055023_0302_035,20260412055023_0302,20260412055023,特上卓,0,s6u,102,8s,tedashi,1775941729,1946.832,,0,,"[40,83,52,29,107,102,50,51,80,26,78,20,61,30]","[17,19,79,81,82,23,15,57,91,87,65,76,25]","[28,35,18,77,95,11,31,94,54,56,85,4,9]","[24,53,60,131,128,67,88,49,130,55,21,45,90]",6788m 244r57p 23389s,45567m 68p 223345s,2335889m 56p 2466s,67m 345578p r55s 666z,2,2,3,,0,,,,,,
20260412055023_0302_036,20260412055023_0302,20260412055023,特上卓,1,せんざんこうさん,41,2p,risekichu_hokan_tsumogiri,1775941731,2306.55,,0,,"[40,83,52,29,107,50,51,80,26,78,20,61,30]","[17,19,79,81,82,23,15,57,91,87,65,76,25,41]","[28,35,18,77,95,11,31,94,54,56,85,4,9]","[24,53,60,131,128,67,88,49,130,55,21,45,90]",6788m 244r57p 2339s,45567m 268p 223345s,2335889m 56p 2466s,67m 345578p r55s 666z,1,1,3,,0,,,,,,
20260412055023_0302_037,20260412055023_0302,20260412055023,特上卓,2,欧陽,18,5m,tedashi,1775941735,3424.668,,3,1946.298,"[40,83,52,29,107,50,51,80,26,78,20,61,30]","[17,19,79,81,82,23,15,57,91,87,65,76,25]","[28,35,18,77,95,11,31,94,54,56,85,4,9,27]","[24,53,60,131,128,67,88,49,130,55,21,45,90]",6788m 244r57p 2339s,45567m 68p 223345s,23357889m 56p 2466s,67m 345578p r55s 666z,2,2,3,,0,,,,,,
20260412055023_0302_038,20260412055023_0302,20260412055023,特上卓,3,シゲルペペ,55,5p,tedashi,1775941739,2149.423,,0,,"[40,83,52,29,107,50,51,80,26,78,20,61,30]","[17,19,79,81,82,23,15,57,91,87,65,76,25]","[28,35,77,95,11,31,94,54,56,85,4,9,27]","[24,53,60,131,128,67,88,49,130,55,21,45,90,66]",6788m 244r57p 2339s,45567m 68p 223345s,2337889m 56p 2466s,67m 3455788p r55s 666z,1,1,2,,0,,,,,,
20260412055023_0302_039,20260412055023_0302,20260412055023,特上卓,0,s6u,107,9s,tedashi,1775941741,1822.5,,0,,"[40,83,52,29,107,50,51,80,26,78,20,61,30,62]","[17,19,79,81,82,23,15,57,91,87,65,76,25]","[28,35,77,95,11,31,94,54,56,85,4,9,27]","[24,53,60,131,128,67,88,49,130,21,45,90,66]",6788m 244r577p 2339s,45567m 68p 223345s,2337889m 56p 2466s,67m 345788p r55s 666z,2,2,2,,0,,,,,,
20260412055023_0302_040,20260412055023_0302,20260412055023,特上卓,1,せんざんこうさん,82,3s,tedashi,1775941748,7019.47,,3,8159.001,"[40,83,52,29,50,51,80,26,78,20,61,30,62]","[17,19,79,81,82,23,15,57,91,87,65,76,25,92]","[28,35,77,95,11,31,94,54,56,85,4,9,27]","[24,53,60,131,128,67,88,49,130,21,45,90,66]",6788m 244r577p 233s,45567m 68p 2233456s,2337889m 56p 2466s,67m 345788p r55s 666z,1,1,3,,0,,,,,,
20260412055023_0302_041,20260412055023_0302,20260412055023,特上卓,2,欧陽,11,3m,tedashi,1775941757,1532.614,,0,,"[40,83,52,29,50,51,80,26,78,20,61,30,62]","[17,19,79,81,23,15,57,91,87,65,76,25,92]","[28,35,77,95,11,31,94,54,56,85,4,9,27,3]","[24,53,60,131,128,67,88,49,130,21,45,90,66]",6788m 244r577p 233s,45567m 68p 223456s,12337889m 56p 2466s,67m 345788p r55s 666z,1,1,3,,0,,,,,,
20260412055023_0302_042,20260412055023_0302,20260412055023,特上卓,3,シゲルペペ,113,2z,risekichu_hokan_tsumogiri,1775941759,1648.163,,0,,"[40,83,52,29,50,51,80,26,78,20,61,30,62]","[17,19,79,81,23,15,57,91,87,65,76,25,92]","[28,35,77,95,31,94,54,56,85,4,9,27,3]","[24,53,60,131,128,67,88,49,130,21,45,90,66,113]",6788m 244r577p 233s,45567m 68p 223456s,1237889m 56p 2466s,67m 345788p r55s 2666z,1,1,3,,0,,,,,,
20260412055023_0302_043,20260412055023_0302,20260412055023,特上卓,0,s6u,30,8m,tedashi,1775941763,4167.832,,3,2098.34,"[40,83,52,29,50,51,80,26,78,20,61,30,62,44]","[17,19,79,81,23,15,57,91,87,65,76,25,92]","[28,35,77,95,31,94,54,56,85,4,9,27,3]","[24,53,60,131,128,67,88,49,130,21,45,90,66]",6788m 2344r577p 233s,45567m 68p 223456s,1237889m 56p 2466s,67m 345788p r55s 666z,1,1,2,,0,,,,,,
20260412055023_0302_044,20260412055023_0302,20260412055023,特上卓,1,せんざんこうさん,74,1s,risekichu_hokan_tsumogiri,1775941769,4170.819,,0,,"[40,83,52,29,50,51,80,26,78,20,61,62,44]","[17,19,79,81,23,15,57,91,87,65,76,25,92,74]","[28,35,77,95,31,94,54,56,85,4,9,27,3]","[24,53,60,131,128,67,88,49,130,21,45,90,66]",678m 2344r577p 233s,45567m 68p 1223456s,1237889m 56p 2466s,67m 345788p r55s 666z,1,1,4,,0,,,,,,
20260412055023_0302_045,20260412055023_0302,20260412055023,特上卓,2,欧陽,42,2p,risekichu_hokan_tsumogiri,1775941772,2192.141,,3,1188.103,"[40,83,52,29,50,51,80,26,78,20,61,62,44]","[17,19,79,81,23,15,57,91,87,65,76,25,92]","[28,35,77,95,31,94,54,56,85,4,9,27,3,42]","[24,53,60,131,128,67,88,49,130,21,45,90,66]",678m 2344r577p 233s,45567m 68p 223456s,1237889m 256p 2466s,67m 345788p r55s 666z,1,1,4,,0,,,,,,
20260412055023_0302_046,20260412055023_0302,20260412055023,特上卓,3,シゲルペペ,46,3p,risekichu_hokan_tsumogiri,1775941774,1051.188,,3,7562.276,"[40,83,52,29,50,51,80,26,78,20,61,62,44]","[17,19,79,81,23,15,57,91,87,65,76,25,92]","[28,35,77,95,31,94,54,56,85,4,9,27,3]","[24,53,60,131,128,67,88,49,130,21,45,90,66,46]",678m 2344r577p 233s,45567m 68p 223456s,1237889m 56p 2466s,67m 3345788p r55s 666z,1,1,2,,0,,,,,,
20260412055023_0302_047,20260412055023_0302,20260412055023,特上卓,0,s6u,132,7z,tsumogiri,1775941782,881.443,,0,,"[40,83,52,29,50,51,80,26,78,20,61,62,44,132]","[17,19,79,81,23,15,57,91,87,65,76,25,92]","[28,35,77,95,31,94,54,56,85,4,9,27,3]","[24,53,60,131,128,67,88,49,130,21,45,90,66]",678m 2344r577p 233s 7z,45567m 68p 223456s,1237889m 56p 2466s,67m 345788p r55s 666z,1,1,3,,0,,,,,,
20260412055023_0302_048,20260412055023_0302,20260412055023,特上卓,1,せんざんこうさん,36,1p,risekichu_hokan_tsumogiri,1775941784,2281.648,,0,,"[40,83,52,29,50,51,80,26,78,20,61,62,44]","[17,19,79,81,23,15,57,91,87,65,76,25,92,36]","[28,35,77,95,31,94,54,56,85,4,9,27,3]","[24,53,60,131,128,67,88,49,130,21,45,90,66]",678m 2344r577p 233s,45567m 168p 223456s,1237889m 56p 2466s,67m 345788p r55s 666z,1,1,4,,0,,,,,,
20260412055023_0302_049,20260412055023_0302,20260412055023,特上卓,2,欧陽,31,8m,tedashi,1775941788,3318.613,,3,1544.421,"[40,83,52,29,50,51,80,26,78,20,61,62,44]","[17,19,79,81,23,15,57,91,87,65,76,25,92]","[28,35,77,95,31,94,54,56,85,4,9,27,3,63]","[24,53,60,131,128,67,88,49,130,21,45,90,66]",678m 2344r577p 233s,45567m 68p 223456s,1237889m 567p 2466s,67m 345788p r55s 666z,0,0,4,3s,0,,,,,,
20260412055023_0302_050,20260412055023_0302,20260412055023,特上卓,3,シゲルペペ,12,4m,risekichu_hokan_tsumogiri,1775941790,1018.219,,0,,"[40,83,52,29,50,51,80,26,78,20,61,62,44]","[17,19,79,81,23,15,57,91,87,65,76,25,92]","[28,35,77,95,94,54,56,85,4,9,27,3,63]","[24,53,60,131,128,67,88,49,130,21,45,90,66,12]",678m 2344r577p 233s,45567m 68p 223456s,123789m 567p 2466s,467m 345788p r55s 666z,1,1,3,,0,,,,,,
20260412055023_0302_051,20260412055023_0302,20260412055023,特上卓,0,s6u,14,4m,tsumogiri,1775941792,1596.742,,3,1925.933,"[40,83,52,29,50,51,80,26,78,20,61,62,44,14]","[17,19,79,81,23,15,57,91,87,65,76,25,92]","[28,35,77,95,94,54,56,85,4,9,27,3,63]","[24,53,60,131,128,67,88,49,130,21,45,90,66]",4678m 2344r577p 233s,45567m 68p 223456s,123789m 567p 2466s,67m 345788p r55s 666z,1,1,3,,0,,,,,,
20260412055023_0302_052,20260412055023_0302,20260412055023,特上卓,1,せんざんこうさん,81,3s,tedashi,1775941796,1910.877,,2,1645.055,"[40,83,52,29,50,51,80,26,78,20,61,62,44]","[17,19,79,81,23,15,57,91,87,65,76,25,92,118]","[28,35,77,95,94,54,56,85,4,9,27,3,63]","[24,53,60,131,128,67,88,49,130,21,45,90,66]",678m 2344r577p 233s,45567m 68p 223456s 3z,123789m 567p 2466s,67m 345788p r55s 666z,1,1,4,,0,,,,,,
20260412055023_0302_053,20260412055023_0302,20260412055023,特上卓,0,s6u,78,2s,tedashi,1775941799,1593.493,,3,2035.274,"[40,52,29,50,51,26,78,20,61,62,44]","[17,19,79,23,15,57,91,87,65,76,25,92,118]","[28,35,77,95,94,54,56,85,4,9,27,3,63]","[24,53,60,131,128,67,88,49,130,21,45,90,66]",678m 2344r577p 2s,45567m 68p 22456s 3z,123789m 567p 2466s,67m 345788p r55s 666z,0,0,,36p,0,,,,,,
20260412055023_0302_054,20260412055023_0302,20260412055023,特上卓,1,せんざんこうさん,93,6s,risekichu_hokan_tsumogiri,1775941803,1729.903,,3,1332.776,"[40,52,29,50,51,26,20,61,62,44]","[17,19,79,23,15,57,91,87,65,76,25,92,118,93]","[28,35,77,95,94,54,56,85,4,9,27,3,63]","[24,53,60,131,128,67,88,49,130,21,45,90,66]",678m 2344r577p,45567m 68p 224566s 3z,123789m 567p 2466s,67m 345788p r55s 666z,1,1,3,,0,,,,,,
20260412055023_0302_055,20260412055023_0302,20260412055023,特上卓,2,欧陽,75,1s,risekichu_hokan_tsumogiri,1775941807,2779.101,,0,,"[40,52,29,50,51,26,20,61,62,44]","[17,19,79,23,15,57,91,87,65,76,25,92,118]","[28,35,77,95,94,54,56,85,4,9,27,3,63,75]","[24,53,60,131,128,67,88,49,130,21,45,90,66]",678m 2344r577p,45567m 68p 22456s 3z,123789m 567p 12466s,67m 345788p r55s 666z,0,0,5,3s,0,,,,,,
20260412055023_0302_056,20260412055023_0302,20260412055023,特上卓,3,シゲルペペ,13,4m,risekichu_hokan_tsumogiri,1775941809,1637.727,,0,,"[40,52,29,50,51,26,20,61,62,44]","[17,19,79,23,15,57,91,87,65,76,25,92,118]","[28,35,77,95,94,54,56,85,4,9,27,3,63]","[24,53,60,131,128,67,88,49,130,21,45,90,66,13]",678m 2344r577p,45567m 68p 22456s 3z,123789m 567p 2466s,467m 345788p r55s 666z,1,1,3,,0,,,,,,
20260412055023_0302_057,20260412055023_0302,20260412055023,特上卓,0,s6u,106,9s,tsumogiri,1775941810,1281.216,,0,,"[40,52,29,50,51,26,20,61,62,44,106]","[17,19,79,23,15,57,91,87,65,76,25,92,118]","[28,35,77,95,94,54,56,85,4,9,27,3,63]","[24,53,60,131,128,67,88,49,130,21,45,90,66]",678m 2344r577p 9s,45567m 68p 22456s 3z,123789m 567p 2466s,67m 345788p r55s 666z,0,0,,36p,0,,,,,,
20260412055023_0302_058,20260412055023_0302,20260412055023,特上卓,1,せんざんこうさん,43,2p,risekichu_hokan_tsumogiri,1775941812,2248.063,,0,,"[40,52,29,50,51,26,20,61,62,44]","[17,19,79,23,15,57,91,87,65,76,25,92,118,43]","[28,35,77,95,94,54,56,85,4,9,27,3,63]","[24,53,60,131,128,67,88,49,130,21,45,90,66]",678m 2344r577p,45567m 268p 22456s 3z,123789m 567p 2466s,67m 345788p r55s 666z,1,1,4,,0,,,,,,
20260412055023_0302_059,20260412055023_0302,20260412055023,特上卓,2,欧陽,77,2s,tedashi,1775941823,808.553,9887.502,3,1749.673,"[40,52,29,50,51,26,20,61,62,44]","[17,19,79,23,15,57,91,87,65,76,25,92,118]","[28,35,77,95,94,54,56,85,4,9,27,3,63,86]","[24,53,60,131,128,67,88,49,130,21,45,90,66]",678m 2344r577p,45567m 68p 22456s 3z,123789m 567p 24466s,67m 345788p r55s 666z,0,0,4,46s,0,,,,,,
20260412055023_0302_060,20260412055023_0302,20260412055023,特上卓,3,シゲルペペ,104,9s,risekichu_hokan_tsumogiri,1775941826,1271.593,,0,,"[40,52,29,50,51,26,20,61,62,44]","[17,19,79,23,15,57,91,87,65,76,25,92,118]","[28,35,95,94,54,56,85,4,9,27,3,63,86]","[24,53,60,131,128,67,88,49,130,21,45,90,66,104]",678m 2344r577p,45567m 68p 22456s 3z,123789m 567p 4466s,67m 345788p r559s 666z,1,1,3,,0,,,,,,
20260412055023_0302_061,20260412055023_0302,20260412055023,特上卓,0,s6u,40,2p,tedashi,1775941837,11210.783,,0,,"[40,52,29,50,51,26,20,61,62,44,64]","[17,19,79,23,15,57,91,87,65,76,25,92,118]","[28,35,95,94,54,56,85,4,9,27,3,63,86]","[24,53,60,131,128,67,88,49,130,21,45,90,66]",678m 2344r5778p,45567m 68p 22456s 3z,123789m 567p 4466s,67m 345788p r55s 666z,0,0,,,0,,,,,,
20260412055023_0302_062,20260412055023_0302,20260412055023,特上卓,1,せんざんこうさん,118,3z,tedashi,1775941840,2765.583,,0,,"[52,29,50,51,26,20,61,62,44,64]","[17,19,79,23,15,57,91,87,65,76,25,92,118,47]","[28,35,95,94,54,56,85,4,9,27,3,63,86]","[24,53,60,131,128,67,88,49,130,21,45,90,66]",678m 344r5778p,45567m 368p 22456s 3z,123789m 567p 4466s,67m 345788p r55s 666z,1,1,4,,0,,,,,,
20260412055023_0400_000,20260412055023_0400,20260412055023,特上卓,2,欧陽,119,3z,tedashi,1775941860,,,0,,"[6,57,95,62,44,36,48,51,53,68,91,63,7]","[67,15,98,55,18,87,84,129,107,64,103,4,49]","[110,130,10,114,11,50,20,9,33,119,105,96,89,73]","[45,42,104,112,70,133,92,94,52,1,32,111,132]",22m 134456779p 56s,245m 4588p 44789s 6z,33369m 4p 1579s 1236z,19m 23r59p 669s 1277z,5,5,5,,0,,,,,,
20260412055023_0400_001,20260412055023_0400,20260412055023,特上卓,3,シゲルペペ,120,4z,risekichu_hokan_tsumogiri,1775941862,2357.992,,0,,"[6,57,95,62,44,36,48,51,53,68,91,63,7]","[67,15,98,55,18,87,84,129,107,64,103,4,49]","[110,130,10,114,11,50,20,9,33,105,96,89,73]","[45,42,104,112,70,133,92,94,52,1,32,111,132,120]",22m 134456779p 56s,245m 4588p 44789s 6z,33369m 4p 1579s 126z,19m 23r59p 669s 12477z,4,5,4,,0,,,,,,
20260412055023_0400_002,20260412055023_0400,20260412055023,特上卓,0,s6u,109,1z,tsumogiri,1775941867,4492.641,,0,,"[6,57,95,62,44,36,48,51,53,68,91,63,7,109]","[67,15,98,55,18,87,84,129,107,64,103,4,49]","[110,130,10,114,11,50,20,9,33,105,96,89,73]","[45,42,104,112,70,133,92,94,52,1,32,111,132]",22m 134456779p 56s 1z,245m 4588p 44789s 6z,33369m 4p 1579s 126z,19m 23r59p 669s 1277z,2,2,3,,0,,,,,,
20260412055023_0400_003,20260412055023_0400,20260412055023,特上卓,1,せんざんこうさん,4,2m,tedashi,1775941870,2884.605,,3,7770.783,"[6,57,95,62,44,36,48,51,53,68,91,63,7]","[67,15,98,55,18,87,84,129,107,64,103,4,49,102]","[110,130,10,114,11,50,20,9,33,105,96,89,73]","[45,42,104,112,70,133,92,94,52,1,32,111,132]",22m 134456779p 56s,245m 4588p 447889s 6z,33369m 4p 1579s 126z,19m 23r59p 669s 1277z,2,2,3,,0,,,,,,
20260412055023_0400_004,20260412055023_0400,20260412055023,特上卓,2,欧陽,122,4z,risekichu_hokan_tsumogiri,1775941879,1852.025,,0,,"[6,57,95,62,44,36,48,51,53,68,91,63,7]","[67,15,98,55,18,87,84,129,107,64,103,49,102]","[110,130,10,114,11,50,20,9,33,105,96,89,73,122]","[45,42,104,112,70,133,92,94,52,1,32,111,132]",22m 134456779p 56s,45m 4588p 447889s 6z,33369m 4p 1579s 1246z,19m 23r59p 669s 1277z,5,5,5,,0,,,,,,
20260412055023_0400_005,20260412055023_0400,20260412055023,特上卓,3,シゲルペペ,121,4z,risekichu_hokan_tsumogiri,1775941881,1767.771,,0,,"[6,57,95,62,44,36,48,51,53,68,91,63,7]","[67,15,98,55,18,87,84,129,107,64,103,49,102]","[110,130,10,114,11,50,20,9,33,105,96,89,73]","[45,42,104,112,70,133,92,94,52,1,32,111,132,121]",22m 134456779p 56s,45m 4588p 447889s 6z,33369m 4p 1579s 126z,19m 23r59p 669s 12477z,4,5,4,,0,,,,,,
20260412055023_0400_006,20260412055023_0400,20260412055023,特上卓,0,s6u,35,9m,tsumogiri,1775941883,1506.766,,0,,"[6,57,95,62,44,36,48,51,53,68,91,63,7,35]","[67,15,98,55,18,87,84,129,107,64,103,49,102]","[110,130,10,114,11,50,20,9,33,105,96,89,73]","[45,42,104,112,70,133,92,94,52,1,32,111,132]",229m 134456779p 56s,45m 4588p 447889s 6z,33369m 4p 1579s 126z,19m 23r59p 669s 1277z,2,2,3,,0,,,,,,
20260412055023_0400_007,20260412055023_0400,20260412055023,特上卓,1,せんざんこうさん,129,6z,tedashi,1775941885,2761.562,,0,,"[6,57,95,62,44,36,48,51,53,68,91,63,7]","[67,15,98,55,18,87,84,129,107,64,103,49,102,71]","[110,130,10,114,11,50,20,9,33,105,96,89,73]","[45,42,104,112,70,133,92,94,52,1,32,111,132]",22m 134456779p 56s,45m 45889p 447889s 6z,33369m 4p 1579s 126z,19m 23r59p 669s 1277z,2,2,3,,0,,,,,,
20260412055023_0400_008,20260412055023_0400,20260412055023,特上卓,2,欧陽,130,6z,tedashi,1775941892,6351.667,,0,,"[6,57,95,62,44,36,48,51,53,68,91,63,7]","[67,15,98,55,18,87,84,107,64,103,49,102,71]","[110,130,10,114,11,50,20,9,33,105,96,89,73,17]","[45,42,104,112,70,133,92,94,52,1,32,111,132]",22m 134456779p 56s,45m 45889p 447889s,333569m 4p 1579s 126z,19m 23r59p 669s 1277z,4,4,5,,0,,,,,,
20260412055023_0400_009,20260412055023_0400,20260412055023,特上卓,3,シゲルペペ,111,1z,tedashi,1775941894,2279.287,,0,,"[6,57,95,62,44,36,48,51,53,68,91,63,7]","[67,15,98,55,18,87,84,107,64,103,49,102,71]","[110,10,114,11,50,20,9,33,105,96,89,73,17]","[45,42,104,112,70,133,92,94,52,1,32,111,132,37]",22m 134456779p 56s,45m 45889p 447889s,333569m 4p 1579s 12z,19m 123r59p 669s 1277z,4,4,4,,0,,,,,,
20260412055023_0400_010,20260412055023_0400,20260412055023,特上卓,0,s6u,36,1p,tedashi,1775941898,4409.113,,0,,"[6,57,95,62,44,36,48,51,53,68,91,63,7,3]","[67,15,98,55,18,87,84,107,64,103,49,102,71]","[110,10,114,11,50,20,9,33,105,96,89,73,17]","[45,42,104,112,70,133,92,94,52,1,32,132,37]",122m 134456779p 56s,45m 45889p 447889s,333569m 4p 1579s 12z,19m 123r59p 669s 277z,2,2,3,,0,,,,,,
20260412055023_0400_011,20260412055023_0400,20260412055023,特上卓,1,せんざんこうさん,102,8s,tedashi,1775941902,3913.385,,6,321.821,"[6,57,95,62,44,48,51,53,68,91,63,7,3]","[67,15,98,55,18,87,84,107,64,103,49,102,71,66]","[110,10,114,11,50,20,9,33,105,96,89,73,17]","[45,42,104,112,70,133,92,94,52,1,32,132,37]",122m 34456779p 56s,45m 458889p 447889s,333569m 4p 1579s 12z,19m 123r59p 669s 277z,1,1,3,,0,,,,,,
20260412055023_0400_012,20260412055023_0400,20260412055023,特上卓,2,欧陽,110,1z,tedashi,1775941910,7011.748,,0,,"[6,57,95,62,44,48,51,53,68,91,63,7,3]","[67,15,98,55,18,87,84,107,64,103,49,71,66]","[110,10,114,11,50,20,9,33,105,96,89,73,17,24]","[45,42,104,112,70,133,92,94,52,1,32,132,37]",122m 34456779p 56s,45m 458889p 44789s,3335679m 4p 1579s 12z,19m 123r59p 669s 277z,3,3,5,,0,,,,,,
20260412055023_0400_013,20260412055023_0400,20260412055023,特上卓,3,シゲルペペ,70,9p,tedashi,1775941914,4491.56,,0,,"[6,57,95,62,44,48,51,53,68,91,63,7,3]","[67,15,98,55,18,87,84,107,64,103,49,71,66]","[10,114,11,50,20,9,33,105,96,89,73,17,24]","[45,42,104,112,70,133,92,94,52,1,32,132,37,41]",122m 34456779p 56s,45m 458889p 44789s,3335679m 4p 1579s 2z,19m 1223r59p 669s 277z,3,4,3,,0,,,,,,
20260412055023_0400_014,20260412055023_0400,20260412055023,特上卓,0,s6u,118,3z,tsumogiri,1775941918,3806.953,,0,,"[6,57,95,62,44,48,51,53,68,91,63,7,3,118]","[67,15,98,55,18,87,84,107,64,103,49,71,66]","[10,114,11,50,20,9,33,105,96,89,73,17,24]","[45,42,104,112,133,92,94,52,1,32,132,37,41]",122m 34456779p 56s 3z,45m 458889p 44789s,3335679m 4p 1579s 2z,19m 1223r5p 669s 277z,2,2,3,,0,,,,,,
20260412055023_0400_015,20260412055023_0400,20260412055023,特上卓,1,せんざんこうさん,66,8p,tedashi,1775941924,6099.891,,0,,"[6,57,95,62,44,48,51,53,68,91,63,7,3]","[67,15,98,55,18,87,84,107,64,103,49,71,66,60]","[10,114,11,50,20,9,33,105,96,89,73,17,24]","[45,42,104,112,133,92,94,52,1,32,132,37,41]",122m 34456779p 56s,45m 4578889p 44789s,3335679m 4p 1579s 2z,19m 1223r5p 669s 277z,1,1,4,,0,,,,,,
20260412055023_0400_016,20260412055023_0400,20260412055023,特上卓,2,欧陽,73,1s,tedashi,1775941927,2996.343,,0,,"[6,57,95,62,44,48,51,53,68,91,63,7,3]","[67,15,98,55,18,87,84,107,64,103,49,71,60]","[10,114,11,50,20,9,33,105,96,89,73,17,24,28]","[45,42,104,112,133,92,94,52,1,32,132,37,41]",122m 34456779p 56s,45m 457889p 44789s,33356789m 4p 1579s 2z,19m 1223r5p 669s 277z,2,2,5,,0,,,,,,
20260412055023_0400_017,20260412055023_0400,20260412055023,特上卓,3,シゲルペペ,104,9s,tedashi,1775941929,2150.133,,0,,"[6,57,95,62,44,48,51,53,68,91,63,7,3]","[67,15,98,55,18,87,84,107,64,103,49,71,60]","[10,114,11,50,20,9,33,105,96,89,17,24,28]","[45,42,104,112,133,92,94,52,1,32,132,37,41,40]",122m 34456779p 56s,45m 457889p 44789s,33356789m 4p 579s 2z,19m 12223r5p 669s 277z,3,3,3,,0,,,,,,
20260412055023_0400_018,20260412055023_0400,20260412055023,特上卓,0,s6u,3,1m,tedashi,1775941936,6611.192,,0,,"[6,57,95,62,44,48,51,53,68,91,63,7,3,59]","[67,15,98,55,18,87,84,107,64,103,49,71,60]","[10,114,11,50,20,9,33,105,96,89,17,24,28]","[45,42,112,133,92,94,52,1,32,132,37,41,40]",122m 344566779p 56s,45m 457889p 44789s,33356789m 4p 579s 2z,19m 12223r5p 66s 277z,2,2,2,,0,,,,,,
20260412055023_0400_019,20260412055023_0400,20260412055023,特上卓,1,せんざんこうさん,67,8p,tedashi,1775941939,2935.315,,0,,"[6,57,95,62,44,48,51,53,68,91,63,7,59]","[67,15,98,55,18,87,84,107,64,103,49,71,60,82]","[10,114,11,50,20,9,33,105,96,89,17,24,28]","[45,42,112,133,92,94,52,1,32,132,37,41,40]",22m 344566779p 56s,45m 457889p 344789s,33356789m 4p 579s 2z,19m 12223r5p 66s 277z,1,1,4,,0,,,,,,
20260412055023_0400_020,20260412055023_0400,20260412055023,特上卓,2,欧陽,114,2z,tedashi,1775941942,2884.956,,0,,"[6,57,95,62,44,48,51,53,68,91,63,7,59]","[15,98,55,18,87,84,107,64,103,49,71,60,82]","[10,114,11,50,20,9,33,105,96,89,17,24,28,14]","[45,42,112,133,92,94,52,1,32,132,37,41,40]",22m 344566779p 56s,45m 45789p 344789s,333456789m 4p 579s 2z,19m 12223r5p 66s 277z,1,1,5,,0,,,,,,
20260412055023_0400_021,20260412055023_0400,20260412055023,特上卓,3,シゲルペペ,1,1m,tedashi,1775941944,2424.905,,0,,"[6,57,95,62,44,48,51,53,68,91,63,7,59]","[15,98,55,18,87,84,107,64,103,49,71,60,82]","[10,11,50,20,9,33,105,96,89,17,24,28,14]","[45,42,112,133,92,94,52,1,32,132,37,41,40,125]",22m 344566779p 56s,45m 45789p 344789s,333456789m 4p 579s,19m 12223r5p 66s 2577z,3,3,3,,0,,,,,,
20260412055023_0400_022,20260412055023_0400,20260412055023,特上卓,0,s6u,68,9p,tedashi,1775941950,5750.636,,6,401.92,"[6,57,95,62,44,48,51,53,68,91,63,7,59,88]","[15,98,55,18,87,84,107,64,103,49,71,60,82]","[10,11,50,20,9,33,105,96,89,17,24,28,14]","[45,42,112,133,92,94,52,32,132,37,41,40,125]",22m 344566779p r556s,45m 45789p 344789s,333456789m 4p 579s,9m 12223r5p 66s 2577z,1,2,1,,0,,,,,,
20260412055023_0400_023,20260412055023_0400,20260412055023,特上卓,1,せんざんこうさん,84,4s,tedashi,1775941953,2596.977,,0,,"[6,57,95,62,44,48,51,53,91,63,7,59,88]","[15,98,55,18,87,84,107,64,103,49,71,60,82,81]","[10,11,50,20,9,33,105,96,89,17,24,28,14]","[45,42,112,133,92,94,52,32,132,37,41,40,125]",22m 34456677p r556s,45m 45789p 3344789s,333456789m 4p 579s,9m 12223r5p 66s 2577z,1,1,4,,0,,,,,,
20260412055023_0400_024,20260412055023_0400,20260412055023,特上卓,2,欧陽,105,9s,tedashi,1775941959,6183.796,,0,,"[6,57,95,62,44,48,51,53,91,63,7,59,88]","[15,98,55,18,87,107,64,103,49,71,60,82,81]","[10,11,50,20,9,33,105,96,89,17,24,28,14,86]","[45,42,112,133,92,94,52,32,132,37,41,40,125]",22m 34456677p r556s,45m 45789p 334789s,333456789m 4p 4579s,9m 12223r5p 66s 2577z,1,1,5,,0,,,,,,
20260412055023_0400_025,20260412055023_0400,20260412055023,特上卓,3,シゲルペペ,32,9m,tedashi,1775941961,2058.103,,0,,"[6,57,95,62,44,48,51,53,91,63,7,59,88]","[15,98,55,18,87,107,64,103,49,71,60,82,81]","[10,11,50,20,9,33,96,89,17,24,28,14,86]","[45,42,112,133,92,94,52,32,132,37,41,40,125,12]",22m 34456677p r556s,45m 45789p 334789s,333456789m 4p 457s,49m 12223r5p 66s 2577z,3,3,3,,0,,,,,,
20260412055023_0400_026,20260412055023_0400,20260412055023,特上卓,0,s6u,91,5s,tedashi,1775941965,3787.538,,6,509.456,"[6,57,95,62,44,48,51,53,91,63,7,59,88,85]","[15,98,55,18,87,107,64,103,49,71,60,82,81]","[10,11,50,20,9,33,96,89,17,24,28,14,86]","[45,42,112,133,92,94,52,132,37,41,40,125,12]",22m 34456677p 4r556s,45m 45789p 334789s,333456789m 4p 457s,4m 12223r5p 66s 2577z,1,1,1,,0,,,,,,
20260412055023_0400_027,20260412055023_0400,20260412055023,特上卓,1,せんざんこうさん,31,8m,risekichu_hokan_tsumogiri,1775941967,1947.577,,6,262.722,"[6,57,95,62,44,48,51,53,63,7,59,88,85]","[15,98,55,18,87,107,64,103,49,71,60,82,81,31]","[10,11,50,20,9,33,96,89,17,24,28,14,86]","[45,42,112,133,92,94,52,132,37,41,40,125,12]",22m 34456677p 4r56s,458m 45789p 334789s,333456789m 4p 457s,4m 12223r5p 66s 2577z,1,1,5,,0,,,,,,
20260412055023_0400_028,20260412055023_0400,20260412055023,特上卓,2,欧陽,50,4p,tedashi,1775941970,629.272,1424.584,2,3417.193,"[6,57,95,62,44,48,51,53,63,7,59,88,85]","[15,98,55,18,87,107,64,103,49,71,60,82,81]","[10,11,50,20,9,33,96,89,17,24,28,14,86,97]","[45,42,112,133,92,94,52,132,37,41,40,125,12]",22m 34456677p 4r56s,45m 45789p 334789s,333456789m 4p 4577s,4m 12223r5p 66s 2577z,0,0,4,36s,0,,,,,,
20260412055023_0400_029,20260412055023_0400,20260412055023,特上卓,3,シゲルペペ,37,1p,tedashi,1775941974,1264.176,,0,,"[6,57,95,62,44,48,51,53,63,7,59,88,85]","[15,98,55,18,87,107,64,103,49,71,60,82,81]","[10,11,20,9,33,96,89,17,24,28,14,86,97]","[42,112,133,92,94,132,37,41,40,125,12]",22m 34456677p 4r56s,45m 45789p 334789s,333456789m 4577s,4m 1222p 66s 2577z,2,2,,,0,,,,,,
20260412055023_0400_030,20260412055023_0400,20260412055023,特上卓,0,s6u,72,1s,tsumogiri,1775941976,1767.753,,0,,"[6,57,95,62,44,48,51,53,63,7,59,88,85,72]","[15,98,55,18,87,107,64,103,49,71,60,82,81]","[10,11,20,9,33,96,89,17,24,28,14,86,97]","[42,112,133,92,94,132,41,40,125,12]",22m 34456677p 14r56s,45m 45789p 334789s,333456789m 4577s,4m 222p 66s 2577z,1,1,2,,0,,,,,,
20260412055023_0400_031,20260412055023_0400,20260412055023,特上卓,1,せんざんこうさん,25,7m,risekichu_hokan_tsumogiri,1775941984,7895.913,,0,,"[6,57,95,62,44,48,51,53,63,7,59,88,85]","[15,98,55,18,87,107,64,103,49,71,60,82,81,25]","[10,11,20,9,33,96,89,17,24,28,14,86,97]","[42,112,133,92,94,132,41,40,125,12]",22m 34456677p 4r56s,457m 45789p 334789s,333456789m 4577s,4m 222p 66s 2577z,1,1,5,,0,,,,,,
20260412055023_0400_032,20260412055023_0400,20260412055023,特上卓,2,欧陽,90,5s,risekichu_hokan_tsumogiri,1775941985,785.094,,0,,"[6,57,95,62,44,48,51,53,63,7,59,88,85]","[15,98,55,18,87,107,64,103,49,71,60,82,81]","[10,11,20,9,33,96,89,17,24,28,14,86,97,90]","[42,112,133,92,94,132,41,40,125,12]",22m 34456677p 4r56s,45m 45789p 334789s,333456789m 45577s,4m 222p 66s 2577z,0,0,3,36s,1,,,,,,
20260412055023_0400_033,20260412055023_0400,20260412055023,特上卓,3,シゲルペペ,34,9m,risekichu_hokan_tsumogiri,1775941987,2084.001,,0,,"[6,57,95,62,44,48,51,53,63,7,59,88,85]","[15,98,55,18,87,107,64,103,49,71,60,82,81]","[10,11,20,9,33,96,89,17,24,28,14,86,97]","[42,112,133,92,94,132,41,40,125,12,34]",22m 34456677p 4r56s,45m 45789p 334789s,333456789m 4577s,49m 222p 66s 2577z,2,2,,,0,,,,,,
20260412055023_0400_034,20260412055023_0400,20260412055023,特上卓,0,s6u,44,3p,tedashi,1775942000,801.564,12089.71,6,262.27,"[6,57,95,62,44,48,51,53,63,7,59,88,85,54]","[15,98,55,18,87,107,64,103,49,71,60,82,81]","[10,11,20,9,33,96,89,17,24,28,14,86,97]","[42,112,133,92,94,132,41,40,125,12]",22m 344556677p 4r56s,45m 45789p 334789s,333456789m 4577s,4m 222p 66s 2577z,0,0,1,2m 47p,0,,,,,,
20260412055023_0400_035,20260412055023_0400,20260412055023,特上卓,1,せんざんこうさん,87,4s,tedashi,1775942004,565.657,3456.375,0,,"[6,57,95,62,48,51,53,63,7,59,88,85,54]","[15,98,55,18,87,107,64,103,49,71,60,82,81,56]","[10,11,20,9,33,96,89,17,24,28,14,86,97]","[42,112,133,92,94,132,41,40,125,12]",22m 44556677p 4r56s,45m 456789p 334789s,333456789m 4577s,4m 222p 66s 2577z,0,0,5,36m,0,,,,,,
20260412055023_0400_036,20260412055023_0400,20260412055023,特上卓,2,欧陽,58,6p,risekichu_hokan_tsumogiri,1775942005,795.19,,0,,"[6,57,95,62,48,51,53,63,7,59,88,85,54]","[15,98,55,18,107,64,103,49,71,60,82,81,56]","[10,11,20,9,33,96,89,17,24,28,14,86,97,58]","[42,112,133,92,94,132,41,40,125,12]",22m 44556677p 4r56s,45m 456789p 33789s,333456789m 6p 4577s,4m 222p 66s 2577z,0,0,4,36s,0,,,,,,
20260412055023_0400_037,20260412055023_0400,20260412055023,特上卓,3,シゲルペペ,112,2z,tedashi,1775942007,2191.926,,0,,"[6,57,95,62,48,51,53,63,7,59,88,85,54]","[15,98,55,18,107,64,103,49,71,60,82,81,56]","[10,11,20,9,33,96,89,17,24,28,14,86,97]","[42,112,133,92,94,132,41,40,125,12,5]",22m 44556677p 4r56s,45m 456789p 33789s,333456789m 4577s,24m 222p 66s 2577z,1,1,,,0,,,,,,
20260412055023_0400_038,20260412055023_0400,20260412055023,特上卓,0,s6u,108,1z,tsumogiri,1775942008,711.498,,0,,"[6,57,95,62,48,51,53,63,7,59,88,85,54,108]","[15,98,55,18,107,64,103,49,71,60,82,81,56]","[10,11,20,9,33,96,89,17,24,28,14,86,97]","[42,133,92,94,132,41,40,125,12,5]",22m 44556677p 4r56s 1z,45m 456789p 33789s,333456789m 4577s,24m 222p 66s 577z,0,0,1,2m 47p,0,,,,,,
20260412055023_0400_039,20260412055023_0400,20260412055023,特上卓,1,せんざんこうさん,27,7m,risekichu_hokan_tsumogiri,1775942009,1527.156,,0,,"[6,57,95,62,48,51,53,63,7,59,88,85,54]","[15,98,55,18,107,64,103,49,71,60,82,81,56,27]","[10,11,20,9,33,96,89,17,24,28,14,86,97]","[42,133,92,94,132,41,40,125,12,5]",22m 44556677p 4r56s,457m 456789p 33789s,333456789m 4577s,24m 222p 66s 577z,0,0,5,36m,0,,,,,,
20260412055023_0400_040,20260412055023_0400,20260412055023,特上卓,2,欧陽,22,6m,risekichu_hokan_tsumogiri,1775942010,881.019,,0,,"[6,57,95,62,48,51,53,63,7,59,88,85,54]","[15,98,55,18,107,64,103,49,71,60,82,81,56]","[10,11,20,9,33,96,89,17,24,28,14,86,97,22]","[42,133,92,94,132,41,40,125,12,5]",22m 44556677p 4r56s,45m 456789p 33789s,3334566789m 4577s,24m 222p 66s 577z,0,0,3,36s,0,,,,,,
20260412055023_0500_000,20260412055023_0500,20260412055023,特上卓,3,シゲルペペ,105,9s,tedashi,1775942023,,,2,1263.879,"[120,131,96,113,124,129,101,130,80,7,78,73,91]","[5,42,63,22,82,26,110,11,68,19,41,62,79]","[103,46,93,66,3,64,6,30,81,83,49,111,102]","[76,126,20,56,1,87,24,125,105,98,2,50,23,17]",2m 123578s 245666z,23567m 22779p 23s 1z,128m 3488p 33688s 1z,115667m 46p 2479s 55z,2,2,3,,0,,,,,,
20260412055023_0500_001,20260412055023_0500,20260412055023,特上卓,0,s6u,7,2m,tedashi,1775942025,785.715,,0,,"[120,131,113,124,129,130,80,7,78,73,91]","[5,42,63,22,82,26,110,11,68,19,41,62,79]","[103,46,93,66,3,64,6,30,81,83,49,111,102]","[76,126,20,56,1,87,24,125,98,2,50,23,17]",2m 1235s 245666z,23567m 22779p 23s 1z,128m 3488p 33688s 1z,115667m 46p 247s 55z,2,2,,,0,,,,,,
20260412055023_0500_002,20260412055023_0500,20260412055023,特上卓,1,せんざんこうさん,110,1z,tedashi,1775942028,2703.015,,0,,"[120,131,113,124,129,130,80,78,73,91]","[5,42,63,22,82,26,110,11,68,19,41,62,79,38]","[103,46,93,66,3,64,6,30,81,83,49,111,102]","[76,126,20,56,1,87,24,125,98,2,50,23,17]",1235s 245666z,23567m 122779p 23s 1z,128m 3488p 33688s 1z,115667m 46p 247s 55z,2,2,4,,0,,,,,,
20260412055023_0500_003,20260412055023_0500,20260412055023,特上卓,2,欧陽,111,1z,tedashi,1775942032,3696.061,,0,,"[120,131,113,124,129,130,80,78,73,91]","[5,42,63,22,82,26,11,68,19,41,62,79,38]","[103,46,93,66,3,64,6,30,81,83,49,111,102,10]","[76,126,20,56,1,87,24,125,98,2,50,23,17]",1235s 245666z,23567m 122779p 23s,1238m 3488p 33688s 1z,115667m 46p 247s 55z,2,2,3,,0,,,,,,
20260412055023_0500_004,20260412055023_0500,20260412055023,特上卓,3,シゲルペペ,100,8s,risekichu_hokan_tsumogiri,1775942034,2184.089,,6,225.958,"[120,131,113,124,129,130,80,78,73,91]","[5,42,63,22,82,26,11,68,19,41,62,79,38]","[103,46,93,66,3,64,6,30,81,83,49,102,10]","[76,126,20,56,1,87,24,125,98,2,50,23,17,100]",1235s 245666z,23567m 122779p 23s,1238m 3488p 33688s,115667m 46p 2478s 55z,2,2,3,,0,,,,,,
20260412055023_0500_005,20260412055023_0500,20260412055023,特上卓,0,s6u,16,r5m,tsumogiri,1775942036,2288.146,,3,1642.406,"[120,131,113,124,129,130,80,78,73,91,16]","[5,42,63,22,82,26,11,68,19,41,62,79,38]","[103,46,93,66,3,64,6,30,81,83,49,102,10]","[76,126,20,56,1,87,24,125,98,2,50,23,17]",r5m 1235s 245666z,23567m 122779p 23s,1238m 3488p 33688s,115667m 46p 247s 55z,2,2,,,0,,,,,,
20260412055023_0500_006,20260412055023_0500,20260412055023,特上卓,1,せんざんこうさん,119,3z,risekichu_hokan_tsumogiri,1775942040,2195.732,,0,,"[120,131,113,124,129,130,80,78,73,91]","[5,42,63,22,82,26,11,68,19,41,62,79,38,119]","[103,46,93,66,3,64,6,30,81,83,49,102,10]","[76,126,20,56,1,87,24,125,98,2,50,23,17]",1235s 245666z,23567m 122779p 23s 3z,1238m 3488p 33688s,115667m 46p 247s 55z,2,2,4,,0,,,,,,
20260412055023_0500_007,20260412055023_0500,20260412055023,特上卓,2,欧陽,30,8m,tedashi,1775942045,4529.109,,3,1305.722,"[120,131,113,124,129,130,80,78,73,91]","[5,42,63,22,82,26,11,68,19,41,62,79,38]","[103,46,93,66,3,64,6,30,81,83,49,102,10,84]","[76,126,20,56,1,87,24,125,98,2,50,23,17]",1235s 245666z,23567m 122779p 23s,1238m 3488p 334688s,115667m 46p 247s 55z,2,2,3,,0,,,,,,
20260412055023_0500_008,20260412055023_0500,20260412055023,特上卓,3,シゲルペペ,98,7s,tedashi,1775942047,1220.156,,0,,"[120,131,113,124,129,130,80,78,73,91]","[5,42,63,22,82,26,11,68,19,41,62,79,38]","[103,46,93,66,3,64,6,81,83,49,102,10,84]","[76,126,20,56,1,87,24,125,98,2,50,23,17,115]",1235s 245666z,23567m 122779p 23s,123m 3488p 334688s,115667m 46p 247s 255z,2,2,3,,0,,,,,,
20260412055023_0500_009,20260412055023_0500,20260412055023,特上卓,0,s6u,51,4p,tsumogiri,1775942052,4962.253,,0,,"[120,131,113,124,129,130,80,78,73,91,51]","[5,42,63,22,82,26,11,68,19,41,62,79,38]","[103,46,93,66,3,64,6,81,83,49,102,10,84]","[76,126,20,56,1,87,24,125,2,50,23,17,115]",4p 1235s 245666z,23567m 122779p 23s,123m 3488p 334688s,115667m 46p 24s 255z,2,2,,,0,,,,,,
20260412055023_0500_010,20260412055023_0500,20260412055023,特上卓,1,せんざんこうさん,68,9p,tedashi,1775942055,2921.282,,0,,"[120,131,113,124,129,130,80,78,73,91]","[5,42,63,22,82,26,11,68,19,41,62,79,38,14]","[103,46,93,66,3,64,6,81,83,49,102,10,84]","[76,126,20,56,1,87,24,125,2,50,23,17,115]",1235s 245666z,234567m 122779p 23s,123m 3488p 334688s,115667m 46p 24s 255z,1,1,4,,0,,,,,,
20260412055023_0500_011,20260412055023_0500,20260412055023,特上卓,2,欧陽,9,3m,risekichu_hokan_tsumogiri,1775942065,9925.843,,0,,"[120,131,113,124,129,130,80,78,73,91]","[5,42,63,22,82,26,11,19,41,62,79,38,14]","[103,46,93,66,3,64,6,81,83,49,102,10,84,9]","[76,126,20,56,1,87,24,125,2,50,23,17,115]",1235s 245666z,234567m 12277p 23s,1233m 3488p 334688s,115667m 46p 24s 255z,2,2,2,,0,,,,,,
20260412055023_0500_012,20260412055023_0500,20260412055023,特上卓,3,シゲルペペ,115,2z,tedashi,1775942067,1586.317,,0,,"[120,131,113,124,129,130,80,78,73,91]","[5,42,63,22,82,26,11,19,41,62,79,38,14]","[103,46,93,66,3,64,6,81,83,49,102,10,84]","[76,126,20,56,1,87,24,125,2,50,23,17,115,43]",1235s 245666z,234567m 12277p 23s,123m 3488p 334688s,115667m 246p 24s 255z,2,2,3,,0,,,,,,
20260412055023_0500_013,20260412055023_0500,20260412055023,特上卓,0,s6u,12,4m,tsumogiri,1775942068,1276.371,,3,2078.261,"[120,131,113,124,129,130,80,78,73,91,12]","[5,42,63,22,82,26,11,19,41,62,79,38,14]","[103,46,93,66,3,64,6,81,83,49,102,10,84]","[76,126,20,56,1,87,24,125,2,50,23,17,43]",4m 1235s 245666z,234567m 12277p 23s,123m 3488p 334688s,115667m 246p 24s 55z,2,2,,,0,,,,,,
20260412055023_0500_014,20260412055023_0500,20260412055023,特上卓,1,せんざんこうさん,4,2m,risekichu_hokan_tsumogiri,1775942072,1940.28,,6,325.332,"[120,131,113,124,129,130,80,78,73,91]","[5,42,63,22,82,26,11,19,41,62,79,38,14,4]","[103,46,93,66,3,64,6,81,83,49,102,10,84]","[76,126,20,56,1,87,24,125,2,50,23,17,43]",1235s 245666z,2234567m 12277p 23s,123m 3488p 334688s,115667m 246p 24s 55z,1,1,3,,0,,,,,,
20260412055023_0500_015,20260412055023_0500,20260412055023,特上卓,2,欧陽,134,7z,risekichu_hokan_tsumogiri,1775942074,1938.751,,0,,"[120,131,113,124,129,130,80,78,73,91]","[5,42,63,22,82,26,11,19,41,62,79,38,14]","[103,46,93,66,3,64,6,81,83,49,102,10,84,134]","[76,126,20,56,1,87,24,125,2,50,23,17,43]",1235s 245666z,234567m 12277p 23s,123m 3488p 334688s 7z,115667m 246p 24s 55z,2,2,3,,0,,,,,,
20260412055023_0500_016,20260412055023_0500,20260412055023,特上卓,3,シゲルペペ,99,7s,risekichu_hokan_tsumogiri,1775942076,1554.76,,0,,"[120,131,113,124,129,130,80,78,73,91]","[5,42,63,22,82,26,11,19,41,62,79,38,14]","[103,46,93,66,3,64,6,81,83,49,102,10,84]","[76,126,20,56,1,87,24,125,2,50,23,17,43,99]",1235s 245666z,234567m 12277p 23s,123m 3488p 334688s,115667m 246p 247s 55z,2,2,3,,0,,,,,,
20260412055023_0500_017,20260412055023_0500,20260412055023,特上卓,0,s6u,108,1z,tsumogiri,1775942084,8330.384,,0,,"[120,131,113,124,129,130,80,78,73,91,108]","[5,42,63,22,82,26,11,19,41,62,79,38,14]","[103,46,93,66,3,64,6,81,83,49,102,10,84]","[76,126,20,56,1,87,24,125,2,50,23,17,43]",1235s 1245666z,234567m 12277p 23s,123m 3488p 334688s,115667m 246p 24s 55z,2,2,,,0,,,,,,
20260412055023_0500_018,20260412055023_0500,20260412055023,特上卓,1,せんざんこうさん,97,7s,risekichu_hokan_tsumogiri,1775942086,2351.777,,3,1249.517,"[120,131,113,124,129,130,80,78,73,91]","[5,42,63,22,82,26,11,19,41,62,79,38,14,97]","[103,46,93,66,3,64,6,81,83,49,102,10,84]","[76,126,20,56,1,87,24,125,2,50,23,17,43]",1235s 245666z,234567m 12277p 237s,123m 3488p 334688s,115667m 246p 24s 55z,1,1,4,,0,,,,,,
20260412055023_0500_019,20260412055023_0500,20260412055023,特上卓,2,欧陽,39,1p,risekichu_hokan_tsumogiri,1775942089,1310.235,,0,,"[120,131,113,124,129,130,80,78,73,91]","[5,42,63,22,82,26,11,19,41,62,79,38,14]","[103,46,93,66,3,64,6,81,83,49,102,10,84,39]","[76,126,20,56,1,87,24,125,2,50,23,17,43]",1235s 245666z,234567m 12277p 23s,123m 13488p 334688s,115667m 246p 24s 55z,2,2,3,,0,,,,,,
20260412055023_0500_020,20260412055023_0500,20260412055023,特上卓,3,シゲルペペ,122,4z,risekichu_hokan_tsumogiri,1775942091,2426.92,,0,,"[120,131,113,124,129,130,80,78,73,91]","[5,42,63,22,82,26,11,19,41,62,79,38,14]","[103,46,93,66,3,64,6,81,83,49,102,10,84]","[76,126,20,56,1,87,24,125,2,50,23,17,43,122]",1235s 245666z,234567m 12277p 23s,123m 3488p 334688s,115667m 246p 24s 455z,2,2,3,,0,,,,,,
20260412055023_0500_021,20260412055023_0500,20260412055023,特上卓,0,s6u,71,9p,tsumogiri,1775942093,2115.434,,0,,"[120,131,113,124,129,130,80,78,73,91,71]","[5,42,63,22,82,26,11,19,41,62,79,38,14]","[103,46,93,66,3,64,6,81,83,49,102,10,84]","[76,126,20,56,1,87,24,125,2,50,23,17,43]",9p 1235s 245666z,234567m 12277p 23s,123m 3488p 334688s,115667m 246p 24s 55z,2,2,,,0,,,,,,
20260412055023_0500_022,20260412055023_0500,20260412055023,特上卓,1,せんざんこうさん,77,2s,risekichu_hokan_tsumogiri,1775942099,5213.576,,3,1813.037,"[120,131,113,124,129,130,80,78,73,91]","[5,42,63,22,82,26,11,19,41,62,79,38,14,77]","[103,46,93,66,3,64,6,81,83,49,102,10,84]","[76,126,20,56,1,87,24,125,2,50,23,17,43]",1235s 245666z,234567m 12277p 223s,123m 3488p 334688s,115667m 246p 24s 55z,1,1,3,,1,,,,,,
20260412055023_0500_023,20260412055023_0500,20260412055023,特上卓,2,欧陽,114,2z,risekichu_hokan_tsumogiri,1775942102,1176.876,,0,,"[120,131,113,124,129,130,80,78,73,91]","[5,42,63,22,82,26,11,19,41,62,79,38,14]","[103,46,93,66,3,64,6,81,83,49,102,10,84,114]","[76,126,20,56,1,87,24,125,2,50,23,17,43]",1235s 245666z,234567m 12277p 23s,123m 3488p 334688s 2z,115667m 246p 24s 55z,2,2,3,,0,,,,,,
20260412055023_0500_024,20260412055023_0500,20260412055023,特上卓,3,シゲルペペ,87,4s,tedashi,1775942103,1717.255,,2,4185.806,"[120,131,113,124,129,130,80,78,73,91]","[5,42,63,22,82,26,11,19,41,62,79,38,14]","[103,46,93,66,3,64,6,81,83,49,102,10,84]","[76,126,20,56,1,87,24,125,2,50,23,17,43,48]",1235s 245666z,234567m 12277p 23s,123m 3488p 334688s,115667m 2446p 24s 55z,2,2,2,,0,,,,,,
20260412055023_0500_025,20260412055023_0500,20260412055023,特上卓,0,s6u,113,2z,tedashi,1775942109,1125.124,,0,,"[120,131,113,124,129,130,78,73]","[5,42,63,22,82,26,11,19,41,62,79,38,14]","[103,46,93,66,3,64,6,81,83,49,102,10,84]","[76,126,20,56,1,24,125,2,50,23,17,43,48]",12s 245666z,234567m 12277p 23s,123m 3488p 334688s,115667m 2446p 2s 55z,1,1,,,0,,,,,,
20260412055023_0500_026,20260412055023_0500,20260412055023,特上卓,1,せんざんこうさん,41,2p,tedashi,1775942113,4234.55,,3,5082.551,"[120,131,124,129,130,78,73]","[5,42,63,22,82,26,11,19,41,62,79,38,14,75]","[103,46,93,66,3,64,6,81,83,49,102,10,84]","[76,126,20,56,1,24,125,2,50,23,17,43,48]",12s 45666z,234567m 12277p 123s,123m 3488p 334688s,115667m 2446p 2s 55z,0,0,4,3p,0,,,,,,
20260412055023_0500_027,20260412055023_0500,20260412055023,特上卓,2,欧陽,102,8s,tedashi,1775942124,5517.908,,0,,"[120,131,124,129,130,78,73]","[5,42,63,22,82,26,11,19,62,79,38,14,75]","[103,46,93,66,3,64,6,81,83,49,102,10,84,90]","[76,126,20,56,1,24,125,2,50,23,17,43,48]",12s 45666z,234567m 1277p 123s,123m 3488p 3345688s,115667m 2446p 2s 55z,1,1,3,,0,,,,,,
20260412055023_0500_028,20260412055023_0500,20260412055023,特上卓,3,シゲルペペ,76,2s,tedashi,1775942125,1426.504,,0,,"[120,131,124,129,130,78,73]","[5,42,63,22,82,26,11,19,62,79,38,14,75]","[103,46,93,66,3,64,6,81,83,49,10,84,90]","[76,126,20,56,1,24,125,2,50,23,17,43,48,123]",12s 45666z,234567m 1277p 123s,123m 3488p 334568s,115667m 2446p 2s 455z,2,2,2,,0,,,,,,
20260412055023_0500_029,20260412055023_0500,20260412055023,特上卓,0,s6u,13,4m,tsumogiri,1775942129,4058.008,,3,1404.666,"[120,131,124,129,130,78,73,13]","[5,42,63,22,82,26,11,19,62,79,38,14,75]","[103,46,93,66,3,64,6,81,83,49,10,84,90]","[126,20,56,1,24,125,2,50,23,17,43,48,123]",4m 12s 45666z,234567m 1277p 123s,123m 3488p 334568s,115667m 2446p 455z,1,1,,,0,,,,,,
20260412055023_0500_030,20260412055023_0500,20260412055023,特上卓,1,せんざんこうさん,132,7z,risekichu_hokan_tsumogiri,1775942134,3120.52,,0,,"[120,131,124,129,130,78,73]","[5,42,63,22,82,26,11,19,62,79,38,14,75,132]","[103,46,93,66,3,64,6,81,83,49,10,84,90]","[126,20,56,1,24,125,2,50,23,17,43,48,123]",12s 45666z,234567m 1277p 123s 7z,123m 3488p 334568s,115667m 2446p 455z,0,0,5,3p,0,,,,,,
20260412055023_0500_031,20260412055023_0500,20260412055023,特上卓,2,欧陽,103,8s,tedashi,1775942137,3314.533,,0,,"[120,131,124,129,130,78,73]","[5,42,63,22,82,26,11,19,62,79,38,14,75]","[103,46,93,66,3,64,6,81,83,49,10,84,90,112]","[126,20,56,1,24,125,2,50,23,17,43,48,123]",12s 45666z,234567m 1277p 123s,123m 3488p 334568s 2z,115667m 2446p 455z,1,1,4,,0,,,,,,
20260412055023_0500_032,20260412055023_0500,20260412055023,特上卓,3,シゲルペペ,123,4z,tedashi,1775942138,1589.535,,0,,"[120,131,124,129,130,78,73]","[5,42,63,22,82,26,11,19,62,79,38,14,75]","[46,93,66,3,64,6,81,83,49,10,84,90,112]","[126,20,56,1,24,125,2,50,23,17,43,48,123,29]",12s 45666z,234567m 1277p 123s,123m 3488p 33456s 2z,1156678m 2446p 455z,2,2,2,,0,,,,,,
20260412055023_0500_033,20260412055023_0500,20260412055023,特上卓,0,s6u,120,4z,tedashi,1775942142,4038.236,,0,,"[120,131,124,129,130,78,73,106]","[5,42,63,22,82,26,11,19,62,79,38,14,75]","[46,93,66,3,64,6,81,83,49,10,84,90,112]","[126,20,56,1,24,125,2,50,23,17,43,48,29]",129s 45666z,234567m 1277p 123s,123m 3488p 33456s 2z,1156678m 2446p 55z,1,1,,,0,,,,,,
20260412062254_0000_000,20260412062254_0000,20260412062254,一般卓,3,高田馬場,100,8s,tedashi,1775942592,,,0,,"[16,19,62,41,74,15,18,6,28,92,8,86,10]",,,,2334r5558m 27p 146s,,,,,,,,,,,,,,
20260412062254_0000_001,20260412062254_0000,20260412062254,一般卓,0,パシフィック,74,1s,tedashi,1775942596,3743.898,,0,,"[16,19,62,41,74,15,18,6,28,92,8,86,10,80]",,,,2334r5558m 27p 1346s,,,,2,2,4,,0,,,,,,
20260412062254_0000_002,20260412062254_0000,20260412062254,一般卓,1,清水新吾,75,1s,tedashi,1775942603,6932.732,,0,,"[16,19,62,41,15,18,6,28,92,8,86,10,80]",,,,2334r5558m 27p 346s,,,,,,,,,,,,,,
20260412062254_0000_003,20260412062254_0000,20260412062254,一般卓,2,SAL,113,2z,risekichu_hokan_tsumogiri,1775942605,1869.726,,0,,"[16,19,62,41,15,18,6,28,92,8,86,10,80]",,,,2334r5558m 27p 346s,,,,,,,,,,,,,,
20260412062254_0000_004,20260412062254_0000,20260412062254,一般卓,3,高田馬場,11,3m,tedashi,1775942609,4445.253,,1,3132.772,"[16,19,62,41,15,18,6,28,92,8,86,10,80]",,,,2334r5558m 27p 346s,,,,,,,,,,,,,,
20260412062254_0000_005,20260412062254_0000,20260412062254,一般卓,0,パシフィック,41,2p,tedashi,1775942614,979.77,,6,211.73,"[16,19,62,41,15,18,6,28,92,8,86,10,80,119]",,,,2334r5558m 27p 346s 3z,,,,3,3,4,,0,,,,,,
20260412062254_0000_006,20260412062254_0000,20260412062254,一般卓,1,清水新吾,114,2z,tedashi,1775942616,1959.816,,0,,"[16,19,62,15,18,6,28,92,8,86,10,80,119]",,,,2334r5558m 7p 346s 3z,,,,,,,,,,,,,,
20260412065824_0100_022,20260412065824_0100,20260412065824,上級卓,3,天然ジイ3,59,6p,tedashi,1775944708,844.35,2395.726,0,,"[1,14,15,32,44,56,60,68,89,96,99,106,126]",,,,1449m 3679p 5779s 5z,,,,,,,,,,,,,,
20260412065843_0000_000,20260412065843_0000,20260412065843,,3,gieron,106,9s,tedashi,1775944727,,,0,,"[129,122,120,9,128,11,113,1,60,93,85,82,4]",,,,1233m 7p 346s 24466z,,,,,,,,,,,,,,
20260412065843_0000_001,20260412065843_0000,20260412065843,,0,パシフィック,113,2z,tedashi,1775944738,10492.784,,0,,"[129,122,120,9,128,11,113,1,60,93,85,82,4,3]",,,,11233m 7p 346s 24466z,,,,2,2,2,,0,,,,,,
20260412065843_0000_002,20260412065843_0000,20260412065843,,1,よく分からない,114,2z,tedashi,1775944740,2566.357,,0,,"[129,122,120,9,128,11,1,60,93,85,82,4,3]",,,,11233m 7p 346s 4466z,,,,,,,,,,,,,,
20260412065843_0000_003,20260412065843_0000,20260412065843,,2,NoName,117,3z,tedashi,1775944742,1874.237,,0,,"[129,122,120,9,128,11,1,60,93,85,82,4,3]",,,,11233m 7p 346s 4466z,,,,,,,,,,,,,,
20260412065843_0000_004,20260412065843_0000,20260412065843,,3,gieron,115,2z,tedashi,1775944745,2860.206,,0,,"[129,122,120,9,128,11,1,60,93,85,82,4,3]",,,,11233m 7p 346s 4466z,,,,,,,,,,,,,,
20260412065843_0000_005,20260412065843_0000,20260412065843,,0,パシフィック,42,2p,tsumogiri,1775944758,12696.849,,1,1428.773,"[129,122,120,9,128,11,1,60,93,85,82,4,3,42]",,,,11233m 27p 346s 4466z,,,,2,2,2,,0,,,,,,
20260412065843_0000_006,20260412065843_0000,20260412065843,,1,よく分からない,121,4z,tedashi,1775944761,1867.904,,0,,"[129,122,120,9,128,11,1,60,93,85,82,4,3]",,,,11233m 7p 346s 4466z,,,,,,,,,,,,,,
20260412065843_0000_011,20260412065843_0000,20260412065843,,2,NoName,109,1z,tedashi,1775944777,2729.093,,0,,"[1,3,4,9,11,60,82,85,93,120,122,128,129]",,,,11233m 7p 346s 4466z,,,,,,,,,,,,,,
20260412065843_0000_012,20260412065843_0000,20260412065843,,3,gieron,28,8m,tedashi,1775944779,2031.698,,0,,"[1,3,4,9,11,60,82,85,93,120,122,128,129]",,,,11233m 7p 346s 4466z,,,,,,,,,,,,,,
20260412065843_0000_013,20260412065843_0000,20260412065843,,0,パシフィック,124,5z,tsumogiri,1775944796,16717.729,,0,,"[1,3,4,9,11,60,82,85,93,120,122,128,129,124]",,,,11233m 7p 346s 44566z,,,,2,2,2,,0,,,,,,
20260412065843_0000_014,20260412065843_0000,20260412065843,,1,よく分からない,135,7z,tedashi,1775944799,3294.842,,0,,"[1,3,4,9,11,60,82,85,93,120,122,128,129]",,,,11233m 7p 346s 4466z,,,,,,,,,,,,,,
20260412065843_0000_015,20260412065843_0000,20260412065843,,2,NoName,108,1z,risekichu_hokan_tsumogiri,1775944801,1629.163,,0,,"[1,3,4,9,11,60,82,85,93,120,122,128,129]",,,,11233m 7p 346s 4466z,,,,,,,,,,,,,,
20260412065843_0000_016,20260412065843_0000,20260412065843,,3,gieron,110,1z,tedashi,1775944803,1912.373,,0,,"[1,3,4,9,11,60,82,85,93,120,122,128,129]",,,,11233m 7p 346s 4466z,,,,,,,,,,,,,,
20260412143821_0000_003,20260412143821_0000,20260412143821,一般卓,3,ガルガル,119,3z,tedashi,1775972323,1535.547,,1,1832.106,"[3,6,11,50,54,57,86,105,114,115,117,118,134]",,,,123m 456p 49s 22337z,,,,,,,,,,,,,,
20260412143821_0000_004,20260412143821_0000,20260412143821,一般卓,0,パシフィック,134,7z,tedashi,1775972337,12235.278,,0,,"[3,6,11,50,54,57,86,105,114,115,117,118,134,59]",,,,123m 4566p 49s 22337z,,,,2,2,3,,0,,,,,,
20260412143821_0000_005,20260412143821_0000,20260412143821,一般卓,1,sabiuu,33,9m,tedashi,1775972338,1415.185,,0,,"[3,6,11,50,54,57,86,105,114,115,117,118,59]",,,,123m 4566p 49s 2233z,,,,,,,,,,,,,,
20260412143821_0000_006,20260412143821_0000,20260412143821,一般卓,2,midoriko,35,9m,tedashi,1775972340,1715.999,,1,1761.919,"[3,6,11,50,54,57,86,105,114,115,117,118,59]",,,,123m 4566p 49s 2233z,,,,,,,,,,,,,,
20260412143821_0000_007,20260412143821_0000,20260412143821,一般卓,3,ガルガル,133,7z,risekichu_hokan_tsumogiri,1775972344,2057.597,,0,,"[3,6,11,50,54,57,86,105,114,115,117,118,59]",,,,123m 4566p 49s 2233z,,,,,,,,,,,,,,
20260412143821_0000_008,20260412143821_0000,20260412143821,一般卓,0,パシフィック,8,3m,tsumogiri,1775972345,718.609,,0,,"[3,6,11,50,54,57,86,105,114,115,117,118,59,8]",,,,1233m 4566p 49s 2233z,,,,2,2,2,,0,,,,,,
20260412143821_0000_015,20260412143821_0000,20260412143821,一般卓,3,ガルガル,107,9s,risekichu_hokan_tsumogiri,1775972364,2726.964,,0,,"[3,6,11,50,54,57,59,86,105,114,115,117,118]",,,,123m 4566p 49s 2233z,,,,,,,,,,,,,,
20260412143821_0000_016,20260412143821_0000,20260412143821,一般卓,0,パシフィック,92,6s,tsumogiri,1775972381,16696.964,,0,,"[3,6,11,50,54,57,59,86,105,114,115,117,118,92]",,,,123m 4566p 469s 2233z,,,,1,1,3,,0,,,,,,
20260412143821_0100_017,20260412143821_0100,20260412143821,一般卓,2,midoriko,61,7p,risekichu_hokan_tsumogiri,1775972450,2467.245,,0,,"[21,25,31,33,53,64,73,74,98,102,106,122,134]",,,,6789m 58p 11789s 47z,,,,,,,,,,,,,,
20260412143821_0100_018,20260412143821_0100,20260412143821,一般卓,3,ガルガル,35,9m,risekichu_hokan_tsumogiri,1775972453,2571.592,,1,2951.397,"[21,25,31,33,53,64,73,74,98,102,106,122,134]",,,,6789m 58p 11789s 47z,,,,,,,,,,,,,,
20260412143821_0100_019,20260412143821_0100,20260412143821,一般卓,0,パシフィック,64,8p,tedashi,1775972472,16233.906,,0,,"[21,25,31,33,53,64,73,74,98,102,106,122,134,123]",,,,6789m 58p 11789s 447z,,,,2,2,4,,0,,,,,,
20260412143821_0100_020,20260412143821_0100,20260412143821,一般卓,1,sabiuu,131,6z,tedashi,1775972476,3646.453,,0,,"[21,25,31,33,53,73,74,98,102,106,122,134,123]",,,,6789m 5p 11789s 447z,,,,,,,,,,,,,,
20260412143821_0100_021,20260412143821_0100,20260412143821,一般卓,2,midoriko,57,6p,tedashi,1775972477,1335.53,,1,1265.911,"[21,25,31,33,53,73,74,98,102,106,122,134,123]",,,,6789m 5p 11789s 447z,,,,,,,,,,,,,,
20260412143821_0100_022,20260412143821_0100,20260412143821,一般卓,3,ガルガル,0,1m,risekichu_hokan_tsumogiri,1775972480,1760.074,,0,,"[21,25,31,33,53,73,74,98,102,106,122,134,123]",,,,6789m 5p 11789s 447z,,,,,,,,,,,,,,
20260412143821_0100_024,20260412143821_0100,20260412143821,一般卓,3,ガルガル,17,5m,risekichu_hokan_tsumogiri,1775972494,3779.741,,0,,"[21,25,31,33,53,73,74,98,102,106,122,123,134]",,,,6789m 5p 11789s 447z,,,,,,,,,,,,,,
20260412144902_0000_000,20260412144902_0000,20260412144902,上級卓,3,kimikoo5,118,3z,tedashi,1775972951,,,0,,"[109,2,122,10,7,44,89,123,9,100,110,129,74]",,,,1233m 3p 158s 11446z,,,,,,,,,,,,,,
20260412144902_0000_001,20260412144902_0000,20260412144902,上級卓,0,パシフィック,117,3z,tsumogiri,1775972968,16681.51,,0,,"[109,2,122,10,7,44,89,123,9,100,110,129,74,117]",,,,1233m 3p 158s 113446z,,,,3,4,3,,0,,,,,,
20260412144902_0000_002,20260412144902_0000,20260412144902,上級卓,1,sasimize,121,4z,tedashi,1775972970,2874.959,,1,2934.805,"[109,2,122,10,7,44,89,123,9,100,110,129,74]",,,,1233m 3p 158s 11446z,,,,,,,,,,,,,,
20260412144902_0000_003,20260412144902_0000,20260412144902,上級卓,2,tetwo54,39,1p,tedashi,1775972976,2574.116,,1,1181.453,"[109,2,122,10,7,44,89,123,9,100,110,129,74]",,,,1233m 3p 158s 11446z,,,,,,,,,,,,,,
20260412144902_0000_004,20260412144902_0000,20260412144902,上級卓,3,kimikoo5,107,9s,tedashi,1775972982,4353.578,,0,,"[109,2,122,10,7,44,89,123,9,100,110,129,74]",,,,1233m 3p 158s 11446z,,,,,,,,,,,,,,
20260412144902_0000_005,20260412144902_0000,20260412144902,上級卓,0,パシフィック,105,9s,tsumogiri,1775972982,686.416,,0,,"[109,2,122,10,7,44,89,123,9,100,110,129,74,105]",,,,1233m 3p 1589s 11446z,,,,3,3,3,,0,,,,,,
20260412144902_0000_006,20260412144902_0000,20260412144902,上級卓,1,sasimize,114,2z,tedashi,1775972986,3956.394,,0,,"[109,2,122,10,7,44,89,123,9,100,110,129,74]",,,,1233m 3p 158s 11446z,,,,,,,,,,,,,,
20260412144902_0000_007,20260412144902_0000,20260412144902,上級卓,2,tetwo54,0,1m,tedashi,1775972988,2220.379,,0,,"[109,2,122,10,7,44,89,123,9,100,110,129,74]",,,,1233m 3p 158s 11446z,,,,,,,,,,,,,,
20260412144902_0000_008,20260412144902_0000,20260412144902,上級卓,3,kimikoo5,132,7z,tedashi,1775972996,7570.523,,0,,"[109,2,122,10,7,44,89,123,9,100,110,129,74]",,,,1233m 3p 158s 11446z,,,,,,,,,,,,,,
20260412144902_0000_009,20260412144902_0000,20260412144902,上級卓,0,パシフィック,30,8m,tsumogiri,1775972997,690.321,,0,,"[109,2,122,10,7,44,89,123,9,100,110,129,74,30]",,,,12338m 3p 158s 11446z,,,,3,4,3,,0,,,,,,
20260412144902_0000_010,20260412144902_0000,20260412144902,上級卓,1,sasimize,134,7z,tedashi,1775973002,5155.434,,0,,"[109,2,122,10,7,44,89,123,9,100,110,129,74]",,,,1233m 3p 158s 11446z,,,,,,,,,,,,,,
20260412144902_0000_011,20260412144902_0000,20260412144902,上級卓,2,tetwo54,108,1z,tedashi,1775973004,2661.969,,6,228.416,"[109,2,122,10,7,44,89,123,9,100,110,129,74]",,,,1233m 3p 158s 11446z,,,,,,,,,,,,,,
20260412144902_0000_012,20260412144902_0000,20260412144902,上級卓,3,kimikoo5,78,2s,risekichu_hokan_tsumogiri,1775973007,2188.138,,0,,"[109,2,122,10,7,44,89,123,9,100,110,129,74]",,,,1233m 3p 158s 11446z,,,,,,,,,,,,,,
20260412144902_0000_013,20260412144902_0000,20260412144902,上級卓,0,パシフィック,119,3z,tsumogiri,1775973008,682.259,,0,,"[109,2,122,10,7,44,89,123,9,100,110,129,74,119]",,,,1233m 3p 158s 113446z,,,,3,4,3,,0,,,,,,
20260412144902_0000_014,20260412144902_0000,20260412144902,上級卓,1,sasimize,128,6z,tedashi,1775973011,3023.271,,0,,"[109,2,122,10,7,44,89,123,9,100,110,129,74]",,,,1233m 3p 158s 11446z,,,,,,,,,,,,,,
20260412144902_0000_016,20260412144902_0000,20260412144902,上級卓,3,kimikoo5,51,4p,tedashi,1775973023,8986.804,,0,,"[2,7,9,10,44,74,89,100,109,110,122,123,129]",,,,1233m 3p 158s 11446z,,,,,,,,,,,,,,
20260412144902_0000_017,20260412144902_0000,20260412144902,上級卓,0,パシフィック,133,7z,tsumogiri,1775973040,16692.282,,0,,"[2,7,9,10,44,74,89,100,109,110,122,123,129,133]",,,,1233m 3p 158s 114467z,,,,3,4,3,,0,,,,,,
20260412144902_0000_018,20260412144902_0000,20260412144902,上級卓,1,sasimize,76,2s,tedashi,1775973047,7188.903,,1,2102.494,"[2,7,9,10,44,74,89,100,109,110,122,123,129]",,,,1233m 3p 158s 11446z,,,,,,,,,,,,,,
20260412144902_0000_019,20260412144902_0000,20260412144902,上級卓,2,tetwo54,120,4z,risekichu_hokan_tsumogiri,1775973053,4453.012,,1,2102.325,"[2,7,9,10,44,74,89,100,109,110,122,123,129]",,,,1233m 3p 158s 11446z,,,,,,,,,,,,,,
20260412144902_0000_020,20260412144902_0000,20260412144902,上級卓,3,kimikoo5,71,9p,tedashi,1775973063,7366.992,,0,,"[2,7,9,10,44,74,89,100,109,110,122,123,129]",,,,1233m 3p 158s 11446z,,,,,,,,,,,,,,
20260412144902_0000_021,20260412144902_0000,20260412144902,上級卓,0,パシフィック,29,8m,tsumogiri,1775973070,6696.919,,0,,"[2,7,9,10,44,74,89,100,109,110,122,123,129,29]",,,,12338m 3p 158s 11446z,,,,3,4,3,,0,,,,,,
20260412144902_0000_022,20260412144902_0000,20260412144902,上級卓,1,sasimize,38,1p,tedashi,1775973072,2416.601,,0,,"[2,7,9,10,44,74,89,100,109,110,122,123,129]",,,,1233m 3p 158s 11446z,,,,,,,,,,,,,,
20260412144902_0000_023,20260412144902_0000,20260412144902,上級卓,2,tetwo54,45,3p,risekichu_hokan_tsumogiri,1775973075,3173.159,,0,,"[2,7,9,10,44,74,89,100,109,110,122,123,129]",,,,1233m 3p 158s 11446z,,,,,,,,,,,,,,
20260412144902_0000_024,20260412144902_0000,20260412144902,上級卓,3,kimikoo5,52,r5p,risekichu_hokan_tsumogiri,1775973079,3601.602,,0,,"[2,7,9,10,44,74,89,100,109,110,122,123,129]",,,,1233m 3p 158s 11446z,,,,,,,,,,,,,,
20260412144902_0000_025,20260412144902_0000,20260412144902,上級卓,0,パシフィック,82,3s,tsumogiri,1775973086,6699.168,,1,1847.208,"[2,7,9,10,44,74,89,100,109,110,122,123,129,82]",,,,1233m 3p 1358s 11446z,,,,3,3,3,,0,,,,,,
20260412144902_0000_026,20260412144902_0000,20260412144902,上級卓,1,sasimize,131,6z,risekichu_hokan_tsumogiri,1775973088,1077.338,,0,,"[2,7,9,10,44,74,89,100,109,110,122,123,129]",,,,1233m 3p 158s 11446z,,,,,,,,,,,,,,
20260412144902_0000_027,20260412144902_0000,20260412144902,上級卓,2,tetwo54,4,2m,risekichu_hokan_tsumogiri,1775973092,3674.541,,0,,"[2,7,9,10,44,74,89,100,109,110,122,123,129]",,,,1233m 3p 158s 11446z,,,,,,,,,,,,,,
20260412144902_0101_022,20260412144902_0101,20260412144902,上級卓,2,tetwo54,99,7s,tedashi,1775973318,2780.133,,1,7506.375,"[3,6,8,22,33,42,79,88,92,108,116,123,129]",,,,12369m 2p 2r56s 1346z,,,,,,,,,,,,,,
20260412144902_0101_023,20260412144902_0101,20260412144902,上級卓,3,kimikoo5,68,9p,tedashi,1775973330,4498.873,,0,,"[3,6,8,22,33,42,79,88,92,108,116,123,129]",,,,12369m 2p 2r56s 1346z,,,,,,,,,,,,,,
20260412150637_0000_001,20260412150637_0000,20260412150637,上級卓,2,にっしー,129,6z,tedashi,1775974001,4366.003,,0,,"[38,47,52,67,68,70,77,106,112,113,118,124,133]",,,,13r5899p 29s 22357z,,,,,,,,,,,,,,
20260412150637_0000_002,20260412150637_0000,20260412150637,上級卓,3,NoName,35,9m,tedashi,1775974004,2941.886,,0,,"[38,47,52,67,68,70,77,106,112,113,118,124,133]",,,,13r5899p 29s 22357z,,,,,,,,,,,,,,
20260412150637_0000_003,20260412150637_0000,20260412150637,上級卓,0,パシフィック,73,1s,tsumogiri,1775974021,16697.627,,1,1407.19,"[38,47,52,67,68,70,77,106,112,113,118,124,133,73]",,,,13r5899p 129s 22357z,,,,4,4,4,,0,,,,,,
20260412150637_0000_004,20260412150637_0000,20260412150637,上級卓,1,秀③,75,1s,tedashi,1775974024,1905.242,,1,869.073,"[38,47,52,67,68,70,77,106,112,113,118,124,133]",,,,13r5899p 29s 22357z,,,,,,,,,,,,,,
20260412150637_0000_005,20260412150637_0000,20260412150637,上級卓,2,にっしー,128,6z,risekichu_hokan_tsumogiri,1775974027,1288.145,,0,,"[38,47,52,67,68,70,77,106,112,113,118,124,133]",,,,13r5899p 29s 22357z,,,,,,,,,,,,,,
20260412150637_0000_006,20260412150637_0000,20260412150637,上級卓,3,NoName,127,5z,tedashi,1775974028,1748.98,,0,,"[38,47,52,67,68,70,77,106,112,113,118,124,133]",,,,13r5899p 29s 22357z,,,,,,,,,,,,,,
20260412150637_0101_004,20260412150637_0101,20260412150637,上級卓,2,にっしー,121,4z,tedashi,1775974310,4969.321,,0,,"[8,10,11,47,68,72,74,83,91,95,98,104,112]",,,,333m 39p 1135679s 2z,,,,,,,,,,,,,,
20260412150637_0101_005,20260412150637_0101,20260412150637,上級卓,3,NoName,133,7z,risekichu_hokan_tsumogiri,1775974312,1800.182,,0,,"[8,10,11,47,68,72,74,83,91,95,98,104,112]",,,,333m 39p 1135679s 2z,,,,,,,,,,,,,,
20260412150637_0101_006,20260412150637_0101,20260412150637,上級卓,0,パシフィック,96,7s,tsumogiri,1775974329,16691.987,,6,156.408,"[8,10,11,47,68,72,74,83,91,95,98,104,112,96]",,,,333m 39p 11356779s 2z,,,,2,2,3,,0,,,,,,
20260412150637_0101_007,20260412150637_0101,20260412150637,上級卓,1,秀③,134,7z,tedashi,1775974331,2081.62,,0,,"[8,10,11,47,68,72,74,83,91,95,98,104,112]",,,,333m 39p 1135679s 2z,,,,,,,,,,,,,,
20260412150637_0101_008,20260412150637_0101,20260412150637,上級卓,2,にっしー,109,1z,tedashi,1775974335,3760.413,,0,,"[8,10,11,47,68,72,74,83,91,95,98,104,112]",,,,333m 39p 1135679s 2z,,,,,,,,,,,,,,
20260412150637_0101_009,20260412150637_0101,20260412150637,上級卓,3,NoName,126,5z,tedashi,1775974336,1518.974,,0,,"[8,10,11,47,68,72,74,83,91,95,98,104,112]",,,,333m 39p 1135679s 2z,,,,,,,,,,,,,,
20260412150637_0101_010,20260412150637_0101,20260412150637,上級卓,0,パシフィック,94,6s,tsumogiri,1775974344,7486.137,,0,,"[8,10,11,47,68,72,74,83,91,95,98,104,112,94]",,,,333m 39p 11356679s 2z,,,,2,2,3,,0,,,,,,
20260412150637_0101_011,20260412150637_0101,20260412150637,上級卓,1,秀③,7,2m,tedashi,1775974350,6586.833,,0,,"[8,10,11,47,68,72,74,83,91,95,98,104,112]",,,,333m 39p 1135679s 2z,,,,,,,,,,,,,,
20260412150637_0101_012,20260412150637_0101,20260412150637,上級卓,2,にっしー,67,8p,tedashi,1775974355,4564.92,,1,886.515,"[8,10,11,47,68,72,74,83,91,95,98,104,112]",,,,333m 39p 1135679s 2z,,,,,,,,,,,,,,
20260412150637_0101_013,20260412150637_0101,20260412150637,上級卓,3,NoName,120,4z,risekichu_hokan_tsumogiri,1775974356,734.957,,0,,"[8,10,11,47,68,72,74,83,91,95,98,104,112]",,,,333m 39p 1135679s 2z,,,,,,,,,,,,,,
20260412150637_0101_014,20260412150637_0101,20260412150637,上級卓,0,パシフィック,53,5p,tsumogiri,1775974357,698.282,,0,,"[8,10,11,47,68,72,74,83,91,95,98,104,112,53]",,,,333m 359p 1135679s 2z,,,,2,2,4,,0,,,,,,
20260412150637_0101_015,20260412150637_0101,20260412150637,上級卓,1,秀③,101,8s,tedashi,1775974362,5205.721,,0,,"[8,10,11,47,68,72,74,83,91,95,98,104,112]",,,,333m 39p 1135679s 2z,,,,,,,,,,,,,,
20260412150637_0101_016,20260412150637_0101,20260412150637,上級卓,2,にっしー,132,7z,tedashi,1775974365,2655.549,,0,,"[8,10,11,47,68,72,74,83,91,95,98,104,112]",,,,333m 39p 1135679s 2z,,,,,,,,,,,,,,
20260412150637_0101_017,20260412150637_0101,20260412150637,上級卓,3,NoName,42,2p,risekichu_hokan_tsumogiri,1775974366,1242.859,,0,,"[8,10,11,47,68,72,74,83,91,95,98,104,112]",,,,333m 39p 1135679s 2z,,,,,,,,,,,,,,
20260412150637_0101_018,20260412150637_0101,20260412150637,上級卓,0,パシフィック,73,1s,tsumogiri,1775974367,692.219,,0,,"[8,10,11,47,68,72,74,83,91,95,98,104,112,73]",,,,333m 39p 11135679s 2z,,,,2,2,4,,0,,,,,,
20260412150637_0101_019,20260412150637_0101,20260412150637,上級卓,1,秀③,123,4z,risekichu_hokan_tsumogiri,1775974369,2448.402,,0,,"[8,10,11,47,68,72,74,83,91,95,98,104,112]",,,,333m 39p 1135679s 2z,,,,,,,,,,,,,,
20260412150637_0101_020,20260412150637_0101,20260412150637,上級卓,2,にっしー,35,9m,tedashi,1775974374,4314.831,,1,1784.6,"[8,10,11,47,68,72,74,83,91,95,98,104,112]",,,,333m 39p 1135679s 2z,,,,,,,,,,,,,,
20260412150637_0101_021,20260412150637_0101,20260412150637,上級卓,3,NoName,2,1m,tedashi,1775974378,2783.414,,0,,"[8,10,11,47,68,72,74,83,91,95,98,104,112]",,,,333m 39p 1135679s 2z,,,,,,,,,,,,,,
20260412150637_0400_025,20260412150637_0400,20260412150637,上級卓,3,NoName,9,3m,risekichu_hokan_tsumogiri,1775974768,2315.589,,0,,"[1,5,7,23,39,43,53,61,68,80,112,117,120]",,,,1226m 12579p 3s 234z,,,,,,,,,,,,,,
20260412150637_0400_028,20260412150637_0400,20260412150637,上級卓,2,にっしー,88,r5s,risekichu_hokan_tsumogiri,1775974780,3302.459,,2,2473.912,"[1,5,7,23,39,43,53,61,68,80,112,117,120]",,,,1226m 12579p 3s 234z,,,,,,,,,,,,,,
20260412150637_0400_029,20260412150637_0400,20260412150637,上級卓,3,NoName,37,1p,tedashi,1775974784,1110.639,,0,,"[1,5,7,23,39,43,53,61,68,80,112,117,120]",,,,1226m 12579p 3s 234z,,,,,,,,,,,,,,
20260412152012_0000_004,20260412152012_0000,20260412152012,上級卓,1,江頭5:73,130,6z,tedashi,1775974835,1328.112,,0,,"[1,12,14,23,33,42,44,51,57,78,98,111,117]",,,,14469m 2346p 27s 13z,,,,,,,,,,,,,,
20260412152012_0000_005,20260412152012_0000,20260412152012,上級卓,2,結城めぐみ,106,9s,tedashi,1775974837,2774.153,,0,,"[1,12,14,23,33,42,44,51,57,78,98,111,117]",,,,14469m 2346p 27s 13z,,,,,,,,,,,,,,
20260412152012_0000_006,20260412152012_0000,20260412152012,上級卓,3,水ラーメン,100,8s,risekichu_hokan_tsumogiri,1775974842,4897.956,,0,,"[1,12,14,23,33,42,44,51,57,78,98,111,117]",,,,14469m 2346p 27s 13z,,,,,,,,,,,,,,
20260412152012_0000_007,20260412152012_0000,20260412152012,上級卓,0,パシフィック,78,2s,tedashi,1775974843,1181.56,,0,,"[1,12,14,23,33,42,44,51,57,78,98,111,117,62]",,,,14469m 23467p 27s 13z,,,,4,4,5,,0,,,,,,
20260412152012_0000_008,20260412152012_0000,20260412152012,上級卓,1,江頭5:73,99,7s,tedashi,1775974845,1899.198,,0,,"[1,12,14,23,33,42,44,51,57,98,111,117,62]",,,,14469m 23467p 7s 13z,,,,,,,,,,,,,,
20260412152012_0000_009,20260412152012_0000,20260412152012,上級卓,2,結城めぐみ,75,1s,tedashi,1775974850,4720.893,,0,,"[1,12,14,23,33,42,44,51,57,98,111,117,62]",,,,14469m 23467p 7s 13z,,,,,,,,,,,,,,
20260412152012_0000_010,20260412152012_0000,20260412152012,上級卓,3,水ラーメン,7,2m,tedashi,1775974856,5928.584,,0,,"[1,12,14,23,33,42,44,51,57,98,111,117,62]",,,,14469m 23467p 7s 13z,,,,,,,,,,,,,,
20260412152012_0000_011,20260412152012_0000,20260412152012,上級卓,0,パシフィック,33,9m,tedashi,1775974857,1412.585,,0,,"[1,12,14,23,33,42,44,51,57,98,111,117,62,27]",,,,144679m 23467p 7s 13z,,,,3,3,5,,0,,,,,,
20260412152012_0000_012,20260412152012_0000,20260412152012,上級卓,1,江頭5:73,25,7m,tedashi,1775974860,2336.164,,2,3608.376,"[1,12,14,23,42,44,51,57,98,111,117,62,27]",,,,14467m 23467p 7s 13z,,,,,,,,,,,,,,
20260412152012_0000_013,20260412152012_0000,20260412152012,上級卓,2,結城めぐみ,135,7z,tedashi,1775974865,1368.095,,0,,"[1,12,14,23,42,44,51,57,98,111,117,62,27]",,,,14467m 23467p 7s 13z,,,,,,,,,,,,,,
20260412152012_0000_014,20260412152012_0000,20260412152012,上級卓,3,水ラーメン,53,5p,tedashi,1775974868,3655.077,,1,3247.904,"[1,12,14,23,42,44,51,57,98,111,117,62,27]",,,,14467m 23467p 7s 13z,,,,,,,,,,,,,,
20260412152012_0000_015,20260412152012_0000,20260412152012,上級卓,0,パシフィック,1,1m,tedashi,1775974873,1625.415,,0,,"[1,12,14,23,42,44,51,57,98,111,117,62,27,26]",,,,144677m 23467p 7s 13z,,,,3,3,4,,0,,,,,,
20260412152012_0000_016,20260412152012_0000,20260412152012,上級卓,1,江頭5:73,102,8s,risekichu_hokan_tsumogiri,1775974875,1770.057,,0,,"[12,14,23,42,44,51,57,98,111,117,62,27,26]",,,,44677m 23467p 7s 13z,,,,,,,,,,,,,,
20260412152012_0000_017,20260412152012_0000,20260412152012,上級卓,2,結城めぐみ,29,8m,risekichu_hokan_tsumogiri,1775974875,228.111,,1,3579.996,"[12,14,23,42,44,51,57,98,111,117,62,27,26]",,,,44677m 23467p 7s 13z,,,,,,,,,,,,,,
20260412152012_0000_018,20260412152012_0000,20260412152012,上級卓,3,水ラーメン,73,1s,risekichu_hokan_tsumogiri,1775974880,1535.772,,0,,"[12,14,23,42,44,51,57,98,111,117,62,27,26]",,,,44677m 23467p 7s 13z,,,,,,,,,,,,,,
20260412152012_0000_019,20260412152012_0000,20260412152012,上級卓,0,パシフィック,26,7m,tedashi,1775974881,1116.376,,0,,"[12,14,23,42,44,51,57,98,111,117,62,27,26,54]",,,,44677m 234567p 7s 13z,,,,2,2,4,,1,,,,,,
20260412152012_0000_020,20260412152012_0000,20260412152012,上級卓,1,江頭5:73,132,7z,tedashi,1775974883,1640.53,,0,,"[12,14,23,42,44,51,57,98,111,117,62,27,54]",,,,4467m 234567p 7s 13z,,,,,,,,,,,,,,
20260412152012_0000_021,20260412152012_0000,20260412152012,上級卓,2,結城めぐみ,108,1z,risekichu_hokan_tsumogiri,1775974885,2369.387,,0,,"[12,14,23,42,44,51,57,98,111,117,62,27,54]",,,,4467m 234567p 7s 13z,,,,,,,,,,,,,,
20260412152012_0000_022,20260412152012_0000,20260412152012,上級卓,3,水ラーメン,79,2s,risekichu_hokan_tsumogiri,1775974892,6639.906,,0,,"[12,14,23,42,44,51,57,98,111,117,62,27,54]",,,,4467m 234567p 7s 13z,,,,,,,,,,,,,,
20260412152012_0000_023,20260412152012_0000,20260412152012,上級卓,0,パシフィック,98,7s,tedashi,1775974894,1559.883,,1,2444.614,"[12,14,23,42,44,51,57,98,111,117,62,27,54,63]",,,,4467m 2345677p 7s 13z,,,,2,2,4,,0,,,,,,
20260412152012_0000_024,20260412152012_0000,20260412152012,上級卓,1,江頭5:73,95,6s,risekichu_hokan_tsumogiri,1775974897,1022.721,,0,,"[12,14,23,42,44,51,57,111,117,62,27,54,63]",,,,4467m 2345677p 13z,,,,,,,,,,,,,,
20260412152012_0000_025,20260412152012_0000,20260412152012,上級卓,2,結城めぐみ,127,5z,risekichu_hokan_tsumogiri,1775974898,1380.722,,2,3284.95,"[12,14,23,42,44,51,57,111,117,62,27,54,63]",,,,4467m 2345677p 13z,,,,,,,,,,,,,,
20260412152012_0000_026,20260412152012_0000,20260412152012,上級卓,3,水ラーメン,110,1z,tedashi,1775974905,3339.383,,0,,"[12,14,23,42,44,51,57,111,117,62,27,54,63]",,,,4467m 2345677p 13z,,,,,,,,,,,,,,
20260412152012_0000_027,20260412152012_0000,20260412152012,上級卓,0,パシフィック,62,7p,tedashi,1775974906,1043.265,,0,,"[12,14,23,42,44,51,57,111,117,62,27,54,63,74]",,,,4467m 2345677p 1s 13z,,,,2,2,4,,0,,,,,,
20260412152012_0000_028,20260412152012_0000,20260412152012,上級卓,1,江頭5:73,20,6m,risekichu_hokan_tsumogiri,1775974908,1639.743,,0,,"[12,14,23,42,44,51,57,111,117,27,54,63,74]",,,,4467m 234567p 1s 13z,,,,,,,,,,,,,,
20260412152012_0000_029,20260412152012_0000,20260412152012,上級卓,2,結城めぐみ,5,2m,tedashi,1775974911,3653.016,,0,,"[12,14,23,42,44,51,57,111,117,27,54,63,74]",,,,4467m 234567p 1s 13z,,,,,,,,,,,,,,
20260412152012_0100_019,20260412152012_0100,20260412152012,上級卓,2,結城めぐみ,89,5s,tedashi,1775975062,3492.147,,0,,"[19,50,51,66,78,82,90,93,99,104,117,119,130]",,,,5m 448p 235679s 336z,,,,,,,,,,,,,,
20260412152012_0100_020,20260412152012_0100,20260412152012,上級卓,3,水ラーメン,97,7s,risekichu_hokan_tsumogiri,1775975070,7229.207,,1,1233.697,"[19,50,51,66,78,82,90,93,99,104,117,119,130]",,,,5m 448p 235679s 336z,,,,,,,,,,,,,,
20260412152012_0100_023,20260412152012_0100,20260412152012,上級卓,2,結城めぐみ,67,8p,tedashi,1775975088,7752.156,,0,,"[19,50,51,66,78,82,90,93,99,104,117,119,130]",,,,5m 448p 235679s 336z,,,,,,,,,,,,,,
20260412152012_0100_024,20260412152012_0100,20260412152012,上級卓,3,水ラーメン,37,1p,risekichu_hokan_tsumogiri,1775975090,2088.229,,0,,"[19,50,51,66,78,82,90,93,99,104,117,119,130]",,,,5m 448p 235679s 336z,,,,,,,,,,,,,,
20260412152012_0100_025,20260412152012_0100,20260412152012,上級卓,0,パシフィック,86,4s,tsumogiri,1775975107,16704.809,,0,,"[19,50,51,66,78,82,90,93,99,104,117,119,130,86]",,,,5m 448p 2345679s 336z,,,,2,2,4,,0,,,,,,
20260412152012_0100_028,20260412152012_0100,20260412152012,上級卓,3,水ラーメン,114,2z,tedashi,1775975119,7606.523,,0,,"[19,50,51,66,78,82,90,93,99,104,117,119,130]",,,,5m 448p 235679s 336z,,,,,,,,,,,,,,
20260412152541_0000_000,20260412152541_0000,20260412152541,一般卓,2,NoName,71,9p,tedashi,1775975147,,,2,1999.078,"[67,65,3,127,22,18,59,98,35,66,13,101,115]",,,,14569m 6888p 78s 25z,,,,,,,,,,,,,,
20260412152541_0000_001,20260412152541_0000,20260412152541,一般卓,3,クルンテープ,11,3m,tedashi,1775975152,2281.092,,1,2387.934,"[67,65,3,127,22,18,59,98,35,66,13,101,115]",,,,14569m 6888p 78s 25z,,,,,,,,,,,,,,
20260412152541_0000_002,20260412152541_0000,20260412152541,一般卓,0,パシフィック,35,9m,tedashi,1775975156,1401.062,,0,,"[67,65,3,127,22,18,59,98,35,66,13,101,115,41]",,,,14569m 26888p 78s 25z,,,,3,3,5,,0,,,,,,
20260412152541_0000_006,20260412152541_0000,20260412152541,一般卓,0,パシフィック,98,7s,tedashi,1775975173,2744.584,,1,2270.471,"[3,13,18,22,41,59,65,66,67,98,101,115,127,5]",,,,12456m 26888p 78s 25z,,,,2,2,5,,0,,,,,,
20260412152541_0000_007,20260412152541_0000,20260412152541,一般卓,1,ケンメイ3534,56,6p,tedashi,1775975185,9644.895,,0,,"[3,13,18,22,41,59,65,66,67,101,115,127,5]",,,,12456m 26888p 8s 25z,,,,,,,,,,,,,,
20260412152541_0000_038,20260412152541_0000,20260412152541,一般卓,2,NoName,60,7p,tedashi,1775975310,1633.491,,0,,"[3,5,13,18,22,41,59,65,66,67,101,115,127]",,,,12456m 26888p 8s 25z,,,,,,,,,,,,,,
20260412152541_0000_039,20260412152541_0000,20260412152541,一般卓,3,クルンテープ,110,1z,tedashi,1775975312,2497.433,,0,,"[3,5,13,18,22,41,59,65,66,67,101,115,127]",,,,12456m 26888p 8s 25z,,,,,,,,,,,,,,
20260412152541_0100_000,20260412152541_0100,20260412152541,一般卓,3,クルンテープ,67,8p,risekichu_hokan_tsumogiri,1775975341,,,1,1347.878,"[116,34,85,62,4,53,51,131,57,59,42,103,99]",,,,29m 245667p 478s 36z,,,,,,,,,,,,,,
20260412152541_0100_001,20260412152541_0100,20260412152541,一般卓,0,パシフィック,42,2p,tedashi,1775975345,2379.447,,0,,"[116,34,85,62,4,53,51,131,57,59,42,103,99,22]",,,,269m 245667p 478s 36z,,,,4,4,5,,0,,,,,,
20260412152541_0100_002,20260412152541_0100,20260412152541,一般卓,1,ケンメイ3534,129,6z,tedashi,1775975347,2369.342,,0,,"[116,34,85,62,4,53,51,131,57,59,103,99,22]",,,,269m 45667p 478s 36z,,,,,,,,,,,,,,
20260412152541_0100_003,20260412152541_0100,20260412152541,一般卓,2,NoName,113,2z,tedashi,1775975350,2264.403,,1,1524.069,"[116,34,85,62,4,53,51,131,57,59,103,99,22]",,,,269m 45667p 478s 36z,,,,,,,,,,,,,,
20260412152541_0100_004,20260412152541_0100,20260412152541,一般卓,3,クルンテープ,73,1s,risekichu_hokan_tsumogiri,1775975353,1975.136,,0,,"[116,34,85,62,4,53,51,131,57,59,103,99,22]",,,,269m 45667p 478s 36z,,,,,,,,,,,,,,
20260412152541_0100_005,20260412152541_0100,20260412152541,一般卓,0,パシフィック,34,9m,tedashi,1775975359,6136.456,,0,,"[116,34,85,62,4,53,51,131,57,59,103,99,22,15]",,,,2469m 45667p 478s 36z,,,,3,3,5,,0,,,,,,
20260412152541_0100_006,20260412152541_0100,20260412152541,一般卓,1,ケンメイ3534,124,5z,tedashi,1775975364,2289.186,,0,,"[4,15,22,51,53,57,59,62,85,99,103,116,131]",,,,246m 45667p 478s 36z,,,,,,,,,,,,,,
20260412152541_0100_007,20260412152541_0100,20260412152541,一般卓,2,NoName,117,3z,tedashi,1775975366,2723.675,,1,1878.771,"[4,15,22,51,53,57,59,62,85,99,103,116,131]",,,,246m 45667p 478s 36z,,,,,,,,,,,,,,
20260412152541_0100_008,20260412152541_0100,20260412152541,一般卓,3,クルンテープ,86,4s,tedashi,1775975370,1895.625,,0,,"[4,15,22,51,53,57,59,62,85,99,103,116,131]",,,,246m 45667p 478s 36z,,,,,,,,,,,,,,
20260412152944_0000_000,20260412152944_0000,20260412152944,上級卓,1,minimomo,116,3z,tedashi,1775975391,,,0,,"[23,0,114,67,135,31,26,49,22,46,134,93,9]",,,,136678m 348p 6s 277z,,,,,,,,,,,,,,
20260412152944_0000_001,20260412152944_0000,20260412152944,上級卓,2,NoName,117,3z,tedashi,1775975393,1748.299,,0,,"[23,0,114,67,135,31,26,49,22,46,134,93,9]",,,,136678m 348p 6s 277z,,,,,,,,,,,,,,
20260412152944_0000_002,20260412152944_0000,20260412152944,上級卓,3,Moritaxi,28,8m,tedashi,1775975397,4704.193,,1,1587.765,"[23,0,114,67,135,31,26,49,22,46,134,93,9]",,,,136678m 348p 6s 277z,,,,,,,,,,,,,,
20260412152944_0000_003,20260412152944_0000,20260412152944,上級卓,0,パシフィック,67,8p,tedashi,1775975400,1308.623,,0,,"[23,0,114,67,135,31,26,49,22,46,134,93,9,95]",,,,136678m 348p 66s 277z,,,,2,2,3,,0,,,,,,
20260412152944_0000_004,20260412152944_0000,20260412152944,上級卓,1,minimomo,113,2z,tedashi,1775975403,2229.125,,0,,"[23,0,114,135,31,26,49,22,46,134,93,9,95]",,,,136678m 34p 66s 277z,,,,,,,,,,,,,,
20260412152944_0000_005,20260412152944_0000,20260412152944,上級卓,2,NoName,29,8m,tedashi,1775975405,2251.49,,0,,"[23,0,114,135,31,26,49,22,46,134,93,9,95]",,,,136678m 34p 66s 277z,,,,,,,,,,,,,,
20260412152944_0000_006,20260412152944_0000,20260412152944,上級卓,3,Moritaxi,129,6z,tedashi,1775975407,2450.42,,0,,"[23,0,114,135,31,26,49,22,46,134,93,9,95]",,,,136678m 34p 66s 277z,,,,,,,,,,,,,,
20260412152944_0000_007,20260412152944_0000,20260412152944,上級卓,0,パシフィック,114,2z,tedashi,1775975408,1128.555,,0,,"[23,0,114,135,31,26,49,22,46,134,93,9,95,118]",,,,136678m 34p 66s 2377z,,,,2,2,3,,0,,,,,,
20260412152944_0000_008,20260412152944_0000,20260412152944,上級卓,1,minimomo,121,4z,tedashi,1775975410,1938.656,,0,,"[23,0,135,31,26,49,22,46,134,93,9,95,118]",,,,136678m 34p 66s 377z,,,,,,,,,,,,,,
20260412152944_0000_009,20260412152944_0000,20260412152944,上級卓,2,NoName,7,2m,risekichu_hokan_tsumogiri,1775975413,2203.783,,0,,"[23,0,135,31,26,49,22,46,134,93,9,95,118]",,,,136678m 34p 66s 377z,,,,,,,,,,,,,,
20260412152944_0000_010,20260412152944_0000,20260412152944,上級卓,3,Moritaxi,77,2s,tedashi,1775975418,5184.239,,0,,"[23,0,135,31,26,49,22,46,134,93,9,95,118]",,,,136678m 34p 66s 377z,,,,,,,,,,,,,,
20260412152944_0000_011,20260412152944_0000,20260412152944,上級卓,0,パシフィック,23,6m,tedashi,1775975419,1084.129,,0,,"[23,0,135,31,26,49,22,46,134,93,9,95,118,42]",,,,136678m 234p 66s 377z,,,,1,1,3,,0,,,,,,
20260412152944_0000_012,20260412152944_0000,20260412152944,上級卓,1,minimomo,128,6z,tedashi,1775975423,4024.534,,0,,"[0,135,31,26,49,22,46,134,93,9,95,118,42]",,,,13678m 234p 66s 377z,,,,,,,,,,,,,,
20260412152944_0000_013,20260412152944_0000,20260412152944,上級卓,2,NoName,19,5m,risekichu_hokan_tsumogiri,1775975425,2046.819,,0,,"[0,135,31,26,49,22,46,134,93,9,95,118,42]",,,,13678m 234p 66s 377z,,,,,,,,,,,,,,
20260412152944_0000_014,20260412152944_0000,20260412152944,上級卓,3,Moritaxi,120,4z,risekichu_hokan_tsumogiri,1775975427,2384.247,,0,,"[0,135,31,26,49,22,46,134,93,9,95,118,42]",,,,13678m 234p 66s 377z,,,,,,,,,,,,,,
20260412152944_0400_011,20260412152944_0400,20260412152944,上級卓,0,パシフィック,72,1s,tedashi,1775976238,6137.471,,0,,"[28,40,52,55,58,63,67,69,71,72,78,118,125,35]",,,,89m 2r5567899p 12s 35z,,,,2,2,4,,0,,,,,,
20260412152944_0400_015,20260412152944_0400,20260412152944,上級卓,0,パシフィック,71,9p,tedashi,1775976262,16494.453,,6,376.323,"[28,35,40,52,55,58,63,67,69,71,78,118,125,16]",,,,r589m 2r5567899p 2s 35z,,,,3,3,4,,0,,,,,,
20260412152944_0400_016,20260412152944_0400,20260412152944,上級卓,1,minimomo,102,8s,tedashi,1775976267,4825.983,,0,,"[28,35,40,52,55,58,63,67,69,78,118,125,16]",,,,r589m 2r556789p 2s 35z,,,,,,,,,,,,,,
20260412152944_0400_017,20260412152944_0400,20260412152944,上級卓,2,NoName,70,9p,tedashi,1775976271,3476.749,,0,,"[28,35,40,52,55,58,63,67,69,78,118,125,16]",,,,r589m 2r556789p 2s 35z,,,,,,,,,,,,,,
20260412152944_0400_018,20260412152944_0400,20260412152944,上級卓,0,パシフィック,86,4s,tedashi,1775976275,,,0,,"[28,35,40,52,55,58,63,67,69,78,118,125,16]",,,,r589m 2r556789p 2s 35z,,,,,,,,,,,,,,
20260412152944_0400_019,20260412152944_0400,20260412152944,上級卓,0,パシフィック,86,4s,tedashi,1775976275,,,0,,"[28,35,40,52,55,58,63,67,69,78,118,125,16]",,,,r589m 2r556789p 2s 35z,,,,,,,,,,,,,,
20260412152944_0400_020,20260412152944_0400,20260412152944,上級卓,1,minimomo,35,9m,tedashi,1775976275,,,0,,"[28,35,40,52,55,58,63,67,69,78,118,125,16]",,,,r589m 2r556789p 2s 35z,,,,,,,,,,,,,,
20260412152944_0400_021,20260412152944_0400,20260412152944,上級卓,1,minimomo,97,7s,tedashi,1775976275,,,0,,"[28,35,40,52,55,58,63,67,69,78,118,125,16]",,,,r589m 2r556789p 2s 35z,,,,,,,,,,,,,,
20260412152944_0400_022,20260412152944_0400,20260412152944,上級卓,1,minimomo,76,2s,tedashi,1775976275,,,0,,"[28,35,40,52,55,58,63,67,69,78,118,125,16]",,,,r589m 2r556789p 2s 35z,,,,,,,,,,,,,,
20260412152944_0400_023,20260412152944_0400,20260412152944,上級卓,2,NoName,2,1m,tedashi,1775976275,,,1,663.425,"[28,35,40,52,55,58,63,67,69,78,118,125,16]",,,,r589m 2r556789p 2s 35z,,,,,,,,,,,,,,
20260412152944_0400_024,20260412152944_0400,20260412152944,上級卓,3,Moritaxi,73,1s,risekichu_hokan_tsumogiri,1775976276,5279.997,,0,,"[28,35,40,52,55,58,63,67,69,78,118,125,16]",,,,r589m 2r556789p 2s 35z,,,,,,,,,,,,,,
20260412152944_0400_025,20260412152944_0400,20260412152944,上級卓,0,パシフィック,86,4s,tedashi,1775976277,1007.246,,0,,"[28,35,40,52,55,58,63,67,69,78,118,125,16,91]",,,,r589m 2r556789p 25s 35z,,,,4,4,5,,0,,,,,,
20260412152944_0400_026,20260412152944_0400,20260412152944,上級卓,3,Moritaxi,57,6p,tedashi,1775976310,4843.175,,1,1857.439,"[16,28,35,52,55,58,63,67,69,78,93,118,125]",,,,r589m r556789p 26s 35z,,,,,,,,,,,,,,
20260412152944_0400_027,20260412152944_0400,20260412152944,上級卓,0,パシフィック,63,7p,tedashi,1775976313,1284.894,,1,4382.466,"[16,28,35,52,55,58,63,67,69,78,93,118,125,135]",,,,r589m r556789p 26s 357z,,,,4,4,5,,0,,,,,,
20260412152944_0400_028,20260412152944_0400,20260412152944,上級卓,1,minimomo,64,8p,risekichu_hokan_tsumogiri,1775976318,399.656,,0,,"[16,28,35,52,55,58,67,69,78,93,118,125,135]",,,,r589m r55689p 26s 357z,,,,,,,,,,,,,,
20260412152944_0400_029,20260412152944_0400,20260412152944,上級卓,2,NoName,120,4z,tedashi,1775976320,1926.11,,0,,"[16,28,35,52,55,58,67,69,78,93,118,125,135]",,,,r589m r55689p 26s 357z,,,,,,,,,,,,,,
20260412152944_0400_030,20260412152944_0400,20260412152944,上級卓,3,Moritaxi,62,7p,risekichu_hokan_tsumogiri,1775976325,4740.415,,1,1579.791,"[16,28,35,52,55,58,67,69,78,93,118,125,135]",,,,r589m r55689p 26s 357z,,,,,,,,,,,,,,
20260412152944_0400_031,20260412152944_0400,20260412152944,上級卓,0,パシフィック,118,3z,tedashi,1775976328,1912.339,,0,,"[16,28,35,52,55,58,67,69,78,93,118,125,135,41]",,,,r589m 2r55689p 26s 357z,,,,5,5,5,,0,,,,,,
20260412152944_0400_032,20260412152944_0400,20260412152944,上級卓,1,minimomo,29,8m,risekichu_hokan_tsumogiri,1775976329,1005.403,,0,,"[16,28,35,52,55,58,67,69,78,93,125,135,41]",,,,r589m 2r55689p 26s 57z,,,,,,,,,,,,,,
20260412152944_0400_033,20260412152944_0400,20260412152944,上級卓,2,NoName,36,1p,tedashi,1775976332,2967.098,,0,,"[16,28,35,52,55,58,67,69,78,93,125,135,41]",,,,r589m 2r55689p 26s 57z,,,,,,,,,,,,,,
20260412152944_0400_034,20260412152944_0400,20260412152944,上級卓,3,Moritaxi,61,7p,tedashi,1775976334,2029.072,,2,2383.367,"[16,28,35,52,55,58,67,69,78,93,125,135,41]",,,,r589m 2r55689p 26s 57z,,,,,,,,,,,,,,
20260412152944_0400_035,20260412152944_0400,20260412152944,上級卓,1,minimomo,97,7s,tedashi,1775976277,,,1,5557.115,"[28,35,40,52,55,58,63,67,69,78,118,125,16,91]",,,,r589m 2r556789p 25s 35z,,,,,,,,,,,,,,
20260412152944_0400_036,20260412152944_0400,20260412152944,上級卓,0,パシフィック,91,5s,tedashi,1775976283,,,0,,"[28,35,40,52,55,58,63,67,69,78,118,125,16,91]",,,,r589m 2r556789p 25s 35z,,,,4,4,5,,0,,,,,,
20260412152944_0400_037,20260412152944_0400,20260412152944,上級卓,1,minimomo,80,3s,tedashi,1775976286,3441.366,,0,,"[28,35,40,52,55,58,63,67,69,78,118,125,16]",,,,r589m 2r556789p 2s 35z,,,,,,,,,,,,,,
20260412152944_0400_050,20260412152944_0400,20260412152944,上級卓,3,Moritaxi,87,4s,tedashi,1775976368,1453.588,,0,,"[16,28,35,41,52,55,58,78,93,125]",,,,r589m 2r556p 26s 5z,,,,,,,,,,,,,,
20260412155326_0000_000,20260412155326_0000,20260412155326,一般卓,2,hiro0905,69,9p,tedashi,1775976811,,,1,1196.553,"[15,115,42,78,21,64,28,57,36,37,106,102,68]",,,,468m 112689p 289s 2z,,,,,,,,,,,,,,
20260412155326_0000_001,20260412155326_0000,20260412155326,一般卓,3,NoName,118,3z,tedashi,1775976813,972.573,,0,,"[15,115,42,78,21,64,28,57,36,37,106,102,68]",,,,468m 112689p 289s 2z,,,,,,,,,,,,,,
20260412155326_0000_004,20260412155326_0000,20260412155326,一般卓,2,hiro0905,30,8m,tedashi,1775976830,1457.708,,0,,"[15,21,28,36,37,42,57,64,68,78,102,106,115]",,,,468m 112689p 289s 2z,,,,,,,,,,,,,,
20260412155326_0000_008,20260412155326_0000,20260412155326,一般卓,2,hiro0905,101,8s,tedashi,1775976846,2573.521,,6,359.375,"[15,21,28,36,37,42,51,57,64,68,102,106,115]",,,,468m 1124689p 89s 2z,,,,,,,,,,,,,,
20260412155326_0000_009,20260412155326_0000,20260412155326,一般卓,3,NoName,125,5z,tedashi,1775976848,1252.265,,2,1440.539,"[15,21,28,36,37,42,51,57,64,68,102,106,115]",,,,468m 1124689p 89s 2z,,,,,,,,,,,,,,
20260412155326_0000_010,20260412155326_0000,20260412155326,一般卓,2,hiro0905,93,6s,tedashi,1775976850,682.298,,6,501.679,"[15,21,28,36,37,42,51,57,64,68,102,106,115]",,,,468m 1124689p 89s 2z,,,,,,,,,,,,,,
20260412155326_0000_011,20260412155326_0000,20260412155326,一般卓,3,NoName,123,4z,tedashi,1775976852,1444.207,,0,,"[15,21,28,36,37,42,51,57,64,68,102,106,115]",,,,468m 1124689p 89s 2z,,,,,,,,,,,,,,
20260412155326_0000_012,20260412155326_0000,20260412155326,一般卓,0,パシフィック,37,1p,tedashi,1775976853,1251.035,,1,1136.238,"[15,21,28,36,37,42,51,57,64,68,102,106,115,27]",,,,4678m 1124689p 89s 2z,,,,2,2,5,,0,,,,,,
20260412155326_0000_013,20260412155326_0000,20260412155326,一般卓,1,とても悲しい,132,7z,tedashi,1775976856,1749.094,,0,,"[15,21,28,36,42,51,57,64,68,102,106,115,27]",,,,4678m 124689p 89s 2z,,,,,,,,,,,,,,
20260412155326_0000_014,20260412155326_0000,20260412155326,一般卓,2,hiro0905,111,1z,tedashi,1775976857,1350.037,,0,,"[15,21,28,36,42,51,57,64,68,102,106,115,27]",,,,4678m 124689p 89s 2z,,,,,,,,,,,,,,
20260412155326_0000_015,20260412155326_0000,20260412155326,一般卓,3,NoName,113,2z,tedashi,1775976859,1399.39,,0,,"[15,21,28,36,42,51,57,64,68,102,106,115,27]",,,,4678m 124689p 89s 2z,,,,,,,,,,,,,,
20260412155326_0000_016,20260412155326_0000,20260412155326,一般卓,0,パシフィック,15,4m,tedashi,1775976862,2702.757,,1,1146.77,"[15,21,28,36,42,51,57,64,68,102,106,115,27,74]",,,,4678m 124689p 189s 2z,,,,3,3,6,,0,,,,,,
20260412155326_0000_017,20260412155326_0000,20260412155326,一般卓,1,とても悲しい,112,2z,risekichu_hokan_tsumogiri,1775976864,1136.982,,0,,"[21,28,36,42,51,57,64,68,102,106,115,27,74]",,,,678m 124689p 189s 2z,,,,,,,,,,,,,,
20260412155326_0000_018,20260412155326_0000,20260412155326,一般卓,2,hiro0905,17,5m,risekichu_hokan_tsumogiri,1775976866,2563.383,,0,,"[21,28,36,42,51,57,64,68,102,106,115,27,74]",,,,678m 124689p 189s 2z,,,,,,,,,,,,,,
20260412155326_0000_019,20260412155326_0000,20260412155326,一般卓,3,NoName,45,3p,tedashi,1775976868,1646.63,,2,2951.867,"[21,28,36,42,51,57,64,68,102,106,115,27,74]",,,,678m 124689p 189s 2z,,,,,,,,,,,,,,
20260412155326_0000_020,20260412155326_0000,20260412155326,一般卓,0,パシフィック,74,1s,tedashi,1775976882,10918.652,,0,,"[21,28,51,57,64,68,102,106,115,27,74]",,,,678m 4689p 189s 2z,,,,2,2,,,0,,,,,,
20260412155326_0000_021,20260412155326_0000,20260412155326,一般卓,1,とても悲しい,109,1z,tedashi,1775976884,2072.45,,0,,"[21,28,51,57,64,68,102,106,115,27]",,,,678m 4689p 89s 2z,,,,,,,,,,,,,,
20260412155326_0000_022,20260412155326_0000,20260412155326,一般卓,2,hiro0905,94,6s,risekichu_hokan_tsumogiri,1775976885,1528.788,,6,313.149,"[21,28,51,57,64,68,102,106,115,27]",,,,678m 4689p 89s 2z,,,,,,,,,,,,,,
20260412155326_0000_023,20260412155326_0000,20260412155326,一般卓,3,NoName,25,7m,tedashi,1775976888,2379.023,,1,2902.014,"[21,28,51,57,64,68,102,106,115,27]",,,,678m 4689p 89s 2z,,,,,,,,,,,,,,
20260412193706_0000_000,20260412193706_0000,20260412193706,一般卓,0,パシフィック,118,3z,tedashi,1775990241,,,0,,"[49,21,69,122,45,118,20,120,130,27,76,94,81,55]",,,,667m 3459p 236s 3446z,,,,3,3,4,,0,,,,,,
20260412193706_0000_001,20260412193706_0000,20260412193706,一般卓,1,KrlJiKay,66,8p,tedashi,1775990245,3843.198,,1,3768.414,"[49,21,69,122,45,20,120,130,27,76,94,81,55]",,,,667m 3459p 236s 446z,,,,,,,,,,,,,,
20260412193706_0000_002,20260412193706_0000,20260412193706,一般卓,2,サカ天和,37,1p,tedashi,1775990250,1759.628,,0,,"[49,21,69,122,45,20,120,130,27,76,94,81,55]",,,,667m 3459p 236s 446z,,,,,,,,,,,,,,
20260412193706_0000_003,20260412193706_0000,20260412193706,一般卓,3,akio,114,2z,tedashi,1775990252,2360.625,,0,,"[49,21,69,122,45,20,120,130,27,76,94,81,55]",,,,667m 3459p 236s 446z,,,,,,,,,,,,,,
20260412193706_0000_004,20260412193706_0000,20260412193706,一般卓,0,パシフィック,110,1z,tsumogiri,1775990253,685.404,,0,,"[49,21,69,122,45,20,120,130,27,76,94,81,55,110]",,,,667m 3459p 236s 1446z,,,,3,3,4,,0,,,,,,
20260412193706_0000_007,20260412193706_0000,20260412193706,一般卓,3,akio,117,3z,tedashi,1775990267,1744.473,,0,,"[20,21,27,45,49,55,69,76,81,94,120,122,130]",,,,667m 3459p 236s 446z,,,,,,,,,,,,,,
20260412193706_0000_008,20260412193706_0000,20260412193706,一般卓,0,パシフィック,134,7z,tsumogiri,1775990273,6405.835,,2,2085.757,"[20,21,27,45,49,55,69,76,81,94,120,122,130,134]",,,,667m 3459p 236s 4467z,,,,3,3,4,,0,,,,,,
20260412193706_0000_009,20260412193706_0000,20260412193706,一般卓,1,KrlJiKay,123,4z,tedashi,1775990279,4276.934,,1,8936.968,"[20,21,27,45,49,55,69,76,81,94,120,122,130]",,,,667m 3459p 236s 446z,,,,,,,,,,,,,,
20260412193706_0000_013,20260412193706_0000,20260412193706,一般卓,2,サカ天和,19,5m,tedashi,1775990311,4702.302,,0,,"[20,21,27,45,49,55,69,76,81,94,120,122,130]",,,,667m 3459p 236s 446z,,,,,,,,,,,,,,
20260412193706_0000_014,20260412193706_0000,20260412193706,一般卓,3,akio,70,9p,risekichu_hokan_tsumogiri,1775990314,3029.717,,0,,"[20,21,27,45,49,55,69,76,81,94,120,122,130]",,,,667m 3459p 236s 446z,,,,,,,,,,,,,,
20260412193706_0000_015,20260412193706_0000,20260412193706,一般卓,0,パシフィック,130,6z,tedashi,1775990315,1357.721,,2,1729.297,"[20,21,27,45,49,55,69,76,81,94,120,122,130,50]",,,,667m 34459p 236s 446z,,,,3,3,3,,0,,,,,,
20260412193706_0000_016,20260412193706_0000,20260412193706,一般卓,1,KrlJiKay,88,r5s,tedashi,1775990322,5109.263,,1,1853.439,"[20,21,27,45,49,55,69,76,81,94,120,122,50]",,,,667m 34459p 236s 44z,,,,,,,,,,,,,,
20260412193706_0000_017,20260412193706_0000,20260412193706,一般卓,2,サカ天和,5,2m,tedashi,1775990329,4929.55,,0,,"[20,21,27,45,49,55,69,76,81,94,120,122,50]",,,,667m 34459p 236s 44z,,,,,,,,,,,,,,
20260412193706_0000_018,20260412193706_0000,20260412193706,一般卓,3,akio,3,1m,tedashi,1775990331,2451.524,,0,,"[20,21,27,45,49,55,69,76,81,94,120,122,50]",,,,667m 34459p 236s 44z,,,,,,,,,,,,,,
20260412193706_0000_019,20260412193706_0000,20260412193706,一般卓,0,パシフィック,112,2z,tsumogiri,1775990333,2403.447,,0,,"[20,21,27,45,49,55,69,76,81,94,120,122,50,112]",,,,667m 34459p 236s 244z,,,,3,3,3,,0,,,,,,
20260412193706_0000_020,20260412193706_0000,20260412193706,一般卓,1,KrlJiKay,101,8s,risekichu_hokan_tsumogiri,1775990336,2721.436,,0,,"[20,21,27,45,49,55,69,76,81,94,120,122,50]",,,,667m 34459p 236s 44z,,,,,,,,,,,,,,
20260412193706_0000_021,20260412193706_0000,20260412193706,一般卓,2,サカ天和,0,1m,tedashi,1775990340,3686.026,,0,,"[20,21,27,45,49,55,69,76,81,94,120,122,50]",,,,667m 34459p 236s 44z,,,,,,,,,,,,,,
20260412193706_0000_022,20260412193706_0000,20260412193706,一般卓,3,akio,34,9m,risekichu_hokan_tsumogiri,1775990346,6236.462,,0,,"[20,21,27,45,49,55,69,76,81,94,120,122,50]",,,,667m 34459p 236s 44z,,,,,,,,,,,,,,
20260412193706_0000_023,20260412193706_0000,20260412193706,一般卓,0,パシフィック,94,6s,tedashi,1775990350,4181.455,,1,2276.428,"[20,21,27,45,49,55,69,76,81,94,120,122,50,65]",,,,667m 344589p 236s 44z,,,,2,2,3,,0,,,,,,
20260412193706_0000_024,20260412193706_0000,20260412193706,一般卓,1,KrlJiKay,98,7s,tedashi,1775990360,5433.162,,2,5317.058,"[20,21,27,45,49,55,69,76,81,120,122,50,65]",,,,667m 344589p 23s 44z,,,,,,,,,,,,,,
20260412193706_0000_025,20260412193706_0000,20260412193706,一般卓,3,akio,67,8p,tedashi,1775990367,1836.635,,0,,"[20,21,27,45,49,55,69,76,81,120,122,50,65]",,,,667m 344589p 23s 44z,,,,,,,,,,,,,,
20260412193706_0000_026,20260412193706_0000,20260412193706,一般卓,0,パシフィック,135,7z,tsumogiri,1775990370,3277.662,,0,,"[20,21,27,45,49,55,69,76,81,120,122,50,65,135]",,,,667m 344589p 23s 447z,,,,2,2,3,,0,,,,,,
20260412193706_0000_027,20260412193706_0000,20260412193706,一般卓,1,KrlJiKay,6,2m,risekichu_hokan_tsumogiri,1775990373,3155.208,,0,,"[20,21,27,45,49,55,69,76,81,120,122,50,65]",,,,667m 344589p 23s 44z,,,,,,,,,,,,,,
20260412193706_0000_028,20260412193706_0000,20260412193706,一般卓,2,サカ天和,77,2s,tedashi,1775990379,5367.883,,0,,"[20,21,27,45,49,55,69,76,81,120,122,50,65]",,,,667m 344589p 23s 44z,,,,,,,,,,,,,,
20260412193706_0000_029,20260412193706_0000,20260412193706,一般卓,3,akio,4,2m,tedashi,1775990381,2343.107,,0,,"[20,21,27,45,49,55,69,76,81,120,122,50,65]",,,,667m 344589p 23s 44z,,,,,,,,,,,,,,
20260412193706_0000_030,20260412193706_0000,20260412193706,一般卓,0,パシフィック,20,6m,tedashi,1775990383,2051.541,,0,,"[20,21,27,45,49,55,69,76,81,120,122,50,65,96]",,,,667m 344589p 237s 44z,,,,2,2,3,,1,,,,,,
20260412193706_0000_031,20260412193706_0000,20260412193706,一般卓,1,KrlJiKay,100,8s,tedashi,1775990385,2173.618,,0,,"[21,27,45,49,55,69,76,81,120,122,50,65,96]",,,,67m 344589p 237s 44z,,,,,,,,,,,,,,
20260412193706_0000_032,20260412193706_0000,20260412193706,一般卓,2,サカ天和,90,5s,tedashi,1775990392,6703.619,,0,,"[21,27,45,49,55,69,76,81,120,122,50,65,96]",,,,67m 344589p 237s 44z,,,,,,,,,,,,,,
20260412193706_0000_033,20260412193706_0000,20260412193706,一般卓,3,akio,95,6s,tedashi,1775990395,2485.506,,0,,"[21,27,45,49,55,69,76,81,120,122,50,65,96]",,,,67m 344589p 237s 44z,,,,,,,,,,,,,,
20260412193706_0000_034,20260412193706_0000,20260412193706,一般卓,0,パシフィック,96,7s,tedashi,1775990398,3190.603,,0,,"[21,27,45,49,55,69,76,81,120,122,50,65,96,78]",,,,67m 344589p 2237s 44z,,,,2,2,3,,0,,,,,,
20260412193706_0000_035,20260412193706_0000,20260412193706,一般卓,1,KrlJiKay,71,9p,risekichu_hokan_tsumogiri,1775990400,2757.343,,0,,"[21,27,45,49,55,69,76,81,120,122,50,65,78]",,,,67m 344589p 223s 44z,,,,,,,,,,,,,,
20260412193706_0000_036,20260412193706_0000,20260412193706,一般卓,2,サカ天和,31,8m,tedashi,1775990407,6032.005,,1,3070.727,"[21,27,45,49,55,69,76,81,120,122,50,65,78]",,,,67m 344589p 223s 44z,,,,,,,,,,,,,,
20260412193706_0000_037,20260412193706_0000,20260412193706,一般卓,3,akio,79,2s,tedashi,1775990418,8088.282,,2,1734.498,"[21,27,45,49,55,69,76,81,120,122,50,65,78]",,,,67m 344589p 223s 44z,,,,,,,,,,,,,,
20260412193706_0000_038,20260412193706_0000,20260412193706,一般卓,0,パシフィック,81,3s,tedashi,1775990426,7025.745,,0,,"[21,27,45,49,55,69,81,120,122,50,65]",,,,67m 344589p 3s 44z,,,,1,1,,,0,,,,,,
20260412193706_0000_039,20260412193706_0000,20260412193706,一般卓,1,KrlJiKay,22,6m,risekichu_hokan_tsumogiri,1775990429,3026.369,,1,2777.294,"[21,27,45,49,55,69,120,122,50,65]",,,,67m 344589p 44z,,,,,,,,,,,,,,
20260412193706_0000_040,20260412193706_0000,20260412193706,一般卓,2,サカ天和,40,2p,risekichu_hokan_tsumogiri,1775990433,1122.215,,0,,"[21,27,45,49,55,69,120,122,50,65]",,,,67m 344589p 44z,,,,,,,,,,,,,,
20260412193706_0000_041,20260412193706_0000,20260412193706,一般卓,3,akio,83,3s,tedashi,1775990436,3033.157,,0,,"[21,27,45,49,55,69,120,122,50,65]",,,,67m 344589p 44z,,,,,,,,,,,,,,
20260412193706_0000_042,20260412193706_0000,20260412193706,一般卓,0,パシフィック,80,3s,tsumogiri,1775990447,10355.643,,0,,"[21,27,45,49,55,69,120,122,50,65,80]",,,,67m 344589p 3s 44z,,,,1,1,,,0,,,,,,
20260412193706_0000_043,20260412193706_0000,20260412193706,一般卓,1,KrlJiKay,14,4m,risekichu_hokan_tsumogiri,1775990449,2574.272,,0,,"[21,27,45,49,55,69,120,122,50,65]",,,,67m 344589p 44z,,,,,,,,,,,,,,
20260412213933_0000_002,20260412213933_0000,20260412213933,一般卓,2,amarcome,121,4z,tedashi,1775997581,1222.794,,0,,"[6,11,22,23,26,32,33,51,58,72,88,128,135]",,,,2366799m 46p 1r5s 67z,,,,,,,,,,,,,,
20260412213933_0000_003,20260412213933_0000,20260412213933,一般卓,3,NoName,115,2z,tedashi,1775997583,1644.865,,0,,"[6,11,22,23,26,32,33,51,58,72,88,128,135]",,,,2366799m 46p 1r5s 67z,,,,,,,,,,,,,,
20260412213933_0000_006,20260412213933_0000,20260412213933,一般卓,2,amarcome,105,9s,tedashi,1775997600,3261.202,,0,,"[6,11,22,23,26,32,33,51,58,72,88,128,135]",,,,2366799m 46p 1r5s 67z,,,,,,,,,,,,,,
20260412213933_0000_007,20260412213933_0000,20260412213933,一般卓,3,NoName,118,3z,tedashi,1775997601,1434.655,,2,5044.955,"[6,11,22,23,26,32,33,51,58,72,88,128,135]",,,,2366799m 46p 1r5s 67z,,,,,,,,,,,,,,
20260412213933_0000_008,20260412213933_0000,20260412213933,一般卓,2,amarcome,111,1z,tedashi,1775997609,2670.152,,0,,"[6,11,22,23,26,32,33,51,58,72,88,128,135]",,,,2366799m 46p 1r5s 67z,,,,,,,,,,,,,,
20260412213933_0000_009,20260412213933_0000,20260412213933,一般卓,3,NoName,28,8m,risekichu_hokan_tsumogiri,1775997612,2455.495,,1,2050.299,"[6,11,22,23,26,32,33,51,58,72,88,128,135]",,,,2366799m 46p 1r5s 67z,,,,,,,,,,,,,,
20260412213933_0000_010,20260412213933_0000,20260412213933,一般卓,0,パシフィック,51,4p,tedashi,1775997619,5118.875,,0,,"[6,11,22,23,26,32,33,51,58,72,88,128,135,35]",,,,23667999m 46p 1r5s 67z,,,,3,3,4,,0,,,,,,
20260412213933_0000_011,20260412213933_0000,20260412213933,一般卓,1,ゆーだんだん,130,6z,tedashi,1775997620,1342.584,,0,,"[6,11,22,23,26,32,33,58,72,88,128,135,35]",,,,23667999m 6p 1r5s 67z,,,,,,,,,,,,,,
20260412213933_0000_019,20260412213933_0000,20260412213933,一般卓,2,amarcome,127,5z,tedashi,1775997650,2798.215,,0,,"[6,11,22,23,26,32,33,35,58,72,88,128,135]",,,,23667999m 6p 1r5s 67z,,,,,,,,,,,,,,
20260412213933_0000_020,20260412213933_0000,20260412213933,一般卓,3,NoName,3,1m,risekichu_hokan_tsumogiri,1775997652,2146.419,,0,,"[6,11,22,23,26,32,33,35,58,72,88,128,135]",,,,23667999m 6p 1r5s 67z,,,,,,,,,,,,,,
20260412214113_0000_000,20260412214113_0000,20260412214113,上級卓,2,kyonta,119,3z,risekichu_hokan_tsumogiri,1775997683,,,0,,"[132,16,78,80,50,56,34,88,97,27,33,4,116]",,,,2r5799m 46p 23r57s 37z,,,,,,,,,,,,,,
20260412214113_0000_001,20260412214113_0000,20260412214113,上級卓,3,ひらもと,110,1z,tedashi,1775997688,4307.929,,0,,"[132,16,78,80,50,56,34,88,97,27,33,4,116]",,,,2r5799m 46p 23r57s 37z,,,,,,,,,,,,,,
20260412214113_0000_003,20260412214113_0000,20260412214113,上級卓,1,D.G.,105,9s,tedashi,1775997696,1128.146,,0,,"[4,16,27,33,34,50,56,78,80,88,97,116,132]",,,,2r5799m 46p 23r57s 37z,,,,,,,,,,,,,,
20260412214113_0000_004,20260412214113_0000,20260412214113,上級卓,2,kyonta,39,1p,tedashi,1775997705,8821.817,,0,,"[4,16,27,33,34,50,56,78,80,88,97,116,132]",,,,2r5799m 46p 23r57s 37z,,,,,,,,,,,,,,
20260412214113_0000_005,20260412214113_0000,20260412214113,上級卓,3,ひらもと,128,6z,tedashi,1775997708,2560.927,,0,,"[4,16,27,33,34,50,56,78,80,88,97,116,132]",,,,2r5799m 46p 23r57s 37z,,,,,,,,,,,,,,
20260412214113_0000_006,20260412214113_0000,20260412214113,上級卓,0,パシフィック,132,7z,tedashi,1775997712,4531.792,,0,,"[4,16,27,33,34,50,56,78,80,88,97,116,132,109]",,,,2r5799m 46p 23r57s 137z,,,,3,3,5,,0,,,,,,
20260412214113_0000_007,20260412214113_0000,20260412214113,上級卓,1,D.G.,0,1m,tedashi,1775997715,2566.745,,0,,"[4,16,27,33,34,50,56,78,80,88,97,116,109]",,,,2r5799m 46p 23r57s 13z,,,,,,,,,,,,,,
20260412214113_0000_036,20260412214113_0000,20260412214113,上級卓,2,kyonta,112,2z,risekichu_hokan_tsumogiri,1775997818,2821.822,,0,,"[4,16,27,33,34,50,56,78,80,88,97,109,116]",,,,2r5799m 46p 23r57s 13z,,,,,,,,,,,,,,
20260413000312_0000_000,20260413000312_0000,20260413000312,上級卓,1,NoName,112,2z,risekichu_hokan_tsumogiri,1776006200,,,0,,"[106,103,77,42,21,100,19,87,49,129,45,6,24]",,,,2567m 234p 24889s 6z,,,,,,,,,,,,,,
20260413000312_0000_001,20260413000312_0000,20260413000312,上級卓,2,かっちゃん,108,1z,risekichu_hokan_tsumogiri,1776006204,3630.479,,0,,"[106,103,77,42,21,100,19,87,49,129,45,6,24]",,,,2567m 234p 24889s 6z,,,,,,,,,,,,,,
20260413000312_0000_002,20260413000312_0000,20260413000312,上級卓,3,shin5u2,3,1m,tedashi,1776006209,4476.7,,0,,"[106,103,77,42,21,100,19,87,49,129,45,6,24]",,,,2567m 234p 24889s 6z,,,,,,,,,,,,,,
20260413000312_0000_003,20260413000312_0000,20260413000312,上級卓,0,パシフィック,103,8s,tedashi,1776006224,15046.761,,0,,"[106,103,77,42,21,100,19,87,49,129,45,6,24,96]",,,,2567m 234p 247889s 6z,,,,1,1,5,,0,,,,,,
20260413000312_0000_006,20260413000312_0000,20260413000312,上級卓,3,shin5u2,37,1p,tedashi,1776006235,3091.386,,1,1324.906,"[6,19,21,24,42,45,49,77,87,96,100,106,129]",,,,2567m 234p 24789s 6z,,,,,,,,,,,,,,
20260413000312_0000_007,20260413000312_0000,20260413000312,上級卓,0,パシフィック,127,5z,tsumogiri,1776006238,2187.978,,1,1905.742,"[6,19,21,24,42,45,49,77,87,96,100,106,129,127]",,,,2567m 234p 24789s 56z,,,,1,1,6,,0,,,,,,
20260413000312_0000_008,20260413000312_0000,20260413000312,上級卓,1,NoName,126,5z,risekichu_hokan_tsumogiri,1776006242,1264.024,,0,,"[6,19,21,24,42,45,49,77,87,96,100,106,129]",,,,2567m 234p 24789s 6z,,,,,,,,,,,,,,
20260413021631_0000_000,20260413021631_0000,20260413021631,一般卓,2,ネパールカレー,118,3z,tedashi,1776014196,,,0,,"[111,15,91,66,36,103,59,18,21,125,113,17,105]",,,,4556m 168p 589s 125z,,,,,,,,,,,,,,
20260413021631_0000_001,20260413021631_0000,20260413021631,一般卓,3,ひょうもんたこら,95,6s,tedashi,1776014202,6590.045,,0,,"[111,15,91,66,36,103,59,18,21,125,113,17,105]",,,,4556m 168p 589s 125z,,,,,,,,,,,,,,
20260413021631_0000_002,20260413021631_0000,20260413021631,一般卓,0,パシフィック,111,1z,tedashi,1776014206,3316.312,,0,,"[111,15,91,66,36,103,59,18,21,125,113,17,105,54]",,,,4556m 1568p 589s 125z,,,,4,4,5,,0,,,,,,
20260413021631_0000_003,20260413021631_0000,20260413021631,一般卓,1,たけのうち,114,2z,tedashi,1776014207,1866.728,,0,,"[15,91,66,36,103,59,18,21,125,113,17,105,54]",,,,4556m 1568p 589s 25z,,,,,,,,,,,,,,
20260413021631_0000_004,20260413021631_0000,20260413021631,一般卓,2,ネパールカレー,123,4z,tedashi,1776014212,4604.968,,0,,"[15,91,66,36,103,59,18,21,125,113,17,105,54]",,,,4556m 1568p 589s 25z,,,,,,,,,,,,,,
20260413021631_0000_005,20260413021631_0000,20260413021631,一般卓,3,ひょうもんたこら,78,2s,tedashi,1776014215,3274.305,,1,1446.342,"[15,91,66,36,103,59,18,21,125,113,17,105,54]",,,,4556m 1568p 589s 25z,,,,,,,,,,,,,,
20260413021631_0000_006,20260413021631_0000,20260413021631,一般卓,0,パシフィック,113,2z,tedashi,1776014218,951.131,,0,,"[15,91,66,36,103,59,18,21,125,113,17,105,54,23]",,,,45566m 1568p 589s 25z,,,,3,3,4,,0,,,,,,
20260413021631_0000_007,20260413021631_0000,20260413021631,一般卓,1,たけのうち,93,6s,tedashi,1776014223,5795.299,,1,1224.705,"[15,91,66,36,103,59,18,21,125,17,105,54,23]",,,,45566m 1568p 589s 5z,,,,,,,,,,,,,,
20260413021631_0000_008,20260413021631_0000,20260413021631,一般卓,2,ネパールカレー,124,5z,tedashi,1776014228,2974.983,,0,,"[15,91,66,36,103,59,18,21,125,17,105,54,23]",,,,45566m 1568p 589s 5z,,,,,,,,,,,,,,
20260413021631_0000_009,20260413021631_0000,20260413021631,一般卓,3,ひょうもんたこら,42,2p,tedashi,1776014230,1991.641,,0,,"[15,91,66,36,103,59,18,21,125,17,105,54,23]",,,,45566m 1568p 589s 5z,,,,,,,,,,,,,,
20260413021631_0000_010,20260413021631_0000,20260413021631,一般卓,0,パシフィック,36,1p,tedashi,1776014233,3126.369,,0,,"[15,91,66,36,103,59,18,21,125,17,105,54,23,63]",,,,45566m 15678p 589s 5z,,,,2,2,4,,0,,,,,,
20260413021631_0000_011,20260413021631_0000,20260413021631,一般卓,1,たけのうち,49,4p,tedashi,1776014235,2055.582,,1,1780.765,"[15,91,66,103,59,18,21,125,17,105,54,23,63]",,,,45566m 5678p 589s 5z,,,,,,,,,,,,,,
20260413021631_0000_012,20260413021631_0000,20260413021631,一般卓,2,ネパールカレー,40,2p,risekichu_hokan_tsumogiri,1776014245,7943.399,,1,2046.759,"[15,91,66,103,59,18,21,125,17,105,54,23,63]",,,,45566m 5678p 589s 5z,,,,,,,,,,,,,,
20260413021631_0000_013,20260413021631_0000,20260413021631,一般卓,3,ひょうもんたこら,71,9p,tedashi,1776014249,2241.82,,2,1982.576,"[15,91,66,103,59,18,21,125,17,105,54,23,63]",,,,45566m 5678p 589s 5z,,,,,,,,,,,,,,
20260413021631_0000_014,20260413021631_0000,20260413021631,一般卓,0,パシフィック,125,5z,tedashi,1776014267,16065.012,,0,,"[15,91,103,59,18,21,125,17,105,54,23]",,,,45566m 56p 589s 5z,,,,2,2,,,0,,,,,,
20260413021631_0000_015,20260413021631_0000,20260413021631,一般卓,1,たけのうち,110,1z,tedashi,1776014270,2648.774,,0,,"[15,91,103,59,18,21,17,105,54,23]",,,,45566m 56p 589s,,,,,,,,,,,,,,
20260413021631_0101_016,20260413021631_0101,20260413021631,一般卓,3,ひょうもんたこら,78,2s,tedashi,1776014514,10335.583,,1,1747.005,"[2,6,13,18,50,54,56,63,64,72,123,128,132]",,,,1245m 45678p 1s 467z,,,,,,,,,,,,,,
20260413021631_0101_017,20260413021631_0101,20260413021631,一般卓,0,パシフィック,128,6z,tedashi,1776014517,771.326,,0,,"[2,6,13,18,50,54,56,63,64,72,123,128,132,100]",,,,1245m 45678p 18s 467z,,,,3,3,6,,0,,,,,,
20260413021631_0101_018,20260413021631_0101,20260413021631,一般卓,1,たけのうち,129,6z,risekichu_hokan_tsumogiri,1776014519,1885.597,,0,,"[2,6,13,18,50,54,56,63,64,72,123,132,100]",,,,1245m 45678p 18s 47z,,,,,,,,,,,,,,
20260413021631_0101_019,20260413021631_0101,20260413021631,一般卓,2,ネパールカレー,130,6z,tedashi,1776014521,2872.534,,0,,"[2,6,13,18,50,54,56,63,64,72,123,132,100]",,,,1245m 45678p 18s 47z,,,,,,,,,,,,,,
20260413021631_0101_020,20260413021631_0101,20260413021631,一般卓,3,ひょうもんたこら,82,3s,tedashi,1776014525,3371.247,,0,,"[2,6,13,18,50,54,56,63,64,72,123,132,100]",,,,1245m 45678p 18s 47z,,,,,,,,,,,,,,
20260413021631_0101_021,20260413021631_0101,20260413021631,一般卓,0,パシフィック,100,8s,tedashi,1776014527,2567.864,,0,,"[2,6,13,18,50,54,56,63,64,72,123,132,100,75]",,,,1245m 45678p 118s 47z,,,,2,2,5,,0,,,,,,
20260413021631_0101_022,20260413021631_0101,20260413021631,一般卓,1,たけのうち,69,9p,risekichu_hokan_tsumogiri,1776014530,2109.813,,0,,"[2,6,13,18,50,54,56,63,64,72,123,132,75]",,,,1245m 45678p 11s 47z,,,,,,,,,,,,,,
20260413021631_0101_023,20260413021631_0101,20260413021631,一般卓,2,ネパールカレー,108,1z,tedashi,1776014535,5773.083,,2,2244.251,"[2,6,13,18,50,54,56,63,64,72,123,132,75]",,,,1245m 45678p 11s 47z,,,,,,,,,,,,,,
20260413021631_0101_024,20260413021631_0101,20260413021631,一般卓,3,ひょうもんたこら,59,6p,tedashi,1776014540,2605.419,,2,2269.652,"[2,6,13,18,50,54,56,63,64,72,123,132,75]",,,,1245m 45678p 11s 47z,,,,,,,,,,,,,,
20260413021631_0101_025,20260413021631_0101,20260413021631,一般卓,0,パシフィック,123,4z,tedashi,1776014549,6653.249,,2,2399.531,"[2,6,13,18,56,63,64,72,123,132,75]",,,,1245m 678p 11s 47z,,,,1,1,,,0,,,,,,
20260413021631_0101_026,20260413021631_0101,20260413021631,一般卓,3,ひょうもんたこら,46,3p,tedashi,1776014552,961.632,,0,,"[2,6,13,18,56,63,64,72,132,75]",,,,1245m 678p 11s 7z,,,,,,,,,,,,,,
20260413021631_0101_027,20260413021631_0101,20260413021631,一般卓,3,ひょうもんたこら,55,5p,risekichu_hokan_tsumogiri,1776014607,4815.442,,1,1678.99,"[2,6,13,18,52,56,63,64,72,75]",,,,1245m r5678p 11s,,,,,,,,,,,,,,
20260413021631_0101_028,20260413021631_0101,20260413021631,一般卓,0,パシフィック,13,4m,tedashi,1776014621,12904.634,,0,,"[2,6,13,18,52,56,63,64,72,75,114]",,,,1245m r5678p 11s 2z,,,,1,1,,,0,,,,,,
20260413021631_0101_029,20260413021631_0101,20260413021631,一般卓,1,たけのうち,43,2p,tedashi,1776014623,2139.771,,0,,"[2,6,18,52,56,63,64,72,75,114]",,,,125m r5678p 11s 2z,,,,,,,,,,,,,,
20260413021631_0101_030,20260413021631_0101,20260413021631,一般卓,2,ネパールカレー,66,8p,risekichu_hokan_tsumogiri,1776014626,2569.51,,0,,"[2,6,18,52,56,63,64,72,75,114]",,,,125m r5678p 11s 2z,,,,,,,,,,,,,,
20260413021631_0101_031,20260413021631_0101,20260413021631,一般卓,3,ひょうもんたこら,113,2z,risekichu_hokan_tsumogiri,1776014628,2454.706,,0,,"[2,6,18,52,56,63,64,72,75,114]",,,,125m r5678p 11s 2z,,,,,,,,,,,,,,
20260413021631_0101_032,20260413021631_0101,20260413021631,一般卓,0,パシフィック,4,2m,tsumogiri,1776014640,11732.261,,0,,"[2,6,18,52,56,63,64,72,75,114,4]",,,,1225m r5678p 11s 2z,,,,2,2,,,0,,,,,,
20260413021631_0102_000,20260413021631_0102,20260413021631,一般卓,3,ひょうもんたこら,60,7p,tedashi,1776014662,,,0,,"[102,65,91,130,85,94,126,123,74,0,125,13,88]",,,,14m 8p 14r5568s 4556z,,,,,,,,,,,,,,
20260413021631_0102_001,20260413021631_0102,20260413021631,一般卓,0,パシフィック,69,9p,tsumogiri,1776014681,18702.356,,0,,"[102,65,91,130,85,94,126,123,74,0,125,13,88,69]",,,,14m 89p 14r5568s 4556z,,,,4,4,4,,0,,,,,,
20260413021631_0200_043,20260413021631_0200,20260413021631,一般卓,3,ひょうもんたこら,3,1m,tedashi,1776015058,3259.423,,0,,"[19,22,29,38,48,66,75,93,95,105,126,128,129]",,,,568m 148p 1669s 566z,,,,,,,,,,,,,,
20260413023111_0000_000,20260413023111_0000,20260413023111,上級卓,1,sabakan,120,4z,tedashi,1776015076,,,0,,"[48,97,4,107,23,5,79,17,51,71,33,3,85]",,,,122569m 449p 2479s,,,,,,,,,,,,,,
20260413023111_0000_001,20260413023111_0000,20260413023111,上級卓,2,Tovenaar,123,4z,tedashi,1776015078,1310.602,,0,,"[48,97,4,107,23,5,79,17,51,71,33,3,85]",,,,122569m 449p 2479s,,,,,,,,,,,,,,
20260413023111_0000_002,20260413023111_0000,20260413023111,上級卓,3,NoName,72,1s,tedashi,1776015082,4357.581,,0,,"[48,97,4,107,23,5,79,17,51,71,33,3,85]",,,,122569m 449p 2479s,,,,,,,,,,,,,,
20260413023111_0000_003,20260413023111_0000,20260413023111,上級卓,0,パシフィック,31,8m,tsumogiri,1776015083,713.031,,0,,"[48,97,4,107,23,5,79,17,51,71,33,3,85,31]",,,,1225689m 449p 2479s,,,,3,3,4,,0,,,,,,
20260413023111_0000_004,20260413023111_0000,20260413023111,上級卓,1,sabakan,132,7z,tedashi,1776015085,1789.959,,1,1628.682,"[48,97,4,107,23,5,79,17,51,71,33,3,85]",,,,122569m 449p 2479s,,,,,,,,,,,,,,
20260413023111_0000_005,20260413023111_0000,20260413023111,上級卓,2,Tovenaar,42,2p,tedashi,1776015088,1349.983,,0,,"[48,97,4,107,23,5,79,17,51,71,33,3,85]",,,,122569m 449p 2479s,,,,,,,,,,,,,,
20260413023111_0000_006,20260413023111_0000,20260413023111,上級卓,3,NoName,70,9p,tedashi,1776015089,1742.831,,0,,"[48,97,4,107,23,5,79,17,51,71,33,3,85]",,,,122569m 449p 2479s,,,,,,,,,,,,,,
20260413023111_0000_007,20260413023111_0000,20260413023111,上級卓,0,パシフィック,71,9p,tedashi,1776015092,2660.272,,0,,"[48,97,4,107,23,5,79,17,51,71,33,3,85,54]",,,,122569m 4459p 2479s,,,,3,3,4,,0,,,,,,
20260413023111_0000_008,20260413023111_0000,20260413023111,上級卓,1,sabakan,109,1z,tedashi,1776015094,2448.312,,0,,"[48,97,4,107,23,5,79,17,51,33,3,85,54]",,,,122569m 445p 2479s,,,,,,,,,,,,,,
20260413023111_0000_009,20260413023111_0000,20260413023111,上級卓,2,Tovenaar,110,1z,tedashi,1776015097,2153.055,,0,,"[48,97,4,107,23,5,79,17,51,33,3,85,54]",,,,122569m 445p 2479s,,,,,,,,,,,,,,
20260413023111_0000_010,20260413023111_0000,20260413023111,上級卓,3,NoName,35,9m,tedashi,1776015098,1536.487,,0,,"[48,97,4,107,23,5,79,17,51,33,3,85,54]",,,,122569m 445p 2479s,,,,,,,,,,,,,,
20260413023111_0000_011,20260413023111_0000,20260413023111,上級卓,0,パシフィック,27,7m,tsumogiri,1776015115,16720.433,,0,,"[48,97,4,107,23,5,79,17,51,33,3,85,54,27]",,,,1225679m 445p 2479s,,,,2,2,4,,0,,,,,,
20260413023111_0000_012,20260413023111_0000,20260413023111,上級卓,1,sabakan,38,1p,tedashi,1776015117,2625.817,,0,,"[48,97,4,107,23,5,79,17,51,33,3,85,54]",,,,122569m 445p 2479s,,,,,,,,,,,,,,
20260413023111_0000_013,20260413023111_0000,20260413023111,上級卓,2,Tovenaar,1,1m,tedashi,1776015119,1851.059,,0,,"[48,97,4,107,23,5,79,17,51,33,3,85,54]",,,,122569m 445p 2479s,,,,,,,,,,,,,,
20260413023111_0000_014,20260413023111_0000,20260413023111,上級卓,3,NoName,108,1z,tedashi,1776015121,1323.177,,0,,"[48,97,4,107,23,5,79,17,51,33,3,85,54]",,,,122569m 445p 2479s,,,,,,,,,,,,,,
20260413023111_0000_015,20260413023111_0000,20260413023111,上級卓,0,パシフィック,48,4p,tedashi,1776015122,1307.837,,1,880.525,"[48,97,4,107,23,5,79,17,51,33,3,85,54,134]",,,,122569m 445p 2479s 7z,,,,3,3,4,,1,,,,,,
20260413023111_0000_016,20260413023111_0000,20260413023111,上級卓,1,sabakan,0,1m,tedashi,1776015125,2212.991,,0,,"[97,4,107,23,5,79,17,51,33,3,85,54,134]",,,,122569m 45p 2479s 7z,,,,,,,,,,,,,,
20260413023111_0000_017,20260413023111_0000,20260413023111,上級卓,2,Tovenaar,67,8p,tedashi,1776015129,3585.592,,1,1657.546,"[97,4,107,23,5,79,17,51,33,3,85,54,134]",,,,122569m 45p 2479s 7z,,,,,,,,,,,,,,
20260413023111_0000_018,20260413023111_0000,20260413023111,上級卓,3,NoName,105,9s,tedashi,1776015132,1432.994,,0,,"[97,4,107,23,5,79,17,51,33,3,85,54,134]",,,,122569m 45p 2479s 7z,,,,,,,,,,,,,,
20260413023111_0000_019,20260413023111_0000,20260413023111,上級卓,0,パシフィック,134,7z,tedashi,1776015134,2500.45,,0,,"[97,4,107,23,5,79,17,51,33,3,85,54,134,104]",,,,122569m 45p 24799s 7z,,,,3,3,4,,0,,,,,,
20260413023111_0000_020,20260413023111_0000,20260413023111,上級卓,1,sabakan,43,2p,risekichu_hokan_tsumogiri,1776015136,2201.807,,0,,"[97,4,107,23,5,79,17,51,33,3,85,54,104]",,,,122569m 45p 24799s,,,,,,,,,,,,,,
20260413023111_0000_021,20260413023111_0000,20260413023111,上級卓,2,Tovenaar,75,1s,tedashi,1776015139,2268.448,,0,,"[97,4,107,23,5,79,17,51,33,3,85,54,104]",,,,122569m 45p 24799s,,,,,,,,,,,,,,
20260413023111_0000_022,20260413023111_0000,20260413023111,上級卓,3,NoName,2,1m,tedashi,1776015141,2523.391,,0,,"[97,4,107,23,5,79,17,51,33,3,85,54,104]",,,,122569m 45p 24799s,,,,,,,,,,,,,,
20260413023111_0000_023,20260413023111_0000,20260413023111,上級卓,0,パシフィック,133,7z,tsumogiri,1776015151,9560.015,,0,,"[97,4,107,23,5,79,17,51,33,3,85,54,104,133]",,,,122569m 45p 24799s 7z,,,,3,3,4,,0,,,,,,
20260413023111_0000_024,20260413023111_0000,20260413023111,上級卓,1,sabakan,7,2m,tedashi,1776015153,2735.183,,2,7498.002,"[97,4,107,23,5,79,17,51,33,3,85,54,104]",,,,122569m 45p 24799s,,,,,,,,,,,,,,
20260413023111_0000_025,20260413023111_0000,20260413023111,上級卓,2,Tovenaar,20,6m,tedashi,1776015162,1373.008,,0,,"[97,4,107,23,5,79,17,51,33,3,85,54,104]",,,,122569m 45p 24799s,,,,,,,,,,,,,,
20260413023111_0000_026,20260413023111_0000,20260413023111,上級卓,3,NoName,41,2p,risekichu_hokan_tsumogiri,1776015167,4659.043,,0,,"[97,4,107,23,5,79,17,51,33,3,85,54,104]",,,,122569m 45p 24799s,,,,,,,,,,,,,,
20260413023111_0000_027,20260413023111_0000,20260413023111,上級卓,0,パシフィック,79,2s,tedashi,1776015169,2200.333,,0,,"[97,4,107,23,5,79,17,51,33,3,85,54,104,92]",,,,122569m 45p 246799s,,,,3,3,4,,0,,,,,,
20260413023111_0000_028,20260413023111_0000,20260413023111,上級卓,1,sabakan,74,1s,risekichu_hokan_tsumogiri,1776015171,2203.647,,0,,"[97,4,107,23,5,17,51,33,3,85,54,104,92]",,,,122569m 45p 46799s,,,,,,,,,,,,,,
20260413023111_0000_029,20260413023111_0000,20260413023111,上級卓,2,Tovenaar,13,4m,risekichu_hokan_tsumogiri,1776015173,1942.189,,0,,"[97,4,107,23,5,17,51,33,3,85,54,104,92]",,,,122569m 45p 46799s,,,,,,,,,,,,,,
20260413023111_0000_030,20260413023111_0000,20260413023111,上級卓,3,NoName,30,8m,tedashi,1776015176,2466.049,,0,,"[97,4,107,23,5,17,51,33,3,85,54,104,92]",,,,122569m 45p 46799s,,,,,,,,,,,,,,
20260413023111_0000_031,20260413023111_0000,20260413023111,上級卓,0,パシフィック,3,1m,tedashi,1776015179,3642.611,,0,,"[97,4,107,23,5,17,51,33,3,85,54,104,92,32]",,,,1225699m 45p 46799s,,,,3,3,3,,0,,,,,,
20260413023111_0000_032,20260413023111_0000,20260413023111,上級卓,1,sabakan,69,9p,tedashi,1776015182,2559.979,,0,,"[97,4,107,23,5,17,51,33,85,54,104,92,32]",,,,225699m 45p 46799s,,,,,,,,,,,,,,
20260413023111_0000_033,20260413023111_0000,20260413023111,上級卓,2,Tovenaar,9,3m,risekichu_hokan_tsumogiri,1776015184,1994.33,,1,2353.365,"[97,4,107,23,5,17,51,33,85,54,104,92,32]",,,,225699m 45p 46799s,,,,,,,,,,,,,,
20260413023111_0000_034,20260413023111_0000,20260413023111,上級卓,3,NoName,37,1p,risekichu_hokan_tsumogiri,1776015188,1535.553,,0,,"[97,4,107,23,5,17,51,33,85,54,104,92,32]",,,,225699m 45p 46799s,,,,,,,,,,,,,,
20260413023111_0000_035,20260413023111_0000,20260413023111,上級卓,0,パシフィック,85,4s,tedashi,1776015191,3188.38,,0,,"[97,4,107,23,5,17,51,33,85,54,104,92,32,18]",,,,2255699m 45p 46799s,,,,2,3,2,,0,,,,,,
20260413023111_0000_036,20260413023111_0000,20260413023111,上級卓,1,sabakan,103,8s,tedashi,1776015193,1774.428,,2,2509.959,"[97,4,107,23,5,17,51,33,54,104,92,32,18]",,,,2255699m 45p 6799s,,,,,,,,,,,,,,
20260413023111_0000_037,20260413023111_0000,20260413023111,上級卓,2,Tovenaar,99,7s,tedashi,1776015196,923.872,,0,,"[97,4,107,23,5,17,51,33,54,104,92,32,18]",,,,2255699m 45p 6799s,,,,,,,,,,,,,,
20260413023111_0000_038,20260413023111_0000,20260413023111,上級卓,3,NoName,117,3z,tedashi,1776015200,3370.763,,0,,"[97,4,107,23,5,17,51,33,54,104,92,32,18]",,,,2255699m 45p 6799s,,,,,,,,,,,,,,
20260413023111_0000_039,20260413023111_0000,20260413023111,上級卓,0,パシフィック,111,1z,tsumogiri,1776015201,1814.72,,0,,"[97,4,107,23,5,17,51,33,54,104,92,32,18,111]",,,,2255699m 45p 6799s 1z,,,,2,3,2,,0,,,,,,
20260413023111_0000_040,20260413023111_0000,20260413023111,上級卓,1,sabakan,88,r5s,tedashi,1776015206,417.678,4027.297,0,,"[97,4,107,23,5,17,51,33,54,104,92,32,18]",,,,2255699m 45p 6799s,,,,,,,,,,,,,,
20260413023111_0000_041,20260413023111_0000,20260413023111,上級卓,2,Tovenaar,11,3m,risekichu_hokan_tsumogiri,1776015209,3472.477,,1,1524.302,"[97,4,107,23,5,17,51,33,54,104,92,32,18]",,,,2255699m 45p 6799s,,,,,,,,,,,,,,
20260413023111_0000_042,20260413023111_0000,20260413023111,上級卓,3,NoName,91,5s,tedashi,1776015213,1624.195,,2,1366.693,"[97,4,107,23,5,17,51,33,54,104,92,32,18]",,,,2255699m 45p 6799s,,,,,,,,,,,,,,
20260413023111_0000_043,20260413023111_0000,20260413023111,上級卓,0,パシフィック,33,9m,tedashi,1776015215,1119.531,,0,,"[4,107,23,5,17,51,33,54,104,32,18]",,,,2255699m 45p 99s,,,,2,2,,,0,,,,,,
20260413023111_0001_000,20260413023111_0001,20260413023111,上級卓,1,sabakan,134,7z,tedashi,1776015233,,,0,,"[55,119,26,16,40,81,68,84,60,95,45,20,11]",,,,3r567m 23579p 346s 3z,,,,,,,,,,,,,,
20260413023111_0001_001,20260413023111_0001,20260413023111,上級卓,2,Tovenaar,118,3z,tedashi,1776015235,1547.196,,0,,"[55,119,26,16,40,81,68,84,60,95,45,20,11]",,,,3r567m 23579p 346s 3z,,,,,,,,,,,,,,
20260413023111_0001_002,20260413023111_0001,20260413023111,上級卓,3,NoName,77,2s,tedashi,1776015240,4898.583,,1,2999.961,"[55,119,26,16,40,81,68,84,60,95,45,20,11]",,,,3r567m 23579p 346s 3z,,,,,,,,,,,,,,
20260413023111_0001_003,20260413023111_0001,20260413023111,上級卓,0,パシフィック,68,9p,tedashi,1776015244,915.38,,0,,"[55,119,26,16,40,81,68,84,60,95,45,20,11,97]",,,,3r567m 23579p 3467s 3z,,,,3,3,6,,0,,,,,,
20260413023111_0001_004,20260413023111_0001,20260413023111,上級卓,1,sabakan,66,8p,tedashi,1776015245,1880.569,,0,,"[55,119,26,16,40,81,84,60,95,45,20,11,97]",,,,3r567m 2357p 3467s 3z,,,,,,,,,,,,,,
20260413023111_0001_005,20260413023111_0001,20260413023111,上級卓,2,Tovenaar,72,1s,tedashi,1776015247,1623.115,,0,,"[55,119,26,16,40,81,84,60,95,45,20,11,97]",,,,3r567m 2357p 3467s 3z,,,,,,,,,,,,,,
20260413023111_0001_006,20260413023111_0001,20260413023111,上級卓,3,NoName,67,8p,tedashi,1776015250,3127.771,,0,,"[55,119,26,16,40,81,84,60,95,45,20,11,97]",,,,3r567m 2357p 3467s 3z,,,,,,,,,,,,,,
20260413023111_0001_007,20260413023111_0001,20260413023111,上級卓,0,パシフィック,60,7p,tedashi,1776015254,4034.047,,0,,"[55,119,26,16,40,81,84,60,95,45,20,11,97,19]",,,,3r5567m 2357p 3467s 3z,,,,3,3,5,,0,,,,,,
20260413023111_0001_008,20260413023111_0001,20260413023111,上級卓,1,sabakan,133,7z,risekichu_hokan_tsumogiri,1776015256,1900.467,,0,,"[55,119,26,16,40,81,84,95,45,20,11,97,19]",,,,3r5567m 235p 3467s 3z,,,,,,,,,,,,,,
20260413023111_0001_009,20260413023111_0001,20260413023111,上級卓,2,Tovenaar,107,9s,risekichu_hokan_tsumogiri,1776015258,1936.947,,1,1138.126,"[55,119,26,16,40,81,84,95,45,20,11,97,19]",,,,3r5567m 235p 3467s 3z,,,,,,,,,,,,,,
20260413023111_0001_010,20260413023111_0001,20260413023111,上級卓,3,NoName,63,7p,tedashi,1776015260,1348.813,,0,,"[55,119,26,16,40,81,84,95,45,20,11,97,19]",,,,3r5567m 235p 3467s 3z,,,,,,,,,,,,,,
20260413023111_0001_011,20260413023111_0001,20260413023111,上級卓,0,パシフィック,55,5p,tedashi,1776015263,2527.198,,1,847.892,"[55,119,26,16,40,81,84,95,45,20,11,97,19,98]",,,,3r5567m 235p 34677s 3z,,,,2,2,4,,0,,,,,,
20260413023111_0001_012,20260413023111_0001,20260413023111,上級卓,1,sabakan,103,8s,risekichu_hokan_tsumogiri,1776015267,2651.376,,0,,"[119,26,16,40,81,84,95,45,20,11,97,19,98]",,,,3r5567m 23p 34677s 3z,,,,,,,,,,,,,,
20260413023111_0001_013,20260413023111_0001,20260413023111,上級卓,2,Tovenaar,2,1m,tedashi,1776015269,2251.134,,1,1442.295,"[119,26,16,40,81,84,95,45,20,11,97,19,98]",,,,3r5567m 23p 34677s 3z,,,,,,,,,,,,,,
20260413023111_0001_014,20260413023111_0001,20260413023111,上級卓,3,NoName,78,2s,risekichu_hokan_tsumogiri,1776015272,1880.796,,2,2550.984,"[119,26,16,40,81,84,95,45,20,11,97,19,98]",,,,3r5567m 23p 34677s 3z,,,,,,,,,,,,,,
20260413023111_0001_015,20260413023111_0001,20260413023111,上級卓,0,パシフィック,40,2p,tedashi,1776015276,1394.028,,1,2047.4,"[119,26,16,40,95,45,20,11,97,19,98]",,,,3r5567m 23p 677s 3z,,,,1,1,,,0,,,,,,
20260413023111_0001_016,20260413023111_0001,20260413023111,上級卓,1,sabakan,6,2m,tedashi,1776015281,3133.273,,0,,"[119,26,16,95,45,20,11,97,19,98]",,,,3r5567m 3p 677s 3z,,,,,,,,,,,,,,
20260413023111_0001_017,20260413023111_0001,20260413023111,上級卓,2,Tovenaar,34,9m,tedashi,1776015283,2259.776,,0,,"[119,26,16,95,45,20,11,97,19,98]",,,,3r5567m 3p 677s 3z,,,,,,,,,,,,,,
20260413023111_0001_018,20260413023111_0001,20260413023111,上級卓,3,NoName,70,9p,risekichu_hokan_tsumogiri,1776015286,2192.767,,0,,"[119,26,16,95,45,20,11,97,19,98]",,,,3r5567m 3p 677s 3z,,,,,,,,,,,,,,
20260413023111_0001_019,20260413023111_0001,20260413023111,上級卓,0,パシフィック,45,3p,tedashi,1776015287,1177.552,,1,865.786,"[119,26,16,95,45,20,11,97,19,98,117]",,,,3r5567m 3p 677s 33z,,,,1,1,,,0,,,,,,
20260413023111_0001_020,20260413023111_0001,20260413023111,上級卓,1,sabakan,100,8s,risekichu_hokan_tsumogiri,1776015289,1218.659,,2,4833.167,"[119,26,16,95,20,11,97,19,98,117]",,,,3r5567m 677s 33z,,,,,,,,,,,,,,
20260413023111_0001_021,20260413023111_0001,20260413023111,上級卓,2,Tovenaar,110,1z,tedashi,1776015295,902.279,,0,,"[119,26,16,95,20,11,97,19,98,117]",,,,3r5567m 677s 33z,,,,,,,,,,,,,,
20260413023111_0001_022,20260413023111_0001,20260413023111,上級卓,3,NoName,59,6p,tedashi,1776015301,6787.003,,0,,"[119,26,16,95,20,11,97,19,98,117]",,,,3r5567m 677s 33z,,,,,,,,,,,,,,
20260413023111_0001_023,20260413023111_0001,20260413023111,上級卓,0,パシフィック,104,9s,tsumogiri,1776015320,18706.694,,1,897.327,"[119,26,16,95,20,11,97,19,98,117,104]",,,,3r5567m 6779s 33z,,,,1,1,,,0,,,,,,
20260413023111_0001_024,20260413023111_0001,20260413023111,上級卓,1,sabakan,61,7p,tedashi,1776015325,4268.227,,0,,"[119,26,16,95,20,11,97,19,98,117]",,,,3r5567m 677s 33z,,,,,,,,,,,,,,
20260413023111_0001_025,20260413023111_0001,20260413023111,上級卓,2,Tovenaar,93,6s,tedashi,1776015328,2439.057,,0,,"[119,26,16,95,20,11,97,19,98,117]",,,,3r5567m 677s 33z,,,,,,,,,,,,,,
20260413023111_0001_026,20260413023111_0001,20260413023111,上級卓,3,NoName,109,1z,tedashi,1776015330,2327.63,,0,,"[119,26,16,95,20,11,97,19,98,117]",,,,3r5567m 677s 33z,,,,,,,,,,,,,,
20260413023111_0001_027,20260413023111_0001,20260413023111,上級卓,0,パシフィック,128,6z,tsumogiri,1776015332,1721.859,,0,,"[119,26,16,95,20,11,97,19,98,117,128]",,,,3r5567m 677s 336z,,,,1,1,,,0,,,,,,
20260413023111_0001_028,20260413023111_0001,20260413023111,上級卓,1,sabakan,38,1p,tedashi,1776015337,4976.831,,0,,"[119,26,16,95,20,11,97,19,98,117]",,,,3r5567m 677s 33z,,,,,,,,,,,,,,
20260413023111_0001_029,20260413023111_0001,20260413023111,上級卓,2,Tovenaar,12,4m,tedashi,1776015340,3180.804,,1,1720.773,"[119,26,16,95,20,11,97,19,98,117]",,,,3r5567m 677s 33z,,,,,,,,,,,,,,
20260413023111_0001_030,20260413023111_0001,20260413023111,上級卓,3,NoName,101,8s,risekichu_hokan_tsumogiri,1776015343,1184.686,,2,1467.915,"[119,26,16,95,20,11,97,19,98,117]",,,,3r5567m 677s 33z,,,,,,,,,,,,,,
20260413023111_0001_031,20260413023111_0001,20260413023111,上級卓,0,パシフィック,98,7s,tedashi,1776015347,2329.586,,0,,"[119,26,16,20,11,19,98,117]",,,,3r5567m 7s 33z,,,,0,0,,4m,0,,,,,,
20260413023111_0001_032,20260413023111_0001,20260413023111,上級卓,1,sabakan,130,6z,risekichu_hokan_tsumogiri,1776015350,3502.93,,0,,"[119,26,16,20,11,19,117]",,,,3r5567m 33z,,,,,,,,,,,,,,
20260413023111_0001_033,20260413023111_0001,20260413023111,上級卓,2,Tovenaar,102,8s,risekichu_hokan_tsumogiri,1776015352,1750.504,,0,,"[119,26,16,20,11,19,117]",,,,3r5567m 33z,,,,,,,,,,,,,,
20260413023111_0001_034,20260413023111_0001,20260413023111,上級卓,3,NoName,131,6z,tedashi,1776015353,1312.54,,0,,"[119,26,16,20,11,19,117]",,,,3r5567m 33z,,,,,,,,,,,,,,
20260413023111_0001_035,20260413023111_0001,20260413023111,上級卓,0,パシフィック,11,3m,tedashi,1776015355,1675.284,,0,,"[119,26,16,20,11,19,117,75]",,,,3r5567m 1s 33z,,,,0,0,,,0,,,,,,
20260413023111_0001_036,20260413023111_0001,20260413023111,上級卓,1,sabakan,53,5p,tedashi,1776015359,3761.199,,0,,"[119,26,16,20,19,117,75]",,,,r5567m 1s 33z,,,,,,,,,,,,,,
20260413023111_0001_037,20260413023111_0001,20260413023111,上級卓,2,Tovenaar,122,4z,risekichu_hokan_tsumogiri,1776015361,2033.073,,0,,"[119,26,16,20,19,117,75]",,,,r5567m 1s 33z,,,,,,,,,,,,,,
20260413023111_0001_038,20260413023111_0001,20260413023111,上級卓,3,NoName,116,3z,tedashi,1776015362,1436.225,,2,1763.772,"[119,26,16,20,19,117,75]",,,,r5567m 1s 33z,,,,,,,,,,,,,,
20260413023111_0001_039,20260413023111_0001,20260413023111,上級卓,0,パシフィック,75,1s,tedashi,1776015365,1134.103,,0,,"[26,16,20,19,75]",,,,r5567m 1s,,,,0,0,,58m,0,,,,,,
20260413023111_0001_040,20260413023111_0001,20260413023111,上級卓,1,sabakan,30,8m,tedashi,1776015371,6447.545,,1,2503.912,"[26,16,20,19]",,,,r5567m,,,,,,,,,,,,,,
20260413023111_0001_041,20260413023111_0001,20260413023111,上級卓,2,Tovenaar,37,1p,risekichu_hokan_tsumogiri,1776015375,1330.985,,0,,"[26,16,20,19]",,,,r5567m,,,,,,,,,,,,,,
20260413023111_0001_042,20260413023111_0001,20260413023111,上級卓,3,NoName,54,5p,tedashi,1776015377,1638.732,,0,,"[26,16,20,19]",,,,r5567m,,,,,,,,,,,,,,
20260413023111_0001_043,20260413023111_0001,20260413023111,上級卓,0,パシフィック,5,2m,tsumogiri,1776015380,3347.13,,0,,"[26,16,20,19,5]",,,,2r5567m,,,,0,0,,58m,0,,,,,,
20260413023111_0001_044,20260413023111_0001,20260413023111,上級卓,1,sabakan,120,4z,risekichu_hokan_tsumogiri,1776015384,4066.242,,0,,"[26,16,20,19]",,,,r5567m,,,,,,,,,,,,,,
20260413023111_0001_045,20260413023111_0001,20260413023111,上級卓,2,Tovenaar,9,3m,risekichu_hokan_tsumogiri,1776015387,2859.787,,1,1663.819,"[26,16,20,19]",,,,r5567m,,,,,,,,,,,,,,
20260413023111_0001_046,20260413023111_0001,20260413023111,上級卓,3,NoName,111,1z,risekichu_hokan_tsumogiri,1776015390,1308.269,,0,,"[26,16,20,19]",,,,r5567m,,,,,,,,,,,,,,
20260413023111_0001_047,20260413023111_0001,20260413023111,上級卓,0,パシフィック,94,6s,tsumogiri,1776015391,688.268,,0,,"[26,16,20,19,94]",,,,r5567m 6s,,,,0,0,,58m,0,,,,,,
20260413023111_0001_048,20260413023111_0001,20260413023111,上級卓,1,sabakan,44,3p,risekichu_hokan_tsumogiri,1776015394,2690.682,,0,,"[26,16,20,19]",,,,r5567m,,,,,,,,,,,,,,
20260413023111_0001_049,20260413023111_0001,20260413023111,上級卓,2,Tovenaar,114,2z,risekichu_hokan_tsumogiri,1776015397,3274.436,,1,2051.699,"[26,16,20,19]",,,,r5567m,,,,,,,,,,,,,,
20260413023111_0001_050,20260413023111_0001,20260413023111,上級卓,3,NoName,124,5z,tedashi,1776015401,1752.274,,0,,"[26,16,20,19]",,,,r5567m,,,,,,,,,,,,,,
20260413023111_0001_051,20260413023111_0001,20260413023111,上級卓,0,パシフィック,58,6p,tsumogiri,1776015401,708.722,,1,1733.159,"[26,16,20,19,58]",,,,r5567m 6p,,,,0,0,,58m,0,,,,,,
20260413023111_0001_052,20260413023111_0001,20260413023111,上級卓,1,sabakan,125,5z,tedashi,1776015405,1432.888,,0,,"[26,16,20,19]",,,,r5567m,,,,,,,,,,,,,,
20260413023111_0001_053,20260413023111_0001,20260413023111,上級卓,2,Tovenaar,108,1z,risekichu_hokan_tsumogiri,1776015407,2036.032,,0,,"[26,16,20,19]",,,,r5567m,,,,,,,,,,,,,,
20260413023111_0001_054,20260413023111_0001,20260413023111,上級卓,3,NoName,79,2s,risekichu_hokan_tsumogiri,1776015409,2009.168,,0,,"[26,16,20,19]",,,,r5567m,,,,,,,,,,,,,,
20260413023111_0001_055,20260413023111_0001,20260413023111,上級卓,0,パシフィック,57,6p,tsumogiri,1776015409,694.399,,1,1377.99,"[26,16,20,19,57]",,,,r5567m 6p,,,,0,0,,58m,0,,,,,,
20260413023111_0001_056,20260413023111_0001,20260413023111,上級卓,1,sabakan,76,2s,tedashi,1776015413,485.717,2303.514,2,2313.799,"[26,16,20,19]",,,,r5567m,,,,,,,,,,,,,,
20260413023111_0001_057,20260413023111_0001,20260413023111,上級卓,2,Tovenaar,22,6m,tedashi,1776015421,5415.913,,0,,"[26,16,20,19]",,,,r5567m,,,,,,,,,,,,,,
20260413023111_0001_058,20260413023111_0001,20260413023111,上級卓,3,NoName,13,4m,risekichu_hokan_tsumogiri,1776015425,3549.202,,1,1198.663,"[26,16,20,19]",,,,r5567m,,,,,,,,,,,,,,
20260413023111_0001_059,20260413023111_0001,20260413023111,上級卓,0,パシフィック,91,5s,tsumogiri,1776015427,1275.877,,0,,"[26,16,20,19,91]",,,,r5567m 5s,,,,0,0,,58m,0,,,,,,
20260413023111_0001_060,20260413023111_0001,20260413023111,上級卓,1,sabakan,89,5s,risekichu_hokan_tsumogiri,1776015428,698.296,,0,,"[26,16,20,19]",,,,r5567m,,,,,,,,,,,,,,
20260413023111_0001_061,20260413023111_0001,20260413023111,上級卓,2,Tovenaar,47,3p,risekichu_hokan_tsumogiri,1776015431,3542.713,,1,1899.928,"[26,16,20,19]",,,,r5567m,,,,,,,,,,,,,,
20260413023111_0001_062,20260413023111_0001,20260413023111,上級卓,3,NoName,8,3m,tedashi,1776015436,2961.539,,0,,"[26,16,20,19]",,,,r5567m,,,,,,,,,,,,,,
20260413023111_0001_063,20260413023111_0001,20260413023111,上級卓,0,パシフィック,126,5z,tsumogiri,1776015437,709.6,,1,1606.258,"[26,16,20,19,126]",,,,r5567m 5z,,,,0,0,,58m,0,,,,,,
20260413023111_0001_064,20260413023111_0001,20260413023111,上級卓,1,sabakan,43,2p,risekichu_hokan_tsumogiri,1776015439,183.297,,2,2315.646,"[26,16,20,19]",,,,r5567m,,,,,,,,,,,,,,
20260413023111_0001_065,20260413023111_0001,20260413023111,上級卓,3,NoName,39,1p,tedashi,1776015442,1023.793,,0,,"[26,16,20,19]",,,,r5567m,,,,,,,,,,,,,,
20260413023111_0001_066,20260413023111_0001,20260413023111,上級卓,0,パシフィック,112,2z,tsumogiri,1776015444,2017.21,,2,1543.586,"[26,16,20,19,112]",,,,r5567m 2z,,,,0,0,,58m,0,,,,,,
20260413023111_0001_067,20260413023111_0001,20260413023111,上級卓,3,NoName,88,r5s,tedashi,1776015447,889.796,,0,,"[26,16,20,19]",,,,r5567m,,,,,,,,,,,,,,
20260413023111_0001_068,20260413023111_0001,20260413023111,上級卓,0,パシフィック,69,9p,tsumogiri,1776015449,2089.335,,0,,"[26,16,20,19,69]",,,,r5567m 9p,,,,0,0,,58m,0,,,,,,
20260413023111_0001_069,20260413023111_0001,20260413023111,上級卓,1,sabakan,48,4p,risekichu_hokan_tsumogiri,1776015449,643.703,,1,3517.335,"[26,16,20,19]",,,,r5567m,,,,,,,,,,,,,,
20260413023111_0001_070,20260413023111_0001,20260413023111,上級卓,2,Tovenaar,127,5z,risekichu_hokan_tsumogiri,1776015455,1699.576,,0,,"[26,16,20,19]",,,,r5567m,,,,,,,,,,,,,,
20260413023111_0001_071,20260413023111_0001,20260413023111,上級卓,3,NoName,121,4z,risekichu_hokan_tsumogiri,1776015456,1296.104,,0,,"[26,16,20,19]",,,,r5567m,,,,,,,,,,,,,,
20260413023111_0001_072,20260413023111_0001,20260413023111,上級卓,0,パシフィック,10,3m,tsumogiri,1776015459,3601.637,,0,,"[26,16,20,19,10]",,,,3r5567m,,,,0,0,,58m,0,,,,,,
20260413023111_0001_073,20260413023111_0001,20260413023111,上級卓,1,sabakan,17,5m,risekichu_hokan_tsumogiri,1776015460,641.551,,1,3076.006,"[26,16,20,19]",,,,r5567m,,,,,,,,,,,,,,
20260413023111_0001_074,20260413023111_0001,20260413023111,上級卓,2,Tovenaar,64,8p,tedashi,1776015470,7240.171,,0,,"[26,16,20,19]",,,,r5567m,,,,,,,,,,,,,,
20260413023111_0001_075,20260413023111_0001,20260413023111,上級卓,3,NoName,65,8p,risekichu_hokan_tsumogiri,1776015472,1369.621,,0,,"[26,16,20,19]",,,,r5567m,,,,,,,,,,,,,,
20260413023111_0001_076,20260413023111_0001,20260413023111,上級卓,0,パシフィック,74,1s,tsumogiri,1776015476,3889.983,,0,,"[26,16,20,19,74]",,,,r5567m 1s,,,,0,0,,58m,0,,,,,,
20260413023111_0002_000,20260413023111_0002,20260413023111,上級卓,1,sabakan,133,7z,tedashi,1776015490,,,0,,"[9,59,88,28,32,95,125,47,42,65,27,55,105]",,,,3789m 23568p r569s 5z,,,,,,,,,,,,,,
20260413023111_0002_001,20260413023111_0002,20260413023111,上級卓,2,Tovenaar,118,3z,tedashi,1776015492,1416.607,,0,,"[9,59,88,28,32,95,125,47,42,65,27,55,105]",,,,3789m 23568p r569s 5z,,,,,,,,,,,,,,
20260413023111_0002_002,20260413023111_0002,20260413023111,上級卓,3,NoName,68,9p,tedashi,1776015494,2536.566,,0,,"[9,59,88,28,32,95,125,47,42,65,27,55,105]",,,,3789m 23568p r569s 5z,,,,,,,,,,,,,,
20260413023111_0002_003,20260413023111_0002,20260413023111,上級卓,0,パシフィック,4,2m,tsumogiri,1776015498,3677.04,,1,984.962,"[9,59,88,28,32,95,125,47,42,65,27,55,105,4]",,,,23789m 23568p r569s 5z,,,,3,3,6,,0,,,,,,
20260413023111_0002_004,20260413023111_0002,20260413023111,上級卓,1,sabakan,112,2z,risekichu_hokan_tsumogiri,1776015500,1018.593,,2,1961.32,"[9,59,88,28,32,95,125,47,42,65,27,55,105]",,,,3789m 23568p r569s 5z,,,,,,,,,,,,,,
20260413023111_0002_005,20260413023111_0002,20260413023111,上級卓,2,Tovenaar,77,2s,tedashi,1776015503,729.413,,0,,"[9,59,88,28,32,95,125,47,42,65,27,55,105]",,,,3789m 23568p r569s 5z,,,,,,,,,,,,,,
20260413023111_0002_006,20260413023111_0002,20260413023111,上級卓,3,NoName,1,1m,risekichu_hokan_tsumogiri,1776015504,1405.12,,0,,"[9,59,88,28,32,95,125,47,42,65,27,55,105]",,,,3789m 23568p r569s 5z,,,,,,,,,,,,,,
20260413023111_0002_007,20260413023111_0002,20260413023111,上級卓,0,パシフィック,105,9s,tedashi,1776015506,1998.765,,0,,"[9,59,88,28,32,95,125,47,42,65,27,55,105,40]",,,,3789m 223568p r569s 5z,,,,2,2,5,,0,,,,,,
20260413023111_0002_008,20260413023111_0002,20260413023111,上級卓,1,sabakan,41,2p,tedashi,1776015509,3370.964,,1,7487.411,"[9,59,88,28,32,95,125,47,42,65,27,55,40]",,,,3789m 223568p r56s 5z,,,,,,,,,,,,,,
20260413023111_0002_009,20260413023111_0002,20260413023111,上級卓,2,Tovenaar,107,9s,risekichu_hokan_tsumogiri,1776015518,1485.422,,0,,"[9,59,88,28,32,95,125,47,42,65,27,55,40]",,,,3789m 223568p r56s 5z,,,,,,,,,,,,,,
20260413023111_0002_010,20260413023111_0002,20260413023111,上級卓,3,NoName,6,2m,risekichu_hokan_tsumogiri,1776015520,1578.022,,0,,"[9,59,88,28,32,95,125,47,42,65,27,55,40]",,,,3789m 223568p r56s 5z,,,,,,,,,,,,,,
20260413023111_0002_013,20260413023111_0002,20260413023111,上級卓,3,NoName,119,3z,risekichu_hokan_tsumogiri,1776015539,1393.249,,0,,"[9,27,28,32,40,42,47,55,59,65,88,95,125]",,,,3789m 223568p r56s 5z,,,,,,,,,,,,,,
20260413023111_0002_014,20260413023111_0002,20260413023111,上級卓,0,パシフィック,89,5s,tsumogiri,1776015542,2285.271,,0,,"[9,27,28,32,40,42,47,55,59,65,88,95,125,89]",,,,3789m 223568p r556s 5z,,,,2,2,4,,1,,,,,,
20260413023111_0003_000,20260413023111_0003,20260413023111,上級卓,1,sabakan,125,5z,tedashi,1776015556,,,0,,"[129,39,1,112,40,66,83,7,94,82,130,10,117]",,,,123m 128p 336s 2366z,,,,,,,,,,,,,,
20260413023111_0003_001,20260413023111_0003,20260413023111,上級卓,2,Tovenaar,61,7p,risekichu_hokan_tsumogiri,1776015560,3883.041,,0,,"[129,39,1,112,40,66,83,7,94,82,130,10,117]",,,,123m 128p 336s 2366z,,,,,,,,,,,,,,
20260413023111_0003_002,20260413023111_0003,20260413023111,上級卓,3,NoName,124,5z,tedashi,1776015561,1222.168,,0,,"[129,39,1,112,40,66,83,7,94,82,130,10,117]",,,,123m 128p 336s 2366z,,,,,,,,,,,,,,
20260413023111_0003_003,20260413023111_0003,20260413023111,上級卓,0,パシフィック,17,5m,tsumogiri,1776015562,1089.118,,0,,"[129,39,1,112,40,66,83,7,94,82,130,10,117,17]",,,,1235m 128p 336s 2366z,,,,3,3,4,,0,,,,,,
20260413023111_0003_004,20260413023111_0003,20260413023111,上級卓,1,sabakan,38,1p,tedashi,1776015564,1883.472,,0,,"[129,39,1,112,40,66,83,7,94,82,130,10,117]",,,,123m 128p 336s 2366z,,,,,,,,,,,,,,
20260413023111_0003_005,20260413023111_0003,20260413023111,上級卓,2,Tovenaar,69,9p,risekichu_hokan_tsumogiri,1776015566,1638.142,,0,,"[129,39,1,112,40,66,83,7,94,82,130,10,117]",,,,123m 128p 336s 2366z,,,,,,,,,,,,,,
20260413023111_0003_006,20260413023111_0003,20260413023111,上級卓,3,NoName,115,2z,tedashi,1776015567,1421.413,,0,,"[129,39,1,112,40,66,83,7,94,82,130,10,117]",,,,123m 128p 336s 2366z,,,,,,,,,,,,,,
20260413023111_0003_007,20260413023111_0003,20260413023111,上級卓,0,パシフィック,39,1p,tedashi,1776015571,3687.922,,0,,"[129,39,1,112,40,66,83,7,94,82,130,10,117,48]",,,,123m 1248p 336s 2366z,,,,3,3,4,,0,,,,,,
20260413023111_0003_008,20260413023111_0003,20260413023111,上級卓,1,sabakan,103,8s,tedashi,1776015572,1560.678,,1,1801.123,"[129,1,112,40,66,83,7,94,82,130,10,117,48]",,,,123m 248p 336s 2366z,,,,,,,,,,,,,,
20260413023111_0003_009,20260413023111_0003,20260413023111,上級卓,2,Tovenaar,120,4z,tedashi,1776015577,2856.829,,0,,"[129,1,112,40,66,83,7,94,82,130,10,117,48]",,,,123m 248p 336s 2366z,,,,,,,,,,,,,,
20260413023111_0003_010,20260413023111_0003,20260413023111,上級卓,3,NoName,123,4z,tedashi,1776015579,1838.914,,0,,"[129,1,112,40,66,83,7,94,82,130,10,117,48]",,,,123m 248p 336s 2366z,,,,,,,,,,,,,,
20260413023111_0003_011,20260413023111_0003,20260413023111,上級卓,0,パシフィック,117,3z,tedashi,1776015589,10220.224,,0,,"[129,1,112,40,66,83,7,94,82,130,10,117,48,64]",,,,123m 2488p 336s 2366z,,,,2,2,3,,0,,,,,,
20260413023111_0003_012,20260413023111_0003,20260413023111,上級卓,1,sabakan,9,3m,tedashi,1776015592,2541.012,,1,1190.65,"[129,1,112,40,66,83,7,94,82,130,10,48,64]",,,,123m 2488p 336s 266z,,,,,,,,,,,,,,
20260413023111_0003_013,20260413023111_0003,20260413023111,上級卓,2,Tovenaar,116,3z,tedashi,1776015594,924.829,,0,,"[129,1,112,40,66,83,7,94,82,130,10,48,64]",,,,123m 2488p 336s 266z,,,,,,,,,,,,,,
20260413023111_0003_014,20260413023111_0003,20260413023111,上級卓,3,NoName,118,3z,tedashi,1776015596,2043.488,,0,,"[129,1,112,40,66,83,7,94,82,130,10,48,64]",,,,123m 2488p 336s 266z,,,,,,,,,,,,,,
20260413023111_0003_015,20260413023111_0003,20260413023111,上級卓,0,パシフィック,5,2m,tsumogiri,1776015609,12708.867,,0,,"[129,1,112,40,66,83,7,94,82,130,10,48,64,5]",,,,1223m 2488p 336s 266z,,,,2,2,2,,0,,,,,,
20260413023111_0003_016,20260413023111_0003,20260413023111,上級卓,1,sabakan,12,4m,risekichu_hokan_tsumogiri,1776015610,1820.624,,1,1319.164,"[129,1,112,40,66,83,7,94,82,130,10,48,64]",,,,123m 2488p 336s 266z,,,,,,,,,,,,,,
20260413023111_0003_017,20260413023111_0003,20260413023111,上級卓,2,Tovenaar,91,5s,tedashi,1776015614,1894.917,,0,,"[129,1,112,40,66,83,7,94,82,130,10,48,64]",,,,123m 2488p 336s 266z,,,,,,,,,,,,,,
20260413023111_0003_018,20260413023111_0003,20260413023111,上級卓,3,NoName,126,5z,tedashi,1776015615,1104.763,,0,,"[129,1,112,40,66,83,7,94,82,130,10,48,64]",,,,123m 2488p 336s 266z,,,,,,,,,,,,,,
20260413023111_0003_019,20260413023111_0003,20260413023111,上級卓,0,パシフィック,54,5p,tsumogiri,1776015621,6770.676,,1,1665.098,"[129,1,112,40,66,83,7,94,82,130,10,48,64,54]",,,,123m 24588p 336s 266z,,,,2,2,3,,0,,,,,,
20260413023111_0003_020,20260413023111_0003,20260413023111,上級卓,1,sabakan,0,1m,risekichu_hokan_tsumogiri,1776015627,4033.547,,1,993.686,"[129,1,112,40,66,83,7,94,82,130,10,48,64]",,,,123m 2488p 336s 266z,,,,,,,,,,,,,,
20260413023111_0003_021,20260413023111_0003,20260413023111,上級卓,2,Tovenaar,89,5s,risekichu_hokan_tsumogiri,1776015630,1576.454,,0,,"[129,1,112,40,66,83,7,94,82,130,10,48,64]",,,,123m 2488p 336s 266z,,,,,,,,,,,,,,
20260413023111_0003_022,20260413023111_0003,20260413023111,上級卓,3,NoName,68,9p,tedashi,1776015631,1257.305,,0,,"[129,1,112,40,66,83,7,94,82,130,10,48,64]",,,,123m 2488p 336s 266z,,,,,,,,,,,,,,
20260413023111_0003_023,20260413023111_0003,20260413023111,上級卓,0,パシフィック,20,6m,tsumogiri,1776015638,6715.716,,0,,"[129,1,112,40,66,83,7,94,82,130,10,48,64,20]",,,,1236m 2488p 336s 266z,,,,2,2,3,,0,,,,,,
20260413023111_0104_002,20260413023111_0104,20260413023111,上級卓,0,パシフィック,119,3z,tedashi,1776015771,2469.921,,0,,"[6,18,45,61,72,73,77,96,104,108,109,119,123,23]",,,,256m 37p 11279s 1134z,,,,4,4,4,,0,,,,,,
20260413023111_0104_003,20260413023111_0104,20260413023111,上級卓,1,sabakan,128,6z,risekichu_hokan_tsumogiri,1776015773,1638.319,,0,,"[6,18,45,61,72,73,77,96,104,108,109,123,23]",,,,256m 37p 11279s 114z,,,,,,,,,,,,,,
20260413023111_0104_004,20260413023111_0104,20260413023111,上級卓,2,Tovenaar,36,1p,tedashi,1776015774,1628.865,,1,915.926,"[6,18,45,61,72,73,77,96,104,108,109,123,23]",,,,256m 37p 11279s 114z,,,,,,,,,,,,,,
20260413023111_0104_005,20260413023111_0104,20260413023111,上級卓,3,NoName,113,2z,tedashi,1776015776,923.908,,0,,"[6,18,45,61,72,73,77,96,104,108,109,123,23]",,,,256m 37p 11279s 114z,,,,,,,,,,,,,,
20260413023111_0104_006,20260413023111_0104,20260413023111,上級卓,0,パシフィック,123,4z,tedashi,1776015779,2988.158,,0,,"[6,18,45,61,72,73,77,96,104,108,109,123,23,90]",,,,256m 37p 112579s 114z,,,,4,4,4,,0,,,,,,
20260413023111_0104_007,20260413023111_0104,20260413023111,上級卓,1,sabakan,27,7m,tedashi,1776015783,3570.827,,0,,"[6,18,45,61,72,73,77,96,104,108,109,23,90]",,,,256m 37p 112579s 11z,,,,,,,,,,,,,,
20260413023111_0104_008,20260413023111_0104,20260413023111,上級卓,2,Tovenaar,31,8m,tedashi,1776015785,1841.551,,0,,"[6,18,45,61,72,73,77,96,104,108,109,23,90]",,,,256m 37p 112579s 11z,,,,,,,,,,,,,,
20260413023111_0104_009,20260413023111_0104,20260413023111,上級卓,3,NoName,107,9s,tedashi,1776015786,1234.659,,0,,"[6,18,45,61,72,73,77,96,104,108,109,23,90]",,,,256m 37p 112579s 11z,,,,,,,,,,,,,,
20260413023111_0104_010,20260413023111_0104,20260413023111,上級卓,0,パシフィック,77,2s,tedashi,1776015791,4785.95,,0,,"[6,18,45,61,72,73,77,96,104,108,109,23,90,7]",,,,2256m 37p 112579s 11z,,,,3,3,3,,0,,,,,,
20260413023111_0104_011,20260413023111_0104,20260413023111,上級卓,1,sabakan,53,5p,tedashi,1776015793,1862.349,,1,1637.677,"[6,18,45,61,72,73,96,104,108,109,23,90,7]",,,,2256m 37p 11579s 11z,,,,,,,,,,,,,,
20260413023111_0104_012,20260413023111_0104,20260413023111,上級卓,2,Tovenaar,70,9p,risekichu_hokan_tsumogiri,1776015796,1863.621,,1,1273.856,"[6,18,45,61,72,73,96,104,108,109,23,90,7]",,,,2256m 37p 11579s 11z,,,,,,,,,,,,,,
20260413023111_0104_013,20260413023111_0104,20260413023111,上級卓,3,NoName,125,5z,tedashi,1776015799,1480.481,,0,,"[6,18,45,61,72,73,96,104,108,109,23,90,7]",,,,2256m 37p 11579s 11z,,,,,,,,,,,,,,
20260413023111_0104_014,20260413023111_0104,20260413023111,上級卓,0,パシフィック,61,7p,tedashi,1776015802,2764.884,,0,,"[6,18,45,61,72,73,96,104,108,109,23,90,7,43]",,,,2256m 237p 11579s 11z,,,,3,3,3,,0,,,,,,
20260413023111_0104_015,20260413023111_0104,20260413023111,上級卓,1,sabakan,40,2p,tedashi,1776015805,563.235,2995.875,0,,"[6,18,45,72,73,96,104,108,109,23,90,7,43]",,,,2256m 23p 11579s 11z,,,,,,,,,,,,,,
20260413023111_0104_016,20260413023111_0104,20260413023111,上級卓,2,Tovenaar,126,5z,tedashi,1776015808,3367.175,,0,,"[6,18,45,72,73,96,104,108,109,23,90,7,43]",,,,2256m 23p 11579s 11z,,,,,,,,,,,,,,
20260413023111_0104_017,20260413023111_0104,20260413023111,上級卓,3,NoName,71,9p,tedashi,1776015810,1548.795,,0,,"[6,18,45,72,73,96,104,108,109,23,90,7,43]",,,,2256m 23p 11579s 11z,,,,,,,,,,,,,,
20260413023111_0104_018,20260413023111_0104,20260413023111,上級卓,0,パシフィック,41,2p,tsumogiri,1776015829,19439.66,,0,,"[6,18,45,72,73,96,104,108,109,23,90,7,43,41]",,,,2256m 223p 11579s 11z,,,,2,3,2,,1,,,,,,
20260413023111_0200_000,20260413023111_0200,20260413023111,上級卓,3,NoName,117,3z,tedashi,1776015852,,,1,14153.303,"[118,42,110,59,116,109,89,64,128,48,39,77,113]",,,,12468p 25s 112336z,,,,,,,,,,,,,,
20260413023111_0200_007,20260413023111_0200,20260413023111,上級卓,2,Tovenaar,114,2z,tedashi,1776015877,1479.636,,0,,"[39,42,48,59,64,77,89,109,110,113,116,118,128]",,,,12468p 25s 112336z,,,,,,,,,,,,,,
20260413023111_0200_008,20260413023111_0200,20260413023111,上級卓,3,NoName,135,7z,tedashi,1776015878,931.239,,0,,"[39,42,48,59,64,77,89,109,110,113,116,118,128]",,,,12468p 25s 112336z,,,,,,,,,,,,,,
20260413023111_0200_009,20260413023111_0200,20260413023111,上級卓,0,パシフィック,113,2z,tedashi,1776015880,1880.177,,0,,"[39,42,48,59,64,77,89,109,110,113,116,118,128,28]",,,,8m 12468p 25s 112336z,,,,4,4,4,,0,,,,,,
20260413023111_0200_010,20260413023111_0200,20260413023111,上級卓,1,sabakan,127,5z,risekichu_hokan_tsumogiri,1776015882,1666.658,,0,,"[39,42,48,59,64,77,89,109,110,116,118,128,28]",,,,8m 12468p 25s 11336z,,,,,,,,,,,,,,
20260413023111_0200_011,20260413023111_0200,20260413023111,上級卓,2,Tovenaar,104,9s,tedashi,1776015883,1609.123,,0,,"[39,42,48,59,64,77,89,109,110,116,118,128,28]",,,,8m 12468p 25s 11336z,,,,,,,,,,,,,,
20260413023111_0200_012,20260413023111_0200,20260413023111,上級卓,3,NoName,112,2z,tedashi,1776015885,2011.6,,0,,"[39,42,48,59,64,77,89,109,110,116,118,128,28]",,,,8m 12468p 25s 11336z,,,,,,,,,,,,,,
20260413023111_0200_013,20260413023111_0200,20260413023111,上級卓,0,パシフィック,89,5s,tedashi,1776015887,1395.813,,0,,"[39,42,48,59,64,77,89,109,110,116,118,128,28,56]",,,,8m 124668p 25s 11336z,,,,3,3,3,,0,,,,,,
20260413023111_0200_014,20260413023111_0200,20260413023111,上級卓,1,sabakan,37,1p,tedashi,1776015890,3380.364,,0,,"[39,42,48,59,64,77,109,110,116,118,128,28,56]",,,,8m 124668p 2s 11336z,,,,,,,,,,,,,,
20260413023111_0200_015,20260413023111_0200,20260413023111,上級卓,2,Tovenaar,108,1z,tedashi,1776015892,1893.577,,1,4515.703,"[39,42,48,59,64,77,109,110,116,118,128,28,56]",,,,8m 124668p 2s 11336z,,,,,,,,,,,,,,
20260413023111_0200_016,20260413023111_0200,20260413023111,上級卓,3,NoName,115,2z,tedashi,1776015897,734.132,,0,,"[39,42,48,59,64,77,109,110,116,118,128,28,56]",,,,8m 124668p 2s 11336z,,,,,,,,,,,,,,
20260413023111_0200_017,20260413023111_0200,20260413023111,上級卓,0,パシフィック,18,5m,tsumogiri,1776015900,2687.062,,0,,"[39,42,48,59,64,77,109,110,116,118,128,28,56,18]",,,,58m 124668p 2s 11336z,,,,3,3,3,,0,,,,,,
20260413023111_0200_018,20260413023111_0200,20260413023111,上級卓,1,sabakan,101,8s,tedashi,1776015902,1853.577,,0,,"[39,42,48,59,64,77,109,110,116,118,128,28,56]",,,,8m 124668p 2s 11336z,,,,,,,,,,,,,,
20260413023111_0200_019,20260413023111_0200,20260413023111,上級卓,2,Tovenaar,126,5z,tedashi,1776015905,2781.99,,0,,"[39,42,48,59,64,77,109,110,116,118,128,28,56]",,,,8m 124668p 2s 11336z,,,,,,,,,,,,,,
20260413023111_0200_020,20260413023111_0200,20260413023111,上級卓,3,NoName,2,1m,tedashi,1776015906,1292.869,,0,,"[39,42,48,59,64,77,109,110,116,118,128,28,56]",,,,8m 124668p 2s 11336z,,,,,,,,,,,,,,
20260413023111_0200_021,20260413023111_0200,20260413023111,上級卓,0,パシフィック,99,7s,tsumogiri,1776015926,19746.792,,1,1383.155,"[39,42,48,59,64,77,109,110,116,118,128,28,56,99]",,,,8m 124668p 27s 11336z,,,,3,3,3,,0,,,,,,
20260413023111_0200_022,20260413023111_0200,20260413023111,上級卓,1,sabakan,74,1s,tedashi,1776015929,2025.071,,0,,"[39,42,48,59,64,77,109,110,116,118,128,28,56]",,,,8m 124668p 2s 11336z,,,,,,,,,,,,,,
20260413023111_0200_023,20260413023111_0200,20260413023111,上級卓,2,Tovenaar,129,6z,tedashi,1776015932,2690.057,,2,917.328,"[39,42,48,59,64,77,109,110,116,118,128,28,56]",,,,8m 124668p 2s 11336z,,,,,,,,,,,,,,
20260413030233_0000_000,20260413030233_0000,20260413030233,上級卓,1,crimson,119,3z,tedashi,1776016962,,,0,,"[125,113,70,76,65,25,35,49,122,61,81,88,57]",,,,79m 46789p 23r5s 245z,,,,,,,,,,,,,,
20260413030233_0000_001,20260413030233_0000,20260413030233,上級卓,2,ぱぱん2,123,4z,tedashi,1776016964,1603.333,,0,,"[125,113,70,76,65,25,35,49,122,61,81,88,57]",,,,79m 46789p 23r5s 245z,,,,,,,,,,,,,,
20260413030233_0000_002,20260413030233_0000,20260413030233,上級卓,3,ht-pt,121,4z,tedashi,1776016965,1332.769,,0,,"[125,113,70,76,65,25,35,49,122,61,81,88,57]",,,,79m 46789p 23r5s 245z,,,,,,,,,,,,,,
20260413030233_0000_003,20260413030233_0000,20260413030233,上級卓,0,パシフィック,113,2z,tedashi,1776016968,2991.724,,0,,"[125,113,70,76,65,25,35,49,122,61,81,88,57,86]",,,,79m 46789p 234r5s 245z,,,,2,2,6,,0,,,,,,
20260413030233_0000_004,20260413030233_0000,20260413030233,上級卓,1,crimson,39,1p,tedashi,1776016970,2079.347,,0,,"[125,70,76,65,25,35,49,122,61,81,88,57,86]",,,,79m 46789p 234r5s 45z,,,,,,,,,,,,,,
20260413030233_0000_005,20260413030233_0000,20260413030233,上級卓,2,ぱぱん2,37,1p,tedashi,1776016972,1706.573,,1,1550.869,"[125,70,76,65,25,35,49,122,61,81,88,57,86]",,,,79m 46789p 234r5s 45z,,,,,,,,,,,,,,
20260413030233_0000_006,20260413030233_0000,20260413030233,上級卓,3,ht-pt,108,1z,tedashi,1776016975,1034.263,,0,,"[125,70,76,65,25,35,49,122,61,81,88,57,86]",,,,79m 46789p 234r5s 45z,,,,,,,,,,,,,,
20260413030233_0000_007,20260413030233_0000,20260413030233,上級卓,0,パシフィック,125,5z,tedashi,1776016976,1143.743,,1,1320.092,"[125,70,76,65,25,35,49,122,61,81,88,57,86,116]",,,,79m 46789p 234r5s 345z,,,,2,2,6,,0,,,,,,
20260413030233_0000_008,20260413030233_0000,20260413030233,上級卓,1,crimson,112,2z,tedashi,1776016979,1438.152,,0,,"[70,76,65,25,35,49,122,61,81,88,57,86,116]",,,,79m 46789p 234r5s 34z,,,,,,,,,,,,,,
20260413030233_0000_009,20260413030233_0000,20260413030233,上級卓,2,ぱぱん2,2,1m,tedashi,1776016980,1933.569,,0,,"[70,76,65,25,35,49,122,61,81,88,57,86,116]",,,,79m 46789p 234r5s 34z,,,,,,,,,,,,,,
20260413030233_0000_010,20260413030233_0000,20260413030233,上級卓,3,ht-pt,131,6z,tedashi,1776016982,1333.15,,0,,"[70,76,65,25,35,49,122,61,81,88,57,86,116]",,,,79m 46789p 234r5s 34z,,,,,,,,,,,,,,
20260413030233_0000_011,20260413030233_0000,20260413030233,上級卓,0,パシフィック,116,3z,tedashi,1776016983,1114.287,,0,,"[70,76,65,25,35,49,122,61,81,88,57,86,116,33]",,,,799m 46789p 234r5s 34z,,,,2,2,5,,0,,,,,,
20260413030233_0000_012,20260413030233_0000,20260413030233,上級卓,1,crimson,109,1z,tedashi,1776016985,2352.715,,0,,"[70,76,65,25,35,49,122,61,81,88,57,86,33]",,,,799m 46789p 234r5s 4z,,,,,,,,,,,,,,
20260413030233_0000_013,20260413030233_0000,20260413030233,上級卓,2,ぱぱん2,130,6z,risekichu_hokan_tsumogiri,1776016988,2474.44,,0,,"[70,76,65,25,35,49,122,61,81,88,57,86,33]",,,,799m 46789p 234r5s 4z,,,,,,,,,,,,,,
20260413030233_0000_014,20260413030233_0000,20260413030233,上級卓,3,ht-pt,4,2m,tedashi,1776016990,2688.801,,6,227.974,"[70,76,65,25,35,49,122,61,81,88,57,86,33]",,,,799m 46789p 234r5s 4z,,,,,,,,,,,,,,
20260413030233_0000_015,20260413030233_0000,20260413030233,上級卓,0,パシフィック,42,2p,tsumogiri,1776016993,2049.131,,0,,"[70,76,65,25,35,49,122,61,81,88,57,86,33,42]",,,,799m 246789p 234r5s 4z,,,,2,2,5,,0,,,,,,
20260413030233_0000_016,20260413030233_0000,20260413030233,上級卓,1,crimson,128,6z,tedashi,1776016994,1548.815,,0,,"[70,76,65,25,35,49,122,61,81,88,57,86,33]",,,,799m 46789p 234r5s 4z,,,,,,,,,,,,,,
20260413030233_0000_017,20260413030233_0000,20260413030233,上級卓,2,ぱぱん2,62,7p,tedashi,1776016997,2501.797,,0,,"[70,76,65,25,35,49,122,61,81,88,57,86,33]",,,,799m 46789p 234r5s 4z,,,,,,,,,,,,,,
20260413030233_0000_018,20260413030233_0000,20260413030233,上級卓,3,ht-pt,0,1m,risekichu_hokan_tsumogiri,1776016999,2045.359,,0,,"[70,76,65,25,35,49,122,61,81,88,57,86,33]",,,,799m 46789p 234r5s 4z,,,,,,,,,,,,,,
20260413030233_0000_019,20260413030233_0000,20260413030233,上級卓,0,パシフィック,122,4z,tedashi,1776017001,1695.861,,0,,"[70,76,65,25,35,49,122,61,81,88,57,86,33,19]",,,,5799m 46789p 234r5s 4z,,,,1,1,5,,0,,,,,,
20260413030233_0000_020,20260413030233_0000,20260413030233,上級卓,1,crimson,14,4m,tedashi,1776017002,1836.414,,0,,"[70,76,65,25,35,49,61,81,88,57,86,33,19]",,,,5799m 46789p 234r5s,,,,,,,,,,,,,,
20260413030233_0000_021,20260413030233_0000,20260413030233,上級卓,2,ぱぱん2,36,1p,risekichu_hokan_tsumogiri,1776017004,1612.086,,1,1610.595,"[70,76,65,25,35,49,61,81,88,57,86,33,19]",,,,5799m 46789p 234r5s,,,,,,,,,,,,,,
20260413030233_0000_022,20260413030233_0000,20260413030233,上級卓,3,ht-pt,104,9s,tedashi,1776017014,8094.803,,0,,"[70,76,65,25,35,49,61,81,88,57,86,33,19]",,,,5799m 46789p 234r5s,,,,,,,,,,,,,,
20260413030233_0000_023,20260413030233_0000,20260413030233,上級卓,0,パシフィック,124,5z,tsumogiri,1776017016,1895.14,,2,1270.056,"[70,76,65,25,35,49,61,81,88,57,86,33,19,124]",,,,5799m 46789p 234r5s 5z,,,,1,1,5,,0,,,,,,
20260413030233_0000_024,20260413030233_0000,20260413030233,上級卓,2,ぱぱん2,60,7p,tedashi,1776017018,716.991,,0,,"[70,76,65,25,35,49,61,81,88,57,86,33,19]",,,,5799m 46789p 234r5s,,,,,,,,,,,,,,
20260413030233_0000_025,20260413030233_0000,20260413030233,上級卓,3,ht-pt,43,2p,tedashi,1776017025,7680.924,,0,,"[70,76,65,25,35,49,61,81,88,57,86,33,19]",,,,5799m 46789p 234r5s,,,,,,,,,,,,,,
20260413030233_0000_026,20260413030233_0000,20260413030233,上級卓,0,パシフィック,107,9s,tsumogiri,1776017027,1880.207,,0,,"[70,76,65,25,35,49,61,81,88,57,86,33,19,107]",,,,5799m 46789p 234r59s,,,,1,1,5,,0,,,,,,
20260413030233_0000_027,20260413030233_0000,20260413030233,上級卓,1,crimson,83,3s,tedashi,1776017029,2019.484,,2,1324.918,"[70,76,65,25,35,49,61,81,88,57,86,33,19]",,,,5799m 46789p 234r5s,,,,,,,,,,,,,,
20260413030233_0000_028,20260413030233_0000,20260413030233,上級卓,2,ぱぱん2,56,6p,tedashi,1776017031,914.943,,1,2165.973,"[70,76,65,25,35,49,61,81,88,57,86,33,19]",,,,5799m 46789p 234r5s,,,,,,,,,,,,,,
20260413030233_0000_029,20260413030233_0000,20260413030233,上級卓,3,ht-pt,120,4z,risekichu_hokan_tsumogiri,1776017035,1022.839,,0,,"[70,76,65,25,35,49,61,81,88,57,86,33,19]",,,,5799m 46789p 234r5s,,,,,,,,,,,,,,
20260413030233_0000_030,20260413030233_0000,20260413030233,上級卓,0,パシフィック,129,6z,tsumogiri,1776017036,1566.372,,0,,"[70,76,65,25,35,49,61,81,88,57,86,33,19,129]",,,,5799m 46789p 234r5s 6z,,,,1,1,5,,0,,,,,,
20260413030233_0000_031,20260413030233_0000,20260413030233,上級卓,1,crimson,52,r5p,tedashi,1776017038,1910.782,,0,,"[70,76,65,25,35,49,61,81,88,57,86,33,19]",,,,5799m 46789p 234r5s,,,,,,,,,,,,,,
20260413030233_0000_032,20260413030233_0000,20260413030233,上級卓,2,ぱぱん2,20,6m,risekichu_hokan_tsumogiri,1776017040,1736.948,,0,,"[70,76,65,25,35,49,61,81,88,57,86,33,19]",,,,5799m 46789p 234r5s,,,,,,,,,,,,,,
20260413030233_0000_033,20260413030233_0000,20260413030233,上級卓,3,ht-pt,110,1z,risekichu_hokan_tsumogiri,1776017041,1264.447,,0,,"[70,76,65,25,35,49,61,81,88,57,86,33,19]",,,,5799m 46789p 234r5s,,,,,,,,,,,,,,
20260413030233_0000_034,20260413030233_0000,20260413030233,上級卓,0,パシフィック,70,9p,tedashi,1776017044,3246.881,,1,1229.216,"[70,76,65,25,35,49,61,81,88,57,86,33,19,96]",,,,5799m 46789p 234r57s,,,,1,1,5,,0,,,,,,
20260413030233_0000_035,20260413030233_0000,20260413030233,上級卓,1,crimson,72,1s,tedashi,1776017047,1014.759,,0,,"[76,65,25,35,49,61,81,88,57,86,33,19,96]",,,,5799m 4678p 234r57s,,,,,,,,,,,,,,
20260413030233_0000_036,20260413030233_0000,20260413030233,上級卓,2,ぱぱん2,16,r5m,risekichu_hokan_tsumogiri,1776017048,1749.809,,1,2871.791,"[76,65,25,35,49,61,81,88,57,86,33,19,96]",,,,5799m 4678p 234r57s,,,,,,,,,,,,,,
20260413030233_0000_037,20260413030233_0000,20260413030233,上級卓,3,ht-pt,50,4p,risekichu_hokan_tsumogiri,1776017053,1630.826,,0,,"[76,65,25,35,49,61,81,88,57,86,33,19,96]",,,,5799m 4678p 234r57s,,,,,,,,,,,,,,
20260413030233_0000_038,20260413030233_0000,20260413030233,上級卓,0,パシフィック,49,4p,tedashi,1776017057,4511.002,,0,,"[76,65,25,35,49,61,81,88,57,86,33,19,96,58]",,,,5799m 46678p 234r57s,,,,1,1,4,,0,,,,,,
20260413030233_0000_039,20260413030233_0000,20260413030233,上級卓,1,crimson,135,7z,risekichu_hokan_tsumogiri,1776017059,1529.668,,0,,"[76,65,25,35,61,81,88,57,86,33,19,96,58]",,,,5799m 6678p 234r57s,,,,,,,,,,,,,,
20260413030233_0000_040,20260413030233_0000,20260413030233,上級卓,2,ぱぱん2,69,9p,risekichu_hokan_tsumogiri,1776017060,1561.909,,0,,"[76,65,25,35,61,81,88,57,86,33,19,96,58]",,,,5799m 6678p 234r57s,,,,,,,,,,,,,,
20260413030233_0000_041,20260413030233_0000,20260413030233,上級卓,3,ht-pt,59,6p,risekichu_hokan_tsumogiri,1776017063,2836.056,,2,15182.606,"[76,65,25,35,61,81,88,57,86,33,19,96,58]",,,,5799m 6678p 234r57s,,,,,,,,,,,,,,
20260413030233_0000_042,20260413030233_0000,20260413030233,上級卓,0,パシフィック,58,6p,tedashi,1776017081,2690.666,,1,1566.904,"[76,25,35,81,88,57,86,33,19,96,58]",,,,5799m 66p 234r57s,,,,1,1,,,0,,,,,,
20260413030233_0000_043,20260413030233_0000,20260413030233,上級卓,1,crimson,106,9s,risekichu_hokan_tsumogiri,1776017084,1064.582,,1,2332.271,"[76,25,35,81,88,57,86,33,19,96]",,,,5799m 6p 234r57s,,,,,,,,,,,,,,
20260413030233_0000_044,20260413030233_0000,20260413030233,上級卓,2,ぱぱん2,55,5p,risekichu_hokan_tsumogiri,1776017087,920.519,,1,1846.508,"[76,25,35,81,88,57,86,33,19,96]",,,,5799m 6p 234r57s,,,,,,,,,,,,,,
20260413030233_0000_045,20260413030233_0000,20260413030233,上級卓,3,ht-pt,117,3z,risekichu_hokan_tsumogiri,1776017090,925.679,,0,,"[76,25,35,81,88,57,86,33,19,96]",,,,5799m 6p 234r57s,,,,,,,,,,,,,,
20260413030233_0000_046,20260413030233_0000,20260413030233,上級卓,0,パシフィック,19,5m,tedashi,1776017093,2954.362,,1,2272.569,"[76,25,35,81,88,57,86,33,19,96,64]",,,,5799m 68p 234r57s,,,,1,1,,,0,,,,,,
20260413030233_0000_047,20260413030233_0000,20260413030233,上級卓,1,crimson,118,3z,risekichu_hokan_tsumogiri,1776017096,707.486,,0,,"[76,25,35,81,88,57,86,33,96,64]",,,,799m 68p 234r57s,,,,,,,,,,,,,,
20260413030233_0000_048,20260413030233_0000,20260413030233,上級卓,2,ぱぱん2,31,8m,risekichu_hokan_tsumogiri,1776017098,2060.08,,0,,"[76,25,35,81,88,57,86,33,96,64]",,,,799m 68p 234r57s,,,,,,,,,,,,,,
20260413030233_0000_049,20260413030233_0000,20260413030233,上級卓,3,ht-pt,79,2s,risekichu_hokan_tsumogiri,1776017100,2458.326,,1,6457.415,"[76,25,35,81,88,57,86,33,96,64]",,,,799m 68p 234r57s,,,,,,,,,,,,,,
20260413030233_0000_050,20260413030233_0000,20260413030233,上級卓,0,パシフィック,3,1m,tsumogiri,1776017109,1871.253,,0,,"[76,25,35,81,88,57,86,33,96,64,3]",,,,1799m 68p 234r57s,,,,1,1,,,0,,,,,,
20260413030233_0000_051,20260413030233_0000,20260413030233,上級卓,1,crimson,87,4s,risekichu_hokan_tsumogiri,1776017110,1723.622,,2,985.187,"[76,25,35,81,88,57,86,33,96,64]",,,,799m 68p 234r57s,,,,,,,,,,,,,,
20260413030233_0000_052,20260413030233_0000,20260413030233,上級卓,2,ぱぱん2,132,7z,tedashi,1776017113,1331.947,,0,,"[76,25,35,81,88,57,86,33,96,64]",,,,799m 68p 234r57s,,,,,,,,,,,,,,
20260413030233_0000_053,20260413030233_0000,20260413030233,上級卓,3,ht-pt,8,3m,risekichu_hokan_tsumogiri,1776017115,2683.125,,0,,"[76,25,35,81,88,57,86,33,96,64]",,,,799m 68p 234r57s,,,,,,,,,,,,,,
20260413030233_0000_054,20260413030233_0000,20260413030233,上級卓,0,パシフィック,96,7s,tedashi,1776017117,1340.14,,0,,"[76,25,35,81,88,57,86,33,96,64,44]",,,,799m 368p 234r57s,,,,1,1,,,0,,,,,,
20260413030233_0000_055,20260413030233_0000,20260413030233,上級卓,1,crimson,45,3p,risekichu_hokan_tsumogiri,1776017118,1731.995,,0,,"[76,25,35,81,88,57,86,33,64,44]",,,,799m 368p 234r5s,,,,,,,,,,,,,,
20260413030233_0000_056,20260413030233_0000,20260413030233,上級卓,2,ぱぱん2,28,8m,risekichu_hokan_tsumogiri,1776017120,1944.433,,0,,"[76,25,35,81,88,57,86,33,64,44]",,,,799m 368p 234r5s,,,,,,,,,,,,,,
20260413030233_0000_057,20260413030233_0000,20260413030233,上級卓,3,ht-pt,7,2m,risekichu_hokan_tsumogiri,1776017122,1822.492,,1,1144.537,"[76,25,35,81,88,57,86,33,64,44]",,,,799m 368p 234r5s,,,,,,,,,,,,,,
20260413030233_0000_058,20260413030233_0000,20260413030233,上級卓,0,パシフィック,88,r5s,tedashi,1776017124,728.341,,0,,"[76,25,35,81,88,57,86,33,64,44,134]",,,,799m 368p 234r5s 7z,,,,2,2,,,0,,,,,,
20260413030233_0100_000,20260413030233_0100,20260413030233,上級卓,2,ぱぱん2,34,9m,tedashi,1776017136,,,0,,"[27,60,23,36,30,78,95,4,21,87,71,58,76]",,,,26678m 1679p 2246s,,,,,,,,,,,,,,
20260413030233_0100_001,20260413030233_0100,20260413030233,上級卓,3,ht-pt,111,1z,tedashi,1776017141,4400.637,,0,,"[27,60,23,36,30,78,95,4,21,87,71,58,76]",,,,26678m 1679p 2246s,,,,,,,,,,,,,,
20260413030233_0100_002,20260413030233_0100,20260413030233,上級卓,0,パシフィック,106,9s,tsumogiri,1776017142,1635.617,,0,,"[27,60,23,36,30,78,95,4,21,87,71,58,76,106]",,,,26678m 1679p 22469s,,,,3,3,4,,0,,,,,,
20260413030233_0100_003,20260413030233_0100,20260413030233,上級卓,1,crimson,3,1m,tedashi,1776017144,1594.687,,0,,"[27,60,23,36,30,78,95,4,21,87,71,58,76]",,,,26678m 1679p 2246s,,,,,,,,,,,,,,
20260413030233_0100_004,20260413030233_0100,20260413030233,上級卓,2,ぱぱん2,119,3z,tedashi,1776017145,1531.51,,0,,"[27,60,23,36,30,78,95,4,21,87,71,58,76]",,,,26678m 1679p 2246s,,,,,,,,,,,,,,
20260413030233_0100_005,20260413030233_0100,20260413030233,上級卓,3,ht-pt,118,3z,risekichu_hokan_tsumogiri,1776017147,2023.024,,0,,"[27,60,23,36,30,78,95,4,21,87,71,58,76]",,,,26678m 1679p 2246s,,,,,,,,,,,,,,
20260413030233_0100_006,20260413030233_0100,20260413030233,上級卓,0,パシフィック,130,6z,tsumogiri,1776017149,1203.048,,0,,"[27,60,23,36,30,78,95,4,21,87,71,58,76,130]",,,,26678m 1679p 2246s 6z,,,,3,3,4,,0,,,,,,
20260413030233_0100_007,20260413030233_0100,20260413030233,上級卓,1,crimson,38,1p,tedashi,1776017150,1591.794,,0,,"[27,60,23,36,30,78,95,4,21,87,71,58,76]",,,,26678m 1679p 2246s,,,,,,,,,,,,,,
20260413030233_0100_008,20260413030233_0100,20260413030233,上級卓,2,ぱぱん2,131,6z,tedashi,1776017156,5768.955,,0,,"[27,60,23,36,30,78,95,4,21,87,71,58,76]",,,,26678m 1679p 2246s,,,,,,,,,,,,,,
20260413030233_0100_009,20260413030233_0100,20260413030233,上級卓,3,ht-pt,45,3p,tedashi,1776017159,3290.688,,0,,"[27,60,23,36,30,78,95,4,21,87,71,58,76]",,,,26678m 1679p 2246s,,,,,,,,,,,,,,
20260413030233_0100_010,20260413030233_0100,20260413030233,上級卓,0,パシフィック,36,1p,tedashi,1776017161,2194.207,,0,,"[27,60,23,36,30,78,95,4,21,87,71,58,76,63]",,,,26678m 16779p 2246s,,,,2,2,3,,0,,,,,,
20260413030233_0100_011,20260413030233_0100,20260413030233,上級卓,1,crimson,132,7z,tedashi,1776017163,1509.419,,0,,"[27,60,23,30,78,95,4,21,87,71,58,76,63]",,,,26678m 6779p 2246s,,,,,,,,,,,,,,
20260413030233_0100_012,20260413030233_0100,20260413030233,上級卓,2,ぱぱん2,112,2z,tedashi,1776017164,1584.756,,1,1825.32,"[27,60,23,30,78,95,4,21,87,71,58,76,63]",,,,26678m 6779p 2246s,,,,,,,,,,,,,,
20260413030233_0100_013,20260413030233_0100,20260413030233,上級卓,3,ht-pt,110,1z,risekichu_hokan_tsumogiri,1776017167,1175.734,,0,,"[27,60,23,30,78,95,4,21,87,71,58,76,63]",,,,26678m 6779p 2246s,,,,,,,,,,,,,,
20260413030233_0100_014,20260413030233_0100,20260413030233,上級卓,0,パシフィック,4,2m,tedashi,1776017172,4085.765,,0,,"[27,60,23,30,78,95,4,21,87,71,58,76,63,67]",,,,26678m 67789p 2246s,,,,1,1,3,,0,,,,,,
20260413030233_0100_015,20260413030233_0100,20260413030233,上級卓,1,crimson,7,2m,tedashi,1776017174,1950.795,,0,,"[27,60,23,30,78,95,21,87,71,58,76,63,67]",,,,6678m 67789p 2246s,,,,,,,,,,,,,,
20260413030233_0100_016,20260413030233_0100,20260413030233,上級卓,2,ぱぱん2,126,5z,tedashi,1776017175,1637.722,,1,1951.361,"[27,60,23,30,78,95,21,87,71,58,76,63,67]",,,,6678m 67789p 2246s,,,,,,,,,,,,,,
20260413030233_0100_017,20260413030233_0100,20260413030233,上級卓,3,ht-pt,6,2m,tedashi,1776017188,11111.867,,0,,"[27,60,23,30,78,95,21,87,71,58,76,63,67]",,,,6678m 67789p 2246s,,,,,,,,,,,,,,
20260413030233_0100_018,20260413030233_0100,20260413030233,上級卓,0,パシフィック,78,2s,tedashi,1776017194,5747.451,,0,,"[27,60,23,30,78,95,21,87,71,58,76,63,67,20]",,,,66678m 67789p 2246s,,,,1,1,3,,0,,,,,,
20260413030233_0100_019,20260413030233_0100,20260413030233,上級卓,1,crimson,101,8s,tedashi,1776017196,1572.541,,0,,"[27,60,23,30,95,21,87,71,58,76,63,67,20]",,,,66678m 67789p 246s,,,,,,,,,,,,,,
20260413030233_0100_020,20260413030233_0100,20260413030233,上級卓,2,ぱぱん2,120,4z,risekichu_hokan_tsumogiri,1776017197,1842.124,,1,1843.381,"[27,60,23,30,95,21,87,71,58,76,63,67,20]",,,,66678m 67789p 246s,,,,,,,,,,,,,,
20260413030233_0100_021,20260413030233_0100,20260413030233,上級卓,3,ht-pt,116,3z,risekichu_hokan_tsumogiri,1776017201,1601.325,,0,,"[27,60,23,30,95,21,87,71,58,76,63,67,20]",,,,66678m 67789p 246s,,,,,,,,,,,,,,
20260413030233_0100_022,20260413030233_0100,20260413030233,上級卓,0,パシフィック,127,5z,tsumogiri,1776017202,1472.534,,0,,"[27,60,23,30,95,21,87,71,58,76,63,67,20,127]",,,,66678m 67789p 246s 5z,,,,1,1,4,,0,,,,,,
20260413030233_0100_023,20260413030233_0100,20260413030233,上級卓,1,crimson,50,4p,tedashi,1776017204,1744.486,,0,,"[27,60,23,30,95,21,87,71,58,76,63,67,20]",,,,66678m 67789p 246s,,,,,,,,,,,,,,
20260413030233_0100_024,20260413030233_0100,20260413030233,上級卓,2,ぱぱん2,133,7z,risekichu_hokan_tsumogiri,1776017206,2013.225,,0,,"[27,60,23,30,95,21,87,71,58,76,63,67,20]",,,,66678m 67789p 246s,,,,,,,,,,,,,,
20260413030233_0100_025,20260413030233_0100,20260413030233,上級卓,3,ht-pt,8,3m,risekichu_hokan_tsumogiri,1776017210,3946.698,,0,,"[27,60,23,30,95,21,87,71,58,76,63,67,20]",,,,66678m 67789p 246s,,,,,,,,,,,,,,
20260413030233_0100_026,20260413030233_0100,20260413030233,上級卓,0,パシフィック,95,6s,tedashi,1776017212,1525.992,,0,,"[27,60,23,30,95,21,87,71,58,76,63,67,20,48]",,,,66678m 467789p 246s,,,,1,1,4,,0,,,,,,
20260413030233_0100_027,20260413030233_0100,20260413030233,上級卓,1,crimson,41,2p,tedashi,1776017213,1728.914,,0,,"[27,60,23,30,21,87,71,58,76,63,67,20,48]",,,,66678m 467789p 24s,,,,,,,,,,,,,,
20260413030233_0100_028,20260413030233_0100,20260413030233,上級卓,2,ぱぱん2,39,1p,tedashi,1776017215,2054.843,,0,,"[27,60,23,30,21,87,71,58,76,63,67,20,48]",,,,66678m 467789p 24s,,,,,,,,,,,,,,
20260413030233_0100_029,20260413030233_0100,20260413030233,上級卓,3,ht-pt,11,3m,risekichu_hokan_tsumogiri,1776017217,1738.909,,0,,"[27,60,23,30,21,87,71,58,76,63,67,20,48]",,,,66678m 467789p 24s,,,,,,,,,,,,,,
20260413030233_0100_030,20260413030233_0100,20260413030233,上級卓,0,パシフィック,48,4p,tedashi,1776017228,11333.139,,0,,"[27,60,23,30,21,87,71,58,76,63,67,20,48,17]",,,,566678m 467789p 24s,,,,1,1,4,,0,,,,,,
20260413030233_0100_031,20260413030233_0100,20260413030233,上級卓,1,crimson,89,5s,tedashi,1776017230,1994.709,,0,,"[27,60,23,30,21,87,71,58,76,63,67,20,17]",,,,566678m 67789p 24s,,,,,,,,,,,,,,
20260413030233_0100_032,20260413030233_0100,20260413030233,上級卓,2,ぱぱん2,122,4z,risekichu_hokan_tsumogiri,1776017232,1709.278,,1,2470.372,"[27,60,23,30,21,87,71,58,76,63,67,20,17]",,,,566678m 67789p 24s,,,,,,,,,,,,,,
20260413030233_0100_033,20260413030233_0100,20260413030233,上級卓,3,ht-pt,102,8s,risekichu_hokan_tsumogiri,1776017238,3684.17,,0,,"[27,60,23,30,21,87,71,58,76,63,67,20,17]",,,,566678m 67789p 24s,,,,,,,,,,,,,,
20260413030233_0100_034,20260413030233_0100,20260413030233,上級卓,0,パシフィック,108,1z,tsumogiri,1776017241,2661.701,,0,,"[27,60,23,30,21,87,71,58,76,63,67,20,17,108]",,,,566678m 67789p 24s 1z,,,,1,1,4,,0,,,,,,
20260413030233_0100_037,20260413030233_0100,20260413030233,上級卓,3,ht-pt,47,3p,risekichu_hokan_tsumogiri,1776017247,1538.095,,0,,"[17,20,21,23,27,30,58,60,63,67,71,76,87]",,,,566678m 67789p 24s,,,,,,,,,,,,,,
20260413030233_0100_038,20260413030233_0100,20260413030233,上級卓,0,パシフィック,30,8m,tedashi,1776017253,1869.463,4510.278,1,2022.013,"[17,20,21,23,27,30,58,60,63,67,71,76,87,53]",,,,566678m 567789p 24s,,,,0,0,4,3s,0,,,,,,
20260413030233_0100_039,20260413030233_0100,20260413030233,上級卓,1,crimson,117,3z,tedashi,1776017256,1119.981,,0,,"[17,20,21,23,27,58,60,63,67,71,76,87,53]",,,,56667m 567789p 24s,,,,,,,,,,,,,,
20260413030233_0202_042,20260413030233_0202,20260413030233,上級卓,2,ぱぱん2,107,9s,risekichu_hokan_tsumogiri,1776017610,477.77,,0,,"[17,23,25,40,44,48,53,61,77,92,93,111,122]",,,,567m 23457p 266s 14z,,,,,,,,,,,,,,
20260413030233_0202_043,20260413030233_0202,20260413030233,上級卓,3,ht-pt,18,5m,tedashi,1776017614,1500.205,2507.89,2,6937.123,"[17,23,25,40,44,48,53,61,77,92,93,111,122]",,,,567m 23457p 266s 14z,,,,,,,,,,,,,,
20260413030233_0202_044,20260413030233_0202,20260413030233,上級卓,0,パシフィック,77,2s,tedashi,1776017625,4277.242,,0,,"[17,40,44,48,53,61,77,92,93,111,122]",,,,5m 23457p 266s 14z,,,,2,2,,,0,,,,,,
20260413030233_0202_045,20260413030233_0202,20260413030233,上級卓,1,crimson,1,1m,risekichu_hokan_tsumogiri,1776017627,1985.851,,0,,"[17,40,44,48,53,61,92,93,111,122]",,,,5m 23457p 66s 14z,,,,,,,,,,,,,,
20260413030233_0202_046,20260413030233_0202,20260413030233,上級卓,2,ぱぱん2,124,5z,risekichu_hokan_tsumogiri,1776017629,2246.185,,0,,"[17,40,44,48,53,61,92,93,111,122]",,,,5m 23457p 66s 14z,,,,,,,,,,,,,,
20260413030233_0202_047,20260413030233_0202,20260413030233,上級卓,3,ht-pt,34,9m,risekichu_hokan_tsumogiri,1776017630,677.532,,0,,"[17,40,44,48,53,61,92,93,111,122]",,,,5m 23457p 66s 14z,,,,,,,,,,,,,,
20260413030233_0202_048,20260413030233_0202,20260413030233,上級卓,0,パシフィック,47,3p,tsumogiri,1776017633,3052.718,,0,,"[17,40,44,48,53,61,92,93,111,122,47]",,,,5m 233457p 66s 14z,,,,2,2,,,0,,,,,,
20260413030233_0202_049,20260413030233_0202,20260413030233,上級卓,1,crimson,54,5p,tedashi,1776017636,3145.789,,6,208.205,"[17,40,44,48,53,61,92,93,111,122]",,,,5m 23457p 66s 14z,,,,,,,,,,,,,,
20260413030233_0202_050,20260413030233_0202,20260413030233,上級卓,2,ぱぱん2,109,1z,risekichu_hokan_tsumogiri,1776017640,3268.376,,0,,"[17,40,44,48,53,61,92,93,111,122]",,,,5m 23457p 66s 14z,,,,,,,,,,,,,,
20260413030233_0202_051,20260413030233_0202,20260413030233,上級卓,3,ht-pt,87,4s,risekichu_hokan_tsumogiri,1776017640,622.442,,0,,"[17,40,44,48,53,61,92,93,111,122]",,,,5m 23457p 66s 14z,,,,,,,,,,,,,,
20260413030233_0202_052,20260413030233_0202,20260413030233,上級卓,0,パシフィック,89,5s,tsumogiri,1776017647,6906.792,,0,,"[17,40,44,48,53,61,92,93,111,122,89]",,,,5m 23457p 566s 14z,,,,2,2,,,0,,,,,,
20260413030233_0202_053,20260413030233_0202,20260413030233,上級卓,1,crimson,3,1m,risekichu_hokan_tsumogiri,1776017649,1471.406,,0,,"[17,40,44,48,53,61,92,93,111,122]",,,,5m 23457p 66s 14z,,,,,,,,,,,,,,
20260413030233_0202_054,20260413030233_0202,20260413030233,上級卓,2,ぱぱん2,112,2z,risekichu_hokan_tsumogiri,1776017651,2341.576,,0,,"[17,40,44,48,53,61,92,93,111,122]",,,,5m 23457p 66s 14z,,,,,,,,,,,,,,
20260413030233_0202_055,20260413030233_0202,20260413030233,上級卓,3,ht-pt,96,7s,risekichu_hokan_tsumogiri,1776017652,709.392,,0,,"[17,40,44,48,53,61,92,93,111,122]",,,,5m 23457p 66s 14z,,,,,,,,,,,,,,
20260413030233_0202_056,20260413030233_0202,20260413030233,上級卓,0,パシフィック,8,3m,tsumogiri,1776017654,2273.578,,0,,"[17,40,44,48,53,61,92,93,111,122,8]",,,,35m 23457p 66s 14z,,,,1,1,,,0,,,,,,
20260413030233_0300_000,20260413030233_0300,20260413030233,上級卓,0,パシフィック,111,1z,tsumogiri,1776017666,,,2,1193.376,"[10,3,8,19,94,46,119,101,28,113,6,129,124,111]",,,,123358m 3p 68s 12356z,,,,4,4,5,,0,,,,,,
20260413030233_0300_001,20260413030233_0300,20260413030233,上級卓,2,ぱぱん2,72,1s,tedashi,1776017667,594.142,,0,,"[10,3,8,19,94,46,119,101,28,113,6,129,124]",,,,123358m 3p 68s 2356z,,,,,,,,,,,,,,
20260413030233_0300_002,20260413030233_0300,20260413030233,上級卓,3,ht-pt,116,3z,risekichu_hokan_tsumogiri,1776017670,2527.123,,0,,"[10,3,8,19,94,46,119,101,28,113,6,129,124]",,,,123358m 3p 68s 2356z,,,,,,,,,,,,,,
20260413030233_0300_003,20260413030233_0300,20260413030233,上級卓,0,パシフィック,113,2z,tedashi,1776017673,3478.565,,0,,"[10,3,8,19,94,46,119,101,28,113,6,129,124,57]",,,,123358m 36p 68s 2356z,,,,4,4,5,,0,,,,,,
20260413030233_0300_004,20260413030233_0300,20260413030233,上級卓,1,crimson,118,3z,tedashi,1776017675,1416.511,,0,,"[10,3,8,19,94,46,119,101,28,6,129,124,57]",,,,123358m 36p 68s 356z,,,,,,,,,,,,,,
20260413030233_0300_005,20260413030233_0300,20260413030233,上級卓,2,ぱぱん2,18,5m,tedashi,1776017679,3748.178,,0,,"[10,3,8,19,94,46,119,101,28,6,129,124,57]",,,,123358m 36p 68s 356z,,,,,,,,,,,,,,
20260413030233_0300_006,20260413030233_0300,20260413030233,上級卓,3,ht-pt,132,7z,tedashi,1776017680,1397.28,,0,,"[10,3,8,19,94,46,119,101,28,6,129,124,57]",,,,123358m 36p 68s 356z,,,,,,,,,,,,,,
20260413030233_0300_007,20260413030233_0300,20260413030233,上級卓,0,パシフィック,119,3z,tedashi,1776017681,1038.498,,0,,"[10,3,8,19,94,46,119,101,28,6,129,124,57,34]",,,,1233589m 36p 68s 356z,,,,3,3,5,,0,,,,,,
20260413030233_0300_008,20260413030233_0300,20260413030233,上級卓,1,crimson,115,2z,tedashi,1776017682,1391.831,,0,,"[10,3,8,19,94,46,101,28,6,129,124,57,34]",,,,1233589m 36p 68s 56z,,,,,,,,,,,,,,
20260413030233_0300_009,20260413030233_0300,20260413030233,上級卓,2,ぱぱん2,123,4z,risekichu_hokan_tsumogiri,1776017684,1684.471,,0,,"[10,3,8,19,94,46,101,28,6,129,124,57,34]",,,,1233589m 36p 68s 56z,,,,,,,,,,,,,,
20260413030233_0300_010,20260413030233_0300,20260413030233,上級卓,3,ht-pt,135,7z,risekichu_hokan_tsumogiri,1776017687,2648.88,,0,,"[10,3,8,19,94,46,101,28,6,129,124,57,34]",,,,1233589m 36p 68s 56z,,,,,,,,,,,,,,
20260413030233_0300_011,20260413030233_0300,20260413030233,上級卓,0,パシフィック,46,3p,tedashi,1776017688,1584.647,,2,1166.589,"[10,3,8,19,94,46,101,28,6,129,124,57,34,1]",,,,11233589m 36p 68s 56z,,,,3,3,4,,0,,,,,,
20260413030233_0300_012,20260413030233_0300,20260413030233,上級卓,1,crimson,134,7z,tedashi,1776017690,830.383,,1,2259.166,"[10,3,8,19,94,101,28,6,129,124,57,34,1]",,,,11233589m 6p 68s 56z,,,,,,,,,,,,,,
20260413030233_0300_013,20260413030233_0300,20260413030233,上級卓,2,ぱぱん2,44,3p,tedashi,1776017694,1913.99,,1,2117.878,"[10,3,8,19,94,101,28,6,129,124,57,34,1]",,,,11233589m 6p 68s 56z,,,,,,,,,,,,,,
20260413030233_0300_014,20260413030233_0300,20260413030233,上級卓,3,ht-pt,37,1p,tedashi,1776017699,2828.325,,1,2142.959,"[10,3,8,19,94,101,28,6,129,124,57,34,1]",,,,11233589m 6p 68s 56z,,,,,,,,,,,,,,
20260413030233_0300_015,20260413030233_0300,20260413030233,上級卓,0,パシフィック,124,5z,tedashi,1776017706,4479.215,,2,1569.401,"[10,3,8,19,94,101,28,6,129,124,57,34,1,32]",,,,112335899m 6p 68s 56z,,,,3,3,3,,0,,,,,,
20260413030233_0300_016,20260413030233_0300,20260413030233,上級卓,2,ぱぱん2,67,8p,tedashi,1776017708,802.84,,0,,"[10,3,8,19,94,101,28,6,129,57,34,1,32]",,,,112335899m 6p 68s 6z,,,,,,,,,,,,,,
20260413030233_0300_017,20260413030233_0300,20260413030233,上級卓,3,ht-pt,2,1m,risekichu_hokan_tsumogiri,1776017710,1805.247,,2,9914.898,"[10,3,8,19,94,101,28,6,129,57,34,1,32]",,,,112335899m 6p 68s 6z,,,,,,,,,,,,,,
20260413030233_0300_018,20260413030233_0300,20260413030233,上級卓,0,パシフィック,57,6p,tedashi,1776017730,10240.97,,0,,"[10,3,19,94,101,28,129,57,34,1,32]",,,,1135899m 6p 68s 6z,,,,2,2,,,0,,,,,,
20260413030233_0300_019,20260413030233_0300,20260413030233,上級卓,1,crimson,126,5z,tedashi,1776017732,1308.382,,0,,"[10,3,19,94,101,28,129,34,1,32]",,,,1135899m 68s 6z,,,,,,,,,,,,,,
20260413030233_0300_020,20260413030233_0300,20260413030233,上級卓,2,ぱぱん2,91,5s,risekichu_hokan_tsumogiri,1776017733,1791.418,,1,1402.887,"[10,3,19,94,101,28,129,34,1,32]",,,,1135899m 68s 6z,,,,,,,,,,,,,,
20260413030233_0300_021,20260413030233_0300,20260413030233,上級卓,3,ht-pt,107,9s,tedashi,1776017740,5143.446,,0,,"[10,3,19,94,101,28,129,34,1,32]",,,,1135899m 68s 6z,,,,,,,,,,,,,,
20260413030233_0300_022,20260413030233_0300,20260413030233,上級卓,0,パシフィック,122,4z,tsumogiri,1776017748,7716.136,,0,,"[10,3,19,94,101,28,129,34,1,32,122]",,,,1135899m 68s 46z,,,,2,2,,,0,,,,,,
20260413030233_0300_023,20260413030233_0300,20260413030233,上級卓,1,crimson,63,7p,tedashi,1776017749,1454.434,,0,,"[10,3,19,94,101,28,129,34,1,32]",,,,1135899m 68s 6z,,,,,,,,,,,,,,
20260413030233_0300_024,20260413030233_0300,20260413030233,上級卓,2,ぱぱん2,114,2z,risekichu_hokan_tsumogiri,1776017751,2146.53,,0,,"[10,3,19,94,101,28,129,34,1,32]",,,,1135899m 68s 6z,,,,,,,,,,,,,,
20260413033302_0000_000,20260413033302_0000,20260413033302,一般卓,0,パシフィック,126,5z,tedashi,1776018786,,,0,,"[126,39,58,134,67,97,79,69,52,18,8,19,132,21]",,,,3556m 1r5689p 27s 577z,,,,3,3,4,,0,,,,,,
20260413033302_0000_001,20260413033302_0000,20260413033302,一般卓,1,喉頭形成術Ⅴ型,71,9p,risekichu_hokan_tsumogiri,1776018789,2636.666,,0,,"[39,58,134,67,97,79,69,52,18,8,19,132,21]",,,,3556m 1r5689p 27s 77z,,,,,,,,,,,,,,
20260413033302_0000_002,20260413033302_0000,20260413033302,一般卓,2,小田時人,75,1s,tedashi,1776018793,3858.664,,0,,"[39,58,134,67,97,79,69,52,18,8,19,132,21]",,,,3556m 1r5689p 27s 77z,,,,,,,,,,,,,,
20260413033302_0000_003,20260413033302_0000,20260413033302,一般卓,3,NoName,20,6m,tedashi,1776018797,4423.488,,0,,"[39,58,134,67,97,79,69,52,18,8,19,132,21]",,,,3556m 1r5689p 27s 77z,,,,,,,,,,,,,,
20260413033302_0000_004,20260413033302_0000,20260413033302,一般卓,0,パシフィック,79,2s,tedashi,1776018806,9030.093,,1,1933.937,"[39,58,134,67,97,79,69,52,18,8,19,132,21,66]",,,,3556m 1r56889p 27s 77z,,,,3,3,3,,0,,,,,,
20260413033302_0000_005,20260413033302_0000,20260413033302,一般卓,1,喉頭形成術Ⅴ型,32,9m,tedashi,1776018812,3587.368,,0,,"[39,58,134,67,97,69,52,18,8,19,132,21,66]",,,,3556m 1r56889p 7s 77z,,,,,,,,,,,,,,
20260413033302_0000_006,20260413033302_0000,20260413033302,一般卓,2,小田時人,113,2z,tedashi,1776018814,2257.407,,0,,"[39,58,134,67,97,69,52,18,8,19,132,21,66]",,,,3556m 1r56889p 7s 77z,,,,,,,,,,,,,,
20260413033302_0000_007,20260413033302_0000,20260413033302,一般卓,3,NoName,123,4z,tedashi,1776018818,4183.956,,0,,"[39,58,134,67,97,69,52,18,8,19,132,21,66]",,,,3556m 1r56889p 7s 77z,,,,,,,,,,,,,,
20260413033302_0000_008,20260413033302_0000,20260413033302,一般卓,0,パシフィック,36,1p,tsumogiri,1776018832,13708.245,,0,,"[39,58,134,67,97,69,52,18,8,19,132,21,66,36]",,,,3556m 11r56889p 7s 77z,,,,2,3,2,,0,,,,,,
20260413033302_0000_009,20260413033302_0000,20260413033302,一般卓,1,喉頭形成術Ⅴ型,31,8m,tedashi,1776018834,1864.32,,1,1836.098,"[39,58,134,67,97,69,52,18,8,19,132,21,66]",,,,3556m 1r56889p 7s 77z,,,,,,,,,,,,,,
20260413033302_0000_010,20260413033302_0000,20260413033302,一般卓,2,小田時人,110,1z,tedashi,1776018837,1541.461,,0,,"[39,58,134,67,97,69,52,18,8,19,132,21,66]",,,,3556m 1r56889p 7s 77z,,,,,,,,,,,,,,
20260413033302_0000_011,20260413033302_0000,20260413033302,一般卓,3,NoName,43,2p,tedashi,1776018848,10344.394,,0,,"[39,58,134,67,97,69,52,18,8,19,132,21,66]",,,,3556m 1r56889p 7s 77z,,,,,,,,,,,,,,
20260413033302_0000_012,20260413033302_0000,20260413033302,一般卓,0,パシフィック,39,1p,tedashi,1776018851,2968.717,,0,,"[39,58,134,67,97,69,52,18,8,19,132,21,66,2]",,,,13556m 1r56889p 7s 77z,,,,3,3,3,,0,,,,,,
20260413033302_0000_013,20260413033302_0000,20260413033302,一般卓,1,喉頭形成術Ⅴ型,53,5p,tedashi,1776018853,2520.859,,0,,"[58,134,67,97,69,52,18,8,19,132,21,66,2]",,,,13556m r56889p 7s 77z,,,,,,,,,,,,,,
20260413033302_0000_014,20260413033302_0000,20260413033302,一般卓,2,小田時人,70,9p,risekichu_hokan_tsumogiri,1776018858,4748.151,,0,,"[58,134,67,97,69,52,18,8,19,132,21,66,2]",,,,13556m r56889p 7s 77z,,,,,,,,,,,,,,
20260413033302_0000_015,20260413033302_0000,20260413033302,一般卓,3,NoName,127,5z,risekichu_hokan_tsumogiri,1776018861,3525.423,,0,,"[58,134,67,97,69,52,18,8,19,132,21,66,2]",,,,13556m r56889p 7s 77z,,,,,,,,,,,,,,
20260413033302_0000_016,20260413033302_0000,20260413033302,一般卓,0,パシフィック,17,5m,tsumogiri,1776018868,6700.325,,0,,"[58,134,67,97,69,52,18,8,19,132,21,66,2,17]",,,,135556m r56889p 7s 77z,,,,2,2,3,,0,,,,,,
20260413033302_0000_017,20260413033302_0000,20260413033302,一般卓,1,喉頭形成術Ⅴ型,15,4m,tedashi,1776018870,2228.775,,0,,"[58,134,67,97,69,52,18,8,19,132,21,66,2]",,,,13556m r56889p 7s 77z,,,,,,,,,,,,,,
20260413033302_0000_018,20260413033302_0000,20260413033302,一般卓,2,小田時人,119,3z,tedashi,1776018873,3016.824,,1,2772.12,"[58,134,67,97,69,52,18,8,19,132,21,66,2]",,,,13556m r56889p 7s 77z,,,,,,,,,,,,,,
20260413033302_0000_019,20260413033302_0000,20260413033302,一般卓,3,NoName,85,4s,risekichu_hokan_tsumogiri,1776018879,3191.378,,0,,"[58,134,67,97,69,52,18,8,19,132,21,66,2]",,,,13556m r56889p 7s 77z,,,,,,,,,,,,,,
20260413033302_0000_020,20260413033302_0000,20260413033302,一般卓,0,パシフィック,132,7z,tedashi,1776018883,3777.596,,0,,"[58,134,67,97,69,52,18,8,19,132,21,66,2,6]",,,,123556m r56889p 7s 77z,,,,2,2,3,,0,,,,,,
20260413033302_0000_021,20260413033302_0000,20260413033302,一般卓,1,喉頭形成術Ⅴ型,109,1z,tedashi,1776018887,3392.704,,0,,"[58,134,67,97,69,52,18,8,19,21,66,2,6]",,,,123556m r56889p 7s 7z,,,,,,,,,,,,,,
20260413033302_0000_053,20260413033302_0000,20260413033302,一般卓,2,小田時人,122,4z,risekichu_hokan_tsumogiri,1776018995,2160.023,,0,,"[2,6,8,18,19,21,52,58,66,67,69,97,134]",,,,123556m r56889p 7s 7z,,,,,,,,,,,,,,
20260413033302_0000_054,20260413033302_0000,20260413033302,一般卓,3,NoName,9,3m,tedashi,1776018999,3880.379,,2,4767.304,"[2,6,8,18,19,21,52,58,66,67,69,97,134]",,,,123556m r56889p 7s 7z,,,,,,,,,,,,,,
20260413033302_0000_055,20260413033302_0000,20260413033302,一般卓,0,パシフィック,134,7z,tedashi,1776019009,5228.368,,0,,"[8,18,19,21,52,58,66,67,69,97,134]",,,,3556m r56889p 7s 7z,,,,2,2,,,0,,,,,,
20260413033302_0000_056,20260413033302_0000,20260413033302,一般卓,1,喉頭形成術Ⅴ型,54,5p,risekichu_hokan_tsumogiri,1776019011,1898.851,,1,2542.118,"[8,18,19,21,52,58,66,67,69,97]",,,,3556m r56889p 7s,,,,,,,,,,,,,,
20260413033302_0000_057,20260413033302_0000,20260413033302,一般卓,2,小田時人,42,2p,tedashi,1776019016,2876.08,,1,2445.906,"[8,18,19,21,52,58,66,67,69,97]",,,,3556m r56889p 7s,,,,,,,,,,,,,,
20260413033302_0000_058,20260413033302_0000,20260413033302,一般卓,3,NoName,99,7s,tedashi,1776019024,4926.71,,0,,"[8,18,19,21,52,58,66,67,69,97]",,,,3556m r56889p 7s,,,,,,,,,,,,,,
20260413033302_0100_000,20260413033302_0100,20260413033302,一般卓,1,喉頭形成術Ⅴ型,119,3z,tedashi,1776019039,,,0,,"[12,65,109,16,82,10,108,11,13,24,15,128,81]",,,,33444r57m 8p 33s 116z,,,,,,,,,,,,,,
20260413033302_0100_001,20260413033302_0100,20260413033302,一般卓,2,小田時人,72,1s,risekichu_hokan_tsumogiri,1776019043,3077.47,,0,,"[12,65,109,16,82,10,108,11,13,24,15,128,81]",,,,33444r57m 8p 33s 116z,,,,,,,,,,,,,,
20260413033302_0100_002,20260413033302_0100,20260413033302,一般卓,3,NoName,123,4z,tedashi,1776019045,2808.746,,0,,"[12,65,109,16,82,10,108,11,13,24,15,128,81]",,,,33444r57m 8p 33s 116z,,,,,,,,,,,,,,
20260413033302_0100_003,20260413033302_0100,20260413033302,一般卓,0,パシフィック,128,6z,tedashi,1776019046,806.631,,0,,"[12,65,109,16,82,10,108,11,13,24,15,128,81,74]",,,,33444r57m 8p 133s 116z,,,,2,2,2,,0,,,,,,
20260413033302_0100_004,20260413033302_0100,20260413033302,一般卓,1,喉頭形成術Ⅴ型,75,1s,tedashi,1776019050,3366.311,,0,,"[12,65,109,16,82,10,108,11,13,24,15,81,74]",,,,33444r57m 8p 133s 11z,,,,,,,,,,,,,,
20260413033302_0100_005,20260413033302_0100,20260413033302,一般卓,2,小田時人,120,4z,tedashi,1776019053,3265.74,,0,,"[12,65,109,16,82,10,108,11,13,24,15,81,74]",,,,33444r57m 8p 133s 11z,,,,,,,,,,,,,,
20260413033302_0100_006,20260413033302_0100,20260413033302,一般卓,3,NoName,36,1p,risekichu_hokan_tsumogiri,1776019061,8015.938,,0,,"[12,65,109,16,82,10,108,11,13,24,15,81,74]",,,,33444r57m 8p 133s 11z,,,,,,,,,,,,,,
20260413033302_0100_007,20260413033302_0100,20260413033302,一般卓,0,パシフィック,134,7z,tsumogiri,1776019062,738.896,,0,,"[12,65,109,16,82,10,108,11,13,24,15,81,74,134]",,,,33444r57m 8p 133s 117z,,,,2,2,2,,0,,,,,,
20260413033302_0100_008,20260413033302_0100,20260413033302,一般卓,1,喉頭形成術Ⅴ型,83,3s,risekichu_hokan_tsumogiri,1776019065,3038.383,,2,4434.874,"[12,65,109,16,82,10,108,11,13,24,15,81,74]",,,,33444r57m 8p 133s 11z,,,,,,,,,,,,,,
20260413033302_0100_009,20260413033302_0100,20260413033302,一般卓,0,パシフィック,74,1s,tedashi,1776019070,637.457,,0,,"[12,65,109,16,10,108,11,13,24,15,74]",,,,33444r57m 8p 1s 11z,,,,1,1,,,0,,,,,,
20260413033302_0100_010,20260413033302_0100,20260413033302,一般卓,1,喉頭形成術Ⅴ型,3,1m,tedashi,1776019073,3404.347,,0,,"[12,65,109,16,10,108,11,13,24,15]",,,,33444r57m 8p 11z,,,,,,,,,,,,,,
20260413033302_0100_011,20260413033302_0100,20260413033302,一般卓,2,小田時人,116,3z,tedashi,1776019075,2387.213,,0,,"[12,65,109,16,10,108,11,13,24,15]",,,,33444r57m 8p 11z,,,,,,,,,,,,,,
20260413033302_0100_012,20260413033302_0100,20260413033302,一般卓,3,NoName,126,5z,tedashi,1776019080,4981.884,,2,1674.944,"[12,65,109,16,10,108,11,13,24,15]",,,,33444r57m 8p 11z,,,,,,,,,,,,,,
20260413033302_0100_013,20260413033302_0100,20260413033302,一般卓,1,喉頭形成術Ⅴ型,35,9m,tedashi,1776019083,1054.83,,1,1484.933,"[12,65,109,16,10,108,11,13,24,15]",,,,33444r57m 8p 11z,,,,,,,,,,,,,,
20260413033302_0100_014,20260413033302_0100,20260413033302,一般卓,2,小田時人,130,6z,tedashi,1776019088,2934.915,,0,,"[12,65,109,16,10,108,11,13,24,15]",,,,33444r57m 8p 11z,,,,,,,,,,,,,,
20260413033302_0100_015,20260413033302_0100,20260413033302,一般卓,3,NoName,30,8m,tedashi,1776019091,3727.392,,0,,"[12,65,109,16,10,108,11,13,24,15]",,,,33444r57m 8p 11z,,,,,,,,,,,,,,
20260413033302_0100_016,20260413033302_0100,20260413033302,一般卓,0,パシフィック,50,4p,tsumogiri,1776019110,18760.455,,0,,"[12,65,109,16,10,108,11,13,24,15,50]",,,,33444r57m 48p 11z,,,,1,1,,,0,,,,,,
20260413033302_0100_017,20260413033302_0100,20260413033302,一般卓,1,喉頭形成術Ⅴ型,122,4z,risekichu_hokan_tsumogiri,1776019113,3322.572,,0,,"[12,65,109,16,10,108,11,13,24,15]",,,,33444r57m 8p 11z,,,,,,,,,,,,,,
20260413033302_0100_018,20260413033302_0100,20260413033302,一般卓,2,小田時人,135,7z,tedashi,1776019115,1935.386,,0,,"[12,65,109,16,10,108,11,13,24,15]",,,,33444r57m 8p 11z,,,,,,,,,,,,,,
20260413033302_0100_019,20260413033302_0100,20260413033302,一般卓,3,NoName,45,3p,tedashi,1776019127,12159.849,,1,1772.537,"[12,65,109,16,10,108,11,13,24,15]",,,,33444r57m 8p 11z,,,,,,,,,,,,,,
20260413033302_0100_020,20260413033302_0100,20260413033302,一般卓,0,パシフィック,73,1s,tsumogiri,1776019135,5394.927,,0,,"[12,65,109,16,10,108,11,13,24,15,73]",,,,33444r57m 8p 1s 11z,,,,1,1,,,0,,,,,,
20260413033302_0100_021,20260413033302_0100,20260413033302,一般卓,1,喉頭形成術Ⅴ型,112,2z,risekichu_hokan_tsumogiri,1776019137,2735.353,,1,4530.987,"[12,65,109,16,10,108,11,13,24,15]",,,,33444r57m 8p 11z,,,,,,,,,,,,,,
20260413033302_0100_022,20260413033302_0100,20260413033302,一般卓,2,小田時人,68,9p,tedashi,1776019145,3073.136,,0,,"[12,65,109,16,10,108,11,13,24,15]",,,,33444r57m 8p 11z,,,,,,,,,,,,,,
20260413033302_0100_023,20260413033302_0100,20260413033302,一般卓,3,NoName,55,5p,tedashi,1776019153,1028.79,7398.584,0,,"[12,65,109,16,10,108,11,13,24,15]",,,,33444r57m 8p 11z,,,,,,,,,,,,,,
20260413033302_0100_024,20260413033302_0100,20260413033302,一般卓,0,パシフィック,121,4z,tsumogiri,1776019160,6693.82,,0,,"[12,65,109,16,10,108,11,13,24,15,121]",,,,33444r57m 8p 114z,,,,1,1,,,0,,,,,,
20260413033302_0100_027,20260413033302_0100,20260413033302,一般卓,3,NoName,79,2s,risekichu_hokan_tsumogiri,1776019167,818.638,,0,,"[10,11,12,13,15,16,24,65,108,109]",,,,33444r57m 8p 11z,,,,,,,,,,,,,,
20260413033302_0100_028,20260413033302_0100,20260413033302,一般卓,0,パシフィック,108,1z,tedashi,1776019174,7157.259,,0,,"[10,11,12,13,15,16,24,65,108,109,125]",,,,33444r57m 8p 115z,,,,1,1,,,0,,,,,,
20260413033302_0100_029,20260413033302_0100,20260413033302,一般卓,1,喉頭形成術Ⅴ型,51,4p,tedashi,1776019178,3660.815,,1,2613.739,"[10,11,12,13,15,16,24,65,109,125]",,,,33444r57m 8p 15z,,,,,,,,,,,,,,
20260413033302_0100_030,20260413033302_0100,20260413033302,一般卓,2,小田時人,41,2p,tedashi,1776019188,7531.354,,0,,"[10,11,12,13,15,16,24,65,109,125]",,,,33444r57m 8p 15z,,,,,,,,,,,,,,
20260413033302_0100_031,20260413033302_0100,20260413033302,一般卓,3,NoName,118,3z,risekichu_hokan_tsumogiri,1776019189,777.806,,0,,"[10,11,12,13,15,16,24,65,109,125]",,,,33444r57m 8p 15z,,,,,,,,,,,,,,
20260413033302_0100_032,20260413033302_0100,20260413033302,一般卓,0,パシフィック,109,1z,tedashi,1776019193,4171.022,,0,,"[10,11,12,13,15,16,24,65,109,125,110]",,,,33444r57m 8p 115z,,,,1,1,,,0,,,,,,
20260413033302_0100_033,20260413033302_0100,20260413033302,一般卓,1,喉頭形成術Ⅴ型,49,4p,risekichu_hokan_tsumogiri,1776019195,2189.886,,0,,"[10,11,12,13,15,16,24,65,125,110]",,,,33444r57m 8p 15z,,,,,,,,,,,,,,
20260413033302_0201_005,20260413033302_0201,20260413033302,一般卓,3,NoName,57,6p,risekichu_hokan_tsumogiri,1776019428,7369.847,,1,4548.139,"[7,10,20,28,46,62,66,80,93,105,114,120,132]",,,,2368m 378p 369s 247z,,,,,,,,,,,,,,
20260413033302_0201_006,20260413033302_0201,20260413033302,一般卓,0,パシフィック,5,2m,tsumogiri,1776019433,491.582,,0,,"[7,10,20,28,46,62,66,80,93,105,114,120,132,5]",,,,22368m 378p 369s 247z,,,,5,5,5,,1,,,,,,
20260413033302_0201_007,20260413033302_0201,20260413033302,一般卓,1,喉頭形成術Ⅴ型,35,9m,tedashi,1776019436,2333.272,,0,,"[7,10,20,28,46,62,66,80,93,105,114,120,132]",,,,2368m 378p 369s 247z,,,,,,,,,,,,,,
20260413033302_0201_008,20260413033302_0201,20260413033302,一般卓,2,小田時人,124,5z,tedashi,1776019438,2239.814,,0,,"[7,10,20,28,46,62,66,80,93,105,114,120,132]",,,,2368m 378p 369s 247z,,,,,,,,,,,,,,
20260413033302_0201_009,20260413033302_0201,20260413033302,一般卓,3,NoName,113,2z,risekichu_hokan_tsumogiri,1776019445,7074.674,,0,,"[7,10,20,28,46,62,66,80,93,105,114,120,132]",,,,2368m 378p 369s 247z,,,,,,,,,,,,,,
20260413033302_0201_010,20260413033302_0201,20260413033302,一般卓,0,パシフィック,114,2z,tedashi,1776019458,12812.182,,0,,"[7,10,20,28,46,62,66,80,93,105,114,120,132,102]",,,,2368m 378p 3689s 247z,,,,4,4,6,,0,,,,,,
20260413033302_0201_011,20260413033302_0201,20260413033302,一般卓,1,喉頭形成術Ⅴ型,3,1m,tedashi,1776019460,2252.616,,0,,"[7,10,20,28,46,62,66,80,93,105,120,132,102]",,,,2368m 378p 3689s 47z,,,,,,,,,,,,,,
20260413033302_0201_012,20260413033302_0201,20260413033302,一般卓,2,小田時人,87,4s,tedashi,1776019464,4372.046,,0,,"[7,10,20,28,46,62,66,80,93,105,120,132,102]",,,,2368m 378p 3689s 47z,,,,,,,,,,,,,,
20260413033302_0201_013,20260413033302_0201,20260413033302,一般卓,3,NoName,23,6m,risekichu_hokan_tsumogiri,1776019473,8776.555,,0,,"[7,10,20,28,46,62,66,80,93,105,120,132,102]",,,,2368m 378p 3689s 47z,,,,,,,,,,,,,,
20260413033302_0201_014,20260413033302_0201,20260413033302,一般卓,0,パシフィック,20,6m,tedashi,1776019476,3299.499,,2,3113.911,"[7,10,20,28,46,62,66,80,93,105,120,132,102,65]",,,,2368m 3788p 3689s 47z,,,,4,4,5,,0,,,,,,
20260413033302_0201_015,20260413033302_0201,20260413033302,一般卓,1,喉頭形成術Ⅴ型,108,1z,tedashi,1776019480,900.161,,0,,"[7,10,28,46,62,66,80,93,105,120,132,102,65]",,,,238m 3788p 3689s 47z,,,,,,,,,,,,,,
20260413033302_0201_016,20260413033302_0201,20260413033302,一般卓,2,小田時人,99,7s,tedashi,1776019489,9039.979,,0,,"[7,10,28,46,62,66,80,93,105,120,132,102,65]",,,,238m 3788p 3689s 47z,,,,,,,,,,,,,,
20260413033302_0201_017,20260413033302_0201,20260413033302,一般卓,3,NoName,39,1p,risekichu_hokan_tsumogiri,1776019489,0.0,,0,,"[7,10,28,46,62,66,80,93,105,120,132,102,65]",,,,238m 3788p 3689s 47z,,,,,,,,,,,,,,
20260413033302_0201_018,20260413033302_0201,20260413033302,一般卓,0,パシフィック,115,2z,tsumogiri,1776019495,5320.119,,0,,"[7,10,28,46,62,66,80,93,105,120,132,102,65,115]",,,,238m 3788p 3689s 247z,,,,5,5,5,,0,,,,,,
20260413033302_0201_019,20260413033302_0201,20260413033302,一般卓,1,喉頭形成術Ⅴ型,127,5z,tedashi,1776019497,2296.337,,0,,"[7,10,28,46,62,66,80,93,105,120,132,102,65]",,,,238m 3788p 3689s 47z,,,,,,,,,,,,,,
20260413033302_0201_020,20260413033302_0201,20260413033302,一般卓,2,小田時人,95,6s,tedashi,1776019506,9060.368,,0,,"[7,10,28,46,62,66,80,93,105,120,132,102,65]",,,,238m 3788p 3689s 47z,,,,,,,,,,,,,,
20260413033302_0201_021,20260413033302_0201,20260413033302,一般卓,3,NoName,84,4s,risekichu_hokan_tsumogiri,1776019506,0.0,,0,,"[7,10,28,46,62,66,80,93,105,120,132,102,65]",,,,238m 3788p 3689s 47z,,,,,,,,,,,,,,
20260413033302_0201_022,20260413033302_0201,20260413033302,一般卓,0,パシフィック,132,7z,tedashi,1776019509,2520.599,,0,,"[7,10,28,46,62,66,80,93,105,120,132,102,65,134]",,,,238m 3788p 3689s 477z,,,,4,4,4,,0,,,,,,
20260413033302_0201_023,20260413033302_0201,20260413033302,一般卓,1,喉頭形成術Ⅴ型,0,1m,risekichu_hokan_tsumogiri,1776019511,2710.086,,0,,"[7,10,28,46,62,66,80,93,105,120,102,65,134]",,,,238m 3788p 3689s 47z,,,,,,,,,,,,,,
20260413033302_0201_024,20260413033302_0201,20260413033302,一般卓,2,小田時人,111,1z,risekichu_hokan_tsumogiri,1776019513,2098.817,,0,,"[7,10,28,46,62,66,80,93,105,120,102,65,134]",,,,238m 3788p 3689s 47z,,,,,,,,,,,,,,
20260413033302_0201_025,20260413033302_0201,20260413033302,一般卓,3,NoName,34,9m,risekichu_hokan_tsumogiri,1776019513,0.0,,0,,"[7,10,28,46,62,66,80,93,105,120,102,65,134]",,,,238m 3788p 3689s 47z,,,,,,,,,,,,,,
20260413033302_0201_026,20260413033302_0201,20260413033302,一般卓,0,パシフィック,134,7z,tedashi,1776019517,3732.495,,0,,"[7,10,28,46,62,66,80,93,105,120,102,65,134,31]",,,,2388m 3788p 3689s 47z,,,,4,4,4,,0,,,,,,
20260413033302_0201_027,20260413033302_0201,20260413033302,一般卓,1,喉頭形成術Ⅴ型,90,5s,tedashi,1776019520,2637.755,,0,,"[7,10,28,46,62,66,80,93,105,120,102,65,31]",,,,2388m 3788p 3689s 4z,,,,,,,,,,,,,,
20260414000100_0000_000,20260414000100_0000,20260414000100,一般卓,2,わはは,38,1p,tedashi,1776092465,,,0,,"[35,0,21,45,114,47,50,97,95,10,16,72,89]",,,,13r569m 334p 1567s 2z,,,,,,,,,,,,,,
20260414000100_0000_001,20260414000100_0000,20260414000100,一般卓,3,ジャーナリスト魂,39,1p,tedashi,1776092470,4720.107,,0,,"[35,0,21,45,114,47,50,97,95,10,16,72,89]",,,,13r569m 334p 1567s 2z,,,,,,,,,,,,,,
20260414000100_0000_002,20260414000100_0000,20260414000100,一般卓,0,パシフィック,35,9m,tedashi,1776092471,1484.838,,2,2097.746,"[35,0,21,45,114,47,50,97,95,10,16,72,89,46]",,,,13r569m 3334p 1567s 2z,,,,2,2,5,,0,,,,,,
20260414000100_0000_003,20260414000100_0000,20260414000100,一般卓,1,NoName,91,5s,tedashi,1776092476,2638.986,,6,294.677,"[0,21,45,114,47,50,97,95,10,16,72,89,46]",,,,13r56m 3334p 1567s 2z,,,,,,,,,,,,,,
20260414000100_0000_004,20260414000100_0000,20260414000100,一般卓,2,わはは,134,7z,tedashi,1776092478,2040.075,,0,,"[0,21,45,114,47,50,97,95,10,16,72,89,46]",,,,13r56m 3334p 1567s 2z,,,,,,,,,,,,,,
20260414000100_0000_005,20260414000100_0000,20260414000100,一般卓,3,ジャーナリスト魂,132,7z,tedashi,1776092481,3071.73,,0,,"[0,21,45,114,47,50,97,95,10,16,72,89,46]",,,,13r56m 3334p 1567s 2z,,,,,,,,,,,,,,
20260414000100_0000_006,20260414000100_0000,20260414000100,一般卓,0,パシフィック,114,2z,tedashi,1776092482,779.663,,0,,"[0,21,45,114,47,50,97,95,10,16,72,89,46,13]",,,,134r56m 3334p 1567s 2z,,,,1,1,5,,0,,,,,,
20260414000100_0000_007,20260414000100_0000,20260414000100,一般卓,1,NoName,102,8s,risekichu_hokan_tsumogiri,1776092488,5824.047,,0,,"[0,21,45,47,50,97,95,10,16,72,89,46,13]",,,,134r56m 3334p 1567s,,,,,,,,,,,,,,
20260414000100_0000_008,20260414000100_0000,20260414000100,一般卓,2,わはは,110,1z,tedashi,1776092490,2242.383,,0,,"[0,21,45,47,50,97,95,10,16,72,89,46,13]",,,,134r56m 3334p 1567s,,,,,,,,,,,,,,
20260414000100_0000_009,20260414000100_0000,20260414000100,一般卓,3,ジャーナリスト魂,116,3z,risekichu_hokan_tsumogiri,1776092493,2245.681,,0,,"[0,21,45,47,50,97,95,10,16,72,89,46,13]",,,,134r56m 3334p 1567s,,,,,,,,,,,,,,
20260414000100_0000_010,20260414000100_0000,20260414000100,一般卓,0,パシフィック,0,1m,tedashi,1776092493,757.266,,2,1922.44,"[0,21,45,47,50,97,95,10,16,72,89,46,13,99]",,,,134r56m 3334p 15677s,,,,1,1,4,,0,,,,,,
20260414000100_0000_011,20260414000100_0000,20260414000100,一般卓,1,NoName,83,3s,tedashi,1776092496,686.127,,6,290.838,"[21,45,47,50,97,95,10,16,72,89,46,13,99]",,,,34r56m 3334p 15677s,,,,,,,,,,,,,,
20260414000100_0000_012,20260414000100_0000,20260414000100,一般卓,2,わはは,54,5p,risekichu_hokan_tsumogiri,1776092500,3725.32,,1,1825.564,"[21,45,47,50,97,95,10,16,72,89,46,13,99]",,,,34r56m 3334p 15677s,,,,,,,,,,,,,,
20260414000100_0000_013,20260414000100_0000,20260414000100,一般卓,3,ジャーナリスト魂,113,2z,tedashi,1776092503,1562.719,,0,,"[21,45,47,50,97,95,10,16,72,89,46,13,99]",,,,34r56m 3334p 15677s,,,,,,,,,,,,,,
20260414000100_0000_014,20260414000100_0000,20260414000100,一般卓,0,パシフィック,123,4z,tsumogiri,1776092504,1122.239,,0,,"[21,45,47,50,97,95,10,16,72,89,46,13,99,123]",,,,34r56m 3334p 15677s 4z,,,,2,2,4,,0,,,,,,
20260414000100_0000_015,20260414000100_0000,20260414000100,一般卓,1,NoName,103,8s,risekichu_hokan_tsumogiri,1776092506,1933.505,,0,,"[21,45,47,50,97,95,10,16,72,89,46,13,99]",,,,34r56m 3334p 15677s,,,,,,,,,,,,,,
20260414000100_0000_016,20260414000100_0000,20260414000100,一般卓,2,わはは,11,3m,tedashi,1776092509,2353.629,,0,,"[21,45,47,50,97,95,10,16,72,89,46,13,99]",,,,34r56m 3334p 15677s,,,,,,,,,,,,,,
20260414000100_0000_017,20260414000100_0000,20260414000100,一般卓,3,ジャーナリスト魂,19,5m,tedashi,1776092513,4510.631,,1,8854.869,"[21,45,47,50,97,95,10,16,72,89,46,13,99]",,,,34r56m 3334p 15677s,,,,,,,,,,,,,,
20260414000100_0000_018,20260414000100_0000,20260414000100,一般卓,0,パシフィック,130,6z,tsumogiri,1776092524,1466.896,,0,,"[21,45,47,50,97,95,10,16,72,89,46,13,99,130]",,,,34r56m 3334p 15677s 6z,,,,2,2,4,,0,,,,,,
20260414000100_0000_019,20260414000100_0000,20260414000100,一般卓,1,NoName,66,8p,tedashi,1776092527,3087.869,,0,,"[21,45,47,50,97,95,10,16,72,89,46,13,99]",,,,34r56m 3334p 15677s,,,,,,,,,,,,,,
20260414000100_0000_020,20260414000100_0000,20260414000100,一般卓,2,わはは,122,4z,risekichu_hokan_tsumogiri,1776092531,4112.754,,0,,"[21,45,47,50,97,95,10,16,72,89,46,13,99]",,,,34r56m 3334p 15677s,,,,,,,,,,,,,,
20260414000100_0000_021,20260414000100_0000,20260414000100,一般卓,3,ジャーナリスト魂,57,6p,tedashi,1776092535,4068.218,,2,2231.203,"[21,45,47,50,97,95,10,16,72,89,46,13,99]",,,,34r56m 3334p 15677s,,,,,,,,,,,,,,
20260414000100_0000_022,20260414000100_0000,20260414000100,一般卓,1,NoName,61,7p,tedashi,1776092539,1808.216,,0,,"[21,45,47,50,97,95,10,16,72,89,46,13,99]",,,,34r56m 3334p 15677s,,,,,,,,,,,,,,
20260414000100_0000_023,20260414000100_0000,20260414000100,一般卓,2,わはは,118,3z,tedashi,1776092541,2086.807,,0,,"[21,45,47,50,97,95,10,16,72,89,46,13,99]",,,,34r56m 3334p 15677s,,,,,,,,,,,,,,
20260414000100_0000_024,20260414000100_0000,20260414000100,一般卓,3,ジャーナリスト魂,125,5z,risekichu_hokan_tsumogiri,1776092543,2275.238,,0,,"[21,45,47,50,97,95,10,16,72,89,46,13,99]",,,,34r56m 3334p 15677s,,,,,,,,,,,,,,
20260414000100_0000_025,20260414000100_0000,20260414000100,一般卓,0,パシフィック,24,7m,tsumogiri,1776092558,14280.893,,0,,"[21,45,47,50,97,95,10,16,72,89,46,13,99,24]",,,,34r567m 3334p 15677s,,,,1,1,4,,0,,,,,,
20260414000100_0000_026,20260414000100_0000,20260414000100,一般卓,1,NoName,40,2p,risekichu_hokan_tsumogiri,1776092559,1911.983,,0,,"[21,45,47,50,97,95,10,16,72,89,46,13,99]",,,,34r56m 3334p 15677s,,,,,,,,,,,,,,
20260414000100_0000_027,20260414000100_0000,20260414000100,一般卓,2,わはは,65,8p,risekichu_hokan_tsumogiri,1776092561,1841.584,,2,2660.288,"[21,45,47,50,97,95,10,16,72,89,46,13,99]",,,,34r56m 3334p 15677s,,,,,,,,,,,,,,
20260414000100_0000_028,20260414000100_0000,20260414000100,一般卓,3,ジャーナリスト魂,7,2m,tedashi,1776092565,1334.471,,6,244.532,"[21,45,47,50,97,95,10,16,72,89,46,13,99]",,,,34r56m 3334p 15677s,,,,,,,,,,,,,,
20260414000100_0000_029,20260414000100_0000,20260414000100,一般卓,0,パシフィック,64,8p,tsumogiri,1776092572,6495.582,,0,,"[21,45,47,50,97,95,10,16,72,89,46,13,99,64]",,,,34r56m 33348p 15677s,,,,2,2,4,,0,,,,,,
20260414000100_0000_030,20260414000100_0000,20260414000100,一般卓,1,NoName,9,3m,tedashi,1776092574,1916.036,,6,344.853,"[21,45,47,50,97,95,10,16,72,89,46,13,99]",,,,34r56m 3334p 15677s,,,,,,,,,,,,,,
20260414000100_0000_031,20260414000100_0000,20260414000100,一般卓,2,わはは,43,2p,risekichu_hokan_tsumogiri,1776092576,1794.988,,0,,"[21,45,47,50,97,95,10,16,72,89,46,13,99]",,,,34r56m 3334p 15677s,,,,,,,,,,,,,,
20260414000100_0000_032,20260414000100_0000,20260414000100,一般卓,3,ジャーナリスト魂,5,2m,tedashi,1776092578,2341.844,,6,207.329,"[21,45,47,50,97,95,10,16,72,89,46,13,99]",,,,34r56m 3334p 15677s,,,,,,,,,,,,,,
20260414000100_0000_033,20260414000100_0000,20260414000100,一般卓,0,パシフィック,101,8s,tsumogiri,1776092585,6512.516,,0,,"[21,45,47,50,97,95,10,16,72,89,46,13,99,101]",,,,34r56m 3334p 156778s,,,,1,1,4,,0,,,,,,
20260414000100_0000_036,20260414000100_0000,20260414000100,一般卓,0,パシフィック,119,3z,tsumogiri,1776092597,1007.026,,0,,"[10,13,16,21,45,46,47,50,72,89,95,97,99,119]",,,,34r56m 3334p 15677s 3z,,,,2,2,4,,0,,,,,,
20260414000100_0000_037,20260414000100_0000,20260414000100,一般卓,1,NoName,48,4p,risekichu_hokan_tsumogiri,1776092599,2151.275,,0,,"[10,13,16,21,45,46,47,50,72,89,95,97,99]",,,,34r56m 3334p 15677s,,,,,,,,,,,,,,
20260414000100_0000_038,20260414000100_0000,20260414000100,一般卓,2,わはは,29,8m,tedashi,1776092604,4674.842,,0,,"[10,13,16,21,45,46,47,50,72,89,95,97,99]",,,,34r56m 3334p 15677s,,,,,,,,,,,,,,
20260414000100_0100_000,20260414000100_0100,20260414000100,一般卓,3,ジャーナリスト魂,117,3z,tedashi,1776092615,,,0,,"[84,21,44,15,74,94,41,55,76,2,124,85,27]",,,,1467m 235p 12446s 5z,,,,,,,,,,,,,,
20260414000100_0100_001,20260414000100_0100,20260414000100,一般卓,0,パシフィック,124,5z,tedashi,1776092616,1470.695,,0,,"[84,21,44,15,74,94,41,55,76,2,124,85,27,101]",,,,1467m 235p 124468s 5z,,,,3,3,5,,0,,,,,,
20260414000100_0100_002,20260414000100_0100,20260414000100,一般卓,1,NoName,58,6p,tedashi,1776092621,4948.419,,0,,"[84,21,44,15,74,94,41,55,76,2,85,27,101]",,,,1467m 235p 124468s,,,,,,,,,,,,,,
20260414000100_0100_003,20260414000100_0100,20260414000100,一般卓,2,わはは,131,6z,tedashi,1776092623,1641.351,,0,,"[84,21,44,15,74,94,41,55,76,2,85,27,101]",,,,1467m 235p 124468s,,,,,,,,,,,,,,
20260414000100_0100_004,20260414000100_0100,20260414000100,一般卓,3,ジャーナリスト魂,33,9m,tedashi,1776092625,2134.29,,0,,"[84,21,44,15,74,94,41,55,76,2,85,27,101]",,,,1467m 235p 124468s,,,,,,,,,,,,,,
20260414000100_0100_005,20260414000100_0100,20260414000100,一般卓,0,パシフィック,2,1m,tedashi,1776092627,1553.127,,1,1847.946,"[84,21,44,15,74,94,41,55,76,2,85,27,101,19]",,,,14567m 235p 124468s,,,,2,2,5,,0,,,,,,
20260414000100_0100_006,20260414000100_0100,20260414000100,一般卓,1,NoName,54,5p,tedashi,1776092630,1326.478,,6,269.185,"[84,21,44,15,74,94,41,55,76,85,27,101,19]",,,,4567m 235p 124468s,,,,,,,,,,,,,,
20260414000100_0100_007,20260414000100_0100,20260414000100,一般卓,2,わはは,29,8m,tedashi,1776092632,2034.132,,0,,"[84,21,44,15,74,94,41,55,76,85,27,101,19]",,,,4567m 235p 124468s,,,,,,,,,,,,,,
20260414000100_0100_008,20260414000100_0100,20260414000100,一般卓,3,ジャーナリスト魂,120,4z,tedashi,1776092634,1975.141,,0,,"[84,21,44,15,74,94,41,55,76,85,27,101,19]",,,,4567m 235p 124468s,,,,,,,,,,,,,,
20260414000100_0100_009,20260414000100_0100,20260414000100,一般卓,0,パシフィック,74,1s,tedashi,1776092636,1660.194,,2,1846.588,"[84,21,44,15,74,94,41,55,76,85,27,101,19,42]",,,,4567m 2235p 124468s,,,,2,2,4,,0,,,,,,
20260414000100_0100_010,20260414000100_0100,20260414000100,一般卓,1,NoName,65,8p,tedashi,1776092639,902.486,,6,394.75,"[84,21,44,15,94,41,55,76,85,27,101,19,42]",,,,4567m 2235p 24468s,,,,,,,,,,,,,,
20260414000100_0100_011,20260414000100_0100,20260414000100,一般卓,2,わはは,70,9p,risekichu_hokan_tsumogiri,1776092641,2292.898,,0,,"[84,21,44,15,94,41,55,76,85,27,101,19,42]",,,,4567m 2235p 24468s,,,,,,,,,,,,,,
20260414000100_0100_012,20260414000100_0100,20260414000100,一般卓,3,ジャーナリスト魂,119,3z,risekichu_hokan_tsumogiri,1776092643,2051.87,,0,,"[84,21,44,15,94,41,55,76,85,27,101,19,42]",,,,4567m 2235p 24468s,,,,,,,,,,,,,,
20260414000100_0100_013,20260414000100_0100,20260414000100,一般卓,0,パシフィック,55,5p,tedashi,1776092644,830.272,,0,,"[84,21,44,15,94,41,55,76,85,27,101,19,42,47]",,,,4567m 22335p 24468s,,,,2,2,3,,0,,,,,,
20260414000100_0100_014,20260414000100_0100,20260414000100,一般卓,1,NoName,87,4s,tedashi,1776092648,3455.499,,1,7209.681,"[84,21,44,15,94,41,76,85,27,101,19,42,47]",,,,4567m 2233p 24468s,,,,,,,,,,,,,,
20260414000100_0100_015,20260414000100_0100,20260414000100,一般卓,2,わはは,83,3s,tedashi,1776092658,3632.908,,0,,"[84,21,44,15,94,41,76,85,27,101,19,42,47]",,,,4567m 2233p 24468s,,,,,,,,,,,,,,
20260414000100_0100_016,20260414000100_0100,20260414000100,一般卓,3,ジャーナリスト魂,64,8p,tedashi,1776092660,2006.836,,0,,"[84,21,44,15,94,41,76,85,27,101,19,42,47]",,,,4567m 2233p 24468s,,,,,,,,,,,,,,
20260414000100_0100_017,20260414000100_0100,20260414000100,一般卓,0,パシフィック,76,2s,tedashi,1776092662,1084.281,,0,,"[84,21,44,15,94,41,76,85,27,101,19,42,47,103]",,,,4567m 2233p 244688s,,,,2,2,2,,0,,,,,,
20260414000100_0100_018,20260414000100_0100,20260414000100,一般卓,1,NoName,37,1p,tedashi,1776092667,5512.502,,0,,"[84,21,44,15,94,41,85,27,101,19,42,47,103]",,,,4567m 2233p 44688s,,,,,,,,,,,,,,
20260414000100_0100_019,20260414000100_0100,20260414000100,一般卓,2,わはは,78,2s,tedashi,1776092669,1731.759,,0,,"[84,21,44,15,94,41,85,27,101,19,42,47,103]",,,,4567m 2233p 44688s,,,,,,,,,,,,,,
20260414000100_0100_020,20260414000100_0100,20260414000100,一般卓,3,ジャーナリスト魂,82,3s,tedashi,1776092671,2569.38,,0,,"[84,21,44,15,94,41,85,27,101,19,42,47,103]",,,,4567m 2233p 44688s,,,,,,,,,,,,,,
20260414000100_0100_021,20260414000100_0100,20260414000100,一般卓,0,パシフィック,41,2p,tedashi,1776092673,1152.186,,0,,"[84,21,44,15,94,41,85,27,101,19,42,47,103,30]",,,,45678m 2233p 44688s,,,,2,2,2,,0,,,,,,
20260414000100_0100_022,20260414000100_0100,20260414000100,一般卓,1,NoName,109,1z,tedashi,1776092675,2226.084,,0,,"[84,21,44,15,94,85,27,101,19,42,47,103,30]",,,,45678m 233p 44688s,,,,,,,,,,,,,,
20260414000100_0100_023,20260414000100_0100,20260414000100,一般卓,2,わはは,89,5s,tedashi,1776092678,3588.023,,0,,"[84,21,44,15,94,85,27,101,19,42,47,103,30]",,,,45678m 233p 44688s,,,,,,,,,,,,,,
20260414000100_0100_024,20260414000100_0100,20260414000100,一般卓,3,ジャーナリスト魂,115,2z,tedashi,1776092680,1878.759,,1,1491.602,"[84,21,44,15,94,85,27,101,19,42,47,103,30]",,,,45678m 233p 44688s,,,,,,,,,,,,,,
20260414000100_0100_025,20260414000100_0100,20260414000100,一般卓,0,パシフィック,68,9p,tsumogiri,1776092682,580.108,,0,,"[84,21,44,15,94,85,27,101,19,42,47,103,30,68]",,,,45678m 2339p 44688s,,,,2,2,3,,0,,,,,,
20260414000100_0100_026,20260414000100_0100,20260414000100,一般卓,1,NoName,132,7z,tedashi,1776092686,3820.722,,0,,"[84,21,44,15,94,85,27,101,19,42,47,103,30]",,,,45678m 233p 44688s,,,,,,,,,,,,,,
20260414000100_0100_027,20260414000100_0100,20260414000100,一般卓,2,わはは,5,2m,tedashi,1776092688,1959.573,,0,,"[84,21,44,15,94,85,27,101,19,42,47,103,30]",,,,45678m 233p 44688s,,,,,,,,,,,,,,
20260414000100_0100_028,20260414000100_0100,20260414000100,一般卓,3,ジャーナリスト魂,67,8p,risekichu_hokan_tsumogiri,1776092690,2355.491,,0,,"[84,21,44,15,94,85,27,101,19,42,47,103,30]",,,,45678m 233p 44688s,,,,,,,,,,,,,,
20260414000100_0100_029,20260414000100_0100,20260414000100,一般卓,0,パシフィック,133,7z,tsumogiri,1776092691,853.071,,0,,"[84,21,44,15,94,85,27,101,19,42,47,103,30,133]",,,,45678m 233p 44688s 7z,,,,2,2,3,,0,,,,,,
20260414000100_0100_030,20260414000100_0100,20260414000100,一般卓,1,NoName,4,2m,tedashi,1776092696,4644.839,,0,,"[84,21,44,15,94,85,27,101,19,42,47,103,30]",,,,45678m 233p 44688s,,,,,,,,,,,,,,
20260414000100_0100_031,20260414000100_0100,20260414000100,一般卓,2,わはは,3,1m,tedashi,1776092698,1746.579,,0,,"[84,21,44,15,94,85,27,101,19,42,47,103,30]",,,,45678m 233p 44688s,,,,,,,,,,,,,,
20260414000100_0100_032,20260414000100_0100,20260414000100,一般卓,3,ジャーナリスト魂,43,2p,tedashi,1776092700,2786.758,,0,,"[84,21,44,15,94,85,27,101,19,42,47,103,30]",,,,45678m 233p 44688s,,,,,,,,,,,,,,
20260414000100_0100_033,20260414000100_0100,20260414000100,一般卓,0,パシフィック,77,2s,tsumogiri,1776092701,1007.806,,0,,"[84,21,44,15,94,85,27,101,19,42,47,103,30,77]",,,,45678m 233p 244688s,,,,2,2,3,,0,,,,,,
20260414000100_0100_034,20260414000100_0100,20260414000100,一般卓,1,NoName,24,7m,tedashi,1776092705,3115.771,,0,,"[84,21,44,15,94,85,27,101,19,42,47,103,30]",,,,45678m 233p 44688s,,,,,,,,,,,,,,
20260414000100_0100_035,20260414000100_0100,20260414000100,一般卓,2,わはは,35,9m,risekichu_hokan_tsumogiri,1776092706,1826.437,,0,,"[84,21,44,15,94,85,27,101,19,42,47,103,30]",,,,45678m 233p 44688s,,,,,,,,,,,,,,
20260414000100_0100_036,20260414000100_0100,20260414000100,一般卓,3,ジャーナリスト魂,71,9p,risekichu_hokan_tsumogiri,1776092709,2569.512,,0,,"[84,21,44,15,94,85,27,101,19,42,47,103,30]",,,,45678m 233p 44688s,,,,,,,,,,,,,,
20260414000100_0100_037,20260414000100_0100,20260414000100,一般卓,0,パシフィック,114,2z,tsumogiri,1776092710,809.257,,0,,"[84,21,44,15,94,85,27,101,19,42,47,103,30,114]",,,,45678m 233p 44688s 2z,,,,2,2,3,,0,,,,,,
20260414000100_0100_038,20260414000100_0100,20260414000100,一般卓,1,NoName,111,1z,risekichu_hokan_tsumogiri,1776092712,2546.405,,2,1222.496,"[84,21,44,15,94,85,27,101,19,42,47,103,30]",,,,45678m 233p 44688s,,,,,,,,,,,,,,
20260414000100_0100_039,20260414000100_0100,20260414000100,一般卓,3,ジャーナリスト魂,23,6m,tedashi,1776092716,2361.284,,6,238.716,"[84,21,44,15,94,85,27,101,19,42,47,103,30]",,,,45678m 233p 44688s,,,,,,,,,,,,,,
20260414000100_0100_040,20260414000100_0100,20260414000100,一般卓,0,パシフィック,44,3p,tedashi,1776092718,1446.123,,0,,"[84,21,44,15,94,85,27,101,19,42,47,103,30,104]",,,,45678m 233p 446889s,,,,2,2,3,,1,,,,,,
20260414000100_0100_041,20260414000100_0100,20260414000100,一般卓,1,NoName,50,4p,risekichu_hokan_tsumogiri,1776092719,1442.415,,2,3585.314,"[84,21,15,94,85,27,101,19,42,47,103,30,104]",,,,45678m 23p 446889s,,,,,,,,,,,,,,
20260414000100_0100_042,20260414000100_0100,20260414000100,一般卓,3,ジャーナリスト魂,13,4m,tedashi,1776092725,2194.288,,6,233.453,"[84,21,15,94,85,27,101,19,42,47,103,30,104]",,,,45678m 23p 446889s,,,,,,,,,,,,,,
20260414000100_0100_043,20260414000100_0100,20260414000100,一般卓,0,パシフィック,128,6z,tsumogiri,1776092726,978.568,,2,1690.978,"[84,21,15,94,85,27,101,19,42,47,103,30,104,128]",,,,45678m 23p 446889s 6z,,,,2,2,4,,0,,,,,,
20260414000100_0100_044,20260414000100_0100,20260414000100,一般卓,3,ジャーナリスト魂,26,7m,tedashi,1776092729,1105.076,,6,227.233,"[84,21,15,94,85,27,101,19,42,47,103,30,104]",,,,45678m 23p 446889s,,,,,,,,,,,,,,
20260414000100_0100_045,20260414000100_0100,20260414000100,一般卓,0,パシフィック,113,2z,tsumogiri,1776092730,872.066,,0,,"[84,21,15,94,85,27,101,19,42,47,103,30,104,113]",,,,45678m 23p 446889s 2z,,,,2,2,4,,0,,,,,,
20260414000100_0100_046,20260414000100_0100,20260414000100,一般卓,1,NoName,39,1p,risekichu_hokan_tsumogiri,1776092732,1759.098,,0,,"[84,21,15,94,85,27,101,19,42,47,103,30,104]",,,,45678m 23p 446889s,,,,,,,,,,,,,,
20260414000100_0100_047,20260414000100_0100,20260414000100,一般卓,2,わはは,36,1p,tedashi,1776092736,3869.302,,0,,"[84,21,15,94,85,27,101,19,42,47,103,30,104]",,,,45678m 23p 446889s,,,,,,,,,,,,,,
20260414000100_0100_048,20260414000100_0100,20260414000100,一般卓,3,ジャーナリスト魂,0,1m,risekichu_hokan_tsumogiri,1776092738,2820.204,,0,,"[84,21,15,94,85,27,101,19,42,47,103,30,104]",,,,45678m 23p 446889s,,,,,,,,,,,,,,
20260414000100_0100_049,20260414000100_0100,20260414000100,一般卓,0,パシフィック,73,1s,tsumogiri,1776092740,1516.531,,0,,"[84,21,15,94,85,27,101,19,42,47,103,30,104,73]",,,,45678m 23p 1446889s,,,,2,2,4,,0,,,,,,
20260414000100_0100_050,20260414000100_0100,20260414000100,一般卓,1,NoName,92,6s,risekichu_hokan_tsumogiri,1776092741,1406.484,,6,316.158,"[84,21,15,94,85,27,101,19,42,47,103,30,104]",,,,45678m 23p 446889s,,,,,,,,,,,,,,
20260414000100_0100_051,20260414000100_0100,20260414000100,一般卓,2,わはは,135,7z,tedashi,1776092744,2193.491,,0,,"[84,21,15,94,85,27,101,19,42,47,103,30,104]",,,,45678m 23p 446889s,,,,,,,,,,,,,,
20260414000100_0100_052,20260414000100_0100,20260414000100,一般卓,3,ジャーナリスト魂,45,3p,risekichu_hokan_tsumogiri,1776092746,2013.474,,0,,"[84,21,15,94,85,27,101,19,42,47,103,30,104]",,,,45678m 23p 446889s,,,,,,,,,,,,,,
20260414000100_0100_053,20260414000100_0100,20260414000100,一般卓,0,パシフィック,118,3z,tsumogiri,1776092747,1105.858,,0,,"[84,21,15,94,85,27,101,19,42,47,103,30,104,118]",,,,45678m 23p 446889s 3z,,,,2,2,4,,0,,,,,,
20260414000100_0100_054,20260414000100_0100,20260414000100,一般卓,1,NoName,6,2m,risekichu_hokan_tsumogiri,1776092751,3808.171,,0,,"[84,21,15,94,85,27,101,19,42,47,103,30,104]",,,,45678m 23p 446889s,,,,,,,,,,,,,,
20260414000100_0100_055,20260414000100_0100,20260414000100,一般卓,2,わはは,46,3p,tedashi,1776092752,1701.174,,0,,"[84,21,15,94,85,27,101,19,42,47,103,30,104]",,,,45678m 23p 446889s,,,,,,,,,,,,,,
20260414000100_0100_056,20260414000100_0100,20260414000100,一般卓,3,ジャーナリスト魂,22,6m,risekichu_hokan_tsumogiri,1776092755,2181.714,,6,199.225,"[84,21,15,94,85,27,101,19,42,47,103,30,104]",,,,45678m 23p 446889s,,,,,,,,,,,,,,
20260414000100_0100_057,20260414000100_0100,20260414000100,一般卓,0,パシフィック,1,1m,tsumogiri,1776092756,785.694,,0,,"[84,21,15,94,85,27,101,19,42,47,103,30,104,1]",,,,145678m 23p 446889s,,,,2,2,4,,0,,,,,,
20260414000100_0100_058,20260414000100_0100,20260414000100,一般卓,1,NoName,53,5p,risekichu_hokan_tsumogiri,1776092757,1501.35,,6,250.511,"[84,21,15,94,85,27,101,19,42,47,103,30,104]",,,,45678m 23p 446889s,,,,,,,,,,,,,,
20260414000100_0100_059,20260414000100_0100,20260414000100,一般卓,2,わはは,112,2z,risekichu_hokan_tsumogiri,1776092761,3820.06,,1,2368.578,"[84,21,15,94,85,27,101,19,42,47,103,30,104]",,,,45678m 23p 446889s,,,,,,,,,,,,,,
20260414000100_0100_060,20260414000100_0100,20260414000100,一般卓,3,ジャーナリスト魂,20,6m,risekichu_hokan_tsumogiri,1776092765,1417.894,,6,220.448,"[84,21,15,94,85,27,101,19,42,47,103,30,104]",,,,45678m 23p 446889s,,,,,,,,,,,,,,
20260414000100_0100_061,20260414000100_0100,20260414000100,一般卓,0,パシフィック,15,4m,tedashi,1776092766,769.436,,1,6079.773,"[84,21,15,94,85,27,101,19,42,47,103,30,104,69]",,,,45678m 239p 446889s,,,,2,2,4,,0,,,,,,
20260414000100_0100_062,20260414000100_0100,20260414000100,一般卓,1,NoName,59,6p,risekichu_hokan_tsumogiri,1776092773,1018.272,,0,,"[84,21,94,85,27,101,19,42,47,103,30,104,69]",,,,5678m 239p 446889s,,,,,,,,,,,,,,
20260414000100_0100_063,20260414000100_0100,20260414000100,一般卓,2,わはは,12,4m,tedashi,1776092776,3276.034,,0,,"[84,21,94,85,27,101,19,42,47,103,30,104,69]",,,,5678m 239p 446889s,,,,,,,,,,,,,,
20260414000100_0100_064,20260414000100_0100,20260414000100,一般卓,3,ジャーナリスト魂,116,3z,risekichu_hokan_tsumogiri,1776092778,1622.746,,0,,"[84,21,94,85,27,101,19,42,47,103,30,104,69]",,,,5678m 239p 446889s,,,,,,,,,,,,,,
20260414000100_0100_065,20260414000100_0100,20260414000100,一般卓,0,パシフィック,19,5m,tedashi,1776092779,798.179,,1,3576.888,"[84,21,94,85,27,101,19,42,47,103,30,104,69,81]",,,,5678m 239p 3446889s,,,,2,2,4,,0,,,,,,
20260414000100_0100_066,20260414000100_0100,20260414000100,一般卓,1,NoName,7,2m,risekichu_hokan_tsumogiri,1776092784,1589.845,,0,,"[84,21,94,85,27,101,42,47,103,30,104,69,81]",,,,678m 239p 3446889s,,,,,,,,,,,,,,
20260414000100_0100_067,20260414000100_0100,20260414000100,一般卓,2,わはは,38,1p,risekichu_hokan_tsumogiri,1776092786,2057.936,,0,,"[84,21,94,85,27,101,42,47,103,30,104,69,81]",,,,678m 239p 3446889s,,,,,,,,,,,,,,
20260414000100_0100_068,20260414000100_0100,20260414000100,一般卓,3,ジャーナリスト魂,40,2p,risekichu_hokan_tsumogiri,1776092788,1666.968,,0,,"[84,21,94,85,27,101,42,47,103,30,104,69,81]",,,,678m 239p 3446889s,,,,,,,,,,,,,,
20260414000100_0100_069,20260414000100_0100,20260414000100,一般卓,0,パシフィック,21,6m,tedashi,1776092788,839.047,,1,2796.228,"[84,21,94,85,27,101,42,47,103,30,104,69,81,134]",,,,678m 239p 3446889s 7z,,,,2,2,4,,0,,,,,,
20260414000100_0100_070,20260414000100_0100,20260414000100,一般卓,1,NoName,52,r5p,risekichu_hokan_tsumogiri,1776092794,2663.928,,1,1818.883,"[84,94,85,27,101,42,47,103,30,104,69,81,134]",,,,78m 239p 3446889s 7z,,,,,,,,,,,,,,
20260414000100_0100_071,20260414000100_0100,20260414000100,一般卓,2,わはは,57,6p,tedashi,1776092803,1225.453,,0,,"[84,94,85,27,101,42,47,103,30,104,69,81,134]",,,,78m 239p 3446889s 7z,,,,,,,,,,,,,,
20260414000100_0101_000,20260414000100_0101,20260414000100,一般卓,3,ジャーナリスト魂,122,4z,tedashi,1776092814,,,0,,"[98,45,71,86,59,80,112,101,96,28,5,56,12]",,,,248m 3669p 34778s 2z,,,,,,,,,,,,,,
20260414000100_0101_001,20260414000100_0101,20260414000100,一般卓,0,パシフィック,112,2z,tedashi,1776092816,1423.748,,0,,"[98,45,71,86,59,80,112,101,96,28,5,56,12,25]",,,,2478m 3669p 34778s 2z,,,,3,3,4,,0,,,,,,
20260414000100_0101_002,20260414000100_0101,20260414000100,一般卓,1,NoName,99,7s,tedashi,1776092817,1529.514,,1,2437.637,"[98,45,71,86,59,80,101,96,28,5,56,12,25]",,,,2478m 3669p 34778s,,,,,,,,,,,,,,
20260414000100_0101_003,20260414000100_0101,20260414000100,一般卓,2,わはは,116,3z,tedashi,1776092821,1147.93,,2,2479.744,"[98,45,71,86,59,80,101,96,28,5,56,12,25]",,,,2478m 3669p 34778s,,,,,,,,,,,,,,
20260414000100_0101_004,20260414000100_0101,20260414000100,一般卓,1,NoName,76,2s,tedashi,1776092824,886.767,,0,,"[98,45,71,86,59,80,101,96,28,5,56,12,25]",,,,2478m 3669p 34778s,,,,,,,,,,,,,,
20260414000100_0101_005,20260414000100_0101,20260414000100,一般卓,2,わはは,75,1s,tedashi,1776092826,1759.575,,0,,"[98,45,71,86,59,80,101,96,28,5,56,12,25]",,,,2478m 3669p 34778s,,,,,,,,,,,,,,
20260414000100_0101_006,20260414000100_0101,20260414000100,一般卓,3,ジャーナリスト魂,82,3s,tedashi,1776092829,2628.111,,0,,"[98,45,71,86,59,80,101,96,28,5,56,12,25]",,,,2478m 3669p 34778s,,,,,,,,,,,,,,
20260414000100_0101_007,20260414000100_0101,20260414000100,一般卓,0,パシフィック,71,9p,tedashi,1776092830,1159.753,,0,,"[98,45,71,86,59,80,101,96,28,5,56,12,25,32]",,,,24789m 3669p 34778s,,,,2,2,4,,0,,,,,,
20260414000100_0101_008,20260414000100_0101,20260414000100,一般卓,1,NoName,42,2p,tedashi,1776092831,1308.93,,1,1906.443,"[98,45,86,59,80,101,96,28,5,56,12,25,32]",,,,24789m 366p 34778s,,,,,,,,,,,,,,
20260414000100_0101_009,20260414000100_0101,20260414000100,一般卓,2,わはは,120,4z,tedashi,1776092834,1417.08,,0,,"[98,45,86,59,80,101,96,28,5,56,12,25,32]",,,,24789m 366p 34778s,,,,,,,,,,,,,,
20260414000100_0101_010,20260414000100_0101,20260414000100,一般卓,3,ジャーナリスト魂,123,4z,risekichu_hokan_tsumogiri,1776092836,1817.401,,0,,"[98,45,86,59,80,101,96,28,5,56,12,25,32]",,,,24789m 366p 34778s,,,,,,,,,,,,,,
20260414000100_0101_011,20260414000100_0101,20260414000100,一般卓,0,パシフィック,96,7s,tedashi,1776092837,1000.644,,0,,"[98,45,86,59,80,101,96,28,5,56,12,25,32,81]",,,,24789m 366p 334778s,,,,2,2,3,,1,,,,,,
20260414000100_0101_012,20260414000100_0101,20260414000100,一般卓,1,NoName,55,5p,tedashi,1776092839,1688.975,,6,272.83,"[98,45,86,59,80,101,28,5,56,12,25,32,81]",,,,24789m 366p 33478s,,,,,,,,,,,,,,
20260414000100_0101_013,20260414000100_0101,20260414000100,一般卓,2,わはは,100,8s,tedashi,1776092841,1351.548,,1,1652.348,"[98,45,86,59,80,101,28,5,56,12,25,32,81]",,,,24789m 366p 33478s,,,,,,,,,,,,,,
20260414000100_0101_014,20260414000100_0101,20260414000100,一般卓,3,ジャーナリスト魂,40,2p,tedashi,1776092845,2870.775,,0,,"[98,45,86,59,80,101,28,5,56,12,25,32,81]",,,,24789m 366p 33478s,,,,,,,,,,,,,,
20260414000100_0101_015,20260414000100_0101,20260414000100,一般卓,0,パシフィック,45,3p,tedashi,1776092846,944.714,,0,,"[98,45,86,59,80,101,28,5,56,12,25,32,81,52]",,,,24789m 3r566p 33478s,,,,2,2,4,,0,,,,,,
20260414000100_0101_016,20260414000100_0101,20260414000100,一般卓,1,NoName,63,7p,tedashi,1776092848,1516.849,,0,,"[98,86,59,80,101,28,5,56,12,25,32,81,52]",,,,24789m r566p 33478s,,,,,,,,,,,,,,
20260414000100_0101_017,20260414000100_0101,20260414000100,一般卓,2,わはは,90,5s,risekichu_hokan_tsumogiri,1776092850,2450.808,,0,,"[98,86,59,80,101,28,5,56,12,25,32,81,52]",,,,24789m r566p 33478s,,,,,,,,,,,,,,
20260414000100_0101_018,20260414000100_0101,20260414000100,一般卓,3,ジャーナリスト魂,43,2p,tedashi,1776092856,6400.105,,1,2504.19,"[98,86,59,80,101,28,5,56,12,25,32,81,52]",,,,24789m r566p 33478s,,,,,,,,,,,,,,
20260414000100_0101_019,20260414000100_0101,20260414000100,一般卓,0,パシフィック,86,4s,tedashi,1776092859,295.627,,0,,"[98,86,59,80,101,28,5,56,12,25,32,81,52,8]",,,,234789m r566p 33478s,,,,1,1,4,,0,,,,,,
20260414000100_0101_020,20260414000100_0101,20260414000100,一般卓,1,NoName,48,4p,tedashi,1776092861,1758.311,,6,274.624,"[98,59,80,101,28,5,56,12,25,32,81,52,8]",,,,234789m r566p 3378s,,,,,,,,,,,,,,
20260414000100_0101_021,20260414000100_0101,20260414000100,一般卓,2,わはは,77,2s,risekichu_hokan_tsumogiri,1776092863,1610.281,,0,,"[98,59,80,101,28,5,56,12,25,32,81,52,8]",,,,234789m r566p 3378s,,,,,,,,,,,,,,
20260414000100_0101_022,20260414000100_0101,20260414000100,一般卓,3,ジャーナリスト魂,83,3s,risekichu_hokan_tsumogiri,1776092865,2475.843,,6,215.31,"[98,59,80,101,28,5,56,12,25,32,81,52,8]",,,,234789m r566p 3378s,,,,,,,,,,,,,,
20260414000100_0101_023,20260414000100_0101,20260414000100,一般卓,0,パシフィック,124,5z,tsumogiri,1776092866,626.314,,0,,"[98,59,80,101,28,5,56,12,25,32,81,52,8,124]",,,,234789m r566p 3378s 5z,,,,1,1,4,,0,,,,,,
20260414000100_0101_024,20260414000100_0101,20260414000100,一般卓,1,NoName,121,4z,tedashi,1776092869,2349.726,,0,,"[98,59,80,101,28,5,56,12,25,32,81,52,8]",,,,234789m r566p 3378s,,,,,,,,,,,,,,
20260414000100_0101_025,20260414000100_0101,20260414000100,一般卓,2,わはは,105,9s,tedashi,1776092871,2292.625,,0,,"[98,59,80,101,28,5,56,12,25,32,81,52,8]",,,,234789m r566p 3378s,,,,,,,,,,,,,,
20260414000100_0101_026,20260414000100_0101,20260414000100,一般卓,3,ジャーナリスト魂,51,4p,tedashi,1776092873,2484.277,,6,209.191,"[98,59,80,101,28,5,56,12,25,32,81,52,8]",,,,234789m r566p 3378s,,,,,,,,,,,,,,
20260414000100_0101_027,20260414000100_0101,20260414000100,一般卓,0,パシフィック,111,1z,tsumogiri,1776092874,675.885,,2,1615.906,"[98,59,80,101,28,5,56,12,25,32,81,52,8,111]",,,,234789m r566p 3378s 1z,,,,1,1,4,,0,,,,,,
20260414000100_0101_028,20260414000100_0101,20260414000100,一般卓,3,ジャーナリスト魂,57,6p,tedashi,1776092877,1067.632,,6,196.189,"[98,59,80,101,28,5,56,12,25,32,81,52,8]",,,,234789m r566p 3378s,,,,,,,,,,,,,,
20260414000100_0101_029,20260414000100_0101,20260414000100,一般卓,0,パシフィック,8,3m,tedashi,1776092878,502.279,,2,2446.669,"[98,59,80,101,28,5,56,12,25,32,81,52,8,11]",,,,2334789m r566p 3378s,,,,1,1,3,,0,,,,,,
20260414000100_0101_030,20260414000100_0101,20260414000100,一般卓,1,NoName,109,1z,tedashi,1776092881,933.698,,0,,"[98,59,80,101,28,5,56,12,25,32,81,52,11]",,,,234789m r566p 3378s,,,,,,,,,,,,,,
20260414000100_0101_031,20260414000100_0101,20260414000100,一般卓,2,わはは,27,7m,risekichu_hokan_tsumogiri,1776092883,2365.756,,1,2524.202,"[98,59,80,101,28,5,56,12,25,32,81,52,11]",,,,234789m r566p 3378s,,,,,,,,,,,,,,
20260414000100_0101_032,20260414000100_0101,20260414000100,一般卓,3,ジャーナリスト魂,132,7z,risekichu_hokan_tsumogiri,1776092887,1147.284,,0,,"[98,59,80,101,28,5,56,12,25,32,81,52,11]",,,,234789m r566p 3378s,,,,,,,,,,,,,,
20260414000100_0101_033,20260414000100_0101,20260414000100,一般卓,0,パシフィック,73,1s,tsumogiri,1776092888,727.015,,0,,"[98,59,80,101,28,5,56,12,25,32,81,52,11,73]",,,,234789m r566p 13378s,,,,1,1,4,,0,,,,,,
20260414000100_0101_034,20260414000100_0101,20260414000100,一般卓,1,NoName,37,1p,risekichu_hokan_tsumogiri,1776092891,2858.333,,6,277.76,"[98,59,80,101,28,5,56,12,25,32,81,52,11]",,,,234789m r566p 3378s,,,,,,,,,,,,,,
20260414000100_0101_035,20260414000100_0101,20260414000100,一般卓,2,わはは,87,4s,risekichu_hokan_tsumogiri,1776092895,4165.884,,0,,"[98,59,80,101,28,5,56,12,25,32,81,52,11]",,,,234789m r566p 3378s,,,,,,,,,,,,,,
20260414000100_0101_036,20260414000100_0101,20260414000100,一般卓,3,ジャーナリスト魂,3,1m,risekichu_hokan_tsumogiri,1776092897,1873.668,,6,206.003,"[98,59,80,101,28,5,56,12,25,32,81,52,11]",,,,234789m r566p 3378s,,,,,,,,,,,,,,
20260414000100_0101_037,20260414000100_0101,20260414000100,一般卓,0,パシフィック,4,2m,tsumogiri,1776092914,16495.203,,0,,"[98,59,80,101,28,5,56,12,25,32,81,52,11,4]",,,,2234789m r566p 3378s,,,,1,1,3,,0,,,,,,
20260414000100_0101_038,20260414000100_0101,20260414000100,一般卓,1,NoName,131,6z,tedashi,1776092917,3504.175,,0,,"[98,59,80,101,28,5,56,12,25,32,81,52,11]",,,,234789m r566p 3378s,,,,,,,,,,,,,,
20260414000100_0101_039,20260414000100_0101,20260414000100,一般卓,2,わはは,113,2z,risekichu_hokan_tsumogiri,1776092921,3469.6,,0,,"[98,59,80,101,28,5,56,12,25,32,81,52,11]",,,,234789m r566p 3378s,,,,,,,,,,,,,,
20260414000100_0101_040,20260414000100_0101,20260414000100,一般卓,3,ジャーナリスト魂,58,6p,risekichu_hokan_tsumogiri,1776092923,2129.316,,6,207.061,"[98,59,80,101,28,5,56,12,25,32,81,52,11]",,,,234789m r566p 3378s,,,,,,,,,,,,,,
20260414000100_0101_041,20260414000100_0101,20260414000100,一般卓,0,パシフィック,74,1s,tsumogiri,1776092929,6522.254,,0,,"[98,59,80,101,28,5,56,12,25,32,81,52,11,74]",,,,234789m r566p 13378s,,,,1,1,4,,0,,,,,,
20260414000100_0101_042,20260414000100_0101,20260414000100,一般卓,1,NoName,49,4p,risekichu_hokan_tsumogiri,1776092931,2015.08,,0,,"[98,59,80,101,28,5,56,12,25,32,81,52,11]",,,,234789m r566p 3378s,,,,,,,,,,,,,,
20260414000100_0101_045,20260414000100_0101,20260414000100,一般卓,0,パシフィック,56,6p,tedashi,1776092961,6043.563,3547.921,0,,"[5,11,12,25,28,32,52,56,59,80,81,98,101,104]",,,,234789m r566p 33789s,,,,0,0,4,47p,1,,,,,,
20260414000100_0101_046,20260414000100_0101,20260414000100,一般卓,1,NoName,46,3p,risekichu_hokan_tsumogiri,1776092963,1607.857,,0,,"[5,11,12,25,28,32,52,59,80,81,98,101,104]",,,,234789m r56p 33789s,,,,,,,,,,,,,,
20260414000100_0101_047,20260414000100_0101,20260414000100,一般卓,2,わはは,72,1s,risekichu_hokan_tsumogiri,1776092966,3263.019,,0,,"[5,11,12,25,28,32,52,59,80,81,98,101,104]",,,,234789m r56p 33789s,,,,,,,,,,,,,,
20260414000100_0101_048,20260414000100_0101,20260414000100,一般卓,3,ジャーナリスト魂,129,6z,risekichu_hokan_tsumogiri,1776092969,2591.469,,0,,"[5,11,12,25,28,32,52,59,80,81,98,101,104]",,,,234789m r56p 33789s,,,,,,,,,,,,,,
20260414000100_0101_049,20260414000100_0101,20260414000100,一般卓,0,パシフィック,85,4s,tsumogiri,1776092969,687.666,,0,,"[5,11,12,25,28,32,52,59,80,81,98,101,104,85]",,,,234789m r56p 334789s,,,,0,0,5,47p,0,,,,,,
20260414000100_0101_050,20260414000100_0101,20260414000100,一般卓,1,NoName,114,2z,tedashi,1776092972,3058.034,,0,,"[5,11,12,25,28,32,52,59,80,81,98,101,104]",,,,234789m r56p 33789s,,,,,,,,,,,,,,
20260414000100_0101_051,20260414000100_0101,20260414000100,一般卓,2,わはは,125,5z,risekichu_hokan_tsumogiri,1776092975,2860.078,,0,,"[5,11,12,25,28,32,52,59,80,81,98,101,104]",,,,234789m r56p 33789s,,,,,,,,,,,,,,
20260414000100_0101_052,20260414000100_0101,20260414000100,一般卓,3,ジャーナリスト魂,107,9s,risekichu_hokan_tsumogiri,1776092978,2512.094,,0,,"[5,11,12,25,28,32,52,59,80,81,98,101,104]",,,,234789m r56p 33789s,,,,,,,,,,,,,,
20260414000100_0101_053,20260414000100_0101,20260414000100,一般卓,0,パシフィック,97,7s,tsumogiri,1776092978,684.212,,0,,"[5,11,12,25,28,32,52,59,80,81,98,101,104,97]",,,,234789m r56p 337789s,,,,0,0,4,47p,0,,,,,,
20260414000100_0101_054,20260414000100_0101,20260414000100,一般卓,1,NoName,126,5z,tedashi,1776092982,3240.081,,0,,"[5,11,12,25,28,32,52,59,80,81,98,101,104]",,,,234789m r56p 33789s,,,,,,,,,,,,,,
20260414000100_0101_055,20260414000100_0101,20260414000100,一般卓,2,わはは,128,6z,risekichu_hokan_tsumogiri,1776092984,2405.288,,0,,"[5,11,12,25,28,32,52,59,80,81,98,101,104]",,,,234789m r56p 33789s,,,,,,,,,,,,,,
20260414000100_0101_056,20260414000100_0101,20260414000100,一般卓,3,ジャーナリスト魂,84,4s,tedashi,1776092989,4891.992,,0,,"[5,11,12,25,28,32,52,59,80,81,98,101,104]",,,,234789m r56p 33789s,,,,,,,,,,,,,,
20260414000100_0101_057,20260414000100_0101,20260414000100,一般卓,0,パシフィック,89,5s,tsumogiri,1776092990,725.572,,0,,"[5,11,12,25,28,32,52,59,80,81,98,101,104,89]",,,,234789m r56p 335789s,,,,0,0,5,47p,0,,,,,,
20260414000100_0101_058,20260414000100_0101,20260414000100,一般卓,1,NoName,95,6s,risekichu_hokan_tsumogiri,1776092991,1745.162,,0,,"[5,11,12,25,28,32,52,59,80,81,98,101,104]",,,,234789m r56p 33789s,,,,,,,,,,,,,,
20260414000100_0102_000,20260414000100_0102,20260414000100,一般卓,3,ジャーナリスト魂,121,4z,tedashi,1776093009,,,0,,"[86,57,81,65,78,69,46,113,110,128,75,85,23]",,,,6m 3689p 12344s 126z,,,,,,,,,,,,,,
20260414000100_0102_001,20260414000100_0102,20260414000100,一般卓,0,パシフィック,101,8s,tsumogiri,1776093025,16690.615,,0,,"[86,57,81,65,78,69,46,113,110,128,75,85,23,101]",,,,6m 3689p 123448s 126z,,,,4,4,5,,0,,,,,,
20260414000100_0102_002,20260414000100_0102,20260414000100,一般卓,1,NoName,64,8p,tedashi,1776093028,3000.857,,0,,"[86,57,81,65,78,69,46,113,110,128,75,85,23]",,,,6m 3689p 12344s 126z,,,,,,,,,,,,,,
20260414000100_0102_003,20260414000100_0102,20260414000100,一般卓,2,わはは,30,8m,tedashi,1776093032,3375.421,,1,1811.814,"[86,57,81,65,78,69,46,113,110,128,75,85,23]",,,,6m 3689p 12344s 126z,,,,,,,,,,,,,,
20260414000100_0102_004,20260414000100_0102,20260414000100,一般卓,3,ジャーナリスト魂,114,2z,tedashi,1776093035,1400.947,,0,,"[86,57,81,65,78,69,46,113,110,128,75,85,23]",,,,6m 3689p 12344s 126z,,,,,,,,,,,,,,
20260414000100_0102_005,20260414000100_0102,20260414000100,一般卓,0,パシフィック,4,2m,tsumogiri,1776093042,6702.637,,0,,"[86,57,81,65,78,69,46,113,110,128,75,85,23,4]",,,,26m 3689p 12344s 126z,,,,4,4,5,,0,,,,,,
20260414000100_0102_015,20260414000100_0102,20260414000100,一般卓,2,わはは,112,2z,risekichu_hokan_tsumogiri,1776093068,1846.346,,0,,"[23,46,57,65,69,75,78,81,85,86,110,113,128]",,,,6m 3689p 12344s 126z,,,,,,,,,,,,,,
20260414000100_0102_016,20260414000100_0102,20260414000100,一般卓,3,ジャーナリスト魂,31,8m,risekichu_hokan_tsumogiri,1776093072,3860.07,,0,,"[23,46,57,65,69,75,78,81,85,86,110,113,128]",,,,6m 3689p 12344s 126z,,,,,,,,,,,,,,
20260414000100_0102_017,20260414000100_0102,20260414000100,一般卓,0,パシフィック,113,2z,tedashi,1776093077,4845.754,,0,,"[23,46,57,65,69,75,78,81,85,86,110,113,128,62]",,,,6m 36789p 12344s 126z,,,,3,3,5,,0,,,,,,
20260414000100_0102_018,20260414000100_0102,20260414000100,一般卓,1,NoName,96,7s,tedashi,1776093079,2727.298,,6,348.118,"[23,46,57,65,69,75,78,81,85,86,110,128,62]",,,,6m 36789p 12344s 16z,,,,,,,,,,,,,,
20260414000100_0102_019,20260414000100_0102,20260414000100,一般卓,2,わはは,28,8m,risekichu_hokan_tsumogiri,1776093082,1970.092,,0,,"[23,46,57,65,69,75,78,81,85,86,110,128,62]",,,,6m 36789p 12344s 16z,,,,,,,,,,,,,,
20260414000100_0102_020,20260414000100_0102,20260414000100,一般卓,3,ジャーナリスト魂,76,2s,tedashi,1776093091,9304.345,,6,207.999,"[23,46,57,65,69,75,78,81,85,86,110,128,62]",,,,6m 36789p 12344s 16z,,,,,,,,,,,,,,
20260414000100_0102_021,20260414000100_0102,20260414000100,一般卓,0,パシフィック,110,1z,tedashi,1776093095,3972.491,,0,,"[23,46,57,65,69,75,78,81,85,86,110,128,62,5]",,,,26m 36789p 12344s 16z,,,,3,3,5,,0,,,,,,
20260414000100_0102_022,20260414000100_0102,20260414000100,一般卓,1,NoName,26,7m,tedashi,1776093099,3797.123,,6,286.711,"[23,46,57,65,69,75,78,81,85,86,128,62,5]",,,,26m 36789p 12344s 6z,,,,,,,,,,,,,,
20260414000100_0102_023,20260414000100_0102,20260414000100,一般卓,2,わはは,48,4p,tedashi,1776093103,4001.153,,0,,"[23,46,57,65,69,75,78,81,85,86,128,62,5]",,,,26m 36789p 12344s 6z,,,,,,,,,,,,,,
20260414000100_0102_024,20260414000100_0102,20260414000100,一般卓,3,ジャーナリスト魂,6,2m,risekichu_hokan_tsumogiri,1776093106,2326.642,,0,,"[23,46,57,65,69,75,78,81,85,86,128,62,5]",,,,26m 36789p 12344s 6z,,,,,,,,,,,,,,
20260414000100_0102_025,20260414000100_0102,20260414000100,一般卓,0,パシフィック,128,6z,tedashi,1776093112,6406.618,,2,2048.265,"[23,46,57,65,69,75,78,81,85,86,128,62,5,83]",,,,26m 36789p 123344s 6z,,,,3,3,4,,0,,,,,,
20260414000100_0102_026,20260414000100_0102,20260414000100,一般卓,3,ジャーナリスト魂,107,9s,tedashi,1776093117,3397.563,,0,,"[23,46,57,65,69,75,78,81,85,86,62,5,83]",,,,26m 36789p 123344s,,,,,,,,,,,,,,
20260414000100_0102_027,20260414000100_0102,20260414000100,一般卓,0,パシフィック,5,2m,tedashi,1776093119,1202.266,,0,,"[23,46,57,65,69,75,78,81,85,86,62,5,83,37]",,,,26m 136789p 123344s,,,,2,2,4,,0,,,,,,
20260414000100_0102_028,20260414000100_0102,20260414000100,一般卓,1,NoName,0,1m,tedashi,1776093121,2395.719,,0,,"[23,46,57,65,69,75,78,81,85,86,62,83,37]",,,,6m 136789p 123344s,,,,,,,,,,,,,,
20260414000100_0102_029,20260414000100_0102,20260414000100,一般卓,2,わはは,104,9s,tedashi,1776093125,3992.81,,1,2131.217,"[23,46,57,65,69,75,78,81,85,86,62,83,37]",,,,6m 136789p 123344s,,,,,,,,,,,,,,
20260414000100_0102_030,20260414000100_0102,20260414000100,一般卓,3,ジャーナリスト魂,55,5p,risekichu_hokan_tsumogiri,1776093129,1811.996,,6,204.275,"[23,46,57,65,69,75,78,81,85,86,62,83,37]",,,,6m 136789p 123344s,,,,,,,,,,,,,,
20260414000100_0102_031,20260414000100_0102,20260414000100,一般卓,0,パシフィック,118,3z,tsumogiri,1776093130,991.92,,0,,"[23,46,57,65,69,75,78,81,85,86,62,83,37,118]",,,,6m 136789p 123344s 3z,,,,2,2,4,,0,,,,,,
20260414000100_0102_032,20260414000100_0102,20260414000100,一般卓,1,NoName,74,1s,tedashi,1776093136,1039.126,5332.974,0,,"[23,46,57,65,69,75,78,81,85,86,62,83,37]",,,,6m 136789p 123344s,,,,,,,,,,,,,,
20260414000100_0102_033,20260414000100_0102,20260414000100,一般卓,2,わはは,3,1m,tedashi,1776093138,1985.312,,0,,"[23,46,57,65,69,75,78,81,85,86,62,83,37]",,,,6m 136789p 123344s,,,,,,,,,,,,,,
20260414000100_0102_034,20260414000100_0102,20260414000100,一般卓,3,ジャーナリスト魂,40,2p,tedashi,1776093141,2718.12,,6,203.186,"[23,46,57,65,69,75,78,81,85,86,62,83,37]",,,,6m 136789p 123344s,,,,,,,,,,,,,,
20260414000100_0102_035,20260414000100_0102,20260414000100,一般卓,0,パシフィック,69,9p,tedashi,1776093142,550.945,,0,,"[23,46,57,65,69,75,78,81,85,86,62,83,37,12]",,,,46m 136789p 123344s,,,,1,1,4,,0,,,,,,
20260414000100_0102_036,20260414000100_0102,20260414000100,一般卓,1,NoName,80,3s,risekichu_hokan_tsumogiri,1776093143,1185.75,,1,600.866,"[23,46,57,65,75,78,81,85,86,62,83,37,12]",,,,46m 13678p 123344s,,,,,,,,,,,,,,
20260414000100_0102_037,20260414000100_0102,20260414000100,一般卓,2,わはは,97,7s,tedashi,1776093146,2308.857,,1,3250.191,"[23,46,57,65,75,78,81,85,86,62,83,37,12]",,,,46m 13678p 123344s,,,,,,,,,,,,,,
20260414000100_0102_038,20260414000100_0102,20260414000100,一般卓,3,ジャーナリスト魂,16,r5m,tedashi,1776093153,4016.641,,6,209.174,"[23,46,57,65,75,78,81,85,86,62,83,37,12]",,,,46m 13678p 123344s,,,,,,,,,,,,,,
20260414000100_0102_039,20260414000100_0102,20260414000100,一般卓,0,パシフィック,122,4z,tsumogiri,1776093154,633.048,,0,,"[23,46,57,65,75,78,81,85,86,62,83,37,12,122]",,,,46m 13678p 123344s 4z,,,,1,1,4,,0,,,,,,
20260414000100_0102_040,20260414000100_0102,20260414000100,一般卓,1,NoName,34,9m,risekichu_hokan_tsumogiri,1776093154,0.0,,0,,"[23,46,57,65,75,78,81,85,86,62,83,37,12]",,,,46m 13678p 123344s,,,,,,,,,,,,,,
20260414000100_0102_041,20260414000100_0102,20260414000100,一般卓,2,わはは,99,7s,tedashi,1776093160,5927.586,,1,2116.331,"[23,46,57,65,75,78,81,85,86,62,83,37,12]",,,,46m 13678p 123344s,,,,,,,,,,,,,,
20260414000100_0102_042,20260414000100_0102,20260414000100,一般卓,3,ジャーナリスト魂,103,8s,tedashi,1776093163,1132.262,,0,,"[23,46,57,65,75,78,81,85,86,62,83,37,12]",,,,46m 13678p 123344s,,,,,,,,,,,,,,
20260414000100_0102_043,20260414000100_0102,20260414000100,一般卓,0,パシフィック,105,9s,tsumogiri,1776093164,837.885,,0,,"[23,46,57,65,75,78,81,85,86,62,83,37,12,105]",,,,46m 13678p 1233449s,,,,1,1,4,,0,,,,,,
20260414000100_0102_044,20260414000100_0102,20260414000100,一般卓,1,NoName,8,3m,risekichu_hokan_tsumogiri,1776093164,0.0,,1,1779.11,"[23,46,57,65,75,78,81,85,86,62,83,37,12]",,,,46m 13678p 123344s,,,,,,,,,,,,,,
20260414000100_0102_045,20260414000100_0102,20260414000100,一般卓,2,わはは,68,9p,tedashi,1776093172,6025.562,,0,,"[23,46,57,65,75,78,81,85,86,62,83,37,12]",,,,46m 13678p 123344s,,,,,,,,,,,,,,
20260414000100_0102_046,20260414000100_0102,20260414000100,一般卓,3,ジャーナリスト魂,47,3p,risekichu_hokan_tsumogiri,1776093175,3221.912,,0,,"[23,46,57,65,75,78,81,85,86,62,83,37,12]",,,,46m 13678p 123344s,,,,,,,,,,,,,,
20260414000100_0102_047,20260414000100_0102,20260414000100,一般卓,0,パシフィック,117,3z,tsumogiri,1776093188,12988.952,,0,,"[23,46,57,65,75,78,81,85,86,62,83,37,12,117]",,,,46m 13678p 123344s 3z,,,,1,1,4,,0,,,,,,
20260414000100_0102_048,20260414000100_0102,20260414000100,一般卓,1,NoName,70,9p,risekichu_hokan_tsumogiri,1776093188,0.0,,1,3432.896,"[23,46,57,65,75,78,81,85,86,62,83,37,12]",,,,46m 13678p 123344s,,,,,,,,,,,,,,
20260414000100_0102_049,20260414000100_0102,20260414000100,一般卓,2,わはは,66,8p,tedashi,1776093195,3486.75,,0,,"[23,46,57,65,75,78,81,85,86,62,83,37,12]",,,,46m 13678p 123344s,,,,,,,,,,,,,,
20260414000100_0102_050,20260414000100_0102,20260414000100,一般卓,3,ジャーナリスト魂,49,4p,risekichu_hokan_tsumogiri,1776093197,2129.402,,0,,"[23,46,57,65,75,78,81,85,86,62,83,37,12]",,,,46m 13678p 123344s,,,,,,,,,,,,,,
20260414000100_0102_051,20260414000100_0102,20260414000100,一般卓,0,パシフィック,75,1s,tedashi,1776093203,6036.216,,0,,"[23,46,57,65,75,78,81,85,86,62,83,37,12,58]",,,,46m 136678p 123344s,,,,1,1,3,,0,,,,,,
20260414000100_0102_052,20260414000100_0102,20260414000100,一般卓,1,NoName,123,4z,risekichu_hokan_tsumogiri,1776093203,0.0,,0,,"[23,46,57,65,78,81,85,86,62,83,37,12,58]",,,,46m 136678p 23344s,,,,,,,,,,,,,,
20260414001450_0000_000,20260414001450_0000,20260414001450,上級卓,1,M＆I,72,1s,tedashi,1776093297,,,0,,"[82,93,74,26,135,68,31,121,101,132,42,37,127]",,,,78m 129p 1368s 4577z,,,,,,,,,,,,,,
20260414001450_0000_001,20260414001450_0000,20260414001450,上級卓,2,いちちち,34,9m,tedashi,1776093300,2834.24,,0,,"[82,93,74,26,135,68,31,121,101,132,42,37,127]",,,,78m 129p 1368s 4577z,,,,,,,,,,,,,,
20260414001450_0000_002,20260414001450_0000,20260414001450,上級卓,3,NoName,123,4z,tedashi,1776093303,2858.774,,0,,"[82,93,74,26,135,68,31,121,101,132,42,37,127]",,,,78m 129p 1368s 4577z,,,,,,,,,,,,,,
20260414001450_0000_003,20260414001450_0000,20260414001450,上級卓,0,パシフィック,121,4z,tedashi,1776093304,892.651,,0,,"[82,93,74,26,135,68,31,121,101,132,42,37,127,52]",,,,78m 12r59p 1368s 4577z,,,,3,3,5,,0,,,,,,
20260414001450_0000_004,20260414001450_0000,20260414001450,上級卓,1,M＆I,55,5p,tedashi,1776093310,1498.867,5287.402,0,,"[82,93,74,26,135,68,31,101,132,42,37,127,52]",,,,78m 12r59p 1368s 577z,,,,,,,,,,,,,,
20260414001450_0000_005,20260414001450_0000,20260414001450,上級卓,2,いちちち,120,4z,tedashi,1776093313,2882.569,,0,,"[82,93,74,26,135,68,31,101,132,42,37,127,52]",,,,78m 12r59p 1368s 577z,,,,,,,,,,,,,,
20260414001450_0000_006,20260414001450_0000,20260414001450,上級卓,3,NoName,114,2z,tedashi,1776093315,1637.431,,0,,"[82,93,74,26,135,68,31,101,132,42,37,127,52]",,,,78m 12r59p 1368s 577z,,,,,,,,,,,,,,
20260414001450_0000_007,20260414001450_0000,20260414001450,上級卓,0,パシフィック,111,1z,tsumogiri,1776093316,733.595,,0,,"[82,93,74,26,135,68,31,101,132,42,37,127,52,111]",,,,78m 12r59p 1368s 1577z,,,,3,3,5,,0,,,,,,
20260414001450_0000_008,20260414001450_0000,20260414001450,上級卓,1,M＆I,43,2p,risekichu_hokan_tsumogiri,1776093317,1079.38,,0,,"[82,93,74,26,135,68,31,101,132,42,37,127,52]",,,,78m 12r59p 1368s 577z,,,,,,,,,,,,,,
20260414001450_0000_009,20260414001450_0000,20260414001450,上級卓,2,いちちち,112,2z,risekichu_hokan_tsumogiri,1776093319,2478.475,,0,,"[82,93,74,26,135,68,31,101,132,42,37,127,52]",,,,78m 12r59p 1368s 577z,,,,,,,,,,,,,,
20260414001450_0000_010,20260414001450_0000,20260414001450,上級卓,3,NoName,40,2p,tedashi,1776093321,1976.032,,0,,"[82,93,74,26,135,68,31,101,132,42,37,127,52]",,,,78m 12r59p 1368s 577z,,,,,,,,,,,,,,
20260414001450_0000_011,20260414001450_0000,20260414001450,上級卓,0,パシフィック,68,9p,tedashi,1776093323,1387.851,,0,,"[82,93,74,26,135,68,31,101,132,42,37,127,52,76]",,,,78m 12r59p 12368s 577z,,,,2,2,5,,0,,,,,,
20260414001450_0000_012,20260414001450_0000,20260414001450,上級卓,1,M＆I,73,1s,risekichu_hokan_tsumogiri,1776093323,714.04,,0,,"[82,93,74,26,135,31,101,132,42,37,127,52,76]",,,,78m 12r5p 12368s 577z,,,,,,,,,,,,,,
20260414001450_0000_013,20260414001450_0000,20260414001450,上級卓,2,いちちち,108,1z,risekichu_hokan_tsumogiri,1776093328,4634.246,,0,,"[82,93,74,26,135,31,101,132,42,37,127,52,76]",,,,78m 12r5p 12368s 577z,,,,,,,,,,,,,,
20260414001450_0000_014,20260414001450_0000,20260414001450,上級卓,3,NoName,70,9p,tedashi,1776093334,5524.552,,0,,"[82,93,74,26,135,31,101,132,42,37,127,52,76]",,,,78m 12r5p 12368s 577z,,,,,,,,,,,,,,
20260414001450_0000_015,20260414001450_0000,20260414001450,上級卓,0,パシフィック,127,5z,tedashi,1776093334,914.178,,1,2666.767,"[82,93,74,26,135,31,101,132,42,37,127,52,76,51]",,,,78m 124r5p 12368s 577z,,,,2,2,5,,0,,,,,,
20260414001450_0000_016,20260414001450_0000,20260414001450,上級卓,1,M＆I,119,3z,risekichu_hokan_tsumogiri,1776093337,218.523,,0,,"[82,93,74,26,135,31,101,132,42,37,52,76,51]",,,,78m 124r5p 12368s 77z,,,,,,,,,,,,,,
20260414001450_0000_017,20260414001450_0000,20260414001450,上級卓,2,いちちち,39,1p,tedashi,1776093341,3880.6,,0,,"[82,93,74,26,135,31,101,132,42,37,52,76,51]",,,,78m 124r5p 12368s 77z,,,,,,,,,,,,,,
20260414001450_0000_018,20260414001450_0000,20260414001450,上級卓,3,NoName,38,1p,tedashi,1776093343,2152.571,,0,,"[82,93,74,26,135,31,101,132,42,37,52,76,51]",,,,78m 124r5p 12368s 77z,,,,,,,,,,,,,,
20260414001450_0000_019,20260414001450_0000,20260414001450,上級卓,0,パシフィック,118,3z,tsumogiri,1776093344,820.639,,0,,"[82,93,74,26,135,31,101,132,42,37,52,76,51,118]",,,,78m 124r5p 12368s 377z,,,,2,2,5,,0,,,,,,
20260414001450_0000_020,20260414001450_0000,20260414001450,上級卓,1,M＆I,113,2z,risekichu_hokan_tsumogiri,1776093345,977.891,,0,,"[82,93,74,26,135,31,101,132,42,37,52,76,51]",,,,78m 124r5p 12368s 77z,,,,,,,,,,,,,,
20260414001450_0000_021,20260414001450_0000,20260414001450,上級卓,2,いちちち,7,2m,risekichu_hokan_tsumogiri,1776093352,6663.457,,0,,"[82,93,74,26,135,31,101,132,42,37,52,76,51]",,,,78m 124r5p 12368s 77z,,,,,,,,,,,,,,
20260414001450_0000_022,20260414001450_0000,20260414001450,上級卓,3,NoName,133,7z,tedashi,1776093355,2804.632,,6,204.629,"[82,93,74,26,135,31,101,132,42,37,52,76,51]",,,,78m 124r5p 12368s 77z,,,,,,,,,,,,,,
20260414001450_0000_023,20260414001450_0000,20260414001450,上級卓,0,パシフィック,63,7p,tsumogiri,1776093356,880.065,,0,,"[82,93,74,26,135,31,101,132,42,37,52,76,51,63]",,,,78m 124r57p 12368s 77z,,,,2,2,5,,0,,,,,,
20260414001450_0000_024,20260414001450_0000,20260414001450,上級卓,1,M＆I,67,8p,risekichu_hokan_tsumogiri,1776093357,813.829,,0,,"[82,93,74,26,135,31,101,132,42,37,52,76,51]",,,,78m 124r5p 12368s 77z,,,,,,,,,,,,,,
20260414001450_0000_025,20260414001450_0000,20260414001450,上級卓,2,いちちち,50,4p,tedashi,1776093360,3298.759,,6,442.531,"[82,93,74,26,135,31,101,132,42,37,52,76,51]",,,,78m 124r5p 12368s 77z,,,,,,,,,,,,,,
20260414001450_0000_026,20260414001450_0000,20260414001450,上級卓,3,NoName,64,8p,tedashi,1776093362,1535.704,,0,,"[82,93,74,26,135,31,101,132,42,37,52,76,51]",,,,78m 124r5p 12368s 77z,,,,,,,,,,,,,,
20260414001450_0000_027,20260414001450_0000,20260414001450,上級卓,0,パシフィック,129,6z,tsumogiri,1776093363,759.036,,0,,"[82,93,74,26,135,31,101,132,42,37,52,76,51,129]",,,,78m 124r5p 12368s 677z,,,,2,2,5,,0,,,,,,
20260414001450_0000_028,20260414001450_0000,20260414001450,上級卓,1,M＆I,3,1m,risekichu_hokan_tsumogiri,1776093364,998.24,,0,,"[82,93,74,26,135,31,101,132,42,37,52,76,51]",,,,78m 124r5p 12368s 77z,,,,,,,,,,,,,,
20260414001450_0000_029,20260414001450_0000,20260414001450,上級卓,2,いちちち,36,1p,risekichu_hokan_tsumogiri,1776093366,2714.504,,1,1257.997,"[82,93,74,26,135,31,101,132,42,37,52,76,51]",,,,78m 124r5p 12368s 77z,,,,,,,,,,,,,,
20260414001450_0000_030,20260414001450_0000,20260414001450,上級卓,3,NoName,69,9p,risekichu_hokan_tsumogiri,1776093369,1267.114,,0,,"[82,93,74,26,135,31,101,132,42,37,52,76,51]",,,,78m 124r5p 12368s 77z,,,,,,,,,,,,,,
20260414001450_0000_031,20260414001450_0000,20260414001450,上級卓,0,パシフィック,37,1p,tedashi,1776093370,805.114,,0,,"[82,93,74,26,135,31,101,132,42,37,52,76,51,100]",,,,78m 124r5p 123688s 77z,,,,2,2,4,,0,,,,,,
20260414001450_0000_032,20260414001450_0000,20260414001450,上級卓,1,M＆I,46,3p,risekichu_hokan_tsumogiri,1776093371,1100.412,,0,,"[82,93,74,26,135,31,101,132,42,52,76,51,100]",,,,78m 24r5p 123688s 77z,,,,,,,,,,,,,,
20260414001450_0000_033,20260414001450_0000,20260414001450,上級卓,2,いちちち,47,3p,risekichu_hokan_tsumogiri,1776093374,3739.314,,1,1221.137,"[82,93,74,26,135,31,101,132,42,52,76,51,100]",,,,78m 24r5p 123688s 77z,,,,,,,,,,,,,,
20260414001450_0000_034,20260414001450_0000,20260414001450,上級卓,3,NoName,116,3z,risekichu_hokan_tsumogiri,1776093377,1179.385,,1,2087.164,"[82,93,74,26,135,31,101,132,42,52,76,51,100]",,,,78m 24r5p 123688s 77z,,,,,,,,,,,,,,
20260414001450_0000_035,20260414001450_0000,20260414001450,上級卓,0,パシフィック,29,8m,tsumogiri,1776093395,16210.322,,2,1460.707,"[82,93,74,26,135,31,101,132,42,52,76,51,100,29]",,,,788m 24r5p 123688s 77z,,,,2,2,3,,1,,,,,,
20260414001450_0000_036,20260414001450_0000,20260414001450,上級卓,3,NoName,1,1m,tedashi,1776093398,1031.636,,0,,"[82,93,74,26,135,31,101,132,42,52,76,51,100]",,,,78m 24r5p 123688s 77z,,,,,,,,,,,,,,
20260414001450_0000_037,20260414001450_0000,20260414001450,上級卓,0,パシフィック,117,3z,tsumogiri,1776093404,6705.041,,0,,"[82,93,74,26,135,31,101,132,42,52,76,51,100,117]",,,,78m 24r5p 123688s 377z,,,,2,2,4,,0,,,,,,
20260414001450_0000_038,20260414001450_0000,20260414001450,上級卓,1,M＆I,54,5p,risekichu_hokan_tsumogiri,1776093405,711.487,,0,,"[82,93,74,26,135,31,101,132,42,52,76,51,100]",,,,78m 24r5p 123688s 77z,,,,,,,,,,,,,,
20260414001450_0000_039,20260414001450_0000,20260414001450,上級卓,2,いちちち,75,1s,tedashi,1776093413,8375.321,,0,,"[82,93,74,26,135,31,101,132,42,52,76,51,100]",,,,78m 24r5p 123688s 77z,,,,,,,,,,,,,,
20260414001450_0000_040,20260414001450_0000,20260414001450,上級卓,3,NoName,4,2m,tedashi,1776093416,2952.785,,0,,"[82,93,74,26,135,31,101,132,42,52,76,51,100]",,,,78m 24r5p 123688s 77z,,,,,,,,,,,,,,
20260414001450_0000_041,20260414001450_0000,20260414001450,上級卓,0,パシフィック,61,7p,tsumogiri,1776093419,2752.311,,0,,"[82,93,74,26,135,31,101,132,42,52,76,51,100,61]",,,,78m 24r57p 123688s 77z,,,,2,2,4,,0,,,,,,
20260414001450_0000_042,20260414001450_0000,20260414001450,上級卓,1,M＆I,115,2z,risekichu_hokan_tsumogiri,1776093420,700.497,,0,,"[82,93,74,26,135,31,101,132,42,52,76,51,100]",,,,78m 24r5p 123688s 77z,,,,,,,,,,,,,,
20260414001450_0000_043,20260414001450_0000,20260414001450,上級卓,2,いちちち,126,5z,tedashi,1776093426,5767.124,,0,,"[82,93,74,26,135,31,101,132,42,52,76,51,100]",,,,78m 24r5p 123688s 77z,,,,,,,,,,,,,,
20260414001450_0000_044,20260414001450_0000,20260414001450,上級卓,3,NoName,15,4m,tedashi,1776093429,3483.722,,6,395.582,"[82,93,74,26,135,31,101,132,42,52,76,51,100]",,,,78m 24r5p 123688s 77z,,,,,,,,,,,,,,
20260414001450_0000_045,20260414001450_0000,20260414001450,上級卓,0,パシフィック,42,2p,tedashi,1776093432,2837.88,,0,,"[82,93,74,26,135,31,101,132,42,52,76,51,100,53]",,,,78m 24r55p 123688s 77z,,,,2,2,3,,0,,,,,,
20260414001450_0000_046,20260414001450_0000,20260414001450,上級卓,1,M＆I,8,3m,risekichu_hokan_tsumogiri,1776093433,752.734,,1,720.339,"[82,93,74,26,135,31,101,132,52,76,51,100,53]",,,,78m 4r55p 123688s 77z,,,,,,,,,,,,,,
20260414001450_0000_048,20260414001450_0000,20260414001450,上級卓,3,NoName,106,9s,risekichu_hokan_tsumogiri,1776093443,2052.616,,0,,"[26,31,51,52,53,74,76,82,93,100,101,132,135]",,,,78m 4r55p 123688s 77z,,,,,,,,,,,,,,
20260414001450_0000_049,20260414001450_0000,20260414001450,上級卓,0,パシフィック,53,5p,tedashi,1776093450,6928.858,,0,,"[26,31,51,52,53,74,76,82,93,100,101,132,135,22]",,,,678m 4r55p 123688s 77z,,,,1,1,3,,1,,,,,,
20260414001450_0000_050,20260414001450_0000,20260414001450,上級卓,1,M＆I,60,7p,risekichu_hokan_tsumogiri,1776093450,796.858,,0,,"[26,31,51,52,74,76,82,93,100,101,132,135,22]",,,,678m 4r5p 123688s 77z,,,,,,,,,,,,,,
20260414001450_0000_051,20260414001450_0000,20260414001450,上級卓,2,いちちち,0,1m,risekichu_hokan_tsumogiri,1776093452,1142.225,,0,,"[26,31,51,52,74,76,82,93,100,101,132,135,22]",,,,678m 4r5p 123688s 77z,,,,,,,,,,,,,,
20260414001450_0000_052,20260414001450_0000,20260414001450,上級卓,3,NoName,58,6p,tedashi,1776093454,2816.108,,1,1863.04,"[26,31,51,52,74,76,82,93,100,101,132,135,22]",,,,678m 4r5p 123688s 77z,,,,,,,,,,,,,,
20260414001450_0000_053,20260414001450_0000,20260414001450,上級卓,0,パシフィック,130,6z,tsumogiri,1776093460,3449.669,,0,,"[26,31,51,52,74,76,82,93,100,101,132,135,22,130]",,,,678m 4r5p 123688s 677z,,,,1,1,4,,0,,,,,,
20260414001450_0000_054,20260414001450_0000,20260414001450,上級卓,1,M＆I,20,6m,risekichu_hokan_tsumogiri,1776093460,702.618,,0,,"[26,31,51,52,74,76,82,93,100,101,132,135,22]",,,,678m 4r5p 123688s 77z,,,,,,,,,,,,,,
20260414001450_0100_000,20260414001450_0100,20260414001450,上級卓,2,いちちち,118,3z,risekichu_hokan_tsumogiri,1776093478,,,0,,"[82,60,77,63,123,41,48,4,125,109,103,80,116]",,,,2m 2477p 2338s 1345z,,,,,,,,,,,,,,
20260414001450_0100_001,20260414001450_0100,20260414001450,上級卓,3,NoName,122,4z,tedashi,1776093480,2016.39,,0,,"[82,60,77,63,123,41,48,4,125,109,103,80,116]",,,,2m 2477p 2338s 1345z,,,,,,,,,,,,,,
20260414001450_0100_002,20260414001450_0100,20260414001450,上級卓,0,パシフィック,123,4z,tedashi,1776093491,10774.974,,0,,"[82,60,77,63,123,41,48,4,125,109,103,80,116,25]",,,,27m 2477p 2338s 1345z,,,,4,5,4,,0,,,,,,
20260414001450_0100_003,20260414001450_0100,20260414001450,上級卓,1,M＆I,34,9m,tedashi,1776093496,5401.322,,0,,"[82,60,77,63,41,48,4,125,109,103,80,116,25]",,,,27m 2477p 2338s 135z,,,,,,,,,,,,,,
20260414001450_0100_004,20260414001450_0100,20260414001450,上級卓,2,いちちち,113,2z,tedashi,1776093498,1450.275,,0,,"[82,60,77,63,41,48,4,125,109,103,80,116,25]",,,,27m 2477p 2338s 135z,,,,,,,,,,,,,,
20260414001450_0100_005,20260414001450_0100,20260414001450,上級卓,3,NoName,117,3z,tedashi,1776093499,1679.708,,0,,"[82,60,77,63,41,48,4,125,109,103,80,116,25]",,,,27m 2477p 2338s 135z,,,,,,,,,,,,,,
20260414001450_0100_006,20260414001450_0100,20260414001450,上級卓,0,パシフィック,116,3z,tedashi,1776093505,5741.723,,0,,"[82,60,77,63,41,48,4,125,109,103,80,116,25,22]",,,,267m 2477p 2338s 135z,,,,4,4,4,,0,,,,,,
20260414001450_0100_007,20260414001450_0100,20260414001450,上級卓,1,M＆I,67,8p,tedashi,1776093511,5418.049,,0,,"[82,60,77,63,41,48,4,125,109,103,80,25,22]",,,,267m 2477p 2338s 15z,,,,,,,,,,,,,,
20260414001450_0100_008,20260414001450_0100,20260414001450,上級卓,2,いちちち,115,2z,risekichu_hokan_tsumogiri,1776093513,2211.627,,0,,"[82,60,77,63,41,48,4,125,109,103,80,25,22]",,,,267m 2477p 2338s 15z,,,,,,,,,,,,,,
20260414001450_0100_009,20260414001450_0100,20260414001450,上級卓,3,NoName,134,7z,tedashi,1776093514,1573.385,,0,,"[82,60,77,63,41,48,4,125,109,103,80,25,22]",,,,267m 2477p 2338s 15z,,,,,,,,,,,,,,
20260414001450_0100_010,20260414001450_0100,20260414001450,上級卓,0,パシフィック,112,2z,tsumogiri,1776093523,8880.569,,0,,"[82,60,77,63,41,48,4,125,109,103,80,25,22,112]",,,,267m 2477p 2338s 125z,,,,4,4,4,,0,,,,,,
20260414001450_0100_011,20260414001450_0100,20260414001450,上級卓,1,M＆I,121,4z,risekichu_hokan_tsumogiri,1776093527,3757.489,,0,,"[82,60,77,63,41,48,4,125,109,103,80,25,22]",,,,267m 2477p 2338s 15z,,,,,,,,,,,,,,
20260414001450_0100_012,20260414001450_0100,20260414001450,上級卓,2,いちちち,129,6z,tedashi,1776093530,2996.598,,0,,"[82,60,77,63,41,48,4,125,109,103,80,25,22]",,,,267m 2477p 2338s 15z,,,,,,,,,,,,,,
20260414001450_0100_013,20260414001450_0100,20260414001450,上級卓,3,NoName,108,1z,tedashi,1776093532,1644.85,,0,,"[82,60,77,63,41,48,4,125,109,103,80,25,22]",,,,267m 2477p 2338s 15z,,,,,,,,,,,,,,
20260414001450_0100_014,20260414001450_0100,20260414001450,上級卓,0,パシフィック,130,6z,tsumogiri,1776093533,1194.534,,0,,"[82,60,77,63,41,48,4,125,109,103,80,25,22,130]",,,,267m 2477p 2338s 156z,,,,4,4,4,,0,,,,,,
20260414001450_0100_015,20260414001450_0100,20260414001450,上級卓,1,M＆I,91,5s,tedashi,1776093543,10655.551,,1,4759.854,"[82,60,77,63,41,48,4,125,109,103,80,25,22]",,,,267m 2477p 2338s 15z,,,,,,,,,,,,,,
20260414001450_0100_016,20260414001450_0100,20260414001450,上級卓,2,いちちち,74,1s,tedashi,1776093550,1639.983,,0,,"[82,60,77,63,41,48,4,125,109,103,80,25,22]",,,,267m 2477p 2338s 15z,,,,,,,,,,,,,,
20260414001450_0100_017,20260414001450_0100,20260414001450,上級卓,3,NoName,46,3p,tedashi,1776093554,4367.507,,6,201.747,"[82,60,77,63,41,48,4,125,109,103,80,25,22]",,,,267m 2477p 2338s 15z,,,,,,,,,,,,,,
20260414001450_0100_018,20260414001450_0100,20260414001450,上級卓,0,パシフィック,56,6p,tsumogiri,1776093556,1529.992,,0,,"[82,60,77,63,41,48,4,125,109,103,80,25,22,56]",,,,267m 24677p 2338s 15z,,,,4,4,4,,0,,,,,,
20260414001450_0100_019,20260414001450_0100,20260414001450,上級卓,1,M＆I,27,7m,tedashi,1776093559,3358.596,,0,,"[82,60,77,63,41,48,4,125,109,103,80,25,22]",,,,267m 2477p 2338s 15z,,,,,,,,,,,,,,
20260414001450_0100_020,20260414001450_0100,20260414001450,上級卓,2,いちちち,71,9p,tedashi,1776093563,3553.347,,6,322.859,"[82,60,77,63,41,48,4,125,109,103,80,25,22]",,,,267m 2477p 2338s 15z,,,,,,,,,,,,,,
20260414001450_0100_021,20260414001450_0100,20260414001450,上級卓,3,NoName,90,5s,tedashi,1776093566,2322.679,,0,,"[82,60,77,63,41,48,4,125,109,103,80,25,22]",,,,267m 2477p 2338s 15z,,,,,,,,,,,,,,
20260414001450_0100_022,20260414001450_0100,20260414001450,上級卓,0,パシフィック,10,3m,tsumogiri,1776093568,1969.612,,0,,"[82,60,77,63,41,48,4,125,109,103,80,25,22,10]",,,,2367m 2477p 2338s 15z,,,,3,3,4,,0,,,,,,
20260414001450_0100_026,20260414001450_0100,20260414001450,上級卓,0,パシフィック,125,5z,tedashi,1776093593,12400.501,,0,,"[4,22,25,41,48,60,63,77,80,82,103,109,125,114]",,,,267m 2477p 2338s 125z,,,,4,4,4,,0,,,,,,
20260414001450_0100_027,20260414001450_0100,20260414001450,上級卓,1,M＆I,9,3m,tedashi,1776093598,4571.886,,0,,"[4,22,25,41,48,60,63,77,80,82,103,109,114]",,,,267m 2477p 2338s 12z,,,,,,,,,,,,,,
20260414001450_0100_028,20260414001450_0100,20260414001450,上級卓,2,いちちち,124,5z,tedashi,1776093599,1918.175,,0,,"[4,22,25,41,48,60,63,77,80,82,103,109,114]",,,,267m 2477p 2338s 12z,,,,,,,,,,,,,,
20260414001450_0100_029,20260414001450_0100,20260414001450,上級卓,3,NoName,126,5z,tedashi,1776093601,1716.564,,0,,"[4,22,25,41,48,60,63,77,80,82,103,109,114]",,,,267m 2477p 2338s 12z,,,,,,,,,,,,,,
20260414001450_0100_030,20260414001450_0100,20260414001450,上級卓,0,パシフィック,114,2z,tedashi,1776093603,2112.212,,0,,"[4,22,25,41,48,60,63,77,80,82,103,109,114,11]",,,,2367m 2477p 2338s 12z,,,,3,3,4,,0,2z,425pt,1z,425pt,8s,407pt
20260414001450_0100_031,20260414001450_0100,20260414001450,上級卓,1,M＆I,49,4p,tedashi,1776093607,3454.617,,1,2864.686,"[4,22,25,41,48,60,63,77,80,82,103,109,11]",,,,2367m 2477p 2338s 1z,,,,,,,,,,,,,,
20260414001450_0100_032,20260414001450_0100,20260414001450,上級卓,2,いちちち,68,9p,risekichu_hokan_tsumogiri,1776093611,1628.924,,6,296.747,"[4,22,25,41,48,60,63,77,80,82,103,109,11]",,,,2367m 2477p 2338s 1z,,,,,,,,,,,,,,
20260414001450_0100_033,20260414001450_0100,20260414001450,上級卓,3,NoName,43,2p,risekichu_hokan_tsumogiri,1776093613,1760.813,,0,,"[4,22,25,41,48,60,63,77,80,82,103,109,11]",,,,2367m 2477p 2338s 1z,,,,,,,,,,,,,,
20260414001450_0100_034,20260414001450_0100,20260414001450,上級卓,0,パシフィック,109,1z,tedashi,1776093614,699.909,,0,,"[4,22,25,41,48,60,63,77,80,82,103,109,11,87]",,,,2367m 2477p 23348s 1z,,,,2,2,4,,0,,,,,,
20260414001450_0100_035,20260414001450_0100,20260414001450,上級卓,1,M＆I,62,7p,tedashi,1776093624,10242.33,,6,206.18,"[4,22,25,41,48,60,63,77,80,82,103,11,87]",,,,2367m 2477p 23348s,,,,,,,,,,,,,,
20260414001450_0100_036,20260414001450_0100,20260414001450,上級卓,2,いちちち,30,8m,risekichu_hokan_tsumogiri,1776093627,2530.139,,6,387.863,"[4,22,25,41,48,60,63,77,80,82,103,11,87]",,,,2367m 2477p 23348s,,,,,,,,,,,,,,
20260414001450_0100_037,20260414001450_0100,20260414001450,上級卓,3,NoName,42,2p,risekichu_hokan_tsumogiri,1776093629,1669.095,,0,,"[4,22,25,41,48,60,63,77,80,82,103,11,87]",,,,2367m 2477p 23348s,,,,,,,,,,,,,,
20260414001450_0100_038,20260414001450_0100,20260414001450,上級卓,0,パシフィック,80,3s,tedashi,1776093630,883.338,,1,2626.093,"[4,22,25,41,48,60,63,77,80,82,103,11,87,28]",,,,23678m 2477p 23348s,,,,1,1,4,,0,,,,,,
20260414001450_0100_039,20260414001450_0100,20260414001450,上級卓,1,M＆I,23,6m,risekichu_hokan_tsumogiri,1776093637,4487.309,,0,,"[4,22,25,41,48,60,63,77,82,103,11,87,28]",,,,23678m 2477p 2348s,,,,,,,,,,,,,,
20260414001450_0100_040,20260414001450_0100,20260414001450,上級卓,2,いちちち,95,6s,tedashi,1776093643,6168.118,,0,,"[4,22,25,41,48,60,63,77,82,103,11,87,28]",,,,23678m 2477p 2348s,,,,,,,,,,,,,,
20260414001450_0100_041,20260414001450_0100,20260414001450,上級卓,3,NoName,106,9s,risekichu_hokan_tsumogiri,1776093645,2063.421,,0,,"[4,22,25,41,48,60,63,77,82,103,11,87,28]",,,,23678m 2477p 2348s,,,,,,,,,,,,,,
20260414001450_0100_042,20260414001450_0100,20260414001450,上級卓,0,パシフィック,41,2p,tedashi,1776093656,10421.632,,1,3993.045,"[4,22,25,41,48,60,63,77,82,103,11,87,28,99]",,,,23678m 2477p 23478s,,,,1,1,5,,0,,,,,,
20260414001450_0100_043,20260414001450_0100,20260414001450,上級卓,1,M＆I,26,7m,risekichu_hokan_tsumogiri,1776093663,3169.308,,0,,"[4,22,25,48,60,63,77,82,103,11,87,28,99]",,,,23678m 477p 23478s,,,,,,,,,,,,,,
20260414001450_0100_044,20260414001450_0100,20260414001450,上級卓,2,いちちち,104,9s,risekichu_hokan_tsumogiri,1776093665,1838.519,,0,,"[4,22,25,48,60,63,77,82,103,11,87,28,99]",,,,23678m 477p 23478s,,,,,,,,,,,,,,
20260414001450_0100_045,20260414001450_0100,20260414001450,上級卓,3,NoName,107,9s,risekichu_hokan_tsumogiri,1776093667,2083.396,,6,223.979,"[4,22,25,48,60,63,77,82,103,11,87,28,99]",,,,23678m 477p 23478s,,,,,,,,,,,,,,
20260414001450_0100_046,20260414001450_0100,20260414001450,上級卓,0,パシフィック,48,4p,tedashi,1776093668,1453.29,,0,,"[4,22,25,48,60,63,77,82,103,11,87,28,99,102]",,,,23678m 477p 234788s,,,,1,1,4,,0,,,,,,
20260414001450_0100_047,20260414001450_0100,20260414001450,上級卓,1,M＆I,12,4m,risekichu_hokan_tsumogiri,1776093673,4186.622,,1,4248.156,"[4,22,25,60,63,77,82,103,11,87,28,99,102]",,,,23678m 77p 234788s,,,,,,,,,,,,,,
20260414001450_0100_048,20260414001450_0100,20260414001450,上級卓,2,いちちち,18,5m,tedashi,1776093685,7768.532,,2,6456.622,"[4,22,25,60,63,77,82,103,11,87,28,99,102]",,,,23678m 77p 234788s,,,,,,,,,,,,,,
20260414001450_0100_049,20260414001450_0100,20260414001450,上級卓,3,NoName,7,2m,tedashi,1776093693,1532.009,,0,,"[4,22,25,60,63,77,82,103,11,87,28,99,102]",,,,23678m 77p 234788s,,,,,,,,,,,,,,
20260414001450_0100_050,20260414001450_0100,20260414001450,上級卓,0,パシフィック,86,4s,tsumogiri,1776093701,8474.253,,1,6298.643,"[4,22,25,60,63,77,82,103,11,87,28,99,102,86]",,,,23678m 77p 2344788s,,,,1,1,3,,0,,,,,,
20260414001450_0100_051,20260414001450_0100,20260414001450,上級卓,1,M＆I,119,3z,risekichu_hokan_tsumogiri,1776093712,5005.006,,0,,"[4,22,25,60,63,77,82,103,11,87,28,99,102]",,,,23678m 77p 234788s,,,,,,,,,,,,,,
20260414001450_0100_052,20260414001450_0100,20260414001450,上級卓,2,いちちち,72,1s,risekichu_hokan_tsumogiri,1776093714,1832.429,,0,,"[4,22,25,60,63,77,82,103,11,87,28,99,102]",,,,23678m 77p 234788s,,,,,,,,,,,,,,
20260414001450_0100_053,20260414001450_0100,20260414001450,上級卓,3,NoName,127,5z,risekichu_hokan_tsumogiri,1776093716,1891.867,,0,,"[4,22,25,60,63,77,82,103,11,87,28,99,102]",,,,23678m 77p 234788s,,,,,,,,,,,,,,
20260414001450_0100_054,20260414001450_0100,20260414001450,上級卓,0,パシフィック,5,2m,tsumogiri,1776093720,3863.525,,0,,"[4,22,25,60,63,77,82,103,11,87,28,99,102,5]",,,,223678m 77p 234788s,,,,1,1,3,,1,,,,,,
20260414001450_0100_055,20260414001450_0100,20260414001450,上級卓,1,M＆I,128,6z,risekichu_hokan_tsumogiri,1776093724,3698.105,,0,,"[4,22,25,60,63,77,82,103,11,87,28,99,102]",,,,23678m 77p 234788s,,,,,,,,,,,,,,
20260414001450_0100_056,20260414001450_0100,20260414001450,上級卓,2,いちちち,92,6s,risekichu_hokan_tsumogiri,1776093731,7503.445,,0,,"[4,22,25,60,63,77,82,103,11,87,28,99,102]",,,,23678m 77p 234788s,,,,,,,,,,,,,,
20260414001450_0100_057,20260414001450_0100,20260414001450,上級卓,3,NoName,120,4z,risekichu_hokan_tsumogiri,1776093733,1918.006,,0,,"[4,22,25,60,63,77,82,103,11,87,28,99,102]",,,,23678m 77p 234788s,,,,,,,,,,,,,,
20260414001450_0100_058,20260414001450_0100,20260414001450,上級卓,0,パシフィック,103,8s,tedashi,1776093738,2584.78,2501.409,0,,"[4,22,25,60,63,77,82,103,11,87,28,99,102,14]",,,,234678m 77p 234788s,,,,0,0,4,69s,1,,,,,,
20260414001450_0100_059,20260414001450_0100,20260414001450,上級卓,1,M＆I,57,6p,tedashi,1776093744,6165.326,,1,4484.652,"[4,22,25,60,63,77,82,11,87,28,99,102,14]",,,,234678m 77p 23478s,,,,,,,,,,,,,,
20260414001450_0201_007,20260414001450_0201,20260414001450,上級卓,2,いちちち,108,1z,tedashi,1776093817,1687.517,,0,,"[7,13,16,23,25,30,39,43,64,125,126,127,134]",,,,24r5678m 128p 5557z,,,,,,,,,,,,,,
20260414001450_0201_008,20260414001450_0201,20260414001450,上級卓,3,NoName,50,4p,tedashi,1776093820,2507.225,,1,1414.089,"[7,13,16,23,25,30,39,43,64,125,126,127,134]",,,,24r5678m 128p 5557z,,,,,,,,,,,,,,
20260414001450_0201_009,20260414001450_0201,20260414001450,上級卓,0,パシフィック,134,7z,tedashi,1776093822,993.277,,0,,"[7,13,16,23,25,30,39,43,64,125,126,127,134,63]",,,,24r5678m 1278p 5557z,,,,2,2,5,,0,,,,,,
20260414001450_0201_010,20260414001450_0201,20260414001450,上級卓,1,M＆I,115,2z,risekichu_hokan_tsumogiri,1776093825,2974.959,,0,,"[7,13,16,23,25,30,39,43,64,125,126,127,63]",,,,24r5678m 1278p 555z,,,,,,,,,,,,,,
20260414001450_0201_011,20260414001450_0201,20260414001450,上級卓,2,いちちち,33,9m,risekichu_hokan_tsumogiri,1776093829,3843.812,,6,297.93,"[7,13,16,23,25,30,39,43,64,125,126,127,63]",,,,24r5678m 1278p 555z,,,,,,,,,,,,,,
20260414001450_0201_012,20260414001450_0201,20260414001450,上級卓,3,NoName,31,8m,tedashi,1776093831,2073.587,,6,290.585,"[7,13,16,23,25,30,39,43,64,125,126,127,63]",,,,24r5678m 1278p 555z,,,,,,,,,,,,,,
20260414001450_0201_013,20260414001450_0201,20260414001450,上級卓,0,パシフィック,7,2m,tedashi,1776093832,773.983,,0,,"[7,13,16,23,25,30,39,43,64,125,126,127,63,61]",,,,24r5678m 12778p 555z,,,,1,1,4,,0,,,,,,
20260414001450_0201_014,20260414001450_0201,20260414001450,上級卓,1,M＆I,65,8p,tedashi,1776093836,3657.693,,0,,"[13,16,23,25,30,39,43,64,125,126,127,63,61]",,,,4r5678m 12778p 555z,,,,,,,,,,,,,,
20260414001450_0201_015,20260414001450_0201,20260414001450,上級卓,2,いちちち,122,4z,tedashi,1776093840,4300.655,,0,,"[13,16,23,25,30,39,43,64,125,126,127,63,61]",,,,4r5678m 12778p 555z,,,,,,,,,,,,,,
20260414001450_0201_016,20260414001450_0201,20260414001450,上級卓,3,NoName,72,1s,tedashi,1776093842,2166.85,,0,,"[13,16,23,25,30,39,43,64,125,126,127,63,61]",,,,4r5678m 12778p 555z,,,,,,,,,,,,,,
20260414001450_0201_017,20260414001450_0201,20260414001450,上級卓,0,パシフィック,39,1p,tedashi,1776093844,1301.968,,1,2449.45,"[13,16,23,25,30,39,43,64,125,126,127,63,61,56]",,,,4r5678m 126778p 555z,,,,1,1,4,,0,,,,,,
20260414001450_0201_018,20260414001450_0201,20260414001450,上級卓,1,M＆I,124,5z,tedashi,1776093850,3781.586,,6,289.668,"[13,16,23,25,30,43,64,125,126,127,63,61,56]",,,,4r5678m 26778p 555z,,,,,,,,,,,,,,
20260414001450_0201_019,20260414001450_0201,20260414001450,上級卓,2,いちちち,113,2z,risekichu_hokan_tsumogiri,1776093853,2486.0,,0,,"[13,16,23,25,30,43,64,125,126,127,63,61,56]",,,,4r5678m 26778p 555z,,,,,,,,,,,,,,
20260414001450_0201_020,20260414001450_0201,20260414001450,上級卓,3,NoName,79,2s,tedashi,1776093855,2254.784,,1,3265.29,"[13,16,23,25,30,43,64,125,126,127,63,61,56]",,,,4r5678m 26778p 555z,,,,,,,,,,,,,,
20260414001450_0201_021,20260414001450_0201,20260414001450,上級卓,0,パシフィック,43,2p,tedashi,1776093859,565.084,,0,,"[13,16,23,25,30,43,64,125,126,127,63,61,56,58]",,,,4r5678m 266778p 555z,,,,1,1,3,,0,,,,,,
20260414001450_0201_022,20260414001450_0201,20260414001450,上級卓,1,M＆I,119,3z,tedashi,1776093861,2484.26,,0,,"[13,16,23,25,30,64,125,126,127,63,61,56,58]",,,,4r5678m 66778p 555z,,,,,,,,,,,,,,
20260414001450_0201_023,20260414001450_0201,20260414001450,上級卓,2,いちちち,132,7z,tedashi,1776093864,2675.04,,0,,"[13,16,23,25,30,64,125,126,127,63,61,56,58]",,,,4r5678m 66778p 555z,,,,,,,,,,,,,,
20260414001450_0201_024,20260414001450_0201,20260414001450,上級卓,3,NoName,47,3p,tedashi,1776093866,2379.063,,0,,"[13,16,23,25,30,64,125,126,127,63,61,56,58]",,,,4r5678m 66778p 555z,,,,,,,,,,,,,,
20260414001450_0201_025,20260414001450_0201,20260414001450,上級卓,0,パシフィック,61,7p,tedashi,1776093867,743.726,,0,,"[13,16,23,25,30,64,125,126,127,63,61,56,58,69]",,,,4r5678m 667789p 555z,,,,0,0,3,369m,0,,,,,,
20260414001450_0201_026,20260414001450_0201,20260414001450,上級卓,1,M＆I,34,9m,tedashi,1776093871,3864.168,,0,,"[13,16,23,25,30,64,125,126,127,63,56,58,69]",,,,4r5678m 66789p 555z,,,,,,,,,,,,,,
20260414001450_0300_000,20260414001450_0300,20260414001450,上級卓,0,パシフィック,119,3z,tedashi,1776093898,,,0,,"[65,119,113,19,25,64,125,1,92,10,41,30,54,127]",,,,13578m 2588p 6s 2355z,,,,4,4,4,,0,,,,,,
20260414001450_0300_001,20260414001450_0300,20260414001450,上級卓,1,M＆I,100,8s,tedashi,1776093903,5072.181,,0,,"[65,113,19,25,64,125,1,92,10,41,30,54,127]",,,,13578m 2588p 6s 255z,,,,,,,,,,,,,,
20260414001450_0300_002,20260414001450_0300,20260414001450,上級卓,2,いちちち,70,9p,tedashi,1776093906,3542.49,,0,,"[65,113,19,25,64,125,1,92,10,41,30,54,127]",,,,13578m 2588p 6s 255z,,,,,,,,,,,,,,
20260414001450_0300_003,20260414001450_0300,20260414001450,上級卓,3,NoName,111,1z,tedashi,1776093908,1712.322,,0,,"[65,113,19,25,64,125,1,92,10,41,30,54,127]",,,,13578m 2588p 6s 255z,,,,,,,,,,,,,,
20260414001450_0300_004,20260414001450_0300,20260414001450,上級卓,0,パシフィック,73,1s,tsumogiri,1776093912,4340.435,,1,2819.724,"[65,113,19,25,64,125,1,92,10,41,30,54,127,73]",,,,13578m 2588p 16s 255z,,,,4,4,4,,0,,,,,,
20260414001450_0300_005,20260414001450_0300,20260414001450,上級卓,1,M＆I,132,7z,risekichu_hokan_tsumogiri,1776093919,3351.63,,2,1080.595,"[65,113,19,25,64,125,1,92,10,41,30,54,127]",,,,13578m 2588p 6s 255z,,,,,,,,,,,,,,
20260414001450_0300_006,20260414001450_0300,20260414001450,上級卓,3,NoName,74,1s,tedashi,1776093920,857.0,,0,,"[65,113,19,25,64,125,1,92,10,41,30,54,127]",,,,13578m 2588p 6s 255z,,,,,,,,,,,,,,
20260414001450_0300_007,20260414001450_0300,20260414001450,上級卓,0,パシフィック,41,2p,tedashi,1776093924,3248.103,,0,,"[65,113,19,25,64,125,1,92,10,41,30,54,127,114]",,,,13578m 2588p 6s 2255z,,,,3,3,3,,0,2p,1167pt,6s,1164pt,5p,1160pt
20260414001450_0300_008,20260414001450_0300,20260414001450,上級卓,1,M＆I,9,3m,tedashi,1776093931,1591.44,6189.834,0,,"[65,113,19,25,64,125,1,92,10,30,54,127,114]",,,,13578m 588p 6s 2255z,,,,,,,,,,,,,,
20260414001450_0300_009,20260414001450_0300,20260414001450,上級卓,2,いちちち,108,1z,tedashi,1776093934,2605.514,,0,,"[65,113,19,25,64,125,1,92,10,30,54,127,114]",,,,13578m 588p 6s 2255z,,,,,,,,,,,,,,
20260414001450_0300_010,20260414001450_0300,20260414001450,上級卓,3,NoName,103,8s,tedashi,1776093936,1613.306,,0,,"[65,113,19,25,64,125,1,92,10,30,54,127,114]",,,,13578m 588p 6s 2255z,,,,,,,,,,,,,,
20260414001450_0300_011,20260414001450_0300,20260414001450,上級卓,0,パシフィック,135,7z,tsumogiri,1776093938,2776.496,,0,,"[65,113,19,25,64,125,1,92,10,30,54,127,114,135]",,,,13578m 588p 6s 22557z,,,,3,3,3,,0,7z,1041pt,6s,1025pt,5p,1021pt
20260414001450_0300_012,20260414001450_0300,20260414001450,上級卓,1,M＆I,109,1z,risekichu_hokan_tsumogiri,1776093939,732.08,,0,,"[65,113,19,25,64,125,1,92,10,30,54,127,114]",,,,13578m 588p 6s 2255z,,,,,,,,,,,,,,
20260414001450_0300_013,20260414001450_0300,20260414001450,上級卓,2,いちちち,126,5z,tedashi,1776093942,2415.484,,6,199.053,"[65,113,19,25,64,125,1,92,10,30,54,127,114]",,,,13578m 588p 6s 2255z,,,,,,,,,,,,,,
20260414001450_0300_014,20260414001450_0300,20260414001450,上級卓,3,NoName,101,8s,risekichu_hokan_tsumogiri,1776093944,1777.287,,0,,"[65,113,19,25,64,125,1,92,10,30,54,127,114]",,,,13578m 588p 6s 2255z,,,,,,,,,,,,,,
20260414001450_0300_015,20260414001450_0300,20260414001450,上級卓,0,パシフィック,125,5z,tedashi,1776093945,1391.6,,0,,"[65,113,19,25,64,125,1,92,10,30,54,127,114,0]",,,,113578m 588p 6s 2255z,,,,2,3,2,,0,6s,1171pt,5p,1146pt,3m,1112pt
20260414001450_0300_016,20260414001450_0300,20260414001450,上級卓,1,M＆I,7,2m,risekichu_hokan_tsumogiri,1776093946,704.902,,0,,"[65,113,19,25,64,1,92,10,30,54,127,114,0]",,,,113578m 588p 6s 225z,,,,,,,,,,,,,,
20260414001450_0300_017,20260414001450_0300,20260414001450,上級卓,2,いちちち,33,9m,tedashi,1776093950,4232.709,,0,,"[65,113,19,25,64,1,92,10,30,54,127,114,0]",,,,113578m 588p 6s 225z,,,,,,,,,,,,,,
20260414001450_0300_018,20260414001450_0300,20260414001450,上級卓,3,NoName,128,6z,tedashi,1776093952,1831.809,,2,3617.675,"[65,113,19,25,64,1,92,10,30,54,127,114,0]",,,,113578m 588p 6s 225z,,,,,,,,,,,,,,
20260414001450_0300_019,20260414001450_0300,20260414001450,上級卓,2,いちちち,84,4s,tedashi,1776093961,5372.213,,2,1093.286,"[65,113,19,25,64,1,92,10,30,54,127,114,0]",,,,113578m 588p 6s 225z,,,,,,,,,,,,,,
20260414001450_0300_020,20260414001450_0300,20260414001450,上級卓,3,NoName,4,2m,tedashi,1776093963,1314.098,,6,212.62,"[65,113,19,25,64,1,92,10,30,54,127,114,0]",,,,113578m 588p 6s 225z,,,,,,,,,,,,,,
20260414001450_0300_021,20260414001450_0300,20260414001450,上級卓,0,パシフィック,127,5z,tedashi,1776093964,1037.036,,0,,"[65,113,19,25,64,1,92,10,30,54,127,114,0,28]",,,,1135788m 588p 6s 225z,,,,2,3,2,,0,5z,1167pt,6s,1138pt,3m,1071pt
20260414001450_0300_022,20260414001450_0300,20260414001450,上級卓,1,M＆I,131,6z,risekichu_hokan_tsumogiri,1776093965,705.483,,0,,"[65,113,19,25,64,1,92,10,30,54,114,0,28]",,,,1135788m 588p 6s 22z,,,,,,,,,,,,,,
20260414001450_0300_023,20260414001450_0300,20260414001450,上級卓,2,いちちち,106,9s,tedashi,1776093969,4194.644,,0,,"[65,113,19,25,64,1,92,10,30,54,114,0,28]",,,,1135788m 588p 6s 22z,,,,,,,,,,,,,,
20260414001450_0300_024,20260414001450_0300,20260414001450,上級卓,3,NoName,96,7s,risekichu_hokan_tsumogiri,1776093971,2150.043,,0,,"[65,113,19,25,64,1,92,10,30,54,114,0,28]",,,,1135788m 588p 6s 22z,,,,,,,,,,,,,,
20260414001450_0300_025,20260414001450_0300,20260414001450,上級卓,0,パシフィック,57,6p,tsumogiri,1776093973,1518.176,,0,,"[65,113,19,25,64,1,92,10,30,54,114,0,28,57]",,,,1135788m 5688p 6s 22z,,,,2,3,2,,0,6s,1207pt,3m,1197pt,7m,1125pt
20260414001450_0300_026,20260414001450_0300,20260414001450,上級卓,1,M＆I,93,6s,risekichu_hokan_tsumogiri,1776093974,712.963,,0,,"[65,113,19,25,64,1,92,10,30,54,114,0,28]",,,,1135788m 588p 6s 22z,,,,,,,,,,,,,,
20260414001450_0300_027,20260414001450_0300,20260414001450,上級卓,2,いちちち,20,6m,risekichu_hokan_tsumogiri,1776093991,17440.992,,2,1548.871,"[65,113,19,25,64,1,92,10,30,54,114,0,28]",,,,1135788m 588p 6s 22z,,,,,,,,,,,,,,
20260414001450_0300_028,20260414001450_0300,20260414001450,上級卓,3,NoName,2,1m,tedashi,1776093994,1227.576,,0,,"[65,113,19,25,64,1,92,10,30,54,114,0,28]",,,,1135788m 588p 6s 22z,,,,,,,,,,,,,,
20260414001450_0400_000,20260414001450_0400,20260414001450,上級卓,1,M＆I,118,3z,tedashi,1776094013,,,0,,"[131,125,20,51,68,38,6,27,122,57,18,126,43]",,,,2567m 12469p 4556z,,,,,,,,,,,,,,
20260414001450_0400_001,20260414001450_0400,20260414001450,上級卓,2,いちちち,3,1m,tedashi,1776094019,5849.975,,0,,"[131,125,20,51,68,38,6,27,122,57,18,126,43]",,,,2567m 12469p 4556z,,,,,,,,,,,,,,
20260414001450_0400_002,20260414001450_0400,20260414001450,上級卓,3,NoName,116,3z,tedashi,1776094021,1717.383,,0,,"[131,125,20,51,68,38,6,27,122,57,18,126,43]",,,,2567m 12469p 4556z,,,,,,,,,,,,,,
20260414001450_0400_003,20260414001450_0400,20260414001450,上級卓,0,パシフィック,6,2m,tedashi,1776094021,766.757,,0,,"[131,125,20,51,68,38,6,27,122,57,18,126,43,62]",,,,2567m 124679p 4556z,,,,2,2,5,,0,,,,,,
20260414001450_0400_004,20260414001450_0400,20260414001450,上級卓,1,M＆I,45,3p,tedashi,1776094027,5485.811,,6,266.401,"[131,125,20,51,68,38,27,122,57,18,126,43,62]",,,,567m 124679p 4556z,,,,,,,,,,,,,,
20260414001450_0400_005,20260414001450_0400,20260414001450,上級卓,2,いちちち,107,9s,tedashi,1776094028,1247.93,,0,,"[131,125,20,51,68,38,27,122,57,18,126,43,62]",,,,567m 124679p 4556z,,,,,,,,,,,,,,
20260414001450_0400_006,20260414001450_0400,20260414001450,上級卓,3,NoName,108,1z,risekichu_hokan_tsumogiri,1776094030,1937.185,,0,,"[131,125,20,51,68,38,27,122,57,18,126,43,62]",,,,567m 124679p 4556z,,,,,,,,,,,,,,
20260414001450_0400_007,20260414001450_0400,20260414001450,上級卓,0,パシフィック,131,6z,tedashi,1776094031,773.808,,0,,"[131,125,20,51,68,38,27,122,57,18,126,43,62,98]",,,,567m 124679p 7s 4556z,,,,2,2,5,,0,,,,,,
20260414001450_0400_008,20260414001450_0400,20260414001450,上級卓,1,M＆I,61,7p,risekichu_hokan_tsumogiri,1776094035,4254.301,,6,275.328,"[125,20,51,68,38,27,122,57,18,126,43,62,98]",,,,567m 124679p 7s 455z,,,,,,,,,,,,,,
20260414001450_0400_009,20260414001450_0400,20260414001450,上級卓,2,いちちち,117,3z,risekichu_hokan_tsumogiri,1776094037,1717.792,,0,,"[125,20,51,68,38,27,122,57,18,126,43,62,98]",,,,567m 124679p 7s 455z,,,,,,,,,,,,,,
20260414001450_0400_010,20260414001450_0400,20260414001450,上級卓,3,NoName,123,4z,risekichu_hokan_tsumogiri,1776094039,2024.922,,0,,"[125,20,51,68,38,27,122,57,18,126,43,62,98]",,,,567m 124679p 7s 455z,,,,,,,,,,,,,,
20260414001450_0400_011,20260414001450_0400,20260414001450,上級卓,0,パシフィック,122,4z,tedashi,1776094040,735.263,,0,,"[125,20,51,68,38,27,122,57,18,126,43,62,98,106]",,,,567m 124679p 79s 455z,,,,2,2,5,,0,,,,,,
20260414001450_0400_012,20260414001450_0400,20260414001450,上級卓,1,M＆I,110,1z,tedashi,1776094046,6017.818,,0,,"[125,20,51,68,38,27,57,18,126,43,62,98,106]",,,,567m 124679p 79s 55z,,,,,,,,,,,,,,
20260414001450_0400_013,20260414001450_0400,20260414001450,上級卓,2,いちちち,128,6z,tedashi,1776094048,1649.497,,0,,"[125,20,51,68,38,27,57,18,126,43,62,98,106]",,,,567m 124679p 79s 55z,,,,,,,,,,,,,,
20260414001450_0400_014,20260414001450_0400,20260414001450,上級卓,3,NoName,115,2z,tedashi,1776094050,2543.381,,2,2681.91,"[125,20,51,68,38,27,57,18,126,43,62,98,106]",,,,567m 124679p 79s 55z,,,,,,,,,,,,,,
20260414001450_0400_015,20260414001450_0400,20260414001450,上級卓,1,M＆I,76,2s,tedashi,1776094055,2187.185,,0,,"[125,20,51,68,38,27,57,18,126,43,62,98,106]",,,,567m 124679p 79s 55z,,,,,,,,,,,,,,
20260414001450_0400_016,20260414001450_0400,20260414001450,上級卓,2,いちちち,113,2z,risekichu_hokan_tsumogiri,1776094058,2282.058,,0,,"[125,20,51,68,38,27,57,18,126,43,62,98,106]",,,,567m 124679p 79s 55z,,,,,,,,,,,,,,
20260414001450_0400_017,20260414001450_0400,20260414001450,上級卓,3,NoName,39,1p,risekichu_hokan_tsumogiri,1776094060,2290.409,,0,,"[125,20,51,68,38,27,57,18,126,43,62,98,106]",,,,567m 124679p 79s 55z,,,,,,,,,,,,,,
20260414001450_0400_018,20260414001450_0400,20260414001450,上級卓,0,パシフィック,130,6z,tsumogiri,1776094077,16701.661,,0,,"[125,20,51,68,38,27,57,18,126,43,62,98,106,130]",,,,567m 124679p 79s 556z,,,,2,2,5,,0,,,,,,
20260414002828_0000_000,20260414002828_0000,20260414002828,上級卓,2,アンディだよ。,123,4z,tedashi,1776094112,,,0,,"[68,106,89,3,93,34,15,8,4,0,50,53,80]",,,,112349m 459p 3569s,,,,,,,,,,,,,,
20260414002828_0000_001,20260414002828_0000,20260414002828,上級卓,3,Millio,121,4z,tedashi,1776094114,2384.356,,0,,"[68,106,89,3,93,34,15,8,4,0,50,53,80]",,,,112349m 459p 3569s,,,,,,,,,,,,,,
20260414002828_0000_002,20260414002828_0000,20260414002828,上級卓,0,パシフィック,106,9s,tedashi,1776094115,779.915,,0,,"[68,106,89,3,93,34,15,8,4,0,50,53,80,77]",,,,112349m 459p 23569s,,,,2,2,5,,0,,,,,,
20260414002828_0000_003,20260414002828_0000,20260414002828,上級卓,1,NoName,131,6z,risekichu_hokan_tsumogiri,1776094119,3964.854,,0,,"[68,89,3,93,34,15,8,4,0,50,53,80,77]",,,,112349m 459p 2356s,,,,,,,,,,,,,,
20260414002828_0000_004,20260414002828_0000,20260414002828,上級卓,2,アンディだよ。,71,9p,tedashi,1776094122,2828.322,,0,,"[68,89,3,93,34,15,8,4,0,50,53,80,77]",,,,112349m 459p 2356s,,,,,,,,,,,,,,
20260414002828_0000_005,20260414002828_0000,20260414002828,上級卓,3,Millio,130,6z,tedashi,1776094123,1436.657,,0,,"[68,89,3,93,34,15,8,4,0,50,53,80,77]",,,,112349m 459p 2356s,,,,,,,,,,,,,,
20260414002828_0000_006,20260414002828_0000,20260414002828,上級卓,0,パシフィック,68,9p,tedashi,1776094125,1547.169,,0,,"[68,89,3,93,34,15,8,4,0,50,53,80,77,116]",,,,112349m 459p 2356s 3z,,,,2,2,5,,0,,,,,,
20260414002828_0000_040,20260414002828_0000,20260414002828,上級卓,2,アンディだよ。,51,4p,tedashi,1776094292,904.514,9720.945,0,,"[2,3,4,8,13,15,34,50,53,77,80,89,93]",,,,1123449m 45p 2356s,,,,,,,,,,,,,,
20260414002828_0100_000,20260414002828_0100,20260414002828,上級卓,3,Millio,113,2z,tedashi,1776094310,,,6,294.062,"[103,76,96,31,129,70,114,63,25,118,56,23,115]",,,,678m 679p 278s 2236z,,,,,,,,,,,,,,
20260414002828_0100_001,20260414002828_0100,20260414002828,上級卓,0,パシフィック,118,3z,tedashi,1776094313,2868.636,,0,,"[103,76,96,31,129,70,114,63,25,118,56,23,115,12]",,,,4678m 679p 278s 2236z,,,,3,3,5,,0,,,,,,
20260414002828_0100_002,20260414002828_0100,20260414002828,上級卓,1,NoName,120,4z,tedashi,1776094317,3329.299,,0,,"[103,76,96,31,129,70,114,63,25,56,23,115,12]",,,,4678m 679p 278s 226z,,,,,,,,,,,,,,
20260414002828_0100_003,20260414002828_0100,20260414002828,上級卓,2,アンディだよ。,126,5z,tedashi,1776094319,2397.89,,0,,"[103,76,96,31,129,70,114,63,25,56,23,115,12]",,,,4678m 679p 278s 226z,,,,,,,,,,,,,,
20260414002828_0100_004,20260414002828_0100,20260414002828,上級卓,3,Millio,75,1s,tedashi,1776094322,2977.818,,0,,"[103,76,96,31,129,70,114,63,25,56,23,115,12]",,,,4678m 679p 278s 226z,,,,,,,,,,,,,,
20260414002828_0100_005,20260414002828_0100,20260414002828,上級卓,0,パシフィック,70,9p,tedashi,1776094323,863.079,,0,,"[103,76,96,31,129,70,114,63,25,56,23,115,12,130]",,,,4678m 679p 278s 2266z,,,,2,2,4,,0,,,,,,
20260414002828_0100_006,20260414002828_0100,20260414002828,上級卓,1,NoName,37,1p,tedashi,1776094327,4484.967,,1,2025.949,"[103,76,96,31,129,114,63,25,56,23,115,12,130]",,,,4678m 67p 278s 2266z,,,,,,,,,,,,,,
20260414002828_0100_007,20260414002828_0100,20260414002828,上級卓,2,アンディだよ。,11,3m,tedashi,1776094332,2572.391,,2,1739.648,"[103,76,96,31,129,114,63,25,56,23,115,12,130]",,,,4678m 67p 278s 2266z,,,,,,,,,,,,,,
20260414002828_0100_008,20260414002828_0100,20260414002828,上級卓,3,Millio,93,6s,tedashi,1776094336,2552.457,,6,230.92,"[103,76,96,31,129,114,63,25,56,23,115,12,130]",,,,4678m 67p 278s 2266z,,,,,,,,,,,,,,
20260414002828_0100_009,20260414002828_0100,20260414002828,上級卓,0,パシフィック,125,5z,tsumogiri,1776094337,721.35,,0,,"[103,76,96,31,129,114,63,25,56,23,115,12,130,125]",,,,4678m 67p 278s 22566z,,,,2,2,4,,0,,,,,,
20260414002828_0100_010,20260414002828_0100,20260414002828,上級卓,1,NoName,112,2z,tedashi,1776094341,3855.613,,6,227.107,"[103,76,96,31,129,114,63,25,56,23,115,12,130]",,,,4678m 67p 278s 2266z,,,,,,,,,,,,,,
20260414002828_0100_011,20260414002828_0100,20260414002828,上級卓,2,アンディだよ。,71,9p,tedashi,1776094345,3930.294,,0,,"[103,76,96,31,129,114,63,25,56,23,115,12,130]",,,,4678m 67p 278s 2266z,,,,,,,,,,,,,,
20260414002828_0100_012,20260414002828_0100,20260414002828,上級卓,3,Millio,73,1s,risekichu_hokan_tsumogiri,1776094347,2400.514,,0,,"[103,76,96,31,129,114,63,25,56,23,115,12,130]",,,,4678m 67p 278s 2266z,,,,,,,,,,,,,,
20260414002828_0100_013,20260414002828_0100,20260414002828,上級卓,0,パシフィック,76,2s,tedashi,1776094349,1385.464,,6,168.904,"[103,76,96,31,129,114,63,25,56,23,115,12,130,47]",,,,4678m 367p 278s 2266z,,,,2,2,4,,0,,,,,,
20260414002828_0100_014,20260414002828_0100,20260414002828,上級卓,1,NoName,105,9s,tedashi,1776094354,4778.573,,0,,"[103,96,31,129,114,63,25,56,23,115,12,130,47]",,,,4678m 367p 78s 2266z,,,,,,,,,,,,,,
20260414002828_0100_015,20260414002828_0100,20260414002828,上級卓,2,アンディだよ。,65,8p,tedashi,1776094357,2738.436,,2,4081.853,"[103,96,31,129,114,63,25,56,23,115,12,130,47]",,,,4678m 367p 78s 2266z,,,,,,,,,,,,,,
20260414002828_0100_016,20260414002828_0100,20260414002828,上級卓,3,Millio,16,r5m,tedashi,1776094365,3864.476,,6,198.044,"[103,96,31,129,114,63,25,56,23,115,12,130,47]",,,,4678m 367p 78s 2266z,,,,,,,,,,,,,,
20260414002828_0100_017,20260414002828_0100,20260414002828,上級卓,0,パシフィック,114,2z,tedashi,1776094366,821.175,,0,,"[103,96,31,129,114,63,25,56,23,115,12,130,47,41]",,,,4678m 2367p 78s 2266z,,,,2,2,4,,0,,,,,,
20260414002828_0100_018,20260414002828_0100,20260414002828,上級卓,1,NoName,18,5m,risekichu_hokan_tsumogiri,1776094374,8756.739,,0,,"[103,96,31,129,63,25,56,23,115,12,130,47,41]",,,,4678m 2367p 78s 266z,,,,,,,,,,,,,,
20260414002828_0100_019,20260414002828_0100,20260414002828,上級卓,2,アンディだよ。,123,4z,risekichu_hokan_tsumogiri,1776094376,1793.031,,0,,"[103,96,31,129,63,25,56,23,115,12,130,47,41]",,,,4678m 2367p 78s 266z,,,,,,,,,,,,,,
20260414002828_0100_020,20260414002828_0100,20260414002828,上級卓,3,Millio,131,6z,risekichu_hokan_tsumogiri,1776094378,2118.177,,6,199.94,"[103,96,31,129,63,25,56,23,115,12,130,47,41]",,,,4678m 2367p 78s 266z,,,,,,,,,,,,,,
20260414002828_0100_021,20260414002828_0100,20260414002828,上級卓,0,パシフィック,33,9m,tsumogiri,1776094395,16489.276,,0,,"[103,96,31,129,63,25,56,23,115,12,130,47,41,33]",,,,46789m 2367p 78s 266z,,,,2,2,5,,0,,,,,,
20260414002828_0100_022,20260414002828_0100,20260414002828,上級卓,1,NoName,64,8p,tedashi,1776094398,3284.48,,0,,"[103,96,31,129,63,25,56,23,115,12,130,47,41]",,,,4678m 2367p 78s 266z,,,,,,,,,,,,,,
20260414002828_0100_023,20260414002828_0100,20260414002828,上級卓,2,アンディだよ。,95,6s,tedashi,1776094402,3416.107,,0,,"[103,96,31,129,63,25,56,23,115,12,130,47,41]",,,,4678m 2367p 78s 266z,,,,,,,,,,,,,,
20260414002828_0100_024,20260414002828_0100,20260414002828,上級卓,3,Millio,66,8p,risekichu_hokan_tsumogiri,1776094403,1851.177,,6,210.073,"[103,96,31,129,63,25,56,23,115,12,130,47,41]",,,,4678m 2367p 78s 266z,,,,,,,,,,,,,,
20260414002828_0100_025,20260414002828_0100,20260414002828,上級卓,0,パシフィック,15,4m,tsumogiri,1776094410,6493.67,,6,225.23,"[103,96,31,129,63,25,56,23,115,12,130,47,41,15]",,,,44678m 2367p 78s 266z,,,,2,2,4,,0,,,,,,
20260414002828_0100_026,20260414002828_0100,20260414002828,上級卓,1,NoName,116,3z,risekichu_hokan_tsumogiri,1776094413,2769.786,,0,,"[103,96,31,129,63,25,56,23,115,12,130,47,41]",,,,4678m 2367p 78s 266z,,,,,,,,,,,,,,
20260414002828_0100_027,20260414002828_0100,20260414002828,上級卓,2,アンディだよ。,7,2m,risekichu_hokan_tsumogiri,1776094415,1691.321,,0,,"[103,96,31,129,63,25,56,23,115,12,130,47,41]",,,,4678m 2367p 78s 266z,,,,,,,,,,,,,,
20260414002828_0100_028,20260414002828_0100,20260414002828,上級卓,3,Millio,90,5s,risekichu_hokan_tsumogiri,1776094417,1988.367,,0,,"[103,96,31,129,63,25,56,23,115,12,130,47,41]",,,,4678m 2367p 78s 266z,,,,,,,,,,,,,,
20260414002828_0100_029,20260414002828_0100,20260414002828,上級卓,0,パシフィック,111,1z,tsumogiri,1776094424,6714.29,,0,,"[103,96,31,129,63,25,56,23,115,12,130,47,41,111]",,,,4678m 2367p 78s 1266z,,,,2,2,5,,0,,,,,,
20260414002828_0200_007,20260414002828_0200,20260414002828,上級卓,3,Millio,122,4z,risekichu_hokan_tsumogiri,1776094506,2605.886,,0,,"[1,9,33,46,47,54,55,66,69,83,91,118,128]",,,,139m 335589p 35s 36z,,,,,,,,,,,,,,
20260414002828_0200_008,20260414002828_0200,20260414002828,上級卓,0,パシフィック,33,9m,tedashi,1776094509,3129.866,,0,,"[1,9,33,46,47,54,55,66,69,83,91,118,128,18]",,,,1359m 335589p 35s 36z,,,,3,3,4,,0,,,,,,
20260414002828_0200_009,20260414002828_0200,20260414002828,上級卓,1,NoName,107,9s,tedashi,1776094512,3114.953,,0,,"[1,9,46,47,54,55,66,69,83,91,118,128,18]",,,,135m 335589p 35s 36z,,,,,,,,,,,,,,
20260414002828_0200_010,20260414002828_0200,20260414002828,上級卓,2,アンディだよ。,133,7z,tedashi,1776094517,5400.414,,0,,"[1,9,46,47,54,55,66,69,83,91,118,128,18]",,,,135m 335589p 35s 36z,,,,,,,,,,,,,,
20260414002828_0200_011,20260414002828_0200,20260414002828,上級卓,3,Millio,119,3z,tedashi,1776094523,5514.265,,0,,"[1,9,46,47,54,55,66,69,83,91,118,128,18]",,,,135m 335589p 35s 36z,,,,,,,,,,,,,,
20260414002828_0200_012,20260414002828_0200,20260414002828,上級卓,0,パシフィック,1,1m,tedashi,1776094524,1080.509,,6,421.227,"[1,9,46,47,54,55,66,69,83,91,118,128,18,13]",,,,1345m 335589p 35s 36z,,,,2,2,4,,0,,,,,,
20260414002828_0200_013,20260414002828_0200,20260414002828,上級卓,1,NoName,110,1z,tedashi,1776094530,5325.706,,0,,"[9,46,47,54,55,66,69,83,91,118,128,18,13]",,,,345m 335589p 35s 36z,,,,,,,,,,,,,,
20260414002828_0200_014,20260414002828_0200,20260414002828,上級卓,2,アンディだよ。,93,6s,tedashi,1776094533,3559.751,,1,1404.68,"[9,46,47,54,55,66,69,83,91,118,128,18,13]",,,,345m 335589p 35s 36z,,,,,,,,,,,,,,
20260414002828_0200_015,20260414002828_0200,20260414002828,上級卓,3,Millio,14,4m,tedashi,1776094540,5333.863,,6,219.842,"[9,46,47,54,55,66,69,83,91,118,128,18,13]",,,,345m 335589p 35s 36z,,,,,,,,,,,,,,
20260414002828_0200_016,20260414002828_0200,20260414002828,上級卓,0,パシフィック,128,6z,tedashi,1776094541,1069.331,,0,,"[9,46,47,54,55,66,69,83,91,118,128,18,13,79]",,,,345m 335589p 235s 36z,,,,2,2,4,,0,,,,,,
20260414002828_0200_017,20260414002828_0200,20260414002828,上級卓,1,NoName,3,1m,tedashi,1776094548,7102.965,,0,,"[9,46,47,54,55,66,69,83,91,118,18,13,79]",,,,345m 335589p 235s 3z,,,,,,,,,,,,,,
20260414002828_0200_018,20260414002828_0200,20260414002828,上級卓,2,アンディだよ。,2,1m,tedashi,1776094552,3897.709,,0,,"[9,46,47,54,55,66,69,83,91,118,18,13,79]",,,,345m 335589p 235s 3z,,,,,,,,,,,,,,
20260414002828_0200_019,20260414002828_0200,20260414002828,上級卓,3,Millio,58,6p,risekichu_hokan_tsumogiri,1776094561,8916.322,,0,,"[9,46,47,54,55,66,69,83,91,118,18,13,79]",,,,345m 335589p 235s 3z,,,,,,,,,,,,,,
20260414002828_0200_020,20260414002828_0200,20260414002828,上級卓,0,パシフィック,39,1p,tsumogiri,1776094578,16703.104,,0,,"[9,46,47,54,55,66,69,83,91,118,18,13,79,39]",,,,345m 1335589p 235s 3z,,,,2,2,4,,0,,,,,,
20260414002828_0200_021,20260414002828_0200,20260414002828,上級卓,1,NoName,8,3m,tedashi,1776094581,3369.518,,0,,"[9,46,47,54,55,66,69,83,91,118,18,13,79]",,,,345m 335589p 235s 3z,,,,,,,,,,,,,,
20260414002828_0200_030,20260414002828_0200,20260414002828,上級卓,2,アンディだよ。,113,2z,risekichu_hokan_tsumogiri,1776094638,2659.672,,0,,"[9,13,18,46,47,54,55,66,69,79,83,91,118]",,,,345m 335589p 235s 3z,,,,,,,,,,,,,,
20260414002828_0200_031,20260414002828_0200,20260414002828,上級卓,3,Millio,135,7z,risekichu_hokan_tsumogiri,1776094640,2181.457,,0,,"[9,13,18,46,47,54,55,66,69,79,83,91,118]",,,,345m 335589p 235s 3z,,,,,,,,,,,,,,
20260414002828_0200_032,20260414002828_0200,20260414002828,上級卓,0,パシフィック,118,3z,tedashi,1776094642,1840.756,,0,,"[9,13,18,46,47,54,55,66,69,79,83,91,118,36]",,,,345m 1335589p 235s 3z,,,,2,2,4,,0,,,,,,
20260414002828_0200_033,20260414002828_0200,20260414002828,上級卓,1,NoName,12,4m,risekichu_hokan_tsumogiri,1776094648,5913.388,,0,,"[9,13,18,46,47,54,55,66,69,79,83,91,36]",,,,345m 1335589p 235s,,,,,,,,,,,,,,
20260414002828_0200_034,20260414002828_0200,20260414002828,上級卓,2,アンディだよ。,32,9m,tedashi,1776094653,5527.881,,1,1541.168,"[9,13,18,46,47,54,55,66,69,79,83,91,36]",,,,345m 1335589p 235s,,,,,,,,,,,,,,
20260414002828_0200_035,20260414002828_0200,20260414002828,上級卓,3,Millio,90,5s,risekichu_hokan_tsumogiri,1776094657,2321.615,,0,,"[9,13,18,46,47,54,55,66,69,79,83,91,36]",,,,345m 1335589p 235s,,,,,,,,,,,,,,
20260414002828_0200_036,20260414002828_0200,20260414002828,上級卓,0,パシフィック,69,9p,tedashi,1776094659,1506.971,,0,,"[9,13,18,46,47,54,55,66,69,79,83,91,36,89]",,,,345m 1335589p 2355s,,,,2,2,3,,0,,,,,,
20260414002828_0200_037,20260414002828_0200,20260414002828,上級卓,1,NoName,53,5p,tedashi,1776094663,4737.3,,1,1725.535,"[9,13,18,46,47,54,55,66,79,83,91,36,89]",,,,345m 133558p 2355s,,,,,,,,,,,,,,
20260414002828_0200_038,20260414002828_0200,20260414002828,上級卓,2,アンディだよ。,77,2s,risekichu_hokan_tsumogiri,1776094667,1794.647,,0,,"[9,13,18,46,47,54,55,66,79,83,91,36,89]",,,,345m 133558p 2355s,,,,,,,,,,,,,,
20260414002828_0200_039,20260414002828_0200,20260414002828,上級卓,3,Millio,103,8s,risekichu_hokan_tsumogiri,1776094669,2084.099,,0,,"[9,13,18,46,47,54,55,66,79,83,91,36,89]",,,,345m 133558p 2355s,,,,,,,,,,,,,,
20260414002828_0200_040,20260414002828_0200,20260414002828,上級卓,0,パシフィック,99,7s,tsumogiri,1776094686,16689.98,,0,,"[9,13,18,46,47,54,55,66,79,83,91,36,89,99]",,,,345m 133558p 23557s,,,,2,2,3,,0,,,,,,
20260414002828_0200_041,20260414002828_0200,20260414002828,上級卓,1,NoName,65,8p,risekichu_hokan_tsumogiri,1776094695,9380.403,,1,1862.349,"[9,13,18,46,47,54,55,66,79,83,91,36,89]",,,,345m 133558p 2355s,,,,,,,,,,,,,,
20260414002828_0200_042,20260414002828_0200,20260414002828,上級卓,2,アンディだよ。,75,1s,risekichu_hokan_tsumogiri,1776094698,1227.86,,2,1972.587,"[9,13,18,46,47,54,55,66,79,83,91,36,89]",,,,345m 133558p 2355s,,,,,,,,,,,,,,
20260414002828_0200_043,20260414002828_0200,20260414002828,上級卓,3,Millio,76,2s,tedashi,1776094701,992.778,,0,,"[9,13,18,46,47,54,55,66,79,83,91,36,89]",,,,345m 133558p 2355s,,,,,,,,,,,,,,
20260414002828_0200_044,20260414002828_0200,20260414002828,上級卓,0,パシフィック,84,4s,tsumogiri,1776094708,6701.456,,2,3584.312,"[9,13,18,46,47,54,55,66,79,83,91,36,89,84]",,,,345m 133558p 23455s,,,,1,1,3,,0,,,,,,
20260414002828_0200_045,20260414002828_0200,20260414002828,上級卓,1,NoName,123,4z,tedashi,1776094716,4576.714,,0,,"[9,13,18,46,47,54,55,66,79,83,91,36,89]",,,,345m 133558p 2355s,,,,,,,,,,,,,,
20260414002828_0200_046,20260414002828_0200,20260414002828,上級卓,2,アンディだよ。,0,1m,risekichu_hokan_tsumogiri,1776094723,6751.999,,0,,"[9,13,18,46,47,54,55,66,79,83,91,36,89]",,,,345m 133558p 2355s,,,,,,,,,,,,,,
20260414002828_0200_047,20260414002828_0200,20260414002828,上級卓,3,Millio,71,9p,risekichu_hokan_tsumogiri,1776094725,2026.201,,0,,"[9,13,18,46,47,54,55,66,79,83,91,36,89]",,,,345m 133558p 2355s,,,,,,,,,,,,,,
20260414002828_0200_048,20260414002828_0200,20260414002828,上級卓,0,パシフィック,81,3s,tsumogiri,1776094725,682.231,,0,,"[9,13,18,46,47,54,55,66,79,83,91,36,89,81]",,,,345m 133558p 23355s,,,,2,2,2,,1,,,,,,
20260414002828_0200_049,20260414002828_0200,20260414002828,上級卓,1,NoName,78,2s,tedashi,1776094734,8725.164,,0,,"[9,13,18,46,47,54,55,66,79,83,91,36,89]",,,,345m 133558p 2355s,,,,,,,,,,,,,,
20260414002828_0200_050,20260414002828_0200,20260414002828,上級卓,2,アンディだよ。,28,8m,tedashi,1776094744,9973.401,,0,,"[9,13,18,46,47,54,55,66,79,83,91,36,89]",,,,345m 133558p 2355s,,,,,,,,,,,,,,
20260414002828_0200_051,20260414002828_0200,20260414002828,上級卓,3,Millio,17,5m,risekichu_hokan_tsumogiri,1776094749,5011.055,,6,208.598,"[9,13,18,46,47,54,55,66,79,83,91,36,89]",,,,345m 133558p 2355s,,,,,,,,,,,,,,
20260414002828_0200_052,20260414002828_0200,20260414002828,上級卓,0,パシフィック,80,3s,tsumogiri,1776094750,484.416,,0,,"[9,13,18,46,47,54,55,66,79,83,91,36,89,80]",,,,345m 133558p 23355s,,,,2,2,2,,1,,,,,,
20260414002828_0200_053,20260414002828_0200,20260414002828,上級卓,1,NoName,45,3p,tedashi,1776094756,6614.391,,6,211.456,"[9,13,18,46,47,54,55,66,79,83,91,36,89]",,,,345m 133558p 2355s,,,,,,,,,,,,,,
20260414002828_0200_054,20260414002828_0200,20260414002828,上級卓,2,アンディだよ。,68,9p,tedashi,1776094767,2254.748,8034.324,1,2654.948,"[9,13,18,46,47,54,55,66,79,83,91,36,89]",,,,345m 133558p 2355s,,,,,,,,,,,,,,
20260414002828_0200_055,20260414002828_0200,20260414002828,上級卓,3,Millio,108,1z,risekichu_hokan_tsumogiri,1776094778,8752.987,,0,,"[9,13,18,46,47,54,55,66,79,83,91,36,89]",,,,345m 133558p 2355s,,,,,,,,,,,,,,
20260414002828_0200_056,20260414002828_0200,20260414002828,上級卓,0,パシフィック,7,2m,tsumogiri,1776094779,687.699,,1,851.158,"[9,13,18,46,47,54,55,66,79,83,91,36,89,7]",,,,2345m 133558p 2355s,,,,2,2,3,,0,,,,,,
20260414002828_0200_057,20260414002828_0200,20260414002828,上級卓,1,NoName,38,1p,risekichu_hokan_tsumogiri,1776094784,4148.596,,0,,"[9,13,18,46,47,54,55,66,79,83,91,36,89]",,,,345m 133558p 2355s,,,,,,,,,,,,,,
20260414002828_0200_058,20260414002828_0200,20260414002828,上級卓,2,アンディだよ。,16,r5m,risekichu_hokan_tsumogiri,1776094785,696.166,,0,,"[9,13,18,46,47,54,55,66,79,83,91,36,89]",,,,345m 133558p 2355s,,,,,,,,,,,,,,
20260414002828_0200_059,20260414002828_0200,20260414002828,上級卓,3,Millio,95,6s,tedashi,1776094794,9205.336,,0,,"[9,13,18,46,47,54,55,66,79,83,91,36,89]",,,,345m 133558p 2355s,,,,,,,,,,,,,,
20260414002828_0200_060,20260414002828_0200,20260414002828,上級卓,0,パシフィック,26,7m,tsumogiri,1776094795,688.167,,0,,"[9,13,18,46,47,54,55,66,79,83,91,36,89,26]",,,,3457m 133558p 2355s,,,,2,2,3,,0,,,,,,
20260414002828_0200_061,20260414002828_0200,20260414002828,上級卓,1,NoName,34,9m,risekichu_hokan_tsumogiri,1776094798,3142.266,,0,,"[9,13,18,46,47,54,55,66,79,83,91,36,89]",,,,345m 133558p 2355s,,,,,,,,,,,,,,
20260414002828_0200_062,20260414002828_0200,20260414002828,上級卓,2,アンディだよ。,112,2z,risekichu_hokan_tsumogiri,1776094799,800.531,,0,,"[9,13,18,46,47,54,55,66,79,83,91,36,89]",,,,345m 133558p 2355s,,,,,,,,,,,,,,
20260414002828_0200_063,20260414002828_0200,20260414002828,上級卓,3,Millio,111,1z,risekichu_hokan_tsumogiri,1776094801,2463.199,,0,,"[9,13,18,46,47,54,55,66,79,83,91,36,89]",,,,345m 133558p 2355s,,,,,,,,,,,,,,
20260414002828_0200_064,20260414002828_0200,20260414002828,上級卓,0,パシフィック,104,9s,tsumogiri,1776094802,720.608,,0,,"[9,13,18,46,47,54,55,66,79,83,91,36,89,104]",,,,345m 133558p 23559s,,,,2,2,3,,0,,,,,,
20260414002828_0200_065,20260414002828_0200,20260414002828,上級卓,1,NoName,70,9p,risekichu_hokan_tsumogiri,1776094804,2627.869,,0,,"[9,13,18,46,47,54,55,66,79,83,91,36,89]",,,,345m 133558p 2355s,,,,,,,,,,,,,,
20260414002828_0200_066,20260414002828_0200,20260414002828,上級卓,2,アンディだよ。,109,1z,risekichu_hokan_tsumogiri,1776094805,759.275,,0,,"[9,13,18,46,47,54,55,66,79,83,91,36,89]",,,,345m 133558p 2355s,,,,,,,,,,,,,,
20260414002828_0200_067,20260414002828_0200,20260414002828,上級卓,3,Millio,27,7m,tedashi,1776094810,4431.882,,0,,"[9,13,18,46,47,54,55,66,79,83,91,36,89]",,,,345m 133558p 2355s,,,,,,,,,,,,,,
20260414002828_0200_068,20260414002828_0200,20260414002828,上級卓,0,パシフィック,23,6m,tsumogiri,1776094810,693.63,,0,,"[9,13,18,46,47,54,55,66,79,83,91,36,89,23]",,,,3456m 133558p 2355s,,,,2,2,3,,0,,,,,,
20260414002828_0200_069,20260414002828_0200,20260414002828,上級卓,1,NoName,35,9m,risekichu_hokan_tsumogiri,1776094813,2544.018,,0,,"[9,13,18,46,47,54,55,66,79,83,91,36,89]",,,,345m 133558p 2355s,,,,,,,,,,,,,,
20260414002828_0200_070,20260414002828_0200,20260414002828,上級卓,2,アンディだよ。,88,r5s,risekichu_hokan_tsumogiri,1776094814,817.627,,0,,"[9,13,18,46,47,54,55,66,79,83,91,36,89]",,,,345m 133558p 2355s,,,,,,,,,,,,,,
20260414002828_0400_034,20260414002828_0400,20260414002828,上級卓,2,アンディだよ。,108,1z,risekichu_hokan_tsumogiri,1776095381,1582.036,,0,,"[7,17,24,29,31,64,72,83,86,98,113,119,122]",,,,25788m 8p 1347s 234z,,,,,,,,,,,,,,
20260414002828_0400_035,20260414002828_0400,20260414002828,上級卓,3,Millio,4,2m,tedashi,1776095384,2219.07,,0,,"[7,17,24,29,31,64,72,83,86,98,113,119,122]",,,,25788m 8p 1347s 234z,,,,,,,,,,,,,,
20260414005815_0000_002,20260414005815_0000,20260414005815,上級卓,2,yhm,106,9s,risekichu_hokan_tsumogiri,1776095907,3474.045,,0,,"[7,31,32,40,51,52,58,68,84,100,111,112,120]",,,,289m 24r569p 48s 124z,,,,,,,,,,,,,,
20260414005815_0000_003,20260414005815_0000,20260414005815,上級卓,3,matsu_r,107,9s,tedashi,1776095910,2669.831,,0,,"[7,31,32,40,51,52,58,68,84,100,111,112,120]",,,,289m 24r569p 48s 124z,,,,,,,,,,,,,,
20260414005815_0000_004,20260414005815_0000,20260414005815,上級卓,0,パシフィック,88,r5s,tsumogiri,1776095927,17450.26,,0,,"[7,31,32,40,51,52,58,68,84,100,111,112,120,88]",,,,289m 24r569p 4r58s 124z,,,,4,4,6,,0,,,,,,
20260414005815_0000_010,20260414005815_0000,20260414005815,上級卓,2,yhm,77,2s,tedashi,1776095950,4661.313,,0,,"[7,31,32,40,51,52,58,68,84,100,111,112,120]",,,,289m 24r569p 48s 124z,,,,,,,,,,,,,,
20260414005815_0000_011,20260414005815_0000,20260414005815,上級卓,3,matsu_r,128,6z,tedashi,1776095953,2917.608,,1,1842.924,"[7,31,32,40,51,52,58,68,84,100,111,112,120]",,,,289m 24r569p 48s 124z,,,,,,,,,,,,,,
20260414005815_0000_012,20260414005815_0000,20260414005815,上級卓,0,パシフィック,111,1z,tedashi,1776095957,1416.923,,0,,"[7,31,32,40,51,52,58,68,84,100,111,112,120,45]",,,,289m 234r569p 48s 124z,,,,4,4,6,,0,,,,,,
20260414005815_0000_013,20260414005815_0000,20260414005815,上級卓,1,Ds.,44,3p,tedashi,1776095959,2663.139,,1,1925.376,"[7,31,32,40,51,52,58,68,84,100,112,120,45]",,,,289m 234r569p 48s 24z,,,,,,,,,,,,,,
20260414005815_0000_014,20260414005815_0000,20260414005815,上級卓,2,yhm,75,1s,tedashi,1776095963,1730.028,,1,1686.619,"[7,31,32,40,51,52,58,68,84,100,112,120,45]",,,,289m 234r569p 48s 24z,,,,,,,,,,,,,,
20260414005815_0000_015,20260414005815_0000,20260414005815,上級卓,3,matsu_r,92,6s,tedashi,1776095969,3993.05,,0,,"[7,31,32,40,51,52,58,68,84,100,112,120,45]",,,,289m 234r569p 48s 24z,,,,,,,,,,,,,,
20260414005815_0000_016,20260414005815_0000,20260414005815,上級卓,0,パシフィック,124,5z,tsumogiri,1776095970,1398.839,,0,,"[7,31,32,40,51,52,58,68,84,100,112,120,45,124]",,,,289m 234r569p 48s 245z,,,,4,4,6,,0,,,,,,
20260414005815_0000_017,20260414005815_0000,20260414005815,上級卓,1,Ds.,98,7s,risekichu_hokan_tsumogiri,1776095973,2466.589,,0,,"[7,31,32,40,51,52,58,68,84,100,112,120,45]",,,,289m 234r569p 48s 24z,,,,,,,,,,,,,,
20260414005815_0000_018,20260414005815_0000,20260414005815,上級卓,2,yhm,105,9s,risekichu_hokan_tsumogiri,1776095975,2178.303,,0,,"[7,31,32,40,51,52,58,68,84,100,112,120,45]",,,,289m 234r569p 48s 24z,,,,,,,,,,,,,,
20260414005815_0000_019,20260414005815_0000,20260414005815,上級卓,3,matsu_r,127,5z,risekichu_hokan_tsumogiri,1776095977,2642.432,,0,,"[7,31,32,40,51,52,58,68,84,100,112,120,45]",,,,289m 234r569p 48s 24z,,,,,,,,,,,,,,
20260414005815_0000_020,20260414005815_0000,20260414005815,上級卓,0,パシフィック,112,2z,tedashi,1776095980,2469.716,,0,,"[7,31,32,40,51,52,58,68,84,100,112,120,45,15]",,,,2489m 234r569p 48s 24z,,,,3,3,6,,0,,,,,,
20260414005815_0000_021,20260414005815_0000,20260414005815,上級卓,1,Ds.,91,5s,risekichu_hokan_tsumogiri,1776095982,1924.502,,0,,"[7,31,32,40,51,52,58,68,84,100,120,45,15]",,,,2489m 234r569p 48s 4z,,,,,,,,,,,,,,
20260414005815_0000_022,20260414005815_0000,20260414005815,上級卓,2,yhm,36,1p,risekichu_hokan_tsumogiri,1776095984,2179.908,,0,,"[7,31,32,40,51,52,58,68,84,100,120,45,15]",,,,2489m 234r569p 48s 4z,,,,,,,,,,,,,,
20260414005815_0000_023,20260414005815_0000,20260414005815,上級卓,3,matsu_r,129,6z,risekichu_hokan_tsumogiri,1776095987,2706.667,,2,1919.173,"[7,31,32,40,51,52,58,68,84,100,120,45,15]",,,,2489m 234r569p 48s 4z,,,,,,,,,,,,,,
20260414005815_0000_024,20260414005815_0000,20260414005815,上級卓,1,Ds.,43,2p,tedashi,1776095991,2749.562,,0,,"[7,31,32,40,51,52,58,68,84,100,120,45,15]",,,,2489m 234r569p 48s 4z,,,,,,,,,,,,,,
20260414005815_0000_025,20260414005815_0000,20260414005815,上級卓,2,yhm,103,8s,risekichu_hokan_tsumogiri,1776095993,1749.516,,0,,"[7,31,32,40,51,52,58,68,84,100,120,45,15]",,,,2489m 234r569p 48s 4z,,,,,,,,,,,,,,
20260414005815_0000_026,20260414005815_0000,20260414005815,上級卓,3,matsu_r,99,7s,risekichu_hokan_tsumogiri,1776095996,3055.261,,0,,"[7,31,32,40,51,52,58,68,84,100,120,45,15]",,,,2489m 234r569p 48s 4z,,,,,,,,,,,,,,
20260414005815_0000_027,20260414005815_0000,20260414005815,上級卓,0,パシフィック,68,9p,tedashi,1776095999,2932.694,,0,,"[7,31,32,40,51,52,58,68,84,100,120,45,15,1]",,,,12489m 234r569p 48s 4z,,,,3,3,6,,0,,,,,,
20260414005815_0000_028,20260414005815_0000,20260414005815,上級卓,1,Ds.,117,3z,tedashi,1776096004,4638.336,,0,,"[7,31,32,40,51,52,58,84,100,120,45,15,1]",,,,12489m 234r56p 48s 4z,,,,,,,,,,,,,,
20260414005815_0000_029,20260414005815_0000,20260414005815,上級卓,2,yhm,14,4m,tedashi,1776096008,4806.846,,1,1957.614,"[7,31,32,40,51,52,58,84,100,120,45,15,1]",,,,12489m 234r56p 48s 4z,,,,,,,,,,,,,,
20260414005815_0000_030,20260414005815_0000,20260414005815,上級卓,3,matsu_r,46,3p,tedashi,1776096014,3483.404,,6,214.99,"[7,31,32,40,51,52,58,84,100,120,45,15,1]",,,,12489m 234r56p 48s 4z,,,,,,,,,,,,,,
20260414005815_0000_031,20260414005815_0000,20260414005815,上級卓,0,パシフィック,100,8s,tedashi,1776096017,3155.571,,0,,"[7,31,32,40,51,52,58,84,100,120,45,15,1,116]",,,,12489m 234r56p 48s 34z,,,,3,3,6,,0,,,,,,
20260414005815_0000_032,20260414005815_0000,20260414005815,上級卓,1,Ds.,94,6s,risekichu_hokan_tsumogiri,1776096019,1712.452,,0,,"[7,31,32,40,51,52,58,84,120,45,15,1,116]",,,,12489m 234r56p 4s 34z,,,,,,,,,,,,,,
20260414005815_0000_033,20260414005815_0000,20260414005815,上級卓,2,yhm,108,1z,risekichu_hokan_tsumogiri,1776096023,4084.483,,0,,"[7,31,32,40,51,52,58,84,120,45,15,1,116]",,,,12489m 234r56p 4s 34z,,,,,,,,,,,,,,
20260414005815_0000_034,20260414005815_0000,20260414005815,上級卓,3,matsu_r,101,8s,risekichu_hokan_tsumogiri,1776096026,2980.555,,0,,"[7,31,32,40,51,52,58,84,120,45,15,1,116]",,,,12489m 234r56p 4s 34z,,,,,,,,,,,,,,
20260414005815_0000_035,20260414005815_0000,20260414005815,上級卓,0,パシフィック,120,4z,tedashi,1776096028,1530.38,,0,,"[7,31,32,40,51,52,58,84,120,45,15,1,116,61]",,,,12489m 234r567p 4s 34z,,,,2,2,6,,0,,,,,,
20260414005815_0000_036,20260414005815_0000,20260414005815,上級卓,1,Ds.,5,2m,tedashi,1776096030,2538.061,,1,1385.774,"[7,31,32,40,51,52,58,84,45,15,1,116,61]",,,,12489m 234r567p 4s 3z,,,,,,,,,,,,,,
20260414005815_0000_037,20260414005815_0000,20260414005815,上級卓,2,yhm,134,7z,tedashi,1776096033,1656.111,,2,6755.879,"[7,31,32,40,51,52,58,84,45,15,1,116,61]",,,,12489m 234r567p 4s 3z,,,,,,,,,,,,,,
20260414005815_0000_038,20260414005815_0000,20260414005815,上級卓,1,Ds.,12,4m,tedashi,1776096042,1719.575,,0,,"[7,31,32,40,51,52,58,84,45,15,1,116,61]",,,,12489m 234r567p 4s 3z,,,,,,,,,,,,,,
20260414005815_0000_039,20260414005815_0000,20260414005815,上級卓,2,yhm,104,9s,risekichu_hokan_tsumogiri,1776096044,2373.223,,0,,"[7,31,32,40,51,52,58,84,45,15,1,116,61]",,,,12489m 234r567p 4s 3z,,,,,,,,,,,,,,
20260414005815_0000_040,20260414005815_0000,20260414005815,上級卓,3,matsu_r,23,6m,risekichu_hokan_tsumogiri,1776096049,5020.192,,0,,"[7,31,32,40,51,52,58,84,45,15,1,116,61]",,,,12489m 234r567p 4s 3z,,,,,,,,,,,,,,
20260414005815_0000_041,20260414005815_0000,20260414005815,上級卓,0,パシフィック,74,1s,tsumogiri,1776096050,1377.34,,0,,"[7,31,32,40,51,52,58,84,45,15,1,116,61,74]",,,,12489m 234r567p 14s 3z,,,,2,2,6,,0,,,,,,
20260414005815_0000_042,20260414005815_0000,20260414005815,上級卓,1,Ds.,39,1p,risekichu_hokan_tsumogiri,1776096053,2472.2,,0,,"[7,31,32,40,51,52,58,84,45,15,1,116,61]",,,,12489m 234r567p 4s 3z,,,,,,,,,,,,,,
20260414005815_0000_043,20260414005815_0000,20260414005815,上級卓,2,yhm,96,7s,risekichu_hokan_tsumogiri,1776096057,3830.345,,0,,"[7,31,32,40,51,52,58,84,45,15,1,116,61]",,,,12489m 234r567p 4s 3z,,,,,,,,,,,,,,
20260414005815_0000_044,20260414005815_0000,20260414005815,上級卓,3,matsu_r,67,8p,tedashi,1776096064,6987.671,,1,2153.717,"[7,31,32,40,51,52,58,84,45,15,1,116,61]",,,,12489m 234r567p 4s 3z,,,,,,,,,,,,,,
20260414005815_0000_045,20260414005815_0000,20260414005815,上級卓,0,パシフィック,116,3z,tedashi,1776096068,1724.663,,0,,"[7,31,32,40,51,52,58,84,45,15,1,116,61,33]",,,,124899m 234r567p 4s 3z,,,,2,2,5,,0,,,,,,
20260414005815_0000_046,20260414005815_0000,20260414005815,上級卓,1,Ds.,50,4p,risekichu_hokan_tsumogiri,1776096070,1938.721,,0,,"[7,31,32,40,51,52,58,84,45,15,1,61,33]",,,,124899m 234r567p 4s,,,,,,,,,,,,,,
20260414005815_0000_047,20260414005815_0000,20260414005815,上級卓,2,yhm,114,2z,tedashi,1776096073,3275.029,,0,,"[7,31,32,40,51,52,58,84,45,15,1,61,33]",,,,124899m 234r567p 4s,,,,,,,,,,,,,,
20260414005815_0000_048,20260414005815_0000,20260414005815,上級卓,3,matsu_r,38,1p,tedashi,1776096081,1339.204,6544.272,6,233.198,"[7,31,32,40,51,52,58,84,45,15,1,61,33]",,,,124899m 234r567p 4s,,,,,,,,,,,,,,
20260414005815_0000_049,20260414005815_0000,20260414005815,上級卓,0,パシフィック,110,1z,tsumogiri,1776096083,1802.452,,0,,"[7,31,32,40,51,52,58,84,45,15,1,61,33,110]",,,,124899m 234r567p 4s 1z,,,,2,2,5,,0,,,,,,
20260414005815_0000_050,20260414005815_0000,20260414005815,上級卓,1,Ds.,10,3m,risekichu_hokan_tsumogiri,1776096085,2241.737,,0,,"[7,31,32,40,51,52,58,84,45,15,1,61,33]",,,,124899m 234r567p 4s,,,,,,,,,,,,,,
20260414005815_0000_051,20260414005815_0000,20260414005815,上級卓,2,yhm,113,2z,tedashi,1776096087,2181.953,,0,,"[7,31,32,40,51,52,58,84,45,15,1,61,33]",,,,124899m 234r567p 4s,,,,,,,,,,,,,,
20260414005815_0000_052,20260414005815_0000,20260414005815,上級卓,3,matsu_r,123,4z,risekichu_hokan_tsumogiri,1776096088,754.136,,0,,"[7,31,32,40,51,52,58,84,45,15,1,61,33]",,,,124899m 234r567p 4s,,,,,,,,,,,,,,
20260414005815_0000_053,20260414005815_0000,20260414005815,上級卓,0,パシフィック,84,4s,tedashi,1776096089,1521.521,,0,,"[7,31,32,40,51,52,58,84,45,15,1,61,33,0]",,,,1124899m 234r567p 4s,,,,1,1,4,,0,,,,,,
20260414005815_0000_054,20260414005815_0000,20260414005815,上級卓,1,Ds.,102,8s,risekichu_hokan_tsumogiri,1776096091,1829.16,,0,,"[7,31,32,40,51,52,58,45,15,1,61,33,0]",,,,1124899m 234r567p,,,,,,,,,,,,,,
20260414005815_0000_055,20260414005815_0000,20260414005815,上級卓,2,yhm,95,6s,tedashi,1776096093,2015.498,,0,,"[7,31,32,40,51,52,58,45,15,1,61,33,0]",,,,1124899m 234r567p,,,,,,,,,,,,,,
20260414005815_0000_056,20260414005815_0000,20260414005815,上級卓,3,matsu_r,97,7s,risekichu_hokan_tsumogiri,1776096094,789.992,,0,,"[7,31,32,40,51,52,58,45,15,1,61,33,0]",,,,1124899m 234r567p,,,,,,,,,,,,,,
20260414005815_0000_057,20260414005815_0000,20260414005815,上級卓,0,パシフィック,83,3s,tsumogiri,1776096095,1396.346,,0,,"[7,31,32,40,51,52,58,45,15,1,61,33,0,83]",,,,1124899m 234r567p 3s,,,,1,1,4,,0,,,,,,
20260414005815_0000_058,20260414005815_0000,20260414005815,上級卓,1,Ds.,87,4s,risekichu_hokan_tsumogiri,1776096098,2137.375,,0,,"[7,31,32,40,51,52,58,45,15,1,61,33,0]",,,,1124899m 234r567p,,,,,,,,,,,,,,
20260414005815_0000_059,20260414005815_0000,20260414005815,上級卓,2,yhm,118,3z,tedashi,1776096103,5209.862,,0,,"[7,31,32,40,51,52,58,45,15,1,61,33,0]",,,,1124899m 234r567p,,,,,,,,,,,,,,
20260414005815_0000_060,20260414005815_0000,20260414005815,上級卓,3,matsu_r,53,5p,risekichu_hokan_tsumogiri,1776096104,762.107,,1,620.42,"[7,31,32,40,51,52,58,45,15,1,61,33,0]",,,,1124899m 234r567p,,,,,,,,,,,,,,
20260414005815_0000_061,20260414005815_0000,20260414005815,上級卓,0,パシフィック,61,7p,tedashi,1776096106,1880.674,,0,,"[7,31,32,40,51,52,58,45,15,1,61,33,0,60]",,,,1124899m 234r5677p,,,,1,1,3,,0,,,,,,
20260414005815_0100_000,20260414005815_0100,20260414005815,上級卓,1,Ds.,112,2z,tedashi,1776096128,,,0,,"[76,87,5,52,32,38,15,33,134,89,107,30,57]",,,,24899m 1r56p 2459s 7z,,,,,,,,,,,,,,
20260414005815_0100_001,20260414005815_0100,20260414005815,上級卓,2,yhm,41,2p,tedashi,1776096130,2763.423,,0,,"[76,87,5,52,32,38,15,33,134,89,107,30,57]",,,,24899m 1r56p 2459s 7z,,,,,,,,,,,,,,
20260414005815_0100_002,20260414005815_0100,20260414005815,上級卓,3,matsu_r,120,4z,tedashi,1776096133,2470.013,,0,,"[76,87,5,52,32,38,15,33,134,89,107,30,57]",,,,24899m 1r56p 2459s 7z,,,,,,,,,,,,,,
20260414005815_0100_003,20260414005815_0100,20260414005815,上級卓,0,パシフィック,134,7z,tedashi,1776096135,2271.17,,2,2847.074,"[76,87,5,52,32,38,15,33,134,89,107,30,57,78]",,,,24899m 1r56p 22459s 7z,,,,3,3,4,,0,,,,,,
20260414005815_0100_004,20260414005815_0100,20260414005815,上級卓,1,Ds.,121,4z,tedashi,1776096141,2555.195,,0,,"[76,87,5,52,32,38,15,33,89,107,30,57,78]",,,,24899m 1r56p 22459s,,,,,,,,,,,,,,
20260414005815_0100_005,20260414005815_0100,20260414005815,上級卓,2,yhm,114,2z,tedashi,1776096143,2719.692,,0,,"[76,87,5,52,32,38,15,33,89,107,30,57,78]",,,,24899m 1r56p 22459s,,,,,,,,,,,,,,
20260414005815_0100_006,20260414005815_0100,20260414005815,上級卓,3,matsu_r,10,3m,tedashi,1776096147,3590.804,,6,201.18,"[76,87,5,52,32,38,15,33,89,107,30,57,78]",,,,24899m 1r56p 22459s,,,,,,,,,,,,,,
20260414005815_0100_007,20260414005815_0100,20260414005815,上級卓,0,パシフィック,107,9s,tedashi,1776096152,4754.573,,0,,"[76,87,5,52,32,38,15,33,89,107,30,57,78,37]",,,,24899m 11r56p 22459s,,,,3,3,3,,0,,,,,,
20260414005815_0100_008,20260414005815_0100,20260414005815,上級卓,1,Ds.,117,3z,tedashi,1776096155,3242.817,,1,1462.982,"[76,87,5,52,32,38,15,33,89,30,57,78,37]",,,,24899m 11r56p 2245s,,,,,,,,,,,,,,
20260414005815_0100_009,20260414005815_0100,20260414005815,上級卓,2,yhm,9,3m,tedashi,1776096158,1825.948,,0,,"[76,87,5,52,32,38,15,33,89,30,57,78,37]",,,,24899m 11r56p 2245s,,,,,,,,,,,,,,
20260414005815_0100_010,20260414005815_0100,20260414005815,上級卓,3,matsu_r,84,4s,tedashi,1776096164,5946.166,,0,,"[76,87,5,52,32,38,15,33,89,30,57,78,37]",,,,24899m 11r56p 2245s,,,,,,,,,,,,,,
20260414005815_0100_011,20260414005815_0100,20260414005815,上級卓,0,パシフィック,15,4m,tedashi,1776096166,1637.207,,0,,"[76,87,5,52,32,38,15,33,89,30,57,78,37,56]",,,,24899m 11r566p 2245s,,,,2,3,2,,0,,,,,,
20260414005815_0100_012,20260414005815_0100,20260414005815,上級卓,1,Ds.,108,1z,risekichu_hokan_tsumogiri,1776096169,3265.822,,2,2137.798,"[76,87,5,52,32,38,33,89,30,57,78,37,56]",,,,2899m 11r566p 2245s,,,,,,,,,,,,,,
20260414005815_0100_013,20260414005815_0100,20260414005815,上級卓,3,matsu_r,96,7s,tedashi,1776096176,4426.867,,1,1457.634,"[76,87,5,52,32,38,33,89,30,57,78,37,56]",,,,2899m 11r566p 2245s,,,,,,,,,,,,,,
20260414005815_0100_014,20260414005815_0100,20260414005815,上級卓,0,パシフィック,5,2m,tedashi,1776096179,1572.592,,2,6026.351,"[76,87,5,52,32,38,33,89,30,57,78,37,56,77]",,,,2899m 11r566p 22245s,,,,2,2,2,,0,,,,,,
20260414005815_0100_015,20260414005815_0100,20260414005815,上級卓,1,Ds.,130,6z,tedashi,1776096188,2897.833,,0,,"[76,87,52,32,38,33,89,30,57,78,37,56,77]",,,,899m 11r566p 22245s,,,,,,,,,,,,,,
20260414005815_0100_016,20260414005815_0100,20260414005815,上級卓,2,yhm,111,1z,risekichu_hokan_tsumogiri,1776096193,5472.312,,0,,"[76,87,52,32,38,33,89,30,57,78,37,56,77]",,,,899m 11r566p 22245s,,,,,,,,,,,,,,
20260414005815_0100_017,20260414005815_0100,20260414005815,上級卓,3,matsu_r,40,2p,risekichu_hokan_tsumogiri,1776096196,2961.185,,0,,"[76,87,52,32,38,33,89,30,57,78,37,56,77]",,,,899m 11r566p 22245s,,,,,,,,,,,,,,
20260414005815_0100_018,20260414005815_0100,20260414005815,上級卓,0,パシフィック,1,1m,tsumogiri,1776096198,1873.838,,1,1326.028,"[76,87,52,32,38,33,89,30,57,78,37,56,77,1]",,,,1899m 11r566p 22245s,,,,2,2,2,,0,,,,,,
20260414005815_0100_019,20260414005815_0100,20260414005815,上級卓,1,Ds.,28,8m,tedashi,1776096203,3593.739,,0,,"[76,87,52,32,38,33,89,30,57,78,37,56,77]",,,,899m 11r566p 22245s,,,,,,,,,,,,,,
20260414005815_0100_020,20260414005815_0100,20260414005815,上級卓,2,yhm,12,4m,tedashi,1776096206,3340.328,,0,,"[76,87,52,32,38,33,89,30,57,78,37,56,77]",,,,899m 11r566p 22245s,,,,,,,,,,,,,,
20260414005815_0100_021,20260414005815_0100,20260414005815,上級卓,3,matsu_r,101,8s,risekichu_hokan_tsumogiri,1776096210,3588.104,,0,,"[76,87,52,32,38,33,89,30,57,78,37,56,77]",,,,899m 11r566p 22245s,,,,,,,,,,,,,,
20260414005815_0100_022,20260414005815_0100,20260414005815,上級卓,0,パシフィック,100,8s,tsumogiri,1776096212,1783.105,,2,2358.374,"[76,87,52,32,38,33,89,30,57,78,37,56,77,100]",,,,899m 11r566p 222458s,,,,2,2,2,,0,,,,,,
20260414005815_0100_023,20260414005815_0100,20260414005815,上級卓,1,Ds.,80,3s,tedashi,1776096215,1377.74,,1,2571.347,"[76,87,52,32,38,33,89,30,57,78,37,56,77]",,,,899m 11r566p 22245s,,,,,,,,,,,,,,
20260414005815_0100_024,20260414005815_0100,20260414005815,上級卓,2,yhm,79,2s,tedashi,1776096223,5005.454,,2,3076.283,"[76,87,52,32,38,33,89,30,57,78,37,56,77]",,,,899m 11r566p 22245s,,,,,,,,,,,,,,
20260414005815_0100_025,20260414005815_0100,20260414005815,上級卓,3,matsu_r,125,5z,tedashi,1776096228,1657.93,,0,,"[76,87,52,32,38,33,89,30,57,78,37,56,77]",,,,899m 11r566p 22245s,,,,,,,,,,,,,,
20260414005815_0100_026,20260414005815_0100,20260414005815,上級卓,0,パシフィック,123,4z,tsumogiri,1776096229,1503.976,,0,,"[76,87,52,32,38,33,89,30,57,78,37,56,77,123]",,,,899m 11r566p 22245s 4z,,,,2,2,2,,0,,,,,,
20260414005815_0100_027,20260414005815_0100,20260414005815,上級卓,1,Ds.,29,8m,risekichu_hokan_tsumogiri,1776096231,2016.632,,0,,"[76,87,52,32,38,33,89,30,57,78,37,56,77]",,,,899m 11r566p 22245s,,,,,,,,,,,,,,
20260414005815_0100_028,20260414005815_0100,20260414005815,上級卓,2,yhm,127,5z,tedashi,1776096238,6818.957,,0,,"[76,87,52,32,38,33,89,30,57,78,37,56,77]",,,,899m 11r566p 22245s,,,,,,,,,,,,,,
20260414005815_0100_029,20260414005815_0100,20260414005815,上級卓,3,matsu_r,115,2z,risekichu_hokan_tsumogiri,1776096241,2747.475,,0,,"[76,87,52,32,38,33,89,30,57,78,37,56,77]",,,,899m 11r566p 22245s,,,,,,,,,,,,,,
20260414005815_0100_030,20260414005815_0100,20260414005815,上級卓,0,パシフィック,69,9p,tsumogiri,1776096243,2008.9,,0,,"[76,87,52,32,38,33,89,30,57,78,37,56,77,69]",,,,899m 11r5669p 22245s,,,,2,2,2,,0,,,,,,
20260414005815_0100_031,20260414005815_0100,20260414005815,上級卓,1,Ds.,43,2p,tedashi,1776096245,2028.661,,0,,"[76,87,52,32,38,33,89,30,57,78,37,56,77]",,,,899m 11r566p 22245s,,,,,,,,,,,,,,
20260414005815_0100_032,20260414005815_0100,20260414005815,上級卓,2,yhm,62,7p,tedashi,1776096253,7716.731,,1,4144.952,"[76,87,52,32,38,33,89,30,57,78,37,56,77]",,,,899m 11r566p 22245s,,,,,,,,,,,,,,
20260414005815_0100_033,20260414005815_0100,20260414005815,上級卓,3,matsu_r,31,8m,tedashi,1776096259,1834.738,,0,,"[76,87,52,32,38,33,89,30,57,78,37,56,77]",,,,899m 11r566p 22245s,,,,,,,,,,,,,,
20260414005815_0100_034,20260414005815_0100,20260414005815,上級卓,0,パシフィック,46,3p,tsumogiri,1776096260,1620.072,,1,2342.886,"[76,87,52,32,38,33,89,30,57,78,37,56,77,46]",,,,899m 113r566p 22245s,,,,2,2,2,,0,,,,,,
20260414005815_0100_035,20260414005815_0100,20260414005815,上級卓,1,Ds.,42,2p,risekichu_hokan_tsumogiri,1776096266,3597.844,,0,,"[76,87,52,32,38,33,89,30,57,78,37,56,77]",,,,899m 11r566p 22245s,,,,,,,,,,,,,,
20260414005815_0100_036,20260414005815_0100,20260414005815,上級卓,2,yhm,19,5m,risekichu_hokan_tsumogiri,1776096276,9929.263,,0,,"[76,87,52,32,38,33,89,30,57,78,37,56,77]",,,,899m 11r566p 22245s,,,,,,,,,,,,,,
20260414005815_0200_000,20260414005815_0200,20260414005815,上級卓,2,yhm,105,9s,tedashi,1776096294,,,1,1921.469,"[19,126,42,100,134,18,68,71,9,120,124,83,4]",,,,2355m 299p 38s 4557z,,,,,,,,,,,,,,
20260414005815_0200_001,20260414005815_0200,20260414005815,上級卓,3,matsu_r,118,3z,tedashi,1776096298,1464.362,,0,,"[19,126,42,100,134,18,68,71,9,120,124,83,4]",,,,2355m 299p 38s 4557z,,,,,,,,,,,,,,
20260414005815_0200_002,20260414005815_0200,20260414005815,上級卓,0,パシフィック,120,4z,tedashi,1776096301,2949.998,,0,,"[19,126,42,100,134,18,68,71,9,120,124,83,4,62]",,,,2355m 2799p 38s 4557z,,,,3,4,3,,0,,,,,,
20260414005815_0200_003,20260414005815_0200,20260414005815,上級卓,1,Ds.,110,1z,tedashi,1776096302,1499.587,,0,,"[19,126,42,100,134,18,68,71,9,124,83,4,62]",,,,2355m 2799p 38s 557z,,,,,,,,,,,,,,
20260414005815_0200_004,20260414005815_0200,20260414005815,上級卓,2,yhm,43,2p,tedashi,1776096307,5074.728,,0,,"[19,126,42,100,134,18,68,71,9,124,83,4,62]",,,,2355m 2799p 38s 557z,,,,,,,,,,,,,,
20260414005815_0200_005,20260414005815_0200,20260414005815,上級卓,3,matsu_r,73,1s,tedashi,1776096311,3294.176,,0,,"[19,126,42,100,134,18,68,71,9,124,83,4,62]",,,,2355m 2799p 38s 557z,,,,,,,,,,,,,,
20260414005815_0200_006,20260414005815_0200,20260414005815,上級卓,0,パシフィック,100,8s,tedashi,1776096314,3733.3,,0,,"[19,126,42,100,134,18,68,71,9,124,83,4,62,51]",,,,2355m 24799p 38s 557z,,,,3,3,3,,0,,,,,,
20260414005815_0200_007,20260414005815_0200,20260414005815,上級卓,1,Ds.,117,3z,risekichu_hokan_tsumogiri,1776096317,2851.687,,0,,"[19,126,42,134,18,68,71,9,124,83,4,62,51]",,,,2355m 24799p 3s 557z,,,,,,,,,,,,,,
20260414005815_0200_008,20260414005815_0200,20260414005815,上級卓,2,yhm,6,2m,tedashi,1776096323,6291.764,,0,,"[19,126,42,134,18,68,71,9,124,83,4,62,51]",,,,2355m 24799p 3s 557z,,,,,,,,,,,,,,
20260414005815_0200_009,20260414005815_0200,20260414005815,上級卓,3,matsu_r,0,1m,tedashi,1776096327,3583.082,,6,202.716,"[19,126,42,134,18,68,71,9,124,83,4,62,51]",,,,2355m 24799p 3s 557z,,,,,,,,,,,,,,
20260414005815_0200_010,20260414005815_0200,20260414005815,上級卓,0,パシフィック,134,7z,tedashi,1776096332,4456.308,,0,,"[19,126,42,134,18,68,71,9,124,83,4,62,51,75]",,,,2355m 24799p 13s 557z,,,,3,3,3,,0,,,,,,
20260414005815_0200_011,20260414005815_0200,20260414005815,上級卓,1,Ds.,121,4z,tedashi,1776096335,3658.214,,0,,"[19,126,42,18,68,71,9,124,83,4,62,51,75]",,,,2355m 24799p 13s 55z,,,,,,,,,,,,,,
20260414005815_0200_012,20260414005815_0200,20260414005815,上級卓,2,yhm,1,1m,tedashi,1776096337,2037.48,,0,,"[19,126,42,18,68,71,9,124,83,4,62,51,75]",,,,2355m 24799p 13s 55z,,,,,,,,,,,,,,
20260414005815_0200_013,20260414005815_0200,20260414005815,上級卓,3,matsu_r,3,1m,risekichu_hokan_tsumogiri,1776096340,2860.377,,6,235.947,"[19,126,42,18,68,71,9,124,83,4,62,51,75]",,,,2355m 24799p 13s 55z,,,,,,,,,,,,,,
20260414005815_0200_014,20260414005815_0200,20260414005815,上級卓,0,パシフィック,75,1s,tedashi,1776096342,1661.077,,0,,"[19,126,42,18,68,71,9,124,83,4,62,51,75,125]",,,,2355m 24799p 13s 555z,,,,2,2,3,,0,,,,,,
20260414005815_0200_015,20260414005815_0200,20260414005815,上級卓,1,Ds.,91,5s,tedashi,1776096344,1877.493,,1,2074.424,"[19,126,42,18,68,71,9,124,83,4,62,51,125]",,,,2355m 24799p 3s 555z,,,,,,,,,,,,,,
20260414005815_0200_016,20260414005815_0200,20260414005815,上級卓,2,yhm,86,4s,tedashi,1776096349,2548.007,,0,,"[19,126,42,18,68,71,9,124,83,4,62,51,125]",,,,2355m 24799p 3s 555z,,,,,,,,,,,,,,
20260414005815_0200_017,20260414005815_0200,20260414005815,上級卓,3,matsu_r,111,1z,tedashi,1776096352,3048.895,,0,,"[19,126,42,18,68,71,9,124,83,4,62,51,125]",,,,2355m 24799p 3s 555z,,,,,,,,,,,,,,
20260414005815_0200_018,20260414005815_0200,20260414005815,上級卓,0,パシフィック,83,3s,tedashi,1776096353,1666.975,,0,,"[19,126,42,18,68,71,9,124,83,4,62,51,125,47]",,,,2355m 234799p 3s 555z,,,,1,1,3,,0,,,,,,
20260414005815_0200_019,20260414005815_0200,20260414005815,上級卓,1,Ds.,101,8s,tedashi,1776096355,2062.334,,1,1474.296,"[19,126,42,18,68,71,9,124,4,62,51,125,47]",,,,2355m 234799p 555z,,,,,,,,,,,,,,
20260414005815_0200_020,20260414005815_0200,20260414005815,上級卓,2,yhm,54,5p,tedashi,1776096365,7830.201,,0,,"[19,126,42,18,68,71,9,124,4,62,51,125,47]",,,,2355m 234799p 555z,,,,,,,,,,,,,,
20260414005815_0200_021,20260414005815_0200,20260414005815,上級卓,3,matsu_r,135,7z,risekichu_hokan_tsumogiri,1776096368,2912.817,,0,,"[19,126,42,18,68,71,9,124,4,62,51,125,47]",,,,2355m 234799p 555z,,,,,,,,,,,,,,
20260414005815_0200_022,20260414005815_0200,20260414005815,上級卓,0,パシフィック,39,1p,tsumogiri,1776096369,1372.069,,0,,"[19,126,42,18,68,71,9,124,4,62,51,125,47,39]",,,,2355m 1234799p 555z,,,,1,1,3,,0,,,,,,
20260414005815_0200_023,20260414005815_0200,20260414005815,上級卓,1,Ds.,99,7s,risekichu_hokan_tsumogiri,1776096373,3490.165,,0,,"[19,126,42,18,68,71,9,124,4,62,51,125,47]",,,,2355m 234799p 555z,,,,,,,,,,,,,,
20260414005815_0200_024,20260414005815_0200,20260414005815,上級卓,2,yhm,34,9m,tedashi,1776096374,1956.063,,0,,"[19,126,42,18,68,71,9,124,4,62,51,125,47]",,,,2355m 234799p 555z,,,,,,,,,,,,,,
20260414005815_0200_025,20260414005815_0200,20260414005815,上級卓,3,matsu_r,123,4z,risekichu_hokan_tsumogiri,1776096377,2731.949,,0,,"[19,126,42,18,68,71,9,124,4,62,51,125,47]",,,,2355m 234799p 555z,,,,,,,,,,,,,,
20260414005815_0200_026,20260414005815_0200,20260414005815,上級卓,0,パシフィック,128,6z,tsumogiri,1776096379,1600.987,,0,,"[19,126,42,18,68,71,9,124,4,62,51,125,47,128]",,,,2355m 234799p 5556z,,,,1,1,3,,0,,,,,,
20260414005815_0200_027,20260414005815_0200,20260414005815,上級卓,1,Ds.,107,9s,tedashi,1776096383,4000.133,,0,,"[19,126,42,18,68,71,9,124,4,62,51,125,47]",,,,2355m 234799p 555z,,,,,,,,,,,,,,
20260414005815_0200_028,20260414005815_0200,20260414005815,上級卓,2,yhm,35,9m,tedashi,1776096385,2538.652,,0,,"[19,126,42,18,68,71,9,124,4,62,51,125,47]",,,,2355m 234799p 555z,,,,,,,,,,,,,,
20260414005815_0200_029,20260414005815_0200,20260414005815,上級卓,3,matsu_r,85,4s,tedashi,1776096390,4989.867,,0,,"[19,126,42,18,68,71,9,124,4,62,51,125,47]",,,,2355m 234799p 555z,,,,,,,,,,,,,,
20260414005815_0200_030,20260414005815_0200,20260414005815,上級卓,0,パシフィック,92,6s,tsumogiri,1776096392,1357.377,,0,,"[19,126,42,18,68,71,9,124,4,62,51,125,47,92]",,,,2355m 234799p 6s 555z,,,,1,1,3,,0,,,,,,
20260414005815_0200_031,20260414005815_0200,20260414005815,上級卓,1,Ds.,72,1s,risekichu_hokan_tsumogiri,1776096393,1596.019,,1,1734.918,"[19,126,42,18,68,71,9,124,4,62,51,125,47]",,,,2355m 234799p 555z,,,,,,,,,,,,,,
20260414005815_0200_032,20260414005815_0200,20260414005815,上級卓,2,yhm,41,2p,risekichu_hokan_tsumogiri,1776096396,1439.545,,0,,"[19,126,42,18,68,71,9,124,4,62,51,125,47]",,,,2355m 234799p 555z,,,,,,,,,,,,,,
20260414005815_0200_033,20260414005815_0200,20260414005815,上級卓,3,matsu_r,36,1p,risekichu_hokan_tsumogiri,1776096399,2799.405,,6,232.515,"[19,126,42,18,68,71,9,124,4,62,51,125,47]",,,,2355m 234799p 555z,,,,,,,,,,,,,,
20260414005815_0200_034,20260414005815_0200,20260414005815,上級卓,0,パシフィック,4,2m,tedashi,1776096401,1855.712,,1,1451.212,"[19,126,42,18,68,71,9,124,4,62,51,125,47,55]",,,,2355m 2345799p 555z,,,,1,1,3,,0,,,,,,
20260414005815_0200_035,20260414005815_0200,20260414005815,上級卓,1,Ds.,38,1p,tedashi,1776096405,1736.184,,0,,"[19,126,42,18,68,71,9,124,62,51,125,47,55]",,,,355m 2345799p 555z,,,,,,,,,,,,,,
20260414005815_0200_036,20260414005815_0200,20260414005815,上級卓,2,yhm,116,3z,tedashi,1776096409,4165.553,,0,,"[19,126,42,18,68,71,9,124,62,51,125,47,55]",,,,355m 2345799p 555z,,,,,,,,,,,,,,
20260414005815_0200_037,20260414005815_0200,20260414005815,上級卓,3,matsu_r,102,8s,tedashi,1776096413,3911.268,,0,,"[19,126,42,18,68,71,9,124,62,51,125,47,55]",,,,355m 2345799p 555z,,,,,,,,,,,,,,
20260414005815_0200_038,20260414005815_0200,20260414005815,上級卓,0,パシフィック,106,9s,tsumogiri,1776096414,1463.004,,0,,"[19,126,42,18,68,71,9,124,62,51,125,47,55,106]",,,,355m 2345799p 9s 555z,,,,1,1,3,,0,,,,,,
20260414005815_0200_039,20260414005815_0200,20260414005815,上級卓,1,Ds.,94,6s,risekichu_hokan_tsumogiri,1776096416,1576.101,,0,,"[19,126,42,18,68,71,9,124,62,51,125,47,55]",,,,355m 2345799p 555z,,,,,,,,,,,,,,
20260414005815_0200_040,20260414005815_0200,20260414005815,上級卓,2,yhm,74,1s,risekichu_hokan_tsumogiri,1776096419,2863.194,,0,,"[19,126,42,18,68,71,9,124,62,51,125,47,55]",,,,355m 2345799p 555z,,,,,,,,,,,,,,
20260414005815_0200_041,20260414005815_0200,20260414005815,上級卓,3,matsu_r,93,6s,risekichu_hokan_tsumogiri,1776096422,3785.194,,0,,"[19,126,42,18,68,71,9,124,62,51,125,47,55]",,,,355m 2345799p 555z,,,,,,,,,,,,,,
20260414005815_0200_042,20260414005815_0200,20260414005815,上級卓,0,パシフィック,9,3m,tedashi,1776096425,1471.775,1723.404,1,2613.533,"[19,126,42,18,68,71,9,124,62,51,125,47,55,70]",,,,355m 23457999p 555z,,,,0,0,3,6p,0,,,,,,
20260414005815_0200_043,20260414005815_0200,20260414005815,上級卓,1,Ds.,10,3m,risekichu_hokan_tsumogiri,1776096435,7144.604,,0,,"[19,126,42,18,68,71,124,62,51,125,47,55,70]",,,,55m 23457999p 555z,,,,,,,,,,,,,,
20260414005815_0200_044,20260414005815_0200,20260414005815,上級卓,2,yhm,133,7z,tedashi,1776096439,981.545,3045.68,0,,"[19,126,42,18,68,71,124,62,51,125,47,55,70]",,,,55m 23457999p 555z,,,,,,,,,,,,,,
20260414005815_0200_045,20260414005815_0200,20260414005815,上級卓,3,matsu_r,97,7s,tedashi,1776096444,4821.711,,0,,"[19,126,42,18,68,71,124,62,51,125,47,55,70]",,,,55m 23457999p 555z,,,,,,,,,,,,,,
20260414005815_0200_046,20260414005815_0200,20260414005815,上級卓,0,パシフィック,7,2m,tsumogiri,1776096445,687.696,,1,1609.723,"[19,126,42,18,68,71,124,62,51,125,47,55,70,7]",,,,255m 23457999p 555z,,,,0,0,3,6p,0,,,,,,
20260414005815_0200_047,20260414005815_0200,20260414005815,上級卓,1,Ds.,40,2p,tedashi,1776096449,2492.869,,0,,"[19,126,42,18,68,71,124,62,51,125,47,55,70]",,,,55m 23457999p 555z,,,,,,,,,,,,,,
20260414005815_0200_048,20260414005815_0200,20260414005815,上級卓,2,yhm,81,3s,risekichu_hokan_tsumogiri,1776096450,791.131,,0,,"[19,126,42,18,68,71,124,62,51,125,47,55,70]",,,,55m 23457999p 555z,,,,,,,,,,,,,,
20260414005815_0200_049,20260414005815_0200,20260414005815,上級卓,3,matsu_r,132,7z,risekichu_hokan_tsumogiri,1776096454,4733.02,,0,,"[19,126,42,18,68,71,124,62,51,125,47,55,70]",,,,55m 23457999p 555z,,,,,,,,,,,,,,
20260414005815_0200_050,20260414005815_0200,20260414005815,上級卓,0,パシフィック,37,1p,tsumogiri,1776096455,688.231,,0,,"[19,126,42,18,68,71,124,62,51,125,47,55,70,37]",,,,55m 123457999p 555z,,,,0,0,3,6p,0,,,,,,
20260414005815_0200_051,20260414005815_0200,20260414005815,上級卓,1,Ds.,130,6z,risekichu_hokan_tsumogiri,1776096458,2697.076,,0,,"[19,126,42,18,68,71,124,62,51,125,47,55,70]",,,,55m 23457999p 555z,,,,,,,,,,,,,,
20260414005815_0200_052,20260414005815_0200,20260414005815,上級卓,2,yhm,26,7m,risekichu_hokan_tsumogiri,1776096458,659.572,,1,3103.946,"[19,126,42,18,68,71,124,62,51,125,47,55,70]",,,,55m 23457999p 555z,,,,,,,,,,,,,,
20260414005815_0200_053,20260414005815_0200,20260414005815,上級卓,3,matsu_r,27,7m,tedashi,1776096464,2198.462,,0,,"[19,126,42,18,68,71,124,62,51,125,47,55,70]",,,,55m 23457999p 555z,,,,,,,,,,,,,,
20260414005815_0200_054,20260414005815_0200,20260414005815,上級卓,0,パシフィック,113,2z,tsumogiri,1776096464,706.201,,0,,"[19,126,42,18,68,71,124,62,51,125,47,55,70,113]",,,,55m 23457999p 2555z,,,,0,0,3,6p,0,,,,,,
20260414005815_0200_055,20260414005815_0200,20260414005815,上級卓,1,Ds.,2,1m,tedashi,1776096473,8160.781,,0,,"[19,126,42,18,68,71,124,62,51,125,47,55,70]",,,,55m 23457999p 555z,,,,,,,,,,,,,,
20260414005815_0200_056,20260414005815_0200,20260414005815,上級卓,2,yhm,112,2z,risekichu_hokan_tsumogiri,1776096473,748.012,,0,,"[19,126,42,18,68,71,124,62,51,125,47,55,70]",,,,55m 23457999p 555z,,,,,,,,,,,,,,
20260414005815_0200_057,20260414005815_0200,20260414005815,上級卓,3,matsu_r,104,9s,risekichu_hokan_tsumogiri,1776096478,4418.799,,0,,"[19,126,42,18,68,71,124,62,51,125,47,55,70]",,,,55m 23457999p 555z,,,,,,,,,,,,,,
20260414005815_0200_058,20260414005815_0200,20260414005815,上級卓,0,パシフィック,28,8m,tsumogiri,1776096478,709.746,,1,2250.97,"[19,126,42,18,68,71,124,62,51,125,47,55,70,28]",,,,558m 23457999p 555z,,,,0,0,3,6p,0,,,,,,
20260414005815_0200_059,20260414005815_0200,20260414005815,上級卓,1,Ds.,29,8m,risekichu_hokan_tsumogiri,1776096482,1557.303,,0,,"[19,126,42,18,68,71,124,62,51,125,47,55,70]",,,,55m 23457999p 555z,,,,,,,,,,,,,,
20260414005815_0200_060,20260414005815_0200,20260414005815,上級卓,2,yhm,127,5z,risekichu_hokan_tsumogiri,1776096483,731.423,,0,,"[19,126,42,18,68,71,124,62,51,125,47,55,70]",,,,55m 23457999p 555z,,,,,,,,,,,,,,
20260414005815_0200_061,20260414005815_0200,20260414005815,上級卓,3,matsu_r,33,9m,risekichu_hokan_tsumogiri,1776096487,3635.027,,0,,"[19,126,42,18,68,71,124,62,51,125,47,55,70]",,,,55m 23457999p 555z,,,,,,,,,,,,,,
20260414005815_0200_062,20260414005815_0200,20260414005815,上級卓,0,パシフィック,88,r5s,tsumogiri,1776096487,686.734,,0,,"[19,126,42,18,68,71,124,62,51,125,47,55,70,88]",,,,55m 23457999p r5s 555z,,,,0,0,3,6p,0,,,,,,
20260414005815_0201_000,20260414005815_0201,20260414005815,上級卓,2,yhm,123,4z,tedashi,1776096510,,,0,,"[93,24,70,29,114,96,25,58,40,73,120,51,67]",,,,778m 24689p 167s 24z,,,,,,,,,,,,,,
20260414005815_0201_001,20260414005815_0201,20260414005815,上級卓,3,matsu_r,0,1m,tedashi,1776096513,3040.907,,0,,"[93,24,70,29,114,96,25,58,40,73,120,51,67]",,,,778m 24689p 167s 24z,,,,,,,,,,,,,,
20260414005815_0201_002,20260414005815_0201,20260414005815,上級卓,0,パシフィック,120,4z,tedashi,1776096515,1670.901,,0,,"[93,24,70,29,114,96,25,58,40,73,120,51,67,14]",,,,4778m 24689p 167s 24z,,,,4,4,5,,0,,,,,,
20260414005815_0201_003,20260414005815_0201,20260414005815,上級卓,1,Ds.,72,1s,tedashi,1776096519,4365.289,,0,,"[93,24,70,29,114,96,25,58,40,73,51,67,14]",,,,4778m 24689p 167s 2z,,,,,,,,,,,,,,
20260414005815_0201_004,20260414005815_0201,20260414005815,上級卓,2,yhm,23,6m,tedashi,1776096521,1665.775,,1,1538.988,"[93,24,70,29,114,96,25,58,40,73,51,67,14]",,,,4778m 24689p 167s 2z,,,,,,,,,,,,,,
20260414005815_0201_005,20260414005815_0201,20260414005815,上級卓,3,matsu_r,105,9s,tedashi,1776096525,2222.498,,0,,"[93,24,70,29,114,96,25,58,40,73,51,67,14]",,,,4778m 24689p 167s 2z,,,,,,,,,,,,,,
20260414005815_0201_006,20260414005815_0201,20260414005815,上級卓,0,パシフィック,73,1s,tedashi,1776096528,2952.132,,0,,"[93,24,70,29,114,96,25,58,40,73,51,67,14,43]",,,,4778m 224689p 167s 2z,,,,3,3,4,,0,,,,,,
20260414005815_0201_007,20260414005815_0201,20260414005815,上級卓,1,Ds.,117,3z,tedashi,1776096533,4725.189,,0,,"[93,24,70,29,114,96,25,58,40,51,67,14,43]",,,,4778m 224689p 67s 2z,,,,,,,,,,,,,,
20260414005815_0201_008,20260414005815_0201,20260414005815,上級卓,2,yhm,118,3z,tedashi,1776096534,1654.213,,0,,"[93,24,70,29,114,96,25,58,40,51,67,14,43]",,,,4778m 224689p 67s 2z,,,,,,,,,,,,,,
20260414005815_0201_009,20260414005815_0201,20260414005815,上級卓,3,matsu_r,129,6z,risekichu_hokan_tsumogiri,1776096538,3864.076,,0,,"[93,24,70,29,114,96,25,58,40,51,67,14,43]",,,,4778m 224689p 67s 2z,,,,,,,,,,,,,,
20260414005815_0201_010,20260414005815_0201,20260414005815,上級卓,0,パシフィック,114,2z,tedashi,1776096543,5364.268,,2,2672.12,"[93,24,70,29,114,96,25,58,40,51,67,14,43,95]",,,,4778m 224689p 667s 2z,,,,3,3,3,,0,,,,,,
20260414005815_0201_011,20260414005815_0201,20260414005815,上級卓,3,matsu_r,92,6s,tedashi,1776096547,1079.108,,6,207.579,"[93,24,70,29,96,25,58,40,51,67,14,43,95]",,,,4778m 224689p 667s,,,,,,,,,,,,,,
20260414005815_0201_012,20260414005815_0201,20260414005815,上級卓,0,パシフィック,106,9s,tsumogiri,1776096553,5847.426,,0,,"[93,24,70,29,96,25,58,40,51,67,14,43,95,106]",,,,4778m 224689p 6679s,,,,3,3,3,,0,,,,,,
20260414005815_0201_013,20260414005815_0201,20260414005815,上級卓,1,Ds.,107,9s,risekichu_hokan_tsumogiri,1776096555,1592.647,,0,,"[93,24,70,29,96,25,58,40,51,67,14,43,95]",,,,4778m 224689p 667s,,,,,,,,,,,,,,
20260414005815_0201_014,20260414005815_0201,20260414005815,上級卓,2,yhm,35,9m,tedashi,1776096557,2383.637,,0,,"[93,24,70,29,96,25,58,40,51,67,14,43,95]",,,,4778m 224689p 667s,,,,,,,,,,,,,,
20260414005815_0201_015,20260414005815_0201,20260414005815,上級卓,3,matsu_r,124,5z,risekichu_hokan_tsumogiri,1776096562,1916.511,,2,2531.14,"[93,24,70,29,96,25,58,40,51,67,14,43,95]",,,,4778m 224689p 667s,,,,,,,,,,,,,,
20260414005815_0201_016,20260414005815_0201,20260414005815,上級卓,1,Ds.,85,4s,tedashi,1776096566,1596.316,,0,,"[93,24,70,29,96,25,58,40,51,67,14,43,95]",,,,4778m 224689p 667s,,,,,,,,,,,,,,
20260414005815_0201_017,20260414005815_0201,20260414005815,上級卓,2,yhm,44,3p,tedashi,1776096578,11283.482,,1,2350.346,"[93,24,70,29,96,25,58,40,51,67,14,43,95]",,,,4778m 224689p 667s,,,,,,,,,,,,,,
20260414005815_0201_018,20260414005815_0201,20260414005815,上級卓,3,matsu_r,26,7m,risekichu_hokan_tsumogiri,1776096582,1951.888,,6,195.619,"[93,24,70,29,96,25,58,40,51,67,14,43,95]",,,,4778m 224689p 667s,,,,,,,,,,,,,,
20260414005815_0201_019,20260414005815_0201,20260414005815,上級卓,0,パシフィック,70,9p,tedashi,1776096590,7421.385,,0,,"[93,24,70,29,96,25,58,40,51,67,14,43,95,18]",,,,45778m 224689p 667s,,,,3,3,3,,0,,,,,,
20260414005815_0201_020,20260414005815_0201,20260414005815,上級卓,1,Ds.,91,5s,risekichu_hokan_tsumogiri,1776096592,1926.977,,0,,"[93,24,29,96,25,58,40,51,67,14,43,95,18]",,,,45778m 22468p 667s,,,,,,,,,,,,,,
20260414005815_0201_021,20260414005815_0201,20260414005815,上級卓,2,yhm,133,7z,tedashi,1776096597,5909.183,,0,,"[93,24,29,96,25,58,40,51,67,14,43,95,18]",,,,45778m 22468p 667s,,,,,,,,,,,,,,
20260414005815_0201_022,20260414005815_0201,20260414005815,上級卓,3,matsu_r,2,1m,risekichu_hokan_tsumogiri,1776096600,2614.511,,0,,"[93,24,29,96,25,58,40,51,67,14,43,95,18]",,,,45778m 22468p 667s,,,,,,,,,,,,,,
20260414005815_0201_023,20260414005815_0201,20260414005815,上級卓,0,パシフィック,121,4z,tsumogiri,1776096607,7282.642,,0,,"[93,24,29,96,25,58,40,51,67,14,43,95,18,121]",,,,45778m 22468p 667s 4z,,,,3,3,3,,0,,,,,,
20260414005815_0201_024,20260414005815_0201,20260414005815,上級卓,1,Ds.,78,2s,risekichu_hokan_tsumogiri,1776096610,2494.766,,0,,"[93,24,29,96,25,58,40,51,67,14,43,95,18]",,,,45778m 22468p 667s,,,,,,,,,,,,,,
20260414005815_0201_025,20260414005815_0201,20260414005815,上級卓,2,yhm,54,5p,tedashi,1776096615,5373.513,,1,2161.184,"[93,24,29,96,25,58,40,51,67,14,43,95,18]",,,,45778m 22468p 667s,,,,,,,,,,,,,,
20260414005815_0201_026,20260414005815_0201,20260414005815,上級卓,3,matsu_r,126,5z,risekichu_hokan_tsumogiri,1776096619,1506.706,,0,,"[93,24,29,96,25,58,40,51,67,14,43,95,18]",,,,45778m 22468p 667s,,,,,,,,,,,,,,
20260414005815_0201_027,20260414005815_0201,20260414005815,上級卓,0,パシフィック,93,6s,tedashi,1776096621,2007.237,,0,,"[93,24,29,96,25,58,40,51,67,14,43,95,18,63]",,,,45778m 224678p 667s,,,,2,2,3,,1,,,,,,
20260414005815_0201_028,20260414005815_0201,20260414005815,上級卓,1,Ds.,33,9m,risekichu_hokan_tsumogiri,1776096624,3236.41,,0,,"[24,29,96,25,58,40,51,67,14,43,95,18,63]",,,,45778m 224678p 67s,,,,,,,,,,,,,,
20260414005815_0201_029,20260414005815_0201,20260414005815,上級卓,2,yhm,65,8p,tedashi,1776096628,3778.786,,0,,"[24,29,96,25,58,40,51,67,14,43,95,18,63]",,,,45778m 224678p 67s,,,,,,,,,,,,,,
20260414005815_0201_030,20260414005815_0201,20260414005815,上級卓,3,matsu_r,122,4z,risekichu_hokan_tsumogiri,1776096630,2566.531,,0,,"[24,29,96,25,58,40,51,67,14,43,95,18,63]",,,,45778m 224678p 67s,,,,,,,,,,,,,,
20260414005815_0201_031,20260414005815_0201,20260414005815,上級卓,0,パシフィック,51,4p,tedashi,1776096632,1564.895,,1,3799.043,"[24,29,96,25,58,40,51,67,14,43,95,18,63,101]",,,,45778m 224678p 678s,,,,1,1,4,,0,,,,,,
20260414005815_0201_032,20260414005815_0201,20260414005815,上級卓,1,Ds.,116,3z,risekichu_hokan_tsumogiri,1776096637,1224.83,,0,,"[24,29,96,25,58,40,67,14,43,95,18,63,101]",,,,45778m 22678p 678s,,,,,,,,,,,,,,
20260414005815_0201_033,20260414005815_0201,20260414005815,上級卓,2,yhm,19,5m,risekichu_hokan_tsumogiri,1776096643,5490.453,,0,,"[24,29,96,25,58,40,67,14,43,95,18,63,101]",,,,45778m 22678p 678s,,,,,,,,,,,,,,
20260414005815_0300_000,20260414005815_0300,20260414005815,上級卓,3,matsu_r,121,4z,tedashi,1776096659,,,1,4885.723,"[134,78,29,133,44,50,109,74,43,17,106,125,118]",,,,58m 234p 129s 13577z,,,,,,,,,,,,,,
20260414005815_0300_001,20260414005815_0300,20260414005815,上級卓,0,パシフィック,133,7z,tedashi,1776096666,1470.303,,0,,"[134,78,29,133,44,50,109,74,43,17,106,125,118,38]",,,,58m 1234p 129s 13577z,,,,4,4,5,,0,,,,,,
20260414005815_0300_002,20260414005815_0300,20260414005815,上級卓,1,Ds.,115,2z,tedashi,1776096669,3252.212,,0,,"[134,78,29,44,50,109,74,43,17,106,125,118,38]",,,,58m 1234p 129s 1357z,,,,,,,,,,,,,,
20260414005815_0300_003,20260414005815_0300,20260414005815,上級卓,2,yhm,71,9p,tedashi,1776096673,3873.091,,0,,"[134,78,29,44,50,109,74,43,17,106,125,118,38]",,,,58m 1234p 129s 1357z,,,,,,,,,,,,,,
20260414005815_0300_004,20260414005815_0300,20260414005815,上級卓,3,matsu_r,70,9p,risekichu_hokan_tsumogiri,1776096676,3486.447,,0,,"[134,78,29,44,50,109,74,43,17,106,125,118,38]",,,,58m 1234p 129s 1357z,,,,,,,,,,,,,,
20260414005815_0300_005,20260414005815_0300,20260414005815,上級卓,0,パシフィック,134,7z,tedashi,1776096678,1543.85,,0,,"[134,78,29,44,50,109,74,43,17,106,125,118,38,128]",,,,58m 1234p 129s 13567z,,,,5,5,6,,0,,,,,,
20260414005815_0300_006,20260414005815_0300,20260414005815,上級卓,1,Ds.,132,7z,tedashi,1776096680,2393.777,,0,,"[78,29,44,50,109,74,43,17,106,125,118,38,128]",,,,58m 1234p 129s 1356z,,,,,,,,,,,,,,
20260414005815_0300_007,20260414005815_0300,20260414005815,上級卓,2,yhm,91,5s,tedashi,1776096684,3375.474,,1,2233.98,"[78,29,44,50,109,74,43,17,106,125,118,38,128]",,,,58m 1234p 129s 1356z,,,,,,,,,,,,,,
20260414005815_0300_008,20260414005815_0300,20260414005815,上級卓,3,matsu_r,68,9p,risekichu_hokan_tsumogiri,1776096688,2246.236,,0,,"[78,29,44,50,109,74,43,17,106,125,118,38,128]",,,,58m 1234p 129s 1356z,,,,,,,,,,,,,,
20260414005815_0300_009,20260414005815_0300,20260414005815,上級卓,0,パシフィック,109,1z,tedashi,1776096690,1410.904,,0,,"[78,29,44,50,109,74,43,17,106,125,118,38,128,84]",,,,58m 1234p 1249s 1356z,,,,5,5,6,,0,,,,,,
20260414005815_0300_010,20260414005815_0300,20260414005815,上級卓,1,Ds.,32,9m,tedashi,1776096696,6219.472,,0,,"[78,29,44,50,74,43,17,106,125,118,38,128,84]",,,,58m 1234p 1249s 356z,,,,,,,,,,,,,,
20260414005815_0300_011,20260414005815_0300,20260414005815,上級卓,2,yhm,64,8p,tedashi,1776096702,6477.645,,0,,"[78,29,44,50,74,43,17,106,125,118,38,128,84]",,,,58m 1234p 1249s 356z,,,,,,,,,,,,,,
20260414005815_0300_012,20260414005815_0300,20260414005815,上級卓,3,matsu_r,37,1p,tedashi,1776096705,3159.37,,6,201.142,"[78,29,44,50,74,43,17,106,125,118,38,128,84]",,,,58m 1234p 1249s 356z,,,,,,,,,,,,,,
20260414005815_0300_013,20260414005815_0300,20260414005815,上級卓,0,パシフィック,128,6z,tedashi,1776096707,1521.677,,0,,"[78,29,44,50,74,43,17,106,125,118,38,128,84,130]",,,,58m 1234p 1249s 3566z,,,,4,4,5,,0,,,,,,
20260414005815_0300_014,20260414005815_0300,20260414005815,上級卓,1,Ds.,23,6m,tedashi,1776096732,25033.812,,1,2236.174,"[78,29,44,50,74,43,17,106,125,118,38,84,130]",,,,58m 1234p 1249s 356z,,,,,,,,,,,,,,
20260414005815_0300_015,20260414005815_0300,20260414005815,上級卓,2,yhm,67,8p,tedashi,1776096736,1940.017,,0,,"[78,29,44,50,74,43,17,106,125,118,38,84,130]",,,,58m 1234p 1249s 356z,,,,,,,,,,,,,,
20260414005815_0300_016,20260414005815_0300,20260414005815,上級卓,3,matsu_r,129,6z,tedashi,1776096740,3822.295,,0,,"[78,29,44,50,74,43,17,106,125,118,38,84,130]",,,,58m 1234p 1249s 356z,,,,,,,,,,,,,,
20260414005815_0300_017,20260414005815_0300,20260414005815,上級卓,0,パシフィック,130,6z,tedashi,1776096742,1447.092,,0,,"[78,29,44,50,74,43,17,106,125,118,38,84,130,93]",,,,58m 1234p 12469s 356z,,,,4,4,6,,0,,,,,,
20260414005815_0300_018,20260414005815_0300,20260414005815,上級卓,1,Ds.,53,5p,tedashi,1776096745,3486.026,,0,,"[78,29,44,50,74,43,17,106,125,118,38,84,93]",,,,58m 1234p 12469s 35z,,,,,,,,,,,,,,
20260414005815_0300_019,20260414005815_0300,20260414005815,上級卓,2,yhm,82,3s,risekichu_hokan_tsumogiri,1776096747,2285.537,,1,2497.691,"[78,29,44,50,74,43,17,106,125,118,38,84,93]",,,,58m 1234p 12469s 35z,,,,,,,,,,,,,,
20260414005815_0300_020,20260414005815_0300,20260414005815,上級卓,3,matsu_r,49,4p,tedashi,1776096753,3133.466,,6,213.479,"[78,29,44,50,74,43,17,106,125,118,38,84,93]",,,,58m 1234p 12469s 35z,,,,,,,,,,,,,,
20260414005815_0300_021,20260414005815_0300,20260414005815,上級卓,0,パシフィック,125,5z,tedashi,1776096756,2771.072,,0,,"[78,29,44,50,74,43,17,106,125,118,38,84,93,8]",,,,358m 1234p 12469s 35z,,,,3,3,6,,0,,,,,,
20260414005815_0300_022,20260414005815_0300,20260414005815,上級卓,1,Ds.,31,8m,tedashi,1776096759,3152.69,,1,1280.817,"[78,29,44,50,74,43,17,106,118,38,84,93,8]",,,,358m 1234p 12469s 3z,,,,,,,,,,,,,,
20260414005815_0300_023,20260414005815_0300,20260414005815,上級卓,2,yhm,5,2m,risekichu_hokan_tsumogiri,1776096763,2474.423,,0,,"[78,29,44,50,74,43,17,106,118,38,84,93,8]",,,,358m 1234p 12469s 3z,,,,,,,,,,,,,,
20260414005815_0300_024,20260414005815_0300,20260414005815,上級卓,3,matsu_r,110,1z,risekichu_hokan_tsumogiri,1776096766,3200.68,,0,,"[78,29,44,50,74,43,17,106,118,38,84,93,8]",,,,358m 1234p 12469s 3z,,,,,,,,,,,,,,
20260414005815_0300_025,20260414005815_0300,20260414005815,上級卓,0,パシフィック,106,9s,tedashi,1776096772,5992.871,,1,4464.769,"[78,29,44,50,74,43,17,106,118,38,84,93,8,27]",,,,3578m 1234p 12469s 3z,,,,3,3,6,,0,,,,,,
20260414005815_0300_026,20260414005815_0300,20260414005815,上級卓,1,Ds.,12,4m,risekichu_hokan_tsumogiri,1776096778,1399.086,,1,1670.431,"[78,29,44,50,74,43,17,118,38,84,93,8,27]",,,,3578m 1234p 1246s 3z,,,,,,,,,,,,,,
20260414005815_0300_027,20260414005815_0300,20260414005815,上級卓,2,yhm,69,9p,risekichu_hokan_tsumogiri,1776096783,2947.098,,0,,"[78,29,44,50,74,43,17,118,38,84,93,8,27]",,,,3578m 1234p 1246s 3z,,,,,,,,,,,,,,
20260414005815_0300_028,20260414005815_0300,20260414005815,上級卓,3,matsu_r,116,3z,risekichu_hokan_tsumogiri,1776096787,4486.489,,0,,"[78,29,44,50,74,43,17,118,38,84,93,8,27]",,,,3578m 1234p 1246s 3z,,,,,,,,,,,,,,
20260414005815_0300_029,20260414005815_0300,20260414005815,上級卓,0,パシフィック,74,1s,tedashi,1776096793,6156.957,,1,1177.4,"[78,29,44,50,74,43,17,118,38,84,93,8,27,61]",,,,3578m 12347p 1246s 3z,,,,3,3,6,,0,,,,,,
20260414005815_0300_030,20260414005815_0300,20260414005815,上級卓,1,Ds.,117,3z,tedashi,1776096798,3315.898,,0,,"[78,29,44,50,43,17,118,38,84,93,8,27,61]",,,,3578m 12347p 246s 3z,,,,,,,,,,,,,,
20260414005815_0300_031,20260414005815_0300,20260414005815,上級卓,2,yhm,97,7s,risekichu_hokan_tsumogiri,1776096800,2350.936,,1,2247.676,"[78,29,44,50,43,17,118,38,84,93,8,27,61]",,,,3578m 12347p 246s 3z,,,,,,,,,,,,,,
20260414005815_0300_032,20260414005815_0300,20260414005815,上級卓,3,matsu_r,102,8s,risekichu_hokan_tsumogiri,1776096805,2811.553,,1,1645.223,"[78,29,44,50,43,17,118,38,84,93,8,27,61]",,,,3578m 12347p 246s 3z,,,,,,,,,,,,,,
20260414005815_0300_033,20260414005815_0300,20260414005815,上級卓,0,パシフィック,118,3z,tedashi,1776096808,1724.353,,0,,"[78,29,44,50,43,17,118,38,84,93,8,27,61,76]",,,,3578m 12347p 2246s 3z,,,,2,2,5,,0,,,,,,
20260414005815_0300_034,20260414005815_0300,20260414005815,上級卓,1,Ds.,100,8s,tedashi,1776096818,9376.063,,0,,"[78,29,44,50,43,17,38,84,93,8,27,61,76]",,,,3578m 12347p 2246s,,,,,,,,,,,,,,
20260414005815_0300_035,20260414005815_0300,20260414005815,上級卓,2,yhm,104,9s,tedashi,1776096822,4089.903,,0,,"[78,29,44,50,43,17,38,84,93,8,27,61,76]",,,,3578m 12347p 2246s,,,,,,,,,,,,,,
20260414005815_0300_036,20260414005815_0300,20260414005815,上級卓,3,matsu_r,34,9m,risekichu_hokan_tsumogiri,1776096826,3751.152,,6,201.683,"[78,29,44,50,43,17,38,84,93,8,27,61,76]",,,,3578m 12347p 2246s,,,,,,,,,,,,,,
20260414005815_0300_037,20260414005815_0300,20260414005815,上級卓,0,パシフィック,61,7p,tedashi,1776096828,1927.153,,0,,"[78,29,44,50,43,17,38,84,93,8,27,61,76,41]",,,,3578m 122347p 2246s,,,,2,2,4,,0,,,,,,
20260414005815_0300_038,20260414005815_0300,20260414005815,上級卓,1,Ds.,0,1m,tedashi,1776096831,2727.585,,1,1955.589,"[78,29,44,50,43,17,38,84,93,8,27,76,41]",,,,3578m 12234p 2246s,,,,,,,,,,,,,,
20260414005815_0300_039,20260414005815_0300,20260414005815,上級卓,2,yhm,105,9s,tedashi,1776096835,2651.992,,0,,"[78,29,44,50,43,17,38,84,93,8,27,76,41]",,,,3578m 12234p 2246s,,,,,,,,,,,,,,
20260414005815_0300_040,20260414005815_0300,20260414005815,上級卓,3,matsu_r,75,1s,risekichu_hokan_tsumogiri,1776096840,4622.681,,0,,"[78,29,44,50,43,17,38,84,93,8,27,76,41]",,,,3578m 12234p 2246s,,,,,,,,,,,,,,
20260414005815_0300_041,20260414005815_0300,20260414005815,上級卓,0,パシフィック,84,4s,tedashi,1776096842,1773.879,,1,1127.905,"[78,29,44,50,43,17,38,84,93,8,27,76,41,98]",,,,3578m 12234p 22467s,,,,2,2,4,,0,,,,,,
20260414005815_0300_042,20260414005815_0300,20260414005815,上級卓,1,Ds.,22,6m,risekichu_hokan_tsumogiri,1776096844,958.797,,1,1595.081,"[78,29,44,50,43,17,38,93,8,27,76,41,98]",,,,3578m 12234p 2267s,,,,,,,,,,,,,,
20260414005815_0300_043,20260414005815_0300,20260414005815,上級卓,2,yhm,35,9m,risekichu_hokan_tsumogiri,1776096847,1556.991,,0,,"[78,29,44,50,43,17,38,93,8,27,76,41,98]",,,,3578m 12234p 2267s,,,,,,,,,,,,,,
20260414005815_0300_044,20260414005815_0300,20260414005815,上級卓,3,matsu_r,73,1s,risekichu_hokan_tsumogiri,1776096850,3222.419,,0,,"[78,29,44,50,43,17,38,93,8,27,76,41,98]",,,,3578m 12234p 2267s,,,,,,,,,,,,,,
20260414005815_0300_045,20260414005815_0300,20260414005815,上級卓,0,パシフィック,113,2z,tsumogiri,1776096852,1768.528,,1,2346.355,"[78,29,44,50,43,17,38,93,8,27,76,41,98,113]",,,,3578m 12234p 2267s 2z,,,,2,2,4,,0,,,,,,
20260414005815_0300_046,20260414005815_0300,20260414005815,上級卓,1,Ds.,96,7s,risekichu_hokan_tsumogiri,1776096858,3386.847,,0,,"[78,29,44,50,43,17,38,93,8,27,76,41,98]",,,,3578m 12234p 2267s,,,,,,,,,,,,,,
20260414005815_0300_047,20260414005815_0300,20260414005815,上級卓,2,yhm,2,1m,risekichu_hokan_tsumogiri,1776096861,3968.323,,1,2246.779,"[78,29,44,50,43,17,38,93,8,27,76,41,98]",,,,3578m 12234p 2267s,,,,,,,,,,,,,,
20260414005815_0300_048,20260414005815_0300,20260414005815,上級卓,3,matsu_r,6,2m,tedashi,1776096867,3692.265,,0,,"[78,29,44,50,43,17,38,93,8,27,76,41,98]",,,,3578m 12234p 2267s,,,,,,,,,,,,,,
20260414005815_0300_049,20260414005815_0300,20260414005815,上級卓,0,パシフィック,38,1p,tedashi,1776096870,2341.708,,1,1976.135,"[78,29,44,50,43,17,38,93,8,27,76,41,98,25]",,,,35778m 12234p 2267s,,,,2,2,3,,0,,,,,,
20260414005815_0300_050,20260414005815_0300,20260414005815,上級卓,1,Ds.,103,8s,risekichu_hokan_tsumogiri,1776096873,1020.174,,1,1727.088,"[78,29,44,50,43,17,93,8,27,76,41,98,25]",,,,35778m 2234p 2267s,,,,,,,,,,,,,,
20260414005815_0300_051,20260414005815_0300,20260414005815,上級卓,2,yhm,1,1m,risekichu_hokan_tsumogiri,1776096876,1885.287,,0,,"[78,29,44,50,43,17,93,8,27,76,41,98,25]",,,,35778m 2234p 2267s,,,,,,,,,,,,,,
20260414005815_0300_052,20260414005815_0300,20260414005815,上級卓,3,matsu_r,11,3m,tedashi,1776096882,5283.386,,0,,"[78,29,44,50,43,17,93,8,27,76,41,98,25]",,,,35778m 2234p 2267s,,,,,,,,,,,,,,
20260414005815_0300_053,20260414005815_0300,20260414005815,上級卓,0,パシフィック,29,8m,tedashi,1776096884,2003.186,,1,2317.25,"[78,29,44,50,43,17,93,8,27,76,41,98,25,54]",,,,35778m 22345p 2267s,,,,2,2,3,,0,,,,,,
20260414005815_0300_054,20260414005815_0300,20260414005815,上級卓,1,Ds.,63,7p,tedashi,1776096889,1134.072,2332.623,2,1930.911,"[78,44,50,43,17,93,8,27,76,41,98,25,54]",,,,3577m 22345p 2267s,,,,,,,,,,,,,,
20260414005815_0300_055,20260414005815_0300,20260414005815,上級卓,2,yhm,119,3z,tedashi,1776096894,2981.949,,0,,"[78,44,50,43,17,93,8,27,76,41,98,25,54]",,,,3577m 22345p 2267s,,,,,,,,,,,,,,
20260414005815_0300_056,20260414005815_0300,20260414005815,上級卓,3,matsu_r,62,7p,risekichu_hokan_tsumogiri,1776096901,6542.957,,0,,"[78,44,50,43,17,93,8,27,76,41,98,25,54]",,,,3577m 22345p 2267s,,,,,,,,,,,,,,
20260414005815_0300_057,20260414005815_0300,20260414005815,上級卓,0,パシフィック,8,3m,tedashi,1776096903,2056.561,,0,,"[78,44,50,43,17,93,8,27,76,41,98,25,54,81]",,,,3577m 22345p 22367s,,,,2,2,3,,0,,,,,,
20260414005815_0300_058,20260414005815_0300,20260414005815,上級卓,1,Ds.,10,3m,risekichu_hokan_tsumogiri,1776096904,715.624,,2,6051.158,"[78,44,50,43,17,93,27,76,41,98,25,54,81]",,,,577m 22345p 22367s,,,,,,,,,,,,,,
20260414005815_0300_059,20260414005815_0300,20260414005815,上級卓,2,yhm,131,6z,tedashi,1776096913,3470.394,,0,,"[78,44,50,43,17,93,27,76,41,98,25,54,81]",,,,577m 22345p 22367s,,,,,,,,,,,,,,
20260414005815_0300_060,20260414005815_0300,20260414005815,上級卓,3,matsu_r,123,4z,risekichu_hokan_tsumogiri,1776096917,4001.945,,0,,"[78,44,50,43,17,93,27,76,41,98,25,54,81]",,,,577m 22345p 22367s,,,,,,,,,,,,,,
20260414005815_0300_061,20260414005815_0300,20260414005815,上級卓,0,パシフィック,17,5m,tedashi,1776096919,1936.733,,0,,"[78,44,50,43,17,93,27,76,41,98,25,54,81,65]",,,,577m 223458p 22367s,,,,2,2,3,,0,,,,,,
20260414005815_0300_062,20260414005815_0300,20260414005815,上級卓,1,Ds.,36,1p,risekichu_hokan_tsumogiri,1776096920,1005.603,,0,,"[78,44,50,43,93,27,76,41,98,25,54,81,65]",,,,77m 223458p 22367s,,,,,,,,,,,,,,
20260414005815_0300_063,20260414005815_0300,20260414005815,上級卓,2,yhm,18,5m,risekichu_hokan_tsumogiri,1776096929,8522.872,,1,3069.097,"[78,44,50,43,93,27,76,41,98,25,54,81,65]",,,,77m 223458p 22367s,,,,,,,,,,,,,,
20260414005815_0300_064,20260414005815_0300,20260414005815,上級卓,3,matsu_r,33,9m,risekichu_hokan_tsumogiri,1776096937,5002.549,,0,,"[78,44,50,43,93,27,76,41,98,25,54,81,65]",,,,77m 223458p 22367s,,,,,,,,,,,,,,
20260414005815_0300_065,20260414005815_0300,20260414005815,上級卓,0,パシフィック,25,7m,tedashi,1776096939,1803.353,,0,,"[78,44,50,43,93,27,76,41,98,25,54,81,65,135]",,,,77m 223458p 22367s 7z,,,,2,2,3,,0,,,,,,
20260414005815_0300_066,20260414005815_0300,20260414005815,上級卓,1,Ds.,13,4m,risekichu_hokan_tsumogiri,1776096939,736.14,,1,5018.96,"[78,44,50,43,93,27,76,41,98,54,81,65,135]",,,,7m 223458p 22367s 7z,,,,,,,,,,,,,,
20260414005815_0300_067,20260414005815_0300,20260414005815,上級卓,2,yhm,3,1m,tedashi,1776096949,5053.544,,0,,"[78,44,50,43,93,27,76,41,98,54,81,65,135]",,,,7m 223458p 22367s 7z,,,,,,,,,,,,,,
20260414005815_0300_068,20260414005815_0300,20260414005815,上級卓,3,matsu_r,107,9s,risekichu_hokan_tsumogiri,1776096958,8792.847,,0,,"[78,44,50,43,93,27,76,41,98,54,81,65,135]",,,,7m 223458p 22367s 7z,,,,,,,,,,,,,,
20260414005815_0400_000,20260414005815_0400,20260414005815,上級卓,0,パシフィック,131,6z,tedashi,1776096976,,,0,,"[132,44,68,2,71,81,1,17,93,131,102,46,19,13]",,,,11455m 3399p 368s 67z,,,,2,3,2,,0,,,,,,
20260414005815_0400_001,20260414005815_0400,20260414005815,上級卓,1,Ds.,35,9m,tedashi,1776096980,4525.733,,0,,"[132,44,68,2,71,81,1,17,93,102,46,19,13]",,,,11455m 3399p 368s 7z,,,,,,,,,,,,,,
20260414005815_0400_002,20260414005815_0400,20260414005815,上級卓,2,yhm,41,2p,tedashi,1776096983,2574.554,,0,,"[132,44,68,2,71,81,1,17,93,102,46,19,13]",,,,11455m 3399p 368s 7z,,,,,,,,,,,,,,
20260414005815_0400_003,20260414005815_0400,20260414005815,上級卓,3,matsu_r,111,1z,risekichu_hokan_tsumogiri,1776096986,3277.98,,0,,"[132,44,68,2,71,81,1,17,93,102,46,19,13]",,,,11455m 3399p 368s 7z,,,,,,,,,,,,,,
20260414005815_0400_004,20260414005815_0400,20260414005815,上級卓,0,パシフィック,32,9m,tsumogiri,1776096988,1858.423,,0,,"[132,44,68,2,71,81,1,17,93,102,46,19,13,32]",,,,114559m 3399p 368s 7z,,,,2,3,2,,0,,,,,,
20260414005815_0400_005,20260414005815_0400,20260414005815,上級卓,1,Ds.,76,2s,tedashi,1776096993,5006.205,,0,,"[132,44,68,2,71,81,1,17,93,102,46,19,13]",,,,11455m 3399p 368s 7z,,,,,,,,,,,,,,
20260414005815_0400_006,20260414005815_0400,20260414005815,上級卓,2,yhm,74,1s,risekichu_hokan_tsumogiri,1776096997,3685.861,,1,1940.461,"[132,44,68,2,71,81,1,17,93,102,46,19,13]",,,,11455m 3399p 368s 7z,,,,,,,,,,,,,,
20260414005815_0400_007,20260414005815_0400,20260414005815,上級卓,3,matsu_r,130,6z,tedashi,1776097001,2673.859,,0,,"[132,44,68,2,71,81,1,17,93,102,46,19,13]",,,,11455m 3399p 368s 7z,,,,,,,,,,,,,,
20260414005815_0400_008,20260414005815_0400,20260414005815,上級卓,0,パシフィック,13,4m,tedashi,1776097003,1482.035,,1,6387.654,"[132,44,68,2,71,81,1,17,93,102,46,19,13,135]",,,,11455m 3399p 368s 77z,,,,1,3,1,,0,,,,,,
20260414005815_0400_009,20260414005815_0400,20260414005815,上級卓,1,Ds.,7,2m,tedashi,1776097011,1643.102,,1,1314.208,"[132,44,68,2,71,81,1,17,93,102,46,19,135]",,,,1155m 3399p 368s 77z,,,,,,,,,,,,,,
20260414005815_0400_010,20260414005815_0400,20260414005815,上級卓,2,yhm,123,4z,tedashi,1776097014,2329.585,,0,,"[132,44,68,2,71,81,1,17,93,102,46,19,135]",,,,1155m 3399p 368s 77z,,,,,,,,,,,,,,
20260414005815_0400_011,20260414005815_0400,20260414005815,上級卓,3,matsu_r,49,4p,tedashi,1776097021,6230.977,,0,,"[132,44,68,2,71,81,1,17,93,102,46,19,135]",,,,1155m 3399p 368s 77z,,,,,,,,,,,,,,
20260414005815_0400_012,20260414005815_0400,20260414005815,上級卓,0,パシフィック,34,9m,tsumogiri,1776097022,1442.897,,0,,"[132,44,68,2,71,81,1,17,93,102,46,19,135,34]",,,,11559m 3399p 368s 77z,,,,1,3,1,,0,,,,,,
20260414005815_0400_013,20260414005815_0400,20260414005815,上級卓,1,Ds.,128,6z,risekichu_hokan_tsumogiri,1776097024,1985.493,,0,,"[132,44,68,2,71,81,1,17,93,102,46,19,135]",,,,1155m 3399p 368s 77z,,,,,,,,,,,,,,
20260414005815_0400_014,20260414005815_0400,20260414005815,上級卓,2,yhm,15,4m,tedashi,1776097028,4108.247,,0,,"[132,44,68,2,71,81,1,17,93,102,46,19,135]",,,,1155m 3399p 368s 77z,,,,,,,,,,,,,,
20260414005815_0400_015,20260414005815_0400,20260414005815,上級卓,3,matsu_r,48,4p,tedashi,1776097033,4729.857,,0,,"[132,44,68,2,71,81,1,17,93,102,46,19,135]",,,,1155m 3399p 368s 77z,,,,,,,,,,,,,,
20260414005815_0400_016,20260414005815_0400,20260414005815,上級卓,0,パシフィック,110,1z,tsumogiri,1776097034,1534.618,,0,,"[132,44,68,2,71,81,1,17,93,102,46,19,135,110]",,,,1155m 3399p 368s 177z,,,,1,3,1,,0,,,,,,
20260414005815_0400_017,20260414005815_0400,20260414005815,上級卓,1,Ds.,75,1s,risekichu_hokan_tsumogiri,1776097036,1513.641,,0,,"[132,44,68,2,71,81,1,17,93,102,46,19,135]",,,,1155m 3399p 368s 77z,,,,,,,,,,,,,,
20260414005815_0400_018,20260414005815_0400,20260414005815,上級卓,2,yhm,115,2z,tedashi,1776097043,6802.751,,0,,"[132,44,68,2,71,81,1,17,93,102,46,19,135]",,,,1155m 3399p 368s 77z,,,,,,,,,,,,,,
20260414005815_0400_019,20260414005815_0400,20260414005815,上級卓,3,matsu_r,20,6m,risekichu_hokan_tsumogiri,1776097046,3431.572,,0,,"[132,44,68,2,71,81,1,17,93,102,46,19,135]",,,,1155m 3399p 368s 77z,,,,,,,,,,,,,,
20260414005815_0400_020,20260414005815_0400,20260414005815,上級卓,0,パシフィック,12,4m,tsumogiri,1776097048,1525.866,,2,2333.779,"[132,44,68,2,71,81,1,17,93,102,46,19,135,12]",,,,11455m 3399p 368s 77z,,,,1,3,1,,0,,,,,,
20260414005815_0400_021,20260414005815_0400,20260414005815,上級卓,1,Ds.,122,4z,tedashi,1776097052,1773.726,,0,,"[132,44,68,2,71,81,1,17,93,102,46,19,135]",,,,1155m 3399p 368s 77z,,,,,,,,,,,,,,
20260414005815_0400_022,20260414005815_0400,20260414005815,上級卓,2,yhm,92,6s,tedashi,1776097057,5533.823,,0,,"[132,44,68,2,71,81,1,17,93,102,46,19,135]",,,,1155m 3399p 368s 77z,,,,,,,,,,,,,,
20260414005815_0400_023,20260414005815_0400,20260414005815,上級卓,3,matsu_r,59,6p,tedashi,1776097060,2791.676,,0,,"[132,44,68,2,71,81,1,17,93,102,46,19,135]",,,,1155m 3399p 368s 77z,,,,,,,,,,,,,,
20260414005815_0500_000,20260414005815_0500,20260414005815,上級卓,1,Ds.,75,1s,risekichu_hokan_tsumogiri,1776097078,,,0,,"[68,44,6,21,125,122,120,26,28,96,42,49,51]",,,,2678m 23449p 7s 445z,,,,,,,,,,,,,,
20260414005815_0500_001,20260414005815_0500,20260414005815,上級卓,2,yhm,4,2m,tedashi,1776097086,8478.272,,1,1759.466,"[68,44,6,21,125,122,120,26,28,96,42,49,51]",,,,2678m 23449p 7s 445z,,,,,,,,,,,,,,
20260414005815_0500_002,20260414005815_0500,20260414005815,上級卓,3,matsu_r,35,9m,tedashi,1776097091,3082.085,,6,216.265,"[68,44,6,21,125,122,120,26,28,96,42,49,51]",,,,2678m 23449p 7s 445z,,,,,,,,,,,,,,
20260414005815_0500_003,20260414005815_0500,20260414005815,上級卓,0,パシフィック,68,9p,tedashi,1776097093,1760.561,,0,,"[68,44,6,21,125,122,120,26,28,96,42,49,51,43]",,,,2678m 223449p 7s 445z,,,,2,2,3,,0,,,,,,
20260414005815_0500_004,20260414005815_0500,20260414005815,上級卓,1,Ds.,133,7z,tedashi,1776097096,3156.945,,0,,"[44,6,21,125,122,120,26,28,96,42,49,51,43]",,,,2678m 22344p 7s 445z,,,,,,,,,,,,,,
20260414005815_0500_005,20260414005815_0500,20260414005815,上級卓,2,yhm,116,3z,tedashi,1776097100,3556.776,,0,,"[44,6,21,125,122,120,26,28,96,42,49,51,43]",,,,2678m 22344p 7s 445z,,,,,,,,,,,,,,
20260414005815_0500_006,20260414005815_0500,20260414005815,上級卓,3,matsu_r,1,1m,tedashi,1776097103,3898.645,,0,,"[44,6,21,125,122,120,26,28,96,42,49,51,43]",,,,2678m 22344p 7s 445z,,,,,,,,,,,,,,
20260414005815_0500_007,20260414005815_0500,20260414005815,上級卓,0,パシフィック,125,5z,tedashi,1776097105,1487.083,,0,,"[44,6,21,125,122,120,26,28,96,42,49,51,43,94]",,,,2678m 22344p 67s 445z,,,,1,1,3,,0,,,,,,
20260414005815_0500_008,20260414005815_0500,20260414005815,上級卓,1,Ds.,132,7z,risekichu_hokan_tsumogiri,1776097107,1978.802,,0,,"[44,6,21,122,120,26,28,96,42,49,51,43,94]",,,,2678m 22344p 67s 44z,,,,,,,,,,,,,,
20260414005815_0500_009,20260414005815_0500,20260414005815,上級卓,2,yhm,134,7z,tedashi,1776097110,3193.696,,0,,"[44,6,21,122,120,26,28,96,42,49,51,43,94]",,,,2678m 22344p 67s 44z,,,,,,,,,,,,,,
20260414005815_0500_010,20260414005815_0500,20260414005815,上級卓,3,matsu_r,73,1s,risekichu_hokan_tsumogiri,1776097114,3984.719,,0,,"[44,6,21,122,120,26,28,96,42,49,51,43,94]",,,,2678m 22344p 67s 44z,,,,,,,,,,,,,,
20260414005815_0500_011,20260414005815_0500,20260414005815,上級卓,0,パシフィック,6,2m,tedashi,1776097115,1327.929,,1,1591.29,"[44,6,21,122,120,26,28,96,42,49,51,43,94,87]",,,,2678m 22344p 467s 44z,,,,1,1,3,,0,,,,,,
20260414005815_0500_012,20260414005815_0500,20260414005815,上級卓,1,Ds.,84,4s,tedashi,1776097121,3643.609,,0,,"[44,21,122,120,26,28,96,42,49,51,43,94,87]",,,,678m 22344p 467s 44z,,,,,,,,,,,,,,
20260414005815_0500_013,20260414005815_0500,20260414005815,上級卓,2,yhm,39,1p,tedashi,1776097124,3056.118,,0,,"[44,21,122,120,26,28,96,42,49,51,43,94,87]",,,,678m 22344p 467s 44z,,,,,,,,,,,,,,
20260414005815_0500_014,20260414005815_0500,20260414005815,上級卓,3,matsu_r,15,4m,tedashi,1776097128,3932.062,,0,,"[44,21,122,120,26,28,96,42,49,51,43,94,87]",,,,678m 22344p 467s 44z,,,,,,,,,,,,,,
20260414005815_0500_015,20260414005815_0500,20260414005815,上級卓,0,パシフィック,87,4s,tedashi,1776097129,1291.985,,0,,"[44,21,122,120,26,28,96,42,49,51,43,94,87,23]",,,,6678m 22344p 467s 44z,,,,1,1,2,,0,,,,,,
20260414005815_0500_016,20260414005815_0500,20260414005815,上級卓,1,Ds.,79,2s,risekichu_hokan_tsumogiri,1776097131,1745.233,,0,,"[44,21,122,120,26,28,96,42,49,51,43,94,23]",,,,6678m 22344p 67s 44z,,,,,,,,,,,,,,
20260414005815_0500_017,20260414005815_0500,20260414005815,上級卓,2,yhm,118,3z,risekichu_hokan_tsumogiri,1776097134,3279.035,,0,,"[44,21,122,120,26,28,96,42,49,51,43,94,23]",,,,6678m 22344p 67s 44z,,,,,,,,,,,,,,
20260414005815_0500_018,20260414005815_0500,20260414005815,上級卓,3,matsu_r,82,3s,tedashi,1776097140,5835.083,,0,,"[44,21,122,120,26,28,96,42,49,51,43,94,23]",,,,6678m 22344p 67s 44z,,,,,,,,,,,,,,
20260414005815_0500_019,20260414005815_0500,20260414005815,上級卓,0,パシフィック,76,2s,tsumogiri,1776097141,1405.509,,0,,"[44,21,122,120,26,28,96,42,49,51,43,94,23,76]",,,,6678m 22344p 267s 44z,,,,1,1,2,,0,,,,,,
20260414005815_0500_020,20260414005815_0500,20260414005815,上級卓,1,Ds.,114,2z,risekichu_hokan_tsumogiri,1776097158,16546.806,,2,1753.058,"[44,21,122,120,26,28,96,42,49,51,43,94,23]",,,,6678m 22344p 67s 44z,,,,,,,,,,,,,,
20260414005815_0500_021,20260414005815_0500,20260414005815,上級卓,2,yhm,127,5z,tedashi,1776097163,3445.904,,0,,"[44,21,122,120,26,28,96,42,49,51,43,94,23]",,,,6678m 22344p 67s 44z,,,,,,,,,,,,,,
20260414005815_0500_022,20260414005815_0500,20260414005815,上級卓,3,matsu_r,5,2m,risekichu_hokan_tsumogiri,1776097167,3581.428,,0,,"[44,21,122,120,26,28,96,42,49,51,43,94,23]",,,,6678m 22344p 67s 44z,,,,,,,,,,,,,,
20260414005815_0500_023,20260414005815_0500,20260414005815,上級卓,0,パシフィック,83,3s,tsumogiri,1776097168,1531.969,,0,,"[44,21,122,120,26,28,96,42,49,51,43,94,23,83]",,,,6678m 22344p 367s 44z,,,,1,1,2,,0,,,,,,
20260414005815_0500_024,20260414005815_0500,20260414005815,上級卓,1,Ds.,3,1m,tedashi,1776097170,2216.108,,0,,"[44,21,122,120,26,28,96,42,49,51,43,94,23]",,,,6678m 22344p 67s 44z,,,,,,,,,,,,,,
20260414005815_0500_025,20260414005815_0500,20260414005815,上級卓,2,yhm,30,8m,tedashi,1776097179,8532.768,,1,2063.116,"[44,21,122,120,26,28,96,42,49,51,43,94,23]",,,,6678m 22344p 67s 44z,,,,,,,,,,,,,,
20260414005815_0500_026,20260414005815_0500,20260414005815,上級卓,3,matsu_r,71,9p,tedashi,1776097183,2355.732,,0,,"[44,21,122,120,26,28,96,42,49,51,43,94,23]",,,,6678m 22344p 67s 44z,,,,,,,,,,,,,,
20260414005815_0500_027,20260414005815_0500,20260414005815,上級卓,0,パシフィック,120,4z,tedashi,1776097185,1425.903,,0,,"[44,21,122,120,26,28,96,42,49,51,43,94,23,33]",,,,66789m 22344p 67s 44z,,,,1,1,2,,0,,,,,,
20260414005815_0500_028,20260414005815_0500,20260414005815,上級卓,1,Ds.,123,4z,risekichu_hokan_tsumogiri,1776097188,2897.805,,0,,"[44,21,122,26,28,96,42,49,51,43,94,23,33]",,,,66789m 22344p 67s 4z,,,,,,,,,,,,,,
20260414005815_0500_029,20260414005815_0500,20260414005815,上級卓,2,yhm,40,2p,risekichu_hokan_tsumogiri,1776097190,2534.251,,1,2073.595,"[44,21,122,26,28,96,42,49,51,43,94,23,33]",,,,66789m 22344p 67s 4z,,,,,,,,,,,,,,
20260414005815_0500_030,20260414005815_0500,20260414005815,上級卓,3,matsu_r,72,1s,risekichu_hokan_tsumogiri,1776097194,2122.102,,0,,"[44,21,122,26,28,96,42,49,51,43,94,23,33]",,,,66789m 22344p 67s 4z,,,,,,,,,,,,,,
20260414005815_0500_031,20260414005815_0500,20260414005815,上級卓,0,パシフィック,122,4z,tedashi,1776097196,1469.621,,0,,"[44,21,122,26,28,96,42,49,51,43,94,23,33,63]",,,,66789m 223447p 67s 4z,,,,1,1,3,,0,,,,,,
20260414005815_0500_032,20260414005815_0500,20260414005815,上級卓,1,Ds.,53,5p,tedashi,1776097198,1935.308,,0,,"[44,21,26,28,96,42,49,51,43,94,23,33,63]",,,,66789m 223447p 67s,,,,,,,,,,,,,,
20260414005815_0500_033,20260414005815_0500,20260414005815,上級卓,2,yhm,34,9m,risekichu_hokan_tsumogiri,1776097200,2182.133,,0,,"[44,21,26,28,96,42,49,51,43,94,23,33,63]",,,,66789m 223447p 67s,,,,,,,,,,,,,,
20260414005815_0500_034,20260414005815_0500,20260414005815,上級卓,3,matsu_r,101,8s,tedashi,1776097205,5139.0,,6,198.658,"[44,21,26,28,96,42,49,51,43,94,23,33,63]",,,,66789m 223447p 67s,,,,,,,,,,,,,,
20260414005815_0500_035,20260414005815_0500,20260414005815,上級卓,0,パシフィック,11,3m,tsumogiri,1776097207,1632.006,,0,,"[44,21,26,28,96,42,49,51,43,94,23,33,63,11]",,,,366789m 223447p 67s,,,,1,1,3,,0,,,,,,
20260414005815_0500_036,20260414005815_0500,20260414005815,上級卓,1,Ds.,41,2p,risekichu_hokan_tsumogiri,1776097209,1948.026,,6,221.76,"[44,21,26,28,96,42,49,51,43,94,23,33,63]",,,,66789m 223447p 67s,,,,,,,,,,,,,,
20260414005815_0500_037,20260414005815_0500,20260414005815,上級卓,2,yhm,81,3s,tedashi,1776097213,3511.296,,0,,"[44,21,26,28,96,42,49,51,43,94,23,33,63]",,,,66789m 223447p 67s,,,,,,,,,,,,,,
20260414005815_0500_038,20260414005815_0500,20260414005815,上級卓,3,matsu_r,48,4p,tedashi,1776097218,5115.67,,6,229.9,"[44,21,26,28,96,42,49,51,43,94,23,33,63]",,,,66789m 223447p 67s,,,,,,,,,,,,,,
20260414005815_0500_039,20260414005815_0500,20260414005815,上級卓,0,パシフィック,107,9s,tsumogiri,1776097220,1634.881,,1,1717.594,"[44,21,26,28,96,42,49,51,43,94,23,33,63,107]",,,,66789m 223447p 679s,,,,1,1,3,,0,,,,,,
20260414005815_0500_040,20260414005815_0500,20260414005815,上級卓,1,Ds.,111,1z,tedashi,1776097223,1944.246,,1,4507.942,"[44,21,26,28,96,42,49,51,43,94,23,33,63]",,,,66789m 223447p 67s,,,,,,,,,,,,,,
20260414005815_0500_041,20260414005815_0500,20260414005815,上級卓,2,yhm,0,1m,risekichu_hokan_tsumogiri,1776097230,2457.697,,0,,"[44,21,26,28,96,42,49,51,43,94,23,33,63]",,,,66789m 223447p 67s,,,,,,,,,,,,,,
20260414005815_0500_042,20260414005815_0500,20260414005815,上級卓,3,matsu_r,7,2m,risekichu_hokan_tsumogiri,1776097234,3368.518,,0,,"[44,21,26,28,96,42,49,51,43,94,23,33,63]",,,,66789m 223447p 67s,,,,,,,,,,,,,,
20260414005815_0500_043,20260414005815_0500,20260414005815,上級卓,0,パシフィック,104,9s,tsumogiri,1776097235,1428.244,,1,1227.424,"[44,21,26,28,96,42,49,51,43,94,23,33,63,104]",,,,66789m 223447p 679s,,,,1,1,3,,0,,,,,,
20260414005815_0500_044,20260414005815_0500,20260414005815,上級卓,1,Ds.,88,r5s,risekichu_hokan_tsumogiri,1776097239,3077.969,,0,,"[44,21,26,28,96,42,49,51,43,94,23,33,63]",,,,66789m 223447p 67s,,,,,,,,,,,,,,
20260414005815_0500_045,20260414005815_0500,20260414005815,上級卓,2,yhm,78,2s,risekichu_hokan_tsumogiri,1776097242,2377.22,,0,,"[44,21,26,28,96,42,49,51,43,94,23,33,63]",,,,66789m 223447p 67s,,,,,,,,,,,,,,
20260414005815_0500_046,20260414005815_0500,20260414005815,上級卓,3,matsu_r,77,2s,risekichu_hokan_tsumogiri,1776097244,2873.262,,0,,"[44,21,26,28,96,42,49,51,43,94,23,33,63]",,,,66789m 223447p 67s,,,,,,,,,,,,,,
20260414005815_0500_047,20260414005815_0500,20260414005815,上級卓,0,パシフィック,86,4s,tsumogiri,1776097246,1519.074,,0,,"[44,21,26,28,96,42,49,51,43,94,23,33,63,86]",,,,66789m 223447p 467s,,,,1,1,3,,0,,,,,,
20260414005815_0500_048,20260414005815_0500,20260414005815,上級卓,1,Ds.,8,3m,tedashi,1776097249,2779.178,,2,5599.309,"[44,21,26,28,96,42,49,51,43,94,23,33,63]",,,,66789m 223447p 67s,,,,,,,,,,,,,,
20260414005815_0500_049,20260414005815_0500,20260414005815,上級卓,2,yhm,66,8p,tedashi,1776097259,4602.102,,1,1941.6,"[44,21,26,28,96,42,49,51,43,94,23,33,63]",,,,66789m 223447p 67s,,,,,,,,,,,,,,
20260414005815_0500_050,20260414005815_0500,20260414005815,上級卓,3,matsu_r,70,9p,risekichu_hokan_tsumogiri,1776097264,3296.133,,0,,"[44,21,26,28,96,42,49,51,43,94,23,33,63]",,,,66789m 223447p 67s,,,,,,,,,,,,,,
20260414005815_0500_051,20260414005815_0500,20260414005815,上級卓,0,パシフィック,128,6z,tsumogiri,1776097266,1694.145,,2,2293.147,"[44,21,26,28,96,42,49,51,43,94,23,33,63,128]",,,,66789m 223447p 67s 6z,,,,1,1,3,,0,,,,,,
20260414005815_0500_052,20260414005815_0500,20260414005815,上級卓,3,matsu_r,89,5s,tedashi,1776097272,3485.273,,6,229.328,"[44,21,26,28,96,42,49,51,43,94,23,33,63]",,,,66789m 223447p 67s,,,,,,,,,,,,,,
20260414005815_0500_053,20260414005815_0500,20260414005815,上級卓,0,パシフィック,42,2p,tedashi,1776097274,1768.423,,0,,"[44,21,26,28,96,42,49,51,43,94,23,33,63,65]",,,,66789m 2234478p 67s,,,,1,1,3,,0,,,,,,
20260414005815_0500_054,20260414005815_0500,20260414005815,上級卓,1,Ds.,108,1z,tedashi,1776097276,2669.294,,2,2528.17,"[44,21,26,28,96,49,51,43,94,23,33,63,65]",,,,66789m 234478p 67s,,,,,,,,,,,,,,
20260414005815_0500_055,20260414005815_0500,20260414005815,上級卓,3,matsu_r,22,6m,tedashi,1776097281,1779.384,,6,203.887,"[44,21,26,28,96,49,51,43,94,23,33,63,65]",,,,66789m 234478p 67s,,,,,,,,,,,,,,
20260414005815_0500_056,20260414005815_0500,20260414005815,上級卓,0,パシフィック,49,4p,tedashi,1776097283,1879.298,,1,1050.434,"[44,21,26,28,96,49,51,43,94,23,33,63,65,13]",,,,466789m 234478p 67s,,,,1,1,4,,0,,,,,,
20260414005815_0500_057,20260414005815_0500,20260414005815,上級卓,1,Ds.,117,3z,tedashi,1776097286,609.957,1617.927,0,,"[44,21,26,28,96,51,43,94,23,33,63,65,13]",,,,466789m 23478p 67s,,,,,,,,,,,,,,
20260414005815_0500_058,20260414005815_0500,20260414005815,上級卓,2,yhm,121,4z,tedashi,1776097289,2779.169,,0,,"[44,21,26,28,96,51,43,94,23,33,63,65,13]",,,,466789m 23478p 67s,,,,,,,,,,,,,,
20260414005815_0500_059,20260414005815_0500,20260414005815,上級卓,3,matsu_r,126,5z,risekichu_hokan_tsumogiri,1776097292,3270.128,,0,,"[44,21,26,28,96,51,43,94,23,33,63,65,13]",,,,466789m 23478p 67s,,,,,,,,,,,,,,
20260414005815_0500_060,20260414005815_0500,20260414005815,上級卓,0,パシフィック,9,3m,tsumogiri,1776097294,1772.57,,0,,"[44,21,26,28,96,51,43,94,23,33,63,65,13,9]",,,,3466789m 23478p 67s,,,,1,1,5,,0,,,,,,
20260414005815_0500_061,20260414005815_0500,20260414005815,上級卓,1,Ds.,91,5s,risekichu_hokan_tsumogiri,1776097295,724.59,,0,,"[44,21,26,28,96,51,43,94,23,33,63,65,13]",,,,466789m 23478p 67s,,,,,,,,,,,,,,
20260414005815_0500_062,20260414005815_0500,20260414005815,上級卓,2,yhm,129,6z,tedashi,1776097298,3508.834,,0,,"[44,21,26,28,96,51,43,94,23,33,63,65,13]",,,,466789m 23478p 67s,,,,,,,,,,,,,,
20260414005815_0500_063,20260414005815_0500,20260414005815,上級卓,3,matsu_r,69,9p,risekichu_hokan_tsumogiri,1776097302,3822.829,,6,214.928,"[44,21,26,28,96,51,43,94,23,33,63,65,13]",,,,466789m 23478p 67s,,,,,,,,,,,,,,
20260414005815_0500_064,20260414005815_0500,20260414005815,上級卓,0,パシフィック,13,4m,tedashi,1776097304,1610.569,,0,,"[44,21,26,28,96,51,43,94,23,33,63,65,13,62]",,,,466789m 234778p 67s,,,,1,1,4,,0,,,,,,
20260414005815_0500_065,20260414005815_0500,20260414005815,上級卓,1,Ds.,124,5z,risekichu_hokan_tsumogiri,1776097304,730.466,,0,,"[44,21,26,28,96,51,43,94,23,33,63,65,62]",,,,66789m 234778p 67s,,,,,,,,,,,,,,
20260414005815_0500_066,20260414005815_0500,20260414005815,上級卓,2,yhm,36,1p,tedashi,1776097312,7997.297,,0,,"[44,21,26,28,96,51,43,94,23,33,63,65,62]",,,,66789m 234778p 67s,,,,,,,,,,,,,,
20260414005815_0500_067,20260414005815_0500,20260414005815,上級卓,3,matsu_r,24,7m,tedashi,1776097318,6015.666,,6,205.695,"[44,21,26,28,96,51,43,94,23,33,63,65,62]",,,,66789m 234778p 67s,,,,,,,,,,,,,,
20260414005815_0500_068,20260414005815_0500,20260414005815,上級卓,0,パシフィック,62,7p,tedashi,1776097323,2078.892,1842.688,2,2086.904,"[44,21,26,28,96,51,43,94,23,33,63,65,62,100]",,,,66789m 234778p 678s,,,,0,0,4,69p,1,,,,,,
20260414005815_0500_069,20260414005815_0500,20260414005815,上級卓,3,matsu_r,18,5m,tedashi,1776097327,1934.436,,0,,"[44,21,26,28,96,51,43,94,23,33,63,65,100]",,,,66789m 23478p 678s,,,,,,,,,,,,,,
20260414005815_0501_000,20260414005815_0501,20260414005815,上級卓,1,Ds.,39,1p,tedashi,1776097346,,,1,1434.409,"[51,40,119,52,37,35,97,1,12,3,46,77,16]",,,,114r59m 1234r5p 27s 3z,,,,,,,,,,,,,,
20260414005815_0501_001,20260414005815_0501,20260414005815,上級卓,2,yhm,71,9p,tedashi,1776097350,2567.301,,0,,"[51,40,119,52,37,35,97,1,12,3,46,77,16]",,,,114r59m 1234r5p 27s 3z,,,,,,,,,,,,,,
20260414005815_0501_002,20260414005815_0501,20260414005815,上級卓,3,matsu_r,120,4z,tedashi,1776097353,2868.726,,0,,"[51,40,119,52,37,35,97,1,12,3,46,77,16]",,,,114r59m 1234r5p 27s 3z,,,,,,,,,,,,,,
20260414005815_0501_003,20260414005815_0501,20260414005815,上級卓,0,パシフィック,119,3z,tedashi,1776097356,3033.958,,0,,"[51,40,119,52,37,35,97,1,12,3,46,77,16,112]",,,,114r59m 1234r5p 27s 23z,,,,3,3,5,,0,,,,,,
20260414005815_0501_004,20260414005815_0501,20260414005815,上級卓,1,Ds.,68,9p,tedashi,1776097359,2367.416,,0,,"[51,40,52,37,35,97,1,12,3,46,77,16,112]",,,,114r59m 1234r5p 27s 2z,,,,,,,,,,,,,,
20260414005815_0501_005,20260414005815_0501,20260414005815,上級卓,2,yhm,135,7z,tedashi,1776097363,4216.261,,0,,"[51,40,52,37,35,97,1,12,3,46,77,16,112]",,,,114r59m 1234r5p 27s 2z,,,,,,,,,,,,,,
20260414005815_0501_006,20260414005815_0501,20260414005815,上級卓,3,matsu_r,110,1z,tedashi,1776097366,2903.288,,0,,"[51,40,52,37,35,97,1,12,3,46,77,16,112]",,,,114r59m 1234r5p 27s 2z,,,,,,,,,,,,,,
20260414005815_0501_007,20260414005815_0501,20260414005815,上級卓,0,パシフィック,132,7z,tsumogiri,1776097369,3140.975,,0,,"[51,40,52,37,35,97,1,12,3,46,77,16,112,132]",,,,114r59m 1234r5p 27s 27z,,,,3,3,5,,0,,,,,,
20260414005815_0501_008,20260414005815_0501,20260414005815,上級卓,1,Ds.,131,6z,risekichu_hokan_tsumogiri,1776097371,1738.082,,0,,"[51,40,52,37,35,97,1,12,3,46,77,16,112]",,,,114r59m 1234r5p 27s 2z,,,,,,,,,,,,,,
20260414005815_0501_009,20260414005815_0501,20260414005815,上級卓,2,yhm,92,6s,tedashi,1776097374,3382.397,,0,,"[51,40,52,37,35,97,1,12,3,46,77,16,112]",,,,114r59m 1234r5p 27s 2z,,,,,,,,,,,,,,
20260414005815_0501_010,20260414005815_0501,20260414005815,上級卓,3,matsu_r,117,3z,tedashi,1776097377,3319.856,,1,1763.085,"[51,40,52,37,35,97,1,12,3,46,77,16,112]",,,,114r59m 1234r5p 27s 2z,,,,,,,,,,,,,,
20260414005815_0501_011,20260414005815_0501,20260414005815,上級卓,0,パシフィック,35,9m,tedashi,1776097381,1518.412,,1,2115.353,"[51,40,52,37,35,97,1,12,3,46,77,16,112,115]",,,,114r59m 1234r5p 27s 22z,,,,2,2,4,,0,,,,,,
20260414005815_0501_012,20260414005815_0501,20260414005815,上級卓,1,Ds.,108,1z,tedashi,1776097386,3166.388,,0,,"[51,40,52,37,97,1,12,3,46,77,16,112,115]",,,,114r5m 1234r5p 27s 22z,,,,,,,,,,,,,,
20260414005815_0501_013,20260414005815_0501,20260414005815,上級卓,2,yhm,58,6p,tedashi,1776097388,1823.938,,0,,"[51,40,52,37,97,1,12,3,46,77,16,112,115]",,,,114r5m 1234r5p 27s 22z,,,,,,,,,,,,,,
20260414005815_0501_014,20260414005815_0501,20260414005815,上級卓,3,matsu_r,105,9s,risekichu_hokan_tsumogiri,1776097391,3575.913,,0,,"[51,40,52,37,97,1,12,3,46,77,16,112,115]",,,,114r5m 1234r5p 27s 22z,,,,,,,,,,,,,,
20260414005815_0501_015,20260414005815_0501,20260414005815,上級卓,0,パシフィック,37,1p,tedashi,1776097393,1550.142,,0,,"[51,40,52,37,97,1,12,3,46,77,16,112,115,50]",,,,114r5m 12344r5p 27s 22z,,,,2,2,3,,0,,,,,,
20260414005815_0501_016,20260414005815_0501,20260414005815,上級卓,1,Ds.,15,4m,tedashi,1776097396,3620.312,,1,1403.66,"[51,40,52,97,1,12,3,46,77,16,112,115,50]",,,,114r5m 2344r5p 27s 22z,,,,,,,,,,,,,,
20260414005815_0501_017,20260414005815_0501,20260414005815,上級卓,2,yhm,94,6s,risekichu_hokan_tsumogiri,1776097399,1339.383,,0,,"[51,40,52,97,1,12,3,46,77,16,112,115,50]",,,,114r5m 2344r5p 27s 22z,,,,,,,,,,,,,,
20260414005815_0501_018,20260414005815_0501,20260414005815,上級卓,3,matsu_r,104,9s,risekichu_hokan_tsumogiri,1776097402,2683.222,,0,,"[51,40,52,97,1,12,3,46,77,16,112,115,50]",,,,114r5m 2344r5p 27s 22z,,,,,,,,,,,,,,
20260414005815_0501_019,20260414005815_0501,20260414005815,上級卓,0,パシフィック,97,7s,tedashi,1776097403,1444.366,,0,,"[51,40,52,97,1,12,3,46,77,16,112,115,50,4]",,,,1124r5m 2344r5p 27s 22z,,,,2,2,3,,0,,,,,,
20260414005815_0501_020,20260414005815_0501,20260414005815,上級卓,1,Ds.,7,2m,tedashi,1776097408,4680.88,,0,,"[51,40,52,1,12,3,46,77,16,112,115,50,4]",,,,1124r5m 2344r5p 2s 22z,,,,,,,,,,,,,,
20260414005815_0501_021,20260414005815_0501,20260414005815,上級卓,2,yhm,128,6z,tedashi,1776097413,4802.027,,0,,"[51,40,52,1,12,3,46,77,16,112,115,50,4]",,,,1124r5m 2344r5p 2s 22z,,,,,,,,,,,,,,
20260414005815_0501_022,20260414005815_0501,20260414005815,上級卓,3,matsu_r,127,5z,tedashi,1776097416,3291.132,,0,,"[51,40,52,1,12,3,46,77,16,112,115,50,4]",,,,1124r5m 2344r5p 2s 22z,,,,,,,,,,,,,,
20260414005815_0501_023,20260414005815_0501,20260414005815,上級卓,0,パシフィック,77,2s,tedashi,1776097418,1606.266,,1,1381.646,"[51,40,52,1,12,3,46,77,16,112,115,50,4,22]",,,,1124r56m 2344r5p 2s 22z,,,,1,1,3,,0,,,,,,
20260414005815_0501_024,20260414005815_0501,20260414005815,上級卓,1,Ds.,29,8m,risekichu_hokan_tsumogiri,1776097421,1478.534,,1,1373.425,"[51,40,52,1,12,3,46,16,112,115,50,4,22]",,,,1124r56m 2344r5p 22z,,,,,,,,,,,,,,
20260414005815_0501_025,20260414005815_0501,20260414005815,上級卓,2,yhm,93,6s,risekichu_hokan_tsumogiri,1776097423,1250.672,,0,,"[51,40,52,1,12,3,46,16,112,115,50,4,22]",,,,1124r56m 2344r5p 22z,,,,,,,,,,,,,,
20260414005815_0501_026,20260414005815_0501,20260414005815,上級卓,3,matsu_r,76,2s,tedashi,1776097429,5495.687,,0,,"[51,40,52,1,12,3,46,16,112,115,50,4,22]",,,,1124r56m 2344r5p 22z,,,,,,,,,,,,,,
20260414005815_0501_027,20260414005815_0501,20260414005815,上級卓,0,パシフィック,121,4z,tsumogiri,1776097430,1618.56,,0,,"[51,40,52,1,12,3,46,16,112,115,50,4,22,121]",,,,1124r56m 2344r5p 224z,,,,1,1,3,,0,,,,,,
20260414005815_0501_028,20260414005815_0501,20260414005815,上級卓,1,Ds.,86,4s,tedashi,1776097433,2894.082,,0,,"[51,40,52,1,12,3,46,16,112,115,50,4,22]",,,,1124r56m 2344r5p 22z,,,,,,,,,,,,,,
20260414005815_0501_029,20260414005815_0501,20260414005815,上級卓,2,yhm,66,8p,risekichu_hokan_tsumogiri,1776097435,1738.037,,0,,"[51,40,52,1,12,3,46,16,112,115,50,4,22]",,,,1124r56m 2344r5p 22z,,,,,,,,,,,,,,
20260414005815_0501_030,20260414005815_0501,20260414005815,上級卓,3,matsu_r,111,1z,risekichu_hokan_tsumogiri,1776097438,3173.973,,0,,"[51,40,52,1,12,3,46,16,112,115,50,4,22]",,,,1124r56m 2344r5p 22z,,,,,,,,,,,,,,
20260414005815_0501_031,20260414005815_0501,20260414005815,上級卓,0,パシフィック,126,5z,tsumogiri,1776097440,1512.103,,0,,"[51,40,52,1,12,3,46,16,112,115,50,4,22,126]",,,,1124r56m 2344r5p 225z,,,,1,1,3,,0,,,,,,
20260414005815_0501_032,20260414005815_0501,20260414005815,上級卓,1,Ds.,101,8s,tedashi,1776097445,5677.228,,0,,"[51,40,52,1,12,3,46,16,112,115,50,4,22]",,,,1124r56m 2344r5p 22z,,,,,,,,,,,,,,
20260414005815_0501_033,20260414005815_0501,20260414005815,上級卓,2,yhm,130,6z,tedashi,1776097448,2502.552,,0,,"[51,40,52,1,12,3,46,16,112,115,50,4,22]",,,,1124r56m 2344r5p 22z,,,,,,,,,,,,,,
20260414005815_0501_034,20260414005815_0501,20260414005815,上級卓,3,matsu_r,106,9s,risekichu_hokan_tsumogiri,1776097451,3011.614,,0,,"[51,40,52,1,12,3,46,16,112,115,50,4,22]",,,,1124r56m 2344r5p 22z,,,,,,,,,,,,,,
20260414005815_0501_035,20260414005815_0501,20260414005815,上級卓,0,パシフィック,69,9p,tsumogiri,1776097453,1762.908,,0,,"[51,40,52,1,12,3,46,16,112,115,50,4,22,69]",,,,1124r56m 2344r59p 22z,,,,1,1,3,,0,,,,,,
20260414005815_0501_036,20260414005815_0501,20260414005815,上級卓,1,Ds.,38,1p,risekichu_hokan_tsumogiri,1776097455,2330.053,,1,1629.278,"[51,40,52,1,12,3,46,16,112,115,50,4,22]",,,,1124r56m 2344r5p 22z,,,,,,,,,,,,,,
20260414005815_0501_037,20260414005815_0501,20260414005815,上級卓,2,yhm,96,7s,risekichu_hokan_tsumogiri,1776097458,1916.938,,0,,"[51,40,52,1,12,3,46,16,112,115,50,4,22]",,,,1124r56m 2344r5p 22z,,,,,,,,,,,,,,
20260414005815_0501_038,20260414005815_0501,20260414005815,上級卓,3,matsu_r,70,9p,tedashi,1776097464,5052.904,,0,,"[51,40,52,1,12,3,46,16,112,115,50,4,22]",,,,1124r56m 2344r5p 22z,,,,,,,,,,,,,,
20260414005815_0501_039,20260414005815_0501,20260414005815,上級卓,0,パシフィック,98,7s,tsumogiri,1776097465,1555.165,,0,,"[51,40,52,1,12,3,46,16,112,115,50,4,22,98]",,,,1124r56m 2344r5p 7s 22z,,,,1,1,3,,0,,,,,,
20260414005815_0501_040,20260414005815_0501,20260414005815,上級卓,1,Ds.,73,1s,tedashi,1776097469,858.607,2849.947,1,1747.247,"[51,40,52,1,12,3,46,16,112,115,50,4,22]",,,,1124r56m 2344r5p 22z,,,,,,,,,,,,,,
20260414005815_0501_041,20260414005815_0501,20260414005815,上級卓,2,yhm,129,6z,risekichu_hokan_tsumogiri,1776097474,3032.334,,0,,"[51,40,52,1,12,3,46,16,112,115,50,4,22]",,,,1124r56m 2344r5p 22z,,,,,,,,,,,,,,
20260414005815_0501_042,20260414005815_0501,20260414005815,上級卓,3,matsu_r,6,2m,tedashi,1776097479,5416.456,,0,,"[51,40,52,1,12,3,46,16,112,115,50,4,22]",,,,1124r56m 2344r5p 22z,,,,,,,,,,,,,,
20260414005815_0501_043,20260414005815_0501,20260414005815,上級卓,0,パシフィック,12,4m,tedashi,1776097481,1696.058,,0,,"[51,40,52,1,12,3,46,16,112,115,50,4,22,13]",,,,11244r56m 2344r5p 22z,,,,1,1,2,,0,,,,,,
20260414012700_0000_000,20260414012700_0000,20260414012700,一般卓,3,ABCDC,115,2z,tedashi,1776097625,,,0,,"[31,19,29,36,98,117,126,32,38,13,123,114,70]",,,,45889m 119p 7s 2345z,,,,,,,,,,,,,,
20260414012700_0000_001,20260414012700_0000,20260414012700,一般卓,0,パシフィック,117,3z,tedashi,1776097635,10128.745,,0,,"[31,19,29,36,98,117,126,32,38,13,123,114,70,133]",,,,45889m 119p 7s 23457z,,,,4,5,4,,0,,,,,,
20260414012700_0000_002,20260414012700_0000,20260414012700,一般卓,1,あゆひな68,120,4z,tedashi,1776097638,3341.842,,0,,"[31,19,29,36,98,126,32,38,13,123,114,70,133]",,,,45889m 119p 7s 2457z,,,,,,,,,,,,,,
20260414012700_0000_003,20260414012700_0000,20260414012700,一般卓,2,霜一八,121,4z,tedashi,1776097640,1582.726,,0,,"[31,19,29,36,98,126,32,38,13,123,114,70,133]",,,,45889m 119p 7s 2457z,,,,,,,,,,,,,,
20260414012700_0000_004,20260414012700_0000,20260414012700,一般卓,3,ABCDC,4,2m,risekichu_hokan_tsumogiri,1776097642,2325.901,,0,,"[31,19,29,36,98,126,32,38,13,123,114,70,133]",,,,45889m 119p 7s 2457z,,,,,,,,,,,,,,
20260414012700_0000_005,20260414012700_0000,20260414012700,一般卓,0,パシフィック,123,4z,tedashi,1776097655,12687.597,,0,,"[31,19,29,36,98,126,32,38,13,123,114,70,133,95]",,,,45889m 119p 67s 2457z,,,,4,4,4,,0,,,,,,
20260414012700_0000_006,20260414012700_0000,20260414012700,一般卓,1,あゆひな68,1,1m,tedashi,1776097657,2577.234,,0,,"[31,19,29,36,98,126,32,38,13,114,70,133,95]",,,,45889m 119p 67s 257z,,,,,,,,,,,,,,
20260414012700_0000_007,20260414012700_0000,20260414012700,一般卓,2,霜一八,11,3m,tedashi,1776097667,9930.073,,0,,"[31,19,29,36,98,126,32,38,13,114,70,133,95]",,,,45889m 119p 67s 257z,,,,,,,,,,,,,,
20260414012700_0000_008,20260414012700_0000,20260414012700,一般卓,3,ABCDC,104,9s,tedashi,1776097669,2235.129,,0,,"[31,19,29,36,98,126,32,38,13,114,70,133,95]",,,,45889m 119p 67s 257z,,,,,,,,,,,,,,
20260414012700_0000_009,20260414012700_0000,20260414012700,一般卓,0,パシフィック,114,2z,tedashi,1776097676,6706.111,,0,,"[31,19,29,36,98,126,32,38,13,114,70,133,95,91]",,,,45889m 119p 567s 257z,,,,3,3,4,,0,,,,,,
20260414012700_0000_010,20260414012700_0000,20260414012700,一般卓,1,あゆひな68,105,9s,tedashi,1776097680,3591.912,,0,,"[31,19,29,36,98,126,32,38,13,70,133,95,91]",,,,45889m 119p 567s 57z,,,,,,,,,,,,,,
20260414012700_0000_011,20260414012700_0000,20260414012700,一般卓,2,霜一八,64,8p,tedashi,1776097684,4499.48,,1,1333.984,"[31,19,29,36,98,126,32,38,13,70,133,95,91]",,,,45889m 119p 567s 57z,,,,,,,,,,,,,,
20260414012700_0000_012,20260414012700_0000,20260414012700,一般卓,3,ABCDC,76,2s,tedashi,1776097687,1742.984,,0,,"[31,19,29,36,98,126,32,38,13,70,133,95,91]",,,,45889m 119p 567s 57z,,,,,,,,,,,,,,
20260414012700_0000_013,20260414012700_0000,20260414012700,一般卓,0,パシフィック,98,7s,tedashi,1776097694,6691.572,,0,,"[31,19,29,36,98,126,32,38,13,70,133,95,91,127]",,,,45889m 119p 567s 557z,,,,2,2,3,,0,,,,,,
20260414012700_0000_017,20260414012700_0000,20260414012700,一般卓,0,パシフィック,133,7z,tedashi,1776097709,1755.21,,2,893.281,"[13,19,29,31,32,36,38,70,91,95,126,127,133,41]",,,,45889m 1129p 56s 557z,,,,3,3,3,,0,,,,,,
20260414012700_0000_018,20260414012700_0000,20260414012700,一般卓,3,ABCDC,23,6m,tedashi,1776097711,807.864,,1,3193.073,"[13,19,29,31,32,36,38,70,91,95,126,127,41]",,,,45889m 1129p 56s 55z,,,,,,,,,,,,,,
20260414012700_0000_019,20260414012700_0000,20260414012700,一般卓,0,パシフィック,70,9p,tedashi,1776097715,654.612,,0,,"[13,19,29,31,32,36,38,70,91,95,126,127,41,122]",,,,45889m 1129p 56s 455z,,,,3,3,3,,0,,,,,,
20260414012700_0000_020,20260414012700_0000,20260414012700,一般卓,1,あゆひな68,25,7m,tedashi,1776097719,4590.099,,1,2681.34,"[13,19,29,31,32,36,38,91,95,126,127,41,122]",,,,45889m 112p 56s 455z,,,,,,,,,,,,,,
20260414012700_0000_021,20260414012700_0000,20260414012700,一般卓,2,霜一八,109,1z,risekichu_hokan_tsumogiri,1776097723,1158.171,,1,3050.326,"[13,19,29,31,32,36,38,91,95,126,127,41,122]",,,,45889m 112p 56s 455z,,,,,,,,,,,,,,
20260414012700_0000_022,20260414012700_0000,20260414012700,一般卓,3,ABCDC,59,6p,tedashi,1776097729,2483.267,,1,2128.214,"[13,19,29,31,32,36,38,91,95,126,127,41,122]",,,,45889m 112p 56s 455z,,,,,,,,,,,,,,
20260414012700_0000_023,20260414012700_0000,20260414012700,一般卓,0,パシフィック,39,1p,tsumogiri,1776097747,16205.675,,0,,"[13,19,29,31,32,36,38,91,95,126,127,41,122,39]",,,,45889m 1112p 56s 455z,,,,2,2,3,,0,,,,,,
20260414012700_0000_024,20260414012700_0000,20260414012700,一般卓,1,あゆひな68,73,1s,tedashi,1776097752,4630.287,,0,,"[13,19,29,31,32,36,38,91,95,126,127,41,122]",,,,45889m 112p 56s 455z,,,,,,,,,,,,,,
20260414012700_0000_025,20260414012700_0000,20260414012700,一般卓,2,霜一八,106,9s,tedashi,1776097759,7480.911,,0,,"[13,19,29,31,32,36,38,91,95,126,127,41,122]",,,,45889m 112p 56s 455z,,,,,,,,,,,,,,
20260414012700_0000_026,20260414012700_0000,20260414012700,一般卓,3,ABCDC,35,9m,tedashi,1776097761,1833.427,,0,,"[13,19,29,31,32,36,38,91,95,126,127,41,122]",,,,45889m 112p 56s 455z,,,,,,,,,,,,,,
20260414012700_0000_027,20260414012700_0000,20260414012700,一般卓,0,パシフィック,36,1p,tedashi,1776097765,3764.891,,0,,"[13,19,29,31,32,36,38,91,95,126,127,41,122,45]",,,,45889m 1123p 56s 455z,,,,2,2,3,,0,,,,,,
20260414012700_0000_028,20260414012700_0000,20260414012700,一般卓,1,あゆひな68,97,7s,risekichu_hokan_tsumogiri,1776097767,2393.576,,0,,"[13,19,29,31,32,38,91,95,126,127,41,122,45]",,,,45889m 123p 56s 455z,,,,,,,,,,,,,,
20260414012700_0000_029,20260414012700_0000,20260414012700,一般卓,2,霜一八,100,8s,tedashi,1776097770,2580.264,,0,,"[13,19,29,31,32,38,91,95,126,127,41,122,45]",,,,45889m 123p 56s 455z,,,,,,,,,,,,,,
20260414012700_0000_030,20260414012700_0000,20260414012700,一般卓,3,ABCDC,118,3z,tedashi,1776097772,1813.009,,0,,"[13,19,29,31,32,38,91,95,126,127,41,122,45]",,,,45889m 123p 56s 455z,,,,,,,,,,,,,,
20260414012700_0000_034,20260414012700_0000,20260414012700,一般卓,3,ABCDC,128,6z,risekichu_hokan_tsumogiri,1776097784,1148.458,,0,,"[13,19,29,31,32,38,41,45,91,95,122,126,127]",,,,45889m 123p 56s 455z,,,,,,,,,,,,,,
20260414012700_0000_035,20260414012700_0000,20260414012700,一般卓,0,パシフィック,2,1m,tsumogiri,1776097789,5484.21,,0,,"[13,19,29,31,32,38,41,45,91,95,122,126,127,2]",,,,145889m 123p 56s 455z,,,,2,2,4,,0,,,,,,
20260414012700_0000_041,20260414012700_0000,20260414012700,一般卓,3,ABCDC,21,6m,risekichu_hokan_tsumogiri,1776097816,1415.384,,1,1998.939,"[13,19,29,31,32,38,41,45,91,95,122,126,127]",,,,45889m 123p 56s 455z,,,,,,,,,,,,,,
20260414012700_0000_042,20260414012700_0000,20260414012700,一般卓,0,パシフィック,122,4z,tedashi,1776097820,2484.334,,0,,"[13,19,29,31,32,38,41,45,91,95,122,126,127,88]",,,,45889m 123p r556s 455z,,,,2,2,3,,0,,,,,,
20260414012700_0000_043,20260414012700_0000,20260414012700,一般卓,1,あゆひな68,63,7p,tedashi,1776097836,15318.943,,1,2190.697,"[13,19,29,31,32,38,41,45,91,95,126,127,88]",,,,45889m 123p r556s 55z,,,,,,,,,,,,,,
20260414012700_0000_044,20260414012700_0000,20260414012700,一般卓,2,霜一八,113,2z,tedashi,1776097840,2564.906,,0,,"[13,19,29,31,32,38,41,45,91,95,126,127,88]",,,,45889m 123p r556s 55z,,,,,,,,,,,,,,
20260414012700_0000_045,20260414012700_0000,20260414012700,一般卓,3,ABCDC,102,8s,tedashi,1776097843,2672.56,,0,,"[13,19,29,31,32,38,41,45,91,95,126,127,88]",,,,45889m 123p r556s 55z,,,,,,,,,,,,,,
20260414012700_0000_052,20260414012700_0000,20260414012700,一般卓,3,ABCDC,131,6z,risekichu_hokan_tsumogiri,1776097892,1264.698,,0,,"[19,29,31,32,38,41,45,88,91,95,116,126,127]",,,,5889m 123p r556s 355z,,,,,,,,,,,,,,
20260414013924_0000_000,20260414013924_0000,20260414013924,一般卓,2,ひろぼうA1,71,9p,tedashi,1776098368,,,1,2826.444,"[87,9,89,34,101,15,122,68,131,43,65,79,80]",,,,349m 289p 23458s 46z,,,,,,,,,,,,,,
20260414013924_0000_001,20260414013924_0000,20260414013924,一般卓,3,ryu1110,1,1m,tedashi,1776098373,2470.341,,0,,"[87,9,89,34,101,15,122,68,131,43,65,79,80]",,,,349m 289p 23458s 46z,,,,,,,,,,,,,,
20260414013924_0000_002,20260414013924_0000,20260414013924,一般卓,0,パシフィック,62,7p,tsumogiri,1776098390,16717.502,,0,,"[87,9,89,34,101,15,122,68,131,43,65,79,80,62]",,,,349m 2789p 23458s 46z,,,,3,3,6,,0,,,,,,
20260414013924_0000_003,20260414013924_0000,20260414013924,一般卓,1,unryu,3,1m,tedashi,1776098393,2341.402,,0,,"[87,9,89,34,101,15,122,68,131,43,65,79,80]",,,,349m 289p 23458s 46z,,,,,,,,,,,,,,
20260414013924_0000_004,20260414013924_0000,20260414013924,一般卓,2,ひろぼうA1,32,9m,risekichu_hokan_tsumogiri,1776098393,0.0,,0,,"[87,9,89,34,101,15,122,68,131,43,65,79,80]",,,,349m 289p 23458s 46z,,,,,,,,,,,,,,
20260414013924_0000_005,20260414013924_0000,20260414013924,一般卓,3,ryu1110,30,8m,risekichu_hokan_tsumogiri,1776098396,3548.191,,0,,"[87,9,89,34,101,15,122,68,131,43,65,79,80]",,,,349m 289p 23458s 46z,,,,,,,,,,,,,,
20260414013924_0000_006,20260414013924_0000,20260414013924,一般卓,0,パシフィック,76,2s,tsumogiri,1776098403,6700.681,,0,,"[87,9,89,34,101,15,122,68,131,43,65,79,80,76]",,,,349m 289p 223458s 46z,,,,3,3,5,,0,,,,,,
20260414013924_0000_020,20260414013924_0000,20260414013924,一般卓,2,ひろぼうA1,121,4z,risekichu_hokan_tsumogiri,1776098435,0.0,,0,,"[9,15,34,43,65,68,79,80,87,89,101,122,131]",,,,349m 289p 23458s 46z,,,,,,,,,,,,,,
20260414013924_0000_021,20260414013924_0000,20260414013924,一般卓,3,ryu1110,111,1z,risekichu_hokan_tsumogiri,1776098438,2906.233,,0,,"[9,15,34,43,65,68,79,80,87,89,101,122,131]",,,,349m 289p 23458s 46z,,,,,,,,,,,,,,
20260414013924_0000_022,20260414013924_0000,20260414013924,一般卓,0,パシフィック,34,9m,tedashi,1776098442,4501.328,,0,,"[9,15,34,43,65,68,79,80,87,89,101,122,131,82]",,,,349m 289p 233458s 46z,,,,3,3,5,,0,,,,,,
20260414013924_0000_023,20260414013924_0000,20260414013924,一般卓,1,unryu,133,7z,tedashi,1776098444,1519.003,,0,,"[9,15,43,65,68,79,80,87,89,101,122,131,82]",,,,34m 289p 233458s 46z,,,,,,,,,,,,,,
20260414013924_0000_024,20260414013924_0000,20260414013924,一般卓,2,ひろぼうA1,67,8p,risekichu_hokan_tsumogiri,1776098444,0.0,,1,3423.931,"[9,15,43,65,68,79,80,87,89,101,122,131,82]",,,,34m 289p 233458s 46z,,,,,,,,,,,,,,
20260414013924_0000_025,20260414013924_0000,20260414013924,一般卓,3,ryu1110,90,5s,tedashi,1776098451,1761.782,2454.255,6,222.605,"[9,15,43,65,68,79,80,87,89,101,122,131,82]",,,,34m 289p 233458s 46z,,,,,,,,,,,,,,
20260414013924_0000_026,20260414013924_0000,20260414013924,一般卓,0,パシフィック,122,4z,tedashi,1776098454,2789.342,,0,,"[9,15,43,65,68,79,80,87,89,101,122,131,82,125]",,,,34m 289p 233458s 456z,,,,3,3,5,,0,,,,,,
20260414013924_0000_027,20260414013924_0000,20260414013924,一般卓,1,unryu,39,1p,tedashi,1776098457,2608.773,,0,,"[9,15,43,65,68,79,80,87,89,101,131,82,125]",,,,34m 289p 233458s 56z,,,,,,,,,,,,,,
20260414013924_0000_028,20260414013924_0000,20260414013924,一般卓,2,ひろぼうA1,108,1z,risekichu_hokan_tsumogiri,1776098457,0.0,,0,,"[9,15,43,65,68,79,80,87,89,101,131,82,125]",,,,34m 289p 233458s 56z,,,,,,,,,,,,,,
20260414013924_0000_029,20260414013924_0000,20260414013924,一般卓,3,ryu1110,86,4s,risekichu_hokan_tsumogiri,1776098459,2030.578,,6,541.575,"[9,15,43,65,68,79,80,87,89,101,131,82,125]",,,,34m 289p 233458s 56z,,,,,,,,,,,,,,
20260414013924_0000_030,20260414013924_0000,20260414013924,一般卓,0,パシフィック,125,5z,tedashi,1776098461,1867.806,,0,,"[9,15,43,65,68,79,80,87,89,101,131,82,125,74]",,,,34m 289p 1233458s 56z,,,,2,2,5,,0,,,,,,
20260414013924_0000_031,20260414013924_0000,20260414013924,一般卓,1,unryu,38,1p,tedashi,1776098464,2135.209,,0,,"[9,15,43,65,68,79,80,87,89,101,131,82,74]",,,,34m 289p 1233458s 6z,,,,,,,,,,,,,,
20260414013924_0000_032,20260414013924_0000,20260414013924,一般卓,2,ひろぼうA1,27,7m,risekichu_hokan_tsumogiri,1776098464,0.0,,0,,"[9,15,43,65,68,79,80,87,89,101,131,82,74]",,,,34m 289p 1233458s 6z,,,,,,,,,,,,,,
20260414013924_0100_000,20260414013924_0100,20260414013924,一般卓,3,ryu1110,117,3z,tedashi,1776098486,,,0,,"[39,91,42,70,58,7,129,125,133,108,131,54,66]",,,,2m 125689p 5s 15667z,,,,,,,,,,,,,,
20260414013924_0100_001,20260414013924_0100,20260414013924,一般卓,0,パシフィック,7,2m,tedashi,1776098488,1984.514,,0,,"[39,91,42,70,58,7,129,125,133,108,131,54,66,110]",,,,2m 125689p 5s 115667z,,,,3,3,4,,0,,,,,,
20260414013924_0100_002,20260414013924_0100,20260414013924,一般卓,1,unryu,35,9m,tedashi,1776098490,2122.572,,0,,"[39,91,42,70,58,129,125,133,108,131,54,66,110]",,,,125689p 5s 115667z,,,,,,,,,,,,,,
20260414013924_0100_003,20260414013924_0100,20260414013924,一般卓,2,ひろぼうA1,24,7m,risekichu_hokan_tsumogiri,1776098490,0.0,,1,2988.457,"[39,91,42,70,58,129,125,133,108,131,54,66,110]",,,,125689p 5s 115667z,,,,,,,,,,,,,,
20260414013924_0100_004,20260414013924_0100,20260414013924,一般卓,3,ryu1110,123,4z,tedashi,1776098494,1531.164,,0,,"[39,91,42,70,58,129,125,133,108,131,54,66,110]",,,,125689p 5s 115667z,,,,,,,,,,,,,,
20260414013924_0100_005,20260414013924_0100,20260414013924,一般卓,0,パシフィック,120,4z,tsumogiri,1776098496,2075.041,,0,,"[39,91,42,70,58,129,125,133,108,131,54,66,110,120]",,,,125689p 5s 1145667z,,,,3,3,4,,0,,,,,,
20260414013924_0100_006,20260414013924_0100,20260414013924,一般卓,1,unryu,130,6z,tedashi,1776098498,1597.039,,6,196.209,"[39,91,42,70,58,129,125,133,108,131,54,66,110]",,,,125689p 5s 115667z,,,,,,,,,,,,,,
20260414013924_0100_007,20260414013924_0100,20260414013924,一般卓,2,ひろぼうA1,28,8m,risekichu_hokan_tsumogiri,1776098498,0.0,,0,,"[39,91,42,70,58,129,125,133,108,131,54,66,110]",,,,125689p 5s 115667z,,,,,,,,,,,,,,
20260414013924_0100_008,20260414013924_0100,20260414013924,一般卓,3,ryu1110,75,1s,tedashi,1776098502,3407.52,,0,,"[39,91,42,70,58,129,125,133,108,131,54,66,110]",,,,125689p 5s 115667z,,,,,,,,,,,,,,
20260414013924_0100_009,20260414013924_0100,20260414013924,一般卓,0,パシフィック,133,7z,tedashi,1776098504,2181.826,,0,,"[39,91,42,70,58,129,125,133,108,131,54,66,110,115]",,,,125689p 5s 1125667z,,,,3,3,4,,0,,,,,,
20260414013924_0100_010,20260414013924_0100,20260414013924,一般卓,1,unryu,36,1p,tedashi,1776098506,1951.815,,0,,"[39,91,42,70,58,129,125,108,131,54,66,110,115]",,,,125689p 5s 112566z,,,,,,,,,,,,,,
20260414013924_0100_011,20260414013924_0100,20260414013924,一般卓,2,ひろぼうA1,90,5s,risekichu_hokan_tsumogiri,1776098506,0.0,,1,2921.328,"[39,91,42,70,58,129,125,108,131,54,66,110,115]",,,,125689p 5s 112566z,,,,,,,,,,,,,,
20260414013924_0100_012,20260414013924_0100,20260414013924,一般卓,3,ryu1110,1,1m,tedashi,1776098512,3279.884,,0,,"[39,91,42,70,58,129,125,108,131,54,66,110,115]",,,,125689p 5s 112566z,,,,,,,,,,,,,,
20260414013924_0100_013,20260414013924_0100,20260414013924,一般卓,0,パシフィック,25,7m,tsumogiri,1776098514,2043.408,,1,1744.938,"[39,91,42,70,58,129,125,108,131,54,66,110,115,25]",,,,7m 125689p 5s 112566z,,,,3,3,4,,0,,,,,,
20260414013924_0100_014,20260414013924_0100,20260414013924,一般卓,1,unryu,47,3p,tedashi,1776098519,668.98,2296.627,0,,"[39,91,42,70,58,129,125,108,131,54,66,110,115]",,,,125689p 5s 112566z,,,,,,,,,,,,,,
20260414013924_0100_015,20260414013924_0100,20260414013924,一般卓,2,ひろぼうA1,29,8m,risekichu_hokan_tsumogiri,1776098519,0.0,,1,3694.88,"[39,91,42,70,58,129,125,108,131,54,66,110,115]",,,,125689p 5s 112566z,,,,,,,,,,,,,,
20260414013924_0100_016,20260414013924_0100,20260414013924,一般卓,3,ryu1110,37,1p,risekichu_hokan_tsumogiri,1776098525,2260.489,,0,,"[39,91,42,70,58,129,125,108,131,54,66,110,115]",,,,125689p 5s 112566z,,,,,,,,,,,,,,
20260414013924_0100_017,20260414013924_0100,20260414013924,一般卓,0,パシフィック,91,5s,tedashi,1776098529,4016.39,,0,,"[39,91,42,70,58,129,125,108,131,54,66,110,115,41]",,,,1225689p 5s 112566z,,,,3,3,3,,0,,,,,,
20260414013924_0100_018,20260414013924_0100,20260414013924,一般卓,1,unryu,5,2m,risekichu_hokan_tsumogiri,1776098529,723.591,,0,,"[39,42,70,58,129,125,108,131,54,66,110,115,41]",,,,1225689p 112566z,,,,,,,,,,,,,,
20260414013924_0100_019,20260414013924_0100,20260414013924,一般卓,2,ひろぼうA1,65,8p,risekichu_hokan_tsumogiri,1776098529,0.0,,0,,"[39,42,70,58,129,125,108,131,54,66,110,115,41]",,,,1225689p 112566z,,,,,,,,,,,,,,
20260414013924_0100_020,20260414013924_0100,20260414013924,一般卓,3,ryu1110,38,1p,risekichu_hokan_tsumogiri,1776098533,3623.529,,0,,"[39,42,70,58,129,125,108,131,54,66,110,115,41]",,,,1225689p 112566z,,,,,,,,,,,,,,
20260414013924_0100_021,20260414013924_0100,20260414013924,一般卓,0,パシフィック,115,2z,tedashi,1776098535,1556.148,,0,,"[39,42,70,58,129,125,108,131,54,66,110,115,41,50]",,,,12245689p 112566z,,,,2,2,3,,0,,,,,,
20260414013924_0100_022,20260414013924_0100,20260414013924,一般卓,1,unryu,83,3s,risekichu_hokan_tsumogiri,1776098535,745.548,,0,,"[39,42,70,58,129,125,108,131,54,66,110,41,50]",,,,12245689p 11566z,,,,,,,,,,,,,,
20260414013924_0100_023,20260414013924_0100,20260414013924,一般卓,2,ひろぼうA1,30,8m,risekichu_hokan_tsumogiri,1776098535,0.0,,1,4065.894,"[39,42,70,58,129,125,108,131,54,66,110,41,50]",,,,12245689p 11566z,,,,,,,,,,,,,,
20260414013924_0100_024,20260414013924_0100,20260414013924,一般卓,3,ryu1110,34,9m,risekichu_hokan_tsumogiri,1776098542,3087.378,,0,,"[39,42,70,58,129,125,108,131,54,66,110,41,50]",,,,12245689p 11566z,,,,,,,,,,,,,,
20260414013924_0100_025,20260414013924_0100,20260414013924,一般卓,0,パシフィック,22,6m,tsumogiri,1776098544,1404.506,,0,,"[39,42,70,58,129,125,108,131,54,66,110,41,50,22]",,,,6m 12245689p 11566z,,,,2,2,3,,0,,,,,,
20260414013924_0100_026,20260414013924_0100,20260414013924,一般卓,1,unryu,46,3p,risekichu_hokan_tsumogiri,1776098545,710.658,,0,,"[39,42,70,58,129,125,108,131,54,66,110,41,50]",,,,12245689p 11566z,,,,,,,,,,,,,,
20260414013924_0100_027,20260414013924_0100,20260414013924,一般卓,2,ひろぼうA1,126,5z,risekichu_hokan_tsumogiri,1776098545,0.0,,0,,"[39,42,70,58,129,125,108,131,54,66,110,41,50]",,,,12245689p 11566z,,,,,,,,,,,,,,
20260414013924_0100_028,20260414013924_0100,20260414013924,一般卓,3,ryu1110,106,9s,tedashi,1776098549,4189.705,,0,,"[39,42,70,58,129,125,108,131,54,66,110,41,50]",,,,12245689p 11566z,,,,,,,,,,,,,,
20260414013924_0100_029,20260414013924_0100,20260414013924,一般卓,0,パシフィック,20,6m,tsumogiri,1776098550,1244.024,,0,,"[39,42,70,58,129,125,108,131,54,66,110,41,50,20]",,,,6m 12245689p 11566z,,,,2,2,3,,0,,,,,,
20260414013924_0100_030,20260414013924_0100,20260414013924,一般卓,1,unryu,114,2z,risekichu_hokan_tsumogiri,1776098551,723.04,,0,,"[39,42,70,58,129,125,108,131,54,66,110,41,50]",,,,12245689p 11566z,,,,,,,,,,,,,,
20260414013924_0100_031,20260414013924_0100,20260414013924,一般卓,2,ひろぼうA1,112,2z,risekichu_hokan_tsumogiri,1776098551,0.0,,0,,"[39,42,70,58,129,125,108,131,54,66,110,41,50]",,,,12245689p 11566z,,,,,,,,,,,,,,
20260414013924_0100_032,20260414013924_0100,20260414013924,一般卓,3,ryu1110,135,7z,risekichu_hokan_tsumogiri,1776098554,3413.249,,0,,"[39,42,70,58,129,125,108,131,54,66,110,41,50]",,,,12245689p 11566z,,,,,,,,,,,,,,
20260414013924_0100_033,20260414013924_0100,20260414013924,一般卓,0,パシフィック,125,5z,tedashi,1776098556,1543.871,,0,,"[39,42,70,58,129,125,108,131,54,66,110,41,50,97]",,,,12245689p 7s 11566z,,,,2,2,3,,0,,,,,,
20260414013924_0100_034,20260414013924_0100,20260414013924,一般卓,1,unryu,32,9m,risekichu_hokan_tsumogiri,1776098556,733.742,,0,,"[39,42,70,58,129,108,131,54,66,110,41,50,97]",,,,12245689p 7s 1166z,,,,,,,,,,,,,,
20260414013924_0100_035,20260414013924_0100,20260414013924,一般卓,2,ひろぼうA1,69,9p,risekichu_hokan_tsumogiri,1776098556,0.0,,0,,"[39,42,70,58,129,108,131,54,66,110,41,50,97]",,,,12245689p 7s 1166z,,,,,,,,,,,,,,
20260414013924_0200_000,20260414013924_0200,20260414013924,一般卓,0,パシフィック,69,9p,tedashi,1776098575,,,0,,"[109,92,89,16,26,91,125,69,117,108,85,79,133,118]",,,,r57m 9p 24556s 113357z,,,,3,3,3,,0,,,,,,
20260414013924_0200_001,20260414013924_0200,20260414013924,一般卓,1,unryu,0,1m,tedashi,1776098577,2124.551,,0,,"[109,92,89,16,26,91,125,117,108,85,79,133,118]",,,,r57m 24556s 113357z,,,,,,,,,,,,,,
20260414013924_0200_002,20260414013924_0200,20260414013924,一般卓,2,ひろぼうA1,15,4m,risekichu_hokan_tsumogiri,1776098577,0.0,,1,2944.003,"[109,92,89,16,26,91,125,117,108,85,79,133,118]",,,,r57m 24556s 113357z,,,,,,,,,,,,,,
20260414013924_0200_003,20260414013924_0200,20260414013924,一般卓,3,ryu1110,114,2z,tedashi,1776098582,1354.65,,0,,"[109,92,89,16,26,91,125,117,108,85,79,133,118]",,,,r57m 24556s 113357z,,,,,,,,,,,,,,
20260414013924_0200_004,20260414013924_0200,20260414013924,一般卓,0,パシフィック,125,5z,tedashi,1776098586,4080.71,,0,,"[109,92,89,16,26,91,125,117,108,85,79,133,118,105]",,,,r57m 245569s 113357z,,,,3,3,3,,0,,,,,,
20260414013924_0200_005,20260414013924_0200,20260414013924,一般卓,1,unryu,74,1s,tedashi,1776098588,2023.832,,0,,"[109,92,89,16,26,91,117,108,85,79,133,118,105]",,,,r57m 245569s 11337z,,,,,,,,,,,,,,
20260414013924_0200_006,20260414013924_0200,20260414013924,一般卓,2,ひろぼうA1,65,8p,risekichu_hokan_tsumogiri,1776098588,0.0,,1,3036.932,"[109,92,89,16,26,91,117,108,85,79,133,118,105]",,,,r57m 245569s 11337z,,,,,,,,,,,,,,
20260414013924_0200_007,20260414013924_0200,20260414013924,一般卓,3,ryu1110,129,6z,tedashi,1776098592,1420.304,,0,,"[109,92,89,16,26,91,117,108,85,79,133,118,105]",,,,r57m 245569s 11337z,,,,,,,,,,,,,,
20260414013924_0200_008,20260414013924_0200,20260414013924,一般卓,0,パシフィック,133,7z,tedashi,1776098597,4501.777,,2,1390.723,"[109,92,89,16,26,91,117,108,85,79,133,118,105,29]",,,,r578m 245569s 11337z,,,,3,3,3,,0,,,,,,
20260414013924_0200_009,20260414013924_0200,20260414013924,一般卓,1,unryu,68,9p,tedashi,1776098599,597.374,,0,,"[109,92,89,16,26,91,117,108,85,79,118,105,29]",,,,r578m 245569s 1133z,,,,,,,,,,,,,,
20260414013924_0200_010,20260414013924_0200,20260414013924,一般卓,2,ひろぼうA1,120,4z,risekichu_hokan_tsumogiri,1776098599,0.0,,0,,"[109,92,89,16,26,91,117,108,85,79,118,105,29]",,,,r578m 245569s 1133z,,,,,,,,,,,,,,
20260414013924_0200_011,20260414013924_0200,20260414013924,一般卓,3,ryu1110,132,7z,tedashi,1776098602,3684.078,,0,,"[109,92,89,16,26,91,117,108,85,79,118,105,29]",,,,r578m 245569s 1133z,,,,,,,,,,,,,,
20260414013924_0200_012,20260414013924_0200,20260414013924,一般卓,0,パシフィック,126,5z,tsumogiri,1776098607,4249.664,,0,,"[109,92,89,16,26,91,117,108,85,79,118,105,29,126]",,,,r578m 245569s 11335z,,,,3,3,3,,0,,,,,,
20260414013924_0200_013,20260414013924_0200,20260414013924,一般卓,1,unryu,104,9s,tedashi,1776098609,1964.518,,0,,"[109,92,89,16,26,91,117,108,85,79,118,105,29]",,,,r578m 245569s 1133z,,,,,,,,,,,,,,
20260414013924_0200_014,20260414013924_0200,20260414013924,一般卓,2,ひろぼうA1,28,8m,risekichu_hokan_tsumogiri,1776098609,0.0,,0,,"[109,92,89,16,26,91,117,108,85,79,118,105,29]",,,,r578m 245569s 1133z,,,,,,,,,,,,,,
20260414013924_0200_015,20260414013924_0200,20260414013924,一般卓,3,ryu1110,31,8m,tedashi,1776098613,4561.245,,0,,"[109,92,89,16,26,91,117,108,85,79,118,105,29]",,,,r578m 245569s 1133z,,,,,,,,,,,,,,
20260414013924_0200_016,20260414013924_0200,20260414013924,一般卓,0,パシフィック,105,9s,tedashi,1776098615,1828.531,,0,,"[109,92,89,16,26,91,117,108,85,79,118,105,29,119]",,,,r578m 245569s 11333z,,,,2,2,3,,0,,,,,,
20260414013924_0200_017,20260414013924_0200,20260414013924,一般卓,1,unryu,103,8s,tedashi,1776098616,1344.419,,0,,"[109,92,89,16,26,91,117,108,85,79,118,29,119]",,,,r578m 24556s 11333z,,,,,,,,,,,,,,
20260414013924_0200_018,20260414013924_0200,20260414013924,一般卓,2,ひろぼうA1,46,3p,risekichu_hokan_tsumogiri,1776098616,0.0,,1,3089.025,"[109,92,89,16,26,91,117,108,85,79,118,29,119]",,,,r578m 24556s 11333z,,,,,,,,,,,,,,
20260414013924_0200_019,20260414013924_0200,20260414013924,一般卓,3,ryu1110,70,9p,tedashi,1776098622,2157.177,,0,,"[109,92,89,16,26,91,117,108,85,79,118,29,119]",,,,r578m 24556s 11333z,,,,,,,,,,,,,,
20260414013924_0200_020,20260414013924_0200,20260414013924,一般卓,0,パシフィック,38,1p,tsumogiri,1776098623,1587.036,,0,,"[109,92,89,16,26,91,117,108,85,79,118,29,119,38]",,,,r578m 1p 24556s 11333z,,,,2,2,3,,0,,,,,,
20260414013924_0200_021,20260414013924_0200,20260414013924,一般卓,1,unryu,7,2m,tedashi,1776098625,1944.195,,0,,"[109,92,89,16,26,91,117,108,85,79,118,29,119]",,,,r578m 24556s 11333z,,,,,,,,,,,,,,
20260414013924_0200_022,20260414013924_0200,20260414013924,一般卓,2,ひろぼうA1,67,8p,risekichu_hokan_tsumogiri,1776098625,0.0,,2,3473.135,"[109,92,89,16,26,91,117,108,85,79,118,29,119]",,,,r578m 24556s 11333z,,,,,,,,,,,,,,
20260414013924_0200_023,20260414013924_0200,20260414013924,一般卓,1,unryu,87,4s,tedashi,1776098629,876.309,,0,,"[109,92,89,16,26,91,117,108,85,79,118,29,119]",,,,r578m 24556s 11333z,,,,,,,,,,,,,,
20260414013924_0200_024,20260414013924_0200,20260414013924,一般卓,2,ひろぼうA1,102,8s,risekichu_hokan_tsumogiri,1776098629,0.0,,1,4090.816,"[109,92,89,16,26,91,117,108,85,79,118,29,119]",,,,r578m 24556s 11333z,,,,,,,,,,,,,,
20260414013924_0200_025,20260414013924_0200,20260414013924,一般卓,3,ryu1110,80,3s,risekichu_hokan_tsumogiri,1776098636,2569.308,,6,210.396,"[109,92,89,16,26,91,117,108,85,79,118,29,119]",,,,r578m 24556s 11333z,,,,,,,,,,,,,,
20260414013924_0200_026,20260414013924_0200,20260414013924,一般卓,0,パシフィック,81,3s,tsumogiri,1776098653,16518.433,,0,,"[109,92,89,16,26,91,117,108,85,79,118,29,119,81]",,,,r578m 234556s 11333z,,,,1,1,3,,0,,,,,,
20260414013924_0200_027,20260414013924_0200,20260414013924,一般卓,1,unryu,115,2z,risekichu_hokan_tsumogiri,1776098655,1654.824,,0,,"[109,92,89,16,26,91,117,108,85,79,118,29,119]",,,,r578m 24556s 11333z,,,,,,,,,,,,,,
20260414013924_0200_028,20260414013924_0200,20260414013924,一般卓,2,ひろぼうA1,88,r5s,risekichu_hokan_tsumogiri,1776098655,0.0,,2,6404.066,"[109,92,89,16,26,91,117,108,85,79,118,29,119]",,,,r578m 24556s 11333z,,,,,,,,,,,,,,
20260414013924_0200_029,20260414013924_0200,20260414013924,一般卓,3,ryu1110,58,6p,tedashi,1776098665,4188.426,,1,1977.699,"[109,92,89,16,26,91,117,108,85,79,118,29,119]",,,,r578m 24556s 11333z,,,,,,,,,,,,,,
20260414143934_0000_000,20260414143934_0000,20260414143934,一般卓,2,Toshie,112,2z,tedashi,1776145182,,,0,,"[3,36,105,63,126,128,82,48,33,95,27,121,55]",,,,179m 1457p 369s 456z,,,,,,,,,,,,,,
20260414143934_0000_001,20260414143934_0000,20260414143934,一般卓,3,きんぎょすくい,116,3z,tedashi,1776145184,1829.64,,1,2618.586,"[3,36,105,63,126,128,82,48,33,95,27,121,55]",,,,179m 1457p 369s 456z,,,,,,,,,,,,,,
20260414143934_0000_002,20260414143934_0000,20260414143934,一般卓,0,パシフィック,105,9s,tedashi,1776145197,10795.43,,1,3772.61,"[3,36,105,63,126,128,82,48,33,95,27,121,55,61]",,,,179m 14577p 369s 456z,,,,5,5,5,,0,,,,,,
20260414143934_0000_011,20260414143934_0000,20260414143934,一般卓,2,Toshie,117,3z,tedashi,1776145231,3506.119,,0,,"[3,27,33,36,48,55,61,63,82,95,121,126,128]",,,,179m 14577p 36s 456z,,,,,,,,,,,,,,
20260414143934_0000_012,20260414143934_0000,20260414143934,一般卓,3,きんぎょすくい,68,9p,risekichu_hokan_tsumogiri,1776145233,1821.172,,0,,"[3,27,33,36,48,55,61,63,82,95,121,126,128]",,,,179m 14577p 36s 456z,,,,,,,,,,,,,,
20260414143934_0000_013,20260414143934_0000,20260414143934,一般卓,0,パシフィック,121,4z,tedashi,1776145243,10141.424,,0,,"[3,27,33,36,48,55,61,63,82,95,121,126,128,60]",,,,179m 145777p 36s 456z,,,,4,4,5,,0,,,,,,
20260414143934_0000_014,20260414143934_0000,20260414143934,一般卓,1,深海,56,6p,tedashi,1776145247,3890.116,,0,,"[3,27,33,36,48,55,61,63,82,95,126,128,60]",,,,179m 145777p 36s 56z,,,,,,,,,,,,,,
20260414143934_0000_015,20260414143934_0000,20260414143934,一般卓,2,Toshie,67,8p,tedashi,1776145252,5312.818,,0,,"[3,27,33,36,48,55,61,63,82,95,126,128,60]",,,,179m 145777p 36s 56z,,,,,,,,,,,,,,
20260414143934_0000_016,20260414143934_0000,20260414143934,一般卓,3,きんぎょすくい,2,1m,tedashi,1776145256,4160.584,,0,,"[3,27,33,36,48,55,61,63,82,95,126,128,60]",,,,179m 145777p 36s 56z,,,,,,,,,,,,,,
20260414143934_0000_017,20260414143934_0000,20260414143934,一般卓,0,パシフィック,36,1p,tedashi,1776145264,7159.597,,0,,"[3,27,33,36,48,55,61,63,82,95,126,128,60,54]",,,,179m 1455777p 36s 56z,,,,4,4,4,,0,,,,,,
20260414143934_0000_019,20260414143934_0000,20260414143934,一般卓,2,Toshie,26,7m,tedashi,1776145274,7667.435,,0,,"[3,27,33,48,54,55,60,61,63,82,95,126,128]",,,,179m 455777p 36s 56z,,,,,,,,,,,,,,
20260414143934_0000_020,20260414143934_0000,20260414143934,一般卓,3,きんぎょすくい,31,8m,tedashi,1776145277,2862.2,,6,203.569,"[3,27,33,48,54,55,60,61,63,82,95,126,128]",,,,179m 455777p 36s 56z,,,,,,,,,,,,,,
20260414143934_0000_021,20260414143934_0000,20260414143934,一般卓,0,パシフィック,33,9m,tedashi,1776145280,2999.169,,0,,"[3,27,33,48,54,55,60,61,63,82,95,126,128,11]",,,,1379m 455777p 36s 56z,,,,3,3,4,,0,,,,,,
20260414143934_0000_022,20260414143934_0000,20260414143934,一般卓,1,深海,76,2s,risekichu_hokan_tsumogiri,1776145283,2797.202,,1,3318.449,"[3,27,48,54,55,60,61,63,82,95,126,128,11]",,,,137m 455777p 36s 56z,,,,,,,,,,,,,,
20260414143934_0000_023,20260414143934_0000,20260414143934,一般卓,2,Toshie,132,7z,risekichu_hokan_tsumogiri,1776145295,9039.289,,2,1866.406,"[3,27,48,54,55,60,61,63,82,95,126,128,11]",,,,137m 455777p 36s 56z,,,,,,,,,,,,,,
20260414143934_0000_024,20260414143934_0000,20260414143934,一般卓,1,深海,4,2m,tedashi,1776145300,2673.48,,1,2237.316,"[3,27,48,54,55,60,61,63,82,95,126,128,11]",,,,137m 455777p 36s 56z,,,,,,,,,,,,,,
20260414143934_0000_025,20260414143934_0000,20260414143934,一般卓,2,Toshie,108,1z,tedashi,1776145306,4303.227,,0,,"[3,27,48,54,55,60,61,63,82,95,126,128,11]",,,,137m 455777p 36s 56z,,,,,,,,,,,,,,
20260414143934_0000_026,20260414143934_0000,20260414143934,一般卓,3,きんぎょすくい,133,7z,tedashi,1776145309,3181.562,,0,,"[3,27,48,54,55,60,61,63,82,95,126,128,11]",,,,137m 455777p 36s 56z,,,,,,,,,,,,,,
20260414143934_0000_027,20260414143934_0000,20260414143934,一般卓,0,パシフィック,27,7m,tedashi,1776145314,4376.996,,2,1820.815,"[3,27,48,54,55,60,61,63,82,95,126,128,11,125]",,,,137m 455777p 36s 556z,,,,3,3,3,,0,,,,,,
20260414143934_0000_028,20260414143934_0000,20260414143934,一般卓,1,深海,1,1m,tedashi,1776145316,774.665,,0,,"[3,48,54,55,60,61,63,82,95,126,128,11,125]",,,,13m 455777p 36s 556z,,,,,,,,,,,,,,
20260414143934_0000_029,20260414143934_0000,20260414143934,一般卓,2,Toshie,38,1p,risekichu_hokan_tsumogiri,1776145321,4698.788,,0,,"[3,48,54,55,60,61,63,82,95,126,128,11,125]",,,,13m 455777p 36s 556z,,,,,,,,,,,,,,
20260414143934_0000_030,20260414143934_0000,20260414143934,一般卓,3,きんぎょすくい,115,2z,risekichu_hokan_tsumogiri,1776145323,1843.407,,0,,"[3,48,54,55,60,61,63,82,95,126,128,11,125]",,,,13m 455777p 36s 556z,,,,,,,,,,,,,,
20260414143934_0000_031,20260414143934_0000,20260414143934,一般卓,0,パシフィック,128,6z,tedashi,1776145325,1694.391,,2,2476.249,"[3,48,54,55,60,61,63,82,95,126,128,11,125,90]",,,,13m 455777p 356s 556z,,,,2,2,3,,0,,,,,,
20260414143934_0000_032,20260414143934_0000,20260414143934,一般卓,3,きんぎょすくい,15,4m,tedashi,1776145329,1775.475,,0,,"[3,48,54,55,60,61,63,82,95,126,11,125,90]",,,,13m 455777p 356s 55z,,,,,,,,,,,,,,
20260414143934_0000_033,20260414143934_0000,20260414143934,一般卓,0,パシフィック,21,6m,tsumogiri,1776145331,1657.211,,0,,"[3,48,54,55,60,61,63,82,95,126,11,125,90,21]",,,,136m 455777p 356s 55z,,,,2,2,3,,0,,,,,,
20260414143934_0000_034,20260414143934_0000,20260414143934,一般卓,1,深海,0,1m,risekichu_hokan_tsumogiri,1776145332,1800.185,,0,,"[3,48,54,55,60,61,63,82,95,126,11,125,90]",,,,13m 455777p 356s 55z,,,,,,,,,,,,,,
20260414143934_0000_035,20260414143934_0000,20260414143934,一般卓,2,Toshie,72,1s,tedashi,1776145340,7999.728,,2,2667.118,"[3,48,54,55,60,61,63,82,95,126,11,125,90]",,,,13m 455777p 356s 55z,,,,,,,,,,,,,,
20260414143934_0000_036,20260414143934_0000,20260414143934,一般卓,3,きんぎょすくい,85,4s,tedashi,1776145344,1368.171,,1,2745.384,"[3,48,54,55,60,61,63,82,95,126,11,125,90]",,,,13m 455777p 356s 55z,,,,,,,,,,,,,,
20260414143934_0000_037,20260414143934_0000,20260414143934,一般卓,0,パシフィック,82,3s,tedashi,1776145349,1484.231,,0,,"[3,48,54,55,60,61,63,82,95,126,11,125,90,53]",,,,13m 4555777p 356s 55z,,,,1,1,3,,0,,,,,,
20260414143934_0000_038,20260414143934_0000,20260414143934,一般卓,1,深海,89,5s,risekichu_hokan_tsumogiri,1776145353,4667.95,,1,2016.306,"[3,48,54,55,60,61,63,95,126,11,125,90,53]",,,,13m 4555777p 56s 55z,,,,,,,,,,,,,,
20260414143934_0000_039,20260414143934_0000,20260414143934,一般卓,2,Toshie,127,5z,risekichu_hokan_tsumogiri,1776145357,1457.187,,6,228.574,"[3,48,54,55,60,61,63,95,126,11,125,90,53]",,,,13m 4555777p 56s 55z,,,,,,,,,,,,,,
20260414143934_0000_040,20260414143934_0000,20260414143934,一般卓,3,きんぎょすくい,71,9p,risekichu_hokan_tsumogiri,1776145359,1852.421,,0,,"[3,48,54,55,60,61,63,95,126,11,125,90,53]",,,,13m 4555777p 56s 55z,,,,,,,,,,,,,,
20260414143934_0000_041,20260414143934_0000,20260414143934,一般卓,0,パシフィック,80,3s,tsumogiri,1776145376,16710.171,,0,,"[3,48,54,55,60,61,63,95,126,11,125,90,53,80]",,,,13m 4555777p 356s 55z,,,,1,1,3,,0,,,,,,
20260414143934_0000_042,20260414143934_0000,20260414143934,一般卓,1,深海,100,8s,risekichu_hokan_tsumogiri,1776145377,1776.149,,0,,"[3,48,54,55,60,61,63,95,126,11,125,90,53]",,,,13m 4555777p 56s 55z,,,,,,,,,,,,,,
20260414143934_0000_043,20260414143934_0000,20260414143934,一般卓,2,Toshie,77,2s,tedashi,1776145380,2864.136,,0,,"[3,48,54,55,60,61,63,95,126,11,125,90,53]",,,,13m 4555777p 56s 55z,,,,,,,,,,,,,,
20260414143934_0000_044,20260414143934_0000,20260414143934,一般卓,3,きんぎょすくい,16,r5m,risekichu_hokan_tsumogiri,1776145382,2257.262,,0,,"[3,48,54,55,60,61,63,95,126,11,125,90,53]",,,,13m 4555777p 56s 55z,,,,,,,,,,,,,,
20260414143934_0000_045,20260414143934_0000,20260414143934,一般卓,0,パシフィック,119,3z,tsumogiri,1776145390,7181.616,,0,,"[3,48,54,55,60,61,63,95,126,11,125,90,53,119]",,,,13m 4555777p 56s 355z,,,,1,1,3,,0,,,,,,
20260414143934_0000_046,20260414143934_0000,20260414143934,一般卓,1,深海,25,7m,risekichu_hokan_tsumogiri,1776145392,2393.263,,0,,"[3,48,54,55,60,61,63,95,126,11,125,90,53]",,,,13m 4555777p 56s 55z,,,,,,,,,,,,,,
20260414143934_0000_047,20260414143934_0000,20260414143934,一般卓,2,Toshie,64,8p,risekichu_hokan_tsumogiri,1776145396,4077.555,,0,,"[3,48,54,55,60,61,63,95,126,11,125,90,53]",,,,13m 4555777p 56s 55z,,,,,,,,,,,,,,
20260414143934_0000_048,20260414143934_0000,20260414143934,一般卓,3,きんぎょすくい,8,3m,risekichu_hokan_tsumogiri,1776145398,2221.683,,0,,"[3,48,54,55,60,61,63,95,126,11,125,90,53]",,,,13m 4555777p 56s 55z,,,,,,,,,,,,,,
20260414143934_0000_049,20260414143934_0000,20260414143934,一般卓,0,パシフィック,17,5m,tsumogiri,1776145407,8819.388,,0,,"[3,48,54,55,60,61,63,95,126,11,125,90,53,17]",,,,135m 4555777p 56s 55z,,,,1,1,3,,0,,,,,,
20260414143934_0100_001,20260414143934_0100,20260414143934,一般卓,0,パシフィック,126,5z,tedashi,1776145436,3252.252,,0,,"[5,61,65,67,70,74,81,88,93,101,107,109,126,37]",,,,2m 17889p 13r5689s 15z,,,,3,3,5,,0,,,,,,
20260414143934_0100_002,20260414143934_0100,20260414143934,一般卓,1,深海,71,9p,risekichu_hokan_tsumogiri,1776145439,2922.332,,0,,"[5,61,65,67,70,74,81,88,93,101,107,109,37]",,,,2m 17889p 13r5689s 1z,,,,,,,,,,,,,,
20260414143934_0100_003,20260414143934_0100,20260414143934,一般卓,2,Toshie,114,2z,tedashi,1776145442,2354.736,,0,,"[5,61,65,67,70,74,81,88,93,101,107,109,37]",,,,2m 17889p 13r5689s 1z,,,,,,,,,,,,,,
20260414143934_0100_004,20260414143934_0100,20260414143934,一般卓,3,きんぎょすくい,131,6z,tedashi,1776145444,2408.459,,0,,"[5,61,65,67,70,74,81,88,93,101,107,109,37]",,,,2m 17889p 13r5689s 1z,,,,,,,,,,,,,,
20260414143934_0100_005,20260414143934_0100,20260414143934,一般卓,0,パシフィック,109,1z,tedashi,1776145447,2514.373,,0,,"[5,61,65,67,70,74,81,88,93,101,107,109,37,122]",,,,2m 17889p 13r5689s 14z,,,,3,3,5,,0,,,,,,
20260414143934_0100_006,20260414143934_0100,20260414143934,一般卓,1,深海,115,2z,tedashi,1776145449,2090.781,,0,,"[5,61,65,67,70,74,81,88,93,101,107,37,122]",,,,2m 17889p 13r5689s 4z,,,,,,,,,,,,,,
20260414143934_0100_007,20260414143934_0100,20260414143934,一般卓,2,Toshie,0,1m,risekichu_hokan_tsumogiri,1776145452,3538.349,,0,,"[5,61,65,67,70,74,81,88,93,101,107,37,122]",,,,2m 17889p 13r5689s 4z,,,,,,,,,,,,,,
20260414143934_0100_008,20260414143934_0100,20260414143934,一般卓,3,きんぎょすくい,72,1s,risekichu_hokan_tsumogiri,1776145454,1990.114,,0,,"[5,61,65,67,70,74,81,88,93,101,107,37,122]",,,,2m 17889p 13r5689s 4z,,,,,,,,,,,,,,
20260414143934_0100_009,20260414143934_0100,20260414143934,一般卓,0,パシフィック,37,1p,tedashi,1776145458,3492.234,,0,,"[5,61,65,67,70,74,81,88,93,101,107,37,122,14]",,,,24m 17889p 13r5689s 4z,,,,3,3,5,,0,,,,,,
20260414143934_0100_010,20260414143934_0100,20260414143934,一般卓,1,深海,121,4z,tedashi,1776145459,1482.712,,0,,"[5,61,65,67,70,74,81,88,93,101,107,122,14]",,,,24m 7889p 13r5689s 4z,,,,,,,,,,,,,,
20260414143934_0100_011,20260414143934_0100,20260414143934,一般卓,2,Toshie,83,3s,tedashi,1776145468,9004.811,,1,3889.269,"[5,61,65,67,70,74,81,88,93,101,107,122,14]",,,,24m 7889p 13r5689s 4z,,,,,,,,,,,,,,
20260414143934_0100_012,20260414143934_0100,20260414143934,一般卓,3,きんぎょすくい,38,1p,tedashi,1776145475,2675.769,,0,,"[5,61,65,67,70,74,81,88,93,101,107,122,14]",,,,24m 7889p 13r5689s 4z,,,,,,,,,,,,,,
20260414143934_0100_013,20260414143934_0100,20260414143934,一般卓,0,パシフィック,122,4z,tedashi,1776145476,1394.672,,0,,"[5,61,65,67,70,74,81,88,93,101,107,122,14,105]",,,,24m 7889p 13r56899s 4z,,,,2,2,4,,0,,,,,,
20260414143934_0100_014,20260414143934_0100,20260414143934,一般卓,1,深海,108,1z,tedashi,1776145478,1657.331,,0,,"[5,61,65,67,70,74,81,88,93,101,107,14,105]",,,,24m 7889p 13r56899s,,,,,,,,,,,,,,
20260414143934_0100_015,20260414143934_0100,20260414143934,一般卓,2,Toshie,110,1z,tedashi,1776145485,6781.377,,0,,"[5,61,65,67,70,74,81,88,93,101,107,14,105]",,,,24m 7889p 13r56899s,,,,,,,,,,,,,,
20260414143934_0100_016,20260414143934_0100,20260414143934,一般卓,3,きんぎょすくい,7,2m,tedashi,1776145494,9003.19,,0,,"[5,61,65,67,70,74,81,88,93,101,107,14,105]",,,,24m 7889p 13r56899s,,,,,,,,,,,,,,
20260414143934_0100_017,20260414143934_0100,20260414143934,一般卓,0,パシフィック,65,8p,tedashi,1776145495,1719.52,,0,,"[5,61,65,67,70,74,81,88,93,101,107,14,105,29]",,,,248m 7889p 13r56899s,,,,2,2,4,,0,,,,,,
20260414143934_0100_018,20260414143934_0100,20260414143934,一般卓,1,深海,124,5z,tedashi,1776145497,1716.818,,0,,"[5,61,67,70,74,81,88,93,101,107,14,105,29]",,,,248m 789p 13r56899s,,,,,,,,,,,,,,
20260414143934_0100_019,20260414143934_0100,20260414143934,一般卓,2,Toshie,127,5z,tedashi,1776145502,4507.61,,0,,"[5,61,67,70,74,81,88,93,101,107,14,105,29]",,,,248m 789p 13r56899s,,,,,,,,,,,,,,
20260414143934_0100_020,20260414143934_0100,20260414143934,一般卓,3,きんぎょすくい,6,2m,tedashi,1776145506,4027.324,,1,2191.511,"[5,61,67,70,74,81,88,93,101,107,14,105,29]",,,,248m 789p 13r56899s,,,,,,,,,,,,,,
20260414143934_0100_021,20260414143934_0100,20260414143934,一般卓,0,パシフィック,129,6z,tsumogiri,1776145509,1446.362,,0,,"[5,61,67,70,74,81,88,93,101,107,14,105,29,129]",,,,248m 789p 13r56899s 6z,,,,2,2,5,,0,,,,,,
20260414143934_0100_022,20260414143934_0100,20260414143934,一般卓,1,深海,130,6z,tedashi,1776145513,4247.317,,0,,"[5,61,67,70,74,81,88,93,101,107,14,105,29]",,,,248m 789p 13r56899s,,,,,,,,,,,,,,
20260414143934_0100_023,20260414143934_0100,20260414143934,一般卓,2,Toshie,123,4z,tedashi,1776145517,3883.573,,0,,"[5,61,67,70,74,81,88,93,101,107,14,105,29]",,,,248m 789p 13r56899s,,,,,,,,,,,,,,
20260414143934_0100_024,20260414143934_0100,20260414143934,一般卓,3,きんぎょすくい,118,3z,risekichu_hokan_tsumogiri,1776145519,1607.178,,0,,"[5,61,67,70,74,81,88,93,101,107,14,105,29]",,,,248m 789p 13r56899s,,,,,,,,,,,,,,
20260414143934_0100_025,20260414143934_0100,20260414143934,一般卓,0,パシフィック,29,8m,tedashi,1776145521,1862.534,,0,,"[5,61,67,70,74,81,88,93,101,107,14,105,29,106]",,,,248m 789p 13r568999s,,,,2,2,5,,0,,,,,,
20260414143934_0100_026,20260414143934_0100,20260414143934,一般卓,1,深海,4,2m,risekichu_hokan_tsumogiri,1776145523,2566.372,,1,2322.938,"[5,61,67,70,74,81,88,93,101,107,14,105,106]",,,,24m 789p 13r568999s,,,,,,,,,,,,,,
20260414143934_0100_027,20260414143934_0100,20260414143934,一般卓,2,Toshie,42,2p,tedashi,1776145528,2555.405,,0,,"[5,61,67,70,74,81,88,93,101,107,14,105,106]",,,,24m 789p 13r568999s,,,,,,,,,,,,,,
20260414143934_0100_028,20260414143934_0100,20260414143934,一般卓,3,きんぎょすくい,28,8m,tedashi,1776145538,9388.344,,0,,"[5,61,67,70,74,81,88,93,101,107,14,105,106]",,,,24m 789p 13r568999s,,,,,,,,,,,,,,
20260414143934_0100_029,20260414143934_0100,20260414143934,一般卓,0,パシフィック,5,2m,tedashi,1776145539,1757.219,,0,,"[5,61,67,70,74,81,88,93,101,107,14,105,106,79]",,,,24m 789p 123r568999s,,,,1,1,5,,0,,,,,,
20260414143934_0100_030,20260414143934_0100,20260414143934,一般卓,1,深海,39,1p,tedashi,1776145542,2227.923,,0,,"[61,67,70,74,81,88,93,101,107,14,105,106,79]",,,,4m 789p 123r568999s,,,,,,,,,,,,,,
20260414143934_0100_031,20260414143934_0100,20260414143934,一般卓,2,Toshie,103,8s,tedashi,1776145544,2609.843,,0,,"[61,67,70,74,81,88,93,101,107,14,105,106,79]",,,,4m 789p 123r568999s,,,,,,,,,,,,,,
20260414143934_0100_032,20260414143934_0100,20260414143934,一般卓,3,きんぎょすくい,128,6z,risekichu_hokan_tsumogiri,1776145546,2142.83,,0,,"[61,67,70,74,81,88,93,101,107,14,105,106,79]",,,,4m 789p 123r568999s,,,,,,,,,,,,,,
20260414143934_0100_033,20260414143934_0100,20260414143934,一般卓,0,パシフィック,74,1s,tedashi,1776145548,1676.707,,0,,"[61,67,70,74,81,88,93,101,107,14,105,106,79,73]",,,,4m 789p 1123r568999s,,,,1,1,4,,0,,,,,,
20260414143934_0100_034,20260414143934_0100,20260414143934,一般卓,1,深海,76,2s,tedashi,1776145550,1880.117,,2,5338.238,"[61,67,70,81,88,93,101,107,14,105,106,79,73]",,,,4m 789p 123r568999s,,,,,,,,,,,,,,
20260414143934_0100_035,20260414143934_0100,20260414143934,一般卓,3,きんぎょすくい,84,4s,tedashi,1776145557,1579.813,,6,199.451,"[61,67,70,81,88,93,101,107,14,105,106,79,73]",,,,4m 789p 123r568999s,,,,,,,,,,,,,,
20260414143934_0100_036,20260414143934_0100,20260414143934,一般卓,0,パシフィック,105,9s,tedashi,1776145559,1792.023,,0,,"[61,67,70,81,88,93,101,107,14,105,106,79,73,104]",,,,4m 789p 123r5689999s,,,,1,1,5,,0,,,,,,
20260414143934_0100_037,20260414143934_0100,20260414143934,一般卓,1,深海,64,8p,tedashi,1776145567,8044.791,,0,,"[61,67,70,81,88,93,101,107,14,106,79,73,104]",,,,4m 789p 123r568999s,,,,,,,,,,,,,,
20260414143934_0100_038,20260414143934_0100,20260414143934,一般卓,2,Toshie,62,7p,tedashi,1776145570,3087.023,,1,2367.999,"[61,67,70,81,88,93,101,107,14,106,79,73,104]",,,,4m 789p 123r568999s,,,,,,,,,,,,,,
20260414143934_0101_000,20260414143934_0101,20260414143934,一般卓,3,きんぎょすくい,126,5z,risekichu_hokan_tsumogiri,1776145591,,,0,,"[21,50,29,40,16,65,1,79,74,84,97,111,48]",,,,1r568m 2448p 1247s 1z,,,,,,,,,,,,,,
20260414143934_0101_001,20260414143934_0101,20260414143934,一般卓,0,パシフィック,111,1z,tedashi,1776145598,7466.683,,0,,"[21,50,29,40,16,65,1,79,74,84,97,111,48,70]",,,,1r568m 24489p 1247s 1z,,,,4,4,5,,0,,,,,,
20260414143934_0101_002,20260414143934_0101,20260414143934,一般卓,1,深海,0,1m,tedashi,1776145600,2068.359,,1,2167.395,"[21,50,29,40,16,65,1,79,74,84,97,48,70]",,,,1r568m 24489p 1247s,,,,,,,,,,,,,,
20260414143934_0101_003,20260414143934_0101,20260414143934,一般卓,2,Toshie,34,9m,tedashi,1776145608,4997.901,,1,1990.003,"[21,50,29,40,16,65,1,79,74,84,97,48,70]",,,,1r568m 24489p 1247s,,,,,,,,,,,,,,
20260414143934_0101_004,20260414143934_0101,20260414143934,一般卓,3,きんぎょすくい,71,9p,risekichu_hokan_tsumogiri,1776145612,2170.338,,0,,"[21,50,29,40,16,65,1,79,74,84,97,48,70]",,,,1r568m 24489p 1247s,,,,,,,,,,,,,,
20260414143934_0101_005,20260414143934_0101,20260414143934,一般卓,0,パシフィック,1,1m,tedashi,1776145615,3197.561,,0,,"[21,50,29,40,16,65,1,79,74,84,97,48,70,12]",,,,14r568m 24489p 1247s,,,,3,3,5,,0,,,,,,
20260414143934_0101_006,20260414143934_0101,20260414143934,一般卓,1,深海,122,4z,risekichu_hokan_tsumogiri,1776145617,1955.079,,0,,"[21,50,29,40,16,65,79,74,84,97,48,70,12]",,,,4r568m 24489p 1247s,,,,,,,,,,,,,,
20260414143934_0101_007,20260414143934_0101,20260414143934,一般卓,2,Toshie,118,3z,risekichu_hokan_tsumogiri,1776145622,5197.175,,0,,"[21,50,29,40,16,65,79,74,84,97,48,70,12]",,,,4r568m 24489p 1247s,,,,,,,,,,,,,,
20260414143934_0101_008,20260414143934_0101,20260414143934,一般卓,3,きんぎょすくい,132,7z,tedashi,1776145626,4191.756,,0,,"[21,50,29,40,16,65,79,74,84,97,48,70,12]",,,,4r568m 24489p 1247s,,,,,,,,,,,,,,
20260414143934_0101_009,20260414143934_0101,20260414143934,一般卓,0,パシフィック,74,1s,tedashi,1776145628,1878.35,,0,,"[21,50,29,40,16,65,79,74,84,97,48,70,12,26]",,,,4r5678m 24489p 1247s,,,,2,2,5,,0,,,,,,
20260414143934_0101_010,20260414143934_0101,20260414143934,一般卓,1,深海,123,4z,risekichu_hokan_tsumogiri,1776145630,1920.549,,0,,"[21,50,29,40,16,65,79,84,97,48,70,12,26]",,,,4r5678m 24489p 247s,,,,,,,,,,,,,,
20260414143934_0101_011,20260414143934_0101,20260414143934,一般卓,2,Toshie,32,9m,tedashi,1776145635,4904.228,,1,1365.581,"[21,50,29,40,16,65,79,84,97,48,70,12,26]",,,,4r5678m 24489p 247s,,,,,,,,,,,,,,
20260414143934_0101_012,20260414143934_0101,20260414143934,一般卓,3,きんぎょすくい,44,3p,risekichu_hokan_tsumogiri,1776145637,1043.28,,1,1756.449,"[21,50,29,40,16,65,79,84,97,48,70,12,26]",,,,4r5678m 24489p 247s,,,,,,,,,,,,,,
20260414143934_0101_013,20260414143934_0101,20260414143934,一般卓,0,パシフィック,37,1p,tsumogiri,1776145641,1427.469,,1,1147.74,"[21,50,29,40,16,65,79,84,97,48,70,12,26,37]",,,,4r5678m 124489p 247s,,,,2,2,5,,0,,,,,,
20260414143934_0101_014,20260414143934_0101,20260414143934,一般卓,1,深海,127,5z,tedashi,1776145643,1415.927,,0,,"[21,50,29,40,16,65,79,84,97,48,70,12,26]",,,,4r5678m 24489p 247s,,,,,,,,,,,,,,
20260414143934_0101_015,20260414143934_0101,20260414143934,一般卓,2,Toshie,24,7m,tedashi,1776145646,3014.792,,1,1800.954,"[21,50,29,40,16,65,79,84,97,48,70,12,26]",,,,4r5678m 24489p 247s,,,,,,,,,,,,,,
20260414143934_0101_016,20260414143934_0101,20260414143934,一般卓,3,きんぎょすくい,121,4z,risekichu_hokan_tsumogiri,1776145649,1254.405,,0,,"[21,50,29,40,16,65,79,84,97,48,70,12,26]",,,,4r5678m 24489p 247s,,,,,,,,,,,,,,
20260414143934_0101_017,20260414143934_0101,20260414143934,一般卓,0,パシフィック,70,9p,tedashi,1776145651,1882.609,,0,,"[21,50,29,40,16,65,79,84,97,48,70,12,26,57]",,,,4r5678m 244689p 247s,,,,2,2,5,,0,,,,,,
20260414143934_0101_018,20260414143934_0101,20260414143934,一般卓,1,深海,119,3z,tedashi,1776145655,3546.855,,0,,"[21,50,29,40,16,65,79,84,97,48,12,26,57]",,,,4r5678m 24468p 247s,,,,,,,,,,,,,,
20260414143934_0101_019,20260414143934_0101,20260414143934,一般卓,2,Toshie,5,2m,tedashi,1776145661,5931.047,,1,1697.914,"[21,50,29,40,16,65,79,84,97,48,12,26,57]",,,,4r5678m 24468p 247s,,,,,,,,,,,,,,
20260414143934_0101_020,20260414143934_0101,20260414143934,一般卓,3,きんぎょすくい,35,9m,tedashi,1776145666,1267.681,2596.35,6,209.317,"[21,50,29,40,16,65,79,84,97,48,12,26,57]",,,,4r5678m 24468p 247s,,,,,,,,,,,,,,
20260414143934_0101_021,20260414143934_0101,20260414143934,一般卓,0,パシフィック,65,8p,tedashi,1776145669,2158.309,,0,,"[21,50,29,40,16,65,79,84,97,48,12,26,57,52]",,,,4r5678m 244r568p 247s,,,,2,2,5,,0,,,,,,
20260414143934_0101_022,20260414143934_0101,20260414143934,一般卓,1,深海,33,9m,tedashi,1776145671,2352.26,,0,,"[21,50,29,40,16,79,84,97,48,12,26,57,52]",,,,4r5678m 244r56p 247s,,,,,,,,,,,,,,
20260414143934_0101_023,20260414143934_0101,20260414143934,一般卓,2,Toshie,67,8p,tedashi,1776145677,6522.797,,0,,"[21,50,29,40,16,79,84,97,48,12,26,57,52]",,,,4r5678m 244r56p 247s,,,,,,,,,,,,,,
20260414143934_0101_024,20260414143934_0101,20260414143934,一般卓,3,きんぎょすくい,55,5p,risekichu_hokan_tsumogiri,1776145678,661.114,,1,706.815,"[21,50,29,40,16,79,84,97,48,12,26,57,52]",,,,4r5678m 244r56p 247s,,,,,,,,,,,,,,
20260414143934_0101_025,20260414143934_0101,20260414143934,一般卓,0,パシフィック,115,2z,tsumogiri,1776145681,1758.32,,0,,"[21,50,29,40,16,79,84,97,48,12,26,57,52,115]",,,,4r5678m 244r56p 247s 2z,,,,2,2,5,,0,,,,,,
20260414143934_0102_000,20260414143934_0102,20260414143934,一般卓,3,きんぎょすくい,75,1s,tedashi,1776145699,,,0,,"[47,82,93,98,28,118,21,90,52,125,44,102,128]",,,,68m 33r5p 35678s 356z,,,,,,,,,,,,,,
20260414143934_0102_001,20260414143934_0102,20260414143934,一般卓,0,パシフィック,118,3z,tedashi,1776145702,2837.4,,0,,"[47,82,93,98,28,118,21,90,52,125,44,102,128,9]",,,,368m 33r5p 35678s 356z,,,,3,3,5,,0,,,,,,
20260414143934_0102_002,20260414143934_0102,20260414143934,一般卓,1,深海,36,1p,tedashi,1776145704,1789.358,,0,,"[47,82,93,98,28,21,90,52,125,44,102,128,9]",,,,368m 33r5p 35678s 56z,,,,,,,,,,,,,,
20260414143934_0102_003,20260414143934_0102,20260414143934,一般卓,2,Toshie,38,1p,tedashi,1776145706,1664.652,,0,,"[47,82,93,98,28,21,90,52,125,44,102,128,9]",,,,368m 33r5p 35678s 56z,,,,,,,,,,,,,,
20260414143934_0102_004,20260414143934_0102,20260414143934,一般卓,3,きんぎょすくい,2,1m,tedashi,1776145709,3533.175,,0,,"[47,82,93,98,28,21,90,52,125,44,102,128,9]",,,,368m 33r5p 35678s 56z,,,,,,,,,,,,,,
20260414143934_0102_005,20260414143934_0102,20260414143934,一般卓,0,パシフィック,125,5z,tedashi,1776145714,4396.123,,0,,"[47,82,93,98,28,21,90,52,125,44,102,128,9,95]",,,,368m 33r5p 356678s 56z,,,,3,3,4,,0,,,,,,
20260414143934_0102_006,20260414143934_0102,20260414143934,一般卓,1,深海,79,2s,tedashi,1776145719,5806.274,,1,2281.665,"[47,82,93,98,28,21,90,52,44,102,128,9,95]",,,,368m 33r5p 356678s 6z,,,,,,,,,,,,,,
20260414143934_0102_007,20260414143934_0102,20260414143934,一般卓,2,Toshie,35,9m,tedashi,1776145724,2455.696,,0,,"[47,82,93,98,28,21,90,52,44,102,128,9,95]",,,,368m 33r5p 356678s 6z,,,,,,,,,,,,,,
20260414143934_0102_008,20260414143934_0102,20260414143934,一般卓,3,きんぎょすくい,122,4z,tedashi,1776145732,7579.212,,0,,"[47,82,93,98,28,21,90,52,44,102,128,9,95]",,,,368m 33r5p 356678s 6z,,,,,,,,,,,,,,
20260414143934_0102_009,20260414143934_0102,20260414143934,一般卓,0,パシフィック,127,5z,tsumogiri,1776145733,1232.525,,0,,"[47,82,93,98,28,21,90,52,44,102,128,9,95,127]",,,,368m 33r5p 356678s 56z,,,,3,3,4,,0,,,,,,
20260414143934_0102_010,20260414143934_0102,20260414143934,一般卓,1,深海,53,5p,tedashi,1776145738,4992.668,,0,,"[47,82,93,98,28,21,90,52,44,102,128,9,95]",,,,368m 33r5p 356678s 6z,,,,,,,,,,,,,,
20260414143934_0102_011,20260414143934_0102,20260414143934,一般卓,2,Toshie,126,5z,tedashi,1776145740,1682.709,,0,,"[47,82,93,98,28,21,90,52,44,102,128,9,95]",,,,368m 33r5p 356678s 6z,,,,,,,,,,,,,,
20260414143934_0102_012,20260414143934_0102,20260414143934,一般卓,3,きんぎょすくい,123,4z,tedashi,1776145742,2046.74,,0,,"[47,82,93,98,28,21,90,52,44,102,128,9,95]",,,,368m 33r5p 356678s 6z,,,,,,,,,,,,,,
20260414143934_0102_013,20260414143934_0102,20260414143934,一般卓,0,パシフィック,128,6z,tedashi,1776145743,1666.84,,0,,"[47,82,93,98,28,21,90,52,44,102,128,9,95,80]",,,,368m 33r5p 3356678s 6z,,,,2,2,3,,0,,,,,,
20260414143934_0102_014,20260414143934_0102,20260414143934,一般卓,1,深海,130,6z,tedashi,1776145746,3146.946,,0,,"[47,82,93,98,28,21,90,52,44,102,9,95,80]",,,,368m 33r5p 3356678s,,,,,,,,,,,,,,
20260414143934_0102_015,20260414143934_0102,20260414143934,一般卓,2,Toshie,86,4s,tedashi,1776145752,5707.924,,0,,"[47,82,93,98,28,21,90,52,44,102,9,95,80]",,,,368m 33r5p 3356678s,,,,,,,,,,,,,,
20260414143934_0102_016,20260414143934_0102,20260414143934,一般卓,3,きんぎょすくい,3,1m,risekichu_hokan_tsumogiri,1776145755,2550.927,,0,,"[47,82,93,98,28,21,90,52,44,102,9,95,80]",,,,368m 33r5p 3356678s,,,,,,,,,,,,,,
20260414143934_0102_017,20260414143934_0102,20260414143934,一般卓,0,パシフィック,69,9p,tsumogiri,1776145757,1765.688,,1,1812.353,"[47,82,93,98,28,21,90,52,44,102,9,95,80,69]",,,,368m 33r59p 3356678s,,,,2,2,3,,0,,,,,,
20260414143934_0102_018,20260414143934_0102,20260414143934,一般卓,1,深海,111,1z,risekichu_hokan_tsumogiri,1776145761,2249.842,,0,,"[47,82,93,98,28,21,90,52,44,102,9,95,80]",,,,368m 33r5p 3356678s,,,,,,,,,,,,,,
20260414143934_0102_019,20260414143934_0102,20260414143934,一般卓,2,Toshie,74,1s,risekichu_hokan_tsumogiri,1776145764,3012.552,,0,,"[47,82,93,98,28,21,90,52,44,102,9,95,80]",,,,368m 33r5p 3356678s,,,,,,,,,,,,,,
20260414143934_0102_020,20260414143934_0102,20260414143934,一般卓,3,きんぎょすくい,124,5z,risekichu_hokan_tsumogiri,1776145765,1426.369,,0,,"[47,82,93,98,28,21,90,52,44,102,9,95,80]",,,,368m 33r5p 3356678s,,,,,,,,,,,,,,
20260414143934_0102_021,20260414143934_0102,20260414143934,一般卓,0,パシフィック,9,3m,tedashi,1776145767,1594.018,,1,2416.437,"[47,82,93,98,28,21,90,52,44,102,9,95,80,66]",,,,368m 33r58p 3356678s,,,,2,2,3,,0,,,,,,
20260414143934_0102_022,20260414143934_0102,20260414143934,一般卓,1,深海,135,7z,tedashi,1776145771,1720.106,,0,,"[47,82,93,98,28,21,90,52,44,102,95,80,66]",,,,68m 33r58p 3356678s,,,,,,,,,,,,,,
20260414143934_0102_023,20260414143934_0102,20260414143934,一般卓,2,Toshie,76,2s,tedashi,1776145775,4538.124,,0,,"[47,82,93,98,28,21,90,52,44,102,95,80,66]",,,,68m 33r58p 3356678s,,,,,,,,,,,,,,
20260414143934_0102_024,20260414143934_0102,20260414143934,一般卓,3,きんぎょすくい,37,1p,tedashi,1776145779,3347.84,,0,,"[47,82,93,98,28,21,90,52,44,102,95,80,66]",,,,68m 33r58p 3356678s,,,,,,,,,,,,,,
20260414143934_0102_025,20260414143934_0102,20260414143934,一般卓,0,パシフィック,66,8p,tedashi,1776145780,1683.899,,1,1431.126,"[47,82,93,98,28,21,90,52,44,102,95,80,66,99]",,,,68m 33r58p 33566778s,,,,1,1,2,,0,,,,,,
20260414143934_0102_026,20260414143934_0102,20260414143934,一般卓,1,深海,39,1p,risekichu_hokan_tsumogiri,1776145783,1250.327,,0,,"[47,82,93,98,28,21,90,52,44,102,95,80,99]",,,,68m 33r5p 33566778s,,,,,,,,,,,,,,
20260414143934_0102_027,20260414143934_0102,20260414143934,一般卓,2,Toshie,117,3z,risekichu_hokan_tsumogiri,1776145787,3837.22,,0,,"[47,82,93,98,28,21,90,52,44,102,95,80,99]",,,,68m 33r5p 33566778s,,,,,,,,,,,,,,
20260414143934_0102_028,20260414143934_0102,20260414143934,一般卓,3,きんぎょすくい,1,1m,risekichu_hokan_tsumogiri,1776145789,2144.347,,0,,"[47,82,93,98,28,21,90,52,44,102,95,80,99]",,,,68m 33r5p 33566778s,,,,,,,,,,,,,,
20260414143934_0102_029,20260414143934_0102,20260414143934,一般卓,0,パシフィック,110,1z,tsumogiri,1776145791,1536.411,,0,,"[47,82,93,98,28,21,90,52,44,102,95,80,99,110]",,,,68m 33r5p 33566778s 1z,,,,1,1,2,,0,,,,,,
20260414143934_0102_030,20260414143934_0102,20260414143934,一般卓,1,深海,72,1s,risekichu_hokan_tsumogiri,1776145792,1641.647,,0,,"[47,82,93,98,28,21,90,52,44,102,95,80,99]",,,,68m 33r5p 33566778s,,,,,,,,,,,,,,
20260414143934_0102_031,20260414143934_0102,20260414143934,一般卓,2,Toshie,114,2z,tedashi,1776145799,6446.108,,0,,"[47,82,93,98,28,21,90,52,44,102,95,80,99]",,,,68m 33r5p 33566778s,,,,,,,,,,,,,,
20260414143934_0102_032,20260414143934_0102,20260414143934,一般卓,3,きんぎょすくい,51,4p,tedashi,1776145802,3480.042,,6,235.777,"[47,82,93,98,28,21,90,52,44,102,95,80,99]",,,,68m 33r5p 33566778s,,,,,,,,,,,,,,
20260414143934_0102_033,20260414143934_0102,20260414143934,一般卓,0,パシフィック,121,4z,tsumogiri,1776145804,1846.896,,0,,"[47,82,93,98,28,21,90,52,44,102,95,80,99,121]",,,,68m 33r5p 33566778s 4z,,,,1,1,2,,0,,,,,,
20260414143934_0102_034,20260414143934_0102,20260414143934,一般卓,1,深海,88,r5s,risekichu_hokan_tsumogiri,1776145806,2291.137,,1,3000.732,"[47,82,93,98,28,21,90,52,44,102,95,80,99]",,,,68m 33r5p 33566778s,,,,,,,,,,,,,,
20260414143934_0102_035,20260414143934_0102,20260414143934,一般卓,2,Toshie,78,2s,tedashi,1776145815,5538.44,,1,1633.47,"[47,82,93,98,28,21,90,52,44,102,95,80,99]",,,,68m 33r5p 33566778s,,,,,,,,,,,,,,
20260414143934_0102_036,20260414143934_0102,20260414143934,一般卓,3,きんぎょすくい,131,6z,risekichu_hokan_tsumogiri,1776145818,1133.671,,0,,"[47,82,93,98,28,21,90,52,44,102,95,80,99]",,,,68m 33r5p 33566778s,,,,,,,,,,,,,,
20260414143934_0102_037,20260414143934_0102,20260414143934,一般卓,0,パシフィック,104,9s,tsumogiri,1776145819,1510.923,,0,,"[47,82,93,98,28,21,90,52,44,102,95,80,99,104]",,,,68m 33r5p 335667789s,,,,1,1,2,,0,,,,,,
20260414143934_0102_038,20260414143934_0102,20260414143934,一般卓,1,深海,18,5m,tedashi,1776145825,5513.145,,1,2289.958,"[47,82,93,98,28,21,90,52,44,102,95,80,99]",,,,68m 33r5p 33566778s,,,,,,,,,,,,,,
20260414143934_0102_039,20260414143934_0102,20260414143934,一般卓,2,Toshie,15,4m,risekichu_hokan_tsumogiri,1776145833,6125.434,,0,,"[47,82,93,98,28,21,90,52,44,102,95,80,99]",,,,68m 33r5p 33566778s,,,,,,,,,,,,,,
20260414143934_0102_040,20260414143934_0102,20260414143934,一般卓,3,きんぎょすくい,107,9s,tedashi,1776145837,3908.327,,6,291.126,"[47,82,93,98,28,21,90,52,44,102,95,80,99]",,,,68m 33r5p 33566778s,,,,,,,,,,,,,,
20260414143934_0102_041,20260414143934_0102,20260414143934,一般卓,0,パシフィック,132,7z,tsumogiri,1776145850,12875.426,,0,,"[47,82,93,98,28,21,90,52,44,102,95,80,99,132]",,,,68m 33r5p 33566778s 7z,,,,1,1,2,,0,,,,,,
20260414143934_0102_042,20260414143934_0102,20260414143934,一般卓,1,深海,113,2z,risekichu_hokan_tsumogiri,1776145852,1881.622,,1,2151.314,"[47,82,93,98,28,21,90,52,44,102,95,80,99]",,,,68m 33r5p 33566778s,,,,,,,,,,,,,,
20260414143934_0102_043,20260414143934_0102,20260414143934,一般卓,2,Toshie,134,7z,risekichu_hokan_tsumogiri,1776145857,2313.107,,0,,"[47,82,93,98,28,21,90,52,44,102,95,80,99]",,,,68m 33r5p 33566778s,,,,,,,,,,,,,,
20260414143934_0102_044,20260414143934_0102,20260414143934,一般卓,3,きんぎょすくい,68,9p,risekichu_hokan_tsumogiri,1776145858,1585.635,,0,,"[47,82,93,98,28,21,90,52,44,102,95,80,99]",,,,68m 33r5p 33566778s,,,,,,,,,,,,,,
20260414143934_0102_045,20260414143934_0102,20260414143934,一般卓,0,パシフィック,8,3m,tsumogiri,1776145863,4306.826,,1,2601.6,"[47,82,93,98,28,21,90,52,44,102,95,80,99,8]",,,,368m 33r5p 33566778s,,,,1,1,2,,0,,,,,,
20260414143934_0102_046,20260414143934_0102,20260414143934,一般卓,1,深海,0,1m,tedashi,1776145871,5825.999,,0,,"[47,82,93,98,28,21,90,52,44,102,95,80,99]",,,,68m 33r5p 33566778s,,,,,,,,,,,,,,
20260414143934_0102_047,20260414143934_0102,20260414143934,一般卓,2,Toshie,27,7m,risekichu_hokan_tsumogiri,1776145876,4643.326,,0,,"[47,82,93,98,28,21,90,52,44,102,95,80,99]",,,,68m 33r5p 33566778s,,,,,,,,,,,,,,
20260414171043_0000_000,20260414171043_0000,20260414171043,一般卓,2,小助,47,3p,risekichu_hokan_tsumogiri,1776154255,,,0,,"[39,33,81,84,125,48,120,103,131,92,35,55,11]",,,,399m 145p 3468s 456z,,,,,,,,,,,,,,
20260414171043_0000_001,20260414171043_0000,20260414171043,一般卓,3,NoName,61,7p,tedashi,1776154258,3255.961,,0,,"[39,33,81,84,125,48,120,103,131,92,35,55,11]",,,,399m 145p 3468s 456z,,,,,,,,,,,,,,
20260414171043_0000_002,20260414171043_0000,20260414171043,一般卓,0,パシフィック,39,1p,tedashi,1776154260,2297.887,,0,,"[39,33,81,84,125,48,120,103,131,92,35,55,11,122]",,,,399m 145p 3468s 4456z,,,,3,3,4,,0,,,,,,
20260414171043_0000_003,20260414171043_0000,20260414171043,一般卓,1,そのまま,28,8m,tedashi,1776154263,2856.207,,1,1253.367,"[33,81,84,125,48,120,103,131,92,35,55,11,122]",,,,399m 45p 3468s 4456z,,,,,,,,,,,,,,
20260414171043_0000_004,20260414171043_0000,20260414171043,一般卓,2,小助,83,3s,tedashi,1776154267,2703.574,,0,,"[33,81,84,125,48,120,103,131,92,35,55,11,122]",,,,399m 45p 3468s 4456z,,,,,,,,,,,,,,
20260414171043_0000_005,20260414171043_0000,20260414171043,一般卓,3,NoName,57,6p,risekichu_hokan_tsumogiri,1776154269,1798.865,,6,212.875,"[33,81,84,125,48,120,103,131,92,35,55,11,122]",,,,399m 45p 3468s 4456z,,,,,,,,,,,,,,
20260414171043_0000_006,20260414171043_0000,20260414171043,一般卓,0,パシフィック,38,1p,tsumogiri,1776154270,1333.736,,0,,"[33,81,84,125,48,120,103,131,92,35,55,11,122,38]",,,,399m 145p 3468s 4456z,,,,3,3,4,,0,,,,,,
20260414171043_0000_007,20260414171043_0000,20260414171043,一般卓,1,そのまま,37,1p,tedashi,1776154273,2688.862,,0,,"[33,81,84,125,48,120,103,131,92,35,55,11,122]",,,,399m 45p 3468s 4456z,,,,,,,,,,,,,,
20260414171043_0000_008,20260414171043_0000,20260414171043,一般卓,2,小助,66,8p,risekichu_hokan_tsumogiri,1776154276,3344.135,,0,,"[33,81,84,125,48,120,103,131,92,35,55,11,122]",,,,399m 45p 3468s 4456z,,,,,,,,,,,,,,
20260414171043_0000_009,20260414171043_0000,20260414171043,一般卓,3,NoName,98,7s,tedashi,1776154279,2753.607,,6,207.969,"[33,81,84,125,48,120,103,131,92,35,55,11,122]",,,,399m 45p 3468s 4456z,,,,,,,,,,,,,,
20260414171043_0000_010,20260414171043_0000,20260414171043,一般卓,0,パシフィック,115,2z,tsumogiri,1776154282,2485.411,,0,,"[33,81,84,125,48,120,103,131,92,35,55,11,122,115]",,,,399m 45p 3468s 24456z,,,,3,3,4,,0,,,,,,
20260414171043_0000_011,20260414171043_0000,20260414171043,一般卓,1,そのまま,74,1s,tedashi,1776154284,1881.3,,0,,"[33,81,84,125,48,120,103,131,92,35,55,11,122]",,,,399m 45p 3468s 4456z,,,,,,,,,,,,,,
20260414171043_0000_012,20260414171043_0000,20260414171043,一般卓,2,小助,99,7s,tedashi,1776154285,1740.891,,0,,"[33,81,84,125,48,120,103,131,92,35,55,11,122]",,,,399m 45p 3468s 4456z,,,,,,,,,,,,,,
20260414171043_0000_013,20260414171043_0000,20260414171043,一般卓,3,NoName,105,9s,tedashi,1776154289,3675.398,,0,,"[33,81,84,125,48,120,103,131,92,35,55,11,122]",,,,399m 45p 3468s 4456z,,,,,,,,,,,,,,
20260414171043_0000_014,20260414171043_0000,20260414171043,一般卓,0,パシフィック,125,5z,tedashi,1776154302,12554.022,,0,,"[33,81,84,125,48,120,103,131,92,35,55,11,122,130]",,,,399m 45p 3468s 44566z,,,,3,3,3,,0,,,,,,
20260414171043_0000_015,20260414171043_0000,20260414171043,一般卓,1,そのまま,5,2m,tedashi,1776154304,2701.216,,2,3098.14,"[33,81,84,48,120,103,131,92,35,55,11,122,130]",,,,399m 45p 3468s 4466z,,,,,,,,,,,,,,
20260414171043_0000_016,20260414171043_0000,20260414171043,一般卓,2,小助,88,r5s,tedashi,1776154311,3429.037,,0,,"[33,81,84,48,120,103,131,92,35,55,11,122,130]",,,,399m 45p 3468s 4466z,,,,,,,,,,,,,,
20260414171043_0000_017,20260414171043_0000,20260414171043,一般卓,3,NoName,45,3p,tedashi,1776154313,1985.37,,6,206.927,"[33,81,84,48,120,103,131,92,35,55,11,122,130]",,,,399m 45p 3468s 4466z,,,,,,,,,,,,,,
20260414171043_0000_018,20260414171043_0000,20260414171043,一般卓,0,パシフィック,103,8s,tedashi,1776154322,9008.714,,0,,"[33,81,84,48,120,103,131,92,35,55,11,122,130,1]",,,,1399m 45p 3468s 4466z,,,,3,3,3,,0,,,,,,
20260414171043_0000_019,20260414171043_0000,20260414171043,一般卓,1,そのまま,129,6z,tedashi,1776154326,4087.209,,6,222.124,"[33,81,84,48,120,131,92,35,55,11,122,130,1]",,,,1399m 45p 346s 4466z,,,,,,,,,,,,,,
20260414171043_0000_020,20260414171043_0000,20260414171043,一般卓,2,小助,67,8p,risekichu_hokan_tsumogiri,1776154328,1968.56,,0,,"[33,81,84,48,120,131,92,35,55,11,122,130,1]",,,,1399m 45p 346s 4466z,,,,,,,,,,,,,,
20260414171043_0000_021,20260414171043_0000,20260414171043,一般卓,3,NoName,54,5p,risekichu_hokan_tsumogiri,1776154330,1884.699,,0,,"[33,81,84,48,120,131,92,35,55,11,122,130,1]",,,,1399m 45p 346s 4466z,,,,,,,,,,,,,,
20260414171043_0000_022,20260414171043_0000,20260414171043,一般卓,0,パシフィック,92,6s,tedashi,1776154333,2328.824,,1,1232.037,"[33,81,84,48,120,131,92,35,55,11,122,130,1,13]",,,,13499m 45p 346s 4466z,,,,3,3,3,,0,,,,,,
20260414171043_0000_023,20260414171043_0000,20260414171043,一般卓,1,そのまま,112,2z,risekichu_hokan_tsumogiri,1776154335,988.513,,0,,"[33,81,84,48,120,131,35,55,11,122,130,1,13]",,,,13499m 45p 34s 4466z,,,,,,,,,,,,,,
20260414171043_0000_024,20260414171043_0000,20260414171043,一般卓,2,小助,135,7z,tedashi,1776154337,2031.401,,1,1853.122,"[33,81,84,48,120,131,35,55,11,122,130,1,13]",,,,13499m 45p 34s 4466z,,,,,,,,,,,,,,
20260414171043_0000_025,20260414171043_0000,20260414171043,一般卓,3,NoName,69,9p,tedashi,1776154340,1162.048,,0,,"[33,81,84,48,120,131,35,55,11,122,130,1,13]",,,,13499m 45p 34s 4466z,,,,,,,,,,,,,,
20260414171043_0000_026,20260414171043_0000,20260414171043,一般卓,0,パシフィック,1,1m,tedashi,1776154346,6101.427,,0,,"[33,81,84,48,120,131,35,55,11,122,130,1,13,110]",,,,13499m 45p 34s 14466z,,,,3,3,3,,0,,,,,,
20260414171043_0000_027,20260414171043_0000,20260414171043,一般卓,1,そのまま,127,5z,tedashi,1776154348,1723.711,,0,,"[33,81,84,48,120,131,35,55,11,122,130,13,110]",,,,3499m 45p 34s 14466z,,,,,,,,,,,,,,
20260414171043_0000_028,20260414171043_0000,20260414171043,一般卓,2,小助,44,3p,risekichu_hokan_tsumogiri,1776154350,2193.457,,0,,"[33,81,84,48,120,131,35,55,11,122,130,13,110]",,,,3499m 45p 34s 14466z,,,,,,,,,,,,,,
20260414171043_0000_029,20260414171043_0000,20260414171043,一般卓,3,NoName,80,3s,risekichu_hokan_tsumogiri,1776154351,1555.264,,0,,"[33,81,84,48,120,131,35,55,11,122,130,13,110]",,,,3499m 45p 34s 14466z,,,,,,,,,,,,,,
20260414171043_0000_030,20260414171043_0000,20260414171043,一般卓,0,パシフィック,110,1z,tedashi,1776154355,3915.17,,0,,"[33,81,84,48,120,131,35,55,11,122,130,13,110,79]",,,,3499m 45p 234s 14466z,,,,2,2,3,,0,,,,,,
20260414171043_0000_031,20260414171043_0000,20260414171043,一般卓,1,そのまま,97,7s,tedashi,1776154358,2152.416,,0,,"[33,81,84,48,120,131,35,55,11,122,130,13,79]",,,,3499m 45p 234s 4466z,,,,,,,,,,,,,,
20260414171043_0000_032,20260414171043_0000,20260414171043,一般卓,2,小助,64,8p,risekichu_hokan_tsumogiri,1776154360,2226.517,,0,,"[33,81,84,48,120,131,35,55,11,122,130,13,79]",,,,3499m 45p 234s 4466z,,,,,,,,,,,,,,
20260414171043_0000_033,20260414171043_0000,20260414171043,一般卓,3,NoName,71,9p,tedashi,1776154361,1419.538,,0,,"[33,81,84,48,120,131,35,55,11,122,130,13,79]",,,,3499m 45p 234s 4466z,,,,,,,,,,,,,,
20260414171043_0000_034,20260414171043_0000,20260414171043,一般卓,0,パシフィック,70,9p,tsumogiri,1776154369,7705.363,,0,,"[33,81,84,48,120,131,35,55,11,122,130,13,79,70]",,,,3499m 459p 234s 4466z,,,,2,2,3,,0,,,,,,
20260414171043_0000_035,20260414171043_0000,20260414171043,一般卓,1,そのまま,65,8p,tedashi,1776154372,2778.991,,0,,"[33,81,84,48,120,131,35,55,11,122,130,13,79]",,,,3499m 45p 234s 4466z,,,,,,,,,,,,,,
20260414171043_0000_036,20260414171043_0000,20260414171043,一般卓,2,小助,104,9s,risekichu_hokan_tsumogiri,1776154374,2096.257,,0,,"[33,81,84,48,120,131,35,55,11,122,130,13,79]",,,,3499m 45p 234s 4466z,,,,,,,,,,,,,,
20260414171043_0000_037,20260414171043_0000,20260414171043,一般卓,3,NoName,73,1s,risekichu_hokan_tsumogiri,1776154375,1604.874,,6,208.75,"[33,81,84,48,120,131,35,55,11,122,130,13,79]",,,,3499m 45p 234s 4466z,,,,,,,,,,,,,,
20260414171043_0000_038,20260414171043_0000,20260414171043,一般卓,0,パシフィック,35,9m,tedashi,1776154380,3978.754,,0,,"[33,81,84,48,120,131,35,55,11,122,130,13,79,19]",,,,34599m 45p 234s 4466z,,,,1,1,3,,0,,,,,,
20260414171043_0000_039,20260414171043_0000,20260414171043,一般卓,1,そのまま,72,1s,risekichu_hokan_tsumogiri,1776154381,1391.419,,0,,"[33,81,84,48,120,131,55,11,122,130,13,79,19]",,,,3459m 45p 234s 4466z,,,,,,,,,,,,,,
20260414171043_0000_040,20260414171043_0000,20260414171043,一般卓,2,小助,96,7s,risekichu_hokan_tsumogiri,1776154383,2034.55,,0,,"[33,81,84,48,120,131,55,11,122,130,13,79,19]",,,,3459m 45p 234s 4466z,,,,,,,,,,,,,,
20260414171043_0000_041,20260414171043_0000,20260414171043,一般卓,3,NoName,42,2p,risekichu_hokan_tsumogiri,1776154385,1689.451,,1,1290.417,"[33,81,84,48,120,131,55,11,122,130,13,79,19]",,,,3459m 45p 234s 4466z,,,,,,,,,,,,,,
20260414171043_0000_042,20260414171043_0000,20260414171043,一般卓,0,パシフィック,33,9m,tedashi,1776154387,1564.483,,0,,"[33,81,84,48,120,131,55,11,122,130,13,79,19,82]",,,,3459m 45p 2334s 4466z,,,,1,1,3,,0,,,,,,
20260414171043_0000_043,20260414171043_0000,20260414171043,一般卓,1,そのまま,134,7z,risekichu_hokan_tsumogiri,1776154389,1442.571,,0,,"[81,84,48,120,131,55,11,122,130,13,79,19,82]",,,,345m 45p 2334s 4466z,,,,,,,,,,,,,,
20260414171043_0000_044,20260414171043_0000,20260414171043,一般卓,2,小助,126,5z,tedashi,1776154395,5750.651,,0,,"[81,84,48,120,131,55,11,122,130,13,79,19,82]",,,,345m 45p 2334s 4466z,,,,,,,,,,,,,,
20260414171043_0000_045,20260414171043_0000,20260414171043,一般卓,3,NoName,94,6s,risekichu_hokan_tsumogiri,1776154397,2372.008,,0,,"[81,84,48,120,131,55,11,122,130,13,79,19,82]",,,,345m 45p 2334s 4466z,,,,,,,,,,,,,,
20260414171043_0000_046,20260414171043_0000,20260414171043,一般卓,0,パシフィック,82,3s,tedashi,1776154399,2233.439,,1,1949.255,"[81,84,48,120,131,55,11,122,130,13,79,19,82,114]",,,,345m 45p 2334s 24466z,,,,1,1,3,,0,,,,,,
20260414171043_0000_047,20260414171043_0000,20260414171043,一般卓,1,そのまま,24,7m,risekichu_hokan_tsumogiri,1776154404,2463.628,,2,3337.529,"[81,84,48,120,131,55,11,122,130,13,79,19,114]",,,,345m 45p 234s 24466z,,,,,,,,,,,,,,
20260414171043_0000_048,20260414171043_0000,20260414171043,一般卓,2,小助,109,1z,tedashi,1776154409,2141.243,,0,,"[81,84,48,120,131,55,11,122,130,13,79,19,114]",,,,345m 45p 234s 24466z,,,,,,,,,,,,,,
20260414171043_0000_049,20260414171043_0000,20260414171043,一般卓,3,NoName,101,8s,risekichu_hokan_tsumogiri,1776154411,1722.651,,0,,"[81,84,48,120,131,55,11,122,130,13,79,19,114]",,,,345m 45p 234s 24466z,,,,,,,,,,,,,,
20260414171043_0000_050,20260414171043_0000,20260414171043,一般卓,0,パシフィック,114,2z,tedashi,1776154414,2642.534,,0,,"[81,84,48,120,131,55,11,122,130,13,79,19,114,53]",,,,345m 455p 234s 24466z,,,,1,1,3,,0,,,,,,
20260414171043_0000_051,20260414171043_0000,20260414171043,一般卓,1,そのまま,108,1z,tedashi,1776154416,2236.245,,0,,"[81,84,48,120,131,55,11,122,130,13,79,19,53]",,,,345m 455p 234s 4466z,,,,,,,,,,,,,,
20260414171043_0000_052,20260414171043_0000,20260414171043,一般卓,2,小助,41,2p,risekichu_hokan_tsumogiri,1776154418,2178.806,,2,1165.899,"[81,84,48,120,131,55,11,122,130,13,79,19,53]",,,,345m 455p 234s 4466z,,,,,,,,,,,,,,
20260414171043_0000_053,20260414171043_0000,20260414171043,一般卓,1,そのまま,46,3p,tedashi,1776154420,1190.645,,0,,"[81,84,48,120,131,55,11,122,130,13,79,19,53]",,,,345m 455p 234s 4466z,,,,,,,,,,,,,,
20260414171043_0000_054,20260414171043_0000,20260414171043,一般卓,2,小助,52,r5p,risekichu_hokan_tsumogiri,1776154422,1977.933,,2,2093.867,"[81,84,48,120,131,55,11,122,130,13,79,19,53]",,,,345m 455p 234s 4466z,,,,,,,,,,,,,,
20260414171043_0000_055,20260414171043_0000,20260414171043,一般卓,0,パシフィック,48,4p,tedashi,1776154425,964.139,,2,957.765,"[81,84,48,120,131,11,122,130,13,79,19]",,,,345m 4p 234s 4466z,,,,0,0,,46z,0,,,,,,
20260414171043_0000_056,20260414171043_0000,20260414171043,一般卓,1,そのまま,56,6p,tedashi,1776154427,1177.225,,0,,"[81,84,120,131,11,122,130,13,79,19]",,,,345m 234s 4466z,,,,,,,,,,,,,,
20260414171043_0000_057,20260414171043_0000,20260414171043,一般卓,2,小助,59,6p,risekichu_hokan_tsumogiri,1776154430,2514.13,,0,,"[81,84,120,131,11,122,130,13,79,19]",,,,345m 234s 4466z,,,,,,,,,,,,,,
20260414171043_0000_058,20260414171043_0000,20260414171043,一般卓,3,NoName,36,1p,tedashi,1776154432,1567.81,,0,,"[81,84,120,131,11,122,130,13,79,19]",,,,345m 234s 4466z,,,,,,,,,,,,,,
20260414171043_0000_059,20260414171043_0000,20260414171043,一般卓,0,パシフィック,116,3z,tsumogiri,1776154433,1514.342,,2,1460.131,"[81,84,120,131,11,122,130,13,79,19,116]",,,,345m 234s 34466z,,,,0,0,,46z,0,,,,,,
20260414171043_0000_060,20260414171043_0000,20260414171043,一般卓,3,NoName,132,7z,tedashi,1776154436,1540.851,,0,,"[81,84,120,131,11,122,130,13,79,19]",,,,345m 234s 4466z,,,,,,,,,,,,,,
20260414171043_0000_061,20260414171043_0000,20260414171043,一般卓,0,パシフィック,60,7p,tsumogiri,1776154437,1276.751,,0,,"[81,84,120,131,11,122,130,13,79,19,60]",,,,345m 7p 234s 4466z,,,,0,0,,46z,0,,,,,,
20260414171043_0100_000,20260414171043_0100,20260414171043,一般卓,3,NoName,58,6p,tedashi,1776154449,,,0,,"[9,128,10,20,66,69,81,98,115,6,104,59,95]",,,,2336m 689p 3679s 26z,,,,,,,,,,,,,,
20260414171043_0100_001,20260414171043_0100,20260414171043,一般卓,0,パシフィック,115,2z,tedashi,1776154459,9884.266,,0,,"[9,128,10,20,66,69,81,98,115,6,104,59,95,76]",,,,2336m 689p 23679s 26z,,,,4,4,5,,0,,,,,,
20260414171043_0100_002,20260414171043_0100,20260414171043,一般卓,1,そのまま,39,1p,tedashi,1776154461,2279.633,,0,,"[9,128,10,20,66,69,81,98,6,104,59,95,76]",,,,2336m 689p 23679s 6z,,,,,,,,,,,,,,
20260414171043_0100_003,20260414171043_0100,20260414171043,一般卓,2,小助,119,3z,tedashi,1776154464,2574.437,,0,,"[9,128,10,20,66,69,81,98,6,104,59,95,76]",,,,2336m 689p 23679s 6z,,,,,,,,,,,,,,
20260414171043_0100_004,20260414171043_0100,20260414171043,一般卓,3,NoName,44,3p,risekichu_hokan_tsumogiri,1776154466,1746.95,,0,,"[9,128,10,20,66,69,81,98,6,104,59,95,76]",,,,2336m 689p 23679s 6z,,,,,,,,,,,,,,
20260414171043_0100_005,20260414171043_0100,20260414171043,一般卓,0,パシフィック,40,2p,tsumogiri,1776154478,12690.154,,0,,"[9,128,10,20,66,69,81,98,6,104,59,95,76,40]",,,,2336m 2689p 23679s 6z,,,,4,4,5,,0,,,,,,
20260414171043_0100_006,20260414171043_0100,20260414171043,一般卓,1,そのまま,38,1p,risekichu_hokan_tsumogiri,1776154480,1604.948,,0,,"[9,128,10,20,66,69,81,98,6,104,59,95,76]",,,,2336m 689p 23679s 6z,,,,,,,,,,,,,,
20260414171043_0100_007,20260414171043_0100,20260414171043,一般卓,2,小助,130,6z,tedashi,1776154484,3590.975,,0,,"[9,128,10,20,66,69,81,98,6,104,59,95,76]",,,,2336m 689p 23679s 6z,,,,,,,,,,,,,,
20260414171043_0100_008,20260414171043_0100,20260414171043,一般卓,3,NoName,116,3z,tedashi,1776154487,3887.079,,0,,"[9,128,10,20,66,69,81,98,6,104,59,95,76]",,,,2336m 689p 23679s 6z,,,,,,,,,,,,,,
20260414171043_0100_009,20260414171043_0100,20260414171043,一般卓,0,パシフィック,128,6z,tedashi,1776154491,3216.402,,0,,"[9,128,10,20,66,69,81,98,6,104,59,95,76,27]",,,,23367m 689p 23679s 6z,,,,3,3,5,,0,,,,,,
20260414171043_0100_010,20260414171043_0100,20260414171043,一般卓,1,そのまま,111,1z,risekichu_hokan_tsumogiri,1776154497,6806.335,,0,,"[9,10,20,66,69,81,98,6,104,59,95,76,27]",,,,23367m 689p 23679s,,,,,,,,,,,,,,
20260414171043_0100_011,20260414171043_0100,20260414171043,一般卓,2,小助,105,9s,tedashi,1776154499,1621.618,,6,237.238,"[9,10,20,66,69,81,98,6,104,59,95,76,27]",,,,23367m 689p 23679s,,,,,,,,,,,,,,
20260414171043_0100_012,20260414171043_0100,20260414171043,一般卓,3,NoName,41,2p,risekichu_hokan_tsumogiri,1776154501,1538.68,,0,,"[9,10,20,66,69,81,98,6,104,59,95,76,27]",,,,23367m 689p 23679s,,,,,,,,,,,,,,
20260414171043_0100_013,20260414171043_0100,20260414171043,一般卓,0,パシフィック,104,9s,tedashi,1776154503,1863.081,,0,,"[9,10,20,66,69,81,98,6,104,59,95,76,27,74]",,,,23367m 689p 123679s,,,,2,2,5,,0,,,,,,
20260414171043_0100_014,20260414171043_0100,20260414171043,一般卓,1,そのまま,113,2z,risekichu_hokan_tsumogiri,1776154505,2007.756,,0,,"[9,10,20,66,69,81,98,6,59,95,76,27,74]",,,,23367m 689p 12367s,,,,,,,,,,,,,,
20260414171043_0100_015,20260414171043_0100,20260414171043,一般卓,2,小助,72,1s,tedashi,1776154509,4322.064,,6,193.413,"[9,10,20,66,69,81,98,6,59,95,76,27,74]",,,,23367m 689p 12367s,,,,,,,,,,,,,,
20260414171043_0100_016,20260414171043_0100,20260414171043,一般卓,3,NoName,131,6z,tedashi,1776154511,2206.888,,0,,"[9,10,20,66,69,81,98,6,59,95,76,27,74]",,,,23367m 689p 12367s,,,,,,,,,,,,,,
20260414171043_0100_017,20260414171043_0100,20260414171043,一般卓,0,パシフィック,122,4z,tsumogiri,1776154513,1725.139,,0,,"[9,10,20,66,69,81,98,6,59,95,76,27,74,122]",,,,23367m 689p 12367s 4z,,,,2,2,5,,0,,,,,,
20260414171043_0100_018,20260414171043_0100,20260414171043,一般卓,1,そのまま,120,4z,tedashi,1776154516,2431.57,,0,,"[9,10,20,66,69,81,98,6,59,95,76,27,74]",,,,23367m 689p 12367s,,,,,,,,,,,,,,
20260414171043_0100_019,20260414171043_0100,20260414171043,一般卓,2,小助,123,4z,tedashi,1776154519,2893.096,,0,,"[9,10,20,66,69,81,98,6,59,95,76,27,74]",,,,23367m 689p 12367s,,,,,,,,,,,,,,
20260414171043_0100_020,20260414171043_0100,20260414171043,一般卓,3,NoName,63,7p,risekichu_hokan_tsumogiri,1776154520,1559.555,,6,198.244,"[9,10,20,66,69,81,98,6,59,95,76,27,74]",,,,23367m 689p 12367s,,,,,,,,,,,,,,
20260414171043_0100_021,20260414171043_0100,20260414171043,一般卓,0,パシフィック,69,9p,tedashi,1776154522,1738.993,,0,,"[9,10,20,66,69,81,98,6,59,95,76,27,74,73]",,,,23367m 689p 112367s,,,,2,2,4,,0,,,,,,
20260414171043_0100_022,20260414171043_0100,20260414171043,一般卓,1,そのまま,118,3z,risekichu_hokan_tsumogiri,1776154523,1402.361,,0,,"[9,10,20,66,81,98,6,59,95,76,27,74,73]",,,,23367m 68p 112367s,,,,,,,,,,,,,,
20260414171043_0100_023,20260414171043_0100,20260414171043,一般卓,2,小助,106,9s,risekichu_hokan_tsumogiri,1776154526,2683.684,,6,221.24,"[9,10,20,66,81,98,6,59,95,76,27,74,73]",,,,23367m 68p 112367s,,,,,,,,,,,,,,
20260414171043_0100_024,20260414171043_0100,20260414171043,一般卓,3,NoName,83,3s,tedashi,1776154529,2530.754,,6,202.96,"[9,10,20,66,81,98,6,59,95,76,27,74,73]",,,,23367m 68p 112367s,,,,,,,,,,,,,,
20260414171043_0100_025,20260414171043_0100,20260414171043,一般卓,0,パシフィック,73,1s,tedashi,1776154531,1854.941,,0,,"[9,10,20,66,81,98,6,59,95,76,27,74,73,92]",,,,23367m 68p 1123667s,,,,2,2,3,,0,,,,,,
20260414171043_0100_026,20260414171043_0100,20260414171043,一般卓,1,そのまま,121,4z,risekichu_hokan_tsumogiri,1776154532,1379.574,,0,,"[9,10,20,66,81,98,6,59,95,76,27,74,92]",,,,23367m 68p 123667s,,,,,,,,,,,,,,
20260414171043_0100_027,20260414171043_0100,20260414171043,一般卓,2,小助,100,8s,risekichu_hokan_tsumogiri,1776154535,2359.501,,6,224.765,"[9,10,20,66,81,98,6,59,95,76,27,74,92]",,,,23367m 68p 123667s,,,,,,,,,,,,,,
20260414171043_0100_028,20260414171043_0100,20260414171043,一般卓,3,NoName,37,1p,risekichu_hokan_tsumogiri,1776154536,1229.114,,0,,"[9,10,20,66,81,98,6,59,95,76,27,74,92]",,,,23367m 68p 123667s,,,,,,,,,,,,,,
20260414171043_0100_029,20260414171043_0100,20260414171043,一般卓,0,パシフィック,70,9p,tsumogiri,1776154538,1704.67,,0,,"[9,10,20,66,81,98,6,59,95,76,27,74,92,70]",,,,23367m 689p 123667s,,,,2,2,4,,0,,,,,,
20260414171043_0100_030,20260414171043_0100,20260414171043,一般卓,1,そのまま,133,7z,tedashi,1776154540,1929.018,,0,,"[9,10,20,66,81,98,6,59,95,76,27,74,92]",,,,23367m 68p 123667s,,,,,,,,,,,,,,
20260414171043_0100_031,20260414171043_0100,20260414171043,一般卓,2,小助,129,6z,risekichu_hokan_tsumogiri,1776154542,1999.082,,0,,"[9,10,20,66,81,98,6,59,95,76,27,74,92]",,,,23367m 68p 123667s,,,,,,,,,,,,,,
20260414171043_0100_032,20260414171043_0100,20260414171043,一般卓,3,NoName,42,2p,risekichu_hokan_tsumogiri,1776154544,2375.304,,0,,"[9,10,20,66,81,98,6,59,95,76,27,74,92]",,,,23367m 68p 123667s,,,,,,,,,,,,,,
20260414171043_0100_033,20260414171043_0100,20260414171043,一般卓,0,パシフィック,92,6s,tedashi,1776154546,1770.869,,0,,"[9,10,20,66,81,98,6,59,95,76,27,74,92,103]",,,,23367m 68p 1236678s,,,,1,1,4,,0,,,,,,
20260414171043_0100_034,20260414171043_0100,20260414171043,一般卓,1,そのまま,127,5z,tedashi,1776154548,1950.429,,0,,"[9,10,20,66,81,98,6,59,95,76,27,74,103]",,,,23367m 68p 123678s,,,,,,,,,,,,,,
20260414171043_0100_035,20260414171043_0100,20260414171043,一般卓,2,小助,32,9m,tedashi,1776154554,6471.402,,0,,"[9,10,20,66,81,98,6,59,95,76,27,74,103]",,,,23367m 68p 123678s,,,,,,,,,,,,,,
20260414171043_0100_036,20260414171043_0100,20260414171043,一般卓,3,NoName,97,7s,risekichu_hokan_tsumogiri,1776154556,1446.746,,6,210.838,"[9,10,20,66,81,98,6,59,95,76,27,74,103]",,,,23367m 68p 123678s,,,,,,,,,,,,,,
20260414171043_0100_037,20260414171043_0100,20260414171043,一般卓,0,パシフィック,6,2m,tedashi,1776154558,1660.869,,6,222.086,"[9,10,20,66,81,98,6,59,95,76,27,74,103,50]",,,,23367m 468p 123678s,,,,1,1,5,,0,,,,,,
20260414171043_0100_038,20260414171043_0100,20260414171043,一般卓,1,そのまま,68,9p,tedashi,1776154560,1988.199,,1,2978.205,"[9,10,20,66,81,98,59,95,76,27,74,103,50]",,,,3367m 468p 123678s,,,,,,,,,,,,,,
20260414171043_0100_039,20260414171043_0100,20260414171043,一般卓,2,小助,71,9p,tedashi,1776154567,4141.032,,0,,"[9,10,20,66,81,98,59,95,76,27,74,103,50]",,,,3367m 468p 123678s,,,,,,,,,,,,,,
20260414171043_0100_040,20260414171043_0100,20260414171043,一般卓,3,NoName,14,4m,tedashi,1776154571,4380.059,,0,,"[9,10,20,66,81,98,59,95,76,27,74,103,50]",,,,3367m 468p 123678s,,,,,,,,,,,,,,
20260414171043_0100_041,20260414171043_0100,20260414171043,一般卓,0,パシフィック,36,1p,tsumogiri,1776154573,1527.032,,0,,"[9,10,20,66,81,98,59,95,76,27,74,103,50,36]",,,,3367m 1468p 123678s,,,,1,1,5,,0,,,,,,
20260414171043_0100_042,20260414171043_0100,20260414171043,一般卓,1,そのまま,75,1s,tedashi,1776154575,2065.124,,0,,"[9,10,20,66,81,98,59,95,76,27,74,103,50]",,,,3367m 468p 123678s,,,,,,,,,,,,,,
20260414171043_0100_043,20260414171043_0100,20260414171043,一般卓,2,小助,47,3p,tedashi,1776154579,3713.489,,0,,"[9,10,20,66,81,98,59,95,76,27,74,103,50]",,,,3367m 468p 123678s,,,,,,,,,,,,,,
20260414171043_0100_044,20260414171043_0100,20260414171043,一般卓,3,NoName,23,6m,tedashi,1776154581,1916.047,,0,,"[9,10,20,66,81,98,59,95,76,27,74,103,50]",,,,3367m 468p 123678s,,,,,,,,,,,,,,
20260414171043_0200_000,20260414171043_0200,20260414171043,一般卓,0,パシフィック,128,6z,tedashi,1776154597,,,0,,"[19,57,50,128,48,55,108,24,94,1,13,107,97,5]",,,,12457m 4456p 679s 16z,,,,3,3,5,,0,,,,,,
20260414171043_0200_001,20260414171043_0200,20260414171043,一般卓,1,そのまま,117,3z,tedashi,1776154598,1428.237,,0,,"[19,57,50,48,55,108,24,94,1,13,107,97,5]",,,,12457m 4456p 679s 1z,,,,,,,,,,,,,,
20260414171043_0200_002,20260414171043_0200,20260414171043,一般卓,2,小助,32,9m,tedashi,1776154601,2684.938,,1,1263.014,"[19,57,50,48,55,108,24,94,1,13,107,97,5]",,,,12457m 4456p 679s 1z,,,,,,,,,,,,,,
20260414171043_0200_003,20260414171043_0200,20260414171043,一般卓,3,NoName,22,6m,tedashi,1776154604,1490.97,,6,209.79,"[19,57,50,48,55,108,24,94,1,13,107,97,5]",,,,12457m 4456p 679s 1z,,,,,,,,,,,,,,
20260414171043_0200_004,20260414171043_0200,20260414171043,一般卓,0,パシフィック,113,2z,tsumogiri,1776154608,4044.453,,0,,"[19,57,50,48,55,108,24,94,1,13,107,97,5,113]",,,,12457m 4456p 679s 12z,,,,3,3,5,,0,,,,,,
20260414171043_0200_005,20260414171043_0200,20260414171043,一般卓,1,そのまま,126,5z,tedashi,1776154610,2051.222,,0,,"[19,57,50,48,55,108,24,94,1,13,107,97,5]",,,,12457m 4456p 679s 1z,,,,,,,,,,,,,,
20260414171043_0200_006,20260414171043_0200,20260414171043,一般卓,2,小助,61,7p,tedashi,1776154615,5241.463,,1,1068.371,"[19,57,50,48,55,108,24,94,1,13,107,97,5]",,,,12457m 4456p 679s 1z,,,,,,,,,,,,,,
20260414171043_0200_007,20260414171043_0200,20260414171043,一般卓,3,NoName,10,3m,tedashi,1776154618,2070.103,,6,213.614,"[19,57,50,48,55,108,24,94,1,13,107,97,5]",,,,12457m 4456p 679s 1z,,,,,,,,,,,,,,
20260414171043_0200_008,20260414171043_0200,20260414171043,一般卓,0,パシフィック,134,7z,tsumogiri,1776154623,4853.59,,0,,"[19,57,50,48,55,108,24,94,1,13,107,97,5,134]",,,,12457m 4456p 679s 17z,,,,3,3,5,,0,,,,,,
20260414171043_0200_009,20260414171043_0200,20260414171043,一般卓,1,そのまま,78,2s,tedashi,1776154626,2208.902,,0,,"[19,57,50,48,55,108,24,94,1,13,107,97,5]",,,,12457m 4456p 679s 1z,,,,,,,,,,,,,,
20260414171043_0300_000,20260414171043_0300,20260414171043,一般卓,1,そのまま,115,2z,tedashi,1776154643,,,6,216.894,"[60,21,124,112,122,49,102,24,131,35,101,70,69]",,,,679m 4799p 88s 2456z,,,,,,,,,,,,,,
20260414171043_0300_001,20260414171043_0300,20260414171043,一般卓,2,小助,34,9m,tedashi,1776154648,4863.069,,0,,"[60,21,124,112,122,49,102,24,131,35,101,70,69]",,,,679m 4799p 88s 2456z,,,,,,,,,,,,,,
20260414171043_0300_002,20260414171043_0300,20260414171043,一般卓,3,NoName,57,6p,risekichu_hokan_tsumogiri,1776154649,707.448,,0,,"[60,21,124,112,122,49,102,24,131,35,101,70,69]",,,,679m 4799p 88s 2456z,,,,,,,,,,,,,,
20260414171043_0300_003,20260414171043_0300,20260414171043,一般卓,0,パシフィック,112,2z,tedashi,1776154659,10351.424,,6,224.109,"[60,21,124,112,122,49,102,24,131,35,101,70,69,98]",,,,679m 4799p 788s 2456z,,,,4,5,4,,0,,,,,,
20260414171043_0300_004,20260414171043_0300,20260414171043,一般卓,1,そのまま,126,5z,tedashi,1776154662,1973.049,,1,1841.885,"[60,21,124,122,49,102,24,131,35,101,70,69,98]",,,,679m 4799p 788s 456z,,,,,,,,,,,,,,
20260414171043_0300_005,20260414171043_0300,20260414171043,一般卓,2,小助,123,4z,tedashi,1776154665,1400.75,,0,,"[60,21,124,122,49,102,24,131,35,101,70,69,98]",,,,679m 4799p 788s 456z,,,,,,,,,,,,,,
20260414171043_0300_006,20260414171043_0300,20260414171043,一般卓,3,NoName,6,2m,risekichu_hokan_tsumogiri,1776154666,739.341,,0,,"[60,21,124,122,49,102,24,131,35,101,70,69,98]",,,,679m 4799p 788s 456z,,,,,,,,,,,,,,
20260414171043_0300_007,20260414171043_0300,20260414171043,一般卓,0,パシフィック,1,1m,tsumogiri,1776154679,13118.731,,0,,"[60,21,124,122,49,102,24,131,35,101,70,69,98,1]",,,,1679m 4799p 788s 456z,,,,4,5,4,,0,,,,,,
20260414171043_0300_008,20260414171043_0300,20260414171043,一般卓,1,そのまま,134,7z,tedashi,1776154680,1131.026,,0,,"[60,21,124,122,49,102,24,131,35,101,70,69,98]",,,,679m 4799p 788s 456z,,,,,,,,,,,,,,
20260414171043_0300_009,20260414171043_0300,20260414171043,一般卓,2,小助,127,5z,tedashi,1776154682,2130.065,,0,,"[60,21,124,122,49,102,24,131,35,101,70,69,98]",,,,679m 4799p 788s 456z,,,,,,,,,,,,,,
20260414171043_0300_010,20260414171043_0300,20260414171043,一般卓,3,NoName,5,2m,risekichu_hokan_tsumogiri,1776154683,740.042,,0,,"[60,21,124,122,49,102,24,131,35,101,70,69,98]",,,,679m 4799p 788s 456z,,,,,,,,,,,,,,
20260414171043_0300_011,20260414171043_0300,20260414171043,一般卓,0,パシフィック,124,5z,tedashi,1776154689,6379.655,,0,,"[60,21,124,122,49,102,24,131,35,101,70,69,98,7]",,,,2679m 4799p 788s 456z,,,,4,5,4,,0,,,,,,
20260414171043_0300_012,20260414171043_0300,20260414171043,一般卓,1,そのまま,3,1m,tedashi,1776154692,2495.37,,0,,"[60,21,122,49,102,24,131,35,101,70,69,98,7]",,,,2679m 4799p 788s 46z,,,,,,,,,,,,,,
20260414171043_0300_013,20260414171043_0300,20260414171043,一般卓,2,小助,105,9s,tedashi,1776154695,3609.536,,0,,"[60,21,122,49,102,24,131,35,101,70,69,98,7]",,,,2679m 4799p 788s 46z,,,,,,,,,,,,,,
20260414171043_0300_014,20260414171043_0300,20260414171043,一般卓,3,NoName,76,2s,risekichu_hokan_tsumogiri,1776154696,727.993,,0,,"[60,21,122,49,102,24,131,35,101,70,69,98,7]",,,,2679m 4799p 788s 46z,,,,,,,,,,,,,,
20260414171043_0300_015,20260414171043_0300,20260414171043,一般卓,0,パシフィック,118,3z,tsumogiri,1776154703,7140.092,,1,2741.072,"[60,21,122,49,102,24,131,35,101,70,69,98,7,118]",,,,2679m 4799p 788s 346z,,,,4,5,4,,0,,,,,,
20260414171043_0300_016,20260414171043_0300,20260414171043,一般卓,1,そのまま,40,2p,tedashi,1776154708,2012.167,,1,1935.236,"[60,21,122,49,102,24,131,35,101,70,69,98,7]",,,,2679m 4799p 788s 46z,,,,,,,,,,,,,,
20260414171043_0300_017,20260414171043_0300,20260414171043,一般卓,2,小助,117,3z,tedashi,1776154715,5439.963,,0,,"[60,21,122,49,102,24,131,35,101,70,69,98,7]",,,,2679m 4799p 788s 46z,,,,,,,,,,,,,,
20260414171043_0300_018,20260414171043_0300,20260414171043,一般卓,3,NoName,2,1m,risekichu_hokan_tsumogiri,1776154716,647.82,,0,,"[60,21,122,49,102,24,131,35,101,70,69,98,7]",,,,2679m 4799p 788s 46z,,,,,,,,,,,,,,
20260414171043_0300_019,20260414171043_0300,20260414171043,一般卓,0,パシフィック,122,4z,tedashi,1776154722,5863.706,,0,,"[60,21,122,49,102,24,131,35,101,70,69,98,7,16]",,,,2r5679m 4799p 788s 46z,,,,4,4,4,,0,,,,,,
20260414171043_0300_020,20260414171043_0300,20260414171043,一般卓,1,そのまま,107,9s,tedashi,1776154724,712.598,1684.113,0,,"[60,21,49,102,24,131,35,101,70,69,98,7,16]",,,,2r5679m 4799p 788s 6z,,,,,,,,,,,,,,
20260414171043_0300_021,20260414171043_0300,20260414171043,一般卓,2,小助,116,3z,tedashi,1776154727,3074.235,,0,,"[60,21,49,102,24,131,35,101,70,69,98,7,16]",,,,2r5679m 4799p 788s 6z,,,,,,,,,,,,,,
20260414171043_0300_022,20260414171043_0300,20260414171043,一般卓,3,NoName,86,4s,risekichu_hokan_tsumogiri,1776154728,715.842,,0,,"[60,21,49,102,24,131,35,101,70,69,98,7,16]",,,,2r5679m 4799p 788s 6z,,,,,,,,,,,,,,
20260414171043_0300_023,20260414171043_0300,20260414171043,一般卓,0,パシフィック,131,6z,tedashi,1776154731,3065.253,,0,,"[60,21,49,102,24,131,35,101,70,69,98,7,16,58]",,,,2r5679m 46799p 788s 6z,,,,3,3,4,,0,,,,,,
20260414171043_0300_024,20260414171043_0300,20260414171043,一般卓,1,そのまま,74,1s,risekichu_hokan_tsumogiri,1776154732,712.997,,0,,"[60,21,49,102,24,35,101,70,69,98,7,16,58]",,,,2r5679m 46799p 788s,,,,,,,,,,,,,,
20260414171043_0300_025,20260414171043_0300,20260414171043,一般卓,2,小助,135,7z,risekichu_hokan_tsumogiri,1776154735,3132.063,,0,,"[60,21,49,102,24,35,101,70,69,98,7,16,58]",,,,2r5679m 46799p 788s,,,,,,,,,,,,,,
20260414171043_0300_026,20260414171043_0300,20260414171043,一般卓,3,NoName,95,6s,risekichu_hokan_tsumogiri,1776154736,759.911,,1,616.992,"[60,21,49,102,24,35,101,70,69,98,7,16,58]",,,,2r5679m 46799p 788s,,,,,,,,,,,,,,
20260414171043_0300_027,20260414171043_0300,20260414171043,一般卓,0,パシフィック,7,2m,tedashi,1776154738,1690.51,,0,,"[60,21,49,102,24,35,101,70,69,98,7,16,58,31]",,,,2r56789m 46799p 788s,,,,2,2,4,,0,,,,,,
20260414171043_0300_028,20260414171043_0300,20260414171043,一般卓,1,そのまま,30,8m,risekichu_hokan_tsumogiri,1776154739,705.184,,0,,"[60,21,49,102,24,35,101,70,69,98,16,58,31]",,,,r56789m 46799p 788s,,,,,,,,,,,,,,
20260414171043_0300_029,20260414171043_0300,20260414171043,一般卓,2,小助,41,2p,tedashi,1776154749,10046.133,,0,,"[60,21,49,102,24,35,101,70,69,98,16,58,31]",,,,r56789m 46799p 788s,,,,,,,,,,,,,,
20260414171043_0300_030,20260414171043_0300,20260414171043,一般卓,3,NoName,84,4s,risekichu_hokan_tsumogiri,1776154749,737.263,,0,,"[60,21,49,102,24,35,101,70,69,98,16,58,31]",,,,r56789m 46799p 788s,,,,,,,,,,,,,,
20260414171043_0300_031,20260414171043_0300,20260414171043,一般卓,0,パシフィック,120,4z,tsumogiri,1776154751,1595.044,,0,,"[60,21,49,102,24,35,101,70,69,98,16,58,31,120]",,,,r56789m 46799p 788s 4z,,,,2,2,4,,0,,,,,,
20260414171043_0300_032,20260414171043_0300,20260414171043,一般卓,1,そのまま,27,7m,risekichu_hokan_tsumogiri,1776154752,718.532,,0,,"[60,21,49,102,24,35,101,70,69,98,16,58,31]",,,,r56789m 46799p 788s,,,,,,,,,,,,,,
20260414171043_0300_033,20260414171043_0300,20260414171043,一般卓,2,小助,108,1z,tedashi,1776154756,4198.705,,0,,"[60,21,49,102,24,35,101,70,69,98,16,58,31]",,,,r56789m 46799p 788s,,,,,,,,,,,,,,
20260414171043_0300_034,20260414171043_0300,20260414171043,一般卓,3,NoName,75,1s,risekichu_hokan_tsumogiri,1776154757,744.875,,0,,"[60,21,49,102,24,35,101,70,69,98,16,58,31]",,,,r56789m 46799p 788s,,,,,,,,,,,,,,
20260414171043_0300_035,20260414171043_0300,20260414171043,一般卓,0,パシフィック,49,4p,tedashi,1776154758,1303.102,,0,,"[60,21,49,102,24,35,101,70,69,98,16,58,31,100]",,,,r56789m 46799p 7888s,,,,1,1,4,,0,,,,,,
20260414171043_0300_036,20260414171043_0300,20260414171043,一般卓,1,そのまま,121,4z,risekichu_hokan_tsumogiri,1776154759,1037.598,,0,,"[60,21,102,24,35,101,70,69,98,16,58,31,100]",,,,r56789m 6799p 7888s,,,,,,,,,,,,,,
20260414171043_0300_037,20260414171043_0300,20260414171043,一般卓,2,小助,8,3m,tedashi,1776154768,9085.289,,6,300.508,"[60,21,102,24,35,101,70,69,98,16,58,31,100]",,,,r56789m 6799p 7888s,,,,,,,,,,,,,,
20260414171043_0300_038,20260414171043_0300,20260414171043,一般卓,3,NoName,130,6z,risekichu_hokan_tsumogiri,1776154769,417.616,,0,,"[60,21,102,24,35,101,70,69,98,16,58,31,100]",,,,r56789m 6799p 7888s,,,,,,,,,,,,,,
20260414171043_0300_039,20260414171043_0300,20260414171043,一般卓,0,パシフィック,73,1s,tsumogiri,1776154770,1686.958,,0,,"[60,21,102,24,35,101,70,69,98,16,58,31,100,73]",,,,r56789m 6799p 17888s,,,,1,1,4,,0,,,,,,
20260414171043_0300_040,20260414171043_0300,20260414171043,一般卓,1,そのまま,103,8s,risekichu_hokan_tsumogiri,1776154771,724.015,,1,3452.503,"[60,21,102,24,35,101,70,69,98,16,58,31,100]",,,,r56789m 6799p 7888s,,,,,,,,,,,,,,
20260414171043_0300_041,20260414171043_0300,20260414171043,一般卓,2,小助,132,7z,risekichu_hokan_tsumogiri,1776154776,1727.176,,0,,"[60,21,102,24,35,101,70,69,98,16,58,31,100]",,,,r56789m 6799p 7888s,,,,,,,,,,,,,,
20260414171043_0300_042,20260414171043_0300,20260414171043,一般卓,3,NoName,38,1p,risekichu_hokan_tsumogiri,1776154777,724.418,,0,,"[60,21,102,24,35,101,70,69,98,16,58,31,100]",,,,r56789m 6799p 7888s,,,,,,,,,,,,,,
20260414171043_0300_043,20260414171043_0300,20260414171043,一般卓,0,パシフィック,98,7s,tedashi,1776154779,1433.745,,0,,"[60,21,102,24,35,101,70,69,98,16,58,31,100,20]",,,,r566789m 6799p 7888s,,,,1,1,3,,0,,,,,,
20260414171043_0300_044,20260414171043_0300,20260414171043,一般卓,1,そのまま,91,5s,risekichu_hokan_tsumogiri,1776154779,861.792,,1,3740.303,"[60,21,102,24,35,101,70,69,16,58,31,100,20]",,,,r566789m 6799p 888s,,,,,,,,,,,,,,
20260414171043_0300_045,20260414171043_0300,20260414171043,一般卓,2,小助,89,5s,tedashi,1776154789,5761.005,,0,,"[60,21,102,24,35,101,70,69,16,58,31,100,20]",,,,r566789m 6799p 888s,,,,,,,,,,,,,,
20260414171043_0300_046,20260414171043_0300,20260414171043,一般卓,3,NoName,129,6z,risekichu_hokan_tsumogiri,1776154790,724.69,,0,,"[60,21,102,24,35,101,70,69,16,58,31,100,20]",,,,r566789m 6799p 888s,,,,,,,,,,,,,,
20260414171043_0300_047,20260414171043_0300,20260414171043,一般卓,0,パシフィック,16,r5m,tedashi,1776154791,1400.18,,6,486.469,"[60,21,102,24,35,101,70,69,16,58,31,100,20,71]",,,,r566789m 67999p 888s,,,,0,0,3,58p,0,,,,,,
20260414171043_0300_048,20260414171043_0300,20260414171043,一般卓,1,そのまま,33,9m,risekichu_hokan_tsumogiri,1776154792,445.801,,0,,"[60,21,102,24,35,101,70,69,58,31,100,20,71]",,,,66789m 67999p 888s,,,,,,,,,,,,,,
20260414171043_0300_049,20260414171043_0300,20260414171043,一般卓,2,小助,68,9p,risekichu_hokan_tsumogiri,1776154802,10343.694,,6,187.841,"[60,21,102,24,35,101,70,69,58,31,100,20,71]",,,,66789m 67999p 888s,,,,,,,,,,,,,,
20260414171043_0300_050,20260414171043_0300,20260414171043,一般卓,3,NoName,9,3m,risekichu_hokan_tsumogiri,1776154803,533.463,,0,,"[60,21,102,24,35,101,70,69,58,31,100,20,71]",,,,66789m 67999p 888s,,,,,,,,,,,,,,
20260414171043_0300_051,20260414171043_0300,20260414171043,一般卓,0,パシフィック,20,6m,tedashi,1776154804,1377.022,,0,,"[60,21,102,24,35,101,70,69,58,31,100,20,71,32]",,,,667899m 67999p 888s,,,,0,0,2,58p,0,,,,,,
20260414171043_0300_052,20260414171043_0300,20260414171043,一般卓,1,そのまま,10,3m,risekichu_hokan_tsumogiri,1776154805,987.166,,0,,"[60,21,102,24,35,101,70,69,58,31,100,71,32]",,,,67899m 67999p 888s,,,,,,,,,,,,,,
20260414171043_0300_053,20260414171043_0300,20260414171043,一般卓,2,小助,133,7z,risekichu_hokan_tsumogiri,1776154808,2781.94,,0,,"[60,21,102,24,35,101,70,69,58,31,100,71,32]",,,,67899m 67999p 888s,,,,,,,,,,,,,,
20260414171043_0300_054,20260414171043_0300,20260414171043,一般卓,3,NoName,61,7p,risekichu_hokan_tsumogiri,1776154809,730.908,,0,,"[60,21,102,24,35,101,70,69,58,31,100,71,32]",,,,67899m 67999p 888s,,,,,,,,,,,,,,
20260414172200_0000_001,20260414172200_0000,20260414172200,一般卓,0,パシフィック,116,3z,tedashi,1776154924,3444.78,,0,,"[5,7,43,47,54,68,91,92,109,115,116,119,121,101]",,,,22m 2359p 568s 12334z,,,,4,4,4,,0,,,,,,
20260414172200_0000_002,20260414172200_0000,20260414172200,一般卓,1,変身忍者,117,3z,tedashi,1776154926,2851.702,,0,,"[5,7,43,47,54,68,91,92,109,115,119,121,101]",,,,22m 2359p 568s 1234z,,,,,,,,,,,,,,
20260414172200_0000_003,20260414172200_0000,20260414172200,一般卓,2,ミセスｋ,3,1m,tedashi,1776154933,6904.596,,0,,"[5,7,43,47,54,68,91,92,109,115,119,121,101]",,,,22m 2359p 568s 1234z,,,,,,,,,,,,,,
20260414172200_0000_004,20260414172200_0000,20260414172200,一般卓,3,ABC1234,33,9m,tedashi,1776154936,3151.362,,0,,"[5,7,43,47,54,68,91,92,109,115,119,121,101]",,,,22m 2359p 568s 1234z,,,,,,,,,,,,,,
20260414172200_0000_005,20260414172200_0000,20260414172200,一般卓,0,パシフィック,119,3z,tedashi,1776154938,1423.284,,0,,"[5,7,43,47,54,68,91,92,109,115,119,121,101,1]",,,,122m 2359p 568s 1234z,,,,5,5,5,,0,,,,,,
20260414172200_0000_006,20260414172200_0000,20260414172200,一般卓,1,変身忍者,114,2z,tedashi,1776154940,2401.442,,0,,"[5,7,43,47,54,68,91,92,109,115,121,101,1]",,,,122m 2359p 568s 124z,,,,,,,,,,,,,,
20260414172200_0000_007,20260414172200_0000,20260414172200,一般卓,2,ミセスｋ,2,1m,tedashi,1776154943,3005.859,,0,,"[5,7,43,47,54,68,91,92,109,115,121,101,1]",,,,122m 2359p 568s 124z,,,,,,,,,,,,,,
20260414172200_0000_008,20260414172200_0000,20260414172200,一般卓,3,ABC1234,135,7z,tedashi,1776154954,10466.679,,0,,"[5,7,43,47,54,68,91,92,109,115,121,101,1]",,,,122m 2359p 568s 124z,,,,,,,,,,,,,,
20260414172200_0000_009,20260414172200_0000,20260414172200,一般卓,0,パシフィック,115,2z,tedashi,1776154955,1320.87,,0,,"[5,7,43,47,54,68,91,92,109,115,121,101,1,72]",,,,122m 2359p 1568s 124z,,,,5,5,5,,0,,,,,,
20260414172200_0000_010,20260414172200_0000,20260414172200,一般卓,1,変身忍者,37,1p,tedashi,1776154960,5143.169,,0,,"[5,7,43,47,54,68,91,92,109,121,101,1,72]",,,,122m 2359p 1568s 14z,,,,,,,,,,,,,,
20260414172200_0000_011,20260414172200_0000,20260414172200,一般卓,2,ミセスｋ,24,7m,risekichu_hokan_tsumogiri,1776154976,15726.712,,1,4278.875,"[5,7,43,47,54,68,91,92,109,121,101,1,72]",,,,122m 2359p 1568s 14z,,,,,,,,,,,,,,
20260414172200_0000_012,20260414172200_0000,20260414172200,一般卓,3,ABC1234,32,9m,risekichu_hokan_tsumogiri,1776154982,1613.67,,0,,"[5,7,43,47,54,68,91,92,109,121,101,1,72]",,,,122m 2359p 1568s 14z,,,,,,,,,,,,,,
20260414172200_0000_013,20260414172200_0000,20260414172200,一般卓,0,パシフィック,109,1z,tedashi,1776154983,1188.957,,0,,"[5,7,43,47,54,68,91,92,109,121,101,1,72,40]",,,,122m 22359p 1568s 14z,,,,4,4,4,,0,,,,,,
20260414172200_0000_014,20260414172200_0000,20260414172200,一般卓,1,変身忍者,75,1s,tedashi,1776154988,5155.434,,1,2563.137,"[5,7,43,47,54,68,91,92,121,101,1,72,40]",,,,122m 22359p 1568s 4z,,,,,,,,,,,,,,
20260414172200_0000_015,20260414172200_0000,20260414172200,一般卓,2,ミセスｋ,97,7s,risekichu_hokan_tsumogiri,1776154997,6223.035,,0,,"[5,7,43,47,54,68,91,92,121,101,1,72,40]",,,,122m 22359p 1568s 4z,,,,,,,,,,,,,,
20260414172200_0000_016,20260414172200_0000,20260414172200,一般卓,3,ABC1234,126,5z,tedashi,1776155002,4546.449,,0,,"[5,7,43,47,54,68,91,92,121,101,1,72,40]",,,,122m 22359p 1568s 4z,,,,,,,,,,,,,,
20260414172200_0000_017,20260414172200_0000,20260414172200,一般卓,0,パシフィック,121,4z,tedashi,1776155003,1202.379,,0,,"[5,7,43,47,54,68,91,92,121,101,1,72,40,70]",,,,122m 223599p 1568s 4z,,,,3,3,3,,0,,,,,,
20260414172200_0000_018,20260414172200_0000,20260414172200,一般卓,1,変身忍者,128,6z,tedashi,1776155006,3590.425,,1,6321.595,"[5,7,43,47,54,68,91,92,101,1,72,40,70]",,,,122m 223599p 1568s,,,,,,,,,,,,,,
20260414172200_0000_019,20260414172200_0000,20260414172200,一般卓,2,ミセスｋ,14,4m,risekichu_hokan_tsumogiri,1776155019,6304.231,,1,5959.176,"[5,7,43,47,54,68,91,92,101,1,72,40,70]",,,,122m 223599p 1568s,,,,,,,,,,,,,,
20260414172200_0000_020,20260414172200_0000,20260414172200,一般卓,3,ABC1234,34,9m,risekichu_hokan_tsumogiri,1776155027,1987.49,,0,,"[5,7,43,47,54,68,91,92,101,1,72,40,70]",,,,122m 223599p 1568s,,,,,,,,,,,,,,
20260414172200_0000_021,20260414172200_0000,20260414172200,一般卓,0,パシフィック,48,4p,tsumogiri,1776155028,1217.842,,0,,"[5,7,43,47,54,68,91,92,101,1,72,40,70,48]",,,,122m 2234599p 1568s,,,,2,2,3,,0,,,,,,
20260414172200_0000_022,20260414172200_0000,20260414172200,一般卓,1,変身忍者,104,9s,risekichu_hokan_tsumogiri,1776155031,3131.82,,0,,"[5,7,43,47,54,68,91,92,101,1,72,40,70]",,,,122m 223599p 1568s,,,,,,,,,,,,,,
20260414172200_0000_023,20260414172200_0000,20260414172200,一般卓,2,ミセスｋ,124,5z,risekichu_hokan_tsumogiri,1776155034,2453.789,,0,,"[5,7,43,47,54,68,91,92,101,1,72,40,70]",,,,122m 223599p 1568s,,,,,,,,,,,,,,
20260414172200_0000_024,20260414172200_0000,20260414172200,一般卓,3,ABC1234,111,1z,tedashi,1776155040,6365.987,,0,,"[5,7,43,47,54,68,91,92,101,1,72,40,70]",,,,122m 223599p 1568s,,,,,,,,,,,,,,
20260414172200_0000_025,20260414172200_0000,20260414172200,一般卓,0,パシフィック,132,7z,tsumogiri,1776155041,1298.875,,0,,"[5,7,43,47,54,68,91,92,101,1,72,40,70,132]",,,,122m 223599p 1568s 7z,,,,3,3,3,,0,,,,,,
20260414172200_0000_026,20260414172200_0000,20260414172200,一般卓,1,変身忍者,122,4z,risekichu_hokan_tsumogiri,1776155043,1975.521,,0,,"[5,7,43,47,54,68,91,92,101,1,72,40,70]",,,,122m 223599p 1568s,,,,,,,,,,,,,,
20260414172200_0000_027,20260414172200_0000,20260414172200,一般卓,2,ミセスｋ,108,1z,risekichu_hokan_tsumogiri,1776155045,2039.283,,0,,"[5,7,43,47,54,68,91,92,101,1,72,40,70]",,,,122m 223599p 1568s,,,,,,,,,,,,,,
20260414172200_0000_028,20260414172200_0000,20260414172200,一般卓,3,ABC1234,19,5m,tedashi,1776155051,5147.214,,1,1325.882,"[5,7,43,47,54,68,91,92,101,1,72,40,70]",,,,122m 223599p 1568s,,,,,,,,,,,,,,
20260414172200_0000_029,20260414172200_0000,20260414172200,一般卓,0,パシフィック,101,8s,tedashi,1776155053,1230.556,,0,,"[5,7,43,47,54,68,91,92,101,1,72,40,70,103]",,,,122m 223599p 15688s,,,,2,3,2,,0,,,,,,
20260414172200_0000_030,20260414172200_0000,20260414172200,一般卓,1,変身忍者,78,2s,tedashi,1776155055,2320.142,,1,2212.834,"[5,7,43,47,54,68,91,92,1,72,40,70,103]",,,,122m 223599p 1568s,,,,,,,,,,,,,,
20260414172200_0000_031,20260414172200_0000,20260414172200,一般卓,2,ミセスｋ,29,8m,risekichu_hokan_tsumogiri,1776155060,2025.333,,0,,"[5,7,43,47,54,68,91,92,1,72,40,70,103]",,,,122m 223599p 1568s,,,,,,,,,,,,,,
20260414172200_0000_032,20260414172200_0000,20260414172200,一般卓,3,ABC1234,100,8s,risekichu_hokan_tsumogiri,1776155062,2392.954,,0,,"[5,7,43,47,54,68,91,92,1,72,40,70,103]",,,,122m 223599p 1568s,,,,,,,,,,,,,,
20260414172200_0000_033,20260414172200_0000,20260414172200,一般卓,0,パシフィック,52,r5p,tsumogiri,1776155064,1493.491,,2,2409.826,"[5,7,43,47,54,68,91,92,1,72,40,70,103,52]",,,,122m 223r5599p 1568s,,,,2,3,2,,0,,,,,,
20260414172200_0000_034,20260414172200_0000,20260414172200,一般卓,1,変身忍者,64,8p,tedashi,1776155067,1306.215,,0,,"[5,7,43,47,54,68,91,92,1,72,40,70,103]",,,,122m 223599p 1568s,,,,,,,,,,,,,,
20260414172200_0000_035,20260414172200_0000,20260414172200,一般卓,2,ミセスｋ,85,4s,risekichu_hokan_tsumogiri,1776155070,2982.173,,0,,"[5,7,43,47,54,68,91,92,1,72,40,70,103]",,,,122m 223599p 1568s,,,,,,,,,,,,,,
20260414172200_0000_036,20260414172200_0000,20260414172200,一般卓,3,ABC1234,134,7z,risekichu_hokan_tsumogiri,1776155073,2825.039,,0,,"[5,7,43,47,54,68,91,92,1,72,40,70,103]",,,,122m 223599p 1568s,,,,,,,,,,,,,,
20260414172200_0000_037,20260414172200_0000,20260414172200,一般卓,0,パシフィック,36,1p,tsumogiri,1776155074,1395.463,,1,2760.243,"[5,7,43,47,54,68,91,92,1,72,40,70,103,36]",,,,122m 1223599p 1568s,,,,3,3,3,,0,,,,,,
20260414172200_0000_038,20260414172200_0000,20260414172200,一般卓,1,変身忍者,71,9p,risekichu_hokan_tsumogiri,1776155079,1574.03,,1,1805.903,"[5,7,43,47,54,68,91,92,1,72,40,70,103]",,,,122m 223599p 1568s,,,,,,,,,,,,,,
20260414172200_0000_039,20260414172200_0000,20260414172200,一般卓,2,ミセスｋ,120,4z,risekichu_hokan_tsumogiri,1776155082,1455.557,,0,,"[5,7,43,47,54,68,91,92,1,72,40,70,103]",,,,122m 223599p 1568s,,,,,,,,,,,,,,
20260414172200_0000_040,20260414172200_0000,20260414172200,一般卓,3,ABC1234,6,2m,risekichu_hokan_tsumogiri,1776155084,2148.755,,6,211.604,"[5,7,43,47,54,68,91,92,1,72,40,70,103]",,,,122m 223599p 1568s,,,,,,,,,,,,,,
20260414172200_0000_041,20260414172200_0000,20260414172200,一般卓,0,パシフィック,49,4p,tsumogiri,1776155086,1475.709,,0,,"[5,7,43,47,54,68,91,92,1,72,40,70,103,49]",,,,122m 2234599p 1568s,,,,2,2,3,,0,,,,,,
20260414172200_0000_042,20260414172200_0000,20260414172200,一般卓,1,変身忍者,28,8m,tedashi,1776155091,5261.312,,0,,"[5,7,43,47,54,68,91,92,1,72,40,70,103]",,,,122m 223599p 1568s,,,,,,,,,,,,,,
20260414172200_0000_043,20260414172200_0000,20260414172200,一般卓,2,ミセスｋ,25,7m,risekichu_hokan_tsumogiri,1776155093,2325.943,,0,,"[5,7,43,47,54,68,91,92,1,72,40,70,103]",,,,122m 223599p 1568s,,,,,,,,,,,,,,
20260414172200_0100_000,20260414172200_0100,20260414172200,一般卓,0,パシフィック,134,7z,tedashi,1776155108,,,0,,"[36,52,50,40,8,73,1,134,63,21,33,87,16,93]",,,,13r569m 124r57p 146s 7z,,,,4,4,6,,0,,,,,,
20260414172200_0100_001,20260414172200_0100,20260414172200,一般卓,1,変身忍者,120,4z,tedashi,1776155111,3014.237,,0,,"[36,52,50,40,8,73,1,63,21,33,87,16,93]",,,,13r569m 124r57p 146s,,,,,,,,,,,,,,
20260414172200_0100_002,20260414172200_0100,20260414172200,一般卓,2,ミセスｋ,115,2z,tedashi,1776155113,2156.197,,0,,"[36,52,50,40,8,73,1,63,21,33,87,16,93]",,,,13r569m 124r57p 146s,,,,,,,,,,,,,,
20260414172200_0100_003,20260414172200_0100,20260414172200,一般卓,3,ABC1234,114,2z,tedashi,1776155119,5837.133,,0,,"[36,52,50,40,8,73,1,63,21,33,87,16,93]",,,,13r569m 124r57p 146s,,,,,,,,,,,,,,
20260414172200_0100_004,20260414172200_0100,20260414172200,一般卓,0,パシフィック,88,r5s,tsumogiri,1776155120,1246.609,,0,,"[36,52,50,40,8,73,1,63,21,33,87,16,93,88]",,,,13r569m 124r57p 14r56s,,,,3,3,6,,0,,,,,,
20260414172200_0100_005,20260414172200_0100,20260414172200,一般卓,1,変身忍者,118,3z,risekichu_hokan_tsumogiri,1776155123,3071.241,,0,,"[36,52,50,40,8,73,1,63,21,33,87,16,93]",,,,13r569m 124r57p 146s,,,,,,,,,,,,,,
20260414172200_0100_006,20260414172200_0100,20260414172200,一般卓,2,ミセスｋ,133,7z,risekichu_hokan_tsumogiri,1776155126,2932.778,,0,,"[36,52,50,40,8,73,1,63,21,33,87,16,93]",,,,13r569m 124r57p 146s,,,,,,,,,,,,,,
20260414172200_0100_007,20260414172200_0100,20260414172200,一般卓,3,ABC1234,38,1p,tedashi,1776155132,5653.535,,0,,"[36,52,50,40,8,73,1,63,21,33,87,16,93]",,,,13r569m 124r57p 146s,,,,,,,,,,,,,,
20260414172200_0100_008,20260414172200_0100,20260414172200,一般卓,0,パシフィック,40,2p,tedashi,1776155133,1084.265,,0,,"[36,52,50,40,8,73,1,63,21,33,87,16,93,43]",,,,13r569m 1224r57p 146s,,,,3,3,5,,0,,,,,,
20260414172200_0100_009,20260414172200_0100,20260414172200,一般卓,1,変身忍者,44,3p,tedashi,1776155138,5697.85,,1,1837.848,"[36,52,50,8,73,1,63,21,33,87,16,93,43]",,,,13r569m 124r57p 146s,,,,,,,,,,,,,,
20260414172200_0100_010,20260414172200_0100,20260414172200,一般卓,2,ミセスｋ,125,5z,tedashi,1776155142,1475.036,,2,2064.098,"[36,52,50,8,73,1,63,21,33,87,16,93,43]",,,,13r569m 124r57p 146s,,,,,,,,,,,,,,
20260414172200_0100_011,20260414172200_0100,20260414172200,一般卓,1,変身忍者,41,2p,tedashi,1776155145,1176.643,,0,,"[36,52,50,8,73,1,63,21,33,87,16,93,43]",,,,13r569m 124r57p 146s,,,,,,,,,,,,,,
20260414172200_0100_012,20260414172200_0100,20260414172200,一般卓,2,ミセスｋ,132,7z,tedashi,1776155147,2315.525,,0,,"[36,52,50,8,73,1,63,21,33,87,16,93,43]",,,,13r569m 124r57p 146s,,,,,,,,,,,,,,
20260414172200_0100_013,20260414172200_0100,20260414172200,一般卓,3,ABC1234,135,7z,tedashi,1776155150,2312.146,,0,,"[36,52,50,8,73,1,63,21,33,87,16,93,43]",,,,13r569m 124r57p 146s,,,,,,,,,,,,,,
20260414172200_0100_014,20260414172200_0100,20260414172200,一般卓,0,パシフィック,63,7p,tedashi,1776155151,1162.503,,0,,"[36,52,50,8,73,1,63,21,33,87,16,93,43,60]",,,,13r569m 124r577p 146s,,,,3,3,5,,0,,,,,,
20260414172200_0100_015,20260414172200_0100,20260414172200,一般卓,1,変身忍者,119,3z,risekichu_hokan_tsumogiri,1776155153,2130.855,,0,,"[36,52,50,8,73,1,21,33,87,16,93,43,60]",,,,13r569m 124r57p 146s,,,,,,,,,,,,,,
20260414172200_0100_016,20260414172200_0100,20260414172200,一般卓,2,ミセスｋ,77,2s,tedashi,1776155155,2378.25,,1,2876.59,"[36,52,50,8,73,1,21,33,87,16,93,43,60]",,,,13r569m 124r57p 146s,,,,,,,,,,,,,,
20260414172200_0100_017,20260414172200_0100,20260414172200,一般卓,3,ABC1234,5,2m,tedashi,1776155163,4814.812,,6,311.901,"[36,52,50,8,73,1,21,33,87,16,93,43,60]",,,,13r569m 124r57p 146s,,,,,,,,,,,,,,
20260414172200_0100_018,20260414172200_0100,20260414172200,一般卓,0,パシフィック,46,3p,tsumogiri,1776155165,1313.327,,0,,"[36,52,50,8,73,1,21,33,87,16,93,43,60,46]",,,,13r569m 1234r57p 146s,,,,3,3,6,,0,,,,,,
20260414172200_0100_019,20260414172200_0100,20260414172200,一般卓,1,変身忍者,79,2s,risekichu_hokan_tsumogiri,1776155167,2031.722,,0,,"[36,52,50,8,73,1,21,33,87,16,93,43,60]",,,,13r569m 124r57p 146s,,,,,,,,,,,,,,
20260414172200_0100_020,20260414172200_0100,20260414172200,一般卓,2,ミセスｋ,104,9s,tedashi,1776155169,2596.183,,0,,"[36,52,50,8,73,1,21,33,87,16,93,43,60]",,,,13r569m 124r57p 146s,,,,,,,,,,,,,,
20260414172200_0100_021,20260414172200_0100,20260414172200,一般卓,3,ABC1234,109,1z,tedashi,1776155178,9320.655,,0,,"[36,52,50,8,73,1,21,33,87,16,93,43,60]",,,,13r569m 124r57p 146s,,,,,,,,,,,,,,
20260414172200_0100_022,20260414172200_0100,20260414172200,一般卓,0,パシフィック,73,1s,tedashi,1776155180,1304.445,,0,,"[36,52,50,8,73,1,21,33,87,16,93,43,60,74]",,,,13r569m 124r57p 1146s,,,,3,3,5,,0,,,,,,
20260414172200_0100_023,20260414172200_0100,20260414172200,一般卓,1,変身忍者,9,3m,tedashi,1776155183,2718.62,,0,,"[36,52,50,8,1,21,33,87,16,93,43,60,74]",,,,13r569m 124r57p 146s,,,,,,,,,,,,,,
20260414172200_0100_024,20260414172200_0100,20260414172200,一般卓,2,ミセスｋ,97,7s,tedashi,1776155188,5024.594,,0,,"[36,52,50,8,1,21,33,87,16,93,43,60,74]",,,,13r569m 124r57p 146s,,,,,,,,,,,,,,
20260414172200_0100_025,20260414172200_0100,20260414172200,一般卓,3,ABC1234,129,6z,tedashi,1776155194,6434.562,,0,,"[36,52,50,8,1,21,33,87,16,93,43,60,74]",,,,13r569m 124r57p 146s,,,,,,,,,,,,,,
20260414172200_0100_026,20260414172200_0100,20260414172200,一般卓,0,パシフィック,6,2m,tsumogiri,1776155195,1336.448,,0,,"[36,52,50,8,1,21,33,87,16,93,43,60,74,6]",,,,123r569m 124r57p 146s,,,,3,3,6,,0,,,,,,
20260414172200_0100_027,20260414172200_0100,20260414172200,一般卓,1,変身忍者,12,4m,risekichu_hokan_tsumogiri,1776155199,3353.731,,1,2051.844,"[36,52,50,8,1,21,33,87,16,93,43,60,74]",,,,13r569m 124r57p 146s,,,,,,,,,,,,,,
20260414172200_0100_028,20260414172200_0100,20260414172200,一般卓,2,ミセスｋ,15,4m,tedashi,1776155207,6037.91,,0,,"[36,52,50,8,1,21,33,87,16,93,43,60,74]",,,,13r569m 124r57p 146s,,,,,,,,,,,,,,
20260414172200_0100_029,20260414172200_0100,20260414172200,一般卓,3,ABC1234,105,9s,tedashi,1776155220,13386.497,,0,,"[36,52,50,8,1,21,33,87,16,93,43,60,74]",,,,13r569m 124r57p 146s,,,,,,,,,,,,,,
20260414172200_0100_030,20260414172200_0100,20260414172200,一般卓,0,パシフィック,64,8p,tsumogiri,1776155222,1407.493,,0,,"[36,52,50,8,1,21,33,87,16,93,43,60,74,64]",,,,13r569m 124r578p 146s,,,,4,4,6,,0,,,,,,
20260414172200_0100_031,20260414172200_0100,20260414172200,一般卓,1,変身忍者,81,3s,risekichu_hokan_tsumogiri,1776155224,2497.007,,1,3270.244,"[36,52,50,8,1,21,33,87,16,93,43,60,74]",,,,13r569m 124r57p 146s,,,,,,,,,,,,,,
20260414172200_0100_032,20260414172200_0100,20260414172200,一般卓,2,ミセスｋ,89,5s,risekichu_hokan_tsumogiri,1776155230,2300.394,,1,2785.249,"[36,52,50,8,1,21,33,87,16,93,43,60,74]",,,,13r569m 124r57p 146s,,,,,,,,,,,,,,
20260414172200_0100_033,20260414172200_0100,20260414172200,一般卓,3,ABC1234,42,2p,risekichu_hokan_tsumogiri,1776155234,1438.994,,0,,"[36,52,50,8,1,21,33,87,16,93,43,60,74]",,,,13r569m 124r57p 146s,,,,,,,,,,,,,,
20260414172200_0100_034,20260414172200_0100,20260414172200,一般卓,0,パシフィック,24,7m,tsumogiri,1776155235,1509.39,,1,3175.93,"[36,52,50,8,1,21,33,87,16,93,43,60,74,24]",,,,13r5679m 124r57p 146s,,,,3,3,6,,0,,,,,,
20260414172200_0100_035,20260414172200_0100,20260414172200,一般卓,1,変身忍者,78,2s,risekichu_hokan_tsumogiri,1776155240,1672.257,,0,,"[36,52,50,8,1,21,33,87,16,93,43,60,74]",,,,13r569m 124r57p 146s,,,,,,,,,,,,,,
20260414172200_0100_036,20260414172200_0100,20260414172200,一般卓,2,ミセスｋ,65,8p,tedashi,1776155242,2247.667,,0,,"[36,52,50,8,1,21,33,87,16,93,43,60,74]",,,,13r569m 124r57p 146s,,,,,,,,,,,,,,
20260414172200_0100_037,20260414172200_0100,20260414172200,一般卓,3,ABC1234,107,9s,tedashi,1776155248,5647.754,,0,,"[36,52,50,8,1,21,33,87,16,93,43,60,74]",,,,13r569m 124r57p 146s,,,,,,,,,,,,,,
20260414172200_0100_038,20260414172200_0100,20260414172200,一般卓,0,パシフィック,57,6p,tsumogiri,1776155250,1595.187,,0,,"[36,52,50,8,1,21,33,87,16,93,43,60,74,57]",,,,13r569m 124r567p 146s,,,,3,3,6,,0,,,,,,
20260414172200_0100_039,20260414172200_0100,20260414172200,一般卓,1,変身忍者,72,1s,risekichu_hokan_tsumogiri,1776155252,1923.716,,0,,"[36,52,50,8,1,21,33,87,16,93,43,60,74]",,,,13r569m 124r57p 146s,,,,,,,,,,,,,,
20260414172200_0100_040,20260414172200_0100,20260414172200,一般卓,2,ミセスｋ,62,7p,tedashi,1776155254,2425.011,,1,4758.976,"[36,52,50,8,1,21,33,87,16,93,43,60,74]",,,,13r569m 124r57p 146s,,,,,,,,,,,,,,
20260414172200_0100_041,20260414172200_0100,20260414172200,一般卓,3,ABC1234,69,9p,risekichu_hokan_tsumogiri,1776155260,1632.423,,1,1774.175,"[36,52,50,8,1,21,33,87,16,93,43,60,74]",,,,13r569m 124r57p 146s,,,,,,,,,,,,,,
20260414172200_0100_042,20260414172200_0100,20260414172200,一般卓,0,パシフィック,100,8s,tsumogiri,1776155264,1469.844,,0,,"[36,52,50,8,1,21,33,87,16,93,43,60,74,100]",,,,13r569m 124r57p 1468s,,,,4,4,6,,0,,,,,,
20260414172200_0100_043,20260414172200_0100,20260414172200,一般卓,1,変身忍者,102,8s,risekichu_hokan_tsumogiri,1776155266,2208.365,,0,,"[36,52,50,8,1,21,33,87,16,93,43,60,74]",,,,13r569m 124r57p 146s,,,,,,,,,,,,,,
20260414172200_0100_044,20260414172200_0100,20260414172200,一般卓,2,ミセスｋ,39,1p,tedashi,1776155269,2740.411,,0,,"[36,52,50,8,1,21,33,87,16,93,43,60,74]",,,,13r569m 124r57p 146s,,,,,,,,,,,,,,
20260414172200_0100_045,20260414172200_0100,20260414172200,一般卓,3,ABC1234,108,1z,risekichu_hokan_tsumogiri,1776155271,2544.12,,0,,"[36,52,50,8,1,21,33,87,16,93,43,60,74]",,,,13r569m 124r57p 146s,,,,,,,,,,,,,,
20260414172200_0100_046,20260414172200_0100,20260414172200,一般卓,0,パシフィック,21,6m,tedashi,1776155272,1101.307,,2,4433.859,"[36,52,50,8,1,21,33,87,16,93,43,60,74,22]",,,,13r5669m 124r57p 146s,,,,3,3,5,,1,,,,,,
20260414172200_0100_047,20260414172200_0100,20260414172200,一般卓,1,変身忍者,95,6s,tedashi,1776155279,2420.84,,1,1908.758,"[36,52,50,8,1,33,87,16,93,43,60,74,22]",,,,13r569m 124r57p 146s,,,,,,,,,,,,,,
20260414172200_0100_048,20260414172200_0100,20260414172200,一般卓,2,ミセスｋ,103,8s,tedashi,1776155283,1600.085,,0,,"[36,52,50,8,1,33,87,16,93,43,60,74,22]",,,,13r569m 124r57p 146s,,,,,,,,,,,,,,
20260414172200_0100_049,20260414172200_0100,20260414172200,一般卓,3,ABC1234,11,3m,risekichu_hokan_tsumogiri,1776155285,1989.0,,0,,"[36,52,50,8,1,33,87,16,93,43,60,74,22]",,,,13r569m 124r57p 146s,,,,,,,,,,,,,,
20260414172200_0100_050,20260414172200_0100,20260414172200,一般卓,0,パシフィック,22,6m,tedashi,1776155286,1319.957,,0,,"[36,52,50,8,1,33,87,16,93,43,60,74,22,23]",,,,13r5669m 124r57p 146s,,,,3,3,5,,1,,,,,,
20260414172200_0100_051,20260414172200_0100,20260414172200,一般卓,1,変身忍者,130,6z,risekichu_hokan_tsumogiri,1776155288,1892.222,,0,,"[36,52,50,8,1,33,87,16,93,43,60,74,23]",,,,13r569m 124r57p 146s,,,,,,,,,,,,,,
20260414172200_0100_052,20260414172200_0100,20260414172200,一般卓,2,ミセスｋ,70,9p,risekichu_hokan_tsumogiri,1776155291,2989.665,,1,4224.429,"[36,52,50,8,1,33,87,16,93,43,60,74,23]",,,,13r569m 124r57p 146s,,,,,,,,,,,,,,
20260414172200_0100_053,20260414172200_0100,20260414172200,一般卓,3,ABC1234,51,4p,risekichu_hokan_tsumogiri,1776155298,2981.445,,1,2036.015,"[36,52,50,8,1,33,87,16,93,43,60,74,23]",,,,13r569m 124r57p 146s,,,,,,,,,,,,,,
20260414172200_0100_054,20260414172200_0100,20260414172200,一般卓,0,パシフィック,122,4z,tsumogiri,1776155316,16229.284,,0,,"[36,52,50,8,1,33,87,16,93,43,60,74,23,122]",,,,13r569m 124r57p 146s 4z,,,,4,4,6,,0,,,,,,
20260414172200_0100_055,20260414172200_0100,20260414172200,一般卓,1,変身忍者,47,3p,risekichu_hokan_tsumogiri,1776155318,2072.154,,1,1914.626,"[36,52,50,8,1,33,87,16,93,43,60,74,23]",,,,13r569m 124r57p 146s,,,,,,,,,,,,,,
20260414172200_0100_056,20260414172200_0100,20260414172200,一般卓,2,ミセスｋ,121,4z,tedashi,1776155322,1414.527,,0,,"[36,52,50,8,1,33,87,16,93,43,60,74,23]",,,,13r569m 124r57p 146s,,,,,,,,,,,,,,
20260414172200_0100_057,20260414172200_0100,20260414172200,一般卓,3,ABC1234,131,6z,risekichu_hokan_tsumogiri,1776155325,3485.483,,0,,"[36,52,50,8,1,33,87,16,93,43,60,74,23]",,,,13r569m 124r57p 146s,,,,,,,,,,,,,,
20260414172200_0100_058,20260414172200_0100,20260414172200,一般卓,0,パシフィック,111,1z,tsumogiri,1776155332,6699.397,,0,,"[36,52,50,8,1,33,87,16,93,43,60,74,23,111]",,,,13r569m 124r57p 146s 1z,,,,4,4,6,,0,,,,,,
20260414172200_0100_059,20260414172200_0100,20260414172200,一般卓,1,変身忍者,106,9s,risekichu_hokan_tsumogiri,1776155334,2294.147,,0,,"[36,52,50,8,1,33,87,16,93,43,60,74,23]",,,,13r569m 124r57p 146s,,,,,,,,,,,,,,
20260414172200_0100_060,20260414172200_0100,20260414172200,一般卓,2,ミセスｋ,110,1z,risekichu_hokan_tsumogiri,1776155337,2473.887,,0,,"[36,52,50,8,1,33,87,16,93,43,60,74,23]",,,,13r569m 124r57p 146s,,,,,,,,,,,,,,
20260414172200_0100_061,20260414172200_0100,20260414172200,一般卓,3,ABC1234,128,6z,risekichu_hokan_tsumogiri,1776155339,2229.507,,0,,"[36,52,50,8,1,33,87,16,93,43,60,74,23]",,,,13r569m 124r57p 146s,,,,,,,,,,,,,,
20260414172200_0100_062,20260414172200_0100,20260414172200,一般卓,0,パシフィック,116,3z,tsumogiri,1776155346,6704.463,,0,,"[36,52,50,8,1,33,87,16,93,43,60,74,23,116]",,,,13r569m 124r57p 146s 3z,,,,4,4,6,,0,,,,,,
20260414172200_0301_034,20260414172200_0301,20260414172200,一般卓,0,パシフィック,117,3z,tedashi,1776155987,3052.401,,0,,"[0,6,12,17,34,40,48,55,59,84,95,112,117,74]",,,,12459m 2456p 146s 23z,,,,3,3,6,,0,,,,,,
20260414172200_0301_035,20260414172200_0301,20260414172200,一般卓,1,変身忍者,36,1p,risekichu_hokan_tsumogiri,1776155989,2036.52,,0,,"[0,6,12,17,34,40,48,55,59,84,95,112,74]",,,,12459m 2456p 146s 2z,,,,,,,,,,,,,,
20260414172200_0301_036,20260414172200_0301,20260414172200,一般卓,2,ミセスｋ,108,1z,risekichu_hokan_tsumogiri,1776155992,2185.263,,2,2129.737,"[0,6,12,17,34,40,48,55,59,84,95,112,74]",,,,12459m 2456p 146s 2z,,,,,,,,,,,,,,
20260414172200_0301_037,20260414172200_0301,20260414172200,一般卓,3,ABC1234,19,5m,tedashi,1776155995,1685.102,,0,,"[0,6,12,17,34,40,48,55,59,84,95,112,74]",,,,12459m 2456p 146s 2z,,,,,,,,,,,,,,
20260414172200_0301_038,20260414172200_0301,20260414172200,一般卓,0,パシフィック,34,9m,tedashi,1776155999,3183.796,,0,,"[0,6,12,17,34,40,48,55,59,84,95,112,74,101]",,,,12459m 2456p 1468s 2z,,,,3,3,6,,0,,,,,,
20260414172200_0301_039,20260414172200_0301,20260414172200,一般卓,1,変身忍者,51,4p,risekichu_hokan_tsumogiri,1776156002,3011.781,,0,,"[0,6,12,17,40,48,55,59,84,95,112,74,101]",,,,1245m 2456p 1468s 2z,,,,,,,,,,,,,,
20260414174031_0000_000,20260414174031_0000,20260414174031,,3,koda08,127,5z,tedashi,1776156046,,,0,,"[75,112,130,38,67,126,76,78,35,133,71,43,37]",,,,9m 11289p 122s 2567z,,,,,,,,,,,,,,
20260414174031_0000_001,20260414174031_0000,20260414174031,,0,パシフィック,126,5z,tedashi,1776156057,11354.083,,0,,"[75,112,130,38,67,126,76,78,35,133,71,43,37,95]",,,,9m 11289p 1226s 2567z,,,,4,5,4,,0,,,,,,
20260414174031_0000_002,20260414174031_0000,20260414174031,,1,ユウイチ,1,1m,tedashi,1776156059,2594.194,,0,,"[75,112,130,38,67,76,78,35,133,71,43,37,95]",,,,9m 11289p 1226s 267z,,,,,,,,,,,,,,
20260414174031_0000_003,20260414174031_0000,20260414174031,,2,HUTO,34,9m,tedashi,1776156061,1621.518,,0,,"[75,112,130,38,67,76,78,35,133,71,43,37,95]",,,,9m 11289p 1226s 267z,,,,,,,,,,,,,,
20260414174031_0000_004,20260414174031_0000,20260414174031,,3,koda08,36,1p,tedashi,1776156072,10903.014,,6,189.325,"[75,112,130,38,67,76,78,35,133,71,43,37,95]",,,,9m 11289p 1226s 267z,,,,,,,,,,,,,,
20260414174031_0000_005,20260414174031_0000,20260414174031,,0,パシフィック,112,2z,tedashi,1776156077,4694.955,,0,,"[75,112,130,38,67,76,78,35,133,71,43,37,95,85]",,,,9m 11289p 12246s 267z,,,,4,4,4,,0,,,,,,
20260414174031_0000_006,20260414174031_0000,20260414174031,,1,ユウイチ,128,6z,tedashi,1776156080,3189.134,,0,,"[75,130,38,67,76,78,35,133,71,43,37,95,85]",,,,9m 11289p 12246s 67z,,,,,,,,,,,,,,
20260414174031_0000_007,20260414174031_0000,20260414174031,,2,HUTO,131,6z,tedashi,1776156082,2260.062,,0,,"[75,130,38,67,76,78,35,133,71,43,37,95,85]",,,,9m 11289p 12246s 67z,,,,,,,,,,,,,,
20260414174031_0000_008,20260414174031_0000,20260414174031,,3,koda08,134,7z,risekichu_hokan_tsumogiri,1776156086,3505.262,,0,,"[75,130,38,67,76,78,35,133,71,43,37,95,85]",,,,9m 11289p 12246s 67z,,,,,,,,,,,,,,
20260414174031_0000_009,20260414174031_0000,20260414174031,,0,パシフィック,130,6z,tedashi,1776156090,3917.961,,0,,"[75,130,38,67,76,78,35,133,71,43,37,95,85,88]",,,,9m 11289p 1224r56s 67z,,,,3,3,4,,0,,,,,,
20260414174031_0000_010,20260414174031_0000,20260414174031,,1,ユウイチ,110,1z,tedashi,1776156093,2807.309,,0,,"[75,38,67,76,78,35,133,71,43,37,95,85,88]",,,,9m 11289p 1224r56s 7z,,,,,,,,,,,,,,
20260414174031_0000_011,20260414174031_0000,20260414174031,,2,HUTO,120,4z,tedashi,1776156096,3755.132,,1,1952.366,"[75,38,67,76,78,35,133,71,43,37,95,85,88]",,,,9m 11289p 1224r56s 7z,,,,,,,,,,,,,,
20260414174031_0000_012,20260414174031_0000,20260414174031,,3,koda08,125,5z,risekichu_hokan_tsumogiri,1776156101,2496.246,,0,,"[75,38,67,76,78,35,133,71,43,37,95,85,88]",,,,9m 11289p 1224r56s 7z,,,,,,,,,,,,,,
20260414174031_0000_013,20260414174031_0000,20260414174031,,0,パシフィック,133,7z,tedashi,1776156104,3606.027,,0,,"[75,38,67,76,78,35,133,71,43,37,95,85,88,105]",,,,9m 11289p 1224r569s 7z,,,,3,3,4,,0,,,,,,
20260414174031_0000_014,20260414174031_0000,20260414174031,,1,ユウイチ,115,2z,tedashi,1776156107,2863.123,,0,,"[75,38,67,76,78,35,71,43,37,95,85,88,105]",,,,9m 11289p 1224r569s,,,,,,,,,,,,,,
20260414174031_0000_015,20260414174031_0000,20260414174031,,2,HUTO,119,3z,risekichu_hokan_tsumogiri,1776156110,2560.316,,1,2433.491,"[75,38,67,76,78,35,71,43,37,95,85,88,105]",,,,9m 11289p 1224r569s,,,,,,,,,,,,,,
20260414174031_0000_016,20260414174031_0000,20260414174031,,3,koda08,117,3z,tedashi,1776156116,3332.663,,0,,"[75,38,67,76,78,35,71,43,37,95,85,88,105]",,,,9m 11289p 1224r569s,,,,,,,,,,,,,,
20260414174031_0000_017,20260414174031_0000,20260414174031,,0,パシフィック,35,9m,tedashi,1776156118,2667.318,,0,,"[75,38,67,76,78,35,71,43,37,95,85,88,105,72]",,,,9m 11289p 11224r569s,,,,2,2,3,,0,,,,,,
20260414174031_0000_018,20260414174031_0000,20260414174031,,1,ユウイチ,123,4z,tedashi,1776156122,3497.391,,0,,"[75,38,67,76,78,71,43,37,95,85,88,105,72]",,,,11289p 11224r569s,,,,,,,,,,,,,,
20260414174031_0000_019,20260414174031_0000,20260414174031,,2,HUTO,21,6m,tedashi,1776156125,2977.534,,0,,"[75,38,67,76,78,71,43,37,95,85,88,105,72]",,,,11289p 11224r569s,,,,,,,,,,,,,,
20260414174031_0000_020,20260414174031_0000,20260414174031,,3,koda08,116,3z,tedashi,1776156128,3368.976,,0,,"[75,38,67,76,78,71,43,37,95,85,88,105,72]",,,,11289p 11224r569s,,,,,,,,,,,,,,
20260414174031_0000_021,20260414174031_0000,20260414174031,,0,パシフィック,105,9s,tedashi,1776156131,2805.173,,1,1988.53,"[75,38,67,76,78,71,43,37,95,85,88,105,72,69]",,,,112899p 11224r569s,,,,2,2,2,,0,,,,,,
20260414174031_0000_022,20260414174031_0000,20260414174031,,1,ユウイチ,113,2z,risekichu_hokan_tsumogiri,1776156134,1616.245,,0,,"[75,38,67,76,78,71,43,37,95,85,88,72,69]",,,,112899p 11224r56s,,,,,,,,,,,,,,
20260414174031_0000_023,20260414174031_0000,20260414174031,,2,HUTO,121,4z,risekichu_hokan_tsumogiri,1776156137,2734.383,,0,,"[75,38,67,76,78,71,43,37,95,85,88,72,69]",,,,112899p 11224r56s,,,,,,,,,,,,,,
20260414174031_0000_024,20260414174031_0000,20260414174031,,3,koda08,33,9m,tedashi,1776156141,3424.335,,0,,"[75,38,67,76,78,71,43,37,95,85,88,72,69]",,,,112899p 11224r56s,,,,,,,,,,,,,,
20260414174031_0000_025,20260414174031_0000,20260414174031,,0,パシフィック,37,1p,tedashi,1776156143,2609.984,,0,,"[75,38,67,76,78,71,43,37,95,85,88,72,69,73]",,,,112899p 111224r56s,,,,1,1,2,,0,,,,,,
20260414174031_0000_026,20260414174031_0000,20260414174031,,1,ユウイチ,109,1z,risekichu_hokan_tsumogiri,1776156145,2145.55,,0,,"[75,38,67,76,78,71,43,95,85,88,72,69,73]",,,,12899p 111224r56s,,,,,,,,,,,,,,
20260414174031_0000_027,20260414174031_0000,20260414174031,,2,HUTO,25,7m,risekichu_hokan_tsumogiri,1776156149,3412.427,,0,,"[75,38,67,76,78,71,43,95,85,88,72,69,73]",,,,12899p 111224r56s,,,,,,,,,,,,,,
20260414174031_0000_028,20260414174031_0000,20260414174031,,3,koda08,39,1p,risekichu_hokan_tsumogiri,1776156152,2954.249,,0,,"[75,38,67,76,78,71,43,95,85,88,72,69,73]",,,,12899p 111224r56s,,,,,,,,,,,,,,
20260414174031_0000_029,20260414174031_0000,20260414174031,,0,パシフィック,111,1z,tsumogiri,1776156163,11716.974,,0,,"[75,38,67,76,78,71,43,95,85,88,72,69,73,111]",,,,12899p 111224r56s 1z,,,,1,1,3,,0,,,,,,
20260414174031_0000_030,20260414174031_0000,20260414174031,,1,ユウイチ,124,5z,risekichu_hokan_tsumogiri,1776156166,2085.652,,0,,"[75,38,67,76,78,71,43,95,85,88,72,69,73]",,,,12899p 111224r56s,,,,,,,,,,,,,,
20260414174031_0000_031,20260414174031_0000,20260414174031,,2,HUTO,114,2z,risekichu_hokan_tsumogiri,1776156168,2347.627,,0,,"[75,38,67,76,78,71,43,95,85,88,72,69,73]",,,,12899p 111224r56s,,,,,,,,,,,,,,
20260414174031_0000_032,20260414174031_0000,20260414174031,,3,koda08,31,8m,tedashi,1776156171,2709.118,,0,,"[75,38,67,76,78,71,43,95,85,88,72,69,73]",,,,12899p 111224r56s,,,,,,,,,,,,,,
20260414174031_0000_033,20260414174031_0000,20260414174031,,0,パシフィック,32,9m,tsumogiri,1776156177,6703.469,,0,,"[75,38,67,76,78,71,43,95,85,88,72,69,73,32]",,,,9m 12899p 111224r56s,,,,1,1,3,,0,,,,,,
20260414174031_0000_034,20260414174031_0000,20260414174031,,1,ユウイチ,60,7p,tedashi,1776156181,3592.927,,1,3042.279,"[75,38,67,76,78,71,43,95,85,88,72,69,73]",,,,12899p 111224r56s,,,,,,,,,,,,,,
20260414174031_0000_035,20260414174031_0000,20260414174031,,2,HUTO,11,3m,tedashi,1776156198,13757.174,,0,,"[75,38,67,76,78,71,43,95,85,88,72,69,73]",,,,12899p 111224r56s,,,,,,,,,,,,,,
20260414174031_0000_036,20260414174031_0000,20260414174031,,3,koda08,63,7p,tedashi,1776156203,5475.878,,6,210.474,"[75,38,67,76,78,71,43,95,85,88,72,69,73]",,,,12899p 111224r56s,,,,,,,,,,,,,,
20260414174031_0000_037,20260414174031_0000,20260414174031,,0,パシフィック,71,9p,tedashi,1776156208,986.493,3215.847,0,,"[75,38,67,76,78,71,43,95,85,88,72,69,73,61]",,,,127899p 111224r56s,,,,0,0,3,3p,0,,,,,,
20260414174031_0000_038,20260414174031_0000,20260414174031,,1,ユウイチ,122,4z,tedashi,1776156210,2586.394,,0,,"[75,38,67,76,78,43,95,85,88,72,69,73,61]",,,,12789p 111224r56s,,,,,,,,,,,,,,
20260414174031_0000_039,20260414174031_0000,20260414174031,,2,HUTO,66,8p,tedashi,1776156219,8826.927,,0,,"[75,38,67,76,78,43,95,85,88,72,69,73,61]",,,,12789p 111224r56s,,,,,,,,,,,,,,
20260414174031_0000_040,20260414174031_0000,20260414174031,,3,koda08,93,6s,tedashi,1776156224,4612.485,,0,,"[75,38,67,76,78,43,95,85,88,72,69,73,61]",,,,12789p 111224r56s,,,,,,,,,,,,,,
20260414174031_0000_041,20260414174031_0000,20260414174031,,0,パシフィック,87,4s,tsumogiri,1776156224,684.197,,1,2569.599,"[75,38,67,76,78,43,95,85,88,72,69,73,61,87]",,,,12789p 1112244r56s,,,,0,0,3,3p,0,,,,,,
20260414174031_0000_042,20260414174031_0000,20260414174031,,1,ユウイチ,70,9p,tedashi,1776156229,1871.664,,1,2265.632,"[75,38,67,76,78,43,95,85,88,72,69,73,61]",,,,12789p 111224r56s,,,,,,,,,,,,,,
20260414174031_0000_043,20260414174031_0000,20260414174031,,2,HUTO,86,4s,tedashi,1776156233,1606.532,,1,2125.534,"[75,38,67,76,78,43,95,85,88,72,69,73,61]",,,,12789p 111224r56s,,,,,,,,,,,,,,
20260414174031_0000_044,20260414174031_0000,20260414174031,,3,koda08,118,3z,risekichu_hokan_tsumogiri,1776156237,1843.867,,0,,"[75,38,67,76,78,43,95,85,88,72,69,73,61]",,,,12789p 111224r56s,,,,,,,,,,,,,,
20260414174031_0100_000,20260414174031_0100,20260414174031,,0,パシフィック,111,1z,tedashi,1776156267,,,2,1873.033,"[122,9,57,99,3,32,10,52,130,49,48,19,111,72]",,,,13359m 44r56p 17s 146z,,,,4,4,4,,0,,,,,,
20260414174031_0100_001,20260414174031_0100,20260414174031,,1,ユウイチ,80,3s,tedashi,1776156270,1085.319,,0,,"[122,9,57,99,3,32,10,52,130,49,48,19,72]",,,,13359m 44r56p 17s 46z,,,,,,,,,,,,,,
20260414174031_0100_002,20260414174031_0100,20260414174031,,2,HUTO,132,7z,tedashi,1776156271,1461.35,,0,,"[122,9,57,99,3,32,10,52,130,49,48,19,72]",,,,13359m 44r56p 17s 46z,,,,,,,,,,,,,,
20260414174031_0100_003,20260414174031_0100,20260414174031,,3,koda08,117,3z,tedashi,1776156275,3306.106,,2,1758.331,"[122,9,57,99,3,32,10,52,130,49,48,19,72]",,,,13359m 44r56p 17s 46z,,,,,,,,,,,,,,
20260414174031_0100_004,20260414174031_0100,20260414174031,,1,ユウイチ,66,8p,tedashi,1776156278,1201.376,,0,,"[122,9,57,99,3,32,10,52,130,49,48,19,72]",,,,13359m 44r56p 17s 46z,,,,,,,,,,,,,,
20260414174031_0100_005,20260414174031_0100,20260414174031,,2,HUTO,69,9p,risekichu_hokan_tsumogiri,1776156280,2385.79,,1,2061.51,"[122,9,57,99,3,32,10,52,130,49,48,19,72]",,,,13359m 44r56p 17s 46z,,,,,,,,,,,,,,
20260414174031_0100_006,20260414174031_0100,20260414174031,,3,koda08,115,2z,tedashi,1776156284,2129.672,,0,,"[122,9,57,99,3,32,10,52,130,49,48,19,72]",,,,13359m 44r56p 17s 46z,,,,,,,,,,,,,,
20260414174031_0100_007,20260414174031_0100,20260414174031,,0,パシフィック,122,4z,tedashi,1776156289,4761.745,,0,,"[122,9,57,99,3,32,10,52,130,49,48,19,72,34]",,,,133599m 44r56p 17s 46z,,,,3,3,3,,0,,,,,,
20260414174031_0100_008,20260414174031_0100,20260414174031,,1,ユウイチ,45,3p,tedashi,1776156292,2769.393,,0,,"[9,57,99,3,32,10,52,130,49,48,19,72,34]",,,,133599m 44r56p 17s 6z,,,,,,,,,,,,,,
20260414174031_0100_009,20260414174031_0100,20260414174031,,2,HUTO,134,7z,risekichu_hokan_tsumogiri,1776156294,2279.331,,0,,"[9,57,99,3,32,10,52,130,49,48,19,72,34]",,,,133599m 44r56p 17s 6z,,,,,,,,,,,,,,
20260414174031_0100_010,20260414174031_0100,20260414174031,,3,koda08,104,9s,risekichu_hokan_tsumogiri,1776156299,4989.159,,2,1553.442,"[9,57,99,3,32,10,52,130,49,48,19,72,34]",,,,133599m 44r56p 17s 6z,,,,,,,,,,,,,,
20260414174031_0100_011,20260414174031_0100,20260414174031,,1,ユウイチ,0,1m,tedashi,1776156302,1114.711,,1,2477.841,"[9,57,99,3,32,10,52,130,49,48,19,72,34]",,,,133599m 44r56p 17s 6z,,,,,,,,,,,,,,
20260414174031_0100_012,20260414174031_0100,20260414174031,,2,HUTO,40,2p,tedashi,1776156306,2034.35,,0,,"[9,57,99,3,32,10,52,130,49,48,19,72,34]",,,,133599m 44r56p 17s 6z,,,,,,,,,,,,,,
20260414174031_0100_013,20260414174031_0100,20260414174031,,3,koda08,127,5z,risekichu_hokan_tsumogiri,1776156312,5991.28,,0,,"[9,57,99,3,32,10,52,130,49,48,19,72,34]",,,,133599m 44r56p 17s 6z,,,,,,,,,,,,,,
20260414174031_0100_014,20260414174031_0100,20260414174031,,0,パシフィック,113,2z,tsumogiri,1776156317,4739.973,,0,,"[9,57,99,3,32,10,52,130,49,48,19,72,34,113]",,,,133599m 44r56p 17s 26z,,,,3,3,3,,0,,,,,,
20260414174031_0100_015,20260414174031_0100,20260414174031,,1,ユウイチ,89,5s,risekichu_hokan_tsumogiri,1776156319,2119.895,,1,2585.196,"[9,57,99,3,32,10,52,130,49,48,19,72,34]",,,,133599m 44r56p 17s 6z,,,,,,,,,,,,,,
20260414174031_0100_016,20260414174031_0100,20260414174031,,2,HUTO,79,2s,risekichu_hokan_tsumogiri,1776156326,4066.509,,1,2240.235,"[9,57,99,3,32,10,52,130,49,48,19,72,34]",,,,133599m 44r56p 17s 6z,,,,,,,,,,,,,,
20260414174031_0100_017,20260414174031_0100,20260414174031,,3,koda08,121,4z,tedashi,1776156330,2035.532,,0,,"[9,57,99,3,32,10,52,130,49,48,19,72,34]",,,,133599m 44r56p 17s 6z,,,,,,,,,,,,,,
20260414174031_0100_018,20260414174031_0100,20260414174031,,0,パシフィック,71,9p,tsumogiri,1776156335,5161.459,,0,,"[9,57,99,3,32,10,52,130,49,48,19,72,34,71]",,,,133599m 44r569p 17s 6z,,,,3,3,3,,0,,,,,,
20260414174031_0100_019,20260414174031_0100,20260414174031,,1,ユウイチ,35,9m,tedashi,1776156338,2692.793,,1,2140.984,"[9,57,99,3,32,10,52,130,49,48,19,72,34]",,,,133599m 44r56p 17s 6z,,,,,,,,,,,,,,
20260414174031_0100_020,20260414174031_0100,20260414174031,,2,HUTO,68,9p,risekichu_hokan_tsumogiri,1776156342,2032.129,,1,3837.94,"[9,57,99,3,32,10,52,130,49,48,19,72,34]",,,,133599m 44r56p 17s 6z,,,,,,,,,,,,,,
20260414174031_0100_021,20260414174031_0100,20260414174031,,3,koda08,74,1s,tedashi,1776156352,6647.091,,0,,"[9,57,99,3,32,10,52,130,49,48,19,72,34]",,,,133599m 44r56p 17s 6z,,,,,,,,,,,,,,
20260414174031_0100_022,20260414174031_0100,20260414174031,,0,パシフィック,72,1s,tedashi,1776156355,2612.322,,0,,"[9,57,99,3,32,10,52,130,49,48,19,72,34,4]",,,,1233599m 44r56p 17s 6z,,,,2,2,3,,0,,,,,,
20260414174031_0100_023,20260414174031_0100,20260414174031,,1,ユウイチ,70,9p,risekichu_hokan_tsumogiri,1776156357,2197.373,,0,,"[9,57,99,3,32,10,52,130,49,48,19,34,4]",,,,1233599m 44r56p 7s 6z,,,,,,,,,,,,,,
20260414174031_0100_024,20260414174031_0100,20260414174031,,2,HUTO,1,1m,tedashi,1776156359,2225.266,,0,,"[9,57,99,3,32,10,52,130,49,48,19,34,4]",,,,1233599m 44r56p 7s 6z,,,,,,,,,,,,,,
20260414174031_0100_025,20260414174031_0100,20260414174031,,3,koda08,81,3s,tedashi,1776156362,2809.274,,0,,"[9,57,99,3,32,10,52,130,49,48,19,34,4]",,,,1233599m 44r56p 7s 6z,,,,,,,,,,,,,,
20260414174031_0100_026,20260414174031_0100,20260414174031,,0,パシフィック,130,6z,tedashi,1776156365,2735.672,,0,,"[9,57,99,3,32,10,52,130,49,48,19,34,4,8]",,,,12333599m 44r56p 7s 6z,,,,2,2,3,,0,,,,,,
20260414174031_0100_027,20260414174031_0100,20260414174031,,1,ユウイチ,112,2z,risekichu_hokan_tsumogiri,1776156367,2220.526,,0,,"[9,57,99,3,32,10,52,49,48,19,34,4,8]",,,,12333599m 44r56p 7s,,,,,,,,,,,,,,
20260414174031_0100_028,20260414174031_0100,20260414174031,,2,HUTO,123,4z,risekichu_hokan_tsumogiri,1776156371,4019.588,,0,,"[9,57,99,3,32,10,52,49,48,19,34,4,8]",,,,12333599m 44r56p 7s,,,,,,,,,,,,,,
20260414174031_0100_029,20260414174031_0100,20260414174031,,3,koda08,102,8s,risekichu_hokan_tsumogiri,1776156375,3413.148,,0,,"[9,57,99,3,32,10,52,49,48,19,34,4,8]",,,,12333599m 44r56p 7s,,,,,,,,,,,,,,
20260414174031_0100_030,20260414174031_0100,20260414174031,,0,パシフィック,77,2s,tsumogiri,1776156378,2931.545,,0,,"[9,57,99,3,32,10,52,49,48,19,34,4,8,77]",,,,12333599m 44r56p 27s,,,,2,2,3,,0,,,,,,
20260414174031_0100_031,20260414174031_0100,20260414174031,,1,ユウイチ,114,2z,risekichu_hokan_tsumogiri,1776156380,2189.676,,0,,"[9,57,99,3,32,10,52,49,48,19,34,4,8]",,,,12333599m 44r56p 7s,,,,,,,,,,,,,,
20260414174031_0100_032,20260414174031_0100,20260414174031,,2,HUTO,133,7z,risekichu_hokan_tsumogiri,1776156384,4518.967,,0,,"[9,57,99,3,32,10,52,49,48,19,34,4,8]",,,,12333599m 44r56p 7s,,,,,,,,,,,,,,
20260414174031_0100_033,20260414174031_0100,20260414174031,,3,koda08,37,1p,tedashi,1776156390,6012.136,,0,,"[9,57,99,3,32,10,52,49,48,19,34,4,8]",,,,12333599m 44r56p 7s,,,,,,,,,,,,,,
20260414174031_0100_034,20260414174031_0100,20260414174031,,0,パシフィック,48,4p,tedashi,1776156393,2437.058,,0,,"[9,57,99,3,32,10,52,49,48,19,34,4,8,101]",,,,12333599m 44r56p 78s,,,,1,1,3,,0,,,,,,
20260414174031_0100_035,20260414174031_0100,20260414174031,,1,ユウイチ,76,2s,risekichu_hokan_tsumogiri,1776156395,2127.281,,0,,"[9,57,99,3,32,10,52,49,19,34,4,8,101]",,,,12333599m 4r56p 78s,,,,,,,,,,,,,,
20260414174031_0100_036,20260414174031_0100,20260414174031,,2,HUTO,46,3p,risekichu_hokan_tsumogiri,1776156400,4883.491,,1,2301.057,"[9,57,99,3,32,10,52,49,19,34,4,8,101]",,,,12333599m 4r56p 78s,,,,,,,,,,,,,,
20260414174031_0100_037,20260414174031_0100,20260414174031,,3,koda08,36,1p,tedashi,1776156405,2673.948,,0,,"[9,57,99,3,32,10,52,49,19,34,4,8,101]",,,,12333599m 4r56p 78s,,,,,,,,,,,,,,
20260414174031_0100_038,20260414174031_0100,20260414174031,,0,パシフィック,128,6z,tsumogiri,1776156413,8721.008,,0,,"[9,57,99,3,32,10,52,49,19,34,4,8,101,128]",,,,12333599m 4r56p 78s 6z,,,,1,1,4,,0,,,,,,
20260414174031_0100_039,20260414174031_0100,20260414174031,,1,ユウイチ,30,8m,tedashi,1776156418,4170.168,,1,2464.046,"[9,57,99,3,32,10,52,49,19,34,4,8,101]",,,,12333599m 4r56p 78s,,,,,,,,,,,,,,
20260414174031_0100_040,20260414174031_0100,20260414174031,,2,HUTO,31,8m,tedashi,1776156425,4677.664,,1,2653.958,"[9,57,99,3,32,10,52,49,19,34,4,8,101]",,,,12333599m 4r56p 78s,,,,,,,,,,,,,,
20260414174031_0100_041,20260414174031_0100,20260414174031,,3,koda08,131,6z,tedashi,1776156430,2865.567,,0,,"[9,57,99,3,32,10,52,49,19,34,4,8,101]",,,,12333599m 4r56p 78s,,,,,,,,,,,,,,
20260414174031_0100_042,20260414174031_0100,20260414174031,,0,パシフィック,94,6s,tsumogiri,1776156437,6704.205,,0,,"[9,57,99,3,32,10,52,49,19,34,4,8,101,94]",,,,12333599m 4r56p 678s,,,,0,0,4,,0,,,,,,
20260414174031_0100_043,20260414174031_0100,20260414174031,,1,ユウイチ,95,6s,risekichu_hokan_tsumogiri,1776156439,2119.578,,1,1832.382,"[9,57,99,3,32,10,52,49,19,34,4,8,101]",,,,12333599m 4r56p 78s,,,,,,,,,,,,,,
20260414174031_0100_044,20260414174031_0100,20260414174031,,2,HUTO,28,8m,tedashi,1776156444,2916.246,,1,4793.478,"[9,57,99,3,32,10,52,49,19,34,4,8,101]",,,,12333599m 4r56p 78s,,,,,,,,,,,,,,
20260414174031_0100_045,20260414174031_0100,20260414174031,,3,koda08,26,7m,tedashi,1776156451,2809.177,,0,,"[9,57,99,3,32,10,52,49,19,34,4,8,101]",,,,12333599m 4r56p 78s,,,,,,,,,,,,,,
20260414174031_0200_010,20260414174031_0200,20260414174031,,3,koda08,112,2z,tedashi,1776156498,2373.101,,0,,"[4,6,22,31,55,76,86,103,106,119,121,126,129]",,,,2268m 5p 2489s 3456z,,,,,,,,,,,,,,
20260414174031_0200_011,20260414174031_0200,20260414174031,,0,パシフィック,121,4z,tedashi,1776156503,5315.08,,0,,"[4,6,22,31,55,76,86,103,106,119,121,126,129,9]",,,,22368m 5p 2489s 3456z,,,,4,4,5,,0,,,,,,
20260414174031_0200_012,20260414174031_0200,20260414174031,,1,ユウイチ,2,1m,tedashi,1776156506,2473.028,,0,,"[4,6,22,31,55,76,86,103,106,119,126,129,9]",,,,22368m 5p 2489s 356z,,,,,,,,,,,,,,
20260414174031_0200_013,20260414174031_0200,20260414174031,,2,HUTO,114,2z,tedashi,1776156509,932.398,2640.495,0,,"[4,6,22,31,55,76,86,103,106,119,126,129,9]",,,,22368m 5p 2489s 356z,,,,,,,,,,,,,,
20260414174031_0200_014,20260414174031_0200,20260414174031,,3,koda08,48,4p,tedashi,1776156515,5951.381,,0,,"[4,6,22,31,55,76,86,103,106,119,126,129,9]",,,,22368m 5p 2489s 356z,,,,,,,,,,,,,,
20260414174031_0200_015,20260414174031_0200,20260414174031,,0,パシフィック,129,6z,tedashi,1776156518,3060.181,,0,,"[4,6,22,31,55,76,86,103,106,119,126,129,9,116]",,,,22368m 5p 2489s 3356z,,,,3,3,4,,0,,,,,,
20260414174031_0200_016,20260414174031_0200,20260414174031,,1,ユウイチ,131,6z,tedashi,1776156521,3037.344,,0,,"[4,6,22,31,55,76,86,103,106,119,126,9,116]",,,,22368m 5p 2489s 335z,,,,,,,,,,,,,,
20260414174031_0200_017,20260414174031_0200,20260414174031,,2,HUTO,14,4m,risekichu_hokan_tsumogiri,1776156522,832.525,,0,,"[4,6,22,31,55,76,86,103,106,119,126,9,116]",,,,22368m 5p 2489s 335z,,,,,,,,,,,,,,
20260414174031_0200_018,20260414174031_0200,20260414174031,,3,koda08,7,2m,risekichu_hokan_tsumogiri,1776156529,6584.238,,6,230.829,"[4,6,22,31,55,76,86,103,106,119,126,9,116]",,,,22368m 5p 2489s 335z,,,,,,,,,,,,,,
20260414174031_0200_019,20260414174031_0200,20260414174031,,0,パシフィック,126,5z,tedashi,1776156533,3818.186,,0,,"[4,6,22,31,55,76,86,103,106,119,126,9,116,94]",,,,22368m 5p 24689s 335z,,,,3,3,4,,0,,,,,,
20260414174031_0200_020,20260414174031_0200,20260414174031,,1,ユウイチ,3,1m,tedashi,1776156535,2371.461,,0,,"[4,6,22,31,55,76,86,103,106,119,9,116,94]",,,,22368m 5p 24689s 33z,,,,,,,,,,,,,,
20260414174031_0200_021,20260414174031_0200,20260414174031,,2,HUTO,10,3m,risekichu_hokan_tsumogiri,1776156536,933.329,,0,,"[4,6,22,31,55,76,86,103,106,119,9,116,94]",,,,22368m 5p 24689s 33z,,,,,,,,,,,,,,
20260414174031_0200_022,20260414174031_0200,20260414174031,,3,koda08,49,4p,risekichu_hokan_tsumogiri,1776156539,3110.898,,0,,"[4,6,22,31,55,76,86,103,106,119,9,116,94]",,,,22368m 5p 24689s 33z,,,,,,,,,,,,,,
20260414174031_0200_023,20260414174031_0200,20260414174031,,0,パシフィック,106,9s,tedashi,1776156554,14606.326,,0,,"[4,6,22,31,55,76,86,103,106,119,9,116,94,83]",,,,22368m 5p 234689s 33z,,,,2,2,4,,0,,,,,,
20260414174031_0200_024,20260414174031_0200,20260414174031,,1,ユウイチ,124,5z,tedashi,1776156557,2969.348,,0,,"[4,6,22,31,55,76,86,103,119,9,116,94,83]",,,,22368m 5p 23468s 33z,,,,,,,,,,,,,,
20260414174031_0200_025,20260414174031_0200,20260414174031,,2,HUTO,40,2p,risekichu_hokan_tsumogiri,1776156558,818.07,,0,,"[4,6,22,31,55,76,86,103,119,9,116,94,83]",,,,22368m 5p 23468s 33z,,,,,,,,,,,,,,
20260414174031_0200_026,20260414174031_0200,20260414174031,,3,koda08,73,1s,risekichu_hokan_tsumogiri,1776156563,5893.543,,6,204.797,"[4,6,22,31,55,76,86,103,119,9,116,94,83]",,,,22368m 5p 23468s 33z,,,,,,,,,,,,,,
20260414174031_0200_027,20260414174031_0200,20260414174031,,0,パシフィック,11,3m,tsumogiri,1776156572,8497.314,,0,,"[4,6,22,31,55,76,86,103,119,9,116,94,83,11]",,,,223368m 5p 23468s 33z,,,,2,2,3,,0,,,,,,
20260414174031_0200_028,20260414174031_0200,20260414174031,,1,ユウイチ,33,9m,risekichu_hokan_tsumogiri,1776156576,3599.038,,0,,"[4,6,22,31,55,76,86,103,119,9,116,94,83]",,,,22368m 5p 23468s 33z,,,,,,,,,,,,,,
20260414174031_0200_029,20260414174031_0200,20260414174031,,2,HUTO,68,9p,risekichu_hokan_tsumogiri,1776156577,832.719,,0,,"[4,6,22,31,55,76,86,103,119,9,116,94,83]",,,,22368m 5p 23468s 33z,,,,,,,,,,,,,,
20260414174031_0200_030,20260414174031_0200,20260414174031,,3,koda08,57,6p,tedashi,1776156581,4442.795,,0,,"[4,6,22,31,55,76,86,103,119,9,116,94,83]",,,,22368m 5p 23468s 33z,,,,,,,,,,,,,,
20260414180944_0000_000,20260414180944_0000,20260414180944,上級卓,0,パシフィック,122,4z,tedashi,1776157790,,,0,,"[85,69,36,59,4,50,32,106,47,122,19,56,129,45]",,,,259m 1334669p 49s 46z,,,,4,5,4,,0,,,,,,
20260414180944_0000_001,20260414180944_0000,20260414180944,上級卓,1,hfhgudiw,29,8m,tedashi,1776157793,2680.812,,1,1511.745,"[85,69,36,59,4,50,32,106,47,19,56,129,45]",,,,259m 1334669p 49s 6z,,,,,,,,,,,,,,
20260414180944_0000_002,20260414180944_0000,20260414180944,上級卓,2,NoName,110,1z,tedashi,1776157797,2230.923,,0,,"[85,69,36,59,4,50,32,106,47,19,56,129,45]",,,,259m 1334669p 49s 6z,,,,,,,,,,,,,,
20260414180944_0000_003,20260414180944_0000,20260414180944,上級卓,3,レオプ－,118,3z,tedashi,1776157799,2352.566,,0,,"[85,69,36,59,4,50,32,106,47,19,56,129,45]",,,,259m 1334669p 49s 6z,,,,,,,,,,,,,,
20260414180944_0000_004,20260414180944_0000,20260414180944,上級卓,0,パシフィック,117,3z,tsumogiri,1776157803,3827.831,,1,2500.047,"[85,69,36,59,4,50,32,106,47,19,56,129,45,117]",,,,259m 1334669p 49s 36z,,,,4,5,4,,0,,,,,,
20260414180944_0000_005,20260414180944_0000,20260414180944,上級卓,1,hfhgudiw,108,1z,tedashi,1776157808,2280.777,,0,,"[85,69,36,59,4,50,32,106,47,19,56,129,45]",,,,259m 1334669p 49s 6z,,,,,,,,,,,,,,
20260414180944_0000_006,20260414180944_0000,20260414180944,上級卓,2,NoName,133,7z,tedashi,1776157810,2236.614,,0,,"[85,69,36,59,4,50,32,106,47,19,56,129,45]",,,,259m 1334669p 49s 6z,,,,,,,,,,,,,,
20260414180944_0000_007,20260414180944_0000,20260414180944,上級卓,3,レオプ－,126,5z,tedashi,1776157813,3155.8,,0,,"[85,69,36,59,4,50,32,106,47,19,56,129,45]",,,,259m 1334669p 49s 6z,,,,,,,,,,,,,,
20260414180944_0000_008,20260414180944_0000,20260414180944,上級卓,0,パシフィック,69,9p,tedashi,1776157817,4136.62,,0,,"[85,69,36,59,4,50,32,106,47,19,56,129,45,33]",,,,2599m 1334669p 49s 6z,,,,3,4,3,,0,,,,,,
20260414180944_0000_009,20260414180944_0000,20260414180944,上級卓,1,hfhgudiw,39,1p,tedashi,1776157820,2710.44,,0,,"[85,36,59,4,50,32,106,47,19,56,129,45,33]",,,,2599m 133466p 49s 6z,,,,,,,,,,,,,,
20260414180944_0000_010,20260414180944_0000,20260414180944,上級卓,2,NoName,131,6z,tedashi,1776157822,1608.605,,0,,"[85,36,59,4,50,32,106,47,19,56,129,45,33]",,,,2599m 133466p 49s 6z,,,,,,,,,,,,,,
20260414180944_0000_011,20260414180944_0000,20260414180944,上級卓,3,レオプ－,103,8s,tedashi,1776157828,6060.165,,0,,"[85,36,59,4,50,32,106,47,19,56,129,45,33]",,,,2599m 133466p 49s 6z,,,,,,,,,,,,,,
20260414180944_0000_012,20260414180944_0000,20260414180944,上級卓,0,パシフィック,119,3z,tsumogiri,1776157831,3641.019,,0,,"[85,36,59,4,50,32,106,47,19,56,129,45,33,119]",,,,2599m 133466p 49s 36z,,,,3,4,3,,0,,,,,,
20260414180944_0000_013,20260414180944_0000,20260414180944,上級卓,1,hfhgudiw,109,1z,risekichu_hokan_tsumogiri,1776157834,2987.849,,0,,"[85,36,59,4,50,32,106,47,19,56,129,45,33]",,,,2599m 133466p 49s 6z,,,,,,,,,,,,,,
20260414180944_0000_014,20260414180944_0000,20260414180944,上級卓,2,NoName,75,1s,tedashi,1776157838,4250.803,,1,1998.337,"[85,36,59,4,50,32,106,47,19,56,129,45,33]",,,,2599m 133466p 49s 6z,,,,,,,,,,,,,,
20260414180944_0000_015,20260414180944_0000,20260414180944,上級卓,3,レオプ－,31,8m,tedashi,1776157844,3612.52,,0,,"[85,36,59,4,50,32,106,47,19,56,129,45,33]",,,,2599m 133466p 49s 6z,,,,,,,,,,,,,,
20260414180944_0000_016,20260414180944_0000,20260414180944,上級卓,0,パシフィック,129,6z,tedashi,1776157849,4491.34,,0,,"[85,36,59,4,50,32,106,47,19,56,129,45,33,88]",,,,2599m 133466p 4r59s 6z,,,,3,3,3,,0,,,,,,
20260414180944_0000_017,20260414180944_0000,20260414180944,上級卓,1,hfhgudiw,63,7p,risekichu_hokan_tsumogiri,1776157851,2200.118,,1,1617.286,"[85,36,59,4,50,32,106,47,19,56,45,33,88]",,,,2599m 133466p 4r59s,,,,,,,,,,,,,,
20260414180944_0000_018,20260414180944_0000,20260414180944,上級卓,2,NoName,78,2s,tedashi,1776157854,1611.179,,1,1908.623,"[85,36,59,4,50,32,106,47,19,56,45,33,88]",,,,2599m 133466p 4r59s,,,,,,,,,,,,,,
20260414180944_0000_019,20260414180944_0000,20260414180944,上級卓,3,レオプ－,128,6z,risekichu_hokan_tsumogiri,1776157859,3458.755,,0,,"[85,36,59,4,50,32,106,47,19,56,45,33,88]",,,,2599m 133466p 4r59s,,,,,,,,,,,,,,
20260414180944_0000_020,20260414180944_0000,20260414180944,上級卓,0,パシフィック,106,9s,tedashi,1776157862,2775.072,,0,,"[85,36,59,4,50,32,106,47,19,56,45,33,88,16]",,,,2r5599m 133466p 4r59s,,,,2,3,2,,0,,,,,,
20260414180944_0000_021,20260414180944_0000,20260414180944,上級卓,1,hfhgudiw,51,4p,tedashi,1776157867,4388.274,,0,,"[85,36,59,4,50,32,47,19,56,45,33,88,16]",,,,2r5599m 133466p 4r5s,,,,,,,,,,,,,,
20260414180944_0000_022,20260414180944_0000,20260414180944,上級卓,2,NoName,102,8s,risekichu_hokan_tsumogiri,1776157869,2569.728,,0,,"[85,36,59,4,50,32,47,19,56,45,33,88,16]",,,,2r5599m 133466p 4r5s,,,,,,,,,,,,,,
20260414180944_0000_023,20260414180944_0000,20260414180944,上級卓,3,レオプ－,6,2m,tedashi,1776157876,6552.922,,0,,"[85,36,59,4,50,32,47,19,56,45,33,88,16]",,,,2r5599m 133466p 4r5s,,,,,,,,,,,,,,
20260414180944_0000_024,20260414180944_0000,20260414180944,上級卓,0,パシフィック,4,2m,tedashi,1776157880,4708.277,,1,1498.965,"[85,36,59,4,50,32,47,19,56,45,33,88,16,123]",,,,2r5599m 133466p 4r5s 4z,,,,2,3,2,,0,,,,,,
20260414180944_0000_025,20260414180944_0000,20260414180944,上級卓,1,hfhgudiw,97,7s,tedashi,1776157884,2318.642,,1,2781.892,"[85,36,59,50,32,47,19,56,45,33,88,16,123]",,,,r5599m 133466p 4r5s 4z,,,,,,,,,,,,,,
20260414180944_0000_026,20260414180944_0000,20260414180944,上級卓,2,NoName,46,3p,tedashi,1776157889,750.428,1369.678,6,208.117,"[85,36,59,50,32,47,19,56,45,33,88,16,123]",,,,r5599m 133466p 4r5s 4z,,,,,,,,,,,,,,
20260414180944_0000_027,20260414180944_0000,20260414180944,上級卓,3,レオプ－,74,1s,tedashi,1776157904,14307.264,,0,,"[85,36,59,50,32,47,19,56,45,33,88,16,123]",,,,r5599m 133466p 4r5s 4z,,,,,,,,,,,,,,
20260414180944_0000_028,20260414180944_0000,20260414180944,上級卓,0,パシフィック,104,9s,tsumogiri,1776157906,2703.959,,0,,"[85,36,59,50,32,47,19,56,45,33,88,16,123,104]",,,,r5599m 133466p 4r59s 4z,,,,2,3,2,,0,,,,,,
20260414180944_0000_029,20260414180944_0000,20260414180944,上級卓,1,hfhgudiw,79,2s,tedashi,1776157909,3020.722,,0,,"[85,36,59,50,32,47,19,56,45,33,88,16,123]",,,,r5599m 133466p 4r5s 4z,,,,,,,,,,,,,,
20260414180944_0000_030,20260414180944_0000,20260414180944,上級卓,2,NoName,48,4p,risekichu_hokan_tsumogiri,1776157910,792.477,,0,,"[85,36,59,50,32,47,19,56,45,33,88,16,123]",,,,r5599m 133466p 4r5s 4z,,,,,,,,,,,,,,
20260414180944_0000_031,20260414180944_0000,20260414180944,上級卓,3,レオプ－,73,1s,tedashi,1776157915,4658.521,,0,,"[85,36,59,50,32,47,19,56,45,33,88,16,123]",,,,r5599m 133466p 4r5s 4z,,,,,,,,,,,,,,
20260414180944_0000_032,20260414180944_0000,20260414180944,上級卓,0,パシフィック,123,4z,tedashi,1776157917,2503.063,,2,5576.693,"[85,36,59,50,32,47,19,56,45,33,88,16,123,82]",,,,r5599m 133466p 34r5s 4z,,,,2,2,2,,0,,,,,,
20260414180944_0000_033,20260414180944_0000,20260414180944,上級卓,3,レオプ－,86,4s,tedashi,1776157930,6869.177,,6,212.422,"[85,36,59,50,32,47,19,56,45,33,88,16,82]",,,,r5599m 133466p 34r5s,,,,,,,,,,,,,,
20260414180944_0000_034,20260414180944_0000,20260414180944,上級卓,0,パシフィック,50,4p,tedashi,1776157933,2678.716,,0,,"[85,36,59,50,32,47,19,56,45,33,88,16,82,87]",,,,r5599m 133466p 344r5s,,,,1,2,1,,0,,,,,,
20260414180944_0000_035,20260414180944_0000,20260414180944,上級卓,1,hfhgudiw,77,2s,tedashi,1776157935,2349.008,,0,,"[85,36,59,32,47,19,56,45,33,88,16,82,87]",,,,r5599m 13366p 344r5s,,,,,,,,,,,,,,
20260414180944_0100_000,20260414180944_0100,20260414180944,上級卓,1,hfhgudiw,119,3z,tedashi,1776157951,,,0,,"[76,133,104,52,74,131,87,13,105,44,90,1,103]",,,,14m 3r5p 1245899s 67z,,,,,,,,,,,,,,
20260414180944_0100_001,20260414180944_0100,20260414180944,上級卓,2,NoName,121,4z,tedashi,1776157954,2380.635,,0,,"[76,133,104,52,74,131,87,13,105,44,90,1,103]",,,,14m 3r5p 1245899s 67z,,,,,,,,,,,,,,
20260414180944_0100_002,20260414180944_0100,20260414180944,上級卓,3,レオプ－,107,9s,tedashi,1776157958,4089.994,,6,208.503,"[76,133,104,52,74,131,87,13,105,44,90,1,103]",,,,14m 3r5p 1245899s 67z,,,,,,,,,,,,,,
20260414180944_0100_003,20260414180944_0100,20260414180944,上級卓,0,パシフィック,131,6z,tedashi,1776157961,2964.456,,0,,"[76,133,104,52,74,131,87,13,105,44,90,1,103,9]",,,,134m 3r5p 1245899s 67z,,,,3,3,5,,0,,,,,,
20260414180944_0100_004,20260414180944_0100,20260414180944,上級卓,1,hfhgudiw,127,5z,tedashi,1776157964,3236.737,,0,,"[76,133,104,52,74,87,13,105,44,90,1,103,9]",,,,134m 3r5p 1245899s 7z,,,,,,,,,,,,,,
20260414180944_0100_005,20260414180944_0100,20260414180944,上級卓,2,NoName,116,3z,tedashi,1776157966,1939.958,,0,,"[76,133,104,52,74,87,13,105,44,90,1,103,9]",,,,134m 3r5p 1245899s 7z,,,,,,,,,,,,,,
20260414180944_0100_006,20260414180944_0100,20260414180944,上級卓,3,レオプ－,129,6z,tedashi,1776157968,2168.964,,0,,"[76,133,104,52,74,87,13,105,44,90,1,103,9]",,,,134m 3r5p 1245899s 7z,,,,,,,,,,,,,,
20260414180944_0100_007,20260414180944_0100,20260414180944,上級卓,0,パシフィック,1,1m,tedashi,1776157972,4031.018,,1,1730.109,"[76,133,104,52,74,87,13,105,44,90,1,103,9,73]",,,,134m 3r5p 11245899s 7z,,,,3,3,4,,0,,,,,,
20260414180944_0100_008,20260414180944_0100,20260414180944,上級卓,1,hfhgudiw,75,1s,risekichu_hokan_tsumogiri,1776157976,1719.874,,6,202.173,"[76,133,104,52,74,87,13,105,44,90,103,9,73]",,,,34m 3r5p 11245899s 7z,,,,,,,,,,,,,,
20260414180944_0100_009,20260414180944_0100,20260414180944,上級卓,2,NoName,128,6z,tedashi,1776157978,2337.981,,0,,"[76,133,104,52,74,87,13,105,44,90,103,9,73]",,,,34m 3r5p 11245899s 7z,,,,,,,,,,,,,,
20260414180944_0100_010,20260414180944_0100,20260414180944,上級卓,3,レオプ－,126,5z,tedashi,1776157981,2156.797,,0,,"[76,133,104,52,74,87,13,105,44,90,103,9,73]",,,,34m 3r5p 11245899s 7z,,,,,,,,,,,,,,
20260414180944_0100_011,20260414180944_0100,20260414180944,上級卓,0,パシフィック,133,7z,tedashi,1776157984,3881.86,,0,,"[76,133,104,52,74,87,13,105,44,90,103,9,73,45]",,,,34m 33r5p 11245899s 7z,,,,3,3,3,,0,,,,,,
20260414180944_0100_012,20260414180944_0100,20260414180944,上級卓,1,hfhgudiw,89,5s,tedashi,1776157988,3351.843,,1,1810.01,"[76,104,52,74,87,13,105,44,90,103,9,73,45]",,,,34m 33r5p 11245899s,,,,,,,,,,,,,,
20260414180944_0100_013,20260414180944_0100,20260414180944,上級卓,2,NoName,135,7z,tedashi,1776157991,1829.72,,0,,"[76,104,52,74,87,13,105,44,90,103,9,73,45]",,,,34m 33r5p 11245899s,,,,,,,,,,,,,,
20260414180944_0100_014,20260414180944_0100,20260414180944,上級卓,3,レオプ－,108,1z,risekichu_hokan_tsumogiri,1776157994,2795.02,,2,1765.487,"[76,104,52,74,87,13,105,44,90,103,9,73,45]",,,,34m 33r5p 11245899s,,,,,,,,,,,,,,
20260414180944_0100_015,20260414180944_0100,20260414180944,上級卓,1,hfhgudiw,102,8s,tedashi,1776157998,1609.613,,1,1567.815,"[76,104,52,74,87,13,105,44,90,103,9,73,45]",,,,34m 33r5p 11245899s,,,,,,,,,,,,,,
20260414180944_0100_016,20260414180944_0100,20260414180944,上級卓,2,NoName,106,9s,tedashi,1776158004,4557.854,,6,228.895,"[76,104,52,74,87,13,105,44,90,103,9,73,45]",,,,34m 33r5p 11245899s,,,,,,,,,,,,,,
20260414180944_0100_017,20260414180944_0100,20260414180944,上級卓,3,レオプ－,71,9p,tedashi,1776158007,2988.974,,1,1686.062,"[76,104,52,74,87,13,105,44,90,103,9,73,45]",,,,34m 33r5p 11245899s,,,,,,,,,,,,,,
20260414180944_0100_018,20260414180944_0100,20260414180944,上級卓,0,パシフィック,104,9s,tedashi,1776158013,4087.673,,0,,"[76,104,52,74,87,13,105,44,90,103,9,73,45,61]",,,,34m 33r57p 11245899s,,,,3,3,3,,0,,,,,,
20260414180944_0100_019,20260414180944_0100,20260414180944,上級卓,1,hfhgudiw,64,8p,risekichu_hokan_tsumogiri,1776158015,2142.961,,0,,"[76,52,74,87,13,105,44,90,103,9,73,45,61]",,,,34m 33r57p 1124589s,,,,,,,,,,,,,,
20260414180944_0100_020,20260414180944_0100,20260414180944,上級卓,2,NoName,68,9p,tedashi,1776158017,2410.226,,0,,"[76,52,74,87,13,105,44,90,103,9,73,45,61]",,,,34m 33r57p 1124589s,,,,,,,,,,,,,,
20260414180944_0100_021,20260414180944_0100,20260414180944,上級卓,3,レオプ－,34,9m,tedashi,1776158021,3691.32,,0,,"[76,52,74,87,13,105,44,90,103,9,73,45,61]",,,,34m 33r57p 1124589s,,,,,,,,,,,,,,
20260414180944_0100_022,20260414180944_0100,20260414180944,上級卓,0,パシフィック,112,2z,tsumogiri,1776158026,4614.614,,0,,"[76,52,74,87,13,105,44,90,103,9,73,45,61,112]",,,,34m 33r57p 1124589s 2z,,,,3,3,4,,0,,,,,,
20260414180944_0100_023,20260414180944_0100,20260414180944,上級卓,1,hfhgudiw,69,9p,risekichu_hokan_tsumogiri,1776158028,2156.451,,0,,"[76,52,74,87,13,105,44,90,103,9,73,45,61]",,,,34m 33r57p 1124589s,,,,,,,,,,,,,,
20260414180944_0100_024,20260414180944_0100,20260414180944,上級卓,2,NoName,70,9p,tedashi,1776158030,2299.396,,0,,"[76,52,74,87,13,105,44,90,103,9,73,45,61]",,,,34m 33r57p 1124589s,,,,,,,,,,,,,,
20260414180944_0100_025,20260414180944_0100,20260414180944,上級卓,3,レオプ－,40,2p,tedashi,1776158037,6992.07,,0,,"[76,52,74,87,13,105,44,90,103,9,73,45,61]",,,,34m 33r57p 1124589s,,,,,,,,,,,,,,
20260414180944_0100_026,20260414180944_0100,20260414180944,上級卓,0,パシフィック,33,9m,tsumogiri,1776158041,4325.994,,2,1815.907,"[76,52,74,87,13,105,44,90,103,9,73,45,61,33]",,,,349m 33r57p 1124589s,,,,3,3,4,,0,,,,,,
20260414180944_0100_027,20260414180944_0100,20260414180944,上級卓,1,hfhgudiw,31,8m,tedashi,1776158044,991.043,,0,,"[76,52,74,87,13,105,44,90,103,9,73,45,61]",,,,34m 33r57p 1124589s,,,,,,,,,,,,,,
20260414180944_0100_028,20260414180944_0100,20260414180944,上級卓,2,NoName,67,8p,tedashi,1776158046,2168.748,,1,2736.279,"[76,52,74,87,13,105,44,90,103,9,73,45,61]",,,,34m 33r57p 1124589s,,,,,,,,,,,,,,
20260414180944_0100_029,20260414180944_0100,20260414180944,上級卓,3,レオプ－,82,3s,tedashi,1776158052,2664.988,,1,1163.076,"[76,52,74,87,13,105,44,90,103,9,73,45,61]",,,,34m 33r57p 1124589s,,,,,,,,,,,,,,
20260414180944_0100_030,20260414180944_0100,20260414180944,上級卓,0,パシフィック,76,2s,tedashi,1776158058,5452.985,,1,2097.506,"[76,52,74,87,13,105,44,90,103,9,73,45,61,37]",,,,34m 133r57p 1124589s,,,,3,3,4,,0,,,,,,
20260414180944_0100_031,20260414180944_0100,20260414180944,上級卓,1,hfhgudiw,7,2m,risekichu_hokan_tsumogiri,1776158062,1915.972,,0,,"[52,74,87,13,105,44,90,103,9,73,45,61,37]",,,,34m 133r57p 114589s,,,,,,,,,,,,,,
20260414180944_0100_032,20260414180944_0100,20260414180944,上級卓,2,NoName,78,2s,tedashi,1776158065,2184.725,,0,,"[52,74,87,13,105,44,90,103,9,73,45,61,37]",,,,34m 133r57p 114589s,,,,,,,,,,,,,,
20260414180944_0100_033,20260414180944_0100,20260414180944,上級卓,3,レオプ－,95,6s,tedashi,1776158068,877.117,2142.442,6,336.958,"[52,74,87,13,105,44,90,103,9,73,45,61,37]",,,,34m 133r57p 114589s,,,,,,,,,,,,,,
20260414180944_0100_034,20260414180944_0100,20260414180944,上級卓,0,パシフィック,37,1p,tedashi,1776158071,2932.233,,0,,"[52,74,87,13,105,44,90,103,9,73,45,61,37,48]",,,,34m 1334r57p 114589s,,,,2,2,4,,0,,,,,,
20260414180944_0100_035,20260414180944_0100,20260414180944,上級卓,1,hfhgudiw,42,2p,risekichu_hokan_tsumogiri,1776158073,2466.413,,0,,"[52,74,87,13,105,44,90,103,9,73,45,61,48]",,,,34m 334r57p 114589s,,,,,,,,,,,,,,
20260414180944_0100_036,20260414180944_0100,20260414180944,上級卓,2,NoName,94,6s,tedashi,1776158075,2017.855,,0,,"[52,74,87,13,105,44,90,103,9,73,45,61,48]",,,,34m 334r57p 114589s,,,,,,,,,,,,,,
20260414180944_0100_037,20260414180944_0100,20260414180944,上級卓,3,レオプ－,41,2p,risekichu_hokan_tsumogiri,1776158076,684.511,,1,694.613,"[52,74,87,13,105,44,90,103,9,73,45,61,48]",,,,34m 334r57p 114589s,,,,,,,,,,,,,,
20260414180944_0100_038,20260414180944_0100,20260414180944,上級卓,0,パシフィック,125,5z,tsumogiri,1776158079,2555.359,,0,,"[52,74,87,13,105,44,90,103,9,73,45,61,48,125]",,,,34m 334r57p 114589s 5z,,,,2,2,4,,0,,,,,,
20260414180944_0100_039,20260414180944_0100,20260414180944,上級卓,1,hfhgudiw,123,4z,risekichu_hokan_tsumogiri,1776158082,2465.958,,0,,"[52,74,87,13,105,44,90,103,9,73,45,61,48]",,,,34m 334r57p 114589s,,,,,,,,,,,,,,
20260414180944_0100_040,20260414180944_0100,20260414180944,上級卓,2,NoName,114,2z,tedashi,1776158089,7073.931,,0,,"[52,74,87,13,105,44,90,103,9,73,45,61,48]",,,,34m 334r57p 114589s,,,,,,,,,,,,,,
20260414180944_0100_041,20260414180944_0100,20260414180944,上級卓,3,レオプ－,81,3s,risekichu_hokan_tsumogiri,1776158090,687.356,,1,688.394,"[52,74,87,13,105,44,90,103,9,73,45,61,48]",,,,34m 334r57p 114589s,,,,,,,,,,,,,,
20260414180944_0100_042,20260414180944_0100,20260414180944,上級卓,0,パシフィック,26,7m,tsumogiri,1776158093,2605.422,,0,,"[52,74,87,13,105,44,90,103,9,73,45,61,48,26]",,,,347m 334r57p 114589s,,,,2,2,4,,0,,,,,,
20260414180944_0100_043,20260414180944_0100,20260414180944,上級卓,1,hfhgudiw,11,3m,risekichu_hokan_tsumogiri,1776158095,2337.574,,1,1673.993,"[52,74,87,13,105,44,90,103,9,73,45,61,48]",,,,34m 334r57p 114589s,,,,,,,,,,,,,,
20260414180944_0100_044,20260414180944_0100,20260414180944,上級卓,2,NoName,118,3z,tedashi,1776158099,1751.695,,0,,"[52,74,87,13,105,44,90,103,9,73,45,61,48]",,,,34m 334r57p 114589s,,,,,,,,,,,,,,
20260414180944_0100_045,20260414180944_0100,20260414180944,上級卓,3,レオプ－,35,9m,risekichu_hokan_tsumogiri,1776158099,689.38,,0,,"[52,74,87,13,105,44,90,103,9,73,45,61,48]",,,,34m 334r57p 114589s,,,,,,,,,,,,,,
20260414180944_0100_046,20260414180944_0100,20260414180944,上級卓,0,パシフィック,38,1p,tsumogiri,1776158102,2525.306,,0,,"[52,74,87,13,105,44,90,103,9,73,45,61,48,38]",,,,34m 1334r57p 114589s,,,,2,2,4,,0,,,,,,
20260414180944_0100_047,20260414180944_0100,20260414180944,上級卓,1,hfhgudiw,122,4z,risekichu_hokan_tsumogiri,1776158104,2270.068,,0,,"[52,74,87,13,105,44,90,103,9,73,45,61,48]",,,,34m 334r57p 114589s,,,,,,,,,,,,,,
20260414180944_0100_048,20260414180944_0100,20260414180944,上級卓,2,NoName,134,7z,risekichu_hokan_tsumogiri,1776158106,2424.774,,0,,"[52,74,87,13,105,44,90,103,9,73,45,61,48]",,,,34m 334r57p 114589s,,,,,,,,,,,,,,
20260414180944_0100_049,20260414180944_0100,20260414180944,上級卓,3,レオプ－,46,3p,risekichu_hokan_tsumogiri,1776158107,687.402,,1,694.164,"[52,74,87,13,105,44,90,103,9,73,45,61,48]",,,,34m 334r57p 114589s,,,,,,,,,,,,,,
20260414180944_0100_050,20260414180944_0100,20260414180944,上級卓,0,パシフィック,44,3p,tedashi,1776158111,2961.405,,1,1991.603,"[52,74,87,13,105,44,90,103,9,73,45,61,48,57]",,,,34m 334r567p 114589s,,,,2,2,4,,0,,,,,,
20260414180944_0100_051,20260414180944_0100,20260414180944,上級卓,1,hfhgudiw,63,7p,risekichu_hokan_tsumogiri,1776158115,1760.619,,0,,"[52,74,87,13,105,90,103,9,73,45,61,48,57]",,,,34m 34r567p 114589s,,,,,,,,,,,,,,
20260414180944_0100_052,20260414180944_0100,20260414180944,上級卓,2,NoName,113,2z,risekichu_hokan_tsumogiri,1776158117,2254.49,,0,,"[52,74,87,13,105,90,103,9,73,45,61,48,57]",,,,34m 34r567p 114589s,,,,,,,,,,,,,,
20260414180944_0100_053,20260414180944_0100,20260414180944,上級卓,3,レオプ－,101,8s,risekichu_hokan_tsumogiri,1776158118,692.236,,0,,"[52,74,87,13,105,90,103,9,73,45,61,48,57]",,,,34m 34r567p 114589s,,,,,,,,,,,,,,
20260414180944_0100_054,20260414180944_0100,20260414180944,上級卓,0,パシフィック,48,4p,tedashi,1776158120,2753.071,,1,2099.583,"[52,74,87,13,105,90,103,9,73,45,61,48,57,49]",,,,34m 344r567p 114589s,,,,2,2,4,,0,,,,,,
20260414180944_0100_055,20260414180944_0100,20260414180944,上級卓,1,hfhgudiw,80,3s,risekichu_hokan_tsumogiri,1776158124,1430.413,,1,2842.866,"[52,74,87,13,105,90,103,9,73,45,61,57,49]",,,,34m 34r567p 114589s,,,,,,,,,,,,,,
20260414180944_0100_056,20260414180944_0100,20260414180944,上級卓,2,NoName,132,7z,tedashi,1776158128,1291.228,,0,,"[52,74,87,13,105,90,103,9,73,45,61,57,49]",,,,34m 34r567p 114589s,,,,,,,,,,,,,,
20260414180944_0100_057,20260414180944_0100,20260414180944,上級卓,3,レオプ－,43,2p,risekichu_hokan_tsumogiri,1776158129,691.263,,1,678.387,"[52,74,87,13,105,90,103,9,73,45,61,57,49]",,,,34m 34r567p 114589s,,,,,,,,,,,,,,
20260414180944_0100_058,20260414180944_0100,20260414180944,上級卓,0,パシフィック,29,8m,tsumogiri,1776158132,2730.695,,0,,"[52,74,87,13,105,90,103,9,73,45,61,57,49,29]",,,,348m 34r567p 114589s,,,,2,2,5,,0,,,,,,
20260414180944_0100_059,20260414180944_0100,20260414180944,上級卓,1,hfhgudiw,5,2m,risekichu_hokan_tsumogiri,1776158134,2405.177,,0,,"[52,74,87,13,105,90,103,9,73,45,61,57,49]",,,,34m 34r567p 114589s,,,,,,,,,,,,,,
20260414180944_0100_060,20260414180944_0100,20260414180944,上級卓,2,NoName,4,2m,tedashi,1776158137,2185.702,,0,,"[52,74,87,13,105,90,103,9,73,45,61,57,49]",,,,34m 34r567p 114589s,,,,,,,,,,,,,,
20260414180944_0200_000,20260414180944_0200,20260414180944,上級卓,2,NoName,120,4z,tedashi,1776158156,,,0,,"[83,28,38,44,27,76,80,42,123,56,39,69,101]",,,,78m 112369p 2338s 4z,,,,,,,,,,,,,,
20260414180944_0200_001,20260414180944_0200,20260414180944,上級卓,3,レオプ－,105,9s,tedashi,1776158162,6522.128,,6,377.936,"[83,28,38,44,27,76,80,42,123,56,39,69,101]",,,,78m 112369p 2338s 4z,,,,,,,,,,,,,,
20260414180944_0200_002,20260414180944_0200,20260414180944,上級卓,0,パシフィック,123,4z,tedashi,1776158168,5298.075,,0,,"[83,28,38,44,27,76,80,42,123,56,39,69,101,52]",,,,78m 1123r569p 2338s 4z,,,,3,3,4,,0,,,,,,
20260414180944_0200_003,20260414180944_0200,20260414180944,上級卓,1,hfhgudiw,121,4z,tedashi,1776158171,2841.424,,0,,"[83,28,38,44,27,76,80,42,56,39,69,101,52]",,,,78m 1123r569p 2338s,,,,,,,,,,,,,,
20260414180944_0200_004,20260414180944_0200,20260414180944,上級卓,2,NoName,127,5z,tedashi,1776158173,2112.682,,2,2102.837,"[83,28,38,44,27,76,80,42,56,39,69,101,52]",,,,78m 1123r569p 2338s,,,,,,,,,,,,,,
20260414180944_0200_005,20260414180944_0200,20260414180944,上級卓,3,レオプ－,32,9m,tedashi,1776158178,3404.351,,6,197.187,"[83,28,38,44,27,76,80,42,56,39,69,101,52]",,,,78m 1123r569p 2338s,,,,,,,,,,,,,,
20260414180944_0200_006,20260414180944_0200,20260414180944,上級卓,0,パシフィック,69,9p,tedashi,1776158183,5123.912,,2,1817.989,"[83,28,38,44,27,76,80,42,56,39,69,101,52,8]",,,,378m 1123r569p 2338s,,,,3,3,4,,0,,,,,,
20260414180944_0200_007,20260414180944_0200,20260414180944,上級卓,1,hfhgudiw,20,6m,tedashi,1776158186,999.304,,1,1550.699,"[83,28,38,44,27,76,80,42,56,39,101,52,8]",,,,378m 1123r56p 2338s,,,,,,,,,,,,,,
20260414180944_0200_008,20260414180944_0200,20260414180944,上級卓,2,NoName,41,2p,tedashi,1776158190,2114.51,,1,4178.727,"[83,28,38,44,27,76,80,42,56,39,101,52,8]",,,,378m 1123r56p 2338s,,,,,,,,,,,,,,
20260414180944_0200_009,20260414180944_0200,20260414180944,上級卓,3,レオプ－,23,6m,tedashi,1776158196,2173.724,,6,200.943,"[83,28,38,44,27,76,80,42,56,39,101,52,8]",,,,378m 1123r56p 2338s,,,,,,,,,,,,,,
20260414180944_0200_010,20260414180944_0200,20260414180944,上級卓,0,パシフィック,42,2p,tedashi,1776158201,4061.532,,0,,"[83,28,38,44,27,76,80,42,56,39,101,52,8,57]",,,,378m 1123r566p 2338s,,,,3,3,3,,0,,,,,,
20260414180944_0200_011,20260414180944_0200,20260414180944,上級卓,1,hfhgudiw,99,7s,tedashi,1776158203,2046.667,,1,1538.057,"[83,28,38,44,27,76,80,56,39,101,52,8,57]",,,,378m 113r566p 2338s,,,,,,,,,,,,,,
20260414180944_0200_012,20260414180944_0200,20260414180944,上級卓,2,NoName,36,1p,tedashi,1776158206,1450.629,,6,207.755,"[83,28,38,44,27,76,80,56,39,101,52,8,57]",,,,378m 113r566p 2338s,,,,,,,,,,,,,,
20260414180944_0200_013,20260414180944_0200,20260414180944,上級卓,3,レオプ－,72,1s,tedashi,1776158208,2352.652,,6,210.752,"[83,28,38,44,27,76,80,56,39,101,52,8,57]",,,,378m 113r566p 2338s,,,,,,,,,,,,,,
20260414180944_0200_014,20260414180944_0200,20260414180944,上級卓,0,パシフィック,101,8s,tedashi,1776158211,2544.2,,0,,"[83,28,38,44,27,76,80,56,39,101,52,8,57,53]",,,,378m 113r5566p 2338s,,,,2,3,2,,0,,,,,,
20260414180944_0200_015,20260414180944_0200,20260414180944,上級卓,1,hfhgudiw,97,7s,risekichu_hokan_tsumogiri,1776158213,2109.855,,1,1504.554,"[83,28,38,44,27,76,80,56,39,52,8,57,53]",,,,378m 113r5566p 233s,,,,,,,,,,,,,,
20260414180944_0200_016,20260414180944_0200,20260414180944,上級卓,2,NoName,40,2p,risekichu_hokan_tsumogiri,1776158216,1390.546,,1,2367.324,"[83,28,38,44,27,76,80,56,39,52,8,57,53]",,,,378m 113r5566p 233s,,,,,,,,,,,,,,
20260414180944_0200_017,20260414180944_0200,20260414180944,上級卓,3,レオプ－,115,2z,tedashi,1776158225,6462.95,,0,,"[83,28,38,44,27,76,80,56,39,52,8,57,53]",,,,378m 113r5566p 233s,,,,,,,,,,,,,,
20260414180944_0200_018,20260414180944_0200,20260414180944,上級卓,0,パシフィック,109,1z,tsumogiri,1776158227,2587.364,,0,,"[83,28,38,44,27,76,80,56,39,52,8,57,53,109]",,,,378m 113r5566p 233s 1z,,,,2,3,2,,0,,,,,,
20260414180944_0200_019,20260414180944_0200,20260414180944,上級卓,1,hfhgudiw,29,8m,tedashi,1776158230,2937.537,,0,,"[83,28,38,44,27,76,80,56,39,52,8,57,53]",,,,378m 113r5566p 233s,,,,,,,,,,,,,,
20260414180944_0200_020,20260414180944_0200,20260414180944,上級卓,2,NoName,55,5p,tedashi,1776158234,3623.917,,1,2269.151,"[83,28,38,44,27,76,80,56,39,52,8,57,53]",,,,378m 113r5566p 233s,,,,,,,,,,,,,,
20260414180944_0200_021,20260414180944_0200,20260414180944,上級卓,3,レオプ－,108,1z,risekichu_hokan_tsumogiri,1776158241,4361.897,,0,,"[83,28,38,44,27,76,80,56,39,52,8,57,53]",,,,378m 113r5566p 233s,,,,,,,,,,,,,,
20260414180944_0200_022,20260414180944_0200,20260414180944,上級卓,0,パシフィック,44,3p,tedashi,1776158244,2966.194,,0,,"[83,28,38,44,27,76,80,56,39,52,8,57,53,35]",,,,3789m 113r5566p 233s,,,,2,2,2,,0,,,,,,
20260414180944_0200_023,20260414180944_0200,20260414180944,上級卓,1,hfhgudiw,65,8p,tedashi,1776158246,2239.556,,0,,"[83,28,38,27,76,80,56,39,52,8,57,53,35]",,,,3789m 11r5566p 233s,,,,,,,,,,,,,,
20260414180944_0200_024,20260414180944_0200,20260414180944,上級卓,2,NoName,2,1m,risekichu_hokan_tsumogiri,1776158248,2141.862,,0,,"[83,28,38,27,76,80,56,39,52,8,57,53,35]",,,,3789m 11r5566p 233s,,,,,,,,,,,,,,
20260414180944_0200_025,20260414180944_0200,20260414180944,上級卓,3,レオプ－,7,2m,risekichu_hokan_tsumogiri,1776158251,2642.821,,0,,"[83,28,38,27,76,80,56,39,52,8,57,53,35]",,,,3789m 11r5566p 233s,,,,,,,,,,,,,,
20260414180944_0200_026,20260414180944_0200,20260414180944,上級卓,0,パシフィック,8,3m,tedashi,1776158253,2419.692,,0,,"[83,28,38,27,76,80,56,39,52,8,57,53,35,30]",,,,37889m 11r5566p 233s,,,,1,2,1,,0,,,,,,
20260414180944_0200_027,20260414180944_0200,20260414180944,上級卓,1,hfhgudiw,100,8s,risekichu_hokan_tsumogiri,1776158255,2259.534,,0,,"[83,28,38,27,76,80,56,39,52,57,53,35,30]",,,,7889m 11r5566p 233s,,,,,,,,,,,,,,
20260414180944_0200_028,20260414180944_0200,20260414180944,上級卓,2,NoName,25,7m,tedashi,1776158263,7614.102,,0,,"[83,28,38,27,76,80,56,39,52,57,53,35,30]",,,,7889m 11r5566p 233s,,,,,,,,,,,,,,
20260414180944_0200_029,20260414180944_0200,20260414180944,上級卓,3,レオプ－,18,5m,risekichu_hokan_tsumogiri,1776158264,1642.629,,1,1739.738,"[83,28,38,27,76,80,56,39,52,57,53,35,30]",,,,7889m 11r5566p 233s,,,,,,,,,,,,,,
20260414180944_0200_030,20260414180944_0200,20260414180944,上級卓,0,パシフィック,28,8m,tedashi,1776158269,2486.085,,0,,"[83,28,38,27,76,80,56,39,52,57,53,35,30,59]",,,,7889m 11r55666p 233s,,,,1,1,1,,0,,,,,,
20260414180944_0200_031,20260414180944_0200,20260414180944,上級卓,1,hfhgudiw,45,3p,risekichu_hokan_tsumogiri,1776158271,2474.61,,0,,"[83,38,27,76,80,56,39,52,57,53,35,30,59]",,,,789m 11r55666p 233s,,,,,,,,,,,,,,
20260414180944_0200_032,20260414180944_0200,20260414180944,上級卓,2,NoName,132,7z,tedashi,1776158275,3323.93,,2,1597.44,"[83,38,27,76,80,56,39,52,57,53,35,30,59]",,,,789m 11r55666p 233s,,,,,,,,,,,,,,
20260414180944_0200_033,20260414180944_0200,20260414180944,上級卓,3,レオプ－,119,3z,tedashi,1776158277,1261.15,,0,,"[83,38,27,76,80,56,39,52,57,53,35,30,59]",,,,789m 11r55666p 233s,,,,,,,,,,,,,,
20260414180944_0200_034,20260414180944_0200,20260414180944,上級卓,0,パシフィック,27,7m,tedashi,1776158280,2659.627,,0,,"[83,38,27,76,80,56,39,52,57,53,35,30,59,24]",,,,7789m 11r55666p 233s,,,,1,1,1,,0,,,,,,
20260414180944_0200_035,20260414180944_0200,20260414180944,上級卓,1,hfhgudiw,64,8p,risekichu_hokan_tsumogiri,1776158282,2416.856,,0,,"[83,38,76,80,56,39,52,57,53,35,30,59,24]",,,,789m 11r55666p 233s,,,,,,,,,,,,,,
20260414180944_0200_036,20260414180944_0200,20260414180944,上級卓,2,NoName,114,2z,risekichu_hokan_tsumogiri,1776158285,2281.898,,0,,"[83,38,76,80,56,39,52,57,53,35,30,59,24]",,,,789m 11r55666p 233s,,,,,,,,,,,,,,
20260414180944_0200_037,20260414180944_0200,20260414180944,上級卓,3,レオプ－,102,8s,risekichu_hokan_tsumogiri,1776158287,2525.152,,0,,"[83,38,76,80,56,39,52,57,53,35,30,59,24]",,,,789m 11r55666p 233s,,,,,,,,,,,,,,
20260414180944_0200_038,20260414180944_0200,20260414180944,上級卓,0,パシフィック,56,6p,tedashi,1776158290,2594.658,,0,,"[83,38,76,80,56,39,52,57,53,35,30,59,24,49]",,,,789m 114r55666p 233s,,,,1,1,2,,0,,,,,,
20260414180944_0200_039,20260414180944_0200,20260414180944,上級卓,1,hfhgudiw,19,5m,tedashi,1776158292,2048.174,,1,1544.038,"[83,38,76,80,39,52,57,53,35,30,59,24,49]",,,,789m 114r5566p 233s,,,,,,,,,,,,,,
20260414180944_0200_040,20260414180944_0200,20260414180944,上級卓,2,NoName,92,6s,tedashi,1776158296,3019.14,,0,,"[83,38,76,80,39,52,57,53,35,30,59,24,49]",,,,789m 114r5566p 233s,,,,,,,,,,,,,,
20260414180944_0200_041,20260414180944_0200,20260414180944,上級卓,3,レオプ－,11,3m,risekichu_hokan_tsumogiri,1776158298,1904.455,,0,,"[83,38,76,80,39,52,57,53,35,30,59,24,49]",,,,789m 114r5566p 233s,,,,,,,,,,,,,,
20260414180944_0200_042,20260414180944_0200,20260414180944,上級卓,0,パシフィック,110,1z,tsumogiri,1776158301,2549.402,,0,,"[83,38,76,80,39,52,57,53,35,30,59,24,49,110]",,,,789m 114r5566p 233s 1z,,,,1,1,2,,0,,,,,,
20260414180944_0200_043,20260414180944_0200,20260414180944,上級卓,1,hfhgudiw,17,5m,tedashi,1776158303,1923.416,,1,1284.255,"[83,38,76,80,39,52,57,53,35,30,59,24,49]",,,,789m 114r5566p 233s,,,,,,,,,,,,,,
20260414180944_0200_044,20260414180944_0200,20260414180944,上級卓,2,NoName,15,4m,risekichu_hokan_tsumogiri,1776158306,1918.276,,0,,"[83,38,76,80,39,52,57,53,35,30,59,24,49]",,,,789m 114r5566p 233s,,,,,,,,,,,,,,
20260414180944_0200_045,20260414180944_0200,20260414180944,上級卓,3,レオプ－,112,2z,risekichu_hokan_tsumogiri,1776158308,2105.09,,0,,"[83,38,76,80,39,52,57,53,35,30,59,24,49]",,,,789m 114r5566p 233s,,,,,,,,,,,,,,
20260414180944_0200_046,20260414180944_0200,20260414180944,上級卓,0,パシフィック,76,2s,tedashi,1776158313,2308.354,2446.565,2,2067.423,"[83,38,76,80,39,52,57,53,35,30,59,24,49,37]",,,,789m 1114r5566p 233s,,,,0,0,2,47p,0,,,,,,
20260414180944_0200_047,20260414180944_0200,20260414180944,上級卓,1,hfhgudiw,113,2z,tedashi,1776158317,2410.077,,0,,"[83,38,80,39,52,57,53,35,30,59,24,49,37]",,,,789m 1114r5566p 33s,,,,,,,,,,,,,,
20260414180944_0200_048,20260414180944_0200,20260414180944,上級卓,2,NoName,130,6z,risekichu_hokan_tsumogiri,1776158320,2452.803,,0,,"[83,38,80,39,52,57,53,35,30,59,24,49,37]",,,,789m 1114r5566p 33s,,,,,,,,,,,,,,
20260414182620_0000_000,20260414182620_0000,20260414182620,上級卓,2,itsulove,134,7z,risekichu_hokan_tsumogiri,1776158788,,,0,,"[4,84,63,69,123,125,55,44,87,116,45,26,110]",,,,27m 33579p 44s 1345z,,,,,,,,,,,,,,
20260414182620_0000_001,20260414182620_0000,20260414182620,上級卓,3,monohon,33,9m,tedashi,1776158791,2628.425,,0,,"[4,84,63,69,123,125,55,44,87,116,45,26,110]",,,,27m 33579p 44s 1345z,,,,,,,,,,,,,,
20260414182620_0000_002,20260414182620_0000,20260414182620,上級卓,0,パシフィック,110,1z,tedashi,1776158794,3632.423,,0,,"[4,84,63,69,123,125,55,44,87,116,45,26,110,112]",,,,27m 33579p 44s 12345z,,,,4,5,4,,0,,,,,,
20260414182620_0000_003,20260414182620_0000,20260414182620,上級卓,1,NoName,71,9p,tedashi,1776158796,2008.961,,0,,"[4,84,63,69,123,125,55,44,87,116,45,26,112]",,,,27m 33579p 44s 2345z,,,,,,,,,,,,,,
20260414182620_0000_004,20260414182620_0000,20260414182620,上級卓,2,itsulove,28,8m,tedashi,1776158799,2742.081,,0,,"[4,84,63,69,123,125,55,44,87,116,45,26,112]",,,,27m 33579p 44s 2345z,,,,,,,,,,,,,,
20260414182620_0000_005,20260414182620_0000,20260414182620,上級卓,3,monohon,109,1z,tedashi,1776158805,6307.247,,0,,"[4,84,63,69,123,125,55,44,87,116,45,26,112]",,,,27m 33579p 44s 2345z,,,,,,,,,,,,,,
20260414182620_0000_006,20260414182620_0000,20260414182620,上級卓,0,パシフィック,112,2z,tedashi,1776158809,3757.932,,1,1398.008,"[4,84,63,69,123,125,55,44,87,116,45,26,112,56]",,,,27m 335679p 44s 2345z,,,,4,4,4,,0,,,,,,
20260414182620_0000_007,20260414182620_0000,20260414182620,上級卓,1,NoName,94,6s,tedashi,1776158816,5217.947,,6,349.994,"[4,84,63,69,123,125,55,44,87,116,45,26,56]",,,,27m 335679p 44s 345z,,,,,,,,,,,,,,
20260414182620_0000_008,20260414182620_0000,20260414182620,上級卓,2,itsulove,105,9s,tedashi,1776158818,2170.4,,1,1715.304,"[4,84,63,69,123,125,55,44,87,116,45,26,56]",,,,27m 335679p 44s 345z,,,,,,,,,,,,,,
20260414182620_0000_009,20260414182620_0000,20260414182620,上級卓,3,monohon,79,2s,tedashi,1776158824,3604.872,,0,,"[4,84,63,69,123,125,55,44,87,116,45,26,56]",,,,27m 335679p 44s 345z,,,,,,,,,,,,,,
20260414182620_0000_010,20260414182620_0000,20260414182620,上級卓,0,パシフィック,123,4z,tedashi,1776158828,4008.653,,0,,"[4,84,63,69,123,125,55,44,87,116,45,26,56,19]",,,,257m 335679p 44s 345z,,,,3,3,4,,0,,,,,,
20260414182620_0000_011,20260414182620_0000,20260414182620,上級卓,1,NoName,58,6p,tedashi,1776158830,2611.651,,0,,"[4,84,63,69,125,55,44,87,116,45,26,56,19]",,,,257m 335679p 44s 35z,,,,,,,,,,,,,,
20260414182620_0000_012,20260414182620_0000,20260414182620,上級卓,2,itsulove,81,3s,risekichu_hokan_tsumogiri,1776158838,7837.893,,0,,"[4,84,63,69,125,55,44,87,116,45,26,56,19]",,,,257m 335679p 44s 35z,,,,,,,,,,,,,,
20260414182620_0000_013,20260414182620_0000,20260414182620,上級卓,3,monohon,43,2p,tedashi,1776158842,3376.935,,1,1185.698,"[4,84,63,69,125,55,44,87,116,45,26,56,19]",,,,257m 335679p 44s 35z,,,,,,,,,,,,,,
20260414182620_0000_014,20260414182620_0000,20260414182620,上級卓,0,パシフィック,121,4z,tsumogiri,1776158845,2366.184,,0,,"[4,84,63,69,125,55,44,87,116,45,26,56,19,121]",,,,257m 335679p 44s 345z,,,,3,3,4,,0,,,,,,
20260414182620_0000_015,20260414182620_0000,20260414182620,上級卓,1,NoName,0,1m,tedashi,1776158848,2645.256,,0,,"[4,84,63,69,125,55,44,87,116,45,26,56,19]",,,,257m 335679p 44s 35z,,,,,,,,,,,,,,
20260414182620_0000_016,20260414182620_0000,20260414182620,上級卓,2,itsulove,65,8p,risekichu_hokan_tsumogiri,1776158850,2776.428,,1,2040.554,"[4,84,63,69,125,55,44,87,116,45,26,56,19]",,,,257m 335679p 44s 35z,,,,,,,,,,,,,,
20260414182620_0000_017,20260414182620_0000,20260414182620,上級卓,3,monohon,14,4m,tedashi,1776158856,3185.38,,0,,"[4,84,63,69,125,55,44,87,116,45,26,56,19]",,,,257m 335679p 44s 35z,,,,,,,,,,,,,,
20260414182620_0000_018,20260414182620_0000,20260414182620,上級卓,0,パシフィック,116,3z,tedashi,1776158858,2797.684,,0,,"[4,84,63,69,125,55,44,87,116,45,26,56,19,49]",,,,257m 3345679p 44s 35z,,,,2,2,4,,0,,,,,,
20260414182620_0000_019,20260414182620_0000,20260414182620,上級卓,1,NoName,30,8m,risekichu_hokan_tsumogiri,1776158868,9685.19,,0,,"[4,84,63,69,125,55,44,87,45,26,56,19,49]",,,,257m 3345679p 44s 5z,,,,,,,,,,,,,,
20260414182620_0000_020,20260414182620_0000,20260414182620,上級卓,2,itsulove,52,r5p,tedashi,1776158874,5595.86,,2,2645.881,"[4,84,63,69,125,55,44,87,45,26,56,19,49]",,,,257m 3345679p 44s 5z,,,,,,,,,,,,,,
20260414182620_0000_021,20260414182620_0000,20260414182620,上級卓,3,monohon,62,7p,tedashi,1776158879,3032.644,,1,1137.529,"[4,84,63,69,125,55,44,87,45,26,56,19,49]",,,,257m 3345679p 44s 5z,,,,,,,,,,,,,,
20260414182620_0000_022,20260414182620_0000,20260414182620,上級卓,0,パシフィック,125,5z,tedashi,1776158883,2753.819,,0,,"[4,84,63,69,125,55,44,87,45,26,56,19,49,60]",,,,257m 33456779p 44s 5z,,,,2,2,3,,0,,,,,,
20260414182620_0000_023,20260414182620_0000,20260414182620,上級卓,1,NoName,66,8p,risekichu_hokan_tsumogiri,1776158885,1891.885,,0,,"[4,84,63,69,55,44,87,45,26,56,19,49,60]",,,,257m 33456779p 44s,,,,,,,,,,,,,,
20260414182620_0000_024,20260414182620_0000,20260414182620,上級卓,2,itsulove,120,4z,risekichu_hokan_tsumogiri,1776158888,2617.655,,0,,"[4,84,63,69,55,44,87,45,26,56,19,49,60]",,,,257m 33456779p 44s,,,,,,,,,,,,,,
20260414182620_0000_025,20260414182620_0000,20260414182620,上級卓,3,monohon,8,3m,risekichu_hokan_tsumogiri,1776158890,2441.947,,0,,"[4,84,63,69,55,44,87,45,26,56,19,49,60]",,,,257m 33456779p 44s,,,,,,,,,,,,,,
20260414182620_0000_026,20260414182620_0000,20260414182620,上級卓,0,パシフィック,4,2m,tedashi,1776158896,5328.967,,0,,"[4,84,63,69,55,44,87,45,26,56,19,49,60,95]",,,,257m 33456779p 446s,,,,2,2,3,,0,,,,,,
20260414182620_0000_027,20260414182620_0000,20260414182620,上級卓,1,NoName,32,9m,tedashi,1776158901,5775.972,,0,,"[84,63,69,55,44,87,45,26,56,19,49,60,95]",,,,57m 33456779p 446s,,,,,,,,,,,,,,
20260414182620_0000_028,20260414182620_0000,20260414182620,上級卓,2,itsulove,80,3s,tedashi,1776158906,4173.829,,0,,"[84,63,69,55,44,87,45,26,56,19,49,60,95]",,,,57m 33456779p 446s,,,,,,,,,,,,,,
20260414182620_0000_029,20260414182620_0000,20260414182620,上級卓,3,monohon,64,8p,risekichu_hokan_tsumogiri,1776158908,2491.528,,1,1265.635,"[84,63,69,55,44,87,45,26,56,19,49,60,95]",,,,57m 33456779p 446s,,,,,,,,,,,,,,
20260414182620_0000_030,20260414182620_0000,20260414182620,上級卓,0,パシフィック,115,2z,tsumogiri,1776158912,2706.873,,6,226.741,"[84,63,69,55,44,87,45,26,56,19,49,60,95,115]",,,,57m 33456779p 446s 2z,,,,2,2,3,,0,,,,,,
20260414182620_0000_031,20260414182620_0000,20260414182620,上級卓,1,NoName,10,3m,risekichu_hokan_tsumogiri,1776158914,1855.908,,0,,"[84,63,69,55,44,87,45,26,56,19,49,60,95]",,,,57m 33456779p 446s,,,,,,,,,,,,,,
20260414182620_0000_032,20260414182620_0000,20260414182620,上級卓,2,itsulove,129,6z,risekichu_hokan_tsumogiri,1776158917,2598.745,,2,1743.543,"[84,63,69,55,44,87,45,26,56,19,49,60,95]",,,,57m 33456779p 446s,,,,,,,,,,,,,,
20260414182620_0000_033,20260414182620_0000,20260414182620,上級卓,3,monohon,126,5z,tedashi,1776158919,932.388,,0,,"[84,63,69,55,44,87,45,26,56,19,49,60,95]",,,,57m 33456779p 446s,,,,,,,,,,,,,,
20260414182620_0000_034,20260414182620_0000,20260414182620,上級卓,0,パシフィック,3,1m,tsumogiri,1776158922,2722.572,,0,,"[84,63,69,55,44,87,45,26,56,19,49,60,95,3]",,,,157m 33456779p 446s,,,,2,2,3,,0,,,,,,
20260414182620_0000_035,20260414182620_0000,20260414182620,上級卓,1,NoName,41,2p,tedashi,1776158925,834.122,2201.987,0,,"[84,63,69,55,44,87,45,26,56,19,49,60,95]",,,,57m 33456779p 446s,,,,,,,,,,,,,,
20260414182620_0000_036,20260414182620_0000,20260414182620,上級卓,2,itsulove,67,8p,risekichu_hokan_tsumogiri,1776158929,3815.755,,0,,"[84,63,69,55,44,87,45,26,56,19,49,60,95]",,,,57m 33456779p 446s,,,,,,,,,,,,,,
20260414182620_0000_037,20260414182620_0000,20260414182620,上級卓,3,monohon,83,3s,risekichu_hokan_tsumogiri,1776158934,5023.517,,0,,"[84,63,69,55,44,87,45,26,56,19,49,60,95]",,,,57m 33456779p 446s,,,,,,,,,,,,,,
20260414182620_0000_038,20260414182620_0000,20260414182620,上級卓,0,パシフィック,69,9p,tedashi,1776158937,2623.601,,0,,"[84,63,69,55,44,87,45,26,56,19,49,60,95,25]",,,,577m 33456779p 446s,,,,2,2,2,,0,,,,,,
20260414182620_0000_039,20260414182620_0000,20260414182620,上級卓,1,NoName,35,9m,risekichu_hokan_tsumogiri,1776158938,1042.78,,0,,"[84,63,55,44,87,45,26,56,19,49,60,95,25]",,,,577m 3345677p 446s,,,,,,,,,,,,,,
20260414182620_0000_040,20260414182620_0000,20260414182620,上級卓,2,itsulove,113,2z,tedashi,1776158941,3722.981,,0,,"[84,63,55,44,87,45,26,56,19,49,60,95,25]",,,,577m 3345677p 446s,,,,,,,,,,,,,,
20260414182620_0000_041,20260414182620_0000,20260414182620,上級卓,3,monohon,127,5z,risekichu_hokan_tsumogiri,1776158943,2106.127,,0,,"[84,63,55,44,87,45,26,56,19,49,60,95,25]",,,,577m 3345677p 446s,,,,,,,,,,,,,,
20260414182620_0000_042,20260414182620_0000,20260414182620,上級卓,0,パシフィック,60,7p,tedashi,1776158946,2948.138,,0,,"[84,63,55,44,87,45,26,56,19,49,60,95,25,97]",,,,577m 3345677p 4467s,,,,2,2,2,,0,,,,,,
20260414182620_0000_043,20260414182620_0000,20260414182620,上級卓,1,NoName,90,5s,risekichu_hokan_tsumogiri,1776158947,934.733,,6,470.764,"[84,63,55,44,87,45,26,56,19,49,95,25,97]",,,,577m 334567p 4467s,,,,,,,,,,,,,,
20260414182620_0000_044,20260414182620_0000,20260414182620,上級卓,2,itsulove,114,2z,tedashi,1776158950,2093.894,,0,,"[84,63,55,44,87,45,26,56,19,49,95,25,97]",,,,577m 334567p 4467s,,,,,,,,,,,,,,
20260414182620_0000_045,20260414182620_0000,20260414182620,上級卓,3,monohon,54,5p,risekichu_hokan_tsumogiri,1776158954,3825.919,,6,220.656,"[84,63,55,44,87,45,26,56,19,49,95,25,97]",,,,577m 334567p 4467s,,,,,,,,,,,,,,
20260414182620_0000_046,20260414182620_0000,20260414182620,上級卓,0,パシフィック,132,7z,tsumogiri,1776158957,2973.876,,0,,"[84,63,55,44,87,45,26,56,19,49,95,25,97,132]",,,,577m 334567p 4467s 7z,,,,2,2,3,,0,,,,,,
20260414182620_0100_000,20260414182620_0100,20260414182620,上級卓,3,monohon,33,9m,tedashi,1776158976,,,1,1748.068,"[69,94,11,4,117,119,107,124,65,99,128,95,36]",,,,23m 189p 6679s 3356z,,,,,,,,,,,,,,
20260414182620_0100_001,20260414182620_0100,20260414182620,上級卓,0,パシフィック,124,5z,tedashi,1776158981,3265.289,,2,1199.588,"[69,94,11,4,117,119,107,124,65,99,128,95,36,40]",,,,23m 1289p 6679s 3356z,,,,3,3,4,,0,,,,,,
20260414182620_0100_002,20260414182620_0100,20260414182620,上級卓,1,NoName,72,1s,tedashi,1776158983,1202.63,,0,,"[69,94,11,4,117,119,107,65,99,128,95,36,40]",,,,23m 1289p 6679s 336z,,,,,,,,,,,,,,
20260414182620_0100_003,20260414182620_0100,20260414182620,上級卓,2,itsulove,105,9s,tedashi,1776158986,2992.487,,0,,"[69,94,11,4,117,119,107,65,99,128,95,36,40]",,,,23m 1289p 6679s 336z,,,,,,,,,,,,,,
20260414182620_0100_004,20260414182620_0100,20260414182620,上級卓,3,monohon,116,3z,tedashi,1776158988,1880.642,,6,206.216,"[69,94,11,4,117,119,107,65,99,128,95,36,40]",,,,23m 1289p 6679s 336z,,,,,,,,,,,,,,
20260414182620_0100_005,20260414182620_0100,20260414182620,上級卓,0,パシフィック,128,6z,tedashi,1776158992,3656.893,,0,,"[69,94,11,4,117,119,107,65,99,128,95,36,40,34]",,,,239m 1289p 6679s 336z,,,,3,3,4,,0,,,,,,
20260414182620_0100_006,20260414182620_0100,20260414182620,上級卓,1,NoName,121,4z,tedashi,1776158994,1932.544,,1,1806.378,"[69,94,11,4,117,119,107,65,99,95,36,40,34]",,,,239m 1289p 6679s 33z,,,,,,,,,,,,,,
20260414182620_0100_007,20260414182620_0100,20260414182620,上級卓,2,itsulove,45,3p,risekichu_hokan_tsumogiri,1776159002,6429.235,,1,4092.471,"[69,94,11,4,117,119,107,65,99,95,36,40,34]",,,,239m 1289p 6679s 33z,,,,,,,,,,,,,,
20260414182620_0100_008,20260414182620_0100,20260414182620,上級卓,3,monohon,110,1z,tedashi,1776159008,2208.002,,0,,"[69,94,11,4,117,119,107,65,99,95,36,40,34]",,,,239m 1289p 6679s 33z,,,,,,,,,,,,,,
20260414182620_0100_009,20260414182620_0100,20260414182620,上級卓,0,パシフィック,34,9m,tedashi,1776159013,4903.452,,1,872.404,"[69,94,11,4,117,119,107,65,99,95,36,40,34,10]",,,,2339m 1289p 6679s 33z,,,,3,3,3,,0,,,,,,
20260414182620_0100_010,20260414182620_0100,20260414182620,上級卓,1,NoName,118,3z,tedashi,1776159016,2048.453,,6,206.123,"[69,94,11,4,117,119,107,65,99,95,36,40,10]",,,,233m 1289p 6679s 33z,,,,,,,,,,,,,,
20260414182620_0100_011,20260414182620_0100,20260414182620,上級卓,2,itsulove,92,6s,tedashi,1776159021,4724.677,,1,2066.006,"[69,94,11,4,117,119,107,65,99,95,36,40,10]",,,,233m 1289p 6679s 33z,,,,,,,,,,,,,,
20260414182620_0100_012,20260414182620_0100,20260414182620,上級卓,3,monohon,78,2s,risekichu_hokan_tsumogiri,1776159025,1918.266,,0,,"[69,94,11,4,117,119,107,65,99,95,36,40,10]",,,,233m 1289p 6679s 33z,,,,,,,,,,,,,,
20260414182620_0100_013,20260414182620_0100,20260414182620,上級卓,0,パシフィック,107,9s,tedashi,1776159028,2315.496,,0,,"[69,94,11,4,117,119,107,65,99,95,36,40,10,14]",,,,2334m 1289p 6679s 33z,,,,2,2,3,,0,,,,,,
20260414182620_0100_014,20260414182620_0100,20260414182620,上級卓,1,NoName,131,6z,tedashi,1776159030,2595.73,,0,,"[69,94,11,4,117,119,65,99,95,36,40,10,14]",,,,2334m 1289p 667s 33z,,,,,,,,,,,,,,
20260414182620_0100_015,20260414182620_0100,20260414182620,上級卓,2,itsulove,108,1z,tedashi,1776159036,5894.083,,0,,"[69,94,11,4,117,119,65,99,95,36,40,10,14]",,,,2334m 1289p 667s 33z,,,,,,,,,,,,,,
20260414182620_0100_016,20260414182620_0100,20260414182620,上級卓,3,monohon,102,8s,tedashi,1776159038,2107.145,,6,212.234,"[69,94,11,4,117,119,65,99,95,36,40,10,14]",,,,2334m 1289p 667s 33z,,,,,,,,,,,,,,
20260414182620_0100_017,20260414182620_0100,20260414182620,上級卓,0,パシフィック,94,6s,tedashi,1776159041,2605.598,,0,,"[69,94,11,4,117,119,65,99,95,36,40,10,14,63]",,,,2334m 12789p 667s 33z,,,,1,1,3,,1,,,,,,
20260414182620_0100_018,20260414182620_0100,20260414182620,上級卓,1,NoName,51,4p,tedashi,1776159044,3020.685,,0,,"[69,11,4,117,119,65,99,95,36,40,10,14,63]",,,,2334m 12789p 67s 33z,,,,,,,,,,,,,,
20260414182620_0100_019,20260414182620_0100,20260414182620,上級卓,2,itsulove,130,6z,tedashi,1776159047,3404.416,,0,,"[69,11,4,117,119,65,99,95,36,40,10,14,63]",,,,2334m 12789p 67s 33z,,,,,,,,,,,,,,
20260414182620_0100_020,20260414182620_0100,20260414182620,上級卓,3,monohon,123,4z,risekichu_hokan_tsumogiri,1776159050,2553.202,,0,,"[69,11,4,117,119,65,99,95,36,40,10,14,63]",,,,2334m 12789p 67s 33z,,,,,,,,,,,,,,
20260414182620_0100_021,20260414182620_0100,20260414182620,上級卓,0,パシフィック,75,1s,tsumogiri,1776159053,2625.762,,0,,"[69,11,4,117,119,65,99,95,36,40,10,14,63,75]",,,,2334m 12789p 167s 33z,,,,1,1,4,,0,,,,,,
20260414182620_0100_022,20260414182620_0100,20260414182620,上級卓,1,NoName,42,2p,risekichu_hokan_tsumogiri,1776159055,2134.836,,0,,"[69,11,4,117,119,65,99,95,36,40,10,14,63]",,,,2334m 12789p 67s 33z,,,,,,,,,,,,,,
20260414182620_0100_023,20260414182620_0100,20260414182620,上級卓,2,itsulove,48,4p,tedashi,1776159059,4098.103,,1,2449.61,"[69,11,4,117,119,65,99,95,36,40,10,14,63]",,,,2334m 12789p 67s 33z,,,,,,,,,,,,,,
20260414182620_0100_024,20260414182620_0100,20260414182620,上級卓,3,monohon,103,8s,risekichu_hokan_tsumogiri,1776159063,1769.585,,1,1057.122,"[69,11,4,117,119,65,99,95,36,40,10,14,63]",,,,2334m 12789p 67s 33z,,,,,,,,,,,,,,
20260414182620_0100_025,20260414182620_0100,20260414182620,上級卓,0,パシフィック,125,5z,tsumogiri,1776159067,2687.964,,0,,"[69,11,4,117,119,65,99,95,36,40,10,14,63,125]",,,,2334m 12789p 67s 335z,,,,1,1,4,,0,,,,,,
20260414182620_0100_026,20260414182620_0100,20260414182620,上級卓,1,NoName,122,4z,risekichu_hokan_tsumogiri,1776159069,2360.085,,0,,"[69,11,4,117,119,65,99,95,36,40,10,14,63]",,,,2334m 12789p 67s 33z,,,,,,,,,,,,,,
20260414182620_0100_027,20260414182620_0100,20260414182620,上級卓,2,itsulove,1,1m,risekichu_hokan_tsumogiri,1776159078,9147.72,,0,,"[69,11,4,117,119,65,99,95,36,40,10,14,63]",,,,2334m 12789p 67s 33z,,,,,,,,,,,,,,
20260414182620_0100_028,20260414182620_0100,20260414182620,上級卓,3,monohon,98,7s,risekichu_hokan_tsumogiri,1776159081,2779.843,,0,,"[69,11,4,117,119,65,99,95,36,40,10,14,63]",,,,2334m 12789p 67s 33z,,,,,,,,,,,,,,
20260414182620_0100_029,20260414182620_0100,20260414182620,上級卓,0,パシフィック,74,1s,tsumogiri,1776159084,2462.95,,0,,"[69,11,4,117,119,65,99,95,36,40,10,14,63,74]",,,,2334m 12789p 167s 33z,,,,1,1,4,,0,,,,,,
20260414182620_0100_030,20260414182620_0100,20260414182620,上級卓,1,NoName,43,2p,risekichu_hokan_tsumogiri,1776159085,1946.549,,0,,"[69,11,4,117,119,65,99,95,36,40,10,14,63]",,,,2334m 12789p 67s 33z,,,,,,,,,,,,,,
20260414182620_0100_031,20260414182620_0100,20260414182620,上級卓,2,itsulove,96,7s,tedashi,1776159089,3060.888,,0,,"[69,11,4,117,119,65,99,95,36,40,10,14,63]",,,,2334m 12789p 67s 33z,,,,,,,,,,,,,,
20260414182620_0100_032,20260414182620_0100,20260414182620,上級卓,3,monohon,66,8p,tedashi,1776159091,2686.943,,1,880.437,"[69,11,4,117,119,65,99,95,36,40,10,14,63]",,,,2334m 12789p 67s 33z,,,,,,,,,,,,,,
20260414182620_0100_033,20260414182620_0100,20260414182620,上級卓,0,パシフィック,36,1p,tedashi,1776159095,2757.408,,1,1623.789,"[69,11,4,117,119,65,99,95,36,40,10,14,63,25]",,,,23347m 12789p 67s 33z,,,,1,1,4,,0,,,,,,
20260414182620_0100_034,20260414182620_0100,20260414182620,上級卓,1,NoName,9,3m,tedashi,1776159101,4029.05,,1,1081.329,"[69,11,4,117,119,65,99,95,40,10,14,63,25]",,,,23347m 2789p 67s 33z,,,,,,,,,,,,,,
20260414182620_0100_035,20260414182620_0100,20260414182620,上級卓,2,itsulove,67,8p,tedashi,1776159103,1606.568,,0,,"[69,11,4,117,119,65,99,95,40,10,14,63,25]",,,,23347m 2789p 67s 33z,,,,,,,,,,,,,,
20260414182620_0100_036,20260414182620_0100,20260414182620,上級卓,3,monohon,111,1z,risekichu_hokan_tsumogiri,1776159106,2917.568,,0,,"[69,11,4,117,119,65,99,95,40,10,14,63,25]",,,,23347m 2789p 67s 33z,,,,,,,,,,,,,,
20260414182620_0100_037,20260414182620_0100,20260414182620,上級卓,0,パシフィック,10,3m,tedashi,1776159109,2607.436,,0,,"[69,11,4,117,119,65,99,95,40,10,14,63,25,8]",,,,233347m 2789p 67s 33z,,,,1,1,4,,0,,,,,,
20260414182620_0100_038,20260414182620_0100,20260414182620,上級卓,1,NoName,2,1m,tedashi,1776159111,2487.499,,0,,"[69,11,4,117,119,65,99,95,40,14,63,25,8]",,,,23347m 2789p 67s 33z,,,,,,,,,,,,,,
20260414182620_0100_039,20260414182620_0100,20260414182620,上級卓,2,itsulove,55,5p,tedashi,1776159114,3223.344,,1,1679.029,"[69,11,4,117,119,65,99,95,40,14,63,25,8]",,,,23347m 2789p 67s 33z,,,,,,,,,,,,,,
20260414182620_0100_040,20260414182620_0100,20260414182620,上級卓,3,monohon,68,9p,tedashi,1776159118,1789.143,,1,1186.486,"[69,11,4,117,119,65,99,95,40,14,63,25,8]",,,,23347m 2789p 67s 33z,,,,,,,,,,,,,,
20260414182620_0100_041,20260414182620_0100,20260414182620,上級卓,0,パシフィック,25,7m,tedashi,1776159122,2738.014,,2,2464.261,"[69,11,4,117,119,65,99,95,40,14,63,25,8,49]",,,,23347m 24789p 67s 33z,,,,1,1,4,,0,,,,,,
20260414182620_0100_042,20260414182620_0100,20260414182620,上級卓,1,NoName,120,4z,tedashi,1776159125,1179.887,,0,,"[69,11,4,117,119,65,99,95,40,14,63,8,49]",,,,2334m 24789p 67s 33z,,,,,,,,,,,,,,
20260414182620_0100_043,20260414182620_0100,20260414182620,上級卓,2,itsulove,70,9p,tedashi,1776159137,12001.495,,0,,"[69,11,4,117,119,65,99,95,40,14,63,8,49]",,,,2334m 24789p 67s 33z,,,,,,,,,,,,,,
20260414182620_0100_044,20260414182620_0100,20260414182620,上級卓,3,monohon,37,1p,tedashi,1776159143,5987.704,,0,,"[69,11,4,117,119,65,99,95,40,14,63,8,49]",,,,2334m 24789p 67s 33z,,,,,,,,,,,,,,
20260414182620_0100_045,20260414182620_0100,20260414182620,上級卓,0,パシフィック,129,6z,tsumogiri,1776159146,2706.315,,0,,"[69,11,4,117,119,65,99,95,40,14,63,8,49,129]",,,,2334m 24789p 67s 336z,,,,1,1,4,,0,,,,,,
20260414182620_0100_046,20260414182620_0100,20260414182620,上級卓,1,NoName,115,2z,tedashi,1776159149,2611.161,,0,,"[69,11,4,117,119,65,99,95,40,14,63,8,49]",,,,2334m 24789p 67s 33z,,,,,,,,,,,,,,
20260414182620_0100_047,20260414182620_0100,20260414182620,上級卓,2,itsulove,114,2z,tedashi,1776159153,4686.305,,0,,"[69,11,4,117,119,65,99,95,40,14,63,8,49]",,,,2334m 24789p 67s 33z,,,,,,,,,,,,,,
20260414182620_0100_048,20260414182620_0100,20260414182620,上級卓,3,monohon,112,2z,tedashi,1776159155,1576.551,,0,,"[69,11,4,117,119,65,99,95,40,14,63,8,49]",,,,2334m 24789p 67s 33z,,,,,,,,,,,,,,
20260414182620_0100_049,20260414182620_0100,20260414182620,上級卓,0,パシフィック,133,7z,tsumogiri,1776159160,4718.023,,0,,"[69,11,4,117,119,65,99,95,40,14,63,8,49,133]",,,,2334m 24789p 67s 337z,,,,1,1,4,,0,,,,,,
20260414182620_0100_050,20260414182620_0100,20260414182620,上級卓,1,NoName,7,2m,risekichu_hokan_tsumogiri,1776159162,1785.929,,0,,"[69,11,4,117,119,65,99,95,40,14,63,8,49]",,,,2334m 24789p 67s 33z,,,,,,,,,,,,,,
20260414182620_0100_051,20260414182620_0100,20260414182620,上級卓,2,itsulove,135,7z,tedashi,1776159164,2209.721,,0,,"[69,11,4,117,119,65,99,95,40,14,63,8,49]",,,,2334m 24789p 67s 33z,,,,,,,,,,,,,,
20260414182620_0100_052,20260414182620_0100,20260414182620,上級卓,3,monohon,5,2m,tedashi,1776159168,4023.26,,1,1073.333,"[69,11,4,117,119,65,99,95,40,14,63,8,49]",,,,2334m 24789p 67s 33z,,,,,,,,,,,,,,
20260414182620_0100_053,20260414182620_0100,20260414182620,上級卓,0,パシフィック,39,1p,tsumogiri,1776159171,1945.297,,0,,"[69,11,4,117,119,65,99,95,40,14,63,8,49,39]",,,,2334m 124789p 67s 33z,,,,1,1,4,,0,,,,,,
20260414182620_0100_054,20260414182620_0100,20260414182620,上級卓,1,NoName,44,3p,risekichu_hokan_tsumogiri,1776159173,1918.625,,1,3296.594,"[69,11,4,117,119,65,99,95,40,14,63,8,49]",,,,2334m 24789p 67s 33z,,,,,,,,,,,,,,
20260414182620_0100_055,20260414182620_0100,20260414182620,上級卓,2,itsulove,27,7m,tedashi,1776159181,4856.035,,1,1655.307,"[69,11,4,117,119,65,99,95,40,14,63,8,49]",,,,2334m 24789p 67s 33z,,,,,,,,,,,,,,
20260414182620_0100_056,20260414182620_0100,20260414182620,上級卓,3,monohon,6,2m,risekichu_hokan_tsumogiri,1776159185,2305.134,,6,203.71,"[69,11,4,117,119,65,99,95,40,14,63,8,49]",,,,2334m 24789p 67s 33z,,,,,,,,,,,,,,
20260414182620_0100_057,20260414182620_0100,20260414182620,上級卓,0,パシフィック,8,3m,tedashi,1776159190,2276.99,2591.764,0,,"[69,11,4,117,119,65,99,95,40,14,63,8,49,100]",,,,2334m 24789p 678s 33z,,,,0,0,4,3p,0,,,,,,
20260414182620_0100_058,20260414182620_0100,20260414182620,上級卓,1,NoName,26,7m,risekichu_hokan_tsumogiri,1776159195,4810.846,,0,,"[69,11,4,117,119,65,99,95,40,14,63,49,100]",,,,234m 24789p 678s 33z,,,,,,,,,,,,,,
20260414182620_0100_059,20260414182620_0100,20260414182620,上級卓,2,itsulove,24,7m,tedashi,1776159197,2173.3,,1,2028.14,"[69,11,4,117,119,65,99,95,40,14,63,49,100]",,,,234m 24789p 678s 33z,,,,,,,,,,,,,,
20260414182620_0100_060,20260414182620_0100,20260414182620,上級卓,3,monohon,132,7z,tedashi,1776159201,2408.272,,0,,"[69,11,4,117,119,65,99,95,40,14,63,49,100]",,,,234m 24789p 678s 33z,,,,,,,,,,,,,,
20260414182620_0100_061,20260414182620_0100,20260414182620,上級卓,0,パシフィック,134,7z,tsumogiri,1776159202,688.156,,0,,"[69,11,4,117,119,65,99,95,40,14,63,49,100,134]",,,,234m 24789p 678s 337z,,,,0,0,5,3p,0,,,,,,
20260414182620_0100_062,20260414182620_0100,20260414182620,上級卓,1,NoName,106,9s,risekichu_hokan_tsumogiri,1776159205,2688.166,,0,,"[69,11,4,117,119,65,99,95,40,14,63,49,100]",,,,234m 24789p 678s 33z,,,,,,,,,,,,,,
20260414182620_0100_063,20260414182620_0100,20260414182620,上級卓,2,itsulove,32,9m,tedashi,1776159207,2283.34,,0,,"[69,11,4,117,119,65,99,95,40,14,63,49,100]",,,,234m 24789p 678s 33z,,,,,,,,,,,,,,
20260414182620_0100_064,20260414182620_0100,20260414182620,上級卓,3,monohon,38,1p,tedashi,1776159213,5757.08,,0,,"[69,11,4,117,119,65,99,95,40,14,63,49,100]",,,,234m 24789p 678s 33z,,,,,,,,,,,,,,
20260414182620_0100_065,20260414182620_0100,20260414182620,上級卓,0,パシフィック,13,4m,tsumogiri,1776159213,707.785,,0,,"[69,11,4,117,119,65,99,95,40,14,63,49,100,13]",,,,2344m 24789p 678s 33z,,,,0,0,4,3p,0,,,,,,
20260414182620_0100_066,20260414182620_0100,20260414182620,上級卓,1,NoName,71,9p,risekichu_hokan_tsumogiri,1776159220,6799.57,,0,,"[69,11,4,117,119,65,99,95,40,14,63,49,100]",,,,234m 24789p 678s 33z,,,,,,,,,,,,,,
20260414182620_0100_067,20260414182620_0100,20260414182620,上級卓,2,itsulove,35,9m,tedashi,1776159223,2739.632,,0,,"[69,11,4,117,119,65,99,95,40,14,63,49,100]",,,,234m 24789p 678s 33z,,,,,,,,,,,,,,
20260414182620_0100_068,20260414182620_0100,20260414182620,上級卓,3,monohon,12,4m,tedashi,1776159226,3167.005,,0,,"[69,11,4,117,119,65,99,95,40,14,63,49,100]",,,,234m 24789p 678s 33z,,,,,,,,,,,,,,
20260414182620_0100_069,20260414182620_0100,20260414182620,上級卓,0,パシフィック,93,6s,tsumogiri,1776159227,695.304,,0,,"[69,11,4,117,119,65,99,95,40,14,63,49,100,93]",,,,234m 24789p 6678s 33z,,,,0,0,4,3p,0,,,,,,
20260414182620_0100_070,20260414182620_0100,20260414182620,上級卓,1,NoName,15,4m,risekichu_hokan_tsumogiri,1776159230,2680.354,,0,,"[69,11,4,117,119,65,99,95,40,14,63,49,100]",,,,234m 24789p 678s 33z,,,,,,,,,,,,,,
20260414182620_0100_071,20260414182620_0100,20260414182620,上級卓,2,itsulove,113,2z,risekichu_hokan_tsumogiri,1776159232,2360.472,,0,,"[69,11,4,117,119,65,99,95,40,14,63,49,100]",,,,234m 24789p 678s 33z,,,,,,,,,,,,,,
20260414182620_0201_000,20260414182620_0201,20260414182620,上級卓,0,パシフィック,118,3z,tedashi,1776159247,,,0,,"[125,118,23,36,135,71,21,83,81,17,28,58,12,63]",,,,45668m 1679p 33s 357z,,,,3,3,4,,0,,,,,,
20260414182620_0201_001,20260414182620_0201,20260414182620,上級卓,1,NoName,98,7s,risekichu_hokan_tsumogiri,1776159252,5888.392,,0,,"[125,23,36,135,71,21,83,81,17,28,58,12,63]",,,,45668m 1679p 33s 57z,,,,,,,,,,,,,,
20260414182620_0202_003,20260414182620_0202,20260414182620,上級卓,3,monohon,133,7z,tedashi,1776159281,4568.628,,0,,"[0,10,11,16,17,20,43,46,90,109,119,127,135]",,,,133r556m 23p 5s 1357z,,,,,,,,,,,,,,
20260414182620_0202_004,20260414182620_0202,20260414182620,上級卓,0,パシフィック,135,7z,tedashi,1776159287,6282.653,,0,,"[0,10,11,16,17,20,43,46,90,109,119,127,135,78]",,,,133r556m 23p 25s 1357z,,,,4,4,4,,0,,,,,,
20260414182620_0202_005,20260414182620_0202,20260414182620,上級卓,1,NoName,44,3p,risekichu_hokan_tsumogiri,1776159287,0.0,,0,,"[0,10,11,16,17,20,43,46,90,109,119,127,78]",,,,133r556m 23p 25s 135z,,,,,,,,,,,,,,
20260414182620_0202_006,20260414182620_0202,20260414182620,上級卓,2,itsulove,33,9m,tedashi,1776159293,5951.154,,1,1368.129,"[0,10,11,16,17,20,43,46,90,109,119,127,78]",,,,133r556m 23p 25s 135z,,,,,,,,,,,,,,
20260414182620_0202_007,20260414182620_0202,20260414182620,上級卓,3,monohon,85,4s,tedashi,1776159300,5554.415,,0,,"[0,10,11,16,17,20,43,46,90,109,119,127,78]",,,,133r556m 23p 25s 135z,,,,,,,,,,,,,,
20260414182620_0202_008,20260414182620_0202,20260414182620,上級卓,0,パシフィック,127,5z,tedashi,1776159304,4214.767,,0,,"[0,10,11,16,17,20,43,46,90,109,119,127,78,5]",,,,1233r556m 23p 25s 135z,,,,3,3,4,,0,,,,,,
20260414182620_0202_009,20260414182620_0202,20260414182620,上級卓,1,NoName,131,6z,risekichu_hokan_tsumogiri,1776159304,0.0,,0,,"[0,10,11,16,17,20,43,46,90,109,119,78,5]",,,,1233r556m 23p 25s 13z,,,,,,,,,,,,,,
20260414182620_0202_010,20260414182620_0202,20260414182620,上級卓,2,itsulove,111,1z,tedashi,1776159311,7079.372,,0,,"[0,10,11,16,17,20,43,46,90,109,119,78,5]",,,,1233r556m 23p 25s 13z,,,,,,,,,,,,,,
20260414182620_0202_011,20260414182620_0202,20260414182620,上級卓,3,monohon,121,4z,tedashi,1776159319,7506.686,,0,,"[0,10,11,16,17,20,43,46,90,109,119,78,5]",,,,1233r556m 23p 25s 13z,,,,,,,,,,,,,,
20260414182620_0202_012,20260414182620_0202,20260414182620,上級卓,0,パシフィック,109,1z,tedashi,1776159323,4326.128,,0,,"[0,10,11,16,17,20,43,46,90,109,119,78,5,60]",,,,1233r556m 237p 25s 13z,,,,3,3,4,,0,,,,,,
20260414182620_0202_013,20260414182620_0202,20260414182620,上級卓,1,NoName,73,1s,risekichu_hokan_tsumogiri,1776159323,0.0,,0,,"[0,10,11,16,17,20,43,46,90,119,78,5,60]",,,,1233r556m 237p 25s 3z,,,,,,,,,,,,,,
20260414182620_0202_014,20260414182620_0202,20260414182620,上級卓,2,itsulove,128,6z,risekichu_hokan_tsumogiri,1776159326,3394.46,,0,,"[0,10,11,16,17,20,43,46,90,119,78,5,60]",,,,1233r556m 237p 25s 3z,,,,,,,,,,,,,,
20260414182620_0202_015,20260414182620_0202,20260414182620,上級卓,3,monohon,107,9s,tedashi,1776159328,1840.401,,0,,"[0,10,11,16,17,20,43,46,90,119,78,5,60]",,,,1233r556m 237p 25s 3z,,,,,,,,,,,,,,
20260414182620_0202_016,20260414182620_0202,20260414182620,上級卓,0,パシフィック,104,9s,tsumogiri,1776159332,4312.623,,0,,"[0,10,11,16,17,20,43,46,90,119,78,5,60,104]",,,,1233r556m 237p 259s 3z,,,,3,3,4,,0,,,,,,
20260414182620_0202_017,20260414182620_0202,20260414182620,上級卓,1,NoName,92,6s,risekichu_hokan_tsumogiri,1776159332,0.0,,0,,"[0,10,11,16,17,20,43,46,90,119,78,5,60]",,,,1233r556m 237p 25s 3z,,,,,,,,,,,,,,
20260414182620_0202_018,20260414182620_0202,20260414182620,上級卓,2,itsulove,100,8s,tedashi,1776159339,6397.259,,1,1626.542,"[0,10,11,16,17,20,43,46,90,119,78,5,60]",,,,1233r556m 237p 25s 3z,,,,,,,,,,,,,,
20260414182620_0202_019,20260414182620_0202,20260414182620,上級卓,3,monohon,7,2m,tedashi,1776159347,6646.25,,6,220.494,"[0,10,11,16,17,20,43,46,90,119,78,5,60]",,,,1233r556m 237p 25s 3z,,,,,,,,,,,,,,
20260414182620_0202_020,20260414182620_0202,20260414182620,上級卓,0,パシフィック,115,2z,tsumogiri,1776159352,4237.716,,0,,"[0,10,11,16,17,20,43,46,90,119,78,5,60,115]",,,,1233r556m 237p 25s 23z,,,,3,3,4,,0,,,,,,
20260414182620_0202_021,20260414182620_0202,20260414182620,上級卓,1,NoName,59,6p,risekichu_hokan_tsumogiri,1776159352,0.0,,0,,"[0,10,11,16,17,20,43,46,90,119,78,5,60]",,,,1233r556m 237p 25s 3z,,,,,,,,,,,,,,
20260414182620_0202_022,20260414182620_0202,20260414182620,上級卓,2,itsulove,39,1p,risekichu_hokan_tsumogiri,1776159355,3836.718,,1,1753.206,"[0,10,11,16,17,20,43,46,90,119,78,5,60]",,,,1233r556m 237p 25s 3z,,,,,,,,,,,,,,
20260414182620_0202_023,20260414182620_0202,20260414182620,上級卓,3,monohon,2,1m,tedashi,1776159359,2310.842,,6,207.124,"[0,10,11,16,17,20,43,46,90,119,78,5,60]",,,,1233r556m 237p 25s 3z,,,,,,,,,,,,,,
20260414182620_0202_024,20260414182620_0202,20260414182620,上級卓,0,パシフィック,119,3z,tedashi,1776159362,2740.332,,0,,"[0,10,11,16,17,20,43,46,90,119,78,5,60,15]",,,,12334r556m 237p 25s 3z,,,,2,2,4,,0,,,,,,
20260414182620_0202_025,20260414182620_0202,20260414182620,上級卓,1,NoName,32,9m,risekichu_hokan_tsumogiri,1776159362,0.0,,0,,"[0,10,11,16,17,20,43,46,90,78,5,60,15]",,,,12334r556m 237p 25s,,,,,,,,,,,,,,
20260414182620_0202_026,20260414182620_0202,20260414182620,上級卓,2,itsulove,96,7s,risekichu_hokan_tsumogiri,1776159366,3287.832,,1,2005.098,"[0,10,11,16,17,20,43,46,90,78,5,60,15]",,,,12334r556m 237p 25s,,,,,,,,,,,,,,
20260414182620_0202_027,20260414182620_0202,20260414182620,上級卓,3,monohon,63,7p,risekichu_hokan_tsumogiri,1776159381,12902.765,,0,,"[0,10,11,16,17,20,43,46,90,78,5,60,15]",,,,12334r556m 237p 25s,,,,,,,,,,,,,,
20260414182620_0202_028,20260414182620_0202,20260414182620,上級卓,0,パシフィック,106,9s,tsumogiri,1776159383,2707.319,,0,,"[0,10,11,16,17,20,43,46,90,78,5,60,15,106]",,,,12334r556m 237p 259s,,,,2,2,4,,0,,,,,,
20260414182620_0202_029,20260414182620_0202,20260414182620,上級卓,1,NoName,113,2z,risekichu_hokan_tsumogiri,1776159383,0.0,,0,,"[0,10,11,16,17,20,43,46,90,78,5,60,15]",,,,12334r556m 237p 25s,,,,,,,,,,,,,,
20260414182620_0202_030,20260414182620_0202,20260414182620,上級卓,2,itsulove,86,4s,tedashi,1776159388,4570.077,,1,1701.025,"[0,10,11,16,17,20,43,46,90,78,5,60,15]",,,,12334r556m 237p 25s,,,,,,,,,,,,,,
20260414182620_0202_031,20260414182620_0202,20260414182620,上級卓,3,monohon,126,5z,risekichu_hokan_tsumogiri,1776159391,1558.926,,0,,"[0,10,11,16,17,20,43,46,90,78,5,60,15]",,,,12334r556m 237p 25s,,,,,,,,,,,,,,
20260414182620_0202_032,20260414182620_0202,20260414182620,上級卓,0,パシフィック,60,7p,tedashi,1776159394,2505.919,,0,,"[0,10,11,16,17,20,43,46,90,78,5,60,15,48]",,,,12334r556m 2347p 25s,,,,1,1,4,,0,,,,,,
20260414182620_0202_033,20260414182620_0202,20260414182620,上級卓,1,NoName,34,9m,risekichu_hokan_tsumogiri,1776159394,0.0,,0,,"[0,10,11,16,17,20,43,46,90,78,5,15,48]",,,,12334r556m 234p 25s,,,,,,,,,,,,,,
20260414182620_0202_034,20260414182620_0202,20260414182620,上級卓,2,itsulove,81,3s,risekichu_hokan_tsumogiri,1776159398,4172.417,,1,1441.641,"[0,10,11,16,17,20,43,46,90,78,5,15,48]",,,,12334r556m 234p 25s,,,,,,,,,,,,,,
20260414182620_0202_035,20260414182620_0202,20260414182620,上級卓,3,monohon,129,6z,risekichu_hokan_tsumogiri,1776159401,1330.778,,0,,"[0,10,11,16,17,20,43,46,90,78,5,15,48]",,,,12334r556m 234p 25s,,,,,,,,,,,,,,
20260414182620_0202_036,20260414182620_0202,20260414182620,上級卓,0,パシフィック,78,2s,tedashi,1776159403,2701.029,,6,232.827,"[0,10,11,16,17,20,43,46,90,78,5,15,48,52]",,,,12334r556m 234r5p 25s,,,,1,1,4,,0,,,,,,
20260414182620_0202_037,20260414182620_0202,20260414182620,上級卓,1,NoName,38,1p,risekichu_hokan_tsumogiri,1776159403,0.0,,1,2978.136,"[0,10,11,16,17,20,43,46,90,5,15,48,52]",,,,12334r556m 234r5p 5s,,,,,,,,,,,,,,
20260414182620_0202_038,20260414182620_0202,20260414182620,上級卓,2,itsulove,3,1m,risekichu_hokan_tsumogiri,1776159408,1590.438,,0,,"[0,10,11,16,17,20,43,46,90,5,15,48,52]",,,,12334r556m 234r5p 5s,,,,,,,,,,,,,,
20260414182620_0202_039,20260414182620_0202,20260414182620,上級卓,3,monohon,41,2p,tedashi,1776159410,2417.294,,1,1045.02,"[0,10,11,16,17,20,43,46,90,5,15,48,52]",,,,12334r556m 234r5p 5s,,,,,,,,,,,,,,
20260414182620_0202_040,20260414182620_0202,20260414182620,上級卓,0,パシフィック,35,9m,tsumogiri,1776159414,2815.528,,0,,"[0,10,11,16,17,20,43,46,90,5,15,48,52,35]",,,,12334r5569m 234r5p 5s,,,,1,1,4,,0,,,,,,
20260414182620_0202_041,20260414182620_0202,20260414182620,上級卓,1,NoName,117,3z,risekichu_hokan_tsumogiri,1776159414,0.0,,0,,"[0,10,11,16,17,20,43,46,90,5,15,48,52]",,,,12334r556m 234r5p 5s,,,,,,,,,,,,,,
20260414182620_0202_042,20260414182620_0202,20260414182620,上級卓,2,itsulove,49,4p,tedashi,1776159427,12380.787,,0,,"[0,10,11,16,17,20,43,46,90,5,15,48,52]",,,,12334r556m 234r5p 5s,,,,,,,,,,,,,,
20260414182620_0202_043,20260414182620_0202,20260414182620,上級卓,3,monohon,75,1s,risekichu_hokan_tsumogiri,1776159430,3186.999,,0,,"[0,10,11,16,17,20,43,46,90,5,15,48,52]",,,,12334r556m 234r5p 5s,,,,,,,,,,,,,,
20260414182620_0202_044,20260414182620_0202,20260414182620,上級卓,0,パシフィック,101,8s,tsumogiri,1776159433,2637.102,,0,,"[0,10,11,16,17,20,43,46,90,5,15,48,52,101]",,,,12334r556m 234r5p 58s,,,,1,1,4,,0,,,,,,
20260414182620_0202_045,20260414182620_0202,20260414182620,上級卓,1,NoName,74,1s,risekichu_hokan_tsumogiri,1776159433,0.0,,0,,"[0,10,11,16,17,20,43,46,90,5,15,48,52]",,,,12334r556m 234r5p 5s,,,,,,,,,,,,,,
20260414182620_0202_046,20260414182620_0202,20260414182620,上級卓,2,itsulove,26,7m,tedashi,1776159445,3681.046,8755.334,0,,"[0,10,11,16,17,20,43,46,90,5,15,48,52]",,,,12334r556m 234r5p 5s,,,,,,,,,,,,,,
20260414182620_0202_047,20260414182620_0202,20260414182620,上級卓,3,monohon,37,1p,tedashi,1776159448,2886.879,,1,1152.808,"[0,10,11,16,17,20,43,46,90,5,15,48,52]",,,,12334r556m 234r5p 5s,,,,,,,,,,,,,,
20260414182620_0202_048,20260414182620_0202,20260414182620,上級卓,0,パシフィック,125,5z,tsumogiri,1776159452,2837.912,,0,,"[0,10,11,16,17,20,43,46,90,5,15,48,52,125]",,,,12334r556m 234r5p 5s 5z,,,,1,1,4,,0,,,,,,
20260414182620_0202_049,20260414182620_0202,20260414182620,上級卓,1,NoName,18,5m,risekichu_hokan_tsumogiri,1776159452,0.0,,1,1251.615,"[0,10,11,16,17,20,43,46,90,5,15,48,52]",,,,12334r556m 234r5p 5s,,,,,,,,,,,,,,
20260414182620_0202_050,20260414182620_0202,20260414182620,上級卓,2,itsulove,67,8p,risekichu_hokan_tsumogiri,1776159454,1188.799,,0,,"[0,10,11,16,17,20,43,46,90,5,15,48,52]",,,,12334r556m 234r5p 5s,,,,,,,,,,,,,,
20260414182620_0202_051,20260414182620_0202,20260414182620,上級卓,3,monohon,36,1p,tedashi,1776159456,1998.41,,6,198.14,"[0,10,11,16,17,20,43,46,90,5,15,48,52]",,,,12334r556m 234r5p 5s,,,,,,,,,,,,,,
20260414182620_0202_052,20260414182620_0202,20260414182620,上級卓,0,パシフィック,43,2p,tedashi,1776159459,2852.161,,0,,"[0,10,11,16,17,20,43,46,90,5,15,48,52,94]",,,,12334r556m 234r5p 56s,,,,1,1,4,,0,,,,,,
20260414182620_0202_053,20260414182620_0202,20260414182620,上級卓,1,NoName,53,5p,risekichu_hokan_tsumogiri,1776159459,0.0,,0,,"[0,10,11,16,17,20,46,90,5,15,48,52,94]",,,,12334r556m 34r5p 56s,,,,,,,,,,,,,,
20260414182620_0202_054,20260414182620_0202,20260414182620,上級卓,2,itsulove,110,1z,risekichu_hokan_tsumogiri,1776159461,1933.105,,0,,"[0,10,11,16,17,20,46,90,5,15,48,52,94]",,,,12334r556m 34r5p 56s,,,,,,,,,,,,,,
20260414182620_0202_055,20260414182620_0202,20260414182620,上級卓,3,monohon,105,9s,tedashi,1776159468,6549.79,,0,,"[0,10,11,16,17,20,46,90,5,15,48,52,94]",,,,12334r556m 34r5p 56s,,,,,,,,,,,,,,
20260414182620_0202_056,20260414182620_0202,20260414182620,上級卓,0,パシフィック,112,2z,tsumogiri,1776159470,2443.394,,0,,"[0,10,11,16,17,20,46,90,5,15,48,52,94,112]",,,,12334r556m 34r5p 56s 2z,,,,1,1,4,,0,,,,,,
20260414182620_0202_057,20260414182620_0202,20260414182620,上級卓,1,NoName,97,7s,risekichu_hokan_tsumogiri,1776159470,0.0,,0,,"[0,10,11,16,17,20,46,90,5,15,48,52,94]",,,,12334r556m 34r5p 56s,,,,,,,,,,,,,,
20260414182620_0202_058,20260414182620_0202,20260414182620,上級卓,2,itsulove,80,3s,risekichu_hokan_tsumogiri,1776159472,2053.99,,1,1959.903,"[0,10,11,16,17,20,46,90,5,15,48,52,94]",,,,12334r556m 34r5p 56s,,,,,,,,,,,,,,
20260414182620_0202_059,20260414182620_0202,20260414182620,上級卓,3,monohon,114,2z,risekichu_hokan_tsumogiri,1776159477,2381.068,,0,,"[0,10,11,16,17,20,46,90,5,15,48,52,94]",,,,12334r556m 34r5p 56s,,,,,,,,,,,,,,
20260414182620_0202_060,20260414182620_0202,20260414182620,上級卓,0,パシフィック,124,5z,tsumogiri,1776159479,2336.531,,0,,"[0,10,11,16,17,20,46,90,5,15,48,52,94,124]",,,,12334r556m 34r5p 56s 5z,,,,1,1,4,,0,,,,,,
20260414182620_0202_061,20260414182620_0202,20260414182620,上級卓,1,NoName,89,5s,risekichu_hokan_tsumogiri,1776159479,0.0,,0,,"[0,10,11,16,17,20,46,90,5,15,48,52,94]",,,,12334r556m 34r5p 56s,,,,,,,,,,,,,,
20260414182620_0202_062,20260414182620_0202,20260414182620,上級卓,2,itsulove,30,8m,risekichu_hokan_tsumogiri,1776159481,1988.192,,1,2178.911,"[0,10,11,16,17,20,46,90,5,15,48,52,94]",,,,12334r556m 34r5p 56s,,,,,,,,,,,,,,
20260414182620_0202_063,20260414182620_0202,20260414182620,上級卓,3,monohon,31,8m,tedashi,1776159485,1614.801,,0,,"[0,10,11,16,17,20,46,90,5,15,48,52,94]",,,,12334r556m 34r5p 56s,,,,,,,,,,,,,,
20260414182620_0202_064,20260414182620_0202,20260414182620,上級卓,0,パシフィック,94,6s,tedashi,1776159490,2409.531,2560.027,0,,"[0,10,11,16,17,20,46,90,5,15,48,52,94,25]",,,,12334r5567m 34r5p 56s,,,,0,0,4,5s,0,,,,,,
20260414182620_0202_065,20260414182620_0202,20260414182620,上級卓,1,NoName,68,9p,risekichu_hokan_tsumogiri,1776159490,0.0,,0,,"[0,10,11,16,17,20,46,90,5,15,48,52,25]",,,,12334r5567m 34r5p 5s,,,,,,,,,,,,,,
20260414182620_0202_066,20260414182620_0202,20260414182620,上級卓,2,itsulove,103,8s,risekichu_hokan_tsumogiri,1776159492,1923.531,,1,2099.212,"[0,10,11,16,17,20,46,90,5,15,48,52,25]",,,,12334r5567m 34r5p 5s,,,,,,,,,,,,,,
20260414182620_0202_067,20260414182620_0202,20260414182620,上級卓,3,monohon,108,1z,tedashi,1776159497,3305.808,,0,,"[0,10,11,16,17,20,46,90,5,15,48,52,25]",,,,12334r5567m 34r5p 5s,,,,,,,,,,,,,,
20260414182620_0202_068,20260414182620_0202,20260414182620,上級卓,0,パシフィック,19,5m,tsumogiri,1776159498,688.526,,0,,"[0,10,11,16,17,20,46,90,5,15,48,52,25,19]",,,,12334r55567m 34r5p 5s,,,,0,0,4,5s,0,,,,,,
20260414182620_0202_069,20260414182620_0202,20260414182620,上級卓,1,NoName,58,6p,risekichu_hokan_tsumogiri,1776159498,0.0,,0,,"[0,10,11,16,17,20,46,90,5,15,48,52,25]",,,,12334r5567m 34r5p 5s,,,,,,,,,,,,,,
20260414182620_0203_000,20260414182620_0203,20260414182620,上級卓,0,パシフィック,127,5z,tedashi,1776159511,,,0,,"[49,36,1,23,68,56,6,39,103,44,100,84,127,14]",,,,1246m 113469p 488s 5z,,,,3,3,4,,0,,,,,,
20260414182620_0203_001,20260414182620_0203,20260414182620,上級卓,1,NoName,82,3s,risekichu_hokan_tsumogiri,1776159511,0.0,,1,3391.011,"[49,36,1,23,68,56,6,39,103,44,100,84,14]",,,,1246m 113469p 488s,,,,,,,,,,,,,,
20260414182620_0203_002,20260414182620_0203,20260414182620,上級卓,2,itsulove,114,2z,tedashi,1776159517,2639.173,,0,,"[49,36,1,23,68,56,6,39,103,44,100,84,14]",,,,1246m 113469p 488s,,,,,,,,,,,,,,
20260414182620_0203_003,20260414182620_0203,20260414182620,上級卓,3,monohon,74,1s,risekichu_hokan_tsumogiri,1776159520,2898.554,,0,,"[49,36,1,23,68,56,6,39,103,44,100,84,14]",,,,1246m 113469p 488s,,,,,,,,,,,,,,
20260414182620_0203_004,20260414182620_0203,20260414182620,上級卓,0,パシフィック,1,1m,tedashi,1776159522,2400.51,,0,,"[49,36,1,23,68,56,6,39,103,44,100,84,14,53]",,,,1246m 1134569p 488s,,,,2,2,4,,0,,,,,,
20260414182620_0203_005,20260414182620_0203,20260414182620,上級卓,1,NoName,108,1z,risekichu_hokan_tsumogiri,1776159522,0.0,,2,4488.947,"[49,36,23,68,56,6,39,103,44,100,84,14,53]",,,,246m 1134569p 488s,,,,,,,,,,,,,,
20260414182620_0203_006,20260414182620_0203,20260414182620,上級卓,3,monohon,119,3z,tedashi,1776159528,1332.326,,0,,"[49,36,23,68,56,6,39,103,44,100,84,14,53]",,,,246m 1134569p 488s,,,,,,,,,,,,,,
20260414182620_0203_007,20260414182620_0203,20260414182620,上級卓,0,パシフィック,36,1p,tedashi,1776159532,4085.111,,0,,"[49,36,23,68,56,6,39,103,44,100,84,14,53,98]",,,,246m 1134569p 4788s,,,,3,3,4,,0,,,,,,
20260414182620_0203_008,20260414182620_0203,20260414182620,上級卓,1,NoName,22,6m,risekichu_hokan_tsumogiri,1776159532,0.0,,2,6288.121,"[49,23,68,56,6,39,103,44,100,84,14,53,98]",,,,246m 134569p 4788s,,,,,,,,,,,,,,
20260414182620_0203_009,20260414182620_0203,20260414182620,上級卓,2,itsulove,125,5z,tedashi,1776159539,982.24,,0,,"[49,23,68,56,6,39,103,44,100,84,14,53,98]",,,,246m 134569p 4788s,,,,,,,,,,,,,,
20260414182620_0203_010,20260414182620_0203,20260414182620,上級卓,3,monohon,5,2m,tedashi,1776159542,2933.588,,0,,"[49,23,68,56,6,39,103,44,100,84,14,53,98]",,,,246m 134569p 4788s,,,,,,,,,,,,,,
20260414182620_0203_011,20260414182620_0203,20260414182620,上級卓,0,パシフィック,98,7s,tedashi,1776159545,3131.785,,1,2606.099,"[49,23,68,56,6,39,103,44,100,84,14,53,98,40]",,,,246m 1234569p 4788s,,,,2,2,5,,0,,,,,,
20260414182620_0203_012,20260414182620_0203,20260414182620,上級卓,1,NoName,45,3p,risekichu_hokan_tsumogiri,1776159548,0.0,,0,,"[49,23,68,56,6,39,103,44,100,84,14,53,40]",,,,246m 1234569p 488s,,,,,,,,,,,,,,
20260414182620_0203_013,20260414182620_0203,20260414182620,上級卓,2,itsulove,123,4z,risekichu_hokan_tsumogiri,1776159551,3062.647,,0,,"[49,23,68,56,6,39,103,44,100,84,14,53,40]",,,,246m 1234569p 488s,,,,,,,,,,,,,,
20260414182620_0203_014,20260414182620_0203,20260414182620,上級卓,3,monohon,129,6z,risekichu_hokan_tsumogiri,1776159554,2847.585,,0,,"[49,23,68,56,6,39,103,44,100,84,14,53,40]",,,,246m 1234569p 488s,,,,,,,,,,,,,,
20260414182620_0203_015,20260414182620_0203,20260414182620,上級卓,0,パシフィック,33,9m,tsumogiri,1776159556,2568.859,,0,,"[49,23,68,56,6,39,103,44,100,84,14,53,40,33]",,,,2469m 1234569p 488s,,,,2,2,5,,0,,,,,,
20260414182620_0203_016,20260414182620_0203,20260414182620,上級卓,1,NoName,61,7p,risekichu_hokan_tsumogiri,1776159556,0.0,,0,,"[49,23,68,56,6,39,103,44,100,84,14,53,40]",,,,246m 1234569p 488s,,,,,,,,,,,,,,
20260414182620_0203_017,20260414182620_0203,20260414182620,上級卓,2,itsulove,75,1s,tedashi,1776159563,6100.153,,0,,"[49,23,68,56,6,39,103,44,100,84,14,53,40]",,,,246m 1234569p 488s,,,,,,,,,,,,,,
20260414182620_0203_018,20260414182620_0203,20260414182620,上級卓,3,monohon,135,7z,tedashi,1776159566,3084.071,,0,,"[49,23,68,56,6,39,103,44,100,84,14,53,40]",,,,246m 1234569p 488s,,,,,,,,,,,,,,
20260414182620_0203_019,20260414182620_0203,20260414182620,上級卓,0,パシフィック,107,9s,tsumogiri,1776159568,2566.254,,0,,"[49,23,68,56,6,39,103,44,100,84,14,53,40,107]",,,,246m 1234569p 4889s,,,,2,2,5,,0,,,,,,
20260414182620_0203_020,20260414182620_0203,20260414182620,上級卓,1,NoName,79,2s,risekichu_hokan_tsumogiri,1776159568,0.0,,0,,"[49,23,68,56,6,39,103,44,100,84,14,53,40]",,,,246m 1234569p 488s,,,,,,,,,,,,,,
20260414182620_0203_021,20260414182620_0203,20260414182620,上級卓,2,itsulove,38,1p,tedashi,1776159573,4266.81,,0,,"[49,23,68,56,6,39,103,44,100,84,14,53,40]",,,,246m 1234569p 488s,,,,,,,,,,,,,,
20260414182620_0203_022,20260414182620_0203,20260414182620,上級卓,3,monohon,60,7p,tedashi,1776159579,6768.368,,6,205.331,"[49,23,68,56,6,39,103,44,100,84,14,53,40]",,,,246m 1234569p 488s,,,,,,,,,,,,,,
20260414182620_0203_023,20260414182620_0203,20260414182620,上級卓,0,パシフィック,35,9m,tsumogiri,1776159582,2838.598,,0,,"[49,23,68,56,6,39,103,44,100,84,14,53,40,35]",,,,2469m 1234569p 488s,,,,2,2,5,,0,,,,,,
20260414182620_0203_024,20260414182620_0203,20260414182620,上級卓,1,NoName,91,5s,risekichu_hokan_tsumogiri,1776159582,0.0,,0,,"[49,23,68,56,6,39,103,44,100,84,14,53,40]",,,,246m 1234569p 488s,,,,,,,,,,,,,,
20260414182620_0203_025,20260414182620_0203,20260414182620,上級卓,2,itsulove,63,7p,tedashi,1776159595,12794.644,,0,,"[49,23,68,56,6,39,103,44,100,84,14,53,40]",,,,246m 1234569p 488s,,,,,,,,,,,,,,
20260414182620_0203_026,20260414182620_0203,20260414182620,上級卓,3,monohon,59,6p,risekichu_hokan_tsumogiri,1776159598,3043.075,,6,204.042,"[49,23,68,56,6,39,103,44,100,84,14,53,40]",,,,246m 1234569p 488s,,,,,,,,,,,,,,
20260414182620_0203_027,20260414182620_0203,20260414182620,上級卓,0,パシフィック,68,9p,tedashi,1776159601,3047.402,,0,,"[49,23,68,56,6,39,103,44,100,84,14,53,40,52]",,,,246m 1234r5569p 488s,,,,2,2,4,,0,,,,,,
20260414182620_0203_028,20260414182620_0203,20260414182620,上級卓,1,NoName,83,3s,risekichu_hokan_tsumogiri,1776159601,0.0,,2,2867.91,"[49,23,56,6,39,103,44,100,84,14,53,40,52]",,,,246m 1234r556p 488s,,,,,,,,,,,,,,
20260414182620_0203_029,20260414182620_0203,20260414182620,上級卓,2,itsulove,116,3z,tedashi,1776159606,1906.359,,0,,"[49,23,56,6,39,103,44,100,84,14,53,40,52]",,,,246m 1234r556p 488s,,,,,,,,,,,,,,
20260414182620_0203_030,20260414182620_0203,20260414182620,上級卓,3,monohon,2,1m,risekichu_hokan_tsumogiri,1776159608,1837.357,,0,,"[49,23,56,6,39,103,44,100,84,14,53,40,52]",,,,246m 1234r556p 488s,,,,,,,,,,,,,,
20260414182620_0203_031,20260414182620_0203,20260414182620,上級卓,0,パシフィック,84,4s,tedashi,1776159611,2530.879,,0,,"[49,23,56,6,39,103,44,100,84,14,53,40,52,101]",,,,246m 1234r556p 4888s,,,,1,1,4,,0,,,,,,
20260414182620_0203_032,20260414182620_0203,20260414182620,上級卓,1,NoName,66,8p,risekichu_hokan_tsumogiri,1776159611,0.0,,0,,"[49,23,56,6,39,103,44,100,14,53,40,52,101]",,,,246m 1234r556p 888s,,,,,,,,,,,,,,
20260414182620_0203_033,20260414182620_0203,20260414182620,上級卓,2,itsulove,15,4m,tedashi,1776159615,4235.096,,1,2192.456,"[49,23,56,6,39,103,44,100,14,53,40,52,101]",,,,246m 1234r556p 888s,,,,,,,,,,,,,,
20260414182620_0203_034,20260414182620_0203,20260414182620,上級卓,3,monohon,20,6m,risekichu_hokan_tsumogiri,1776159622,4634.927,,0,,"[49,23,56,6,39,103,44,100,14,53,40,52,101]",,,,246m 1234r556p 888s,,,,,,,,,,,,,,
20260414182620_0203_035,20260414182620_0203,20260414182620,上級卓,0,パシフィック,39,1p,tedashi,1776159624,2601.679,,0,,"[49,23,56,6,39,103,44,100,14,53,40,52,101,41]",,,,246m 12234r556p 888s,,,,1,1,3,,0,,,,,,
20260414182620_0203_036,20260414182620_0203,20260414182620,上級卓,1,NoName,32,9m,risekichu_hokan_tsumogiri,1776159624,0.0,,0,,"[49,23,56,6,103,44,100,14,53,40,52,101,41]",,,,246m 2234r556p 888s,,,,,,,,,,,,,,
20260414182620_0203_037,20260414182620_0203,20260414182620,上級卓,2,itsulove,37,1p,risekichu_hokan_tsumogiri,1776159628,4226.356,,0,,"[49,23,56,6,103,44,100,14,53,40,52,101,41]",,,,246m 2234r556p 888s,,,,,,,,,,,,,,
20260414182620_0203_038,20260414182620_0203,20260414182620,上級卓,3,monohon,80,3s,risekichu_hokan_tsumogiri,1776159631,2520.085,,0,,"[49,23,56,6,103,44,100,14,53,40,52,101,41]",,,,246m 2234r556p 888s,,,,,,,,,,,,,,
20260414182620_0203_039,20260414182620_0203,20260414182620,上級卓,0,パシフィック,124,5z,tsumogiri,1776159633,2301.33,,0,,"[49,23,56,6,103,44,100,14,53,40,52,101,41,124]",,,,246m 2234r556p 888s 5z,,,,1,1,3,,0,,,,,,
20260414182620_0203_040,20260414182620_0203,20260414182620,上級卓,1,NoName,121,4z,risekichu_hokan_tsumogiri,1776159633,0.0,,0,,"[49,23,56,6,103,44,100,14,53,40,52,101,41]",,,,246m 2234r556p 888s,,,,,,,,,,,,,,
20260414182620_0203_041,20260414182620_0203,20260414182620,上級卓,2,itsulove,27,7m,tedashi,1776159637,3482.215,,0,,"[49,23,56,6,103,44,100,14,53,40,52,101,41]",,,,246m 2234r556p 888s,,,,,,,,,,,,,,
20260414182620_0300_002,20260414182620_0300,20260414182620,上級卓,3,monohon,121,4z,tedashi,1776159659,1852.74,,1,1666.025,"[22,29,35,42,46,52,67,74,89,104,105,128,133]",,,,689m 23r58p 1599s 67z,,,,,,,,,,,,,,
20260414182620_0300_003,20260414182620_0300,20260414182620,上級卓,0,パシフィック,133,7z,tedashi,1776159665,4371.869,,0,,"[22,29,35,42,46,52,67,74,89,104,105,128,133,73]",,,,689m 23r58p 11599s 67z,,,,4,4,4,,0,,,,,,
20260414182620_0300_004,20260414182620_0300,20260414182620,上級卓,1,NoName,24,7m,risekichu_hokan_tsumogiri,1776159665,0.0,,0,,"[22,29,35,42,46,52,67,74,89,104,105,128,73]",,,,689m 23r58p 11599s 6z,,,,,,,,,,,,,,
20260414182620_0300_005,20260414182620_0300,20260414182620,上級卓,2,itsulove,115,2z,tedashi,1776159668,3709.453,,0,,"[22,29,35,42,46,52,67,74,89,104,105,128,73]",,,,689m 23r58p 11599s 6z,,,,,,,,,,,,,,
20260414182620_0300_006,20260414182620_0300,20260414182620,上級卓,3,monohon,112,2z,tedashi,1776159672,3604.006,,0,,"[22,29,35,42,46,52,67,74,89,104,105,128,73]",,,,689m 23r58p 11599s 6z,,,,,,,,,,,,,,
20260414182620_0300_007,20260414182620_0300,20260414182620,上級卓,0,パシフィック,128,6z,tedashi,1776159676,3535.877,,0,,"[22,29,35,42,46,52,67,74,89,104,105,128,73,59]",,,,689m 23r568p 11599s 6z,,,,3,3,4,,0,,,,,,
20260414182620_0300_008,20260414182620_0300,20260414182620,上級卓,1,NoName,119,3z,risekichu_hokan_tsumogiri,1776159676,0.0,,0,,"[22,29,35,42,46,52,67,74,89,104,105,73,59]",,,,689m 23r568p 11599s,,,,,,,,,,,,,,
20260414182620_0300_009,20260414182620_0300,20260414182620,上級卓,2,itsulove,120,4z,tedashi,1776159686,10866.595,,0,,"[22,29,35,42,46,52,67,74,89,104,105,73,59]",,,,689m 23r568p 11599s,,,,,,,,,,,,,,
20260414182620_0300_010,20260414182620_0300,20260414182620,上級卓,3,monohon,80,3s,tedashi,1776159691,4205.666,,0,,"[22,29,35,42,46,52,67,74,89,104,105,73,59]",,,,689m 23r568p 11599s,,,,,,,,,,,,,,
20260414182620_0300_011,20260414182620_0300,20260414182620,上級卓,0,パシフィック,0,1m,tsumogiri,1776159694,3666.957,,0,,"[22,29,35,42,46,52,67,74,89,104,105,73,59,0]",,,,1689m 23r568p 11599s,,,,3,3,4,,0,,,,,,
20260414182620_0300_012,20260414182620_0300,20260414182620,上級卓,1,NoName,30,8m,risekichu_hokan_tsumogiri,1776159694,0.0,,0,,"[22,29,35,42,46,52,67,74,89,104,105,73,59]",,,,689m 23r568p 11599s,,,,,,,,,,,,,,
20260414182620_0300_013,20260414182620_0300,20260414182620,上級卓,2,itsulove,122,4z,tedashi,1776159697,2990.179,,1,1689.146,"[22,29,35,42,46,52,67,74,89,104,105,73,59]",,,,689m 23r568p 11599s,,,,,,,,,,,,,,
20260414182620_0300_014,20260414182620_0300,20260414182620,上級卓,3,monohon,100,8s,tedashi,1776159702,2537.151,,0,,"[22,29,35,42,46,52,67,74,89,104,105,73,59]",,,,689m 23r568p 11599s,,,,,,,,,,,,,,
20260414182620_0300_015,20260414182620_0300,20260414182620,上級卓,0,パシフィック,35,9m,tedashi,1776159705,3752.823,,0,,"[22,29,35,42,46,52,67,74,89,104,105,73,59,4]",,,,2689m 23r568p 11599s,,,,3,3,4,,0,,,,,,
20260414182620_0300_016,20260414182620_0300,20260414182620,上級卓,1,NoName,123,4z,risekichu_hokan_tsumogiri,1776159705,0.0,,0,,"[22,29,42,46,52,67,74,89,104,105,73,59,4]",,,,268m 23r568p 11599s,,,,,,,,,,,,,,
20260414182620_0300_017,20260414182620_0300,20260414182620,上級卓,2,itsulove,70,9p,risekichu_hokan_tsumogiri,1776159713,8102.349,,0,,"[22,29,42,46,52,67,74,89,104,105,73,59,4]",,,,268m 23r568p 11599s,,,,,,,,,,,,,,
20260414182620_0300_018,20260414182620_0300,20260414182620,上級卓,3,monohon,116,3z,tedashi,1776159717,3938.098,,0,,"[22,29,42,46,52,67,74,89,104,105,73,59,4]",,,,268m 23r568p 11599s,,,,,,,,,,,,,,
20260414182620_0300_019,20260414182620_0300,20260414182620,上級卓,0,パシフィック,29,8m,tedashi,1776159721,4041.41,,0,,"[22,29,42,46,52,67,74,89,104,105,73,59,4,16]",,,,2r568m 23r568p 11599s,,,,3,3,4,,0,,,,,,
20260414182620_0300_020,20260414182620_0300,20260414182620,上級卓,1,NoName,79,2s,risekichu_hokan_tsumogiri,1776159721,0.0,,0,,"[22,42,46,52,67,74,89,104,105,73,59,4,16]",,,,2r56m 23r568p 11599s,,,,,,,,,,,,,,
20260414182620_0300_021,20260414182620_0300,20260414182620,上級卓,2,itsulove,103,8s,risekichu_hokan_tsumogiri,1776159725,3389.509,,0,,"[22,42,46,52,67,74,89,104,105,73,59,4,16]",,,,2r56m 23r568p 11599s,,,,,,,,,,,,,,
20260414182620_0300_022,20260414182620_0300,20260414182620,上級卓,3,monohon,77,2s,risekichu_hokan_tsumogiri,1776159727,2449.795,,0,,"[22,42,46,52,67,74,89,104,105,73,59,4,16]",,,,2r56m 23r568p 11599s,,,,,,,,,,,,,,
20260414182620_0300_023,20260414182620_0300,20260414182620,上級卓,0,パシフィック,67,8p,tedashi,1776159732,4855.849,,0,,"[22,42,46,52,67,74,89,104,105,73,59,4,16,84]",,,,2r56m 23r568p 114599s,,,,3,3,4,,0,,,,,,
20260414182620_0300_024,20260414182620_0300,20260414182620,上級卓,1,NoName,72,1s,risekichu_hokan_tsumogiri,1776159732,0.0,,1,1343.087,"[22,42,46,52,74,89,104,105,73,59,4,16,84]",,,,2r56m 23r56p 114599s,,,,,,,,,,,,,,
20260414182620_0300_025,20260414182620_0300,20260414182620,上級卓,2,itsulove,68,9p,risekichu_hokan_tsumogiri,1776159736,2263.21,,0,,"[22,42,46,52,74,89,104,105,73,59,4,16,84]",,,,2r56m 23r56p 114599s,,,,,,,,,,,,,,
20260414182620_0300_026,20260414182620_0300,20260414182620,上級卓,3,monohon,66,8p,tedashi,1776159739,3007.501,,0,,"[22,42,46,52,74,89,104,105,73,59,4,16,84]",,,,2r56m 23r56p 114599s,,,,,,,,,,,,,,
20260414182620_0300_027,20260414182620_0300,20260414182620,上級卓,0,パシフィック,129,6z,tsumogiri,1776159743,4108.67,,0,,"[22,42,46,52,74,89,104,105,73,59,4,16,84,129]",,,,2r56m 23r56p 114599s 6z,,,,3,3,4,,0,,,,,,
20260414182620_0300_028,20260414182620_0300,20260414182620,上級卓,1,NoName,82,3s,risekichu_hokan_tsumogiri,1776159743,0.0,,1,3773.531,"[22,42,46,52,74,89,104,105,73,59,4,16,84]",,,,2r56m 23r56p 114599s,,,,,,,,,,,,,,
20260414182620_0300_029,20260414182620_0300,20260414182620,上級卓,2,itsulove,78,2s,tedashi,1776159750,3798.708,,0,,"[22,42,46,52,74,89,104,105,73,59,4,16,84]",,,,2r56m 23r56p 114599s,,,,,,,,,,,,,,
20260414182620_0300_030,20260414182620_0300,20260414182620,上級卓,3,monohon,125,5z,risekichu_hokan_tsumogiri,1776159752,2119.935,,0,,"[22,42,46,52,74,89,104,105,73,59,4,16,84]",,,,2r56m 23r56p 114599s,,,,,,,,,,,,,,
20260414182620_0300_031,20260414182620_0300,20260414182620,上級卓,0,パシフィック,127,5z,tsumogiri,1776159757,4149.454,,0,,"[22,42,46,52,74,89,104,105,73,59,4,16,84,127]",,,,2r56m 23r56p 114599s 5z,,,,3,3,4,,0,,,,,,
20260414182620_0300_032,20260414182620_0300,20260414182620,上級卓,1,NoName,18,5m,risekichu_hokan_tsumogiri,1776159757,0.0,,0,,"[22,42,46,52,74,89,104,105,73,59,4,16,84]",,,,2r56m 23r56p 114599s,,,,,,,,,,,,,,
20260414182620_0300_033,20260414182620_0300,20260414182620,上級卓,2,itsulove,75,1s,tedashi,1776159760,3828.519,,6,207.117,"[22,42,46,52,74,89,104,105,73,59,4,16,84]",,,,2r56m 23r56p 114599s,,,,,,,,,,,,,,
20260414182620_0300_034,20260414182620_0300,20260414182620,上級卓,3,monohon,31,8m,tedashi,1776159768,7832.402,,0,,"[22,42,46,52,74,89,104,105,73,59,4,16,84]",,,,2r56m 23r56p 114599s,,,,,,,,,,,,,,
20260414182620_0300_035,20260414182620_0300,20260414182620,上級卓,0,パシフィック,114,2z,tsumogiri,1776159772,3938.253,,0,,"[22,42,46,52,74,89,104,105,73,59,4,16,84,114]",,,,2r56m 23r56p 114599s 2z,,,,3,3,4,,0,,,,,,
20260414182620_0300_036,20260414182620_0300,20260414182620,上級卓,1,NoName,134,7z,risekichu_hokan_tsumogiri,1776159772,0.0,,0,,"[22,42,46,52,74,89,104,105,73,59,4,16,84]",,,,2r56m 23r56p 114599s,,,,,,,,,,,,,,
20260414182620_0300_037,20260414182620_0300,20260414182620,上級卓,2,itsulove,65,8p,tedashi,1776159778,5831.67,,0,,"[22,42,46,52,74,89,104,105,73,59,4,16,84]",,,,2r56m 23r56p 114599s,,,,,,,,,,,,,,
20260414182620_0300_038,20260414182620_0300,20260414182620,上級卓,3,monohon,135,7z,risekichu_hokan_tsumogiri,1776159781,2278.531,,0,,"[22,42,46,52,74,89,104,105,73,59,4,16,84]",,,,2r56m 23r56p 114599s,,,,,,,,,,,,,,
20260414182620_0300_039,20260414182620_0300,20260414182620,上級卓,0,パシフィック,109,1z,tsumogiri,1776159785,4126.998,,0,,"[22,42,46,52,74,89,104,105,73,59,4,16,84,109]",,,,2r56m 23r56p 114599s 1z,,,,3,3,4,,0,,,,,,
20260414182620_0300_040,20260414182620_0300,20260414182620,上級卓,1,NoName,81,3s,risekichu_hokan_tsumogiri,1776159785,0.0,,0,,"[22,42,46,52,74,89,104,105,73,59,4,16,84]",,,,2r56m 23r56p 114599s,,,,,,,,,,,,,,
20260414182620_0300_041,20260414182620_0300,20260414182620,上級卓,2,itsulove,51,4p,tedashi,1776159791,6425.183,,1,2825.694,"[22,42,46,52,74,89,104,105,73,59,4,16,84]",,,,2r56m 23r56p 114599s,,,,,,,,,,,,,,
20260414182620_0300_042,20260414182620_0300,20260414182620,上級卓,3,monohon,126,5z,risekichu_hokan_tsumogiri,1776159795,1384.224,,0,,"[22,42,46,52,74,89,104,105,73,59,4,16,84]",,,,2r56m 23r56p 114599s,,,,,,,,,,,,,,
20260414182620_0300_043,20260414182620_0300,20260414182620,上級卓,0,パシフィック,32,9m,tsumogiri,1776159799,3940.471,,1,2794.614,"[22,42,46,52,74,89,104,105,73,59,4,16,84,32]",,,,2r569m 23r56p 114599s,,,,3,3,4,,0,,,,,,
20260414182620_0300_044,20260414182620_0300,20260414182620,上級卓,1,NoName,63,7p,risekichu_hokan_tsumogiri,1776159802,0.0,,0,,"[22,42,46,52,74,89,104,105,73,59,4,16,84]",,,,2r56m 23r56p 114599s,,,,,,,,,,,,,,
20260414182620_0300_045,20260414182620_0300,20260414182620,上級卓,2,itsulove,101,8s,tedashi,1776159806,3488.226,,0,,"[22,42,46,52,74,89,104,105,73,59,4,16,84]",,,,2r56m 23r56p 114599s,,,,,,,,,,,,,,
20260414182620_0300_046,20260414182620_0300,20260414182620,上級卓,3,monohon,117,3z,risekichu_hokan_tsumogiri,1776159808,2658.028,,0,,"[22,42,46,52,74,89,104,105,73,59,4,16,84]",,,,2r56m 23r56p 114599s,,,,,,,,,,,,,,
20260414182620_0300_047,20260414182620_0300,20260414182620,上級卓,0,パシフィック,4,2m,tedashi,1776159811,2429.033,,1,665.023,"[22,42,46,52,74,89,104,105,73,59,4,16,84,106]",,,,2r56m 23r56p 1145999s,,,,2,2,4,,0,,,,,,
20260414182620_0300_048,20260414182620_0300,20260414182620,上級卓,1,NoName,8,3m,risekichu_hokan_tsumogiri,1776159811,0.0,,1,1162.485,"[22,42,46,52,74,89,104,105,73,59,16,84,106]",,,,r56m 23r56p 1145999s,,,,,,,,,,,,,,
20260414182620_0300_049,20260414182620_0300,20260414182620,上級卓,2,itsulove,93,6s,tedashi,1776159816,1416.246,1981.782,0,,"[22,42,46,52,74,89,104,105,73,59,16,84,106]",,,,r56m 23r56p 1145999s,,,,,,,,,,,,,,
20260414182620_0300_050,20260414182620_0300,20260414182620,上級卓,3,monohon,102,8s,risekichu_hokan_tsumogiri,1776159818,2278.232,,0,,"[22,42,46,52,74,89,104,105,73,59,16,84,106]",,,,r56m 23r56p 1145999s,,,,,,,,,,,,,,
20260414182620_0300_051,20260414182620_0300,20260414182620,上級卓,0,パシフィック,111,1z,tsumogiri,1776159821,2426.4,,0,,"[22,42,46,52,74,89,104,105,73,59,16,84,106,111]",,,,r56m 23r56p 1145999s 1z,,,,2,2,4,,0,,,,,,
20260414182620_0300_052,20260414182620_0300,20260414182620,上級卓,1,NoName,54,5p,risekichu_hokan_tsumogiri,1776159821,0.0,,0,,"[22,42,46,52,74,89,104,105,73,59,16,84,106]",,,,r56m 23r56p 1145999s,,,,,,,,,,,,,,
20260414182620_0300_053,20260414182620_0300,20260414182620,上級卓,2,itsulove,113,2z,risekichu_hokan_tsumogiri,1776159823,2308.279,,0,,"[22,42,46,52,74,89,104,105,73,59,16,84,106]",,,,r56m 23r56p 1145999s,,,,,,,,,,,,,,
20260414182620_0300_054,20260414182620_0300,20260414182620,上級卓,3,monohon,62,7p,risekichu_hokan_tsumogiri,1776159826,3417.441,,6,209.106,"[22,42,46,52,74,89,104,105,73,59,16,84,106]",,,,r56m 23r56p 1145999s,,,,,,,,,,,,,,
20260414182620_0300_055,20260414182620_0300,20260414182620,上級卓,0,パシフィック,99,7s,tsumogiri,1776159829,2645.946,,0,,"[22,42,46,52,74,89,104,105,73,59,16,84,106,99]",,,,r56m 23r56p 11457999s,,,,2,2,4,,0,,,,,,
20260414182620_0300_056,20260414182620_0300,20260414182620,上級卓,1,NoName,130,6z,risekichu_hokan_tsumogiri,1776159829,0.0,,0,,"[22,42,46,52,74,89,104,105,73,59,16,84,106]",,,,r56m 23r56p 1145999s,,,,,,,,,,,,,,
20260414182620_0300_057,20260414182620_0300,20260414182620,上級卓,2,itsulove,131,6z,risekichu_hokan_tsumogiri,1776159831,2021.276,,0,,"[22,42,46,52,74,89,104,105,73,59,16,84,106]",,,,r56m 23r56p 1145999s,,,,,,,,,,,,,,
20260414182620_0300_058,20260414182620_0300,20260414182620,上級卓,3,monohon,48,4p,tedashi,1776159838,6547.825,,6,220.809,"[22,42,46,52,74,89,104,105,73,59,16,84,106]",,,,r56m 23r56p 1145999s,,,,,,,,,,,,,,
20260414182620_0300_059,20260414182620_0300,20260414182620,上級卓,0,パシフィック,84,4s,tedashi,1776159840,2416.761,,0,,"[22,42,46,52,74,89,104,105,73,59,16,84,106,13]",,,,4r56m 23r56p 1145999s,,,,1,1,4,,0,,,,,,
20260414182620_0300_060,20260414182620_0300,20260414182620,上級卓,1,NoName,91,5s,risekichu_hokan_tsumogiri,1776159840,0.0,,0,,"[22,42,46,52,74,89,104,105,73,59,16,106,13]",,,,4r56m 23r56p 115999s,,,,,,,,,,,,,,
20260414182620_0300_061,20260414182620_0300,20260414182620,上級卓,2,itsulove,71,9p,risekichu_hokan_tsumogiri,1776159843,2364.762,,0,,"[22,42,46,52,74,89,104,105,73,59,16,106,13]",,,,4r56m 23r56p 115999s,,,,,,,,,,,,,,
20260414182620_0300_062,20260414182620_0300,20260414182620,上級卓,3,monohon,49,4p,tedashi,1776159846,3413.942,,6,213.774,"[22,42,46,52,74,89,104,105,73,59,16,106,13]",,,,4r56m 23r56p 115999s,,,,,,,,,,,,,,
20260414182620_0300_063,20260414182620_0300,20260414182620,上級卓,0,パシフィック,87,4s,tsumogiri,1776159849,2390.064,,0,,"[22,42,46,52,74,89,104,105,73,59,16,106,13,87]",,,,4r56m 23r56p 1145999s,,,,1,1,4,,0,,,,,,
20260414182620_0300_064,20260414182620_0300,20260414182620,上級卓,1,NoName,10,3m,risekichu_hokan_tsumogiri,1776159849,0.0,,0,,"[22,42,46,52,74,89,104,105,73,59,16,106,13]",,,,4r56m 23r56p 115999s,,,,,,,,,,,,,,
20260414182620_0300_065,20260414182620_0300,20260414182620,上級卓,2,itsulove,28,8m,risekichu_hokan_tsumogiri,1776159851,1889.039,,1,2312.89,"[22,42,46,52,74,89,104,105,73,59,16,106,13]",,,,4r56m 23r56p 115999s,,,,,,,,,,,,,,
20260414182620_0300_066,20260414182620_0300,20260414182620,上級卓,3,monohon,69,9p,risekichu_hokan_tsumogiri,1776159856,3218.35,,0,,"[22,42,46,52,74,89,104,105,73,59,16,106,13]",,,,4r56m 23r56p 115999s,,,,,,,,,,,,,,
20260414182620_0300_067,20260414182620_0300,20260414182620,上級卓,0,パシフィック,5,2m,tsumogiri,1776159858,2329.669,,0,,"[22,42,46,52,74,89,104,105,73,59,16,106,13,5]",,,,24r56m 23r56p 115999s,,,,1,1,4,,0,,,,,,
20260414182620_0300_068,20260414182620_0300,20260414182620,上級卓,1,NoName,12,4m,risekichu_hokan_tsumogiri,1776159858,0.0,,0,,"[22,42,46,52,74,89,104,105,73,59,16,106,13]",,,,4r56m 23r56p 115999s,,,,,,,,,,,,,,
20260414182620_0300_069,20260414182620_0300,20260414182620,上級卓,2,itsulove,11,3m,risekichu_hokan_tsumogiri,1776159861,2389.675,,0,,"[22,42,46,52,74,89,104,105,73,59,16,106,13]",,,,4r56m 23r56p 115999s,,,,,,,,,,,,,,
20260414182620_0401_000,20260414182620_0401,20260414182620,上級卓,2,itsulove,117,3z,tedashi,1776159876,,,0,,"[122,34,5,13,97,91,26,125,118,66,7,33,120]",,,,224799m 8p 57s 3445z,,,,,,,,,,,,,,
20260414182620_0401_001,20260414182620_0401,20260414182620,上級卓,3,monohon,72,1s,tedashi,1776159878,2150.95,,0,,"[122,34,5,13,97,91,26,125,118,66,7,33,120]",,,,224799m 8p 57s 3445z,,,,,,,,,,,,,,
20260414182620_0401_002,20260414182620_0401,20260414182620,上級卓,0,パシフィック,118,3z,tedashi,1776159882,4272.747,,0,,"[122,34,5,13,97,91,26,125,118,66,7,33,120,133]",,,,224799m 8p 57s 34457z,,,,3,4,3,,0,,,,,,
20260414182620_0401_003,20260414182620_0401,20260414182620,上級卓,1,NoName,49,4p,risekichu_hokan_tsumogiri,1776159882,0.0,,1,3578.269,"[122,34,5,13,97,91,26,125,66,7,33,120,133]",,,,224799m 8p 57s 4457z,,,,,,,,,,,,,,
20260414182620_0401_004,20260414182620_0401,20260414182620,上級卓,2,itsulove,104,9s,risekichu_hokan_tsumogiri,1776159887,1502.197,,1,3715.614,"[122,34,5,13,97,91,26,125,66,7,33,120,133]",,,,224799m 8p 57s 4457z,,,,,,,,,,,,,,
20260414182620_0401_005,20260414182620_0401,20260414182620,上級卓,3,monohon,127,5z,tedashi,1776159892,1388.152,,0,,"[122,34,5,13,97,91,26,125,66,7,33,120,133]",,,,224799m 8p 57s 4457z,,,,,,,,,,,,,,
20260414182620_0401_006,20260414182620_0401,20260414182620,上級卓,0,パシフィック,125,5z,tedashi,1776159897,4366.628,,0,,"[122,34,5,13,97,91,26,125,66,7,33,120,133,82]",,,,224799m 8p 357s 4457z,,,,3,4,3,,0,,,,,,
20260414182620_0401_007,20260414182620_0401,20260414182620,上級卓,1,NoName,73,1s,risekichu_hokan_tsumogiri,1776159897,0.0,,1,3031.849,"[122,34,5,13,97,91,26,66,7,33,120,133,82]",,,,224799m 8p 357s 447z,,,,,,,,,,,,,,
20260414182620_0401_008,20260414182620_0401,20260414182620,上級卓,2,itsulove,70,9p,risekichu_hokan_tsumogiri,1776159902,2595.473,,0,,"[122,34,5,13,97,91,26,66,7,33,120,133,82]",,,,224799m 8p 357s 447z,,,,,,,,,,,,,,
20260414182620_0401_009,20260414182620_0401,20260414182620,上級卓,3,monohon,112,2z,risekichu_hokan_tsumogiri,1776159905,2245.037,,0,,"[122,34,5,13,97,91,26,66,7,33,120,133,82]",,,,224799m 8p 357s 447z,,,,,,,,,,,,,,
20260414182620_0401_010,20260414182620_0401,20260414182620,上級卓,0,パシフィック,128,6z,tsumogiri,1776159909,4666.876,,0,,"[122,34,5,13,97,91,26,66,7,33,120,133,82,128]",,,,224799m 8p 357s 4467z,,,,3,4,3,,0,,,,,,
20260414182620_0401_011,20260414182620_0401,20260414182620,上級卓,1,NoName,96,7s,risekichu_hokan_tsumogiri,1776159909,0.0,,2,3559.005,"[122,34,5,13,97,91,26,66,7,33,120,133,82]",,,,224799m 8p 357s 447z,,,,,,,,,,,,,,
20260414182620_0401_012,20260414182620_0401,20260414182620,上級卓,2,itsulove,63,7p,tedashi,1776159915,2281.467,,0,,"[122,34,5,13,97,91,26,66,7,33,120,133,82]",,,,224799m 8p 357s 447z,,,,,,,,,,,,,,
20260414182620_0401_013,20260414182620_0401,20260414182620,上級卓,3,monohon,64,8p,tedashi,1776159920,4849.871,,0,,"[122,34,5,13,97,91,26,66,7,33,120,133,82]",,,,224799m 8p 357s 447z,,,,,,,,,,,,,,
20260414182620_0401_014,20260414182620_0401,20260414182620,上級卓,0,パシフィック,66,8p,tedashi,1776159925,5067.793,,0,,"[122,34,5,13,97,91,26,66,7,33,120,133,82,22]",,,,2246799m 8p 357s 447z,,,,3,3,3,,0,,,,,,
20260414182620_0401_015,20260414182620_0401,20260414182620,上級卓,1,NoName,87,4s,risekichu_hokan_tsumogiri,1776159925,0.0,,2,5993.758,"[122,34,5,13,97,91,26,7,33,120,133,82,22]",,,,2246799m 357s 447z,,,,,,,,,,,,,,
20260414182620_0401_016,20260414182620_0401,20260414182620,上級卓,2,itsulove,55,5p,tedashi,1776159932,918.405,,0,,"[122,34,5,13,97,91,26,7,33,120,133,82,22]",,,,2246799m 357s 447z,,,,,,,,,,,,,,
20260414182620_0401_017,20260414182620_0401,20260414182620,上級卓,3,monohon,116,3z,risekichu_hokan_tsumogiri,1776159935,3148.195,,0,,"[122,34,5,13,97,91,26,7,33,120,133,82,22]",,,,2246799m 357s 447z,,,,,,,,,,,,,,
20260414182620_0401_018,20260414182620_0401,20260414182620,上級卓,0,パシフィック,131,6z,tsumogiri,1776159940,4957.483,,0,,"[122,34,5,13,97,91,26,7,33,120,133,82,22,131]",,,,2246799m 357s 4467z,,,,3,3,3,,0,,,,,,
20260414182620_0401_019,20260414182620_0401,20260414182620,上級卓,1,NoName,11,3m,risekichu_hokan_tsumogiri,1776159940,0.0,,0,,"[122,34,5,13,97,91,26,7,33,120,133,82,22]",,,,2246799m 357s 447z,,,,,,,,,,,,,,
20260414182620_0401_020,20260414182620_0401,20260414182620,上級卓,2,itsulove,8,3m,risekichu_hokan_tsumogiri,1776159943,3328.736,,0,,"[122,34,5,13,97,91,26,7,33,120,133,82,22]",,,,2246799m 357s 447z,,,,,,,,,,,,,,
20260414182620_0401_021,20260414182620_0401,20260414182620,上級卓,3,monohon,129,6z,risekichu_hokan_tsumogiri,1776159948,1817.2,2360.985,0,,"[122,34,5,13,97,91,26,7,33,120,133,82,22]",,,,2246799m 357s 447z,,,,,,,,,,,,,,
20260414182620_0401_022,20260414182620_0401,20260414182620,上級卓,0,パシフィック,120,4z,tedashi,1776159951,3518.065,,0,,"[122,34,5,13,97,91,26,7,33,120,133,82,22,65]",,,,2246799m 8p 357s 447z,,,,3,3,3,,0,,,,,,
20260414182620_0401_023,20260414182620_0401,20260414182620,上級卓,1,NoName,58,6p,risekichu_hokan_tsumogiri,1776159951,0.0,,0,,"[122,34,5,13,97,91,26,7,33,133,82,22,65]",,,,2246799m 8p 357s 47z,,,,,,,,,,,,,,
20260414182620_0401_024,20260414182620_0401,20260414182620,上級卓,2,itsulove,111,1z,tedashi,1776159958,6741.804,,0,,"[122,34,5,13,97,91,26,7,33,133,82,22,65]",,,,2246799m 8p 357s 47z,,,,,,,,,,,,,,
20260414182620_0401_025,20260414182620_0401,20260414182620,上級卓,3,monohon,126,5z,risekichu_hokan_tsumogiri,1776159959,777.203,,0,,"[122,34,5,13,97,91,26,7,33,133,82,22,65]",,,,2246799m 8p 357s 47z,,,,,,,,,,,,,,
20260414182620_0401_026,20260414182620_0401,20260414182620,上級卓,0,パシフィック,122,4z,tedashi,1776159962,3283.824,,0,,"[122,34,5,13,97,91,26,7,33,133,82,22,65,35]",,,,22467999m 8p 357s 47z,,,,3,3,4,,0,,,,,,
20260414182620_0401_027,20260414182620_0401,20260414182620,上級卓,1,NoName,121,4z,risekichu_hokan_tsumogiri,1776159962,0.0,,0,,"[34,5,13,97,91,26,7,33,133,82,22,65,35]",,,,22467999m 8p 357s 7z,,,,,,,,,,,,,,
20260414182620_0401_028,20260414182620_0401,20260414182620,上級卓,2,itsulove,67,8p,risekichu_hokan_tsumogiri,1776159967,4799.704,,0,,"[34,5,13,97,91,26,7,33,133,82,22,65,35]",,,,22467999m 8p 357s 7z,,,,,,,,,,,,,,
20260414182620_0401_029,20260414182620_0401,20260414182620,上級卓,3,monohon,124,5z,risekichu_hokan_tsumogiri,1776159967,729.319,,0,,"[34,5,13,97,91,26,7,33,133,82,22,65,35]",,,,22467999m 8p 357s 7z,,,,,,,,,,,,,,
20260414182620_0401_030,20260414182620_0401,20260414182620,上級卓,0,パシフィック,65,8p,tedashi,1776159970,2400.254,,0,,"[34,5,13,97,91,26,7,33,133,82,22,65,35,15]",,,,224467999m 8p 357s 7z,,,,2,2,3,,0,,,,,,
20260414182620_0401_031,20260414182620_0401,20260414182620,上級卓,1,NoName,90,5s,risekichu_hokan_tsumogiri,1776159970,0.0,,0,,"[34,5,13,97,91,26,7,33,133,82,22,35,15]",,,,224467999m 357s 7z,,,,,,,,,,,,,,
20260414182620_0401_032,20260414182620_0401,20260414182620,上級卓,2,itsulove,108,1z,tedashi,1776159973,3420.213,,0,,"[34,5,13,97,91,26,7,33,133,82,22,35,15]",,,,224467999m 357s 7z,,,,,,,,,,,,,,
20260414182620_0401_033,20260414182620_0401,20260414182620,上級卓,3,monohon,107,9s,risekichu_hokan_tsumogiri,1776159974,729.944,,0,,"[34,5,13,97,91,26,7,33,133,82,22,35,15]",,,,224467999m 357s 7z,,,,,,,,,,,,,,
20260414182620_0401_034,20260414182620_0401,20260414182620,上級卓,0,パシフィック,38,1p,tsumogiri,1776159976,2448.76,,0,,"[34,5,13,97,91,26,7,33,133,82,22,35,15,38]",,,,224467999m 1p 357s 7z,,,,2,2,3,,0,,,,,,
20260414182620_0401_035,20260414182620_0401,20260414182620,上級卓,1,NoName,36,1p,risekichu_hokan_tsumogiri,1776159976,0.0,,0,,"[34,5,13,97,91,26,7,33,133,82,22,35,15]",,,,224467999m 357s 7z,,,,,,,,,,,,,,
20260414182620_0401_036,20260414182620_0401,20260414182620,上級卓,2,itsulove,132,7z,tedashi,1776159986,9696.94,,0,,"[34,5,13,97,91,26,7,33,133,82,22,35,15]",,,,224467999m 357s 7z,,,,,,,,,,,,,,
20260414182620_0401_037,20260414182620_0401,20260414182620,上級卓,3,monohon,119,3z,risekichu_hokan_tsumogiri,1776159987,846.739,,0,,"[34,5,13,97,91,26,7,33,133,82,22,35,15]",,,,224467999m 357s 7z,,,,,,,,,,,,,,
20260414182620_0401_038,20260414182620_0401,20260414182620,上級卓,0,パシフィック,133,7z,tedashi,1776159990,2506.335,,0,,"[34,5,13,97,91,26,7,33,133,82,22,35,15,85]",,,,224467999m 3457s 7z,,,,1,1,3,,0,,,,,,
20260414182620_0401_039,20260414182620_0401,20260414182620,上級卓,1,NoName,115,2z,risekichu_hokan_tsumogiri,1776159990,0.0,,0,,"[34,5,13,97,91,26,7,33,82,22,35,15,85]",,,,224467999m 3457s,,,,,,,,,,,,,,
20260414182620_0401_040,20260414182620_0401,20260414182620,上級卓,2,itsulove,134,7z,tedashi,1776159992,2756.576,,0,,"[34,5,13,97,91,26,7,33,82,22,35,15,85]",,,,224467999m 3457s,,,,,,,,,,,,,,
20260414182620_0401_041,20260414182620_0401,20260414182620,上級卓,3,monohon,130,6z,risekichu_hokan_tsumogiri,1776159993,813.764,,0,,"[34,5,13,97,91,26,7,33,82,22,35,15,85]",,,,224467999m 3457s,,,,,,,,,,,,,,
20260414182620_0401_042,20260414182620_0401,20260414182620,上級卓,0,パシフィック,13,4m,tedashi,1776159995,2287.053,,0,,"[34,5,13,97,91,26,7,33,82,22,35,15,85,93]",,,,224467999m 34567s,,,,1,1,3,,0,,,,,,
20260414182620_0401_043,20260414182620_0401,20260414182620,上級卓,1,NoName,42,2p,risekichu_hokan_tsumogiri,1776159995,0.0,,1,3266.434,"[34,5,97,91,26,7,33,82,22,35,15,85,93]",,,,22467999m 34567s,,,,,,,,,,,,,,
20260414182620_0401_044,20260414182620_0401,20260414182620,上級卓,2,itsulove,0,1m,tedashi,1776160000,1477.681,,0,,"[34,5,97,91,26,7,33,82,22,35,15,85,93]",,,,22467999m 34567s,,,,,,,,,,,,,,
20260414182620_0401_045,20260414182620_0401,20260414182620,上級卓,3,monohon,77,2s,risekichu_hokan_tsumogiri,1776160001,760.147,,1,619.231,"[34,5,97,91,26,7,33,82,22,35,15,85,93]",,,,22467999m 34567s,,,,,,,,,,,,,,
20260414182620_0401_046,20260414182620_0401,20260414182620,上級卓,0,パシフィック,113,2z,tsumogiri,1776160004,2325.025,,0,,"[34,5,97,91,26,7,33,82,22,35,15,85,93,113]",,,,22467999m 34567s 2z,,,,1,1,4,,0,,,,,,
20260414182620_0401_047,20260414182620_0401,20260414182620,上級卓,1,NoName,106,9s,risekichu_hokan_tsumogiri,1776160004,0.0,,0,,"[34,5,97,91,26,7,33,82,22,35,15,85,93]",,,,22467999m 34567s,,,,,,,,,,,,,,
20260414182620_0401_048,20260414182620_0401,20260414182620,上級卓,2,itsulove,79,2s,tedashi,1776160008,3767.573,,0,,"[34,5,97,91,26,7,33,82,22,35,15,85,93]",,,,22467999m 34567s,,,,,,,,,,,,,,
20260414182620_0401_049,20260414182620_0401,20260414182620,上級卓,3,monohon,105,9s,risekichu_hokan_tsumogiri,1776160008,754.553,,0,,"[34,5,97,91,26,7,33,82,22,35,15,85,93]",,,,22467999m 34567s,,,,,,,,,,,,,,
20260414182620_0401_050,20260414182620_0401,20260414182620,上級卓,0,パシフィック,45,3p,tsumogiri,1776160011,2414.741,,1,2926.832,"[34,5,97,91,26,7,33,82,22,35,15,85,93,45]",,,,22467999m 3p 34567s,,,,1,1,4,,0,,,,,,
20260414182620_0401_051,20260414182620_0401,20260414182620,上級卓,1,NoName,46,3p,risekichu_hokan_tsumogiri,1776160014,0.0,,2,3599.409,"[34,5,97,91,26,7,33,82,22,35,15,85,93]",,,,22467999m 34567s,,,,,,,,,,,,,,
20260414182620_0401_052,20260414182620_0401,20260414182620,上級卓,2,itsulove,83,3s,tedashi,1776160018,892.504,,0,,"[34,5,97,91,26,7,33,82,22,35,15,85,93]",,,,22467999m 34567s,,,,,,,,,,,,,,
20260414182620_0401_053,20260414182620_0401,20260414182620,上級卓,3,monohon,39,1p,risekichu_hokan_tsumogiri,1776160019,693.167,,0,,"[34,5,97,91,26,7,33,82,22,35,15,85,93]",,,,22467999m 34567s,,,,,,,,,,,,,,
20260414182620_0401_054,20260414182620_0401,20260414182620,上級卓,0,パシフィック,41,2p,tsumogiri,1776160021,2396.825,,0,,"[34,5,97,91,26,7,33,82,22,35,15,85,93,41]",,,,22467999m 2p 34567s,,,,1,1,4,,0,,,,,,
20260414182620_0401_055,20260414182620_0401,20260414182620,上級卓,1,NoName,9,3m,risekichu_hokan_tsumogiri,1776160021,0.0,,0,,"[34,5,97,91,26,7,33,82,22,35,15,85,93]",,,,22467999m 34567s,,,,,,,,,,,,,,
20260414182620_0401_056,20260414182620_0401,20260414182620,上級卓,2,itsulove,48,4p,risekichu_hokan_tsumogiri,1776160025,3322.084,,0,,"[34,5,97,91,26,7,33,82,22,35,15,85,93]",,,,22467999m 34567s,,,,,,,,,,,,,,
20260414182620_0401_057,20260414182620_0401,20260414182620,上級卓,3,monohon,114,2z,risekichu_hokan_tsumogiri,1776160025,774.992,,0,,"[34,5,97,91,26,7,33,82,22,35,15,85,93]",,,,22467999m 34567s,,,,,,,,,,,,,,
20260414182620_0401_058,20260414182620_0401,20260414182620,上級卓,0,パシフィック,52,r5p,tsumogiri,1776160028,2437.407,,0,,"[34,5,97,91,26,7,33,82,22,35,15,85,93,52]",,,,22467999m r5p 34567s,,,,1,1,4,,0,,,,,,
20260414182620_0401_059,20260414182620_0401,20260414182620,上級卓,1,NoName,43,2p,risekichu_hokan_tsumogiri,1776160028,0.0,,0,,"[34,5,97,91,26,7,33,82,22,35,15,85,93]",,,,22467999m 34567s,,,,,,,,,,,,,,
20260414182620_0401_060,20260414182620_0401,20260414182620,上級卓,2,itsulove,61,7p,risekichu_hokan_tsumogiri,1776160031,3007.017,,0,,"[34,5,97,91,26,7,33,82,22,35,15,85,93]",,,,22467999m 34567s,,,,,,,,,,,,,,
20260414182620_0401_061,20260414182620_0401,20260414182620,上級卓,3,monohon,135,7z,risekichu_hokan_tsumogiri,1776160032,769.504,,0,,"[34,5,97,91,26,7,33,82,22,35,15,85,93]",,,,22467999m 34567s,,,,,,,,,,,,,,
20260414182620_0401_062,20260414182620_0401,20260414182620,上級卓,0,パシフィック,15,4m,tedashi,1776160034,2303.89,,0,,"[34,5,97,91,26,7,33,82,22,35,15,85,93,109]",,,,22467999m 34567s 1z,,,,1,1,4,,0,,,,,,
20260414182620_0401_063,20260414182620_0401,20260414182620,上級卓,1,NoName,57,6p,risekichu_hokan_tsumogiri,1776160034,0.0,,0,,"[34,5,97,91,26,7,33,82,22,35,85,93,109]",,,,2267999m 34567s 1z,,,,,,,,,,,,,,
20260414182620_0401_064,20260414182620_0401,20260414182620,上級卓,2,itsulove,27,7m,tedashi,1776160038,4424.23,,0,,"[34,5,97,91,26,7,33,82,22,35,85,93,109]",,,,2267999m 34567s 1z,,,,,,,,,,,,,,
20260414182620_0401_065,20260414182620_0401,20260414182620,上級卓,3,monohon,71,9p,risekichu_hokan_tsumogiri,1776160039,741.916,,0,,"[34,5,97,91,26,7,33,82,22,35,85,93,109]",,,,2267999m 34567s 1z,,,,,,,,,,,,,,
20260414182620_0401_066,20260414182620_0401,20260414182620,上級卓,0,パシフィック,109,1z,tedashi,1776160044,2416.092,2169.756,0,,"[34,5,97,91,26,7,33,82,22,35,85,93,109,28]",,,,22678999m 34567s 1z,,,,0,0,4,258s,0,,,,,,
20260414182620_0401_067,20260414182620_0401,20260414182620,上級卓,1,NoName,10,3m,risekichu_hokan_tsumogiri,1776160044,0.0,,0,,"[34,5,97,91,26,7,33,82,22,35,85,93,28]",,,,22678999m 34567s,,,,,,,,,,,,,,
20260414182620_0401_068,20260414182620_0401,20260414182620,上級卓,2,itsulove,44,3p,tedashi,1776160052,8596.492,,0,,"[34,5,97,91,26,7,33,82,22,35,85,93,28]",,,,22678999m 34567s,,,,,,,,,,,,,,
20260414182620_0500_000,20260414182620_0500,20260414182620,上級卓,3,monohon,113,2z,tedashi,1776160075,,,0,,"[5,94,37,132,125,57,78,22,74,68,97,75,44]",,,,26m 1369p 11267s 57z,,,,,,,,,,,,,,
20260414182620_0500_001,20260414182620_0500,20260414182620,上級卓,0,パシフィック,125,5z,tedashi,1776160079,3749.074,,0,,"[5,94,37,132,125,57,78,22,74,68,97,75,44,95]",,,,26m 1369p 112667s 57z,,,,4,5,4,,0,,,,,,
20260414182620_0500_002,20260414182620_0500,20260414182620,上級卓,1,NoName,80,3s,risekichu_hokan_tsumogiri,1776160079,0.0,,1,3221.424,"[5,94,37,132,57,78,22,74,68,97,75,44,95]",,,,26m 1369p 112667s 7z,,,,,,,,,,,,,,
20260414182620_0500_003,20260414182620_0500,20260414182620,上級卓,2,itsulove,51,4p,tedashi,1776160085,2883.944,,0,,"[5,94,37,132,57,78,22,74,68,97,75,44,95]",,,,26m 1369p 112667s 7z,,,,,,,,,,,,,,
20260414182620_0500_004,20260414182620_0500,20260414182620,上級卓,3,monohon,111,1z,risekichu_hokan_tsumogiri,1776160087,2505.593,,0,,"[5,94,37,132,57,78,22,74,68,97,75,44,95]",,,,26m 1369p 112667s 7z,,,,,,,,,,,,,,
20260414182620_0500_005,20260414182620_0500,20260414182620,上級卓,0,パシフィック,112,2z,tsumogiri,1776160091,3507.895,,0,,"[5,94,37,132,57,78,22,74,68,97,75,44,95,112]",,,,26m 1369p 112667s 27z,,,,4,5,4,,0,,,,,,
20260414182620_0500_006,20260414182620_0500,20260414182620,上級卓,1,NoName,64,8p,risekichu_hokan_tsumogiri,1776160091,0.0,,1,3059.389,"[5,94,37,132,57,78,22,74,68,97,75,44,95]",,,,26m 1369p 112667s 7z,,,,,,,,,,,,,,
20260414182620_0500_007,20260414182620_0500,20260414182620,上級卓,2,itsulove,66,8p,risekichu_hokan_tsumogiri,1776160096,1612.825,,0,,"[5,94,37,132,57,78,22,74,68,97,75,44,95]",,,,26m 1369p 112667s 7z,,,,,,,,,,,,,,
20260414182620_0500_008,20260414182620_0500,20260414182620,上級卓,3,monohon,36,1p,risekichu_hokan_tsumogiri,1776160099,3286.657,,0,,"[5,94,37,132,57,78,22,74,68,97,75,44,95]",,,,26m 1369p 112667s 7z,,,,,,,,,,,,,,
20260414182620_0500_009,20260414182620_0500,20260414182620,上級卓,0,パシフィック,110,1z,tsumogiri,1776160102,3558.496,,0,,"[5,94,37,132,57,78,22,74,68,97,75,44,95,110]",,,,26m 1369p 112667s 17z,,,,4,5,4,,0,,,,,,
20260414182620_0500_010,20260414182620_0500,20260414182620,上級卓,1,NoName,96,7s,risekichu_hokan_tsumogiri,1776160102,0.0,,0,,"[5,94,37,132,57,78,22,74,68,97,75,44,95]",,,,26m 1369p 112667s 7z,,,,,,,,,,,,,,
20260414182620_0500_011,20260414182620_0500,20260414182620,上級卓,2,itsulove,122,4z,risekichu_hokan_tsumogiri,1776160106,3168.869,,0,,"[5,94,37,132,57,78,22,74,68,97,75,44,95]",,,,26m 1369p 112667s 7z,,,,,,,,,,,,,,
20260414182620_0500_012,20260414182620_0500,20260414182620,上級卓,3,monohon,124,5z,tedashi,1776160112,6492.605,,0,,"[5,94,37,132,57,78,22,74,68,97,75,44,95]",,,,26m 1369p 112667s 7z,,,,,,,,,,,,,,
20260414182620_0500_013,20260414182620_0500,20260414182620,上級卓,0,パシフィック,68,9p,tedashi,1776160116,3815.203,,0,,"[5,94,37,132,57,78,22,74,68,97,75,44,95,76]",,,,26m 1369p 1122667s 7z,,,,3,4,3,,0,,,,,,
20260414182620_0500_014,20260414182620_0500,20260414182620,上級卓,1,NoName,46,3p,risekichu_hokan_tsumogiri,1776160116,0.0,,0,,"[5,94,37,132,57,78,22,74,97,75,44,95,76]",,,,26m 136p 1122667s 7z,,,,,,,,,,,,,,
20260414182620_0500_015,20260414182620_0500,20260414182620,上級卓,2,itsulove,101,8s,tedashi,1776160121,4680.303,,0,,"[5,94,37,132,57,78,22,74,97,75,44,95,76]",,,,26m 136p 1122667s 7z,,,,,,,,,,,,,,
20260414182620_0500_016,20260414182620_0500,20260414182620,上級卓,3,monohon,20,6m,tedashi,1776160127,986.563,5124.234,0,,"[5,94,37,132,57,78,22,74,97,75,44,95,76]",,,,26m 136p 1122667s 7z,,,,,,,,,,,,,,
20260414182620_0500_017,20260414182620_0500,20260414182620,上級卓,0,パシフィック,22,6m,tedashi,1776160129,2753.46,,0,,"[5,94,37,132,57,78,22,74,97,75,44,95,76,6]",,,,226m 136p 1122667s 7z,,,,2,3,2,,0,,,,,,
20260414182620_0500_018,20260414182620_0500,20260414182620,上級卓,1,NoName,41,2p,risekichu_hokan_tsumogiri,1776160129,0.0,,0,,"[5,94,37,132,57,78,74,97,75,44,95,76,6]",,,,22m 136p 1122667s 7z,,,,,,,,,,,,,,
20260414182620_0500_019,20260414182620_0500,20260414182620,上級卓,2,itsulove,43,2p,risekichu_hokan_tsumogiri,1776160133,3670.855,,0,,"[5,94,37,132,57,78,74,97,75,44,95,76,6]",,,,22m 136p 1122667s 7z,,,,,,,,,,,,,,
20260414182620_0500_020,20260414182620_0500,20260414182620,上級卓,3,monohon,48,4p,risekichu_hokan_tsumogiri,1776160134,801.048,,0,,"[5,94,37,132,57,78,74,97,75,44,95,76,6]",,,,22m 136p 1122667s 7z,,,,,,,,,,,,,,
20260414182620_0500_021,20260414182620_0500,20260414182620,上級卓,0,パシフィック,44,3p,tedashi,1776160136,2238.442,,0,,"[5,94,37,132,57,78,74,97,75,44,95,76,6,63]",,,,22m 1367p 1122667s 7z,,,,2,3,2,,0,,,,,,
20260414182620_0500_022,20260414182620_0500,20260414182620,上級卓,1,NoName,84,4s,risekichu_hokan_tsumogiri,1776160136,0.0,,1,3205.352,"[5,94,37,132,57,78,74,97,75,95,76,6,63]",,,,22m 167p 1122667s 7z,,,,,,,,,,,,,,
20260414182620_0500_023,20260414182620_0500,20260414182620,上級卓,2,itsulove,86,4s,risekichu_hokan_tsumogiri,1776160141,2003.573,,0,,"[5,94,37,132,57,78,74,97,75,95,76,6,63]",,,,22m 167p 1122667s 7z,,,,,,,,,,,,,,
20260414182620_0500_024,20260414182620_0500,20260414182620,上級卓,3,monohon,4,2m,risekichu_hokan_tsumogiri,1776160142,812.035,,1,586.001,"[5,94,37,132,57,78,74,97,75,95,76,6,63]",,,,22m 167p 1122667s 7z,,,,,,,,,,,,,,
20260414182620_0500_025,20260414182620_0500,20260414182620,上級卓,0,パシフィック,23,6m,tsumogiri,1776160146,2801.245,,0,,"[5,94,37,132,57,78,74,97,75,95,76,6,63,23]",,,,226m 167p 1122667s 7z,,,,2,3,2,,0,,,,,,
20260414182620_0500_026,20260414182620_0500,20260414182620,上級卓,1,NoName,116,3z,risekichu_hokan_tsumogiri,1776160146,0.0,,0,,"[5,94,37,132,57,78,74,97,75,95,76,6,63]",,,,22m 167p 1122667s 7z,,,,,,,,,,,,,,
20260414182620_0500_027,20260414182620_0500,20260414182620,上級卓,2,itsulove,127,5z,risekichu_hokan_tsumogiri,1776160149,3011.144,,0,,"[5,94,37,132,57,78,74,97,75,95,76,6,63]",,,,22m 167p 1122667s 7z,,,,,,,,,,,,,,
20260414182620_0500_028,20260414182620_0500,20260414182620,上級卓,3,monohon,133,7z,risekichu_hokan_tsumogiri,1776160150,1066.215,,0,,"[5,94,37,132,57,78,74,97,75,95,76,6,63]",,,,22m 167p 1122667s 7z,,,,,,,,,,,,,,
20260414182620_0500_029,20260414182620_0500,20260414182620,上級卓,0,パシフィック,37,1p,tedashi,1776160152,2707.184,,0,,"[5,94,37,132,57,78,74,97,75,95,76,6,63,65]",,,,22m 1678p 1122667s 7z,,,,2,2,2,,0,,,,,,
20260414182620_0500_030,20260414182620_0500,20260414182620,上級卓,1,NoName,128,6z,risekichu_hokan_tsumogiri,1776160152,0.0,,0,,"[5,94,132,57,78,74,97,75,95,76,6,63,65]",,,,22m 678p 1122667s 7z,,,,,,,,,,,,,,
20260414182620_0500_031,20260414182620_0500,20260414182620,上級卓,2,itsulove,85,4s,tedashi,1776160162,9566.847,,0,,"[5,94,132,57,78,74,97,75,95,76,6,63,65]",,,,22m 678p 1122667s 7z,,,,,,,,,,,,,,
20260414182620_0500_032,20260414182620_0500,20260414182620,上級卓,3,monohon,91,5s,risekichu_hokan_tsumogiri,1776160163,837.574,,6,534.732,"[5,94,132,57,78,74,97,75,95,76,6,63,65]",,,,22m 678p 1122667s 7z,,,,,,,,,,,,,,
20260414182620_0500_033,20260414182620_0500,20260414182620,上級卓,0,パシフィック,132,7z,tedashi,1776160166,2565.984,,0,,"[5,94,132,57,78,74,97,75,95,76,6,63,65,83]",,,,22m 678p 11223667s 7z,,,,1,1,2,,0,,,,,,
20260414182620_0500_034,20260414182620_0500,20260414182620,上級卓,1,NoName,87,4s,risekichu_hokan_tsumogiri,1776160166,0.0,,1,3094.069,"[5,94,57,78,74,97,75,95,76,6,63,65,83]",,,,22m 678p 11223667s,,,,,,,,,,,,,,
20260414182620_0500_035,20260414182620_0500,20260414182620,上級卓,2,itsulove,89,5s,tedashi,1776160170,920.267,,0,,"[5,94,57,78,74,97,75,95,76,6,63,65,83]",,,,22m 678p 11223667s,,,,,,,,,,,,,,
20260414182620_0500_036,20260414182620_0500,20260414182620,上級卓,3,monohon,131,6z,risekichu_hokan_tsumogiri,1776160171,759.491,,0,,"[5,94,57,78,74,97,75,95,76,6,63,65,83]",,,,22m 678p 11223667s,,,,,,,,,,,,,,
20260414182620_0500_037,20260414182620_0500,20260414182620,上級卓,0,パシフィック,123,4z,tsumogiri,1776160173,2521.386,,0,,"[5,94,57,78,74,97,75,95,76,6,63,65,83,123]",,,,22m 678p 11223667s 4z,,,,1,1,2,,0,,,,,,
20260414182620_0500_038,20260414182620_0500,20260414182620,上級卓,1,NoName,52,r5p,risekichu_hokan_tsumogiri,1776160173,0.0,,1,3244.956,"[5,94,57,78,74,97,75,95,76,6,63,65,83]",,,,22m 678p 11223667s,,,,,,,,,,,,,,
20260414182620_0500_039,20260414182620_0500,20260414182620,上級卓,2,itsulove,67,8p,tedashi,1776160188,11829.525,,0,,"[5,94,57,78,74,97,75,95,76,6,63,65,83]",,,,22m 678p 11223667s,,,,,,,,,,,,,,
20260414182620_0500_040,20260414182620_0500,20260414182620,上級卓,3,monohon,7,2m,risekichu_hokan_tsumogiri,1776160189,741.743,,1,627.173,"[5,94,57,78,74,97,75,95,76,6,63,65,83]",,,,22m 678p 11223667s,,,,,,,,,,,,,,
20260414182620_0501_009,20260414182620_0501,20260414182620,上級卓,0,パシフィック,108,1z,tedashi,1776160289,3217.75,,0,,"[10,11,17,22,26,64,70,78,80,102,108,113,126,38]",,,,33567m 189p 238s 125z,,,,3,3,5,,0,,,,,,
20260414182620_0501_010,20260414182620_0501,20260414182620,上級卓,1,NoName,119,3z,risekichu_hokan_tsumogiri,1776160289,0.0,,0,,"[10,11,17,22,26,64,70,78,80,102,113,126,38]",,,,33567m 189p 238s 25z,,,,,,,,,,,,,,
20260414182620_0501_011,20260414182620_0501,20260414182620,上級卓,2,itsulove,111,1z,tedashi,1776160293,3718.231,,0,,"[10,11,17,22,26,64,70,78,80,102,113,126,38]",,,,33567m 189p 238s 25z,,,,,,,,,,,,,,
20260414182620_0501_012,20260414182620_0501,20260414182620,上級卓,3,monohon,134,7z,tedashi,1776160296,3788.232,,0,,"[10,11,17,22,26,64,70,78,80,102,113,126,38]",,,,33567m 189p 238s 25z,,,,,,,,,,,,,,
20260414182620_0501_013,20260414182620_0501,20260414182620,上級卓,0,パシフィック,126,5z,tedashi,1776160299,2334.371,,0,,"[10,11,17,22,26,64,70,78,80,102,113,126,38,92]",,,,33567m 189p 2368s 25z,,,,2,2,5,,0,,,,,,
20260414182620_0501_014,20260414182620_0501,20260414182620,上級卓,1,NoName,52,r5p,risekichu_hokan_tsumogiri,1776160299,0.0,,0,,"[10,11,17,22,26,64,70,78,80,102,113,38,92]",,,,33567m 189p 2368s 2z,,,,,,,,,,,,,,
20260414182620_0501_015,20260414182620_0501,20260414182620,上級卓,2,itsulove,12,4m,tedashi,1776160303,4213.615,,1,2568.058,"[10,11,17,22,26,64,70,78,80,102,113,38,92]",,,,33567m 189p 2368s 2z,,,,,,,,,,,,,,
20260414182620_0501_016,20260414182620_0501,20260414182620,上級卓,3,monohon,69,9p,tedashi,1776160309,3669.064,,0,,"[10,11,17,22,26,64,70,78,80,102,113,38,92]",,,,33567m 189p 2368s 2z,,,,,,,,,,,,,,
20260414182620_0501_017,20260414182620_0501,20260414182620,上級卓,0,パシフィック,38,1p,tedashi,1776160312,2358.629,,0,,"[10,11,17,22,26,64,70,78,80,102,113,38,92,31]",,,,335678m 189p 2368s 2z,,,,2,2,5,,0,,,,,,
20260414182620_0501_018,20260414182620_0501,20260414182620,上級卓,1,NoName,75,1s,risekichu_hokan_tsumogiri,1776160312,0.0,,0,,"[10,11,17,22,26,64,70,78,80,102,113,92,31]",,,,335678m 89p 2368s 2z,,,,,,,,,,,,,,
20260414182620_0501_019,20260414182620_0501,20260414182620,上級卓,2,itsulove,25,7m,tedashi,1776160315,3799.305,,2,8226.467,"[10,11,17,22,26,64,70,78,80,102,113,92,31]",,,,335678m 89p 2368s 2z,,,,,,,,,,,,,,
20260414182620_0501_020,20260414182620_0501,20260414182620,上級卓,3,monohon,82,3s,tedashi,1776160326,2184.889,,0,,"[10,11,17,22,26,64,70,78,80,102,113,92,31]",,,,335678m 89p 2368s 2z,,,,,,,,,,,,,,
20260414182620_0501_021,20260414182620_0501,20260414182620,上級卓,0,パシフィック,113,2z,tedashi,1776160328,2563.82,,2,2089.513,"[10,11,17,22,26,64,70,78,80,102,113,92,31,55]",,,,335678m 589p 2368s 2z,,,,2,2,5,,0,,,,,,
20260414182620_0501_022,20260414182620_0501,20260414182620,上級卓,3,monohon,48,4p,tedashi,1776160332,1140.821,,0,,"[10,11,17,22,26,64,70,78,80,102,92,31,55]",,,,335678m 589p 2368s,,,,,,,,,,,,,,
20260414182620_0501_023,20260414182620_0501,20260414182620,上級卓,0,パシフィック,70,9p,tedashi,1776160334,2564.0,,0,,"[10,11,17,22,26,64,70,78,80,102,92,31,55,57]",,,,335678m 5689p 2368s,,,,2,2,5,,0,,,,,,
20260414182620_0501_024,20260414182620_0501,20260414182620,上級卓,1,NoName,103,8s,risekichu_hokan_tsumogiri,1776160334,0.0,,0,,"[10,11,17,22,26,64,78,80,102,92,31,55,57]",,,,335678m 568p 2368s,,,,,,,,,,,,,,
20260414182620_0501_025,20260414182620_0501,20260414182620,上級卓,2,itsulove,99,7s,risekichu_hokan_tsumogiri,1776160339,4851.049,,0,,"[10,11,17,22,26,64,78,80,102,92,31,55,57]",,,,335678m 568p 2368s,,,,,,,,,,,,,,
20260414182620_0501_026,20260414182620_0501,20260414182620,上級卓,3,monohon,60,7p,tedashi,1776160347,8549.9,,6,210.977,"[10,11,17,22,26,64,78,80,102,92,31,55,57]",,,,335678m 568p 2368s,,,,,,,,,,,,,,
20260414182620_0501_027,20260414182620_0501,20260414182620,上級卓,0,パシフィック,64,8p,tedashi,1776160350,2788.978,,0,,"[10,11,17,22,26,64,78,80,102,92,31,55,57,94]",,,,335678m 568p 23668s,,,,2,2,4,,0,,,,,,
20260414182620_0501_028,20260414182620_0501,20260414182620,上級卓,1,NoName,109,1z,risekichu_hokan_tsumogiri,1776160350,0.0,,0,,"[10,11,17,22,26,78,80,102,92,31,55,57,94]",,,,335678m 56p 23668s,,,,,,,,,,,,,,
20260414182620_0501_029,20260414182620_0501,20260414182620,上級卓,2,itsulove,28,8m,risekichu_hokan_tsumogiri,1776160355,4748.403,,1,2521.675,"[10,11,17,22,26,78,80,102,92,31,55,57,94]",,,,335678m 56p 23668s,,,,,,,,,,,,,,
20260414182620_0501_030,20260414182620_0501,20260414182620,上級卓,3,monohon,56,6p,tedashi,1776160359,1462.395,,0,,"[10,11,17,22,26,78,80,102,92,31,55,57,94]",,,,335678m 56p 23668s,,,,,,,,,,,,,,
20260414182620_0501_031,20260414182620_0501,20260414182620,上級卓,0,パシフィック,31,8m,tedashi,1776160362,2887.405,,0,,"[10,11,17,22,26,78,80,102,92,31,55,57,94,5]",,,,2335678m 56p 23668s,,,,2,2,4,,0,,,,,,
20260414182620_0501_032,20260414182620_0501,20260414182620,上級卓,1,NoName,3,1m,risekichu_hokan_tsumogiri,1776160362,0.0,,0,,"[10,11,17,22,26,78,80,102,92,55,57,94,5]",,,,233567m 56p 23668s,,,,,,,,,,,,,,
20260414182620_0501_033,20260414182620_0501,20260414182620,上級卓,2,itsulove,115,2z,tedashi,1776160367,5110.285,,0,,"[10,11,17,22,26,78,80,102,92,55,57,94,5]",,,,233567m 56p 23668s,,,,,,,,,,,,,,
20260414182620_0501_034,20260414182620_0501,20260414182620,上級卓,3,monohon,106,9s,tedashi,1776160371,3547.269,,0,,"[10,11,17,22,26,78,80,102,92,55,57,94,5]",,,,233567m 56p 23668s,,,,,,,,,,,,,,
20260414182620_0501_035,20260414182620_0501,20260414182620,上級卓,0,パシフィック,120,4z,tsumogiri,1776160373,2385.549,,0,,"[10,11,17,22,26,78,80,102,92,55,57,94,5,120]",,,,233567m 56p 23668s 4z,,,,2,2,4,,0,,,,,,
20260414182620_0501_036,20260414182620_0501,20260414182620,上級卓,1,NoName,29,8m,risekichu_hokan_tsumogiri,1776160373,0.0,,0,,"[10,11,17,22,26,78,80,102,92,55,57,94,5]",,,,233567m 56p 23668s,,,,,,,,,,,,,,
20260414182620_0501_037,20260414182620_0501,20260414182620,上級卓,2,itsulove,132,7z,tedashi,1776160379,5857.156,,0,,"[10,11,17,22,26,78,80,102,92,55,57,94,5]",,,,233567m 56p 23668s,,,,,,,,,,,,,,
20260414182620_0501_038,20260414182620_0501,20260414182620,上級卓,3,monohon,67,8p,risekichu_hokan_tsumogiri,1776160381,2463.361,,0,,"[10,11,17,22,26,78,80,102,92,55,57,94,5]",,,,233567m 56p 23668s,,,,,,,,,,,,,,
20260414182620_0501_039,20260414182620_0501,20260414182620,上級卓,0,パシフィック,66,8p,tsumogiri,1776160384,2674.097,,0,,"[10,11,17,22,26,78,80,102,92,55,57,94,5,66]",,,,233567m 568p 23668s,,,,2,2,4,,0,,,,,,
20260414182620_0501_040,20260414182620_0501,20260414182620,上級卓,1,NoName,4,2m,risekichu_hokan_tsumogiri,1776160384,0.0,,0,,"[10,11,17,22,26,78,80,102,92,55,57,94,5]",,,,233567m 56p 23668s,,,,,,,,,,,,,,
20260414182620_0501_041,20260414182620_0501,20260414182620,上級卓,2,itsulove,1,1m,risekichu_hokan_tsumogiri,1776160388,3590.807,,0,,"[10,11,17,22,26,78,80,102,92,55,57,94,5]",,,,233567m 56p 23668s,,,,,,,,,,,,,,
20260414182620_0501_042,20260414182620_0501,20260414182620,上級卓,3,monohon,24,7m,tedashi,1776160399,10911.412,,6,210.1,"[10,11,17,22,26,78,80,102,92,55,57,94,5]",,,,233567m 56p 23668s,,,,,,,,,,,,,,
20260414182620_0501_043,20260414182620_0501,20260414182620,上級卓,0,パシフィック,102,8s,tedashi,1776160402,2700.316,,0,,"[10,11,17,22,26,78,80,102,92,55,57,94,5,100]",,,,233567m 56p 236688s,,,,2,2,3,,0,,,,,,
20260414182620_0501_044,20260414182620_0501,20260414182620,上級卓,1,NoName,122,4z,risekichu_hokan_tsumogiri,1776160402,0.0,,0,,"[10,11,17,22,26,78,80,92,55,57,94,5,100]",,,,233567m 56p 23668s,,,,,,,,,,,,,,
20260414182620_0501_045,20260414182620_0501,20260414182620,上級卓,2,itsulove,123,4z,tedashi,1776160406,4068.052,,0,,"[10,11,17,22,26,78,80,92,55,57,94,5,100]",,,,233567m 56p 23668s,,,,,,,,,,,,,,
20260414182620_0501_046,20260414182620_0501,20260414182620,上級卓,3,monohon,127,5z,risekichu_hokan_tsumogiri,1776160408,2211.002,,0,,"[10,11,17,22,26,78,80,92,55,57,94,5,100]",,,,233567m 56p 23668s,,,,,,,,,,,,,,
20260414182620_0501_047,20260414182620_0501,20260414182620,上級卓,0,パシフィック,100,8s,tedashi,1776160411,2752.641,,0,,"[10,11,17,22,26,78,80,92,55,57,94,5,100,90]",,,,233567m 56p 235668s,,,,2,2,4,,0,,,,,,
20260414182620_0501_048,20260414182620_0501,20260414182620,上級卓,1,NoName,118,3z,risekichu_hokan_tsumogiri,1776160411,0.0,,0,,"[10,11,17,22,26,78,80,92,55,57,94,5,90]",,,,233567m 56p 23566s,,,,,,,,,,,,,,
20260414182620_0501_049,20260414182620_0501,20260414182620,上級卓,2,itsulove,98,7s,tedashi,1776160414,3719.993,,0,,"[10,11,17,22,26,78,80,92,55,57,94,5,90]",,,,233567m 56p 23566s,,,,,,,,,,,,,,
20260414182620_0501_050,20260414182620_0501,20260414182620,上級卓,3,monohon,121,4z,risekichu_hokan_tsumogiri,1776160416,2006.925,,0,,"[10,11,17,22,26,78,80,92,55,57,94,5,90]",,,,233567m 56p 23566s,,,,,,,,,,,,,,
20260414182620_0501_051,20260414182620_0501,20260414182620,上級卓,0,パシフィック,78,2s,tedashi,1776160419,2855.985,,0,,"[10,11,17,22,26,78,80,92,55,57,94,5,90,81]",,,,233567m 56p 233566s,,,,2,2,3,,0,,,,,,
20260414182620_0501_052,20260414182620_0501,20260414182620,上級卓,1,NoName,14,4m,risekichu_hokan_tsumogiri,1776160419,0.0,,1,3294.315,"[10,11,17,22,26,80,92,55,57,94,5,90,81]",,,,233567m 56p 33566s,,,,,,,,,,,,,,
20260414182620_0501_053,20260414182620_0501,20260414182620,上級卓,2,itsulove,105,9s,tedashi,1776160426,3551.962,,0,,"[10,11,17,22,26,80,92,55,57,94,5,90,81]",,,,233567m 56p 33566s,,,,,,,,,,,,,,
20260414182620_0501_054,20260414182620_0501,20260414182620,上級卓,3,monohon,91,5s,risekichu_hokan_tsumogiri,1776160429,2493.117,,0,,"[10,11,17,22,26,80,92,55,57,94,5,90,81]",,,,233567m 56p 33566s,,,,,,,,,,,,,,
20260414182620_0501_055,20260414182620_0501,20260414182620,上級卓,0,パシフィック,5,2m,tedashi,1776160431,2394.182,,0,,"[10,11,17,22,26,80,92,55,57,94,5,90,81,83]",,,,233567m 56p 333566s,,,,1,1,3,,0,,,,,,
20260414182620_0502_000,20260414182620_0502,20260414182620,上級卓,3,monohon,3,1m,tedashi,1776160449,,,6,210.656,"[133,57,39,107,13,108,118,15,123,6,35,11,135]",,,,23449m 16p 9s 13477z,,,,,,,,,,,,,,
20260414182620_0502_001,20260414182620_0502,20260414182620,上級卓,0,パシフィック,133,7z,tedashi,1776160453,3516.849,,2,3581.519,"[133,57,39,107,13,108,118,15,123,6,35,11,135,75]",,,,23449m 16p 19s 13477z,,,,4,5,4,,0,,,,,,
20260414182620_0502_002,20260414182620_0502,20260414182620,上級卓,3,monohon,104,9s,tedashi,1776160458,1443.779,,0,,"[57,39,107,13,108,118,15,123,6,35,11,135,75]",,,,23449m 16p 19s 1347z,,,,,,,,,,,,,,
20260414182620_0502_003,20260414182620_0502,20260414182620,上級卓,0,パシフィック,135,7z,tedashi,1776160462,3470.558,,0,,"[57,39,107,13,108,118,15,123,6,35,11,135,75,122]",,,,23449m 16p 19s 13447z,,,,4,5,4,,0,,,,,,
20260414182620_0502_004,20260414182620_0502,20260414182620,上級卓,1,NoName,97,7s,risekichu_hokan_tsumogiri,1776160462,0.0,,0,,"[57,39,107,13,108,118,15,123,6,35,11,75,122]",,,,23449m 16p 19s 1344z,,,,,,,,,,,,,,
20260414182620_0502_005,20260414182620_0502,20260414182620,上級卓,2,itsulove,1,1m,tedashi,1776160465,3207.472,,0,,"[57,39,107,13,108,118,15,123,6,35,11,75,122]",,,,23449m 16p 19s 1344z,,,,,,,,,,,,,,
20260414182620_0502_006,20260414182620_0502,20260414182620,上級卓,3,monohon,64,8p,risekichu_hokan_tsumogiri,1776160467,2471.646,,0,,"[57,39,107,13,108,118,15,123,6,35,11,75,122]",,,,23449m 16p 19s 1344z,,,,,,,,,,,,,,
20260414182620_0502_007,20260414182620_0502,20260414182620,上級卓,0,パシフィック,122,4z,tedashi,1776160471,3408.08,,0,,"[57,39,107,13,108,118,15,123,6,35,11,75,122,61]",,,,23449m 167p 19s 1344z,,,,4,4,4,,0,,,,,,
20260414182620_0502_008,20260414182620_0502,20260414182620,上級卓,1,NoName,32,9m,risekichu_hokan_tsumogiri,1776160471,0.0,,0,,"[57,39,107,13,108,118,15,123,6,35,11,75,61]",,,,23449m 167p 19s 134z,,,,,,,,,,,,,,
20260414182620_0502_009,20260414182620_0502,20260414182620,上級卓,2,itsulove,70,9p,risekichu_hokan_tsumogiri,1776160474,3520.705,,0,,"[57,39,107,13,108,118,15,123,6,35,11,75,61]",,,,23449m 167p 19s 134z,,,,,,,,,,,,,,
20260414182620_0502_010,20260414182620_0502,20260414182620,上級卓,3,monohon,68,9p,risekichu_hokan_tsumogiri,1776160476,1990.48,,0,,"[57,39,107,13,108,118,15,123,6,35,11,75,61]",,,,23449m 167p 19s 134z,,,,,,,,,,,,,,
20260414182620_0502_011,20260414182620_0502,20260414182620,上級卓,0,パシフィック,123,4z,tedashi,1776160480,3461.006,,0,,"[57,39,107,13,108,118,15,123,6,35,11,75,61,43]",,,,23449m 1267p 19s 134z,,,,4,4,5,,0,,,,,,
20260414182620_0502_012,20260414182620_0502,20260414182620,上級卓,1,NoName,31,8m,risekichu_hokan_tsumogiri,1776160480,0.0,,2,3448.157,"[57,39,107,13,108,118,15,6,35,11,75,61,43]",,,,23449m 1267p 19s 13z,,,,,,,,,,,,,,
20260414182620_0502_013,20260414182620_0502,20260414182620,上級卓,2,itsulove,130,6z,tedashi,1776160484,1206.266,,0,,"[57,39,107,13,108,118,15,6,35,11,75,61,43]",,,,23449m 1267p 19s 13z,,,,,,,,,,,,,,
20260414182620_0502_014,20260414182620_0502,20260414182620,上級卓,3,monohon,19,5m,risekichu_hokan_tsumogiri,1776160487,2710.144,,6,204.783,"[57,39,107,13,108,118,15,6,35,11,75,61,43]",,,,23449m 1267p 19s 13z,,,,,,,,,,,,,,
20260414182620_0502_015,20260414182620_0502,20260414182620,上級卓,0,パシフィック,107,9s,tedashi,1776160491,3556.954,,0,,"[57,39,107,13,108,118,15,6,35,11,75,61,43,25]",,,,234479m 1267p 19s 13z,,,,3,3,5,,0,,,,,,
20260414182620_0502_016,20260414182620_0502,20260414182620,上級卓,1,NoName,112,2z,risekichu_hokan_tsumogiri,1776160491,0.0,,0,,"[57,39,13,108,118,15,6,35,11,75,61,43,25]",,,,234479m 1267p 1s 13z,,,,,,,,,,,,,,
20260414182620_0502_017,20260414182620_0502,20260414182620,上級卓,2,itsulove,42,2p,tedashi,1776160494,3334.234,,0,,"[57,39,13,108,118,15,6,35,11,75,61,43,25]",,,,234479m 1267p 1s 13z,,,,,,,,,,,,,,
20260414182620_0502_018,20260414182620_0502,20260414182620,上級卓,3,monohon,29,8m,risekichu_hokan_tsumogiri,1776160496,2160.088,,6,209.942,"[57,39,13,108,118,15,6,35,11,75,61,43,25]",,,,234479m 1267p 1s 13z,,,,,,,,,,,,,,
20260414182620_0502_019,20260414182620_0502,20260414182620,上級卓,0,パシフィック,108,1z,tedashi,1776160500,3770.83,,0,,"[57,39,13,108,118,15,6,35,11,75,61,43,25,92]",,,,234479m 1267p 16s 13z,,,,3,3,5,,0,,,,,,
20260414182620_0502_020,20260414182620_0502,20260414182620,上級卓,1,NoName,85,4s,risekichu_hokan_tsumogiri,1776160500,0.0,,0,,"[57,39,13,118,15,6,35,11,75,61,43,25,92]",,,,234479m 1267p 16s 3z,,,,,,,,,,,,,,
20260414182620_0502_021,20260414182620_0502,20260414182620,上級卓,2,itsulove,80,3s,tedashi,1776160506,5437.362,,1,2096.974,"[57,39,13,118,15,6,35,11,75,61,43,25,92]",,,,234479m 1267p 16s 3z,,,,,,,,,,,,,,
20260414182620_0502_022,20260414182620_0502,20260414182620,上級卓,3,monohon,115,2z,tedashi,1776160511,3467.851,,0,,"[57,39,13,118,15,6,35,11,75,61,43,25,92]",,,,234479m 1267p 16s 3z,,,,,,,,,,,,,,
20260414182620_0502_023,20260414182620_0502,20260414182620,上級卓,0,パシフィック,118,3z,tedashi,1776160515,3661.783,,0,,"[57,39,13,118,15,6,35,11,75,61,43,25,92,84]",,,,234479m 1267p 146s 3z,,,,3,3,5,,0,,,,,,
20260414182620_0502_024,20260414182620_0502,20260414182620,上級卓,1,NoName,129,6z,risekichu_hokan_tsumogiri,1776160515,0.0,,0,,"[57,39,13,15,6,35,11,75,61,43,25,92,84]",,,,234479m 1267p 146s,,,,,,,,,,,,,,
20260414182620_0502_032,20260414182620_0502,20260414182620,上級卓,3,monohon,45,3p,tedashi,1776160541,3861.181,,0,,"[6,11,13,15,25,35,39,43,57,61,75,84,92]",,,,234479m 1267p 146s,,,,,,,,,,,,,,
20260414185553_0000_000,20260414185553_0000,20260414185553,,0,パシフィック,114,2z,tedashi,1776160559,,,0,,"[103,80,95,105,114,66,99,130,65,120,76,10,18,49]",,,,35m 488p 236789s 246z,,,,3,3,5,,0,,,,,,
20260414185553_0000_001,20260414185553_0000,20260414185553,,1,ここ姫,106,9s,tedashi,1776160561,2192.037,,0,,"[103,80,95,105,66,99,130,65,120,76,10,18,49]",,,,35m 488p 236789s 46z,,,,,,,,,,,,,,
20260414185553_0000_002,20260414185553_0000,20260414185553,,2,NoName,121,4z,tedashi,1776160563,1829.432,,0,,"[103,80,95,105,66,99,130,65,120,76,10,18,49]",,,,35m 488p 236789s 46z,,,,,,,,,,,,,,
20260414185553_0000_003,20260414185553_0000,20260414185553,,3,チーズとクルミ,3,1m,tedashi,1776160566,3412.194,,0,,"[103,80,95,105,66,99,130,65,120,76,10,18,49]",,,,35m 488p 236789s 46z,,,,,,,,,,,,,,
20260414185553_0000_004,20260414185553_0000,20260414185553,,0,パシフィック,120,4z,tedashi,1776160569,2841.392,,0,,"[103,80,95,105,66,99,130,65,120,76,10,18,49,75]",,,,35m 488p 1236789s 46z,,,,2,2,5,,0,,,,,,
20260414185553_0000_005,20260414185553_0000,20260414185553,,1,ここ姫,111,1z,tedashi,1776160572,2803.863,,0,,"[103,80,95,105,66,99,130,65,76,10,18,49,75]",,,,35m 488p 1236789s 6z,,,,,,,,,,,,,,
20260414185553_0000_006,20260414185553_0000,20260414185553,,2,NoName,126,5z,tedashi,1776160576,4563.279,,0,,"[103,80,95,105,66,99,130,65,76,10,18,49,75]",,,,35m 488p 1236789s 6z,,,,,,,,,,,,,,
20260414185553_0000_007,20260414185553_0000,20260414185553,,3,チーズとクルミ,109,1z,tedashi,1776160578,1316.168,,0,,"[103,80,95,105,66,99,130,65,76,10,18,49,75]",,,,35m 488p 1236789s 6z,,,,,,,,,,,,,,
20260414185553_0000_008,20260414185553_0000,20260414185553,,0,パシフィック,130,6z,tedashi,1776160580,2694.825,,0,,"[103,80,95,105,66,99,130,65,76,10,18,49,75,81]",,,,35m 488p 12336789s 6z,,,,2,2,4,,0,,,,,,
20260414185553_0000_009,20260414185553_0000,20260414185553,,1,ここ姫,134,7z,tedashi,1776160583,2276.876,,2,1791.914,"[103,80,95,105,66,99,65,76,10,18,49,75,81]",,,,35m 488p 12336789s,,,,,,,,,,,,,,
20260414185553_0000_010,20260414185553_0000,20260414185553,,2,NoName,53,5p,tedashi,1776160597,12202.482,,0,,"[103,80,95,105,66,99,65,76,10,18,49,75,81]",,,,35m 488p 12336789s,,,,,,,,,,,,,,
20260414185553_0000_011,20260414185553_0000,20260414185553,,3,チーズとクルミ,74,1s,tedashi,1776160599,2216.464,,6,211.108,"[103,80,95,105,66,99,65,76,10,18,49,75,81]",,,,35m 488p 12336789s,,,,,,,,,,,,,,
20260414185553_0000_012,20260414185553_0000,20260414185553,,0,パシフィック,80,3s,tedashi,1776160602,2794.584,,0,,"[103,80,95,105,66,99,65,76,10,18,49,75,81,2]",,,,135m 488p 12336789s,,,,2,2,4,,0,,,,,,
20260414185553_0000_013,20260414185553_0000,20260414185553,,1,ここ姫,116,3z,tedashi,1776160605,2653.912,,0,,"[103,95,105,66,99,65,76,10,18,49,75,81,2]",,,,135m 488p 1236789s,,,,,,,,,,,,,,
20260414185553_0000_014,20260414185553_0000,20260414185553,,2,NoName,107,9s,tedashi,1776160607,2758.949,,0,,"[103,95,105,66,99,65,76,10,18,49,75,81,2]",,,,135m 488p 1236789s,,,,,,,,,,,,,,
20260414185553_0000_015,20260414185553_0000,20260414185553,,3,チーズとクルミ,115,2z,risekichu_hokan_tsumogiri,1776160610,2517.536,,0,,"[103,95,105,66,99,65,76,10,18,49,75,81,2]",,,,135m 488p 1236789s,,,,,,,,,,,,,,
20260414185553_0000_016,20260414185553_0000,20260414185553,,0,パシフィック,34,9m,tsumogiri,1776160613,2717.966,,1,1205.055,"[103,95,105,66,99,65,76,10,18,49,75,81,2,34]",,,,1359m 488p 1236789s,,,,2,2,5,,0,,,,,,
20260414185553_0000_017,20260414185553_0000,20260414185553,,1,ここ姫,7,2m,tedashi,1776160617,3108.402,,0,,"[103,95,105,66,99,65,76,10,18,49,75,81,2]",,,,135m 488p 1236789s,,,,,,,,,,,,,,
20260414185553_0000_018,20260414185553_0000,20260414185553,,2,NoName,98,7s,risekichu_hokan_tsumogiri,1776160619,1971.385,,1,1623.125,"[103,95,105,66,99,65,76,10,18,49,75,81,2]",,,,135m 488p 1236789s,,,,,,,,,,,,,,
20260414185553_0000_019,20260414185553_0000,20260414185553,,3,チーズとクルミ,104,9s,tedashi,1776160623,2316.279,,6,201.27,"[103,95,105,66,99,65,76,10,18,49,75,81,2]",,,,135m 488p 1236789s,,,,,,,,,,,,,,
20260414185553_0000_020,20260414185553_0000,20260414185553,,0,パシフィック,118,3z,tsumogiri,1776160626,3020.367,,0,,"[103,95,105,66,99,65,76,10,18,49,75,81,2,118]",,,,135m 488p 1236789s 3z,,,,2,2,5,,0,,,,,,
20260414185553_0000_021,20260414185553_0000,20260414185553,,1,ここ姫,9,3m,risekichu_hokan_tsumogiri,1776160628,2466.926,,2,1306.673,"[103,95,105,66,99,65,76,10,18,49,75,81,2]",,,,135m 488p 1236789s,,,,,,,,,,,,,,
20260414185553_0000_022,20260414185553_0000,20260414185553,,2,NoName,119,3z,tedashi,1776160631,759.586,,0,,"[103,95,105,66,99,65,76,10,18,49,75,81,2]",,,,135m 488p 1236789s,,,,,,,,,,,,,,
20260414185553_0000_023,20260414185553_0000,20260414185553,,3,チーズとクルミ,6,2m,tedashi,1776160633,2106.758,,6,205.001,"[103,95,105,66,99,65,76,10,18,49,75,81,2]",,,,135m 488p 1236789s,,,,,,,,,,,,,,
20260414185553_0000_024,20260414185553_0000,20260414185553,,0,パシフィック,2,1m,tedashi,1776160635,2619.298,,0,,"[103,95,105,66,99,65,76,10,18,49,75,81,2,50]",,,,135m 4488p 1236789s,,,,1,1,4,,0,,,,,,
20260414185553_0000_025,20260414185553_0000,20260414185553,,1,ここ姫,0,1m,tedashi,1776160638,2821.036,,0,,"[103,95,105,66,99,65,76,10,18,49,75,81,50]",,,,35m 4488p 1236789s,,,,,,,,,,,,,,
20260414185553_0000_026,20260414185553_0000,20260414185553,,2,NoName,90,5s,risekichu_hokan_tsumogiri,1776160640,1742.382,,0,,"[103,95,105,66,99,65,76,10,18,49,75,81,50]",,,,35m 4488p 1236789s,,,,,,,,,,,,,,
20260414185553_0000_027,20260414185553_0000,20260414185553,,3,チーズとクルミ,39,1p,tedashi,1776160641,1323.569,,0,,"[103,95,105,66,99,65,76,10,18,49,75,81,50]",,,,35m 4488p 1236789s,,,,,,,,,,,,,,
20260414185553_0000_028,20260414185553_0000,20260414185553,,0,パシフィック,10,3m,tedashi,1776160644,2414.176,,0,,"[103,95,105,66,99,65,76,10,18,49,75,81,50,96]",,,,35m 4488p 12367789s,,,,1,1,3,,0,,,,,,
20260414185553_0000_029,20260414185553_0000,20260414185553,,1,ここ姫,40,2p,risekichu_hokan_tsumogiri,1776160646,2193.602,,0,,"[103,95,105,66,99,65,76,18,49,75,81,50,96]",,,,5m 4488p 12367789s,,,,,,,,,,,,,,
20260414185553_0000_030,20260414185553_0000,20260414185553,,2,NoName,71,9p,risekichu_hokan_tsumogiri,1776160648,2350.025,,0,,"[103,95,105,66,99,65,76,18,49,75,81,50,96]",,,,5m 4488p 12367789s,,,,,,,,,,,,,,
20260414185553_0000_031,20260414185553_0000,20260414185553,,3,チーズとクルミ,42,2p,tedashi,1776160650,1458.457,,0,,"[103,95,105,66,99,65,76,18,49,75,81,50,96]",,,,5m 4488p 12367789s,,,,,,,,,,,,,,
20260414185553_0000_032,20260414185553_0000,20260414185553,,0,パシフィック,18,5m,tedashi,1776160655,2267.338,2509.87,0,,"[103,95,105,66,99,65,76,18,49,75,81,50,96,102]",,,,5m 4488p 123677889s,,,,0,0,2,48p,0,,,,,,
20260414185553_0000_033,20260414185553_0000,20260414185553,,1,ここ姫,68,9p,tedashi,1776160661,599.272,5604.863,0,,"[103,95,105,66,99,65,76,49,75,81,50,96,102]",,,,4488p 123677889s,,,,,,,,,,,,,,
