[thread] capture_worker_started
[2026-04-12 05:24:09] capture_start_requested
[2026-04-12 05:24:09] tshark_command_ready: C:\Program Files\Wireshark\tshark -l -i 5 -o tls.keylog_file:C:\tmp\tls.keys -f tcp port 443 -Y websocket -T fields -E separator=/t -e frame.time_epoch -e websocket.payload.text -e text
[2026-04-12 05:24:09] live_error:code=tshark_runtime_message message=TShark runtime message: Capturing on 'Wi-Fi'
[2026-04-12 05:24:09] tshark_runtime_message: TShark runtime message: Capturing on 'Wi-Fi' | raw=Capturing on 'Wi-Fi'
[2026-04-12 05:25:27] snapshot_event: type=init raw={"tag":"INIT","seed":"0,0,0,1,3,27","ten":"250,250,250,250","oya":"1","hai":"60,99,92,38,20,2,63,21,106,119,70,4,52"}
[thread] capture_worker_started
[2026-04-12 05:26:57] capture_start_requested
[2026-04-12 05:26:57] tshark_command_ready: C:\Program Files\Wireshark\tshark -l -i 5 -o tls.keylog_file:C:\tmp\tls.keys -f tcp port 443 -Y websocket -T fields -E separator=/t -e frame.time_epoch -e websocket.payload.text -e text
[2026-04-12 05:26:58] live_error:code=tshark_runtime_message message=TShark runtime message: Capturing on 'Wi-Fi'
[2026-04-12 05:26:58] tshark_runtime_message: TShark runtime message: Capturing on 'Wi-Fi' | raw=Capturing on 'Wi-Fi'
[2026-04-12 05:29:22] snapshot_event: type=init raw={"tag":"INIT","seed":"0,0,0,3,0,13","ten":"250,250,250,250","oya":"1","hai":"40,78,135,9,41,29,114,126,122,80,59,38,103"}
[2026-04-12 05:30:59] snapshot_event: type=init raw={"tag":"INIT","seed":"0,1,0,0,5,97","ten":"230,310,230,230","oya":"1","hai":"67,123,81,89,84,71,42,36,8,27,76,35,47"}
[2026-04-12 05:34:50] snapshot_event: type=init raw={"tag":"INIT","seed":"0,2,0,0,1,133","ten":"212,328,230,230","oya":"1","hai":"70,51,33,40,44,85,53,36,60,34,82,75,5"}
[2026-04-12 05:38:11] live_error:code=db_persist_skipped detail=Traceback (most recent call last):
  File "C:\Users\weath\OneDrive\ドキュメント\tenhou_hojo\src\capture\tshark_capture.py", line 221, in parse_tshark_output_line
    persist_event(db, state, event)
    ~~~~~~~~~~~~~^^^^^^^^^^^^^^^^^^
  File "C:\Users\weath\OneDrive\ドキュメント\tenhou_hojo\src\capture\storage.py", line 2014, in persist_event
    db.persist_event(state, event)
    ~~~~~~~~~~~~~~~~^^^^^^^^^^^^^^
  File "C:\Users\weath\OneDrive\ドキュメント\tenhou_hojo\src\capture\storage.py", line 1991, in persist_event
    self._persist_agari_snapshot(
    ~~~~~~~~~~~~~~~~~~~~~~~~~~~~^
        state,
        ^^^^^^
    ...<4 lines>...
        kyoku_info,
        ^^^^^^^^^^^
    )
    ^
  File "C:\Users\weath\OneDrive\ドキュメント\tenhou_hojo\src\capture\storage.py", line 1924, in _persist_agari_snapshot
    self._agari_fact_row(
    ~~~~~~~~~~~~~~~~~~~~^
        state,
        ^^^^^^
    ...<4 lines>...
        round_state,
        ^^^^^^^^^^^^
    )
    ^
  File "C:\Users\weath\OneDrive\ドキュメント\tenhou_hojo\src\capture\storage.py", line 1854, in _agari_fact_row
    ron_columns, deal_in_discard = _build_agari_ron_danger_columns(
                                   ~~~~~~~~~~~~~~~~~~~~~~~~~~~~~~~^
        state,
        ^^^^^^
    ...<2 lines>...
        kyoku_id,
        ^^^^^^^^^
    )
    ^
TypeError: '<=' not supported between instances of 'int' and 'NoneType' message=DB persist skipped: '<=' not supported between instances of 'int' and 'NoneType'
[2026-04-12 05:38:17] snapshot_event: type=init raw={"tag":"INIT","seed":"1,0,0,2,5,81","ten":"280,318,172,230","oya":"2","hai":"60,55,117,44,68,1,65,22,27,63,52,47,17"}
[2026-04-12 05:42:53] snapshot_event: type=init raw={"tag":"INIT","seed":"2,1,0,0,4,92","ten":"310,308,162,220","oya":"3","hai":"47,21,110,64,38,120,24,104,11,90,36,43,97"}
[2026-04-12 05:44:58] snapshot_event: type=init raw={"tag":"INIT","seed":"3,0,0,2,0,10","ten":"433,277,131,159","oya":"0","hai":"132,34,12,134,63,116,0,6,15,69,95,20,97"}
[2026-04-12 05:45:52] snapshot_event: type=init raw={"tag":"INIT","seed":"3,1,0,5,2,47","ten":"491,277,73,159","oya":"0","hai":"66,128,132,53,109,50,55,8,5,78,18,85,28"}
[2026-04-12 05:47:17] snapshot_event: type=init raw={"tag":"INIT","seed":"4,0,0,4,2,41","ten":"430,400,42,128","oya":"1","hai":"36,37,33,38,86,6,57,84,95,117,110,93,74"}
[thread] capture_worker_started
[2026-04-12 05:49:39] capture_start_requested
[2026-04-12 05:49:39] tshark_command_ready: C:\Program Files\Wireshark\tshark -l -i 5 -o tls.keylog_file:C:\tmp\tls.keys -f tcp port 443 -Y websocket -T fields -E separator=/t -e frame.time_epoch -e websocket.payload.text -e text
[2026-04-12 05:49:40] live_error:code=tshark_runtime_message message=TShark runtime message: Capturing on 'Wi-Fi'
[2026-04-12 05:49:40] tshark_runtime_message: TShark runtime message: Capturing on 'Wi-Fi' | raw=Capturing on 'Wi-Fi'
[2026-04-12 05:50:23] snapshot_event: type=reinit raw={"tag":"REINIT","seed":"0,0,0,2,1,42","ten":"250,250,250,250","oya":"2","hai":"15,26,30,57,72,84,90,92,102,109,112,129,131","kawa0":"123,2","kawa1":"122,75","kawa2":"116,135","kawa3":"1,12"}
[thread] capture_worker_started
[2026-04-12 05:54:21] capture_start_requested
[2026-04-12 05:54:21] tshark_command_ready: C:\Program Files\Wireshark\tshark -l -i 5 -o tls.keylog_file:C:\tmp\tls.keys -f tcp port 443 -Y websocket -T fields -E separator=/t -e frame.time_epoch -e websocket.payload.text -e text
[2026-04-12 05:54:22] live_error:code=tshark_runtime_message message=TShark runtime message: Capturing on 'Wi-Fi'
[2026-04-12 05:54:22] tshark_runtime_message: TShark runtime message: Capturing on 'Wi-Fi' | raw=Capturing on 'Wi-Fi'
[2026-04-12 05:54:37] snapshot_event: type=reinit raw={"tag":"REINIT","seed":"1,1,1,2,4,96","ten":"265,235,235,255","oya":"3","hai":"28,34,39,40,61,67,76,79,101,103","m0":"43018","kawa0":"116,2,134","kawa1":"118,71,120","kawa2":"32,130","kawa3":"0,41,56"}
[2026-04-12 05:57:07] snapshot_event: type=init raw={"tag":"INIT","seed":"2,0,0,0,3,22","ten":"257,227,275,241","oya":"0","hai":"57,53,114,65,88,81,118,7,13,55,116,121,101"}
[2026-04-12 05:59:37] snapshot_event: type=init raw={"tag":"INIT","seed":"2,1,0,5,1,41","ten":"296,227,236,241","oya":"0","hai":"67,111,93,121,28,96,62,127,11,34,73,40,116"}
[2026-04-12 06:01:20] live_error:code=db_persist_skipped detail=Traceback (most recent call last):
  File "C:\Users\weath\OneDrive\ドキュメント\tenhou_hojo\src\capture\tshark_capture.py", line 221, in parse_tshark_output_line
    persist_event(db, state, event)
    ~~~~~~~~~~~~~^^^^^^^^^^^^^^^^^^
  File "C:\Users\weath\OneDrive\ドキュメント\tenhou_hojo\src\capture\storage.py", line 2014, in persist_event
    db.persist_event(state, event)
    ~~~~~~~~~~~~~~~~^^^^^^^^^^^^^^
  File "C:\Users\weath\OneDrive\ドキュメント\tenhou_hojo\src\capture\storage.py", line 1991, in persist_event
    self._persist_agari_snapshot(
    ~~~~~~~~~~~~~~~~~~~~~~~~~~~~^
        state,
        ^^^^^^
    ...<4 lines>...
        kyoku_info,
        ^^^^^^^^^^^
    )
    ^
  File "C:\Users\weath\OneDrive\ドキュメント\tenhou_hojo\src\capture\storage.py", line 1924, in _persist_agari_snapshot
    self._agari_fact_row(
    ~~~~~~~~~~~~~~~~~~~~^
        state,
        ^^^^^^
    ...<4 lines>...
        round_state,
        ^^^^^^^^^^^^
    )
    ^
  File "C:\Users\weath\OneDrive\ドキュメント\tenhou_hojo\src\capture\storage.py", line 1854, in _agari_fact_row
    ron_columns, deal_in_discard = _build_agari_ron_danger_columns(
                                   ~~~~~~~~~~~~~~~~~~~~~~~~~~~~~~~^
        state,
        ^^^^^^
    ...<2 lines>...
        kyoku_id,
        ^^^^^^^^^
    )
    ^
TypeError: '<=' not supported between instances of 'int' and 'NoneType' message=DB persist skipped: '<=' not supported between instances of 'int' and 'NoneType'
[2026-04-12 06:01:26] snapshot_event: type=init raw={"tag":"INIT","seed":"3,0,0,2,5,47","ten":"296,227,278,199","oya":"1","hai":"1,73,127,125,87,69,27,106,50,85,13,116,115"}
[2026-04-12 06:03:07] snapshot_event: type=init raw={"tag":"INIT","seed":"3,1,0,4,1,66","ten":"291,242,273,194","oya":"1","hai":"38,47,112,70,34,65,74,42,87,126,57,76,105"}
[2026-04-12 06:07:00] snapshot_event: type=init raw={"tag":"INIT","seed":"3,2,0,1,2,123","ten":"291,303,273,133","oya":"1","hai":"111,40,134,83,52,29,107,102,50,51,125,80,117"}
[2026-04-12 06:10:54] snapshot_event: type=init raw={"tag":"INIT","seed":"4,0,0,1,3,131","ten":"279,281,319,121","oya":"2","hai":"6,57,95,62,44,36,48,51,53,68,91,63,7"}
[2026-04-12 06:13:32] live_error:code=db_persist_skipped detail=Traceback (most recent call last):
  File "C:\Users\weath\OneDrive\ドキュメント\tenhou_hojo\src\capture\tshark_capture.py", line 221, in parse_tshark_output_line
    persist_event(db, state, event)
    ~~~~~~~~~~~~~^^^^^^^^^^^^^^^^^^
  File "C:\Users\weath\OneDrive\ドキュメント\tenhou_hojo\src\capture\storage.py", line 2014, in persist_event
    db.persist_event(state, event)
    ~~~~~~~~~~~~~~~~^^^^^^^^^^^^^^
  File "C:\Users\weath\OneDrive\ドキュメント\tenhou_hojo\src\capture\storage.py", line 1991, in persist_event
    self._persist_agari_snapshot(
    ~~~~~~~~~~~~~~~~~~~~~~~~~~~~^
        state,
        ^^^^^^
    ...<4 lines>...
        kyoku_info,
        ^^^^^^^^^^^
    )
    ^
  File "C:\Users\weath\OneDrive\ドキュメント\tenhou_hojo\src\capture\storage.py", line 1924, in _persist_agari_snapshot
    self._agari_fact_row(
    ~~~~~~~~~~~~~~~~~~~~^
        state,
        ^^^^^^
    ...<4 lines>...
        round_state,
        ^^^^^^^^^^^^
    )
    ^
  File "C:\Users\weath\OneDrive\ドキュメント\tenhou_hojo\src\capture\storage.py", line 1854, in _agari_fact_row
    ron_columns, deal_in_discard = _build_agari_ron_danger_columns(
                                   ~~~~~~~~~~~~~~~~~~~~~~~~~~~~~~~^
        state,
        ^^^^^^
    ...<2 lines>...
        kyoku_id,
        ^^^^^^^^^
    )
    ^
TypeError: '<=' not supported between instances of 'int' and 'NoneType' message=DB persist skipped: '<=' not supported between instances of 'int' and 'NoneType'
[2026-04-12 06:13:38] snapshot_event: type=init raw={"tag":"INIT","seed":"5,0,0,0,4,40","ten":"269,321,289,121","oya":"3","hai":"120,131,96,113,124,129,101,130,80,7,78,73,91"}
[thread] capture_worker_started
[2026-04-12 06:16:00] capture_start_requested
[2026-04-12 06:16:00] tshark_command_ready: C:\Program Files\Wireshark\tshark -l -i 5 -o tls.keylog_file:C:\tmp\tls.keys -f tcp port 443 -Y websocket -T fields -E separator=/t -e frame.time_epoch -e websocket.payload.text -e text
[2026-04-12 06:16:01] live_error:code=tshark_runtime_message message=TShark runtime message: Capturing on 'Wi-Fi'
[2026-04-12 06:16:01] tshark_runtime_message: TShark runtime message: Capturing on 'Wi-Fi' | raw=Capturing on 'Wi-Fi'
[thread] capture_worker_started
[2026-04-12 06:16:37] capture_start_requested
[2026-04-12 06:16:37] tshark_command_ready: C:\Program Files\Wireshark\tshark -l -i 5 -o tls.keylog_file:C:\tmp\tls.keys -f tcp port 443 -Y websocket -T fields -E separator=/t -e frame.time_epoch -e websocket.payload.text -e text
[2026-04-12 06:16:37] live_error:code=tshark_runtime_message message=TShark runtime message: Capturing on 'Wi-Fi'
[2026-04-12 06:16:37] tshark_runtime_message: TShark runtime message: Capturing on 'Wi-Fi' | raw=Capturing on 'Wi-Fi'
[thread] capture_worker_started
[2026-04-12 06:22:25] capture_start_requested
[2026-04-12 06:22:25] tshark_command_ready: C:\Program Files\Wireshark\tshark -l -i 5 -o tls.keylog_file:C:\tmp\tls.keys -f tcp port 443 -Y websocket -T fields -E separator=/t -e frame.time_epoch -e websocket.payload.text -e text
[2026-04-12 06:22:25] live_error:code=tshark_runtime_message message=TShark runtime message: Capturing on 'Wi-Fi'
[2026-04-12 06:22:25] tshark_runtime_message: TShark runtime message: Capturing on 'Wi-Fi' | raw=Capturing on 'Wi-Fi'
[2026-04-12 06:22:55] snapshot_event: type=init raw={"tag":"INIT","seed":"0,0,0,3,3,20","ten":"250,250,250,250","oya":"3","hai":"16,19,62,41,74,15,18,6,28,92,8,86,10"}
[thread] capture_worker_started
[2026-04-12 06:30:49] capture_start_requested
[2026-04-12 06:30:49] tshark_command_ready: C:\Program Files\Wireshark\tshark -l -i 5 -o tls.keylog_file:C:\tmp\tls.keys -f tcp port 443 -Y websocket -T fields -E separator=/t -e frame.time_epoch -e websocket.payload.text -e text
[2026-04-12 06:30:49] live_error:code=tshark_runtime_message message=TShark runtime message: Capturing on 'Wi-Fi'
[2026-04-12 06:30:49] tshark_runtime_message: TShark runtime message: Capturing on 'Wi-Fi' | raw=Capturing on 'Wi-Fi'
[thread] capture_worker_started
[2026-04-12 06:35:18] capture_start_requested
[2026-04-12 06:35:18] tshark_command_ready: C:\Program Files\Wireshark\tshark -l -i 5 -o tls.keylog_file:C:\tmp\tls.keys -f tcp port 443 -Y websocket -T fields -E separator=/t -e frame.time_epoch -e websocket.payload.text -e text
[2026-04-12 06:35:19] live_error:code=tshark_runtime_message message=TShark runtime message: Capturing on 'Wi-Fi'
[2026-04-12 06:35:19] tshark_runtime_message: TShark runtime message: Capturing on 'Wi-Fi' | raw=Capturing on 'Wi-Fi'
[thread] capture_worker_started
[2026-04-12 06:37:07] capture_start_requested
[2026-04-12 06:37:07] tshark_command_ready: C:\Program Files\Wireshark\tshark -l -i 5 -o tls.keylog_file:C:\tmp\tls.keys -f tcp port 443 -Y websocket -T fields -E separator=/t -e frame.time_epoch -e websocket.payload.text -e text
[2026-04-12 06:37:07] live_error:code=tshark_runtime_message message=TShark runtime message: Capturing on 'Wi-Fi'
[2026-04-12 06:37:07] tshark_runtime_message: TShark runtime message: Capturing on 'Wi-Fi' | raw=Capturing on 'Wi-Fi'
[thread] capture_worker_started
[2026-04-12 06:46:25] capture_start_requested
[2026-04-12 06:46:25] tshark_command_ready: C:\Program Files\Wireshark\tshark -l -i 5 -o tls.keylog_file:C:\tmp\tls.keys -f tcp port 443 -Y websocket -T fields -E separator=/t -e frame.time_epoch -e websocket.payload.text -e text
[2026-04-12 06:46:25] live_error:code=tshark_runtime_message message=TShark runtime message: Capturing on 'Wi-Fi'
[2026-04-12 06:46:25] tshark_runtime_message: TShark runtime message: Capturing on 'Wi-Fi' | raw=Capturing on 'Wi-Fi'
[thread] capture_worker_started
[2026-04-12 06:58:13] capture_start_requested
[2026-04-12 06:58:13] tshark_command_ready: C:\Program Files\Wireshark\tshark -l -i 5 -o tls.keylog_file:C:\tmp\tls.keys -f tcp port 443 -Y websocket -T fields -E separator=/t -e frame.time_epoch -e websocket.payload.text -e text
[2026-04-12 06:58:14] live_error:code=tshark_runtime_message message=TShark runtime message: Capturing on 'Wi-Fi'
[2026-04-12 06:58:14] tshark_runtime_message: TShark runtime message: Capturing on 'Wi-Fi' | raw=Capturing on 'Wi-Fi'
[2026-04-12 06:58:25] snapshot_event: type=reinit raw={"tag":"REINIT","seed":"1,0,0,1,3,93","ten":"250,250,170,330","oya":"3","hai":"1,14,15,32,44,56,60,68,89,96,99,106,126","m2":"49194","kawa0":"85,125,39,18,51","kawa1":"108,2,30,87,83","kawa2":"117,74,88,0,69,70","kawa3":"119,112,40,66,26,42"}
[2026-04-12 06:58:44] snapshot_event: type=init raw={"tag":"INIT","seed":"0,0,0,0,4,8","ten":"250,250,250,250","oya":"3","hai":"129,122,120,9,128,11,113,1,60,93,85,82,4"}
[2026-04-12 06:59:35] snapshot_event: type=reinit raw={"tag":"REINIT","seed":"0,0,0,0,4,8","ten":"250,250,250,250","oya":"3","hai":"1,3,4,9,11,60,82,85,93,120,122,128,129","kawa0":"113,42,54","kawa1":"114,121,97","kawa2":"117,75","kawa3":"106,115,134"}
[thread] capture_worker_started
[2026-04-12 14:37:23] capture_start_requested
[2026-04-12 14:37:23] tshark_command_ready: C:\Program Files\Wireshark\tshark -l -i 5 -o tls.keylog_file:C:\tmp\tls.keys -f tcp port 443 -Y websocket -T fields -E separator=/t -e frame.time_epoch -e websocket.payload.text -e text
[2026-04-12 14:37:23] live_error:code=tshark_runtime_message message=TShark runtime message: Capturing on 'Wi-Fi'
[2026-04-12 14:37:23] tshark_runtime_message: TShark runtime message: Capturing on 'Wi-Fi' | raw=Capturing on 'Wi-Fi'
[2026-04-12 14:38:22] snapshot_event: type=init raw={"tag":"INIT","seed":"0,0,0,1,1,110","ten":"250,250,250,250","oya":"0","hai":"115,57,114,54,118,86,6,11,105,3,134,50,117"}
[2026-04-12 14:38:42] snapshot_event: type=reinit raw={"tag":"REINIT","seed":"0,0,0,1,1,110","ten":"250,250,250,250","oya":"0","hai":"3,6,11,50,54,57,86,105,114,115,117,118,134","kawa0":"41","kawa1":"30","kawa2":"70"}
[thread] capture_worker_started
[2026-04-12 14:39:14] capture_start_requested
[2026-04-12 14:39:14] tshark_command_ready: C:\Program Files\Wireshark\tshark -l -i 5 -o tls.keylog_file:C:\tmp\tls.keys -f tcp port 443 -Y websocket -T fields -E separator=/t -e frame.time_epoch -e websocket.payload.text -e text
[2026-04-12 14:39:15] live_error:code=tshark_runtime_message message=TShark runtime message: Capturing on 'Wi-Fi'
[2026-04-12 14:39:15] tshark_runtime_message: TShark runtime message: Capturing on 'Wi-Fi' | raw=Capturing on 'Wi-Fi'
[2026-04-12 14:39:21] snapshot_event: type=reinit raw={"tag":"REINIT","seed":"0,0,0,1,1,110","ten":"250,250,250,250","oya":"0","hai":"3,6,11,50,54,57,59,86,105,114,115,117,118","kawa0":"41,134,8,116","kawa1":"30,33,36,71","kawa2":"70,35,31,62","kawa3":"119,133,32"}
[2026-04-12 14:40:48] snapshot_event: type=reinit raw={"tag":"REINIT","seed":"1,0,0,5,0,101","ten":"210,230,230,330","oya":"1","hai":"21,25,31,33,53,64,73,74,98,102,106,122,134","kawa0":"38,84,76,58","kawa1":"94,10,100,112,11","kawa2":"39,2,120,65","kawa3":"68,118,26,97"}
[2026-04-12 14:41:31] snapshot_event: type=reinit raw={"tag":"REINIT","seed":"1,0,0,5,0,101","ten":"210,230,230,330","oya":"1","hai":"21,25,31,33,53,73,74,98,102,106,122,123,134","m2":"35914","kawa0":"38,84,76,58,64","kawa1":"94,10,100,112,11,131","kawa2":"39,2,120,65,61,57,16","kawa3":"68,118,26,97,35,0"}
[thread] capture_worker_started
[2026-04-12 14:48:35] capture_start_requested
[2026-04-12 14:48:35] tshark_command_ready: C:\Program Files\Wireshark\tshark -l -i 5 -o tls.keylog_file:C:\tmp\tls.keys -f tcp port 443 -Y websocket -T fields -E separator=/t -e frame.time_epoch -e websocket.payload.text -e text
[2026-04-12 14:48:36] live_error:code=tshark_runtime_message message=TShark runtime message: Capturing on 'Wi-Fi'
[2026-04-12 14:48:36] tshark_runtime_message: TShark runtime message: Capturing on 'Wi-Fi' | raw=Capturing on 'Wi-Fi'
[2026-04-12 14:49:02] snapshot_event: type=init raw={"tag":"INIT","seed":"0,0,0,4,1,15","ten":"250,250,250,250","oya":"3","hai":"109,2,122,10,7,44,89,123,9,100,110,129,74"}
[2026-04-12 14:50:14] snapshot_event: type=reinit raw={"tag":"REINIT","seed":"0,0,0,4,1,15","ten":"250,250,250,250","oya":"3","hai":"2,7,9,10,44,74,89,100,109,110,122,123,129","kawa0":"117,105,30,119","kawa1":"121,114,134,128","kawa2":"39,0,108,75","kawa3":"118,107,132,78"}
[2026-04-12 14:54:54] snapshot_event: type=reinit raw={"tag":"REINIT","seed":"1,1,1,3,1,11","ten":"235,255,265,235","oya":"0","hai":"3,6,8,22,33,42,79,88,92,108,116,123,129","kawa0":"107,94,113,128,66","kawa1":"69,70,112,110,134","kawa2":"121,118,35,122,28","kawa3":"37,125,120,109,132"}
[2026-04-12 14:55:15] snapshot_event: type=reinit raw={"tag":"REINIT","seed":"1,1,1,3,1,11","ten":"235,255,265,235","oya":"0","hai":"3,6,8,22,33,42,79,88,92,108,116,123,129","kawa0":"107,94,113,128,66,124","kawa1":"69,70,112,110,134,56","kawa2":"121,118,35,122,28","kawa3":"37,125,120,109,132"}
[thread] capture_worker_started
[2026-04-12 15:05:53] capture_start_requested
[2026-04-12 15:05:53] tshark_command_ready: C:\Program Files\Wireshark\tshark -l -i 5 -o tls.keylog_file:C:\tmp\tls.keys -f tcp port 443 -Y websocket -T fields -E separator=/t -e frame.time_epoch -e websocket.payload.text -e text
[2026-04-12 15:05:54] live_error:code=tshark_runtime_message message=TShark runtime message: Capturing on 'Wi-Fi'
[2026-04-12 15:05:54] tshark_runtime_message: TShark runtime message: Capturing on 'Wi-Fi' | raw=Capturing on 'Wi-Fi'
[thread] capture_worker_started
[2026-04-12 15:06:19] capture_start_requested
[2026-04-12 15:06:19] tshark_command_ready: C:\Program Files\Wireshark\tshark -l -i 5 -o tls.keylog_file:C:\tmp\tls.keys -f tcp port 443 -Y websocket -T fields -E separator=/t -e frame.time_epoch -e websocket.payload.text -e text
[2026-04-12 15:06:20] live_error:code=tshark_runtime_message message=TShark runtime message: Capturing on 'Wi-Fi'
[2026-04-12 15:06:20] tshark_runtime_message: TShark runtime message: Capturing on 'Wi-Fi' | raw=Capturing on 'Wi-Fi'
[2026-04-12 15:06:37] snapshot_event: type=reinit raw={"tag":"REINIT","seed":"0,0,0,4,1,4","ten":"250,250,250,250","oya":"1","hai":"38,47,52,67,68,70,77,106,112,113,118,124,133","kawa1":"116"}
[thread] capture_worker_started
[2026-04-12 15:10:21] capture_start_requested
[2026-04-12 15:10:21] tshark_command_ready: C:\Program Files\Wireshark\tshark -l -i 5 -o tls.keylog_file:C:\tmp\tls.keys -f tcp port 443 -Y websocket -T fields -E separator=/t -e frame.time_epoch -e websocket.payload.text -e text
[2026-04-12 15:10:21] live_error:code=tshark_runtime_message message=TShark runtime message: Capturing on 'Wi-Fi'
[2026-04-12 15:10:21] tshark_runtime_message: TShark runtime message: Capturing on 'Wi-Fi' | raw=Capturing on 'Wi-Fi'
[thread] capture_worker_started
[2026-04-12 15:11:16] capture_start_requested
[2026-04-12 15:11:16] tshark_command_ready: C:\Program Files\Wireshark\tshark -l -i 5 -o tls.keylog_file:C:\tmp\tls.keys -f tcp port 443 -Y websocket -T fields -E separator=/t -e frame.time_epoch -e websocket.payload.text -e text
[2026-04-12 15:11:16] live_error:code=tshark_runtime_message message=TShark runtime message: Capturing on 'Wi-Fi'
[2026-04-12 15:11:16] tshark_runtime_message: TShark runtime message: Capturing on 'Wi-Fi' | raw=Capturing on 'Wi-Fi'
[2026-04-12 15:11:46] snapshot_event: type=reinit raw={"tag":"REINIT","seed":"1,1,0,2,0,33","ten":"192,250,357,201","oya":"2","hai":"8,10,11,47,68,72,74,83,91,95,98,104,112","kawa0":"88","kawa1":"131","kawa2":"38","kawa3":"107"}
[thread] capture_worker_started
[2026-04-12 15:19:08] capture_start_requested
[2026-04-12 15:19:08] tshark_command_ready: C:\Program Files\Wireshark\tshark -l -i 5 -o tls.keylog_file:C:\tmp\tls.keys -f tcp port 443 -Y websocket -T fields -E separator=/t -e frame.time_epoch -e websocket.payload.text -e text
[2026-04-12 15:19:09] live_error:code=tshark_runtime_message message=TShark runtime message: Capturing on 'Wi-Fi'
[2026-04-12 15:19:09] tshark_runtime_message: TShark runtime message: Capturing on 'Wi-Fi' | raw=Capturing on 'Wi-Fi'
[2026-04-12 15:19:26] snapshot_event: type=reinit raw={"tag":"REINIT","seed":"4,0,0,0,0,34","ten":"115,160,408,317","oya":"1","hai":"1,5,7,23,39,43,53,61,68,80,112,117,120","m1":"24619","kawa0":"46,35,98,99,2","kawa1":"123,33,109,132,47,82,126","kawa2":"71,133,125,51,95,11,17","kawa3":"4,54,21,63,12,70"}
[2026-04-12 15:19:37] snapshot_event: type=reinit raw={"tag":"REINIT","seed":"4,0,0,0,0,34","ten":"115,160,408,317","oya":"1","hai":"1,5,7,23,39,43,53,61,68,80,112,117,120","m1":"24619","kawa0":"46,35,98,99,2,65","kawa1":"123,33,109,132,47,82,126,89","kawa2":"71,133,125,51,95,11,17","kawa3":"4,54,21,63,12,70,9"}
[2026-04-12 15:20:12] snapshot_event: type=init raw={"tag":"INIT","seed":"0,0,0,4,0,45","ten":"250,250,250,250","oya":"1","hai":"44,111,51,98,14,12,117,78,23,42,33,57,1"}
[2026-04-12 15:20:33] snapshot_event: type=reinit raw={"tag":"REINIT","seed":"0,0,0,4,0,45","ten":"250,250,250,250","oya":"1","hai":"1,12,14,23,33,42,44,51,57,78,98,111,117","kawa0":"91","kawa1":"121","kawa2":"119","kawa3":"118"}
[2026-04-12 15:22:06] live_error:code=tshark_runtime_message message=TShark runtime message: 106 packets captured
[2026-04-12 15:22:06] tshark_runtime_message: TShark runtime message: 106 packets captured | raw=106 packets captured
[2026-04-12 15:22:06] capture_process_exited
[thread] capture_worker_started
[2026-04-12 15:24:11] capture_start_requested
[2026-04-12 15:24:11] tshark_command_ready: C:\Program Files\Wireshark\tshark -l -i 5 -o tls.keylog_file:C:\tmp\tls.keys -f tcp port 443 -Y websocket -T fields -E separator=/t -e frame.time_epoch -e websocket.payload.text -e text
[2026-04-12 15:24:11] live_error:code=tshark_runtime_message message=TShark runtime message: Capturing on 'Wi-Fi'
[2026-04-12 15:24:11] tshark_runtime_message: TShark runtime message: Capturing on 'Wi-Fi' | raw=Capturing on 'Wi-Fi'
[2026-04-12 15:24:19] snapshot_event: type=reinit raw={"tag":"REINIT","seed":"1,0,0,4,5,5","ten":"237,224,237,302","oya":"2","hai":"19,50,51,66,78,82,90,93,99,104,117,119,130","m2":"59799","kawa0":"128,91,92,106,44","kawa1":"102,129,98,85","kawa2":"116,72,115,135,127","kawa3":"107,120,2,65,121"}
[2026-04-12 15:24:40] snapshot_event: type=reinit raw={"tag":"REINIT","seed":"1,0,0,4,5,5","ten":"237,224,237,302","oya":"2","hai":"19,50,51,66,78,82,90,93,99,104,117,119,130","m2":"59799","kawa0":"128,91,92,106,44,134","kawa1":"102,129,98,85,53","kawa2":"116,72,115,135,127,89","kawa3":"107,120,2,65,121,97"}
[2026-04-12 15:25:11] snapshot_event: type=reinit raw={"tag":"REINIT","seed":"1,0,0,4,5,5","ten":"237,224,237,302","oya":"2","hai":"19,50,51,66,78,82,90,93,99,104,117,119,130","m2":"59799","kawa0":"128,91,92,106,44,134,86","kawa1":"102,129,98,85,53,79","kawa2":"116,72,115,135,127,89,67,71","kawa3":"107,120,2,65,121,97,37"}
[2026-04-12 15:25:41] snapshot_event: type=init raw={"tag":"INIT","seed":"0,0,0,1,5,42","ten":"250,250,250,250","oya":"2","hai":"67,65,3,127,22,18,59,98,35,66,13,101,115"}
[2026-04-12 15:26:10] snapshot_event: type=reinit raw={"tag":"REINIT","seed":"0,0,0,1,5,42","ten":"250,250,250,250","oya":"2","hai":"3,13,18,22,41,59,65,66,67,98,101,115,127","m3":"42399","kawa0":"35","kawa1":"124","kawa2":"32","kawa3":"11,73"}
[thread] capture_worker_started
[2026-04-12 15:28:21] capture_start_requested
[2026-04-12 15:28:21] tshark_command_ready: C:\Program Files\Wireshark\tshark -l -i 5 -o tls.keylog_file:C:\tmp\tls.keys -f tcp port 443 -Y websocket -T fields -E separator=/t -e frame.time_epoch -e websocket.payload.text -e text
[2026-04-12 15:28:22] live_error:code=tshark_runtime_message message=TShark runtime message: Capturing on 'Wi-Fi'
[2026-04-12 15:28:22] tshark_runtime_message: TShark runtime message: Capturing on 'Wi-Fi' | raw=Capturing on 'Wi-Fi'
[2026-04-12 15:28:28] snapshot_event: type=reinit raw={"tag":"REINIT","seed":"0,0,1,1,5,42","ten":"250,240,250,250","oya":"2","hai":"3,5,13,18,22,41,59,65,66,67,101,115,127","m3":"49195,42399","kawa0":"35,98,100,39,105,112,53,87,29,34","kawa1":"124,56,26,86,61,123,70,15,24,255,93","kawa2":"32,77,36,113,109,120,135,134","kawa3":"11,73,4,33,111,68,54,45,132,95"}
[2026-04-12 15:28:53] snapshot_event: type=init raw={"tag":"INIT","seed":"1,0,0,4,1,130","ten":"230,330,210,230","oya":"3","hai":"116,34,85,62,4,53,51,131,57,59,42,103,99"}
[2026-04-12 15:29:22] snapshot_event: type=reinit raw={"tag":"REINIT","seed":"1,0,0,4,1,130","ten":"230,330,210,230","oya":"3","hai":"4,15,22,51,53,57,59,62,85,99,103,116,131","kawa0":"42,34","kawa1":"129","kawa2":"113","kawa3":"67,73"}
[2026-04-12 15:29:44] snapshot_event: type=init raw={"tag":"INIT","seed":"0,0,0,0,0,108","ten":"250,250,250,250","oya":"1","hai":"23,0,114,67,135,31,26,49,22,46,134,93,9"}
[thread] capture_worker_started
[2026-04-12 15:43:29] capture_start_requested
[2026-04-12 15:43:29] tshark_command_ready: C:\Program Files\Wireshark\tshark -l -i 5 -o tls.keylog_file:C:\tmp\tls.keys -f tcp port 443 -Y websocket -T fields -E separator=/t -e frame.time_epoch -e websocket.payload.text -e text
[2026-04-12 15:43:30] live_error:code=tshark_runtime_message message=TShark runtime message: Capturing on 'Wi-Fi'
[2026-04-12 15:43:30] tshark_runtime_message: TShark runtime message: Capturing on 'Wi-Fi' | raw=Capturing on 'Wi-Fi'
[2026-04-12 15:43:52] snapshot_event: type=reinit raw={"tag":"REINIT","seed":"4,0,0,3,0,6","ten":"97,371,287,245","oya":"1","hai":"28,40,52,55,58,63,67,69,71,72,78,118,125","kawa0":"82,119","kawa1":"74,1,43","kawa2":"110,108,75","kawa3":"133,33,34"}
[2026-04-12 15:44:06] snapshot_event: type=reinit raw={"tag":"REINIT","seed":"4,0,0,3,0,6","ten":"97,371,287,245","oya":"1","hai":"28,35,40,52,55,58,63,67,69,71,78,118,125","kawa0":"82,119,72","kawa1":"74,1,43,131","kawa2":"110,108,75,97","kawa3":"133,33,34,98"}
[thread] capture_worker_started
[2026-04-12 15:44:54] capture_start_requested
[2026-04-12 15:44:54] tshark_command_ready: C:\Program Files\Wireshark\tshark -l -i 5 -o tls.keylog_file:C:\tmp\tls.keys -f tcp port 443 -Y websocket -T fields -E separator=/t -e frame.time_epoch -e websocket.payload.text -e text
[2026-04-12 15:44:54] live_error:code=tshark_runtime_message message=TShark runtime message: Capturing on 'Wi-Fi'
[2026-04-12 15:44:54] tshark_runtime_message: TShark runtime message: Capturing on 'Wi-Fi' | raw=Capturing on 'Wi-Fi'
[2026-04-12 15:45:05] snapshot_event: type=reinit raw={"tag":"REINIT","seed":"4,0,1,3,0,6","ten":"97,361,287,245","oya":"1","hai":"16,28,35,52,55,58,63,67,69,78,93,118,125","kawa0":"82,119,72,71,91,40","kawa1":"74,1,43,131,102,80,255,56","kawa2":"110,108,75,97,70,68,121","kawa3":"133,33,34,98,73,111"}
[2026-04-12 15:46:07] snapshot_event: type=reinit raw={"tag":"REINIT","seed":"4,0,1,3,0,6","ten":"97,361,287,245","oya":"1","hai":"16,28,35,41,52,55,58,78,93,125","m0":"40175","kawa0":"82,119,72,71,91,40,63,118,135,13,130,127","kawa1":"74,1,43,131,102,80,255,56,64,29,103,24,85,37","kawa2":"110,108,75,97,70,68,121,120,36,134,126,59,53","kawa3":"133,33,34,98,73,111,57,62,60,15,26"}
[thread] capture_worker_started
[2026-04-12 15:53:15] capture_start_requested
[2026-04-12 15:53:15] tshark_command_ready: C:\Program Files\Wireshark\tshark -l -i 5 -o tls.keylog_file:C:\tmp\tls.keys -f tcp port 443 -Y websocket -T fields -E separator=/t -e frame.time_epoch -e websocket.payload.text -e text
[2026-04-12 15:53:16] live_error:code=tshark_runtime_message message=TShark runtime message: Capturing on 'Wi-Fi'
[2026-04-12 15:53:16] tshark_runtime_message: TShark runtime message: Capturing on 'Wi-Fi' | raw=Capturing on 'Wi-Fi'
[2026-04-12 15:53:26] snapshot_event: type=init raw={"tag":"INIT","seed":"0,0,0,5,4,124","ten":"250,250,250,250","oya":"2","hai":"15,115,42,78,21,64,28,57,36,37,106,102,68"}
[2026-04-12 15:53:49] snapshot_event: type=reinit raw={"tag":"REINIT","seed":"0,0,0,5,4,124","ten":"250,250,250,250","oya":"2","hai":"15,21,28,36,37,42,57,64,68,78,102,106,115","kawa0":"116","kawa1":"107","kawa2":"69","kawa3":"118"}
[thread] capture_worker_started
[2026-04-12 15:53:56] capture_start_requested
[2026-04-12 15:53:56] tshark_command_ready: C:\Program Files\Wireshark\tshark -l -i 5 -o tls.keylog_file:C:\tmp\tls.keys -f tcp port 443 -Y websocket -T fields -E separator=/t -e frame.time_epoch -e websocket.payload.text -e text
[2026-04-12 15:53:57] live_error:code=tshark_runtime_message message=TShark runtime message: Capturing on 'Wi-Fi'
[2026-04-12 15:53:57] tshark_runtime_message: TShark runtime message: Capturing on 'Wi-Fi' | raw=Capturing on 'Wi-Fi'
[2026-04-12 15:54:04] snapshot_event: type=reinit raw={"tag":"REINIT","seed":"0,0,0,5,4,124","ten":"250,250,250,250","oya":"2","hai":"15,21,28,36,37,42,51,57,64,68,102,106,115","kawa0":"116,78","kawa1":"107,7","kawa2":"69,30","kawa3":"118,1"}
[thread] capture_worker_started
[2026-04-12 17:13:32] capture_start_requested
[2026-04-12 17:13:32] tshark_command_ready: C:\Program Files\Wireshark\tshark -l -i 5 -o tls.keylog_file:C:\tmp\tls.keys -f tcp port 443 -Y websocket -T fields -E separator=/t -e frame.time_epoch -e websocket.payload.text -e text
[2026-04-12 17:13:33] live_error:code=tshark_runtime_message message=TShark runtime message: Capturing on 'Wi-Fi'
[2026-04-12 17:13:33] tshark_runtime_message: TShark runtime message: Capturing on 'Wi-Fi' | raw=Capturing on 'Wi-Fi'
[thread] capture_worker_started
[2026-04-12 19:35:43] capture_start_requested
[2026-04-12 19:35:43] tshark_command_ready: C:\Program Files\Wireshark\tshark -l -i 5 -o tls.keylog_file:C:\tmp\tls.keys -f tcp port 443 -Y websocket -T fields -E separator=/t -e frame.time_epoch -e websocket.payload.text -e text
[2026-04-12 19:35:44] live_error:code=tshark_runtime_message message=TShark runtime message: Capturing on 'Wi-Fi'
[2026-04-12 19:35:44] tshark_runtime_message: TShark runtime message: Capturing on 'Wi-Fi' | raw=Capturing on 'Wi-Fi'
[thread] capture_worker_started
[2026-04-12 19:36:31] capture_start_requested
[2026-04-12 19:36:31] tshark_command_ready: C:\Program Files\Wireshark\tshark -l -i 5 -o tls.keylog_file:C:\tmp\tls.keys -f tcp port 443 -Y websocket -T fields -E separator=/t -e frame.time_epoch -e websocket.payload.text -e text
[2026-04-12 19:36:32] live_error:code=tshark_runtime_message message=TShark runtime message: Capturing on 'Wi-Fi'
[2026-04-12 19:36:32] tshark_runtime_message: TShark runtime message: Capturing on 'Wi-Fi' | raw=Capturing on 'Wi-Fi'
[2026-04-12 19:37:07] snapshot_event: type=init raw={"tag":"INIT","seed":"0,0,0,3,0,39","ten":"250,250,250,250","oya":"0","hai":"49,21,69,122,45,118,20,120,130,27,76,94,81"}
[2026-04-12 19:37:45] snapshot_event: type=reinit raw={"tag":"REINIT","seed":"0,0,0,3,0,39","ten":"250,250,250,250","oya":"0","hai":"20,21,27,45,49,55,69,76,81,94,120,122,130","kawa0":"118,110","kawa1":"66,32","kawa2":"37,119","kawa3":"114"}
[thread] capture_worker_started
[2026-04-12 19:38:15] capture_start_requested
[2026-04-12 19:38:15] tshark_command_ready: C:\Program Files\Wireshark\tshark -l -i 5 -o tls.keylog_file:C:\tmp\tls.keys -f tcp port 443 -Y websocket -T fields -E separator=/t -e frame.time_epoch -e websocket.payload.text -e text
[2026-04-12 19:38:16] live_error:code=tshark_runtime_message message=TShark runtime message: Capturing on 'Wi-Fi'
[2026-04-12 19:38:16] tshark_runtime_message: TShark runtime message: Capturing on 'Wi-Fi' | raw=Capturing on 'Wi-Fi'
[2026-04-12 19:38:26] snapshot_event: type=reinit raw={"tag":"REINIT","seed":"0,0,0,3,0,39","ten":"250,250,250,250","oya":"0","hai":"20,21,27,45,49,55,69,76,81,94,120,122,130","m1":"51819","kawa0":"118,110,60","kawa1":"66,32,123,17","kawa2":"37,119,102","kawa3":"114,117,109"}
[thread] capture_worker_started
[2026-04-12 21:39:14] capture_start_requested
[2026-04-12 21:39:14] tshark_command_ready: C:\Program Files\Wireshark\tshark -l -i 5 -o tls.keylog_file:C:\tmp\tls.keys -f tcp port 443 -Y websocket -T fields -E separator=/t -e frame.time_epoch -e websocket.payload.text -e text
[2026-04-12 21:39:17] live_error:code=tshark_runtime_message message=TShark runtime message: Capturing on 'Wi-Fi'
[2026-04-12 21:39:17] tshark_runtime_message: TShark runtime message: Capturing on 'Wi-Fi' | raw=Capturing on 'Wi-Fi'
[2026-04-12 21:39:33] snapshot_event: type=init raw={"tag":"INIT","seed":"0,0,0,3,4,66","ten":"250,250,250,250","oya":"0","hai":"23,32,72,11,135,22,128,33,58,88,6,51,26"}
[2026-04-12 21:39:40] snapshot_event: type=reinit raw={"tag":"REINIT","seed":"0,0,0,3,4,66","ten":"250,250,250,250","oya":"0","hai":"6,11,22,23,26,32,33,51,58,72,88,128,135","kawa0":"89","kawa1":"108"}
[2026-04-12 21:39:57] snapshot_event: type=reinit raw={"tag":"REINIT","seed":"0,0,0,3,4,66","ten":"250,250,250,250","oya":"0","hai":"6,11,22,23,26,32,33,51,58,72,88,128,135","kawa0":"89,99","kawa1":"108,104","kawa2":"121","kawa3":"115"}
[thread] capture_worker_started
[2026-04-12 21:40:35] capture_start_requested
[2026-04-12 21:40:36] tshark_command_ready: C:\Program Files\Wireshark\tshark -l -i 5 -o tls.keylog_file:C:\tmp\tls.keys -f tcp port 443 -Y websocket -T fields -E separator=/t -e frame.time_epoch -e websocket.payload.text -e text
[2026-04-12 21:40:36] live_error:code=tshark_runtime_message message=TShark runtime message: Capturing on 'Wi-Fi'
[2026-04-12 21:40:36] tshark_runtime_message: TShark runtime message: Capturing on 'Wi-Fi' | raw=Capturing on 'Wi-Fi'
[2026-04-12 21:40:48] snapshot_event: type=reinit raw={"tag":"REINIT","seed":"0,0,0,3,4,66","ten":"250,250,250,250","oya":"0","hai":"6,11,22,23,26,32,33,35,58,72,88,128,135","m2":"45673","kawa0":"89,99,51,102,52","kawa1":"108,104,130,77,112","kawa2":"121,105,111,39,113","kawa3":"115,28,75,109"}
[2026-04-12 21:41:13] snapshot_event: type=init raw={"tag":"INIT","seed":"0,0,0,5,4,86","ten":"250,250,250,250","oya":"2","hai":"132,16,78,80,50,56,34,88,97,27,33,4,116"}
[2026-04-12 21:41:35] snapshot_event: type=reinit raw={"tag":"REINIT","seed":"0,0,0,5,4,86","ten":"250,250,250,250","oya":"2","hai":"4,16,27,33,34,50,56,78,80,88,97,116,132","kawa0":"48","kawa2":"119","kawa3":"110"}
[thread] capture_worker_started
[2026-04-12 21:43:15] capture_start_requested
[2026-04-12 21:43:15] tshark_command_ready: C:\Program Files\Wireshark\tshark -l -i 5 -o tls.keylog_file:C:\tmp\tls.keys -f tcp port 443 -Y websocket -T fields -E separator=/t -e frame.time_epoch -e websocket.payload.text -e text
[2026-04-12 21:43:16] live_error:code=tshark_runtime_message message=TShark runtime message: Capturing on 'Wi-Fi'
[2026-04-12 21:43:16] tshark_runtime_message: TShark runtime message: Capturing on 'Wi-Fi' | raw=Capturing on 'Wi-Fi'
[2026-04-12 21:43:22] snapshot_event: type=reinit raw={"tag":"REINIT","seed":"0,0,0,5,4,86","ten":"250,250,250,250","oya":"2","hai":"4,16,27,33,34,50,56,78,80,88,97,109,116","kawa0":"48,132,95,129,28,118,26,10","kawa1":"105,0,42,111,3,115,2,125","kawa2":"119,39,127,24,43,20,72,51,21","kawa3":"110,128,113,70,44,130,82,75,37"}
[2026-04-12 21:43:35] snapshot_event: type=reinit raw={"tag":"REINIT","seed":"0,0,0,5,4,86","ten":"250,250,250,250","oya":"2","hai":"4,16,27,33,34,50,56,78,80,88,97,109,116","kawa0":"48,132,95,129,28,118,26,10,94","kawa1":"105,0,42,111,3,115,2,125,73","kawa2":"119,39,127,24,43,20,72,51,21","kawa3":"110,128,113,70,44,130,82,75,37"}
[thread] capture_worker_started
[2026-04-13 00:01:14] capture_start_requested
[2026-04-13 00:01:14] tshark_command_ready: C:\Program Files\Wireshark\tshark -l -i 5 -o tls.keylog_file:C:\tmp\tls.keys -f tcp port 443 -Y websocket -T fields -E separator=/t -e frame.time_epoch -e websocket.payload.text -e text
[2026-04-13 00:01:15] live_error:code=tshark_runtime_message message=TShark runtime message: Capturing on 'Wi-Fi'
[2026-04-13 00:01:15] tshark_runtime_message: TShark runtime message: Capturing on 'Wi-Fi' | raw=Capturing on 'Wi-Fi'
[thread] capture_worker_started
[2026-04-13 00:02:27] capture_start_requested
[2026-04-13 00:02:27] tshark_command_ready: C:\Program Files\Wireshark\tshark -l -i 5 -o tls.keylog_file:C:\tmp\tls.keys -f tcp port 443 -Y websocket -T fields -E separator=/t -e frame.time_epoch -e websocket.payload.text -e text
[2026-04-13 00:02:28] live_error:code=tshark_runtime_message message=TShark runtime message: Capturing on 'Wi-Fi'
[2026-04-13 00:02:28] tshark_runtime_message: TShark runtime message: Capturing on 'Wi-Fi' | raw=Capturing on 'Wi-Fi'
[2026-04-13 00:03:12] snapshot_event: type=init raw={"tag":"INIT","seed":"0,0,0,1,1,84","ten":"250,250,250,250","oya":"1","hai":"106,103,77,42,21,100,19,87,49,129,45,6,24"}
[2026-04-13 00:03:52] snapshot_event: type=reinit raw={"tag":"REINIT","seed":"0,0,0,1,1,84","ten":"250,250,250,250","oya":"1","hai":"6,19,21,24,42,45,49,77,87,96,100,106,129","kawa0":"103","kawa1":"112,1","kawa2":"108,35","kawa3":"3"}
[thread] capture_worker_started
[2026-04-13 02:14:31] capture_start_requested
[2026-04-13 02:14:31] tshark_command_ready: C:\Program Files\Wireshark\tshark -l -i 5 -o tls.keylog_file:C:\tmp\tls.keys -f tcp port 443 -Y websocket -T fields -E separator=/t -e frame.time_epoch -e websocket.payload.text -e text
[2026-04-13 02:14:32] live_error:code=tshark_runtime_message message=TShark runtime message: Capturing on 'Wi-Fi'
[2026-04-13 02:14:32] tshark_runtime_message: TShark runtime message: Capturing on 'Wi-Fi' | raw=Capturing on 'Wi-Fi'
[thread] capture_worker_started
[2026-04-13 02:15:46] capture_start_requested
[2026-04-13 02:15:46] tshark_command_ready: C:\Program Files\Wireshark\tshark -l -i 5 -o tls.keylog_file:C:\tmp\tls.keys -f tcp port 443 -Y websocket -T fields -E separator=/t -e frame.time_epoch -e websocket.payload.text -e text
[2026-04-13 02:15:47] live_error:code=tshark_runtime_message message=TShark runtime message: Capturing on 'Wi-Fi'
[2026-04-13 02:15:47] tshark_runtime_message: TShark runtime message: Capturing on 'Wi-Fi' | raw=Capturing on 'Wi-Fi'
[2026-04-13 02:16:31] snapshot_event: type=init raw={"tag":"INIT","seed":"0,0,0,5,4,48","ten":"250,250,250,250","oya":"2","hai":"111,15,91,66,36,103,59,18,21,125,113,17,105"}
[thread] capture_worker_started
[2026-04-13 02:21:36] capture_start_requested
[2026-04-13 02:21:36] tshark_command_ready: C:\Program Files\Wireshark\tshark -l -i 5 -o tls.keylog_file:C:\tmp\tls.keys -f tcp port 443 -Y websocket -T fields -E separator=/t -e frame.time_epoch -e websocket.payload.text -e text
[2026-04-13 02:21:37] live_error:code=tshark_runtime_message message=TShark runtime message: Capturing on 'Wi-Fi'
[2026-04-13 02:21:37] tshark_runtime_message: TShark runtime message: Capturing on 'Wi-Fi' | raw=Capturing on 'Wi-Fi'
[2026-04-13 02:21:44] snapshot_event: type=reinit raw={"tag":"REINIT","seed":"1,1,1,1,2,36","ten":"240,240,240,270","oya":"3","hai":"2,6,13,18,50,54,56,63,64,72,123,128,132","kawa0":"47,48,24,97","kawa1":"119,107,124,71","kawa2":"117,0,33,70","kawa3":"98,38,53,116"}
[thread] capture_worker_started
[2026-04-13 02:23:06] capture_start_requested
[2026-04-13 02:23:06] tshark_command_ready: C:\Program Files\Wireshark\tshark -l -i 5 -o tls.keylog_file:C:\tmp\tls.keys -f tcp port 443 -Y websocket -T fields -E separator=/t -e frame.time_epoch -e websocket.payload.text -e text
[2026-04-13 02:23:07] live_error:code=tshark_runtime_message message=TShark runtime message: Capturing on 'Wi-Fi'
[2026-04-13 02:23:07] tshark_runtime_message: TShark runtime message: Capturing on 'Wi-Fi' | raw=Capturing on 'Wi-Fi'
[2026-04-13 02:23:22] snapshot_event: type=reinit raw={"tag":"REINIT","seed":"1,1,1,1,2,36","ten":"240,240,240,270","oya":"3","hai":"2,6,13,18,52,56,63,64,72,75","m0":"33239","m3":"47113,41515","kawa0":"47,48,24,97,128,100,132","kawa1":"119,107,124,71,129,69,73","kawa2":"117,0,33,70,130,49","kawa3":"98,38,53,116,78,82,46"}
[2026-04-13 02:24:16] snapshot_event: type=init raw={"tag":"INIT","seed":"1,2,0,4,4,21","ten":"179,240,240,341","oya":"3","hai":"102,65,91,130,85,94,126,123,74,0,125,13,88"}
[thread] capture_worker_started
[2026-04-13 02:30:43] capture_start_requested
[2026-04-13 02:30:43] tshark_command_ready: C:\Program Files\Wireshark\tshark -l -i 5 -o tls.keylog_file:C:\tmp\tls.keys -f tcp port 443 -Y websocket -T fields -E separator=/t -e frame.time_epoch -e websocket.payload.text -e text
[2026-04-13 02:30:44] live_error:code=tshark_runtime_message message=TShark runtime message: Capturing on 'Wi-Fi'
[2026-04-13 02:30:44] tshark_runtime_message: TShark runtime message: Capturing on 'Wi-Fi' | raw=Capturing on 'Wi-Fi'
[2026-04-13 02:30:55] snapshot_event: type=reinit raw={"tag":"REINIT","seed":"2,0,0,0,5,56","ten":"172,266,233,329","oya":"0","hai":"19,22,29,38,48,66,75,93,95,105,126,128,129","kawa0":"71,1,132,7,45,80,36,60,16,55,116","kawa1":"119,39,106,104,114,125,68,135,110,0,26","kawa2":"113,73,134,111,127,131,13,117,46,115,112","kawa3":"118,77,32,37,53,40,59,122,72,27"}
[2026-04-13 02:31:11] snapshot_event: type=init raw={"tag":"INIT","seed":"0,0,0,2,2,126","ten":"250,250,250,250","oya":"1","hai":"48,97,4,107,23,5,79,17,51,71,33,3,85"}
[2026-04-13 02:33:48] snapshot_event: type=init raw={"tag":"INIT","seed":"0,1,0,5,2,71","ten":"211,289,250,250","oya":"1","hai":"55,119,26,16,40,81,68,84,60,95,45,20,11"}
[2026-04-13 02:38:05] snapshot_event: type=init raw={"tag":"INIT","seed":"0,2,1,1,4,91","ten":"221,289,220,260","oya":"1","hai":"9,59,88,28,32,95,125,47,42,65,27,55,105"}
[thread] capture_worker_started
[2026-04-13 02:38:42] capture_start_requested
[2026-04-13 02:38:43] tshark_command_ready: C:\Program Files\Wireshark\tshark -l -i 5 -o tls.keylog_file:C:\tmp\tls.keys -f tcp port 443 -Y websocket -T fields -E separator=/t -e frame.time_epoch -e websocket.payload.text -e text
[2026-04-13 02:38:43] live_error:code=tshark_runtime_message message=TShark runtime message: Capturing on 'Wi-Fi'
[2026-04-13 02:38:43] tshark_runtime_message: TShark runtime message: Capturing on 'Wi-Fi' | raw=Capturing on 'Wi-Fi'
[2026-04-13 02:38:58] snapshot_event: type=reinit raw={"tag":"REINIT","seed":"0,2,1,1,4,91","ten":"221,289,220,260","oya":"1","hai":"9,27,28,32,40,42,47,55,59,65,88,95,125","m1":"41482,33927","m2":"3279,43051","kawa0":"4,105","kawa1":"133,41,86","kawa2":"118,77,107,46,124","kawa3":"68,1,6"}
[2026-04-13 02:39:11] snapshot_event: type=init raw={"tag":"INIT","seed":"0,3,0,3,4,2","ten":"99,421,220,260","oya":"1","hai":"129,39,1,112,40,66,83,7,94,82,130,10,117"}
[thread] capture_worker_started
[2026-04-13 02:42:43] capture_start_requested
[2026-04-13 02:42:43] tshark_command_ready: C:\Program Files\Wireshark\tshark -l -i 5 -o tls.keylog_file:C:\tmp\tls.keys -f tcp port 443 -Y websocket -T fields -E separator=/t -e frame.time_epoch -e websocket.payload.text -e text
[2026-04-13 02:42:43] live_error:code=tshark_runtime_message message=TShark runtime message: Capturing on 'Wi-Fi'
[2026-04-13 02:42:43] tshark_runtime_message: TShark runtime message: Capturing on 'Wi-Fi' | raw=Capturing on 'Wi-Fi'
[2026-04-13 02:42:49] snapshot_event: type=reinit raw={"tag":"REINIT","seed":"1,4,0,5,2,9","ten":"89,411,250,250","oya":"2","hai":"6,18,45,61,72,73,77,96,104,108,109,119,123","kawa2":"116","kawa3":"34"}
[2026-04-13 02:44:08] snapshot_event: type=init raw={"tag":"INIT","seed":"2,0,0,3,2,11","ten":"65,503,206,226","oya":"3","hai":"118,42,110,59,116,109,89,64,128,48,39,77,113"}
[2026-04-13 02:44:36] snapshot_event: type=reinit raw={"tag":"REINIT","seed":"2,0,0,3,2,11","ten":"65,503,206,226","oya":"3","hai":"39,42,48,59,64,77,89,109,110,113,116,118,128","kawa0":"21,134","kawa1":"32,133","kawa2":"119","kawa3":"117,35"}
[thread] capture_worker_started
[2026-04-13 03:01:48] capture_start_requested
[2026-04-13 03:01:48] tshark_command_ready: C:\Program Files\Wireshark\tshark -l -i 5 -o tls.keylog_file:C:\tmp\tls.keys -f tcp port 443 -Y websocket -T fields -E separator=/t -e frame.time_epoch -e websocket.payload.text -e text
[2026-04-13 03:01:49] live_error:code=tshark_runtime_message message=TShark runtime message: Capturing on 'Wi-Fi'
[2026-04-13 03:01:49] tshark_runtime_message: TShark runtime message: Capturing on 'Wi-Fi' | raw=Capturing on 'Wi-Fi'
[2026-04-13 03:02:34] snapshot_event: type=init raw={"tag":"INIT","seed":"0,0,0,2,3,115","ten":"250,250,250,250","oya":"1","hai":"125,113,70,76,65,25,35,49,122,61,81,88,57"}
[2026-04-13 03:05:31] snapshot_event: type=init raw={"tag":"INIT","seed":"1,0,0,0,0,55","ten":"173,250,327,250","oya":"2","hai":"27,60,23,36,30,78,95,4,21,87,71,58,76"}
[2026-04-13 03:07:25] snapshot_event: type=reinit raw={"tag":"REINIT","seed":"1,0,0,0,0,55","ten":"173,250,327,250","oya":"2","hai":"17,20,21,23,27,30,58,60,63,67,71,76,87","kawa0":"106,130,36,4,78,127,95,48,108","kawa1":"3,38,132,7,101,50,41,89,32","kawa2":"34,119,131,112,126,120,133,39,122,70","kawa3":"111,118,45,110,6,116,8,11,102"}
[thread] capture_worker_started
[2026-04-13 03:12:36] capture_start_requested
[2026-04-13 03:12:36] tshark_command_ready: C:\Program Files\Wireshark\tshark -l -i 5 -o tls.keylog_file:C:\tmp\tls.keys -f tcp port 443 -Y websocket -T fields -E separator=/t -e frame.time_epoch -e websocket.payload.text -e text
[2026-04-13 03:12:36] live_error:code=tshark_runtime_message message=TShark runtime message: Capturing on 'Wi-Fi'
[2026-04-13 03:12:36] tshark_runtime_message: TShark runtime message: Capturing on 'Wi-Fi' | raw=Capturing on 'Wi-Fi'
[2026-04-13 03:13:29] snapshot_event: type=reinit raw={"tag":"REINIT","seed":"2,2,0,2,1,56","ten":"162,249,286,303","oya":"3","hai":"17,23,25,40,44,48,53,61,77,92,93,111,122","m1":"49737","m2":"32363,50763","kawa0":"82,108,12,21,31,123,60,35,73,49,15","kawa1":"121,127,79,90,30,91,32,102,39,45","kawa2":"104,118,69,117,24,37,78,76,94,106","kawa3":"120,119,29,38,99,125,75,95,101,115,74"}
[2026-04-13 03:14:22] snapshot_event: type=init raw={"tag":"INIT","seed":"3,0,0,1,1,52","ten":"136,249,322,293","oya":"0","hai":"10,3,8,19,94,46,119,101,28,113,6,129,124"}
[thread] capture_worker_started
[2026-04-13 03:32:22] capture_start_requested
[2026-04-13 03:32:22] tshark_command_ready: C:\Program Files\Wireshark\tshark -l -i 5 -o tls.keylog_file:C:\tmp\tls.keys -f tcp port 443 -Y websocket -T fields -E separator=/t -e frame.time_epoch -e websocket.payload.text -e text
[2026-04-13 03:32:23] live_error:code=tshark_runtime_message message=TShark runtime message: Capturing on 'Wi-Fi'
[2026-04-13 03:32:23] tshark_runtime_message: TShark runtime message: Capturing on 'Wi-Fi' | raw=Capturing on 'Wi-Fi'
[thread] capture_worker_started
[2026-04-13 03:32:41] capture_start_requested
[2026-04-13 03:32:41] tshark_command_ready: C:\Program Files\Wireshark\tshark -l -i 5 -o tls.keylog_file:C:\tmp\tls.keys -f tcp port 443 -Y websocket -T fields -E separator=/t -e frame.time_epoch -e websocket.payload.text -e text
[2026-04-13 03:32:42] live_error:code=tshark_runtime_message message=TShark runtime message: Capturing on 'Wi-Fi'
[2026-04-13 03:32:42] tshark_runtime_message: TShark runtime message: Capturing on 'Wi-Fi' | raw=Capturing on 'Wi-Fi'
[2026-04-13 03:33:02] snapshot_event: type=init raw={"tag":"INIT","seed":"0,0,0,2,3,133","ten":"250,250,250,250","oya":"0","hai":"126,39,58,134,67,97,79,69,52,18,8,19,132"}
[thread] capture_worker_started
[2026-04-13 03:36:14] capture_start_requested
[2026-04-13 03:36:14] tshark_command_ready: C:\Program Files\Wireshark\tshark -l -i 5 -o tls.keylog_file:C:\tmp\tls.keys -f tcp port 443 -Y websocket -T fields -E separator=/t -e frame.time_epoch -e websocket.payload.text -e text
[2026-04-13 03:36:15] live_error:code=tshark_runtime_message message=TShark runtime message: Capturing on 'Wi-Fi'
[2026-04-13 03:36:15] tshark_runtime_message: TShark runtime message: Capturing on 'Wi-Fi' | raw=Capturing on 'Wi-Fi'
[2026-04-13 03:36:33] snapshot_event: type=reinit raw={"tag":"REINIT","seed":"0,0,0,2,3,133","ten":"250,250,250,250","oya":"0","hai":"2,6,8,18,19,21,52,58,66,67,69,97,134","m1":"56647","kawa0":"126,79,36,39,17,132,135,128,25,95,106,11,13","kawa1":"71,32,31,53,15,109,124,114,12,16,77,112,27,116","kawa2":"75,113,110,70,119,125,38,1,108,130,14,45,33","kawa3":"20,123,43,127,85,83,129,44,121,26,60,74,100"}
[2026-04-13 03:37:16] snapshot_event: type=init raw={"tag":"INIT","seed":"1,0,0,5,5,61","ten":"250,327,250,173","oya":"1","hai":"12,65,109,16,82,10,108,11,13,24,15,128,81"}
[2026-04-13 03:39:26] snapshot_event: type=reinit raw={"tag":"REINIT","seed":"1,0,1,5,5,61","ten":"250,327,250,163","oya":"1","hai":"10,11,12,13,15,16,24,65,108,109","m0":"31753","m1":"48170","kawa0":"128,134,74,50,73,121","kawa1":"119,75,3,35,122,112,111","kawa2":"72,120,116,130,135,68,129","kawa3":"123,36,30,45,255,55"}
[thread] capture_worker_started
[2026-04-13 03:43:30] capture_start_requested
[2026-04-13 03:43:30] tshark_command_ready: C:\Program Files\Wireshark\tshark -l -i 5 -o tls.keylog_file:C:\tmp\tls.keys -f tcp port 443 -Y websocket -T fields -E separator=/t -e frame.time_epoch -e websocket.payload.text -e text
[2026-04-13 03:43:31] live_error:code=tshark_runtime_message message=TShark runtime message: Capturing on 'Wi-Fi'
[2026-04-13 03:43:31] tshark_runtime_message: TShark runtime message: Capturing on 'Wi-Fi' | raw=Capturing on 'Wi-Fi'
[2026-04-13 03:43:41] snapshot_event: type=reinit raw={"tag":"REINIT","seed":"2,1,0,3,0,14","ten":"185,257,425,133","oya":"2","hai":"7,10,20,28,46,62,66,80,93,105,114,120,132","kawa0":"47","kawa1":"36","kawa2":"117,1","kawa3":"112"}
[thread] capture_worker_started
[2026-04-14 00:00:27] capture_start_requested
[2026-04-14 00:00:27] tshark_command_ready: C:\Program Files\Wireshark\tshark -l -i 5 -o tls.keylog_file:C:\tmp\tls.keys -f tcp port 443 -Y websocket -T fields -E separator=/t -e frame.time_epoch -e websocket.payload.text -e text
[2026-04-14 00:00:30] live_error:code=tshark_runtime_message message=TShark runtime message: Capturing on 'Wi-Fi'
[2026-04-14 00:00:30] tshark_runtime_message: TShark runtime message: Capturing on 'Wi-Fi' | raw=Capturing on 'Wi-Fi'
[2026-04-14 00:01:00] snapshot_event: type=init raw={"tag":"INIT","seed":"0,0,0,0,1,106","ten":"250,250,250,250","oya":"2","hai":"35,0,21,45,114,47,50,97,95,10,16,72,89"}
[2026-04-14 00:03:16] snapshot_event: type=reinit raw={"tag":"REINIT","seed":"0,0,0,0,1,106","ten":"250,250,250,250","oya":"2","hai":"10,13,16,21,45,46,47,50,72,89,95,97,99","m1":"22122,43,13323","m3":"18527,40999","kawa0":"114,123,130,24,64,101","kawa1":"91,102,83,103,66,61,40,9,22","kawa2":"38,134,110,54,11,122,118,43","kawa3":"39,132,116,113,19,125,7,5,120"}
[2026-04-14 00:03:32] snapshot_event: type=init raw={"tag":"INIT","seed":"1,0,0,3,3,100","ten":"250,276,224,250","oya":"3","hai":"84,21,44,15,74,94,41,55,76,2,124,85,27"}
[2026-04-14 00:06:51] snapshot_event: type=init raw={"tag":"INIT","seed":"1,1,0,1,0,88","ten":"235,291,209,265","oya":"3","hai":"98,45,71,86,59,80,112,101,96,28,5,56,12"}
[thread] capture_worker_started
[2026-04-14 00:08:55] capture_start_requested
[2026-04-14 00:08:55] tshark_command_ready: C:\Program Files\Wireshark\tshark -l -i 5 -o tls.keylog_file:C:\tmp\tls.keys -f tcp port 443 -Y websocket -T fields -E separator=/t -e frame.time_epoch -e websocket.payload.text -e text
[2026-04-14 00:08:56] live_error:code=tshark_runtime_message message=TShark runtime message: Capturing on 'Wi-Fi'
[2026-04-14 00:08:56] tshark_runtime_message: TShark runtime message: Capturing on 'Wi-Fi' | raw=Capturing on 'Wi-Fi'
[2026-04-14 00:09:12] snapshot_event: type=reinit raw={"tag":"REINIT","seed":"1,1,0,1,0,88","ten":"235,291,209,265","oya":"3","hai":"5,11,12,25,28,32,52,56,59,80,81,98,101","m1":"2135,44649","m2":"26767","m3":"42537","kawa0":"112,71,96,45,86,124,73,4,74,1","kawa1":"99,76,42,55,63,48,121,109,37,131,78","kawa2":"75,120,100,90,77,105,27,87,113,47,106","kawa3":"122,82,123,40,43,83,51,57,132,3,58,119,102"}
[2026-04-14 00:10:05] snapshot_event: type=init raw={"tag":"INIT","seed":"1,2,0,0,5,36","ten":"225,168,209,398","oya":"3","hai":"86,57,81,65,78,69,46,113,110,128,75,85,23"}
[2026-04-14 00:11:06] snapshot_event: type=reinit raw={"tag":"REINIT","seed":"1,2,0,0,5,36","ten":"225,168,209,398","oya":"3","hai":"23,46,57,65,69,75,78,81,85,86,110,113,128","kawa0":"101,4,108,71","kawa1":"64,41,38,119","kawa2":"30,7,39","kawa3":"121,114,1,109"}
[thread] capture_worker_started
[2026-04-14 00:14:24] capture_start_requested
[2026-04-14 00:14:25] tshark_command_ready: C:\Program Files\Wireshark\tshark -l -i 5 -o tls.keylog_file:C:\tmp\tls.keys -f tcp port 443 -Y websocket -T fields -E separator=/t -e frame.time_epoch -e websocket.payload.text -e text
[2026-04-14 00:14:25] live_error:code=tshark_runtime_message message=TShark runtime message: Capturing on 'Wi-Fi'
[2026-04-14 00:14:25] tshark_runtime_message: TShark runtime message: Capturing on 'Wi-Fi' | raw=Capturing on 'Wi-Fi'
[2026-04-14 00:14:50] snapshot_event: type=init raw={"tag":"INIT","seed":"0,0,0,4,4,6","ten":"250,250,250,250","oya":"1","hai":"82,93,74,26,135,68,31,121,101,132,42,37,127"}
[2026-04-14 00:17:21] snapshot_event: type=reinit raw={"tag":"REINIT","seed":"0,0,2,4,4,6","ten":"250,240,240,250","oya":"1","hai":"26,31,51,52,53,74,76,82,93,100,101,132,135","m3":"11369","kawa0":"121,111,68,127,118,63,129,37,117,61,42","kawa1":"72,255,55,43,73,119,113,67,3,46,54,115,8","kawa2":"34,120,112,108,39,7,50,36,47,75,126,255,79","kawa3":"123,114,40,70,38,133,64,69,116,1,4,15"}
[2026-04-14 00:17:43] live_error:code=db_persist_skipped detail=Traceback (most recent call last):
  File "C:\Users\weath\OneDrive\ドキュメント\tenhou_hojo\src\capture\tshark_capture.py", line 221, in parse_tshark_output_line
    persist_event(db, state, event)
    ~~~~~~~~~~~~~^^^^^^^^^^^^^^^^^^
  File "C:\Users\weath\OneDrive\ドキュメント\tenhou_hojo\src\capture\storage.py", line 2014, in persist_event
    db.persist_event(state, event)
    ~~~~~~~~~~~~~~~~^^^^^^^^^^^^^^
  File "C:\Users\weath\OneDrive\ドキュメント\tenhou_hojo\src\capture\storage.py", line 1991, in persist_event
    self._persist_agari_snapshot(
    ~~~~~~~~~~~~~~~~~~~~~~~~~~~~^
        state,
        ^^^^^^
    ...<4 lines>...
        kyoku_info,
        ^^^^^^^^^^^
    )
    ^
  File "C:\Users\weath\OneDrive\ドキュメント\tenhou_hojo\src\capture\storage.py", line 1924, in _persist_agari_snapshot
    self._agari_fact_row(
    ~~~~~~~~~~~~~~~~~~~~^
        state,
        ^^^^^^
    ...<4 lines>...
        round_state,
        ^^^^^^^^^^^^
    )
    ^
  File "C:\Users\weath\OneDrive\ドキュメント\tenhou_hojo\src\capture\storage.py", line 1854, in _agari_fact_row
    ron_columns, deal_in_discard = _build_agari_ron_danger_columns(
                                   ~~~~~~~~~~~~~~~~~~~~~~~~~~~~~~~^
        state,
        ^^^^^^
    ...<2 lines>...
        kyoku_id,
        ^^^^^^^^^
    )
    ^
TypeError: '<=' not supported between instances of 'int' and 'NoneType' message=DB persist skipped: '<=' not supported between instances of 'int' and 'NoneType'
[2026-04-14 00:17:55] snapshot_event: type=init raw={"tag":"INIT","seed":"1,0,0,5,2,133","ten":"250,188,312,250","oya":"2","hai":"82,60,77,63,123,41,48,4,125,109,103,80,116"}
[2026-04-14 00:19:41] snapshot_event: type=reinit raw={"tag":"REINIT","seed":"1,0,0,5,2,133","ten":"250,188,312,250","oya":"2","hai":"4,22,25,41,48,60,63,77,80,82,103,109,125","kawa0":"123,116,112,130,56,10","kawa1":"34,67,121,91,27,85","kawa2":"118,113,115,129,74,71,64","kawa3":"122,117,134,108,46,90,78"}
[thread] capture_worker_started
[2026-04-14 00:23:18] capture_start_requested
[2026-04-14 00:23:18] tshark_command_ready: C:\Program Files\Wireshark\tshark -l -i 5 -o tls.keylog_file:C:\tmp\tls.keys -f tcp port 443 -Y websocket -T fields -E separator=/t -e frame.time_epoch -e websocket.payload.text -e text
[2026-04-14 00:23:19] live_error:code=tshark_runtime_message message=TShark runtime message: Capturing on 'Wi-Fi'
[2026-04-14 00:23:19] tshark_runtime_message: TShark runtime message: Capturing on 'Wi-Fi' | raw=Capturing on 'Wi-Fi'
[2026-04-14 00:23:36] snapshot_event: type=reinit raw={"tag":"REINIT","seed":"2,1,1,2,2,97","ten":"255,173,297,265","oya":"3","hai":"7,13,16,23,25,30,39,43,64,125,126,127,134","kawa0":"105,99","kawa1":"110,121","kawa2":"114","kawa3":"116,37"}
[2026-04-14 00:24:42] snapshot_event: type=init raw={"tag":"INIT","seed":"3,0,0,4,5,117","ten":"294,144,297,265","oya":"0","hai":"65,119,113,19,25,64,125,1,92,10,41,30,54"}
[2026-04-14 00:26:47] snapshot_event: type=init raw={"tag":"INIT","seed":"4,0,0,3,1,65","ten":"294,176,297,233","oya":"1","hai":"131,125,20,51,68,38,6,27,122,57,18,126,43"}
[thread] capture_worker_started
[2026-04-14 00:28:06] capture_start_requested
[2026-04-14 00:28:06] tshark_command_ready: C:\Program Files\Wireshark\tshark -l -i 5 -o tls.keylog_file:C:\tmp\tls.keys -f tcp port 443 -Y websocket -T fields -E separator=/t -e frame.time_epoch -e websocket.payload.text -e text
[2026-04-14 00:28:06] live_error:code=tshark_runtime_message message=TShark runtime message: Capturing on 'Wi-Fi'
[2026-04-14 00:28:06] tshark_runtime_message: TShark runtime message: Capturing on 'Wi-Fi' | raw=Capturing on 'Wi-Fi'
[2026-04-14 00:28:28] snapshot_event: type=init raw={"tag":"INIT","seed":"0,0,0,0,0,29","ten":"250,250,250,250","oya":"2","hai":"68,106,89,3,93,34,15,8,4,0,50,53,80"}
[2026-04-14 00:31:22] snapshot_event: type=reinit raw={"tag":"REINIT","seed":"0,0,1,0,0,29","ten":"250,250,250,240","oya":"2","hai":"2,3,4,8,13,15,34,50,53,77,80,89,93","kawa0":"106,68,116,43,66,27,122,0,120,83","kawa1":"131,117,114,39,40,133,132,35,30,33","kawa2":"123,71,105,112,37,73,134,5,72,56","kawa3":"121,130,135,7,59,107,113,54,255,26,104"}
[2026-04-14 00:31:43] snapshot_event: type=init raw={"tag":"INIT","seed":"1,0,0,3,4,29","ten":"230,230,200,340","oya":"3","hai":"103,76,96,31,129,70,114,63,25,118,56,23,115"}
[thread] capture_worker_started
[2026-04-14 00:34:54] capture_start_requested
[2026-04-14 00:34:54] tshark_command_ready: C:\Program Files\Wireshark\tshark -l -i 5 -o tls.keylog_file:C:\tmp\tls.keys -f tcp port 443 -Y websocket -T fields -E separator=/t -e frame.time_epoch -e websocket.payload.text -e text
[2026-04-14 00:34:55] live_error:code=tshark_runtime_message message=TShark runtime message: Capturing on 'Wi-Fi'
[2026-04-14 00:34:55] tshark_runtime_message: TShark runtime message: Capturing on 'Wi-Fi' | raw=Capturing on 'Wi-Fi'
[2026-04-14 00:35:03] snapshot_event: type=reinit raw={"tag":"REINIT","seed":"2,0,0,3,4,115","ten":"230,230,220,320","oya":"0","hai":"1,9,33,46,47,54,55,66,69,83,91,118,128","kawa0":"20,132","kawa1":"120,37","kawa2":"106,43","kawa3":"121"}
[thread] capture_worker_started
[2026-04-14 00:37:02] capture_start_requested
[2026-04-14 00:37:02] tshark_command_ready: C:\Program Files\Wireshark\tshark -l -i 5 -o tls.keylog_file:C:\tmp\tls.keys -f tcp port 443 -Y websocket -T fields -E separator=/t -e frame.time_epoch -e websocket.payload.text -e text
[2026-04-14 00:37:03] live_error:code=tshark_runtime_message message=TShark runtime message: Capturing on 'Wi-Fi'
[2026-04-14 00:37:03] tshark_runtime_message: TShark runtime message: Capturing on 'Wi-Fi' | raw=Capturing on 'Wi-Fi'
[2026-04-14 00:37:15] snapshot_event: type=reinit raw={"tag":"REINIT","seed":"2,0,0,3,4,115","ten":"230,230,220,320","oya":"0","hai":"9,13,18,46,47,54,55,66,69,79,83,91,118","kawa0":"20,132,33,1,128,39,10,117","kawa1":"120,37,107,110,3,8,134,73","kawa2":"106,43,133,93,2,92,131","kawa3":"121,122,119,14,58,105,30"}
[2026-04-14 00:40:15] live_error:code=db_persist_skipped detail=Traceback (most recent call last):
  File "C:\Users\weath\OneDrive\ドキュメント\tenhou_hojo\src\capture\tshark_capture.py", line 221, in parse_tshark_output_line
    persist_event(db, state, event)
    ~~~~~~~~~~~~~^^^^^^^^^^^^^^^^^^
  File "C:\Users\weath\OneDrive\ドキュメント\tenhou_hojo\src\capture\storage.py", line 2014, in persist_event
    db.persist_event(state, event)
    ~~~~~~~~~~~~~~~~^^^^^^^^^^^^^^
  File "C:\Users\weath\OneDrive\ドキュメント\tenhou_hojo\src\capture\storage.py", line 1991, in persist_event
    self._persist_agari_snapshot(
    ~~~~~~~~~~~~~~~~~~~~~~~~~~~~^
        state,
        ^^^^^^
    ...<4 lines>...
        kyoku_info,
        ^^^^^^^^^^^
    )
    ^
  File "C:\Users\weath\OneDrive\ドキュメント\tenhou_hojo\src\capture\storage.py", line 1924, in _persist_agari_snapshot
    self._agari_fact_row(
    ~~~~~~~~~~~~~~~~~~~~^
        state,
        ^^^^^^
    ...<4 lines>...
        round_state,
        ^^^^^^^^^^^^
    )
    ^
  File "C:\Users\weath\OneDrive\ドキュメント\tenhou_hojo\src\capture\storage.py", line 1854, in _agari_fact_row
    ron_columns, deal_in_discard = _build_agari_ron_danger_columns(
                                   ~~~~~~~~~~~~~~~~~~~~~~~~~~~~~~~^
        state,
        ^^^^^^
    ...<2 lines>...
        kyoku_id,
        ^^^^^^^^^
    )
    ^
TypeError: '<=' not supported between instances of 'int' and 'NoneType' message=DB persist skipped: '<=' not supported between instances of 'int' and 'NoneType'
[2026-04-14 00:40:25] snapshot_event: type=init raw={"tag":"INIT","seed":"3,0,0,0,4,24","ten":"230,260,190,320","oya":"1","hai":"9,93,94,13,106,88,56,95,58,46,75,38,77"}
[thread] capture_worker_started
[2026-04-14 00:49:28] capture_start_requested
[2026-04-14 00:49:28] tshark_command_ready: C:\Program Files\Wireshark\tshark -l -i 5 -o tls.keylog_file:C:\tmp\tls.keys -f tcp port 443 -Y websocket -T fields -E separator=/t -e frame.time_epoch -e websocket.payload.text -e text
[2026-04-14 00:49:29] live_error:code=tshark_runtime_message message=TShark runtime message: Capturing on 'Wi-Fi'
[2026-04-14 00:49:29] tshark_runtime_message: TShark runtime message: Capturing on 'Wi-Fi' | raw=Capturing on 'Wi-Fi'
[2026-04-14 00:49:40] snapshot_event: type=reinit raw={"tag":"REINIT","seed":"4,0,0,5,0,47","ten":"181,330,199,290","oya":"2","hai":"7,17,24,29,31,64,72,83,86,98,113,119,122","m2":"40489,48713","kawa0":"74,112,135,26,97,117,121,73","kawa1":"131,103,36,33,111,116,35,65","kawa2":"37,110,128,89,115,66,57,91,51,22","kawa3":"133,134,130,34,118,13,132,114"}
[thread] capture_worker_started
[2026-04-14 00:57:31] capture_start_requested
[2026-04-14 00:57:31] tshark_command_ready: C:\Program Files\Wireshark\tshark -l -i 5 -o tls.keylog_file:C:\tmp\tls.keys -f tcp port 443 -Y websocket -T fields -E separator=/t -e frame.time_epoch -e websocket.payload.text -e text
[2026-04-14 00:57:32] live_error:code=tshark_runtime_message message=TShark runtime message: Capturing on 'Wi-Fi'
[2026-04-14 00:57:32] tshark_runtime_message: TShark runtime message: Capturing on 'Wi-Fi' | raw=Capturing on 'Wi-Fi'
[2026-04-14 00:58:15] snapshot_event: type=init raw={"tag":"INIT","seed":"0,0,0,0,0,115","ten":"250,250,250,250","oya":"0","hai":"52,84,40,32,51,120,31,68,58,7,111,112,100"}
[2026-04-14 00:58:24] snapshot_event: type=reinit raw={"tag":"REINIT","seed":"0,0,0,0,0,115","ten":"250,250,250,250","oya":"0","hai":"7,31,32,40,51,52,58,68,84,100,111,112,120","kawa0":"125","kawa1":"71"}
[thread] capture_worker_started
[2026-04-14 00:58:52] capture_start_requested
[2026-04-14 00:58:52] tshark_command_ready: C:\Program Files\Wireshark\tshark -l -i 5 -o tls.keylog_file:C:\tmp\tls.keys -f tcp port 443 -Y websocket -T fields -E separator=/t -e frame.time_epoch -e websocket.payload.text -e text
[2026-04-14 00:58:53] live_error:code=tshark_runtime_message message=TShark runtime message: Capturing on 'Wi-Fi'
[2026-04-14 00:58:53] tshark_runtime_message: TShark runtime message: Capturing on 'Wi-Fi' | raw=Capturing on 'Wi-Fi'
[2026-04-14 00:59:06] snapshot_event: type=reinit raw={"tag":"REINIT","seed":"0,0,0,0,0,115","ten":"250,250,250,250","oya":"0","hai":"7,31,32,40,51,52,58,68,84,100,111,112,120","kawa0":"125,88,56","kawa1":"71,79,126","kawa2":"106,69","kawa3":"107,109"}
[2026-04-14 01:01:58] snapshot_event: type=init raw={"tag":"INIT","seed":"1,0,0,1,3,91","ten":"210,340,230,220","oya":"1","hai":"76,87,5,52,32,38,15,33,134,89,107,30,57"}
[2026-04-14 01:04:48] snapshot_event: type=init raw={"tag":"INIT","seed":"2,0,0,2,1,109","ten":"200,320,220,260","oya":"2","hai":"19,126,42,100,134,18,68,71,9,120,124,83,4"}
[2026-04-14 01:08:22] snapshot_event: type=init raw={"tag":"INIT","seed":"2,1,0,1,0,130","ten":"70,320,350,260","oya":"2","hai":"93,24,70,29,114,96,25,58,40,73,120,51,67"}
[2026-04-14 01:10:55] snapshot_event: type=init raw={"tag":"INIT","seed":"3,0,0,5,0,112","ten":"70,320,321,289","oya":"3","hai":"134,78,29,133,44,50,109,74,43,17,106,125,118"}
[2026-04-14 01:16:00] live_error:code=db_persist_skipped detail=Traceback (most recent call last):
  File "C:\Users\weath\OneDrive\ドキュメント\tenhou_hojo\src\capture\tshark_capture.py", line 221, in parse_tshark_output_line
    persist_event(db, state, event)
    ~~~~~~~~~~~~~^^^^^^^^^^^^^^^^^^
  File "C:\Users\weath\OneDrive\ドキュメント\tenhou_hojo\src\capture\storage.py", line 2014, in persist_event
    db.persist_event(state, event)
    ~~~~~~~~~~~~~~~~^^^^^^^^^^^^^^
  File "C:\Users\weath\OneDrive\ドキュメント\tenhou_hojo\src\capture\storage.py", line 1991, in persist_event
    self._persist_agari_snapshot(
    ~~~~~~~~~~~~~~~~~~~~~~~~~~~~^
        state,
        ^^^^^^
    ...<4 lines>...
        kyoku_info,
        ^^^^^^^^^^^
    )
    ^
  File "C:\Users\weath\OneDrive\ドキュメント\tenhou_hojo\src\capture\storage.py", line 1924, in _persist_agari_snapshot
    self._agari_fact_row(
    ~~~~~~~~~~~~~~~~~~~~^
        state,
        ^^^^^^
    ...<4 lines>...
        round_state,
        ^^^^^^^^^^^^
    )
    ^
  File "C:\Users\weath\OneDrive\ドキュメント\tenhou_hojo\src\capture\storage.py", line 1854, in _agari_fact_row
    ron_columns, deal_in_discard = _build_agari_ron_danger_columns(
                                   ~~~~~~~~~~~~~~~~~~~~~~~~~~~~~~~^
        state,
        ^^^^^^
    ...<2 lines>...
        kyoku_id,
        ^^^^^^^^^
    )
    ^
TypeError: '<=' not supported between instances of 'int' and 'NoneType' message=DB persist skipped: '<=' not supported between instances of 'int' and 'NoneType'
[2026-04-14 01:16:12] snapshot_event: type=init raw={"tag":"INIT","seed":"4,0,0,5,2,51","ten":"70,359,321,250","oya":"0","hai":"132,44,68,2,71,81,1,17,93,131,102,46,19"}
[2026-04-14 01:17:52] snapshot_event: type=init raw={"tag":"INIT","seed":"5,0,0,4,1,92","ten":"70,359,373,198","oya":"1","hai":"68,44,6,21,125,122,120,26,28,96,42,49,51"}
[2026-04-14 01:22:08] live_error:code=db_persist_skipped detail=Traceback (most recent call last):
  File "C:\Users\weath\OneDrive\ドキュメント\tenhou_hojo\src\capture\tshark_capture.py", line 221, in parse_tshark_output_line
    persist_event(db, state, event)
    ~~~~~~~~~~~~~^^^^^^^^^^^^^^^^^^
  File "C:\Users\weath\OneDrive\ドキュメント\tenhou_hojo\src\capture\storage.py", line 2014, in persist_event
    db.persist_event(state, event)
    ~~~~~~~~~~~~~~~~^^^^^^^^^^^^^^
  File "C:\Users\weath\OneDrive\ドキュメント\tenhou_hojo\src\capture\storage.py", line 1991, in persist_event
    self._persist_agari_snapshot(
    ~~~~~~~~~~~~~~~~~~~~~~~~~~~~^
        state,
        ^^^^^^
    ...<4 lines>...
        kyoku_info,
        ^^^^^^^^^^^
    )
    ^
  File "C:\Users\weath\OneDrive\ドキュメント\tenhou_hojo\src\capture\storage.py", line 1924, in _persist_agari_snapshot
    self._agari_fact_row(
    ~~~~~~~~~~~~~~~~~~~~^
        state,
        ^^^^^^
    ...<4 lines>...
        round_state,
        ^^^^^^^^^^^^
    )
    ^
  File "C:\Users\weath\OneDrive\ドキュメント\tenhou_hojo\src\capture\storage.py", line 1854, in _agari_fact_row
    ron_columns, deal_in_discard = _build_agari_ron_danger_columns(
                                   ~~~~~~~~~~~~~~~~~~~~~~~~~~~~~~~^
        state,
        ^^^^^^
    ...<2 lines>...
        kyoku_id,
        ^^^^^^^^^
    )
    ^
TypeError: '<=' not supported between instances of 'int' and 'NoneType' message=DB persist skipped: '<=' not supported between instances of 'int' and 'NoneType'
[2026-04-14 01:22:20] snapshot_event: type=init raw={"tag":"INIT","seed":"5,1,0,4,3,42","ten":"60,427,373,140","oya":"1","hai":"51,40,119,52,37,35,97,1,12,3,46,77,16"}
[thread] capture_worker_started
[2026-04-14 01:26:13] capture_start_requested
[2026-04-14 01:26:13] tshark_command_ready: C:\Program Files\Wireshark\tshark -l -i 5 -o tls.keylog_file:C:\tmp\tls.keys -f tcp port 443 -Y websocket -T fields -E separator=/t -e frame.time_epoch -e websocket.payload.text -e text
[2026-04-14 01:26:14] live_error:code=tshark_runtime_message message=TShark runtime message: Capturing on 'Wi-Fi'
[2026-04-14 01:26:14] tshark_runtime_message: TShark runtime message: Capturing on 'Wi-Fi' | raw=Capturing on 'Wi-Fi'
[2026-04-14 01:27:00] snapshot_event: type=init raw={"tag":"INIT","seed":"0,0,0,2,1,68","ten":"250,250,250,250","oya":"3","hai":"31,19,29,36,98,117,126,32,38,13,123,114,70"}
[2026-04-14 01:28:28] snapshot_event: type=reinit raw={"tag":"REINIT","seed":"0,0,0,2,1,68","ten":"250,250,250,250","oya":"3","hai":"13,19,29,31,32,36,38,70,91,95,126,127,133","kawa0":"117,123,114,98","kawa1":"120,1,105,130","kawa2":"121,11,64,69","kawa3":"115,4,104,76,6"}
[2026-04-14 01:29:43] snapshot_event: type=reinit raw={"tag":"REINIT","seed":"0,0,0,2,1,68","ten":"250,250,250,250","oya":"3","hai":"13,19,29,31,32,38,41,45,91,95,122,126,127","m3":"51273","kawa0":"117,123,114,98,70,39,36,112","kawa1":"120,1,105,130,25,73,97,26","kawa2":"121,11,64,69,109,106,100,40","kawa3":"115,4,104,76,6,23,59,35,118"}
[thread] capture_worker_started
[2026-04-14 01:29:57] capture_start_requested
[2026-04-14 01:29:57] tshark_command_ready: C:\Program Files\Wireshark\tshark -l -i 5 -o tls.keylog_file:C:\tmp\tls.keys -f tcp port 443 -Y websocket -T fields -E separator=/t -e frame.time_epoch -e websocket.payload.text -e text
[2026-04-14 01:29:58] live_error:code=tshark_runtime_message message=TShark runtime message: Capturing on 'Wi-Fi'
[2026-04-14 01:29:58] tshark_runtime_message: TShark runtime message: Capturing on 'Wi-Fi' | raw=Capturing on 'Wi-Fi'
[2026-04-14 01:30:15] snapshot_event: type=reinit raw={"tag":"REINIT","seed":"0,0,0,2,1,68","ten":"250,250,250,250","oya":"3","hai":"13,19,29,31,32,38,41,45,91,95,122,126,127","m3":"51273","kawa0":"117,123,114,98,70,39,36,112,2,47","kawa1":"120,1,105,130,25,73,97,26,15,18","kawa2":"121,11,64,69,109,106,100,40,71,10","kawa3":"115,4,104,76,6,23,59,35,118,128,56"}
[thread] capture_worker_started
[2026-04-14 01:30:56] capture_start_requested
[2026-04-14 01:30:56] tshark_command_ready: C:\Program Files\Wireshark\tshark -l -i 5 -o tls.keylog_file:C:\tmp\tls.keys -f tcp port 443 -Y websocket -T fields -E separator=/t -e frame.time_epoch -e websocket.payload.text -e text
[2026-04-14 01:30:57] live_error:code=tshark_runtime_message message=TShark runtime message: Capturing on 'Wi-Fi'
[2026-04-14 01:30:57] tshark_runtime_message: TShark runtime message: Capturing on 'Wi-Fi' | raw=Capturing on 'Wi-Fi'
[thread] capture_worker_started
[2026-04-14 01:31:16] capture_start_requested
[2026-04-14 01:31:16] tshark_command_ready: C:\Program Files\Wireshark\tshark -l -i 5 -o tls.keylog_file:C:\tmp\tls.keys -f tcp port 443 -Y websocket -T fields -E separator=/t -e frame.time_epoch -e websocket.payload.text -e text
[2026-04-14 01:31:17] live_error:code=tshark_runtime_message message=TShark runtime message: Capturing on 'Wi-Fi'
[2026-04-14 01:31:17] tshark_runtime_message: TShark runtime message: Capturing on 'Wi-Fi' | raw=Capturing on 'Wi-Fi'
[2026-04-14 01:31:31] snapshot_event: type=reinit raw={"tag":"REINIT","seed":"0,0,1,2,1,68","ten":"250,250,240,250","oya":"3","hai":"19,29,31,32,38,41,45,88,91,95,116,126,127","m3":"191,51273","kawa0":"117,123,114,98,70,39,36,112,2,47,122,103,13","kawa1":"120,1,105,130,25,73,97,26,15,18,63,96,7","kawa2":"121,11,64,69,109,106,100,40,71,10,113,255,72","kawa3":"115,4,104,76,6,23,59,35,118,128,56,21,102,93"}
[thread] capture_worker_started
[2026-04-14 01:32:00] capture_start_requested
[2026-04-14 01:32:00] tshark_command_ready: C:\Program Files\Wireshark\tshark -l -i 5 -o tls.keylog_file:C:\tmp\tls.keys -f tcp port 443 -Y websocket -T fields -E separator=/t -e frame.time_epoch -e websocket.payload.text -e text
[2026-04-14 01:32:00] live_error:code=tshark_runtime_message message=TShark runtime message: Capturing on 'Wi-Fi'
[2026-04-14 01:32:00] tshark_runtime_message: TShark runtime message: Capturing on 'Wi-Fi' | raw=Capturing on 'Wi-Fi'
[thread] capture_worker_started
[2026-04-14 01:38:27] capture_start_requested
[2026-04-14 01:38:27] tshark_command_ready: C:\Program Files\Wireshark\tshark -l -i 5 -o tls.keylog_file:C:\tmp\tls.keys -f tcp port 443 -Y websocket -T fields -E separator=/t -e frame.time_epoch -e websocket.payload.text -e text
[2026-04-14 01:38:27] live_error:code=tshark_runtime_message message=TShark runtime message: Capturing on 'Wi-Fi'
[2026-04-14 01:38:27] tshark_runtime_message: TShark runtime message: Capturing on 'Wi-Fi' | raw=Capturing on 'Wi-Fi'
[2026-04-14 01:39:24] snapshot_event: type=init raw={"tag":"INIT","seed":"0,0,0,0,3,10","ten":"250,250,250,250","oya":"2","hai":"87,9,89,34,101,15,122,68,131,43,65,79,80"}
[2026-04-14 01:40:35] snapshot_event: type=reinit raw={"tag":"REINIT","seed":"0,0,0,0,3,10","ten":"250,250,250,250","oya":"2","hai":"9,15,34,43,65,68,79,80,87,89,101,122,131","kawa0":"62,76,85,8,118","kawa1":"3,35,123,113,126","kawa2":"71,32,25,29,17","kawa3":"1,30,37,49,69"}
[2026-04-14 01:41:21] snapshot_event: type=init raw={"tag":"INIT","seed":"1,0,0,5,0,49","ten":"237,237,224,302","oya":"3","hai":"39,91,42,70,58,7,129,125,133,108,131,54,66"}
[2026-04-14 01:42:51] snapshot_event: type=init raw={"tag":"INIT","seed":"2,0,0,3,1,22","ten":"237,257,204,302","oya":"0","hai":"109,92,89,16,26,91,125,69,117,108,85,79,133"}
[thread] capture_worker_started
[2026-04-14 14:39:02] capture_start_requested
[2026-04-14 14:39:02] tshark_command_ready: C:\Program Files\Wireshark\tshark -l -i 5 -o tls.keylog_file:C:\tmp\tls.keys -f tcp port 443 -Y websocket -T fields -E separator=/t -e frame.time_epoch -e websocket.payload.text -e text
[2026-04-14 14:39:04] live_error:code=tshark_runtime_message message=TShark runtime message: Capturing on 'Wi-Fi'
[2026-04-14 14:39:04] tshark_runtime_message: TShark runtime message: Capturing on 'Wi-Fi' | raw=Capturing on 'Wi-Fi'
[2026-04-14 14:39:35] snapshot_event: type=init raw={"tag":"INIT","seed":"0,0,0,4,4,40","ten":"250,250,250,250","oya":"2","hai":"3,36,105,63,126,128,82,48,33,95,27,121,55"}
[thread] capture_worker_started
[2026-04-14 14:40:15] capture_start_requested
[2026-04-14 14:40:15] tshark_command_ready: C:\Program Files\Wireshark\tshark -l -i 5 -o tls.keylog_file:C:\tmp\tls.keys -f tcp port 443 -Y websocket -T fields -E separator=/t -e frame.time_epoch -e websocket.payload.text -e text
[2026-04-14 14:40:16] live_error:code=tshark_runtime_message message=TShark runtime message: Capturing on 'Wi-Fi'
[2026-04-14 14:40:16] tshark_runtime_message: TShark runtime message: Capturing on 'Wi-Fi' | raw=Capturing on 'Wi-Fi'
[2026-04-14 14:40:28] snapshot_event: type=reinit raw={"tag":"REINIT","seed":"0,0,0,4,4,40","ten":"250,250,250,250","oya":"2","hai":"3,27,33,36,48,55,61,63,82,95,121,126,128","m1":"11371","kawa0":"105,124","kawa1":"70,73,103","kawa2":"112,118,114","kawa3":"116,123,113"}
[2026-04-14 14:41:07] snapshot_event: type=reinit raw={"tag":"REINIT","seed":"0,0,0,4,4,40","ten":"250,250,250,250","oya":"2","hai":"3,27,33,48,54,55,60,61,63,82,95,126,128","m1":"11371","kawa0":"105,124,121,36","kawa1":"70,73,103,56,32","kawa2":"112,118,114,117,67","kawa3":"116,123,113,68,2"}
[2026-04-14 14:43:53] snapshot_event: type=reinit raw={"tag":"REINIT","seed":"1,0,0,5,4,31","ten":"170,250,250,330","oya":"3","hai":"5,61,65,67,70,74,81,88,93,101,107,109,126","kawa3":"132"}
[2026-04-14 14:46:23] snapshot_event: type=init raw={"tag":"INIT","seed":"1,1,0,3,4,110","ten":"160,240,240,360","oya":"3","hai":"21,50,29,40,16,65,1,79,74,84,97,111,48"}
[2026-04-14 14:48:14] snapshot_event: type=init raw={"tag":"INIT","seed":"1,2,0,3,2,60","ten":"37,240,240,483","oya":"3","hai":"47,82,93,98,28,118,21,90,52,125,44,102,128"}
[thread] capture_worker_started
[2026-04-14 17:10:06] capture_start_requested
[2026-04-14 17:10:07] tshark_command_ready: C:\Program Files\Wireshark\tshark -l -i 5 -o tls.keylog_file:C:\tmp\tls.keys -f tcp port 443 -Y websocket -T fields -E separator=/t -e frame.time_epoch -e websocket.payload.text -e text
[2026-04-14 17:10:07] live_error:code=tshark_runtime_message message=TShark runtime message: Capturing on 'Wi-Fi'
[2026-04-14 17:10:07] tshark_runtime_message: TShark runtime message: Capturing on 'Wi-Fi' | raw=Capturing on 'Wi-Fi'
[2026-04-14 17:10:43] snapshot_event: type=init raw={"tag":"INIT","seed":"0,0,0,4,3,121","ten":"250,250,250,250","oya":"2","hai":"39,33,81,84,125,48,120,103,131,92,35,55,11"}
[2026-04-14 17:14:03] snapshot_event: type=init raw={"tag":"INIT","seed":"1,0,0,5,4,34","ten":"245,270,240,245","oya":"3","hai":"9,128,10,20,66,69,81,98,115,6,104,59,95"}
[2026-04-14 17:16:33] snapshot_event: type=init raw={"tag":"INIT","seed":"2,0,0,0,5,85","ten":"245,270,266,219","oya":"0","hai":"19,57,50,128,48,55,108,24,94,1,13,107,97"}
[2026-04-14 17:17:19] snapshot_event: type=init raw={"tag":"INIT","seed":"3,0,0,0,5,63","ten":"219,257,318,206","oya":"1","hai":"60,21,124,112,122,49,102,24,131,35,101,70,69"}
[thread] capture_worker_started
[2026-04-14 17:21:49] capture_start_requested
[2026-04-14 17:21:49] tshark_command_ready: C:\Program Files\Wireshark\tshark -l -i 5 -o tls.keylog_file:C:\tmp\tls.keys -f tcp port 443 -Y websocket -T fields -E separator=/t -e frame.time_epoch -e websocket.payload.text -e text
[2026-04-14 17:21:50] live_error:code=tshark_runtime_message message=TShark runtime message: Capturing on 'Wi-Fi'
[2026-04-14 17:21:50] tshark_runtime_message: TShark runtime message: Capturing on 'Wi-Fi' | raw=Capturing on 'Wi-Fi'
[2026-04-14 17:22:00] snapshot_event: type=reinit raw={"tag":"REINIT","seed":"0,0,0,2,0,96","ten":"250,250,250,250","oya":"3","hai":"5,7,43,47,54,68,91,92,109,115,116,119,121","kawa3":"118"}
[2026-04-14 17:25:05] snapshot_event: type=init raw={"tag":"INIT","seed":"1,0,0,4,5,30","ten":"250,289,211,250","oya":"0","hai":"36,52,50,40,8,73,1,134,63,21,33,87,16"}
[thread] capture_worker_started
[2026-04-14 17:39:27] capture_start_requested
[2026-04-14 17:39:27] tshark_command_ready: C:\Program Files\Wireshark\tshark -l -i 5 -o tls.keylog_file:C:\tmp\tls.keys -f tcp port 443 -Y websocket -T fields -E separator=/t -e frame.time_epoch -e websocket.payload.text -e text
[2026-04-14 17:39:27] live_error:code=tshark_runtime_message message=TShark runtime message: Capturing on 'Wi-Fi'
[2026-04-14 17:39:27] tshark_runtime_message: TShark runtime message: Capturing on 'Wi-Fi' | raw=Capturing on 'Wi-Fi'
[2026-04-14 17:39:45] snapshot_event: type=reinit raw={"tag":"REINIT","seed":"3,1,0,4,2,42,69","ten":"156,333,242,269","oya":"2","hai":"0,6,12,17,34,40,48,55,59,84,95,112,117","m1":"2121,7263","m2":"20075,40465,12361","m3":"25967","kawa0":"28,77,127,27,99,129,86","kawa1":"118,114,73,68,121,119,116,87","kawa2":"2,30,23,15,60,43,96,124,79,70","kawa3":"39,113,122,125,94,31,37,38,67"}
[2026-04-14 17:40:31] snapshot_event: type=init raw={"tag":"INIT","seed":"0,0,0,1,5,15","ten":"250,250,250,250","oya":"3","hai":"75,112,130,38,67,126,76,78,35,133,71,43,37"}
[2026-04-14 17:44:10] snapshot_event: type=init raw={"tag":"INIT","seed":"1,0,0,3,1,124","ten":"302,237,237,224","oya":"0","hai":"122,9,57,99,3,32,10,52,130,49,48,19,111"}
[2026-04-14 17:48:16] snapshot_event: type=reinit raw={"tag":"REINIT","seed":"2,0,0,3,4,123","ten":"302,250,237,211","oya":"1","hai":"4,6,22,31,55,76,86,103,106,119,121,126,129","kawa0":"51,118","kawa1":"74,120,5","kawa2":"39,128,32","kawa3":"1,127"}
[2026-04-14 17:49:54] snapshot_event: type=init raw={"tag":"INIT","seed":"3,0,0,3,1,125","ten":"302,250,263,185","oya":"2","hai":"96,76,63,25,69,113,120,39,40,73,127,32,19"}
[thread] capture_worker_started
[2026-04-14 18:09:20] capture_start_requested
[2026-04-14 18:09:20] tshark_command_ready: C:\Program Files\Wireshark\tshark -l -i 5 -o tls.keylog_file:C:\tmp\tls.keys -f tcp port 443 -Y websocket -T fields -E separator=/t -e frame.time_epoch -e websocket.payload.text -e text
[2026-04-14 18:09:21] live_error:code=tshark_runtime_message message=TShark runtime message: Capturing on 'Wi-Fi'
[2026-04-14 18:09:21] tshark_runtime_message: TShark runtime message: Capturing on 'Wi-Fi' | raw=Capturing on 'Wi-Fi'
[2026-04-14 18:09:44] snapshot_event: type=init raw={"tag":"INIT","seed":"0,0,0,2,2,116","ten":"250,250,250,250","oya":"0","hai":"85,69,36,59,4,50,32,106,47,122,19,56,129"}
[2026-04-14 18:12:26] snapshot_event: type=init raw={"tag":"INIT","seed":"1,0,0,2,4,54","ten":"224,237,302,237","oya":"1","hai":"76,133,104,52,74,131,87,13,105,44,90,1,103"}
[2026-04-14 18:15:53] snapshot_event: type=init raw={"tag":"INIT","seed":"2,0,0,4,0,129","ten":"194,177,272,357","oya":"2","hai":"83,28,38,44,27,76,80,42,123,56,39,69,101"}
[thread] capture_worker_started
[2026-04-14 18:25:45] capture_start_requested
[2026-04-14 18:25:45] tshark_command_ready: C:\Program Files\Wireshark\tshark -l -i 5 -o tls.keylog_file:C:\tmp\tls.keys -f tcp port 443 -Y websocket -T fields -E separator=/t -e frame.time_epoch -e websocket.payload.text -e text
[2026-04-14 18:25:46] live_error:code=tshark_runtime_message message=TShark runtime message: Capturing on 'Wi-Fi'
[2026-04-14 18:25:46] tshark_runtime_message: TShark runtime message: Capturing on 'Wi-Fi' | raw=Capturing on 'Wi-Fi'
[thread] capture_worker_started
[2026-04-14 18:25:53] capture_start_requested
[2026-04-14 18:25:53] tshark_command_ready: C:\Program Files\Wireshark\tshark -l -i 5 -o tls.keylog_file:C:\tmp\tls.keys -f tcp port 443 -Y websocket -T fields -E separator=/t -e frame.time_epoch -e websocket.payload.text -e text
[2026-04-14 18:25:54] live_error:code=tshark_runtime_message message=TShark runtime message: Capturing on 'Wi-Fi'
[2026-04-14 18:25:54] tshark_runtime_message: TShark runtime message: Capturing on 'Wi-Fi' | raw=Capturing on 'Wi-Fi'
[2026-04-14 18:26:20] snapshot_event: type=init raw={"tag":"INIT","seed":"0,0,0,3,2,68","ten":"250,250,250,250","oya":"2","hai":"4,84,63,69,123,125,55,44,87,116,45,26,110"}
[2026-04-14 18:29:20] live_error:code=db_persist_skipped detail=Traceback (most recent call last):
  File "C:\Users\weath\OneDrive\ドキュメント\tenhou_hojo\src\capture\tshark_capture.py", line 221, in parse_tshark_output_line
    persist_event(db, state, event)
    ~~~~~~~~~~~~~^^^^^^^^^^^^^^^^^^
  File "C:\Users\weath\OneDrive\ドキュメント\tenhou_hojo\src\capture\storage.py", line 2014, in persist_event
    db.persist_event(state, event)
    ~~~~~~~~~~~~~~~~^^^^^^^^^^^^^^
  File "C:\Users\weath\OneDrive\ドキュメント\tenhou_hojo\src\capture\storage.py", line 1991, in persist_event
    self._persist_agari_snapshot(
    ~~~~~~~~~~~~~~~~~~~~~~~~~~~~^
        state,
        ^^^^^^
    ...<4 lines>...
        kyoku_info,
        ^^^^^^^^^^^
    )
    ^
  File "C:\Users\weath\OneDrive\ドキュメント\tenhou_hojo\src\capture\storage.py", line 1924, in _persist_agari_snapshot
    self._agari_fact_row(
    ~~~~~~~~~~~~~~~~~~~~^
        state,
        ^^^^^^
    ...<4 lines>...
        round_state,
        ^^^^^^^^^^^^
    )
    ^
  File "C:\Users\weath\OneDrive\ドキュメント\tenhou_hojo\src\capture\storage.py", line 1854, in _agari_fact_row
    ron_columns, deal_in_discard = _build_agari_ron_danger_columns(
                                   ~~~~~~~~~~~~~~~~~~~~~~~~~~~~~~~^
        state,
        ^^^^^^
    ...<2 lines>...
        kyoku_id,
        ^^^^^^^^^
    )
    ^
TypeError: '<=' not supported between instances of 'int' and 'NoneType' message=DB persist skipped: '<=' not supported between instances of 'int' and 'NoneType'
[2026-04-14 18:29:30] snapshot_event: type=init raw={"tag":"INIT","seed":"1,0,0,3,4,109","ten":"211,240,250,299","oya":"3","hai":"69,94,11,4,117,119,107,124,65,99,128,95,36"}
[2026-04-14 18:34:00] snapshot_event: type=init raw={"tag":"INIT","seed":"2,1,1,0,0,34","ten":"231,230,240,289","oya":"0","hai":"125,118,23,36,135,71,21,83,81,17,28,58,12"}
[thread] capture_worker_started
[2026-04-14 18:34:25] capture_start_requested
[2026-04-14 18:34:25] tshark_command_ready: C:\Program Files\Wireshark\tshark -l -i 5 -o tls.keylog_file:C:\tmp\tls.keys -f tcp port 443 -Y websocket -T fields -E separator=/t -e frame.time_epoch -e websocket.payload.text -e text
[2026-04-14 18:34:26] live_error:code=tshark_runtime_message message=TShark runtime message: Capturing on 'Wi-Fi'
[2026-04-14 18:34:26] tshark_runtime_message: TShark runtime message: Capturing on 'Wi-Fi' | raw=Capturing on 'Wi-Fi'
[2026-04-14 18:34:36] snapshot_event: type=reinit raw={"tag":"REINIT","seed":"2,2,1,3,1,72","ten":"231,230,240,289","oya":"0","hai":"0,10,11,16,17,20,43,46,90,109,119,127,135","kawa0":"79","kawa1":"134","kawa2":"122"}
[2026-04-14 18:38:27] snapshot_event: type=init raw={"tag":"INIT","seed":"2,3,3,1,0,126","ten":"236,215,245,274","oya":"0","hai":"49,36,1,23,68,56,6,39,103,44,100,84,127"}
[2026-04-14 18:40:39] live_error:code=db_persist_skipped detail=Traceback (most recent call last):
  File "C:\Users\weath\OneDrive\ドキュメント\tenhou_hojo\src\capture\tshark_capture.py", line 221, in parse_tshark_output_line
    persist_event(db, state, event)
    ~~~~~~~~~~~~~^^^^^^^^^^^^^^^^^^
  File "C:\Users\weath\OneDrive\ドキュメント\tenhou_hojo\src\capture\storage.py", line 2014, in persist_event
    db.persist_event(state, event)
    ~~~~~~~~~~~~~~~~^^^^^^^^^^^^^^
  File "C:\Users\weath\OneDrive\ドキュメント\tenhou_hojo\src\capture\storage.py", line 1991, in persist_event
    self._persist_agari_snapshot(
    ~~~~~~~~~~~~~~~~~~~~~~~~~~~~^
        state,
        ^^^^^^
    ...<4 lines>...
        kyoku_info,
        ^^^^^^^^^^^
    )
    ^
  File "C:\Users\weath\OneDrive\ドキュメント\tenhou_hojo\src\capture\storage.py", line 1924, in _persist_agari_snapshot
    self._agari_fact_row(
    ~~~~~~~~~~~~~~~~~~~~^
        state,
        ^^^^^^
    ...<4 lines>...
        round_state,
        ^^^^^^^^^^^^
    )
    ^
  File "C:\Users\weath\OneDrive\ドキュメント\tenhou_hojo\src\capture\storage.py", line 1854, in _agari_fact_row
    ron_columns, deal_in_discard = _build_agari_ron_danger_columns(
                                   ~~~~~~~~~~~~~~~~~~~~~~~~~~~~~~~^
        state,
        ^^^^^^
    ...<2 lines>...
        kyoku_id,
        ^^^^^^^^^
    )
    ^
TypeError: '<=' not supported between instances of 'int' and 'NoneType' message=DB persist skipped: '<=' not supported between instances of 'int' and 'NoneType'
[thread] capture_worker_started
[2026-04-14 18:40:47] capture_start_requested
[2026-04-14 18:40:47] tshark_command_ready: C:\Program Files\Wireshark\tshark -l -i 5 -o tls.keylog_file:C:\tmp\tls.keys -f tcp port 443 -Y websocket -T fields -E separator=/t -e frame.time_epoch -e websocket.payload.text -e text
[2026-04-14 18:40:47] live_error:code=tshark_runtime_message message=TShark runtime message: Capturing on 'Wi-Fi'
[2026-04-14 18:40:47] tshark_runtime_message: TShark runtime message: Capturing on 'Wi-Fi' | raw=Capturing on 'Wi-Fi'
[2026-04-14 18:40:57] snapshot_event: type=reinit raw={"tag":"REINIT","seed":"3,0,0,1,3,57","ten":"236,215,216,333","oya":"1","hai":"22,29,35,42,46,52,67,74,89,104,105,128,133","kawa1":"92","kawa2":"132"}
[2026-04-14 18:44:29] snapshot_event: type=init raw={"tag":"INIT","seed":"4,1,1,3,0,94","ten":"226,205,236,323","oya":"2","hai":"122,34,5,13,97,91,26,125,118,66,7,33,120"}
[2026-04-14 18:47:49] snapshot_event: type=init raw={"tag":"INIT","seed":"5,0,0,4,5,90","ten":"195,184,195,426","oya":"3","hai":"5,94,37,132,125,57,78,22,74,68,97,75,44"}
[thread] capture_worker_started
[2026-04-14 18:49:59] capture_start_requested
[2026-04-14 18:49:59] tshark_command_ready: C:\Program Files\Wireshark\tshark -l -i 5 -o tls.keylog_file:C:\tmp\tls.keys -f tcp port 443 -Y websocket -T fields -E separator=/t -e frame.time_epoch -e websocket.payload.text -e text
[2026-04-14 18:50:00] live_error:code=tshark_runtime_message message=TShark runtime message: Capturing on 'Wi-Fi'
[2026-04-14 18:50:00] tshark_runtime_message: TShark runtime message: Capturing on 'Wi-Fi' | raw=Capturing on 'Wi-Fi'
[2026-04-14 18:51:26] snapshot_event: type=reinit raw={"tag":"REINIT","seed":"5,1,0,3,4,101","ten":"185,184,75,556","oya":"3","hai":"10,11,17,22,26,64,70,78,80,102,108,113,126","kawa0":"74,7","kawa1":"6,96","kawa2":"73,0","kawa3":"125,116,110"}
[2026-04-14 18:54:02] snapshot_event: type=init raw={"tag":"INIT","seed":"5,2,0,5,3,58","ten":"124,184,75,617","oya":"3","hai":"133,57,39,107,13,108,118,15,123,6,35,11,135"}
[thread] capture_worker_started
[2026-04-14 18:55:22] capture_start_requested
[2026-04-14 18:55:22] tshark_command_ready: C:\Program Files\Wireshark\tshark -l -i 5 -o tls.keylog_file:C:\tmp\tls.keys -f tcp port 443 -Y websocket -T fields -E separator=/t -e frame.time_epoch -e websocket.payload.text -e text
[2026-04-14 18:55:23] live_error:code=tshark_runtime_message message=TShark runtime message: Capturing on 'Wi-Fi'
[2026-04-14 18:55:23] tshark_runtime_message: TShark runtime message: Capturing on 'Wi-Fi' | raw=Capturing on 'Wi-Fi'
[2026-04-14 18:55:37] snapshot_event: type=reinit raw={"tag":"REINIT","seed":"5,2,0,5,3,58","ten":"124,184,75,617","oya":"3","hai":"6,11,13,15,25,35,39,43,57,61,75,84,92","m2":"17863","m3":"51305","kawa0":"135,122,123,107,108,118,106,111","kawa1":"97,32,112,85,129,65,125","kawa2":"1,70,130,42,80,0,127,119","kawa3":"3,104,64,68,19,29,115,54,10"}
[2026-04-14 18:55:53] snapshot_event: type=init raw={"tag":"INIT","seed":"0,0,0,4,1,67","ten":"250,250,250,250","oya":"0","hai":"103,80,95,105,114,66,99,130,65,120,76,10,18"}
[thread] capture_worker_started
[2026-04-14 18:57:43] capture_start_requested
[2026-04-14 18:57:43] tshark_command_ready: C:\Program Files\Wireshark\tshark -l -i 5 -o tls.keylog_file:C:\tmp\tls.keys -f tcp port 443 -Y websocket -T fields -E separator=/t -e frame.time_epoch -e websocket.payload.text -e text
[2026-04-14 18:57:44] live_error:code=tshark_runtime_message message=TShark runtime message: Capturing on 'Wi-Fi'
[2026-04-14 18:57:44] tshark_runtime_message: TShark runtime message: Capturing on 'Wi-Fi' | raw=Capturing on 'Wi-Fi'
[2026-04-14 18:57:53] snapshot_event: type=reinit raw={"tag":"REINIT","seed":"0,0,2,4,1,67","ten":"240,240,250,250","oya":"0","hai":"49,50,65,66,75,76,81,95,96,99,102,103,105","m2":"2191,51819","kawa0":"114,120,130,80,34,118,2,10,255,18,110,135","kawa1":"106,111,116,7,0,40,255,68,57,8","kawa2":"121,126,53,107,98,119,90,71,113,69","kawa3":"3,109,74,115,104,6,39,42,112,122"}
[2026-04-14 18:58:21] snapshot_event: type=init raw={"tag":"INIT","seed":"1,0,0,2,4,26","ten":"200,340,230,230","oya":"1","hai":"25,77,50,115,15,58,3,95,33,92,126,76,78"}
[2026-04-14 18:59:17] live_error:code=tshark_runtime_message message=TShark runtime message: 55 packets captured
[2026-04-14 18:59:17] tshark_runtime_message: TShark runtime message: 55 packets captured | raw=55 packets captured
[2026-04-14 18:59:17] capture_process_exited
[thread] capture_worker_started
[2026-04-14 19:00:05] capture_start_requested
[2026-04-14 19:00:06] tshark_command_ready: C:\Program Files\Wireshark\tshark -l -i 5 -o tls.keylog_file:C:\tmp\tls.keys -f tcp port 443 -Y websocket -T fields -E separator=/t -e frame.time_epoch -e websocket.payload.text -e text
[2026-04-14 19:00:06] live_error:code=tshark_runtime_message message=TShark runtime message: Capturing on 'Wi-Fi'
[2026-04-14 19:00:06] tshark_runtime_message: TShark runtime message: Capturing on 'Wi-Fi' | raw=Capturing on 'Wi-Fi'
[2026-04-14 19:00:20] snapshot_event: type=reinit raw={"tag":"REINIT","seed":"1,0,1,2,4,26","ten":"200,340,230,220","oya":"1","hai":"25,33,50,58,59,76,77,78,84,92,95,112,115","kawa0":"3,126,15,134,61,4,65","kawa1":"133,93,119,0,7,10,20","kawa2":"69,132,71,124,13,14,42","kawa3":"74,8,68,83,131,114,255,117"}
[2026-04-14 19:01:14] snapshot_event: type=init raw={"tag":"INIT","seed":"2,0,0,1,4,22","ten":"187,340,230,243","oya":"2","hai":"48,73,122,5,34,39,29,23,49,114,66,11,115"}
[thread] capture_worker_started
[2026-04-14 19:04:46] capture_start_requested
[2026-04-14 19:04:46] tshark_command_ready: C:\Program Files\Wireshark\tshark -l -i 5 -o tls.keylog_file:C:\tmp\tls.keys -f tcp port 443 -Y websocket -T fields -E separator=/t -e frame.time_epoch -e websocket.payload.text -e text
[2026-04-14 19:04:46] live_error:code=tshark_runtime_message message=TShark runtime message: Capturing on 'Wi-Fi'
[2026-04-14 19:04:46] tshark_runtime_message: TShark runtime message: Capturing on 'Wi-Fi' | raw=Capturing on 'Wi-Fi'
[2026-04-14 19:05:06] snapshot_event: type=reinit raw={"tag":"REINIT","seed":"2,0,0,1,4,22","ten":"187,340,230,243","oya":"2","hai":"5,11,17,23,28,29,48,49,50,52,61,67,71","m1":"51274","m3":"38953,48201","kawa0":"122,39,73,78,34,114,115,128,88,66,123,113,126","kawa1":"68,72,112,58,120,101,8,107,24,74,14,131,77,15","kawa2":"3,109,111,119,130,75,6,108,42,93,95,40,84,37,32","kawa3":"117,69,116,118,80,1,121,47,85,94,54,10,0,2,60"}
[2026-04-14 19:05:53] snapshot_event: type=init raw={"tag":"INIT","seed":"2,1,0,2,0,21","ten":"67,340,350,243","oya":"2","hai":"63,83,13,131,37,119,92,40,85,27,43,115,91"}
[2026-04-14 19:06:13] snapshot_event: type=init raw={"tag":"INIT","seed":"2,2,0,5,4,102","ten":"67,340,350,243","oya":"2","hai":"109,89,86,72,121,83,111,48,55,53,116,24,110"}
[2026-04-14 19:07:38] live_error:code=tshark_runtime_message message=TShark runtime message: 106 packets captured
[2026-04-14 19:07:38] tshark_runtime_message: TShark runtime message: 106 packets captured | raw=106 packets captured
[thread] capture_worker_started
[2026-04-14 19:07:39] capture_start_requested
[2026-04-14 19:07:39] tshark_command_ready: C:\Program Files\Wireshark\tshark -l -i 5 -o tls.keylog_file:C:\tmp\tls.keys -f tcp port 443 -Y websocket -T fields -E separator=/t -e frame.time_epoch -e websocket.payload.text -e text
[2026-04-14 19:07:40] live_error:code=tshark_runtime_message message=TShark runtime message: Capturing on 'Wi-Fi'
[2026-04-14 19:07:40] tshark_runtime_message: TShark runtime message: Capturing on 'Wi-Fi' | raw=Capturing on 'Wi-Fi'
[2026-04-14 19:07:50] snapshot_event: type=reinit raw={"tag":"REINIT","seed":"2,2,0,5,4,102","ten":"67,340,350,243","oya":"2","hai":"24,28,48,53,55,61,69,72,83,86,89,113,115","m2":"44375","kawa0":"109,110,111,121,116,7,42","kawa1":"1,108,76,3,122,37","kawa2":"2,50,126,129,6,98,125","kawa3":"118,120,66,56,132,127,80"}
[2026-04-14 19:08:19] snapshot_event: type=init raw={"tag":"INIT","seed":"0,0,0,5,4,11","ten":"250,250,250,250","oya":"2","hai":"0,43,110,123,106,85,33,78,26,96,70,124,30"}
[thread] capture_worker_started
[2026-04-14 19:09:05] capture_start_requested
[2026-04-14 19:09:05] tshark_command_ready: C:\Program Files\Wireshark\tshark -l -i 5 -o tls.keylog_file:C:\tmp\tls.keys -f tcp port 443 -Y websocket -T fields -E separator=/t -e frame.time_epoch -e websocket.payload.text -e text
[2026-04-14 19:09:06] live_error:code=tshark_runtime_message message=TShark runtime message: Capturing on 'Wi-Fi'
[2026-04-14 19:09:06] tshark_runtime_message: TShark runtime message: Capturing on 'Wi-Fi' | raw=Capturing on 'Wi-Fi'
[2026-04-14 19:09:15] snapshot_event: type=reinit raw={"tag":"REINIT","seed":"0,0,0,5,4,11","ten":"250,250,250,250","oya":"2","hai":"0,26,30,33,43,70,78,85,96,106,109,110,124","m1":"50698","kawa0":"123,75","kawa1":"69,37,115","kawa2":"32,112,68","kawa3":"111,7"}
[2026-04-14 19:11:15] snapshot_event: type=init raw={"tag":"INIT","seed":"1,0,0,4,0,15","ten":"250,130,250,370","oya":"3","hai":"48,135,27,10,94,56,70,44,25,39,100,42,2"}
[thread] capture_worker_started
[2026-04-14 21:39:51] capture_start_requested
[2026-04-14 21:39:52] tshark_command_ready: C:\Program Files\Wireshark\tshark -l -i 5 -o tls.keylog_file:C:\tmp\tls.keys -f tcp port 443 -Y websocket -T fields -E separator=/t -e frame.time_epoch -e websocket.payload.text -e text
[2026-04-14 21:39:52] live_error:code=tshark_runtime_message message=TShark runtime message: Capturing on 'Wi-Fi'
[2026-04-14 21:39:52] tshark_runtime_message: TShark runtime message: Capturing on 'Wi-Fi' | raw=Capturing on 'Wi-Fi'
[2026-04-14 21:40:15] snapshot_event: type=init raw={"tag":"INIT","seed":"0,0,0,4,5,117","ten":"250,250,250,250","oya":"1","hai":"18,68,0,80,101,74,132,120,83,1,128,76,119"}
[2026-04-14 21:44:27] snapshot_event: type=init raw={"tag":"INIT","seed":"1,0,0,1,4,105","ten":"370,250,130,250","oya":"2","hai":"95,100,112,51,58,57,23,117,63,128,3,76,133"}
[2026-04-14 21:47:22] snapshot_event: type=init raw={"tag":"INIT","seed":"2,0,0,1,2,125","ten":"340,370,70,220","oya":"3","hai":"17,100,47,7,60,39,89,133,38,103,45,86,114"}
[2026-04-14 21:50:03] snapshot_event: type=reinit raw={"tag":"REINIT","seed":"2,0,0,1,2,125","ten":"340,370,70,220","oya":"3","hai":"38,39,45,47,48,56,60,86,88,89,96,100,103","kawa0":"114,7,75,133,17,14,64,58,135,129,5","kawa1":"36,126,1,109,113,112,117,68,30,110","kawa2":"116,127,118,115,105,122,2,78,50,0","kawa3":"124,119,41,81,134,108,132,72,91,90,83"}
[2026-04-14 21:51:22] snapshot_event: type=init raw={"tag":"INIT","seed":"3,0,0,1,1,21","ten":"327,357,122,194","oya":"0","hai":"112,33,102,51,106,50,110,22,107,65,46,5,135"}
[2026-04-14 21:53:57] snapshot_event: type=init raw={"tag":"INIT","seed":"3,1,0,4,2,32","ten":"447,317,82,154","oya":"0","hai":"110,17,71,52,60,40,51,57,20,14,92,129,30"}
[2026-04-14 21:55:18] snapshot_event: type=init raw={"tag":"INIT","seed":"4,0,0,1,1,54","ten":"386,450,41,123","oya":"1","hai":"110,116,79,82,14,117,7,52,30,113,25,105,83"}
[2026-04-14 21:59:14] snapshot_event: type=init raw={"tag":"INIT","seed":"5,1,0,1,2,100","ten":"386,450,41,123","oya":"2","hai":"51,2,112,28,16,108,57,36,53,47,77,14,50"}
[2026-04-14 22:00:58] snapshot_event: type=init raw={"tag":"INIT","seed":"6,0,0,5,1,121","ten":"386,437,41,136","oya":"3","hai":"7,13,39,77,2,106,63,81,37,24,53,48,111"}
[2026-04-14 22:02:53] snapshot_event: type=init raw={"tag":"INIT","seed":"7,0,0,1,5,38","ten":"366,417,131,86","oya":"0","hai":"93,121,20,27,26,126,87,3,18,118,115,14,96"}
[thread] capture_worker_started
[2026-04-14 23:46:15] capture_start_requested
[2026-04-14 23:46:16] tshark_command_ready: C:\Program Files\Wireshark\tshark -l -i 5 -o tls.keylog_file:C:\tmp\tls.keys -f tcp port 443 -Y websocket -T fields -E separator=/t -e frame.time_epoch -e websocket.payload.text -e text
[2026-04-14 23:46:16] live_error:code=tshark_runtime_message message=TShark runtime message: Capturing on 'Wi-Fi'
[2026-04-14 23:46:16] tshark_runtime_message: TShark runtime message: Capturing on 'Wi-Fi' | raw=Capturing on 'Wi-Fi'
[2026-04-14 23:47:04] snapshot_event: type=init raw={"tag":"INIT","seed":"0,0,0,0,3,11","ten":"250,250,250,250","oya":"2","hai":"48,124,129,20,113,30,31,23,19,34,74,17,105"}
[2026-04-14 23:50:35] snapshot_event: type=init raw={"tag":"INIT","seed":"1,0,0,4,3,22","ten":"240,240,230,290","oya":"3","hai":"58,20,117,108,89,7,32,101,92,135,115,25,3"}
[2026-04-14 23:53:39] snapshot_event: type=init raw={"tag":"INIT","seed":"2,0,0,4,5,94","ten":"240,240,282,238","oya":"0","hai":"55,129,69,106,54,5,9,115,88,121,120,3,80"}
[2026-04-14 23:56:50] snapshot_event: type=init raw={"tag":"INIT","seed":"3,0,0,4,0,119","ten":"190,220,372,218","oya":"1","hai":"101,84,96,3,109,123,7,57,131,18,135,62,29"}
[2026-04-14 23:58:36] snapshot_event: type=init raw={"tag":"INIT","seed":"4,0,0,5,1,1","ten":"270,140,372,218","oya":"2","hai":"14,36,86,83,56,95,21,116,98,28,79,129,57"}
[2026-04-15 00:02:25] snapshot_event: type=init raw={"tag":"INIT","seed":"5,0,0,4,3,32","ten":"231,140,372,257","oya":"3","hai":"57,129,0,24,4,70,91,133,95,97,27,82,11"}
[2026-04-15 00:04:08] snapshot_event: type=init raw={"tag":"INIT","seed":"6,0,0,5,4,55","ten":"226,160,367,247","oya":"0","hai":"80,47,35,87,125,71,133,61,43,36,89,51,60"}
[2026-04-15 00:06:41] snapshot_event: type=init raw={"tag":"INIT","seed":"6,1,0,3,3,86","ten":"285,150,328,237","oya":"0","hai":"30,66,135,79,29,31,28,43,58,1,105,55,8"}
[2026-04-15 00:10:31] snapshot_event: type=init raw={"tag":"INIT","seed":"6,2,2,2,2,0","ten":"285,140,328,227","oya":"0","hai":"116,128,123,135,41,115,49,26,47,9,112,131,13"}
[2026-04-15 00:11:57] snapshot_event: type=init raw={"tag":"INIT","seed":"7,0,0,3,3,50","ten":"285,54,328,333","oya":"1","hai":"127,14,54,62,20,43,33,123,79,107,91,131,108"}
[thread] capture_worker_started
[2026-04-15 00:13:46] capture_start_requested
[2026-04-15 00:13:47] tshark_command_ready: C:\Program Files\Wireshark\tshark -l -i 5 -o tls.keylog_file:C:\tmp\tls.keys -f tcp port 443 -Y websocket -T fields -E separator=/t -e frame.time_epoch -e websocket.payload.text -e text
[2026-04-15 00:13:47] live_error:code=tshark_runtime_message message=TShark runtime message: Capturing on 'Wi-Fi'
[2026-04-15 00:13:47] tshark_runtime_message: TShark runtime message: Capturing on 'Wi-Fi' | raw=Capturing on 'Wi-Fi'
[2026-04-15 00:14:07] snapshot_event: type=init raw={"tag":"INIT","seed":"0,0,0,2,5,8","ten":"250,250,250,250","oya":"2","hai":"128,86,119,9,3,25,106,107,110,121,104,1,132"}
[2026-04-15 00:16:14] snapshot_event: type=init raw={"tag":"INIT","seed":"0,1,0,3,3,56","ten":"250,173,327,250","oya":"2","hai":"101,31,54,129,6,46,40,2,71,92,96,98,105"}
[2026-04-15 00:19:40] snapshot_event: type=init raw={"tag":"INIT","seed":"1,0,0,1,0,132","ten":"229,152,287,332","oya":"3","hai":"72,15,35,23,9,99,70,26,43,133,93,11,17"}
[2026-04-15 00:22:12] snapshot_event: type=init raw={"tag":"INIT","seed":"2,0,0,5,4,8","ten":"142,152,374,332","oya":"0","hai":"63,114,57,54,71,127,72,109,39,122,105,9,120"}
[2026-04-15 00:23:19] snapshot_event: type=init raw={"tag":"INIT","seed":"3,0,0,5,2,2","ten":"142,152,361,345","oya":"1","hai":"88,79,78,104,55,96,66,90,48,15,130,103,31"}
[2026-04-15 00:26:19] snapshot_event: type=init raw={"tag":"INIT","seed":"4,0,0,5,4,79","ten":"221,113,341,325","oya":"2","hai":"9,30,131,62,93,68,21,74,37,12,103,102,77"}
[2026-04-15 00:28:15] snapshot_event: type=init raw={"tag":"INIT","seed":"5,0,0,1,5,21","ten":"301,33,341,325","oya":"3","hai":"116,52,103,30,72,97,93,68,20,71,65,77,114"}
[2026-04-15 00:30:02] snapshot_event: type=init raw={"tag":"INIT","seed":"5,1,0,0,2,106","ten":"272,33,341,354","oya":"3","hai":"134,61,16,37,57,46,59,34,129,22,60,30,19"}
[thread] capture_worker_started
[2026-04-15 00:48:57] capture_start_requested
[2026-04-15 00:48:57] tshark_command_ready: C:\Program Files\Wireshark\tshark -l -i 5 -o tls.keylog_file:C:\tmp\tls.keys -f tcp port 443 -Y websocket -T fields -E separator=/t -e frame.time_epoch -e websocket.payload.text -e text
[2026-04-15 00:48:58] live_error:code=tshark_runtime_message message=TShark runtime message: Capturing on 'Wi-Fi'
[2026-04-15 00:48:58] tshark_runtime_message: TShark runtime message: Capturing on 'Wi-Fi' | raw=Capturing on 'Wi-Fi'
[2026-04-15 00:49:27] snapshot_event: type=init raw={"tag":"INIT","seed":"0,0,0,2,1,110","ten":"250,250,250,250","oya":"0","hai":"30,14,36,15,65,40,69,16,41,34,1,5,129"}
[2026-04-15 00:53:24] snapshot_event: type=init raw={"tag":"INIT","seed":"1,0,0,5,0,15","ten":"170,420,200,210","oya":"1","hai":"11,115,91,96,99,111,14,50,45,134,13,18,113"}
[thread] capture_worker_started
[2026-04-15 00:53:59] capture_start_requested
[2026-04-15 00:54:00] tshark_command_ready: C:\Program Files\Wireshark\tshark -l -i 5 -o tls.keylog_file:C:\tmp\tls.keys -f tcp port 443 -Y websocket -T fields -E separator=/t -e frame.time_epoch -e websocket.payload.text -e text
[2026-04-15 00:54:00] live_error:code=tshark_runtime_message message=TShark runtime message: Capturing on 'Wi-Fi'
[2026-04-15 00:54:00] tshark_runtime_message: TShark runtime message: Capturing on 'Wi-Fi' | raw=Capturing on 'Wi-Fi'
[2026-04-15 00:54:08] snapshot_event: type=reinit raw={"tag":"REINIT","seed":"1,0,0,5,0,15","ten":"170,420,200,210","oya":"1","hai":"11,13,14,18,23,45,50,91,96,99,105,113,115","kawa0":"111,71,134","kawa1":"114,117,4,1","kawa2":"104,36,122,107","kawa3":"34,3,78,116"}
[2026-04-15 00:57:17] snapshot_event: type=init raw={"tag":"INIT","seed":"2,0,0,0,4,61","ten":"260,330,200,210","oya":"2","hai":"104,135,72,99,93,21,6,97,35,47,71,55,60"}
[2026-04-15 00:59:44] snapshot_event: type=init raw={"tag":"INIT","seed":"3,0,0,5,2,21","ten":"260,350,200,190","oya":"3","hai":"34,115,71,25,43,2,98,107,35,57,110,87,50"}
[2026-04-15 01:01:59] snapshot_event: type=init raw={"tag":"INIT","seed":"4,0,0,1,5,30","ten":"230,450,170,150","oya":"0","hai":"48,95,113,52,110,115,131,53,46,66,120,62,133"}
[2026-04-15 01:04:21] snapshot_event: type=init raw={"tag":"INIT","seed":"4,1,0,4,5,114","ten":"347,411,131,111","oya":"0","hai":"111,110,128,21,75,131,104,48,105,77,90,54,3"}
[2026-04-15 01:07:32] snapshot_event: type=init raw={"tag":"INIT","seed":"5,0,0,1,2,65","ten":"337,411,183,69","oya":"1","hai":"114,98,14,42,117,122,44,20,113,24,89,119,16"}
[thread] capture_worker_started
[2026-04-15 01:11:49] capture_start_requested
[2026-04-15 01:11:49] tshark_command_ready: C:\Program Files\Wireshark\tshark -l -i 5 -o tls.keylog_file:C:\tmp\tls.keys -f tcp port 443 -Y websocket -T fields -E separator=/t -e frame.time_epoch -e websocket.payload.text -e text
[2026-04-15 01:11:49] live_error:code=tshark_runtime_message message=TShark runtime message: Capturing on 'Wi-Fi'
[2026-04-15 01:11:49] tshark_runtime_message: TShark runtime message: Capturing on 'Wi-Fi' | raw=Capturing on 'Wi-Fi'
[2026-04-15 01:12:06] snapshot_event: type=init raw={"tag":"INIT","seed":"0,0,0,0,2,56","ten":"250,250,250,250","oya":"3","hai":"91,79,0,68,86,21,42,118,59,96,32,6,93"}
[2026-04-15 01:13:54] snapshot_event: type=init raw={"tag":"INIT","seed":"1,0,0,3,1,60","ten":"230,230,330,210","oya":"0","hai":"65,93,61,81,13,126,90,110,23,27,62,74,67"}
[2026-04-15 01:16:35] snapshot_event: type=init raw={"tag":"INIT","seed":"2,0,0,1,2,5","ten":"143,230,330,297","oya":"1","hai":"94,80,44,60,84,12,129,72,105,22,113,9,37"}
[2026-04-15 01:18:48] snapshot_event: type=init raw={"tag":"INIT","seed":"3,0,0,3,4,57","ten":"138,220,350,292","oya":"2","hai":"14,3,23,108,30,18,92,52,61,91,98,127,113"}
[2026-04-15 01:20:09] snapshot_event: type=init raw={"tag":"INIT","seed":"4,0,0,1,5,110","ten":"86,272,350,292","oya":"3","hai":"107,54,32,8,1,80,23,10,59,61,126,63,48"}
[2026-04-15 01:23:53] snapshot_event: type=init raw={"tag":"INIT","seed":"4,1,2,5,2,80","ten":"91,257,335,297","oya":"3","hai":"42,37,110,123,68,79,32,16,13,132,44,33,60"}
[2026-04-15 01:24:47] snapshot_event: type=init raw={"tag":"INIT","seed":"5,0,0,0,3,61","ten":"75,293,335,297","oya":"0","hai":"33,54,65,125,31,107,11,131,35,20,69,63,39"}
[2026-04-15 01:27:43] snapshot_event: type=init raw={"tag":"INIT","seed":"6,0,0,0,3,89","ten":"70,290,346,294","oya":"1","hai":"93,11,28,103,6,46,7,60,104,101,54,119,112"}
[2026-04-15 01:30:18] snapshot_event: type=init raw={"tag":"INIT","seed":"7,0,0,4,5,67","ten":"70,290,356,284","oya":"2","hai":"82,83,100,96,121,75,94,39,129,130,80,54,42"}
[thread] capture_worker_started
[2026-04-15 01:36:07] capture_start_requested
[2026-04-15 01:36:08] tshark_command_ready: C:\Program Files\Wireshark\tshark -l -i 5 -o tls.keylog_file:C:\tmp\tls.keys -f tcp port 443 -Y websocket -T fields -E separator=/t -e frame.time_epoch -e websocket.payload.text -e text
[2026-04-15 01:36:08] live_error:code=tshark_runtime_message message=TShark runtime message: Capturing on 'Wi-Fi'
[2026-04-15 01:36:08] tshark_runtime_message: TShark runtime message: Capturing on 'Wi-Fi' | raw=Capturing on 'Wi-Fi'
[2026-04-15 01:36:25] snapshot_event: type=init raw={"tag":"INIT","seed":"0,0,0,3,3,82","ten":"250,250,250,250","oya":"1","hai":"42,38,58,43,81,28,79,39,104,48,21,71,86"}
[2026-04-15 01:39:09] snapshot_event: type=init raw={"tag":"INIT","seed":"1,0,0,3,3,26","ten":"220,210,220,350","oya":"2","hai":"78,36,100,116,128,68,86,131,59,104,72,45,49"}
[2026-04-15 01:40:54] snapshot_event: type=init raw={"tag":"INIT","seed":"2,0,0,5,4,0","ten":"220,190,220,370","oya":"3","hai":"3,10,8,4,81,98,44,94,56,129,120,23,60"}
[2026-04-15 01:42:06] live_error:code=tshark_runtime_message message=TShark runtime message: 270 packets captured
[2026-04-15 01:42:06] tshark_runtime_message: TShark runtime message: 270 packets captured | raw=270 packets captured
[2026-04-15 01:42:06] capture_process_exited
[thread] capture_worker_started
[2026-04-15 01:42:07] capture_start_requested
[2026-04-15 01:42:08] tshark_command_ready: C:\Program Files\Wireshark\tshark -l -i 5 -o tls.keylog_file:C:\tmp\tls.keys -f tcp port 443 -Y websocket -T fields -E separator=/t -e frame.time_epoch -e websocket.payload.text -e text
[2026-04-15 01:42:08] live_error:code=tshark_runtime_message message=TShark runtime message: Capturing on 'Wi-Fi'
[2026-04-15 01:42:08] tshark_runtime_message: TShark runtime message: Capturing on 'Wi-Fi' | raw=Capturing on 'Wi-Fi'
[2026-04-15 01:42:22] snapshot_event: type=reinit raw={"tag":"REINIT","seed":"2,0,0,5,4,0","ten":"220,190,220,370","oya":"3","hai":"3,4,8,10,23,25,56,60,93,94,95,98,107","m1":"25631","kawa0":"129,120,81,74,36,132","kawa1":"122,105,2,133,126,119,58","kawa2":"64,131,102,118,68,39,41","kawa3":"123,130,125,103,135,79,82"}
[2026-04-15 01:43:27] snapshot_event: type=init raw={"tag":"INIT","seed":"3,0,0,4,2,11","ten":"200,170,299,331","oya":"0","hai":"19,22,70,15,93,94,23,1,60,98,129,14,42"}
[2026-04-15 01:48:01] snapshot_event: type=init raw={"tag":"INIT","seed":"4,0,0,5,4,100","ten":"123,247,299,331","oya":"1","hai":"9,60,56,15,73,69,43,12,130,61,42,83,30"}
[2026-04-15 01:50:19] snapshot_event: type=init raw={"tag":"INIT","seed":"5,0,0,4,3,66","ten":"118,237,319,326","oya":"2","hai":"83,37,99,111,75,118,53,3,65,52,13,73,119"}
[2026-04-15 01:52:46] snapshot_event: type=init raw={"tag":"INIT","seed":"5,1,0,4,3,103","ten":"118,208,348,326","oya":"2","hai":"65,37,111,38,125,110,67,10,76,41,63,52,113"}
[2026-04-15 01:55:45] snapshot_event: type=init raw={"tag":"INIT","seed":"6,0,0,5,4,4","ten":"63,208,348,381","oya":"3","hai":"97,114,56,109,108,113,80,96,54,43,31,134,16"}
[2026-04-15 01:57:21] snapshot_event: type=init raw={"tag":"INIT","seed":"7,0,0,4,2,28","ten":"143,188,328,341","oya":"0","hai":"107,102,32,33,125,5,30,67,85,48,110,115,106"}
[2026-04-15 02:00:16] snapshot_event: type=init raw={"tag":"INIT","seed":"7,1,0,3,5,110","ten":"263,188,208,341","oya":"0","hai":"68,31,117,16,77,124,132,114,2,30,32,26,54"}
[thread] capture_worker_started
[2026-04-15 02:04:40] capture_start_requested
[2026-04-15 02:04:40] tshark_command_ready: C:\Program Files\Wireshark\tshark -l -i 5 -o tls.keylog_file:C:\tmp\tls.keys -f tcp port 443 -Y websocket -T fields -E separator=/t -e frame.time_epoch -e websocket.payload.text -e text
[2026-04-15 02:04:41] live_error:code=tshark_runtime_message message=TShark runtime message: Capturing on 'Wi-Fi'
[2026-04-15 02:04:41] tshark_runtime_message: TShark runtime message: Capturing on 'Wi-Fi' | raw=Capturing on 'Wi-Fi'
[2026-04-15 02:05:09] snapshot_event: type=init raw={"tag":"INIT","seed":"0,0,0,3,5,107","ten":"250,250,250,250","oya":"3","hai":"9,100,68,20,26,0,103,58,73,70,10,31,65"}
[2026-04-15 02:08:08] snapshot_event: type=init raw={"tag":"INIT","seed":"1,0,0,4,5,116","ten":"337,173,250,240","oya":"0","hai":"0,12,38,135,63,89,3,91,67,62,5,102,24"}
[2026-04-15 02:10:36] snapshot_event: type=init raw={"tag":"INIT","seed":"2,0,0,1,5,52","ten":"247,263,250,240","oya":"1","hai":"23,84,92,38,47,75,43,51,44,132,60,127,74"}
[2026-04-15 02:12:09] snapshot_event: type=init raw={"tag":"INIT","seed":"2,1,0,4,3,52","ten":"242,278,245,235","oya":"1","hai":"39,126,100,0,98,10,4,55,75,29,38,11,58"}
[2026-04-15 02:15:58] snapshot_event: type=init raw={"tag":"INIT","seed":"2,2,2,4,5,14","ten":"247,283,230,220","oya":"1","hai":"7,36,117,20,96,4,86,135,70,63,56,67,62"}
[thread] capture_worker_started
[2026-04-15 02:17:00] capture_start_requested
[2026-04-15 02:17:00] tshark_command_ready: C:\Program Files\Wireshark\tshark -l -i 5 -o tls.keylog_file:C:\tmp\tls.keys -f tcp port 443 -Y websocket -T fields -E separator=/t -e frame.time_epoch -e websocket.payload.text -e text
[2026-04-15 02:17:01] live_error:code=tshark_runtime_message message=TShark runtime message: Capturing on 'Wi-Fi'
[2026-04-15 02:17:01] tshark_runtime_message: TShark runtime message: Capturing on 'Wi-Fi' | raw=Capturing on 'Wi-Fi'
[2026-04-15 02:19:48] snapshot_event: type=reinit raw={"tag":"REINIT","seed":"3,3,3,0,3,125","ten":"237,273,250,210","oya":"2","hai":"19,23,32,38,40,44,56,57,99,105,107,120,123","kawa2":"2","kawa3":"33"}
[2026-04-15 02:21:01] snapshot_event: type=init raw={"tag":"INIT","seed":"4,0,0,2,0,2","ten":"302,273,250,175","oya":"3","hai":"85,9,131,122,107,30,29,98,64,123,42,4,57"}
[2026-04-15 02:23:25] snapshot_event: type=init raw={"tag":"INIT","seed":"5,0,0,2,2,124","ten":"302,263,260,175","oya":"0","hai":"103,93,88,90,25,129,33,39,130,10,63,47,74"}
[2026-04-15 02:26:59] snapshot_event: type=init raw={"tag":"INIT","seed":"6,0,0,0,2,63","ten":"302,283,260,155","oya":"1","hai":"89,123,70,26,122,27,41,50,39,130,60,2,101"}
[2026-04-15 02:29:23] snapshot_event: type=init raw={"tag":"INIT","seed":"6,1,0,5,4,41","ten":"272,353,240,135","oya":"1","hai":"5,22,16,97,25,122,93,72,125,95,29,37,135"}
[2026-04-15 02:32:16] snapshot_event: type=init raw={"tag":"INIT","seed":"7,0,0,3,1,21","ten":"251,313,322,114","oya":"2","hai":"129,127,22,10,54,58,0,72,110,36,131,81,60"}
[thread] capture_worker_started
[2026-04-15 11:10:38] capture_start_requested
[2026-04-15 11:10:38] tshark_command_ready: C:\Program Files\Wireshark\tshark -l -i 5 -o tls.keylog_file:C:\tmp\tls.keys -f tcp port 443 -Y websocket -T fields -E separator=/t -e frame.time_epoch -e websocket.payload.text -e text
[2026-04-15 11:10:40] live_error:code=tshark_runtime_message message=TShark runtime message: Capturing on 'Wi-Fi'
[2026-04-15 11:10:40] tshark_runtime_message: TShark runtime message: Capturing on 'Wi-Fi' | raw=Capturing on 'Wi-Fi'
[2026-04-15 11:11:38] snapshot_event: type=init raw={"tag":"INIT","seed":"0,0,0,0,2,28","ten":"250,250,250,250","oya":"0","hai":"123,68,34,54,3,38,36,49,26,102,56,59,89"}
[2026-04-15 11:14:29] snapshot_event: type=init raw={"tag":"INIT","seed":"1,0,0,2,1,93","ten":"250,327,173,250","oya":"1","hai":"24,10,45,66,67,27,111,132,65,123,35,36,122"}
[2026-04-15 11:16:23] snapshot_event: type=init raw={"tag":"INIT","seed":"2,0,0,4,3,102","ten":"250,327,96,327","oya":"2","hai":"132,96,13,12,20,71,69,57,52,23,73,111,77"}
[2026-04-15 11:18:14] snapshot_event: type=init raw={"tag":"INIT","seed":"3,0,0,4,3,39","ten":"290,317,76,317","oya":"3","hai":"44,79,73,93,125,120,72,104,121,95,98,68,47"}
[2026-04-15 11:20:43] snapshot_event: type=init raw={"tag":"INIT","seed":"4,0,0,1,0,58","ten":"285,312,96,307","oya":"0","hai":"52,49,42,12,119,21,89,107,40,55,79,56,130"}
[2026-04-15 11:24:28] snapshot_event: type=init raw={"tag":"INIT","seed":"5,0,0,1,2,104","ten":"285,273,135,307","oya":"1","hai":"86,10,56,18,66,11,53,3,99,131,72,19,73"}
[2026-04-15 11:27:02] snapshot_event: type=init raw={"tag":"INIT","seed":"6,0,0,5,2,74","ten":"375,273,125,227","oya":"2","hai":"44,49,32,51,117,52,106,99,12,115,41,108,53"}
[2026-04-15 11:30:37] snapshot_event: type=init raw={"tag":"INIT","seed":"6,1,0,4,0,51","ten":"385,243,135,237","oya":"2","hai":"25,135,125,65,59,118,133,14,32,121,114,131,108"}
[2026-04-15 11:32:51] snapshot_event: type=init raw={"tag":"INIT","seed":"6,2,0,5,4,29","ten":"345,203,255,197","oya":"2","hai":"26,14,71,75,130,16,125,11,101,93,131,48,95"}
[2026-04-15 11:35:13] snapshot_event: type=init raw={"tag":"INIT","seed":"7,0,0,3,2,108","ten":"438,203,255,104","oya":"3","hai":"37,71,9,82,4,36,98,76,87,70,75,96,77"}
[thread] capture_worker_started
[2026-04-15 11:43:13] capture_start_requested
[2026-04-15 11:43:13] tshark_command_ready: C:\Program Files\Wireshark\tshark -l -i 5 -o tls.keylog_file:C:\tmp\tls.keys -f tcp port 443 -Y websocket -T fields -E separator=/t -e frame.time_epoch -e websocket.payload.text -e text
[2026-04-15 11:43:14] live_error:code=tshark_runtime_message message=TShark runtime message: Capturing on 'Wi-Fi'
[2026-04-15 11:43:14] tshark_runtime_message: TShark runtime message: Capturing on 'Wi-Fi' | raw=Capturing on 'Wi-Fi'
[2026-04-15 11:44:29] snapshot_event: type=init raw={"tag":"INIT","seed":"0,0,0,0,5,14","ten":"250,250,250,250","oya":"1","hai":"11,56,10,86,41,69,123,115,17,40,57,108,60"}
[2026-04-15 11:48:42] snapshot_event: type=init raw={"tag":"INIT","seed":"0,1,0,3,3,134","ten":"120,380,250,250","oya":"1","hai":"89,128,69,50,42,64,44,76,10,130,83,117,49"}
[2026-04-15 11:52:31] snapshot_event: type=init raw={"tag":"INIT","seed":"1,0,0,5,0,53","ten":"120,338,250,292","oya":"2","hai":"22,104,28,105,106,99,123,87,111,68,1,118,101"}
[thread] capture_worker_started
[2026-04-15 11:53:24] capture_start_requested
[2026-04-15 11:53:24] tshark_command_ready: C:\Program Files\Wireshark\tshark -l -i 5 -o tls.keylog_file:C:\tmp\tls.keys -f tcp port 443 -Y websocket -T fields -E separator=/t -e frame.time_epoch -e websocket.payload.text -e text
[2026-04-15 11:53:25] live_error:code=tshark_runtime_message message=TShark runtime message: Capturing on 'Wi-Fi'
[2026-04-15 11:53:25] tshark_runtime_message: TShark runtime message: Capturing on 'Wi-Fi' | raw=Capturing on 'Wi-Fi'
[2026-04-15 11:53:38] snapshot_event: type=reinit raw={"tag":"REINIT","seed":"1,0,0,5,0,53","ten":"120,338,250,292","oya":"2","hai":"19,22,87,99,101,104,105,106,109,111,118,123,134","kawa0":"112,1,68,28","kawa1":"72,122,126,94","kawa2":"116,35,29,9,21","kawa3":"107,75,33,42"}
[2026-04-15 11:57:42] snapshot_event: type=init raw={"tag":"INIT","seed":"2,0,0,5,3,114","ten":"81,338,250,331","oya":"3","hai":"4,68,72,37,58,122,126,92,71,95,117,9,32"}
[2026-04-15 12:00:23] snapshot_event: type=init raw={"tag":"INIT","seed":"2,1,0,5,3,129","ten":"81,309,250,360","oya":"3","hai":"65,70,92,120,25,8,40,58,99,102,116,114,50"}
[thread] capture_worker_started
[2026-04-15 12:57:31] capture_start_requested
[2026-04-15 12:57:31] tshark_command_ready: C:\Program Files\Wireshark\tshark -l -i 5 -o tls.keylog_file:C:\tmp\tls.keys -f tcp port 443 -Y websocket -T fields -E separator=/t -e frame.time_epoch -e websocket.payload.text -e text
[2026-04-15 12:57:32] live_error:code=tshark_runtime_message message=TShark runtime message: Capturing on 'Wi-Fi'
[2026-04-15 12:57:32] tshark_runtime_message: TShark runtime message: Capturing on 'Wi-Fi' | raw=Capturing on 'Wi-Fi'
[thread] capture_worker_started
[2026-04-15 13:41:41] capture_start_requested
[2026-04-15 13:41:41] tshark_command_ready: C:\Program Files\Wireshark\tshark -l -i 5 -o tls.keylog_file:C:\tmp\tls.keys -f tcp port 443 -Y websocket -T fields -E separator=/t -e frame.time_epoch -e websocket.payload.text -e text
[2026-04-15 13:41:41] live_error:code=tshark_runtime_message message=TShark runtime message: Capturing on 'Wi-Fi'
[2026-04-15 13:41:41] tshark_runtime_message: TShark runtime message: Capturing on 'Wi-Fi' | raw=Capturing on 'Wi-Fi'
[thread] capture_worker_started
[2026-04-15 13:42:51] capture_start_requested
[2026-04-15 13:42:51] tshark_command_ready: C:\Program Files\Wireshark\tshark -l -i 5 -o tls.keylog_file:C:\tmp\tls.keys -f tcp port 443 -Y websocket -T fields -E separator=/t -e frame.time_epoch -e websocket.payload.text -e text
[2026-04-15 13:42:51] live_error:code=tshark_runtime_message message=TShark runtime message: Capturing on 'Wi-Fi'
[2026-04-15 13:42:51] tshark_runtime_message: TShark runtime message: Capturing on 'Wi-Fi' | raw=Capturing on 'Wi-Fi'
[thread] capture_worker_started
[2026-04-15 13:48:37] capture_start_requested
[2026-04-15 13:48:37] tshark_command_ready: C:\Program Files\Wireshark\tshark -l -i 5 -o tls.keylog_file:C:\tmp\tls.keys -f tcp port 443 -Y websocket -T fields -E separator=/t -e frame.time_epoch -e websocket.payload.text -e text
[2026-04-15 13:48:38] live_error:code=tshark_runtime_message message=TShark runtime message: Capturing on 'Wi-Fi'
[2026-04-15 13:48:38] tshark_runtime_message: TShark runtime message: Capturing on 'Wi-Fi' | raw=Capturing on 'Wi-Fi'
[2026-04-15 13:59:59] live_error:code=tshark_runtime_message message=TShark runtime message: 0 packets captured
[2026-04-15 13:59:59] tshark_runtime_message: TShark runtime message: 0 packets captured | raw=0 packets captured
[thread] capture_worker_started
[2026-04-15 14:00:01] capture_start_requested
[2026-04-15 14:00:01] tshark_command_ready: C:\Program Files\Wireshark\tshark -l -i 5 -o tls.keylog_file:C:\tmp\tls.keys -f tcp port 443 -Y websocket -T fields -E separator=/t -e frame.time_epoch -e websocket.payload.text -e text
[2026-04-15 14:00:02] live_error:code=tshark_runtime_message message=TShark runtime message: Capturing on 'Wi-Fi'
[2026-04-15 14:00:02] tshark_runtime_message: TShark runtime message: Capturing on 'Wi-Fi' | raw=Capturing on 'Wi-Fi'
[thread] capture_worker_started
[2026-04-15 14:01:52] capture_start_requested
[2026-04-15 14:01:52] tshark_command_ready: C:\Program Files\Wireshark\tshark -l -i 5 -o tls.keylog_file:C:\tmp\tls.keys -f tcp port 443 -Y websocket -T fields -E separator=/t -e frame.time_epoch -e websocket.payload.text -e text
[2026-04-15 14:01:53] live_error:code=tshark_runtime_message message=TShark runtime message: Capturing on 'Wi-Fi'
[2026-04-15 14:01:53] tshark_runtime_message: TShark runtime message: Capturing on 'Wi-Fi' | raw=Capturing on 'Wi-Fi'
[thread] capture_worker_started
[2026-04-15 14:01:58] capture_start_requested
[2026-04-15 14:01:58] tshark_command_ready: C:\Program Files\Wireshark\tshark -l -i 5 -o tls.keylog_file:C:\tmp\tls.keys -f tcp port 443 -Y websocket -T fields -E separator=/t -e frame.time_epoch -e websocket.payload.text -e text
[2026-04-15 14:01:58] live_error:code=tshark_runtime_message message=TShark runtime message: Capturing on 'Wi-Fi'
[2026-04-15 14:01:58] tshark_runtime_message: TShark runtime message: Capturing on 'Wi-Fi' | raw=Capturing on 'Wi-Fi'
[thread] capture_worker_started
[2026-04-15 14:08:57] capture_start_requested
[2026-04-15 14:08:57] tshark_command_ready: C:\Program Files\Wireshark\tshark -l -i 5 -o tls.keylog_file:C:\tmp\tls.keys -f tcp port 443 -Y websocket -T fields -E separator=/t -e frame.time_epoch -e websocket.payload.text -e text
[2026-04-15 14:08:58] live_error:code=tshark_runtime_message message=TShark runtime message: Capturing on 'Wi-Fi'
[2026-04-15 14:08:58] tshark_runtime_message: TShark runtime message: Capturing on 'Wi-Fi' | raw=Capturing on 'Wi-Fi'
[thread] capture_worker_started
[2026-04-15 14:13:02] capture_start_requested
[2026-04-15 14:13:02] tshark_command_ready: C:\Program Files\Wireshark\tshark -l -i 5 -o tls.keylog_file:C:\tmp\tls.keys -f tcp port 443 -Y websocket -T fields -E separator=/t -e frame.time_epoch -e websocket.payload.text -e text
[2026-04-15 14:13:03] live_error:code=tshark_runtime_message message=TShark runtime message: Capturing on 'Wi-Fi'
[2026-04-15 14:13:03] tshark_runtime_message: TShark runtime message: Capturing on 'Wi-Fi' | raw=Capturing on 'Wi-Fi'
[2026-04-15 14:14:19] snapshot_event: type=init raw={"tag":"INIT","seed":"0,0,0,2,2,133","ten":"250,250,250,250","oya":"0","hai":"44,60,62,66,1,110,63,29,111,88,72,40,58"}
[2026-04-15 14:18:01] snapshot_event: type=init raw={"tag":"INIT","seed":"1,0,0,2,1,122","ten":"250,160,250,340","oya":"1","hai":"71,9,39,103,4,76,50,84,42,130,55,13,88"}
[thread] capture_worker_started
[2026-04-15 15:28:58] capture_start_requested
[2026-04-15 15:28:58] tshark_command_ready: C:\Program Files\Wireshark\tshark -l -i 5 -o tls.keylog_file:C:\tmp\tls.keys -f tcp port 443 -Y websocket -T fields -E separator=/t -e frame.time_epoch -e websocket.payload.text -e text
[2026-04-15 15:28:59] live_error:code=tshark_runtime_message message=TShark runtime message: Capturing on 'Wi-Fi'
[2026-04-15 15:28:59] tshark_runtime_message: TShark runtime message: Capturing on 'Wi-Fi' | raw=Capturing on 'Wi-Fi'
[thread] capture_worker_started
[2026-04-15 15:36:19] capture_start_requested
[2026-04-15 15:36:20] tshark_command_ready: C:\Program Files\Wireshark\tshark -l -i 5 -o tls.keylog_file:C:\tmp\tls.keys -f tcp port 443 -Y websocket -T fields -E separator=/t -e frame.time_epoch -e websocket.payload.text -e text
[2026-04-15 15:36:20] live_error:code=tshark_runtime_message message=TShark runtime message: Capturing on 'Wi-Fi'
[2026-04-15 15:36:20] tshark_runtime_message: TShark runtime message: Capturing on 'Wi-Fi' | raw=Capturing on 'Wi-Fi'
[2026-04-15 15:36:55] snapshot_event: type=init raw={"tag":"INIT","seed":"0,0,0,2,2,105","ten":"250,250,250,250","oya":"2","hai":"40,62,89,134,92,64,108,18,125,19,61,30,100"}
[2026-04-15 15:39:20] snapshot_event: type=init raw={"tag":"INIT","seed":"1,0,0,4,1,48","ten":"198,302,250,250","oya":"3","hai":"4,116,54,52,59,68,7,62,50,97,58,63,3"}
[2026-04-15 15:39:45] live_error:code=tshark_runtime_message message=TShark runtime message: 124 packets captured
[2026-04-15 15:39:45] tshark_runtime_message: TShark runtime message: 124 packets captured | raw=124 packets captured
[2026-04-15 15:39:45] capture_process_exited
[thread] capture_worker_started
[2026-04-15 15:40:12] capture_start_requested
[2026-04-15 15:40:12] tshark_command_ready: C:\Program Files\Wireshark\tshark -l -i 5 -o tls.keylog_file:C:\tmp\tls.keys -f tcp port 443 -Y websocket -T fields -E separator=/t -e frame.time_epoch -e websocket.payload.text -e text
[2026-04-15 15:40:13] live_error:code=tshark_runtime_message message=TShark runtime message: Capturing on 'Wi-Fi'
[2026-04-15 15:40:13] tshark_runtime_message: TShark runtime message: Capturing on 'Wi-Fi' | raw=Capturing on 'Wi-Fi'
[2026-04-15 15:40:23] snapshot_event: type=reinit raw={"tag":"REINIT","seed":"1,0,0,4,1,48","ten":"198,302,250,250","oya":"3","hai":"3,4,7,50,52,54,58,59,62,63,68,97,99","kawa0":"116,121,69,21","kawa1":"122,31,65,74","kawa2":"34,131,38,108","kawa3":"118,134,132,128"}
[thread] capture_worker_started
[2026-04-15 15:44:16] capture_start_requested
[2026-04-15 15:44:16] tshark_command_ready: C:\Program Files\Wireshark\tshark -l -i 5 -o tls.keylog_file:C:\tmp\tls.keys -f tcp port 443 -Y websocket -T fields -E separator=/t -e frame.time_epoch -e websocket.payload.text -e text
[2026-04-15 15:44:17] live_error:code=tshark_runtime_message message=TShark runtime message: Capturing on 'Wi-Fi'
[2026-04-15 15:44:17] tshark_runtime_message: TShark runtime message: Capturing on 'Wi-Fi' | raw=Capturing on 'Wi-Fi'
[2026-04-15 15:44:43] snapshot_event: type=reinit raw={"tag":"REINIT","seed":"2,0,0,3,2,116","ten":"198,312,240,250","oya":"0","hai":"15,20,23,31,36,59,64,78,79,106,110,129,132","m3":"1065,48203,43563","kawa0":"69,76,72,12,100,1,57,35,101,44,58,8,45,13,73","kawa1":"107,117,109,66,27,131,28,103,22,67,10,9,43,128,91","kawa2":"118,119,33,95,126,83,97,90,55,130,32,17","kawa3":"37,75,93,60,19,7,85,68,4,39,81,25,121,65,14"}
[2026-04-15 15:45:24] snapshot_event: type=init raw={"tag":"INIT","seed":"3,0,0,4,5,83","ten":"138,432,210,220","oya":"1","hai":"7,114,43,127,132,89,33,45,22,28,16,133,13"}
[thread] capture_worker_started
[2026-04-15 15:48:05] capture_start_requested
[2026-04-15 15:48:05] tshark_command_ready: C:\Program Files\Wireshark\tshark -l -i 5 -o tls.keylog_file:C:\tmp\tls.keys -f tcp port 443 -Y websocket -T fields -E separator=/t -e frame.time_epoch -e websocket.payload.text -e text
[2026-04-15 15:48:06] live_error:code=tshark_runtime_message message=TShark runtime message: Capturing on 'Wi-Fi'
[2026-04-15 15:48:06] tshark_runtime_message: TShark runtime message: Capturing on 'Wi-Fi' | raw=Capturing on 'Wi-Fi'
[2026-04-15 15:48:13] snapshot_event: type=reinit raw={"tag":"REINIT","seed":"4,0,0,0,4,91","ten":"58,432,210,300","oya":"2","hai":"1,3,7,11,18,28,32,42,43,70,76,79,114","m1":"12298,50730","m3":"53383","kawa0":"67,0,92,96,119,4,125","kawa1":"107,115,131,36,12,41,105,51,81","kawa2":"127,108,54,74,60,59,19,64,45","kawa3":"129,124,126,111,71,69,66,2"}
[2026-04-15 15:48:19] snapshot_event: type=reinit raw={"tag":"REINIT","seed":"4,0,0,0,4,91","ten":"58,432,210,300","oya":"2","hai":"1,3,7,11,18,28,32,42,43,70,76,79,114","m1":"12298,50730","m3":"53383","kawa0":"67,0,92,96,119,4,125,123","kawa1":"107,115,131,36,12,41,105,51,81,46","kawa2":"127,108,54,74,60,59,19,64,45,20","kawa3":"129,124,126,111,71,69,66,2"}
[2026-04-15 15:57:43] live_error:code=tshark_runtime_message message=TShark runtime message: 17 packets captured
[2026-04-15 15:57:43] tshark_runtime_message: TShark runtime message: 17 packets captured | raw=17 packets captured
[2026-04-15 15:57:43] capture_process_exited
[thread] capture_worker_started
[2026-04-15 15:57:54] capture_start_requested
[2026-04-15 15:57:54] tshark_command_ready: C:\Program Files\Wireshark\tshark -l -i 5 -o tls.keylog_file:C:\tmp\tls.keys -f tcp port 443 -Y websocket -T fields -E separator=/t -e frame.time_epoch -e websocket.payload.text -e text
[2026-04-15 15:57:55] live_error:code=tshark_runtime_message message=TShark runtime message: Capturing on 'Wi-Fi'
[2026-04-15 15:57:55] tshark_runtime_message: TShark runtime message: Capturing on 'Wi-Fi' | raw=Capturing on 'Wi-Fi'
[thread] capture_worker_started
[2026-04-15 20:14:39] capture_start_requested
[2026-04-15 20:14:39] tshark_command_ready: C:\Program Files\Wireshark\tshark -l -i 5 -o tls.keylog_file:C:\tmp\tls.keys -f tcp port 443 -Y websocket -T fields -E separator=/t -e frame.time_epoch -e websocket.payload.text -e text
[2026-04-15 20:14:40] live_error:code=tshark_runtime_message message=TShark runtime message: Capturing on 'Wi-Fi'
[2026-04-15 20:14:40] tshark_runtime_message: TShark runtime message: Capturing on 'Wi-Fi' | raw=Capturing on 'Wi-Fi'
[thread] capture_worker_started
[2026-04-15 20:22:36] capture_start_requested
[2026-04-15 20:22:37] tshark_command_ready: C:\Program Files\Wireshark\tshark -l -i 5 -o tls.keylog_file:C:\tmp\tls.keys -f tcp port 443 -Y websocket -T fields -E separator=/t -e frame.time_epoch -e websocket.payload.text -e text
[2026-04-15 20:22:37] live_error:code=tshark_runtime_message message=TShark runtime message: Capturing on 'Wi-Fi'
[2026-04-15 20:22:37] tshark_runtime_message: TShark runtime message: Capturing on 'Wi-Fi' | raw=Capturing on 'Wi-Fi'
[thread] capture_worker_started
[2026-04-15 20:27:27] capture_start_requested
[2026-04-15 20:27:27] tshark_command_ready: C:\Program Files\Wireshark\tshark -l -i 5 -o tls.keylog_file:C:\tmp\tls.keys -f tcp port 443 -Y websocket -T fields -E separator=/t -e frame.time_epoch -e websocket.payload.text -e text
[2026-04-15 20:27:28] live_error:code=tshark_runtime_message message=TShark runtime message: Capturing on 'Wi-Fi'
[2026-04-15 20:27:28] tshark_runtime_message: TShark runtime message: Capturing on 'Wi-Fi' | raw=Capturing on 'Wi-Fi'
[thread] capture_worker_started
[2026-04-15 20:38:48] capture_start_requested
[2026-04-15 20:38:48] tshark_command_ready: C:\Program Files\Wireshark\tshark -l -i 5 -o tls.keylog_file:C:\tmp\tls.keys -f tcp port 443 -Y websocket -T fields -E separator=/t -e frame.time_epoch -e websocket.payload.text -e text
[2026-04-15 20:38:49] live_error:code=tshark_runtime_message message=TShark runtime message: Capturing on 'Wi-Fi'
[2026-04-15 20:38:49] tshark_runtime_message: TShark runtime message: Capturing on 'Wi-Fi' | raw=Capturing on 'Wi-Fi'
[2026-04-15 20:40:09] snapshot_event: type=init raw={"tag":"INIT","seed":"0,0,0,0,3,80","ten":"250,250,250,250","oya":"2","hai":"109,26,75,21,111,0,39,49,28,97,29,132,4"}
[2026-04-15 20:42:30] snapshot_event: type=reinit raw={"tag":"REINIT","seed":"1,0,0,5,5,9","ten":"170,250,250,330","oya":"3","hai":"4,7,10,28,40,51,53,82,83,96,124,126,133","kawa0":"111,67,64","kawa1":"110,75,3","kawa2":"114,129,127","kawa3":"37,116,122,0"}
[thread] capture_worker_started
[2026-04-15 20:46:05] capture_start_requested
[2026-04-15 20:46:05] tshark_command_ready: C:\Program Files\Wireshark\tshark -l -i 5 -o tls.keylog_file:C:\tmp\tls.keys -f tcp port 443 -Y websocket -T fields -E separator=/t -e frame.time_epoch -e websocket.payload.text -e text
[2026-04-15 20:46:06] live_error:code=tshark_runtime_message message=TShark runtime message: Capturing on 'Wi-Fi'
[2026-04-15 20:46:06] tshark_runtime_message: TShark runtime message: Capturing on 'Wi-Fi' | raw=Capturing on 'Wi-Fi'
[2026-04-15 20:46:22] snapshot_event: type=reinit raw={"tag":"REINIT","seed":"2,0,0,0,5,31","ten":"140,230,340,290","oya":"0","hai":"11,14,20,22,24,45,48,55,60,61,85,88,95","kawa0":"112,106,39,125,76,32,104,51","kawa1":"121,126,113,120,43,133,7,67","kawa2":"13,107,119,134,78,37,131","kawa3":"111,114,5,3,0,25,47"}
[2026-04-15 20:47:24] snapshot_event: type=init raw={"tag":"INIT","seed":"3,0,0,0,4,14","ten":"127,223,333,317","oya":"1","hai":"83,50,47,11,46,109,127,21,65,67,61,113,60"}
[2026-04-15 20:51:56] live_error:code=tshark_runtime_message message=TShark runtime message: 99 packets captured
[2026-04-15 20:51:56] tshark_runtime_message: TShark runtime message: 99 packets captured | raw=99 packets captured
[thread] capture_worker_started
[2026-04-15 20:51:58] capture_start_requested
[2026-04-15 20:51:58] tshark_command_ready: C:\Program Files\Wireshark\tshark -l -i 5 -o tls.keylog_file:C:\tmp\tls.keys -f tcp port 443 -Y websocket -T fields -E separator=/t -e frame.time_epoch -e websocket.payload.text -e text
[2026-04-15 20:51:59] live_error:code=tshark_runtime_message message=TShark runtime message: Capturing on 'Wi-Fi'
[2026-04-15 20:51:59] tshark_runtime_message: TShark runtime message: Capturing on 'Wi-Fi' | raw=Capturing on 'Wi-Fi'
[thread] capture_worker_started
[2026-04-15 21:05:27] capture_start_requested
[2026-04-15 21:05:27] tshark_command_ready: C:\Program Files\Wireshark\tshark -l -i 5 -o tls.keylog_file:C:\tmp\tls.keys -f tcp port 443 -Y websocket -T fields -E separator=/t -e frame.time_epoch -e websocket.payload.text -e text
[2026-04-15 21:05:28] live_error:code=tshark_runtime_message message=TShark runtime message: Capturing on 'Wi-Fi'
[2026-04-15 21:05:28] tshark_runtime_message: TShark runtime message: Capturing on 'Wi-Fi' | raw=Capturing on 'Wi-Fi'
[2026-04-15 21:10:30] snapshot_event: type=init raw={"tag":"INIT","seed":"0,0,0,1,3,59","ten":"250,250,250,250","oya":"3","hai":"30,24,62,7,12,89,117,106,134,131,54,29,65"}
[2026-04-15 21:12:31] snapshot_event: type=init raw={"tag":"INIT","seed":"1,0,0,0,4,48","ten":"230,230,330,210","oya":"0","hai":"18,109,21,101,124,33,83,31,122,11,125,4,28"}
[2026-04-15 21:15:00] snapshot_event: type=init raw={"tag":"INIT","seed":"2,0,0,4,3,129","ten":"170,350,300,180","oya":"1","hai":"8,118,66,54,108,128,67,96,47,133,16,36,99"}
[2026-04-15 21:16:58] snapshot_event: type=init raw={"tag":"INIT","seed":"3,0,0,5,3,80","ten":"250,310,280,160","oya":"2","hai":"86,106,68,18,118,66,126,127,105,73,63,128,134"}
[2026-04-15 21:19:31] snapshot_event: type=init raw={"tag":"INIT","seed":"3,1,0,5,2,16","ten":"250,190,400,160","oya":"2","hai":"18,123,48,45,82,73,35,90,9,62,132,44,34"}
[thread] capture_worker_started
[2026-04-15 21:25:39] capture_start_requested
[2026-04-15 21:25:39] tshark_command_ready: C:\Program Files\Wireshark\tshark -l -i 5 -o tls.keylog_file:C:\tmp\tls.keys -f tcp port 443 -Y websocket -T fields -E separator=/t -e frame.time_epoch -e websocket.payload.text -e text
[2026-04-15 21:25:40] live_error:code=tshark_runtime_message message=TShark runtime message: Capturing on 'Wi-Fi'
[2026-04-15 21:25:40] tshark_runtime_message: TShark runtime message: Capturing on 'Wi-Fi' | raw=Capturing on 'Wi-Fi'
[2026-04-15 21:25:56] snapshot_event: type=reinit raw={"tag":"REINIT","seed":"5,0,0,1,4,122","ten":"365,185,272,178","oya":"0","hai":"1,5,9,12,13,18,46,49,51,59,67,82,85","kawa0":"131,39,65,35,24,3","kawa1":"117,135,125,79,115,60","kawa2":"6,112,108,107,101,41","kawa3":"116,34,114,124,47"}
[2026-04-15 21:27:50] snapshot_event: type=init raw={"tag":"INIT","seed":"6,0,0,1,2,24","ten":"365,185,182,268","oya":"1","hai":"94,98,7,1,55,76,6,61,109,130,19,83,15"}
[2026-04-15 21:29:26] snapshot_event: type=init raw={"tag":"INIT","seed":"7,0,0,1,4,18","ten":"360,175,177,288","oya":"2","hai":"85,49,39,14,8,56,80,87,48,76,109,128,41"}
[thread] capture_worker_started
[2026-04-15 21:30:54] capture_start_requested
[2026-04-15 21:30:54] tshark_command_ready: C:\Program Files\Wireshark\tshark -l -i 5 -o tls.keylog_file:C:\tmp\tls.keys -f tcp port 443 -Y websocket -T fields -E separator=/t -e frame.time_epoch -e websocket.payload.text -e text
[2026-04-15 21:30:55] live_error:code=tshark_runtime_message message=TShark runtime message: Capturing on 'Wi-Fi'
[2026-04-15 21:30:55] tshark_runtime_message: TShark runtime message: Capturing on 'Wi-Fi' | raw=Capturing on 'Wi-Fi'
[2026-04-15 21:31:21] snapshot_event: type=init raw={"tag":"INIT","seed":"0,0,0,3,4,42","ten":"250,250,250,250","oya":"1","hai":"44,13,78,17,7,4,89,75,108,95,22,125,52"}
[2026-04-15 21:31:35] snapshot_event: type=init raw={"tag":"INIT","seed":"0,1,0,3,2,93","ten":"250,250,250,250","oya":"1","hai":"0,52,57,50,88,131,53,79,127,111,123,116,124"}
[2026-04-15 21:34:56] snapshot_event: type=init raw={"tag":"INIT","seed":"1,0,0,1,3,51","ten":"302,208,250,240","oya":"2","hai":"109,118,82,15,91,98,97,20,9,114,108,3,6"}
[2026-04-15 21:38:40] snapshot_event: type=init raw={"tag":"INIT","seed":"2,0,0,0,1,107","ten":"342,198,230,230","oya":"3","hai":"45,82,36,119,33,44,101,87,15,59,74,116,51"}
[2026-04-15 21:40:48] snapshot_event: type=init raw={"tag":"INIT","seed":"2,1,0,5,0,49","ten":"342,140,230,288","oya":"3","hai":"95,12,81,87,92,80,52,129,62,70,89,2,22"}
[2026-04-15 21:44:35] snapshot_event: type=init raw={"tag":"INIT","seed":"3,0,0,3,0,5","ten":"290,140,282,288","oya":"0","hai":"102,135,89,53,101,45,50,37,108,39,2,124,66"}
[2026-04-15 21:49:04] snapshot_event: type=init raw={"tag":"INIT","seed":"4,1,1,2,2,85","ten":"280,160,272,278","oya":"1","hai":"108,97,129,59,72,128,43,89,111,73,120,82,9"}
[2026-04-15 21:50:44] snapshot_event: type=init raw={"tag":"INIT","seed":"4,2,0,5,4,20","ten":"280,241,201,278","oya":"1","hai":"32,109,99,67,5,125,8,74,104,35,101,118,82"}
[2026-04-15 21:55:13] snapshot_event: type=init raw={"tag":"INIT","seed":"5,0,0,5,2,34","ten":"280,241,233,246","oya":"2","hai":"3,55,72,1,16,28,96,69,50,110,68,60,106"}
[thread] capture_worker_started
[2026-04-15 22:07:27] capture_start_requested
[2026-04-15 22:07:27] tshark_command_ready: C:\Program Files\Wireshark\tshark -l -i 5 -o tls.keylog_file:C:\tmp\tls.keys -f tcp port 443 -Y websocket -T fields -E separator=/t -e frame.time_epoch -e websocket.payload.text -e text
[2026-04-15 22:07:28] live_error:code=tshark_runtime_message message=TShark runtime message: Capturing on 'Wi-Fi'
[2026-04-15 22:07:28] tshark_runtime_message: TShark runtime message: Capturing on 'Wi-Fi' | raw=Capturing on 'Wi-Fi'
[2026-04-15 22:07:59] snapshot_event: type=init raw={"tag":"INIT","seed":"0,0,0,4,0,38","ten":"250,250,250,250","oya":"3","hai":"28,56,6,4,44,105,11,80,40,48,21,125,135"}
[2026-04-15 22:09:22] snapshot_event: type=init raw={"tag":"INIT","seed":"1,0,0,5,2,12","ten":"250,250,270,230","oya":"0","hai":"76,10,109,67,71,112,47,27,13,88,60,132,115"}
[2026-04-15 22:11:04] snapshot_event: type=init raw={"tag":"INIT","seed":"2,0,0,2,2,47","ten":"250,286,260,204","oya":"1","hai":"135,74,98,1,126,2,34,101,53,57,45,3,16"}
[2026-04-15 22:14:44] snapshot_event: type=init raw={"tag":"INIT","seed":"2,1,1,4,2,52","ten":"250,296,230,214","oya":"1","hai":"113,56,68,121,70,30,107,53,50,101,106,11,109"}
[2026-04-15 22:16:27] snapshot_event: type=init raw={"tag":"INIT","seed":"3,0,0,3,2,9","ten":"250,296,217,237","oya":"2","hai":"43,101,93,89,28,26,65,125,112,99,74,66,19"}
[thread] capture_worker_started
[2026-04-15 22:41:25] capture_start_requested
[2026-04-15 22:41:26] tshark_command_ready: C:\Program Files\Wireshark\tshark -l -i 5 -o tls.keylog_file:C:\tmp\tls.keys -f tcp port 443 -Y websocket -T fields -E separator=/t -e frame.time_epoch -e websocket.payload.text -e text
[2026-04-15 22:41:26] live_error:code=tshark_runtime_message message=TShark runtime message: Capturing on 'Wi-Fi'
[2026-04-15 22:41:26] tshark_runtime_message: TShark runtime message: Capturing on 'Wi-Fi' | raw=Capturing on 'Wi-Fi'
[2026-04-15 22:41:57] snapshot_event: type=init raw={"tag":"INIT","seed":"0,0,0,2,4,132","ten":"250,250,250,250","oya":"3","hai":"103,89,79,88,48,84,47,53,95,67,80,75,12"}
[2026-04-15 22:44:34] snapshot_event: type=init raw={"tag":"INIT","seed":"1,0,0,5,3,30","ten":"370,220,220,190","oya":"0","hai":"117,91,104,135,82,100,69,21,72,121,113,45,95"}
[2026-04-15 22:47:28] snapshot_event: type=init raw={"tag":"INIT","seed":"2,0,0,2,2,120","ten":"370,220,240,170","oya":"1","hai":"29,18,87,55,23,122,11,104,71,115,65,28,91"}
[2026-04-15 22:50:51] snapshot_event: type=init raw={"tag":"INIT","seed":"0,0,0,2,2,88","ten":"250,250,250,250","oya":"1","hai":"123,133,68,76,83,107,6,57,98,91,19,106,60"}
[2026-04-15 22:54:51] snapshot_event: type=init raw={"tag":"INIT","seed":"1,0,0,2,3,31","ten":"330,210,230,230","oya":"2","hai":"103,5,83,120,2,45,107,134,125,101,133,15,129"}
[2026-04-15 22:56:25] snapshot_event: type=init raw={"tag":"INIT","seed":"2,0,0,3,5,29","ten":"330,230,230,210","oya":"3","hai":"22,11,63,114,4,62,79,110,59,107,84,35,133"}
[2026-04-15 22:58:10] snapshot_event: type=init raw={"tag":"INIT","seed":"2,1,0,1,3,104","ten":"290,190,190,330","oya":"3","hai":"128,100,40,80,33,111,41,119,81,23,24,32,127"}
[2026-04-15 23:00:49] snapshot_event: type=init raw={"tag":"INIT","seed":"2,2,0,5,2,40","ten":"229,190,190,391","oya":"3","hai":"113,14,50,51,54,52,79,15,131,25,127,65,81"}
[2026-04-15 23:04:24] snapshot_event: type=init raw={"tag":"INIT","seed":"3,0,0,0,0,14","ten":"355,158,158,329","oya":"0","hai":"58,102,118,127,48,124,100,67,89,10,64,103,112"}
[2026-04-15 23:06:18] snapshot_event: type=init raw={"tag":"INIT","seed":"4,0,0,2,2,107","ten":"355,158,174,313","oya":"1","hai":"122,104,5,15,52,71,58,82,80,36,46,41,16"}
[2026-04-15 23:09:05] snapshot_event: type=init raw={"tag":"INIT","seed":"5,0,0,5,2,13","ten":"355,158,148,339","oya":"2","hai":"35,1,111,119,73,64,82,66,104,23,30,86,42"}
[2026-04-15 23:12:35] snapshot_event: type=init raw={"tag":"INIT","seed":"6,0,0,1,2,8","ten":"355,184,122,339","oya":"3","hai":"121,74,37,52,7,98,39,58,24,19,54,105,12"}
[2026-04-15 23:13:54] snapshot_event: type=init raw={"tag":"INIT","seed":"7,0,0,5,5,61","ten":"316,223,122,339","oya":"0","hai":"2,13,112,82,26,25,19,34,90,96,100,99,42"}
[thread] capture_worker_started
[2026-04-15 23:17:52] capture_start_requested
[2026-04-15 23:17:52] tshark_command_ready: C:\Program Files\Wireshark\tshark -l -i 5 -o tls.keylog_file:C:\tmp\tls.keys -f tcp port 443 -Y websocket -T fields -E separator=/t -e frame.time_epoch -e websocket.payload.text -e text
[2026-04-15 23:17:53] live_error:code=tshark_runtime_message message=TShark runtime message: Capturing on 'Wi-Fi'
[2026-04-15 23:17:53] tshark_runtime_message: TShark runtime message: Capturing on 'Wi-Fi' | raw=Capturing on 'Wi-Fi'
[2026-04-15 23:18:18] snapshot_event: type=init raw={"tag":"INIT","seed":"0,0,0,5,3,115","ten":"250,250,250,250","oya":"1","hai":"17,32,55,131,58,82,64,72,53,67,88,57,19"}
[2026-04-15 23:20:45] snapshot_event: type=init raw={"tag":"INIT","seed":"0,1,0,1,4,43","ten":"211,289,250,250","oya":"1","hai":"129,17,45,112,55,13,90,26,52,5,62,122,39"}
[2026-04-15 23:23:52] snapshot_event: type=init raw={"tag":"INIT","seed":"1,0,0,5,0,46","ten":"201,247,250,302","oya":"2","hai":"58,80,28,22,53,135,45,111,1,126,60,119,109"}
[2026-04-15 23:25:42] snapshot_event: type=init raw={"tag":"INIT","seed":"2,0,0,5,2,27","ten":"149,299,250,302","oya":"3","hai":"71,76,2,9,111,75,84,65,44,127,108,81,25"}
[2026-04-15 23:28:23] snapshot_event: type=init raw={"tag":"INIT","seed":"3,0,0,4,0,130","ten":"62,299,337,302","oya":"0","hai":"15,114,58,19,24,42,117,106,112,50,71,115,101"}
[2026-04-15 23:31:06] snapshot_event: type=init raw={"tag":"INIT","seed":"3,1,0,4,1,38","ten":"140,273,311,276","oya":"0","hai":"48,81,105,5,2,135,27,90,53,19,69,121,106"}
[2026-04-15 23:33:27] snapshot_event: type=init raw={"tag":"INIT","seed":"4,0,0,2,5,59","ten":"79,242,434,245","oya":"1","hai":"125,112,65,16,62,121,28,96,63,55,76,11,57"}
[2026-04-15 23:38:01] snapshot_event: type=init raw={"tag":"INIT","seed":"5,0,0,4,0,132","ten":"79,222,434,265","oya":"2","hai":"44,46,13,112,84,67,27,49,94,88,62,57,111"}
[2026-04-15 23:39:46] snapshot_event: type=init raw={"tag":"INIT","seed":"6,0,0,2,5,32","ten":"199,222,434,145","oya":"3","hai":"98,109,52,113,100,106,22,26,10,99,46,17,73"}
[2026-04-15 23:41:43] snapshot_event: type=init raw={"tag":"INIT","seed":"7,0,0,0,5,98","ten":"251,209,421,119","oya":"0","hai":"62,97,20,108,37,117,10,107,129,53,68,16,93"}
[thread] capture_worker_started
[2026-04-15 23:46:20] capture_start_requested
[2026-04-15 23:46:21] tshark_command_ready: C:\Program Files\Wireshark\tshark -l -i 5 -o tls.keylog_file:C:\tmp\tls.keys -f tcp port 443 -Y websocket -T fields -E separator=/t -e frame.time_epoch -e websocket.payload.text -e text
[2026-04-15 23:46:21] live_error:code=tshark_runtime_message message=TShark runtime message: Capturing on 'Wi-Fi'
[2026-04-15 23:46:21] tshark_runtime_message: TShark runtime message: Capturing on 'Wi-Fi' | raw=Capturing on 'Wi-Fi'
[2026-04-15 23:46:35] snapshot_event: type=init raw={"tag":"INIT","seed":"0,0,0,2,0,36","ten":"250,250,250,250","oya":"1","hai":"66,93,12,108,82,117,125,94,79,48,17,122,89"}
[2026-04-15 23:49:28] snapshot_event: type=init raw={"tag":"INIT","seed":"1,0,0,0,0,78","ten":"240,250,260,250","oya":"2","hai":"90,51,83,54,25,65,19,104,23,55,24,64,5"}
[2026-04-15 23:52:36] snapshot_event: type=init raw={"tag":"INIT","seed":"2,0,0,0,3,45","ten":"230,390,260,120","oya":"3","hai":"122,20,71,12,132,76,101,32,34,31,97,26,75"}
[2026-04-15 23:55:31] snapshot_event: type=init raw={"tag":"INIT","seed":"3,0,0,1,1,43","ten":"307,390,260,43","oya":"0","hai":"12,127,128,64,36,34,10,98,53,25,11,107,6"}
[2026-04-15 23:57:55] snapshot_event: type=init raw={"tag":"INIT","seed":"4,0,0,0,5,97","ten":"257,370,350,23","oya":"1","hai":"55,51,135,44,129,123,25,81,6,32,39,122,92"}
[2026-04-16 00:00:46] snapshot_event: type=init raw={"tag":"INIT","seed":"5,0,0,5,5,75","ten":"257,240,350,153","oya":"2","hai":"105,28,30,58,66,122,81,59,57,15,87,95,103"}
[2026-04-16 00:03:03] snapshot_event: type=init raw={"tag":"INIT","seed":"5,1,0,0,4,120","ten":"237,220,410,133","oya":"2","hai":"17,122,25,47,129,86,15,123,103,68,93,133,92"}
[2026-04-16 00:04:35] snapshot_event: type=init raw={"tag":"INIT","seed":"5,2,0,5,0,83","ten":"237,202,428,133","oya":"2","hai":"22,78,126,10,72,38,110,92,41,71,9,35,40"}
[2026-04-16 00:08:28] snapshot_event: type=init raw={"tag":"INIT","seed":"6,0,0,4,5,4","ten":"211,228,428,133","oya":"3","hai":"135,18,75,1,134,118,112,83,16,40,130,111,20"}
[2026-04-16 00:11:25] snapshot_event: type=init raw={"tag":"INIT","seed":"7,0,0,0,2,92","ten":"191,248,428,133","oya":"0","hai":"22,0,14,71,75,77,12,102,132,16,114,128,57"}
[thread] capture_worker_started
[2026-04-16 00:13:42] capture_start_requested
[2026-04-16 00:13:42] tshark_command_ready: C:\Program Files\Wireshark\tshark -l -i 5 -o tls.keylog_file:C:\tmp\tls.keys -f tcp port 443 -Y websocket -T fields -E separator=/t -e frame.time_epoch -e websocket.payload.text -e text
[2026-04-16 00:13:43] live_error:code=tshark_runtime_message message=TShark runtime message: Capturing on 'Wi-Fi'
[2026-04-16 00:13:43] tshark_runtime_message: TShark runtime message: Capturing on 'Wi-Fi' | raw=Capturing on 'Wi-Fi'
[2026-04-16 00:14:31] snapshot_event: type=init raw={"tag":"INIT","seed":"0,0,0,4,5,56","ten":"250,250,250,250","oya":"1","hai":"92,19,119,39,70,78,69,132,94,117,91,21,31"}
[2026-04-16 00:17:13] snapshot_event: type=init raw={"tag":"INIT","seed":"0,1,0,5,2,9","ten":"210,370,210,210","oya":"1","hai":"4,43,130,79,38,30,105,13,44,87,95,60,2"}
[2026-04-16 00:18:56] snapshot_event: type=init raw={"tag":"INIT","seed":"1,0,0,0,2,91","ten":"189,329,293,189","oya":"2","hai":"132,107,25,15,16,121,92,82,93,119,72,30,51"}
[2026-04-16 00:19:34] snapshot_event: type=reinit raw={"tag":"REINIT","seed":"1,0,0,0,2,91","ten":"189,329,293,189","oya":"2","hai":"7,15,16,25,30,31,51,72,82,89,92,93,119","m2":"42571","m3":"50187","kawa0":"121,132,107,69","kawa1":"113,117,97","kawa2":"120,112,0","kawa3":"123,2,66,68"}
[2026-04-16 00:21:13] snapshot_event: type=init raw={"tag":"INIT","seed":"1,1,0,2,5,100","ten":"189,329,409,73","oya":"2","hai":"23,116,39,94,103,28,10,68,47,115,38,73,42"}
[2026-04-16 00:24:34] snapshot_event: type=init raw={"tag":"INIT","seed":"2,0,0,0,0,68","ten":"168,412,368,52","oya":"3","hai":"41,20,66,94,34,44,71,121,10,118,112,11,56"}
[2026-04-16 00:26:32] snapshot_event: type=init raw={"tag":"INIT","seed":"3,0,0,3,0,2","ten":"132,448,368,52","oya":"0","hai":"105,76,89,39,66,128,93,67,103,118,12,15,52"}
[2026-04-16 00:29:19] snapshot_event: type=init raw={"tag":"INIT","seed":"3,1,0,5,2,110","ten":"192,428,348,32","oya":"0","hai":"32,37,76,30,94,114,47,52,35,77,19,115,40"}
[2026-04-16 00:30:46] snapshot_event: type=init raw={"tag":"INIT","seed":"4,0,0,4,5,82","ten":"182,454,332,32","oya":"1","hai":"116,114,102,108,95,72,35,9,130,92,20,76,135"}
[2026-04-16 00:35:28] snapshot_event: type=init raw={"tag":"INIT","seed":"0,0,0,5,2,121","ten":"250,250,250,250","oya":"2","hai":"18,17,48,119,69,37,130,101,103,98,31,16,71"}
[2026-04-16 00:39:07] snapshot_event: type=init raw={"tag":"INIT","seed":"1,0,0,2,2,44","ten":"230,330,210,230","oya":"3","hai":"70,123,67,79,28,59,113,89,82,104,15,94,32"}
[2026-04-16 00:43:00] snapshot_event: type=init raw={"tag":"INIT","seed":"2,0,0,2,4,123","ten":"230,460,210,100","oya":"0","hai":"13,24,97,12,63,60,88,110,71,16,61,81,2"}
[2026-04-16 00:45:36] snapshot_event: type=init raw={"tag":"INIT","seed":"2,1,0,0,5,15","ten":"410,400,150,40","oya":"0","hai":"27,74,70,91,0,93,122,97,31,73,108,102,19"}
[thread] capture_worker_started
[2026-04-16 00:50:21] capture_start_requested
[2026-04-16 00:50:21] tshark_command_ready: C:\Program Files\Wireshark\tshark -l -i 5 -o tls.keylog_file:C:\tmp\tls.keys -f tcp port 443 -Y websocket -T fields -E separator=/t -e frame.time_epoch -e websocket.payload.text -e text
[2026-04-16 00:50:22] live_error:code=tshark_runtime_message message=TShark runtime message: Capturing on 'Wi-Fi'
[2026-04-16 00:50:22] tshark_runtime_message: TShark runtime message: Capturing on 'Wi-Fi' | raw=Capturing on 'Wi-Fi'
[2026-04-16 00:50:46] snapshot_event: type=init raw={"tag":"INIT","seed":"0,0,0,0,4,94","ten":"250,250,250,250","oya":"3","hai":"111,108,86,21,85,91,135,118,34,1,5,72,0"}
[2026-04-16 00:52:19] snapshot_event: type=init raw={"tag":"INIT","seed":"1,0,0,2,1,47","ten":"240,290,240,230","oya":"0","hai":"91,32,98,65,37,42,102,78,2,33,130,24,124"}
[2026-04-16 00:54:39] snapshot_event: type=init raw={"tag":"INIT","seed":"2,0,0,0,0,58","ten":"200,270,320,210","oya":"1","hai":"127,45,62,108,114,34,115,75,82,59,3,101,97"}
[2026-04-16 00:57:17] snapshot_event: type=init raw={"tag":"INIT","seed":"2,1,0,0,1,110","ten":"200,290,300,210","oya":"1","hai":"83,119,31,97,86,107,115,11,14,99,54,12,62"}
[2026-04-16 00:59:04] snapshot_event: type=init raw={"tag":"INIT","seed":"3,0,0,1,3,116","ten":"200,290,323,187","oya":"2","hai":"53,43,89,94,117,105,120,57,41,100,129,65,93"}
[2026-04-16 01:01:29] snapshot_event: type=init raw={"tag":"INIT","seed":"4,0,0,2,1,63","ten":"200,280,246,274","oya":"3","hai":"10,91,114,108,84,68,13,73,21,123,107,120,103"}
[2026-04-16 01:04:10] snapshot_event: type=init raw={"tag":"INIT","seed":"5,0,0,3,4,26","ten":"200,319,207,274","oya":"0","hai":"77,89,67,22,101,1,81,119,124,107,59,131,8"}
[2026-04-16 01:07:31] snapshot_event: type=init raw={"tag":"INIT","seed":"6,0,0,1,0,121","ten":"200,358,168,274","oya":"1","hai":"74,99,21,90,100,61,29,25,91,34,35,40,132"}
[2026-04-16 01:09:16] snapshot_event: type=init raw={"tag":"INIT","seed":"7,0,0,3,3,133","ten":"210,348,168,274","oya":"2","hai":"87,123,128,126,54,113,9,25,36,51,131,8,124"}
[2026-04-16 01:13:30] snapshot_event: type=init raw={"tag":"INIT","seed":"0,0,0,2,4,62","ten":"250,250,250,250","oya":"0","hai":"4,53,133,76,66,115,60,85,98,109,37,52,24"}
[2026-04-16 01:16:33] snapshot_event: type=init raw={"tag":"INIT","seed":"0,1,0,1,3,99","ten":"440,190,190,180","oya":"0","hai":"73,119,33,41,46,103,44,36,61,85,32,112,101"}
[2026-04-16 01:20:57] snapshot_event: type=init raw={"tag":"INIT","seed":"1,2,1,4,0,121","ten":"425,205,195,165","oya":"1","hai":"40,53,11,89,130,118,43,78,14,67,60,134,29"}
[2026-04-16 01:23:18] snapshot_event: type=init raw={"tag":"INIT","seed":"1,3,0,1,0,126","ten":"425,236,195,144","oya":"1","hai":"58,127,119,70,22,11,4,135,82,15,33,100,14"}
[2026-04-16 01:25:46] snapshot_event: type=init raw={"tag":"INIT","seed":"1,4,0,0,1,43","ten":"412,275,182,131","oya":"1","hai":"96,0,65,21,92,39,52,115,80,111,121,107,17"}
[2026-04-16 01:28:36] snapshot_event: type=init raw={"tag":"INIT","seed":"2,0,0,0,2,118","ten":"504,231,158,107","oya":"2","hai":"47,121,109,110,87,63,86,132,16,34,83,64,100"}
[2026-04-16 01:31:47] snapshot_event: type=init raw={"tag":"INIT","seed":"2,1,0,4,5,82","ten":"478,205,236,81","oya":"2","hai":"93,44,53,112,102,88,125,9,1,19,75,32,79"}
[2026-04-16 01:36:27] snapshot_event: type=init raw={"tag":"INIT","seed":"3,0,0,3,4,43","ten":"478,170,236,116","oya":"3","hai":"91,117,107,108,127,20,79,94,3,36,1,123,61"}
[2026-04-16 01:38:38] snapshot_event: type=init raw={"tag":"INIT","seed":"4,0,0,5,0,44","ten":"458,170,256,116","oya":"0","hai":"109,8,79,67,4,112,42,33,34,118,15,101,97"}
[2026-04-16 01:41:13] snapshot_event: type=init raw={"tag":"INIT","seed":"5,0,0,0,1,73","ten":"398,140,226,236","oya":"1","hai":"46,118,2,31,23,41,104,128,117,5,32,42,72"}
[2026-04-16 01:44:09] snapshot_event: type=init raw={"tag":"INIT","seed":"6,0,0,0,4,60","ten":"321,130,313,236","oya":"2","hai":"8,63,55,73,44,126,87,85,39,2,122,92,120"}
[2026-04-16 01:48:28] snapshot_event: type=init raw={"tag":"INIT","seed":"7,0,0,1,3,18","ten":"321,220,313,146","oya":"3","hai":"58,62,52,71,69,59,82,134,5,46,120,60,135"}
[2026-04-16 01:52:57] snapshot_event: type=init raw={"tag":"INIT","seed":"0,0,0,0,2,62","ten":"250,250,250,250","oya":"1","hai":"100,45,126,50,9,118,34,73,17,47,37,121,92"}
[2026-04-16 01:57:06] snapshot_event: type=init raw={"tag":"INIT","seed":"1,0,0,5,1,27","ten":"250,240,250,260","oya":"2","hai":"98,65,25,66,38,94,54,24,107,10,13,113,55"}
[2026-04-16 01:59:28] snapshot_event: type=init raw={"tag":"INIT","seed":"2,0,0,5,4,2","ten":"250,240,230,280","oya":"3","hai":"107,7,16,76,72,114,8,15,75,82,108,34,68"}
[2026-04-16 02:01:30] snapshot_event: type=init raw={"tag":"INIT","seed":"3,0,0,0,1,125","ten":"380,210,200,210","oya":"0","hai":"47,22,130,34,50,79,107,61,6,41,131,60,116"}
[2026-04-16 02:03:19] snapshot_event: type=init raw={"tag":"INIT","seed":"4,0,0,3,2,58","ten":"328,210,200,262","oya":"1","hai":"12,43,79,132,48,36,49,78,66,59,134,107,80"}
[2026-04-16 02:05:59] snapshot_event: type=init raw={"tag":"INIT","seed":"5,0,0,2,5,39","ten":"315,184,252,249","oya":"2","hai":"43,36,63,27,20,8,35,50,126,134,120,106,68"}
[2026-04-16 02:07:39] snapshot_event: type=init raw={"tag":"INIT","seed":"5,1,0,3,4,13","ten":"315,145,291,249","oya":"2","hai":"7,30,92,82,84,100,33,123,57,26,28,98,81"}
[2026-04-16 02:09:05] snapshot_event: type=init raw={"tag":"INIT","seed":"5,2,0,5,2,63","ten":"315,122,314,249","oya":"2","hai":"11,70,84,108,28,35,86,111,33,71,60,45,107"}
[2026-04-16 02:11:28] snapshot_event: type=init raw={"tag":"INIT","seed":"6,0,0,2,5,103","ten":"347,90,314,249","oya":"3","hai":"129,3,25,127,42,117,121,1,58,33,7,2,16"}
[2026-04-16 02:13:21] snapshot_event: type=init raw={"tag":"INIT","seed":"6,1,0,2,1,68","ten":"318,90,314,278","oya":"3","hai":"100,89,62,46,90,109,78,77,106,116,55,134,16"}
[2026-04-16 02:16:07] snapshot_event: type=init raw={"tag":"INIT","seed":"7,0,0,3,2,9","ten":"395,90,304,211","oya":"0","hai":"47,31,95,25,91,87,64,124,15,79,113,42,102"}
[2026-04-16 02:20:37] snapshot_event: type=init raw={"tag":"INIT","seed":"0,0,0,5,5,124","ten":"250,250,250,250","oya":"0","hai":"91,19,83,74,29,88,89,44,119,84,93,49,0"}
[2026-04-16 02:23:22] snapshot_event: type=init raw={"tag":"INIT","seed":"1,0,0,2,3,109","ten":"210,230,330,230","oya":"1","hai":"90,100,48,55,26,71,60,7,123,15,4,97,53"}
[2026-04-16 02:26:06] snapshot_event: type=init raw={"tag":"INIT","seed":"2,0,0,3,5,27","ten":"259,230,291,220","oya":"2","hai":"98,87,22,8,6,129,41,4,71,57,94,111,10"}
[2026-04-16 02:29:50] snapshot_event: type=init raw={"tag":"INIT","seed":"3,0,0,0,3,5","ten":"239,250,291,220","oya":"3","hai":"58,114,62,90,33,39,54,120,22,50,125,110,134"}
[2026-04-16 02:34:07] snapshot_event: type=init raw={"tag":"INIT","seed":"3,1,1,0,5,95","ten":"249,250,261,230","oya":"3","hai":"33,89,125,50,9,42,49,76,92,12,5,109,70"}
[2026-04-16 02:36:40] snapshot_event: type=init raw={"tag":"INIT","seed":"4,0,0,3,5,50","ten":"342,229,240,189","oya":"0","hai":"109,39,25,36,125,112,80,91,124,63,11,51,130"}
[2026-04-16 02:38:43] snapshot_event: type=init raw={"tag":"INIT","seed":"4,1,0,0,0,9","ten":"357,229,240,174","oya":"0","hai":"42,33,70,36,22,51,81,121,40,129,95,28,125"}
[2026-04-16 02:42:32] snapshot_event: type=init raw={"tag":"INIT","seed":"4,2,0,0,4,66","ten":"480,188,199,133","oya":"0","hai":"73,61,89,87,128,132,54,112,40,36,81,55,95"}
[2026-04-16 02:46:05] snapshot_event: type=init raw={"tag":"INIT","seed":"5,0,0,0,4,66","ten":"473,183,194,150","oya":"1","hai":"0,38,92,12,127,71,3,128,33,115,32,78,118"}
[2026-04-16 02:50:11] snapshot_event: type=init raw={"tag":"INIT","seed":"5,1,1,5,2,99","ten":"443,183,204,160","oya":"1","hai":"67,79,24,62,16,35,108,100,47,39,124,126,48"}
[2026-04-16 02:51:56] snapshot_event: type=init raw={"tag":"INIT","seed":"5,2,0,1,4,101","ten":"416,274,177,133","oya":"1","hai":"41,129,38,35,68,8,89,123,19,127,96,26,119"}
[2026-04-16 02:53:20] snapshot_event: type=init raw={"tag":"INIT","seed":"6,0,0,3,3,2","ten":"416,274,273,37","oya":"2","hai":"94,105,46,86,78,45,12,10,55,69,3,104,132"}
[2026-04-16 02:55:58] snapshot_event: type=init raw={"tag":"INIT","seed":"6,1,0,1,2,26","ten":"406,235,322,37","oya":"2","hai":"42,118,104,83,38,124,20,7,21,61,128,133,132"}
[2026-04-16 02:57:26] snapshot_event: type=init raw={"tag":"INIT","seed":"7,0,0,2,5,29","ten":"401,230,314,55","oya":"3","hai":"130,13,96,97,35,134,12,94,16,38,36,82,57"}
[2026-04-16 03:01:59] snapshot_event: type=init raw={"tag":"INIT","seed":"7,1,1,4,2,113","ten":"386,215,319,70","oya":"3","hai":"112,2,70,123,43,41,121,50,118,66,60,130,55"}
[thread] capture_worker_started
[2026-04-17 00:47:15] capture_start_requested
[2026-04-17 00:47:15] tshark_command_ready: C:\Program Files\Wireshark\tshark -l -i 5 -o tls.keylog_file:C:\tmp\tls.keys -f tcp port 443 -Y websocket -T fields -E separator=/t -e frame.time_epoch -e websocket.payload.text -e text
[2026-04-17 00:47:18] live_error:code=tshark_runtime_message message=TShark runtime message: Capturing on 'Adapter for loopback traffic capture'
[2026-04-17 00:47:18] tshark_runtime_message: TShark runtime message: Capturing on 'Adapter for loopback traffic capture' | raw=Capturing on 'Adapter for loopback traffic capture'
[thread] capture_worker_started
[2026-04-17 00:50:13] capture_start_requested
[2026-04-17 00:50:13] tshark_command_ready: C:\Program Files\Wireshark\tshark -l -i 5 -o tls.keylog_file:C:\tmp\tls.keys -f tcp port 443 -Y websocket -T fields -E separator=/t -e frame.time_epoch -e websocket.payload.text -e text
[2026-04-17 00:50:14] live_error:code=tshark_runtime_message message=TShark runtime message: Capturing on 'Adapter for loopback traffic capture'
[2026-04-17 00:50:14] tshark_runtime_message: TShark runtime message: Capturing on 'Adapter for loopback traffic capture' | raw=Capturing on 'Adapter for loopback traffic capture'
[thread] capture_worker_started
[2026-04-17 00:51:43] capture_start_requested
[2026-04-17 00:51:43] tshark_command_ready: C:\Program Files\Wireshark\tshark -l -i 5 -o tls.keylog_file:C:\tmp\tls.keys -f tcp port 443 -Y websocket -T fields -E separator=/t -e frame.time_epoch -e websocket.payload.text -e text
[2026-04-17 00:51:44] live_error:code=tshark_runtime_message message=TShark runtime message: Capturing on 'Adapter for loopback traffic capture'
[2026-04-17 00:51:44] tshark_runtime_message: TShark runtime message: Capturing on 'Adapter for loopback traffic capture' | raw=Capturing on 'Adapter for loopback traffic capture'
[thread] capture_worker_started
[2026-04-17 01:15:43] capture_start_requested
[2026-04-17 01:15:44] tshark_command_ready: C:\Program Files\Wireshark\tshark -l -i 5 -o tls.keylog_file:C:\tmp\tls.keys -f tcp port 443 -Y websocket -T fields -E separator=/t -e frame.time_epoch -e websocket.payload.text -e text
[2026-04-17 01:15:44] live_error:code=tshark_runtime_message message=TShark runtime message: Capturing on 'Adapter for loopback traffic capture'
[2026-04-17 01:15:44] tshark_runtime_message: TShark runtime message: Capturing on 'Adapter for loopback traffic capture' | raw=Capturing on 'Adapter for loopback traffic capture'
[thread] capture_worker_started
[2026-04-17 01:16:07] capture_start_requested
[2026-04-17 01:16:08] tshark_command_ready: C:\Program Files\Wireshark\tshark -l -i 5 -o tls.keylog_file:C:\tmp\tls.keys -f tcp port 443 -Y websocket -T fields -E separator=/t -e frame.time_epoch -e websocket.payload.text -e text
[2026-04-17 01:16:08] live_error:code=tshark_runtime_message message=TShark runtime message: Capturing on 'Adapter for loopback traffic capture'
[2026-04-17 01:16:08] tshark_runtime_message: TShark runtime message: Capturing on 'Adapter for loopback traffic capture' | raw=Capturing on 'Adapter for loopback traffic capture'
[thread] capture_worker_started
[2026-04-17 01:16:55] capture_start_requested
[2026-04-17 01:16:55] tshark_command_ready: C:\Program Files\Wireshark\tshark -l -i 5 -o tls.keylog_file:C:\tmp\tls.keys -f tcp port 443 -Y websocket -T fields -E separator=/t -e frame.time_epoch -e websocket.payload.text -e text
[2026-04-17 01:16:56] live_error:code=tshark_runtime_message message=TShark runtime message: Capturing on 'Adapter for loopback traffic capture'
[2026-04-17 01:16:56] tshark_runtime_message: TShark runtime message: Capturing on 'Adapter for loopback traffic capture' | raw=Capturing on 'Adapter for loopback traffic capture'
[thread] capture_worker_started
[2026-04-17 01:19:20] capture_start_requested
[2026-04-17 01:19:21] tshark_command_ready: C:\Program Files\Wireshark\tshark -l -i 5 -o tls.keylog_file:C:\tmp\tls.keys -f tcp port 443 -Y websocket -T fields -E separator=/t -e frame.time_epoch -e websocket.payload.text -e text
[2026-04-17 01:19:21] live_error:code=tshark_runtime_message message=TShark runtime message: Capturing on 'Adapter for loopback traffic capture'
[2026-04-17 01:19:21] tshark_runtime_message: TShark runtime message: Capturing on 'Adapter for loopback traffic capture' | raw=Capturing on 'Adapter for loopback traffic capture'
[thread] capture_worker_started
[2026-04-17 01:20:16] capture_start_requested
[2026-04-17 01:20:16] tshark_command_ready: C:\Program Files\Wireshark\tshark -l -i 5 -o tls.keylog_file:C:\tmp\tls.keys -f tcp port 443 -Y websocket -T fields -E separator=/t -e frame.time_epoch -e websocket.payload.text -e text
[2026-04-17 01:20:16] live_error:code=tshark_runtime_message message=TShark runtime message: Capturing on 'Adapter for loopback traffic capture'
[2026-04-17 01:20:16] tshark_runtime_message: TShark runtime message: Capturing on 'Adapter for loopback traffic capture' | raw=Capturing on 'Adapter for loopback traffic capture'
[thread] capture_worker_started
[2026-04-17 01:20:45] capture_start_requested
[2026-04-17 01:20:46] tshark_command_ready: C:\Program Files\Wireshark\tshark -l -i 5 -o tls.keylog_file:C:\tmp\tls.keys -f tcp port 443 -Y websocket -T fields -E separator=/t -e frame.time_epoch -e websocket.payload.text -e text
[2026-04-17 01:20:46] live_error:code=tshark_runtime_message message=TShark runtime message: Capturing on 'Adapter for loopback traffic capture'
[2026-04-17 01:20:46] tshark_runtime_message: TShark runtime message: Capturing on 'Adapter for loopback traffic capture' | raw=Capturing on 'Adapter for loopback traffic capture'
[thread] capture_worker_started
[2026-04-17 01:21:33] capture_start_requested
[2026-04-17 01:21:33] tshark_command_ready: C:\Program Files\Wireshark\tshark -l -i 5 -o tls.keylog_file:C:\tmp\tls.keys -f tcp port 443 -Y websocket -T fields -E separator=/t -e frame.time_epoch -e websocket.payload.text -e text
[2026-04-17 01:21:33] live_error:code=tshark_runtime_message message=TShark runtime message: Capturing on 'Adapter for loopback traffic capture'
[2026-04-17 01:21:33] tshark_runtime_message: TShark runtime message: Capturing on 'Adapter for loopback traffic capture' | raw=Capturing on 'Adapter for loopback traffic capture'
[thread] capture_worker_started
[2026-04-17 01:38:23] capture_start_requested
[2026-04-17 01:38:23] tshark_command_ready: C:\Program Files\Wireshark\tshark -l -i 5 -o tls.keylog_file:C:\tmp\tls.keys -f tcp port 443 -Y websocket -T fields -E separator=/t -e frame.time_epoch -e websocket.payload.text -e text
[2026-04-17 01:38:24] live_error:code=tshark_runtime_message message=TShark runtime message: Capturing on 'Event Tracing for Windows (ETW) reader'
[2026-04-17 01:38:24] tshark_runtime_message: TShark runtime message: Capturing on 'Event Tracing for Windows (ETW) reader' | raw=Capturing on 'Event Tracing for Windows (ETW) reader'
[2026-04-17 01:38:24] live_error:code=tshark_runtime_message message=TShark runtime message: tshark: Error from extcap pipe:  ** (etwdump:18356) 01:38:24.734428 [etwdump WARNING] C:\gitlab-builds\builds\cyI2ZH7yy\1\wireshark\wireshark\extcap\etwdump.c:432 -- real_main(): ERROR: You should select at least either one provider (--params) or a file (--etlfile).
[2026-04-17 01:38:24] tshark_runtime_message: TShark runtime message: tshark: Error from extcap pipe:  ** (etwdump:18356) 01:38:24.734428 [etwdump WARNING] C:\gitlab-builds\builds\cyI2ZH7yy\1\wireshark\wireshark\extcap\etwdump.c:432 -- real_main(): ERROR: You should select at least either one provider (--params) or a file (--etlfile). | raw=tshark: Error from extcap pipe:  ** (etwdump:18356) 01:38:24.734428 [etwdump WARNING] C:\gitlab-builds\builds\cyI2ZH7yy\1\wireshark\wireshark\extcap\etwdump.c:432 -- real_main(): ERROR: You should select at least either one provider (--params) or a file (--etlfile).
[2026-04-17 01:38:24] live_error:code=tshark_runtime_message message=TShark runtime message: 0 packets captured
[2026-04-17 01:38:24] tshark_runtime_message: TShark runtime message: 0 packets captured | raw=0 packets captured
[2026-04-17 01:38:24] capture_process_exited
[thread] capture_worker_started
[2026-04-17 01:39:54] capture_start_requested
[2026-04-17 01:39:55] tshark_command_ready: C:\Program Files\Wireshark\tshark -l -i 5 -o tls.keylog_file:C:\tmp\tls.keys -f tcp port 443 -Y websocket -T fields -E separator=/t -e frame.time_epoch -e websocket.payload.text -e text
[2026-04-17 01:39:55] live_error:code=tshark_runtime_message message=TShark runtime message: Capturing on 'Adapter for loopback traffic capture'
[2026-04-17 01:39:55] tshark_runtime_message: TShark runtime message: Capturing on 'Adapter for loopback traffic capture' | raw=Capturing on 'Adapter for loopback traffic capture'
[thread] capture_worker_started
[2026-04-17 01:43:59] capture_start_requested
[2026-04-17 01:43:59] tshark_command_ready: C:\Program Files\Wireshark\tshark -l -i 5 -o tls.keylog_file:C:\tmp\tls.keys -f tcp port 443 -Y websocket -T fields -E separator=/t -e frame.time_epoch -e websocket.payload.text -e text
[2026-04-17 01:44:00] live_error:code=tshark_runtime_message message=TShark runtime message: Capturing on 'Adapter for loopback traffic capture'
[2026-04-17 01:44:00] tshark_runtime_message: TShark runtime message: Capturing on 'Adapter for loopback traffic capture' | raw=Capturing on 'Adapter for loopback traffic capture'
[thread] capture_worker_started
[2026-04-17 01:44:40] capture_start_requested
[2026-04-17 01:44:40] tshark_command_ready: C:\Program Files\Wireshark\tshark -l -i 5 -o tls.keylog_file:C:\tmp\tls.keys -f tcp port 443 -Y websocket -T fields -E separator=/t -e frame.time_epoch -e websocket.payload.text -e text
[2026-04-17 01:44:41] live_error:code=tshark_runtime_message message=TShark runtime message: Capturing on 'Adapter for loopback traffic capture'
[2026-04-17 01:44:41] tshark_runtime_message: TShark runtime message: Capturing on 'Adapter for loopback traffic capture' | raw=Capturing on 'Adapter for loopback traffic capture'
[thread] capture_worker_started
[2026-04-17 01:50:08] capture_start_requested
[2026-04-17 01:50:08] tshark_command_ready: C:\Program Files\Wireshark\tshark -l -i 5 -o tls.keylog_file:C:\tmp\tls.keys -f tcp port 443 -Y websocket -T fields -E separator=/t -e frame.time_epoch -e websocket.payload.text -e text
[2026-04-17 01:50:09] live_error:code=tshark_runtime_message message=TShark runtime message: Capturing on 'Adapter for loopback traffic capture'
[2026-04-17 01:50:09] tshark_runtime_message: TShark runtime message: Capturing on 'Adapter for loopback traffic capture' | raw=Capturing on 'Adapter for loopback traffic capture'
[2026-04-17 01:51:55] live_error:code=tshark_runtime_message message=TShark runtime message: 0 packets captured
[thread] capture_worker_started
[2026-04-17 01:58:16] capture_start_requested
[2026-04-17 01:58:17] tshark_interface_selected: 2
[2026-04-17 01:58:17] tshark_command_ready: C:\Program Files\Wireshark\tshark -l -i 2 -o tls.keylog_file:C:\tmp\tls.keys -f tcp port 443 -Y websocket -T fields -E separator=/t -e frame.time_epoch -e websocket.payload.text -e text
[2026-04-17 01:58:17] live_error:code=tshark_runtime_message message=TShark runtime message: Capturing on 'Wi-Fi'
[2026-04-17 01:58:17] tshark_runtime_message: TShark runtime message: Capturing on 'Wi-Fi' | raw=Capturing on 'Wi-Fi'
[2026-04-17 02:01:35] snapshot_event: type=init raw={"tag":"INIT","seed":"0,0,0,5,4,107","ten":"250,250,250,250","oya":"2","hai":"97,59,48,61,10,69,49,126,62,122,45,99,68"}
[thread] capture_worker_started
[2026-04-17 02:02:59] capture_start_requested
[2026-04-17 02:03:00] tshark_interface_selected: 2
[2026-04-17 02:03:00] tshark_command_ready: C:\Program Files\Wireshark\tshark -l -i 2 -o tls.keylog_file:C:\tmp\tls.keys -f tcp port 443 -Y websocket -T fields -E separator=/t -e frame.time_epoch -e websocket.payload.text -e text
[2026-04-17 02:03:01] live_error:code=tshark_runtime_message message=TShark runtime message: Capturing on 'Wi-Fi'
[2026-04-17 02:03:01] tshark_runtime_message: TShark runtime message: Capturing on 'Wi-Fi' | raw=Capturing on 'Wi-Fi'
[2026-04-17 02:03:12] snapshot_event: type=reinit raw={"tag":"REINIT","seed":"0,0,0,5,4,107","ten":"250,250,250,250","oya":"2","hai":"10,45,48,49,59,61,62,68,69,93,97,99,126","kawa0":"122,115,112,128,92,27,9","kawa1":"71,119,111,118,125,55,6","kawa2":"36,104,121,123,102,58,80,67","kawa3":"116,38,0,113,24,127,73"}
[2026-04-17 02:04:30] snapshot_event: type=reinit raw={"tag":"REINIT","seed":"0,0,0,5,4,107","ten":"250,250,250,250","oya":"2","hai":"48,49,59,68,69,117,126","m0":"24075,27071","m1":"45247","kawa0":"122,115,112,128,92,27,9,10,93,97,99","kawa1":"71,119,111,118,125,55,6,89,106,94,85,7","kawa2":"36,104,121,123,102,58,80,67,64,105,109,103,88","kawa3":"116,38,0,113,24,127,73,65,100,28"}
[2026-04-17 02:05:34] snapshot_event: type=init raw={"tag":"INIT","seed":"1,0,0,0,2,98","ten":"230,280,250,240","oya":"3","hai":"12,120,43,102,113,59,123,36,17,108,73,77,75"}
[2026-04-17 02:06:02] snapshot_event: type=reinit raw={"tag":"REINIT","seed":"1,0,0,0,2,98","ten":"230,280,250,240","oya":"3","hai":"4,12,17,36,43,59,73,75,77,102,108,120,123","kawa0":"113,21","kawa1":"2,42","kawa2":"28","kawa3":"33,69"}
[thread] capture_worker_started
[2026-04-17 02:06:15] capture_start_requested
[2026-04-17 02:06:16] tshark_interface_selected: 2
[2026-04-17 02:06:16] tshark_command_ready: C:\Program Files\Wireshark\tshark -l -i 2 -o tls.keylog_file:C:\tmp\tls.keys -f tcp port 443 -Y websocket -T fields -E separator=/t -e frame.time_epoch -e websocket.payload.text -e text
[2026-04-17 02:06:17] live_error:code=tshark_runtime_message message=TShark runtime message: Capturing on 'Wi-Fi'
[2026-04-17 02:06:17] tshark_runtime_message: TShark runtime message: Capturing on 'Wi-Fi' | raw=Capturing on 'Wi-Fi'
[thread] capture_worker_started
[2026-04-17 02:10:32] capture_start_requested
[2026-04-17 02:10:33] tshark_interface_selected: 2
[2026-04-17 02:10:33] tshark_command_ready: C:\Program Files\Wireshark\tshark -l -i 2 -o tls.keylog_file:C:\tmp\tls.keys -f tcp port 443 -Y websocket -T fields -E separator=/t -e frame.time_epoch -e websocket.payload.text -e text
[2026-04-17 02:10:33] live_error:code=tshark_runtime_message message=TShark runtime message: Capturing on 'Wi-Fi'
[2026-04-17 02:10:33] tshark_runtime_message: TShark runtime message: Capturing on 'Wi-Fi' | raw=Capturing on 'Wi-Fi'
[2026-04-17 02:15:53] snapshot_event: type=reinit raw={"tag":"REINIT","seed":"2,0,0,1,1,40","ten":"259,210,301,230","oya":"3","hai":"4,14,17,18,21,26,43,48,58,90,110,130,133","kawa0":"118,107","kawa1":"127,117","kawa2":"0,38","kawa3":"120,73"}
[2026-04-17 02:17:06] snapshot_event: type=init raw={"tag":"INIT","seed":"2,1,0,1,4,71","ten":"259,210,252,279","oya":"3","hai":"94,100,25,109,132,10,32,79,122,45,107,24,119"}
[2026-04-17 02:20:31] snapshot_event: type=init raw={"tag":"INIT","seed":"3,0,0,2,4,34","ten":"259,210,275,256","oya":"0","hai":"58,91,36,48,80,79,18,61,52,21,88,20,31"}
[2026-04-17 02:23:21] snapshot_event: type=init raw={"tag":"INIT","seed":"4,0,0,2,5,8","ten":"259,210,295,236","oya":"1","hai":"55,128,81,133,82,62,76,107,66,13,121,100,22"}
[2026-04-17 02:27:09] snapshot_event: type=init raw={"tag":"INIT","seed":"4,1,1,5,4,7","ten":"249,230,285,226","oya":"1","hai":"60,74,21,132,45,98,49,16,25,76,72,97,62"}
[2026-04-17 02:29:08] snapshot_event: type=init raw={"tag":"INIT","seed":"5,0,0,5,3,1","ten":"249,207,318,226","oya":"2","hai":"92,47,120,100,40,89,118,36,94,102,79,60,14"}
[2026-04-17 02:30:44] snapshot_event: type=init raw={"tag":"INIT","seed":"6,0,0,0,2,111","ten":"249,187,318,246","oya":"3","hai":"133,82,49,69,63,77,116,35,51,112,73,59,3"}
[2026-04-17 02:33:15] snapshot_event: type=init raw={"tag":"INIT","seed":"7,0,0,0,5,121","ten":"219,157,438,186","oya":"0","hai":"93,47,50,77,114,51,37,116,18,104,112,2,109"}
[2026-04-17 02:35:09] snapshot_event: type=init raw={"tag":"INIT","seed":"7,1,0,3,4,22","ten":"234,142,438,186","oya":"0","hai":"26,3,81,133,62,85,57,94,123,125,56,63,127"}
[2026-04-17 02:37:52] snapshot_event: type=init raw={"tag":"INIT","seed":"7,2,0,1,5,71","ten":"285,91,438,186","oya":"0","hai":"32,19,98,110,61,112,39,82,7,56,90,44,127"}
[2026-04-17 02:40:38] snapshot_event: type=init raw={"tag":"INIT","seed":"0,0,0,0,2,52","ten":"250,250,250,250","oya":"1","hai":"5,46,12,10,8,31,129,128,123,69,88,42,32"}
[2026-04-17 02:43:51] snapshot_event: type=init raw={"tag":"INIT","seed":"1,0,0,5,3,116","ten":"250,218,250,282","oya":"2","hai":"33,11,72,36,34,118,92,40,78,49,89,126,73"}
[2026-04-17 02:46:17] snapshot_event: type=init raw={"tag":"INIT","seed":"2,0,0,1,0,23","ten":"263,218,237,282","oya":"3","hai":"25,99,123,19,60,4,59,104,65,32,106,130,93"}
[2026-04-17 02:50:02] snapshot_event: type=init raw={"tag":"INIT","seed":"3,0,0,2,2,115","ten":"263,141,324,272","oya":"0","hai":"99,65,119,80,43,112,110,67,98,90,77,97,132"}
[2026-04-17 02:51:57] snapshot_event: type=init raw={"tag":"INIT","seed":"4,0,0,1,3,15","ten":"263,115,324,298","oya":"1","hai":"115,31,4,57,106,100,19,16,98,84,56,83,86"}
[2026-04-17 02:55:19] snapshot_event: type=init raw={"tag":"INIT","seed":"5,1,1,2,2,96","ten":"283,105,314,288","oya":"2","hai":"107,100,27,71,84,26,79,40,2,98,38,74,114"}
[2026-04-17 02:57:10] snapshot_event: type=init raw={"tag":"INIT","seed":"5,2,0,1,3,70","ten":"222,105,385,288","oya":"2","hai":"115,127,3,25,60,33,66,71,62,100,126,6,69"}
[2026-04-17 03:01:08] snapshot_event: type=init raw={"tag":"INIT","seed":"6,0,0,3,3,114","ten":"305,22,385,288","oya":"3","hai":"123,116,80,79,63,59,104,37,9,38,108,83,98"}
[2026-04-17 03:03:58] snapshot_event: type=init raw={"tag":"INIT","seed":"0,0,0,4,2,115","ten":"250,250,250,250","oya":"1","hai":"76,54,43,12,68,24,128,37,23,103,42,98,32"}
[2026-04-17 03:06:32] snapshot_event: type=init raw={"tag":"INIT","seed":"1,0,0,3,4,35","ten":"250,227,273,250","oya":"2","hai":"110,34,125,129,108,67,121,61,123,73,118,97,88"}
[2026-04-17 03:10:26] snapshot_event: type=init raw={"tag":"INIT","seed":"2,1,1,5,2,41","ten":"265,212,258,255","oya":"3","hai":"89,66,126,115,0,63,19,31,104,116,68,34,17"}
[2026-04-17 03:14:04] snapshot_event: type=init raw={"tag":"INIT","seed":"3,0,0,4,1,23","ten":"265,264,258,213","oya":"0","hai":"78,55,17,39,128,89,113,8,87,28,105,43,109"}
[2026-04-17 03:17:31] snapshot_event: type=init raw={"tag":"INIT","seed":"4,0,0,3,2,80","ten":"245,254,298,203","oya":"1","hai":"66,105,111,45,6,127,22,70,24,96,29,43,74"}
[2026-04-17 03:20:14] snapshot_event: type=init raw={"tag":"INIT","seed":"5,0,0,3,0,37","ten":"285,234,288,193","oya":"2","hai":"27,25,18,32,97,11,96,80,120,66,76,58,46"}
[2026-04-17 03:23:51] snapshot_event: type=init raw={"tag":"INIT","seed":"5,1,1,0,5,124","ten":"275,224,308,183","oya":"2","hai":"110,5,51,130,17,53,126,85,41,37,92,27,20"}
[2026-04-17 03:26:25] snapshot_event: type=init raw={"tag":"INIT","seed":"5,2,0,1,0,113","ten":"269,218,346,167","oya":"2","hai":"51,68,119,3,93,129,134,77,127,28,37,14,33"}
[2026-04-17 03:28:44] snapshot_event: type=init raw={"tag":"INIT","seed":"5,3,0,5,4,7","ten":"262,211,367,160","oya":"2","hai":"112,85,30,58,120,56,78,65,109,60,9,66,5"}
[2026-04-17 03:30:40] snapshot_event: type=init raw={"tag":"INIT","seed":"5,4,0,0,5,115","ten":"224,211,405,160","oya":"2","hai":"22,102,40,3,128,55,123,25,77,12,28,26,108"}
[2026-04-17 03:34:09] snapshot_event: type=init raw={"tag":"INIT","seed":"6,0,0,3,1,34","ten":"217,194,396,193","oya":"3","hai":"39,105,112,130,53,128,70,88,63,59,84,101,80"}
[2026-04-17 03:36:53] snapshot_event: type=init raw={"tag":"INIT","seed":"7,0,0,0,4,23","ten":"257,264,396,83","oya":"0","hai":"90,131,105,45,41,125,28,29,135,76,88,33,83"}
[2026-04-17 03:38:49] snapshot_event: type=init raw={"tag":"INIT","seed":"7,1,0,1,2,73","ten":"334,187,396,83","oya":"0","hai":"44,78,49,92,3,54,53,40,42,99,35,130,4"}
[thread] capture_worker_started
[2026-04-17 03:43:33] capture_start_requested
[2026-04-17 03:43:33] tshark_interface_selected: 2
[2026-04-17 03:43:33] tshark_command_ready: C:\Program Files\Wireshark\tshark -l -i 2 -o tls.keylog_file:C:\tmp\tls.keys -f tcp port 443 -Y websocket -T fields -E separator=/t -e frame.time_epoch -e websocket.payload.text -e text
[2026-04-17 03:43:34] live_error:code=tshark_runtime_message message=TShark runtime message: Capturing on 'Wi-Fi'
[2026-04-17 03:43:34] tshark_runtime_message: TShark runtime message: Capturing on 'Wi-Fi' | raw=Capturing on 'Wi-Fi'
[thread] capture_worker_started
[2026-04-17 12:34:32] capture_start_requested
[2026-04-17 12:34:33] tshark_interface_selected: 2
[2026-04-17 12:34:33] tshark_command_ready: C:\Program Files\Wireshark\tshark -l -i 2 -o tls.keylog_file:C:\tmp\tls.keys -f tcp port 443 -Y websocket -T fields -E separator=/t -e frame.time_epoch -e websocket.payload.text -e text
[2026-04-17 12:34:33] live_error:code=tshark_runtime_message message=TShark runtime message: Capturing on 'Wi-Fi'
[2026-04-17 12:34:33] tshark_runtime_message: TShark runtime message: Capturing on 'Wi-Fi' | raw=Capturing on 'Wi-Fi'
[2026-04-17 12:35:43] snapshot_event: type=init raw={"tag":"INIT","seed":"0,0,0,1,5,114","ten":"250,250,250,250","oya":"0","hai":"130,99,45,41,69,2,129,7,14,112,132,78,97"}
[2026-04-17 12:36:58] snapshot_event: type=init raw={"tag":"INIT","seed":"0,1,0,4,0,51","ten":"265,250,235,250","oya":"0","hai":"119,87,92,114,41,129,8,76,66,100,74,83,71"}
[2026-04-17 12:39:06] snapshot_event: type=init raw={"tag":"INIT","seed":"1,0,0,5,2,86","ten":"265,198,225,312","oya":"1","hai":"32,98,36,111,89,108,124,127,82,19,4,72,118"}
[2026-04-17 12:42:01] snapshot_event: type=init raw={"tag":"INIT","seed":"2,0,0,2,5,107","ten":"317,198,225,260","oya":"2","hai":"101,93,96,77,41,119,7,103,118,56,5,97,91"}
[2026-04-17 12:43:39] snapshot_event: type=init raw={"tag":"INIT","seed":"2,1,0,2,1,60","ten":"278,159,342,221","oya":"2","hai":"59,33,127,21,0,44,2,98,81,37,6,65,126"}
[2026-04-17 12:46:05] snapshot_event: type=init raw={"tag":"INIT","seed":"3,0,0,1,2,25","ten":"370,128,302,200","oya":"3","hai":"19,128,112,86,37,109,41,9,65,62,20,29,21"}
[2026-04-17 12:49:52] snapshot_event: type=init raw={"tag":"INIT","seed":"4,0,0,4,1,126","ten":"450,108,282,160","oya":"0","hai":"12,56,106,24,95,120,43,7,4,27,132,92,93"}
[2026-04-17 12:51:26] snapshot_event: type=init raw={"tag":"INIT","seed":"4,1,0,1,5,42","ten":"480,98,272,150","oya":"0","hai":"56,111,116,17,65,37,74,97,59,79,54,76,100"}
[2026-04-17 12:56:02] snapshot_event: type=init raw={"tag":"INIT","seed":"5,0,0,3,2,78","ten":"439,77,251,233","oya":"1","hai":"83,119,113,54,33,62,2,112,117,10,19,98,40"}
[2026-04-17 12:59:19] snapshot_event: type=init raw={"tag":"INIT","seed":"5,1,0,1,0,126","ten":"419,137,231,213","oya":"1","hai":"23,113,114,57,123,103,11,17,21,112,115,83,8"}
[2026-04-17 13:02:37] snapshot_event: type=init raw={"tag":"INIT","seed":"6,0,0,0,3,126","ten":"512,54,231,203","oya":"2","hai":"125,33,15,116,64,123,122,38,14,66,50,18,58"}
[2026-04-17 13:06:19] snapshot_event: type=init raw={"tag":"INIT","seed":"7,0,0,5,4,6","ten":"538,74,185,203","oya":"3","hai":"27,48,94,129,92,89,32,105,118,98,61,58,43"}
[thread] capture_worker_started
[2026-04-17 14:56:30] capture_start_requested
[2026-04-17 14:56:31] tshark_interface_selected: 2
[2026-04-17 14:56:31] tshark_command_ready: C:\Program Files\Wireshark\tshark -l -i 2 -o tls.keylog_file:C:\tmp\tls.keys -f tcp port 443 -Y websocket -T fields -E separator=/t -e frame.time_epoch -e websocket.payload.text -e text
[2026-04-17 14:56:32] live_error:code=tshark_runtime_message message=TShark runtime message: Capturing on 'Wi-Fi'
[2026-04-17 14:56:32] tshark_runtime_message: TShark runtime message: Capturing on 'Wi-Fi' | raw=Capturing on 'Wi-Fi'
[2026-04-17 14:58:01] snapshot_event: type=init raw={"tag":"INIT","seed":"0,0,0,4,3,7","ten":"250,250,250,250","oya":"0","hai":"75,127,41,111,118,95,35,19,104,40,65,80,78"}
[2026-04-17 15:01:02] snapshot_event: type=init raw={"tag":"INIT","seed":"1,0,0,2,0,33","ten":"230,290,240,240","oya":"1","hai":"88,69,115,48,75,51,70,29,99,97,53,110,1"}
[2026-04-17 15:03:29] snapshot_event: type=init raw={"tag":"INIT","seed":"2,0,0,4,5,16","ten":"282,238,240,240","oya":"2","hai":"61,107,88,37,48,42,45,52,22,116,117,27,106"}
[2026-04-17 15:05:08] snapshot_event: type=init raw={"tag":"INIT","seed":"3,0,0,2,1,121","ten":"262,218,200,320","oya":"3","hai":"1,22,14,42,6,13,23,92,18,89,135,117,61"}
[thread] capture_worker_started
[2026-04-17 15:09:00] capture_start_requested
[2026-04-17 15:09:01] tshark_interface_selected: 2
[2026-04-17 15:09:01] tshark_command_ready: C:\Program Files\Wireshark\tshark -l -i 2 -o tls.keylog_file:C:\tmp\tls.keys -f tcp port 443 -Y websocket -T fields -E separator=/t -e frame.time_epoch -e websocket.payload.text -e text
[2026-04-17 15:09:02] live_error:code=tshark_runtime_message message=TShark runtime message: Capturing on 'Wi-Fi'
[2026-04-17 15:09:02] tshark_runtime_message: TShark runtime message: Capturing on 'Wi-Fi' | raw=Capturing on 'Wi-Fi'
[2026-04-17 15:09:44] snapshot_event: type=reinit raw={"tag":"REINIT","seed":"3,1,1,1,5,120","ten":"262,228,170,330","oya":"3","hai":"14,33,35,60,80,87,91,102,113,115,129,130,131","kawa0":"71,117,0,123","kawa1":"74,72,122,11","kawa2":"104,39,2,73","kawa3":"119,106,118,76"}
[2026-04-17 15:10:23] snapshot_event: type=init raw={"tag":"INIT","seed":"4,0,0,3,0,40","ten":"258,252,166,324","oya":"0","hai":"86,78,68,29,62,123,37,128,131,46,60,41,59"}
[2026-04-17 15:11:04] snapshot_event: type=init raw={"tag":"INIT","seed":"5,0,0,4,2,76","ten":"198,372,136,294","oya":"1","hai":"104,107,5,74,111,100,68,71,121,85,93,99,129"}
[2026-04-17 15:15:04] snapshot_event: type=init raw={"tag":"INIT","seed":"6,1,0,5,4,38","ten":"188,362,166,284","oya":"2","hai":"35,33,112,130,14,119,71,29,100,47,13,48,126"}
[2026-04-17 15:19:11] snapshot_event: type=init raw={"tag":"INIT","seed":"7,0,0,1,4,112","ten":"188,385,166,261","oya":"3","hai":"133,114,5,105,30,100,115,123,14,122,52,37,1"}
[2026-04-17 15:20:30] snapshot_event: type=init raw={"tag":"INIT","seed":"7,1,0,2,1,117","ten":"188,385,127,300","oya":"3","hai":"99,118,94,73,124,101,131,107,70,83,84,56,28"}
[2026-04-17 15:23:41] snapshot_event: type=init raw={"tag":"INIT","seed":"0,0,0,1,1,113","ten":"250,250,250,250","oya":"2","hai":"66,59,45,71,62,6,10,28,100,124,27,101,40"}
[thread] capture_worker_started
[2026-04-17 15:24:50] capture_start_requested
[2026-04-17 15:24:51] tshark_interface_selected: 2
[2026-04-17 15:24:51] tshark_command_ready: C:\Program Files\Wireshark\tshark -l -i 2 -o tls.keylog_file:C:\tmp\tls.keys -f tcp port 443 -Y websocket -T fields -E separator=/t -e frame.time_epoch -e websocket.payload.text -e text
[2026-04-17 15:24:51] live_error:code=tshark_runtime_message message=TShark runtime message: Capturing on 'Wi-Fi'
[2026-04-17 15:24:51] tshark_runtime_message: TShark runtime message: Capturing on 'Wi-Fi' | raw=Capturing on 'Wi-Fi'
[2026-04-17 15:25:14] snapshot_event: type=reinit raw={"tag":"REINIT","seed":"0,0,0,1,1,113","ten":"250,250,250,250","oya":"2","hai":"6,10,13,27,28,33,62,66,71,74,75,82,117","m3":"13899,15882","kawa0":"124,59,65,109,100,101,45,40","kawa1":"126,130,68,121,77,32,119","kawa2":"69,116,129,135,34,118,67","kawa3":"73,122,2,99,85,7,12,80,79"}
[2026-04-17 15:27:29] snapshot_event: type=init raw={"tag":"INIT","seed":"0,1,0,4,1,17","ten":"211,211,367,211","oya":"2","hai":"24,51,88,107,45,57,58,31,59,115,104,35,52"}
[2026-04-17 15:30:57] snapshot_event: type=init raw={"tag":"INIT","seed":"0,2,0,5,1,75","ten":"190,200,420,190","oya":"2","hai":"3,8,112,77,46,24,63,55,134,12,93,64,105"}
[2026-04-17 15:33:55] snapshot_event: type=init raw={"tag":"INIT","seed":"0,3,0,4,3,86","ten":"168,178,486,168","oya":"2","hai":"101,29,50,83,133,105,32,48,128,58,67,53,125"}
[2026-04-17 15:36:48] snapshot_event: type=init raw={"tag":"INIT","seed":"1,0,0,5,2,106","ten":"162,208,478,152","oya":"3","hai":"101,124,11,84,127,37,114,108,88,65,102,48,25"}
[thread] capture_worker_started
[2026-04-17 15:39:05] capture_start_requested
[2026-04-17 15:39:06] tshark_interface_selected: 2
[2026-04-17 15:39:06] tshark_command_ready: C:\Program Files\Wireshark\tshark -l -i 2 -o tls.keylog_file:C:\tmp\tls.keys -f tcp port 443 -Y websocket -T fields -E separator=/t -e frame.time_epoch -e websocket.payload.text -e text
[2026-04-17 15:39:07] live_error:code=tshark_runtime_message message=TShark runtime message: Capturing on 'Wi-Fi'
[2026-04-17 15:39:07] tshark_runtime_message: TShark runtime message: Capturing on 'Wi-Fi' | raw=Capturing on 'Wi-Fi'
[2026-04-17 15:39:17] snapshot_event: type=reinit raw={"tag":"REINIT","seed":"2,0,0,0,5,15","ten":"162,218,478,142","oya":"0","hai":"2,12,23,25,27,30,66,69,76,77,82,95,101","kawa0":"112","kawa1":"116","kawa2":"118"}
[2026-04-17 15:42:40] snapshot_event: type=init raw={"tag":"INIT","seed":"2,1,1,4,2,135","ten":"167,233,463,127","oya":"0","hai":"117,102,99,134,122,30,94,7,48,84,124,60,6"}
[2026-04-17 15:45:25] snapshot_event: type=init raw={"tag":"INIT","seed":"3,0,0,1,1,58","ten":"167,256,450,127","oya":"1","hai":"26,33,82,67,70,18,127,59,43,126,81,96,129"}
[2026-04-17 15:47:37] snapshot_event: type=init raw={"tag":"INIT","seed":"4,0,0,4,4,65","ten":"187,256,430,127","oya":"2","hai":"76,130,72,20,25,7,21,15,112,120,77,18,86"}
[2026-04-17 15:49:57] snapshot_event: type=init raw={"tag":"INIT","seed":"5,0,0,2,1,108","ten":"147,216,350,287","oya":"3","hai":"22,69,78,24,70,117,91,28,51,85,98,25,89"}
[2026-04-17 15:54:40] snapshot_event: type=init raw={"tag":"INIT","seed":"6,1,1,2,5,116","ten":"162,221,335,272","oya":"0","hai":"9,122,125,47,107,10,64,109,133,105,21,106,121"}
[thread] capture_worker_started
[2026-04-17 15:54:54] capture_start_requested
[2026-04-17 15:54:56] tshark_interface_selected: 2
[2026-04-17 15:54:56] tshark_command_ready: C:\Program Files\Wireshark\tshark -l -i 2 -o tls.keylog_file:C:\tmp\tls.keys -f tcp port 443 -Y websocket -T fields -E separator=/t -e frame.time_epoch -e websocket.payload.text -e text
[2026-04-17 15:54:56] live_error:code=tshark_runtime_message message=TShark runtime message: Capturing on 'Wi-Fi'
[2026-04-17 15:54:56] tshark_runtime_message: TShark runtime message: Capturing on 'Wi-Fi' | raw=Capturing on 'Wi-Fi'
[2026-04-17 15:55:15] snapshot_event: type=reinit raw={"tag":"REINIT","seed":"6,1,1,2,5,116","ten":"162,221,335,272","oya":"0","hai":"9,10,21,45,47,84,105,106,107,121,122,125,133","kawa0":"64,109,119","kawa1":"108,37,132","kawa2":"123,72","kawa3":"120,129"}
[2026-04-17 15:57:57] snapshot_event: type=init raw={"tag":"INIT","seed":"7,0,0,2,0,68","ten":"154,216,363,267","oya":"1","hai":"97,78,94,2,101,4,64,73,66,43,40,80,54"}
[thread] capture_worker_started
[2026-04-18 00:23:48] capture_start_requested
[2026-04-18 00:23:49] tshark_interface_selected: 2
[2026-04-18 00:23:49] tshark_command_ready: C:\Program Files\Wireshark\tshark -l -i 2 -o tls.keylog_file:C:\tmp\tls.keys -f tcp port 443 -Y websocket -T fields -E separator=/t -e frame.time_epoch -e websocket.payload.text -e text
[2026-04-18 00:23:49] live_error:code=tshark_runtime_message message=TShark runtime message: Capturing on 'Wi-Fi'
[2026-04-18 00:23:49] tshark_runtime_message: TShark runtime message: Capturing on 'Wi-Fi' | raw=Capturing on 'Wi-Fi'
[2026-04-18 00:24:01] snapshot_event: type=init raw={"tag":"INIT","seed":"0,0,0,5,4,3","ten":"250,250,250,250","oya":"3","hai":"118,2,37,133,9,61,0,114,48,120,129,123,25"}
[2026-04-18 00:26:20] snapshot_event: type=init raw={"tag":"INIT","seed":"0,1,0,2,5,8","ten":"250,250,201,299","oya":"3","hai":"123,104,38,80,55,84,115,16,83,133,79,44,92"}
[2026-04-18 00:31:04] snapshot_event: type=init raw={"tag":"INIT","seed":"0,2,0,5,5,117","ten":"260,220,211,309","oya":"3","hai":"67,97,95,134,71,20,47,80,14,17,76,36,130"}
[thread] capture_worker_started
[2026-04-18 00:31:42] capture_start_requested
[2026-04-18 00:31:43] tshark_interface_selected: 2
[2026-04-18 00:31:43] tshark_command_ready: C:\Program Files\Wireshark\tshark -l -i 2 -o tls.keylog_file:C:\tmp\tls.keys -f tcp port 443 -Y websocket -T fields -E separator=/t -e frame.time_epoch -e websocket.payload.text -e text
[2026-04-18 00:31:43] live_error:code=tshark_runtime_message message=TShark runtime message: Capturing on 'Wi-Fi'
[2026-04-18 00:31:43] tshark_runtime_message: TShark runtime message: Capturing on 'Wi-Fi' | raw=Capturing on 'Wi-Fi'
[2026-04-18 00:32:37] snapshot_event: type=reinit raw={"tag":"REINIT","seed":"0,2,0,5,5,117","ten":"260,220,211,309","oya":"3","hai":"14,17,20,36,47,76,80,81,85,86,87,93,95","kawa0":"130,119,134,67,71,97,7","kawa1":"73,108,124,70,38,131,43","kawa2":"113,110,39,132,69,125,133","kawa3":"127,31,4,3,64,116,30"}
[2026-04-18 00:35:29] snapshot_event: type=init raw={"tag":"INIT","seed":"1,3,1,3,0,125","ten":"265,235,196,294","oya":"0","hai":"96,74,23,111,130,13,118,78,20,102,59,47,52"}
[2026-04-18 00:38:06] snapshot_event: type=init raw={"tag":"INIT","seed":"1,4,0,2,0,56","ten":"404,192,153,251","oya":"0","hai":"13,112,123,24,55,92,1,40,17,37,129,68,65"}
[2026-04-18 00:39:01] snapshot_event: type=init raw={"tag":"INIT","seed":"2,0,0,5,0,20","ten":"320,364,109,207","oya":"1","hai":"76,72,64,19,58,101,24,116,33,122,119,102,100"}
[2026-04-18 00:43:11] snapshot_event: type=init raw={"tag":"INIT","seed":"3,1,0,4,4,31","ten":"330,334,119,217","oya":"2","hai":"67,71,42,79,3,126,21,62,131,10,75,4,118"}
[2026-04-18 00:47:16] snapshot_event: type=init raw={"tag":"INIT","seed":"3,2,2,3,4,77","ten":"335,319,124,202","oya":"2","hai":"40,87,66,91,52,63,55,59,75,21,44,76,50"}
[2026-04-18 00:47:28] snapshot_event: type=init raw={"tag":"INIT","seed":"3,3,2,2,3,57","ten":"335,319,124,202","oya":"2","hai":"103,24,84,114,116,132,71,125,39,52,33,22,65"}
[2026-04-18 00:50:19] snapshot_event: type=init raw={"tag":"INIT","seed":"4,0,0,1,0,24","ten":"335,387,76,202","oya":"3","hai":"34,128,96,109,35,50,43,44,39,68,36,45,59"}
[2026-04-18 00:53:56] snapshot_event: type=init raw={"tag":"INIT","seed":"5,0,0,1,1,114","ten":"335,387,156,122","oya":"0","hai":"7,29,21,127,119,110,67,27,32,123,23,96,116"}
[2026-04-18 00:58:05] snapshot_event: type=init raw={"tag":"INIT","seed":"5,1,0,4,4,63","ten":"525,327,96,52","oya":"0","hai":"67,101,102,65,2,44,107,60,83,82,13,6,116"}
[2026-04-18 01:02:22] snapshot_event: type=init raw={"tag":"INIT","seed":"6,2,0,5,5,10","ten":"525,327,96,52","oya":"1","hai":"94,33,113,82,37,132,131,83,91,70,47,129,111"}
[2026-04-18 01:04:48] snapshot_event: type=init raw={"tag":"INIT","seed":"7,0,0,3,0,75","ten":"493,255,54,198","oya":"2","hai":"36,134,132,125,60,74,101,41,29,52,23,92,95"}
[thread] capture_worker_started
[2026-04-18 01:09:21] capture_start_requested
[2026-04-18 01:09:22] tshark_interface_selected: 2
[2026-04-18 01:09:22] tshark_command_ready: C:\Program Files\Wireshark\tshark -l -i 2 -o tls.keylog_file:C:\tmp\tls.keys -f tcp port 443 -Y websocket -T fields -E separator=/t -e frame.time_epoch -e websocket.payload.text -e text
[2026-04-18 01:09:22] live_error:code=tshark_runtime_message message=TShark runtime message: Capturing on 'Wi-Fi'
[2026-04-18 01:09:22] tshark_runtime_message: TShark runtime message: Capturing on 'Wi-Fi' | raw=Capturing on 'Wi-Fi'
[2026-04-18 01:09:36] snapshot_event: type=init raw={"tag":"INIT","seed":"0,0,0,3,3,30","ten":"250,250,250,250","oya":"1","hai":"67,59,8,23,122,78,79,121,123,68,125,96,106"}
[2026-04-18 01:11:16] snapshot_event: type=init raw={"tag":"INIT","seed":"1,0,0,1,0,129","ten":"237,224,237,302","oya":"2","hai":"49,23,44,32,2,76,118,59,46,100,37,35,8"}
[2026-04-18 01:13:33] snapshot_event: type=init raw={"tag":"INIT","seed":"2,0,0,4,2,57","ten":"232,254,227,287","oya":"3","hai":"120,86,100,54,59,55,115,92,73,123,51,46,65"}
[2026-04-18 01:16:36] snapshot_event: type=init raw={"tag":"INIT","seed":"3,0,0,4,1,61","ten":"232,316,227,225","oya":"0","hai":"35,37,49,118,94,7,11,66,50,83,76,114,75"}
[2026-04-18 01:20:29] snapshot_event: type=init raw={"tag":"INIT","seed":"3,1,0,3,5,125","ten":"290,316,227,167","oya":"0","hai":"7,48,111,40,22,110,135,82,127,52,119,108,33"}
[2026-04-18 01:23:36] snapshot_event: type=init raw={"tag":"INIT","seed":"4,0,0,4,5,132","ten":"277,329,227,167","oya":"1","hai":"71,52,73,18,21,0,10,67,76,12,75,85,27"}
[2026-04-18 01:25:08] snapshot_event: type=init raw={"tag":"INIT","seed":"5,0,0,5,2,17","ten":"277,309,247,167","oya":"2","hai":"71,79,54,3,92,39,38,109,101,25,45,0,33"}
[2026-04-18 01:29:01] snapshot_event: type=init raw={"tag":"INIT","seed":"5,1,1,1,2,63","ten":"267,299,267,157","oya":"2","hai":"68,8,37,32,52,2,9,66,38,101,24,12,103"}
[2026-04-18 01:31:30] snapshot_event: type=init raw={"tag":"INIT","seed":"6,0,0,0,4,77","ten":"267,351,225,157","oya":"3","hai":"106,127,111,53,45,117,22,35,122,66,43,82,7"}
[2026-04-18 01:34:56] snapshot_event: type=init raw={"tag":"INIT","seed":"7,0,0,5,1,68","ten":"264,348,236,152","oya":"0","hai":"124,57,98,29,120,101,31,21,106,105,87,34,53"}
[thread] capture_worker_started
[2026-04-18 01:36:53] capture_start_requested
[2026-04-18 01:36:54] tshark_interface_selected: 2
[2026-04-18 01:36:54] tshark_command_ready: C:\Program Files\Wireshark\tshark -l -i 2 -o tls.keylog_file:C:\tmp\tls.keys -f tcp port 443 -Y websocket -T fields -E separator=/t -e frame.time_epoch -e websocket.payload.text -e text
[2026-04-18 01:36:54] live_error:code=tshark_runtime_message message=TShark runtime message: Capturing on 'Wi-Fi'
[2026-04-18 01:36:54] tshark_runtime_message: TShark runtime message: Capturing on 'Wi-Fi' | raw=Capturing on 'Wi-Fi'
[2026-04-18 01:37:10] snapshot_event: type=init raw={"tag":"INIT","seed":"0,0,0,3,2,21","ten":"250,250,250,250","oya":"1","hai":"64,100,52,80,130,10,74,123,50,35,20,86,32"}
[2026-04-18 01:39:48] snapshot_event: type=init raw={"tag":"INIT","seed":"0,1,0,0,5,45","ten":"250,327,250,173","oya":"1","hai":"117,93,31,62,103,44,42,46,82,47,27,71,7"}
[2026-04-18 01:43:16] snapshot_event: type=init raw={"tag":"INIT","seed":"1,0,0,4,5,42","ten":"250,317,170,263","oya":"2","hai":"106,94,20,117,81,11,3,41,4,52,77,123,12"}
[2026-04-18 01:46:58] snapshot_event: type=init raw={"tag":"INIT","seed":"1,1,0,5,1,109","ten":"190,257,350,203","oya":"2","hai":"101,120,102,79,87,119,18,63,90,123,99,45,61"}
[2026-04-18 01:49:53] snapshot_event: type=init raw={"tag":"INIT","seed":"1,2,0,0,3,37","ten":"67,257,473,203","oya":"2","hai":"3,14,134,26,64,66,36,57,69,0,63,79,122"}
[2026-04-18 02:00:14] snapshot_event: type=reinit raw={"tag":"REINIT","seed":"2,2,0,1,5,115","ten":"55,195,411,339","oya":"3","hai":"1,9,42,46,74,76,79,82,85,87,96,124,133","kawa0":"64","kawa1":"112","kawa2":"111","kawa3":"72,114"}
[2026-04-18 02:02:59] snapshot_event: type=init raw={"tag":"INIT","seed":"2,3,0,3,2,129","ten":"48,188,404,360","oya":"3","hai":"26,32,84,116,71,107,72,117,1,6,36,128,131"}
[2026-04-18 02:05:31] snapshot_event: type=init raw={"tag":"INIT","seed":"2,4,0,2,0,46","ten":"19,188,404,389","oya":"3","hai":"18,129,58,40,19,15,28,108,92,96,27,107,1"}
[2026-04-18 02:09:08] snapshot_event: type=init raw={"tag":"INIT","seed":"3,0,0,5,5,66","ten":"63,188,360,389","oya":"0","hai":"84,29,39,11,125,83,124,44,55,74,75,135,73"}
[2026-04-18 02:11:10] snapshot_event: type=init raw={"tag":"INIT","seed":"4,0,0,2,4,112","ten":"63,188,440,309","oya":"1","hai":"103,61,99,30,58,35,110,108,56,88,51,102,22"}
[2026-04-18 02:13:20] snapshot_event: type=init raw={"tag":"INIT","seed":"5,0,0,2,4,80","ten":"63,111,440,386","oya":"2","hai":"13,107,51,89,62,111,123,53,33,121,30,84,2"}
[2026-04-18 02:15:49] snapshot_event: type=init raw={"tag":"INIT","seed":"6,0,0,0,5,113","ten":"58,96,430,416","oya":"3","hai":"16,90,53,84,97,78,76,109,50,41,87,24,40"}
[2026-04-18 02:17:38] snapshot_event: type=init raw={"tag":"INIT","seed":"7,0,0,0,4,61","ten":"58,96,440,406","oya":"0","hai":"133,5,60,77,123,113,122,41,57,52,85,67,6"}
