discard_id,kyoku_id,hanchan_id,go_type,go_type_hex,room_class_code,room_class_label,kyoku_info,player_rel_seat,player_name,discard_tile_136,discard_tile_37_text,tsumogiri_flag,discard_epoch_s,thinking_time_ms,thinking_time_before_reach_ms,lagged,lag_delay_ms,seat0_hand_tiles_136_json,seat1_hand_tiles_136_json,seat2_hand_tiles_136_json,seat3_hand_tiles_136_json,seat0_hand_tiles_37_text,seat1_hand_tiles_37_text,seat2_hand_tiles_37_text,seat3_hand_tiles_37_text,shanten_after_discard,shanten_normal_after_discard,shanten_chiitoitsu_after_discard,wait_tiles_after_discard_mspz,ryanmen_fixed_flag,pystyle_top1_tile_37_text,pystyle_top1_expected_value_text,pystyle_top2_tile_37_text,pystyle_top2_expected_value_text,pystyle_top3_tile_37_text,pystyle_top3_expected_value_text
20260409110743_0000_000,20260409110743_0000,20260409110743,,,,,0000,2,mezzuj-2,123,4z,tedashi,1775700470,,,0,,"[99,70,50,37,66,108,15,90,88,2,102,64,44]",,,,14m 134889p r5578s 1z,,,,,,,,,,,,,,
20260409110743_0000_001,20260409110743_0000,20260409110743,,,,,0000,3,QryanQ,119,3z,tedashi,1775700471,1597.339,,0,,"[99,70,50,37,66,108,15,90,88,2,102,64,44]",,,,14m 134889p r5578s 1z,,,,,,,,,,,,,,
20260409110743_0000_002,20260409110743_0000,20260409110743,,,,,0000,0,s6u,2,1m,tedashi,1775700475,3527.193,,0,,"[99,70,50,37,66,108,15,90,88,2,102,64,44,97]",,,,14m 134889p r55778s 1z,,,,3,4,3,,0,,,,,,
20260409110743_0000_003,20260409110743_0000,20260409110743,,,,,0000,1,santal,107,9s,risekichu_hokan_tsumogiri,1775700477,1725.076,,0,,"[99,70,50,37,66,108,15,90,88,102,64,44,97]",,,,4m 134889p r55778s 1z,,,,,,,,,,,,,,
20260409110743_0000_004,20260409110743_0000,20260409110743,,,,,0000,2,mezzuj-2,132,7z,tedashi,1775700485,8467.841,,0,,"[99,70,50,37,66,108,15,90,88,102,64,44,97]",,,,4m 134889p r55778s 1z,,,,,,,,,,,,,,
20260409110743_0000_005,20260409110743_0000,20260409110743,,,,,0000,3,QryanQ,120,4z,risekichu_hokan_tsumogiri,1775700487,1685.009,,0,,"[99,70,50,37,66,108,15,90,88,102,64,44,97]",,,,4m 134889p r55778s 1z,,,,,,,,,,,,,,
20260409110743_0000_006,20260409110743_0000,20260409110743,,,,,0000,0,s6u,108,1z,tedashi,1775700494,7079.17,,0,,"[99,70,50,37,66,108,15,90,88,102,64,44,97,60]",,,,4m 1347889p r55778s 1z,,,,3,3,3,,0,1z,1996pt,1p,1983pt,8p,1923pt
20260409110743_0000_007,20260409110743_0000,20260409110743,,,,,0000,1,santal,109,1z,tedashi,1775700497,2627.008,,0,,"[99,70,50,37,66,15,90,88,102,64,44,97,60]",,,,4m 1347889p r55778s,,,,,,,,,,,,,,
20260409110743_0000_008,20260409110743_0000,20260409110743,,,,,0000,2,mezzuj-2,38,1p,tedashi,1775700499,2277.572,,6,321.181,"[99,70,50,37,66,15,90,88,102,64,44,97,60]",,,,4m 1347889p r55778s,,,,,,,,,,,,,,
20260409110743_0000_009,20260409110743_0000,20260409110743,,,,,0000,3,QryanQ,110,1z,tedashi,1775700501,1615.104,,0,,"[99,70,50,37,66,15,90,88,102,64,44,97,60]",,,,4m 1347889p r55778s,,,,,,,,,,,,,,
20260409110743_0000_010,20260409110743_0000,20260409110743,,,,,0000,0,s6u,129,6z,tsumogiri,1775700504,3666.497,,0,,"[99,70,50,37,66,15,90,88,102,64,44,97,60,129]",,,,4m 1347889p r55778s 6z,,,,3,3,3,,0,,,,,,
20260409110743_0000_011,20260409110743_0000,20260409110743,,,,,0000,1,santal,125,5z,tedashi,1775700507,2119.56,,0,,"[99,70,50,37,66,15,90,88,102,64,44,97,60]",,,,4m 1347889p r55778s,,,,,,,,,,,,,,
20260409110743_0000_012,20260409110743_0000,20260409110743,,,,,0000,2,mezzuj-2,94,6s,tedashi,1775700510,3849.283,,6,377.532,"[99,70,50,37,66,15,90,88,102,64,44,97,60]",,,,4m 1347889p r55778s,,,,,,,,,,,,,,
20260409110743_0000_013,20260409110743_0000,20260409110743,,,,,0000,3,QryanQ,72,1s,tedashi,1775700513,1836.572,,0,,"[99,70,50,37,66,15,90,88,102,64,44,97,60]",,,,4m 1347889p r55778s,,,,,,,,,,,,,,
20260409110743_0000_014,20260409110743_0000,20260409110743,,,,,0000,0,s6u,37,1p,tedashi,1775700519,6686.656,,0,,"[99,70,50,37,66,15,90,88,102,64,44,97,60,49]",,,,4m 13447889p r55778s,,,,2,2,2,,0,1p,1614pt,4m,1481pt,8p,1457pt
20260409110743_0000_015,20260409110743_0000,20260409110743,,,,,0000,1,santal,68,9p,risekichu_hokan_tsumogiri,1775700522,2704.675,,1,1733.43,"[99,70,50,66,15,90,88,102,64,44,97,60,49]",,,,4m 3447889p r55778s,,,,,,,,,,,,,,
20260409110743_0000_016,20260409110743_0000,20260409110743,,,,,0000,2,mezzuj-2,116,3z,risekichu_hokan_tsumogiri,1775700525,1514.064,,0,,"[99,70,50,66,15,90,88,102,64,44,97,60,49]",,,,4m 3447889p r55778s,,,,,,,,,,,,,,
20260409110743_0000_017,20260409110743_0000,20260409110743,,,,,0000,3,QryanQ,121,4z,risekichu_hokan_tsumogiri,1775700529,3769.931,,0,,"[99,70,50,66,15,90,88,102,64,44,97,60,49]",,,,4m 3447889p r55778s,,,,,,,,,,,,,,
20260409110743_0000_018,20260409110743_0000,20260409110743,,,,,0000,0,s6u,70,9p,tedashi,1775700535,5929.123,,1,1604.201,"[99,70,50,66,15,90,88,102,64,44,97,60,49,58]",,,,4m 34467889p r55778s,,,,2,2,2,,0,9p,1843pt,4m,1753pt,8p,1691pt
20260409110743_0000_019,20260409110743_0000,20260409110743,,,,,0000,1,santal,101,8s,risekichu_hokan_tsumogiri,1775700538,1895.014,,0,,"[99,50,66,15,90,88,102,64,44,97,60,49,58]",,,,4m 3446788p r55778s,,,,,,,,,,,,,,
20260409110743_0000_020,20260409110743_0000,20260409110743,,,,,0000,2,mezzuj-2,89,5s,risekichu_hokan_tsumogiri,1775700541,2922.772,,2,5361.647,"[99,50,66,15,90,88,102,64,44,97,60,49,58]",,,,4m 3446788p r55778s,,,,,,,,,,,,,,
20260409110743_0000_021,20260409110743_0000,20260409110743,,,,,0000,0,s6u,15,4m,tedashi,1775700549,2556.297,,1,1278.915,"[99,50,66,15,102,64,44,97,60,49,58]",,,,4m 3446788p 778s,,,,2,2,,,0,,,,,,
20260409110743_0000_022,20260409110743_0000,20260409110743,,,,,0000,1,santal,76,2s,tedashi,1775700552,1320.459,,0,,"[99,50,66,102,64,44,97,60,49,58]",,,,3446788p 778s,,,,,,,,,,,,,,
20260409110743_0000_023,20260409110743_0000,20260409110743,,,,,0000,2,mezzuj-2,81,3s,tedashi,1775700564,12287.469,,6,362.248,"[99,50,66,102,64,44,97,60,49,58]",,,,3446788p 778s,,,,,,,,,,,,,,
20260409110743_0000_024,20260409110743_0000,20260409110743,,,,,0000,3,QryanQ,117,3z,tedashi,1775700573,8169.319,,0,,"[99,50,66,102,64,44,97,60,49,58]",,,,3446788p 778s,,,,,,,,,,,,,,
20260409110743_0000_025,20260409110743_0000,20260409110743,,,,,0000,0,s6u,73,1s,tsumogiri,1775700575,1816.651,,0,,"[99,50,66,102,64,44,97,60,49,58,73]",,,,3446788p 1778s,,,,2,2,,,0,,,,,,
20260409110743_0000_026,20260409110743_0000,20260409110743,,,,,0000,1,santal,130,6z,risekichu_hokan_tsumogiri,1775700577,2063.157,,0,,"[99,50,66,102,64,44,97,60,49,58]",,,,3446788p 778s,,,,,,,,,,,,,,
20260409110743_0000_027,20260409110743_0000,20260409110743,,,,,0000,2,mezzuj-2,86,4s,tedashi,1775700579,2326.4,,6,328.12,"[99,50,66,102,64,44,97,60,49,58]",,,,3446788p 778s,,,,,,,,,,,,,,
20260409110743_0000_028,20260409110743_0000,20260409110743,,,,,0000,3,QryanQ,33,9m,tedashi,1775700583,4072.59,,0,,"[99,50,66,102,64,44,97,60,49,58]",,,,3446788p 778s,,,,,,,,,,,,,,
20260409110743_0000_029,20260409110743_0000,20260409110743,,,,,0000,0,s6u,118,3z,tsumogiri,1775700587,3356.752,,0,,"[99,50,66,102,64,44,97,60,49,58,118]",,,,3446788p 778s 3z,,,,2,2,,,0,,,,,,
20260409110743_0000_030,20260409110743_0000,20260409110743,,,,,0000,1,santal,111,1z,risekichu_hokan_tsumogiri,1775700589,2507.866,,0,,"[99,50,66,102,64,44,97,60,49,58]",,,,3446788p 778s,,,,,,,,,,,,,,
20260409110743_0000_031,20260409110743_0000,20260409110743,,,,,0000,2,mezzuj-2,36,1p,risekichu_hokan_tsumogiri,1775700592,2351.943,,6,325.217,"[99,50,66,102,64,44,97,60,49,58]",,,,3446788p 778s,,,,,,,,,,,,,,
20260409110743_0000_032,20260409110743_0000,20260409110743,,,,,0000,3,QryanQ,113,2z,risekichu_hokan_tsumogiri,1775700593,1232.243,,6,364.833,"[99,50,66,102,64,44,97,60,49,58]",,,,3446788p 778s,,,,,,,,,,,,,,
20260409110743_0000_033,20260409110743_0000,20260409110743,,,,,0000,0,s6u,78,2s,tsumogiri,1775700595,1975.602,,0,,"[99,50,66,102,64,44,97,60,49,58,78]",,,,3446788p 2778s,,,,2,2,,,0,,,,,,
20260409110743_0000_034,20260409110743_0000,20260409110743,,,,,0000,1,santal,61,7p,tedashi,1775700608,12459.627,,1,1794.83,"[99,50,66,102,64,44,97,60,49,58]",,,,3446788p 778s,,,,,,,,,,,,,,
20260409110743_0000_035,20260409110743_0000,20260409110743,,,,,0000,2,mezzuj-2,7,2m,tedashi,1775700615,5425.265,,6,475.078,"[99,50,66,102,64,44,97,60,49,58]",,,,3446788p 778s,,,,,,,,,,,,,,
20260409110743_0000_036,20260409110743_0000,20260409110743,,,,,0000,3,QryanQ,85,4s,tedashi,1775700619,988.647,2594.525,0,,"[99,50,66,102,64,44,97,60,49,58]",,,,3446788p 778s,,,,,,,,,,,,,,
20260409110743_0000_037,20260409110743_0000,20260409110743,,,,,0000,0,s6u,102,8s,tedashi,1775700626,7286.413,,1,2203.003,"[99,50,66,102,64,44,97,60,49,58,53]",,,,34456788p 778s,,,,1,1,,,0,,,,,,
20260409110743_0000_038,20260409110743_0000,20260409110743,,,,,0000,1,santal,65,8p,tedashi,1775700633,4553.25,,2,4688.223,"[99,50,66,64,44,97,60,49,58,53]",,,,34456788p 77s,,,,,,,,,,,,,,
20260409110743_0000_039,20260409110743_0000,20260409110743,,,,,0000,0,s6u,50,4p,tedashi,1775700640,2601.806,,0,,"[99,50,44,97,60,49,58,53]",,,,344567p 77s,,,,0,0,,258p,0,,,,,,
20260409110743_0000_040,20260409110743_0000,20260409110743,,,,,0000,1,santal,4,2m,tedashi,1775700650,745.582,9171.103,0,,"[99,44,97,60,49,58,53]",,,,34567p 77s,,,,,,,,,,,,,,
20260409110743_0000_041,20260409110743_0000,20260409110743,,,,,0000,2,mezzuj-2,5,2m,risekichu_hokan_tsumogiri,1775700654,3295.979,,0,,"[99,44,97,60,49,58,53]",,,,34567p 77s,,,,,,,,,,,,,,
20260409110743_0000_042,20260409110743_0000,20260409110743,,,,,0000,3,QryanQ,67,8p,risekichu_hokan_tsumogiri,1775700655,860.062,,0,,"[99,44,97,60,49,58,53]",,,,34567p 77s,,,,,,,,,,,,,,
20260409110743_0100_000,20260409110743_0100,20260409110743,,,,,0100,3,QryanQ,38,1p,tedashi,1775700665,,,0,,"[27,54,86,82,20,34,106,122,68,131,103,15,5]",,,,24679m 59p 3489s 46z,,,,,,,,,,,,,,
20260409110743_0100_001,20260409110743_0100,20260409110743,,,,,0100,0,s6u,122,4z,tedashi,1775700667,2589.079,,0,,"[27,54,86,82,20,34,106,122,68,131,103,15,5,32]",,,,246799m 59p 3489s 46z,,,,3,3,5,,0,,,,,,
20260409110743_0100_002,20260409110743_0100,20260409110743,,,,,0100,1,santal,72,1s,tedashi,1775700669,1595.111,,0,,"[27,54,86,82,20,34,106,68,131,103,15,5,32]",,,,246799m 59p 3489s 6z,,,,,,,,,,,,,,
20260409110743_0100_003,20260409110743_0100,20260409110743,,,,,0100,2,mezzuj-2,2,1m,tedashi,1775700672,3239.271,,0,,"[27,54,86,82,20,34,106,68,131,103,15,5,32]",,,,246799m 59p 3489s 6z,,,,,,,,,,,,,,
20260409110743_0100_004,20260409110743_0100,20260409110743,,,,,0100,3,QryanQ,0,1m,tedashi,1775700674,2016.885,,0,,"[27,54,86,82,20,34,106,68,131,103,15,5,32]",,,,246799m 59p 3489s 6z,,,,,,,,,,,,,,
20260409110743_0100_005,20260409110743_0100,20260409110743,,,,,0100,0,s6u,68,9p,tedashi,1775700677,2863.095,,0,,"[27,54,86,82,20,34,106,68,131,103,15,5,32,48]",,,,246799m 459p 3489s 6z,,,,3,3,5,,0,,,,,,
20260409110743_0100_006,20260409110743_0100,20260409110743,,,,,0100,1,santal,116,3z,tedashi,1775700680,2546.311,,0,,"[27,54,86,82,20,34,106,131,103,15,5,32,48]",,,,246799m 45p 3489s 6z,,,,,,,,,,,,,,
20260409110743_0100_007,20260409110743_0100,20260409110743,,,,,0100,2,mezzuj-2,71,9p,risekichu_hokan_tsumogiri,1775700682,2670.066,,0,,"[27,54,86,82,20,34,106,131,103,15,5,32,48]",,,,246799m 45p 3489s 6z,,,,,,,,,,,,,,
20260409110743_0100_008,20260409110743_0100,20260409110743,,,,,0100,3,QryanQ,79,2s,tedashi,1775700687,4958.539,,6,209.156,"[27,54,86,82,20,34,106,131,103,15,5,32,48]",,,,246799m 45p 3489s 6z,,,,,,,,,,,,,,
20260409110743_0100_009,20260409110743_0100,20260409110743,,,,,0100,0,s6u,131,6z,tedashi,1775700690,2191.422,,0,,"[27,54,86,82,20,34,106,131,103,15,5,32,48,76]",,,,246799m 45p 23489s 6z,,,,2,2,5,,0,,,,,,
20260409110743_0100_010,20260409110743_0100,20260409110743,,,,,0100,1,santal,1,1m,risekichu_hokan_tsumogiri,1775700691,1668.624,,0,,"[27,54,86,82,20,34,106,103,15,5,32,48,76]",,,,246799m 45p 23489s,,,,,,,,,,,,,,
20260409110743_0100_011,20260409110743_0100,20260409110743,,,,,0100,2,mezzuj-2,111,1z,tedashi,1775700695,3423.345,,0,,"[27,54,86,82,20,34,106,103,15,5,32,48,76]",,,,246799m 45p 23489s,,,,,,,,,,,,,,
20260409110743_0100_012,20260409110743_0100,20260409110743,,,,,0100,3,QryanQ,63,7p,tedashi,1775700702,957.385,6028.448,0,,"[27,54,86,82,20,34,106,103,15,5,32,48,76]",,,,246799m 45p 23489s,,,,,,,,,,,,,,
20260409110743_0100_013,20260409110743_0100,20260409110743,,,,,0100,0,s6u,78,2s,tsumogiri,1775700705,3392.745,,0,,"[27,54,86,82,20,34,106,103,15,5,32,48,76,78]",,,,246799m 45p 223489s,,,,2,2,4,,0,2s,1275pt,9s,1259pt,8s,1231pt
20260409110743_0100_014,20260409110743_0100,20260409110743,,,,,0100,1,santal,126,5z,tedashi,1775700708,2967.608,,0,,"[27,54,86,82,20,34,106,103,15,5,32,48,76]",,,,246799m 45p 23489s,,,,,,,,,,,,,,
20260409110743_0100_015,20260409110743_0100,20260409110743,,,,,0100,2,mezzuj-2,120,4z,tedashi,1775700710,2341.102,,0,,"[27,54,86,82,20,34,106,103,15,5,32,48,76]",,,,246799m 45p 23489s,,,,,,,,,,,,,,
20260409110743_0100_016,20260409110743_0100,20260409110743,,,,,0100,3,QryanQ,102,8s,risekichu_hokan_tsumogiri,1775700711,845.897,,1,2304.071,"[27,54,86,82,20,34,106,103,15,5,32,48,76]",,,,246799m 45p 23489s,,,,,,,,,,,,,,
20260409110743_0100_017,20260409110743_0100,20260409110743,,,,,0100,0,s6u,103,8s,tedashi,1775700716,2223.707,,1,1713.726,"[27,54,86,82,20,34,106,103,15,5,32,48,76,135]",,,,246799m 45p 23489s 7z,,,,2,2,5,,0,7z,1201pt,9s,1131pt,8s,1081pt
20260409110743_0100_018,20260409110743_0100,20260409110743,,,,,0100,1,santal,127,5z,tedashi,1775700719,1151.955,,0,,"[27,54,86,82,20,34,106,15,5,32,48,76,135]",,,,246799m 45p 2349s 7z,,,,,,,,,,,,,,
20260409110743_0100_019,20260409110743_0100,20260409110743,,,,,0100,2,mezzuj-2,101,8s,tedashi,1775700724,5848.691,,0,,"[27,54,86,82,20,34,106,15,5,32,48,76,135]",,,,246799m 45p 2349s 7z,,,,,,,,,,,,,,
20260409110743_0100_020,20260409110743_0100,20260409110743,,,,,0100,3,QryanQ,123,4z,risekichu_hokan_tsumogiri,1775700725,834.864,,0,,"[27,54,86,82,20,34,106,15,5,32,48,76,135]",,,,246799m 45p 2349s 7z,,,,,,,,,,,,,,
20260409110743_0100_021,20260409110743_0100,20260409110743,,,,,0100,0,s6u,76,2s,tedashi,1775700728,2477.344,,0,,"[27,54,86,82,20,34,106,15,5,32,48,76,135,80]",,,,246799m 45p 23349s 7z,,,,2,2,4,,0,9s,1074pt,7z,1070pt,3s,1016pt
20260409110743_0100_022,20260409110743_0100,20260409110743,,,,,0100,1,santal,74,1s,risekichu_hokan_tsumogiri,1775700731,2911.354,,0,,"[27,54,86,82,20,34,106,15,5,32,48,135,80]",,,,246799m 45p 3349s 7z,,,,,,,,,,,,,,
20260409110743_0100_023,20260409110743_0100,20260409110743,,,,,0100,2,mezzuj-2,73,1s,risekichu_hokan_tsumogiri,1775700734,3746.086,,0,,"[27,54,86,82,20,34,106,15,5,32,48,135,80]",,,,246799m 45p 3349s 7z,,,,,,,,,,,,,,
20260409110743_0100_024,20260409110743_0100,20260409110743,,,,,0100,3,QryanQ,6,2m,risekichu_hokan_tsumogiri,1775700735,817.504,,1,1684.309,"[27,54,86,82,20,34,106,15,5,32,48,135,80]",,,,246799m 45p 3349s 7z,,,,,,,,,,,,,,
20260409110743_0100_025,20260409110743_0100,20260409110743,,,,,0100,0,s6u,109,1z,tsumogiri,1775700741,4470.0,,0,,"[27,54,86,82,20,34,106,15,5,32,48,135,80,109]",,,,246799m 45p 3349s 17z,,,,3,3,4,,0,1z,575pt,9s,574pt,7z,572pt
20260409110743_0100_026,20260409110743_0100,20260409110743,,,,,0100,1,santal,105,9s,tedashi,1775700744,3021.236,,1,1760.389,"[27,54,86,82,20,34,106,15,5,32,48,135,80]",,,,246799m 45p 3349s 7z,,,,,,,,,,,,,,
20260409110743_0100_027,20260409110743_0100,20260409110743,,,,,0100,2,mezzuj-2,51,4p,tedashi,1775700749,3286.063,,0,,"[27,54,86,82,20,34,106,15,5,32,48,135,80]",,,,246799m 45p 3349s 7z,,,,,,,,,,,,,,
20260409110743_0100_028,20260409110743_0100,20260409110743,,,,,0100,3,QryanQ,41,2p,risekichu_hokan_tsumogiri,1775700750,809.239,,0,,"[27,54,86,82,20,34,106,15,5,32,48,135,80]",,,,246799m 45p 3349s 7z,,,,,,,,,,,,,,
20260409110743_0100_029,20260409110743_0100,20260409110743,,,,,0100,0,s6u,106,9s,tedashi,1775700752,1608.582,,0,,"[27,54,86,82,20,34,106,15,5,32,48,135,80,94]",,,,246799m 45p 33469s 7z,,,,3,3,4,,0,,,,,,
20260409110743_0100_030,20260409110743_0100,20260409110743,,,,,0100,1,santal,97,7s,tedashi,1775700756,4029.751,,1,1737.474,"[27,54,86,82,20,34,15,5,32,48,135,80,94]",,,,246799m 45p 3346s 7z,,,,,,,,,,,,,,
20260409110743_0100_031,20260409110743_0100,20260409110743,,,,,0100,2,mezzuj-2,132,7z,tedashi,1775700761,2856.557,,0,,"[27,54,86,82,20,34,15,5,32,48,135,80,94]",,,,246799m 45p 3346s 7z,,,,,,,,,,,,,,
20260409110743_0100_032,20260409110743_0100,20260409110743,,,,,0100,3,QryanQ,36,1p,risekichu_hokan_tsumogiri,1775700761,823.893,,0,,"[27,54,86,82,20,34,15,5,32,48,135,80,94]",,,,246799m 45p 3346s 7z,,,,,,,,,,,,,,
20260409110743_0100_033,20260409110743_0100,20260409110743,,,,,0100,0,s6u,5,2m,tedashi,1775700767,5682.732,,1,3461.201,"[27,54,86,82,20,34,15,5,32,48,135,80,94,69]",,,,246799m 459p 3346s 7z,,,,3,3,4,,0,9p,542pt,7z,542pt,9m,493pt
20260409110743_0100_034,20260409110743_0100,20260409110743,,,,,0100,1,santal,70,9p,tedashi,1775700770,920.845,,0,,"[27,54,86,82,20,34,15,32,48,135,80,94,69]",,,,46799m 459p 3346s 7z,,,,,,,,,,,,,,
20260409110743_0100_035,20260409110743_0100,20260409110743,,,,,0100,2,mezzuj-2,100,8s,tedashi,1775700787,16359.449,,0,,"[27,54,86,82,20,34,15,32,48,135,80,94,69]",,,,46799m 459p 3346s 7z,,,,,,,,,,,,,,
20260409110743_0100_036,20260409110743_0100,20260409110743,,,,,0100,3,QryanQ,55,5p,risekichu_hokan_tsumogiri,1775700788,813.489,,0,,"[27,54,86,82,20,34,15,32,48,135,80,94,69]",,,,46799m 459p 3346s 7z,,,,,,,,,,,,,,
20260409110743_0100_037,20260409110743_0100,20260409110743,,,,,0100,0,s6u,69,9p,tedashi,1775700792,4242.758,,0,,"[27,54,86,82,20,34,15,32,48,135,80,94,69,46]",,,,46799m 3459p 3346s 7z,,,,2,2,4,,0,7z,552pt,9p,551pt,4m,452pt
20260409110743_0100_038,20260409110743_0100,20260409110743,,,,,0100,1,santal,77,2s,risekichu_hokan_tsumogiri,1775700794,2197.589,,0,,"[27,54,86,82,20,34,15,32,48,135,80,94,46]",,,,46799m 345p 3346s 7z,,,,,,,,,,,,,,
20260409110743_0100_039,20260409110743_0100,20260409110743,,,,,0100,2,mezzuj-2,107,9s,tedashi,1775700797,3293.36,,0,,"[27,54,86,82,20,34,15,32,48,135,80,94,46]",,,,46799m 345p 3346s 7z,,,,,,,,,,,,,,
20260409110743_0100_040,20260409110743_0100,20260409110743,,,,,0100,3,QryanQ,59,6p,risekichu_hokan_tsumogiri,1775700798,720.659,,1,2037.506,"[27,54,86,82,20,34,15,32,48,135,80,94,46]",,,,46799m 345p 3346s 7z,,,,,,,,,,,,,,
20260409110743_0100_041,20260409110743_0100,20260409110743,,,,,0100,0,s6u,133,7z,tsumogiri,1775700801,1225.799,,0,,"[27,54,86,82,20,34,15,32,48,135,80,94,46,133]",,,,46799m 345p 3346s 77z,,,,2,2,3,,0,6s,454pt,7z,428pt,4m,418pt
20260409110743_0100_042,20260409110743_0100,20260409110743,,,,,0100,1,santal,66,8p,risekichu_hokan_tsumogiri,1775700804,2282.802,,1,2232.381,"[27,54,86,82,20,34,15,32,48,135,80,94,46]",,,,46799m 345p 3346s 7z,,,,,,,,,,,,,,
20260409110743_0100_043,20260409110743_0100,20260409110743,,,,,0100,2,mezzuj-2,99,7s,tedashi,1775700809,3565.401,,0,,"[27,54,86,82,20,34,15,32,48,135,80,94,46]",,,,46799m 345p 3346s 7z,,,,,,,,,,,,,,
20260409110743_0100_044,20260409110743_0100,20260409110743,,,,,0100,3,QryanQ,104,9s,risekichu_hokan_tsumogiri,1775700810,796.148,,0,,"[27,54,86,82,20,34,15,32,48,135,80,94,46]",,,,46799m 345p 3346s 7z,,,,,,,,,,,,,,
20260409110743_0100_045,20260409110743_0100,20260409110743,,,,,0100,0,s6u,135,7z,tedashi,1775700814,4152.664,,0,,"[27,54,86,82,20,34,15,32,48,135,80,94,46,45]",,,,46799m 3345p 3346s 7z,,,,2,2,3,,0,7z,355pt,3p,330pt,4m,310pt
20260409110743_0100_046,20260409110743_0100,20260409110743,,,,,0100,1,santal,62,7p,risekichu_hokan_tsumogiri,1775700816,1825.905,,0,,"[27,54,86,82,20,34,15,32,48,80,94,46,45]",,,,46799m 3345p 3346s,,,,,,,,,,,,,,
20260409110743_0100_047,20260409110743_0100,20260409110743,,,,,0100,2,mezzuj-2,3,1m,risekichu_hokan_tsumogiri,1775700820,3809.962,,0,,"[27,54,86,82,20,34,15,32,48,80,94,46,45]",,,,46799m 3345p 3346s,,,,,,,,,,,,,,
20260409110743_0100_048,20260409110743_0100,20260409110743,,,,,0100,3,QryanQ,9,3m,risekichu_hokan_tsumogiri,1775700821,811.571,,0,,"[27,54,86,82,20,34,15,32,48,80,94,46,45]",,,,46799m 3345p 3346s,,,,,,,,,,,,,,
20260409110743_0100_049,20260409110743_0100,20260409110743,,,,,0100,0,s6u,121,4z,tsumogiri,1775700824,3222.845,,0,,"[27,54,86,82,20,34,15,32,48,80,94,46,45,121]",,,,46799m 3345p 3346s 4z,,,,2,2,3,,0,4z,242pt,3p,223pt,4m,213pt
20260409110743_0100_050,20260409110743_0100,20260409110743,,,,,0100,1,santal,85,4s,risekichu_hokan_tsumogiri,1775700827,2850.68,,1,1884.418,"[27,54,86,82,20,34,15,32,48,80,94,46,45]",,,,46799m 3345p 3346s,,,,,,,,,,,,,,
20260409110743_0100_051,20260409110743_0100,20260409110743,,,,,0100,2,mezzuj-2,61,7p,tedashi,1775700834,5643.088,,0,,"[27,54,86,82,20,34,15,32,48,80,94,46,45]",,,,46799m 3345p 3346s,,,,,,,,,,,,,,
20260409110743_0100_052,20260409110743_0100,20260409110743,,,,,0100,3,QryanQ,117,3z,risekichu_hokan_tsumogiri,1775700835,727.68,,0,,"[27,54,86,82,20,34,15,32,48,80,94,46,45]",,,,46799m 3345p 3346s,,,,,,,,,,,,,,
20260409110743_0100_053,20260409110743_0100,20260409110743,,,,,0100,0,s6u,86,4s,tedashi,1775700837,2269.073,,0,,"[27,54,86,82,20,34,15,32,48,80,94,46,45,18]",,,,456799m 3345p 3346s,,,,1,1,3,,0,3p,523pt,9m,442pt,6s,404pt
20260409110743_0200_000,20260409110743_0200,20260409110743,,,,,0200,0,s6u,121,4z,tedashi,1775700847,,,0,,"[3,135,34,96,103,74,38,105,29,64,121,113,98,45]",,,,189m 138p 17789s 247z,,,,4,4,5,,0,,,,,,
20260409110743_0200_001,20260409110743_0200,20260409110743,,,,,0200,1,santal,72,1s,tedashi,1775700849,1602.397,,0,,"[3,135,34,96,103,74,38,105,29,64,113,98,45]",,,,189m 138p 17789s 27z,,,,,,,,,,,,,,
20260409110743_0200_002,20260409110743_0200,20260409110743,,,,,0200,2,mezzuj-2,114,2z,tedashi,1775700851,2214.671,,0,,"[3,135,34,96,103,74,38,105,29,64,113,98,45]",,,,189m 138p 17789s 27z,,,,,,,,,,,,,,
20260409110743_0200_003,20260409110743_0200,20260409110743,,,,,0200,3,QryanQ,119,3z,tedashi,1775700855,4436.423,,0,,"[3,135,34,96,103,74,38,105,29,64,113,98,45]",,,,189m 138p 17789s 27z,,,,,,,,,,,,,,
20260409110743_0200_004,20260409110743_0200,20260409110743,,,,,0200,0,s6u,113,2z,tedashi,1775700864,8494.913,,0,,"[3,135,34,96,103,74,38,105,29,64,113,98,45,13]",,,,1489m 138p 17789s 27z,,,,4,4,5,,0,,,,,,
20260409110743_0200_005,20260409110743_0200,20260409110743,,,,,0200,1,santal,130,6z,tedashi,1775700866,2496.998,,0,,"[3,135,34,96,103,74,38,105,29,64,98,45,13]",,,,1489m 138p 17789s 7z,,,,,,,,,,,,,,
20260409110743_0200_006,20260409110743_0200,20260409110743,,,,,0200,2,mezzuj-2,111,1z,tedashi,1775700868,2131.836,,0,,"[3,135,34,96,103,74,38,105,29,64,98,45,13]",,,,1489m 138p 17789s 7z,,,,,,,,,,,,,,
20260409110743_0200_007,20260409110743_0200,20260409110743,,,,,0200,3,QryanQ,109,1z,risekichu_hokan_tsumogiri,1775700871,2376.686,,0,,"[3,135,34,96,103,74,38,105,29,64,98,45,13]",,,,1489m 138p 17789s 7z,,,,,,,,,,,,,,
20260409110743_0200_008,20260409110743_0200,20260409110743,,,,,0200,0,s6u,135,7z,tedashi,1775700875,4123.902,,0,,"[3,135,34,96,103,74,38,105,29,64,98,45,13,1]",,,,11489m 138p 17789s 7z,,,,3,3,4,,0,7z,1424pt,1s,1407pt,7s,1368pt
20260409110743_0200_009,20260409110743_0200,20260409110743,,,,,0200,1,santal,133,7z,risekichu_hokan_tsumogiri,1775700877,1824.675,,0,,"[3,34,96,103,74,38,105,29,64,98,45,13,1]",,,,11489m 138p 17789s,,,,,,,,,,,,,,
20260409110743_0200_010,20260409110743_0200,20260409110743,,,,,0200,2,mezzuj-2,47,3p,risekichu_hokan_tsumogiri,1775700883,6400.059,,0,,"[3,34,96,103,74,38,105,29,64,98,45,13,1]",,,,11489m 138p 17789s,,,,,,,,,,,,,,
20260409110743_0200_011,20260409110743_0200,20260409110743,,,,,0200,3,QryanQ,118,3z,tedashi,1775700886,2576.437,,0,,"[3,34,96,103,74,38,105,29,64,98,45,13,1]",,,,11489m 138p 17789s,,,,,,,,,,,,,,
20260409110743_0200_012,20260409110743_0200,20260409110743,,,,,0200,0,s6u,74,1s,tedashi,1775700893,7226.975,,0,,"[3,34,96,103,74,38,105,29,64,98,45,13,1,12]",,,,114489m 138p 17789s,,,,2,2,3,,0,1s,1073pt,7s,1017pt,4m,953pt
20260409110743_0200_013,20260409110743_0200,20260409110743,,,,,0200,1,santal,41,2p,tedashi,1775700896,3297.668,,0,,"[3,34,96,103,38,105,29,64,98,45,13,1,12]",,,,114489m 138p 7789s,,,,,,,,,,,,,,
20260409110743_0200_014,20260409110743_0200,20260409110743,,,,,0200,2,mezzuj-2,129,6z,risekichu_hokan_tsumogiri,1775700899,3291.872,,0,,"[3,34,96,103,38,105,29,64,98,45,13,1,12]",,,,114489m 138p 7789s,,,,,,,,,,,,,,
20260409110743_0200_015,20260409110743_0200,20260409110743,,,,,0200,3,QryanQ,43,2p,tedashi,1775700901,1905.614,,6,208.231,"[3,34,96,103,38,105,29,64,98,45,13,1,12]",,,,114489m 138p 7789s,,,,,,,,,,,,,,
20260409110743_0200_016,20260409110743_0200,20260409110743,,,,,0200,0,s6u,124,5z,tsumogiri,1775700903,1859.241,,0,,"[3,34,96,103,38,105,29,64,98,45,13,1,12,124]",,,,114489m 138p 7789s 5z,,,,2,2,3,,0,5z,741pt,8p,649pt,1p,637pt
20260409110743_0200_017,20260409110743_0200,20260409110743,,,,,0200,1,santal,36,1p,tedashi,1775700906,2069.232,,0,,"[3,34,96,103,38,105,29,64,98,45,13,1,12]",,,,114489m 138p 7789s,,,,,,,,,,,,,,
20260409110743_0200_018,20260409110743_0200,20260409110743,,,,,0200,2,mezzuj-2,116,3z,risekichu_hokan_tsumogiri,1775700910,4191.006,,0,,"[3,34,96,103,38,105,29,64,98,45,13,1,12]",,,,114489m 138p 7789s,,,,,,,,,,,,,,
20260409110743_0200_019,20260409110743_0200,20260409110743,,,,,0200,3,QryanQ,112,2z,tedashi,1775700915,5431.954,,0,,"[3,34,96,103,38,105,29,64,98,45,13,1,12]",,,,114489m 138p 7789s,,,,,,,,,,,,,,
20260409110743_0200_020,20260409110743_0200,20260409110743,,,,,0200,0,s6u,64,8p,tedashi,1775700917,1919.975,,0,,"[3,34,96,103,38,105,29,64,98,45,13,1,12,0]",,,,1114489m 138p 7789s,,,,1,1,3,,0,1p,1240pt,3p,1204pt,7s,1203pt
20260409110743_0200_021,20260409110743_0200,20260409110743,,,,,0200,1,santal,66,8p,tedashi,1775700923,6338.484,,1,1616.435,"[3,34,96,103,38,105,29,98,45,13,1,12,0]",,,,1114489m 13p 7789s,,,,,,,,,,,,,,
20260409110743_0200_022,20260409110743_0200,20260409110743,,,,,0200,2,mezzuj-2,125,5z,tedashi,1775700928,2922.744,,0,,"[3,34,96,103,38,105,29,98,45,13,1,12,0]",,,,1114489m 13p 7789s,,,,,,,,,,,,,,
20260409110743_0200_023,20260409110743_0200,20260409110743,,,,,0200,3,QryanQ,51,4p,risekichu_hokan_tsumogiri,1775700930,1673.347,,0,,"[3,34,96,103,38,105,29,98,45,13,1,12,0]",,,,1114489m 13p 7789s,,,,,,,,,,,,,,
20260409110743_0200_024,20260409110743_0200,20260409110743,,,,,0200,0,s6u,98,7s,tedashi,1775700935,5741.687,,0,,"[3,34,96,103,38,105,29,98,45,13,1,12,0,18]",,,,11144589m 13p 7789s,,,,1,1,3,,0,7s,1104pt,1p,1088pt,3p,1068pt
20260409110743_0200_025,20260409110743_0200,20260409110743,,,,,0200,1,santal,75,1s,risekichu_hokan_tsumogiri,1775700938,3024.772,,0,,"[3,34,96,103,38,105,29,45,13,1,12,0,18]",,,,11144589m 13p 789s,,,,,,,,,,,,,,
20260409110743_0200_026,20260409110743_0200,20260409110743,,,,,0200,2,mezzuj-2,107,9s,tedashi,1775700941,2707.035,,0,,"[3,34,96,103,38,105,29,45,13,1,12,0,18]",,,,11144589m 13p 789s,,,,,,,,,,,,,,
20260409110743_0200_027,20260409110743_0200,20260409110743,,,,,0200,3,QryanQ,31,8m,tedashi,1775700943,2147.185,,0,,"[3,34,96,103,38,105,29,45,13,1,12,0,18]",,,,11144589m 13p 789s,,,,,,,,,,,,,,
20260409110743_0200_028,20260409110743_0200,20260409110743,,,,,0200,0,s6u,90,5s,tsumogiri,1775700950,7216.2,,1,3123.692,"[3,34,96,103,38,105,29,45,13,1,12,0,18,90]",,,,11144589m 13p 5789s,,,,1,1,4,,0,1p,1056pt,3p,1041pt,5s,1013pt
20260409110743_0200_029,20260409110743_0200,20260409110743,,,,,0200,3,QryanQ,92,6s,tedashi,1775700954,860.169,,1,1766.563,"[3,34,96,103,38,105,29,45,13,1,12,0,18]",,,,11144589m 13p 789s,,,,,,,,,,,,,,
20260409110743_0200_030,20260409110743_0200,20260409110743,,,,,0200,0,s6u,102,8s,tsumogiri,1775700957,1337.037,,6,388.846,"[3,34,96,103,38,105,29,45,13,1,12,0,18,102]",,,,11144589m 13p 7889s,,,,1,1,3,,0,8s,1110pt,1p,981pt,4m,977pt
20260409110743_0200_031,20260409110743_0200,20260409110743,,,,,0200,1,santal,70,9p,tedashi,1775700959,1802.257,,1,1673.493,"[3,34,96,103,38,105,29,45,13,1,12,0,18]",,,,11144589m 13p 789s,,,,,,,,,,,,,,
20260409110743_0200_032,20260409110743_0200,20260409110743,,,,,0200,2,mezzuj-2,82,3s,tedashi,1775700963,2313.602,,0,,"[3,34,96,103,38,105,29,45,13,1,12,0,18]",,,,11144589m 13p 789s,,,,,,,,,,,,,,
20260409110743_0200_033,20260409110743_0200,20260409110743,,,,,0200,3,QryanQ,63,7p,tedashi,1775700965,1779.006,,0,,"[3,34,96,103,38,105,29,45,13,1,12,0,18]",,,,11144589m 13p 789s,,,,,,,,,,,,,,
20260409110743_0200_034,20260409110743_0200,20260409110743,,,,,0200,0,s6u,58,6p,tsumogiri,1775700968,3587.038,,0,,"[3,34,96,103,38,105,29,45,13,1,12,0,18,58]",,,,11144589m 136p 789s,,,,1,1,4,,0,6p,1027pt,1p,1021pt,3p,1007pt
20260409110743_0200_035,20260409110743_0200,20260409110743,,,,,0200,1,santal,122,4z,risekichu_hokan_tsumogiri,1775700970,1818.27,,0,,"[3,34,96,103,38,105,29,45,13,1,12,0,18]",,,,11144589m 13p 789s,,,,,,,,,,,,,,
20260409110743_0200_036,20260409110743_0200,20260409110743,,,,,0200,2,mezzuj-2,86,4s,risekichu_hokan_tsumogiri,1775700973,2501.604,,0,,"[3,34,96,103,38,105,29,45,13,1,12,0,18]",,,,11144589m 13p 789s,,,,,,,,,,,,,,
20260409110743_0200_037,20260409110743_0200,20260409110743,,,,,0200,3,QryanQ,27,7m,risekichu_hokan_tsumogiri,1775700974,1732.898,,6,206.934,"[3,34,96,103,38,105,29,45,13,1,12,0,18]",,,,11144589m 13p 789s,,,,,,,,,,,,,,
20260409110743_0200_038,20260409110743_0200,20260409110743,,,,,0200,0,s6u,45,3p,tedashi,1775700978,3527.207,,0,,"[3,34,96,103,38,105,29,45,13,1,12,0,18,37]",,,,11144589m 113p 789s,,,,1,1,3,,0,3p,1689pt,9m,1610pt,4m,1564pt
20260409110743_0200_039,20260409110743_0200,20260409110743,,,,,0200,1,santal,108,1z,tedashi,1775700981,2797.381,,0,,"[3,34,96,103,38,105,29,13,1,12,0,18,37]",,,,11144589m 11p 789s,,,,,,,,,,,,,,
20260409110743_0200_040,20260409110743_0200,20260409110743,,,,,0200,2,mezzuj-2,62,7p,tedashi,1775700986,5601.005,,1,927.536,"[3,34,96,103,38,105,29,13,1,12,0,18,37]",,,,11144589m 11p 789s,,,,,,,,,,,,,,
20260409110743_0200_041,20260409110743_0200,20260409110743,,,,,0200,3,QryanQ,39,1p,risekichu_hokan_tsumogiri,1775700988,908.245,,6,209.281,"[3,34,96,103,38,105,29,13,1,12,0,18,37]",,,,11144589m 11p 789s,,,,,,,,,,,,,,
20260409110743_0200_042,20260409110743_0200,20260409110743,,,,,0200,0,s6u,29,8m,tedashi,1775700993,5027.784,,0,,"[3,34,96,103,38,105,29,13,1,12,0,18,37,128]",,,,11144589m 11p 789s 6z,,,,1,1,3,,0,6z,1431pt,4m,1281pt,9m,1146pt
20260409110743_0200_043,20260409110743_0200,20260409110743,,,,,0200,1,santal,87,4s,tedashi,1775700999,5832.659,,0,,"[3,34,96,103,38,105,13,1,12,0,18,37,128]",,,,1114459m 11p 789s 6z,,,,,,,,,,,,,,
20260409110743_0200_044,20260409110743_0200,20260409110743,,,,,0200,2,mezzuj-2,42,2p,tedashi,1775701003,3489.858,,0,,"[3,34,96,103,38,105,13,1,12,0,18,37,128]",,,,1114459m 11p 789s 6z,,,,,,,,,,,,,,
20260409110743_0200_045,20260409110743_0200,20260409110743,,,,,0200,3,QryanQ,84,4s,risekichu_hokan_tsumogiri,1775701004,1480.137,,0,,"[3,34,96,103,38,105,13,1,12,0,18,37,128]",,,,1114459m 11p 789s 6z,,,,,,,,,,,,,,
20260409110743_0200_046,20260409110743_0200,20260409110743,,,,,0200,0,s6u,34,9m,tedashi,1775701007,2335.835,,1,1832.722,"[3,34,96,103,38,105,13,1,12,0,18,37,128,127]",,,,1114459m 11p 789s 56z,,,,2,2,3,,0,,,,,,
20260409110743_0200_047,20260409110743_0200,20260409110743,,,,,0200,1,santal,76,2s,risekichu_hokan_tsumogiri,1775701010,1377.759,,1,1008.726,"[3,96,103,38,105,13,1,12,0,18,37,128,127]",,,,111445m 11p 789s 56z,,,,,,,,,,,,,,
20260409110743_0200_048,20260409110743_0200,20260409110743,,,,,0200,2,mezzuj-2,46,3p,risekichu_hokan_tsumogiri,1775701014,3349.537,,0,,"[3,96,103,38,105,13,1,12,0,18,37,128,127]",,,,111445m 11p 789s 56z,,,,,,,,,,,,,,
20260409110743_0200_049,20260409110743_0200,20260409110743,,,,,0200,3,QryanQ,5,2m,risekichu_hokan_tsumogiri,1775701016,1930.603,,0,,"[3,96,103,38,105,13,1,12,0,18,37,128,127]",,,,111445m 11p 789s 56z,,,,,,,,,,,,,,
20260409110743_0200_050,20260409110743_0200,20260409110743,,,,,0200,0,s6u,101,8s,tsumogiri,1775701019,2429.458,,6,370.688,"[3,96,103,38,105,13,1,12,0,18,37,128,127,101]",,,,111445m 11p 7889s 56z,,,,2,2,2,,0,,,,,,
20260409110743_0200_051,20260409110743_0200,20260409110743,,,,,0200,1,santal,97,7s,tedashi,1775701036,16647.219,,2,4195.571,"[3,96,103,38,105,13,1,12,0,18,37,128,127]",,,,111445m 11p 789s 56z,,,,,,,,,,,,,,
20260409110743_0200_052,20260409110743_0200,20260409110743,,,,,0200,2,mezzuj-2,16,r5m,tedashi,1775701047,7474.986,,1,981.329,"[3,96,103,38,105,13,1,12,0,18,37,128,127]",,,,111445m 11p 789s 56z,,,,,,,,,,,,,,
20260409110743_0200_053,20260409110743_0200,20260409110743,,,,,0200,3,QryanQ,44,3p,risekichu_hokan_tsumogiri,1775701049,1079.729,,0,,"[3,96,103,38,105,13,1,12,0,18,37,128,127]",,,,111445m 11p 789s 56z,,,,,,,,,,,,,,
20260409110743_0200_054,20260409110743_0200,20260409110743,,,,,0200,0,s6u,18,5m,tedashi,1775701052,3091.27,,6,309.092,"[3,96,103,38,105,13,1,12,0,18,37,128,127,123]",,,,111445m 11p 789s 456z,,,,2,2,3,,0,,,,,,
20260409110743_0200_055,20260409110743_0200,20260409110743,,,,,0200,1,santal,106,9s,tedashi,1775701055,2360.638,,0,,"[3,96,103,38,105,13,1,12,0,37,128,127,123]",,,,11144m 11p 789s 456z,,,,,,,,,,,,,,
20260409110743_0200_056,20260409110743_0200,20260409110743,,,,,0200,2,mezzuj-2,81,3s,risekichu_hokan_tsumogiri,1775701060,4569.044,,0,,"[3,96,103,38,105,13,1,12,0,37,128,127,123]",,,,11144m 11p 789s 456z,,,,,,,,,,,,,,
20260409110743_0200_057,20260409110743_0200,20260409110743,,,,,0200,3,QryanQ,73,1s,risekichu_hokan_tsumogiri,1775701061,1450.383,,0,,"[3,96,103,38,105,13,1,12,0,37,128,127,123]",,,,11144m 11p 789s 456z,,,,,,,,,,,,,,
20260409110743_0200_058,20260409110743_0200,20260409110743,,,,,0200,0,s6u,50,4p,tsumogiri,1775701066,5031.675,,6,376.642,"[3,96,103,38,105,13,1,12,0,37,128,127,123,50]",,,,11144m 114p 789s 456z,,,,2,2,3,,0,,,,,,
20260409110743_0200_059,20260409110743_0200,20260409110743,,,,,0200,1,santal,132,7z,risekichu_hokan_tsumogiri,1775701068,1522.225,,0,,"[3,96,103,38,105,13,1,12,0,37,128,127,123]",,,,11144m 11p 789s 456z,,,,,,,,,,,,,,
20260409110743_0200_060,20260409110743_0200,20260409110743,,,,,0200,2,mezzuj-2,33,9m,tedashi,1775701072,4211.262,,1,1125.552,"[3,96,103,38,105,13,1,12,0,37,128,127,123]",,,,11144m 11p 789s 456z,,,,,,,,,,,,,,
20260409110743_0200_061,20260409110743_0200,20260409110743,,,,,0200,3,QryanQ,85,4s,risekichu_hokan_tsumogiri,1775701074,1002.4,,0,,"[3,96,103,38,105,13,1,12,0,37,128,127,123]",,,,11144m 11p 789s 456z,,,,,,,,,,,,,,
20260409110743_0200_062,20260409110743_0200,20260409110743,,,,,0200,0,s6u,128,6z,tedashi,1775701079,5126.19,,0,,"[3,96,103,38,105,13,1,12,0,37,128,127,123,79]",,,,11144m 11p 2789s 456z,,,,2,2,3,,0,,,,,,
20260409110743_0200_063,20260409110743_0200,20260409110743,,,,,0200,1,santal,40,2p,risekichu_hokan_tsumogiri,1775701082,2065.104,,0,,"[3,96,103,38,105,13,1,12,0,37,127,123,79]",,,,11144m 11p 2789s 45z,,,,,,,,,,,,,,
20260409110743_0200_064,20260409110743_0200,20260409110743,,,,,0200,2,mezzuj-2,99,7s,risekichu_hokan_tsumogiri,1775701085,3790.43,,0,,"[3,96,103,38,105,13,1,12,0,37,127,123,79]",,,,11144m 11p 2789s 45z,,,,,,,,,,,,,,
20260409110743_0200_065,20260409110743_0200,20260409110743,,,,,0200,3,QryanQ,48,4p,risekichu_hokan_tsumogiri,1775701087,1369.969,,0,,"[3,96,103,38,105,13,1,12,0,37,127,123,79]",,,,11144m 11p 2789s 45z,,,,,,,,,,,,,,
20260409110743_0200_066,20260409110743_0200,20260409110743,,,,,0200,0,s6u,123,4z,tedashi,1775701098,11169.229,,0,,"[3,96,103,38,105,13,1,12,0,37,127,123,79,2]",,,,111144m 11p 2789s 45z,,,,2,2,3,,0,,,,,,
20260409110743_0200_067,20260409110743_0200,20260409110743,,,,,0200,1,santal,89,5s,risekichu_hokan_tsumogiri,1775701100,2007.34,,0,,"[3,96,103,38,105,13,1,12,0,37,127,79,2]",,,,111144m 11p 2789s 5z,,,,,,,,,,,,,,
20260409110743_0200_068,20260409110743_0200,20260409110743,,,,,0200,2,mezzuj-2,134,7z,tedashi,1775701104,4094.649,,0,,"[3,96,103,38,105,13,1,12,0,37,127,79,2]",,,,111144m 11p 2789s 5z,,,,,,,,,,,,,,
20260409110743_0200_069,20260409110743_0200,20260409110743,,,,,0200,3,QryanQ,49,4p,risekichu_hokan_tsumogiri,1775701106,1763.016,,0,,"[3,96,103,38,105,13,1,12,0,37,127,79,2]",,,,111144m 11p 2789s 5z,,,,,,,,,,,,,,
20260409110743_0200_070,20260409110743_0200,20260409110743,,,,,0200,0,s6u,120,4z,tsumogiri,1775701110,3814.36,,0,,"[3,96,103,38,105,13,1,12,0,37,127,79,2,120]",,,,111144m 11p 2789s 45z,,,,2,2,3,,0,,,,,,
20260409110743_0200_071,20260409110743_0200,20260409110743,,,,,0200,1,santal,19,5m,tedashi,1775701116,6907.065,,0,,"[3,96,103,38,105,13,1,12,0,37,127,79,2]",,,,111144m 11p 2789s 5z,,,,,,,,,,,,,,
20260409110743_0301_000,20260409110743_0301,20260409110743,,,,,0301,1,santal,115,2z,tedashi,1775701131,,,0,,"[39,114,78,73,128,49,70,32,93,133,92,40,110]",,,,9m 1249p 1266s 1267z,,,,,,,,,,,,,,
20260409110743_0301_001,20260409110743_0301,20260409110743,,,,,0301,2,mezzuj-2,72,1s,tedashi,1775701135,3167.849,,0,,"[39,114,78,73,128,49,70,32,93,133,92,40,110]",,,,9m 1249p 1266s 1267z,,,,,,,,,,,,,,
20260409110743_0301_002,20260409110743_0301,20260409110743,,,,,0301,3,QryanQ,113,2z,tedashi,1775701138,3584.24,,0,,"[39,114,78,73,128,49,70,32,93,133,92,40,110]",,,,9m 1249p 1266s 1267z,,,,,,,,,,,,,,
20260409110743_0301_003,20260409110743_0301,20260409110743,,,,,0301,0,s6u,114,2z,tedashi,1775701140,1331.202,,0,,"[39,114,78,73,128,49,70,32,93,133,92,40,110,60]",,,,9m 12479p 1266s 1267z,,,,4,4,5,,0,,,,,,
20260409110743_0301_004,20260409110743_0301,20260409110743,,,,,0301,1,santal,125,5z,risekichu_hokan_tsumogiri,1775701142,2458.417,,0,,"[39,78,73,128,49,70,32,93,133,92,40,110,60]",,,,9m 12479p 1266s 167z,,,,,,,,,,,,,,
20260409110743_0301_005,20260409110743_0301,20260409110743,,,,,0301,2,mezzuj-2,122,4z,tedashi,1775701144,1978.38,,0,,"[39,78,73,128,49,70,32,93,133,92,40,110,60]",,,,9m 12479p 1266s 167z,,,,,,,,,,,,,,
20260409110743_0301_006,20260409110743_0301,20260409110743,,,,,0301,3,QryanQ,124,5z,tedashi,1775701146,1973.021,,0,,"[39,78,73,128,49,70,32,93,133,92,40,110,60]",,,,9m 12479p 1266s 167z,,,,,,,,,,,,,,
20260409110743_0301_007,20260409110743_0301,20260409110743,,,,,0301,0,s6u,110,1z,tedashi,1775701150,4224.684,,0,,"[39,78,73,128,49,70,32,93,133,92,40,110,60,63]",,,,9m 124779p 1266s 167z,,,,4,4,4,,0,,,,,,
20260409110743_0301_008,20260409110743_0301,20260409110743,,,,,0301,1,santal,135,7z,tedashi,1775701153,2704.166,,0,,"[39,78,73,128,49,70,32,93,133,92,40,60,63]",,,,9m 124779p 1266s 67z,,,,,,,,,,,,,,
20260409110743_0301_009,20260409110743_0301,20260409110743,,,,,0301,2,mezzuj-2,30,8m,tedashi,1775701157,3760.35,,0,,"[39,78,73,128,49,70,32,93,133,92,40,60,63]",,,,9m 124779p 1266s 67z,,,,,,,,,,,,,,
20260409110743_0301_010,20260409110743_0301,20260409110743,,,,,0301,3,QryanQ,36,1p,tedashi,1775701158,1853.013,,0,,"[39,78,73,128,49,70,32,93,133,92,40,60,63]",,,,9m 124779p 1266s 67z,,,,,,,,,,,,,,
20260409110743_0301_011,20260409110743_0301,20260409110743,,,,,0301,0,s6u,133,7z,tedashi,1775701163,4878.642,,0,,"[39,78,73,128,49,70,32,93,133,92,40,60,63,91]",,,,9m 124779p 12566s 67z,,,,4,4,4,,0,,,,,,
20260409110743_0301_012,20260409110743_0301,20260409110743,,,,,0301,1,santal,66,8p,tedashi,1775701173,9769.769,,0,,"[39,78,73,128,49,70,32,93,92,40,60,63,91]",,,,9m 124779p 12566s 6z,,,,,,,,,,,,,,
20260409110743_0301_013,20260409110743_0301,20260409110743,,,,,0301,2,mezzuj-2,1,1m,risekichu_hokan_tsumogiri,1775701175,1999.722,,1,1232.024,"[39,78,73,128,49,70,32,93,92,40,60,63,91]",,,,9m 124779p 12566s 6z,,,,,,,,,,,,,,
20260409110743_0301_014,20260409110743_0301,20260409110743,,,,,0301,3,QryanQ,34,9m,tedashi,1775701179,2705.101,,0,,"[39,78,73,128,49,70,32,93,92,40,60,63,91]",,,,9m 124779p 12566s 6z,,,,,,,,,,,,,,
20260409110743_0301_015,20260409110743_0301,20260409110743,,,,,0301,0,s6u,32,9m,tedashi,1775701183,3592.958,,1,1423.168,"[39,78,73,128,49,70,32,93,92,40,60,63,91,55]",,,,9m 1245779p 12566s 6z,,,,3,3,4,,0,,,,,,
20260409110743_0301_016,20260409110743_0301,20260409110743,,,,,0301,1,santal,75,1s,risekichu_hokan_tsumogiri,1775701189,4524.297,,0,,"[39,78,73,128,49,70,93,92,40,60,63,91,55]",,,,1245779p 12566s 6z,,,,,,,,,,,,,,
20260409110743_0301_017,20260409110743_0301,20260409110743,,,,,0301,2,mezzuj-2,85,4s,tedashi,1775701194,5615.965,,1,939.119,"[39,78,73,128,49,70,93,92,40,60,63,91,55]",,,,1245779p 12566s 6z,,,,,,,,,,,,,,
20260409110743_0301_018,20260409110743_0301,20260409110743,,,,,0301,3,QryanQ,87,4s,tedashi,1775701196,1325.666,,6,206.696,"[39,78,73,128,49,70,93,92,40,60,63,91,55]",,,,1245779p 12566s 6z,,,,,,,,,,,,,,
20260409110743_0301_019,20260409110743_0301,20260409110743,,,,,0301,0,s6u,40,2p,tedashi,1775701204,7710.721,,0,,"[39,78,73,128,49,70,93,92,40,60,63,91,55,123]",,,,1245779p 12566s 46z,,,,3,3,4,,0,,,,,,
20260409110743_0301_020,20260409110743_0301,20260409110743,,,,,0301,1,santal,121,4z,risekichu_hokan_tsumogiri,1775701206,1924.121,,0,,"[39,78,73,128,49,70,93,92,60,63,91,55,123]",,,,145779p 12566s 46z,,,,,,,,,,,,,,
20260409110743_0301_021,20260409110743_0301,20260409110743,,,,,0301,2,mezzuj-2,67,8p,tedashi,1775701217,11050.231,,0,,"[39,78,73,128,49,70,93,92,60,63,91,55,123]",,,,145779p 12566s 46z,,,,,,,,,,,,,,
20260409110743_0301_022,20260409110743_0301,20260409110743,,,,,0301,3,QryanQ,120,4z,tedashi,1775701222,4882.508,,0,,"[39,78,73,128,49,70,93,92,60,63,91,55,123]",,,,145779p 12566s 46z,,,,,,,,,,,,,,
20260409110743_0301_023,20260409110743_0301,20260409110743,,,,,0301,0,s6u,134,7z,tsumogiri,1775701228,5359.992,,0,,"[39,78,73,128,49,70,93,92,60,63,91,55,123,134]",,,,145779p 12566s 467z,,,,4,4,4,,0,,,,,,
20260409110743_0301_024,20260409110743_0301,20260409110743,,,,,0301,1,santal,51,4p,risekichu_hokan_tsumogiri,1775701230,2056.359,,0,,"[39,78,73,128,49,70,93,92,60,63,91,55,123]",,,,145779p 12566s 46z,,,,,,,,,,,,,,
20260409110743_0301_025,20260409110743_0301,20260409110743,,,,,0301,2,mezzuj-2,126,5z,risekichu_hokan_tsumogiri,1775701232,2155.28,,0,,"[39,78,73,128,49,70,93,92,60,63,91,55,123]",,,,145779p 12566s 46z,,,,,,,,,,,,,,
20260409110743_0301_026,20260409110743_0301,20260409110743,,,,,0301,3,QryanQ,46,3p,tedashi,1775701236,3973.511,,1,6634.023,"[39,78,73,128,49,70,93,92,60,63,91,55,123]",,,,145779p 12566s 46z,,,,,,,,,,,,,,
20260409110743_0301_027,20260409110743_0301,20260409110743,,,,,0301,0,s6u,39,1p,tedashi,1775701245,2881.129,,0,,"[39,78,73,128,49,70,93,92,60,63,91,55,123,47]",,,,1345779p 12566s 46z,,,,3,3,4,,0,,,,,,
20260409110743_0301_028,20260409110743_0301,20260409110743,,,,,0301,1,santal,43,2p,tedashi,1775701252,6848.018,,0,,"[78,73,128,49,70,93,92,60,63,91,55,123,47]",,,,345779p 12566s 46z,,,,,,,,,,,,,,
20260409110743_0301_029,20260409110743_0301,20260409110743,,,,,0301,2,mezzuj-2,111,1z,risekichu_hokan_tsumogiri,1775701254,1987.348,,0,,"[78,73,128,49,70,93,92,60,63,91,55,123,47]",,,,345779p 12566s 46z,,,,,,,,,,,,,,
20260409110743_0301_030,20260409110743_0301,20260409110743,,,,,0301,3,QryanQ,18,5m,tedashi,1775701260,5868.806,,0,,"[78,73,128,49,70,93,92,60,63,91,55,123,47]",,,,345779p 12566s 46z,,,,,,,,,,,,,,
20260409110743_0301_031,20260409110743_0301,20260409110743,,,,,0301,0,s6u,118,3z,tsumogiri,1775701264,3686.822,,0,,"[78,73,128,49,70,93,92,60,63,91,55,123,47,118]",,,,345779p 12566s 346z,,,,3,3,4,,0,,,,,,
20260409110743_0301_032,20260409110743_0301,20260409110743,,,,,0301,1,santal,37,1p,tedashi,1775701265,1776.32,,0,,"[78,73,128,49,70,93,92,60,63,91,55,123,47]",,,,345779p 12566s 46z,,,,,,,,,,,,,,
20260409110743_0301_033,20260409110743_0301,20260409110743,,,,,0301,2,mezzuj-2,112,2z,risekichu_hokan_tsumogiri,1775701268,2339.185,,0,,"[78,73,128,49,70,93,92,60,63,91,55,123,47]",,,,345779p 12566s 46z,,,,,,,,,,,,,,
20260409110743_0301_034,20260409110743_0301,20260409110743,,,,,0301,3,QryanQ,102,8s,risekichu_hokan_tsumogiri,1775701270,2198.848,,0,,"[78,73,128,49,70,93,92,60,63,91,55,123,47]",,,,345779p 12566s 46z,,,,,,,,,,,,,,
20260409110743_0301_035,20260409110743_0301,20260409110743,,,,,0301,0,s6u,70,9p,tedashi,1775701280,9909.235,,1,1741.333,"[78,73,128,49,70,93,92,60,63,91,55,123,47,23]",,,,6m 345779p 12566s 46z,,,,3,3,4,,0,,,,,,
20260409110743_0301_036,20260409110743_0301,20260409110743,,,,,0301,1,santal,107,9s,risekichu_hokan_tsumogiri,1775701283,1212.23,,1,1609.198,"[78,73,128,49,93,92,60,63,91,55,123,47,23]",,,,6m 34577p 12566s 46z,,,,,,,,,,,,,,
20260409110743_0301_037,20260409110743_0301,20260409110743,,,,,0301,2,mezzuj-2,62,7p,risekichu_hokan_tsumogiri,1775701288,3850.518,,6,219.615,"[78,73,128,49,93,92,60,63,91,55,123,47,23]",,,,6m 34577p 12566s 46z,,,,,,,,,,,,,,
20260409110743_0301_038,20260409110743_0301,20260409110743,,,,,0301,3,QryanQ,33,9m,risekichu_hokan_tsumogiri,1775701290,1493.276,,0,,"[78,73,128,49,93,92,60,63,91,55,123,47,23]",,,,6m 34577p 12566s 46z,,,,,,,,,,,,,,
20260409110743_0301_039,20260409110743_0301,20260409110743,,,,,0301,0,s6u,108,1z,tsumogiri,1775701296,5980.909,,0,,"[78,73,128,49,93,92,60,63,91,55,123,47,23,108]",,,,6m 34577p 12566s 146z,,,,3,3,4,,0,,,,,,
20260409110743_0301_040,20260409110743_0301,20260409110743,,,,,0301,1,santal,61,7p,risekichu_hokan_tsumogiri,1775701298,2306.141,,6,209.667,"[78,73,128,49,93,92,60,63,91,55,123,47,23]",,,,6m 34577p 12566s 46z,,,,,,,,,,,,,,
20260409110743_0301_041,20260409110743_0301,20260409110743,,,,,0301,2,mezzuj-2,76,2s,tedashi,1775701301,2678.52,,2,3700.149,"[78,73,128,49,93,92,60,63,91,55,123,47,23]",,,,6m 34577p 12566s 46z,,,,,,,,,,,,,,
20260409110743_0301_042,20260409110743_0301,20260409110743,,,,,0301,3,QryanQ,7,2m,tedashi,1775701306,1290.588,,0,,"[78,73,128,49,93,92,60,63,91,55,123,47,23]",,,,6m 34577p 12566s 46z,,,,,,,,,,,,,,
20260409110743_0301_043,20260409110743_0301,20260409110743,,,,,0301,0,s6u,63,7p,tedashi,1775701315,8315.163,,0,,"[78,73,128,49,93,92,60,63,91,55,123,47,23,64]",,,,6m 345778p 12566s 46z,,,,3,3,4,,1,,,,,,
20260409110743_0301_044,20260409110743_0301,20260409110743,,,,,0301,1,santal,116,3z,risekichu_hokan_tsumogiri,1775701317,2526.408,,0,,"[78,73,128,49,93,92,60,91,55,123,47,23,64]",,,,6m 34578p 12566s 46z,,,,,,,,,,,,,,
20260409110743_0301_045,20260409110743_0301,20260409110743,,,,,0301,2,mezzuj-2,95,6s,tedashi,1775701326,9453.953,,1,925.376,"[78,73,128,49,93,92,60,91,55,123,47,23,64]",,,,6m 34578p 12566s 46z,,,,,,,,,,,,,,
20260409110743_0301_046,20260409110743_0301,20260409110743,,,,,0301,3,QryanQ,54,5p,risekichu_hokan_tsumogiri,1775701329,1173.712,,6,198.195,"[78,73,128,49,93,92,60,91,55,123,47,23,64]",,,,6m 34578p 12566s 46z,,,,,,,,,,,,,,
20260409110743_0301_047,20260409110743_0301,20260409110743,,,,,0301,0,s6u,123,4z,tedashi,1775701337,7969.64,,0,,"[78,73,128,49,93,92,60,91,55,123,47,23,64,97]",,,,6m 34578p 125667s 46z,,,,2,2,5,,0,,,,,,
20260409110743_0301_048,20260409110743_0301,20260409110743,,,,,0301,1,santal,74,1s,tedashi,1775701343,6204.656,,0,,"[78,73,128,49,93,92,60,91,55,47,23,64,97]",,,,6m 34578p 125667s 6z,,,,,,,,,,,,,,
20260409110743_0301_049,20260409110743_0301,20260409110743,,,,,0301,2,mezzuj-2,26,7m,risekichu_hokan_tsumogiri,1775701345,2049.041,,0,,"[78,73,128,49,93,92,60,91,55,47,23,64,97]",,,,6m 34578p 125667s 6z,,,,,,,,,,,,,,
20260409110743_0301_050,20260409110743_0301,20260409110743,,,,,0301,3,QryanQ,11,3m,risekichu_hokan_tsumogiri,1775701347,1644.141,,0,,"[78,73,128,49,93,92,60,91,55,47,23,64,97]",,,,6m 34578p 125667s 6z,,,,,,,,,,,,,,
20260409110743_0301_051,20260409110743_0301,20260409110743,,,,,0301,0,s6u,55,5p,tedashi,1775701351,4511.973,,0,,"[78,73,128,49,93,92,60,91,55,47,23,64,97,31]",,,,68m 34578p 125667s 6z,,,,2,2,5,,0,,,,,,
20260409110743_0301_052,20260409110743_0301,20260409110743,,,,,0301,1,santal,103,8s,risekichu_hokan_tsumogiri,1775701354,2670.193,,1,1757.982,"[78,73,128,49,93,92,60,91,47,23,64,97,31]",,,,68m 3478p 125667s 6z,,,,,,,,,,,,,,
20260409110743_0301_053,20260409110743_0301,20260409110743,,,,,0301,2,mezzuj-2,45,3p,tedashi,1775701360,4890.917,,0,,"[78,73,128,49,93,92,60,91,47,23,64,97,31]",,,,68m 3478p 125667s 6z,,,,,,,,,,,,,,
20260409110743_0301_054,20260409110743_0301,20260409110743,,,,,0301,3,QryanQ,48,4p,risekichu_hokan_tsumogiri,1775701362,1425.575,,0,,"[78,73,128,49,93,92,60,91,47,23,64,97,31]",,,,68m 3478p 125667s 6z,,,,,,,,,,,,,,
20260409110743_0400_000,20260409110743_0400,20260409110743,,,,,0400,2,mezzuj-2,123,4z,tedashi,1775701377,,,0,,"[14,70,61,103,113,49,51,55,47,62,71,131,65]",,,,4m 344577899p 8s 26z,,,,,,,,,,,,,,
20260409110743_0400_001,20260409110743_0400,20260409110743,,,,,0400,3,QryanQ,68,9p,tedashi,1775701380,3249.735,,1,3518.241,"[14,70,61,103,113,49,51,55,47,62,71,131,65]",,,,4m 344577899p 8s 26z,,,,,,,,,,,,,,
20260409110743_0400_002,20260409110743_0400,20260409110743,,,,,0400,0,s6u,103,8s,tedashi,1775701385,1595.6,,0,,"[14,70,61,103,113,49,51,55,47,62,71,131,65,88]",,,,4m 344577899p r58s 26z,,,,3,3,3,,0,,,,,,
20260409110743_0400_003,20260409110743_0400,20260409110743,,,,,0400,1,santal,73,1s,tedashi,1775701387,1503.873,,1,1649.102,"[14,70,61,113,49,51,55,47,62,71,131,65,88]",,,,4m 344577899p r5s 26z,,,,,,,,,,,,,,
20260409110743_0400_004,20260409110743_0400,20260409110743,,,,,0400,2,mezzuj-2,6,2m,tedashi,1775701393,5116.822,,0,,"[14,70,61,113,49,51,55,47,62,71,131,65,88]",,,,4m 344577899p r5s 26z,,,,,,,,,,,,,,
20260409110743_0400_005,20260409110743_0400,20260409110743,,,,,0400,3,QryanQ,117,3z,tedashi,1775701396,2070.782,,0,,"[14,70,61,113,49,51,55,47,62,71,131,65,88]",,,,4m 344577899p r5s 26z,,,,,,,,,,,,,,
20260409110743_0400_006,20260409110743_0400,20260409110743,,,,,0400,0,s6u,14,4m,tedashi,1775701399,3830.854,,0,,"[14,70,61,113,49,51,55,47,62,71,131,65,88,26]",,,,47m 344577899p r5s 26z,,,,3,3,3,,0,,,,,,
20260409110743_0400_007,20260409110743_0400,20260409110743,,,,,0400,1,santal,75,1s,risekichu_hokan_tsumogiri,1775701401,1808.485,,1,1796.348,"[70,61,113,49,51,55,47,62,71,131,65,88,26]",,,,7m 344577899p r5s 26z,,,,,,,,,,,,,,
20260409110743_0400_008,20260409110743_0400,20260409110743,,,,,0400,2,mezzuj-2,1,1m,risekichu_hokan_tsumogiri,1775701405,1545.723,,0,,"[70,61,113,49,51,55,47,62,71,131,65,88,26]",,,,7m 344577899p r5s 26z,,,,,,,,,,,,,,
20260409110743_0400_009,20260409110743_0400,20260409110743,,,,,0400,3,QryanQ,28,8m,tedashi,1775701407,2077.412,,0,,"[70,61,113,49,51,55,47,62,71,131,65,88,26]",,,,7m 344577899p r5s 26z,,,,,,,,,,,,,,
20260409110743_0400_010,20260409110743_0400,20260409110743,,,,,0400,0,s6u,131,6z,tedashi,1775701411,3932.559,,1,3114.022,"[70,61,113,49,51,55,47,62,71,131,65,88,26,86]",,,,7m 344577899p 4r5s 26z,,,,2,2,3,,0,,,,,,
20260409110743_0400_011,20260409110743_0400,20260409110743,,,,,0400,2,mezzuj-2,64,8p,tedashi,1775701414,1368.087,,0,,"[70,61,113,49,51,55,47,62,71,65,88,26,86]",,,,7m 344577899p 4r5s 2z,,,,,,,,,,,,,,
20260409110743_0400_012,20260409110743_0400,20260409110743,,,,,0400,3,QryanQ,3,1m,risekichu_hokan_tsumogiri,1775701415,1665.325,,0,,"[70,61,113,49,51,55,47,62,71,65,88,26,86]",,,,7m 344577899p 4r5s 2z,,,,,,,,,,,,,,
20260409110743_0400_013,20260409110743_0400,20260409110743,,,,,0400,0,s6u,113,2z,tedashi,1775701421,5989.002,,2,1084.717,"[70,61,113,49,51,55,47,62,71,65,88,26,86,45]",,,,7m 3344577899p 4r5s 2z,,,,2,2,2,,0,,,,,,
20260409110743_0400_014,20260409110743_0400,20260409110743,,,,,0400,3,QryanQ,17,5m,tedashi,1775701423,765.191,,0,,"[70,61,49,51,55,47,62,71,65,88,26,86,45]",,,,7m 3344577899p 4r5s,,,,,,,,,,,,,,
20260409110743_0400_015,20260409110743_0400,20260409110743,,,,,0400,0,s6u,62,7p,tedashi,1775701429,5649.335,,0,,"[70,61,49,51,55,47,62,71,65,88,26,86,45,16]",,,,r57m 3344577899p 4r5s,,,,2,2,2,,0,,,,,,
20260409110743_0400_016,20260409110743_0400,20260409110743,,,,,0400,1,santal,80,3s,risekichu_hokan_tsumogiri,1775701431,1759.054,,1,1659.025,"[70,61,49,51,55,47,71,65,88,26,86,45,16]",,,,r57m 334457899p 4r5s,,,,,,,,,,,,,,
20260409110743_0400_017,20260409110743_0400,20260409110743,,,,,0400,2,mezzuj-2,43,2p,risekichu_hokan_tsumogiri,1775701434,1867.858,,0,,"[70,61,49,51,55,47,71,65,88,26,86,45,16]",,,,r57m 334457899p 4r5s,,,,,,,,,,,,,,
20260409110743_0400_018,20260409110743_0400,20260409110743,,,,,0400,3,QryanQ,29,8m,risekichu_hokan_tsumogiri,1775701436,1561.233,,0,,"[70,61,49,51,55,47,71,65,88,26,86,45,16]",,,,r57m 334457899p 4r5s,,,,,,,,,,,,,,
20260409110743_0400_019,20260409110743_0400,20260409110743,,,,,0400,0,s6u,61,7p,tedashi,1775701441,5039.972,,0,,"[70,61,49,51,55,47,71,65,88,26,86,45,16,33]",,,,r579m 334457899p 4r5s,,,,2,2,3,,0,,,,,,
20260409110743_0400_020,20260409110743_0400,20260409110743,,,,,0400,1,santal,98,7s,tedashi,1775701442,1787.257,,2,2213.454,"[70,49,51,55,47,71,65,88,26,86,45,16,33]",,,,r579m 33445899p 4r5s,,,,,,,,,,,,,,
20260409110743_0400_021,20260409110743_0400,20260409110743,,,,,0400,2,mezzuj-2,95,6s,tedashi,1775701445,766.253,,2,6367.252,"[70,49,51,55,47,71,65,88,26,86,45,16,33]",,,,r579m 33445899p 4r5s,,,,,,,,,,,,,,
20260409110743_0400_022,20260409110743_0400,20260409110743,,,,,0400,3,QryanQ,125,5z,tedashi,1775701453,730.186,,0,,"[70,49,51,55,47,71,65,88,26,86,45,16,33]",,,,r579m 33445899p 4r5s,,,,,,,,,,,,,,
20260409110743_0400_023,20260409110743_0400,20260409110743,,,,,0400,0,s6u,65,8p,tedashi,1775701456,3058.949,,0,,"[70,49,51,55,47,71,65,88,26,86,45,16,33,121]",,,,r579m 33445899p 4r5s 4z,,,,2,2,3,,0,,,,,,
20260409110743_0400_024,20260409110743_0400,20260409110743,,,,,0400,1,santal,2,1m,tedashi,1775701464,8033.201,,0,,"[70,49,51,55,47,71,88,26,86,45,16,33,121]",,,,r579m 3344599p 4r5s 4z,,,,,,,,,,,,,,
20260409110743_0400_025,20260409110743_0400,20260409110743,,,,,0400,2,mezzuj-2,8,3m,risekichu_hokan_tsumogiri,1775701472,8658.405,,1,1492.434,"[70,49,51,55,47,71,88,26,86,45,16,33,121]",,,,r579m 3344599p 4r5s 4z,,,,,,,,,,,,,,
20260409110743_0400_026,20260409110743_0400,20260409110743,,,,,0400,3,QryanQ,15,4m,risekichu_hokan_tsumogiri,1775701476,2405.687,,0,,"[70,49,51,55,47,71,88,26,86,45,16,33,121]",,,,r579m 3344599p 4r5s 4z,,,,,,,,,,,,,,
20260409110743_0400_027,20260409110743_0400,20260409110743,,,,,0400,0,s6u,121,4z,tedashi,1775701480,3830.3,,0,,"[70,49,51,55,47,71,88,26,86,45,16,33,121,54]",,,,r579m 33445599p 4r5s 4z,,,,1,1,2,,0,,,,,,
20260409110743_0400_028,20260409110743_0400,20260409110743,,,,,0400,1,santal,11,3m,tedashi,1775701482,2151.359,,0,,"[70,49,51,55,47,71,88,26,86,45,16,33,54]",,,,r579m 33445599p 4r5s,,,,,,,,,,,,,,
20260409110743_0400_029,20260409110743_0400,20260409110743,,,,,0400,2,mezzuj-2,110,1z,risekichu_hokan_tsumogiri,1775701485,2398.019,,0,,"[70,49,51,55,47,71,88,26,86,45,16,33,54]",,,,r579m 33445599p 4r5s,,,,,,,,,,,,,,
20260409110743_0400_030,20260409110743_0400,20260409110743,,,,,0400,3,QryanQ,107,9s,tedashi,1775701490,5439.898,,0,,"[70,49,51,55,47,71,88,26,86,45,16,33,54]",,,,r579m 33445599p 4r5s,,,,,,,,,,,,,,
20260409110743_0400_031,20260409110743_0400,20260409110743,,,,,0400,0,s6u,50,4p,tsumogiri,1775701497,7261.608,,2,3351.926,"[70,49,51,55,47,71,88,26,86,45,16,33,54,50]",,,,r579m 334445599p 4r5s,,,,1,1,2,,0,,,,,,
20260409110743_0400_032,20260409110743_0400,20260409110743,,,,,0400,1,santal,72,1s,tedashi,1775701502,947.117,,1,1687.244,"[70,49,51,55,47,71,88,26,86,45,16,33,54]",,,,r579m 33445599p 4r5s,,,,,,,,,,,,,,
20260409110743_0400_033,20260409110743_0400,20260409110743,,,,,0400,2,mezzuj-2,5,2m,risekichu_hokan_tsumogiri,1775701505,1867.148,,0,,"[70,49,51,55,47,71,88,26,86,45,16,33,54]",,,,r579m 33445599p 4r5s,,,,,,,,,,,,,,
20260409110743_0400_034,20260409110743_0400,20260409110743,,,,,0400,3,QryanQ,35,9m,risekichu_hokan_tsumogiri,1775701507,1730.855,,0,,"[70,49,51,55,47,71,88,26,86,45,16,33,54]",,,,r579m 33445599p 4r5s,,,,,,,,,,,,,,
20260409110743_0400_035,20260409110743_0400,20260409110743,,,,,0400,0,s6u,33,9m,tedashi,1775701510,2667.906,,0,,"[70,49,51,55,47,71,88,26,86,45,16,33,54,69]",,,,r579m 334455999p 4r5s,,,,1,1,2,,0,,,,,,
20260409110743_0400_036,20260409110743_0400,20260409110743,,,,,0400,1,santal,32,9m,risekichu_hokan_tsumogiri,1775701511,1678.498,,0,,"[70,49,51,55,47,71,88,26,86,45,16,54,69]",,,,r57m 334455999p 4r5s,,,,,,,,,,,,,,
20260409110743_0400_037,20260409110743_0400,20260409110743,,,,,0400,2,mezzuj-2,100,8s,risekichu_hokan_tsumogiri,1775701514,3139.564,,0,,"[70,49,51,55,47,71,88,26,86,45,16,54,69]",,,,r57m 334455999p 4r5s,,,,,,,,,,,,,,
20260409110743_0400_038,20260409110743_0400,20260409110743,,,,,0400,3,QryanQ,101,8s,tedashi,1775701518,3332.902,,0,,"[70,49,51,55,47,71,88,26,86,45,16,54,69]",,,,r57m 334455999p 4r5s,,,,,,,,,,,,,,
20260409110743_0400_039,20260409110743_0400,20260409110743,,,,,0400,0,s6u,69,9p,tedashi,1775701526,674.578,7931.62,2,1472.826,"[70,49,51,55,47,71,88,26,86,45,16,54,69,83]",,,,r57m 334455999p 34r5s,,,,0,0,2,6m,0,,,,,,
20260409110743_0400_040,20260409110743_0400,20260409110743,,,,,0400,1,santal,21,6m,tedashi,1775701528,701.002,,0,,"[70,49,51,55,47,71,88,26,86,45,16,54,83]",,,,r57m 33445599p 34r5s,,,,,,,,,,,,,,
20260409110743_0401_000,20260409110743_0401,20260409110743,,,,,0401,2,mezzuj-2,122,4z,tedashi,1775701549,,,0,,"[90,132,4,121,78,45,76,64,74,97,115,8,93]",,,,23m 38p 122567s 247z,,,,,,,,,,,,,,
20260409110743_0401_001,20260409110743_0401,20260409110743,,,,,0401,3,QryanQ,39,1p,tedashi,1775701551,2057.655,,0,,"[90,132,4,121,78,45,76,64,74,97,115,8,93]",,,,23m 38p 122567s 247z,,,,,,,,,,,,,,
20260409110743_0401_002,20260409110743_0401,20260409110743,,,,,0401,0,s6u,121,4z,tedashi,1775701553,1692.393,,0,,"[90,132,4,121,78,45,76,64,74,97,115,8,93,112]",,,,23m 38p 122567s 2247z,,,,3,3,4,,0,,,,,,
20260409110743_0401_003,20260409110743_0401,20260409110743,,,,,0401,1,santal,67,8p,tedashi,1775701557,4356.988,,1,1566.308,"[90,132,4,78,45,76,64,74,97,115,8,93,112]",,,,23m 38p 122567s 227z,,,,,,,,,,,,,,
20260409110743_0401_004,20260409110743_0401,20260409110743,,,,,0401,2,mezzuj-2,134,7z,risekichu_hokan_tsumogiri,1775701561,1888.183,,0,,"[90,132,4,78,45,76,64,74,97,115,8,93,112]",,,,23m 38p 122567s 227z,,,,,,,,,,,,,,
20260409110743_0401_005,20260409110743_0401,20260409110743,,,,,0401,3,QryanQ,128,6z,tedashi,1775701563,1909.636,,0,,"[90,132,4,78,45,76,64,74,97,115,8,93,112]",,,,23m 38p 122567s 227z,,,,,,,,,,,,,,
20260409110743_0401_006,20260409110743_0401,20260409110743,,,,,0401,0,s6u,132,7z,tedashi,1775701567,4507.916,,0,,"[90,132,4,78,45,76,64,74,97,115,8,93,112,129]",,,,23m 38p 122567s 2267z,,,,3,3,4,,0,,,,,,
20260409110743_0401_007,20260409110743_0401,20260409110743,,,,,0401,1,santal,99,7s,tedashi,1775701569,1928.231,,1,1647.449,"[90,4,78,45,76,64,74,97,115,8,93,112,129]",,,,23m 38p 122567s 226z,,,,,,,,,,,,,,
20260409110743_0401_008,20260409110743_0401,20260409110743,,,,,0401,2,mezzuj-2,119,3z,risekichu_hokan_tsumogiri,1775701573,1618.426,,0,,"[90,4,78,45,76,64,74,97,115,8,93,112,129]",,,,23m 38p 122567s 226z,,,,,,,,,,,,,,
20260409110743_0401_009,20260409110743_0401,20260409110743,,,,,0401,3,QryanQ,133,7z,tedashi,1775701574,1353.548,,0,,"[90,4,78,45,76,64,74,97,115,8,93,112,129]",,,,23m 38p 122567s 226z,,,,,,,,,,,,,,
20260409110743_0401_010,20260409110743_0401,20260409110743,,,,,0401,0,s6u,129,6z,tedashi,1775701577,3495.162,,0,,"[90,4,78,45,76,64,74,97,115,8,93,112,129,85]",,,,23m 38p 1224567s 226z,,,,2,2,4,,0,,,,,,
20260409110743_0401_011,20260409110743_0401,20260409110743,,,,,0401,1,santal,28,8m,tedashi,1775701580,2386.635,,0,,"[90,4,78,45,76,64,74,97,115,8,93,112,85]",,,,23m 38p 1224567s 22z,,,,,,,,,,,,,,
20260409110743_0401_012,20260409110743_0401,20260409110743,,,,,0401,2,mezzuj-2,83,3s,risekichu_hokan_tsumogiri,1775701584,3935.671,,0,,"[90,4,78,45,76,64,74,97,115,8,93,112,85]",,,,23m 38p 1224567s 22z,,,,,,,,,,,,,,
20260409110743_0401_013,20260409110743_0401,20260409110743,,,,,0401,3,QryanQ,37,1p,tedashi,1775701586,1910.287,,0,,"[90,4,78,45,76,64,74,97,115,8,93,112,85]",,,,23m 38p 1224567s 22z,,,,,,,,,,,,,,
20260409110743_0401_014,20260409110743_0401,20260409110743,,,,,0401,0,s6u,64,8p,tedashi,1775701590,4861.524,,0,,"[90,4,78,45,76,64,74,97,115,8,93,112,85,25]",,,,237m 38p 1224567s 22z,,,,2,2,4,,0,,,,,,
20260409110743_0401_015,20260409110743_0401,20260409110743,,,,,0401,1,santal,14,4m,tedashi,1775701593,2519.448,,0,,"[90,4,78,45,76,74,97,115,8,93,112,85,25]",,,,237m 3p 1224567s 22z,,,,,,,,,,,,,,
20260409110743_0401_016,20260409110743_0401,20260409110743,,,,,0401,2,mezzuj-2,101,8s,tedashi,1775701608,15028.397,,0,,"[90,4,78,45,76,74,97,115,8,93,112,85,25]",,,,237m 3p 1224567s 22z,,,,,,,,,,,,,,
20260409110743_0401_017,20260409110743_0401,20260409110743,,,,,0401,3,QryanQ,127,5z,tedashi,1775701611,2870.747,,0,,"[90,4,78,45,76,74,97,115,8,93,112,85,25]",,,,237m 3p 1224567s 22z,,,,,,,,,,,,,,
20260409110743_0401_018,20260409110743_0401,20260409110743,,,,,0401,0,s6u,74,1s,tedashi,1775701613,2187.946,,0,,"[90,4,78,45,76,74,97,115,8,93,112,85,25,49]",,,,237m 34p 1224567s 22z,,,,2,2,4,,0,,,,,,
20260409110743_0401_019,20260409110743_0401,20260409110743,,,,,0401,1,santal,52,r5p,risekichu_hokan_tsumogiri,1775701615,1924.994,,1,1127.231,"[90,4,78,45,76,97,115,8,93,112,85,25,49]",,,,237m 34p 224567s 22z,,,,,,,,,,,,,,
20260409110743_0401_020,20260409110743_0401,20260409110743,,,,,0401,2,mezzuj-2,100,8s,tedashi,1775701618,2020.423,,0,,"[90,4,78,45,76,97,115,8,93,112,85,25,49]",,,,237m 34p 224567s 22z,,,,,,,,,,,,,,
20260409110743_0401_021,20260409110743_0401,20260409110743,,,,,0401,3,QryanQ,113,2z,tedashi,1775701620,2338.857,,1,2678.789,"[90,4,78,45,76,97,115,8,93,112,85,25,49]",,,,237m 34p 224567s 22z,,,,,,,,,,,,,,
20260409110743_0401_022,20260409110743_0401,20260409110743,,,,,0401,0,s6u,25,7m,tedashi,1775701623,1205.629,,0,,"[90,4,78,45,76,97,8,93,112,85,25,49]",,,,237m 34p 224567s 2z,,,,,,,,,,,,,,
20260409110743_0401_023,20260409110743_0401,20260409110743,,,,,0401,1,santal,11,3m,risekichu_hokan_tsumogiri,1775701627,4320.0,,0,,"[90,4,78,45,76,97,8,93,112,85,49]",,,,23m 34p 224567s 2z,,,,,,,,,,,,,,
20260409110743_0401_024,20260409110743_0401,20260409110743,,,,,0401,2,mezzuj-2,71,9p,tedashi,1775701631,3419.076,,1,2375.74,"[90,4,78,45,76,97,8,93,112,85,49]",,,,23m 34p 224567s 2z,,,,,,,,,,,,,,
20260409110743_0401_025,20260409110743_0401,20260409110743,,,,,0401,3,QryanQ,103,8s,tedashi,1775701636,2887.019,,1,2053.777,"[90,4,78,45,76,97,8,93,112,85,49]",,,,23m 34p 224567s 2z,,,,,,,,,,,,,,
20260409110743_0401_026,20260409110743_0401,20260409110743,,,,,0401,0,s6u,26,7m,tsumogiri,1775701639,1194.766,,0,,"[90,4,78,45,76,97,8,93,112,85,49,26]",,,,237m 34p 224567s 2z,,,,,,,,,,,,,,
20260409110743_0401_027,20260409110743_0401,20260409110743,,,,,0401,1,santal,10,3m,risekichu_hokan_tsumogiri,1775701642,2630.907,,0,,"[90,4,78,45,76,97,8,93,112,85,49]",,,,23m 34p 224567s 2z,,,,,,,,,,,,,,
20260409110743_0401_028,20260409110743_0401,20260409110743,,,,,0401,2,mezzuj-2,68,9p,tedashi,1775701646,3861.867,,0,,"[90,4,78,45,76,97,8,93,112,85,49]",,,,23m 34p 224567s 2z,,,,,,,,,,,,,,
20260409110743_0401_029,20260409110743_0401,20260409110743,,,,,0401,3,QryanQ,84,4s,tedashi,1775701649,3199.475,,1,1424.157,"[90,4,78,45,76,97,8,93,112,85,49]",,,,23m 34p 224567s 2z,,,,,,,,,,,,,,
20260409110743_0401_030,20260409110743_0401,20260409110743,,,,,0401,0,s6u,85,4s,tedashi,1775701653,2500.966,,0,,"[90,4,78,45,76,97,8,93,112,85,49,34]",,,,239m 34p 224567s 2z,,,,,,,,,,,,,,
20260409110743_0401_031,20260409110743_0401,20260409110743,,,,,0401,1,santal,7,2m,tedashi,1775701658,5171.477,,0,,"[90,4,78,45,76,97,8,93,112,49,34]",,,,239m 34p 22567s 2z,,,,,,,,,,,,,,
20260409110743_0401_032,20260409110743_0401,20260409110743,,,,,0401,2,mezzuj-2,105,9s,risekichu_hokan_tsumogiri,1775701666,929.111,6438.136,0,,"[90,4,78,45,76,97,8,93,112,49,34]",,,,239m 34p 22567s 2z,,,,,,,,,,,,,,
20260409110743_0401_033,20260409110743_0401,20260409110743,,,,,0401,3,QryanQ,107,9s,tedashi,1775701667,1721.081,,0,,"[90,4,78,45,76,97,8,93,112,49,34]",,,,239m 34p 22567s 2z,,,,,,,,,,,,,,
20260409110743_0401_034,20260409110743_0401,20260409110743,,,,,0401,0,s6u,34,9m,tedashi,1775701677,9788.103,,6,373.988,"[90,4,78,45,76,97,8,93,112,49,34,44]",,,,239m 334p 22567s 2z,,,,,,,,,,,,,,
20260409110743_0401_035,20260409110743_0401,20260409110743,,,,,0401,1,santal,82,3s,tedashi,1775701681,3837.287,,0,,"[90,4,78,45,76,97,8,93,112,49,44]",,,,23m 334p 22567s 2z,,,,,,,,,,,,,,
20260409110743_0401_036,20260409110743_0401,20260409110743,,,,,0401,2,mezzuj-2,57,6p,risekichu_hokan_tsumogiri,1775701682,807.15,,1,678.326,"[90,4,78,45,76,97,8,93,112,49,44]",,,,23m 334p 22567s 2z,,,,,,,,,,,,,,
20260409110743_0401_037,20260409110743_0401,20260409110743,,,,,0401,3,QryanQ,118,3z,risekichu_hokan_tsumogiri,1775701684,1587.729,,0,,"[90,4,78,45,76,97,8,93,112,49,44]",,,,23m 334p 22567s 2z,,,,,,,,,,,,,,
20260409110743_0401_038,20260409110743_0401,20260409110743,,,,,0401,0,s6u,45,3p,tedashi,1775701686,1853.539,,0,,"[90,4,78,45,76,97,8,93,112,49,44,12]",,,,234m 334p 22567s 2z,,,,,,,,,,,,,,
20260409110743_0401_039,20260409110743_0401,20260409110743,,,,,0401,1,santal,102,8s,tedashi,1775701689,2401.258,,0,,"[90,4,78,76,97,8,93,112,49,44,12]",,,,234m 34p 22567s 2z,,,,,,,,,,,,,,
20260409110743_0401_040,20260409110743_0401,20260409110743,,,,,0401,2,mezzuj-2,27,7m,risekichu_hokan_tsumogiri,1775701689,717.407,,1,660.165,"[90,4,78,76,97,8,93,112,49,44,12]",,,,234m 34p 22567s 2z,,,,,,,,,,,,,,
20260409110743_0401_041,20260409110743_0401,20260409110743,,,,,0401,3,QryanQ,31,8m,tedashi,1775701693,620.242,2465.204,0,,"[90,4,78,76,97,8,93,112,49,44,12]",,,,234m 34p 22567s 2z,,,,,,,,,,,,,,
20260409110743_0401_042,20260409110743_0401,20260409110743,,,,,0401,0,s6u,30,8m,tsumogiri,1775701695,1649.629,,0,,"[90,4,78,76,97,8,93,112,49,44,12,30]",,,,2348m 34p 22567s 2z,,,,,,,,,,,,,,
20260409110743_0401_043,20260409110743_0401,20260409110743,,,,,0401,1,santal,130,6z,tedashi,1775701699,3908.488,,0,,"[90,4,78,76,97,8,93,112,49,44,12]",,,,234m 34p 22567s 2z,,,,,,,,,,,,,,
20260409110743_0401_044,20260409110743_0401,20260409110743,,,,,0401,2,mezzuj-2,22,6m,risekichu_hokan_tsumogiri,1775701699,723.082,,1,1978.899,"[90,4,78,76,97,8,93,112,49,44,12]",,,,234m 34p 22567s 2z,,,,,,,,,,,,,,
20260409110743_0401_045,20260409110743_0401,20260409110743,,,,,0401,3,QryanQ,106,9s,risekichu_hokan_tsumogiri,1775701702,314.337,,0,,"[90,4,78,76,97,8,93,112,49,44,12]",,,,234m 34p 22567s 2z,,,,,,,,,,,,,,
20260409110743_0401_046,20260409110743_0401,20260409110743,,,,,0401,0,s6u,94,6s,tsumogiri,1775701706,4220.372,,0,,"[90,4,78,76,97,8,93,112,49,44,12,94]",,,,234m 34p 225667s 2z,,,,,,,,,,,,,,
20260409110743_0401_047,20260409110743_0401,20260409110743,,,,,0401,1,santal,33,9m,tedashi,1775701708,2012.652,,0,,"[90,4,78,76,97,8,93,112,49,44,12]",,,,234m 34p 22567s 2z,,,,,,,,,,,,,,
20260409110743_0401_048,20260409110743_0401,20260409110743,,,,,0401,2,mezzuj-2,65,8p,risekichu_hokan_tsumogiri,1775701709,726.984,,0,,"[90,4,78,76,97,8,93,112,49,44,12]",,,,234m 34p 22567s 2z,,,,,,,,,,,,,,
20260409110743_0500_000,20260409110743_0500,20260409110743,,,,,0500,3,QryanQ,42,2p,tedashi,1775701723,,,0,,"[76,57,104,90,44,33,17,28,25,128,124,24,84]",,,,57789m 36p 2459s 56z,,,,,,,,,,,,,,
20260409110743_0500_001,20260409110743_0500,20260409110743,,,,,0500,0,s6u,104,9s,tedashi,1775701727,3449.991,,0,,"[76,57,104,90,44,33,17,28,25,128,124,24,84,116]",,,,57789m 36p 2459s 356z,,,,4,4,5,,0,,,,,,
20260409110743_0500_002,20260409110743_0500,20260409110743,,,,,0500,1,santal,37,1p,tedashi,1775701728,1623.921,,1,2146.092,"[76,57,90,44,33,17,28,25,128,124,24,84,116]",,,,57789m 36p 245s 356z,,,,,,,,,,,,,,
20260409110743_0500_003,20260409110743_0500,20260409110743,,,,,0500,2,mezzuj-2,15,4m,tedashi,1775701746,16010.367,,1,767.273,"[76,57,90,44,33,17,28,25,128,124,24,84,116]",,,,57789m 36p 245s 356z,,,,,,,,,,,,,,
20260409110743_0500_004,20260409110743_0500,20260409110743,,,,,0500,3,QryanQ,43,2p,risekichu_hokan_tsumogiri,1775701748,1147.13,,0,,"[76,57,90,44,33,17,28,25,128,124,24,84,116]",,,,57789m 36p 245s 356z,,,,,,,,,,,,,,
20260409110743_0500_005,20260409110743_0500,20260409110743,,,,,0500,0,s6u,116,3z,tedashi,1775701749,1232.22,,1,8109.282,"[76,57,90,44,33,17,28,25,128,124,24,84,116,88]",,,,57789m 36p 24r55s 356z,,,,3,3,4,,0,,,,,,
20260409110743_0500_006,20260409110743_0500,20260409110743,,,,,0500,2,mezzuj-2,130,6z,tedashi,1775701758,5856.45,,0,,"[76,57,90,44,33,17,28,25,128,124,24,84,88]",,,,57789m 36p 24r55s 56z,,,,,,,,,,,,,,
20260409110743_0500_007,20260409110743_0500,20260409110743,,,,,0500,3,QryanQ,0,1m,tedashi,1775701761,3527.444,,0,,"[76,57,90,44,33,17,28,25,128,124,24,84,88]",,,,57789m 36p 24r55s 56z,,,,,,,,,,,,,,
20260409110743_0500_008,20260409110743_0500,20260409110743,,,,,0500,0,s6u,124,5z,tedashi,1775701766,5245.934,,0,,"[76,57,90,44,33,17,28,25,128,124,24,84,88,113]",,,,57789m 36p 24r55s 256z,,,,3,3,4,,0,6z,1022pt,5z,1016pt,2z,1011pt
20260409110743_0500_009,20260409110743_0500,20260409110743,,,,,0500,1,santal,32,9m,tedashi,1775701769,2690.035,,1,3854.962,"[76,57,90,44,33,17,28,25,128,24,84,88,113]",,,,57789m 36p 24r55s 26z,,,,,,,,,,,,,,
20260409110743_0500_010,20260409110743_0500,20260409110743,,,,,0500,2,mezzuj-2,30,8m,tedashi,1775701773,1971.819,,0,,"[76,57,90,44,33,17,28,25,128,24,84,88,113]",,,,57789m 36p 24r55s 26z,,,,,,,,,,,,,,
20260409110743_0500_011,20260409110743_0500,20260409110743,,,,,0500,3,QryanQ,123,4z,risekichu_hokan_tsumogiri,1775701775,1590.646,,0,,"[76,57,90,44,33,17,28,25,128,24,84,88,113]",,,,57789m 36p 24r55s 26z,,,,,,,,,,,,,,
20260409110743_0500_012,20260409110743_0500,20260409110743,,,,,0500,0,s6u,113,2z,tedashi,1775701778,3397.877,,1,3359.581,"[76,57,90,44,33,17,28,25,128,24,84,88,113,10]",,,,357789m 36p 24r55s 26z,,,,3,3,4,,0,6z,1277pt,2z,1270pt,3p,1241pt
20260409110743_0500_013,20260409110743_0500,20260409110743,,,,,0500,2,mezzuj-2,121,4z,tedashi,1775701781,1443.467,,0,,"[76,57,90,44,33,17,28,25,128,24,84,88,10]",,,,357789m 36p 24r55s 6z,,,,,,,,,,,,,,
20260409110743_0500_014,20260409110743_0500,20260409110743,,,,,0500,3,QryanQ,78,2s,tedashi,1775701790,8686.642,,0,,"[76,57,90,44,33,17,28,25,128,24,84,88,10]",,,,357789m 36p 24r55s 6z,,,,,,,,,,,,,,
20260409110743_0500_015,20260409110743_0500,20260409110743,,,,,0500,0,s6u,44,3p,tedashi,1775701793,2705.239,,1,1847.828,"[76,57,90,44,33,17,28,25,128,24,84,88,10,52]",,,,357789m 3r56p 24r55s 6z,,,,2,2,4,,0,6z,2415pt,3p,2375pt,2s,2158pt
20260409110743_0500_016,20260409110743_0500,20260409110743,,,,,0500,1,santal,72,1s,tedashi,1775701796,1741.663,,0,,"[76,57,90,33,17,28,25,128,24,84,88,10,52]",,,,357789m r56p 24r55s 6z,,,,,,,,,,,,,,
20260409110743_0500_017,20260409110743_0500,20260409110743,,,,,0500,2,mezzuj-2,31,8m,risekichu_hokan_tsumogiri,1775701799,2476.174,,0,,"[76,57,90,33,17,28,25,128,24,84,88,10,52]",,,,357789m r56p 24r55s 6z,,,,,,,,,,,,,,
20260409110743_0500_018,20260409110743_0500,20260409110743,,,,,0500,3,QryanQ,3,1m,tedashi,1775701801,2526.937,,0,,"[76,57,90,33,17,28,25,128,24,84,88,10,52]",,,,357789m r56p 24r55s 6z,,,,,,,,,,,,,,
20260409110743_0500_019,20260409110743_0500,20260409110743,,,,,0500,0,s6u,10,3m,tedashi,1775701807,5268.569,,1,1217.433,"[76,57,90,33,17,28,25,128,24,84,88,10,52,71]",,,,357789m r569p 24r55s 6z,,,,2,2,4,,0,6z,2260pt,9p,2236pt,3m,1926pt
20260409110743_0500_020,20260409110743_0500,20260409110743,,,,,0500,1,santal,118,3z,tedashi,1775701809,788.915,,0,,"[76,57,90,33,17,28,25,128,24,84,88,52,71]",,,,57789m r569p 24r55s 6z,,,,,,,,,,,,,,
20260409110743_0500_021,20260409110743_0500,20260409110743,,,,,0500,2,mezzuj-2,111,1z,risekichu_hokan_tsumogiri,1775701811,2633.886,,0,,"[76,57,90,33,17,28,25,128,24,84,88,52,71]",,,,57789m r569p 24r55s 6z,,,,,,,,,,,,,,
20260409110743_0500_022,20260409110743_0500,20260409110743,,,,,0500,3,QryanQ,135,7z,risekichu_hokan_tsumogiri,1775701813,1931.616,,0,,"[76,57,90,33,17,28,25,128,24,84,88,52,71]",,,,57789m r569p 24r55s 6z,,,,,,,,,,,,,,
20260409110743_0500_023,20260409110743_0500,20260409110743,,,,,0500,0,s6u,28,8m,tedashi,1775701821,7743.544,,0,,"[76,57,90,33,17,28,25,128,24,84,88,52,71,106]",,,,57789m r569p 24r559s 6z,,,,2,2,4,,0,6z,1742pt,9s,1738pt,9p,1712pt
20260409110743_0500_024,20260409110743_0500,20260409110743,,,,,0500,1,santal,38,1p,risekichu_hokan_tsumogiri,1775701823,2127.8,,1,1653.41,"[76,57,90,33,17,25,128,24,84,88,52,71,106]",,,,5779m r569p 24r559s 6z,,,,,,,,,,,,,,
20260409110743_0500_025,20260409110743_0500,20260409110743,,,,,0500,2,mezzuj-2,60,7p,risekichu_hokan_tsumogiri,1775701826,1612.868,,1,1181.464,"[76,57,90,33,17,25,128,24,84,88,52,71,106]",,,,5779m r569p 24r559s 6z,,,,,,,,,,,,,,
20260409110743_0500_026,20260409110743_0500,20260409110743,,,,,0500,3,QryanQ,54,5p,tedashi,1775701832,4534.809,,0,,"[76,57,90,33,17,25,128,24,84,88,52,71,106]",,,,5779m r569p 24r559s 6z,,,,,,,,,,,,,,
20260409110743_0500_027,20260409110743_0500,20260409110743,,,,,0500,0,s6u,52,r5p,tedashi,1775701836,3963.516,,0,,"[76,57,90,33,17,25,128,24,84,88,52,71,106,66]",,,,5779m r5689p 24r559s 6z,,,,3,3,4,,0,6z,719pt,9s,715pt,9m,695pt
20260409110743_0500_028,20260409110743_0500,20260409110743,,,,,0500,1,santal,108,1z,risekichu_hokan_tsumogiri,1775701838,1948.724,,0,,"[76,57,90,33,17,25,128,24,84,88,71,106,66]",,,,5779m 689p 24r559s 6z,,,,,,,,,,,,,,
20260409110743_0500_029,20260409110743_0500,20260409110743,,,,,0500,2,mezzuj-2,98,7s,risekichu_hokan_tsumogiri,1775701844,6478.853,,2,1054.648,"[76,57,90,33,17,25,128,24,84,88,71,106,66]",,,,5779m 689p 24r559s 6z,,,,,,,,,,,,,,
20260409110743_0500_030,20260409110743_0500,20260409110743,,,,,0500,3,QryanQ,75,1s,tedashi,1775701846,660.155,,0,,"[76,57,90,33,17,25,128,24,84,88,71,106,66]",,,,5779m 689p 24r559s 6z,,,,,,,,,,,,,,
20260409110743_0500_031,20260409110743_0500,20260409110743,,,,,0500,0,s6u,33,9m,tedashi,1775701848,1896.083,,0,,"[76,57,90,33,17,25,128,24,84,88,71,106,66,73]",,,,5779m 689p 124r559s 6z,,,,3,3,4,,0,6z,258pt,9s,255pt,9m,254pt
20260409110743_0500_032,20260409110743_0500,20260409110743,,,,,0500,1,santal,2,1m,tedashi,1775701851,3306.561,,0,,"[76,57,90,17,25,128,24,84,88,71,106,66,73]",,,,577m 689p 124r559s 6z,,,,,,,,,,,,,,
20260409110743_0500_033,20260409110743_0500,20260409110743,,,,,0500,2,mezzuj-2,14,4m,risekichu_hokan_tsumogiri,1775701854,2584.588,,2,1174.87,"[76,57,90,17,25,128,24,84,88,71,106,66,73]",,,,577m 689p 124r559s 6z,,,,,,,,,,,,,,
20260409110743_0500_034,20260409110743_0500,20260409110743,,,,,0500,3,QryanQ,26,7m,tedashi,1775701856,860.355,,1,1599.921,"[76,57,90,17,25,128,24,84,88,71,106,66,73]",,,,577m 689p 124r559s 6z,,,,,,,,,,,,,,
20260409110743_0500_035,20260409110743_0500,20260409110743,,,,,0500,0,s6u,25,7m,tedashi,1775701858,832.432,,0,,"[76,57,90,17,25,128,24,84,88,71,106,66,73,125]",,,,577m 689p 124r559s 56z,,,,4,4,4,,0,,,,,,
20260409110743_0500_036,20260409110743_0500,20260409110743,,,,,0500,1,santal,132,7z,tedashi,1775701864,6099.722,,0,,"[76,57,90,17,128,24,84,88,71,106,66,73,125]",,,,57m 689p 124r559s 56z,,,,,,,,,,,,,,
20260409110743_0500_037,20260409110743_0500,20260409110743,,,,,0500,2,mezzuj-2,8,3m,risekichu_hokan_tsumogiri,1775701867,2509.717,,0,,"[76,57,90,17,128,24,84,88,71,106,66,73,125]",,,,57m 689p 124r559s 56z,,,,,,,,,,,,,,
20260409110743_0501_000,20260409110743_0501,20260409110743,,,,,0501,3,QryanQ,116,3z,tedashi,1775701878,,,0,,"[84,59,108,7,134,89,83,70,14,124,66,119,0]",,,,124m 689p 345s 1357z,,,,,,,,,,,,,,
20260409110743_0501_001,20260409110743_0501,20260409110743,,,,,0501,0,s6u,119,3z,tedashi,1775701879,1173.327,,0,,"[84,59,108,7,134,89,83,70,14,124,66,119,0,39]",,,,124m 1689p 345s 1357z,,,,4,4,6,,0,,,,,,
20260409110743_0501_002,20260409110743_0501,20260409110743,,,,,0501,1,santal,110,1z,tedashi,1775701881,2310.637,,0,,"[84,59,108,7,134,89,83,70,14,124,66,0,39]",,,,124m 1689p 345s 157z,,,,,,,,,,,,,,
20260409110743_0501_003,20260409110743_0501,20260409110743,,,,,0501,2,mezzuj-2,111,1z,tedashi,1775701884,2355.504,,0,,"[84,59,108,7,134,89,83,70,14,124,66,0,39]",,,,124m 1689p 345s 157z,,,,,,,,,,,,,,
20260409110743_0501_004,20260409110743_0501,20260409110743,,,,,0501,3,QryanQ,30,8m,tedashi,1775701886,1999.193,,0,,"[84,59,108,7,134,89,83,70,14,124,66,0,39]",,,,124m 1689p 345s 157z,,,,,,,,,,,,,,
20260409110743_0501_005,20260409110743_0501,20260409110743,,,,,0501,0,s6u,70,9p,tedashi,1775701888,2728.657,,0,,"[84,59,108,7,134,89,83,70,14,124,66,0,39,44]",,,,124m 13689p 345s 157z,,,,3,3,6,,0,,,,,,
20260409110743_0501_006,20260409110743_0501,20260409110743,,,,,0501,1,santal,109,1z,risekichu_hokan_tsumogiri,1775701890,2052.727,,1,2204.235,"[84,59,108,7,134,89,83,14,124,66,0,39,44]",,,,124m 1368p 345s 157z,,,,,,,,,,,,,,
20260409110743_0501_007,20260409110743_0501,20260409110743,,,,,0501,2,mezzuj-2,129,6z,tedashi,1775701897,3918.43,,0,,"[84,59,108,7,134,89,83,14,124,66,0,39,44]",,,,124m 1368p 345s 157z,,,,,,,,,,,,,,
20260409110743_0501_008,20260409110743_0501,20260409110743,,,,,0501,3,QryanQ,36,1p,tedashi,1775701903,5941.889,,0,,"[84,59,108,7,134,89,83,14,124,66,0,39,44]",,,,124m 1368p 345s 157z,,,,,,,,,,,,,,
20260409110743_0501_009,20260409110743_0501,20260409110743,,,,,0501,0,s6u,0,1m,tedashi,1775701905,2016.697,,0,,"[84,59,108,7,134,89,83,14,124,66,0,39,44,24]",,,,1247m 1368p 345s 157z,,,,3,3,6,,0,,,,,,
20260409110743_0501_010,20260409110743_0501,20260409110743,,,,,0501,1,santal,122,4z,tedashi,1775701906,1612.926,,0,,"[84,59,108,7,134,89,83,14,124,66,39,44,24]",,,,247m 1368p 345s 157z,,,,,,,,,,,,,,
20260409110743_0501_011,20260409110743_0501,20260409110743,,,,,0501,2,mezzuj-2,69,9p,tedashi,1775701909,2620.787,,1,1670.61,"[84,59,108,7,134,89,83,14,124,66,39,44,24]",,,,247m 1368p 345s 157z,,,,,,,,,,,,,,
20260409110743_0501_012,20260409110743_0501,20260409110743,,,,,0501,3,QryanQ,6,2m,risekichu_hokan_tsumogiri,1775701912,2037.153,,0,,"[84,59,108,7,134,89,83,14,124,66,39,44,24]",,,,247m 1368p 345s 157z,,,,,,,,,,,,,,
20260409110743_0501_013,20260409110743_0501,20260409110743,,,,,0501,0,s6u,124,5z,tedashi,1775701915,2239.129,,0,,"[84,59,108,7,134,89,83,14,124,66,39,44,24,78]",,,,247m 1368p 2345s 157z,,,,3,3,6,,0,,,,,,
20260409110743_0501_014,20260409110743_0501,20260409110743,,,,,0501,1,santal,35,9m,tedashi,1775701917,1843.692,,1,1835.933,"[84,59,108,7,134,89,83,14,66,39,44,24,78]",,,,247m 1368p 2345s 17z,,,,,,,,,,,,,,
20260409110743_0501_015,20260409110743_0501,20260409110743,,,,,0501,2,mezzuj-2,118,3z,risekichu_hokan_tsumogiri,1775701920,1593.044,,0,,"[84,59,108,7,134,89,83,14,66,39,44,24,78]",,,,247m 1368p 2345s 17z,,,,,,,,,,,,,,
20260409110743_0501_016,20260409110743_0501,20260409110743,,,,,0501,3,QryanQ,46,3p,tedashi,1775701922,1939.885,,0,,"[84,59,108,7,134,89,83,14,66,39,44,24,78]",,,,247m 1368p 2345s 17z,,,,,,,,,,,,,,
20260409110743_0501_017,20260409110743_0501,20260409110743,,,,,0501,0,s6u,39,1p,tedashi,1775701925,3130.302,,1,1210.286,"[84,59,108,7,134,89,83,14,66,39,44,24,78,50]",,,,247m 13468p 2345s 17z,,,,3,3,6,,0,,,,,,
20260409110743_0501_018,20260409110743_0501,20260409110743,,,,,0501,1,santal,2,1m,tedashi,1775701928,1400.316,,0,,"[84,59,108,7,134,89,83,14,66,44,24,78,50]",,,,247m 3468p 2345s 17z,,,,,,,,,,,,,,
20260409110743_0501_019,20260409110743_0501,20260409110743,,,,,0501,2,mezzuj-2,77,2s,tedashi,1775701931,3638.557,,0,,"[84,59,108,7,134,89,83,14,66,44,24,78,50]",,,,247m 3468p 2345s 17z,,,,,,,,,,,,,,
20260409110743_0501_020,20260409110743_0501,20260409110743,,,,,0501,3,QryanQ,16,r5m,tedashi,1775701934,2371.982,,0,,"[84,59,108,7,134,89,83,14,66,44,24,78,50]",,,,247m 3468p 2345s 17z,,,,,,,,,,,,,,
20260409110743_0501_021,20260409110743_0501,20260409110743,,,,,0501,0,s6u,108,1z,tedashi,1775701937,3513.099,,0,,"[84,59,108,7,134,89,83,14,66,44,24,78,50,27]",,,,2477m 3468p 2345s 17z,,,,2,2,5,,0,1z,1374pt,7z,1364pt,5s,1277pt
20260409110743_0501_022,20260409110743_0501,20260409110743,,,,,0501,1,santal,121,4z,risekichu_hokan_tsumogiri,1775701939,1707.555,,0,,"[84,59,7,134,89,83,14,66,44,24,78,50,27]",,,,2477m 3468p 2345s 7z,,,,,,,,,,,,,,
20260409110743_0501_023,20260409110743_0501,20260409110743,,,,,0501,2,mezzuj-2,71,9p,risekichu_hokan_tsumogiri,1775701941,2524.609,,0,,"[84,59,7,134,89,83,14,66,44,24,78,50,27]",,,,2477m 3468p 2345s 7z,,,,,,,,,,,,,,
20260409110743_0501_024,20260409110743_0501,20260409110743,,,,,0501,3,QryanQ,26,7m,risekichu_hokan_tsumogiri,1775701943,1573.812,,6,213.211,"[84,59,7,134,89,83,14,66,44,24,78,50,27]",,,,2477m 3468p 2345s 7z,,,,,,,,,,,,,,
20260409110743_0501_025,20260409110743_0501,20260409110743,,,,,0501,0,s6u,89,5s,tedashi,1775701950,6578.151,,1,2415.296,"[84,59,7,134,89,83,14,66,44,24,78,50,27,55]",,,,2477m 34568p 2345s 7z,,,,1,1,5,,0,7z,1716pt,5s,1666pt,8p,1559pt
20260409110743_0501_026,20260409110743_0501,20260409110743,,,,,0501,1,santal,64,8p,risekichu_hokan_tsumogiri,1775701953,1174.713,,0,,"[84,59,7,134,83,14,66,44,24,78,50,27,55]",,,,2477m 34568p 234s 7z,,,,,,,,,,,,,,
20260409110743_0501_027,20260409110743_0501,20260409110743,,,,,0501,2,mezzuj-2,4,2m,tedashi,1775701964,11090.251,,0,,"[84,59,7,134,83,14,66,44,24,78,50,27,55]",,,,2477m 34568p 234s 7z,,,,,,,,,,,,,,
20260409110743_0501_028,20260409110743_0501,20260409110743,,,,,0501,3,QryanQ,9,3m,risekichu_hokan_tsumogiri,1775701966,1476.232,,2,1766.711,"[84,59,7,134,83,14,66,44,24,78,50,27,55]",,,,2477m 34568p 234s 7z,,,,,,,,,,,,,,
20260409110743_0501_029,20260409110743_0501,20260409110743,,,,,0501,0,s6u,134,7z,tedashi,1775701969,1249.827,,0,,"[84,59,134,83,66,44,24,78,50,27,55]",,,,77m 34568p 234s 7z,,,,0,0,,7p,0,,,,,,
20260409110743_0501_030,20260409110743_0501,20260409110743,,,,,0501,1,santal,38,1p,tedashi,1775701972,3323.355,,1,1745.778,"[84,59,83,66,44,24,78,50,27,55]",,,,77m 34568p 234s,,,,,,,,,,,,,,
20260409110743_0501_031,20260409110743_0501,20260409110743,,,,,0501,2,mezzuj-2,3,1m,tedashi,1775701976,2420.454,,0,,"[84,59,83,66,44,24,78,50,27,55]",,,,77m 34568p 234s,,,,,,,,,,,,,,
20260409110743_0501_032,20260409110743_0501,20260409110743,,,,,0501,3,QryanQ,65,8p,risekichu_hokan_tsumogiri,1775701978,1459.954,,0,,"[84,59,83,66,44,24,78,50,27,55]",,,,77m 34568p 234s,,,,,,,,,,,,,,
20260409110743_0501_033,20260409110743_0501,20260409110743,,,,,0501,0,s6u,66,8p,tedashi,1775701980,2139.237,,0,,"[84,59,83,66,44,24,78,50,27,55,58]",,,,77m 345668p 234s,,,,0,0,,7m 6p,0,,,,,,
20260409110743_0501_034,20260409110743_0501,20260409110743,,,,,0501,1,santal,63,7p,risekichu_hokan_tsumogiri,1775701982,1777.956,,0,,"[84,59,83,44,24,78,50,27,55,58]",,,,77m 34566p 234s,,,,,,,,,,,,,,
20260409110743_0501_035,20260409110743_0501,20260409110743,,,,,0501,2,mezzuj-2,94,6s,tedashi,1775701986,3848.897,,1,1001.422,"[84,59,83,44,24,78,50,27,55,58]",,,,77m 34566p 234s,,,,,,,,,,,,,,
20260409110743_0501_036,20260409110743_0501,20260409110743,,,,,0501,3,QryanQ,67,8p,risekichu_hokan_tsumogiri,1775701988,966.264,,0,,"[84,59,83,44,24,78,50,27,55,58]",,,,77m 34566p 234s,,,,,,,,,,,,,,
20260409110743_0501_037,20260409110743_0501,20260409110743,,,,,0501,0,s6u,5,2m,tsumogiri,1775701989,1724.165,,0,,"[84,59,83,44,24,78,50,27,55,58,5]",,,,277m 34566p 234s,,,,0,0,,7m 6p,0,,,,,,
20260409110743_0501_038,20260409110743_0501,20260409110743,,,,,0501,1,santal,127,5z,risekichu_hokan_tsumogiri,1775701991,1616.742,,0,,"[84,59,83,44,24,78,50,27,55,58]",,,,77m 34566p 234s,,,,,,,,,,,,,,
20260409110743_0501_039,20260409110743_0501,20260409110743,,,,,0501,2,mezzuj-2,130,6z,risekichu_hokan_tsumogiri,1775701994,3377.441,,0,,"[84,59,83,44,24,78,50,27,55,58]",,,,77m 34566p 234s,,,,,,,,,,,,,,
20260409110743_0501_040,20260409110743_0501,20260409110743,,,,,0501,3,QryanQ,28,8m,risekichu_hokan_tsumogiri,1775701996,1561.775,,0,,"[84,59,83,44,24,78,50,27,55,58]",,,,77m 34566p 234s,,,,,,,,,,,,,,
20260409110743_0501_041,20260409110743_0501,20260409110743,,,,,0501,0,s6u,59,6p,tedashi,1775702000,4248.894,,1,1990.438,"[84,59,83,44,24,78,50,27,55,58,43]",,,,77m 234566p 234s,,,,0,0,,147p,0,,,,,,
20260409110743_0501_042,20260409110743_0501,20260409110743,,,,,0501,1,santal,31,8m,risekichu_hokan_tsumogiri,1775702003,1152.757,,0,,"[84,83,44,24,78,50,27,55,58,43]",,,,77m 23456p 234s,,,,,,,,,,,,,,
20260409110743_0501_043,20260409110743_0501,20260409110743,,,,,0501,2,mezzuj-2,57,6p,tedashi,1775702014,10307.582,,0,,"[84,83,44,24,78,50,27,55,58,43]",,,,77m 23456p 234s,,,,,,,,,,,,,,
20260409110743_0501_044,20260409110743_0501,20260409110743,,,,,0501,3,QryanQ,114,2z,risekichu_hokan_tsumogiri,1775702016,2760.319,,1,1188.446,"[84,83,44,24,78,50,27,55,58,43]",,,,77m 23456p 234s,,,,,,,,,,,,,,
20260409110743_0600_000,20260409110743_0600,20260409110743,,,,,0600,0,s6u,117,3z,tedashi,1775702028,,,0,,"[43,28,8,117,38,2,6,70,31,0,120,15,80,71]",,,,1123488m 1299p 3s 34z,,,,2,2,3,,0,,,,,,
20260409110743_0600_001,20260409110743_0600,20260409110743,,,,,0600,1,santal,75,1s,risekichu_hokan_tsumogiri,1775702030,1718.804,,0,,"[43,28,8,38,2,6,70,31,0,120,15,80,71]",,,,1123488m 1299p 3s 4z,,,,,,,,,,,,,,
20260409110743_0600_002,20260409110743_0600,20260409110743,,,,,0600,2,mezzuj-2,121,4z,tedashi,1775702033,2667.532,,0,,"[43,28,8,38,2,6,70,31,0,120,15,80,71]",,,,1123488m 1299p 3s 4z,,,,,,,,,,,,,,
20260409110743_0600_003,20260409110743_0600,20260409110743,,,,,0600,3,QryanQ,123,4z,tedashi,1775702035,2700.782,,0,,"[43,28,8,38,2,6,70,31,0,120,15,80,71]",,,,1123488m 1299p 3s 4z,,,,,,,,,,,,,,
20260409110743_0600_004,20260409110743_0600,20260409110743,,,,,0600,0,s6u,120,4z,tedashi,1775702037,1349.031,,0,,"[43,28,8,38,2,6,70,31,0,120,15,80,71,37]",,,,1123488m 11299p 3s 4z,,,,2,2,2,,0,,,,,,
20260409110743_0600_005,20260409110743_0600,20260409110743,,,,,0600,1,santal,4,2m,tedashi,1775702043,6235.203,,1,1663.539,"[43,28,8,38,2,6,70,31,0,15,80,71,37]",,,,1123488m 11299p 3s,,,,,,,,,,,,,,
20260409110743_0600_006,20260409110743_0600,20260409110743,,,,,0600,2,mezzuj-2,107,9s,tedashi,1775702047,2562.539,,0,,"[43,28,8,38,2,6,70,31,0,15,80,71,37]",,,,1123488m 11299p 3s,,,,,,,,,,,,,,
20260409110743_0600_007,20260409110743_0600,20260409110743,,,,,0600,3,QryanQ,7,2m,tedashi,1775702049,1974.679,,6,205.166,"[43,28,8,38,2,6,70,31,0,15,80,71,37]",,,,1123488m 11299p 3s,,,,,,,,,,,,,,
20260409110743_0600_008,20260409110743_0600,20260409110743,,,,,0600,0,s6u,0,1m,tedashi,1775702056,7047.216,,0,,"[43,28,8,38,2,6,70,31,0,15,80,71,37,10]",,,,11233488m 11299p 3s,,,,1,2,1,,0,,,,,,
20260409110743_0600_009,20260409110743_0600,20260409110743,,,,,0600,1,santal,134,7z,risekichu_hokan_tsumogiri,1775702058,1915.731,,0,,"[43,28,8,38,2,6,70,31,15,80,71,37,10]",,,,1233488m 11299p 3s,,,,,,,,,,,,,,
20260409110743_0600_010,20260409110743_0600,20260409110743,,,,,0600,2,mezzuj-2,115,2z,tedashi,1775702061,2673.474,,1,1860.811,"[43,28,8,38,2,6,70,31,15,80,71,37,10]",,,,1233488m 11299p 3s,,,,,,,,,,,,,,
20260409110743_0600_011,20260409110743_0600,20260409110743,,,,,0600,3,QryanQ,63,7p,tedashi,1775702070,7045.483,,0,,"[43,28,8,38,2,6,70,31,15,80,71,37,10]",,,,1233488m 11299p 3s,,,,,,,,,,,,,,
20260409110743_0600_012,20260409110743_0600,20260409110743,,,,,0600,0,s6u,106,9s,tsumogiri,1775702071,1361.187,,0,,"[43,28,8,38,2,6,70,31,15,80,71,37,10,106]",,,,1233488m 11299p 39s,,,,2,2,2,,0,,,,,,
20260409110743_0600_013,20260409110743_0600,20260409110743,,,,,0600,1,santal,118,3z,tedashi,1775702075,3858.557,,0,,"[43,28,8,38,2,6,70,31,15,80,71,37,10]",,,,1233488m 11299p 3s,,,,,,,,,,,,,,
20260409110743_0600_014,20260409110743_0600,20260409110743,,,,,0600,2,mezzuj-2,1,1m,tedashi,1775702079,3924.325,,0,,"[43,28,8,38,2,6,70,31,15,80,71,37,10]",,,,1233488m 11299p 3s,,,,,,,,,,,,,,
20260409110743_0600_015,20260409110743_0600,20260409110743,,,,,0600,3,QryanQ,53,5p,tedashi,1775702081,2223.588,,1,2399.02,"[43,28,8,38,2,6,70,31,15,80,71,37,10]",,,,1233488m 11299p 3s,,,,,,,,,,,,,,
20260409110743_0600_016,20260409110743_0600,20260409110743,,,,,0600,0,s6u,57,6p,tsumogiri,1775702087,2870.615,,1,1115.085,"[43,28,8,38,2,6,70,31,15,80,71,37,10,57]",,,,1233488m 112699p 3s,,,,2,2,2,,0,,,,,,
20260409110743_0600_017,20260409110743_0600,20260409110743,,,,,0600,1,santal,114,2z,risekichu_hokan_tsumogiri,1775702089,1208.977,,0,,"[43,28,8,38,2,6,70,31,15,80,71,37,10]",,,,1233488m 11299p 3s,,,,,,,,,,,,,,
20260409110743_0600_018,20260409110743_0600,20260409110743,,,,,0600,2,mezzuj-2,11,3m,tedashi,1775702093,4232.769,,6,194.885,"[43,28,8,38,2,6,70,31,15,80,71,37,10]",,,,1233488m 11299p 3s,,,,,,,,,,,,,,
20260409110743_0600_019,20260409110743_0600,20260409110743,,,,,0600,3,QryanQ,81,3s,risekichu_hokan_tsumogiri,1775702095,1483.449,,0,,"[43,28,8,38,2,6,70,31,15,80,71,37,10]",,,,1233488m 11299p 3s,,,,,,,,,,,,,,
20260409110743_0600_020,20260409110743_0600,20260409110743,,,,,0600,0,s6u,108,1z,tsumogiri,1775702097,2075.573,,0,,"[43,28,8,38,2,6,70,31,15,80,71,37,10,108]",,,,1233488m 11299p 3s 1z,,,,2,2,2,,0,,,,,,
20260409110743_0600_021,20260409110743_0600,20260409110743,,,,,0600,1,santal,119,3z,tedashi,1775702099,2013.508,,0,,"[43,28,8,38,2,6,70,31,15,80,71,37,10]",,,,1233488m 11299p 3s,,,,,,,,,,,,,,
20260409110743_0600_022,20260409110743_0600,20260409110743,,,,,0600,2,mezzuj-2,78,2s,risekichu_hokan_tsumogiri,1775702102,2676.054,,1,1096.849,"[43,28,8,38,2,6,70,31,15,80,71,37,10]",,,,1233488m 11299p 3s,,,,,,,,,,,,,,
20260409110743_0600_023,20260409110743_0600,20260409110743,,,,,0600,3,QryanQ,36,1p,risekichu_hokan_tsumogiri,1775702104,1016.796,,6,221.118,"[43,28,8,38,2,6,70,31,15,80,71,37,10]",,,,1233488m 11299p 3s,,,,,,,,,,,,,,
20260409110743_0600_024,20260409110743_0600,20260409110743,,,,,0600,0,s6u,80,3s,tedashi,1775702106,2092.022,,0,,"[43,28,8,38,2,6,70,31,15,80,71,37,10,33]",,,,12334889m 11299p 3s,,,,2,2,2,,0,,,,,,
20260409110743_0600_025,20260409110743_0600,20260409110743,,,,,0600,1,santal,61,7p,risekichu_hokan_tsumogiri,1775702108,2425.323,,1,1874.02,"[43,28,8,38,2,6,70,31,15,71,37,10,33]",,,,12334889m 11299p,,,,,,,,,,,,,,
20260409110743_0600_026,20260409110743_0600,20260409110743,,,,,0600,2,mezzuj-2,91,5s,tedashi,1775702119,8367.555,,0,,"[43,28,8,38,2,6,70,31,15,71,37,10,33]",,,,12334889m 11299p,,,,,,,,,,,,,,
20260409110743_0700_000,20260409110743_0700,20260409110743,,,,,0700,1,santal,49,4p,risekichu_hokan_tsumogiri,1775702134,,,0,,"[56,72,121,65,44,81,51,110,87,15,13,124,23]",,,,446m 3468p 134s 145z,,,,,,,,,,,,,,
20260409110743_0700_001,20260409110743_0700,20260409110743,,,,,0700,2,mezzuj-2,39,1p,tedashi,1775702139,4321.966,,0,,"[56,72,121,65,44,81,51,110,87,15,13,124,23]",,,,446m 3468p 134s 145z,,,,,,,,,,,,,,
20260409110743_0700_002,20260409110743_0700,20260409110743,,,,,0700,3,QryanQ,108,1z,tedashi,1775702140,1671.042,,0,,"[56,72,121,65,44,81,51,110,87,15,13,124,23]",,,,446m 3468p 134s 145z,,,,,,,,,,,,,,
20260409110743_0700_003,20260409110743_0700,20260409110743,,,,,0700,0,s6u,110,1z,tedashi,1775702142,1308.095,,0,,"[56,72,121,65,44,81,51,110,87,15,13,124,23,47]",,,,446m 33468p 134s 145z,,,,4,4,4,,0,,,,,,
20260409110743_0700_004,20260409110743_0700,20260409110743,,,,,0700,1,santal,94,6s,tedashi,1775702149,7057.4,,0,,"[56,72,121,65,44,81,51,87,15,13,124,23,47]",,,,446m 33468p 134s 45z,,,,,,,,,,,,,,
20260409110743_0700_005,20260409110743_0700,20260409110743,,,,,0700,2,mezzuj-2,119,3z,risekichu_hokan_tsumogiri,1775702151,2811.995,,0,,"[56,72,121,65,44,81,51,87,15,13,124,23,47]",,,,446m 33468p 134s 45z,,,,,,,,,,,,,,
20260409110743_0700_006,20260409110743_0700,20260409110743,,,,,0700,3,QryanQ,1,1m,tedashi,1775702154,2103.122,,0,,"[56,72,121,65,44,81,51,87,15,13,124,23,47]",,,,446m 33468p 134s 45z,,,,,,,,,,,,,,
20260409110743_0700_007,20260409110743_0700,20260409110743,,,,,0700,0,s6u,72,1s,tedashi,1775702155,1350.466,,0,,"[56,72,121,65,44,81,51,87,15,13,124,23,47,53]",,,,446m 334568p 134s 45z,,,,3,3,4,,0,,,,,,
20260409110743_0700_008,20260409110743_0700,20260409110743,,,,,0700,1,santal,0,1m,tedashi,1775702160,4906.532,,0,,"[56,121,65,44,81,51,87,15,13,124,23,47,53]",,,,446m 334568p 34s 45z,,,,,,,,,,,,,,
20260409110743_0700_009,20260409110743_0700,20260409110743,,,,,0700,2,mezzuj-2,129,6z,tedashi,1775702162,2156.218,,0,,"[56,121,65,44,81,51,87,15,13,124,23,47,53]",,,,446m 334568p 34s 45z,,,,,,,,,,,,,,
20260409110743_0700_010,20260409110743_0700,20260409110743,,,,,0700,3,QryanQ,125,5z,tedashi,1775702167,4595.254,,0,,"[56,121,65,44,81,51,87,15,13,124,23,47,53]",,,,446m 334568p 34s 45z,,,,,,,,,,,,,,
20260409110743_0700_011,20260409110743_0700,20260409110743,,,,,0700,0,s6u,121,4z,tedashi,1775702170,3051.51,,2,1468.147,"[56,121,65,44,81,51,87,15,13,124,23,47,53,99]",,,,446m 334568p 347s 45z,,,,3,3,4,,0,,,,,,
20260409110743_0700_012,20260409110743_0700,20260409110743,,,,,0700,1,santal,59,6p,tedashi,1775702172,850.716,,1,2040.545,"[56,65,44,81,51,87,15,13,124,23,47,53,99]",,,,446m 334568p 347s 5z,,,,,,,,,,,,,,
20260409110743_0700_013,20260409110743_0700,20260409110743,,,,,0700,2,mezzuj-2,33,9m,tedashi,1775702183,8674.044,,0,,"[56,65,44,81,51,87,15,13,124,23,47,53,99]",,,,446m 334568p 347s 5z,,,,,,,,,,,,,,
20260409110743_0700_014,20260409110743_0700,20260409110743,,,,,0700,3,QryanQ,38,1p,tedashi,1775702187,4291.964,,0,,"[56,65,44,81,51,87,15,13,124,23,47,53,99]",,,,446m 334568p 347s 5z,,,,,,,,,,,,,,
20260409110743_0700_015,20260409110743_0700,20260409110743,,,,,0700,0,s6u,133,7z,tsumogiri,1775702190,3129.387,,0,,"[56,65,44,81,51,87,15,13,124,23,47,53,99,133]",,,,446m 334568p 347s 57z,,,,3,3,4,,0,,,,,,
20260409110743_0700_016,20260409110743_0700,20260409110743,,,,,0700,1,santal,96,7s,risekichu_hokan_tsumogiri,1775702192,1963.215,,0,,"[56,65,44,81,51,87,15,13,124,23,47,53,99]",,,,446m 334568p 347s 5z,,,,,,,,,,,,,,
20260409110743_0700_017,20260409110743_0700,20260409110743,,,,,0700,2,mezzuj-2,69,9p,tedashi,1775702197,4942.532,,2,1015.564,"[56,65,44,81,51,87,15,13,124,23,47,53,99]",,,,446m 334568p 347s 5z,,,,,,,,,,,,,,
20260409110743_0700_018,20260409110743_0700,20260409110743,,,,,0700,1,santal,18,5m,tedashi,1775702203,4922.054,,2,3274.201,"[56,65,44,81,51,87,15,13,124,23,47,53,99]",,,,446m 334568p 347s 5z,,,,,,,,,,,,,,
20260409110743_0700_019,20260409110743_0700,20260409110743,,,,,0700,2,mezzuj-2,64,8p,tedashi,1775702207,949.205,,0,,"[56,65,44,81,51,87,15,13,124,23,47,53,99]",,,,446m 334568p 347s 5z,,,,,,,,,,,,,,
20260409110743_0700_020,20260409110743_0700,20260409110743,,,,,0700,3,QryanQ,103,8s,tedashi,1775702209,2104.455,,2,1089.595,"[56,65,44,81,51,87,15,13,124,23,47,53,99]",,,,446m 334568p 347s 5z,,,,,,,,,,,,,,
20260409110743_0700_021,20260409110743_0700,20260409110743,,,,,0700,1,santal,63,7p,tedashi,1775702211,1032.096,,0,,"[56,65,44,81,51,87,15,13,124,23,47,53,99]",,,,446m 334568p 347s 5z,,,,,,,,,,,,,,
20260409110743_0700_022,20260409110743_0700,20260409110743,,,,,0700,2,mezzuj-2,37,1p,risekichu_hokan_tsumogiri,1775702214,2974.185,,0,,"[56,65,44,81,51,87,15,13,124,23,47,53,99]",,,,446m 334568p 347s 5z,,,,,,,,,,,,,,
20260409110743_0700_023,20260409110743_0700,20260409110743,,,,,0700,3,QryanQ,91,5s,tedashi,1775702223,8443.912,,2,1951.946,"[56,65,44,81,51,87,15,13,124,23,47,53,99]",,,,446m 334568p 347s 5z,,,,,,,,,,,,,,
20260409110743_0700_024,20260409110743_0700,20260409110743,,,,,0700,0,s6u,124,5z,tedashi,1775702231,6720.856,,0,,"[56,65,44,51,15,13,124,23,47,53,99]",,,,446m 334568p 7s 5z,,,,2,2,,,0,,,,,,
20260409110743_0700_025,20260409110743_0700,20260409110743,,,,,0700,1,santal,113,2z,tedashi,1775702235,3138.641,,0,,"[56,65,44,51,15,13,23,47,53,99]",,,,446m 334568p 7s,,,,,,,,,,,,,,
20260409110743_0700_026,20260409110743_0700,20260409110743,,,,,0700,2,mezzuj-2,3,1m,risekichu_hokan_tsumogiri,1775702237,2433.419,,0,,"[56,65,44,51,15,13,23,47,53,99]",,,,446m 334568p 7s,,,,,,,,,,,,,,
20260409110743_0700_027,20260409110743_0700,20260409110743,,,,,0700,3,QryanQ,92,6s,risekichu_hokan_tsumogiri,1775702239,2166.576,,0,,"[56,65,44,51,15,13,23,47,53,99]",,,,446m 334568p 7s,,,,,,,,,,,,,,
20260409110743_0700_028,20260409110743_0700,20260409110743,,,,,0700,0,s6u,99,7s,tedashi,1775702241,1758.951,,0,,"[56,65,44,51,15,13,23,47,53,99,6]",,,,2446m 334568p 7s,,,,1,1,,,0,,,,,,
20260409110743_0700_029,20260409110743_0700,20260409110743,,,,,0700,1,santal,42,2p,tedashi,1775702244,3237.74,,1,1838.512,"[56,65,44,51,15,13,23,47,53,6]",,,,2446m 334568p,,,,,,,,,,,,,,
20260409110743_0700_030,20260409110743_0700,20260409110743,,,,,0700,2,mezzuj-2,100,8s,risekichu_hokan_tsumogiri,1775702248,1850.163,,0,,"[56,65,44,51,15,13,23,47,53,6]",,,,2446m 334568p,,,,,,,,,,,,,,
20260409110743_0700_031,20260409110743_0700,20260409110743,,,,,0700,3,QryanQ,76,2s,risekichu_hokan_tsumogiri,1775702250,2172.354,,0,,"[56,65,44,51,15,13,23,47,53,6]",,,,2446m 334568p,,,,,,,,,,,,,,
20260409110743_0700_032,20260409110743_0700,20260409110743,,,,,0700,0,s6u,114,2z,tsumogiri,1775702257,6501.593,,0,,"[56,65,44,51,15,13,23,47,53,6,114]",,,,2446m 334568p 2z,,,,1,1,,,0,,,,,,
20260409110743_0700_033,20260409110743_0700,20260409110743,,,,,0700,1,santal,75,1s,risekichu_hokan_tsumogiri,1775702258,1621.813,,0,,"[56,65,44,51,15,13,23,47,53,6]",,,,2446m 334568p,,,,,,,,,,,,,,
20260409110743_0700_034,20260409110743_0700,20260409110743,,,,,0700,2,mezzuj-2,60,7p,risekichu_hokan_tsumogiri,1775702261,2810.479,,0,,"[56,65,44,51,15,13,23,47,53,6]",,,,2446m 334568p,,,,,,,,,,,,,,
20260409110743_0700_035,20260409110743_0700,20260409110743,,,,,0700,3,QryanQ,74,1s,risekichu_hokan_tsumogiri,1775702263,2257.797,,0,,"[56,65,44,51,15,13,23,47,53,6]",,,,2446m 334568p,,,,,,,,,,,,,,
20260409110743_0700_036,20260409110743_0700,20260409110743,,,,,0700,0,s6u,73,1s,tsumogiri,1775702265,1887.754,,0,,"[56,65,44,51,15,13,23,47,53,6,73]",,,,2446m 334568p 1s,,,,1,1,,,0,,,,,,
20260409110743_0700_037,20260409110743_0700,20260409110743,,,,,0700,1,santal,21,6m,risekichu_hokan_tsumogiri,1775702267,1742.182,,0,,"[56,65,44,51,15,13,23,47,53,6]",,,,2446m 334568p,,,,,,,,,,,,,,
20260409110743_0700_038,20260409110743_0700,20260409110743,,,,,0700,2,mezzuj-2,131,6z,risekichu_hokan_tsumogiri,1775702271,3939.555,,0,,"[56,65,44,51,15,13,23,47,53,6]",,,,2446m 334568p,,,,,,,,,,,,,,
20260409110743_0700_039,20260409110743_0700,20260409110743,,,,,0700,3,QryanQ,93,6s,risekichu_hokan_tsumogiri,1775702273,1829.157,,0,,"[56,65,44,51,15,13,23,47,53,6]",,,,2446m 334568p,,,,,,,,,,,,,,
20260409110743_0700_040,20260409110743_0700,20260409110743,,,,,0700,0,s6u,134,7z,tsumogiri,1775702277,4813.131,,0,,"[56,65,44,51,15,13,23,47,53,6,134]",,,,2446m 334568p 7z,,,,1,1,,,0,,,,,,
20260409110743_0700_041,20260409110743_0700,20260409110743,,,,,0700,1,santal,19,5m,risekichu_hokan_tsumogiri,1775702279,1656.492,,0,,"[56,65,44,51,15,13,23,47,53,6]",,,,2446m 334568p,,,,,,,,,,,,,,
20260409110743_0700_042,20260409110743_0700,20260409110743,,,,,0700,2,mezzuj-2,109,1z,risekichu_hokan_tsumogiri,1775702282,3166.794,,0,,"[56,65,44,51,15,13,23,47,53,6]",,,,2446m 334568p,,,,,,,,,,,,,,
20260409110743_0700_043,20260409110743_0700,20260409110743,,,,,0700,3,QryanQ,107,9s,tedashi,1775702286,3988.571,,0,,"[56,65,44,51,15,13,23,47,53,6]",,,,2446m 334568p,,,,,,,,,,,,,,
20260409110743_0700_044,20260409110743_0700,20260409110743,,,,,0700,0,s6u,65,8p,tedashi,1775702289,2869.967,,0,,"[56,65,44,51,15,13,23,47,53,6,26]",,,,24467m 334568p,,,,1,1,,,0,,,,,,
20260409110743_0700_045,20260409110743_0700,20260409110743,,,,,0700,1,santal,4,2m,risekichu_hokan_tsumogiri,1775702291,1875.87,,1,3753.255,"[56,44,51,15,13,23,47,53,6,26]",,,,24467m 33456p,,,,,,,,,,,,,,
20260409110743_0700_046,20260409110743_0700,20260409110743,,,,,0700,2,mezzuj-2,14,4m,tedashi,1775702295,1701.265,,2,1265.811,"[56,44,51,15,13,23,47,53,6,26]",,,,24467m 33456p,,,,,,,,,,,,,,
20260409110743_0700_047,20260409110743_0700,20260409110743,,,,,0700,0,s6u,6,2m,tedashi,1775702297,1040.791,,0,,"[56,44,51,23,47,53,6,26]",,,,267m 33456p,,,,0,0,,58m,0,,,,,,
20260409110743_0700_048,20260409110743_0700,20260409110743,,,,,0700,1,santal,24,7m,risekichu_hokan_tsumogiri,1775702299,1992.734,,0,,"[56,44,51,23,47,53,26]",,,,67m 33456p,,,,,,,,,,,,,,
20260409110743_0700_049,20260409110743_0700,20260409110743,,,,,0700,2,mezzuj-2,128,6z,risekichu_hokan_tsumogiri,1775702302,2534.768,,0,,"[56,44,51,23,47,53,26]",,,,67m 33456p,,,,,,,,,,,,,,
20260409110743_0700_050,20260409110743_0700,20260409110743,,,,,0700,3,QryanQ,106,9s,tedashi,1775702304,2430.264,,0,,"[56,44,51,23,47,53,26]",,,,67m 33456p,,,,,,,,,,,,,,
20260409115526_0000_000,20260409115526_0000,20260409115526,41,0029,tokujou,特上卓,0000,2,ff2,72,1s,tedashi,1775703333,,,3,1598.075,"[47,112,40,70,52,24,117,83,58,132,106,16,34]","[67,6,95,46,7,8,22,18,116,93,120,103,63]","[60,41,125,131,110,72,21,0,53,90,86,2,111,126]","[37,73,12,87,38,107,20,57,108,75,62,98,133]",r579m 23r569p 39s 237z,22356m 378p 668s 34z,116m 257p 145s 11556z,46m 1167p 11479s 17z,3,3,3,,0,,,,,,
20260409115526_0000_001,20260409115526_0000,20260409115526,41,0029,tokujou,特上卓,0000,3,不会配平,108,1z,tedashi,1775703335,932.406,,3,3322.645,"[47,112,40,70,52,24,117,83,58,132,106,16,34]","[67,6,95,46,7,8,22,18,116,93,120,103,63]","[60,41,125,131,110,21,0,53,90,86,2,111,126]","[37,73,12,87,38,107,20,57,108,75,62,98,133,135]",r579m 23r569p 39s 237z,22356m 378p 668s 34z,116m 257p 45s 11556z,46m 1167p 11479s 177z,3,3,3,,0,,,,,,
20260409115526_0000_002,20260409115526_0000,20260409115526,41,0029,tokujou,特上卓,0000,2,ff2,41,2p,tedashi,1775703339,1650.688,,0,,"[47,112,40,70,52,24,117,83,58,132,106,16,34]","[67,6,95,46,7,8,22,18,116,93,120,103,63]","[60,41,125,131,110,21,0,53,90,86,2,126]","[37,73,12,87,38,107,20,57,75,62,98,133,135]",r579m 23r569p 39s 237z,22356m 378p 668s 34z,116m 257p 45s 1556z,46m 1167p 11479s 77z,,,,,,,,,,,
20260409115526_0000_003,20260409115526_0000,20260409115526,41,0029,tokujou,特上卓,0000,3,不会配平,12,4m,tedashi,1775703341,2089.316,,0,,"[47,112,40,70,52,24,117,83,58,132,106,16,34]","[67,6,95,46,7,8,22,18,116,93,120,103,63]","[60,125,131,110,21,0,53,90,86,2,126]","[37,73,12,87,38,107,20,57,75,62,98,133,135,26]",r579m 23r569p 39s 237z,22356m 378p 668s 34z,116m 57p 45s 1556z,467m 1167p 11479s 77z,3,3,3,,0,,,,,,
20260409115526_0000_004,20260409115526_0000,20260409115526,41,0029,tokujou,特上卓,0000,0,s6u,112,2z,tedashi,1775703343,2203.802,,0,,"[47,112,40,70,52,24,117,83,58,132,106,16,34,11]","[67,6,95,46,7,8,22,18,116,93,120,103,63]","[60,125,131,110,21,0,53,90,86,2,126]","[37,73,87,38,107,20,57,75,62,98,133,135,26]",3r579m 23r569p 39s 237z,22356m 378p 668s 34z,116m 57p 45s 1556z,67m 1167p 11479s 77z,4,4,6,,0,,,,,,
20260409115526_0000_005,20260409115526_0000,20260409115526,41,0029,tokujou,特上卓,0000,1,SweetBit,116,3z,tedashi,1775703344,1430.575,,0,,"[47,40,70,52,24,117,83,58,132,106,16,34,11]","[67,6,95,46,7,8,22,18,116,93,120,103,63,134]","[60,125,131,110,21,0,53,90,86,2,126]","[37,73,87,38,107,20,57,75,62,98,133,135,26]",3r579m 23r569p 39s 37z,22356m 378p 668s 347z,116m 57p 45s 1556z,67m 1167p 11479s 77z,4,4,4,,0,,,,,,
20260409115526_0000_006,20260409115526_0000,20260409115526,41,0029,tokujou,特上卓,0000,2,ff2,105,9s,risekichu_hokan_tsumogiri,1775703346,1497.913,,0,,"[47,40,70,52,24,117,83,58,132,106,16,34,11]","[67,6,95,46,7,8,22,18,93,120,103,63,134]","[60,125,131,110,21,0,53,90,86,2,126,105]","[37,73,87,38,107,20,57,75,62,98,133,135,26]",3r579m 23r569p 39s 37z,22356m 378p 668s 47z,116m 57p 459s 1556z,67m 1167p 11479s 77z,,,,,,,,,,,
20260409115526_0000_007,20260409115526_0000,20260409115526,41,0029,tokujou,特上卓,0000,3,不会配平,87,4s,tedashi,1775703348,2630.293,,0,,"[47,40,70,52,24,117,83,58,132,106,16,34,11]","[67,6,95,46,7,8,22,18,93,120,103,63,134]","[60,125,131,110,21,0,53,90,86,2,126]","[37,73,87,38,107,20,57,75,62,98,133,135,26,92]",3r579m 23r569p 39s 37z,22356m 378p 668s 47z,116m 57p 45s 1556z,67m 1167p 114679s 77z,3,3,3,,0,,,,,,
20260409115526_0000_008,20260409115526_0000,20260409115526,41,0029,tokujou,特上卓,0000,0,s6u,70,9p,tedashi,1775703351,2333.385,,3,1148.695,"[47,40,70,52,24,117,83,58,132,106,16,34,11,81]","[67,6,95,46,7,8,22,18,93,120,103,63,134]","[60,125,131,110,21,0,53,90,86,2,126]","[37,73,38,107,20,57,75,62,98,133,135,26,92]",3r579m 23r569p 339s 37z,22356m 378p 668s 47z,116m 57p 45s 1556z,67m 1167p 11679s 77z,3,3,5,,0,,,,,,
20260409115526_0000_009,20260409115526_0000,20260409115526,41,0029,tokujou,特上卓,0000,1,SweetBit,134,7z,tedashi,1775703359,6927.877,,2,915.15,"[47,40,52,24,117,83,58,132,106,16,34,11,81]","[67,6,95,46,7,8,22,18,93,120,103,63,134,50]","[60,125,131,110,21,0,53,90,86,2,126]","[37,73,38,107,20,57,75,62,98,133,135,26,92]",3r579m 23r56p 339s 37z,22356m 3478p 668s 47z,116m 57p 45s 1556z,67m 1167p 11679s 77z,3,3,4,,0,,,,,,
20260409115526_0000_010,20260409115526_0000,20260409115526,41,0029,tokujou,特上卓,0000,3,不会配平,107,9s,tedashi,1775703360,646.512,,0,,"[47,40,52,24,117,83,58,132,106,16,34,11,81]","[67,6,95,46,7,8,22,18,93,120,103,63,50]","[60,125,131,110,21,0,53,90,86,2,126]","[37,73,38,107,20,57,75,62,98,26,92]",3r579m 23r56p 339s 37z,22356m 3478p 668s 4z,116m 57p 45s 1556z,67m 1167p 11679s,2,2,,,0,,,,,,
20260409115526_0000_011,20260409115526_0000,20260409115526,41,0029,tokujou,特上卓,0000,0,s6u,132,7z,tedashi,1775703365,4784.145,,0,,"[47,40,52,24,117,83,58,132,106,16,34,11,81,48]","[67,6,95,46,7,8,22,18,93,120,103,63,50]","[60,125,131,110,21,0,53,90,86,2,126]","[37,73,38,20,57,75,62,98,26,92]",3r579m 234r56p 339s 37z,22356m 3478p 668s 4z,116m 57p 45s 1556z,67m 1167p 1167s,2,2,5,,0,,,,,,
20260409115526_0000_012,20260409115526_0000,20260409115526,41,0029,tokujou,特上卓,0000,1,SweetBit,103,8s,tedashi,1775703368,2647.069,,0,,"[47,40,52,24,117,83,58,106,16,34,11,81,48]","[67,6,95,46,7,8,22,18,93,120,103,63,50,69]","[60,125,131,110,21,0,53,90,86,2,126]","[37,73,38,20,57,75,62,98,26,92]",3r579m 234r56p 339s 3z,22356m 34789p 668s 4z,116m 57p 45s 1556z,67m 1167p 1167s,2,2,4,,0,,,,,,
20260409115526_0000_013,20260409115526_0000,20260409115526,41,0029,tokujou,特上卓,0000,2,ff2,21,6m,tedashi,1775703370,2100.417,,0,,"[47,40,52,24,117,83,58,106,16,34,11,81,48]","[67,6,95,46,7,8,22,18,93,120,63,50,69]","[60,125,131,110,21,0,53,90,86,2,126,59]","[37,73,38,20,57,75,62,98,26,92]",3r579m 234r56p 339s 3z,22356m 34789p 66s 4z,116m 567p 45s 1556z,67m 1167p 1167s,,,,,,,,,,,
20260409115526_0000_014,20260409115526_0000,20260409115526,41,0029,tokujou,特上卓,0000,3,不会配平,99,7s,risekichu_hokan_tsumogiri,1775703377,6710.619,,0,,"[47,40,52,24,117,83,58,106,16,34,11,81,48]","[67,6,95,46,7,8,22,18,93,120,63,50,69]","[60,125,131,110,0,53,90,86,2,126,59]","[37,73,38,20,57,75,62,98,26,92,99]",3r579m 234r56p 339s 3z,22356m 34789p 66s 4z,11m 567p 45s 1556z,67m 1167p 11677s,2,2,,,1,,,,,,
20260409115526_0000_015,20260409115526_0000,20260409115526,41,0029,tokujou,特上卓,0000,0,s6u,113,2z,tsumogiri,1775703379,2702.585,,0,,"[47,40,52,24,117,83,58,106,16,34,11,81,48,113]","[67,6,95,46,7,8,22,18,93,120,63,50,69]","[60,125,131,110,0,53,90,86,2,126,59]","[37,73,38,20,57,75,62,98,26,92]",3r579m 234r56p 339s 23z,22356m 34789p 66s 4z,11m 567p 45s 1556z,67m 1167p 1167s,2,2,5,,0,,,,,,
20260409115526_0000_016,20260409115526_0000,20260409115526,41,0029,tokujou,特上卓,0000,1,SweetBit,30,8m,risekichu_hokan_tsumogiri,1775703382,3026.05,,0,,"[47,40,52,24,117,83,58,106,16,34,11,81,48]","[67,6,95,46,7,8,22,18,93,120,63,50,69,30]","[60,125,131,110,0,53,90,86,2,126,59]","[37,73,38,20,57,75,62,98,26,92]",3r579m 234r56p 339s 3z,223568m 34789p 66s 4z,11m 567p 45s 1556z,67m 1167p 1167s,2,2,4,,0,,,,,,
20260409115526_0000_017,20260409115526_0000,20260409115526,41,0029,tokujou,特上卓,0000,2,ff2,66,8p,risekichu_hokan_tsumogiri,1775703384,2065.39,,2,1029.147,"[47,40,52,24,117,83,58,106,16,34,11,81,48]","[67,6,95,46,7,8,22,18,93,120,63,50,69]","[60,125,131,110,0,53,90,86,2,126,59,66]","[37,73,38,20,57,75,62,98,26,92]",3r579m 234r56p 339s 3z,22356m 34789p 66s 4z,11m 5678p 45s 1556z,67m 1167p 1167s,,,,,,,,,,,
20260409115526_0000_018,20260409115526_0000,20260409115526,41,0029,tokujou,特上卓,0000,3,不会配平,98,7s,tedashi,1775703387,1335.326,,0,,"[47,40,52,24,117,83,58,106,16,34,11,81,48]","[67,6,95,46,7,8,22,18,93,120,63,50,69]","[60,125,131,110,0,53,90,86,2,126,59]","[37,73,38,20,75,98,26,92]",3r579m 234r56p 339s 3z,22356m 34789p 66s 4z,11m 567p 45s 1556z,67m 11p 1167s,1,1,,,0,,,,,,
20260409115526_0000_019,20260409115526_0000,20260409115526,41,0029,tokujou,特上卓,0000,0,s6u,106,9s,tedashi,1775703389,2256.118,,0,,"[47,40,52,24,117,83,58,106,16,34,11,81,48,1]","[67,6,95,46,7,8,22,18,93,120,63,50,69]","[60,125,131,110,0,53,90,86,2,126,59]","[37,73,38,20,75,26,92]",13r579m 234r56p 339s 3z,22356m 34789p 66s 4z,11m 567p 45s 1556z,67m 11p 116s,2,2,5,,0,,,,,,
20260409115526_0000_020,20260409115526_0000,20260409115526,41,0029,tokujou,特上卓,0000,1,SweetBit,120,4z,tedashi,1775703393,4384.131,,0,,"[47,40,52,24,117,83,58,16,34,11,81,48,1]","[67,6,95,46,7,8,22,18,93,120,63,50,69,127]","[60,125,131,110,0,53,90,86,2,126,59]","[37,73,38,20,75,26,92]",13r579m 234r56p 33s 3z,22356m 34789p 66s 45z,11m 567p 45s 1556z,67m 11p 116s,2,2,4,,0,,,,,,
20260409115526_0000_021,20260409115526_0000,20260409115526,41,0029,tokujou,特上卓,0000,2,ff2,131,6z,tedashi,1775703395,1826.546,,0,,"[47,40,52,24,117,83,58,16,34,11,81,48,1]","[67,6,95,46,7,8,22,18,93,63,50,69,127]","[60,125,131,110,0,53,90,86,2,126,59,124]","[37,73,38,20,75,26,92]",13r579m 234r56p 33s 3z,22356m 34789p 66s 5z,11m 567p 45s 15556z,67m 11p 116s,,,,,,,,,,,
20260409115526_0000_022,20260409115526_0000,20260409115526,41,0029,tokujou,特上卓,0000,3,不会配平,92,6s,tedashi,1775703398,2781.924,,0,,"[47,40,52,24,117,83,58,16,34,11,81,48,1]","[67,6,95,46,7,8,22,18,93,63,50,69,127]","[60,125,110,0,53,90,86,2,126,59,124]","[37,73,38,20,75,26,92,31]",13r579m 234r56p 33s 3z,22356m 34789p 66s 5z,11m 567p 45s 1555z,678m 11p 116s,0,0,,1p 1s,0,,,,,,
20260409115526_0001_000,20260409115526_0001,20260409115526,41,0029,tokujou,特上卓,0001,2,ff2,118,3z,tedashi,1775703414,,,0,,"[56,71,61,87,26,4,57,11,5,132,31,98,65]","[99,97,133,10,106,30,69,36,75,122,73,78,34]","[63,19,118,108,13,33,128,129,3,45,74,111,77,93]","[90,114,15,43,35,53,41,6,127,54,62,55,44]",22378m 66789p 47s 7z,389m 19p 112779s 47z,1459m 37p 126s 11366z,249m 2235557p 5s 25z,4,4,4,,0,,,,,,
20260409115526_0001_001,20260409115526_0001,20260409115526,41,0029,tokujou,特上卓,0001,3,不会配平,35,9m,tedashi,1775703415,1222.26,,6,207.751,"[56,71,61,87,26,4,57,11,5,132,31,98,65]","[99,97,133,10,106,30,69,36,75,122,73,78,34]","[63,19,108,13,33,128,129,3,45,74,111,77,93]","[90,114,15,43,35,53,41,6,127,54,62,55,44,92]",22378m 66789p 47s 7z,389m 19p 112779s 47z,1459m 37p 126s 1166z,249m 2235557p 56s 25z,3,3,4,,0,,,,,,
20260409115526_0001_002,20260409115526_0001,20260409115526,41,0029,tokujou,特上卓,0001,0,s6u,132,7z,tedashi,1775703416,1199.2,,0,,"[56,71,61,87,26,4,57,11,5,132,31,98,65,52]","[99,97,133,10,106,30,69,36,75,122,73,78,34]","[63,19,108,13,33,128,129,3,45,74,111,77,93]","[90,114,15,43,53,41,6,127,54,62,55,44,92]",22378m r566789p 47s 7z,389m 19p 112779s 47z,1459m 37p 126s 1166z,24m 2235557p 56s 25z,3,3,4,,0,,,,,,
20260409115526_0001_003,20260409115526_0001,20260409115526,41,0029,tokujou,特上卓,0001,1,SweetBit,97,7s,tedashi,1775703426,9550.26,,0,,"[56,71,61,87,26,4,57,11,5,31,98,65,52]","[99,97,133,10,106,30,69,36,75,122,73,78,34,39]","[63,19,108,13,33,128,129,3,45,74,111,77,93]","[90,114,15,43,53,41,6,127,54,62,55,44,92]",22378m r566789p 47s,389m 119p 112779s 47z,1459m 37p 126s 1166z,24m 2235557p 56s 25z,3,4,3,,0,,,,,,
20260409115526_0001_004,20260409115526_0001,20260409115526,41,0029,tokujou,特上卓,0001,2,ff2,3,1m,tedashi,1775703428,2237.83,,0,,"[56,71,61,87,26,4,57,11,5,31,98,65,52]","[99,133,10,106,30,69,36,75,122,73,78,34,39]","[63,19,108,13,33,128,129,3,45,74,111,77,93,125]","[90,114,15,43,53,41,6,127,54,62,55,44,92]",22378m r566789p 47s,389m 119p 11279s 47z,1459m 37p 126s 11566z,24m 2235557p 56s 25z,4,4,4,,0,,,,,,
20260409115526_0001_005,20260409115526_0001,20260409115526,41,0029,tokujou,特上卓,0001,3,不会配平,28,8m,risekichu_hokan_tsumogiri,1775703430,1932.309,,0,,"[56,71,61,87,26,4,57,11,5,31,98,65,52]","[99,133,10,106,30,69,36,75,122,73,78,34,39]","[63,19,108,13,33,128,129,45,74,111,77,93,125]","[90,114,15,43,53,41,6,127,54,62,55,44,92,28]",22378m r566789p 47s,389m 119p 11279s 47z,459m 37p 126s 11566z,248m 2235557p 56s 25z,3,3,4,,0,,,,,,
20260409115526_0001_006,20260409115526_0001,20260409115526,41,0029,tokujou,特上卓,0001,0,s6u,87,4s,tedashi,1775703438,7418.007,,0,,"[56,71,61,87,26,4,57,11,5,31,98,65,52,50]","[99,133,10,106,30,69,36,75,122,73,78,34,39]","[63,19,108,13,33,128,129,45,74,111,77,93,125]","[90,114,15,43,53,41,6,127,54,62,55,44,92]",22378m 4r566789p 47s,389m 119p 11279s 47z,459m 37p 126s 11566z,24m 2235557p 56s 25z,2,2,4,,0,,,,,,
20260409115526_0001_007,20260409115526_0001,20260409115526,41,0029,tokujou,特上卓,0001,1,SweetBit,133,7z,tedashi,1775703440,2613.917,,0,,"[56,71,61,26,4,57,11,5,31,98,65,52,50]","[99,133,10,106,30,69,36,75,122,73,78,34,39,126]","[63,19,108,13,33,128,129,45,74,111,77,93,125]","[90,114,15,43,53,41,6,127,54,62,55,44,92]",22378m 4r566789p 7s,389m 119p 11279s 457z,459m 37p 126s 11566z,24m 2235557p 56s 25z,4,4,4,,0,,,,,,
20260409115526_0001_008,20260409115526_0001,20260409115526,41,0029,tokujou,特上卓,0001,2,ff2,33,9m,tedashi,1775703442,1905.83,,0,,"[56,71,61,26,4,57,11,5,31,98,65,52,50]","[99,10,106,30,69,36,75,122,73,78,34,39,126]","[63,19,108,13,33,128,129,45,74,111,77,93,125,81]","[90,114,15,43,53,41,6,127,54,62,55,44,92]",22378m 4r566789p 7s,389m 119p 11279s 45z,459m 37p 1236s 11566z,24m 2235557p 56s 25z,3,3,4,,0,,,,,,
20260409115526_0001_009,20260409115526_0001,20260409115526,41,0029,tokujou,特上卓,0001,3,不会配平,6,2m,tedashi,1775703445,2590.541,,6,214.287,"[56,71,61,26,4,57,11,5,31,98,65,52,50]","[99,10,106,30,69,36,75,122,73,78,34,39,126]","[63,19,108,13,128,129,45,74,111,77,93,125,81]","[90,114,15,43,53,41,6,127,54,62,55,44,92,17]",22378m 4r566789p 7s,389m 119p 11279s 45z,45m 37p 1236s 11566z,245m 2235557p 56s 25z,3,3,4,,0,,,,,,
20260409115526_0001_010,20260409115526_0001,20260409115526,41,0029,tokujou,特上卓,0001,0,s6u,11,3m,tedashi,1775703456,11319.731,,0,,"[56,71,61,26,4,57,11,5,31,98,65,52,50,100]","[99,10,106,30,69,36,75,122,73,78,34,39,126]","[63,19,108,13,128,129,45,74,111,77,93,125,81]","[90,114,15,43,53,41,127,54,62,55,44,92,17]",22378m 4r566789p 78s,389m 119p 11279s 45z,45m 37p 1236s 11566z,45m 2235557p 56s 25z,1,1,4,,0,,,,,,
20260409115526_0001_011,20260409115526_0001,20260409115526,41,0029,tokujou,特上卓,0001,1,SweetBit,126,5z,tedashi,1775703462,5609.12,,0,,"[56,71,61,26,4,57,5,31,98,65,52,50,100]","[99,10,106,30,69,36,75,122,73,78,34,39,126,37]","[63,19,108,13,128,129,45,74,111,77,93,125,81]","[90,114,15,43,53,41,127,54,62,55,44,92,17]",2278m 4r566789p 78s,389m 1119p 11279s 45z,45m 37p 1236s 11566z,45m 2235557p 56s 25z,3,3,4,,0,,,,,,
20260409115526_0001_012,20260409115526_0001,20260409115526,41,0029,tokujou,特上卓,0001,2,ff2,7,2m,risekichu_hokan_tsumogiri,1775703464,1616.337,,6,199.762,"[56,71,61,26,4,57,5,31,98,65,52,50,100]","[99,10,106,30,69,36,75,122,73,78,34,39,37]","[63,19,108,13,128,129,45,74,111,77,93,125,81,7]","[90,114,15,43,53,41,127,54,62,55,44,92,17]",2278m 4r566789p 78s,389m 1119p 11279s 4z,245m 37p 1236s 11566z,45m 2235557p 56s 25z,3,3,4,,0,,,,,,
20260409115526_0001_013,20260409115526_0001,20260409115526,41,0029,tokujou,特上卓,0001,3,不会配平,101,8s,risekichu_hokan_tsumogiri,1775703465,1531.067,,0,,"[56,71,61,26,4,57,5,31,98,65,52,50,100]","[99,10,106,30,69,36,75,122,73,78,34,39,37]","[63,19,108,13,128,129,45,74,111,77,93,125,81]","[90,114,15,43,53,41,127,54,62,55,44,92,17,101]",2278m 4r566789p 78s,389m 1119p 11279s 4z,45m 37p 1236s 11566z,45m 2235557p 568s 25z,3,3,4,,0,,,,,,
20260409115526_0001_014,20260409115526_0001,20260409115526,41,0029,tokujou,特上卓,0001,0,s6u,119,3z,tsumogiri,1775703467,1586.22,,0,,"[56,71,61,26,4,57,5,31,98,65,52,50,100,119]","[99,10,106,30,69,36,75,122,73,78,34,39,37]","[63,19,108,13,128,129,45,74,111,77,93,125,81]","[90,114,15,43,53,41,127,54,62,55,44,92,17]",2278m 4r566789p 78s 3z,389m 1119p 11279s 4z,45m 37p 1236s 11566z,45m 2235557p 56s 25z,1,1,4,,0,3z,4336pt,9p,4165pt,6p,3885pt
20260409115526_0001_015,20260409115526_0001,20260409115526,41,0029,tokujou,特上卓,0001,1,SweetBit,78,2s,tedashi,1775703474,7044.82,,3,1002.009,"[56,71,61,26,4,57,5,31,98,65,52,50,100]","[99,10,106,30,69,36,75,122,73,78,34,39,37,25]","[63,19,108,13,128,129,45,74,111,77,93,125,81]","[90,114,15,43,53,41,127,54,62,55,44,92,17]",2278m 4r566789p 78s,3789m 1119p 11279s 4z,45m 37p 1236s 11566z,45m 2235557p 56s 25z,2,2,4,,0,,,,,,
20260409115526_0001_016,20260409115526_0001,20260409115526,41,0029,tokujou,特上卓,0001,2,ff2,125,5z,tedashi,1775703478,3091.466,,0,,"[56,71,61,26,4,57,5,31,98,65,52,50,100]","[99,10,106,30,69,36,75,122,73,34,39,37,25]","[63,19,108,13,128,129,45,74,111,77,93,125,81,103]","[90,114,15,43,53,41,127,54,62,55,44,92,17]",2278m 4r566789p 78s,3789m 1119p 1179s 4z,45m 37p 12368s 11566z,45m 2235557p 56s 25z,2,2,4,,0,,,,,,
20260409115526_0001_017,20260409115526_0001,20260409115526,41,0029,tokujou,特上卓,0001,3,不会配平,127,5z,tedashi,1775703481,3161.856,,0,,"[56,71,61,26,4,57,5,31,98,65,52,50,100]","[99,10,106,30,69,36,75,122,73,34,39,37,25]","[63,19,108,13,128,129,45,74,111,77,93,81,103]","[90,114,15,43,53,41,127,54,62,55,44,92,17,123]",2278m 4r566789p 78s,3789m 1119p 1179s 4z,45m 37p 12368s 1166z,45m 2235557p 56s 245z,3,3,4,,0,,,,,,
20260409115526_0001_018,20260409115526_0001,20260409115526,41,0029,tokujou,特上卓,0001,0,s6u,0,1m,tsumogiri,1775703486,4487.016,,0,,"[56,71,61,26,4,57,5,31,98,65,52,50,100,0]","[99,10,106,30,69,36,75,122,73,34,39,37,25]","[63,19,108,13,128,129,45,74,111,77,93,81,103]","[90,114,15,43,53,41,54,62,55,44,92,17,123]",12278m 4r566789p 78s,3789m 1119p 1179s 4z,45m 37p 12368s 1166z,45m 2235557p 56s 24z,1,1,4,,0,1m,4177pt,9p,4010pt,6p,3740pt
20260409115526_0001_019,20260409115526_0001,20260409115526,41,0029,tokujou,特上卓,0001,1,SweetBit,10,3m,tedashi,1775703488,2005.123,,3,1051.675,"[56,71,61,26,4,57,5,31,98,65,52,50,100]","[99,10,106,30,69,36,75,122,73,34,39,37,25,66]","[63,19,108,13,128,129,45,74,111,77,93,81,103]","[90,114,15,43,53,41,54,62,55,44,92,17,123]",2278m 4r566789p 78s,3789m 11189p 1179s 4z,45m 37p 12368s 1166z,45m 2235557p 56s 24z,1,1,4,,0,,,,,,
20260409115526_0001_020,20260409115526_0001,20260409115526,41,0029,tokujou,特上卓,0001,2,ff2,103,8s,tedashi,1775703491,2053.946,,0,,"[56,71,61,26,4,57,5,31,98,65,52,50,100]","[99,106,30,69,36,75,122,73,34,39,37,25,66]","[63,19,108,13,128,129,45,74,111,77,93,81,103,88]","[90,114,15,43,53,41,54,62,55,44,92,17,123]",2278m 4r566789p 78s,789m 11189p 1179s 4z,45m 37p 123r568s 1166z,45m 2235557p 56s 24z,2,2,4,,0,,,,,,
20260409115526_0001_021,20260409115526_0001,20260409115526,41,0029,tokujou,特上卓,0001,3,不会配平,123,4z,tedashi,1775703492,1378.368,,0,,"[56,71,61,26,4,57,5,31,98,65,52,50,100]","[99,106,30,69,36,75,122,73,34,39,37,25,66]","[63,19,108,13,128,129,45,74,111,77,93,81,88]","[90,114,15,43,53,41,54,62,55,44,92,17,123,12]",2278m 4r566789p 78s,789m 11189p 1179s 4z,45m 37p 123r56s 1166z,445m 2235557p 56s 24z,3,3,3,,0,,,,,,
20260409115526_0001_022,20260409115526_0001,20260409115526,41,0029,tokujou,特上卓,0001,0,s6u,60,7p,tsumogiri,1775703500,8263.04,,2,1305.989,"[56,71,61,26,4,57,5,31,98,65,52,50,100,60]","[99,106,30,69,36,75,122,73,34,39,37,25,66]","[63,19,108,13,128,129,45,74,111,77,93,81,88]","[90,114,15,43,53,41,54,62,55,44,92,17,12]",2278m 4r5667789p 78s,789m 11189p 1179s 4z,45m 37p 123r56s 1166z,445m 2235557p 56s 2z,1,1,3,,0,7p,3983pt,4p,3978pt,9p,3932pt
20260409115526_0001_023,20260409115526_0001,20260409115526,41,0029,tokujou,特上卓,0001,1,SweetBit,122,4z,tedashi,1775703503,1041.859,,0,,"[56,71,61,26,4,57,5,31,98,65,52,50,100]","[99,106,30,36,75,122,73,34,39,37,25]","[63,19,108,13,128,129,45,74,111,77,93,81,88]","[90,114,15,43,53,41,54,62,55,44,92,17,12]",2278m 4r566789p 78s,789m 111p 1179s 4z,45m 37p 123r56s 1166z,445m 2235557p 56s 2z,0,0,,8s,0,,,,,,
20260409115526_0001_024,20260409115526_0001,20260409115526,41,0029,tokujou,特上卓,0001,2,ff2,45,3p,tedashi,1775703507,4140.773,,0,,"[56,71,61,26,4,57,5,31,98,65,52,50,100]","[99,106,30,36,75,73,34,39,37,25]","[63,19,108,13,128,129,45,74,111,77,93,81,88,116]","[90,114,15,43,53,41,54,62,55,44,92,17,12]",2278m 4r566789p 78s,789m 111p 1179s,45m 37p 123r56s 11366z,445m 2235557p 56s 2z,2,2,4,,0,,,,,,
20260409115526_0001_025,20260409115526_0001,20260409115526,41,0029,tokujou,特上卓,0001,3,不会配平,83,3s,risekichu_hokan_tsumogiri,1775703508,1569.441,,0,,"[56,71,61,26,4,57,5,31,98,65,52,50,100]","[99,106,30,36,75,73,34,39,37,25]","[63,19,108,13,128,129,74,111,77,93,81,88,116]","[90,114,15,43,53,41,54,62,55,44,92,17,12,83]",2278m 4r566789p 78s,789m 111p 1179s,45m 7p 123r56s 11366z,445m 2235557p 356s 2z,3,3,3,,0,,,,,,
20260409115526_0001_026,20260409115526_0001,20260409115526,41,0029,tokujou,特上卓,0001,0,s6u,40,2p,tsumogiri,1775703516,7248.496,,3,3120.922,"[56,71,61,26,4,57,5,31,98,65,52,50,100,40]","[99,106,30,36,75,73,34,39,37,25]","[63,19,108,13,128,129,74,111,77,93,81,88,116]","[90,114,15,43,53,41,54,62,55,44,92,17,12]",2278m 24r566789p 78s,789m 111p 1179s,45m 7p 123r56s 11366z,445m 2235557p 56s 2z,1,1,4,,0,2p,4369pt,9p,4181pt,6p,3888pt
20260409115526_0001_027,20260409115526_0001,20260409115526,41,0029,tokujou,特上卓,0001,1,SweetBit,46,3p,risekichu_hokan_tsumogiri,1775703520,1285.695,,0,,"[56,71,61,26,4,57,5,31,98,65,52,50,100]","[99,106,30,36,75,73,34,39,37,25,46]","[63,19,108,13,128,129,74,111,77,93,81,88,116]","[90,114,15,43,53,41,54,62,55,44,92,17,12]",2278m 4r566789p 78s,789m 1113p 1179s,45m 7p 123r56s 11366z,445m 2235557p 56s 2z,0,0,,8s,0,,,,,,
20260409115526_0001_028,20260409115526_0001,20260409115526,41,0029,tokujou,特上卓,0001,2,ff2,63,7p,tedashi,1775703522,1841.006,,0,,"[56,71,61,26,4,57,5,31,98,65,52,50,100]","[99,106,30,36,75,73,34,39,37,25]","[63,19,108,13,128,129,74,111,77,93,81,88,116,135]","[90,114,15,43,53,41,54,62,55,44,92,17,12]",2278m 4r566789p 78s,789m 111p 1179s,45m 7p 123r56s 113667z,445m 2235557p 56s 2z,2,2,4,,0,,,,,,
20260409115526_0001_029,20260409115526_0001,20260409115526,41,0029,tokujou,特上卓,0001,3,不会配平,114,2z,tedashi,1775703524,1976.815,,0,,"[56,71,61,26,4,57,5,31,98,65,52,50,100]","[99,106,30,36,75,73,34,39,37,25]","[19,108,13,128,129,74,111,77,93,81,88,116,135]","[90,114,15,43,53,41,54,62,55,44,92,17,12,9]",2278m 4r566789p 78s,789m 111p 1179s,45m 123r56s 113667z,3445m 2235557p 56s 2z,2,2,3,,0,,,,,,
20260409115526_0001_030,20260409115526_0001,20260409115526,41,0029,tokujou,特上卓,0001,0,s6u,96,7s,tsumogiri,1775703529,5275.473,,0,,"[56,71,61,26,4,57,5,31,98,65,52,50,100,96]","[99,106,30,36,75,73,34,39,37,25]","[19,108,13,128,129,74,111,77,93,81,88,116,135]","[90,15,43,53,41,54,62,55,44,92,17,12,9]",2278m 4r566789p 778s,789m 111p 1179s,45m 123r56s 113667z,3445m 2235557p 56s,1,1,3,,1,7s,4159pt,9p,4018pt,6p,3691pt
20260409115526_0001_031,20260409115526_0001,20260409115526,41,0029,tokujou,特上卓,0001,1,SweetBit,94,6s,risekichu_hokan_tsumogiri,1775703531,1863.021,,0,,"[56,71,61,26,4,57,5,31,98,65,52,50,100]","[99,106,30,36,75,73,34,39,37,25,94]","[19,108,13,128,129,74,111,77,93,81,88,116,135]","[90,15,43,53,41,54,62,55,44,92,17,12,9]",2278m 4r566789p 78s,789m 111p 11679s,45m 123r56s 113667z,3445m 2235557p 56s,0,0,,8s,0,,,,,,
20260409115526_0001_032,20260409115526_0001,20260409115526,41,0029,tokujou,特上卓,0001,2,ff2,116,3z,tedashi,1775703533,2123.736,,0,,"[56,71,61,26,4,57,5,31,98,65,52,50,100]","[99,106,30,36,75,73,34,39,37,25]","[19,108,13,128,129,74,111,77,93,81,88,116,135,89]","[90,15,43,53,41,54,62,55,44,92,17,12,9]",2278m 4r566789p 78s,789m 111p 1179s,45m 123r556s 113667z,3445m 2235557p 56s,2,2,3,,0,,,,,,
20260409115526_0001_033,20260409115526_0001,20260409115526,41,0029,tokujou,特上卓,0001,3,不会配平,32,9m,risekichu_hokan_tsumogiri,1775703535,1510.068,,6,211.044,"[56,71,61,26,4,57,5,31,98,65,52,50,100]","[99,106,30,36,75,73,34,39,37,25]","[19,108,13,128,129,74,111,77,93,81,88,135,89]","[90,15,43,53,41,54,62,55,44,92,17,12,9,32]",2278m 4r566789p 78s,789m 111p 1179s,45m 123r556s 11667z,34459m 2235557p 56s,2,2,3,,0,,,,,,
20260409115526_0001_034,20260409115526_0001,20260409115526,41,0029,tokujou,特上卓,0001,0,s6u,130,6z,tsumogiri,1775703536,1272.629,,2,1575.993,"[56,71,61,26,4,57,5,31,98,65,52,50,100,130]","[99,106,30,36,75,73,34,39,37,25]","[19,108,13,128,129,74,111,77,93,81,88,135,89]","[90,15,43,53,41,54,62,55,44,92,17,12,9]",2278m 4r566789p 78s 6z,789m 111p 1179s,45m 123r556s 11667z,3445m 2235557p 56s,1,1,4,,0,6z,3197pt,9p,3109pt,6p,2789pt
20260409115526_0001_035,20260409115526_0001,20260409115526,41,0029,tokujou,特上卓,0001,2,ff2,135,7z,tedashi,1775703539,1117.832,,0,,"[56,71,61,26,4,57,5,31,98,65,52,50,100]","[99,106,30,36,75,73,34,39,37,25]","[19,108,13,74,111,77,93,81,88,135,89]","[90,15,43,53,41,54,62,55,44,92,17,12,9]",2278m 4r566789p 78s,789m 111p 1179s,45m 123r556s 117z,3445m 2235557p 56s,1,1,,,0,,,,,,
20260409115526_0001_036,20260409115526_0001,20260409115526,41,0029,tokujou,特上卓,0001,3,不会配平,15,4m,tedashi,1775703542,2786.525,,0,,"[56,71,61,26,4,57,5,31,98,65,52,50,100]","[99,106,30,36,75,73,34,39,37,25]","[19,108,13,74,111,77,93,81,88,89]","[90,15,43,53,41,54,62,55,44,92,17,12,9,59]",2278m 4r566789p 78s,789m 111p 1179s,45m 123r556s 11z,3445m 22355567p 56s,1,1,3,,0,,,,,,
20260409115526_0001_037,20260409115526_0001,20260409115526,41,0029,tokujou,特上卓,0001,0,s6u,121,4z,tsumogiri,1775703548,5887.193,,0,,"[56,71,61,26,4,57,5,31,98,65,52,50,100,121]","[99,106,30,36,75,73,34,39,37,25]","[19,108,13,74,111,77,93,81,88,89]","[90,43,53,41,54,62,55,44,92,17,12,9,59]",2278m 4r566789p 78s 4z,789m 111p 1179s,45m 123r556s 11z,345m 22355567p 56s,1,1,4,,0,4z,3037pt,9p,2951pt,6p,2650pt
20260409115526_0001_038,20260409115526_0001,20260409115526,41,0029,tokujou,特上卓,0001,1,SweetBit,24,7m,risekichu_hokan_tsumogiri,1775703551,3279.317,,0,,"[56,71,61,26,4,57,5,31,98,65,52,50,100]","[99,106,30,36,75,73,34,39,37,25,24]","[19,108,13,74,111,77,93,81,88,89]","[90,43,53,41,54,62,55,44,92,17,12,9,59]",2278m 4r566789p 78s,7789m 111p 1179s,45m 123r556s 11z,345m 22355567p 56s,0,0,,8s,0,,,,,,
20260409115526_0001_039,20260409115526_0001,20260409115526,41,0029,tokujou,特上卓,0001,2,ff2,48,4p,risekichu_hokan_tsumogiri,1775703552,1375.435,,2,4529.642,"[56,71,61,26,4,57,5,31,98,65,52,50,100]","[99,106,30,36,75,73,34,39,37,25]","[19,108,13,74,111,77,93,81,88,89,48]","[90,43,53,41,54,62,55,44,92,17,12,9,59]",2278m 4r566789p 78s,789m 111p 1179s,45m 4p 123r556s 11z,345m 22355567p 56s,1,1,,,0,,,,,,
20260409115526_0001_040,20260409115526_0001,20260409115526,41,0029,tokujou,特上卓,0001,3,不会配平,43,2p,tedashi,1775703558,835.971,,0,,"[56,71,61,26,4,57,5,31,98,65,52,50,100]","[99,106,30,36,75,73,34,39,37,25]","[19,108,13,74,111,77,93,81,88,89]","[90,43,53,54,62,55,92,17,12,9,59]",2278m 4r566789p 78s,789m 111p 1179s,45m 123r556s 11z,345m 255567p 56s,0,0,,47s,0,,,,,,
20260409115526_0001_041,20260409115526_0001,20260409115526,41,0029,tokujou,特上卓,0001,0,s6u,57,6p,tedashi,1775703564,6084.104,,0,,"[56,71,61,26,4,57,5,31,98,65,52,50,100,47]","[99,106,30,36,75,73,34,39,37,25]","[19,108,13,74,111,77,93,81,88,89]","[90,53,54,62,55,92,17,12,9,59]",2278m 34r566789p 78s,789m 111p 1179s,45m 123r556s 11z,345m 55567p 56s,1,1,4,,0,6p,2898pt,3p,2890pt,9p,2804pt
20260409115526_0001_042,20260409115526_0001,20260409115526,41,0029,tokujou,特上卓,0001,1,SweetBit,67,8p,risekichu_hokan_tsumogiri,1775703566,2225.731,,0,,"[56,71,61,26,4,5,31,98,65,52,50,100,47]","[99,106,30,36,75,73,34,39,37,25,67]","[19,108,13,74,111,77,93,81,88,89]","[90,53,54,62,55,92,17,12,9,59]",2278m 34r56789p 78s,789m 1118p 1179s,45m 123r556s 11z,345m 55567p 56s,0,0,,8s,0,,,,,,
20260409115526_0001_043,20260409115526_0001,20260409115526,41,0029,tokujou,特上卓,0001,2,ff2,64,8p,risekichu_hokan_tsumogiri,1775703567,1404.205,,6,297.018,"[56,71,61,26,4,5,31,98,65,52,50,100,47]","[99,106,30,36,75,73,34,39,37,25]","[19,108,13,74,111,77,93,81,88,89,64]","[90,53,54,62,55,92,17,12,9,59]",2278m 34r56789p 78s,789m 111p 1179s,45m 8p 123r556s 11z,345m 55567p 56s,1,1,,,0,,,,,,
20260409115526_0001_044,20260409115526_0001,20260409115526,41,0029,tokujou,特上卓,0001,3,不会配平,134,7z,risekichu_hokan_tsumogiri,1775703569,986.872,,0,,"[56,71,61,26,4,5,31,98,65,52,50,100,47]","[99,106,30,36,75,73,34,39,37,25]","[19,108,13,74,111,77,93,81,88,89]","[90,53,54,62,55,92,17,12,9,59,134]",2278m 34r56789p 78s,789m 111p 1179s,45m 123r556s 11z,345m 55567p 56s 7z,0,0,,47s,0,,,,,,
20260409115526_0001_045,20260409115526_0001,20260409115526,41,0029,tokujou,特上卓,0001,0,s6u,84,4s,tsumogiri,1775703570,1447.436,,0,,"[56,71,61,26,4,5,31,98,65,52,50,100,47,84]","[99,106,30,36,75,73,34,39,37,25]","[19,108,13,74,111,77,93,81,88,89]","[90,53,54,62,55,92,17,12,9,59]",2278m 34r56789p 478s,789m 111p 1179s,45m 123r556s 11z,345m 55567p 56s,1,1,5,,0,4s,2572pt,9p,2486pt,3p,2170pt
20260409115526_0100_000,20260409115526_0100,20260409115526,41,0029,tokujou,特上卓,0100,3,不会配平,112,2z,tedashi,1775703579,,,0,,"[30,81,118,67,83,134,93,107,60,22,92,7,1]","[37,125,27,16,80,25,105,34,91,11,55,47,84]","[54,52,13,41,19,120,61,72,36,43,5,44,128]","[6,10,112,123,50,59,51,122,110,99,87,45,79,95]",1268m 78p 33669s 37z,3r5779m 135p 3459s 5z,245m 1223r557p 1s 46z,23m 3446p 2467s 1244z,3,3,4,,0,,,,,,
20260409115526_0100_001,20260409115526_0100,20260409115526,41,0029,tokujou,特上卓,0100,0,s6u,118,3z,tedashi,1775703581,1415.779,,0,,"[30,81,118,67,83,134,93,107,60,22,92,7,1,129]","[37,125,27,16,80,25,105,34,91,11,55,47,84]","[54,52,13,41,19,120,61,72,36,43,5,44,128]","[6,10,123,50,59,51,122,110,99,87,45,79,95]",1268m 78p 33669s 367z,3r5779m 135p 3459s 5z,245m 1223r557p 1s 46z,23m 3446p 2467s 144z,3,3,4,,0,,,,,,
20260409115526_0100_002,20260409115526_0100,20260409115526,41,0029,tokujou,特上卓,0100,1,SweetBit,105,9s,tedashi,1775703584,2996.941,,0,,"[30,81,67,83,134,93,107,60,22,92,7,1,129]","[37,125,27,16,80,25,105,34,91,11,55,47,84,14]","[54,52,13,41,19,120,61,72,36,43,5,44,128]","[6,10,123,50,59,51,122,110,99,87,45,79,95]",1268m 78p 33669s 67z,34r5779m 135p 3459s 5z,245m 1223r557p 1s 46z,23m 3446p 2467s 144z,2,2,5,,0,,,,,,
20260409115526_0100_003,20260409115526_0100,20260409115526,41,0029,tokujou,特上卓,0100,2,ff2,72,1s,tedashi,1775703585,1568.864,,0,,"[30,81,67,83,134,93,107,60,22,92,7,1,129]","[37,125,27,16,80,25,34,91,11,55,47,84,14]","[54,52,13,41,19,120,61,72,36,43,5,44,128,121]","[6,10,123,50,59,51,122,110,99,87,45,79,95]",1268m 78p 33669s 67z,34r5779m 135p 345s 5z,245m 1223r557p 1s 446z,23m 3446p 2467s 144z,3,3,3,,0,,,,,,
20260409115526_0100_004,20260409115526_0100,20260409115526,41,0029,tokujou,特上卓,0100,3,不会配平,110,1z,tedashi,1775703587,2112.993,,0,,"[30,81,67,83,134,93,107,60,22,92,7,1,129]","[37,125,27,16,80,25,34,91,11,55,47,84,14]","[54,52,13,41,19,120,61,36,43,5,44,128,121]","[6,10,123,50,59,51,122,110,99,87,45,79,95,82]",1268m 78p 33669s 67z,34r5779m 135p 345s 5z,245m 1223r557p 446z,23m 3446p 23467s 144z,2,2,4,,0,,,,,,
20260409115526_0100_005,20260409115526_0100,20260409115526,41,0029,tokujou,特上卓,0100,0,s6u,129,6z,tedashi,1775703591,3516.555,,0,,"[30,81,67,83,134,93,107,60,22,92,7,1,129,98]","[37,125,27,16,80,25,34,91,11,55,47,84,14]","[54,52,13,41,19,120,61,36,43,5,44,128,121]","[6,10,123,50,59,51,122,99,87,45,79,95,82]",1268m 78p 336679s 67z,34r5779m 135p 345s 5z,245m 1223r557p 446z,23m 3446p 23467s 44z,3,3,4,,0,,,,,,
20260409115526_0100_006,20260409115526_0100,20260409115526,41,0029,tokujou,特上卓,0100,1,SweetBit,74,1s,risekichu_hokan_tsumogiri,1775703595,3685.0,,0,,"[30,81,67,83,134,93,107,60,22,92,7,1,98]","[37,125,27,16,80,25,34,91,11,55,47,84,14,74]","[54,52,13,41,19,120,61,36,43,5,44,128,121]","[6,10,123,50,59,51,122,99,87,45,79,95,82]",1268m 78p 336679s 7z,34r5779m 135p 1345s 5z,245m 1223r557p 446z,23m 3446p 23467s 44z,2,2,5,,0,,,,,,
20260409115526_0100_007,20260409115526_0100,20260409115526,41,0029,tokujou,特上卓,0100,2,ff2,29,8m,risekichu_hokan_tsumogiri,1775703597,2336.325,,0,,"[30,81,67,83,134,93,107,60,22,92,7,1,98]","[37,125,27,16,80,25,34,91,11,55,47,84,14]","[54,52,13,41,19,120,61,36,43,5,44,128,121,29]","[6,10,123,50,59,51,122,99,87,45,79,95,82]",1268m 78p 336679s 7z,34r5779m 135p 345s 5z,2458m 1223r557p 446z,23m 3446p 23467s 44z,3,3,3,,0,,,,,,
20260409115526_0100_008,20260409115526_0100,20260409115526,41,0029,tokujou,特上卓,0100,3,不会配平,59,6p,tedashi,1775703599,2047.812,,6,205.119,"[30,81,67,83,134,93,107,60,22,92,7,1,98]","[37,125,27,16,80,25,34,91,11,55,47,84,14]","[54,52,13,41,19,120,61,36,43,5,44,128,121]","[6,10,123,50,59,51,122,99,87,45,79,95,82,46]",1268m 78p 336679s 7z,34r5779m 135p 345s 5z,245m 1223r557p 446z,23m 33446p 23467s 44z,2,2,3,,0,,,,,,
20260409115526_0100_009,20260409115526_0100,20260409115526,41,0029,tokujou,特上卓,0100,0,s6u,134,7z,tedashi,1775703604,4427.692,,0,,"[30,81,67,83,134,93,107,60,22,92,7,1,98,102]","[37,125,27,16,80,25,34,91,11,55,47,84,14]","[54,52,13,41,19,120,61,36,43,5,44,128,121]","[6,10,123,50,51,122,99,87,45,79,95,82,46]",1268m 78p 3366789s 7z,34r5779m 135p 345s 5z,245m 1223r557p 446z,23m 3344p 23467s 44z,2,2,4,,0,7z,1415pt,9s,1367pt,6s,1304pt
20260409115526_0100_010,20260409115526_0100,20260409115526,41,0029,tokujou,特上卓,0100,1,SweetBit,125,5z,tedashi,1775703607,3442.696,,0,,"[30,81,67,83,93,107,60,22,92,7,1,98,102]","[37,125,27,16,80,25,34,91,11,55,47,84,14,0]","[54,52,13,41,19,120,61,36,43,5,44,128,121]","[6,10,123,50,51,122,99,87,45,79,95,82,46]",1268m 78p 3366789s,134r5779m 135p 345s 5z,245m 1223r557p 446z,23m 3344p 23467s 44z,2,2,5,,0,,,,,,
20260409115526_0100_011,20260409115526_0100,20260409115526,41,0029,tokujou,特上卓,0100,2,ff2,5,2m,tedashi,1775703609,2171.351,,0,,"[30,81,67,83,93,107,60,22,92,7,1,98,102]","[37,27,16,80,25,34,91,11,55,47,84,14,0]","[54,52,13,41,19,120,61,36,43,5,44,128,121,127]","[6,10,123,50,51,122,99,87,45,79,95,82,46]",1268m 78p 3366789s,134r5779m 135p 345s,245m 1223r557p 4456z,23m 3344p 23467s 44z,3,3,3,,0,,,,,,
20260409115526_0100_012,20260409115526_0100,20260409115526,41,0029,tokujou,特上卓,0100,3,不会配平,51,4p,tedashi,1775703613,3443.518,,0,,"[30,81,67,83,93,107,60,22,92,7,1,98,102]","[37,27,16,80,25,34,91,11,55,47,84,14,0]","[54,52,13,41,19,120,61,36,43,44,128,121,127]","[6,10,123,50,51,122,99,87,45,79,95,82,46,3]",1268m 78p 3366789s,134r5779m 135p 345s,45m 1223r557p 4456z,123m 3344p 23467s 44z,1,1,3,,0,,,,,,
20260409115526_0100_013,20260409115526_0100,20260409115526,41,0029,tokujou,特上卓,0100,0,s6u,75,1s,tsumogiri,1775703617,4006.898,,0,,"[30,81,67,83,93,107,60,22,92,7,1,98,102,75]","[37,27,16,80,25,34,91,11,55,47,84,14,0]","[54,52,13,41,19,120,61,36,43,44,128,121,127]","[6,10,123,50,122,99,87,45,79,95,82,46,3]",1268m 78p 13366789s,134r5779m 135p 345s,45m 1223r557p 4456z,123m 334p 23467s 44z,2,2,4,,0,1s,1344pt,9s,1325pt,6s,1271pt
20260409115526_0100_014,20260409115526_0100,20260409115526,41,0029,tokujou,特上卓,0100,1,SweetBit,133,7z,risekichu_hokan_tsumogiri,1775703620,3551.618,,0,,"[30,81,67,83,93,107,60,22,92,7,1,98,102]","[37,27,16,80,25,34,91,11,55,47,84,14,0,133]","[54,52,13,41,19,120,61,36,43,44,128,121,127]","[6,10,123,50,122,99,87,45,79,95,82,46,3]",1268m 78p 3366789s,134r5779m 135p 345s 7z,45m 1223r557p 4456z,123m 334p 23467s 44z,2,2,5,,0,,,,,,
20260409115526_0100_015,20260409115526_0100,20260409115526,41,0029,tokujou,特上卓,0100,2,ff2,19,5m,tedashi,1775703623,2928.894,,0,,"[30,81,67,83,93,107,60,22,92,7,1,98,102]","[37,27,16,80,25,34,91,11,55,47,84,14,0]","[54,52,13,41,19,120,61,36,43,44,128,121,127,58]","[6,10,123,50,122,99,87,45,79,95,82,46,3]",1268m 78p 3366789s,134r5779m 135p 345s,45m 1223r5567p 4456z,123m 334p 23467s 44z,2,2,3,,0,,,,,,
20260409115526_0100_016,20260409115526_0100,20260409115526,41,0029,tokujou,特上卓,0100,3,不会配平,111,1z,risekichu_hokan_tsumogiri,1775703626,2491.948,,0,,"[30,81,67,83,93,107,60,22,92,7,1,98,102]","[37,27,16,80,25,34,91,11,55,47,84,14,0]","[54,52,13,41,120,61,36,43,44,128,121,127,58]","[6,10,123,50,122,99,87,45,79,95,82,46,3,111]",1268m 78p 3366789s,134r5779m 135p 345s,4m 1223r5567p 4456z,123m 334p 23467s 144z,1,1,4,,0,,,,,,
20260409115526_0100_017,20260409115526_0100,20260409115526,41,0029,tokujou,特上卓,0100,0,s6u,107,9s,tedashi,1775703631,5747.143,,0,,"[30,81,67,83,93,107,60,22,92,7,1,98,102,15]","[37,27,16,80,25,34,91,11,55,47,84,14,0]","[54,52,13,41,120,61,36,43,44,128,121,127,58]","[6,10,123,50,122,99,87,45,79,95,82,46,3]",12468m 78p 3366789s,134r5779m 135p 345s,4m 1223r5567p 4456z,123m 334p 23467s 44z,2,2,4,,0,9s,1388pt,6s,1327pt,4m,1282pt
20260409115526_0100_018,20260409115526_0100,20260409115526,41,0029,tokujou,特上卓,0100,1,SweetBit,17,5m,risekichu_hokan_tsumogiri,1775703637,5253.83,,0,,"[30,81,67,83,93,60,22,92,7,1,98,102,15]","[37,27,16,80,25,34,91,11,55,47,84,14,0,17]","[54,52,13,41,120,61,36,43,44,128,121,127,58]","[6,10,123,50,122,99,87,45,79,95,82,46,3]",12468m 78p 336678s,134r55779m 135p 345s,4m 1223r5567p 4456z,123m 334p 23467s 44z,2,2,4,,0,,,,,,
20260409115526_0100_019,20260409115526_0100,20260409115526,41,0029,tokujou,特上卓,0100,2,ff2,13,4m,tedashi,1775703639,1954.786,,3,1084.867,"[30,81,67,83,93,60,22,92,7,1,98,102,15]","[37,27,16,80,25,34,91,11,55,47,84,14,0]","[54,52,13,41,120,61,36,43,44,128,121,127,58,40]","[6,10,123,50,122,99,87,45,79,95,82,46,3]",12468m 78p 336678s,134r5779m 135p 345s,4m 12223r5567p 4456z,123m 334p 23467s 44z,2,2,3,,0,,,,,,
20260409115526_0100_020,20260409115526_0100,20260409115526,41,0029,tokujou,特上卓,0100,3,不会配平,23,6m,risekichu_hokan_tsumogiri,1775703641,1076.803,,0,,"[30,81,67,83,93,60,22,92,7,1,98,102,15]","[37,27,16,80,25,34,91,11,55,47,84,14,0]","[54,52,41,120,61,36,43,44,128,121,127,58,40]","[6,10,123,50,122,99,87,45,79,95,82,46,3,23]",12468m 78p 336678s,134r5779m 135p 345s,12223r5567p 4456z,1236m 334p 23467s 44z,1,1,4,,0,,,,,,
20260409115526_0100_021,20260409115526_0100,20260409115526,41,0029,tokujou,特上卓,0100,0,s6u,33,9m,tsumogiri,1775703643,2783.808,,0,,"[30,81,67,83,93,60,22,92,7,1,98,102,15,33]","[37,27,16,80,25,34,91,11,55,47,84,14,0]","[54,52,41,120,61,36,43,44,128,121,127,58,40]","[6,10,123,50,122,99,87,45,79,95,82,46,3]",124689m 78p 336678s,134r5779m 135p 345s,12223r5567p 4456z,123m 334p 23467s 44z,2,2,4,,0,9m,1212pt,6s,1140pt,4m,1105pt
20260409115526_0100_022,20260409115526_0100,20260409115526,41,0029,tokujou,特上卓,0100,1,SweetBit,34,9m,tedashi,1775703649,5490.894,,5,2358.979,"[30,81,67,83,93,60,22,92,7,1,98,102,15]","[37,27,16,80,25,34,91,11,55,47,84,14,0,42]","[54,52,41,120,61,36,43,44,128,121,127,58,40]","[6,10,123,50,122,99,87,45,79,95,82,46,3]",12468m 78p 336678s,134r5779m 1235p 345s,12223r5567p 4456z,123m 334p 23467s 44z,1,1,5,,0,,,,,,
20260409115526_0100_023,20260409115526_0100,20260409115526,41,0029,tokujou,特上卓,0100,2,ff2,116,3z,risekichu_hokan_tsumogiri,1775703653,2017.164,,0,,"[30,81,67,83,93,60,22,92,7,1,98,102,15]","[37,27,16,80,25,91,11,55,47,84,14,0,42]","[54,52,41,120,61,36,43,44,128,121,127,58,40,116]","[6,10,123,50,122,99,87,45,79,95,82,46,3]",12468m 78p 336678s,134r577m 1235p 345s,12223r5567p 34456z,123m 334p 23467s 44z,2,2,3,,0,,,,,,
20260409115526_0100_024,20260409115526_0100,20260409115526,41,0029,tokujou,特上卓,0100,3,不会配平,68,9p,risekichu_hokan_tsumogiri,1775703655,1549.658,,6,201.072,"[30,81,67,83,93,60,22,92,7,1,98,102,15]","[37,27,16,80,25,91,11,55,47,84,14,0,42]","[54,52,41,120,61,36,43,44,128,121,127,58,40]","[6,10,123,50,122,99,87,45,79,95,82,46,3,68]",12468m 78p 336678s,134r577m 1235p 345s,12223r5567p 4456z,123m 3349p 23467s 44z,1,1,4,,0,,,,,,
20260409115526_0100_025,20260409115526_0100,20260409115526,41,0029,tokujou,特上卓,0100,0,s6u,93,6s,tedashi,1775703663,8298.374,,3,2006.098,"[30,81,67,83,93,60,22,92,7,1,98,102,15,70]","[37,27,16,80,25,91,11,55,47,84,14,0,42]","[54,52,41,120,61,36,43,44,128,121,127,58,40]","[6,10,123,50,122,99,87,45,79,95,82,46,3]",12468m 789p 336678s,134r577m 1235p 345s,12223r5567p 4456z,123m 334p 23467s 44z,1,1,4,,0,6s,1370pt,4m,1334pt,8m,1181pt
20260409115526_0100_026,20260409115526_0100,20260409115526,41,0029,tokujou,特上卓,0100,1,SweetBit,55,5p,tedashi,1775703672,1082.813,5693.205,2,9992.859,"[30,81,67,83,60,22,92,7,1,98,102,15,70]","[37,27,16,80,25,91,11,55,47,84,14,0,42,20]","[54,52,41,120,61,36,43,44,128,121,127,58,40]","[6,10,123,50,122,99,87,45,79,95,82,46,3]",12468m 789p 33678s,134r5677m 1235p 345s,12223r5567p 4456z,123m 334p 23467s 44z,0,0,5,2m,0,,,,,,
20260409115526_0100_027,20260409115526_0100,20260409115526,41,0029,tokujou,特上卓,0100,2,ff2,127,5z,tedashi,1775703683,1025.844,,0,,"[30,81,67,83,60,22,92,7,1,98,102,15,70]","[37,27,16,80,25,91,11,47,84,14,0,42,20]","[54,52,41,120,36,43,44,128,121,127,40]","[6,10,123,50,122,99,87,45,79,95,82,46,3]",12468m 789p 33678s,134r5677m 123p 345s,12223r55p 4456z,123m 334p 23467s 44z,1,1,,,0,,,,,,
20260409115526_0100_028,20260409115526_0100,20260409115526,41,0029,tokujou,特上卓,0100,3,不会配平,123,4z,tedashi,1775703687,3663.192,,3,2661.373,"[30,81,67,83,60,22,92,7,1,98,102,15,70]","[37,27,16,80,25,91,11,47,84,14,0,42,20]","[54,52,41,120,36,43,44,128,121,40]","[6,10,123,50,122,99,87,45,79,95,82,46,3,57]",12468m 789p 33678s,134r5677m 123p 345s,12223r55p 446z,123m 3346p 23467s 44z,1,1,4,,0,,,,,,
20260409115526_0100_029,20260409115526_0100,20260409115526,41,0029,tokujou,特上卓,0100,2,ff2,128,6z,tedashi,1775703690,1082.863,,0,,"[30,81,67,83,60,22,92,7,1,98,102,15,70]","[37,27,16,80,25,91,11,47,84,14,0,42,20]","[54,52,41,36,43,44,128,121,40]","[6,10,50,122,99,87,45,79,95,82,46,3,57]",12468m 789p 33678s,134r5677m 123p 345s,12223r55p 46z,123m 3346p 23467s 4z,,,,,,,,,,,
20260409115526_0100_030,20260409115526_0100,20260409115526,41,0029,tokujou,特上卓,0100,3,不会配平,122,4z,tedashi,1775703691,1657.696,,0,,"[30,81,67,83,60,22,92,7,1,98,102,15,70]","[37,27,16,80,25,91,11,47,84,14,0,42,20]","[54,52,41,36,43,44,121,40]","[6,10,50,122,99,87,45,79,95,82,46,3,57,9]",12468m 789p 33678s,134r5677m 123p 345s,12223r55p 4z,1233m 3346p 23467s 4z,1,1,4,,0,,,,,,
20260409115526_0100_031,20260409115526_0100,20260409115526,41,0029,tokujou,特上卓,0100,0,s6u,119,3z,tsumogiri,1775703696,4683.902,,0,,"[30,81,67,83,60,22,92,7,1,98,102,15,70,119]","[37,27,16,80,25,91,11,47,84,14,0,42,20]","[54,52,41,36,43,44,121,40]","[6,10,50,99,87,45,79,95,82,46,3,57,9]",12468m 789p 33678s 3z,134r5677m 123p 345s,12223r55p 4z,1233m 3346p 23467s,1,1,5,,0,3z,1434pt,4m,1315pt,8m,1116pt
20260409115526_0100_032,20260409115526_0100,20260409115526,41,0029,tokujou,特上卓,0100,1,SweetBit,8,3m,risekichu_hokan_tsumogiri,1775703697,849.635,,3,1378.241,"[30,81,67,83,60,22,92,7,1,98,102,15,70]","[37,27,16,80,25,91,11,47,84,14,0,42,20,8]","[54,52,41,36,43,44,121,40]","[6,10,50,99,87,45,79,95,82,46,3,57,9]",12468m 789p 33678s,1334r5677m 123p 345s,12223r55p 4z,1233m 3346p 23467s,0,0,4,2m,0,,,,,,
20260409115526_0100_033,20260409115526_0100,20260409115526,41,0029,tokujou,特上卓,0100,2,ff2,131,6z,risekichu_hokan_tsumogiri,1775703699,1050.235,,0,,"[30,81,67,83,60,22,92,7,1,98,102,15,70]","[37,27,16,80,25,91,11,47,84,14,0,42,20]","[54,52,41,36,43,44,121,40,131]","[6,10,50,99,87,45,79,95,82,46,3,57,9]",12468m 789p 33678s,134r5677m 123p 345s,12223r55p 46z,1233m 3346p 23467s,,,,,,,,,,,
20260409115526_0100_034,20260409115526_0100,20260409115526,41,0029,tokujou,特上卓,0100,3,不会配平,10,3m,tedashi,1775703701,1476.529,,6,196.3,"[30,81,67,83,60,22,92,7,1,98,102,15,70]","[37,27,16,80,25,91,11,47,84,14,0,42,20]","[54,52,41,36,43,44,121,40]","[6,10,50,99,87,45,79,95,82,46,3,57,9,94]",12468m 789p 33678s,134r5677m 123p 345s,12223r55p 4z,1233m 3346p 234667s,1,1,3,,0,,,,,,
20260409115526_0100_035,20260409115526_0100,20260409115526,41,0029,tokujou,特上卓,0100,0,s6u,117,3z,tsumogiri,1775703704,2761.201,,0,,"[30,81,67,83,60,22,92,7,1,98,102,15,70,117]","[37,27,16,80,25,91,11,47,84,14,0,42,20]","[54,52,41,36,43,44,121,40]","[6,50,99,87,45,79,95,82,46,3,57,9,94]",12468m 789p 33678s 3z,134r5677m 123p 345s,12223r55p 4z,123m 3346p 234667s,1,1,5,,0,3z,898pt,4m,802pt,8m,634pt
20260409115526_0100_036,20260409115526_0100,20260409115526,41,0029,tokujou,特上卓,0100,1,SweetBit,77,2s,risekichu_hokan_tsumogiri,1775703704,840.103,,0,,"[30,81,67,83,60,22,92,7,1,98,102,15,70]","[37,27,16,80,25,91,11,47,84,14,0,42,20,77]","[54,52,41,36,43,44,121,40]","[6,50,99,87,45,79,95,82,46,3,57,9,94]",12468m 789p 33678s,134r5677m 123p 2345s,12223r55p 4z,123m 3346p 234667s,0,0,5,2m,0,,,,,,
20260409115526_0100_037,20260409115526_0100,20260409115526,41,0029,tokujou,特上卓,0100,2,ff2,78,2s,risekichu_hokan_tsumogiri,1775703706,1716.73,,3,1564.298,"[30,81,67,83,60,22,92,7,1,98,102,15,70]","[37,27,16,80,25,91,11,47,84,14,0,42,20]","[54,52,41,36,43,44,121,40,78]","[6,50,99,87,45,79,95,82,46,3,57,9,94]",12468m 789p 33678s,134r5677m 123p 345s,12223r55p 2s 4z,123m 3346p 234667s,,,,,,,,,,,
20260409115526_0100_038,20260409115526_0100,20260409115526,41,0029,tokujou,特上卓,0100,3,不会配平,79,2s,tedashi,1775703713,4936.191,,0,,"[30,81,67,83,60,22,92,7,1,98,102,15,70]","[37,27,16,80,25,91,11,47,84,14,0,42,20]","[54,52,41,36,43,44,121,40]","[6,50,99,87,45,79,95,82,46,3,57,9,94,38]",12468m 789p 33678s,134r5677m 123p 345s,12223r55p 4z,123m 13346p 234667s,1,1,4,,0,,,,,,
20260409115526_0100_039,20260409115526_0100,20260409115526,41,0029,tokujou,特上卓,0100,0,s6u,67,8p,tedashi,1775703725,12554.614,,0,,"[30,81,67,83,60,22,92,7,1,98,102,15,70,90]","[37,27,16,80,25,91,11,47,84,14,0,42,20]","[54,52,41,36,43,44,121,40]","[6,50,99,87,45,95,82,46,3,57,9,94,38]",12468m 789p 335678s,134r5677m 123p 345s,12223r55p 4z,123m 13346p 34667s,1,1,5,,0,5s,801pt,4m,787pt,8s,784pt
20260409115526_0100_040,20260409115526_0100,20260409115526,41,0029,tokujou,特上卓,0100,1,SweetBit,39,1p,risekichu_hokan_tsumogiri,1775703726,836.293,,3,1769.785,"[30,81,83,60,22,92,7,1,98,102,15,70,90]","[37,27,16,80,25,91,11,47,84,14,0,42,20,39]","[54,52,41,36,43,44,121,40]","[6,50,99,87,45,95,82,46,3,57,9,94,38]",12468m 79p 335678s,134r5677m 1123p 345s,12223r55p 4z,123m 13346p 34667s,0,0,4,2m,0,,,,,,
20260409115526_0100_041,20260409115526_0100,20260409115526,41,0029,tokujou,特上卓,0100,2,ff2,101,8s,risekichu_hokan_tsumogiri,1775703729,1145.869,,3,1154.706,"[30,81,83,60,22,92,7,1,98,102,15,70,90]","[37,27,16,80,25,91,11,47,84,14,0,42,20]","[54,52,41,36,43,44,121,40,101]","[6,50,99,87,45,95,82,46,3,57,9,94,38]",12468m 79p 335678s,134r5677m 123p 345s,12223r55p 8s 4z,123m 13346p 34667s,,,,,,,,,,,
20260409115526_0100_042,20260409115526_0100,20260409115526,41,0029,tokujou,特上卓,0100,3,不会配平,38,1p,tedashi,1775703731,1287.168,,0,,"[30,81,83,60,22,92,7,1,98,102,15,70,90]","[37,27,16,80,25,91,11,47,84,14,0,42,20]","[54,52,41,36,43,44,121,40]","[6,50,99,87,45,95,82,46,3,57,9,94,38,4]",12468m 79p 335678s,134r5677m 123p 345s,12223r55p 4z,1223m 13346p 34667s,2,2,3,,0,,,,,,
20260409115526_0100_043,20260409115526_0100,20260409115526,41,0029,tokujou,特上卓,0100,0,s6u,70,9p,tedashi,1775703739,7423.318,,0,,"[30,81,83,60,22,92,7,1,98,102,15,70,90,31]","[37,27,16,80,25,91,11,47,84,14,0,42,20]","[54,52,41,36,43,44,121,40]","[6,50,99,87,45,95,82,46,3,57,9,94,4]",124688m 79p 335678s,134r5677m 123p 345s,12223r55p 4z,1223m 3346p 34667s,2,2,4,,0,9p,258pt,1m,256pt,4m,248pt
20260409115526_0100_044,20260409115526_0100,20260409115526,41,0029,tokujou,特上卓,0100,1,SweetBit,56,6p,risekichu_hokan_tsumogiri,1775703740,889.193,,0,,"[30,81,83,60,22,92,7,1,98,102,15,90,31]","[37,27,16,80,25,91,11,47,84,14,0,42,20,56]","[54,52,41,36,43,44,121,40]","[6,50,99,87,45,95,82,46,3,57,9,94,4]",124688m 7p 335678s,134r5677m 1236p 345s,12223r55p 4z,1223m 3346p 34667s,0,0,5,2m,0,,,,,,
20260409115526_0100_045,20260409115526_0100,20260409115526,41,0029,tokujou,特上卓,0100,2,ff2,35,9m,risekichu_hokan_tsumogiri,1775703741,1731.009,,0,,"[30,81,83,60,22,92,7,1,98,102,15,90,31]","[37,27,16,80,25,91,11,47,84,14,0,42,20]","[54,52,41,36,43,44,121,40,35]","[6,50,99,87,45,95,82,46,3,57,9,94,4]",124688m 7p 335678s,134r5677m 123p 345s,9m 12223r55p 4z,1223m 3346p 34667s,,,,,,,,,,,
20260409115526_0100_046,20260409115526_0100,20260409115526,41,0029,tokujou,特上卓,0100,3,不会配平,57,6p,tedashi,1775703743,1431.57,,0,,"[30,81,83,60,22,92,7,1,98,102,15,90,31]","[37,27,16,80,25,91,11,47,84,14,0,42,20]","[54,52,41,36,43,44,121,40]","[6,50,99,87,45,95,82,46,3,57,9,94,4,100]",124688m 7p 335678s,134r5677m 123p 345s,12223r55p 4z,1223m 3346p 346678s,1,1,3,,0,,,,,,
20260409115526_0100_047,20260409115526_0100,20260409115526,41,0029,tokujou,特上卓,0100,0,s6u,22,6m,tedashi,1775703750,7032.866,,0,,"[30,81,83,60,22,92,7,1,98,102,15,90,31,18]","[37,27,16,80,25,91,11,47,84,14,0,42,20]","[54,52,41,36,43,44,121,40]","[6,50,99,87,45,95,82,46,3,9,94,4,100]",1245688m 7p 335678s,134r5677m 123p 345s,12223r55p 4z,1223m 334p 346678s,1,1,4,,0,7p,588pt,3s,505pt,1m,484pt
20260409115526_0100_048,20260409115526_0100,20260409115526,41,0029,tokujou,特上卓,0100,1,SweetBit,73,1s,risekichu_hokan_tsumogiri,1775703751,866.106,,0,,"[30,81,83,60,92,7,1,98,102,15,90,31,18]","[37,27,16,80,25,91,11,47,84,14,0,42,20,73]","[54,52,41,36,43,44,121,40]","[6,50,99,87,45,95,82,46,3,9,94,4,100]",124588m 7p 335678s,134r5677m 123p 1345s,12223r55p 4z,1223m 334p 346678s,0,0,5,2m,0,,,,,,
20260409115526_0100_049,20260409115526_0100,20260409115526,41,0029,tokujou,特上卓,0100,2,ff2,113,2z,risekichu_hokan_tsumogiri,1775703752,1703.138,,0,,"[30,81,83,60,92,7,1,98,102,15,90,31,18]","[37,27,16,80,25,91,11,47,84,14,0,42,20]","[54,52,41,36,43,44,121,40,113]","[6,50,99,87,45,95,82,46,3,9,94,4,100]",124588m 7p 335678s,134r5677m 123p 345s,12223r55p 24z,1223m 334p 346678s,,,,,,,,,,,
20260409115526_0100_050,20260409115526_0100,20260409115526,41,0029,tokujou,特上卓,0100,3,不会配平,132,7z,risekichu_hokan_tsumogiri,1775703755,2662.369,,0,,"[30,81,83,60,92,7,1,98,102,15,90,31,18]","[37,27,16,80,25,91,11,47,84,14,0,42,20]","[54,52,41,36,43,44,121,40]","[6,50,99,87,45,95,82,46,3,9,94,4,100,132]",124588m 7p 335678s,134r5677m 123p 345s,12223r55p 4z,1223m 334p 346678s 7z,2,2,3,,0,,,,,,
20260409115526_0100_051,20260409115526_0100,20260409115526,41,0029,tokujou,特上卓,0100,0,s6u,18,5m,tedashi,1775703758,2988.611,,0,,"[30,81,83,60,92,7,1,98,102,15,90,31,18,109]","[37,27,16,80,25,91,11,47,84,14,0,42,20]","[54,52,41,36,43,44,121,40]","[6,50,99,87,45,95,82,46,3,9,94,4,100]",124588m 7p 335678s 1z,134r5677m 123p 345s,12223r55p 4z,1223m 334p 346678s,2,2,4,,0,1z,96pt,7p,95pt,3s,68pt
20260409115526_0100_052,20260409115526_0100,20260409115526,41,0029,tokujou,特上卓,0100,1,SweetBit,71,9p,risekichu_hokan_tsumogiri,1775703759,855.641,,0,,"[30,81,83,60,92,7,1,98,102,15,90,31,109]","[37,27,16,80,25,91,11,47,84,14,0,42,20,71]","[54,52,41,36,43,44,121,40]","[6,50,99,87,45,95,82,46,3,9,94,4,100]",12488m 7p 335678s 1z,134r5677m 1239p 345s,12223r55p 4z,1223m 334p 346678s,0,0,5,2m,0,,,,,,
20260409115526_0100_053,20260409115526_0100,20260409115526,41,0029,tokujou,特上卓,0100,2,ff2,135,7z,risekichu_hokan_tsumogiri,1775703761,1943.875,,0,,"[30,81,83,60,92,7,1,98,102,15,90,31,109]","[37,27,16,80,25,91,11,47,84,14,0,42,20]","[54,52,41,36,43,44,121,40,135]","[6,50,99,87,45,95,82,46,3,9,94,4,100]",12488m 7p 335678s 1z,134r5677m 123p 345s,12223r55p 47z,1223m 334p 346678s,,,,,,,,,,,
20260409115526_0100_054,20260409115526_0100,20260409115526,41,0029,tokujou,特上卓,0100,3,不会配平,100,8s,tedashi,1775703767,5625.066,,6,212.6,"[30,81,83,60,92,7,1,98,102,15,90,31,109]","[37,27,16,80,25,91,11,47,84,14,0,42,20]","[54,52,41,36,43,44,121,40]","[6,50,99,87,45,95,82,46,3,9,94,4,100,64]",12488m 7p 335678s 1z,134r5677m 123p 345s,12223r55p 4z,1223m 3348p 346678s,2,2,3,,0,,,,,,
20260409115526_0100_055,20260409115526_0100,20260409115526,41,0029,tokujou,特上卓,0100,0,s6u,31,8m,tedashi,1775703768,1717.212,,0,,"[30,81,83,60,92,7,1,98,102,15,90,31,109,89]","[37,27,16,80,25,91,11,47,84,14,0,42,20]","[54,52,41,36,43,44,121,40]","[6,50,99,87,45,95,82,46,3,9,94,4,64]",12488m 7p 3355678s 1z,134r5677m 123p 345s,12223r55p 4z,1223m 3348p 34667s,2,2,3,,0,1z,67pt,7p,66pt,4m,65pt
20260409115526_0100_056,20260409115526_0100,20260409115526,41,0029,tokujou,特上卓,0100,1,SweetBit,53,5p,risekichu_hokan_tsumogiri,1775703769,855.121,,0,,"[30,81,83,60,92,7,1,98,102,15,90,109,89]","[37,27,16,80,25,91,11,47,84,14,0,42,20,53]","[54,52,41,36,43,44,121,40]","[6,50,99,87,45,95,82,46,3,9,94,4,64]",1248m 7p 3355678s 1z,134r5677m 1235p 345s,12223r55p 4z,1223m 3348p 34667s,0,0,5,2m,0,,,,,,
20260409115526_0200_000,20260409115526_0200,20260409115526,41,0029,tokujou,特上卓,0200,0,s6u,122,4z,tedashi,1775703785,,,0,,"[62,134,66,100,70,23,122,43,112,53,81,95,19,13]","[111,115,129,50,132,54,89,97,68,130,2,103,120]","[0,41,22,131,104,72,42,116,78,55,59,80,91]","[110,51,31,135,21,63,93,98,4,11,71,10,133]",456m 25789p 368s 247z,1m 459p 578s 124667z,16m 2256p 12359s 36z,23368m 479p 67s 177z,3,3,6,,0,,,,,,
20260409115526_0200_001,20260409115526_0200,20260409115526,41,0029,tokujou,特上卓,0200,1,SweetBit,120,4z,tedashi,1775703793,8284.851,,0,,"[62,134,66,100,70,23,43,112,53,81,95,19,13]","[111,115,129,50,132,54,89,97,68,130,2,103,120,30]","[0,41,22,131,104,72,42,116,78,55,59,80,91]","[110,51,31,135,21,63,93,98,4,11,71,10,133]",456m 25789p 368s 27z,18m 459p 578s 124667z,16m 2256p 12359s 36z,23368m 479p 67s 177z,5,5,5,,0,,,,,,
20260409115526_0200_002,20260409115526_0200,20260409115526,41,0029,tokujou,特上卓,0200,2,ff2,0,1m,tedashi,1775703795,1889.752,,3,1301.809,"[62,134,66,100,70,23,43,112,53,81,95,19,13]","[111,115,129,50,132,54,89,97,68,130,2,103,30]","[0,41,22,131,104,72,42,116,78,55,59,80,91,58]","[110,51,31,135,21,63,93,98,4,11,71,10,133]",456m 25789p 368s 27z,18m 459p 578s 12667z,16m 22566p 12359s 36z,23368m 479p 67s 177z,4,4,4,,0,,,,,,
20260409115526_0200_003,20260409115526_0200,20260409115526,41,0029,tokujou,特上卓,0200,3,不会配平,110,1z,tedashi,1775703797,811.108,,0,,"[62,134,66,100,70,23,43,112,53,81,95,19,13]","[111,115,129,50,132,54,89,97,68,130,2,103,30]","[41,22,131,104,72,42,116,78,55,59,80,91,58]","[110,51,31,135,21,63,93,98,4,11,71,10,133,48]",456m 25789p 368s 27z,18m 459p 578s 12667z,6m 22566p 12359s 36z,23368m 4479p 67s 177z,3,3,3,,0,,,,,,
20260409115526_0200_004,20260409115526_0200,20260409115526,41,0029,tokujou,特上卓,0200,0,s6u,112,2z,tedashi,1775703800,3001.885,,0,,"[62,134,66,100,70,23,43,112,53,81,95,19,13,27]","[111,115,129,50,132,54,89,97,68,130,2,103,30]","[41,22,131,104,72,42,116,78,55,59,80,91,58]","[51,31,135,21,63,93,98,4,11,71,10,133,48]",4567m 25789p 368s 27z,18m 459p 578s 12667z,6m 22566p 12359s 36z,23368m 4479p 67s 77z,3,3,6,,0,,,,,,
20260409115526_0200_005,20260409115526_0200,20260409115526,41,0029,tokujou,特上卓,0200,1,SweetBit,68,9p,tedashi,1775703802,1888.02,,0,,"[62,134,66,100,70,23,43,53,81,95,19,13,27]","[111,115,129,50,132,54,89,97,68,130,2,103,30,113]","[41,22,131,104,72,42,116,78,55,59,80,91,58]","[51,31,135,21,63,93,98,4,11,71,10,133,48]",4567m 25789p 368s 7z,18m 459p 578s 122667z,6m 22566p 12359s 36z,23368m 4479p 67s 77z,4,4,4,,0,,,,,,
20260409115526_0200_006,20260409115526_0200,20260409115526,41,0029,tokujou,特上卓,0200,2,ff2,104,9s,tedashi,1775703804,2681.218,,0,,"[62,134,66,100,70,23,43,53,81,95,19,13,27]","[111,115,129,50,132,54,89,97,130,2,103,30,113]","[41,22,131,104,72,42,116,78,55,59,80,91,58,92]","[51,31,135,21,63,93,98,4,11,71,10,133,48]",4567m 25789p 368s 7z,18m 45p 578s 122667z,6m 22566p 123569s 36z,23368m 4479p 67s 77z,3,3,4,,0,,,,,,
20260409115526_0200_007,20260409115526_0200,20260409115526,41,0029,tokujou,特上卓,0200,3,不会配平,79,2s,risekichu_hokan_tsumogiri,1775703806,1464.924,,0,,"[62,134,66,100,70,23,43,53,81,95,19,13,27]","[111,115,129,50,132,54,89,97,130,2,103,30,113]","[41,22,131,72,42,116,78,55,59,80,91,58,92]","[51,31,135,21,63,93,98,4,11,71,10,133,48,79]",4567m 25789p 368s 7z,18m 45p 578s 122667z,6m 22566p 12356s 36z,23368m 4479p 267s 77z,3,3,3,,0,,,,,,
20260409115526_0200_008,20260409115526_0200,20260409115526,41,0029,tokujou,特上卓,0200,0,s6u,134,7z,tedashi,1775703808,2310.729,,2,1173.594,"[62,134,66,100,70,23,43,53,81,95,19,13,27,86]","[111,115,129,50,132,54,89,97,130,2,103,30,113]","[41,22,131,72,42,116,78,55,59,80,91,58,92]","[51,31,135,21,63,93,98,4,11,71,10,133,48]",4567m 25789p 3468s 7z,18m 45p 578s 122667z,6m 22566p 12356s 36z,23368m 4479p 67s 77z,2,2,6,,0,,,,,,
20260409115526_0200_009,20260409115526_0200,20260409115526,41,0029,tokujou,特上卓,0200,3,不会配平,31,8m,tedashi,1775703810,524.843,,3,852.823,"[62,66,100,70,23,43,53,81,95,19,13,27,86]","[111,115,129,50,132,54,89,97,130,2,103,30,113]","[41,22,131,72,42,116,78,55,59,80,91,58,92]","[51,31,21,63,93,98,4,11,71,10,48]",4567m 25789p 3468s,18m 45p 578s 122667z,6m 22566p 12356s 36z,23368m 4479p 67s,2,2,,,0,,,,,,
20260409115526_0200_010,20260409115526_0200,20260409115526,41,0029,tokujou,特上卓,0200,0,s6u,43,2p,tedashi,1775703813,2089.527,,3,1049.877,"[62,66,100,70,23,43,53,81,95,19,13,27,86,26]","[111,115,129,50,132,54,89,97,130,2,103,30,113]","[41,22,131,72,42,116,78,55,59,80,91,58,92]","[51,21,63,93,98,4,11,71,10,48]",45677m 25789p 3468s,18m 45p 578s 122667z,6m 22566p 12356s 36z,2336m 4479p 67s,1,1,5,,0,,,,,,
20260409115526_0200_011,20260409115526_0200,20260409115526,41,0029,tokujou,特上卓,0200,1,SweetBit,2,1m,tedashi,1775703817,2933.125,,0,,"[62,66,100,70,23,53,81,95,19,13,27,86,26]","[111,115,129,50,132,54,89,97,130,2,103,30,113,125]","[41,22,131,72,42,116,78,55,59,80,91,58,92]","[51,21,63,93,98,4,11,71,10,48]",45677m 5789p 3468s,18m 45p 578s 1225667z,6m 22566p 12356s 36z,2336m 4479p 67s,4,4,4,,0,,,,,,
20260409115526_0200_012,20260409115526_0200,20260409115526,41,0029,tokujou,特上卓,0200,2,ff2,121,4z,risekichu_hokan_tsumogiri,1775703819,2528.205,,0,,"[62,66,100,70,23,53,81,95,19,13,27,86,26]","[111,115,129,50,132,54,89,97,130,103,30,113,125]","[41,22,131,72,42,116,78,55,59,80,91,58,92,121]","[51,21,63,93,98,4,11,71,10,48]",45677m 5789p 3468s,8m 45p 578s 1225667z,6m 22566p 12356s 346z,2336m 4479p 67s,3,3,4,,0,,,,,,
20260409115526_0200_013,20260409115526_0200,20260409115526,41,0029,tokujou,特上卓,0200,3,不会配平,45,3p,risekichu_hokan_tsumogiri,1775703823,3294.455,,0,,"[62,66,100,70,23,53,81,95,19,13,27,86,26]","[111,115,129,50,132,54,89,97,130,103,30,113,125]","[41,22,131,72,42,116,78,55,59,80,91,58,92]","[51,21,63,93,98,4,11,71,10,48,45]",45677m 5789p 3468s,8m 45p 578s 1225667z,6m 22566p 12356s 36z,2336m 34479p 67s,2,2,,,0,,,,,,
20260409115526_0200_014,20260409115526_0200,20260409115526,41,0029,tokujou,特上卓,0200,0,s6u,53,5p,tedashi,1775703825,623.408,1836.62,0,,"[62,66,100,70,23,53,81,95,19,13,27,86,26,77]","[111,115,129,50,132,54,89,97,130,103,30,113,125]","[41,22,131,72,42,116,78,55,59,80,91,58,92]","[51,21,63,93,98,4,11,71,10,48]",45677m 5789p 23468s,8m 45p 578s 1225667z,6m 22566p 12356s 36z,2336m 4479p 67s,0,0,5,7s,0,,,,,,
20260409115526_0200_015,20260409115526_0200,20260409115526,41,0029,tokujou,特上卓,0200,1,SweetBit,132,7z,tedashi,1775703828,3040.881,,0,,"[62,66,100,70,23,81,95,19,13,27,86,26,77]","[111,115,129,50,132,54,89,97,130,103,30,113,125,12]","[41,22,131,72,42,116,78,55,59,80,91,58,92]","[51,21,63,93,98,4,11,71,10,48]",45677m 789p 23468s,48m 45p 578s 1225667z,6m 22566p 12356s 36z,2336m 4479p 67s,4,4,4,,0,,,,,,
20260409115526_0200_016,20260409115526_0200,20260409115526,41,0029,tokujou,特上卓,0200,2,ff2,55,5p,tedashi,1775703830,2303.53,,0,,"[62,66,100,70,23,81,95,19,13,27,86,26,77]","[111,115,129,50,54,89,97,130,103,30,113,125,12]","[41,22,131,72,42,116,78,55,59,80,91,58,92,28]","[51,21,63,93,98,4,11,71,10,48]",45677m 789p 23468s,48m 45p 578s 122566z,68m 22566p 12356s 36z,2336m 4479p 67s,2,2,4,,0,,,,,,
20260409115526_0200_017,20260409115526_0200,20260409115526,41,0029,tokujou,特上卓,0200,3,不会配平,71,9p,tedashi,1775703834,3458.991,,0,,"[62,66,100,70,23,81,95,19,13,27,86,26,77]","[111,115,129,50,54,89,97,130,103,30,113,125,12]","[41,22,131,72,42,116,78,59,80,91,58,92,28]","[51,21,63,93,98,4,11,71,10,48,60]",45677m 789p 23468s,48m 45p 578s 122566z,68m 2266p 12356s 36z,2336m 44779p 67s,2,2,,,0,,,,,,
20260409115526_0200_018,20260409115526_0200,20260409115526,41,0029,tokujou,特上卓,0200,0,s6u,84,4s,tsumogiri,1775703835,694.267,,0,,"[62,66,100,70,23,81,95,19,13,27,86,26,77,84]","[111,115,129,50,54,89,97,130,103,30,113,125,12]","[41,22,131,72,42,116,78,59,80,91,58,92,28]","[51,21,63,93,98,4,11,10,48,60]",45677m 789p 234468s,48m 45p 578s 122566z,68m 2266p 12356s 36z,2336m 4477p 67s,0,0,4,7s,0,,,,,,
20260409115526_0200_019,20260409115526_0200,20260409115526,41,0029,tokujou,特上卓,0200,1,SweetBit,111,1z,tedashi,1775703842,7092.314,,0,,"[62,66,100,70,23,81,95,19,13,27,86,26,77]","[111,115,129,50,54,89,97,130,103,30,113,125,12,8]","[41,22,131,72,42,116,78,59,80,91,58,92,28]","[51,21,63,93,98,4,11,10,48,60]",45677m 789p 23468s,348m 45p 578s 122566z,68m 2266p 12356s 36z,2336m 4477p 67s,3,3,4,,0,,,,,,
20260409115526_0200_020,20260409115526_0200,20260409115526,41,0029,tokujou,特上卓,0200,2,ff2,42,2p,tedashi,1775703843,1664.665,,0,,"[62,66,100,70,23,81,95,19,13,27,86,26,77]","[115,129,50,54,89,97,130,103,30,113,125,12,8]","[41,22,131,72,42,116,78,59,80,91,58,92,28,124]","[51,21,63,93,98,4,11,10,48,60]",45677m 789p 23468s,348m 45p 578s 22566z,68m 2266p 12356s 356z,2336m 4477p 67s,2,2,4,,0,,,,,,
20260409115526_0200_021,20260409115526_0200,20260409115526,41,0029,tokujou,特上卓,0200,3,不会配平,69,9p,risekichu_hokan_tsumogiri,1775703845,1594.178,,0,,"[62,66,100,70,23,81,95,19,13,27,86,26,77]","[115,129,50,54,89,97,130,103,30,113,125,12,8]","[41,22,131,72,116,78,59,80,91,58,92,28,124]","[51,21,63,93,98,4,11,10,48,60,69]",45677m 789p 23468s,348m 45p 578s 22566z,68m 266p 12356s 356z,2336m 44779p 67s,2,2,,,0,,,,,,
20260409115526_0200_022,20260409115526_0200,20260409115526,41,0029,tokujou,特上卓,0200,0,s6u,114,2z,tsumogiri,1775703846,696.476,,3,4642.246,"[62,66,100,70,23,81,95,19,13,27,86,26,77,114]","[115,129,50,54,89,97,130,103,30,113,125,12,8]","[41,22,131,72,116,78,59,80,91,58,92,28,124]","[51,21,63,93,98,4,11,10,48,60]",45677m 789p 23468s 2z,348m 45p 578s 22566z,68m 266p 12356s 356z,2336m 4477p 67s,0,0,5,7s,0,,,,,,
20260409115526_0200_023,20260409115526_0200,20260409115526,41,0029,tokujou,特上卓,0200,1,SweetBit,115,2z,tedashi,1775703853,2316.712,,0,,"[62,66,100,70,23,81,95,19,13,27,86,26,77]","[115,129,50,54,89,97,130,103,30,113,125,12,8,35]","[41,22,131,72,116,78,59,80,91,58,92,28,124]","[51,21,63,93,98,4,11,10,48,60]",45677m 789p 23468s,3489m 45p 578s 22566z,68m 266p 12356s 356z,2336m 4477p 67s,3,3,4,,0,,,,,,
20260409115526_0200_024,20260409115526_0200,20260409115526,41,0029,tokujou,特上卓,0200,2,ff2,41,2p,tedashi,1775703854,1692.054,,0,,"[62,66,100,70,23,81,95,19,13,27,86,26,77]","[129,50,54,89,97,130,103,30,113,125,12,8,35]","[41,22,131,72,116,78,59,80,91,58,92,28,124,85]","[51,21,63,93,98,4,11,10,48,60]",45677m 789p 23468s,3489m 45p 578s 2566z,68m 266p 123456s 356z,2336m 4477p 67s,2,2,5,,0,,,,,,
20260409115526_0200_025,20260409115526_0200,20260409115526,41,0029,tokujou,特上卓,0200,3,不会配平,46,3p,risekichu_hokan_tsumogiri,1775703859,5016.638,,0,,"[62,66,100,70,23,81,95,19,13,27,86,26,77]","[129,50,54,89,97,130,103,30,113,125,12,8,35]","[22,131,72,116,78,59,80,91,58,92,28,124,85]","[51,21,63,93,98,4,11,10,48,60,46]",45677m 789p 23468s,3489m 45p 578s 2566z,68m 66p 123456s 356z,2336m 34477p 67s,2,2,,,0,,,,,,
20260409115526_0200_026,20260409115526_0200,20260409115526,41,0029,tokujou,特上卓,0200,0,s6u,7,2m,tsumogiri,1775703860,709.498,,3,3285.45,"[62,66,100,70,23,81,95,19,13,27,86,26,77,7]","[129,50,54,89,97,130,103,30,113,125,12,8,35]","[22,131,72,116,78,59,80,91,58,92,28,124,85]","[51,21,63,93,98,4,11,10,48,60]",245677m 789p 23468s,3489m 45p 578s 2566z,68m 66p 123456s 356z,2336m 4477p 67s,0,0,5,7s,0,,,,,,
20260409115526_0200_027,20260409115526_0200,20260409115526,41,0029,tokujou,特上卓,0200,1,SweetBit,113,2z,tedashi,1775703865,1326.112,,0,,"[62,66,100,70,23,81,95,19,13,27,86,26,77]","[129,50,54,89,97,130,103,30,113,125,12,8,35,18]","[22,131,72,116,78,59,80,91,58,92,28,124,85]","[51,21,63,93,98,4,11,10,48,60]",45677m 789p 23468s,34589m 45p 578s 2566z,68m 66p 123456s 356z,2336m 4477p 67s,2,2,5,,0,,,,,,
20260409115526_0200_028,20260409115526_0200,20260409115526,41,0029,tokujou,特上卓,0200,2,ff2,85,4s,tedashi,1775703868,2958.524,,0,,"[62,66,100,70,23,81,95,19,13,27,86,26,77]","[129,50,54,89,97,130,103,30,125,12,8,35,18]","[22,131,72,116,78,59,80,91,58,92,28,124,85,25]","[51,21,63,93,98,4,11,10,48,60]",45677m 789p 23468s,34589m 45p 578s 566z,678m 66p 123456s 356z,2336m 4477p 67s,1,1,5,,0,,,,,,
20260409115526_0200_029,20260409115526_0200,20260409115526,41,0029,tokujou,特上卓,0200,3,不会配平,4,2m,tedashi,1775703870,2520.269,,0,,"[62,66,100,70,23,81,95,19,13,27,86,26,77]","[129,50,54,89,97,130,103,30,125,12,8,35,18]","[22,131,72,116,78,59,80,91,58,92,28,124,25]","[51,21,63,93,98,4,11,10,48,60,107]",45677m 789p 23468s,34589m 45p 578s 566z,678m 66p 12356s 356z,2336m 4477p 679s,2,2,,,0,,,,,,
20260409115526_0200_030,20260409115526_0200,20260409115526,41,0029,tokujou,特上卓,0200,0,s6u,126,5z,tsumogiri,1775703871,705.962,,0,,"[62,66,100,70,23,81,95,19,13,27,86,26,77,126]","[129,50,54,89,97,130,103,30,125,12,8,35,18]","[22,131,72,116,78,59,80,91,58,92,28,124,25]","[51,21,63,93,98,11,10,48,60,107]",45677m 789p 23468s 5z,34589m 45p 578s 566z,678m 66p 12356s 356z,336m 4477p 679s,0,0,5,7s,0,,,,,,
20260409115526_0200_031,20260409115526_0200,20260409115526,41,0029,tokujou,特上卓,0200,1,SweetBit,125,5z,tedashi,1775703875,4559.283,,0,,"[62,66,100,70,23,81,95,19,13,27,86,26,77]","[129,50,54,89,97,130,103,30,125,12,8,35,18,74]","[22,131,72,116,78,59,80,91,58,92,28,124,25]","[51,21,63,93,98,11,10,48,60,107]",45677m 789p 23468s,34589m 45p 1578s 566z,678m 66p 12356s 356z,336m 4477p 679s,2,2,5,,0,,,,,,
20260409115526_0200_032,20260409115526_0200,20260409115526,41,0029,tokujou,特上卓,0200,2,ff2,124,5z,tedashi,1775703878,2367.726,,0,,"[62,66,100,70,23,81,95,19,13,27,86,26,77]","[129,50,54,89,97,130,103,30,12,8,35,18,74]","[22,131,72,116,78,59,80,91,58,92,28,124,25,32]","[51,21,63,93,98,11,10,48,60,107]",45677m 789p 23468s,34589m 45p 1578s 66z,6789m 66p 12356s 356z,336m 4477p 679s,2,2,5,,0,,,,,,
20260409115526_0200_033,20260409115526_0200,20260409115526,41,0029,tokujou,特上卓,0200,3,不会配平,107,9s,tedashi,1775703880,2408.795,,0,,"[62,66,100,70,23,81,95,19,13,27,86,26,77]","[129,50,54,89,97,130,103,30,12,8,35,18,74]","[22,131,72,116,78,59,80,91,58,92,28,25,32]","[51,21,63,93,98,11,10,48,60,107,16]",45677m 789p 23468s,34589m 45p 1578s 66z,6789m 66p 12356s 36z,33r56m 4477p 679s,2,2,,,0,,,,,,
20260409115526_0200_034,20260409115526_0200,20260409115526,41,0029,tokujou,特上卓,0200,0,s6u,40,2p,tsumogiri,1775703881,692.957,,0,,"[62,66,100,70,23,81,95,19,13,27,86,26,77,40]","[129,50,54,89,97,130,103,30,12,8,35,18,74]","[22,131,72,116,78,59,80,91,58,92,28,25,32]","[51,21,63,93,98,11,10,48,60,16]",45677m 2789p 23468s,34589m 45p 1578s 66z,6789m 66p 12356s 36z,33r56m 4477p 67s,0,0,5,7s,0,,,,,,
20260409115526_0200_035,20260409115526_0200,20260409115526,41,0029,tokujou,特上卓,0200,1,SweetBit,74,1s,tedashi,1775703885,4331.127,,3,1543.214,"[62,66,100,70,23,81,95,19,13,27,86,26,77]","[129,50,54,89,97,130,103,30,12,8,35,18,74,5]","[22,131,72,116,78,59,80,91,58,92,28,25,32]","[51,21,63,93,98,11,10,48,60,16]",45677m 789p 23468s,234589m 45p 1578s 66z,6789m 66p 12356s 36z,33r56m 4477p 67s,2,2,5,,0,,,,,,
20260409115526_0200_036,20260409115526_0200,20260409115526,41,0029,tokujou,特上卓,0200,2,ff2,72,1s,tedashi,1775703888,1314.087,,0,,"[62,66,100,70,23,81,95,19,13,27,86,26,77]","[129,50,54,89,97,130,103,30,12,8,35,18,5]","[22,131,72,116,78,59,80,91,58,92,28,25,32,90]","[51,21,63,93,98,11,10,48,60,16]",45677m 789p 23468s,234589m 45p 578s 66z,6789m 66p 123556s 36z,33r56m 4477p 67s,2,2,4,,0,,,,,,
20260409115526_0200_037,20260409115526_0200,20260409115526,41,0029,tokujou,特上卓,0200,3,不会配平,63,7p,tedashi,1775703896,8448.805,,0,,"[62,66,100,70,23,81,95,19,13,27,86,26,77]","[129,50,54,89,97,130,103,30,12,8,35,18,5]","[22,131,116,78,59,80,91,58,92,28,25,32,90]","[51,21,63,93,98,11,10,48,60,16,88]",45677m 789p 23468s,234589m 45p 578s 66z,6789m 66p 23556s 36z,33r56m 4477p r567s,1,1,,,0,,,,,,
20260409115526_0200_038,20260409115526_0200,20260409115526,41,0029,tokujou,特上卓,0200,0,s6u,29,8m,tsumogiri,1775703897,685.883,,0,,"[62,66,100,70,23,81,95,19,13,27,86,26,77,29]","[129,50,54,89,97,130,103,30,12,8,35,18,5]","[22,131,116,78,59,80,91,58,92,28,25,32,90]","[51,21,93,98,11,10,48,60,16,88]",456778m 789p 23468s,234589m 45p 578s 66z,6789m 66p 23556s 36z,33r56m 447p r567s,0,0,5,7s,0,,,,,,
20260409115526_0200_039,20260409115526_0200,20260409115526,41,0029,tokujou,特上卓,0200,1,SweetBit,5,2m,tedashi,1775703902,5043.104,,0,,"[62,66,100,70,23,81,95,19,13,27,86,26,77]","[129,50,54,89,97,130,103,30,12,8,35,18,5,6]","[22,131,116,78,59,80,91,58,92,28,25,32,90]","[51,21,93,98,11,10,48,60,16,88]",45677m 789p 23468s,2234589m 45p 578s 66z,6789m 66p 23556s 36z,33r56m 447p r567s,2,2,4,,0,,,,,,
20260409115526_0200_040,20260409115526_0200,20260409115526,41,0029,tokujou,特上卓,0200,2,ff2,28,8m,tedashi,1775703904,1606.133,,0,,"[62,66,100,70,23,81,95,19,13,27,86,26,77]","[129,50,54,89,97,130,103,30,12,8,35,18,6]","[22,131,116,78,59,80,91,58,92,28,25,32,90,37]","[51,21,93,98,11,10,48,60,16,88]",45677m 789p 23468s,234589m 45p 578s 66z,6789m 166p 23556s 36z,33r56m 447p r567s,3,3,4,,0,,,,,,
20260409115526_0200_041,20260409115526_0200,20260409115526,41,0029,tokujou,特上卓,0200,3,不会配平,60,7p,tedashi,1775703905,1371.199,,0,,"[62,66,100,70,23,81,95,19,13,27,86,26,77]","[129,50,54,89,97,130,103,30,12,8,35,18,6]","[22,131,116,78,59,80,91,58,92,25,32,90,37]","[51,21,93,98,11,10,48,60,16,88,14]",45677m 789p 23468s,234589m 45p 578s 66z,679m 166p 23556s 36z,334r56m 447p r567s,0,0,,3m 4p,0,,,,,,
20260409115526_0200_042,20260409115526_0200,20260409115526,41,0029,tokujou,特上卓,0200,0,s6u,94,6s,tsumogiri,1775703906,693.871,,3,3366.121,"[62,66,100,70,23,81,95,19,13,27,86,26,77,94]","[129,50,54,89,97,130,103,30,12,8,35,18,6]","[22,131,116,78,59,80,91,58,92,25,32,90,37]","[51,21,93,98,11,10,48,16,88,14]",45677m 789p 234668s,234589m 45p 578s 66z,679m 166p 23556s 36z,334r56m 44p r567s,0,0,4,7s,0,,,,,,
20260409115526_0200_043,20260409115526_0200,20260409115526,41,0029,tokujou,特上卓,0200,1,SweetBit,6,2m,tedashi,1775703913,3263.297,,0,,"[62,66,100,70,23,81,95,19,13,27,86,26,77]","[129,50,54,89,97,130,103,30,12,8,35,18,6,9]","[22,131,116,78,59,80,91,58,92,25,32,90,37]","[51,21,93,98,11,10,48,16,88,14]",45677m 789p 23468s,2334589m 45p 578s 66z,679m 166p 23556s 36z,334r56m 44p r567s,2,2,4,,0,,,,,,
20260409115526_0200_044,20260409115526_0200,20260409115526,41,0029,tokujou,特上卓,0200,2,ff2,92,6s,tedashi,1775703915,2550.099,,3,1223.748,"[62,66,100,70,23,81,95,19,13,27,86,26,77]","[129,50,54,89,97,130,103,30,12,8,35,18,9]","[22,131,116,78,59,80,91,58,92,25,32,90,37,49]","[51,21,93,98,11,10,48,16,88,14]",45677m 789p 23468s,334589m 45p 578s 66z,679m 1466p 23556s 36z,334r56m 44p r567s,4,4,4,,0,,,,,,
20260409115526_0200_045,20260409115526_0200,20260409115526,41,0029,tokujou,特上卓,0200,3,不会配平,99,7s,risekichu_hokan_tsumogiri,1775703917,1099.258,,0,,"[62,66,100,70,23,81,95,19,13,27,86,26,77]","[129,50,54,89,97,130,103,30,12,8,35,18,9]","[22,131,116,78,59,80,91,58,25,32,90,37,49]","[51,21,93,98,11,10,48,16,88,14,99]",45677m 789p 23468s,334589m 45p 578s 66z,679m 1466p 2355s 36z,334r56m 44p r5677s,0,0,,3m 4p,0,,,,,,
20260409115526_0201_000,20260409115526_0201,20260409115526,41,0029,tokujou,特上卓,0201,0,s6u,39,1p,tedashi,1775703929,,,0,,"[39,9,77,30,53,88,49,133,51,90,10,99,83,102]","[64,104,125,42,126,36,120,16,25,35,124,21,114]","[40,27,87,86,19,79,15,115,23,6,128,89,85]","[61,70,119,58,48,123,116,69,2,63,108,95,131]",338m 1445p 23r5578s 7z,r5679m 128p 9s 24555z,24567m 2p 24445s 26z,1m 467799p 6s 13346z,3,3,3,,0,,,,,,
20260409115526_0201_001,20260409115526_0201,20260409115526,41,0029,tokujou,特上卓,0201,1,SweetBit,104,9s,tedashi,1775703934,4950.247,,0,,"[9,77,30,53,88,49,133,51,90,10,99,83,102]","[64,104,125,42,126,36,120,16,25,35,124,21,114,134]","[40,27,87,86,19,79,15,115,23,6,128,89,85]","[61,70,119,58,48,123,116,69,2,63,108,95,131]",338m 445p 23r5578s 7z,r5679m 128p 9s 245557z,24567m 2p 24445s 26z,1m 467799p 6s 13346z,3,3,5,,0,,,,,,
20260409115526_0201_002,20260409115526_0201,20260409115526,41,0029,tokujou,特上卓,0201,2,ff2,115,2z,tedashi,1775703938,3310.129,,0,,"[9,77,30,53,88,49,133,51,90,10,99,83,102]","[64,125,42,126,36,120,16,25,35,124,21,114,134]","[40,27,87,86,19,79,15,115,23,6,128,89,85,34]","[61,70,119,58,48,123,116,69,2,63,108,95,131]",338m 445p 23r5578s 7z,r5679m 128p 245557z,245679m 2p 24445s 26z,1m 467799p 6s 13346z,3,3,5,,0,,,,,,
20260409115526_0201_003,20260409115526_0201,20260409115526,41,0029,tokujou,特上卓,0201,3,不会配平,2,1m,tedashi,1775703939,1366.356,,0,,"[9,77,30,53,88,49,133,51,90,10,99,83,102]","[64,125,42,126,36,120,16,25,35,124,21,114,134]","[40,27,87,86,19,79,15,23,6,128,89,85,34]","[61,70,119,58,48,123,116,69,2,63,108,95,131,17]",338m 445p 23r5578s 7z,r5679m 128p 245557z,245679m 2p 24445s 6z,15m 467799p 6s 13346z,3,4,3,,0,,,,,,
20260409115526_0201_004,20260409115526_0201,20260409115526,41,0029,tokujou,特上卓,0201,0,s6u,133,7z,tedashi,1775703944,5165.462,,0,,"[9,77,30,53,88,49,133,51,90,10,99,83,102,81]","[64,125,42,126,36,120,16,25,35,124,21,114,134]","[40,27,87,86,19,79,15,23,6,128,89,85,34]","[61,70,119,58,48,123,116,69,63,108,95,131,17]",338m 445p 233r5578s 7z,r5679m 128p 245557z,245679m 2p 24445s 6z,5m 467799p 6s 13346z,2,3,2,,0,7z,2896pt,8m,2866pt,2s,2339pt
20260409115526_0201_005,20260409115526_0201,20260409115526,41,0029,tokujou,特上卓,0201,1,SweetBit,36,1p,tedashi,1775703950,5979.452,,0,,"[9,77,30,53,88,49,51,90,10,99,83,102,81]","[64,125,42,126,36,120,16,25,35,124,21,114,134,5]","[40,27,87,86,19,79,15,23,6,128,89,85,34]","[61,70,119,58,48,123,116,69,63,108,95,131,17]",338m 445p 233r5578s,2r5679m 128p 245557z,245679m 2p 24445s 6z,5m 467799p 6s 13346z,3,3,5,,0,,,,,,
20260409115526_0201_006,20260409115526_0201,20260409115526,41,0029,tokujou,特上卓,0201,2,ff2,128,6z,tedashi,1775703956,6236.866,,0,,"[9,77,30,53,88,49,51,90,10,99,83,102,81]","[64,125,42,126,120,16,25,35,124,21,114,134,5]","[40,27,87,86,19,79,15,23,6,128,89,85,34,92]","[61,70,119,58,48,123,116,69,63,108,95,131,17]",338m 445p 233r5578s,2r5679m 28p 245557z,245679m 2p 244456s 6z,5m 467799p 6s 13346z,2,2,5,,0,,,,,,
20260409115526_0201_007,20260409115526_0201,20260409115526,41,0029,tokujou,特上卓,0201,3,不会配平,17,5m,tedashi,1775703958,1821.814,,0,,"[9,77,30,53,88,49,51,90,10,99,83,102,81]","[64,125,42,126,120,16,25,35,124,21,114,134,5]","[40,27,87,86,19,79,15,23,6,89,85,34,92]","[61,70,119,58,48,123,116,69,63,108,95,131,17,57]",338m 445p 233r5578s,2r5679m 28p 245557z,245679m 2p 244456s,5m 4667799p 6s 13346z,2,4,2,,0,,,,,,
20260409115526_0201_008,20260409115526_0201,20260409115526,41,0029,tokujou,特上卓,0201,0,s6u,30,8m,tedashi,1775703962,3615.693,,2,2055.084,"[9,77,30,53,88,49,51,90,10,99,83,102,81,62]","[64,125,42,126,120,16,25,35,124,21,114,134,5]","[40,27,87,86,19,79,15,23,6,89,85,34,92]","[61,70,119,58,48,123,116,69,63,108,95,131,57]",338m 4457p 233r5578s,2r5679m 28p 245557z,245679m 2p 244456s,4667799p 6s 13346z,2,3,2,,0,8m,2770pt,7p,2770pt,8s,2299pt
20260409115526_0201_009,20260409115526_0201,20260409115526,41,0029,tokujou,特上卓,0201,1,SweetBit,42,2p,tedashi,1775703965,998.691,,0,,"[9,77,53,88,49,51,90,10,99,83,102,81,62]","[64,125,42,126,120,16,124,21,114,134,5]","[40,27,87,86,19,79,15,23,6,89,85,34,92]","[61,70,119,58,48,123,116,69,63,108,95,131,57]",33m 4457p 233r5578s,2r56m 28p 245557z,245679m 2p 244456s,4667799p 6s 13346z,3,3,,,0,,,,,,
20260409115526_0201_010,20260409115526_0201,20260409115526,41,0029,tokujou,特上卓,0201,2,ff2,132,7z,risekichu_hokan_tsumogiri,1775703966,1497.766,,0,,"[9,77,53,88,49,51,90,10,99,83,102,81,62]","[64,125,126,120,16,124,21,114,134,5]","[40,27,87,86,19,79,15,23,6,89,85,34,92,132]","[61,70,119,58,48,123,116,69,63,108,95,131,57]",33m 4457p 233r5578s,2r56m 8p 245557z,245679m 2p 244456s 7z,4667799p 6s 13346z,2,2,5,,0,,,,,,
20260409115526_0201_011,20260409115526_0201,20260409115526,41,0029,tokujou,特上卓,0201,3,不会配平,22,6m,risekichu_hokan_tsumogiri,1775703968,1587.626,,0,,"[9,77,53,88,49,51,90,10,99,83,102,81,62]","[64,125,126,120,16,124,21,114,134,5]","[40,27,87,86,19,79,15,23,6,89,85,34,92]","[61,70,119,58,48,123,116,69,63,108,95,131,57,22]",33m 4457p 233r5578s,2r56m 8p 245557z,245679m 2p 244456s,6m 4667799p 6s 13346z,2,4,2,,0,,,,,,
20260409115526_0201_012,20260409115526_0201,20260409115526,41,0029,tokujou,特上卓,0201,0,s6u,62,7p,tedashi,1775703972,3533.11,,3,1067.678,"[9,77,53,88,49,51,90,10,99,83,102,81,62,84]","[64,125,126,120,16,124,21,114,134,5]","[40,27,87,86,19,79,15,23,6,89,85,34,92]","[61,70,119,58,48,123,116,69,63,108,95,131,57]",33m 4457p 2334r5578s,2r56m 8p 245557z,245679m 2p 244456s,4667799p 6s 13346z,2,2,2,,0,7p,6013pt,4p,5880pt,5s,5787pt
20260409115526_0201_013,20260409115526_0201,20260409115526,41,0029,tokujou,特上卓,0201,1,SweetBit,134,7z,tedashi,1775703975,2624.547,,0,,"[9,77,53,88,49,51,90,10,99,83,102,81,84]","[64,125,126,120,16,124,21,114,134,5,111]","[40,27,87,86,19,79,15,23,6,89,85,34,92]","[61,70,119,58,48,123,116,69,63,108,95,131,57]",33m 445p 2334r5578s,2r56m 8p 1245557z,245679m 2p 244456s,4667799p 6s 13346z,3,3,,,0,,,,,,
20260409115526_0201_014,20260409115526_0201,20260409115526,41,0029,tokujou,特上卓,0201,2,ff2,40,2p,tedashi,1775703978,2343.528,,0,,"[9,77,53,88,49,51,90,10,99,83,102,81,84]","[64,125,126,120,16,124,21,114,5,111]","[40,27,87,86,19,79,15,23,6,89,85,34,92,54]","[61,70,119,58,48,123,116,69,63,108,95,131,57]",33m 445p 2334r5578s,2r56m 8p 124555z,245679m 25p 244456s,4667799p 6s 13346z,2,2,5,,0,,,,,,
20260409115526_0201_015,20260409115526_0201,20260409115526,41,0029,tokujou,特上卓,0201,3,不会配平,24,7m,risekichu_hokan_tsumogiri,1775703979,1510.748,,0,,"[9,77,53,88,49,51,90,10,99,83,102,81,84]","[64,125,126,120,16,124,21,114,5,111]","[27,87,86,19,79,15,23,6,89,85,34,92,54]","[61,70,119,58,48,123,116,69,63,108,95,131,57,24]",33m 445p 2334r5578s,2r56m 8p 124555z,245679m 5p 244456s,7m 4667799p 6s 13346z,2,4,2,,0,,,,,,
20260409115526_0201_016,20260409115526_0201,20260409115526,41,0029,tokujou,特上卓,0201,0,s6u,51,4p,tedashi,1775703983,3878.861,,0,,"[9,77,53,88,49,51,90,10,99,83,102,81,84,107]","[64,125,126,120,16,124,21,114,5,111]","[27,87,86,19,79,15,23,6,89,85,34,92,54]","[61,70,119,58,48,123,116,69,63,108,95,131,57]",33m 445p 2334r55789s,2r56m 8p 124555z,245679m 5p 244456s,4667799p 6s 13346z,1,1,2,,1,4p,8271pt,5s,8232pt,3s,6699pt
20260409115526_0201_017,20260409115526_0201,20260409115526,41,0029,tokujou,特上卓,0201,1,SweetBit,64,8p,tedashi,1775703985,2231.487,,0,,"[9,77,53,88,49,90,10,99,83,102,81,84,107]","[64,125,126,120,16,124,21,114,5,111,7]","[27,87,86,19,79,15,23,6,89,85,34,92,54]","[61,70,119,58,48,123,116,69,63,108,95,131,57]",33m 45p 2334r55789s,22r56m 8p 124555z,245679m 5p 244456s,4667799p 6s 13346z,2,2,,,0,,,,,,
20260409115526_0201_018,20260409115526_0201,20260409115526,41,0029,tokujou,特上卓,0201,2,ff2,79,2s,tedashi,1775703991,5556.29,,0,,"[9,77,53,88,49,90,10,99,83,102,81,84,107]","[125,126,120,16,124,21,114,5,111,7]","[27,87,86,19,79,15,23,6,89,85,34,92,54,29]","[61,70,119,58,48,123,116,69,63,108,95,131,57]",33m 45p 2334r55789s,22r56m 124555z,2456789m 5p 244456s,4667799p 6s 13346z,1,1,5,,0,,,,,,
20260409115526_0201_019,20260409115526_0201,20260409115526,41,0029,tokujou,特上卓,0201,3,不会配平,95,6s,tedashi,1775703993,2546.824,,6,212.75,"[9,77,53,88,49,90,10,99,83,102,81,84,107]","[125,126,120,16,124,21,114,5,111,7]","[27,87,86,19,15,23,6,89,85,34,92,54,29]","[61,70,119,58,48,123,116,69,63,108,95,131,57,110]",33m 45p 2334r55789s,22r56m 124555z,2456789m 5p 44456s,4667799p 6s 113346z,1,3,1,,0,,,,,,
20260409115526_0201_020,20260409115526_0201,20260409115526,41,0029,tokujou,特上卓,0201,0,s6u,118,3z,tsumogiri,1775703995,1065.787,,3,4955.3,"[9,77,53,88,49,90,10,99,83,102,81,84,107,118]","[125,126,120,16,124,21,114,5,111,7]","[27,87,86,19,15,23,6,89,85,34,92,54,29]","[61,70,119,58,48,123,116,69,63,108,131,57,110]",33m 45p 2334r55789s 3z,22r56m 124555z,2456789m 5p 44456s,4667799p 113346z,1,1,3,,0,3z,7854pt,5s,7541pt,3s,5949pt
20260409115526_0201_021,20260409115526_0201,20260409115526,41,0029,tokujou,特上卓,0201,3,不会配平,131,6z,tedashi,1775704000,2038.647,,0,,"[9,77,53,88,49,90,10,99,83,102,81,84,107]","[125,126,120,16,124,21,114,5,111,7]","[27,87,86,19,15,23,6,89,85,34,92,54,29]","[61,70,119,58,48,123,69,63,108,131,57,110]",33m 45p 2334r55789s,22r56m 124555z,2456789m 5p 44456s,4667799p 11346z,,,,,,,,,,,
20260409115526_0201_022,20260409115526_0201,20260409115526,41,0029,tokujou,特上卓,0201,0,s6u,129,6z,tsumogiri,1775704002,2086.621,,0,,"[9,77,53,88,49,90,10,99,83,102,81,84,107,129]","[125,126,120,16,124,21,114,5,111,7]","[27,87,86,19,15,23,6,89,85,34,92,54,29]","[61,70,119,58,48,123,69,63,108,57,110]",33m 45p 2334r55789s 6z,22r56m 124555z,2456789m 5p 44456s,4667799p 1134z,1,1,3,,0,6z,8308pt,5s,8003pt,3s,6365pt
20260409115526_0201_023,20260409115526_0201,20260409115526,41,0029,tokujou,特上卓,0201,1,SweetBit,94,6s,risekichu_hokan_tsumogiri,1775704004,1928.28,,3,828.91,"[9,77,53,88,49,90,10,99,83,102,81,84,107]","[125,126,120,16,124,21,114,5,111,7,94]","[27,87,86,19,15,23,6,89,85,34,92,54,29]","[61,70,119,58,48,123,69,63,108,57,110]",33m 45p 2334r55789s,22r56m 6s 124555z,2456789m 5p 44456s,4667799p 1134z,2,2,,,0,,,,,,
20260409115526_0201_024,20260409115526_0201,20260409115526,41,0029,tokujou,特上卓,0201,2,ff2,101,8s,risekichu_hokan_tsumogiri,1775704005,1045.78,,0,,"[9,77,53,88,49,90,10,99,83,102,81,84,107]","[125,126,120,16,124,21,114,5,111,7]","[27,87,86,19,15,23,6,89,85,34,92,54,29,101]","[61,70,119,58,48,123,69,63,108,57,110]",33m 45p 2334r55789s,22r56m 124555z,2456789m 5p 444568s,4667799p 1134z,1,1,5,,0,,,,,,
20260409115526_0201_025,20260409115526_0201,20260409115526,41,0029,tokujou,特上卓,0201,3,不会配平,135,7z,risekichu_hokan_tsumogiri,1775704008,2023.519,,0,,"[9,77,53,88,49,90,10,99,83,102,81,84,107]","[125,126,120,16,124,21,114,5,111,7]","[27,87,86,19,15,23,6,89,85,34,92,54,29]","[61,70,119,58,48,123,69,63,108,57,110,135]",33m 45p 2334r55789s,22r56m 124555z,2456789m 5p 44456s,4667799p 11347z,,,,,,,,,,,
20260409115526_0201_026,20260409115526_0201,20260409115526,41,0029,tokujou,特上卓,0201,0,s6u,76,2s,tsumogiri,1775704010,2601.518,,0,,"[9,77,53,88,49,90,10,99,83,102,81,84,107,76]","[125,126,120,16,124,21,114,5,111,7]","[27,87,86,19,15,23,6,89,85,34,92,54,29]","[61,70,119,58,48,123,69,63,108,57,110]",33m 45p 22334r55789s,22r56m 124555z,2456789m 5p 44456s,4667799p 1134z,1,1,2,,0,2s,7892pt,5s,7724pt,3m,7583pt
20260409115526_0201_027,20260409115526_0201,20260409115526,41,0029,tokujou,特上卓,0201,1,SweetBit,120,4z,tedashi,1775704012,1987.178,,5,1591.347,"[9,77,53,88,49,90,10,99,83,102,81,84,107]","[125,126,120,16,124,21,114,5,111,7,14]","[27,87,86,19,15,23,6,89,85,34,92,54,29]","[61,70,119,58,48,123,69,63,108,57,110]",33m 45p 2334r55789s,224r56m 124555z,2456789m 5p 44456s,4667799p 1134z,1,1,,,0,,,,,,
20260409115526_0201_028,20260409115526_0201,20260409115526,41,0029,tokujou,特上卓,0201,2,ff2,43,2p,risekichu_hokan_tsumogiri,1775704015,1010.96,,0,,"[9,77,53,88,49,90,10,99,83,102,81,84,107]","[125,126,16,124,21,114,5,111,7,14]","[27,87,86,19,15,23,6,89,85,34,92,54,29,43]","[61,70,119,58,48,123,69,63,108,57,110]",33m 45p 2334r55789s,224r56m 12555z,2456789m 25p 44456s,4667799p 1134z,1,1,5,,0,,,,,,
20260409115526_0201_029,20260409115526_0201,20260409115526,41,0029,tokujou,特上卓,0201,3,不会配平,20,6m,risekichu_hokan_tsumogiri,1775704016,1503.733,,0,,"[9,77,53,88,49,90,10,99,83,102,81,84,107]","[125,126,16,124,21,114,5,111,7,14]","[27,87,86,19,15,23,6,89,85,34,92,54,29]","[61,70,119,58,48,123,69,63,108,57,110,20]",33m 45p 2334r55789s,224r56m 12555z,2456789m 5p 44456s,6m 4667799p 1134z,,,,,,,,,,,
20260409115526_0201_030,20260409115526_0201,20260409115526,41,0029,tokujou,特上卓,0201,0,s6u,122,4z,tsumogiri,1775704019,2531.772,,0,,"[9,77,53,88,49,90,10,99,83,102,81,84,107,122]","[125,126,16,124,21,114,5,111,7,14]","[27,87,86,19,15,23,6,89,85,34,92,54,29]","[61,70,119,58,48,123,69,63,108,57,110]",33m 45p 2334r55789s 4z,224r56m 12555z,2456789m 5p 44456s,4667799p 1134z,1,1,3,,0,4z,7585pt,5s,7237pt,r5s,5573pt
20260409115526_0201_031,20260409115526_0201,20260409115526,41,0029,tokujou,特上卓,0201,1,SweetBit,67,8p,risekichu_hokan_tsumogiri,1775704021,1871.641,,0,,"[9,77,53,88,49,90,10,99,83,102,81,84,107]","[125,126,16,124,21,114,5,111,7,14,67]","[27,87,86,19,15,23,6,89,85,34,92,54,29]","[61,70,119,58,48,123,69,63,108,57,110]",33m 45p 2334r55789s,224r56m 8p 12555z,2456789m 5p 44456s,4667799p 1134z,1,1,,,0,,,,,,
20260409115526_0201_032,20260409115526_0201,20260409115526,41,0029,tokujou,特上卓,0201,2,ff2,54,5p,tedashi,1775704025,4328.251,,2,8266.789,"[9,77,53,88,49,90,10,99,83,102,81,84,107]","[125,126,16,124,21,114,5,111,7,14]","[27,87,86,19,15,23,6,89,85,34,92,54,29,12]","[61,70,119,58,48,123,69,63,108,57,110]",33m 45p 2334r55789s,224r56m 12555z,24456789m 5p 44456s,4667799p 1134z,0,0,4,3m,0,,,,,,
20260409115526_0201_033,20260409115526_0201,20260409115526,41,0029,tokujou,特上卓,0201,3,不会配平,123,4z,tedashi,1775704034,1224.357,,0,,"[9,77,53,88,49,90,10,99,83,102,81,84,107]","[125,126,16,124,21,114,5,111,7,14]","[27,87,86,19,15,23,6,89,85,34,92,29,12]","[61,70,119,58,123,69,63,108,110]",33m 45p 2334r55789s,224r56m 12555z,24456789m 44456s,67799p 1134z,,,,,,,,,,,
20260409115526_0201_034,20260409115526_0201,20260409115526,41,0029,tokujou,特上卓,0201,0,s6u,113,2z,tsumogiri,1775704036,1383.123,,0,,"[9,77,53,88,49,90,10,99,83,102,81,84,107,113]","[125,126,16,124,21,114,5,111,7,14]","[27,87,86,19,15,23,6,89,85,34,92,29,12]","[61,70,119,58,69,63,108,110]",33m 45p 2334r55789s 2z,224r56m 12555z,24456789m 44456s,67799p 113z,1,1,3,,0,2z,6919pt,5s,6570pt,r5s,5058pt
20260409115526_0201_035,20260409115526_0201,20260409115526,41,0029,tokujou,特上卓,0201,1,SweetBit,93,6s,risekichu_hokan_tsumogiri,1775704038,1937.244,,3,939.521,"[9,77,53,88,49,90,10,99,83,102,81,84,107]","[125,126,16,124,21,114,5,111,7,14,93]","[27,87,86,19,15,23,6,89,85,34,92,29,12]","[61,70,119,58,69,63,108,110]",33m 45p 2334r55789s,224r56m 6s 12555z,24456789m 44456s,67799p 113z,1,1,,,0,,,,,,
20260409115526_0201_036,20260409115526_0201,20260409115526,41,0029,tokujou,特上卓,0201,2,ff2,106,9s,risekichu_hokan_tsumogiri,1775704040,949.01,,0,,"[9,77,53,88,49,90,10,99,83,102,81,84,107]","[125,126,16,124,21,114,5,111,7,14]","[27,87,86,19,15,23,6,89,85,34,92,29,12,106]","[61,70,119,58,69,63,108,110]",33m 45p 2334r55789s,224r56m 12555z,24456789m 444569s,67799p 113z,0,0,4,3m,0,,,,,,
20260409115526_0201_037,20260409115526_0201,20260409115526,41,0029,tokujou,特上卓,0201,3,不会配平,3,1m,risekichu_hokan_tsumogiri,1775704041,1454.18,,0,,"[9,77,53,88,49,90,10,99,83,102,81,84,107]","[125,126,16,124,21,114,5,111,7,14]","[27,87,86,19,15,23,6,89,85,34,92,29,12]","[61,70,119,58,69,63,108,110,3]",33m 45p 2334r55789s,224r56m 12555z,24456789m 44456s,1m 67799p 113z,,,,,,,,,,,
20260409115526_0201_038,20260409115526_0201,20260409115526,41,0029,tokujou,特上卓,0201,0,s6u,90,5s,tedashi,1775704046,1235.468,3275.048,0,,"[9,77,53,88,49,90,10,99,83,102,81,84,107,72]","[125,126,16,124,21,114,5,111,7,14]","[27,87,86,19,15,23,6,89,85,34,92,29,12]","[61,70,119,58,69,63,108,110]",33m 45p 12334r55789s,224r56m 12555z,24456789m 44456s,67799p 113z,0,0,3,36p,0,5s,8469pt,r5s,5933pt,,
20260409115526_0201_039,20260409115526_0201,20260409115526,41,0029,tokujou,特上卓,0201,1,SweetBit,126,5z,tedashi,1775704053,7055.074,,0,,"[9,77,53,88,49,10,99,83,102,81,84,107,72]","[125,126,16,124,21,114,5,111,7,14,47]","[27,87,86,19,15,23,6,89,85,34,92,29,12]","[61,70,119,58,69,63,108,110]",33m 45p 12334r5789s,224r56m 3p 12555z,24456789m 44456s,67799p 113z,1,1,,,0,,,,,,
20260409115526_0201_040,20260409115526_0201,20260409115526,41,0029,tokujou,特上卓,0201,2,ff2,15,4m,tedashi,1775704059,6453.637,,0,,"[9,77,53,88,49,10,99,83,102,81,84,107,72]","[125,16,124,21,114,5,111,7,14,47]","[27,87,86,19,15,23,6,89,85,34,92,29,12,1]","[61,70,119,58,69,63,108,110]",33m 45p 12334r5789s,224r56m 3p 1255z,124456789m 44456s,67799p 113z,0,0,4,3m,0,,,,,,
20260409115526_0201_041,20260409115526_0201,20260409115526,41,0029,tokujou,特上卓,0201,3,不会配平,26,7m,risekichu_hokan_tsumogiri,1775704063,3509.825,,0,,"[9,77,53,88,49,10,99,83,102,81,84,107,72]","[125,16,124,21,114,5,111,7,14,47]","[27,87,86,19,23,6,89,85,34,92,29,12,1]","[61,70,119,58,69,63,108,110,26]",33m 45p 12334r5789s,224r56m 3p 1255z,12456789m 44456s,7m 67799p 113z,,,,,,,,,,,
20260409115526_0201_042,20260409115526_0201,20260409115526,41,0029,tokujou,特上卓,0201,0,s6u,65,8p,tsumogiri,1775704063,717.578,,0,,"[9,77,53,88,49,10,99,83,102,81,84,107,72,65]","[125,16,124,21,114,5,111,7,14,47]","[27,87,86,19,23,6,89,85,34,92,29,12,1]","[61,70,119,58,69,63,108,110]",33m 458p 12334r5789s,224r56m 3p 1255z,12456789m 44456s,67799p 113z,0,0,4,36p,0,8p,8248pt,,,,
20260409115526_0201_043,20260409115526_0201,20260409115526,41,0029,tokujou,特上卓,0201,1,SweetBit,125,5z,tedashi,1775704067,3496.268,,0,,"[9,77,53,88,49,10,99,83,102,81,84,107,72]","[125,16,124,21,114,5,111,7,14,47,52]","[27,87,86,19,23,6,89,85,34,92,29,12,1]","[61,70,119,58,69,63,108,110]",33m 45p 12334r5789s,224r56m 3r5p 1255z,12456789m 44456s,67799p 113z,1,1,,,0,,,,,,
20260409115526_0201_044,20260409115526_0201,20260409115526,41,0029,tokujou,特上卓,0201,2,ff2,105,9s,risekichu_hokan_tsumogiri,1775704074,6743.223,,0,,"[9,77,53,88,49,10,99,83,102,81,84,107,72]","[16,124,21,114,5,111,7,14,47,52]","[27,87,86,19,23,6,89,85,34,92,29,12,1,105]","[61,70,119,58,69,63,108,110]",33m 45p 12334r5789s,224r56m 3r5p 125z,12456789m 444569s,67799p 113z,0,0,5,3m,0,,,,,,
20260409115526_0201_045,20260409115526_0201,20260409115526,41,0029,tokujou,特上卓,0201,3,不会配平,63,7p,tedashi,1775704075,1667.167,,0,,"[9,77,53,88,49,10,99,83,102,81,84,107,72]","[16,124,21,114,5,111,7,14,47,52]","[27,87,86,19,23,6,89,85,34,92,29,12,1]","[61,70,119,58,69,63,108,110,18]",33m 45p 12334r5789s,224r56m 3r5p 125z,12456789m 44456s,5m 67799p 113z,,,,,,,,,,,
20260409115526_0201_046,20260409115526_0201,20260409115526,41,0029,tokujou,特上卓,0201,0,s6u,60,7p,tsumogiri,1775704076,687.133,,0,,"[9,77,53,88,49,10,99,83,102,81,84,107,72,60]","[16,124,21,114,5,111,7,14,47,52]","[27,87,86,19,23,6,89,85,34,92,29,12,1]","[61,70,119,58,69,108,110,18]",33m 457p 12334r5789s,224r56m 3r5p 125z,12456789m 44456s,5m 6799p 113z,0,0,4,36p,0,,,,,,
20260409115526_0201_047,20260409115526_0201,20260409115526,41,0029,tokujou,特上卓,0201,1,SweetBit,124,5z,tedashi,1775704082,6415.704,,0,,"[9,77,53,88,49,10,99,83,102,81,84,107,72]","[16,124,21,114,5,111,7,14,47,52,50]","[27,87,86,19,23,6,89,85,34,92,29,12,1]","[61,70,119,58,69,108,110,18]",33m 45p 12334r5789s,224r56m 34r5p 125z,12456789m 44456s,5m 6799p 113z,1,1,,,0,,,,,,
20260409115526_0201_048,20260409115526_0201,20260409115526,41,0029,tokujou,特上卓,0201,2,ff2,38,1p,risekichu_hokan_tsumogiri,1775704084,1895.437,,0,,"[9,77,53,88,49,10,99,83,102,81,84,107,72]","[16,21,114,5,111,7,14,47,52,50]","[27,87,86,19,23,6,89,85,34,92,29,12,1,38]","[61,70,119,58,69,108,110,18]",33m 45p 12334r5789s,224r56m 34r5p 12z,12456789m 1p 44456s,5m 6799p 113z,0,0,5,3m,0,,,,,,
20260409115526_0201_049,20260409115526_0201,20260409115526,41,0029,tokujou,特上卓,0201,3,不会配平,61,7p,tedashi,1775704088,3539.63,,0,,"[9,77,53,88,49,10,99,83,102,81,84,107,72]","[16,21,114,5,111,7,14,47,52,50]","[27,87,86,19,23,6,89,85,34,92,29,12,1]","[61,70,119,58,69,108,110,18,80]",33m 45p 12334r5789s,224r56m 34r5p 12z,12456789m 44456s,5m 6799p 3s 113z,,,,,,,,,,,
20260409115526_0201_050,20260409115526_0201,20260409115526,41,0029,tokujou,特上卓,0201,0,s6u,112,2z,tsumogiri,1775704088,721.782,,0,,"[9,77,53,88,49,10,99,83,102,81,84,107,72,112]","[16,21,114,5,111,7,14,47,52,50]","[27,87,86,19,23,6,89,85,34,92,29,12,1]","[70,119,58,69,108,110,18,80]",33m 45p 12334r5789s 2z,224r56m 34r5p 12z,12456789m 44456s,5m 699p 3s 113z,0,0,4,36p,0,,,,,,
20260409115526_0201_051,20260409115526_0201,20260409115526,41,0029,tokujou,特上卓,0201,1,SweetBit,114,2z,tedashi,1775704093,4403.454,,0,,"[9,77,53,88,49,10,99,83,102,81,84,107,72]","[16,21,114,5,111,7,14,47,52,50,8]","[27,87,86,19,23,6,89,85,34,92,29,12,1]","[70,119,58,69,108,110,18,80]",33m 45p 12334r5789s,2234r56m 34r5p 12z,12456789m 44456s,5m 699p 3s 113z,1,1,,,0,,,,,,
20260409115526_0201_052,20260409115526_0201,20260409115526,41,0029,tokujou,特上卓,0201,2,ff2,31,8m,risekichu_hokan_tsumogiri,1775704096,3171.221,,0,,"[9,77,53,88,49,10,99,83,102,81,84,107,72]","[16,21,5,111,7,14,47,52,50,8]","[27,87,86,19,23,6,89,85,34,92,29,12,1,31]","[70,119,58,69,108,110,18,80]",33m 45p 12334r5789s,2234r56m 34r5p 1z,124567889m 44456s,5m 699p 3s 113z,0,0,4,3m,0,,,,,,
20260409115526_0201_053,20260409115526_0201,20260409115526,41,0029,tokujou,特上卓,0201,3,不会配平,117,3z,risekichu_hokan_tsumogiri,1775704098,1999.41,,0,,"[9,77,53,88,49,10,99,83,102,81,84,107,72]","[16,21,5,111,7,14,47,52,50,8]","[27,87,86,19,23,6,89,85,34,92,29,12,1]","[70,119,58,69,108,110,18,80,117]",33m 45p 12334r5789s,2234r56m 34r5p 1z,12456789m 44456s,5m 699p 3s 1133z,,,,,,,,,,,
20260409115526_0201_054,20260409115526_0201,20260409115526,41,0029,tokujou,特上卓,0201,0,s6u,97,7s,tsumogiri,1775704099,687.094,,0,,"[9,77,53,88,49,10,99,83,102,81,84,107,72,97]","[16,21,5,111,7,14,47,52,50,8]","[27,87,86,19,23,6,89,85,34,92,29,12,1]","[70,119,58,69,108,110,18,80]",33m 45p 12334r57789s,2234r56m 34r5p 1z,12456789m 44456s,5m 699p 3s 113z,0,0,3,36p,0,,,,,,
20260409115526_0201_055,20260409115526_0201,20260409115526,41,0029,tokujou,特上卓,0201,1,SweetBit,50,4p,tedashi,1775704107,8565.952,,0,,"[9,77,53,88,49,10,99,83,102,81,84,107,72]","[16,21,5,111,7,14,47,52,50,8,0]","[27,87,86,19,23,6,89,85,34,92,29,12,1]","[70,119,58,69,108,110,18,80]",33m 45p 12334r5789s,12234r56m 34r5p 1z,12456789m 44456s,5m 699p 3s 113z,0,0,,,0,,,,,,
20260409115526_0201_056,20260409115526_0201,20260409115526,41,0029,tokujou,特上卓,0201,2,ff2,78,2s,risekichu_hokan_tsumogiri,1775704109,1550.182,,0,,"[9,77,53,88,49,10,99,83,102,81,84,107,72]","[16,21,5,111,7,14,47,52,8,0]","[27,87,86,19,23,6,89,85,34,92,29,12,1,78]","[70,119,58,69,108,110,18,80]",33m 45p 12334r5789s,12234r56m 3r5p 1z,12456789m 244456s,5m 699p 3s 113z,0,0,5,3m,0,,,,,,
20260409115526_0201_057,20260409115526_0201,20260409115526,41,0029,tokujou,特上卓,0201,3,不会配平,70,9p,tedashi,1775704110,1404.291,,0,,"[9,77,53,88,49,10,99,83,102,81,84,107,72]","[16,21,5,111,7,14,47,52,8,0]","[27,87,86,19,23,6,89,85,34,92,29,12,1]","[70,119,58,69,108,110,18,80,55]",33m 45p 12334r5789s,12234r56m 3r5p 1z,12456789m 44456s,5m 5699p 3s 113z,,,,,,,,,,,
20260409115526_0201_058,20260409115526_0201,20260409115526,41,0029,tokujou,特上卓,0201,0,s6u,68,9p,tsumogiri,1775704111,698.615,,0,,"[9,77,53,88,49,10,99,83,102,81,84,107,72,68]","[16,21,5,111,7,14,47,52,8,0]","[27,87,86,19,23,6,89,85,34,92,29,12,1]","[119,58,69,108,110,18,80,55]",33m 459p 12334r5789s,12234r56m 3r5p 1z,12456789m 44456s,5m 569p 3s 113z,0,0,4,36p,0,,,,,,
20260409115526_0201_059,20260409115526_0201,20260409115526,41,0029,tokujou,特上卓,0201,1,SweetBit,47,3p,tedashi,1775704121,10386.832,,0,,"[9,77,53,88,49,10,99,83,102,81,84,107,72]","[16,21,5,111,7,14,47,52,8,0,59]","[27,87,86,19,23,6,89,85,34,92,29,12,1]","[119,58,69,108,110,18,80,55]",33m 45p 12334r5789s,12234r56m 3r56p 1z,12456789m 44456s,5m 569p 3s 113z,1,1,,,0,,,,,,
20260409115526_0202_000,20260409115526_0202,20260409115526,41,0029,tokujou,特上卓,0202,0,s6u,115,2z,tedashi,1775704138,,,0,,"[7,55,115,68,9,48,58,59,96,78,87,108,89,25]","[81,64,61,88,17,100,28,113,19,121,95,21,101]","[132,14,54,90,75,131,112,46,130,76,65,129,36]","[92,8,26,53,6,99,31,134,120,41,127,67,39]",237m 45669p 2457s 12z,5568m 78p 3r5688s 24z,4m 1358p 125s 26667z,2378m 1258p 67s 457z,3,3,5,,0,,,,,,
20260409115526_0202_001,20260409115526_0202,20260409115526,41,0029,tokujou,特上卓,0202,1,SweetBit,121,4z,tedashi,1775704142,3726.759,,0,,"[7,55,68,9,48,58,59,96,78,87,108,89,25]","[81,64,61,88,17,100,28,113,19,121,95,21,101,24]","[132,14,54,90,75,131,112,46,130,76,65,129,36]","[92,8,26,53,6,99,31,134,120,41,127,67,39]",237m 45669p 2457s 1z,55678m 78p 3r5688s 24z,4m 1358p 125s 26667z,2378m 1258p 67s 457z,2,2,4,,0,,,,,,
20260409115526_0202_002,20260409115526_0202,20260409115526,41,0029,tokujou,特上卓,0202,2,ff2,112,2z,tedashi,1775704144,1935.296,,0,,"[7,55,68,9,48,58,59,96,78,87,108,89,25]","[81,64,61,88,17,100,28,113,19,95,21,101,24]","[132,14,54,90,75,131,112,46,130,76,65,129,36,117]","[92,8,26,53,6,99,31,134,120,41,127,67,39]",237m 45669p 2457s 1z,55678m 78p 3r5688s 2z,4m 1358p 125s 236667z,2378m 1258p 67s 457z,4,4,5,,0,,,,,,
20260409115526_0202_003,20260409115526_0202,20260409115526,41,0029,tokujou,特上卓,0202,3,不会配平,134,7z,tedashi,1775704147,2853.318,,0,,"[7,55,68,9,48,58,59,96,78,87,108,89,25]","[81,64,61,88,17,100,28,113,19,95,21,101,24]","[132,14,54,90,75,131,46,130,76,65,129,36,117]","[92,8,26,53,6,99,31,134,120,41,127,67,39,110]",237m 45669p 2457s 1z,55678m 78p 3r5688s 2z,4m 1358p 125s 36667z,2378m 1258p 67s 1457z,4,4,6,,0,,,,,,
20260409115526_0202_004,20260409115526_0202,20260409115526,41,0029,tokujou,特上卓,0202,0,s6u,68,9p,tedashi,1775704148,1640.367,,3,1559.11,"[7,55,68,9,48,58,59,96,78,87,108,89,25,124]","[81,64,61,88,17,100,28,113,19,95,21,101,24]","[132,14,54,90,75,131,46,130,76,65,129,36,117]","[92,8,26,53,6,99,31,120,41,127,67,39,110]",237m 45669p 2457s 15z,55678m 78p 3r5688s 2z,4m 1358p 125s 36667z,2378m 1258p 67s 145z,3,3,5,,0,,,,,,
20260409115526_0202_005,20260409115526_0202,20260409115526,41,0029,tokujou,特上卓,0202,1,SweetBit,113,2z,tedashi,1775704152,2687.052,,0,,"[7,55,9,48,58,59,96,78,87,108,89,25,124]","[81,64,61,88,17,100,28,113,19,95,21,101,24,70]","[132,14,54,90,75,131,46,130,76,65,129,36,117]","[92,8,26,53,6,99,31,120,41,127,67,39,110]",237m 4566p 2457s 15z,55678m 789p 3r5688s 2z,4m 1358p 125s 36667z,2378m 1258p 67s 145z,1,1,4,,0,,,,,,
20260409115526_0202_006,20260409115526_0202,20260409115526,41,0029,tokujou,特上卓,0202,2,ff2,132,7z,tedashi,1775704154,1544.134,,0,,"[7,55,9,48,58,59,96,78,87,108,89,25,124]","[81,64,61,88,17,100,28,19,95,21,101,24,70]","[132,14,54,90,75,131,46,130,76,65,129,36,117,29]","[92,8,26,53,6,99,31,120,41,127,67,39,110]",237m 4566p 2457s 15z,55678m 789p 3r5688s,48m 1358p 125s 36667z,2378m 1258p 67s 145z,4,4,5,,0,,,,,,
20260409115526_0202_007,20260409115526_0202,20260409115526,41,0029,tokujou,特上卓,0202,3,不会配平,120,4z,tedashi,1775704155,1449.462,,0,,"[7,55,9,48,58,59,96,78,87,108,89,25,124]","[81,64,61,88,17,100,28,19,95,21,101,24,70]","[14,54,90,75,131,46,130,76,65,129,36,117,29]","[92,8,26,53,6,99,31,120,41,127,67,39,110,126]",237m 4566p 2457s 15z,55678m 789p 3r5688s,48m 1358p 125s 3666z,2378m 1258p 67s 1455z,3,3,5,,0,,,,,,
20260409115526_0202_008,20260409115526_0202,20260409115526,41,0029,tokujou,特上卓,0202,0,s6u,122,4z,tsumogiri,1775704157,1753.875,,0,,"[7,55,9,48,58,59,96,78,87,108,89,25,124,122]","[81,64,61,88,17,100,28,19,95,21,101,24,70]","[14,54,90,75,131,46,130,76,65,129,36,117,29]","[92,8,26,53,6,99,31,41,127,67,39,110,126]",237m 4566p 2457s 145z,55678m 789p 3r5688s,48m 1358p 125s 3666z,2378m 1258p 67s 155z,3,3,5,,0,,,,,,
20260409115526_0202_009,20260409115526_0202,20260409115526,41,0029,tokujou,特上卓,0202,1,SweetBit,70,9p,tedashi,1775704161,3911.35,,0,,"[7,55,9,48,58,59,96,78,87,108,89,25,124]","[81,64,61,88,17,100,28,19,95,21,101,24,70,57]","[14,54,90,75,131,46,130,76,65,129,36,117,29]","[92,8,26,53,6,99,31,41,127,67,39,110,126]",237m 4566p 2457s 15z,55678m 6789p 3r5688s,48m 1358p 125s 3666z,2378m 1258p 67s 155z,1,1,4,,0,,,,,,
20260409115526_0202_010,20260409115526_0202,20260409115526,41,0029,tokujou,特上卓,0202,2,ff2,117,3z,tedashi,1775704164,2715.781,,0,,"[7,55,9,48,58,59,96,78,87,108,89,25,124]","[81,64,61,88,17,100,28,19,95,21,101,24,57]","[14,54,90,75,131,46,130,76,65,129,36,117,29,16]","[92,8,26,53,6,99,31,41,127,67,39,110,126]",237m 4566p 2457s 15z,55678m 678p 3r5688s,4r58m 1358p 125s 3666z,2378m 1258p 67s 155z,3,3,5,,0,,,,,,
20260409115526_0202_011,20260409115526_0202,20260409115526,41,0029,tokujou,特上卓,0202,3,不会配平,67,8p,tedashi,1775704165,1414.597,,0,,"[7,55,9,48,58,59,96,78,87,108,89,25,124]","[81,64,61,88,17,100,28,19,95,21,101,24,57]","[14,54,90,75,131,46,130,76,65,129,36,29,16]","[92,8,26,53,6,99,31,41,127,67,39,110,126,125]",237m 4566p 2457s 15z,55678m 678p 3r5688s,4r58m 1358p 125s 666z,2378m 1258p 67s 1555z,3,3,5,,0,,,,,,
20260409115526_0202_012,20260409115526_0202,20260409115526,41,0029,tokujou,特上卓,0202,0,s6u,108,1z,tedashi,1775704169,4170.574,,0,,"[7,55,9,48,58,59,96,78,87,108,89,25,124,4]","[81,64,61,88,17,100,28,19,95,21,101,24,57]","[14,54,90,75,131,46,130,76,65,129,36,29,16]","[92,8,26,53,6,99,31,41,127,39,110,126,125]",2237m 4566p 2457s 15z,55678m 678p 3r5688s,4r58m 1358p 125s 666z,2378m 125p 67s 1555z,3,3,4,,0,,,,,,
20260409115526_0202_013,20260409115526_0202,20260409115526,41,0029,tokujou,特上卓,0202,1,SweetBit,0,1m,risekichu_hokan_tsumogiri,1775704171,1970.533,,0,,"[7,55,9,48,58,59,96,78,87,89,25,124,4]","[81,64,61,88,17,100,28,19,95,21,101,24,57,0]","[14,54,90,75,131,46,130,76,65,129,36,29,16]","[92,8,26,53,6,99,31,41,127,39,110,126,125]",2237m 4566p 2457s 5z,155678m 678p 3r5688s,4r58m 1358p 125s 666z,2378m 125p 67s 1555z,1,1,4,,0,,,,,,
20260409115526_0202_014,20260409115526_0202,20260409115526,41,0029,tokujou,特上卓,0202,2,ff2,116,3z,risekichu_hokan_tsumogiri,1775704173,1939.278,,0,,"[7,55,9,48,58,59,96,78,87,89,25,124,4]","[81,64,61,88,17,100,28,19,95,21,101,24,57]","[14,54,90,75,131,46,130,76,65,129,36,29,16,116]","[92,8,26,53,6,99,31,41,127,39,110,126,125]",2237m 4566p 2457s 5z,55678m 678p 3r5688s,4r58m 1358p 125s 3666z,2378m 125p 67s 1555z,3,3,5,,0,,,,,,
20260409115526_0202_015,20260409115526_0202,20260409115526,41,0029,tokujou,特上卓,0202,3,不会配平,110,1z,tedashi,1775704176,2732.346,,0,,"[7,55,9,48,58,59,96,78,87,89,25,124,4]","[81,64,61,88,17,100,28,19,95,21,101,24,57]","[14,54,90,75,131,46,130,76,65,129,36,29,16]","[92,8,26,53,6,99,31,41,127,39,110,126,125,62]",2237m 4566p 2457s 5z,55678m 678p 3r5688s,4r58m 1358p 125s 666z,2378m 1257p 67s 1555z,3,3,5,,0,,,,,,
20260409115526_0202_016,20260409115526_0202,20260409115526,41,0029,tokujou,特上卓,0202,0,s6u,38,1p,tsumogiri,1775704178,1512.409,,0,,"[7,55,9,48,58,59,96,78,87,89,25,124,4,38]","[81,64,61,88,17,100,28,19,95,21,101,24,57]","[14,54,90,75,131,46,130,76,65,129,36,29,16]","[92,8,26,53,6,99,31,41,127,39,126,125,62]",2237m 14566p 2457s 5z,55678m 678p 3r5688s,4r58m 1358p 125s 666z,2378m 1257p 67s 555z,3,3,4,,0,,,,,,
20260409115526_0202_017,20260409115526_0202,20260409115526,41,0029,tokujou,特上卓,0202,1,SweetBit,80,3s,risekichu_hokan_tsumogiri,1775704185,7598.4,,3,935.542,"[7,55,9,48,58,59,96,78,87,89,25,124,4]","[81,64,61,88,17,100,28,19,95,21,101,24,57,80]","[14,54,90,75,131,46,130,76,65,129,36,29,16]","[92,8,26,53,6,99,31,41,127,39,126,125,62]",2237m 4566p 2457s 5z,55678m 678p 33r5688s,4r58m 1358p 125s 666z,2378m 1257p 67s 555z,1,1,3,,0,,,,,,
20260409115526_0202_018,20260409115526_0202,20260409115526,41,0029,tokujou,特上卓,0202,2,ff2,119,3z,risekichu_hokan_tsumogiri,1775704188,1551.111,,0,,"[7,55,9,48,58,59,96,78,87,89,25,124,4]","[81,64,61,88,17,100,28,19,95,21,101,24,57]","[14,54,90,75,131,46,130,76,65,129,36,29,16,119]","[92,8,26,53,6,99,31,41,127,39,126,125,62]",2237m 4566p 2457s 5z,55678m 678p 3r5688s,4r58m 1358p 125s 3666z,2378m 1257p 67s 555z,3,3,5,,0,,,,,,
20260409115526_0202_019,20260409115526_0202,20260409115526,41,0029,tokujou,特上卓,0202,3,不会配平,39,1p,tedashi,1775704192,3946.271,,0,,"[7,55,9,48,58,59,96,78,87,89,25,124,4]","[81,64,61,88,17,100,28,19,95,21,101,24,57]","[14,54,90,75,131,46,130,76,65,129,36,29,16]","[92,8,26,53,6,99,31,41,127,39,126,125,62,43]",2237m 4566p 2457s 5z,55678m 678p 3r5688s,4r58m 1358p 125s 666z,2378m 12257p 67s 555z,2,2,4,,0,,,,,,
20260409115526_0202_020,20260409115526_0202,20260409115526,41,0029,tokujou,特上卓,0202,0,s6u,135,7z,tsumogiri,1775704195,3022.671,,0,,"[7,55,9,48,58,59,96,78,87,89,25,124,4,135]","[81,64,61,88,17,100,28,19,95,21,101,24,57]","[14,54,90,75,131,46,130,76,65,129,36,29,16]","[92,8,26,53,6,99,31,41,127,126,125,62,43]",2237m 4566p 2457s 57z,55678m 678p 3r5688s,4r58m 1358p 125s 666z,2378m 2257p 67s 555z,3,3,4,,0,,,,,,
20260409115526_0202_021,20260409115526_0202,20260409115526,41,0029,tokujou,特上卓,0202,1,SweetBit,40,2p,risekichu_hokan_tsumogiri,1775704197,2316.941,,3,2802.017,"[7,55,9,48,58,59,96,78,87,89,25,124,4]","[81,64,61,88,17,100,28,19,95,21,101,24,57,40]","[14,54,90,75,131,46,130,76,65,129,36,29,16]","[92,8,26,53,6,99,31,41,127,126,125,62,43]",2237m 4566p 2457s 5z,55678m 2678p 3r5688s,4r58m 1358p 125s 666z,2378m 2257p 67s 555z,1,1,4,,0,,,,,,
20260409115526_0202_022,20260409115526_0202,20260409115526,41,0029,tokujou,特上卓,0202,2,ff2,65,8p,tedashi,1775704201,1642.807,,0,,"[7,55,9,48,58,59,96,78,87,89,25,124,4]","[81,64,61,88,17,100,28,19,95,21,101,24,57]","[14,54,90,75,131,46,130,76,65,129,36,29,16,79]","[92,8,26,53,6,99,31,41,127,126,125,62,43]",2237m 4566p 2457s 5z,55678m 678p 3r5688s,4r58m 1358p 1225s 666z,2378m 2257p 67s 555z,3,3,4,,0,,,,,,
20260409115526_0202_023,20260409115526_0202,20260409115526,41,0029,tokujou,特上卓,0202,3,不会配平,53,5p,tedashi,1775704203,1724.106,,6,203.321,"[7,55,9,48,58,59,96,78,87,89,25,124,4]","[81,64,61,88,17,100,28,19,95,21,101,24,57]","[14,54,90,75,131,46,130,76,129,36,29,16,79]","[92,8,26,53,6,99,31,41,127,126,125,62,43,30]",2237m 4566p 2457s 5z,55678m 678p 3r5688s,4r58m 135p 1225s 666z,23788m 2257p 67s 555z,2,2,3,,0,,,,,,
20260409115526_0202_024,20260409115526_0202,20260409115526,41,0029,tokujou,特上卓,0202,0,s6u,78,2s,tedashi,1775704205,2155.314,,3,1111.651,"[7,55,9,48,58,59,96,78,87,89,25,124,4,49]","[81,64,61,88,17,100,28,19,95,21,101,24,57]","[14,54,90,75,131,46,130,76,129,36,29,16,79]","[92,8,26,6,99,31,41,127,126,125,62,43,30]",2237m 44566p 2457s 5z,55678m 678p 3r5688s,4r58m 135p 1225s 666z,23788m 227p 67s 555z,2,2,3,,0,,,,,,
20260409115526_0202_025,20260409115526_0202,20260409115526,41,0029,tokujou,特上卓,0202,1,SweetBit,51,4p,risekichu_hokan_tsumogiri,1775704208,1869.076,,3,2506.35,"[7,55,9,48,58,59,96,87,89,25,124,4,49]","[81,64,61,88,17,100,28,19,95,21,101,24,57,51]","[14,54,90,75,131,46,130,76,129,36,29,16,79]","[92,8,26,6,99,31,41,127,126,125,62,43,30]",2237m 44566p 457s 5z,55678m 4678p 3r5688s,4r58m 135p 1225s 666z,23788m 227p 67s 555z,1,1,4,,0,,,,,,
20260409115526_0202_026,20260409115526_0202,20260409115526,41,0029,tokujou,特上卓,0202,2,ff2,29,8m,tedashi,1775704212,1551.033,,2,1382.993,"[7,55,9,48,58,59,96,87,89,25,124,4,49]","[81,64,61,88,17,100,28,19,95,21,101,24,57]","[14,54,90,75,131,46,130,76,129,36,29,16,79,44]","[92,8,26,6,99,31,41,127,126,125,62,43,30]",2237m 44566p 457s 5z,55678m 678p 3r5688s,4r58m 1335p 1225s 666z,23788m 227p 67s 555z,2,2,3,,0,,,,,,
20260409115526_0202_027,20260409115526_0202,20260409115526,41,0029,tokujou,特上卓,0202,3,不会配平,26,7m,tedashi,1775704215,775.703,,0,,"[7,55,9,48,58,59,96,87,89,25,124,4,49]","[81,64,61,88,17,100,28,19,95,21,101,24,57]","[14,54,90,75,131,46,130,76,129,36,16,79,44]","[92,8,26,6,99,41,127,126,125,62,43]",2237m 44566p 457s 5z,55678m 678p 3r5688s,4r5m 1335p 1225s 666z,237m 227p 67s 555z,1,1,,,0,,,,,,
20260409115526_0202_028,20260409115526_0202,20260409115526,41,0029,tokujou,特上卓,0202,0,s6u,124,5z,tedashi,1775704216,1627.892,,3,1631.653,"[7,55,9,48,58,59,96,87,89,25,124,4,49,106]","[81,64,61,88,17,100,28,19,95,21,101,24,57]","[14,54,90,75,131,46,130,76,129,36,16,79,44]","[92,8,6,99,41,127,126,125,62,43]",2237m 44566p 4579s 5z,55678m 678p 3r5688s,4r5m 1335p 1225s 666z,23m 227p 67s 555z,2,2,3,,0,,,,,,
20260409115526_0202_029,20260409115526_0202,20260409115526,41,0029,tokujou,特上卓,0202,1,SweetBit,114,2z,risekichu_hokan_tsumogiri,1775704220,1643.738,,0,,"[7,55,9,48,58,59,96,87,89,25,4,49,106]","[81,64,61,88,17,100,28,19,95,21,101,24,57,114]","[14,54,90,75,131,46,130,76,129,36,16,79,44]","[92,8,6,99,41,127,126,125,62,43]",2237m 44566p 4579s,55678m 678p 3r5688s 2z,4r5m 1335p 1225s 666z,23m 227p 67s 555z,1,1,4,,0,,,,,,
20260409115526_0202_030,20260409115526_0202,20260409115526,41,0029,tokujou,特上卓,0202,2,ff2,102,8s,risekichu_hokan_tsumogiri,1775704221,1400.129,,2,5058.714,"[7,55,9,48,58,59,96,87,89,25,4,49,106]","[81,64,61,88,17,100,28,19,95,21,101,24,57]","[14,54,90,75,131,46,130,76,129,36,16,79,44,102]","[92,8,6,99,41,127,126,125,62,43]",2237m 44566p 4579s,55678m 678p 3r5688s,4r5m 1335p 12258s 666z,23m 227p 67s 555z,2,2,3,,0,,,,,,
20260409115526_0202_031,20260409115526_0202,20260409115526,41,0029,tokujou,特上卓,0202,3,不会配平,62,7p,tedashi,1775704227,872.866,,6,216.727,"[7,55,9,48,58,59,96,87,89,25,4,49,106]","[81,64,61,88,17,100,28,19,95,21,101,24,57]","[14,54,90,75,131,46,130,76,129,36,16,79,44]","[8,6,41,127,126,125,62,43]",2237m 44566p 4579s,55678m 678p 3r5688s,4r5m 1335p 1225s 666z,23m 227p 555z,0,0,,14m,0,,,,,,
20260409115526_0202_032,20260409115526_0202,20260409115526,41,0029,tokujou,特上卓,0202,0,s6u,25,7m,tedashi,1775704233,6222.483,,3,1905.16,"[7,55,9,48,58,59,96,87,89,25,4,49,106,105]","[81,64,61,88,17,100,28,19,95,21,101,24,57]","[14,54,90,75,131,46,130,76,129,36,16,79,44]","[8,6,41,127,126,125,43]",2237m 44566p 45799s,55678m 678p 3r5688s,4r5m 1335p 1225s 666z,23m 22p 555z,2,2,2,,0,,,,,,
20260409115526_0202_033,20260409115526_0202,20260409115526,41,0029,tokujou,特上卓,0202,1,SweetBit,81,3s,tedashi,1775704240,4724.955,,3,1746.351,"[7,55,9,48,58,59,96,87,89,4,49,106,105]","[81,64,61,88,17,100,28,19,95,21,101,24,57,12]","[14,54,90,75,131,46,130,76,129,36,16,79,44]","[8,6,41,127,126,125,43]",223m 44566p 45799s,455678m 678p 3r5688s,4r5m 1335p 1225s 666z,23m 22p 555z,1,1,4,,0,,,,,,
20260409115526_0202_034,20260409115526_0202,20260409115526,41,0029,tokujou,特上卓,0202,2,ff2,90,5s,tedashi,1775704243,1739.58,,0,,"[7,55,9,48,58,59,96,87,89,4,49,106,105]","[64,61,88,17,100,28,19,95,21,101,24,57,12]","[14,54,90,75,131,46,130,76,129,36,16,79,44,22]","[8,6,41,127,126,125,43]",223m 44566p 45799s,455678m 678p r5688s,4r56m 1335p 1225s 666z,23m 22p 555z,1,1,3,,0,,,,,,
20260409115526_0202_035,20260409115526_0202,20260409115526,41,0029,tokujou,特上卓,0202,3,不会配平,111,1z,risekichu_hokan_tsumogiri,1775704245,1320.962,,0,,"[7,55,9,48,58,59,96,87,89,4,49,106,105]","[64,61,88,17,100,28,19,95,21,101,24,57,12]","[14,54,75,131,46,130,76,129,36,16,79,44,22]","[8,6,41,127,126,125,43,111]",223m 44566p 45799s,455678m 678p r5688s,4r56m 1335p 122s 666z,23m 22p 1555z,0,0,,14m,0,,,,,,
20260409115526_0202_036,20260409115526_0202,20260409115526,41,0029,tokujou,特上卓,0202,0,s6u,96,7s,tedashi,1775704251,6421.853,,3,2560.323,"[7,55,9,48,58,59,96,87,89,4,49,106,105,5]","[64,61,88,17,100,28,19,95,21,101,24,57,12]","[14,54,75,131,46,130,76,129,36,16,79,44,22]","[8,6,41,127,126,125,43]",2223m 44566p 45799s,455678m 678p r5688s,4r56m 1335p 122s 666z,23m 22p 555z,1,1,2,,0,,,,,,
20260409115526_0202_037,20260409115526_0202,20260409115526,41,0029,tokujou,特上卓,0202,1,SweetBit,17,5m,tedashi,1775704256,2606.408,,3,1269.578,"[7,55,9,48,58,59,87,89,4,49,106,105,5]","[64,61,88,17,100,28,19,95,21,101,24,57,12,69]","[14,54,75,131,46,130,76,129,36,16,79,44,22]","[8,6,41,127,126,125,43]",2223m 44566p 4599s,455678m 6789p r5688s,4r56m 1335p 122s 666z,23m 22p 555z,1,1,4,,0,,,,,,
20260409115526_0202_038,20260409115526_0202,20260409115526,41,0029,tokujou,特上卓,0202,2,ff2,36,1p,tedashi,1775704265,7567.145,,0,,"[7,55,9,48,58,59,87,89,4,49,106,105,5]","[64,61,88,100,28,19,95,21,101,24,57,12,69]","[14,54,75,131,46,130,76,129,36,16,79,44,22,77]","[8,6,41,127,126,125,43]",2223m 44566p 4599s,45678m 6789p r5688s,4r56m 1335p 1222s 666z,23m 22p 555z,1,1,3,,0,,,,,,
20260409115526_0202_039,20260409115526_0202,20260409115526,41,0029,tokujou,特上卓,0202,3,不会配平,83,3s,risekichu_hokan_tsumogiri,1775704266,1295.058,,3,1704.821,"[7,55,9,48,58,59,87,89,4,49,106,105,5]","[64,61,88,100,28,19,95,21,101,24,57,12,69]","[14,54,75,131,46,130,76,129,16,79,44,22,77]","[8,6,41,127,126,125,43,83]",2223m 44566p 4599s,45678m 6789p r5688s,4r56m 335p 1222s 666z,23m 22p 3s 555z,0,0,,14m,0,,,,,,
20260409115526_0202_040,20260409115526_0202,20260409115526,41,0029,tokujou,特上卓,0202,0,s6u,9,3m,tedashi,1775704271,3168.247,,3,1895.245,"[7,55,9,48,58,59,87,89,4,49,106,105,5,42]","[64,61,88,100,28,19,95,21,101,24,57,12,69]","[14,54,75,131,46,130,76,129,16,79,44,22,77]","[8,6,41,127,126,125,43]",2223m 244566p 4599s,45678m 6789p r5688s,4r56m 335p 1222s 666z,23m 22p 555z,1,1,2,,0,,,,,,
20260409115526_0202_041,20260409115526_0202,20260409115526,41,0029,tokujou,特上卓,0202,1,SweetBit,2,1m,risekichu_hokan_tsumogiri,1775704276,2952.984,,0,,"[7,55,48,58,59,87,89,4,49,106,105,5,42]","[64,61,88,100,28,19,95,21,101,24,57,12,69,2]","[14,54,75,131,46,130,76,129,16,79,44,22,77]","[8,6,41,127,126,125,43]",222m 244566p 4599s,145678m 6789p r5688s,4r56m 335p 1222s 666z,23m 22p 555z,1,1,5,,0,,,,,,
20260409121212_0000_000,20260409121212_0000,20260409121212,41,0029,tokujou,特上卓,0000,1,キャキャオ,0,1m,tedashi,1775704338,,,0,,"[13,112,100,77,104,103,42,72,79,32,87,6,65]","[37,101,130,20,73,74,0,47,83,90,129,85,23,58]","[123,119,116,8,21,63,11,46,3,48,93,57,45]","[84,82,128,98,106,44,62,111,25,76,14,81,1]",249m 28p 1224889s 2z,166m 136p 113458s 66z,1336m 33467p 6s 334z,147m 37p 233479s 16z,2,2,3,,0,,,,,,
20260409121212_0000_001,20260409121212_0000,20260409121212,41,0029,tokujou,特上卓,0000,2,田口,123,4z,tedashi,1775704344,5842.675,,0,,"[13,112,100,77,104,103,42,72,79,32,87,6,65]","[37,101,130,20,73,74,47,83,90,129,85,23,58]","[123,119,116,8,21,63,11,46,3,48,93,57,45,29]","[84,82,128,98,106,44,62,111,25,76,14,81,1]",249m 28p 1224889s 2z,66m 136p 113458s 66z,13368m 33467p 6s 334z,147m 37p 233479s 16z,3,3,3,,0,,,,,,
20260409121212_0000_002,20260409121212_0000,20260409121212,41,0029,tokujou,特上卓,0000,3,ff2,1,1m,tedashi,1775704346,2389.845,,0,,"[13,112,100,77,104,103,42,72,79,32,87,6,65]","[37,101,130,20,73,74,47,83,90,129,85,23,58]","[119,116,8,21,63,11,46,3,48,93,57,45,29]","[84,82,128,98,106,44,62,111,25,76,14,81,1,109]",249m 28p 1224889s 2z,66m 136p 113458s 66z,13368m 33467p 6s 33z,147m 37p 233479s 116z,4,4,4,,0,,,,,,
20260409121212_0000_003,20260409121212_0000,20260409121212,41,0029,tokujou,特上卓,0000,0,s6u,32,9m,tedashi,1775704348,1670.562,,0,,"[13,112,100,77,104,103,42,72,79,32,87,6,65,60]","[37,101,130,20,73,74,47,83,90,129,85,23,58]","[119,116,8,21,63,11,46,3,48,93,57,45,29]","[84,82,128,98,106,44,62,111,25,76,14,81,109]",249m 278p 1224889s 2z,66m 136p 113458s 66z,13368m 33467p 6s 33z,47m 37p 233479s 116z,3,3,4,,0,,,,,,
20260409121212_0000_004,20260409121212_0000,20260409121212,41,0029,tokujou,特上卓,0000,1,キャキャオ,113,2z,risekichu_hokan_tsumogiri,1775704351,2785.655,,0,,"[13,112,100,77,104,103,42,72,79,87,6,65,60]","[37,101,130,20,73,74,47,83,90,129,85,23,58,113]","[119,116,8,21,63,11,46,3,48,93,57,45,29]","[84,82,128,98,106,44,62,111,25,76,14,81,109]",24m 278p 1224889s 2z,66m 136p 113458s 266z,13368m 33467p 6s 33z,47m 37p 233479s 116z,2,2,3,,0,,,,,,
20260409121212_0000_005,20260409121212_0000,20260409121212,41,0029,tokujou,特上卓,0000,2,田口,119,3z,tedashi,1775704357,6705.034,,0,,"[13,112,100,77,104,103,42,72,79,87,6,65,60]","[37,101,130,20,73,74,47,83,90,129,85,23,58]","[119,116,8,21,63,11,46,3,48,93,57,45,29,19]","[84,82,128,98,106,44,62,111,25,76,14,81,109]",24m 278p 1224889s 2z,66m 136p 113458s 66z,133568m 33467p 6s 33z,47m 37p 233479s 116z,3,3,3,,0,,,,,,
20260409121212_0000_006,20260409121212_0000,20260409121212,41,0029,tokujou,特上卓,0000,3,ff2,128,6z,tedashi,1775704360,2988.673,,2,1757.436,"[13,112,100,77,104,103,42,72,79,87,6,65,60]","[37,101,130,20,73,74,47,83,90,129,85,23,58]","[116,8,21,63,11,46,3,48,93,57,45,29,19]","[84,82,128,98,106,44,62,111,25,76,14,81,109,54]",24m 278p 1224889s 2z,66m 136p 113458s 66z,133568m 33467p 6s 3z,47m 357p 233479s 116z,3,3,4,,0,,,,,,
20260409121212_0000_007,20260409121212_0000,20260409121212,41,0029,tokujou,特上卓,0000,1,キャキャオ,101,8s,tedashi,1775704363,1416.316,,3,4268.303,"[13,112,100,77,104,103,42,72,79,87,6,65,60]","[37,101,20,73,74,47,83,90,85,23,58]","[116,8,21,63,11,46,3,48,93,57,45,29,19]","[84,82,98,106,44,62,111,25,76,14,81,109,54]",24m 278p 1224889s 2z,66m 136p 113458s,133568m 33467p 6s 3z,47m 357p 233479s 11z,1,1,,,0,,,,,,
20260409121212_0000_008,20260409121212_0000,20260409121212,41,0029,tokujou,特上卓,0000,0,s6u,104,9s,tedashi,1775704368,867.509,,0,,"[13,112,100,77,104,42,72,79,87,6,65,60]","[37,20,73,74,47,83,90,85,23,58]","[116,8,21,63,11,46,3,48,93,57,45,29,19]","[84,82,98,106,44,62,111,25,76,14,81,109,54]",24m 278p 122489s 2z,66m 136p 11345s,133568m 33467p 6s 3z,47m 357p 233479s 11z,,,,,,,,,,,
20260409121212_0000_009,20260409121212_0000,20260409121212,41,0029,tokujou,特上卓,0000,1,キャキャオ,58,6p,tedashi,1775704370,2018.339,,0,,"[13,112,100,77,42,72,79,87,6,65,60]","[37,20,73,74,47,83,90,85,23,58,51]","[116,8,21,63,11,46,3,48,93,57,45,29,19]","[84,82,98,106,44,62,111,25,76,14,81,109,54]",24m 278p 12248s 2z,66m 1346p 11345s,133568m 33467p 6s 3z,47m 357p 233479s 11z,1,1,,,0,,,,,,
20260409121212_0000_010,20260409121212_0000,20260409121212,41,0029,tokujou,特上卓,0000,2,田口,116,3z,tedashi,1775704372,2326.313,,0,,"[13,112,100,77,42,72,79,87,6,65,60]","[37,20,73,74,47,83,90,85,23,51]","[116,8,21,63,11,46,3,48,93,57,45,29,19,61]","[84,82,98,106,44,62,111,25,76,14,81,109,54]",24m 278p 12248s 2z,66m 134p 11345s,133568m 334677p 6s 3z,47m 357p 233479s 11z,3,3,3,,0,,,,,,
20260409121212_0000_011,20260409121212_0000,20260409121212,41,0029,tokujou,特上卓,0000,3,ff2,106,9s,tedashi,1775704374,1878.863,,0,,"[13,112,100,77,42,72,79,87,6,65,60]","[37,20,73,74,47,83,90,85,23,51]","[8,21,63,11,46,3,48,93,57,45,29,19,61]","[84,82,98,106,44,62,111,25,76,14,81,109,54,52]",24m 278p 12248s 2z,66m 134p 11345s,133568m 334677p 6s,47m 3r557p 233479s 11z,2,2,3,,0,,,,,,
20260409121212_0000_012,20260409121212_0000,20260409121212,41,0029,tokujou,特上卓,0000,0,s6u,42,2p,tedashi,1775704381,7383.242,,2,2433.621,"[13,112,100,77,42,72,79,87,6,65,60,75]","[37,20,73,74,47,83,90,85,23,51]","[8,21,63,11,46,3,48,93,57,45,29,19,61]","[84,82,98,44,62,111,25,76,14,81,109,54,52]",24m 278p 112248s 2z,66m 134p 11345s,133568m 334677p 6s,47m 3r557p 23347s 11z,,,,,,,,,,,
20260409121212_0000_013,20260409121212_0000,20260409121212,41,0029,tokujou,特上卓,0000,1,キャキャオ,37,1p,tedashi,1775704385,849.304,,0,,"[13,112,100,77,72,79,87,6,65,60,75]","[37,20,73,74,83,90,85,23]","[8,21,63,11,46,3,48,93,57,45,29,19,61]","[84,82,98,44,62,111,25,76,14,81,109,54,52]",24m 78p 112248s 2z,66m 1p 11345s,133568m 334677p 6s,47m 3r557p 23347s 11z,0,0,,6m 1s,0,,,,,,
20260409121212_0000_014,20260409121212_0000,20260409121212,41,0029,tokujou,特上卓,0000,2,田口,29,8m,tedashi,1775704396,10969.992,,0,,"[13,112,100,77,72,79,87,6,65,60,75]","[20,73,74,83,90,85,23]","[8,21,63,11,46,3,48,93,57,45,29,19,61,66]","[84,82,98,44,62,111,25,76,14,81,109,54,52]",24m 78p 112248s 2z,66m 11345s,133568m 3346778p 6s,47m 3r557p 23347s 11z,2,2,3,,0,,,,,,
20260409121212_0000_015,20260409121212_0000,20260409121212,41,0029,tokujou,特上卓,0000,3,ff2,14,4m,tedashi,1775704404,8348.017,,0,,"[13,112,100,77,72,79,87,6,65,60,75]","[20,73,74,83,90,85,23]","[8,21,63,11,46,3,48,93,57,45,19,61,66]","[84,82,98,44,62,111,25,76,14,81,109,54,52,94]",24m 78p 112248s 2z,66m 11345s,13356m 3346778p 6s,47m 3r557p 233467s 11z,2,2,3,,0,,,,,,
20260409121212_0000_016,20260409121212_0000,20260409121212,41,0029,tokujou,特上卓,0000,0,s6u,72,1s,tedashi,1775704409,5244.545,,0,,"[13,112,100,77,72,79,87,6,65,60,75,9]","[20,73,74,83,90,85,23]","[8,21,63,11,46,3,48,93,57,45,19,61,66]","[84,82,98,44,62,111,25,76,81,109,54,52,94]",234m 78p 112248s 2z,66m 11345s,13356m 3346778p 6s,7m 3r557p 233467s 11z,,,,,,,,,,,
20260409121212_0001_000,20260409121212_0001,20260409121212,41,0029,tokujou,特上卓,0001,1,キャキャオ,113,2z,tedashi,1775704418,,,0,,"[72,117,106,74,78,133,16,45,40,57,116,114,63]","[39,50,10,28,118,0,53,30,61,113,32,75,3,1]","[93,7,130,47,22,87,110,21,49,121,132,99,115]","[60,13,31,58,33,70,97,123,120,42,46,19,62]",r5m 2367p 1129s 2337z,1113889m 1457p 1s 23z,266m 34p 467s 12467z,4589m 236779p 7s 44z,4,4,4,,0,,,,,,
20260409121212_0001_001,20260409121212_0001,20260409121212,41,0029,tokujou,特上卓,0001,2,田口,121,4z,tedashi,1775704424,6088.43,,3,1259.022,"[72,117,106,74,78,133,16,45,40,57,116,114,63]","[39,50,10,28,118,0,53,30,61,32,75,3,1]","[93,7,130,47,22,87,110,21,49,121,132,99,115,35]","[60,13,31,58,33,70,97,123,120,42,46,19,62]",r5m 2367p 1129s 2337z,1113889m 1457p 1s 3z,2669m 34p 467s 12467z,4589m 236779p 7s 44z,5,5,5,,0,,,,,,
20260409121212_0001_002,20260409121212_0001,20260409121212,41,0029,tokujou,特上卓,0001,3,ff2,33,9m,tedashi,1775704427,1423.074,,0,,"[72,117,106,74,78,133,16,45,40,57,116,114,63]","[39,50,10,28,118,0,53,30,61,32,75,3,1]","[93,7,130,47,22,87,110,21,49,132,99,115,35]","[60,13,31,58,33,70,97,123,120,42,46,19,62,41]",r5m 2367p 1129s 2337z,1113889m 1457p 1s 3z,2669m 34p 467s 1267z,4589m 2236779p 7s 44z,3,3,3,,0,,,,,,
20260409121212_0001_003,20260409121212_0001,20260409121212,41,0029,tokujou,特上卓,0001,0,s6u,114,2z,tedashi,1775704428,1337.77,,0,,"[72,117,106,74,78,133,16,45,40,57,116,114,63,54]","[39,50,10,28,118,0,53,30,61,32,75,3,1]","[93,7,130,47,22,87,110,21,49,132,99,115,35]","[60,13,31,58,70,97,123,120,42,46,19,62,41]",r5m 23567p 1129s 2337z,1113889m 1457p 1s 3z,2669m 34p 467s 1267z,458m 2236779p 7s 44z,3,3,4,,0,,,,,,
20260409121212_0001_004,20260409121212_0001,20260409121212,41,0029,tokujou,特上卓,0001,1,キャキャオ,118,3z,tedashi,1775704431,2176.324,,6,206.167,"[72,117,106,74,78,133,16,45,40,57,116,63,54]","[39,50,10,28,118,0,53,30,61,32,75,3,1,44]","[93,7,130,47,22,87,110,21,49,132,99,115,35]","[60,13,31,58,70,97,123,120,42,46,19,62,41]",r5m 23567p 1129s 337z,1113889m 13457p 1s 3z,2669m 34p 467s 1267z,458m 2236779p 7s 44z,3,3,4,,0,,,,,,
20260409121212_0001_005,20260409121212_0001,20260409121212,41,0029,tokujou,特上卓,0001,2,田口,35,9m,tedashi,1775704433,2656.747,,0,,"[72,117,106,74,78,133,16,45,40,57,116,63,54]","[39,50,10,28,0,53,30,61,32,75,3,1,44]","[93,7,130,47,22,87,110,21,49,132,99,115,35,85]","[60,13,31,58,70,97,123,120,42,46,19,62,41]",r5m 23567p 1129s 337z,1113889m 13457p 1s,2669m 34p 4467s 1267z,458m 2236779p 7s 44z,4,4,4,,0,,,,,,
20260409121212_0001_006,20260409121212_0001,20260409121212,41,0029,tokujou,特上卓,0001,3,ff2,31,8m,tedashi,1775704435,1764.412,,6,197.88,"[72,117,106,74,78,133,16,45,40,57,116,63,54]","[39,50,10,28,0,53,30,61,32,75,3,1,44]","[93,7,130,47,22,87,110,21,49,132,99,115,85]","[60,13,31,58,70,97,123,120,42,46,19,62,41,37]",r5m 23567p 1129s 337z,1113889m 13457p 1s,266m 34p 4467s 1267z,458m 12236779p 7s 44z,2,2,3,,0,,,,,,
20260409121212_0001_007,20260409121212_0001,20260409121212,41,0029,tokujou,特上卓,0001,0,s6u,133,7z,tedashi,1775704436,1125.897,,0,,"[72,117,106,74,78,133,16,45,40,57,116,63,54,56]","[39,50,10,28,0,53,30,61,32,75,3,1,44]","[93,7,130,47,22,87,110,21,49,132,99,115,85]","[60,13,58,70,97,123,120,42,46,19,62,41,37]",r5m 235667p 1129s 337z,1113889m 13457p 1s,266m 34p 4467s 1267z,45m 12236779p 7s 44z,3,3,3,,0,,,,,,
20260409121212_0001_008,20260409121212_0001,20260409121212,41,0029,tokujou,特上卓,0001,1,キャキャオ,125,5z,risekichu_hokan_tsumogiri,1775704438,1960.494,,0,,"[72,117,106,74,78,16,45,40,57,116,63,54,56]","[39,50,10,28,0,53,30,61,32,75,3,1,44,125]","[93,7,130,47,22,87,110,21,49,132,99,115,85]","[60,13,58,70,97,123,120,42,46,19,62,41,37]",r5m 235667p 1129s 33z,1113889m 13457p 1s 5z,266m 34p 4467s 1267z,45m 12236779p 7s 44z,3,3,4,,0,,,,,,
20260409121212_0001_009,20260409121212_0001,20260409121212,41,0029,tokujou,特上卓,0001,2,田口,110,1z,tedashi,1775704447,8979.746,,0,,"[72,117,106,74,78,16,45,40,57,116,63,54,56]","[39,50,10,28,0,53,30,61,32,75,3,1,44]","[93,7,130,47,22,87,110,21,49,132,99,115,85,4]","[60,13,58,70,97,123,120,42,46,19,62,41,37]",r5m 235667p 1129s 33z,1113889m 13457p 1s,2266m 34p 4467s 1267z,45m 12236779p 7s 44z,3,3,3,,0,,,,,,
20260409121212_0001_010,20260409121212_0001,20260409121212,41,0029,tokujou,特上卓,0001,3,ff2,42,2p,tedashi,1775704451,3365.557,,0,,"[72,117,106,74,78,16,45,40,57,116,63,54,56]","[39,50,10,28,0,53,30,61,32,75,3,1,44]","[93,7,130,47,22,87,21,49,132,99,115,85,4]","[60,13,58,70,97,123,120,42,46,19,62,41,37,104]",r5m 235667p 1129s 33z,1113889m 13457p 1s,2266m 34p 4467s 267z,45m 12236779p 79s 44z,2,2,3,,0,,,,,,
20260409121212_0001_011,20260409121212_0001,20260409121212,41,0029,tokujou,特上卓,0001,0,s6u,6,2m,tsumogiri,1775704458,7392.905,,3,2873.433,"[72,117,106,74,78,16,45,40,57,116,63,54,56,6]","[39,50,10,28,0,53,30,61,32,75,3,1,44]","[93,7,130,47,22,87,21,49,132,99,115,85,4]","[60,13,58,70,97,123,120,46,19,62,41,37,104]",2r5m 235667p 1129s 33z,1113889m 13457p 1s,2266m 34p 4467s 267z,45m 1236779p 79s 44z,3,3,3,,0,2m,1194pt,9s,1165pt,1s,1118pt
20260409121212_0001_012,20260409121212_0001,20260409121212,41,0029,tokujou,特上卓,0001,2,田口,130,6z,tedashi,1775704461,944.207,,0,,"[72,117,106,74,78,16,45,40,57,116,63,54,56]","[39,50,10,28,0,53,30,61,32,75,3,1,44]","[93,7,130,47,22,87,21,49,132,99,115,85]","[60,13,58,70,97,123,120,46,19,62,41,37,104]",r5m 235667p 1129s 33z,1113889m 13457p 1s,266m 34p 4467s 267z,45m 1236779p 79s 44z,,,,,,,,,,,
20260409121212_0001_013,20260409121212_0001,20260409121212,41,0029,tokujou,特上卓,0001,3,ff2,97,7s,tedashi,1775704465,4005.285,,0,,"[72,117,106,74,78,16,45,40,57,116,63,54,56]","[39,50,10,28,0,53,30,61,32,75,3,1,44]","[93,7,47,22,87,21,49,132,99,115,85]","[60,13,58,70,97,123,120,46,19,62,41,37,104,65]",r5m 235667p 1129s 33z,1113889m 13457p 1s,266m 34p 4467s 27z,45m 12367789p 79s 44z,1,1,4,,0,,,,,,
20260409121212_0001_014,20260409121212_0001,20260409121212,41,0029,tokujou,特上卓,0001,0,s6u,111,1z,tsumogiri,1775704471,6068.764,,0,,"[72,117,106,74,78,16,45,40,57,116,63,54,56,111]","[39,50,10,28,0,53,30,61,32,75,3,1,44]","[93,7,47,22,87,21,49,132,99,115,85]","[60,13,58,70,123,120,46,19,62,41,37,104,65]",r5m 235667p 1129s 133z,1113889m 13457p 1s,266m 34p 4467s 27z,45m 12367789p 9s 44z,3,3,3,,0,1z,1340pt,9s,1296pt,1s,1235pt
20260409121212_0001_015,20260409121212_0001,20260409121212,41,0029,tokujou,特上卓,0001,1,キャキャオ,75,1s,tedashi,1775704474,2827.77,,6,211.634,"[72,117,106,74,78,16,45,40,57,116,63,54,56]","[39,50,10,28,0,53,30,61,32,75,3,1,44,36]","[93,7,47,22,87,21,49,132,99,115,85]","[60,13,58,70,123,120,46,19,62,41,37,104,65]",r5m 235667p 1129s 33z,1113889m 113457p 1s,266m 34p 4467s 27z,45m 12367789p 9s 44z,2,2,3,,0,,,,,,
20260409121212_0001_016,20260409121212_0001,20260409121212,41,0029,tokujou,特上卓,0001,2,田口,132,7z,tedashi,1775704476,2026.636,,0,,"[72,117,106,74,78,16,45,40,57,116,63,54,56]","[39,50,10,28,0,53,30,61,32,3,1,44,36]","[93,7,47,22,87,21,49,132,99,115,85,17]","[60,13,58,70,123,120,46,19,62,41,37,104,65]",r5m 235667p 1129s 33z,1113889m 113457p,2566m 34p 4467s 27z,45m 12367789p 9s 44z,,,,,,,,,,,
20260409121212_0001_017,20260409121212_0001,20260409121212,41,0029,tokujou,特上卓,0001,3,ff2,104,9s,tedashi,1775704479,1040.2,2050.272,0,,"[72,117,106,74,78,16,45,40,57,116,63,54,56]","[39,50,10,28,0,53,30,61,32,3,1,44,36]","[93,7,47,22,87,21,49,99,115,85,17]","[60,13,58,70,123,120,46,19,62,41,37,104,65,11]",r5m 235667p 1129s 33z,1113889m 113457p,2566m 34p 4467s 2z,345m 12367789p 9s 44z,0,0,4,58p,0,,,,,,
20260409121212_0001_018,20260409121212_0001,20260409121212,41,0029,tokujou,特上卓,0001,0,s6u,116,3z,tedashi,1775704487,7371.528,,0,,"[72,117,106,74,78,16,45,40,57,116,63,54,56,101]","[39,50,10,28,0,53,30,61,32,3,1,44,36]","[93,7,47,22,87,21,49,99,115,85,17]","[60,13,58,70,123,120,46,19,62,41,37,65,11]",r5m 235667p 11289s 33z,1113889m 113457p,2566m 34p 4467s 2z,345m 12367789p 44z,2,2,3,,0,1s,1060pt,6p,1057pt,2s,979pt
20260409121212_0001_019,20260409121212_0001,20260409121212,41,0029,tokujou,特上卓,0001,1,キャキャオ,28,8m,tedashi,1775704492,5204.375,,0,,"[72,117,106,74,78,16,45,40,57,63,54,56,101]","[39,50,10,28,0,53,30,61,32,3,1,44,36,88]","[93,7,47,22,87,21,49,99,115,85,17]","[60,13,58,70,123,120,46,19,62,41,37,65,11]",r5m 235667p 11289s 3z,1113889m 113457p r5s,2566m 34p 4467s 2z,345m 12367789p 44z,2,2,3,,0,,,,,,
20260409121212_0001_020,20260409121212_0001,20260409121212,41,0029,tokujou,特上卓,0001,2,田口,105,9s,risekichu_hokan_tsumogiri,1775704494,1965.197,,0,,"[72,117,106,74,78,16,45,40,57,63,54,56,101]","[39,50,10,0,53,30,61,32,3,1,44,36,88]","[93,7,47,22,87,21,49,99,115,85,17,105]","[60,13,58,70,123,120,46,19,62,41,37,65,11]",r5m 235667p 11289s 3z,111389m 113457p r5s,2566m 34p 44679s 2z,345m 12367789p 44z,,,,,,,,,,,
20260409121212_0001_021,20260409121212_0001,20260409121212,41,0029,tokujou,特上卓,0001,3,ff2,15,4m,risekichu_hokan_tsumogiri,1775704497,2789.309,,0,,"[72,117,106,74,78,16,45,40,57,63,54,56,101]","[39,50,10,0,53,30,61,32,3,1,44,36,88]","[93,7,47,22,87,21,49,99,115,85,17]","[60,13,58,70,123,120,46,19,62,41,37,65,11,15]",r5m 235667p 11289s 3z,111389m 113457p r5s,2566m 34p 4467s 2z,3445m 12367789p 44z,0,0,3,58p,0,,,,,,
20260409121212_0001_022,20260409121212_0001,20260409121212,41,0029,tokujou,特上卓,0001,0,s6u,117,3z,tedashi,1775704498,1445.809,,0,,"[72,117,106,74,78,16,45,40,57,63,54,56,101,128]","[39,50,10,0,53,30,61,32,3,1,44,36,88]","[93,7,47,22,87,21,49,99,115,85,17]","[60,13,58,70,123,120,46,19,62,41,37,65,11]",r5m 235667p 11289s 36z,111389m 113457p r5s,2566m 34p 4467s 2z,345m 12367789p 44z,3,3,4,,0,,,,,,
20260409121212_0001_023,20260409121212_0001,20260409121212,41,0029,tokujou,特上卓,0001,1,キャキャオ,30,8m,tedashi,1775704502,3730.655,,0,,"[72,106,74,78,16,45,40,57,63,54,56,101,128]","[39,50,10,0,53,30,61,32,3,1,44,36,88,55]","[93,7,47,22,87,21,49,99,115,85,17]","[60,13,58,70,123,120,46,19,62,41,37,65,11]",r5m 235667p 11289s 6z,111389m 1134557p r5s,2566m 34p 4467s 2z,345m 12367789p 44z,1,1,3,,0,,,,,,
20260409121212_0001_024,20260409121212_0001,20260409121212,41,0029,tokujou,特上卓,0001,2,田口,115,2z,tedashi,1775704504,2192.919,,0,,"[72,106,74,78,16,45,40,57,63,54,56,101,128]","[39,50,10,0,53,61,32,3,1,44,36,88,55]","[93,7,47,22,87,21,49,99,115,85,17,103]","[60,13,58,70,123,120,46,19,62,41,37,65,11]",r5m 235667p 11289s 6z,11139m 1134557p r5s,2566m 34p 44678s 2z,345m 12367789p 44z,,,,,,,,,,,
20260409121212_0100_000,20260409121212_0100,20260409121212,41,0029,tokujou,特上卓,0100,2,田口,120,4z,risekichu_hokan_tsumogiri,1775704520,,,0,,"[83,82,25,60,8,112,28,38,117,69,79,129,130]","[3,101,123,66,119,63,102,51,34,128,126,85,33]","[42,18,118,57,105,13,96,72,93,135,73,106,54,120]","[67,46,14,87,111,7,5,47,133,89,76,124,98]",378m 179p 233s 2366z,199m 478p 488s 3456z,45m 256p 116799s 347z,224m 338p 2457s 157z,3,3,4,,0,,,,,,
20260409121212_0100_001,20260409121212_0100,20260409121212,41,0029,tokujou,特上卓,0100,3,ff2,111,1z,tedashi,1775704526,5709.957,,0,,"[83,82,25,60,8,112,28,38,117,69,79,129,130]","[3,101,123,66,119,63,102,51,34,128,126,85,33]","[42,18,118,57,105,13,96,72,93,135,73,106,54]","[67,46,14,87,111,7,5,47,133,89,76,124,98,52]",378m 179p 233s 2366z,199m 478p 488s 3456z,45m 256p 116799s 37z,224m 33r58p 2457s 157z,4,4,4,,0,,,,,,
20260409121212_0100_002,20260409121212_0100,20260409121212,41,0029,tokujou,特上卓,0100,0,s6u,112,2z,tedashi,1775704529,2495.063,,0,,"[83,82,25,60,8,112,28,38,117,69,79,129,130,109]","[3,101,123,66,119,63,102,51,34,128,126,85,33]","[42,18,118,57,105,13,96,72,93,135,73,106,54]","[67,46,14,87,7,5,47,133,89,76,124,98,52]",378m 179p 233s 12366z,199m 478p 488s 3456z,45m 256p 116799s 37z,224m 33r58p 2457s 57z,4,4,4,,0,,,,,,
20260409121212_0100_003,20260409121212_0100,20260409121212,41,0029,tokujou,特上卓,0100,1,キャキャオ,123,4z,tedashi,1775704532,2842.709,,0,,"[83,82,25,60,8,28,38,117,69,79,129,130,109]","[3,101,123,66,119,63,102,51,34,128,126,85,33,55]","[42,18,118,57,105,13,96,72,93,135,73,106,54]","[67,46,14,87,7,5,47,133,89,76,124,98,52]",378m 179p 233s 1366z,199m 4578p 488s 3456z,45m 256p 116799s 37z,224m 33r58p 2457s 57z,4,4,4,,0,,,,,,
20260409121212_0100_004,20260409121212_0100,20260409121212,41,0029,tokujou,特上卓,0100,2,田口,135,7z,tedashi,1775704534,2687.019,,0,,"[83,82,25,60,8,28,38,117,69,79,129,130,109]","[3,101,66,119,63,102,51,34,128,126,85,33,55]","[42,18,118,57,105,13,96,72,93,135,73,106,54,4]","[67,46,14,87,7,5,47,133,89,76,124,98,52]",378m 179p 233s 1366z,199m 4578p 488s 356z,245m 256p 116799s 37z,224m 33r58p 2457s 57z,3,3,4,,0,,,,,,
20260409121212_0100_005,20260409121212_0100,20260409121212,41,0029,tokujou,特上卓,0100,3,ff2,133,7z,tedashi,1775704537,2405.178,,0,,"[83,82,25,60,8,28,38,117,69,79,129,130,109]","[3,101,66,119,63,102,51,34,128,126,85,33,55]","[42,18,118,57,105,13,96,72,93,73,106,54,4]","[67,46,14,87,7,5,47,133,89,76,124,98,52,80]",378m 179p 233s 1366z,199m 4578p 488s 356z,245m 256p 116799s 3z,224m 33r58p 23457s 57z,3,3,4,,0,,,,,,
20260409121212_0100_006,20260409121212_0100,20260409121212,41,0029,tokujou,特上卓,0100,0,s6u,38,1p,tedashi,1775704538,1424.223,,0,,"[83,82,25,60,8,28,38,117,69,79,129,130,109,32]","[3,101,66,119,63,102,51,34,128,126,85,33,55]","[42,18,118,57,105,13,96,72,93,73,106,54,4]","[67,46,14,87,7,5,47,89,76,124,98,52,80]",3789m 179p 233s 1366z,199m 4578p 488s 356z,245m 256p 116799s 3z,224m 33r58p 23457s 5z,3,3,4,,0,,,,,,
20260409121212_0100_007,20260409121212_0100,20260409121212,41,0029,tokujou,特上卓,0100,1,キャキャオ,3,1m,tedashi,1775704541,2617.838,,0,,"[83,82,25,60,8,28,117,69,79,129,130,109,32]","[3,101,66,119,63,102,51,34,128,126,85,33,55,62]","[42,18,118,57,105,13,96,72,93,73,106,54,4]","[67,46,14,87,7,5,47,89,76,124,98,52,80]",3789m 79p 233s 1366z,199m 45778p 488s 356z,245m 256p 116799s 3z,224m 33r58p 23457s 5z,3,4,3,,0,,,,,,
20260409121212_0100_008,20260409121212_0100,20260409121212,41,0029,tokujou,特上卓,0100,2,田口,4,2m,tedashi,1775704543,2428.354,,3,1029.016,"[83,82,25,60,8,28,117,69,79,129,130,109,32]","[101,66,119,63,102,51,34,128,126,85,33,55,62]","[42,18,118,57,105,13,96,72,93,73,106,54,4,110]","[67,46,14,87,7,5,47,89,76,124,98,52,80]",3789m 79p 233s 1366z,99m 45778p 488s 356z,245m 256p 116799s 13z,224m 33r58p 23457s 5z,3,3,4,,0,,,,,,
20260409121212_0100_009,20260409121212_0100,20260409121212,41,0029,tokujou,特上卓,0100,3,ff2,67,8p,tedashi,1775704549,4879.855,,2,1803.906,"[83,82,25,60,8,28,117,69,79,129,130,109,32]","[101,66,119,63,102,51,34,128,126,85,33,55,62]","[42,18,118,57,105,13,96,72,93,73,106,54,110]","[67,46,14,87,7,5,47,89,76,124,98,52,80,86]",3789m 79p 233s 1366z,99m 45778p 488s 356z,45m 256p 116799s 13z,224m 33r58p 234457s 5z,3,3,3,,0,,,,,,
20260409121212_0100_010,20260409121212_0100,20260409121212,41,0029,tokujou,特上卓,0100,0,s6u,109,1z,tedashi,1775704552,1155.896,,0,,"[83,82,25,8,28,117,79,129,130,109,32]","[101,66,119,63,102,51,34,128,126,85,33,55,62]","[42,18,118,57,105,13,96,72,93,73,106,54,110]","[46,14,87,7,5,47,89,76,124,98,52,80,86]",3789m 233s 1366z,99m 45778p 488s 356z,45m 256p 116799s 13z,224m 33r5p 234457s 5z,2,2,,,0,,,,,,
20260409121212_0100_011,20260409121212_0100,20260409121212,41,0029,tokujou,特上卓,0100,1,キャキャオ,126,5z,tedashi,1775704556,3652.462,,0,,"[83,82,25,8,28,117,79,129,130,32]","[101,66,119,63,102,51,34,128,126,85,33,55,62,97]","[42,18,118,57,105,13,96,72,93,73,106,54,110]","[46,14,87,7,5,47,89,76,124,98,52,80,86]",3789m 233s 366z,99m 45778p 4788s 356z,45m 256p 116799s 13z,224m 33r5p 234457s 5z,3,4,3,,0,,,,,,
20260409121212_0100_012,20260409121212_0100,20260409121212,41,0029,tokujou,特上卓,0100,2,田口,42,2p,tedashi,1775704558,2218.766,,0,,"[83,82,25,8,28,117,79,129,130,32]","[101,66,119,63,102,51,34,128,85,33,55,62,97]","[42,18,118,57,105,13,96,72,93,73,106,54,110,107]","[46,14,87,7,5,47,89,76,124,98,52,80,86]",3789m 233s 366z,99m 45778p 4788s 36z,45m 256p 1167999s 13z,224m 33r5p 234457s 5z,2,2,4,,0,,,,,,
20260409121212_0100_013,20260409121212_0100,20260409121212,41,0029,tokujou,特上卓,0100,3,ff2,134,7z,risekichu_hokan_tsumogiri,1775704560,1669.697,,0,,"[83,82,25,8,28,117,79,129,130,32]","[101,66,119,63,102,51,34,128,85,33,55,62,97]","[18,118,57,105,13,96,72,93,73,106,54,110,107]","[46,14,87,7,5,47,89,76,124,98,52,80,86,134]",3789m 233s 366z,99m 45778p 4788s 36z,45m 56p 1167999s 13z,224m 33r5p 234457s 57z,3,3,3,,0,,,,,,
20260409121212_0100_014,20260409121212_0100,20260409121212,41,0029,tokujou,特上卓,0100,0,s6u,8,3m,tedashi,1775704562,2484.513,,0,,"[83,82,25,8,28,117,79,129,130,32,30]","[101,66,119,63,102,51,34,128,85,33,55,62,97]","[18,118,57,105,13,96,72,93,73,106,54,110,107]","[46,14,87,7,5,47,89,76,124,98,52,80,86]",37889m 233s 366z,99m 45778p 4788s 36z,45m 56p 1167999s 13z,224m 33r5p 234457s 5z,2,2,,,0,,,,,,
20260409121212_0100_015,20260409121212_0100,20260409121212,41,0029,tokujou,特上卓,0100,1,キャキャオ,128,6z,tedashi,1775704565,2858.598,,2,1382.694,"[83,82,25,28,117,79,129,130,32,30]","[101,66,119,63,102,51,34,128,85,33,55,62,97,41]","[18,118,57,105,13,96,72,93,73,106,54,110,107]","[46,14,87,7,5,47,89,76,124,98,52,80,86]",7889m 233s 366z,99m 245778p 4788s 36z,45m 56p 1167999s 13z,224m 33r5p 234457s 5z,3,3,3,,0,,,,,,
20260409121212_0100_016,20260409121212_0100,20260409121212,41,0029,tokujou,特上卓,0100,0,s6u,28,8m,tedashi,1775704567,967.164,,0,,"[83,82,25,28,117,79,32,30]","[101,66,119,63,102,51,34,85,33,55,62,97,41]","[18,118,57,105,13,96,72,93,73,106,54,110,107]","[46,14,87,7,5,47,89,76,124,98,52,80,86]",7889m 233s 3z,99m 245778p 4788s 3z,45m 56p 1167999s 13z,224m 33r5p 234457s 5z,1,1,,,0,,,,,,
20260409121212_0100_017,20260409121212_0100,20260409121212,41,0029,tokujou,特上卓,0100,1,キャキャオ,36,1p,risekichu_hokan_tsumogiri,1775704572,4685.46,,0,,"[83,82,25,117,79,32,30]","[101,66,119,63,102,51,34,85,33,55,62,97,41,36]","[18,118,57,105,13,96,72,93,73,106,54,110,107]","[46,14,87,7,5,47,89,76,124,98,52,80,86]",789m 233s 3z,99m 1245778p 4788s 3z,45m 56p 1167999s 13z,224m 33r5p 234457s 5z,3,3,3,,0,,,,,,
20260409121212_0100_018,20260409121212_0100,20260409121212,41,0029,tokujou,特上卓,0100,2,田口,118,3z,tedashi,1775704574,2322.193,,0,,"[83,82,25,117,79,32,30]","[101,66,119,63,102,51,34,85,33,55,62,97,41]","[18,118,57,105,13,96,72,93,73,106,54,110,107,88]","[46,14,87,7,5,47,89,76,124,98,52,80,86]",789m 233s 3z,99m 245778p 4788s 3z,45m 56p 11r567999s 13z,224m 33r5p 234457s 5z,1,1,4,,0,,,,,,
20260409121212_0100_019,20260409121212_0100,20260409121212,41,0029,tokujou,特上卓,0100,3,ff2,0,1m,risekichu_hokan_tsumogiri,1775704576,1782.34,,0,,"[83,82,25,117,79,32,30]","[101,66,119,63,102,51,34,85,33,55,62,97,41]","[18,57,105,13,96,72,93,73,106,54,110,107,88]","[46,14,87,7,5,47,89,76,124,98,52,80,86,0]",789m 233s 3z,99m 245778p 4788s 3z,45m 56p 11r567999s 1z,1224m 33r5p 234457s 5z,2,2,3,,0,,,,,,
20260409121212_0100_020,20260409121212_0100,20260409121212,41,0029,tokujou,特上卓,0100,0,s6u,12,4m,tsumogiri,1775704578,1590.281,,0,,"[83,82,25,117,79,32,30,12]","[101,66,119,63,102,51,34,85,33,55,62,97,41]","[18,57,105,13,96,72,93,73,106,54,110,107,88]","[46,14,87,7,5,47,89,76,124,98,52,80,86]",4789m 233s 3z,99m 245778p 4788s 3z,45m 56p 11r567999s 1z,224m 33r5p 234457s 5z,1,1,,,0,,,,,,
20260409121212_0100_021,20260409121212_0100,20260409121212,41,0029,tokujou,特上卓,0100,1,キャキャオ,119,3z,tedashi,1775704581,3663.872,,0,,"[83,82,25,117,79,32,30]","[101,66,119,63,102,51,34,85,33,55,62,97,41,92]","[18,57,105,13,96,72,93,73,106,54,110,107,88]","[46,14,87,7,5,47,89,76,124,98,52,80,86]",789m 233s 3z,99m 245778p 46788s 3z,45m 56p 11r567999s 1z,224m 33r5p 234457s 5z,2,2,3,,0,,,,,,
20260409121212_0100_022,20260409121212_0100,20260409121212,41,0029,tokujou,特上卓,0100,2,田口,110,1z,tedashi,1775704584,864.761,1528.326,0,,"[83,82,25,117,79,32,30]","[101,66,63,102,51,34,85,33,55,62,97,41,92]","[18,57,105,13,96,72,93,73,106,54,110,107,88,49]","[46,14,87,7,5,47,89,76,124,98,52,80,86]",789m 233s 3z,99m 245778p 46788s,45m 456p 11r567999s 1z,224m 33r5p 234457s 5z,0,0,4,36m,0,,,,,,
20260409121212_0100_023,20260409121212_0100,20260409121212,41,0029,tokujou,特上卓,0100,3,ff2,132,7z,risekichu_hokan_tsumogiri,1775704586,2195.131,,0,,"[83,82,25,117,79,32,30]","[101,66,63,102,51,34,85,33,55,62,97,41,92]","[18,57,105,13,96,72,93,73,106,54,107,88,49]","[46,14,87,7,5,47,89,76,124,98,52,80,86,132]",789m 233s 3z,99m 245778p 46788s,45m 456p 11r567999s,224m 33r5p 234457s 57z,3,3,3,,0,,,,,,
20260409121212_0100_024,20260409121212_0100,20260409121212,41,0029,tokujou,特上卓,0100,0,s6u,117,3z,tedashi,1775704588,2102.409,,0,,"[83,82,25,117,79,32,30,77]","[101,66,63,102,51,34,85,33,55,62,97,41,92]","[18,57,105,13,96,72,93,73,106,54,107,88,49]","[46,14,87,7,5,47,89,76,124,98,52,80,86]",789m 2233s 3z,99m 245778p 46788s,45m 456p 11r567999s,224m 33r5p 234457s 5z,0,0,,23s,0,,,,,,
20260409121212_0100_025,20260409121212_0100,20260409121212,41,0029,tokujou,特上卓,0100,1,キャキャオ,34,9m,tedashi,1775704595,7434.521,,0,,"[83,82,25,79,32,30,77]","[101,66,63,102,51,34,85,33,55,62,97,41,92,15]","[18,57,105,13,96,72,93,73,106,54,107,88,49]","[46,14,87,7,5,47,89,76,124,98,52,80,86]",789m 2233s,499m 245778p 46788s,45m 456p 11r567999s,224m 33r5p 234457s 5z,2,2,3,,0,,,,,,
20260409121212_0100_026,20260409121212_0100,20260409121212,41,0029,tokujou,特上卓,0100,2,田口,125,5z,risekichu_hokan_tsumogiri,1775704596,1008.634,,0,,"[83,82,25,79,32,30,77]","[101,66,63,102,51,85,33,55,62,97,41,92,15]","[18,57,105,13,96,72,93,73,106,54,107,88,49,125]","[46,14,87,7,5,47,89,76,124,98,52,80,86]",789m 2233s,49m 245778p 46788s,45m 456p 11r567999s 5z,224m 33r5p 234457s 5z,0,0,4,36m,0,,,,,,
20260409121212_0100_027,20260409121212_0100,20260409121212,41,0029,tokujou,特上卓,0100,3,ff2,124,5z,tedashi,1775704598,1868.907,,0,,"[83,82,25,79,32,30,77]","[101,66,63,102,51,85,33,55,62,97,41,92,15]","[18,57,105,13,96,72,93,73,106,54,107,88,49]","[46,14,87,7,5,47,89,76,124,98,52,80,86,71]",789m 2233s,49m 245778p 46788s,45m 456p 11r567999s,224m 33r59p 234457s 5z,3,3,3,,0,,,,,,
20260409121212_0100_028,20260409121212_0100,20260409121212,41,0029,tokujou,特上卓,0100,0,s6u,40,2p,tsumogiri,1775704602,3713.538,,0,,"[83,82,25,79,32,30,77,40]","[101,66,63,102,51,85,33,55,62,97,41,92,15]","[18,57,105,13,96,72,93,73,106,54,107,88,49]","[46,14,87,7,5,47,89,76,98,52,80,86,71]",789m 2p 2233s,49m 245778p 46788s,45m 456p 11r567999s,224m 33r59p 234457s,0,0,,23s,0,,,,,,
20260409121212_0100_029,20260409121212_0100,20260409121212,41,0029,tokujou,特上卓,0100,1,キャキャオ,33,9m,tedashi,1775704604,1795.262,,0,,"[83,82,25,79,32,30,77]","[101,66,63,102,51,85,33,55,62,97,41,92,15,35]","[18,57,105,13,96,72,93,73,106,54,107,88,49]","[46,14,87,7,5,47,89,76,98,52,80,86,71]",789m 2233s,499m 245778p 46788s,45m 456p 11r567999s,224m 33r59p 234457s,2,2,3,,0,,,,,,
20260409121212_0100_030,20260409121212_0100,20260409121212,41,0029,tokujou,特上卓,0100,2,田口,64,8p,risekichu_hokan_tsumogiri,1775704605,902.515,,0,,"[83,82,25,79,32,30,77]","[101,66,63,102,51,85,55,62,97,41,92,15,35]","[18,57,105,13,96,72,93,73,106,54,107,88,49,64]","[46,14,87,7,5,47,89,76,98,52,80,86,71]",789m 2233s,49m 245778p 46788s,45m 4568p 11r567999s,224m 33r59p 234457s,0,0,4,36m,0,,,,,,
20260409121212_0100_031,20260409121212_0100,20260409121212,41,0029,tokujou,特上卓,0100,3,ff2,5,2m,tedashi,1775704608,3637.368,,0,,"[83,82,25,79,32,30,77]","[101,66,63,102,51,85,55,62,97,41,92,15,35]","[18,57,105,13,96,72,93,73,106,54,107,88,49]","[46,14,87,7,5,47,89,76,98,52,80,86,71,2]",789m 2233s,49m 245778p 46788s,45m 456p 11r567999s,1224m 33r59p 234457s,2,2,3,,0,,,,,,
20260409121212_0200_000,20260409121212_0200,20260409121212,41,0029,tokujou,特上卓,0200,3,ff2,118,3z,tedashi,1775704619,,,0,,"[99,63,124,48,70,121,111,65,45,8,35,57,132]","[77,123,47,82,117,96,33,87,106,75,2,23,3]","[104,27,11,25,67,98,120,89,44,109,86,74,134]","[133,30,118,76,17,94,53,101,22,49,125,85,37,103]",39m 346789p 7s 1457z,1169m 3p 123479s 34z,377m 38p 14579s 147z,568m 145p 24688s 357z,4,4,5,,0,,,,,,
20260409121212_0200_001,20260409121212_0200,20260409121212,41,0029,tokujou,特上卓,0200,0,s6u,35,9m,tedashi,1775704621,1526.981,,0,,"[99,63,124,48,70,121,111,65,45,8,35,57,132,6]","[77,123,47,82,117,96,33,87,106,75,2,23,3]","[104,27,11,25,67,98,120,89,44,109,86,74,134]","[133,30,76,17,94,53,101,22,49,125,85,37,103]",239m 346789p 7s 1457z,1169m 3p 123479s 34z,377m 38p 14579s 147z,568m 145p 24688s 57z,4,4,6,,0,,,,,,
20260409121212_0200_002,20260409121212_0200,20260409121212,41,0029,tokujou,特上卓,0200,1,キャキャオ,123,4z,tedashi,1775704623,2258.566,,0,,"[99,63,124,48,70,121,111,65,45,8,57,132,6]","[77,123,47,82,117,96,33,87,106,75,2,23,3,66]","[104,27,11,25,67,98,120,89,44,109,86,74,134]","[133,30,76,17,94,53,101,22,49,125,85,37,103]",23m 346789p 7s 1457z,1169m 38p 123479s 34z,377m 38p 14579s 147z,568m 145p 24688s 57z,4,4,5,,0,,,,,,
20260409121212_0200_003,20260409121212_0200,20260409121212,41,0029,tokujou,特上卓,0200,2,田口,74,1s,tedashi,1775704625,2082.144,,0,,"[99,63,124,48,70,121,111,65,45,8,57,132,6]","[77,47,82,117,96,33,87,106,75,2,23,3,66]","[104,27,11,25,67,98,120,89,44,109,86,74,134,129]","[133,30,76,17,94,53,101,22,49,125,85,37,103]",23m 346789p 7s 1457z,1169m 38p 123479s 3z,377m 38p 14579s 1467z,568m 145p 24688s 57z,5,5,5,,0,,,,,,
20260409121212_0200_004,20260409121212_0200,20260409121212,41,0029,tokujou,特上卓,0200,3,ff2,37,1p,tedashi,1775704627,1981.755,,0,,"[99,63,124,48,70,121,111,65,45,8,57,132,6]","[77,47,82,117,96,33,87,106,75,2,23,3,66]","[104,27,11,25,67,98,120,89,44,109,86,134,129]","[133,30,76,17,94,53,101,22,49,125,85,37,103,81]",23m 346789p 7s 1457z,1169m 38p 123479s 3z,377m 38p 4579s 1467z,568m 145p 234688s 57z,3,3,5,,0,,,,,,
20260409121212_0200_005,20260409121212_0200,20260409121212,41,0029,tokujou,特上卓,0200,0,s6u,121,4z,tedashi,1775704628,1267.561,,0,,"[99,63,124,48,70,121,111,65,45,8,57,132,6,29]","[77,47,82,117,96,33,87,106,75,2,23,3,66]","[104,27,11,25,67,98,120,89,44,109,86,134,129]","[133,30,76,17,94,53,101,22,49,125,85,103,81]",238m 346789p 7s 1457z,1169m 38p 123479s 3z,377m 38p 4579s 1467z,568m 45p 234688s 57z,4,4,6,,0,,,,,,
20260409121212_0200_006,20260409121212_0200,20260409121212,41,0029,tokujou,特上卓,0200,1,キャキャオ,117,3z,tedashi,1775704631,2251.012,,0,,"[99,63,124,48,70,111,65,45,8,57,132,6,29]","[77,47,82,117,96,33,87,106,75,2,23,3,66,90]","[104,27,11,25,67,98,120,89,44,109,86,134,129]","[133,30,76,17,94,53,101,22,49,125,85,103,81]",238m 346789p 7s 157z,1169m 38p 1234579s 3z,377m 38p 4579s 1467z,568m 45p 234688s 57z,3,3,5,,0,,,,,,
20260409121212_0200_007,20260409121212_0200,20260409121212,41,0029,tokujou,特上卓,0200,2,田口,120,4z,tedashi,1775704632,1560.668,,0,,"[99,63,124,48,70,111,65,45,8,57,132,6,29]","[77,47,82,96,33,87,106,75,2,23,3,66,90]","[104,27,11,25,67,98,120,89,44,109,86,134,129,7]","[133,30,76,17,94,53,101,22,49,125,85,103,81]",238m 346789p 7s 157z,1169m 38p 1234579s,2377m 38p 4579s 1467z,568m 45p 234688s 57z,4,4,5,,0,,,,,,
20260409121212_0200_008,20260409121212_0200,20260409121212,41,0029,tokujou,特上卓,0200,3,ff2,133,7z,tedashi,1775704635,2278.969,,0,,"[99,63,124,48,70,111,65,45,8,57,132,6,29]","[77,47,82,96,33,87,106,75,2,23,3,66,90]","[104,27,11,25,67,98,89,44,109,86,134,129,7]","[133,30,76,17,94,53,101,22,49,125,85,103,81,62]",238m 346789p 7s 157z,1169m 38p 1234579s,2377m 38p 4579s 167z,568m 457p 234688s 57z,3,3,5,,0,,,,,,
20260409121212_0200_009,20260409121212_0200,20260409121212,41,0029,tokujou,特上卓,0200,0,s6u,29,8m,tedashi,1775704638,3387.965,,0,,"[99,63,124,48,70,111,65,45,8,57,132,6,29,110]","[77,47,82,96,33,87,106,75,2,23,3,66,90]","[104,27,11,25,67,98,89,44,109,86,134,129,7]","[30,76,17,94,53,101,22,49,125,85,103,81,62]",238m 346789p 7s 1157z,1169m 38p 1234579s,2377m 38p 4579s 167z,568m 457p 234688s 5z,3,3,5,,0,,,,,,
20260409121212_0200_010,20260409121212_0200,20260409121212,41,0029,tokujou,特上卓,0200,1,キャキャオ,33,9m,tedashi,1775704640,2074.897,,0,,"[99,63,124,48,70,111,65,45,8,57,132,6,110]","[77,47,82,96,33,87,106,75,2,23,3,66,90,4]","[104,27,11,25,67,98,89,44,109,86,134,129,7]","[30,76,17,94,53,101,22,49,125,85,103,81,62]",23m 346789p 7s 1157z,11269m 38p 1234579s,2377m 38p 4579s 167z,568m 457p 234688s 5z,3,3,5,,0,,,,,,
20260409121212_0200_011,20260409121212_0200,20260409121212,41,0029,tokujou,特上卓,0200,2,田口,115,2z,risekichu_hokan_tsumogiri,1775704642,2146.643,,0,,"[99,63,124,48,70,111,65,45,8,57,132,6,110]","[77,47,82,96,87,106,75,2,23,3,66,90,4]","[104,27,11,25,67,98,89,44,109,86,134,129,7,115]","[30,76,17,94,53,101,22,49,125,85,103,81,62]",23m 346789p 7s 1157z,1126m 38p 1234579s,2377m 38p 4579s 1267z,568m 457p 234688s 5z,4,4,5,,0,,,,,,
20260409121212_0200_012,20260409121212_0200,20260409121212,41,0029,tokujou,特上卓,0200,3,ff2,125,5z,tedashi,1775704645,2527.528,,0,,"[99,63,124,48,70,111,65,45,8,57,132,6,110]","[77,47,82,96,87,106,75,2,23,3,66,90,4]","[104,27,11,25,67,98,89,44,109,86,134,129,7]","[30,76,17,94,53,101,22,49,125,85,103,81,62,97]",23m 346789p 7s 1157z,1126m 38p 1234579s,2377m 38p 4579s 167z,568m 457p 2346788s 5z,2,2,5,,0,,,,,,
20260409121212_0200_013,20260409121212_0200,20260409121212,41,0029,tokujou,特上卓,0200,0,s6u,124,5z,tedashi,1775704649,4640.512,,0,,"[99,63,124,48,70,111,65,45,8,57,132,6,110,64]","[77,47,82,96,87,106,75,2,23,3,66,90,4]","[104,27,11,25,67,98,89,44,109,86,134,129,7]","[30,76,17,94,53,101,22,49,85,103,81,62,97]",23m 3467889p 7s 1157z,1126m 38p 1234579s,2377m 38p 4579s 167z,568m 457p 2346788s,2,2,4,,0,,,,,,
20260409121212_0200_014,20260409121212_0200,20260409121212,41,0029,tokujou,特上卓,0200,1,キャキャオ,23,6m,tedashi,1775704656,6502.381,,0,,"[99,63,48,70,111,65,45,8,57,132,6,110,64]","[77,47,82,96,87,106,75,2,23,3,66,90,4,71]","[104,27,11,25,67,98,89,44,109,86,134,129,7]","[30,76,17,94,53,101,22,49,85,103,81,62,97]",23m 3467889p 7s 117z,1126m 389p 1234579s,2377m 38p 4579s 167z,568m 457p 2346788s,2,2,5,,0,,,,,,
20260409121212_0200_015,20260409121212_0200,20260409121212,41,0029,tokujou,特上卓,0200,2,田口,109,1z,tedashi,1775704659,3669.801,,2,1145.956,"[99,63,48,70,111,65,45,8,57,132,6,110,64]","[77,47,82,96,87,106,75,2,3,66,90,4,71]","[104,27,11,25,67,98,89,44,109,86,134,129,7,127]","[30,76,17,94,53,101,22,49,85,103,81,62,97]",23m 3467889p 7s 117z,112m 389p 1234579s,2377m 38p 4579s 1567z,568m 457p 2346788s,4,4,5,,0,,,,,,
20260409121212_0200_016,20260409121212_0200,20260409121212,41,0029,tokujou,特上卓,0200,0,s6u,99,7s,tedashi,1775704664,2953.741,,0,,"[99,63,48,70,65,45,8,57,132,6,64]","[77,47,82,96,87,106,75,2,3,66,90,4,71]","[104,27,11,25,67,98,89,44,86,134,129,7,127]","[30,76,17,94,53,101,22,49,85,103,81,62,97]",23m 3467889p 7s 7z,112m 389p 1234579s,2377m 38p 4579s 567z,568m 457p 2346788s,2,2,,,0,,,,,,
20260409121212_0200_017,20260409121212_0200,20260409121212,41,0029,tokujou,特上卓,0200,1,キャキャオ,4,2m,tedashi,1775704667,3585.41,,0,,"[63,48,70,65,45,8,57,132,6,64]","[77,47,82,96,87,106,75,2,3,66,90,4,71,55]","[104,27,11,25,67,98,89,44,86,134,129,7,127]","[30,76,17,94,53,101,22,49,85,103,81,62,97]",23m 3467889p 7z,112m 3589p 1234579s,2377m 38p 4579s 567z,568m 457p 2346788s,2,2,5,,0,,,,,,
20260409121212_0200_018,20260409121212_0200,20260409121212,41,0029,tokujou,特上卓,0200,2,田口,129,6z,tedashi,1775704669,2325.336,,0,,"[63,48,70,65,45,8,57,132,6,64]","[77,47,82,96,87,106,75,2,3,66,90,71,55]","[104,27,11,25,67,98,89,44,86,134,129,7,127,114]","[30,76,17,94,53,101,22,49,85,103,81,62,97]",23m 3467889p 7z,11m 3589p 1234579s,2377m 38p 4579s 2567z,568m 457p 2346788s,4,4,5,,0,,,,,,
20260409121212_0200_019,20260409121212_0200,20260409121212,41,0029,tokujou,特上卓,0200,3,ff2,30,8m,tedashi,1775704672,2704.228,,0,,"[63,48,70,65,45,8,57,132,6,64]","[77,47,82,96,87,106,75,2,3,66,90,71,55]","[104,27,11,25,67,98,89,44,86,134,7,127,114]","[30,76,17,94,53,101,22,49,85,103,81,62,97,59]",23m 3467889p 7z,11m 3589p 1234579s,2377m 38p 4579s 257z,568m 4567p 2346788s,1,1,5,,0,,,,,,
20260409121212_0200_020,20260409121212_0200,20260409121212,41,0029,tokujou,特上卓,0200,0,s6u,9,3m,tsumogiri,1775704676,3630.227,,0,,"[63,48,70,65,45,8,57,132,6,64,9]","[77,47,82,96,87,106,75,2,3,66,90,71,55]","[104,27,11,25,67,98,89,44,86,134,7,127,114]","[76,17,94,53,101,22,49,85,103,81,62,97,59]",233m 3467889p 7z,11m 3589p 1234579s,2377m 38p 4579s 257z,56m 4567p 2346788s,1,1,,,1,,,,,,
20260409121212_0200_021,20260409121212_0200,20260409121212,41,0029,tokujou,特上卓,0200,1,キャキャオ,66,8p,tedashi,1775704680,4654.368,,3,1183.697,"[63,48,70,65,45,8,57,132,6,64]","[77,47,82,96,87,106,75,2,3,66,90,71,55,46]","[104,27,11,25,67,98,89,44,86,134,7,127,114]","[76,17,94,53,101,22,49,85,103,81,62,97,59]",23m 3467889p 7z,11m 33589p 1234579s,2377m 38p 4579s 257z,56m 4567p 2346788s,2,2,4,,0,,,,,,
20260409121212_0200_022,20260409121212_0200,20260409121212,41,0029,tokujou,特上卓,0200,2,田口,67,8p,tedashi,1775704683,1728.953,,3,1208.954,"[63,48,70,65,45,8,57,132,6,64]","[77,47,82,96,87,106,75,2,3,90,71,55,46]","[104,27,11,25,67,98,89,44,86,134,7,127,114,36]","[76,17,94,53,101,22,49,85,103,81,62,97,59]",23m 3467889p 7z,11m 3359p 1234579s,2377m 138p 4579s 257z,56m 4567p 2346788s,3,3,5,,0,,,,,,
20260409121212_0200_023,20260409121212_0200,20260409121212,41,0029,tokujou,特上卓,0200,3,ff2,93,6s,risekichu_hokan_tsumogiri,1775704691,6639.234,,0,,"[63,48,70,65,45,8,57,132,6,64]","[77,47,82,96,87,106,75,2,3,90,71,55,46]","[104,27,11,25,98,89,44,86,134,7,127,114,36]","[76,17,94,53,101,22,49,85,103,81,62,97,59,93]",23m 3467889p 7z,11m 3359p 1234579s,2377m 13p 4579s 257z,56m 4567p 23466788s,1,1,4,,0,,,,,,
20260409121212_0200_024,20260409121212_0200,20260409121212,41,0029,tokujou,特上卓,0200,0,s6u,32,9m,tsumogiri,1775704693,1646.01,,0,,"[63,48,70,65,45,8,57,132,6,64,32]","[77,47,82,96,87,106,75,2,3,90,71,55,46]","[104,27,11,25,98,89,44,86,134,7,127,114,36]","[76,17,94,53,101,22,49,85,103,81,62,97,59]",239m 3467889p 7z,11m 3359p 1234579s,2377m 13p 4579s 257z,56m 4567p 2346788s,2,2,,,0,,,,,,
20260409121212_0200_025,20260409121212_0200,20260409121212,41,0029,tokujou,特上卓,0200,1,キャキャオ,71,9p,tedashi,1775704694,1482.364,,0,,"[63,48,70,65,45,8,57,132,6,64]","[77,47,82,96,87,106,75,2,3,90,71,55,46,107]","[104,27,11,25,98,89,44,86,134,7,127,114,36]","[76,17,94,53,101,22,49,85,103,81,62,97,59]",23m 3467889p 7z,11m 3359p 12345799s,2377m 13p 4579s 257z,56m 4567p 2346788s,2,2,3,,0,,,,,,
20260409121212_0200_026,20260409121212_0200,20260409121212,41,0029,tokujou,特上卓,0200,2,田口,114,2z,tedashi,1775704696,2101.882,,0,,"[63,48,70,65,45,8,57,132,6,64]","[77,47,82,96,87,106,75,2,3,90,55,46,107]","[104,27,11,25,98,89,44,86,134,7,127,114,36,52]","[76,17,94,53,101,22,49,85,103,81,62,97,59]",23m 3467889p 7z,11m 335p 12345799s,2377m 13r5p 4579s 257z,56m 4567p 2346788s,3,3,5,,0,,,,,,
20260409121212_0200_027,20260409121212_0200,20260409121212,41,0029,tokujou,特上卓,0200,3,ff2,113,2z,risekichu_hokan_tsumogiri,1775704700,3078.757,,0,,"[63,48,70,65,45,8,57,132,6,64]","[77,47,82,96,87,106,75,2,3,90,55,46,107]","[104,27,11,25,98,89,44,86,134,7,127,36,52]","[76,17,94,53,101,22,49,85,103,81,62,97,59,113]",23m 3467889p 7z,11m 335p 12345799s,2377m 13r5p 4579s 57z,56m 4567p 2346788s 2z,1,1,5,,0,,,,,,
20260409121212_0200_028,20260409121212_0200,20260409121212,41,0029,tokujou,特上卓,0200,0,s6u,65,8p,tedashi,1775704702,2706.66,,0,,"[63,48,70,65,45,8,57,132,6,64,58]","[77,47,82,96,87,106,75,2,3,90,55,46,107]","[104,27,11,25,98,89,44,86,134,7,127,36,52]","[76,17,94,53,101,22,49,85,103,81,62,97,59]",23m 34667889p 7z,11m 335p 12345799s,2377m 13r5p 4579s 57z,56m 4567p 2346788s,1,1,,,0,,,,,,
20260409121212_0200_029,20260409121212_0200,20260409121212,41,0029,tokujou,特上卓,0200,1,キャキャオ,106,9s,tedashi,1775704706,3402.591,,0,,"[63,48,70,45,8,57,132,6,64,58]","[77,47,82,96,87,106,75,2,3,90,55,46,107,95]","[104,27,11,25,98,89,44,86,134,7,127,36,52]","[76,17,94,53,101,22,49,85,103,81,62,97,59]",23m 3466789p 7z,11m 335p 123456799s,2377m 13r5p 4579s 57z,56m 4567p 2346788s,1,1,3,,0,,,,,,
20260409121212_0200_030,20260409121212_0200,20260409121212,41,0029,tokujou,特上卓,0200,2,田口,134,7z,tedashi,1775704709,3224.718,,0,,"[63,48,70,45,8,57,132,6,64,58]","[77,47,82,96,87,75,2,3,90,55,46,107,95]","[104,27,11,25,98,89,44,86,134,7,127,36,52,41]","[76,17,94,53,101,22,49,85,103,81,62,97,59]",23m 3466789p 7z,11m 335p 12345679s,2377m 123r5p 4579s 57z,56m 4567p 2346788s,2,2,5,,0,,,,,,
20260409121212_0200_031,20260409121212_0200,20260409121212,41,0029,tokujou,特上卓,0200,3,ff2,62,7p,tedashi,1775704714,1873.536,3207.701,3,1372.094,"[63,48,70,45,8,57,132,6,64,58]","[77,47,82,96,87,75,2,3,90,55,46,107,95]","[104,27,11,25,98,89,44,86,7,127,36,52,41]","[76,17,94,53,101,22,49,85,103,81,62,97,59,12]",23m 3466789p 7z,11m 335p 12345679s,2377m 123r5p 4579s 5z,456m 4567p 2346788s,0,0,5,58s,0,,,,,,
20260409121212_0200_032,20260409121212_0200,20260409121212,41,0029,tokujou,特上卓,0200,0,s6u,39,1p,tsumogiri,1775704717,1542.75,,0,,"[63,48,70,45,8,57,132,6,64,58,39]","[77,47,82,96,87,75,2,3,90,55,46,107,95]","[104,27,11,25,98,89,44,86,7,127,36,52,41]","[76,17,94,53,101,22,49,85,103,81,97,59,12]",23m 13466789p 7z,11m 335p 12345679s,2377m 123r5p 4579s 5z,456m 456p 2346788s,1,1,,,0,,,,,,
20260409121212_0200_033,20260409121212_0200,20260409121212,41,0029,tokujou,特上卓,0200,1,キャキャオ,55,5p,tedashi,1775704720,547.933,2826.734,0,,"[63,48,70,45,8,57,132,6,64,58]","[77,47,82,96,87,75,2,3,90,55,46,107,95,0]","[104,27,11,25,98,89,44,86,7,127,36,52,41]","[76,17,94,53,101,22,49,85,103,81,97,59,12]",23m 3466789p 7z,111m 335p 12345679s,2377m 123r5p 4579s 5z,456m 456p 2346788s,0,0,4,8s,0,,,,,,
20260409121212_0200_034,20260409121212_0200,20260409121212,41,0029,tokujou,特上卓,0200,2,田口,127,5z,tedashi,1775704723,3039.295,,0,,"[63,48,70,45,8,57,132,6,64,58]","[77,47,82,96,87,75,2,3,90,46,107,95,0]","[104,27,11,25,98,89,44,86,7,127,36,52,41,40]","[76,17,94,53,101,22,49,85,103,81,97,59,12]",23m 3466789p 7z,111m 33p 12345679s,2377m 1223r5p 4579s 5z,456m 456p 2346788s,2,2,4,,0,,,,,,
20260409121212_0200_035,20260409121212_0200,20260409121212,41,0029,tokujou,特上卓,0200,3,ff2,28,8m,risekichu_hokan_tsumogiri,1775704726,2336.036,,0,,"[63,48,70,45,8,57,132,6,64,58]","[77,47,82,96,87,75,2,3,90,46,107,95,0]","[104,27,11,25,98,89,44,86,7,36,52,41,40]","[76,17,94,53,101,22,49,85,103,81,97,59,12,28]",23m 3466789p 7z,111m 33p 12345679s,2377m 1223r5p 4579s,4568m 456p 2346788s,0,0,5,58s,0,,,,,,
20260409121212_0200_036,20260409121212_0200,20260409121212,41,0029,tokujou,特上卓,0200,0,s6u,132,7z,tedashi,1775704728,2133.073,,0,,"[63,48,70,45,8,57,132,6,64,58,1]","[77,47,82,96,87,75,2,3,90,46,107,95,0]","[104,27,11,25,98,89,44,86,7,36,52,41,40]","[76,17,94,53,101,22,49,85,103,81,97,59,12]",123m 3466789p 7z,111m 33p 12345679s,2377m 1223r5p 4579s,456m 456p 2346788s,0,0,,25p,0,,,,,,
20260409121212_0200_037,20260409121212_0200,20260409121212,41,0029,tokujou,特上卓,0200,1,キャキャオ,21,6m,risekichu_hokan_tsumogiri,1775704728,684.697,,0,,"[63,48,70,45,8,57,6,64,58,1]","[77,47,82,96,87,75,2,3,90,46,107,95,0,21]","[104,27,11,25,98,89,44,86,7,36,52,41,40]","[76,17,94,53,101,22,49,85,103,81,97,59,12]",123m 3466789p,1116m 33p 12345679s,2377m 1223r5p 4579s,456m 456p 2346788s,0,0,4,8s,0,,,,,,
20260409121212_0200_038,20260409121212_0200,20260409121212,41,0029,tokujou,特上卓,0200,2,田口,52,r5p,tedashi,1775704735,6183.839,,0,,"[63,48,70,45,8,57,6,64,58,1]","[77,47,82,96,87,75,2,3,90,46,107,95,0]","[104,27,11,25,98,89,44,86,7,36,52,41,40,92]","[76,17,94,53,101,22,49,85,103,81,97,59,12]",123m 3466789p,111m 33p 12345679s,2377m 1223r5p 45679s,456m 456p 2346788s,1,1,4,,0,,,,,,
20260409121212_0300_000,20260409121212_0300,20260409121212,41,0029,tokujou,特上卓,0300,0,s6u,104,9s,tedashi,1775704745,,,0,,"[45,125,131,33,26,43,32,23,1,135,128,21,104,79]","[0,48,4,75,67,115,117,51,61,107,29,54,126]","[109,18,73,12,127,27,9,77,66,63,83,72,24]","[60,11,62,49,74,87,85,40,70,42,80,102,53]",166799m 23p 29s 5667z,128m 44578p 19s 235z,34577m 78p 1123s 15z,3m 2245779p 13448s,3,4,3,,0,,,,,,
20260409121212_0300_001,20260409121212_0300,20260409121212,41,0029,tokujou,特上卓,0300,1,キャキャオ,75,1s,tedashi,1775704747,1472.008,,3,926.193,"[45,125,131,33,26,43,32,23,1,135,128,21,79]","[0,48,4,75,67,115,117,51,61,107,29,54,126,47]","[109,18,73,12,127,27,9,77,66,63,83,72,24]","[60,11,62,49,74,87,85,40,70,42,80,102,53]",166799m 23p 2s 5667z,128m 344578p 19s 235z,34577m 78p 1123s 15z,3m 2245779p 13448s,4,4,5,,0,,,,,,
20260409121212_0300_002,20260409121212_0300,20260409121212,41,0029,tokujou,特上卓,0300,2,田口,109,1z,tedashi,1775704749,1229.914,,0,,"[45,125,131,33,26,43,32,23,1,135,128,21,79]","[0,48,4,67,115,117,51,61,107,29,54,126,47]","[109,18,73,12,127,27,9,77,66,63,83,72,24,92]","[60,11,62,49,74,87,85,40,70,42,80,102,53]",166799m 23p 2s 5667z,128m 344578p 9s 235z,34577m 78p 11236s 15z,3m 2245779p 13448s,2,2,4,,0,,,,,,
20260409121212_0300_003,20260409121212_0300,20260409121212,41,0029,tokujou,特上卓,0300,3,ff2,132,7z,risekichu_hokan_tsumogiri,1775704751,2067.384,,0,,"[45,125,131,33,26,43,32,23,1,135,128,21,79]","[0,48,4,67,115,117,51,61,107,29,54,126,47]","[18,73,12,127,27,9,77,66,63,83,72,24,92]","[60,11,62,49,74,87,85,40,70,42,80,102,53,132]",166799m 23p 2s 5667z,128m 344578p 9s 235z,34577m 78p 11236s 5z,3m 2245779p 13448s 7z,3,3,3,,0,,,,,,
20260409121212_0300_004,20260409121212_0300,20260409121212,41,0029,tokujou,特上卓,0300,0,s6u,79,2s,tedashi,1775704754,2485.031,,0,,"[45,125,131,33,26,43,32,23,1,135,128,21,79,56]","[0,48,4,67,115,117,51,61,107,29,54,126,47]","[18,73,12,127,27,9,77,66,63,83,72,24,92]","[60,11,62,49,74,87,85,40,70,42,80,102,53]",166799m 236p 2s 5667z,128m 344578p 9s 235z,34577m 78p 11236s 5z,3m 2245779p 13448s,3,4,3,,0,,,,,,
20260409121212_0300_005,20260409121212_0300,20260409121212,41,0029,tokujou,特上卓,0300,1,キャキャオ,107,9s,tedashi,1775704756,2054.188,,0,,"[45,125,131,33,26,43,32,23,1,135,128,21,56]","[0,48,4,67,115,117,51,61,107,29,54,126,47,119]","[18,73,12,127,27,9,77,66,63,83,72,24,92]","[60,11,62,49,74,87,85,40,70,42,80,102,53]",166799m 236p 5667z,128m 344578p 9s 2335z,34577m 78p 11236s 5z,3m 2245779p 13448s,3,3,4,,0,,,,,,
20260409121212_0300_006,20260409121212_0300,20260409121212,41,0029,tokujou,特上卓,0300,2,田口,127,5z,tedashi,1775704758,2204.065,,0,,"[45,125,131,33,26,43,32,23,1,135,128,21,56]","[0,48,4,67,115,117,51,61,29,54,126,47,119]","[18,73,12,127,27,9,77,66,63,83,72,24,92,25]","[60,11,62,49,74,87,85,40,70,42,80,102,53]",166799m 236p 5667z,128m 344578p 2335z,345777m 78p 11236s 5z,3m 2245779p 13448s,1,1,4,,0,,,,,,
20260409121212_0300_007,20260409121212_0300,20260409121212,41,0029,tokujou,特上卓,0300,3,ff2,102,8s,tedashi,1775704761,3313.471,,0,,"[45,125,131,33,26,43,32,23,1,135,128,21,56]","[0,48,4,67,115,117,51,61,29,54,126,47,119]","[18,73,12,27,9,77,66,63,83,72,24,92,25]","[60,11,62,49,74,87,85,40,70,42,80,102,53,71]",166799m 236p 5667z,128m 344578p 2335z,345777m 78p 11236s,3m 22457799p 13448s,2,3,2,,0,,,,,,
20260409121212_0300_008,20260409121212_0300,20260409121212,41,0029,tokujou,特上卓,0300,0,s6u,123,4z,tsumogiri,1775704765,3589.201,,0,,"[45,125,131,33,26,43,32,23,1,135,128,21,56,123]","[0,48,4,67,115,117,51,61,29,54,126,47,119]","[18,73,12,27,9,77,66,63,83,72,24,92,25]","[60,11,62,49,74,87,85,40,70,42,80,53,71]",166799m 236p 45667z,128m 344578p 2335z,345777m 78p 11236s,3m 22457799p 1344s,3,4,3,,0,,,,,,
20260409121212_0300_009,20260409121212_0300,20260409121212,41,0029,tokujou,特上卓,0300,1,キャキャオ,76,2s,risekichu_hokan_tsumogiri,1775704767,2359.439,,6,317.954,"[45,125,131,33,26,43,32,23,1,135,128,21,56]","[0,48,4,67,115,117,51,61,29,54,126,47,119,76]","[18,73,12,27,9,77,66,63,83,72,24,92,25]","[60,11,62,49,74,87,85,40,70,42,80,53,71]",166799m 236p 5667z,128m 344578p 2s 2335z,345777m 78p 11236s,3m 22457799p 1344s,3,3,4,,0,,,,,,
20260409121212_0300_010,20260409121212_0300,20260409121212,41,0029,tokujou,特上卓,0300,2,田口,92,6s,tedashi,1775704773,5419.892,,0,,"[45,125,131,33,26,43,32,23,1,135,128,21,56]","[0,48,4,67,115,117,51,61,29,54,126,47,119]","[18,73,12,27,9,77,66,63,83,72,24,92,25,15]","[60,11,62,49,74,87,85,40,70,42,80,53,71]",166799m 236p 5667z,128m 344578p 2335z,3445777m 78p 11236s,3m 22457799p 1344s,1,1,3,,0,,,,,,
20260409121212_0300_011,20260409121212_0300,20260409121212,41,0029,tokujou,特上卓,0300,3,ff2,74,1s,tedashi,1775704775,1907.616,,6,212.353,"[45,125,131,33,26,43,32,23,1,135,128,21,56]","[0,48,4,67,115,117,51,61,29,54,126,47,119]","[18,73,12,27,9,77,66,63,83,72,24,25,15]","[60,11,62,49,74,87,85,40,70,42,80,53,71,16]",166799m 236p 5667z,128m 344578p 2335z,3445777m 78p 1123s,3r5m 22457799p 1344s,2,3,2,,0,,,,,,
20260409121212_0300_012,20260409121212_0300,20260409121212,41,0029,tokujou,特上卓,0300,0,s6u,1,1m,tedashi,1775704780,5386.63,,0,,"[45,125,131,33,26,43,32,23,1,135,128,21,56,91]","[0,48,4,67,115,117,51,61,29,54,126,47,119]","[18,73,12,27,9,77,66,63,83,72,24,25,15]","[60,11,62,49,87,85,40,70,42,80,53,71,16]",166799m 236p 5s 5667z,128m 344578p 2335z,3445777m 78p 1123s,3r5m 22457799p 344s,3,4,3,,0,,,,,,
20260409121212_0300_013,20260409121212_0300,20260409121212,41,0029,tokujou,特上卓,0300,1,キャキャオ,29,8m,tedashi,1775704783,2318.415,,0,,"[45,125,131,33,26,43,32,23,135,128,21,56,91]","[0,48,4,67,115,117,51,61,29,54,126,47,119,108]","[18,73,12,27,9,77,66,63,83,72,24,25,15]","[60,11,62,49,87,85,40,70,42,80,53,71,16]",66799m 236p 5s 5667z,128m 344578p 12335z,3445777m 78p 1123s,3r5m 22457799p 344s,3,3,4,,0,,,,,,
20260409121212_0300_014,20260409121212_0300,20260409121212,41,0029,tokujou,特上卓,0300,2,田口,15,4m,tedashi,1775704786,989.993,1875.217,2,1817.432,"[45,125,131,33,26,43,32,23,135,128,21,56,91]","[0,48,4,67,115,117,51,61,54,126,47,119,108]","[18,73,12,27,9,77,66,63,83,72,24,25,15,86]","[60,11,62,49,87,85,40,70,42,80,53,71,16]",66799m 236p 5s 5667z,12m 344578p 12335z,3445777m 78p 11234s,3r5m 22457799p 344s,0,0,3,69p,0,,,,,,
20260409121212_0300_015,20260409121212_0300,20260409121212,41,0029,tokujou,特上卓,0300,3,ff2,71,9p,tedashi,1775704788,1096.035,,0,,"[45,125,131,33,26,43,32,23,135,128,21,56,91]","[0,48,4,67,115,117,51,61,54,126,47,119,108]","[18,73,12,27,9,77,66,63,83,72,24,25,86]","[60,62,49,87,85,40,70,42,80,53,71]",66799m 236p 5s 5667z,12m 344578p 12335z,345777m 78p 11234s,22457799p 344s,2,2,,,0,,,,,,
20260409121212_0400_000,20260409121212_0400,20260409121212,41,0029,tokujou,特上卓,0400,1,キャキャオ,117,3z,tedashi,1775704800,,,0,,"[135,108,24,0,28,116,9,101,127,42,50,59,53]","[61,105,78,114,91,68,13,48,14,64,117,88,112,23]","[86,16,54,120,126,72,118,113,107,65,129,31,82]","[8,125,52,18,26,5,121,80,97,69,67,123,131]",1378m 2456p 8s 1357z,446m 4789p 2r559s 223z,r58m 58p 1349s 23456z,2357m r589p 37s 4456z,3,3,3,,0,,,,,,
20260409121212_0400_001,20260409121212_0400,20260409121212,41,0029,tokujou,特上卓,0400,2,田口,118,3z,tedashi,1775704810,10105.942,,0,,"[135,108,24,0,28,116,9,101,127,42,50,59,53]","[61,105,78,114,91,68,13,48,14,64,88,112,23]","[86,16,54,120,126,72,118,113,107,65,129,31,82,62]","[8,125,52,18,26,5,121,80,97,69,67,123,131]",1378m 2456p 8s 1357z,446m 4789p 2r559s 22z,r58m 578p 1349s 23456z,2357m r589p 37s 4456z,6,6,6,,0,,,,,,
20260409121212_0400_002,20260409121212_0400,20260409121212,41,0029,tokujou,特上卓,0400,3,ff2,125,5z,tedashi,1775704813,2940.074,,0,,"[135,108,24,0,28,116,9,101,127,42,50,59,53]","[61,105,78,114,91,68,13,48,14,64,88,112,23]","[86,16,54,120,126,72,113,107,65,129,31,82,62]","[8,125,52,18,26,5,121,80,97,69,67,123,131,98]",1378m 2456p 8s 1357z,446m 4789p 2r559s 22z,r58m 578p 1349s 2456z,2357m r589p 377s 4456z,3,3,4,,0,,,,,,
20260409121212_0400_003,20260409121212_0400,20260409121212,41,0029,tokujou,特上卓,0400,0,s6u,116,3z,tedashi,1775704814,1536.469,,0,,"[135,108,24,0,28,116,9,101,127,42,50,59,53,109]","[61,105,78,114,91,68,13,48,14,64,88,112,23]","[86,16,54,120,126,72,113,107,65,129,31,82,62]","[8,52,18,26,5,121,80,97,69,67,123,131,98]",1378m 2456p 8s 11357z,446m 4789p 2r559s 22z,r58m 578p 1349s 2456z,2357m r589p 377s 446z,3,3,5,,0,,,,,,
20260409121212_0400_004,20260409121212_0400,20260409121212,41,0029,tokujou,特上卓,0400,1,キャキャオ,105,9s,tedashi,1775704816,2216.787,,0,,"[135,108,24,0,28,9,101,127,42,50,59,53,109]","[61,105,78,114,91,68,13,48,14,64,88,112,23,57]","[86,16,54,120,126,72,113,107,65,129,31,82,62]","[8,52,18,26,5,121,80,97,69,67,123,131,98]",1378m 2456p 8s 1157z,446m 46789p 2r559s 22z,r58m 578p 1349s 2456z,2357m r589p 377s 446z,2,2,3,,0,,,,,,
20260409121212_0400_005,20260409121212_0400,20260409121212,41,0029,tokujou,特上卓,0400,2,田口,120,4z,tedashi,1775704818,1796.904,,3,1307.254,"[135,108,24,0,28,9,101,127,42,50,59,53,109]","[61,78,114,91,68,13,48,14,64,88,112,23,57]","[86,16,54,120,126,72,113,107,65,129,31,82,62,89]","[8,52,18,26,5,121,80,97,69,67,123,131,98]",1378m 2456p 8s 1157z,446m 46789p 2r55s 22z,r58m 578p 13459s 2456z,2357m r589p 377s 446z,5,5,6,,0,,,,,,
20260409121212_0400_006,20260409121212_0400,20260409121212,41,0029,tokujou,特上卓,0400,3,ff2,124,5z,risekichu_hokan_tsumogiri,1775704821,1079.936,,0,,"[135,108,24,0,28,9,101,127,42,50,59,53,109]","[61,78,114,91,68,13,48,14,64,88,112,23,57]","[86,16,54,126,72,113,107,65,129,31,82,62,89]","[8,52,18,26,5,121,80,97,69,67,123,131,98,124]",1378m 2456p 8s 1157z,446m 46789p 2r55s 22z,r58m 578p 13459s 256z,2357m r589p 377s 4456z,3,3,4,,0,,,,,,
20260409121212_0400_007,20260409121212_0400,20260409121212,41,0029,tokujou,特上卓,0400,0,s6u,127,5z,tedashi,1775704822,1448.897,,0,,"[135,108,24,0,28,9,101,127,42,50,59,53,109,2]","[61,78,114,91,68,13,48,14,64,88,112,23,57]","[86,16,54,126,72,113,107,65,129,31,82,62,89]","[8,52,18,26,5,121,80,97,69,67,123,131,98]",11378m 2456p 8s 1157z,446m 46789p 2r55s 22z,r58m 578p 13459s 256z,2357m r589p 377s 446z,3,3,4,,0,,,,,,
20260409121212_0400_008,20260409121212_0400,20260409121212,41,0029,tokujou,特上卓,0400,1,キャキャオ,78,2s,tedashi,1775704824,2034.486,,3,1398.583,"[135,108,24,0,28,9,101,42,50,59,53,109,2]","[61,78,114,91,68,13,48,14,64,88,112,23,57,12]","[86,16,54,126,72,113,107,65,129,31,82,62,89]","[8,52,18,26,5,121,80,97,69,67,123,131,98]",11378m 2456p 8s 117z,4446m 46789p 2r55s 22z,r58m 578p 13459s 256z,2357m r589p 377s 446z,1,1,3,,0,,,,,,
20260409121212_0400_009,20260409121212_0400,20260409121212,41,0029,tokujou,特上卓,0400,2,田口,126,5z,tedashi,1775704827,1250.235,,0,,"[135,108,24,0,28,9,101,42,50,59,53,109,2]","[61,114,91,68,13,48,14,64,88,112,23,57,12]","[86,16,54,126,72,113,107,65,129,31,82,62,89,96]","[8,52,18,26,5,121,80,97,69,67,123,131,98]",11378m 2456p 8s 117z,4446m 46789p r55s 22z,r58m 578p 134579s 256z,2357m r589p 377s 446z,4,4,6,,0,,,,,,
20260409121212_0400_010,20260409121212_0400,20260409121212,41,0029,tokujou,特上卓,0400,3,ff2,41,2p,risekichu_hokan_tsumogiri,1775704829,2115.463,,0,,"[135,108,24,0,28,9,101,42,50,59,53,109,2]","[61,114,91,68,13,48,14,64,88,112,23,57,12]","[86,16,54,72,113,107,65,129,31,82,62,89,96]","[8,52,18,26,5,121,80,97,69,67,123,131,98,41]",11378m 2456p 8s 117z,4446m 46789p r55s 22z,r58m 578p 134579s 26z,2357m 2r589p 377s 446z,3,3,4,,0,,,,,,
20260409121212_0400_011,20260409121212_0400,20260409121212,41,0029,tokujou,特上卓,0400,0,s6u,135,7z,tedashi,1775704831,2191.676,,0,,"[135,108,24,0,28,9,101,42,50,59,53,109,2,66]","[61,114,91,68,13,48,14,64,88,112,23,57,12]","[86,16,54,72,113,107,65,129,31,82,62,89,96]","[8,52,18,26,5,121,80,97,69,67,123,131,98]",11378m 24568p 8s 117z,4446m 46789p r55s 22z,r58m 578p 134579s 26z,2357m r589p 377s 446z,3,3,4,,0,,,,,,
20260409121212_0400_012,20260409121212_0400,20260409121212,41,0029,tokujou,特上卓,0400,1,キャキャオ,130,6z,risekichu_hokan_tsumogiri,1775704833,1944.191,,0,,"[108,24,0,28,9,101,42,50,59,53,109,2,66]","[61,114,91,68,13,48,14,64,88,112,23,57,12,130]","[86,16,54,72,113,107,65,129,31,82,62,89,96]","[8,52,18,26,5,121,80,97,69,67,123,131,98]",11378m 24568p 8s 11z,4446m 46789p r55s 226z,r58m 578p 134579s 26z,2357m r589p 377s 446z,1,1,3,,0,,,,,,
20260409121212_0400_013,20260409121212_0400,20260409121212,41,0029,tokujou,特上卓,0400,2,田口,129,6z,tedashi,1775704835,1724.437,,0,,"[108,24,0,28,9,101,42,50,59,53,109,2,66]","[61,114,91,68,13,48,14,64,88,112,23,57,12]","[86,16,54,72,113,107,65,129,31,82,62,89,96,102]","[8,52,18,26,5,121,80,97,69,67,123,131,98]",11378m 24568p 8s 11z,4446m 46789p r55s 22z,r58m 578p 1345789s 26z,2357m r589p 377s 446z,3,3,6,,0,,,,,,
20260409121212_0400_014,20260409121212_0400,20260409121212,41,0029,tokujou,特上卓,0400,3,ff2,131,6z,tedashi,1775704837,2016.058,,0,,"[108,24,0,28,9,101,42,50,59,53,109,2,66]","[61,114,91,68,13,48,14,64,88,112,23,57,12]","[86,16,54,72,113,107,65,31,82,62,89,96,102]","[8,52,18,26,5,121,80,97,69,67,123,131,98,22]",11378m 24568p 8s 11z,4446m 46789p r55s 22z,r58m 578p 1345789s 2z,23567m r589p 377s 446z,2,2,4,,0,,,,,,
20260409121212_0400_015,20260409121212_0400,20260409121212,41,0029,tokujou,特上卓,0400,0,s6u,101,8s,tedashi,1775704841,4059.483,,0,,"[108,24,0,28,9,101,42,50,59,53,109,2,66,33]","[61,114,91,68,13,48,14,64,88,112,23,57,12]","[86,16,54,72,113,107,65,31,82,62,89,96,102]","[8,52,18,26,5,121,80,97,69,67,123,98,22]",113789m 24568p 8s 11z,4446m 46789p r55s 22z,r58m 578p 1345789s 2z,23567m r589p 377s 44z,2,2,4,,0,,,,,,
20260409121212_0400_016,20260409121212_0400,20260409121212,41,0029,tokujou,特上卓,0400,1,キャキャオ,23,6m,tedashi,1775704845,3947.757,,0,,"[108,24,0,28,9,42,50,59,53,109,2,66,33]","[61,114,91,68,13,48,14,64,88,112,23,57,12,92]","[86,16,54,72,113,107,65,31,82,62,89,96,102]","[8,52,18,26,5,121,80,97,69,67,123,98,22]",113789m 24568p 11z,4446m 46789p r556s 22z,r58m 578p 1345789s 2z,23567m r589p 377s 44z,1,1,3,,0,,,,,,
20260409121212_0400_017,20260409121212_0400,20260409121212,41,0029,tokujou,特上卓,0400,2,田口,7,2m,risekichu_hokan_tsumogiri,1775704847,2021.241,,0,,"[108,24,0,28,9,42,50,59,53,109,2,66,33]","[61,114,91,68,13,48,14,64,88,112,57,12,92]","[86,16,54,72,113,107,65,31,82,62,89,96,102,7]","[8,52,18,26,5,121,80,97,69,67,123,98,22]",113789m 24568p 11z,444m 46789p r556s 22z,2r58m 578p 1345789s 2z,23567m r589p 377s 44z,3,3,6,,0,,,,,,
20260409121212_0400_018,20260409121212_0400,20260409121212,41,0029,tokujou,特上卓,0400,3,ff2,6,2m,risekichu_hokan_tsumogiri,1775704849,2540.8,,3,918.752,"[108,24,0,28,9,42,50,59,53,109,2,66,33]","[61,114,91,68,13,48,14,64,88,112,57,12,92]","[86,16,54,72,113,107,65,31,82,62,89,96,102]","[8,52,18,26,5,121,80,97,69,67,123,98,22,6]",113789m 24568p 11z,444m 46789p r556s 22z,r58m 578p 1345789s 2z,223567m r589p 377s 44z,2,2,3,,1,,,,,,
20260409121212_0400_019,20260409121212_0400,20260409121212,41,0029,tokujou,特上卓,0400,0,s6u,42,2p,tedashi,1775704852,1409.445,,0,,"[108,24,0,28,9,42,50,59,53,109,2,66,33,63]","[61,114,91,68,13,48,14,64,88,112,57,12,92]","[86,16,54,72,113,107,65,31,82,62,89,96,102]","[8,52,18,26,5,121,80,97,69,67,123,98,22]",113789m 245678p 11z,444m 46789p r556s 22z,r58m 578p 1345789s 2z,23567m r589p 377s 44z,1,1,4,,0,,,,,,
20260409121212_0400_020,20260409121212_0400,20260409121212,41,0029,tokujou,特上卓,0400,1,キャキャオ,29,8m,risekichu_hokan_tsumogiri,1775704854,2489.727,,0,,"[108,24,0,28,9,50,59,53,109,2,66,33,63]","[61,114,91,68,13,48,14,64,88,112,57,12,92,29]","[86,16,54,72,113,107,65,31,82,62,89,96,102]","[8,52,18,26,5,121,80,97,69,67,123,98,22]",113789m 45678p 11z,4448m 46789p r556s 22z,r58m 578p 1345789s 2z,23567m r589p 377s 44z,1,1,3,,0,,,,,,
20260409121212_0400_021,20260409121212_0400,20260409121212,41,0029,tokujou,特上卓,0400,2,田口,113,2z,tedashi,1775704858,4301.378,,2,1458.75,"[108,24,0,28,9,50,59,53,109,2,66,33,63]","[61,114,91,68,13,48,14,64,88,112,57,12,92]","[86,16,54,72,113,107,65,31,82,62,89,96,102,30]","[8,52,18,26,5,121,80,97,69,67,123,98,22]",113789m 45678p 11z,444m 46789p r556s 22z,r588m 578p 1345789s 2z,23567m r589p 377s 44z,2,2,5,,0,,,,,,
20260409121212_0400_022,20260409121212_0400,20260409121212,41,0029,tokujou,特上卓,0400,1,キャキャオ,92,6s,tedashi,1775704861,1080.061,,3,1295.973,"[108,24,0,28,9,50,59,53,109,2,66,33,63]","[61,91,68,13,48,14,64,88,57,12,92]","[86,16,54,72,107,65,31,82,62,89,96,102,30]","[8,52,18,26,5,121,80,97,69,67,123,98,22]",113789m 45678p 11z,444m 46789p r556s,r588m 578p 1345789s,23567m r589p 377s 44z,0,0,,5p,0,,,,,,
20260409121212_0400_023,20260409121212_0400,20260409121212,41,0029,tokujou,特上卓,0400,2,田口,54,5p,tedashi,1775704864,1865.477,,0,,"[108,24,0,28,9,50,59,53,109,2,66,33,63]","[61,91,68,13,48,14,64,88,57,12]","[86,16,54,72,107,65,31,82,62,89,96,102,30,11]","[8,52,18,26,5,121,80,97,69,67,123,98,22]",113789m 45678p 11z,444m 46789p r55s,3r588m 578p 1345789s,23567m r589p 377s 44z,1,1,5,,0,,,,,,
20260409121212_0401_000,20260409121212_0401,20260409121212,41,0029,tokujou,特上卓,0401,1,キャキャオ,106,9s,tedashi,1775704877,,,3,968.679,"[23,127,9,10,60,129,85,79,135,103,108,97,3]","[13,92,106,126,61,17,11,12,44,102,83,78,65,69]","[58,26,34,132,45,73,93,14,89,80,74,111,18]","[130,5,29,107,62,30,77,15,39,67,104,84,1]",1336m 7p 2478s 1567z,3445m 3789p 23689s 5z,4579m 36p 11356s 17z,12488m 178p 2499s 6z,2,2,5,,0,,,,,,
20260409121212_0401_001,20260409121212_0401,20260409121212,41,0029,tokujou,特上卓,0401,2,田口,132,7z,tedashi,1775704879,1594.977,,0,,"[23,127,9,10,60,129,85,79,135,103,108,97,3]","[13,92,126,61,17,11,12,44,102,83,78,65,69]","[58,26,34,132,45,73,93,14,89,80,74,111,18,109]","[130,5,29,107,62,30,77,15,39,67,104,84,1]",1336m 7p 2478s 1567z,3445m 3789p 2368s 5z,4579m 36p 11356s 117z,12488m 178p 2499s 6z,3,3,4,,0,,,,,,
20260409121212_0401_002,20260409121212_0401,20260409121212,41,0029,tokujou,特上卓,0401,3,ff2,121,4z,risekichu_hokan_tsumogiri,1775704881,1989.521,,0,,"[23,127,9,10,60,129,85,79,135,103,108,97,3]","[13,92,126,61,17,11,12,44,102,83,78,65,69]","[58,26,34,45,73,93,14,89,80,74,111,18,109]","[130,5,29,107,62,30,77,15,39,67,104,84,1,121]",1336m 7p 2478s 1567z,3445m 3789p 2368s 5z,4579m 36p 11356s 11z,12488m 178p 2499s 46z,3,3,4,,0,,,,,,
20260409121212_0401_003,20260409121212_0401,20260409121212,41,0029,tokujou,特上卓,0401,0,s6u,108,1z,tedashi,1775704882,1164.505,,3,1847.302,"[23,127,9,10,60,129,85,79,135,103,108,97,3,37]","[13,92,126,61,17,11,12,44,102,83,78,65,69]","[58,26,34,45,73,93,14,89,80,74,111,18,109]","[130,5,29,107,62,30,77,15,39,67,104,84,1]",1336m 17p 2478s 1567z,3445m 3789p 2368s 5z,4579m 36p 11356s 11z,12488m 178p 2499s 6z,5,5,5,,0,,,,,,
20260409121212_0401_004,20260409121212_0401,20260409121212,41,0029,tokujou,特上卓,0401,1,キャキャオ,126,5z,tedashi,1775704885,888.311,,0,,"[23,127,9,10,60,129,85,79,135,103,97,3,37]","[13,92,126,61,17,11,12,44,102,83,78,65,69,87]","[58,26,34,45,73,93,14,89,80,74,111,18,109]","[130,5,29,107,62,30,77,15,39,67,104,84,1]",1336m 17p 2478s 567z,3445m 3789p 23468s 5z,4579m 36p 11356s 11z,12488m 178p 2499s 6z,1,1,5,,0,,,,,,
20260409121212_0401_005,20260409121212_0401,20260409121212,41,0029,tokujou,特上卓,0401,2,田口,133,7z,risekichu_hokan_tsumogiri,1775704887,1670.759,,0,,"[23,127,9,10,60,129,85,79,135,103,97,3,37]","[13,92,61,17,11,12,44,102,83,78,65,69,87]","[58,26,34,45,73,93,14,89,80,74,111,18,109,133]","[130,5,29,107,62,30,77,15,39,67,104,84,1]",1336m 17p 2478s 567z,3445m 3789p 23468s,4579m 36p 11356s 117z,12488m 178p 2499s 6z,3,3,4,,0,,,,,,
20260409121212_0401_006,20260409121212_0401,20260409121212,41,0029,tokujou,特上卓,0401,3,ff2,1,1m,tedashi,1775704890,3479.922,,0,,"[23,127,9,10,60,129,85,79,135,103,97,3,37]","[13,92,61,17,11,12,44,102,83,78,65,69,87]","[58,26,34,45,73,93,14,89,80,74,111,18,109]","[130,5,29,107,62,30,77,15,39,67,104,84,1,40]",1336m 17p 2478s 567z,3445m 3789p 23468s,4579m 36p 11356s 11z,12488m 1278p 2499s 6z,3,3,4,,0,,,,,,
20260409121212_0401_007,20260409121212_0401,20260409121212,41,0029,tokujou,特上卓,0401,0,s6u,37,1p,tedashi,1775704892,1313.146,,0,,"[23,127,9,10,60,129,85,79,135,103,97,3,37,81]","[13,92,61,17,11,12,44,102,83,78,65,69,87]","[58,26,34,45,73,93,14,89,80,74,111,18,109]","[130,5,29,107,62,30,77,15,39,67,104,84,40]",1336m 17p 23478s 567z,3445m 3789p 23468s,4579m 36p 11356s 11z,2488m 1278p 2499s 6z,4,4,5,,0,,,,,,
20260409121212_0401_008,20260409121212_0401,20260409121212,41,0029,tokujou,特上卓,0401,1,キャキャオ,69,9p,tedashi,1775704894,2176.45,,0,,"[23,127,9,10,60,129,85,79,135,103,97,3,81]","[13,92,61,17,11,12,44,102,83,78,65,69,87,57]","[58,26,34,45,73,93,14,89,80,74,111,18,109]","[130,5,29,107,62,30,77,15,39,67,104,84,40]",1336m 7p 23478s 567z,3445m 36789p 23468s,4579m 36p 11356s 11z,2488m 1278p 2499s 6z,1,1,5,,0,,,,,,
20260409121212_0401_009,20260409121212_0401,20260409121212,41,0029,tokujou,特上卓,0401,2,田口,68,9p,risekichu_hokan_tsumogiri,1775704896,1680.183,,3,970.488,"[23,127,9,10,60,129,85,79,135,103,97,3,81]","[13,92,61,17,11,12,44,102,83,78,65,87,57]","[58,26,34,45,73,93,14,89,80,74,111,18,109,68]","[130,5,29,107,62,30,77,15,39,67,104,84,40]",1336m 7p 23478s 567z,3445m 3678p 23468s,4579m 369p 11356s 11z,2488m 1278p 2499s 6z,3,3,4,,0,,,,,,
20260409121212_0401_010,20260409121212_0401,20260409121212,41,0029,tokujou,特上卓,0401,3,ff2,130,6z,tedashi,1775704898,1623.311,,0,,"[23,127,9,10,60,129,85,79,135,103,97,3,81]","[13,92,61,17,11,12,44,102,83,78,65,87,57]","[58,26,34,45,73,93,14,89,80,74,111,18,109]","[130,5,29,107,62,30,77,15,39,67,104,84,40,25]",1336m 7p 23478s 567z,3445m 3678p 23468s,4579m 36p 11356s 11z,24788m 1278p 2499s 6z,3,3,4,,0,,,,,,
20260409121212_0401_011,20260409121212_0401,20260409121212,41,0029,tokujou,特上卓,0401,0,s6u,135,7z,tedashi,1775704901,2831.702,,0,,"[23,127,9,10,60,129,85,79,135,103,97,3,81,100]","[13,92,61,17,11,12,44,102,83,78,65,87,57]","[58,26,34,45,73,93,14,89,80,74,111,18,109]","[5,29,107,62,30,77,15,39,67,104,84,40,25]",1336m 7p 234788s 567z,3445m 3678p 23468s,4579m 36p 11356s 11z,24788m 1278p 2499s,4,4,4,,0,,,,,,
20260409121212_0401_012,20260409121212_0401,20260409121212,41,0029,tokujou,特上卓,0401,1,キャキャオ,44,3p,tedashi,1775704906,4666.281,,0,,"[23,127,9,10,60,129,85,79,103,97,3,81,100]","[13,92,61,17,11,12,44,102,83,78,65,87,57,7]","[58,26,34,45,73,93,14,89,80,74,111,18,109]","[5,29,107,62,30,77,15,39,67,104,84,40,25]",1336m 7p 234788s 56z,23445m 3678p 23468s,4579m 36p 11356s 11z,24788m 1278p 2499s,1,1,5,,0,,,,,,
20260409121212_0401_013,20260409121212_0401,20260409121212,41,0029,tokujou,特上卓,0401,2,田口,58,6p,tedashi,1775704908,2868.479,,3,950.326,"[23,127,9,10,60,129,85,79,103,97,3,81,100]","[13,92,61,17,11,12,102,83,78,65,87,57,7]","[58,26,34,45,73,93,14,89,80,74,111,18,109,82]","[5,29,107,62,30,77,15,39,67,104,84,40,25]",1336m 7p 234788s 56z,23445m 678p 23468s,4579m 36p 113356s 11z,24788m 1278p 2499s,3,3,3,,0,,,,,,
20260409121212_0401_014,20260409121212_0401,20260409121212,41,0029,tokujou,特上卓,0401,3,ff2,30,8m,tedashi,1775704913,3494.531,,0,,"[23,127,9,10,60,129,85,79,103,97,3,81,100]","[13,92,61,17,11,12,102,83,78,65,87,57,7]","[26,34,45,73,93,14,89,80,74,111,18,109,82]","[5,29,107,62,30,77,15,39,67,104,84,40,25,6]",1336m 7p 234788s 56z,23445m 678p 23468s,4579m 3p 113356s 11z,224788m 1278p 2499s,3,3,3,,1,,,,,,
20260409121212_0401_015,20260409121212_0401,20260409121212,41,0029,tokujou,特上卓,0401,0,s6u,129,6z,tedashi,1775704914,1461.056,,0,,"[23,127,9,10,60,129,85,79,103,97,3,81,100,90]","[13,92,61,17,11,12,102,83,78,65,87,57,7]","[26,34,45,73,93,14,89,80,74,111,18,109,82]","[5,29,107,62,77,15,39,67,104,84,40,25,6]",1336m 7p 2345788s 56z,23445m 678p 23468s,4579m 3p 113356s 11z,22478m 1278p 2499s,3,3,4,,0,,,,,,
20260409121212_0401_016,20260409121212_0401,20260409121212,41,0029,tokujou,特上卓,0401,1,キャキャオ,102,8s,tedashi,1775704922,7186.898,,3,4523.379,"[23,127,9,10,60,85,79,103,97,3,81,100,90]","[13,92,61,17,11,12,102,83,78,65,87,57,7,21]","[26,34,45,73,93,14,89,80,74,111,18,109,82]","[5,29,107,62,77,15,39,67,104,84,40,25,6]",1336m 7p 2345788s 5z,234456m 678p 23468s,4579m 3p 113356s 11z,22478m 1278p 2499s,0,0,5,6s,0,,,,,,
20260409121212_0401_017,20260409121212_0401,20260409121212,41,0029,tokujou,特上卓,0401,0,s6u,3,1m,tedashi,1775704926,1115.018,,3,947.205,"[23,127,9,10,60,85,79,103,97,3,81,90]","[13,92,61,17,11,12,83,78,65,87,57,7,21]","[26,34,45,73,93,14,89,80,74,111,18,109,82]","[5,29,107,62,77,15,39,67,104,84,40,25,6]",1336m 7p 234578s 5z,234456m 678p 2346s,4579m 3p 113356s 11z,22478m 1278p 2499s,,,,,,,,,,,
20260409121212_0401_018,20260409121212_0401,20260409121212,41,0029,tokujou,特上卓,0401,1,キャキャオ,47,3p,risekichu_hokan_tsumogiri,1775704929,1603.613,,0,,"[23,127,9,10,60,85,79,103,97,81,90]","[13,92,61,17,11,12,83,78,65,87,57,7,21,47]","[26,34,45,73,93,14,89,80,74,111,18,109,82]","[5,29,107,62,77,15,39,67,104,84,40,25,6]",336m 7p 234578s 5z,234456m 3678p 2346s,4579m 3p 113356s 11z,22478m 1278p 2499s,0,0,5,6s,0,,,,,,
20260409121212_0401_019,20260409121212_0401,20260409121212,41,0029,tokujou,特上卓,0401,2,田口,45,3p,tedashi,1775704931,2002.949,,3,1045.103,"[23,127,9,10,60,85,79,103,97,81,90]","[13,92,61,17,11,12,83,78,65,87,57,7,21]","[26,34,45,73,93,14,89,80,74,111,18,109,82,35]","[5,29,107,62,77,15,39,67,104,84,40,25,6]",336m 7p 234578s 5z,234456m 678p 2346s,45799m 3p 113356s 11z,22478m 1278p 2499s,2,3,2,,0,,,,,,
20260409121212_0401_020,20260409121212_0401,20260409121212,41,0029,tokujou,特上卓,0401,3,ff2,75,1s,risekichu_hokan_tsumogiri,1775704933,1229.61,,3,1029.202,"[23,127,9,10,60,85,79,103,97,81,90]","[13,92,61,17,11,12,83,78,65,87,57,7,21]","[26,34,73,93,14,89,80,74,111,18,109,82,35]","[5,29,107,62,77,15,39,67,104,84,40,25,6,75]",336m 7p 234578s 5z,234456m 678p 2346s,45799m 113356s 11z,22478m 1278p 12499s,3,3,4,,0,,,,,,
20260409121212_0401_021,20260409121212_0401,20260409121212,41,0029,tokujou,特上卓,0401,0,s6u,120,4z,tsumogiri,1775704937,2666.418,,0,,"[23,127,9,10,60,85,79,103,97,81,90,120]","[13,92,61,17,11,12,83,78,65,87,57,7,21]","[26,34,73,93,14,89,80,74,111,18,109,82,35]","[5,29,107,62,77,15,39,67,104,84,40,25,6]",336m 7p 234578s 45z,234456m 678p 2346s,45799m 113356s 11z,22478m 1278p 2499s,,,,,,,,,,,
20260409121212_0401_022,20260409121212_0401,20260409121212,41,0029,tokujou,特上卓,0401,1,キャキャオ,101,8s,risekichu_hokan_tsumogiri,1775704938,1553.39,,0,,"[23,127,9,10,60,85,79,103,97,81,90]","[13,92,61,17,11,12,83,78,65,87,57,7,21,101]","[26,34,73,93,14,89,80,74,111,18,109,82,35]","[5,29,107,62,77,15,39,67,104,84,40,25,6]",336m 7p 234578s 5z,234456m 678p 23468s,45799m 113356s 11z,22478m 1278p 2499s,0,0,5,6s,0,,,,,,
20260409121212_0401_023,20260409121212_0401,20260409121212,41,0029,tokujou,特上卓,0401,2,田口,52,r5p,risekichu_hokan_tsumogiri,1775704940,2306.634,,0,,"[23,127,9,10,60,85,79,103,97,81,90]","[13,92,61,17,11,12,83,78,65,87,57,7,21]","[26,34,73,93,14,89,80,74,111,18,109,82,35,52]","[5,29,107,62,77,15,39,67,104,84,40,25,6]",336m 7p 234578s 5z,234456m 678p 2346s,45799m r5p 113356s 11z,22478m 1278p 2499s,2,3,2,,0,,,,,,
20260409121212_0401_024,20260409121212_0401,20260409121212,41,0029,tokujou,特上卓,0401,3,ff2,39,1p,tedashi,1775704943,2540.131,,0,,"[23,127,9,10,60,85,79,103,97,81,90]","[13,92,61,17,11,12,83,78,65,87,57,7,21]","[26,34,73,93,14,89,80,74,111,18,109,82,35]","[5,29,107,62,77,15,39,67,104,84,40,25,6,51]",336m 7p 234578s 5z,234456m 678p 2346s,45799m 113356s 11z,22478m 12478p 2499s,3,3,4,,0,,,,,,
20260409121212_0401_025,20260409121212_0401,20260409121212,41,0029,tokujou,特上卓,0401,0,s6u,42,2p,tsumogiri,1775704945,1705.408,,0,,"[23,127,9,10,60,85,79,103,97,81,90,42]","[13,92,61,17,11,12,83,78,65,87,57,7,21]","[26,34,73,93,14,89,80,74,111,18,109,82,35]","[5,29,107,62,77,15,67,104,84,40,25,6,51]",336m 27p 234578s 5z,234456m 678p 2346s,45799m 113356s 11z,22478m 2478p 2499s,,,,,,,,,,,
20260409121212_0401_026,20260409121212_0401,20260409121212,41,0029,tokujou,特上卓,0401,1,キャキャオ,92,6s,tedashi,1775704952,6910.059,,0,,"[23,127,9,10,60,85,79,103,97,81,90]","[13,92,61,17,11,12,83,78,65,87,57,7,21,16]","[26,34,73,93,14,89,80,74,111,18,109,82,35]","[5,29,107,62,77,15,67,104,84,40,25,6,51]",336m 7p 234578s 5z,2344r556m 678p 2346s,45799m 113356s 11z,22478m 2478p 2499s,0,0,4,25m,0,,,,,,
20260409121212_0401_027,20260409121212_0401,20260409121212,41,0029,tokujou,特上卓,0401,2,田口,49,4p,risekichu_hokan_tsumogiri,1775704953,1785.379,,0,,"[23,127,9,10,60,85,79,103,97,81,90]","[13,61,17,11,12,83,78,65,87,57,7,21,16]","[26,34,73,93,14,89,80,74,111,18,109,82,35,49]","[5,29,107,62,77,15,67,104,84,40,25,6,51]",336m 7p 234578s 5z,2344r556m 678p 234s,45799m 4p 113356s 11z,22478m 2478p 2499s,2,3,2,,0,,,,,,
20260409121212_0401_028,20260409121212_0401,20260409121212,41,0029,tokujou,特上卓,0401,3,ff2,40,2p,tedashi,1775704956,2567.92,,0,,"[23,127,9,10,60,85,79,103,97,81,90]","[13,61,17,11,12,83,78,65,87,57,7,21,16]","[26,34,73,93,14,89,80,74,111,18,109,82,35]","[5,29,107,62,77,15,67,104,84,40,25,6,51,96]",336m 7p 234578s 5z,2344r556m 678p 234s,45799m 113356s 11z,22478m 2478p 24799s,3,3,4,,0,,,,,,
20260409121212_0401_029,20260409121212_0401,20260409121212,41,0029,tokujou,特上卓,0401,0,s6u,60,7p,tedashi,1775704960,3603.017,,6,202.382,"[23,127,9,10,60,85,79,103,97,81,90,124]","[13,61,17,11,12,83,78,65,87,57,7,21,16]","[26,34,73,93,14,89,80,74,111,18,109,82,35]","[5,29,107,62,77,15,67,104,84,25,6,51,96]",336m 7p 234578s 55z,2344r556m 678p 234s,45799m 113356s 11z,22478m 478p 24799s,,,,,,,,,,,
20260409121212_0401_030,20260409121212_0401,20260409121212,41,0029,tokujou,特上卓,0401,1,キャキャオ,115,2z,risekichu_hokan_tsumogiri,1775704962,2206.122,,0,,"[23,127,9,10,85,79,103,97,81,90,124]","[13,61,17,11,12,83,78,65,87,57,7,21,16,115]","[26,34,73,93,14,89,80,74,111,18,109,82,35]","[5,29,107,62,77,15,67,104,84,25,6,51,96]",336m 234578s 55z,2344r556m 678p 234s 2z,45799m 113356s 11z,22478m 478p 24799s,0,0,4,25m,0,,,,,,
20260409121212_0401_031,20260409121212_0401,20260409121212,41,0029,tokujou,特上卓,0401,2,田口,41,2p,risekichu_hokan_tsumogiri,1775704964,1610.132,,0,,"[23,127,9,10,85,79,103,97,81,90,124]","[13,61,17,11,12,83,78,65,87,57,7,21,16]","[26,34,73,93,14,89,80,74,111,18,109,82,35,41]","[5,29,107,62,77,15,67,104,84,25,6,51,96]",336m 234578s 55z,2344r556m 678p 234s,45799m 2p 113356s 11z,22478m 478p 24799s,2,3,2,,0,,,,,,
20260409121212_0401_032,20260409121212_0401,20260409121212,41,0029,tokujou,特上卓,0401,3,ff2,51,4p,tedashi,1775704966,2220.256,,0,,"[23,127,9,10,85,79,103,97,81,90,124]","[13,61,17,11,12,83,78,65,87,57,7,21,16]","[26,34,73,93,14,89,80,74,111,18,109,82,35]","[5,29,107,62,77,15,67,104,84,25,6,51,96,105]",336m 234578s 55z,2344r556m 678p 234s,45799m 113356s 11z,22478m 478p 247999s,2,2,4,,0,,,,,,
20260409121212_0401_033,20260409121212_0401,20260409121212,41,0029,tokujou,特上卓,0401,0,s6u,124,5z,tedashi,1775704971,5530.76,,0,,"[23,127,9,10,85,79,103,97,81,90,124,27]","[13,61,17,11,12,83,78,65,87,57,7,21,16]","[26,34,73,93,14,89,80,74,111,18,109,82,35]","[5,29,107,62,77,15,67,104,84,25,6,96,105]",3367m 234578s 55z,2344r556m 678p 234s,45799m 113356s 11z,22478m 78p 247999s,,,,,,,,,,,
20260409121212_0402_000,20260409121212_0402,20260409121212,41,0029,tokujou,特上卓,0402,1,キャキャオ,120,4z,tedashi,1775704988,,,3,981.337,"[52,43,80,112,21,18,2,8,41,105,44,106,22]","[48,120,130,3,19,59,7,97,34,100,133,87,125,94]","[107,111,30,76,71,128,134,74,58,103,15,38,1]","[45,129,123,4,90,47,108,93,91,98,122,53,81]",13566m 223r5p 399s 2z,1259m 46p 4678s 4567z,148m 169p 1289s 167z,2m 335p 35567s 1446z,4,4,6,,0,,,,,,
20260409121212_0402_001,20260409121212_0402,20260409121212,41,0029,tokujou,特上卓,0402,2,田口,111,1z,tedashi,1775704992,3481.63,,0,,"[52,43,80,112,21,18,2,8,41,105,44,106,22]","[48,130,3,19,59,7,97,34,100,133,87,125,94]","[107,111,30,76,71,128,134,74,58,103,15,38,1,89]","[45,129,123,4,90,47,108,93,91,98,122,53,81]",13566m 223r5p 399s 2z,1259m 46p 4678s 567z,148m 169p 12589s 167z,2m 335p 35567s 1446z,5,6,6,,0,,,,,,
20260409121212_0402_002,20260409121212_0402,20260409121212,41,0029,tokujou,特上卓,0402,3,ff2,108,1z,tedashi,1775704995,2549.048,,0,,"[52,43,80,112,21,18,2,8,41,105,44,106,22]","[48,130,3,19,59,7,97,34,100,133,87,125,94]","[107,30,76,71,128,134,74,58,103,15,38,1,89]","[45,129,123,4,90,47,108,93,91,98,122,53,81,28]",13566m 223r5p 399s 2z,1259m 46p 4678s 567z,148m 169p 12589s 67z,28m 335p 35567s 1446z,3,3,3,,0,,,,,,
20260409121212_0402_003,20260409121212_0402,20260409121212,41,0029,tokujou,特上卓,0402,0,s6u,109,1z,tsumogiri,1775704998,2577.496,,0,,"[52,43,80,112,21,18,2,8,41,105,44,106,22,109]","[48,130,3,19,59,7,97,34,100,133,87,125,94]","[107,30,76,71,128,134,74,58,103,15,38,1,89]","[45,129,123,4,90,47,93,91,98,122,53,81,28]",13566m 223r5p 399s 12z,1259m 46p 4678s 567z,148m 169p 12589s 67z,28m 335p 35567s 446z,3,3,3,,0,,,,,,
20260409121212_0402_004,20260409121212_0402,20260409121212,41,0029,tokujou,特上卓,0402,1,キャキャオ,34,9m,tedashi,1775704999,1720.707,,0,,"[52,43,80,112,21,18,2,8,41,105,44,106,22]","[48,130,3,19,59,7,97,34,100,133,87,125,94,46]","[107,30,76,71,128,134,74,58,103,15,38,1,89]","[45,129,123,4,90,47,93,91,98,122,53,81,28]",13566m 223r5p 399s 2z,1259m 346p 4678s 567z,148m 169p 12589s 67z,28m 335p 35567s 446z,4,4,6,,0,,,,,,
20260409121212_0402_005,20260409121212_0402,20260409121212,41,0029,tokujou,特上卓,0402,2,田口,116,3z,risekichu_hokan_tsumogiri,1775705001,2165.884,,0,,"[52,43,80,112,21,18,2,8,41,105,44,106,22]","[48,130,3,19,59,7,97,100,133,87,125,94,46]","[107,30,76,71,128,134,74,58,103,15,38,1,89,116]","[45,129,123,4,90,47,93,91,98,122,53,81,28]",13566m 223r5p 399s 2z,125m 346p 4678s 567z,148m 169p 12589s 367z,28m 335p 35567s 446z,5,6,6,,0,,,,,,
20260409121212_0402_006,20260409121212_0402,20260409121212,41,0029,tokujou,特上卓,0402,3,ff2,113,2z,risekichu_hokan_tsumogiri,1775705005,4008.232,,0,,"[52,43,80,112,21,18,2,8,41,105,44,106,22]","[48,130,3,19,59,7,97,100,133,87,125,94,46]","[107,30,76,71,128,134,74,58,103,15,38,1,89]","[45,129,123,4,90,47,93,91,98,122,53,81,28,113]",13566m 223r5p 399s 2z,125m 346p 4678s 567z,148m 169p 12589s 67z,28m 335p 35567s 2446z,3,3,3,,0,,,,,,
20260409121212_0402_007,20260409121212_0402,20260409121212,41,0029,tokujou,特上卓,0402,0,s6u,112,2z,tedashi,1775705011,5245.227,,0,,"[52,43,80,112,21,18,2,8,41,105,44,106,22,64]","[48,130,3,19,59,7,97,100,133,87,125,94,46]","[107,30,76,71,128,134,74,58,103,15,38,1,89]","[45,129,123,4,90,47,93,91,98,122,53,81,28]",13566m 223r58p 399s 2z,125m 346p 4678s 567z,148m 169p 12589s 67z,28m 335p 35567s 446z,3,3,3,,0,,,,,,
20260409121212_0402_008,20260409121212_0402,20260409121212,41,0029,tokujou,特上卓,0402,1,キャキャオ,130,6z,tedashi,1775705014,2861.619,,0,,"[52,43,80,21,18,2,8,41,105,44,106,22,64]","[48,130,3,19,59,7,97,100,133,87,125,94,46,99]","[107,30,76,71,128,134,74,58,103,15,38,1,89]","[45,129,123,4,90,47,93,91,98,122,53,81,28]",13566m 223r58p 399s,125m 346p 46778s 567z,148m 169p 12589s 67z,28m 335p 35567s 446z,4,4,5,,0,,,,,,
20260409121212_0402_009,20260409121212_0402,20260409121212,41,0029,tokujou,特上卓,0402,2,田口,71,9p,tedashi,1775705016,2275.725,,0,,"[52,43,80,21,18,2,8,41,105,44,106,22,64]","[48,3,19,59,7,97,100,133,87,125,94,46,99]","[107,30,76,71,128,134,74,58,103,15,38,1,89,12]","[45,129,123,4,90,47,93,91,98,122,53,81,28]",13566m 223r58p 399s,125m 346p 46778s 57z,1448m 169p 12589s 67z,28m 335p 35567s 446z,5,5,5,,0,,,,,,
20260409121212_0402_010,20260409121212_0402,20260409121212,41,0029,tokujou,特上卓,0402,3,ff2,129,6z,tedashi,1775705017,1549.107,,0,,"[52,43,80,21,18,2,8,41,105,44,106,22,64]","[48,3,19,59,7,97,100,133,87,125,94,46,99]","[107,30,76,128,134,74,58,103,15,38,1,89,12]","[45,129,123,4,90,47,93,91,98,122,53,81,28,31]",13566m 223r58p 399s,125m 346p 46778s 57z,1448m 16p 12589s 67z,288m 335p 35567s 446z,2,2,2,,0,,,,,,
20260409121212_0402_011,20260409121212_0402,20260409121212,41,0029,tokujou,特上卓,0402,0,s6u,114,2z,tsumogiri,1775705021,4085.23,,0,,"[52,43,80,21,18,2,8,41,105,44,106,22,64,114]","[48,3,19,59,7,97,100,133,87,125,94,46,99]","[107,30,76,128,134,74,58,103,15,38,1,89,12]","[45,123,4,90,47,93,91,98,122,53,81,28,31]",13566m 223r58p 399s 2z,125m 346p 46778s 57z,1448m 16p 12589s 67z,288m 335p 35567s 44z,3,3,3,,0,,,,,,
20260409121212_0402_012,20260409121212_0402,20260409121212,41,0029,tokujou,特上卓,0402,1,キャキャオ,125,5z,tedashi,1775705024,2596.302,,0,,"[52,43,80,21,18,2,8,41,105,44,106,22,64]","[48,3,19,59,7,97,100,133,87,125,94,46,99,92]","[107,30,76,128,134,74,58,103,15,38,1,89,12]","[45,123,4,90,47,93,91,98,122,53,81,28,31]",13566m 223r58p 399s,125m 346p 466778s 57z,1448m 16p 12589s 67z,288m 335p 35567s 44z,3,3,4,,0,,,,,,
20260409121212_0402_013,20260409121212_0402,20260409121212,41,0029,tokujou,特上卓,0402,2,田口,1,1m,tedashi,1775705026,2088.931,,0,,"[52,43,80,21,18,2,8,41,105,44,106,22,64]","[48,3,19,59,7,97,100,133,87,94,46,99,92]","[107,30,76,128,134,74,58,103,15,38,1,89,12,65]","[45,123,4,90,47,93,91,98,122,53,81,28,31]",13566m 223r58p 399s,125m 346p 466778s 7z,1448m 168p 12589s 67z,288m 335p 35567s 44z,4,4,5,,0,,,,,,
20260409121212_0402_014,20260409121212_0402,20260409121212,41,0029,tokujou,特上卓,0402,3,ff2,4,2m,tedashi,1775705028,1960.934,,3,2200.795,"[52,43,80,21,18,2,8,41,105,44,106,22,64]","[48,3,19,59,7,97,100,133,87,94,46,99,92]","[107,30,76,128,134,74,58,103,15,38,89,12,65]","[45,123,4,90,47,93,91,98,122,53,81,28,31,62]",13566m 223r58p 399s,125m 346p 466778s 7z,448m 168p 12589s 67z,288m 3357p 35567s 44z,2,2,2,,0,,,,,,
20260409121212_0402_015,20260409121212_0402,20260409121212,41,0029,tokujou,特上卓,0402,0,s6u,64,8p,tedashi,1775705033,2322.43,,0,,"[52,43,80,21,18,2,8,41,105,44,106,22,64,24]","[48,3,19,59,7,97,100,133,87,94,46,99,92]","[107,30,76,128,134,74,58,103,15,38,89,12,65]","[45,123,90,47,93,91,98,122,53,81,28,31,62]",135667m 223r58p 399s,125m 346p 466778s 7z,448m 168p 12589s 67z,88m 3357p 35567s 44z,2,2,3,,0,,,,,,
20260409121212_0402_016,20260409121212_0402,20260409121212,41,0029,tokujou,特上卓,0402,1,キャキャオ,133,7z,tedashi,1775705035,2542.2,,0,,"[52,43,80,21,18,2,8,41,105,44,106,22,24]","[48,3,19,59,7,97,100,133,87,94,46,99,92,79]","[107,30,76,128,134,74,58,103,15,38,89,12,65]","[45,123,90,47,93,91,98,122,53,81,28,31,62]",135667m 223r5p 399s,125m 346p 2466778s 7z,448m 168p 12589s 67z,88m 3357p 35567s 44z,3,3,4,,0,,,,,,
20260409121212_0402_017,20260409121212_0402,20260409121212,41,0029,tokujou,特上卓,0402,2,田口,38,1p,tedashi,1775705037,2133.48,,0,,"[52,43,80,21,18,2,8,41,105,44,106,22,24]","[48,3,19,59,7,97,100,87,94,46,99,92,79]","[107,30,76,128,134,74,58,103,15,38,89,12,65,17]","[45,123,90,47,93,91,98,122,53,81,28,31,62]",135667m 223r5p 399s,125m 346p 2466778s,4458m 168p 12589s 67z,88m 3357p 35567s 44z,4,4,5,,0,,,,,,
20260409121212_0402_018,20260409121212_0402,20260409121212,41,0029,tokujou,特上卓,0402,3,ff2,5,2m,risekichu_hokan_tsumogiri,1775705039,1492.874,,3,2812.504,"[52,43,80,21,18,2,8,41,105,44,106,22,24]","[48,3,19,59,7,97,100,87,94,46,99,92,79]","[107,30,76,128,134,74,58,103,15,89,12,65,17]","[45,123,90,47,93,91,98,122,53,81,28,31,62,5]",135667m 223r5p 399s,125m 346p 2466778s,4458m 68p 12589s 67z,288m 3357p 35567s 44z,2,2,2,,0,,,,,,
20260409121212_0402_019,20260409121212_0402,20260409121212,41,0029,tokujou,特上卓,0402,0,s6u,80,3s,tedashi,1775705049,7638.319,,2,2560.04,"[52,43,80,21,18,2,8,41,105,44,106,22,24,104]","[48,3,19,59,7,97,100,87,94,46,99,92,79]","[107,30,76,128,134,74,58,103,15,89,12,65,17]","[45,123,90,47,93,91,98,122,53,81,28,31,62]",135667m 223r5p 3999s,125m 346p 2466778s,4458m 68p 12589s 67z,88m 3357p 35567s 44z,1,1,3,,0,,,,,,
20260409121212_0402_020,20260409121212_0402,20260409121212,41,0029,tokujou,特上卓,0402,1,キャキャオ,7,2m,tedashi,1775705053,1365.83,,0,,"[52,43,21,18,2,8,41,105,44,106,22,24,104]","[48,3,19,59,7,97,100,94,46,99,92]","[107,30,76,128,134,74,58,103,15,89,12,65,17]","[45,123,90,47,93,91,98,122,53,81,28,31,62]",135667m 223r5p 999s,125m 346p 66778s,4458m 68p 12589s 67z,88m 3357p 35567s 44z,2,2,,,0,,,,,,
20260409121212_0402_021,20260409121212_0402,20260409121212,41,0029,tokujou,特上卓,0402,2,田口,42,2p,risekichu_hokan_tsumogiri,1775705055,1820.616,,3,3424.957,"[52,43,21,18,2,8,41,105,44,106,22,24,104]","[48,3,19,59,97,100,94,46,99,92]","[107,30,76,128,134,74,58,103,15,89,12,65,17,42]","[45,123,90,47,93,91,98,122,53,81,28,31,62]",135667m 223r5p 999s,15m 346p 66778s,4458m 268p 12589s 67z,88m 3357p 35567s 44z,4,4,5,,0,,,,,,
20260409121212_0402_022,20260409121212_0402,20260409121212,41,0029,tokujou,特上卓,0402,3,ff2,81,3s,tedashi,1775705065,6439.475,,0,,"[52,43,21,18,2,8,41,105,44,106,22,24,104]","[48,3,19,59,97,100,94,46,99,92]","[107,30,76,128,134,74,58,103,15,89,12,65,17]","[45,123,90,47,93,91,98,122,53,81,28,31,62,96]",135667m 223r5p 999s,15m 346p 66778s,4458m 68p 12589s 67z,88m 3357p 355677s 44z,1,2,1,,0,,,,,,
20260409121212_0402_023,20260409121212_0402,20260409121212,41,0029,tokujou,特上卓,0402,0,s6u,22,6m,tedashi,1775705071,6421.89,,0,,"[52,43,21,18,2,8,41,105,44,106,22,24,104,57]","[48,3,19,59,97,100,94,46,99,92]","[107,30,76,128,134,74,58,103,15,89,12,65,17]","[45,123,90,47,93,91,98,122,53,28,31,62,96]",135667m 223r56p 999s,15m 346p 66778s,4458m 68p 12589s 67z,88m 3357p 55677s 44z,1,1,3,,0,,,,,,
20260409121212_0402_024,20260409121212_0402,20260409121212,41,0029,tokujou,特上卓,0402,1,キャキャオ,19,5m,tedashi,1775705075,4257.584,,0,,"[52,43,21,18,2,8,41,105,44,106,24,104,57]","[48,3,19,59,97,100,94,46,99,92,56]","[107,30,76,128,134,74,58,103,15,89,12,65,17]","[45,123,90,47,93,91,98,122,53,28,31,62,96]",13567m 223r56p 999s,15m 3466p 66778s,4458m 68p 12589s 67z,88m 3357p 55677s 44z,1,1,,,0,,,,,,
20260409121212_0402_025,20260409121212_0402,20260409121212,41,0029,tokujou,特上卓,0402,2,田口,30,8m,tedashi,1775705078,2966.699,,3,1345.584,"[52,43,21,18,2,8,41,105,44,106,24,104,57]","[48,3,59,97,100,94,46,99,92,56]","[107,30,76,128,134,74,58,103,15,89,12,65,17,39]","[45,123,90,47,93,91,98,122,53,28,31,62,96]",13567m 223r56p 999s,1m 3466p 66778s,4458m 168p 12589s 67z,88m 3357p 55677s 44z,4,4,5,,0,,,,,,
20260409121212_0402_026,20260409121212_0402,20260409121212,41,0029,tokujou,特上卓,0402,3,ff2,70,9p,risekichu_hokan_tsumogiri,1775705081,1587.519,,0,,"[52,43,21,18,2,8,41,105,44,106,24,104,57]","[48,3,59,97,100,94,46,99,92,56]","[107,76,128,134,74,58,103,15,89,12,65,17,39]","[45,123,90,47,93,91,98,122,53,28,31,62,96,70]",13567m 223r56p 999s,1m 3466p 66778s,445m 168p 12589s 67z,88m 33579p 55677s 44z,1,2,1,,0,,,,,,
20260409121212_0402_027,20260409121212_0402,20260409121212,41,0029,tokujou,特上卓,0402,0,s6u,2,1m,tedashi,1775705088,6105.652,,0,,"[52,43,21,18,2,8,41,105,44,106,24,104,57,51]","[48,3,59,97,100,94,46,99,92,56]","[107,76,128,134,74,58,103,15,89,12,65,17,39]","[45,123,90,47,93,91,98,122,53,28,31,62,96]",13567m 2234r56p 999s,1m 3466p 66778s,445m 168p 12589s 67z,88m 3357p 55677s 44z,0,0,4,,0,,,,,,
20260409121212_0402_028,20260409121212_0402,20260409121212,41,0029,tokujou,特上卓,0402,1,キャキャオ,69,9p,risekichu_hokan_tsumogiri,1775705091,3639.312,,0,,"[52,43,21,18,8,41,105,44,106,24,104,57,51]","[48,3,59,97,100,94,46,99,92,56,69]","[107,76,128,134,74,58,103,15,89,12,65,17,39]","[45,123,90,47,93,91,98,122,53,28,31,62,96]",3567m 2234r56p 999s,1m 34669p 66778s,445m 168p 12589s 67z,88m 3357p 55677s 44z,1,1,,,0,,,,,,
20260409121212_0402_029,20260409121212_0402,20260409121212,41,0029,tokujou,特上卓,0402,2,田口,39,1p,tedashi,1775705094,2632.033,,0,,"[52,43,21,18,8,41,105,44,106,24,104,57,51]","[48,3,59,97,100,94,46,99,92,56]","[107,76,128,134,74,58,103,15,89,12,65,17,39,0]","[45,123,90,47,93,91,98,122,53,28,31,62,96]",3567m 2234r56p 999s,1m 3466p 66778s,1445m 168p 12589s 67z,88m 3357p 55677s 44z,4,4,5,,0,,,,,,
20260409121212_0402_030,20260409121212_0402,20260409121212,41,0029,tokujou,特上卓,0402,3,ff2,33,9m,risekichu_hokan_tsumogiri,1775705097,2899.253,,0,,"[52,43,21,18,8,41,105,44,106,24,104,57,51]","[48,3,59,97,100,94,46,99,92,56]","[107,76,128,134,74,58,103,15,89,12,65,17,0]","[45,123,90,47,93,91,98,122,53,28,31,62,96,33]",3567m 2234r56p 999s,1m 3466p 66778s,1445m 68p 12589s 67z,889m 3357p 55677s 44z,1,2,1,,0,,,,,,
20260409121212_0402_031,20260409121212_0402,20260409121212,41,0029,tokujou,特上卓,0402,0,s6u,57,6p,tedashi,1775705110,7338.572,6321.983,3,1355.665,"[52,43,21,18,8,41,105,44,106,24,104,57,51,29]","[48,3,59,97,100,94,46,99,92,56]","[107,76,128,134,74,58,103,15,89,12,65,17,0]","[45,123,90,47,93,91,98,122,53,28,31,62,96]",35678m 2234r56p 999s,1m 3466p 66778s,1445m 68p 12589s 67z,88m 3357p 55677s 44z,0,0,4,4m,0,,,,,,
20260409121212_0402_032,20260409121212_0402,20260409121212,41,0029,tokujou,特上卓,0402,1,キャキャオ,3,1m,tedashi,1775705114,2799.82,,0,,"[52,43,21,18,8,41,105,44,106,24,104,51,29]","[48,3,59,97,100,94,46,99,92,56,132]","[107,76,128,134,74,58,103,15,89,12,65,17,0]","[45,123,90,47,93,91,98,122,53,28,31,62,96]",35678m 2234r5p 999s,1m 3466p 66778s 7z,1445m 68p 12589s 67z,88m 3357p 55677s 44z,1,1,,,0,,,,,,
20260409121212_0402_033,20260409121212_0402,20260409121212,41,0029,tokujou,特上卓,0402,2,田口,58,6p,tedashi,1775705117,2224.762,,3,1188.259,"[52,43,21,18,8,41,105,44,106,24,104,51,29]","[48,59,97,100,94,46,99,92,56,132]","[107,76,128,134,74,58,103,15,89,12,65,17,0,6]","[45,123,90,47,93,91,98,122,53,28,31,62,96]",35678m 2234r5p 999s,3466p 66778s 7z,12445m 68p 12589s 67z,88m 3357p 55677s 44z,3,3,5,,0,,,,,,
20260409121212_0402_034,20260409121212_0402,20260409121212,41,0029,tokujou,特上卓,0402,3,ff2,123,4z,tedashi,1775705120,2193.508,,0,,"[52,43,21,18,8,41,105,44,106,24,104,51,29]","[48,59,97,100,94,46,99,92,56,132]","[107,76,128,134,74,103,15,89,12,65,17,0,6]","[45,123,90,47,93,91,98,122,53,28,31,62,96,49]",35678m 2234r5p 999s,3466p 66778s 7z,12445m 8p 12589s 67z,88m 33457p 55677s 44z,1,1,1,,0,,,,,,
20260409121212_0402_035,20260409121212_0402,20260409121212,41,0029,tokujou,特上卓,0402,0,s6u,77,2s,tsumogiri,1775705121,683.268,,0,,"[52,43,21,18,8,41,105,44,106,24,104,51,29,77]","[48,59,97,100,94,46,99,92,56,132]","[107,76,128,134,74,103,15,89,12,65,17,0,6]","[45,90,47,93,91,98,122,53,28,31,62,96,49]",35678m 2234r5p 2999s,3466p 66778s 7z,12445m 8p 12589s 67z,88m 33457p 55677s 4z,0,0,4,4m,0,,,,,,
20260409121212_0402_036,20260409121212_0402,20260409121212,41,0029,tokujou,特上卓,0402,1,キャキャオ,132,7z,tedashi,1775705123,2607.116,,0,,"[52,43,21,18,8,41,105,44,106,24,104,51,29]","[48,59,97,100,94,46,99,92,56,132,84]","[107,76,128,134,74,103,15,89,12,65,17,0,6]","[45,90,47,93,91,98,122,53,28,31,62,96,49]",35678m 2234r5p 999s,3466p 466778s 7z,12445m 8p 12589s 67z,88m 33457p 55677s 4z,1,1,,,0,,,,,,
20260409121212_0402_037,20260409121212_0402,20260409121212,41,0029,tokujou,特上卓,0402,2,田口,0,1m,tedashi,1775705130,7008.734,,0,,"[52,43,21,18,8,41,105,44,106,24,104,51,29]","[48,59,97,100,94,46,99,92,56,84]","[107,76,128,134,74,103,15,89,12,65,17,0,6,115]","[45,90,47,93,91,98,122,53,28,31,62,96,49]",35678m 2234r5p 999s,3466p 466778s,12445m 8p 12589s 267z,88m 33457p 55677s 4z,4,4,5,,0,,,,,,
20260409121212_0402_038,20260409121212_0402,20260409121212,41,0029,tokujou,特上卓,0402,3,ff2,122,4z,tedashi,1775705132,1672.746,,0,,"[52,43,21,18,8,41,105,44,106,24,104,51,29]","[48,59,97,100,94,46,99,92,56,84]","[107,76,128,134,74,103,15,89,12,65,17,6,115]","[45,90,47,93,91,98,122,53,28,31,62,96,49,32]",35678m 2234r5p 999s,3466p 466778s,2445m 8p 12589s 267z,889m 33457p 55677s 4z,2,2,2,,0,,,,,,
20260409121212_0402_039,20260409121212_0402,20260409121212,41,0029,tokujou,特上卓,0402,0,s6u,127,5z,tsumogiri,1775705133,695.82,,0,,"[52,43,21,18,8,41,105,44,106,24,104,51,29,127]","[48,59,97,100,94,46,99,92,56,84]","[107,76,128,134,74,103,15,89,12,65,17,6,115]","[45,90,47,93,91,98,53,28,31,62,96,49,32]",35678m 2234r5p 999s 5z,3466p 466778s,2445m 8p 12589s 267z,889m 33457p 55677s,0,0,4,4m,0,,,,,,
20260409121212_0402_040,20260409121212_0402,20260409121212,41,0029,tokujou,特上卓,0402,1,キャキャオ,84,4s,tedashi,1775705136,3252.254,,0,,"[52,43,21,18,8,41,105,44,106,24,104,51,29]","[48,59,97,100,94,46,99,92,56,84,55]","[107,76,128,134,74,103,15,89,12,65,17,6,115]","[45,90,47,93,91,98,53,28,31,62,96,49,32]",35678m 2234r5p 999s,34566p 466778s,2445m 8p 12589s 267z,889m 33457p 55677s,0,0,,58s,0,,,,,,
20260409121212_0402_041,20260409121212_0402,20260409121212,41,0029,tokujou,特上卓,0402,2,田口,121,4z,risekichu_hokan_tsumogiri,1775705141,5298.847,,0,,"[52,43,21,18,8,41,105,44,106,24,104,51,29]","[48,59,97,100,94,46,99,92,56,55]","[107,76,128,134,74,103,15,89,12,65,17,6,115,121]","[45,90,47,93,91,98,53,28,31,62,96,49,32]",35678m 2234r5p 999s,34566p 66778s,2445m 8p 12589s 2467z,889m 33457p 55677s,4,4,5,,0,,,,,,
20260409121212_0402_042,20260409121212_0402,20260409121212,41,0029,tokujou,特上卓,0402,3,ff2,32,9m,tedashi,1775705144,2274.58,,0,,"[52,43,21,18,8,41,105,44,106,24,104,51,29]","[48,59,97,100,94,46,99,92,56,55]","[107,76,128,134,74,103,15,89,12,65,17,6,115]","[45,90,47,93,91,98,53,28,31,62,96,49,32,13]",35678m 2234r5p 999s,34566p 66778s,2445m 8p 12589s 267z,4889m 33457p 55677s,2,2,2,,0,,,,,,
20260409121212_0402_043,20260409121212_0402,20260409121212,41,0029,tokujou,特上卓,0402,0,s6u,124,5z,tsumogiri,1775705144,691.442,,0,,"[52,43,21,18,8,41,105,44,106,24,104,51,29,124]","[48,59,97,100,94,46,99,92,56,55]","[107,76,128,134,74,103,15,89,12,65,17,6,115]","[45,90,47,93,91,98,53,28,31,62,96,49,13]",35678m 2234r5p 999s 5z,34566p 66778s,2445m 8p 12589s 267z,488m 33457p 55677s,0,0,4,4m,0,,,,,,
20260409121212_0402_044,20260409121212_0402,20260409121212,41,0029,tokujou,特上卓,0402,1,キャキャオ,83,3s,risekichu_hokan_tsumogiri,1775705147,2753.371,,3,1360.457,"[52,43,21,18,8,41,105,44,106,24,104,51,29]","[48,59,97,100,94,46,99,92,56,55,83]","[107,76,128,134,74,103,15,89,12,65,17,6,115]","[45,90,47,93,91,98,53,28,31,62,96,49,13]",35678m 2234r5p 999s,34566p 366778s,2445m 8p 12589s 267z,488m 33457p 55677s,0,0,,58s,0,,,,,,
20260409121212_0402_045,20260409121212_0402,20260409121212,41,0029,tokujou,特上卓,0402,2,田口,115,2z,tedashi,1775705150,1190.529,,0,,"[52,43,21,18,8,41,105,44,106,24,104,51,29]","[48,59,97,100,94,46,99,92,56,55]","[107,76,128,134,74,103,15,89,12,65,17,6,115,82]","[45,90,47,93,91,98,53,28,31,62,96,49,13]",35678m 2234r5p 999s,34566p 66778s,2445m 8p 123589s 267z,488m 33457p 55677s,3,3,5,,0,,,,,,
20260409121212_0402_046,20260409121212_0402,20260409121212,41,0029,tokujou,特上卓,0402,3,ff2,73,1s,risekichu_hokan_tsumogiri,1775705152,2874.563,,0,,"[52,43,21,18,8,41,105,44,106,24,104,51,29]","[48,59,97,100,94,46,99,92,56,55]","[107,76,128,134,74,103,15,89,12,65,17,6,82]","[45,90,47,93,91,98,53,28,31,62,96,49,13,73]",35678m 2234r5p 999s,34566p 66778s,2445m 8p 123589s 67z,488m 33457p 155677s,2,2,2,,0,,,,,,
20260409121212_0402_047,20260409121212_0402,20260409121212,41,0029,tokujou,特上卓,0402,0,s6u,27,7m,tsumogiri,1775705153,686.739,,0,,"[52,43,21,18,8,41,105,44,106,24,104,51,29,27]","[48,59,97,100,94,46,99,92,56,55]","[107,76,128,134,74,103,15,89,12,65,17,6,82]","[45,90,47,93,91,98,53,28,31,62,96,49,13]",356778m 2234r5p 999s,34566p 66778s,2445m 8p 123589s 67z,488m 33457p 55677s,0,0,3,4m,0,,,,,,
20260409121212_0402_048,20260409121212_0402,20260409121212,41,0029,tokujou,特上卓,0402,1,キャキャオ,59,6p,tedashi,1775705158,4560.684,,0,,"[52,43,21,18,8,41,105,44,106,24,104,51,29]","[48,59,97,100,94,46,99,92,56,55,40]","[107,76,128,134,74,103,15,89,12,65,17,6,82]","[45,90,47,93,91,98,53,28,31,62,96,49,13]",35678m 2234r5p 999s,234566p 66778s,2445m 8p 123589s 67z,488m 33457p 55677s,0,0,,,0,,,,,,
20260409121212_0402_049,20260409121212_0402,20260409121212,41,0029,tokujou,特上卓,0402,2,田口,134,7z,tedashi,1775705160,2448.135,,0,,"[52,43,21,18,8,41,105,44,106,24,104,51,29]","[48,97,100,94,46,99,92,56,55,40]","[107,76,128,134,74,103,15,89,12,65,17,6,82,68]","[45,90,47,93,91,98,53,28,31,62,96,49,13]",35678m 2234r5p 999s,23456p 66778s,2445m 89p 123589s 67z,488m 33457p 55677s,3,3,5,,0,,,,,,
20260409121212_0402_050,20260409121212_0402,20260409121212,41,0029,tokujou,特上卓,0402,3,ff2,126,5z,risekichu_hokan_tsumogiri,1775705162,1860.816,,0,,"[52,43,21,18,8,41,105,44,106,24,104,51,29]","[48,97,100,94,46,99,92,56,55,40]","[107,76,128,74,103,15,89,12,65,17,6,82,68]","[45,90,47,93,91,98,53,28,31,62,96,49,13,126]",35678m 2234r5p 999s,23456p 66778s,2445m 89p 123589s 6z,488m 33457p 55677s 5z,2,2,2,,0,,,,,,
20260409121212_0402_051,20260409121212_0402,20260409121212,41,0029,tokujou,特上卓,0402,0,s6u,11,3m,tsumogiri,1775705163,692.267,,0,,"[52,43,21,18,8,41,105,44,106,24,104,51,29,11]","[48,97,100,94,46,99,92,56,55,40]","[107,76,128,74,103,15,89,12,65,17,6,82,68]","[45,90,47,93,91,98,53,28,31,62,96,49,13]",335678m 2234r5p 999s,23456p 66778s,2445m 89p 123589s 6z,488m 33457p 55677s,0,0,3,4m,0,,,,,,
20260409121212_0402_052,20260409121212_0402,20260409121212,41,0029,tokujou,特上卓,0402,1,キャキャオ,56,6p,tedashi,1775705165,2123.445,,0,,"[52,43,21,18,8,41,105,44,106,24,104,51,29]","[48,97,100,94,46,99,92,56,55,40,101]","[107,76,128,74,103,15,89,12,65,17,6,82,68]","[45,90,47,93,91,98,53,28,31,62,96,49,13]",35678m 2234r5p 999s,23456p 667788s,2445m 89p 123589s 6z,488m 33457p 55677s,0,0,,25p,0,,,,,,
20260409121212_0402_053,20260409121212_0402,20260409121212,41,0029,tokujou,特上卓,0402,2,田口,128,6z,tedashi,1775705167,2513.423,,0,,"[52,43,21,18,8,41,105,44,106,24,104,51,29]","[48,97,100,94,46,99,92,55,40,101]","[107,76,128,74,103,15,89,12,65,17,6,82,68,54]","[45,90,47,93,91,98,53,28,31,62,96,49,13]",35678m 2234r5p 999s,2345p 667788s,2445m 589p 123589s 6z,488m 33457p 55677s,3,3,5,,0,,,,,,
20260409121212_0402_054,20260409121212_0402,20260409121212,41,0029,tokujou,特上卓,0402,3,ff2,86,4s,risekichu_hokan_tsumogiri,1775705172,4803.351,,0,,"[52,43,21,18,8,41,105,44,106,24,104,51,29]","[48,97,100,94,46,99,92,55,40,101]","[107,76,74,103,15,89,12,65,17,6,82,68,54]","[45,90,47,93,91,98,53,28,31,62,96,49,13,86]",35678m 2234r5p 999s,2345p 667788s,2445m 589p 123589s,488m 33457p 455677s,2,2,2,,0,,,,,,
20260409121212_0402_055,20260409121212_0402,20260409121212,41,0029,tokujou,特上卓,0402,0,s6u,23,6m,tsumogiri,1775705173,691.197,,0,,"[52,43,21,18,8,41,105,44,106,24,104,51,29,23]","[48,97,100,94,46,99,92,55,40,101]","[107,76,74,103,15,89,12,65,17,6,82,68,54]","[45,90,47,93,91,98,53,28,31,62,96,49,13]",356678m 2234r5p 999s,2345p 667788s,2445m 589p 123589s,488m 33457p 55677s,0,0,3,4m,0,,,,,,
20260409121212_0402_056,20260409121212_0402,20260409121212,41,0029,tokujou,特上卓,0402,1,キャキャオ,61,7p,risekichu_hokan_tsumogiri,1775705175,2169.285,,3,1426.355,"[52,43,21,18,8,41,105,44,106,24,104,51,29]","[48,97,100,94,46,99,92,55,40,101,61]","[107,76,74,103,15,89,12,65,17,6,82,68,54]","[45,90,47,93,91,98,53,28,31,62,96,49,13]",35678m 2234r5p 999s,23457p 667788s,2445m 589p 123589s,488m 33457p 55677s,0,0,,25p,0,,,,,,
20260409121212_0402_057,20260409121212_0402,20260409121212,41,0029,tokujou,特上卓,0402,2,田口,65,8p,tedashi,1775705182,5270.432,,0,,"[52,43,21,18,8,41,105,44,106,24,104,51,29]","[48,97,100,94,46,99,92,55,40,101]","[107,76,74,103,15,89,12,65,17,6,82,68,54,117]","[45,90,47,93,91,98,53,28,31,62,96,49,13]",35678m 2234r5p 999s,2345p 667788s,2445m 589p 123589s 3z,488m 33457p 55677s,3,3,5,,0,,,,,,
20260409121212_0402_058,20260409121212_0402,20260409121212,41,0029,tokujou,特上卓,0402,3,ff2,62,7p,tedashi,1775705194,12374.006,,0,,"[52,43,21,18,8,41,105,44,106,24,104,51,29]","[48,97,100,94,46,99,92,55,40,101]","[107,76,74,103,15,89,12,17,6,82,68,54,117]","[45,90,47,93,91,98,53,28,31,62,96,49,13,14]",35678m 2234r5p 999s,2345p 667788s,2445m 59p 123589s 3z,4488m 33457p 55677s,1,1,1,,0,,,,,,
20260409121212_0402_059,20260409121212_0402,20260409121212,41,0029,tokujou,特上卓,0402,0,s6u,118,3z,tsumogiri,1775705195,691.844,,0,,"[52,43,21,18,8,41,105,44,106,24,104,51,29,118]","[48,97,100,94,46,99,92,55,40,101]","[107,76,74,103,15,89,12,17,6,82,68,54,117]","[45,90,47,93,91,98,53,28,31,96,49,13,14]",35678m 2234r5p 999s 3z,2345p 667788s,2445m 59p 123589s 3z,4488m 3345p 55677s,0,0,4,4m,0,,,,,,
20260409121212_0402_060,20260409121212_0402,20260409121212,41,0029,tokujou,特上卓,0402,1,キャキャオ,63,7p,risekichu_hokan_tsumogiri,1775705197,2017.348,,0,,"[52,43,21,18,8,41,105,44,106,24,104,51,29]","[48,97,100,94,46,99,92,55,40,101,63]","[107,76,74,103,15,89,12,17,6,82,68,54,117]","[45,90,47,93,91,98,53,28,31,96,49,13,14]",35678m 2234r5p 999s,23457p 667788s,2445m 59p 123589s 3z,4488m 3345p 55677s,0,0,,25p,0,,,,,,
20260409121212_0402_061,20260409121212_0402,20260409121212,41,0029,tokujou,特上卓,0402,2,田口,68,9p,tedashi,1775705199,2178.089,,0,,"[52,43,21,18,8,41,105,44,106,24,104,51,29]","[48,97,100,94,46,99,92,55,40,101]","[107,76,74,103,15,89,12,17,6,82,68,54,117,119]","[45,90,47,93,91,98,53,28,31,96,49,13,14]",35678m 2234r5p 999s,2345p 667788s,2445m 59p 123589s 33z,4488m 3345p 55677s,2,2,4,,0,,,,,,
20260409121212_0402_062,20260409121212_0402,20260409121212,41,0029,tokujou,特上卓,0402,3,ff2,66,8p,risekichu_hokan_tsumogiri,1775705201,1922.934,,0,,"[52,43,21,18,8,41,105,44,106,24,104,51,29]","[48,97,100,94,46,99,92,55,40,101]","[107,76,74,103,15,89,12,17,6,82,54,117,119]","[45,90,47,93,91,98,53,28,31,96,49,13,14,66]",35678m 2234r5p 999s,2345p 667788s,2445m 5p 123589s 33z,4488m 33458p 55677s,1,1,1,,0,,,,,,
20260409121212_0402_063,20260409121212_0402,20260409121212,41,0029,tokujou,特上卓,0402,0,s6u,10,3m,tsumogiri,1775705202,691.668,,0,,"[52,43,21,18,8,41,105,44,106,24,104,51,29,10]","[48,97,100,94,46,99,92,55,40,101]","[107,76,74,103,15,89,12,17,6,82,54,117,119]","[45,90,47,93,91,98,53,28,31,96,49,13,14]",335678m 2234r5p 999s,2345p 667788s,2445m 5p 123589s 33z,4488m 3345p 55677s,0,0,3,4m,0,,,,,,
20260409121212_0402_064,20260409121212_0402,20260409121212,41,0029,tokujou,特上卓,0402,1,キャキャオ,25,7m,risekichu_hokan_tsumogiri,1775705204,2047.483,,0,,"[52,43,21,18,8,41,105,44,106,24,104,51,29]","[48,97,100,94,46,99,92,55,40,101,25]","[107,76,74,103,15,89,12,17,6,82,54,117,119]","[45,90,47,93,91,98,53,28,31,96,49,13,14]",35678m 2234r5p 999s,7m 2345p 667788s,2445m 5p 123589s 33z,4488m 3345p 55677s,0,0,,25p,0,,,,,,
20260409121212_0402_065,20260409121212_0402,20260409121212,41,0029,tokujou,特上卓,0402,2,田口,119,3z,tedashi,1775705205,1637.065,,0,,"[52,43,21,18,8,41,105,44,106,24,104,51,29]","[48,97,100,94,46,99,92,55,40,101]","[107,76,74,103,15,89,12,17,6,82,54,117,119,9]","[45,90,47,93,91,98,53,28,31,96,49,13,14]",35678m 2234r5p 999s,2345p 667788s,23445m 5p 123589s 33z,4488m 3345p 55677s,1,1,4,,0,,,,,,
20260409121212_0402_066,20260409121212_0402,20260409121212,41,0029,tokujou,特上卓,0402,3,ff2,85,4s,risekichu_hokan_tsumogiri,1775705207,1924.614,,0,,"[52,43,21,18,8,41,105,44,106,24,104,51,29]","[48,97,100,94,46,99,92,55,40,101]","[107,76,74,103,15,89,12,17,6,82,54,117,9]","[45,90,47,93,91,98,53,28,31,96,49,13,14,85]",35678m 2234r5p 999s,2345p 667788s,23445m 5p 123589s 3z,4488m 3345p 455677s,1,1,1,,0,,,,,,
20260409121212_0402_067,20260409121212_0402,20260409121212,41,0029,tokujou,特上卓,0402,0,s6u,131,6z,tsumogiri,1775705208,682.961,,0,,"[52,43,21,18,8,41,105,44,106,24,104,51,29,131]","[48,97,100,94,46,99,92,55,40,101]","[107,76,74,103,15,89,12,17,6,82,54,117,9]","[45,90,47,93,91,98,53,28,31,96,49,13,14]",35678m 2234r5p 999s 6z,2345p 667788s,23445m 5p 123589s 3z,4488m 3345p 55677s,0,0,4,4m,0,,,,,,
20260409121212_0402_068,20260409121212_0402,20260409121212,41,0029,tokujou,特上卓,0402,1,キャキャオ,60,7p,risekichu_hokan_tsumogiri,1775705210,1967.462,,0,,"[52,43,21,18,8,41,105,44,106,24,104,51,29]","[48,97,100,94,46,99,92,55,40,101,60]","[107,76,74,103,15,89,12,17,6,82,54,117,9]","[45,90,47,93,91,98,53,28,31,96,49,13,14]",35678m 2234r5p 999s,23457p 667788s,23445m 5p 123589s 3z,4488m 3345p 55677s,0,0,,25p,0,,,,,,
20260409121212_0402_069,20260409121212_0402,20260409121212,41,0029,tokujou,特上卓,0402,2,田口,117,3z,tedashi,1775705212,1754.918,,0,,"[52,43,21,18,8,41,105,44,106,24,104,51,29]","[48,97,100,94,46,99,92,55,40,101]","[107,76,74,103,15,89,12,17,6,82,54,117,9,75]","[45,90,47,93,91,98,53,28,31,96,49,13,14]",35678m 2234r5p 999s,2345p 667788s,23445m 5p 1123589s 3z,4488m 3345p 55677s,2,2,4,,0,,,,,,
20260409121212_0402_070,20260409121212_0402,20260409121212,41,0029,tokujou,特上卓,0402,3,ff2,67,8p,risekichu_hokan_tsumogiri,1775705213,1513.228,,0,,"[52,43,21,18,8,41,105,44,106,24,104,51,29]","[48,97,100,94,46,99,92,55,40,101]","[107,76,74,103,15,89,12,17,6,82,54,9,75]","[45,90,47,93,91,98,53,28,31,96,49,13,14,67]",35678m 2234r5p 999s,2345p 667788s,23445m 5p 1123589s,4488m 33458p 55677s,1,1,1,,0,,,,,,
20260409121212_0403_000,20260409121212_0403,20260409121212,41,0029,tokujou,特上卓,0403,1,キャキャオ,127,5z,tedashi,1775705225,,,3,2204.718,"[85,124,61,126,21,35,125,31,110,3,36,14,65]","[93,72,130,74,127,63,57,129,33,30,101,71,66,45]","[15,22,8,46,6,97,24,114,4,58,83,128,81]","[56,60,54,0,122,43,10,47,37,40,2,121,17]",14689m 178p 4s 1555z,89m 36789p 1168s 566z,223467m 36p 337s 26z,1135m 1223567p 44z,2,2,4,,0,,,,,,
20260409121212_0403_001,20260409121212_0403,20260409121212,41,0029,tokujou,特上卓,0403,2,田口,128,6z,tedashi,1775705229,1589.889,,2,1360.963,"[85,124,61,126,21,35,125,31,110,3,36,14,65]","[93,72,130,74,63,57,129,33,30,101,71,66,45]","[15,22,8,46,6,97,24,114,4,58,83,128,81,59]","[56,60,54,0,122,43,10,47,37,40,2,121,17]",14689m 178p 4s 1555z,89m 36789p 1168s 66z,223467m 366p 337s 26z,1135m 1223567p 44z,3,3,3,,0,,,,,,
20260409121212_0403_002,20260409121212_0403,20260409121212,41,0029,tokujou,特上卓,0403,1,キャキャオ,45,3p,tedashi,1775705233,2351.105,,0,,"[85,124,61,126,21,35,125,31,110,3,36,14,65]","[93,72,74,63,57,33,30,101,71,66,45]","[15,22,8,46,6,97,24,114,4,58,83,81,59]","[56,60,54,0,122,43,10,47,37,40,2,121,17]",14689m 178p 4s 1555z,89m 36789p 1168s,223467m 366p 337s 2z,1135m 1223567p 44z,1,1,,,0,,,,,,
20260409121212_0403_003,20260409121212_0403,20260409121212,41,0029,tokujou,特上卓,0403,2,田口,132,7z,risekichu_hokan_tsumogiri,1775705235,1688.322,,0,,"[85,124,61,126,21,35,125,31,110,3,36,14,65]","[93,72,74,63,57,33,30,101,71,66]","[15,22,8,46,6,97,24,114,4,58,83,81,59,132]","[56,60,54,0,122,43,10,47,37,40,2,121,17]",14689m 178p 4s 1555z,89m 6789p 1168s,223467m 366p 337s 27z,1135m 1223567p 44z,3,3,3,,0,,,,,,
20260409121212_0403_004,20260409121212_0403,20260409121212,41,0029,tokujou,特上卓,0403,3,ff2,43,2p,tedashi,1775705238,3009.798,,0,,"[85,124,61,126,21,35,125,31,110,3,36,14,65]","[93,72,74,63,57,33,30,101,71,66]","[15,22,8,46,6,97,24,114,4,58,83,81,59]","[56,60,54,0,122,43,10,47,37,40,2,121,17,94]",14689m 178p 4s 1555z,89m 6789p 1168s,223467m 366p 337s 2z,1135m 1223567p 6s 44z,1,1,3,,0,,,,,,
20260409121212_0403_005,20260409121212_0403,20260409121212,41,0029,tokujou,特上卓,0403,0,s6u,36,1p,tedashi,1775705241,3449.201,,0,,"[85,124,61,126,21,35,125,31,110,3,36,14,65,13]","[93,72,74,63,57,33,30,101,71,66]","[15,22,8,46,6,97,24,114,4,58,83,81,59]","[56,60,54,0,122,10,47,37,40,2,121,17,94]",144689m 178p 4s 1555z,89m 6789p 1168s,223467m 366p 337s 2z,1135m 123567p 6s 44z,3,3,4,,0,,,,,,
20260409121212_0403_006,20260409121212_0403,20260409121212,41,0029,tokujou,特上卓,0403,1,キャキャオ,101,8s,tedashi,1775705245,3696.386,,0,,"[85,124,61,126,21,35,125,31,110,3,14,65,13]","[93,72,74,63,57,33,30,101,71,66,90]","[15,22,8,46,6,97,24,114,4,58,83,81,59]","[56,60,54,0,122,10,47,37,40,2,121,17,94]",144689m 78p 4s 1555z,89m 6789p 11568s,223467m 366p 337s 2z,1135m 123567p 6s 44z,1,1,,,0,,,,,,
20260409121212_0403_007,20260409121212_0403,20260409121212,41,0029,tokujou,特上卓,0403,2,田口,6,2m,tedashi,1775705249,3864.699,,3,1094.15,"[85,124,61,126,21,35,125,31,110,3,14,65,13]","[93,72,74,63,57,33,30,71,66,90]","[15,22,8,46,6,97,24,114,4,58,83,81,59,86]","[56,60,54,0,122,10,47,37,40,2,121,17,94]",144689m 78p 4s 1555z,89m 6789p 1156s,223467m 366p 3347s 2z,1135m 123567p 6s 44z,3,3,3,,0,,,,,,
20260409121212_0403_008,20260409121212_0403,20260409121212,41,0029,tokujou,特上卓,0403,3,ff2,122,4z,tedashi,1775705254,4080.148,,0,,"[85,124,61,126,21,35,125,31,110,3,14,65,13]","[93,72,74,63,57,33,30,71,66,90]","[15,22,8,46,97,24,114,4,58,83,81,59,86]","[56,60,54,0,122,10,47,37,40,2,121,17,94,53]",144689m 78p 4s 1555z,89m 6789p 1156s,23467m 366p 3347s 2z,1135m 1235567p 6s 44z,1,1,3,,0,,,,,,
20260409121212_0403_009,20260409121212_0403,20260409121212,41,0029,tokujou,特上卓,0403,0,s6u,110,1z,tedashi,1775705258,4453.112,,0,,"[85,124,61,126,21,35,125,31,110,3,14,65,13,44]","[93,72,74,63,57,33,30,71,66,90]","[15,22,8,46,97,24,114,4,58,83,81,59,86]","[56,60,54,0,10,47,37,40,2,121,17,94,53]",144689m 378p 4s 1555z,89m 6789p 1156s,23467m 366p 3347s 2z,1135m 1235567p 6s 4z,3,3,4,,0,,,,,,
20260409121212_0403_010,20260409121212_0403,20260409121212,41,0029,tokujou,特上卓,0403,1,キャキャオ,71,9p,tedashi,1775705265,7213.344,,0,,"[85,124,61,126,21,35,125,31,3,14,65,13,44]","[93,72,74,63,57,33,30,71,66,90,98]","[15,22,8,46,97,24,114,4,58,83,81,59,86]","[56,60,54,0,10,47,37,40,2,121,17,94,53]",144689m 378p 4s 555z,89m 6789p 11567s,23467m 366p 3347s 2z,1135m 1235567p 6s 4z,0,0,,7m,0,,,,,,
20260409121212_0403_011,20260409121212_0403,20260409121212,41,0029,tokujou,特上卓,0403,2,田口,114,2z,tedashi,1775705268,2299.249,,0,,"[85,124,61,126,21,35,125,31,3,14,65,13,44]","[93,72,74,63,57,33,30,66,90,98]","[15,22,8,46,97,24,114,4,58,83,81,59,86,76]","[56,60,54,0,10,47,37,40,2,121,17,94,53]",144689m 378p 4s 555z,89m 678p 11567s,23467m 366p 23347s 2z,1135m 1235567p 6s 4z,2,2,4,,0,,,,,,
20260409121212_0403_012,20260409121212_0403,20260409121212,41,0029,tokujou,特上卓,0403,3,ff2,121,4z,tedashi,1775705270,1804.835,,0,,"[85,124,61,126,21,35,125,31,3,14,65,13,44]","[93,72,74,63,57,33,30,66,90,98]","[15,22,8,46,97,24,4,58,83,81,59,86,76]","[56,60,54,0,10,47,37,40,2,121,17,94,53,5]",144689m 378p 4s 555z,89m 678p 11567s,23467m 366p 23347s,11235m 1235567p 6s 4z,2,2,4,,0,,,,,,
20260409121212_0403_013,20260409121212_0403,20260409121212,41,0029,tokujou,特上卓,0403,0,s6u,118,3z,tsumogiri,1775705272,2177.764,,0,,"[85,124,61,126,21,35,125,31,3,14,65,13,44,118]","[93,72,74,63,57,33,30,66,90,98]","[15,22,8,46,97,24,4,58,83,81,59,86,76]","[56,60,54,0,10,47,37,40,2,17,94,53,5]",144689m 378p 4s 3555z,89m 678p 11567s,23467m 366p 23347s,11235m 1235567p 6s,3,3,4,,0,,,,,,
20260409121212_0403_014,20260409121212_0403,20260409121212,41,0029,tokujou,特上卓,0403,1,キャキャオ,33,9m,tedashi,1775705274,2203.557,,0,,"[85,124,61,126,21,35,125,31,3,14,65,13,44]","[93,72,74,63,57,33,30,66,90,98,23]","[15,22,8,46,97,24,4,58,83,81,59,86,76]","[56,60,54,0,10,47,37,40,2,17,94,53,5]",144689m 378p 4s 555z,689m 678p 11567s,23467m 366p 23347s,11235m 1235567p 6s,0,0,,7m,0,,,,,,
20260409121212_0403_015,20260409121212_0403,20260409121212,41,0029,tokujou,特上卓,0403,2,田口,83,3s,tedashi,1775705276,2334.072,,0,,"[85,124,61,126,21,35,125,31,3,14,65,13,44]","[93,72,74,63,57,30,66,90,98,23]","[15,22,8,46,97,24,4,58,83,81,59,86,76,103]","[56,60,54,0,10,47,37,40,2,17,94,53,5]",144689m 378p 4s 555z,68m 678p 11567s,23467m 366p 233478s,11235m 1235567p 6s,1,1,4,,0,,,,,,
20260409121212_0403_016,20260409121212_0403,20260409121212,41,0029,tokujou,特上卓,0403,3,ff2,94,6s,tedashi,1775705282,5289.12,,5,1915.405,"[85,124,61,126,21,35,125,31,3,14,65,13,44]","[93,72,74,63,57,30,66,90,98,23]","[15,22,8,46,97,24,4,58,81,59,86,76,103]","[56,60,54,0,10,47,37,40,2,17,94,53,5,25]",144689m 378p 4s 555z,68m 678p 11567s,23467m 366p 23478s,112357m 1235567p 6s,1,1,4,,0,,,,,,
20260409121212_0403_017,20260409121212_0403,20260409121212,41,0029,tokujou,特上卓,0403,0,s6u,3,1m,tedashi,1775705287,3533.355,,3,1426.257,"[85,124,61,126,21,35,125,31,3,14,65,13,44,67]","[93,72,74,63,57,30,66,90,98,23]","[15,22,8,46,97,24,4,58,81,59,86,76,103]","[56,60,54,0,10,47,37,40,2,17,53,5,25]",144689m 3788p 4s 555z,68m 678p 11567s,23467m 366p 23478s,112357m 1235567p,3,3,3,,0,,,,,,
20260409121212_0403_018,20260409121212_0403,20260409121212,41,0029,tokujou,特上卓,0403,1,キャキャオ,34,9m,risekichu_hokan_tsumogiri,1775705291,2107.522,,0,,"[85,124,61,126,21,35,125,31,14,65,13,44,67]","[93,72,74,63,57,30,66,90,98,23,34]","[15,22,8,46,97,24,4,58,81,59,86,76,103]","[56,60,54,0,10,47,37,40,2,17,53,5,25]",44689m 3788p 4s 555z,689m 678p 11567s,23467m 366p 23478s,112357m 1235567p,0,0,,7m,0,,,,,,
20260409121212_0403_019,20260409121212_0403,20260409121212,41,0029,tokujou,特上卓,0403,2,田口,97,7s,tedashi,1775705295,4418.662,,0,,"[85,124,61,126,21,35,125,31,14,65,13,44,67]","[93,72,74,63,57,30,66,90,98,23]","[15,22,8,46,97,24,4,58,81,59,86,76,103,50]","[56,60,54,0,10,47,37,40,2,17,53,5,25]",44689m 3788p 4s 555z,68m 678p 11567s,23467m 3466p 23478s,112357m 1235567p,1,1,5,,0,,,,,,
20260409121212_0403_020,20260409121212_0403,20260409121212,41,0029,tokujou,特上卓,0403,3,ff2,88,r5s,risekichu_hokan_tsumogiri,1775705297,2190.613,,0,,"[85,124,61,126,21,35,125,31,14,65,13,44,67]","[93,72,74,63,57,30,66,90,98,23]","[15,22,8,46,24,4,58,81,59,86,76,103,50]","[56,60,54,0,10,47,37,40,2,17,53,5,25,88]",44689m 3788p 4s 555z,68m 678p 11567s,23467m 3466p 2348s,112357m 1235567p r5s,1,1,4,,0,,,,,,
20260409121212_0403_021,20260409121212_0403,20260409121212,41,0029,tokujou,特上卓,0403,0,s6u,35,9m,tedashi,1775705300,2723.15,,0,,"[85,124,61,126,21,35,125,31,14,65,13,44,67,69]","[93,72,74,63,57,30,66,90,98,23]","[15,22,8,46,24,4,58,81,59,86,76,103,50]","[56,60,54,0,10,47,37,40,2,17,53,5,25]",44689m 37889p 4s 555z,68m 678p 11567s,23467m 3466p 2348s,112357m 1235567p,2,2,3,,0,,,,,,
20260409121212_0403_022,20260409121212_0403,20260409121212,41,0029,tokujou,特上卓,0403,1,キャキャオ,39,1p,risekichu_hokan_tsumogiri,1775705301,1512.322,,0,,"[85,124,61,126,21,125,31,14,65,13,44,67,69]","[93,72,74,63,57,30,66,90,98,23,39]","[15,22,8,46,24,4,58,81,59,86,76,103,50]","[56,60,54,0,10,47,37,40,2,17,53,5,25]",4468m 37889p 4s 555z,68m 1678p 11567s,23467m 3466p 2348s,112357m 1235567p,0,0,,7m,0,,,,,,
20260409121212_0403_023,20260409121212_0403,20260409121212,41,0029,tokujou,特上卓,0403,2,田口,80,3s,risekichu_hokan_tsumogiri,1775705304,2074.293,,0,,"[85,124,61,126,21,125,31,14,65,13,44,67,69]","[93,72,74,63,57,30,66,90,98,23]","[15,22,8,46,24,4,58,81,59,86,76,103,50,80]","[56,60,54,0,10,47,37,40,2,17,53,5,25]",4468m 37889p 4s 555z,68m 678p 11567s,23467m 3466p 23348s,112357m 1235567p,1,1,4,,0,,,,,,
20260409121212_0403_024,20260409121212_0403,20260409121212,41,0029,tokujou,特上卓,0403,3,ff2,54,5p,tedashi,1775705311,7659.822,,0,,"[85,124,61,126,21,125,31,14,65,13,44,67,69]","[93,72,74,63,57,30,66,90,98,23]","[15,22,8,46,24,4,58,81,59,86,76,103,50]","[56,60,54,0,10,47,37,40,2,17,53,5,25,9]",4468m 37889p 4s 555z,68m 678p 11567s,23467m 3466p 2348s,1123357m 1235567p,1,1,3,,0,,,,,,
20260409121212_0403_025,20260409121212_0403,20260409121212,41,0029,tokujou,特上卓,0403,0,s6u,67,8p,tedashi,1775705316,5085.566,,3,1291.315,"[85,124,61,126,21,125,31,14,65,13,44,67,69,51]","[93,72,74,63,57,30,66,90,98,23]","[15,22,8,46,24,4,58,81,59,86,76,103,50]","[56,60,0,10,47,37,40,2,17,53,5,25,9]",4468m 347889p 4s 555z,68m 678p 11567s,23467m 3466p 2348s,1123357m 123567p,1,1,3,,0,,,,,,
20260409121212_0403_026,20260409121212_0403,20260409121212,41,0029,tokujou,特上卓,0403,1,キャキャオ,107,9s,risekichu_hokan_tsumogiri,1775705319,1229.373,,0,,"[85,124,61,126,21,125,31,14,65,13,44,69,51]","[93,72,74,63,57,30,66,90,98,23,107]","[15,22,8,46,24,4,58,81,59,86,76,103,50]","[56,60,0,10,47,37,40,2,17,53,5,25,9]",4468m 34789p 4s 555z,68m 678p 115679s,23467m 3466p 2348s,1123357m 123567p,0,0,,7m,0,,,,,,
20260409121212_0403_027,20260409121212_0403,20260409121212,41,0029,tokujou,特上卓,0403,2,田口,103,8s,tedashi,1775705322,870.644,2363.717,0,,"[85,124,61,126,21,125,31,14,65,13,44,69,51]","[93,72,74,63,57,30,66,90,98,23]","[15,22,8,46,24,4,58,81,59,86,76,103,50,55]","[56,60,0,10,47,37,40,2,17,53,5,25,9]",4468m 34789p 4s 555z,68m 678p 11567s,23467m 34566p 2348s,1123357m 123567p,0,0,5,58m,0,,,,,,
20260409121212_0403_028,20260409121212_0403,20260409121212,41,0029,tokujou,特上卓,0403,3,ff2,5,2m,tedashi,1775705328,6068.913,,0,,"[85,124,61,126,21,125,31,14,65,13,44,69,51]","[93,72,74,63,57,30,66,90,98,23]","[15,22,8,46,24,4,58,81,59,86,76,50,55]","[56,60,0,10,47,37,40,2,17,53,5,25,9,48]",4468m 34789p 4s 555z,68m 678p 11567s,23467m 34566p 234s,1123357m 1234567p,1,1,4,,0,,,,,,
20260409121212_0403_029,20260409121212_0403,20260409121212,41,0029,tokujou,特上卓,0403,0,s6u,99,7s,tsumogiri,1775705330,2064.196,,3,1229.817,"[85,124,61,126,21,125,31,14,65,13,44,69,51,99]","[93,72,74,63,57,30,66,90,98,23]","[15,22,8,46,24,4,58,81,59,86,76,50,55]","[56,60,0,10,47,37,40,2,17,53,25,9,48]",4468m 34789p 47s 555z,68m 678p 11567s,23467m 34566p 234s,113357m 1234567p,1,1,4,,0,7s,1772pt,4s,1763pt,8m,1448pt
20260409121212_0403_030,20260409121212_0403,20260409121212,41,0029,tokujou,特上卓,0403,1,キャキャオ,74,1s,tedashi,1775705335,3783.044,,0,,"[85,124,61,126,21,125,31,14,65,13,44,69,51]","[93,72,74,63,57,30,66,90,98,23,32]","[15,22,8,46,24,4,58,81,59,86,76,50,55]","[56,60,0,10,47,37,40,2,17,53,25,9,48]",4468m 34789p 4s 555z,689m 678p 11567s,23467m 34566p 234s,113357m 1234567p,0,0,,,0,,,,,,
20260409121212_0403_031,20260409121212_0403,20260409121212,41,0029,tokujou,特上卓,0403,2,田口,68,9p,risekichu_hokan_tsumogiri,1775705336,1083.92,,0,,"[85,124,61,126,21,125,31,14,65,13,44,69,51]","[93,72,63,57,30,66,90,98,23,32]","[15,22,8,46,24,4,58,81,59,86,76,50,55,68]","[56,60,0,10,47,37,40,2,17,53,25,9,48]",4468m 34789p 4s 555z,689m 678p 1567s,23467m 345669p 234s,113357m 1234567p,0,0,5,58m,0,,,,,,
20260409121212_0403_032,20260409121212_0403,20260409121212,41,0029,tokujou,特上卓,0403,3,ff2,2,1m,tedashi,1775705339,2885.797,,0,,"[85,124,61,126,21,125,31,14,65,13,44,69,51]","[93,72,63,57,30,66,90,98,23,32]","[15,22,8,46,24,4,58,81,59,86,76,50,55]","[56,60,0,10,47,37,40,2,17,53,25,9,48,62]",4468m 34789p 4s 555z,689m 678p 1567s,23467m 34566p 234s,113357m 12345677p,1,1,3,,0,,,,,,
20260409121212_0403_033,20260409121212_0403,20260409121212,41,0029,tokujou,特上卓,0403,0,s6u,119,3z,tsumogiri,1775705348,8525.297,,0,,"[85,124,61,126,21,125,31,14,65,13,44,69,51,119]","[93,72,63,57,30,66,90,98,23,32]","[15,22,8,46,24,4,58,81,59,86,76,50,55]","[56,60,0,10,47,37,40,17,53,25,9,48,62]",4468m 34789p 4s 3555z,689m 678p 1567s,23467m 34566p 234s,13357m 12345677p,1,1,4,,0,3z,1663pt,4s,1646pt,8m,1319pt
20260409121212_0403_034,20260409121212_0403,20260409121212,41,0029,tokujou,特上卓,0403,1,キャキャオ,72,1s,tedashi,1775705353,4902.621,,0,,"[85,124,61,126,21,125,31,14,65,13,44,69,51]","[93,72,63,57,30,66,90,98,23,32,12]","[15,22,8,46,24,4,58,81,59,86,76,50,55]","[56,60,0,10,47,37,40,17,53,25,9,48,62]",4468m 34789p 4s 555z,4689m 678p 1567s,23467m 34566p 234s,13357m 12345677p,1,1,,,0,,,,,,
20260409121212_0403_035,20260409121212_0403,20260409121212,41,0029,tokujou,特上卓,0403,2,田口,75,1s,risekichu_hokan_tsumogiri,1775705353,707.854,,0,,"[85,124,61,126,21,125,31,14,65,13,44,69,51]","[93,63,57,30,66,90,98,23,32,12]","[15,22,8,46,24,4,58,81,59,86,76,50,55,75]","[56,60,0,10,47,37,40,17,53,25,9,48,62]",4468m 34789p 4s 555z,4689m 678p 567s,23467m 34566p 1234s,13357m 12345677p,0,0,5,58m,0,,,,,,
20260409121212_0403_036,20260409121212_0403,20260409121212,41,0029,tokujou,特上卓,0403,3,ff2,0,1m,tedashi,1775705356,2586.966,,0,,"[85,124,61,126,21,125,31,14,65,13,44,69,51]","[93,63,57,30,66,90,98,23,32,12]","[15,22,8,46,24,4,58,81,59,86,76,50,55]","[56,60,0,10,47,37,40,17,53,25,9,48,62,115]",4468m 34789p 4s 555z,4689m 678p 567s,23467m 34566p 234s,13357m 12345677p 2z,1,1,4,,0,,,,,,
20260409121212_0403_037,20260409121212_0403,20260409121212,41,0029,tokujou,特上卓,0403,0,s6u,96,7s,tsumogiri,1775705357,1572.507,,3,2166.01,"[85,124,61,126,21,125,31,14,65,13,44,69,51,96]","[93,63,57,30,66,90,98,23,32,12]","[15,22,8,46,24,4,58,81,59,86,76,50,55]","[56,60,10,47,37,40,17,53,25,9,48,62,115]",4468m 34789p 47s 555z,4689m 678p 567s,23467m 34566p 234s,3357m 12345677p 2z,1,1,4,,0,7s,1535pt,4s,1523pt,8m,1198pt
20260409121212_0403_038,20260409121212_0403,20260409121212,41,0029,tokujou,特上卓,0403,1,キャキャオ,98,7s,tedashi,1775705364,4573.508,,0,,"[85,124,61,126,21,125,31,14,65,13,44,69,51]","[93,63,57,30,66,90,98,23,32,12,89]","[15,22,8,46,24,4,58,81,59,86,76,50,55]","[56,60,10,47,37,40,17,53,25,9,48,62,115]",4468m 34789p 4s 555z,4689m 678p 5567s,23467m 34566p 234s,3357m 12345677p 2z,1,1,,,0,,,,,,
20260409121212_0500_000,20260409121212_0500,20260409121212,41,0029,tokujou,特上卓,0500,2,田口,73,1s,tedashi,1775705380,,,0,,"[81,82,13,3,101,28,18,83,120,64,85,44,92]","[11,127,49,91,40,57,134,56,74,123,98,30,48]","[10,105,97,12,5,128,73,54,113,107,14,19,17,126]","[21,116,87,63,32,4,121,20,16,2,0,131,34]",1458m 38p 333468s 4z,38m 24466p 157s 457z,234455m 5p 1799s 256z,112r56699m 7p 4s 346z,3,4,3,,0,,,,,,
20260409121212_0500_001,20260409121212_0500,20260409121212,41,0029,tokujou,特上卓,0500,3,ff2,87,4s,tedashi,1775705382,1978.216,,0,,"[81,82,13,3,101,28,18,83,120,64,85,44,92]","[11,127,49,91,40,57,134,56,74,123,98,30,48]","[10,105,97,12,5,128,54,113,107,14,19,17,126]","[21,116,87,63,32,4,121,20,16,2,0,131,34,52]",1458m 38p 333468s 4z,38m 24466p 157s 457z,234455m 5p 799s 256z,112r56699m r57p 4s 346z,3,4,3,,0,,,,,,
20260409121212_0500_002,20260409121212_0500,20260409121212,41,0029,tokujou,特上卓,0500,0,s6u,120,4z,tedashi,1775705384,1717.737,,5,2206.608,"[81,82,13,3,101,28,18,83,120,64,85,44,92,71]","[11,127,49,91,40,57,134,56,74,123,98,30,48]","[10,105,97,12,5,128,54,113,107,14,19,17,126]","[21,116,63,32,4,121,20,16,2,0,131,34,52]",1458m 389p 333468s 4z,38m 24466p 157s 457z,234455m 5p 799s 256z,112r56699m r57p 346z,3,3,5,,0,,,,,,
20260409121212_0500_003,20260409121212_0500,20260409121212,41,0029,tokujou,特上卓,0500,1,キャキャオ,74,1s,tedashi,1775705388,2050.562,,0,,"[81,82,13,3,101,28,18,83,64,85,44,92,71]","[11,127,49,91,40,57,134,56,74,123,98,30,48,110]","[10,105,97,12,5,128,54,113,107,14,19,17,126]","[21,116,63,32,4,121,20,16,2,0,131,34,52]",1458m 389p 333468s,38m 24466p 157s 1457z,234455m 5p 799s 256z,112r56699m r57p 346z,4,5,4,,0,,,,,,
20260409121212_0500_004,20260409121212_0500,20260409121212,41,0029,tokujou,特上卓,0500,2,田口,117,3z,risekichu_hokan_tsumogiri,1775705390,1927.2,,0,,"[81,82,13,3,101,28,18,83,64,85,44,92,71]","[11,127,49,91,40,57,134,56,123,98,30,48,110]","[10,105,97,12,5,128,54,113,107,14,19,17,126,117]","[21,116,63,32,4,121,20,16,2,0,131,34,52]",1458m 389p 333468s,38m 24466p 57s 1457z,234455m 5p 799s 2356z,112r56699m r57p 346z,3,4,3,,0,,,,,,
20260409121212_0500_005,20260409121212_0500,20260409121212,41,0029,tokujou,特上卓,0500,3,ff2,121,4z,tedashi,1775705398,8111.43,,0,,"[81,82,13,3,101,28,18,83,64,85,44,92,71]","[11,127,49,91,40,57,134,56,123,98,30,48,110]","[10,105,97,12,5,128,54,113,107,14,19,17,126]","[21,116,63,32,4,121,20,16,2,0,131,34,52,60]",1458m 389p 333468s,38m 24466p 57s 1457z,234455m 5p 799s 256z,112r56699m r577p 346z,2,4,2,,0,,,,,,
20260409121212_0500_006,20260409121212_0500,20260409121212,41,0029,tokujou,特上卓,0500,0,s6u,3,1m,tedashi,1775705399,1491.381,,3,1545.766,"[81,82,13,3,101,28,18,83,64,85,44,92,71,90]","[11,127,49,91,40,57,134,56,123,98,30,48,110]","[10,105,97,12,5,128,54,113,107,14,19,17,126]","[21,116,63,32,4,20,16,2,0,131,34,52,60]",1458m 389p 3334568s,38m 24466p 57s 1457z,234455m 5p 799s 256z,112r56699m r577p 36z,2,2,5,,0,,,,,,
20260409121212_0500_007,20260409121212_0500,20260409121212,41,0029,tokujou,特上卓,0500,1,キャキャオ,123,4z,tedashi,1775705402,1428.405,,0,,"[81,82,13,101,28,18,83,64,85,44,92,71,90]","[11,127,49,91,40,57,134,56,123,98,30,48,110,41]","[10,105,97,12,5,128,54,113,107,14,19,17,126]","[21,116,63,32,4,20,16,2,0,131,34,52,60]",458m 389p 3334568s,38m 224466p 57s 1457z,234455m 5p 799s 256z,112r56699m r577p 36z,3,4,3,,0,,,,,,
20260409121212_0500_008,20260409121212_0500,20260409121212,41,0029,tokujou,特上卓,0500,2,田口,113,2z,tedashi,1775705405,2273.337,,0,,"[81,82,13,101,28,18,83,64,85,44,92,71,90]","[11,127,49,91,40,57,134,56,98,30,48,110,41]","[10,105,97,12,5,128,54,113,107,14,19,17,126,108]","[21,116,63,32,4,20,16,2,0,131,34,52,60]",458m 389p 3334568s,38m 224466p 57s 157z,234455m 5p 799s 1256z,112r56699m r577p 36z,3,4,3,,0,,,,,,
20260409121212_0500_009,20260409121212_0500,20260409121212,41,0029,tokujou,特上卓,0500,3,ff2,116,3z,tedashi,1775705407,2284.604,,0,,"[81,82,13,101,28,18,83,64,85,44,92,71,90]","[11,127,49,91,40,57,134,56,98,30,48,110,41]","[10,105,97,12,5,128,54,107,14,19,17,126,108]","[21,116,63,32,4,20,16,2,0,131,34,52,60,95]",458m 389p 3334568s,38m 224466p 57s 157z,234455m 5p 799s 156z,112r56699m r577p 6s 36z,2,4,2,,0,,,,,,
20260409121212_0500_010,20260409121212_0500,20260409121212,41,0029,tokujou,特上卓,0500,0,s6u,112,2z,tsumogiri,1775705409,2534.747,,5,2149.729,"[81,82,13,101,28,18,83,64,85,44,92,71,90,112]","[11,127,49,91,40,57,134,56,98,30,48,110,41]","[10,105,97,12,5,128,54,107,14,19,17,126,108]","[21,63,32,4,20,16,2,0,131,34,52,60,95]",458m 389p 3334568s 2z,38m 224466p 57s 157z,234455m 5p 799s 156z,112r56699m r577p 6s 6z,2,2,5,,0,,,,,,
20260409121212_0500_011,20260409121212_0500,20260409121212,41,0029,tokujou,特上卓,0500,1,キャキャオ,110,1z,tedashi,1775705416,4501.588,,0,,"[81,82,13,101,28,18,83,64,85,44,92,71,90]","[11,127,49,91,40,57,134,56,98,30,48,110,41,1]","[10,105,97,12,5,128,54,107,14,19,17,126,108]","[21,63,32,4,20,16,2,0,131,34,52,60,95]",458m 389p 3334568s,138m 224466p 57s 157z,234455m 5p 799s 156z,112r56699m r577p 6s 6z,3,3,3,,0,,,,,,
20260409121212_0500_012,20260409121212_0500,20260409121212,41,0029,tokujou,特上卓,0500,2,田口,108,1z,tedashi,1775705421,4490.176,,0,,"[81,82,13,101,28,18,83,64,85,44,92,71,90]","[11,127,49,91,40,57,134,56,98,30,48,41,1]","[10,105,97,12,5,128,54,107,14,19,17,126,108,125]","[21,63,32,4,20,16,2,0,131,34,52,60,95]",458m 389p 3334568s,138m 224466p 57s 57z,234455m 5p 799s 1556z,112r56699m r577p 6s 6z,2,3,2,,0,,,,,,
20260409121212_0500_013,20260409121212_0500,20260409121212,41,0029,tokujou,特上卓,0500,3,ff2,109,1z,risekichu_hokan_tsumogiri,1775705423,1983.819,,0,,"[81,82,13,101,28,18,83,64,85,44,92,71,90]","[11,127,49,91,40,57,134,56,98,30,48,41,1]","[10,105,97,12,5,128,54,107,14,19,17,126,125]","[21,63,32,4,20,16,2,0,131,34,52,60,95,109]",458m 389p 3334568s,138m 224466p 57s 57z,234455m 5p 799s 556z,112r56699m r577p 6s 16z,2,4,2,,0,,,,,,
20260409121212_0500_014,20260409121212_0500,20260409121212,41,0029,tokujou,特上卓,0500,0,s6u,101,8s,tedashi,1775705427,4173.181,,0,,"[81,82,13,101,28,18,83,64,85,44,92,71,90,24]","[11,127,49,91,40,57,134,56,98,30,48,41,1]","[10,105,97,12,5,128,54,107,14,19,17,126,125]","[21,63,32,4,20,16,2,0,131,34,52,60,95]",4578m 389p 3334568s,138m 224466p 57s 57z,234455m 5p 799s 556z,112r56699m r577p 6s 6z,2,2,5,,0,,,,,,
20260409121212_0500_015,20260409121212_0500,20260409121212,41,0029,tokujou,特上卓,0500,1,キャキャオ,114,2z,risekichu_hokan_tsumogiri,1775705430,3105.705,,0,,"[81,82,13,28,18,83,64,85,44,92,71,90,24]","[11,127,49,91,40,57,134,56,98,30,48,41,1,114]","[10,105,97,12,5,128,54,107,14,19,17,126,125]","[21,63,32,4,20,16,2,0,131,34,52,60,95]",4578m 389p 333456s,138m 224466p 57s 257z,234455m 5p 799s 556z,112r56699m r577p 6s 6z,3,3,3,,0,,,,,,
20260409121212_0500_016,20260409121212_0500,20260409121212,41,0029,tokujou,特上卓,0500,2,田口,128,6z,tedashi,1775705432,2006.432,,0,,"[81,82,13,28,18,83,64,85,44,92,71,90,24]","[11,127,49,91,40,57,134,56,98,30,48,41,1]","[10,105,97,12,5,128,54,107,14,19,17,126,125,27]","[21,63,32,4,20,16,2,0,131,34,52,60,95]",4578m 389p 333456s,138m 224466p 57s 57z,2344557m 5p 799s 556z,112r56699m r577p 6s 6z,2,2,2,,0,,,,,,
20260409121212_0500_017,20260409121212_0500,20260409121212,41,0029,tokujou,特上卓,0500,3,ff2,95,6s,tedashi,1775705434,2233.117,,6,208.185,"[81,82,13,28,18,83,64,85,44,92,71,90,24]","[11,127,49,91,40,57,134,56,98,30,48,41,1]","[10,105,97,12,5,54,107,14,19,17,126,125,27]","[21,63,32,4,20,16,2,0,131,34,52,60,95,68]",4578m 389p 333456s,138m 224466p 57s 57z,2344557m 5p 799s 55z,112r56699m r5779p 6s 6z,2,3,2,,0,,,,,,
20260409121212_0500_018,20260409121212_0500,20260409121212,41,0029,tokujou,特上卓,0500,0,s6u,44,3p,tedashi,1775705440,6212.723,,3,1281.012,"[81,82,13,28,18,83,64,85,44,92,71,90,24,96]","[11,127,49,91,40,57,134,56,98,30,48,41,1]","[10,105,97,12,5,54,107,14,19,17,126,125,27]","[21,63,32,4,20,16,2,0,131,34,52,60,68]",4578m 389p 3334567s,138m 224466p 57s 57z,2344557m 5p 799s 55z,112r56699m r5779p 6z,2,2,5,,0,,,,,,
20260409121212_0500_019,20260409121212_0500,20260409121212,41,0029,tokujou,特上卓,0500,1,キャキャオ,122,4z,risekichu_hokan_tsumogiri,1775705443,1475.756,,0,,"[81,82,13,28,18,83,64,85,92,71,90,24,96]","[11,127,49,91,40,57,134,56,98,30,48,41,1,122]","[10,105,97,12,5,54,107,14,19,17,126,125,27]","[21,63,32,4,20,16,2,0,131,34,52,60,68]",4578m 89p 3334567s,138m 224466p 57s 457z,2344557m 5p 799s 55z,112r56699m r5779p 6z,3,3,3,,0,,,,,,
20260409121212_0500_020,20260409121212_0500,20260409121212,41,0029,tokujou,特上卓,0500,2,田口,80,3s,risekichu_hokan_tsumogiri,1775705446,2309.715,,6,203.948,"[81,82,13,28,18,83,64,85,92,71,90,24,96]","[11,127,49,91,40,57,134,56,98,30,48,41,1]","[10,105,97,12,5,54,107,14,19,17,126,125,27,80]","[21,63,32,4,20,16,2,0,131,34,52,60,68]",4578m 89p 3334567s,138m 224466p 57s 57z,2344557m 5p 3799s 55z,112r56699m r5779p 6z,2,2,2,,0,,,,,,
20260409121212_0500_021,20260409121212_0500,20260409121212,41,0029,tokujou,特上卓,0500,3,ff2,76,2s,risekichu_hokan_tsumogiri,1775705447,1607.774,,6,211.735,"[81,82,13,28,18,83,64,85,92,71,90,24,96]","[11,127,49,91,40,57,134,56,98,30,48,41,1]","[10,105,97,12,5,54,107,14,19,17,126,125,27]","[21,63,32,4,20,16,2,0,131,34,52,60,68,76]",4578m 89p 3334567s,138m 224466p 57s 57z,2344557m 5p 799s 55z,112r56699m r5779p 2s 6z,2,3,2,,0,,,,,,
20260409121212_0500_022,20260409121212_0500,20260409121212,41,0029,tokujou,特上卓,0500,0,s6u,38,1p,tsumogiri,1775705449,1548.08,,0,,"[81,82,13,28,18,83,64,85,92,71,90,24,96,38]","[11,127,49,91,40,57,134,56,98,30,48,41,1]","[10,105,97,12,5,54,107,14,19,17,126,125,27]","[21,63,32,4,20,16,2,0,131,34,52,60,68]",4578m 189p 3334567s,138m 224466p 57s 57z,2344557m 5p 799s 55z,112r56699m r5779p 6z,2,2,5,,0,,,,,,
20260409121212_0500_023,20260409121212_0500,20260409121212,41,0029,tokujou,特上卓,0500,1,キャキャオ,104,9s,risekichu_hokan_tsumogiri,1775705451,1935.212,,3,1283.309,"[81,82,13,28,18,83,64,85,92,71,90,24,96]","[11,127,49,91,40,57,134,56,98,30,48,41,1,104]","[10,105,97,12,5,54,107,14,19,17,126,125,27]","[21,63,32,4,20,16,2,0,131,34,52,60,68]",4578m 89p 3334567s,138m 224466p 579s 57z,2344557m 5p 799s 55z,112r56699m r5779p 6z,3,3,3,,0,,,,,,
20260409121212_0500_024,20260409121212_0500,20260409121212,41,0029,tokujou,特上卓,0500,2,田口,5,2m,tedashi,1775705458,5507.744,,0,,"[81,82,13,28,18,83,64,85,92,71,90,24,96]","[11,127,49,91,40,57,134,56,98,30,48,41,1]","[10,105,97,12,5,54,107,14,19,17,126,125,27,58]","[21,63,32,4,20,16,2,0,131,34,52,60,68]",4578m 89p 3334567s,138m 224466p 57s 57z,2344557m 56p 799s 55z,112r56699m r5779p 6z,2,2,2,,0,,,,,,
20260409121212_0500_025,20260409121212_0500,20260409121212,41,0029,tokujou,特上卓,0500,3,ff2,4,2m,tedashi,1775705465,7676.284,,0,,"[81,82,13,28,18,83,64,85,92,71,90,24,96]","[11,127,49,91,40,57,134,56,98,30,48,41,1]","[10,105,97,12,54,107,14,19,17,126,125,27,58]","[21,63,32,4,20,16,2,0,131,34,52,60,68,53]",4578m 89p 3334567s,138m 224466p 57s 57z,344557m 56p 799s 55z,112r56699m r55779p 6z,1,3,1,,0,,,,,,
20260409121212_0500_026,20260409121212_0500,20260409121212,41,0029,tokujou,特上卓,0500,0,s6u,132,7z,tsumogiri,1775705470,4686.103,,0,,"[81,82,13,28,18,83,64,85,92,71,90,24,96,132]","[11,127,49,91,40,57,134,56,98,30,48,41,1]","[10,105,97,12,54,107,14,19,17,126,125,27,58]","[21,63,32,20,16,2,0,131,34,52,60,68,53]",4578m 89p 3334567s 7z,138m 224466p 57s 57z,344557m 56p 799s 55z,11r56699m r55779p 6z,2,2,5,,0,7z,2216pt,9p,2151pt,8p,2096pt
20260409121212_0500_027,20260409121212_0500,20260409121212,41,0029,tokujou,特上卓,0500,1,キャキャオ,11,3m,tedashi,1775705474,3902.627,,3,2232.452,"[81,82,13,28,18,83,64,85,92,71,90,24,96]","[11,127,49,91,40,57,134,56,98,30,48,41,1,66]","[10,105,97,12,54,107,14,19,17,126,125,27,58]","[21,63,32,20,16,2,0,131,34,52,60,68,53]",4578m 89p 3334567s,138m 2244668p 57s 57z,344557m 56p 799s 55z,11r56699m r55779p 6z,3,3,3,,0,,,,,,
20260409121212_0500_028,20260409121212_0500,20260409121212,41,0029,tokujou,特上卓,0500,2,田口,27,7m,tedashi,1775705480,3575.324,,3,1117.953,"[81,82,13,28,18,83,64,85,92,71,90,24,96]","[127,49,91,40,57,134,56,98,30,48,41,1,66]","[10,105,97,12,54,107,14,19,17,126,125,27,58,61]","[21,63,32,20,16,2,0,131,34,52,60,68,53]",4578m 89p 3334567s,18m 2244668p 57s 57z,344557m 567p 799s 55z,11r56699m r55779p 6z,1,1,2,,0,,,,,,
20260409121212_0500_029,20260409121212_0500,20260409121212,41,0029,tokujou,特上卓,0500,3,ff2,131,6z,tedashi,1775705483,2062.94,,0,,"[81,82,13,28,18,83,64,85,92,71,90,24,96]","[127,49,91,40,57,134,56,98,30,48,41,1,66]","[10,105,97,12,54,107,14,19,17,126,125,58,61]","[21,63,32,20,16,2,0,131,34,52,60,68,53,25]",4578m 89p 3334567s,18m 2244668p 57s 57z,34455m 567p 799s 55z,11r566799m r55779p 6z,1,2,1,,0,,,,,,
20260409121212_0500_030,20260409121212_0500,20260409121212,41,0029,tokujou,特上卓,0500,0,s6u,64,8p,tedashi,1775705488,5015.623,,0,,"[81,82,13,28,18,83,64,85,92,71,90,24,96,100]","[127,49,91,40,57,134,56,98,30,48,41,1,66]","[10,105,97,12,54,107,14,19,17,126,125,58,61]","[21,63,32,20,16,2,0,34,52,60,68,53,25]",4578m 89p 33345678s,18m 2244668p 57s 57z,34455m 567p 799s 55z,11r566799m r55779p,1,1,5,,0,9p,2200pt,8p,2149pt,4m,1799pt
20260409121212_0500_031,20260409121212_0500,20260409121212,41,0029,tokujou,特上卓,0500,1,キャキャオ,30,8m,tedashi,1775705492,3727.04,,0,,"[81,82,13,28,18,83,85,92,71,90,24,96,100]","[127,49,91,40,57,134,56,98,30,48,41,1,66,72]","[10,105,97,12,54,107,14,19,17,126,125,58,61]","[21,63,32,20,16,2,0,34,52,60,68,53,25]",4578m 9p 33345678s,18m 2244668p 157s 57z,34455m 567p 799s 55z,11r566799m r55779p,3,4,3,,0,,,,,,
20260409121212_0500_032,20260409121212_0500,20260409121212,41,0029,tokujou,特上卓,0500,2,田口,78,2s,risekichu_hokan_tsumogiri,1775705493,1586.46,,0,,"[81,82,13,28,18,83,85,92,71,90,24,96,100]","[127,49,91,40,57,134,56,98,48,41,1,66,72]","[10,105,97,12,54,107,14,19,17,126,125,58,61,78]","[21,63,32,20,16,2,0,34,52,60,68,53,25]",4578m 9p 33345678s,1m 2244668p 157s 57z,34455m 567p 2799s 55z,11r566799m r55779p,1,1,2,,0,,,,,,
20260409121212_0500_033,20260409121212_0500,20260409121212,41,0029,tokujou,特上卓,0500,3,ff2,68,9p,tedashi,1775705498,4255.542,,0,,"[81,82,13,28,18,83,85,92,71,90,24,96,100]","[127,49,91,40,57,134,56,98,48,41,1,66,72]","[10,105,97,12,54,107,14,19,17,126,125,58,61]","[21,63,32,20,16,2,0,34,52,60,68,53,25,55]",4578m 9p 33345678s,1m 2244668p 157s 57z,34455m 567p 799s 55z,11r566799m r555779p,1,1,1,,0,,,,,,
20260409121212_0500_034,20260409121212_0500,20260409121212,41,0029,tokujou,特上卓,0500,0,s6u,71,9p,tedashi,1775705503,5574.104,,0,,"[81,82,13,28,18,83,85,92,71,90,24,96,100,93]","[127,49,91,40,57,134,56,98,48,41,1,66,72]","[10,105,97,12,54,107,14,19,17,126,125,58,61]","[21,63,32,20,16,2,0,34,52,60,53,25,55]",4578m 9p 333456678s,1m 2244668p 157s 57z,34455m 567p 799s 55z,11r566799m r55577p,1,1,4,,0,9p,2596pt,4m,2167pt,5m,2061pt
20260409121212_0500_035,20260409121212_0500,20260409121212,41,0029,tokujou,特上卓,0500,1,キャキャオ,8,3m,risekichu_hokan_tsumogiri,1775705506,2676.1,,2,2224.406,"[81,82,13,28,18,83,85,92,90,24,96,100,93]","[127,49,91,40,57,134,56,98,48,41,1,66,72,8]","[10,105,97,12,54,107,14,19,17,126,125,58,61]","[21,63,32,20,16,2,0,34,52,60,53,25,55]",4578m 333456678s,13m 2244668p 157s 57z,34455m 567p 799s 55z,11r566799m r55577p,3,3,3,,0,,,,,,
20260409121212_0500_036,20260409121212_0500,20260409121212,41,0029,tokujou,特上卓,0500,2,田口,97,7s,tedashi,1775705509,830.319,,0,,"[81,82,13,28,18,83,85,92,90,24,96,100,93]","[127,49,91,40,57,134,56,98,48,41,1,66,72]","[10,105,97,12,54,107,19,126,125,58,61]","[21,63,32,20,16,2,0,34,52,60,53,25,55]",4578m 333456678s,1m 2244668p 157s 57z,345m 567p 799s 55z,11r566799m r55577p,0,0,,9s 5z,0,,,,,,
20260409121212_0500_037,20260409121212_0500,20260409121212,41,0029,tokujou,特上卓,0500,3,ff2,21,6m,tedashi,1775705521,11618.421,,6,224.129,"[81,82,13,28,18,83,85,92,90,24,96,100,93]","[127,49,91,40,57,134,56,98,48,41,1,66,72]","[10,105,12,54,107,19,126,125,58,61]","[21,63,32,20,16,2,0,34,52,60,53,25,55,31]",4578m 333456678s,1m 2244668p 157s 57z,345m 567p 99s 55z,11r5667899m r55577p,1,1,1,,0,,,,,,
20260409121212_0500_038,20260409121212_0500,20260409121212,41,0029,tokujou,特上卓,0500,0,s6u,51,4p,tsumogiri,1775705524,2851.24,,3,1159.77,"[81,82,13,28,18,83,85,92,90,24,96,100,93,51]","[127,49,91,40,57,134,56,98,48,41,1,66,72]","[10,105,12,54,107,19,126,125,58,61]","[63,32,20,16,2,0,34,52,60,53,25,55,31]",4578m 4p 333456678s,1m 2244668p 157s 57z,345m 567p 99s 55z,11r567899m r55577p,1,1,4,,0,4m,2155pt,5m,2135pt,4p,2071pt
20260409121212_0500_039,20260409121212_0500,20260409121212,41,0029,tokujou,特上卓,0500,1,キャキャオ,98,7s,tedashi,1775705527,2437.811,,0,,"[81,82,13,28,18,83,85,92,90,24,96,100,93]","[127,49,91,40,57,134,56,98,48,41,1,66,72,102]","[10,105,12,54,107,19,126,125,58,61]","[63,32,20,16,2,0,34,52,60,53,25,55,31]",4578m 333456678s,1m 2244668p 1578s 57z,345m 567p 99s 55z,11r567899m r55577p,3,4,3,,0,,,,,,
20260409121212_0500_040,20260409121212_0500,20260409121212,41,0029,tokujou,特上卓,0500,2,田口,69,9p,risekichu_hokan_tsumogiri,1775705529,1968.091,,0,,"[81,82,13,28,18,83,85,92,90,24,96,100,93]","[127,49,91,40,57,134,56,48,41,1,66,72,102]","[10,105,12,54,107,19,126,125,58,61,69]","[63,32,20,16,2,0,34,52,60,53,25,55,31]",4578m 333456678s,1m 2244668p 158s 57z,345m 5679p 99s 55z,11r567899m r55577p,0,0,,9s 5z,0,,,,,,
20260409121212_0500_041,20260409121212_0500,20260409121212,41,0029,tokujou,特上卓,0500,3,ff2,118,3z,risekichu_hokan_tsumogiri,1775705530,1232.183,,0,,"[81,82,13,28,18,83,85,92,90,24,96,100,93]","[127,49,91,40,57,134,56,48,41,1,66,72,102]","[10,105,12,54,107,19,126,125,58,61]","[63,32,20,16,2,0,34,52,60,53,25,55,31,118]",4578m 333456678s,1m 2244668p 158s 57z,345m 567p 99s 55z,11r567899m r55577p 3z,1,1,2,,0,,,,,,
20260409121212_0500_042,20260409121212_0500,20260409121212,41,0029,tokujou,特上卓,0500,0,s6u,135,7z,tsumogiri,1775705537,6066.129,,0,,"[81,82,13,28,18,83,85,92,90,24,96,100,93,135]","[127,49,91,40,57,134,56,48,41,1,66,72,102]","[10,105,12,54,107,19,126,125,58,61]","[63,32,20,16,2,0,34,52,60,53,25,55,31]",4578m 333456678s 7z,1m 2244668p 158s 57z,345m 567p 99s 55z,11r567899m r55577p,1,1,4,,0,7z,1808pt,4m,1495pt,5m,1384pt
20260409121212_0500_043,20260409121212_0500,20260409121212,41,0029,tokujou,特上卓,0500,1,キャキャオ,72,1s,tedashi,1775705538,1375.787,,0,,"[81,82,13,28,18,83,85,92,90,24,96,100,93]","[127,49,91,40,57,134,56,48,41,1,66,72,102,37]","[10,105,12,54,107,19,126,125,58,61]","[63,32,20,16,2,0,34,52,60,53,25,55,31]",4578m 333456678s,1m 12244668p 158s 57z,345m 567p 99s 55z,11r567899m r55577p,3,4,3,,0,,,,,,
20260409121212_0500_044,20260409121212_0500,20260409121212,41,0029,tokujou,特上卓,0500,2,田口,88,r5s,risekichu_hokan_tsumogiri,1775705540,1856.755,,0,,"[81,82,13,28,18,83,85,92,90,24,96,100,93]","[127,49,91,40,57,134,56,48,41,1,66,102,37]","[10,105,12,54,107,19,126,125,58,61,88]","[63,32,20,16,2,0,34,52,60,53,25,55,31]",4578m 333456678s,1m 12244668p 58s 57z,345m 567p r599s 55z,11r567899m r55577p,0,0,,9s 5z,0,,,,,,
20260409121212_0500_045,20260409121212_0500,20260409121212,41,0029,tokujou,特上卓,0500,3,ff2,79,2s,risekichu_hokan_tsumogiri,1775705541,1289.028,,6,207.377,"[81,82,13,28,18,83,85,92,90,24,96,100,93]","[127,49,91,40,57,134,56,48,41,1,66,102,37]","[10,105,12,54,107,19,126,125,58,61]","[63,32,20,16,2,0,34,52,60,53,25,55,31,79]",4578m 333456678s,1m 12244668p 58s 57z,345m 567p 99s 55z,11r567899m r55577p 2s,1,1,2,,0,,,,,,
20260409121212_0500_046,20260409121212_0500,20260409121212,41,0029,tokujou,特上卓,0500,0,s6u,77,2s,tsumogiri,1775705547,5795.674,,0,,"[81,82,13,28,18,83,85,92,90,24,96,100,93,77]","[127,49,91,40,57,134,56,48,41,1,66,102,37]","[10,105,12,54,107,19,126,125,58,61]","[63,32,20,16,2,0,34,52,60,53,25,55,31]",4578m 2333456678s,1m 12244668p 58s 57z,345m 567p 99s 55z,11r567899m r55577p,1,1,4,,0,2s,1512pt,4m,1339pt,5m,1284pt
20260409121212_0500_047,20260409121212_0500,20260409121212,41,0029,tokujou,特上卓,0500,1,キャキャオ,91,5s,tedashi,1775705549,1570.425,,0,,"[81,82,13,28,18,83,85,92,90,24,96,100,93]","[127,49,91,40,57,134,56,48,41,1,66,102,37,119]","[10,105,12,54,107,19,126,125,58,61]","[63,32,20,16,2,0,34,52,60,53,25,55,31]",4578m 333456678s,1m 12244668p 58s 357z,345m 567p 99s 55z,11r567899m r55577p,3,4,3,,0,,,,,,
20260409121212_0500_048,20260409121212_0500,20260409121212,41,0029,tokujou,特上卓,0500,2,田口,6,2m,risekichu_hokan_tsumogiri,1775705551,2257.638,,0,,"[81,82,13,28,18,83,85,92,90,24,96,100,93]","[127,49,40,57,134,56,48,41,1,66,102,37,119]","[10,105,12,54,107,19,126,125,58,61,6]","[63,32,20,16,2,0,34,52,60,53,25,55,31]",4578m 333456678s,1m 12244668p 8s 357z,2345m 567p 99s 55z,11r567899m r55577p,0,0,,9s 5z,0,,,,,,
20260409121212_0500_049,20260409121212_0500,20260409121212,41,0029,tokujou,特上卓,0500,3,ff2,39,1p,risekichu_hokan_tsumogiri,1775705552,1299.862,,0,,"[81,82,13,28,18,83,85,92,90,24,96,100,93]","[127,49,40,57,134,56,48,41,1,66,102,37,119]","[10,105,12,54,107,19,126,125,58,61]","[63,32,20,16,2,0,34,52,60,53,25,55,31,39]",4578m 333456678s,1m 12244668p 8s 357z,345m 567p 99s 55z,11r567899m 1r55577p,1,1,2,,0,,,,,,
20260409121212_0500_050,20260409121212_0500,20260409121212,41,0029,tokujou,特上卓,0500,0,s6u,7,2m,tsumogiri,1775705554,1786.244,,0,,"[81,82,13,28,18,83,85,92,90,24,96,100,93,7]","[127,49,40,57,134,56,48,41,1,66,102,37,119]","[10,105,12,54,107,19,126,125,58,61]","[63,32,20,16,2,0,34,52,60,53,25,55,31]",24578m 333456678s,1m 12244668p 8s 357z,345m 567p 99s 55z,11r567899m r55577p,1,1,4,,0,2m,1251pt,6s,863pt,4m,854pt
20260409121212_0500_051,20260409121212_0500,20260409121212,41,0029,tokujou,特上卓,0500,1,キャキャオ,37,1p,tedashi,1775705557,3446.885,,0,,"[81,82,13,28,18,83,85,92,90,24,96,100,93]","[127,49,40,57,134,56,48,41,1,66,102,37,119,111]","[10,105,12,54,107,19,126,125,58,61]","[63,32,20,16,2,0,34,52,60,53,25,55,31]",4578m 333456678s,1m 12244668p 8s 1357z,345m 567p 99s 55z,11r567899m r55577p,3,4,3,,0,,,,,,
20260409121212_0500_052,20260409121212_0500,20260409121212,41,0029,tokujou,特上卓,0500,2,田口,43,2p,risekichu_hokan_tsumogiri,1775705559,1656.89,,3,1163.525,"[81,82,13,28,18,83,85,92,90,24,96,100,93]","[127,49,40,57,134,56,48,41,1,66,102,119,111]","[10,105,12,54,107,19,126,125,58,61,43]","[63,32,20,16,2,0,34,52,60,53,25,55,31]",4578m 333456678s,1m 2244668p 8s 1357z,345m 2567p 99s 55z,11r567899m r55577p,0,0,,9s 5z,0,,,,,,
20260409121212_0500_053,20260409121212_0500,20260409121212,41,0029,tokujou,特上卓,0500,3,ff2,115,2z,risekichu_hokan_tsumogiri,1775705561,861.984,,0,,"[81,82,13,28,18,83,85,92,90,24,96,100,93]","[127,49,40,57,134,56,48,41,1,66,102,119,111]","[10,105,12,54,107,19,126,125,58,61]","[63,32,20,16,2,0,34,52,60,53,25,55,31,115]",4578m 333456678s,1m 2244668p 8s 1357z,345m 567p 99s 55z,11r567899m r55577p 2z,1,1,2,,0,,,,,,
20260409121212_0500_054,20260409121212_0500,20260409121212,41,0029,tokujou,特上卓,0500,0,s6u,50,4p,tsumogiri,1775705564,2632.783,,3,1116.471,"[81,82,13,28,18,83,85,92,90,24,96,100,93,50]","[127,49,40,57,134,56,48,41,1,66,102,119,111]","[10,105,12,54,107,19,126,125,58,61]","[63,32,20,16,2,0,34,52,60,53,25,55,31]",4578m 4p 333456678s,1m 2244668p 8s 1357z,345m 567p 99s 55z,11r567899m r55577p,1,1,4,,0,4p,991pt,4m,851pt,5m,790pt
20260409121212_0500_055,20260409121212_0500,20260409121212,41,0029,tokujou,特上卓,0500,1,キャキャオ,89,5s,risekichu_hokan_tsumogiri,1775705566,1327.394,,0,,"[81,82,13,28,18,83,85,92,90,24,96,100,93]","[127,49,40,57,134,56,48,41,1,66,102,119,111,89]","[10,105,12,54,107,19,126,125,58,61]","[63,32,20,16,2,0,34,52,60,53,25,55,31]",4578m 333456678s,1m 2244668p 58s 1357z,345m 567p 99s 55z,11r567899m r55577p,3,5,3,,0,,,,,,
20260409121212_0500_056,20260409121212_0500,20260409121212,41,0029,tokujou,特上卓,0500,2,田口,15,4m,risekichu_hokan_tsumogiri,1775705569,2758.274,,3,1122.004,"[81,82,13,28,18,83,85,92,90,24,96,100,93]","[127,49,40,57,134,56,48,41,1,66,102,119,111]","[10,105,12,54,107,19,126,125,58,61,15]","[63,32,20,16,2,0,34,52,60,53,25,55,31]",4578m 333456678s,1m 2244668p 8s 1357z,3445m 567p 99s 55z,11r567899m r55577p,0,0,,9s 5z,0,,,,,,
20260409121212_0500_057,20260409121212_0500,20260409121212,41,0029,tokujou,特上卓,0500,3,ff2,34,9m,tedashi,1775705575,919.338,3892.231,6,209.093,"[81,82,13,28,18,83,85,92,90,24,96,100,93]","[127,49,40,57,134,56,48,41,1,66,102,119,111]","[10,105,12,54,107,19,126,125,58,61]","[63,32,20,16,2,0,34,52,60,53,25,55,31,26]",4578m 333456678s,1m 2244668p 8s 1357z,345m 567p 99s 55z,11r5677899m r55577p,0,0,1,1m 7p,0,,,,,,
20260409121212_0500_058,20260409121212_0500,20260409121212,41,0029,tokujou,特上卓,0500,0,s6u,81,3s,tedashi,1775705582,1768.847,5446.319,0,,"[81,82,13,28,18,83,85,92,90,24,96,100,93,33]","[127,49,40,57,134,56,48,41,1,66,102,119,111]","[10,105,12,54,107,19,126,125,58,61]","[63,32,20,16,2,0,52,60,53,25,55,31,26]",45789m 333456678s,1m 2244668p 8s 1357z,345m 567p 99s 55z,11r567789m r55577p,0,0,4,36m,0,3s,1424pt,6s,1424pt,4m,846pt
20260409121212_0500_059,20260409121212_0500,20260409121212,41,0029,tokujou,特上卓,0500,1,キャキャオ,119,3z,tedashi,1775705585,2612.579,,0,,"[82,13,28,18,83,85,92,90,24,96,100,93,33]","[127,49,40,57,134,56,48,41,1,66,102,119,111,75]","[10,105,12,54,107,19,126,125,58,61]","[63,32,20,16,2,0,52,60,53,25,55,31,26]",45789m 33456678s,1m 2244668p 18s 1357z,345m 567p 99s 55z,11r567789m r55577p,3,5,3,,0,,,,,,
20260409121212_0500_060,20260409121212_0500,20260409121212,41,0029,tokujou,特上卓,0500,2,田口,105,9s,tedashi,1775705590,4619.301,,0,,"[82,13,28,18,83,85,92,90,24,96,100,93,33]","[127,49,40,57,134,56,48,41,1,66,102,111,75]","[10,105,12,54,107,19,126,125,58,61,29]","[63,32,20,16,2,0,52,60,53,25,55,31,26]",45789m 33456678s,1m 2244668p 18s 157z,3458m 567p 99s 55z,11r567789m r55577p,0,0,,,0,,,,,,
20260409121212_0500_061,20260409121212_0500,20260409121212,41,0029,tokujou,特上卓,0500,3,ff2,130,6z,risekichu_hokan_tsumogiri,1775705590,697.263,,0,,"[82,13,28,18,83,85,92,90,24,96,100,93,33]","[127,49,40,57,134,56,48,41,1,66,102,111,75]","[10,12,54,107,19,126,125,58,61,29]","[63,32,20,16,2,0,52,60,53,25,55,31,26,130]",45789m 33456678s,1m 2244668p 18s 157z,3458m 567p 9s 55z,11r567789m r55577p 6z,0,0,2,1m 7p,0,,,,,,
20260409121212_0500_062,20260409121212_0500,20260409121212,41,0029,tokujou,特上卓,0500,0,s6u,124,5z,tsumogiri,1775705591,1164.57,,2,1828.404,"[82,13,28,18,83,85,92,90,24,96,100,93,33,124]","[127,49,40,57,134,56,48,41,1,66,102,111,75]","[10,12,54,107,19,126,125,58,61,29]","[63,32,20,16,2,0,52,60,53,25,55,31,26]",45789m 33456678s 5z,1m 2244668p 18s 157z,3458m 567p 9s 55z,11r567789m r55577p,0,0,4,36m,0,5z,1096pt,,,,
20260409121212_0500_063,20260409121212_0500,20260409121212,41,0029,tokujou,特上卓,0500,2,田口,107,9s,tedashi,1775705594,729.87,,0,,"[82,13,28,18,83,85,92,90,24,96,100,93,33]","[127,49,40,57,134,56,48,41,1,66,102,111,75]","[10,12,54,107,19,58,61,29]","[63,32,20,16,2,0,52,60,53,25,55,31,26]",45789m 33456678s,1m 2244668p 18s 157z,3458m 567p 9s,11r567789m r55577p,0,0,,8m,0,,,,,,
20260409121212_0500_064,20260409121212_0500,20260409121212,41,0029,tokujou,特上卓,0500,3,ff2,99,7s,risekichu_hokan_tsumogiri,1775705595,702.343,,0,,"[82,13,28,18,83,85,92,90,24,96,100,93,33]","[127,49,40,57,134,56,48,41,1,66,102,111,75]","[10,12,54,19,58,61,29]","[63,32,20,16,2,0,52,60,53,25,55,31,26,99]",45789m 33456678s,1m 2244668p 18s 157z,3458m 567p,11r567789m r55577p 7s,0,0,2,1m 7p,0,,,,,,
20260409121212_0500_065,20260409121212_0500,20260409121212,41,0029,tokujou,特上卓,0500,0,s6u,35,9m,tsumogiri,1775705596,1145.792,,0,,"[82,13,28,18,83,85,92,90,24,96,100,93,33,35]","[127,49,40,57,134,56,48,41,1,66,102,111,75]","[10,12,54,19,58,61,29]","[63,32,20,16,2,0,52,60,53,25,55,31,26]",457899m 33456678s,1m 2244668p 18s 157z,3458m 567p,11r567789m r55577p,0,0,3,36m,0,9m,668pt,,,,
20260409121212_0500_066,20260409121212_0500,20260409121212,41,0029,tokujou,特上卓,0500,1,キャキャオ,127,5z,tedashi,1775705598,1735.985,,0,,"[82,13,28,18,83,85,92,90,24,96,100,93,33]","[127,49,40,57,134,56,48,41,1,66,102,111,75,45]","[10,12,54,19,58,61,29]","[63,32,20,16,2,0,52,60,53,25,55,31,26]",45789m 33456678s,1m 22344668p 18s 157z,3458m 567p,11r567789m r55577p,3,4,3,,0,,,,,,
20260409121212_0500_067,20260409121212_0500,20260409121212,41,0029,tokujou,特上卓,0500,2,田口,133,7z,risekichu_hokan_tsumogiri,1775705600,2016.644,,0,,"[82,13,28,18,83,85,92,90,24,96,100,93,33]","[49,40,57,134,56,48,41,1,66,102,111,75,45]","[10,12,54,19,58,61,29,133]","[63,32,20,16,2,0,52,60,53,25,55,31,26]",45789m 33456678s,1m 22344668p 18s 17z,3458m 567p 7z,11r567789m r55577p,0,0,,8m,0,,,,,,
20260409121212_0500_068,20260409121212_0500,20260409121212,41,0029,tokujou,特上卓,0500,3,ff2,42,2p,risekichu_hokan_tsumogiri,1775705600,710.282,,3,4757.129,"[82,13,28,18,83,85,92,90,24,96,100,93,33]","[49,40,57,134,56,48,41,1,66,102,111,75,45]","[10,12,54,19,58,61,29]","[63,32,20,16,2,0,52,60,53,25,55,31,26,42]",45789m 33456678s,1m 22344668p 18s 17z,3458m 567p,11r567789m 2r55577p,0,0,2,1m 7p,0,,,,,,
20260409121212_0500_069,20260409121212_0500,20260409121212,41,0029,tokujou,特上卓,0500,0,s6u,106,9s,tsumogiri,1775705605,210.119,,0,,"[82,13,28,18,83,85,92,90,24,96,100,93,33,106]","[49,40,57,134,56,48,41,1,66,102,111,75,45]","[10,12,54,19,58,61,29]","[63,32,20,16,2,0,52,60,53,25,55,31,26]",45789m 334566789s,1m 22344668p 18s 17z,3458m 567p,11r567789m r55577p,0,0,4,36m,0,3s,0pt,6s,0pt,9s,0pt
20260409121212_0500_070,20260409121212_0500,20260409121212,41,0029,tokujou,特上卓,0500,1,キャキャオ,134,7z,tedashi,1775705608,2325.372,,0,,"[82,13,28,18,83,85,92,90,24,96,100,93,33]","[49,40,57,134,56,48,41,1,66,102,111,75,45,129]","[10,12,54,19,58,61,29]","[63,32,20,16,2,0,52,60,53,25,55,31,26]",45789m 33456678s,1m 22344668p 18s 167z,3458m 567p,11r567789m r55577p,3,4,3,,0,,,,,,
20260409121212_0500_071,20260409121212_0500,20260409121212,41,0029,tokujou,特上卓,0500,2,田口,9,3m,risekichu_hokan_tsumogiri,1775705610,2781.915,,0,,"[82,13,28,18,83,85,92,90,24,96,100,93,33]","[49,40,57,56,48,41,1,66,102,111,75,45,129]","[10,12,54,19,58,61,29,9]","[63,32,20,16,2,0,52,60,53,25,55,31,26]",45789m 33456678s,1m 22344668p 18s 16z,33458m 567p,11r567789m r55577p,0,0,,8m,0,,,,,,
20260409121212_0600_000,20260409121212_0600,20260409121212,41,0029,tokujou,特上卓,0600,3,ff2,118,3z,tedashi,1775705625,,,0,,"[11,64,106,131,101,38,124,80,10,20,105,100,130]","[112,116,17,69,79,133,92,113,12,87,3,26,125]","[55,67,43,57,22,99,119,51,88,21,29,37,60]","[35,47,86,104,61,118,4,1,41,89,50,2,13,44]",336m 18p 38899s 566z,1457m 9p 246s 22357z,668m 1245678p r57s 3z,11249m 23347p 459s 3z,3,3,4,,0,,,,,,
20260409121212_0600_001,20260409121212_0600,20260409121212,41,0029,tokujou,特上卓,0600,0,s6u,38,1p,tedashi,1775705627,1599.737,,0,,"[11,64,106,131,101,38,124,80,10,20,105,100,130,49]","[112,116,17,69,79,133,92,113,12,87,3,26,125]","[55,67,43,57,22,99,119,51,88,21,29,37,60]","[35,47,86,104,61,4,1,41,89,50,2,13,44]",336m 148p 38899s 566z,1457m 9p 246s 22357z,668m 1245678p r57s 3z,11249m 23347p 459s,2,4,2,,0,,,,,,
20260409121212_0600_002,20260409121212_0600,20260409121212,41,0029,tokujou,特上卓,0600,1,キャキャオ,69,9p,tedashi,1775705629,2312.733,,3,1307.002,"[11,64,106,131,101,124,80,10,20,105,100,130,49]","[112,116,17,69,79,133,92,113,12,87,3,26,125,103]","[55,67,43,57,22,99,119,51,88,21,29,37,60]","[35,47,86,104,61,4,1,41,89,50,2,13,44]",336m 48p 38899s 566z,1457m 9p 2468s 22357z,668m 1245678p r57s 3z,11249m 23347p 459s,4,4,5,,0,,,,,,
20260409121212_0600_003,20260409121212_0600,20260409121212,41,0029,tokujou,特上卓,0600,2,田口,119,3z,tedashi,1775705632,1130.034,,0,,"[11,64,106,131,101,124,80,10,20,105,100,130,49]","[112,116,17,79,133,92,113,12,87,3,26,125,103]","[55,67,43,57,22,99,119,51,88,21,29,37,60,84]","[35,47,86,104,61,4,1,41,89,50,2,13,44]",336m 48p 38899s 566z,1457m 2468s 22357z,668m 1245678p 4r57s 3z,11249m 23347p 459s,2,2,5,,0,,,,,,
20260409121212_0600_004,20260409121212_0600,20260409121212,41,0029,tokujou,特上卓,0600,3,ff2,72,1s,risekichu_hokan_tsumogiri,1775705634,1928.193,,0,,"[11,64,106,131,101,124,80,10,20,105,100,130,49]","[112,116,17,79,133,92,113,12,87,3,26,125,103]","[55,67,43,57,22,99,51,88,21,29,37,60,84]","[35,47,86,104,61,4,1,41,89,50,2,13,44,72]",336m 48p 38899s 566z,1457m 2468s 22357z,668m 1245678p 4r57s,11249m 23347p 1459s,3,3,4,,0,,,,,,
20260409121212_0600_005,20260409121212_0600,20260409121212,41,0029,tokujou,特上卓,0600,0,s6u,64,8p,tedashi,1775705648,14535.321,,0,,"[11,64,106,131,101,124,80,10,20,105,100,130,49,52]","[112,116,17,79,133,92,113,12,87,3,26,125,103]","[55,67,43,57,22,99,51,88,21,29,37,60,84]","[35,47,86,104,61,4,1,41,89,50,2,13,44]",336m 4r58p 38899s 566z,1457m 2468s 22357z,668m 1245678p 4r57s,11249m 23347p 459s,2,3,2,,0,5z,1061pt,6m,1060pt,8p,1060pt
20260409121212_0600_006,20260409121212_0600,20260409121212,41,0029,tokujou,特上卓,0600,1,キャキャオ,3,1m,tedashi,1775705650,1835.782,,3,961.319,"[11,106,131,101,124,80,10,20,105,100,130,49,52]","[112,116,17,79,133,92,113,12,87,3,26,125,103,18]","[55,67,43,57,22,99,51,88,21,29,37,60,84]","[35,47,86,104,61,4,1,41,89,50,2,13,44]",336m 4r5p 38899s 566z,14557m 2468s 22357z,668m 1245678p 4r57s,11249m 23347p 459s,3,3,4,,0,,,,,,
20260409121212_0600_007,20260409121212_0600,20260409121212,41,0029,tokujou,特上卓,0600,2,田口,37,1p,tedashi,1775705653,1790.407,,3,918.055,"[11,106,131,101,124,80,10,20,105,100,130,49,52]","[112,116,17,79,133,92,113,12,87,26,125,103,18]","[55,67,43,57,22,99,51,88,21,29,37,60,84,93]","[35,47,86,104,61,4,1,41,89,50,2,13,44]",336m 4r5p 38899s 566z,4557m 2468s 22357z,668m 1245678p 4r567s,11249m 23347p 459s,1,1,5,,0,,,,,,
20260409121212_0600_008,20260409121212_0600,20260409121212,41,0029,tokujou,特上卓,0600,3,ff2,35,9m,tedashi,1775705656,2705.283,,0,,"[11,106,131,101,124,80,10,20,105,100,130,49,52]","[112,116,17,79,133,92,113,12,87,26,125,103,18]","[55,67,43,57,22,99,51,88,21,29,60,84,93]","[35,47,86,104,61,4,1,41,89,50,2,13,44,97]",336m 4r5p 38899s 566z,4557m 2468s 22357z,668m 245678p 4r567s,11249m 23347p 4579s,2,2,4,,0,,,,,,
20260409121212_0600_009,20260409121212_0600,20260409121212,41,0029,tokujou,特上卓,0600,0,s6u,124,5z,tedashi,1775705660,3342.897,,0,,"[11,106,131,101,124,80,10,20,105,100,130,49,52,77]","[112,116,17,79,133,92,113,12,87,26,125,103,18]","[55,67,43,57,22,99,51,88,21,29,60,84,93]","[47,86,104,61,4,1,41,89,50,2,13,44,97]",336m 4r5p 238899s 566z,4557m 2468s 22357z,668m 245678p 4r567s,1124m 23347p 4579s,2,3,2,,0,5z,1197pt,6m,1197pt,2s,1040pt
20260409121212_0600_010,20260409121212_0600,20260409121212,41,0029,tokujou,特上卓,0600,1,キャキャオ,125,5z,tedashi,1775705662,1930.837,,0,,"[11,106,131,101,80,10,20,105,100,130,49,52,77]","[112,116,17,79,133,92,113,12,87,26,125,103,18,65]","[55,67,43,57,22,99,51,88,21,29,60,84,93]","[47,86,104,61,4,1,41,89,50,2,13,44,97]",336m 4r5p 238899s 66z,4557m 8p 2468s 22357z,668m 245678p 4r567s,1124m 23347p 4579s,3,3,4,,0,,,,,,
20260409121212_0600_011,20260409121212_0600,20260409121212,41,0029,tokujou,特上卓,0600,2,田口,43,2p,tedashi,1775705668,5800.135,,3,1223.609,"[11,106,131,101,80,10,20,105,100,130,49,52,77]","[112,116,17,79,133,92,113,12,87,26,103,18,65]","[55,67,43,57,22,99,51,88,21,29,60,84,93,48]","[47,86,104,61,4,1,41,89,50,2,13,44,97]",336m 4r5p 238899s 66z,4557m 8p 2468s 2237z,668m 2445678p 4r567s,1124m 23347p 4579s,1,1,4,,0,,,,,,
20260409121212_0600_012,20260409121212_0600,20260409121212,41,0029,tokujou,特上卓,0600,3,ff2,110,1z,risekichu_hokan_tsumogiri,1775705670,1124.894,,0,,"[11,106,131,101,80,10,20,105,100,130,49,52,77]","[112,116,17,79,133,92,113,12,87,26,103,18,65]","[55,67,57,22,99,51,88,21,29,60,84,93,48]","[47,86,104,61,4,1,41,89,50,2,13,44,97,110]",336m 4r5p 238899s 66z,4557m 8p 2468s 2237z,668m 445678p 4r567s,1124m 23347p 4579s 1z,2,2,4,,0,,,,,,
20260409121212_0600_013,20260409121212_0600,20260409121212,41,0029,tokujou,特上卓,0600,0,s6u,20,6m,tedashi,1775705674,3723.279,,2,2235.135,"[11,106,131,101,80,10,20,105,100,130,49,52,77,107]","[112,116,17,79,133,92,113,12,87,26,103,18,65]","[55,67,57,22,99,51,88,21,29,60,84,93,48]","[47,86,104,61,4,1,41,89,50,2,13,44,97]",336m 4r5p 2388999s 66z,4557m 8p 2468s 2237z,668m 445678p 4r567s,1124m 23347p 4579s,2,2,2,,0,6m,2049pt,8s,1878pt,3m,1837pt
20260409121212_0600_014,20260409121212_0600,20260409121212,41,0029,tokujou,特上卓,0600,1,キャキャオ,133,7z,tedashi,1775705678,1686.564,,0,,"[11,106,131,101,80,10,105,100,130,49,52,77,107]","[112,116,79,133,92,113,12,87,103,18,65]","[55,67,57,22,99,51,88,21,29,60,84,93,48]","[47,86,104,61,4,1,41,89,50,2,13,44,97]",33m 4r5p 2388999s 66z,45m 8p 2468s 2237z,668m 445678p 4r567s,1124m 23347p 4579s,2,2,,,0,,,,,,
20260409121212_0600_015,20260409121212_0600,20260409121212,41,0029,tokujou,特上卓,0600,2,田口,51,4p,tedashi,1775705681,3059.897,,3,920.163,"[11,106,131,101,80,10,105,100,130,49,52,77,107]","[112,116,79,92,113,12,87,103,18,65]","[55,67,57,22,99,51,88,21,29,60,84,93,48,96]","[47,86,104,61,4,1,41,89,50,2,13,44,97]",33m 4r5p 2388999s 66z,45m 8p 2468s 223z,668m 445678p 4r5677s,1124m 23347p 4579s,1,1,3,,0,,,,,,
20260409121212_0600_016,20260409121212_0600,20260409121212,41,0029,tokujou,特上卓,0600,3,ff2,47,3p,tedashi,1775705691,9793.38,,3,1325.671,"[11,106,131,101,80,10,105,100,130,49,52,77,107]","[112,116,79,92,113,12,87,103,18,65]","[55,67,57,22,99,88,21,29,60,84,93,48,96]","[47,86,104,61,4,1,41,89,50,2,13,44,97,58]",33m 4r5p 2388999s 66z,45m 8p 2468s 223z,668m 45678p 4r5677s,1124m 233467p 4579s,2,2,4,,0,,,,,,
20260409121212_0600_017,20260409121212_0600,20260409121212,41,0029,tokujou,特上卓,0600,0,s6u,0,1m,tsumogiri,1775705698,5748.486,,3,1056.358,"[11,106,131,101,80,10,105,100,130,49,52,77,107,0]","[112,116,79,92,113,12,87,103,18,65]","[55,67,57,22,99,88,21,29,60,84,93,48,96]","[86,104,61,4,1,41,89,50,2,13,44,97,58]",133m 4r5p 2388999s 66z,45m 8p 2468s 223z,668m 45678p 4r5677s,1124m 23467p 4579s,2,2,2,,0,1m,1870pt,8s,1836pt,2s,1735pt
20260409121212_0600_018,20260409121212_0600,20260409121212,41,0029,tokujou,特上卓,0600,1,キャキャオ,65,8p,tedashi,1775705702,2225.241,,3,1190.657,"[11,106,131,101,80,10,105,100,130,49,52,77,107]","[112,116,79,92,113,12,87,103,18,65,14]","[55,67,57,22,99,88,21,29,60,84,93,48,96]","[86,104,61,4,1,41,89,50,2,13,44,97,58]",33m 4r5p 2388999s 66z,445m 8p 2468s 223z,668m 45678p 4r5677s,1124m 23467p 4579s,2,2,,,0,,,,,,
20260409121212_0600_019,20260409121212_0600,20260409121212,41,0029,tokujou,特上卓,0600,2,田口,22,6m,tedashi,1775705705,971.32,1429.519,0,,"[11,106,131,101,80,10,105,100,130,49,52,77,107]","[112,116,79,92,113,12,87,103,18,14]","[55,67,57,22,99,88,21,29,60,84,93,48,96,27]","[86,104,61,4,1,41,89,50,2,13,44,97,58]",33m 4r5p 2388999s 66z,445m 2468s 223z,6678m 45678p 4r5677s,1124m 23467p 4579s,0,0,4,369p,0,,,,,,
20260409121212_0600_020,20260409121212_0600,20260409121212,41,0029,tokujou,特上卓,0600,3,ff2,41,2p,tedashi,1775705711,5870.637,,0,,"[11,106,131,101,80,10,105,100,130,49,52,77,107]","[112,116,79,92,113,12,87,103,18,14]","[55,67,57,99,88,21,29,60,84,93,48,96,27]","[86,104,61,4,1,41,89,50,2,13,44,97,58,56]",33m 4r5p 2388999s 66z,445m 2468s 223z,678m 45678p 4r5677s,1124m 234667p 4579s,2,2,4,,0,,,,,,
20260409121212_0600_021,20260409121212_0600,20260409121212,41,0029,tokujou,特上卓,0600,0,s6u,10,3m,tedashi,1775705716,5217.632,,3,1573.107,"[11,106,131,101,80,10,105,100,130,49,52,77,107,59]","[112,116,79,92,113,12,87,103,18,14]","[55,67,57,99,88,21,29,60,84,93,48,96,27]","[86,104,61,4,1,89,50,2,13,44,97,58,56]",33m 4r56p 2388999s 66z,445m 2468s 223z,678m 45678p 4r5677s,1124m 34667p 4579s,1,1,2,,0,8s,2379pt,3m,2309pt,6z,2121pt
20260409121212_0600_022,20260409121212_0600,20260409121212,41,0029,tokujou,特上卓,0600,1,キャキャオ,116,3z,tedashi,1775705721,2859.203,,0,,"[11,106,131,101,80,105,100,130,49,52,77,107,59]","[112,116,79,92,113,12,87,103,18,14,34]","[55,67,57,99,88,21,29,60,84,93,48,96,27]","[86,104,61,4,1,89,50,2,13,44,97,58,56]",3m 4r56p 2388999s 66z,4459m 2468s 223z,678m 45678p 4r5677s,1124m 34667p 4579s,2,2,,,0,,,,,,
20260409121212_0600_023,20260409121212_0600,20260409121212,41,0029,tokujou,特上卓,0600,2,田口,120,4z,risekichu_hokan_tsumogiri,1775705722,743.261,,0,,"[11,106,131,101,80,105,100,130,49,52,77,107,59]","[112,79,92,113,12,87,103,18,14,34]","[55,67,57,99,88,21,29,60,84,93,48,96,27,120]","[86,104,61,4,1,89,50,2,13,44,97,58,56]",3m 4r56p 2388999s 66z,4459m 2468s 22z,678m 45678p 4r5677s 4z,1124m 34667p 4579s,0,0,5,369p,0,,,,,,
20260409121212_0600_024,20260409121212_0600,20260409121212,41,0029,tokujou,特上卓,0600,3,ff2,50,4p,tedashi,1775705723,1874.7,,3,1089.052,"[11,106,131,101,80,105,100,130,49,52,77,107,59]","[112,79,92,113,12,87,103,18,14,34]","[55,67,57,99,88,21,29,60,84,93,48,96,27]","[86,104,61,4,1,89,50,2,13,44,97,58,56,71]",3m 4r56p 2388999s 66z,4459m 2468s 22z,678m 45678p 4r5677s,1124m 346679p 4579s,3,3,4,,0,,,,,,
20260409121212_0600_025,20260409121212_0600,20260409121212,41,0029,tokujou,特上卓,0600,0,s6u,11,3m,tedashi,1775705726,1788.989,,3,1260.132,"[11,106,131,101,80,105,100,130,49,52,77,107,59,19]","[112,79,92,113,12,87,103,18,14,34]","[55,67,57,99,88,21,29,60,84,93,48,96,27]","[86,104,61,4,1,89,2,13,44,97,58,56,71]",35m 4r56p 2388999s 66z,4459m 2468s 22z,678m 45678p 4r5677s,1124m 36679p 4579s,1,1,3,,0,5m,2195pt,3m,2161pt,8s,2048pt
20260409121212_0600_026,20260409121212_0600,20260409121212,41,0029,tokujou,特上卓,0600,1,キャキャオ,34,9m,tedashi,1775705729,1875.68,,0,,"[106,131,101,80,105,100,130,49,52,77,107,59,19]","[112,79,92,113,12,87,103,18,14,34,68]","[55,67,57,99,88,21,29,60,84,93,48,96,27]","[86,104,61,4,1,89,2,13,44,97,58,56,71]",5m 4r56p 2388999s 66z,4459m 9p 2468s 22z,678m 45678p 4r5677s,1124m 36679p 4579s,2,2,,,0,,,,,,
20260409121212_0600_027,20260409121212_0600,20260409121212,41,0029,tokujou,特上卓,0600,2,田口,25,7m,risekichu_hokan_tsumogiri,1775705730,1077.103,,0,,"[106,131,101,80,105,100,130,49,52,77,107,59,19]","[112,79,92,113,12,87,103,18,14,68]","[55,67,57,99,88,21,29,60,84,93,48,96,27,25]","[86,104,61,4,1,89,2,13,44,97,58,56,71]",5m 4r56p 2388999s 66z,445m 9p 2468s 22z,6778m 45678p 4r5677s,1124m 36679p 4579s,0,0,4,369p,0,,,,,,
20260409121212_0600_028,20260409121212_0600,20260409121212,41,0029,tokujou,特上卓,0600,3,ff2,61,7p,tedashi,1775705735,4333.197,,3,1153.32,"[106,131,101,80,105,100,130,49,52,77,107,59,19]","[112,79,92,113,12,87,103,18,14,68]","[55,67,57,99,88,21,29,60,84,93,48,96,27]","[86,104,61,4,1,89,2,13,44,97,58,56,71,53]",5m 4r56p 2388999s 66z,445m 9p 2468s 22z,678m 45678p 4r5677s,1124m 356679p 4579s,2,2,4,,0,,,,,,
20260409121212_0600_029,20260409121212_0600,20260409121212,41,0029,tokujou,特上卓,0600,0,s6u,131,6z,tedashi,1775705741,4839.724,,0,,"[106,131,101,80,105,100,130,49,52,77,107,59,19,66]","[112,79,92,113,12,87,103,18,14,68]","[55,67,57,99,88,21,29,60,84,93,48,96,27]","[86,104,4,1,89,2,13,44,97,58,56,71,53]",5m 4r568p 2388999s 66z,445m 9p 2468s 22z,678m 45678p 4r5677s,1124m 35669p 4579s,1,1,3,,0,5m,2092pt,8p,2046pt,8s,1482pt
20260409121212_0600_030,20260409121212_0600,20260409121212,41,0029,tokujou,特上卓,0600,1,キャキャオ,112,2z,tedashi,1775705743,2554.153,,0,,"[106,101,80,105,100,130,49,52,77,107,59,19,66]","[112,79,92,113,12,87,103,18,14,68,45]","[55,67,57,99,88,21,29,60,84,93,48,96,27]","[86,104,4,1,89,2,13,44,97,58,56,71,53]",5m 4r568p 2388999s 6z,445m 39p 2468s 22z,678m 45678p 4r5677s,1124m 35669p 4579s,2,2,,,0,,,,,,
20260409121212_0600_031,20260409121212_0600,20260409121212,41,0029,tokujou,特上卓,0600,2,田口,82,3s,risekichu_hokan_tsumogiri,1775705744,950.785,,3,1242.11,"[106,101,80,105,100,130,49,52,77,107,59,19,66]","[79,92,113,12,87,103,18,14,68,45]","[55,67,57,99,88,21,29,60,84,93,48,96,27,82]","[86,104,4,1,89,2,13,44,97,58,56,71,53]",5m 4r568p 2388999s 6z,445m 39p 2468s 2z,678m 45678p 34r5677s,1124m 35669p 4579s,0,0,5,369p,0,,,,,,
20260409121212_0600_032,20260409121212_0600,20260409121212,41,0029,tokujou,特上卓,0600,3,ff2,42,2p,risekichu_hokan_tsumogiri,1775705747,1588.098,,0,,"[106,101,80,105,100,130,49,52,77,107,59,19,66]","[79,92,113,12,87,103,18,14,68,45]","[55,67,57,99,88,21,29,60,84,93,48,96,27]","[86,104,4,1,89,2,13,44,97,58,56,71,53,42]",5m 4r568p 2388999s 6z,445m 39p 2468s 2z,678m 45678p 4r5677s,1124m 235669p 4579s,3,3,4,,0,,,,,,
20260409121212_0600_033,20260409121212_0600,20260409121212,41,0029,tokujou,特上卓,0600,0,s6u,128,6z,tsumogiri,1775705749,1616.145,,0,,"[106,101,80,105,100,130,49,52,77,107,59,19,66,128]","[79,92,113,12,87,103,18,14,68,45]","[55,67,57,99,88,21,29,60,84,93,48,96,27]","[86,104,4,1,89,2,13,44,97,58,56,71,53]",5m 4r568p 2388999s 66z,445m 39p 2468s 2z,678m 45678p 4r5677s,1124m 35669p 4579s,1,1,3,,0,5m,1609pt,8p,1540pt,8s,1216pt
20260409121212_0600_034,20260409121212_0600,20260409121212,41,0029,tokujou,特上卓,0600,1,キャキャオ,113,2z,tedashi,1775705752,3669.451,,0,,"[106,101,80,105,100,130,49,52,77,107,59,19,66]","[79,92,113,12,87,103,18,14,68,45,85]","[55,67,57,99,88,21,29,60,84,93,48,96,27]","[86,104,4,1,89,2,13,44,97,58,56,71,53]",5m 4r568p 2388999s 6z,445m 39p 24468s 2z,678m 45678p 4r5677s,1124m 35669p 4579s,3,3,,,0,,,,,,
20260409121212_0600_035,20260409121212_0600,20260409121212,41,0029,tokujou,特上卓,0600,2,田口,28,8m,risekichu_hokan_tsumogiri,1775705753,772.752,,0,,"[106,101,80,105,100,130,49,52,77,107,59,19,66]","[79,92,12,87,103,18,14,68,45,85]","[55,67,57,99,88,21,29,60,84,93,48,96,27,28]","[86,104,4,1,89,2,13,44,97,58,56,71,53]",5m 4r568p 2388999s 6z,445m 39p 24468s,6788m 45678p 4r5677s,1124m 35669p 4579s,0,0,4,369p,0,,,,,,
20260409121212_0600_036,20260409121212_0600,20260409121212,41,0029,tokujou,特上卓,0600,3,ff2,2,1m,tedashi,1775705763,9357.059,,0,,"[106,101,80,105,100,130,49,52,77,107,59,19,66]","[79,92,12,87,103,18,14,68,45,85]","[55,67,57,99,88,21,29,60,84,93,48,96,27]","[86,104,4,1,89,2,13,44,97,58,56,71,53,74]",5m 4r568p 2388999s 6z,445m 39p 24468s,678m 45678p 4r5677s,1124m 35669p 14579s,3,3,4,,0,,,,,,
20260409121212_0600_037,20260409121212_0600,20260409121212,41,0029,tokujou,特上卓,0600,0,s6u,40,2p,tsumogiri,1775705767,3987.669,,0,,"[106,101,80,105,100,130,49,52,77,107,59,19,66,40]","[79,92,12,87,103,18,14,68,45,85]","[55,67,57,99,88,21,29,60,84,93,48,96,27]","[86,104,4,1,89,13,44,97,58,56,71,53,74]",5m 24r568p 2388999s 6z,445m 39p 24468s,678m 45678p 4r5677s,124m 35669p 14579s,2,2,4,,0,,,,,,
20260409121212_0600_038,20260409121212_0600,20260409121212,41,0029,tokujou,特上卓,0600,1,キャキャオ,109,1z,risekichu_hokan_tsumogiri,1775705769,2518.273,,0,,"[106,101,80,105,100,130,49,52,77,107,59,19,66]","[79,92,12,87,103,18,14,68,45,85,109]","[55,67,57,99,88,21,29,60,84,93,48,96,27]","[86,104,4,1,89,13,44,97,58,56,71,53,74]",5m 4r568p 2388999s 6z,445m 39p 24468s 1z,678m 45678p 4r5677s,124m 35669p 14579s,3,3,,,0,,,,,,
20260409121212_0600_039,20260409121212_0600,20260409121212,41,0029,tokujou,特上卓,0600,2,田口,7,2m,risekichu_hokan_tsumogiri,1775705770,826.945,,0,,"[106,101,80,105,100,130,49,52,77,107,59,19,66]","[79,92,12,87,103,18,14,68,45,85]","[55,67,57,99,88,21,29,60,84,93,48,96,27,7]","[86,104,4,1,89,13,44,97,58,56,71,53,74]",5m 4r568p 2388999s 6z,445m 39p 24468s,2678m 45678p 4r5677s,124m 35669p 14579s,0,0,5,369p,0,,,,,,
20260409121212_0600_040,20260409121212_0600,20260409121212,41,0029,tokujou,特上卓,0600,3,ff2,1,1m,tedashi,1775705772,2332.473,,0,,"[106,101,80,105,100,130,49,52,77,107,59,19,66]","[79,92,12,87,103,18,14,68,45,85]","[55,67,57,99,88,21,29,60,84,93,48,96,27]","[86,104,4,1,89,13,44,97,58,56,71,53,74,83]",5m 4r568p 2388999s 6z,445m 39p 24468s,678m 45678p 4r5677s,124m 35669p 134579s,2,2,5,,0,,,,,,
20260409121212_0600_041,20260409121212_0600,20260409121212,41,0029,tokujou,特上卓,0600,0,s6u,130,6z,tedashi,1775705774,1785.334,,0,,"[106,101,80,105,100,130,49,52,77,107,59,19,66,98]","[79,92,12,87,103,18,14,68,45,85]","[55,67,57,99,88,21,29,60,84,93,48,96,27]","[86,104,4,89,13,44,97,58,56,71,53,74,83]",5m 4r568p 23788999s 6z,445m 39p 24468s,678m 45678p 4r5677s,24m 35669p 134579s,2,2,4,,0,,,,,,
20260409121212_0600_042,20260409121212_0600,20260409121212,41,0029,tokujou,特上卓,0600,1,キャキャオ,108,1z,risekichu_hokan_tsumogiri,1775705776,2294.064,,0,,"[106,101,80,105,100,49,52,77,107,59,19,66,98]","[79,92,12,87,103,18,14,68,45,85,108]","[55,67,57,99,88,21,29,60,84,93,48,96,27]","[86,104,4,89,13,44,97,58,56,71,53,74,83]",5m 4r568p 23788999s,445m 39p 24468s 1z,678m 45678p 4r5677s,24m 35669p 134579s,3,3,,,0,,,,,,
20260409121212_0600_043,20260409121212_0600,20260409121212,41,0029,tokujou,特上卓,0600,2,田口,30,8m,risekichu_hokan_tsumogiri,1775705777,858.911,,0,,"[106,101,80,105,100,49,52,77,107,59,19,66,98]","[79,92,12,87,103,18,14,68,45,85]","[55,67,57,99,88,21,29,60,84,93,48,96,27,30]","[86,104,4,89,13,44,97,58,56,71,53,74,83]",5m 4r568p 23788999s,445m 39p 24468s,6788m 45678p 4r5677s,24m 35669p 134579s,0,0,4,369p,0,,,,,,
20260409121212_0600_044,20260409121212_0600,20260409121212,41,0029,tokujou,特上卓,0600,3,ff2,83,3s,tedashi,1775705786,9250.752,,0,,"[106,101,80,105,100,49,52,77,107,59,19,66,98]","[79,92,12,87,103,18,14,68,45,85]","[55,67,57,99,88,21,29,60,84,93,48,96,27]","[86,104,4,89,13,44,97,58,56,71,53,74,83,46]",5m 4r568p 23788999s,445m 39p 24468s,678m 45678p 4r5677s,24m 335669p 134579s,2,2,4,,0,,,,,,
20260409121212_0600_045,20260409121212_0600,20260409121212,41,0029,tokujou,特上卓,0600,0,s6u,19,5m,tedashi,1775705788,1864.943,,0,,"[106,101,80,105,100,49,52,77,107,59,19,66,98,54]","[79,92,12,87,103,18,14,68,45,85]","[55,67,57,99,88,21,29,60,84,93,48,96,27]","[86,104,4,89,13,44,97,58,56,71,53,74,46]",5m 4r5568p 23788999s,445m 39p 24468s,678m 45678p 4r5677s,24m 335669p 14579s,2,2,3,,0,,,,,,
20260409121212_0600_046,20260409121212_0600,20260409121212,41,0029,tokujou,特上卓,0600,1,キャキャオ,18,5m,tedashi,1775705791,3176.78,,0,,"[106,101,80,105,100,49,52,77,107,59,66,98,54]","[79,92,12,87,103,18,14,68,45,85,78]","[55,67,57,99,88,21,29,60,84,93,48,96,27]","[86,104,4,89,13,44,97,58,56,71,53,74,46]",4r5568p 23788999s,445m 39p 224468s,678m 45678p 4r5677s,24m 335669p 14579s,2,2,,,0,,,,,,
20260409121212_0600_047,20260409121212_0600,20260409121212,41,0029,tokujou,特上卓,0600,2,田口,23,6m,risekichu_hokan_tsumogiri,1775705792,844.456,,0,,"[106,101,80,105,100,49,52,77,107,59,66,98,54]","[79,92,12,87,103,14,68,45,85,78]","[55,67,57,99,88,21,29,60,84,93,48,96,27,23]","[86,104,4,89,13,44,97,58,56,71,53,74,46]",4r5568p 23788999s,44m 39p 224468s,6678m 45678p 4r5677s,24m 335669p 14579s,0,0,4,369p,0,,,,,,
20260409121212_0600_048,20260409121212_0600,20260409121212,41,0029,tokujou,特上卓,0600,3,ff2,4,2m,tedashi,1775705794,1943.07,,0,,"[106,101,80,105,100,49,52,77,107,59,66,98,54]","[79,92,12,87,103,14,68,45,85,78]","[55,67,57,99,88,21,29,60,84,93,48,96,27]","[86,104,4,89,13,44,97,58,56,71,53,74,46,76]",4r5568p 23788999s,44m 39p 224468s,678m 45678p 4r5677s,24m 335669p 124579s,3,3,4,,0,,,,,,
20260409121212_0600_049,20260409121212_0600,20260409121212,41,0029,tokujou,特上卓,0600,0,s6u,16,r5m,tsumogiri,1775705796,1922.784,,0,,"[106,101,80,105,100,49,52,77,107,59,66,98,54,16]","[79,92,12,87,103,14,68,45,85,78]","[55,67,57,99,88,21,29,60,84,93,48,96,27]","[86,104,89,13,44,97,58,56,71,53,74,46,76]",r5m 4r5568p 23788999s,44m 39p 224468s,678m 45678p 4r5677s,4m 335669p 124579s,2,2,3,,0,,,,,,
20260409121212_0600_050,20260409121212_0600,20260409121212,41,0029,tokujou,特上卓,0600,1,キャキャオ,135,7z,risekichu_hokan_tsumogiri,1775705804,8169.823,,0,,"[106,101,80,105,100,49,52,77,107,59,66,98,54]","[79,92,12,87,103,14,68,45,85,78,135]","[55,67,57,99,88,21,29,60,84,93,48,96,27]","[86,104,89,13,44,97,58,56,71,53,74,46,76]",4r5568p 23788999s,44m 39p 224468s 7z,678m 45678p 4r5677s,4m 335669p 124579s,2,2,,,0,,,,,,
20260409121212_0600_051,20260409121212_0600,20260409121212,41,0029,tokujou,特上卓,0600,2,田口,111,1z,risekichu_hokan_tsumogiri,1775705805,1024.249,,0,,"[106,101,80,105,100,49,52,77,107,59,66,98,54]","[79,92,12,87,103,14,68,45,85,78]","[55,67,57,99,88,21,29,60,84,93,48,96,27,111]","[86,104,89,13,44,97,58,56,71,53,74,46,76]",4r5568p 23788999s,44m 39p 224468s,678m 45678p 4r5677s 1z,4m 335669p 124579s,0,0,5,369p,0,,,,,,
20260409121212_0600_052,20260409121212_0600,20260409121212,41,0029,tokujou,特上卓,0600,3,ff2,129,6z,risekichu_hokan_tsumogiri,1775705808,2909.148,,0,,"[106,101,80,105,100,49,52,77,107,59,66,98,54]","[79,92,12,87,103,14,68,45,85,78]","[55,67,57,99,88,21,29,60,84,93,48,96,27]","[86,104,89,13,44,97,58,56,71,53,74,46,76,129]",4r5568p 23788999s,44m 39p 224468s,678m 45678p 4r5677s,4m 335669p 124579s 6z,3,3,4,,0,,,,,,
20260409121212_0600_053,20260409121212_0600,20260409121212,41,0029,tokujou,特上卓,0600,0,s6u,33,9m,tsumogiri,1775705814,5562.319,,0,,"[106,101,80,105,100,49,52,77,107,59,66,98,54,33]","[79,92,12,87,103,14,68,45,85,78]","[55,67,57,99,88,21,29,60,84,93,48,96,27]","[86,104,89,13,44,97,58,56,71,53,74,46,76]",9m 4r5568p 23788999s,44m 39p 224468s,678m 45678p 4r5677s,4m 335669p 124579s,2,2,3,,0,,,,,,
20260409121212_0600_054,20260409121212_0600,20260409121212,41,0029,tokujou,特上卓,0600,1,キャキャオ,134,7z,risekichu_hokan_tsumogiri,1775705816,2068.805,,0,,"[106,101,80,105,100,49,52,77,107,59,66,98,54]","[79,92,12,87,103,14,68,45,85,78,134]","[55,67,57,99,88,21,29,60,84,93,48,96,27]","[86,104,89,13,44,97,58,56,71,53,74,46,76]",4r5568p 23788999s,44m 39p 224468s 7z,678m 45678p 4r5677s,4m 335669p 124579s,2,2,,,0,,,,,,
20260409121212_0600_055,20260409121212_0600,20260409121212,41,0029,tokujou,特上卓,0600,2,田口,115,2z,risekichu_hokan_tsumogiri,1775705817,983.454,,0,,"[106,101,80,105,100,49,52,77,107,59,66,98,54]","[79,92,12,87,103,14,68,45,85,78]","[55,67,57,99,88,21,29,60,84,93,48,96,27,115]","[86,104,89,13,44,97,58,56,71,53,74,46,76]",4r5568p 23788999s,44m 39p 224468s,678m 45678p 4r5677s 2z,4m 335669p 124579s,0,0,5,369p,0,,,,,,
20260409121212_0600_056,20260409121212_0600,20260409121212,41,0029,tokujou,特上卓,0600,3,ff2,5,2m,risekichu_hokan_tsumogiri,1775705819,2139.973,,0,,"[106,101,80,105,100,49,52,77,107,59,66,98,54]","[79,92,12,87,103,14,68,45,85,78]","[55,67,57,99,88,21,29,60,84,93,48,96,27]","[86,104,89,13,44,97,58,56,71,53,74,46,76,5]",4r5568p 23788999s,44m 39p 224468s,678m 45678p 4r5677s,24m 335669p 124579s,3,3,4,,0,,,,,,
20260409121212_0600_057,20260409121212_0600,20260409121212,41,0029,tokujou,特上卓,0600,0,s6u,49,4p,tedashi,1775705821,2163.484,,0,,"[106,101,80,105,100,49,52,77,107,59,66,98,54,90]","[79,92,12,87,103,14,68,45,85,78]","[55,67,57,99,88,21,29,60,84,93,48,96,27]","[86,104,89,13,44,97,58,56,71,53,74,46,76]",4r5568p 235788999s,44m 39p 224468s,678m 45678p 4r5677s,4m 335669p 124579s,1,1,3,,0,,,,,,
20260409121212_0600_058,20260409121212_0600,20260409121212,41,0029,tokujou,特上卓,0600,1,キャキャオ,32,9m,risekichu_hokan_tsumogiri,1775705823,1888.07,,0,,"[106,101,80,105,100,52,77,107,59,66,98,54,90]","[79,92,12,87,103,14,68,45,85,78,32]","[55,67,57,99,88,21,29,60,84,93,48,96,27]","[86,104,89,13,44,97,58,56,71,53,74,46,76]",r5568p 235788999s,449m 39p 224468s,678m 45678p 4r5677s,4m 335669p 124579s,2,2,,,0,,,,,,
20260409121212_0600_059,20260409121212_0600,20260409121212,41,0029,tokujou,特上卓,0600,2,田口,126,5z,risekichu_hokan_tsumogiri,1775705824,788.765,,0,,"[106,101,80,105,100,52,77,107,59,66,98,54,90]","[79,92,12,87,103,14,68,45,85,78]","[55,67,57,99,88,21,29,60,84,93,48,96,27,126]","[86,104,89,13,44,97,58,56,71,53,74,46,76]",r5568p 235788999s,44m 39p 224468s,678m 45678p 4r5677s 5z,4m 335669p 124579s,0,0,5,369p,0,,,,,,
20260409121212_0600_060,20260409121212_0600,20260409121212,41,0029,tokujou,特上卓,0600,3,ff2,6,2m,risekichu_hokan_tsumogiri,1775705826,2058.009,,0,,"[106,101,80,105,100,52,77,107,59,66,98,54,90]","[79,92,12,87,103,14,68,45,85,78]","[55,67,57,99,88,21,29,60,84,93,48,96,27]","[86,104,89,13,44,97,58,56,71,53,74,46,76,6]",r5568p 235788999s,44m 39p 224468s,678m 45678p 4r5677s,24m 335669p 124579s,3,3,4,,0,,,,,,
20260409121212_0600_061,20260409121212_0600,20260409121212,41,0029,tokujou,特上卓,0600,0,s6u,121,4z,tsumogiri,1775705830,3670.553,,0,,"[106,101,80,105,100,52,77,107,59,66,98,54,90,121]","[79,92,12,87,103,14,68,45,85,78]","[55,67,57,99,88,21,29,60,84,93,48,96,27]","[86,104,89,13,44,97,58,56,71,53,74,46,76]",r5568p 235788999s 4z,44m 39p 224468s,678m 45678p 4r5677s,4m 335669p 124579s,2,2,3,,0,,,,,,
20260409121212_0600_062,20260409121212_0600,20260409121212,41,0029,tokujou,特上卓,0600,1,キャキャオ,39,1p,risekichu_hokan_tsumogiri,1775705831,1869.13,,0,,"[106,101,80,105,100,52,77,107,59,66,98,54,90]","[79,92,12,87,103,14,68,45,85,78,39]","[55,67,57,99,88,21,29,60,84,93,48,96,27]","[86,104,89,13,44,97,58,56,71,53,74,46,76]",r5568p 235788999s,44m 139p 224468s,678m 45678p 4r5677s,4m 335669p 124579s,2,2,,,0,,,,,,
20260409121212_0600_063,20260409121212_0600,20260409121212,41,0029,tokujou,特上卓,0600,2,田口,15,4m,risekichu_hokan_tsumogiri,1775705832,801.831,,3,1488.373,"[106,101,80,105,100,52,77,107,59,66,98,54,90]","[79,92,12,87,103,14,68,45,85,78]","[55,67,57,99,88,21,29,60,84,93,48,96,27,15]","[86,104,89,13,44,97,58,56,71,53,74,46,76]",r5568p 235788999s,44m 39p 224468s,4678m 45678p 4r5677s,4m 335669p 124579s,0,0,5,369p,0,,,,,,
20260409121212_0600_064,20260409121212_0600,20260409121212,41,0029,tokujou,特上卓,0600,3,ff2,13,4m,tedashi,1775705835,1725.127,,3,1423.797,"[106,101,80,105,100,52,77,107,59,66,98,54,90]","[79,92,12,87,103,14,68,45,85,78]","[55,67,57,99,88,21,29,60,84,93,48,96,27]","[86,104,89,13,44,97,58,56,71,53,74,46,76,132]",r5568p 235788999s,44m 39p 224468s,678m 45678p 4r5677s,4m 335669p 124579s 7z,3,3,4,,0,,,,,,
20260409121212_0600_065,20260409121212_0600,20260409121212,41,0029,tokujou,特上卓,0600,0,s6u,80,3s,tedashi,1775705840,2862.487,,3,1717.495,"[106,101,80,105,100,52,77,107,59,66,98,54,90,62]","[79,92,12,87,103,14,68,45,85,78]","[55,67,57,99,88,21,29,60,84,93,48,96,27]","[86,104,89,44,97,58,56,71,53,74,46,76,132]",r55678p 235788999s,44m 39p 224468s,678m 45678p 4r5677s,335669p 124579s 7z,1,1,3,,0,,,,,,
20260409121212_0600_066,20260409121212_0600,20260409121212,41,0029,tokujou,特上卓,0600,1,キャキャオ,12,4m,tedashi,1775705843,1627.194,,0,,"[106,101,105,100,52,77,107,59,66,98,54,90,62]","[79,92,12,87,103,14,68,45,85,78,102]","[55,67,57,99,88,21,29,60,84,93,48,96,27]","[86,104,89,44,97,58,56,71,53,74,46,76,132]",r55678p 25788999s,44m 39p 2244688s,678m 45678p 4r5677s,335669p 124579s 7z,2,2,,,0,,,,,,
20260409121212_0600_067,20260409121212_0600,20260409121212,41,0029,tokujou,特上卓,0600,2,田口,8,3m,risekichu_hokan_tsumogiri,1775705844,846.675,,0,,"[106,101,105,100,52,77,107,59,66,98,54,90,62]","[79,92,87,103,14,68,45,85,78,102]","[55,67,57,99,88,21,29,60,84,93,48,96,27,8]","[86,104,89,44,97,58,56,71,53,74,46,76,132]",r55678p 25788999s,4m 39p 2244688s,3678m 45678p 4r5677s,335669p 124579s 7z,0,0,5,369p,0,,,,,,
20260409121212_0600_068,20260409121212_0600,20260409121212,41,0029,tokujou,特上卓,0600,3,ff2,132,7z,tedashi,1775705846,2169.142,,0,,"[106,101,105,100,52,77,107,59,66,98,54,90,62]","[79,92,87,103,14,68,45,85,78,102]","[55,67,57,99,88,21,29,60,84,93,48,96,27]","[86,104,89,44,97,58,56,71,53,74,46,76,132,117]",r55678p 25788999s,4m 39p 2244688s,678m 45678p 4r5677s,335669p 124579s 37z,3,3,4,,0,,,,,,
20260409121212_0600_069,20260409121212_0600,20260409121212,41,0029,tokujou,特上卓,0600,0,s6u,114,2z,tsumogiri,1775705848,2112.957,,0,,"[106,101,105,100,52,77,107,59,66,98,54,90,62,114]","[79,92,87,103,14,68,45,85,78,102]","[55,67,57,99,88,21,29,60,84,93,48,96,27]","[86,104,89,44,97,58,56,71,53,74,46,76,117]",r55678p 25788999s 2z,4m 39p 2244688s,678m 45678p 4r5677s,335669p 124579s 3z,1,1,3,,0,,,,,,
20260409121212_0600_070,20260409121212_0600,20260409121212,41,0029,tokujou,特上卓,0600,1,キャキャオ,14,4m,tedashi,1775705849,1166.022,,0,,"[106,101,105,100,52,77,107,59,66,98,54,90,62]","[79,92,87,103,14,68,45,85,78,102,123]","[55,67,57,99,88,21,29,60,84,93,48,96,27]","[86,104,89,44,97,58,56,71,53,74,46,76,117]",r55678p 25788999s,4m 39p 2244688s 4z,678m 45678p 4r5677s,335669p 124579s 3z,3,3,,,0,,,,,,
20260409121212_0701_000,20260409121212_0701,20260409121212,41,0029,tokujou,特上卓,0701,0,s6u,119,3z,tedashi,1775705858,,,0,,"[33,86,94,43,18,72,25,114,20,126,40,79,119,108]","[90,89,21,133,55,41,17,96,92,19,24,52,93]","[16,50,32,58,110,67,4,130,95,46,69,100,62]","[68,123,83,42,38,121,117,65,77,60,61,82,15]",5679m 22p 1246s 1235z,5567m 2r55p 55667s 7z,2r59m 346789p 68s 16z,4m 127789p 233s 344z,3,3,5,,0,,,,,,
20260409121212_0701_001,20260409121212_0701,20260409121212,41,0029,tokujou,特上卓,0701,1,キャキャオ,0,1m,risekichu_hokan_tsumogiri,1775705860,1778.339,,0,,"[33,86,94,43,18,72,25,114,20,126,40,79,108]","[90,89,21,133,55,41,17,96,92,19,24,52,93,0]","[16,50,32,58,110,67,4,130,95,46,69,100,62]","[68,123,83,42,38,121,117,65,77,60,61,82,15]",5679m 22p 1246s 125z,15567m 2r55p 55667s 7z,2r59m 346789p 68s 16z,4m 127789p 233s 344z,2,2,2,,0,,,,,,
20260409121212_0701_002,20260409121212_0701,20260409121212,41,0029,tokujou,特上卓,0701,2,田口,110,1z,tedashi,1775705862,1981.276,,0,,"[33,86,94,43,18,72,25,114,20,126,40,79,108]","[90,89,21,133,55,41,17,96,92,19,24,52,93]","[16,50,32,58,110,67,4,130,95,46,69,100,62,99]","[68,123,83,42,38,121,117,65,77,60,61,82,15]",5679m 22p 1246s 125z,5567m 2r55p 55667s 7z,2r59m 346789p 678s 16z,4m 127789p 233s 344z,3,3,6,,0,,,,,,
20260409121212_0701_003,20260409121212_0701,20260409121212,41,0029,tokujou,特上卓,0701,3,ff2,117,3z,tedashi,1775705864,1996.377,,5,1551.885,"[33,86,94,43,18,72,25,114,20,126,40,79,108]","[90,89,21,133,55,41,17,96,92,19,24,52,93]","[16,50,32,58,67,4,130,95,46,69,100,62,99]","[68,123,83,42,38,121,117,65,77,60,61,82,15,53]",5679m 22p 1246s 125z,5567m 2r55p 55667s 7z,2r59m 346789p 678s 6z,4m 1257789p 233s 344z,2,2,3,,0,,,,,,
20260409121212_0701_004,20260409121212_0701,20260409121212,41,0029,tokujou,特上卓,0701,0,s6u,126,5z,tedashi,1775705866,887.635,,0,,"[33,86,94,43,18,72,25,114,20,126,40,79,108,81]","[90,89,21,133,55,41,17,96,92,19,24,52,93]","[16,50,32,58,67,4,130,95,46,69,100,62,99]","[68,123,83,42,38,121,65,77,60,61,82,15,53]",5679m 22p 12346s 125z,5567m 2r55p 55667s 7z,2r59m 346789p 678s 6z,4m 1257789p 233s 44z,2,2,5,,0,,,,,,
20260409121212_0701_005,20260409121212_0701,20260409121212,41,0029,tokujou,特上卓,0701,1,キャキャオ,133,7z,tedashi,1775705869,3105.871,,0,,"[33,86,94,43,18,72,25,114,20,40,79,108,81]","[90,89,21,133,55,41,17,96,92,19,24,52,93,51]","[16,50,32,58,67,4,130,95,46,69,100,62,99]","[68,123,83,42,38,121,65,77,60,61,82,15,53]",5679m 22p 12346s 12z,5567m 24r55p 55667s 7z,2r59m 346789p 678s 6z,4m 1257789p 233s 44z,1,1,2,,0,,,,,,
20260409121212_0701_006,20260409121212_0701,20260409121212,41,0029,tokujou,特上卓,0701,2,田口,115,2z,risekichu_hokan_tsumogiri,1775705871,1818.287,,0,,"[33,86,94,43,18,72,25,114,20,40,79,108,81]","[90,89,21,55,41,17,96,92,19,24,52,93,51]","[16,50,32,58,67,4,130,95,46,69,100,62,99,115]","[68,123,83,42,38,121,65,77,60,61,82,15,53]",5679m 22p 12346s 12z,5567m 24r55p 55667s,2r59m 346789p 678s 26z,4m 1257789p 233s 44z,3,3,6,,0,,,,,,
20260409121212_0701_007,20260409121212_0701,20260409121212,41,0029,tokujou,特上卓,0701,3,ff2,38,1p,tedashi,1775705875,4224.327,,0,,"[33,86,94,43,18,72,25,114,20,40,79,108,81]","[90,89,21,55,41,17,96,92,19,24,52,93,51]","[16,50,32,58,67,4,130,95,46,69,100,62,99]","[68,123,83,42,38,121,65,77,60,61,82,15,53,76]",5679m 22p 12346s 12z,5567m 24r55p 55667s,2r59m 346789p 678s 6z,4m 1257789p 2233s 44z,2,2,2,,0,,,,,,
20260409121212_0701_008,20260409121212_0701,20260409121212,41,0029,tokujou,特上卓,0701,0,s6u,114,2z,tedashi,1775705876,1303.727,,0,,"[33,86,94,43,18,72,25,114,20,40,79,108,81,14]","[90,89,21,55,41,17,96,92,19,24,52,93,51]","[16,50,32,58,67,4,130,95,46,69,100,62,99]","[68,123,83,42,121,65,77,60,61,82,15,53,76]",45679m 22p 12346s 12z,5567m 24r55p 55667s,2r59m 346789p 678s 6z,4m 257789p 2233s 44z,1,1,5,,0,,,,,,
20260409121212_0701_009,20260409121212_0701,20260409121212,41,0029,tokujou,特上卓,0701,1,キャキャオ,10,3m,risekichu_hokan_tsumogiri,1775705887,10359.633,,0,,"[33,86,94,43,18,72,25,20,40,79,108,81,14]","[90,89,21,55,41,17,96,92,19,24,52,93,51,10]","[16,50,32,58,67,4,130,95,46,69,100,62,99]","[68,123,83,42,121,65,77,60,61,82,15,53,76]",45679m 22p 12346s 1z,35567m 24r55p 55667s,2r59m 346789p 678s 6z,4m 257789p 2233s 44z,1,1,2,,0,,,,,,
20260409121212_0701_010,20260409121212_0701,20260409121212,41,0029,tokujou,特上卓,0701,2,田口,32,9m,tedashi,1775705889,1942.405,,0,,"[33,86,94,43,18,72,25,20,40,79,108,81,14]","[90,89,21,55,41,17,96,92,19,24,52,93,51]","[16,50,32,58,67,4,130,95,46,69,100,62,99,78]","[68,123,83,42,121,65,77,60,61,82,15,53,76]",45679m 22p 12346s 1z,5567m 24r55p 55667s,2r59m 346789p 2678s 6z,4m 257789p 2233s 44z,3,3,6,,0,,,,,,
20260409121212_0701_011,20260409121212_0701,20260409121212,41,0029,tokujou,特上卓,0701,3,ff2,42,2p,tedashi,1775705891,2072.093,,6,209.366,"[33,86,94,43,18,72,25,20,40,79,108,81,14]","[90,89,21,55,41,17,96,92,19,24,52,93,51]","[16,50,58,67,4,130,95,46,69,100,62,99,78]","[68,123,83,42,121,65,77,60,61,82,15,53,76,66]",45679m 22p 12346s 1z,5567m 24r55p 55667s,2r5m 346789p 2678s 6z,4m 2577889p 2233s 44z,1,2,1,,0,,,,,,
20260409121212_0701_012,20260409121212_0701,20260409121212,41,0029,tokujou,特上卓,0701,0,s6u,108,1z,tedashi,1775705893,2028.749,,0,,"[33,86,94,43,18,72,25,20,40,79,108,81,14,102]","[90,89,21,55,41,17,96,92,19,24,52,93,51]","[16,50,58,67,4,130,95,46,69,100,62,99,78]","[68,123,83,121,65,77,60,61,82,15,53,76,66]",45679m 22p 123468s 1z,5567m 24r55p 55667s,2r5m 346789p 2678s 6z,4m 577889p 2233s 44z,1,1,5,,0,1z,2445pt,9m,2398pt,1s,2050pt
20260409121212_0701_013,20260409121212_0701,20260409121212,41,0029,tokujou,特上卓,0701,1,キャキャオ,51,4p,tedashi,1775705896,3448.466,,0,,"[33,86,94,43,18,72,25,20,40,79,81,14,102]","[90,89,21,55,41,17,96,92,19,24,52,93,51,22]","[16,50,58,67,4,130,95,46,69,100,62,99,78]","[68,123,83,121,65,77,60,61,82,15,53,76,66]",45679m 22p 123468s,55667m 24r55p 55667s,2r5m 346789p 2678s 6z,4m 577889p 2233s 44z,1,1,1,,0,,,,,,
20260409121212_0701_014,20260409121212_0701,20260409121212,41,0029,tokujou,特上卓,0701,2,田口,130,6z,tedashi,1775705899,2302.102,,0,,"[33,86,94,43,18,72,25,20,40,79,81,14,102]","[90,89,21,55,41,17,96,92,19,24,52,93,22]","[16,50,58,67,4,130,95,46,69,100,62,99,78,101]","[68,123,83,121,65,77,60,61,82,15,53,76,66]",45679m 22p 123468s,55667m 2r55p 55667s,2r5m 346789p 26788s 6z,4m 577889p 2233s 44z,3,3,5,,0,,,,,,
20260409121212_0701_015,20260409121212_0701,20260409121212,41,0029,tokujou,特上卓,0701,3,ff2,47,3p,risekichu_hokan_tsumogiri,1775705901,2334.066,,0,,"[33,86,94,43,18,72,25,20,40,79,81,14,102]","[90,89,21,55,41,17,96,92,19,24,52,93,22]","[16,50,58,67,4,95,46,69,100,62,99,78,101]","[68,123,83,121,65,77,60,61,82,15,53,76,66,47]",45679m 22p 123468s,55667m 2r55p 55667s,2r5m 346789p 26788s,4m 3577889p 2233s 44z,1,2,1,,0,,,,,,
20260409121212_0701_016,20260409121212_0701,20260409121212,41,0029,tokujou,特上卓,0701,0,s6u,3,1m,tsumogiri,1775705908,6712.02,,0,,"[33,86,94,43,18,72,25,20,40,79,81,14,102,3]","[90,89,21,55,41,17,96,92,19,24,52,93,22]","[16,50,58,67,4,95,46,69,100,62,99,78,101]","[68,123,83,121,65,77,60,61,82,15,53,76,66]",145679m 22p 123468s,55667m 2r55p 55667s,2r5m 346789p 26788s,4m 577889p 2233s 44z,1,1,5,,0,1m,2355pt,9m,2306pt,1s,1968pt
20260409121212_0701_017,20260409121212_0701,20260409121212,41,0029,tokujou,特上卓,0701,1,キャキャオ,41,2p,tedashi,1775705912,4138.527,,3,1452.659,"[33,86,94,43,18,72,25,20,40,79,81,14,102]","[90,89,21,55,41,17,96,92,19,24,52,93,22,27]","[16,50,58,67,4,95,46,69,100,62,99,78,101]","[68,123,83,121,65,77,60,61,82,15,53,76,66]",45679m 22p 123468s,556677m 2r55p 55667s,2r5m 346789p 26788s,4m 577889p 2233s 44z,0,0,0,47s,0,,,,,,
20260409121212_0701_018,20260409121212_0701,20260409121212,41,0029,tokujou,特上卓,0701,2,田口,31,8m,risekichu_hokan_tsumogiri,1775705915,1342.597,,0,,"[33,86,94,43,18,72,25,20,40,79,81,14,102]","[90,89,21,55,17,96,92,19,24,52,93,22,27]","[16,50,58,67,4,95,46,69,100,62,99,78,101,31]","[68,123,83,121,65,77,60,61,82,15,53,76,66]",45679m 22p 123468s,556677m r55p 55667s,2r58m 346789p 26788s,4m 577889p 2233s 44z,3,3,5,,0,,,,,,
20260409121212_0701_019,20260409121212_0701,20260409121212,41,0029,tokujou,特上卓,0701,3,ff2,39,1p,risekichu_hokan_tsumogiri,1775705917,2095.357,,0,,"[33,86,94,43,18,72,25,20,40,79,81,14,102]","[90,89,21,55,17,96,92,19,24,52,93,22,27]","[16,50,58,67,4,95,46,69,100,62,99,78,101]","[68,123,83,121,65,77,60,61,82,15,53,76,66,39]",45679m 22p 123468s,556677m r55p 55667s,2r5m 346789p 26788s,4m 1577889p 2233s 44z,1,2,1,,0,,,,,,
20260409121212_0701_020,20260409121212_0701,20260409121212,41,0029,tokujou,特上卓,0701,0,s6u,111,1z,tsumogiri,1775705921,4599.536,,0,,"[33,86,94,43,18,72,25,20,40,79,81,14,102,111]","[90,89,21,55,17,96,92,19,24,52,93,22,27]","[16,50,58,67,4,95,46,69,100,62,99,78,101]","[68,123,83,121,65,77,60,61,82,15,53,76,66]",45679m 22p 123468s 1z,556677m r55p 55667s,2r5m 346789p 26788s,4m 577889p 2233s 44z,1,1,5,,0,1z,2097pt,9m,2061pt,1s,1657pt
20260409121212_0701_021,20260409121212_0701,20260409121212,41,0029,tokujou,特上卓,0701,1,キャキャオ,8,3m,risekichu_hokan_tsumogiri,1775705923,1881.401,,0,,"[33,86,94,43,18,72,25,20,40,79,81,14,102]","[90,89,21,55,17,96,92,19,24,52,93,22,27,8]","[16,50,58,67,4,95,46,69,100,62,99,78,101]","[68,123,83,121,65,77,60,61,82,15,53,76,66]",45679m 22p 123468s,3556677m r55p 55667s,2r5m 346789p 26788s,4m 577889p 2233s 44z,0,0,0,47s,0,,,,,,
20260409121212_0701_022,20260409121212_0701,20260409121212,41,0029,tokujou,特上卓,0701,2,田口,4,2m,tedashi,1775705928,4300.104,,0,,"[33,86,94,43,18,72,25,20,40,79,81,14,102]","[90,89,21,55,17,96,92,19,24,52,93,22,27]","[16,50,58,67,4,95,46,69,100,62,99,78,101,48]","[68,123,83,121,65,77,60,61,82,15,53,76,66]",45679m 22p 123468s,556677m r55p 55667s,2r5m 3446789p 26788s,4m 577889p 2233s 44z,2,2,4,,0,,,,,,
20260409121212_0701_023,20260409121212_0701,20260409121212,41,0029,tokujou,特上卓,0701,3,ff2,44,3p,risekichu_hokan_tsumogiri,1775705930,1969.464,,0,,"[33,86,94,43,18,72,25,20,40,79,81,14,102]","[90,89,21,55,17,96,92,19,24,52,93,22,27]","[16,50,58,67,95,46,69,100,62,99,78,101,48]","[68,123,83,121,65,77,60,61,82,15,53,76,66,44]",45679m 22p 123468s,556677m r55p 55667s,r5m 3446789p 26788s,4m 3577889p 2233s 44z,1,2,1,,0,,,,,,
20260409121212_0701_024,20260409121212_0701,20260409121212,41,0029,tokujou,特上卓,0701,0,s6u,131,6z,tsumogiri,1775705935,4978.686,,0,,"[33,86,94,43,18,72,25,20,40,79,81,14,102,131]","[90,89,21,55,17,96,92,19,24,52,93,22,27]","[16,50,58,67,95,46,69,100,62,99,78,101,48]","[68,123,83,121,65,77,60,61,82,15,53,76,66]",45679m 22p 123468s 6z,556677m r55p 55667s,r5m 3446789p 26788s,4m 577889p 2233s 44z,1,1,5,,0,6z,1825pt,9m,1773pt,1s,1415pt
20260409121212_0701_025,20260409121212_0701,20260409121212,41,0029,tokujou,特上卓,0701,1,キャキャオ,57,6p,risekichu_hokan_tsumogiri,1775705936,1680.916,,3,1135.351,"[33,86,94,43,18,72,25,20,40,79,81,14,102]","[90,89,21,55,17,96,92,19,24,52,93,22,27,57]","[16,50,58,67,95,46,69,100,62,99,78,101,48]","[68,123,83,121,65,77,60,61,82,15,53,76,66]",45679m 22p 123468s,556677m r556p 55667s,r5m 3446789p 26788s,4m 577889p 2233s 44z,0,0,0,47s,0,,,,,,
20260409121212_0701_026,20260409121212_0701,20260409121212,41,0029,tokujou,特上卓,0701,2,田口,129,6z,risekichu_hokan_tsumogiri,1775705938,1009.74,,0,,"[33,86,94,43,18,72,25,20,40,79,81,14,102]","[90,89,21,55,17,96,92,19,24,52,93,22,27]","[16,50,58,67,95,46,69,100,62,99,78,101,48,129]","[68,123,83,121,65,77,60,61,82,15,53,76,66]",45679m 22p 123468s,556677m r55p 55667s,r5m 3446789p 26788s 6z,4m 577889p 2233s 44z,2,2,4,,0,,,,,,
20260409121212_0701_027,20260409121212_0701,20260409121212,41,0029,tokujou,特上卓,0701,3,ff2,15,4m,tedashi,1775705941,2130.326,,6,199.623,"[33,86,94,43,18,72,25,20,40,79,81,14,102]","[90,89,21,55,17,96,92,19,24,52,93,22,27]","[16,50,58,67,95,46,69,100,62,99,78,101,48]","[68,123,83,121,65,77,60,61,82,15,53,76,66,120]",45679m 22p 123468s,556677m r55p 55667s,r5m 3446789p 26788s,4m 577889p 2233s 444z,1,1,1,,0,,,,,,
20260409121212_0701_028,20260409121212_0701,20260409121212,41,0029,tokujou,特上卓,0701,0,s6u,33,9m,tedashi,1775705946,5334.256,,0,,"[33,86,94,43,18,72,25,20,40,79,81,14,102,103]","[90,89,21,55,17,96,92,19,24,52,93,22,27]","[16,50,58,67,95,46,69,100,62,99,78,101,48]","[68,123,83,121,65,77,60,61,82,53,76,66,120]",45679m 22p 1234688s,556677m r55p 55667s,r5m 3446789p 26788s,577889p 2233s 444z,1,1,4,,0,9m,1761pt,8s,1697pt,1s,1501pt
20260409121212_0701_029,20260409121212_0701,20260409121212,41,0029,tokujou,特上卓,0701,1,キャキャオ,6,2m,risekichu_hokan_tsumogiri,1775705947,1380.045,,0,,"[86,94,43,18,72,25,20,40,79,81,14,102,103]","[90,89,21,55,17,96,92,19,24,52,93,22,27,6]","[16,50,58,67,95,46,69,100,62,99,78,101,48]","[68,123,83,121,65,77,60,61,82,53,76,66,120]",4567m 22p 1234688s,2556677m r55p 55667s,r5m 3446789p 26788s,577889p 2233s 444z,0,0,0,47s,0,,,,,,
20260409121212_0701_030,20260409121212_0701,20260409121212,41,0029,tokujou,特上卓,0701,2,田口,69,9p,tedashi,1775705953,5575.567,,3,2284.718,"[86,94,43,18,72,25,20,40,79,81,14,102,103]","[90,89,21,55,17,96,92,19,24,52,93,22,27]","[16,50,58,67,95,46,69,100,62,99,78,101,48,45]","[68,123,83,121,65,77,60,61,82,53,76,66,120]",4567m 22p 1234688s,556677m r55p 55667s,r5m 33446789p 26788s,577889p 2233s 444z,2,2,3,,0,,,,,,
20260409121212_0701_031,20260409121212_0701,20260409121212,41,0029,tokujou,特上卓,0701,3,ff2,66,8p,tedashi,1775705963,1740.582,6119.943,0,,"[86,94,43,18,72,25,20,40,79,81,14,102,103]","[90,89,21,55,17,96,92,19,24,52,93,22,27]","[16,50,58,67,95,46,100,62,99,78,101,48,45]","[68,123,83,121,65,77,60,61,82,53,76,66,120,59]",4567m 22p 1234688s,556677m r55p 55667s,r5m 3344678p 26788s,5677889p 2233s 444z,0,0,1,23s,0,,,,,,
20260409121212_0701_032,20260409121212_0701,20260409121212,41,0029,tokujou,特上卓,0701,0,s6u,14,4m,tedashi,1775705966,2845.612,,6,197.875,"[86,94,43,18,72,25,20,40,79,81,14,102,103,122]","[90,89,21,55,17,96,92,19,24,52,93,22,27]","[16,50,58,67,95,46,100,62,99,78,101,48,45]","[68,123,83,121,65,77,60,61,82,53,76,120,59]",4567m 22p 1234688s 4z,556677m r55p 55667s,r5m 3344678p 26788s,567789p 2233s 444z,1,1,4,,0,4z,1577pt,8s,1459pt,4m,1273pt
20260409121212_0701_033,20260409121212_0701,20260409121212,41,0029,tokujou,特上卓,0701,1,キャキャオ,1,1m,risekichu_hokan_tsumogiri,1775705968,1517.869,,0,,"[86,94,43,18,72,25,20,40,79,81,102,103,122]","[90,89,21,55,17,96,92,19,24,52,93,22,27,1]","[16,50,58,67,95,46,100,62,99,78,101,48,45]","[68,123,83,121,65,77,60,61,82,53,76,120,59]",567m 22p 1234688s 4z,1556677m r55p 55667s,r5m 3344678p 26788s,567789p 2233s 444z,0,0,0,47s,0,,,,,,
20260409121212_0701_034,20260409121212_0701,20260409121212,41,0029,tokujou,特上卓,0701,2,田口,127,5z,risekichu_hokan_tsumogiri,1775705969,1623.854,,0,,"[86,94,43,18,72,25,20,40,79,81,102,103,122]","[90,89,21,55,17,96,92,19,24,52,93,22,27]","[16,50,58,67,95,46,100,62,99,78,101,48,45,127]","[68,123,83,121,65,77,60,61,82,53,76,120,59]",567m 22p 1234688s 4z,556677m r55p 55667s,r5m 3344678p 26788s 5z,567789p 2233s 444z,2,2,3,,0,,,,,,
20260409121212_0701_035,20260409121212_0701,20260409121212,41,0029,tokujou,特上卓,0701,3,ff2,98,7s,risekichu_hokan_tsumogiri,1775705973,3239.727,,0,,"[86,94,43,18,72,25,20,40,79,81,102,103,122]","[90,89,21,55,17,96,92,19,24,52,93,22,27]","[16,50,58,67,95,46,100,62,99,78,101,48,45]","[68,123,83,121,65,77,60,61,82,53,76,120,59,98]",567m 22p 1234688s 4z,556677m r55p 55667s,r5m 3344678p 26788s,567789p 22337s 444z,0,0,2,23s,0,,,,,,
