discard_id,kyoku_id,hanchan_id,kyoku_info,player_rel_seat,player_name,discard_tile_136,discard_tile_37_text,tsumogiri_flag,discard_epoch_s,thinking_time_ms,thinking_time_before_reach_ms,lagged,lag_delay_ms,seat0_hand_tiles_136_json,seat1_hand_tiles_136_json,seat2_hand_tiles_136_json,seat3_hand_tiles_136_json,seat0_hand_tiles_37_text,seat1_hand_tiles_37_text,seat2_hand_tiles_37_text,seat3_hand_tiles_37_text,shanten_after_discard,shanten_normal_after_discard,shanten_chiitoitsu_after_discard,shanten_kokushi_after_discard,ryanmen_fixed_flag
20260403143738_0002_000,20260403143738_0002,20260403143738,2,2,qinqin7,34,9m,confirmed_tedashi,1775194665,7479.344,,0,,"[44,94,56,72,36,9,118,114,98,110,132,65,85,11]","[38,46,5,55,48,60,6,0,131,122,107,26,41]","[106,49,90,73,103,121,123,127,133,66,125,108,130]","[43,22,82,45,100,40,102,8,58,57,61,80,71]",33m 1368p 1467s 1237z,1227m 123457p 9s 46z,48p 1589s 1445567z,36m 2236679p 3388s,4,5,4,5,0
20260403143738_0002_001,20260403143738_0002,20260403143738,2,3,eita,71,9p,confirmed_tedashi,1775194668,2657.674,,0,,"[44,94,56,72,36,9,118,114,98,110,132,65,85,11]","[38,46,5,55,48,60,6,0,131,122,107,26,41]","[106,49,90,73,103,121,123,127,133,66,125,108,130]","[43,22,82,45,100,40,102,8,58,57,61,80,129]",33m 1368p 1467s 1237z,1227m 123457p 9s 46z,48p 1589s 1445567z,36m 223667p 3388s 6z,2,4,2,12,0
20260403143738_0002_002,20260403143738_0002,20260403143738,2,0,パシフィック,86,4s,confirmed_tedashi,1775194669,1290.247,,0,,"[44,94,56,72,36,9,118,114,98,110,132,65,85,11]","[38,46,5,55,48,60,6,0,131,122,107,26,41]","[106,49,90,73,103,121,123,127,133,66,125,108,130]","[43,22,82,45,100,40,102,8,58,57,61,80,129]",33m 1368p 1467s 1237z,1227m 123457p 9s 46z,48p 1589s 1445567z,36m 223667p 3388s 6z,,,,,
20260403143738_0002_003,20260403143738_0002,20260403143738,2,1,himeyonn,107,9s,confirmed_tedashi,1775194672,2413.081,,5,1747.272,"[44,94,56,72,36,9,118,114,98,110,132,65,85,11]","[38,46,5,55,48,60,6,0,131,122,26,41,79]","[106,49,90,73,103,121,123,127,133,66,125,108,130]","[43,22,82,45,100,40,102,8,58,57,61,80,129]",33m 1368p 1467s 1237z,1227m 123457p 2s 46z,48p 1589s 1445567z,36m 223667p 3388s 6z,4,4,5,9,0
20260403143738_0002_004,20260403143738_0002,20260403143738,2,2,qinqin7,28,8m,estimated_tsumogiri,1775194676,2526.103,,0,,"[44,94,56,72,36,9,118,114,98,110,132,65,85,11]","[38,46,5,55,48,60,6,0,131,122,26,41,79]","[106,49,90,73,103,121,123,127,133,66,125,108,130]","[43,22,82,45,100,40,102,8,58,57,61,80,129]",33m 1368p 1467s 1237z,1227m 123457p 2s 46z,48p 1589s 1445567z,36m 223667p 3388s 6z,4,5,4,5,0
20260403143738_0002_005,20260403143738_0002,20260403143738,2,3,eita,129,6z,confirmed_tedashi,1775194678,2013.17,,0,,"[44,94,56,72,36,9,118,114,98,110,132,65,85,11]","[38,46,5,55,48,60,6,0,131,122,26,41,79]","[106,49,90,73,103,121,123,127,133,66,125,108,130]","[43,22,82,45,100,40,102,8,58,57,61,80,92]",33m 1368p 1467s 1237z,1227m 123457p 2s 46z,48p 1589s 1445567z,36m 223667p 33688s,2,4,2,13,0
20260403143738_0002_006,20260403143738_0002,20260403143738,2,0,パシフィック,42,2p,confirmed_tsumogiri,1775194683,5019.961,,3,1682.37,"[44,94,56,72,36,9,118,114,98,110,132,65,85,11]","[38,46,5,55,48,60,6,0,131,122,26,41,79]","[106,49,90,73,103,121,123,127,133,66,125,108,130]","[43,22,82,45,100,40,102,8,58,57,61,80,92]",33m 1368p 1467s 1237z,1227m 123457p 2s 46z,48p 1589s 1445567z,36m 223667p 33688s,,,,,
20260403143738_0002_007,20260403143738_0002,20260403143738,2,1,himeyonn,79,2s,confirmed_tedashi,1775194689,4406.501,,0,,"[44,94,56,72,36,9,118,114,98,110,132,65,85,11]","[38,46,5,55,48,60,6,0,131,122,26,41,68]","[106,49,90,73,103,121,123,127,133,66,125,108,130]","[43,22,82,45,100,40,102,8,58,57,61,80,92]",33m 1368p 1467s 1237z,1227m 1234579p 46z,48p 1589s 1445567z,36m 223667p 33688s,3,3,5,8,0
20260403143738_0002_008,20260403143738_0002,20260403143738,2,2,qinqin7,66,8p,confirmed_tedashi,1775194693,3483.736,,3,1032.454,"[44,94,56,72,36,9,118,114,98,110,132,65,85,11]","[38,46,5,55,48,60,6,0,131,122,26,41,68]","[106,49,90,73,103,121,123,127,133,125,108,130,135]","[43,22,82,45,100,40,102,8,58,57,61,80,92]",33m 1368p 1467s 1237z,1227m 1234579p 46z,4p 1589s 14455677z,36m 223667p 33688s,3,4,3,5,0
20260403143738_0002_009,20260403143738_0002,20260403143738,2,3,eita,58,6p,confirmed_tedashi,1775194696,2345.454,,0,,"[44,94,56,72,36,9,118,114,98,110,132,65,85,11]","[38,46,5,55,48,60,6,0,131,122,26,41,68]","[106,49,90,73,103,121,123,127,133,125,108,130,135]","[43,22,82,45,100,40,102,8,57,61,80,92,19]",33m 1368p 1467s 1237z,1227m 1234579p 46z,4p 1589s 14455677z,356m 22367p 33688s,3,3,3,13,1
20260403143738_0002_010,20260403143738_0002,20260403143738,2,0,パシフィック,93,6s,confirmed_tsumogiri,1775194703,6696.306,,0,,"[44,94,56,72,36,9,118,114,98,110,132,65,85,11]","[38,46,5,55,48,60,6,0,131,122,26,41,68]","[106,49,90,73,103,121,123,127,133,125,108,130,135]","[43,22,82,45,100,40,102,8,57,61,80,92,19]",33m 1368p 1467s 1237z,1227m 1234579p 46z,4p 1589s 14455677z,356m 22367p 33688s,,,,,
20260403143738_0002_011,20260403143738_0002,20260403143738,2,1,himeyonn,122,4z,confirmed_tedashi,1775194704,1536.457,,2,3230.902,"[44,94,56,72,36,9,118,114,98,110,132,65,85,11]","[38,46,5,55,48,60,6,0,131,26,41,68,16]","[106,49,90,73,103,121,123,127,133,125,108,130,135]","[43,22,82,45,100,40,102,8,57,61,80,92,19]",33m 1368p 1467s 1237z,122r57m 1234579p 6z,4p 1589s 14455677z,356m 22367p 33688s,2,2,5,9,0
20260403143738_0002_012,20260403143738_0002,20260403143738,2,2,qinqin7,73,1s,confirmed_tedashi,1775194710,2259.496,,0,,"[44,94,56,72,36,9,118,114,98,110,132,65,85,11]","[38,46,5,55,48,60,6,0,131,26,41,68,16]","[106,49,90,103,127,133,125,108,130,135]","[43,22,82,45,100,40,102,8,57,61,80,92,19]",33m 1368p 1467s 1237z,122r57m 1234579p 6z,4p 589s 155677z,356m 22367p 33688s,3,3,,,0
20260403143738_0002_013,20260403143738_0002,20260403143738,2,3,eita,102,8s,confirmed_tedashi,1775194717,6857.114,,3,6212.584,"[44,94,56,72,36,9,118,114,98,110,132,65,85,11]","[38,46,5,55,48,60,6,0,131,26,41,68,16]","[106,49,90,103,127,133,125,108,130,135]","[43,22,82,45,100,40,8,57,61,80,92,19,18]",33m 1368p 1467s 1237z,122r57m 1234579p 6z,4p 589s 155677z,3556m 22367p 3368s,3,3,3,13,0
20260403143738_0002_021,20260403143738_0002,20260403143738,2,0,パシフィック,89,5s,confirmed_tsumogiri,1775194764,16491.644,,0,,"[9,36,44,56,65,72,85,94,98,110,114,118,132]",,,,3m 1368p 1467s 1237z,,,,5,5,6,7,0
20260403143738_0002_022,20260403143738_0002,20260403143738,2,1,himeyonn,128,6z,estimated_tsumogiri,1775194767,3471.576,,0,,"[9,36,44,56,65,72,85,94,98,110,114,118,132]",,,,3m 1368p 1467s 1237z,,,,,,,,
20260403143738_0002_023,20260403143738_0002,20260403143738,2,2,qinqin7,39,1p,estimated_tsumogiri,1775194770,2752.25,,1,1674.182,"[9,36,44,56,65,72,85,94,98,110,114,118,132]",,,,3m 1368p 1467s 1237z,,,,,,,,
20260403143738_0002_024,20260403143738_0002,20260403143738,2,3,eita,80,3s,confirmed_tedashi,1775194773,1780.314,,0,,"[9,36,44,56,65,72,85,94,98,110,114,118,132]",,,,3m 1368p 1467s 1237z,,,,,,,,
20260403143738_0002_025,20260403143738_0002,20260403143738,2,0,パシフィック,1,1m,confirmed_tsumogiri,1775194774,688.005,,0,,"[9,36,44,56,65,72,85,94,98,110,114,118,132]",,,,3m 1368p 1467s 1237z,,,,5,5,6,7,0
20260403143738_0002_026,20260403143738_0002,20260403143738,2,1,himeyonn,6,2m,confirmed_tedashi,1775194777,3274.352,,0,,"[9,36,44,56,65,72,85,94,98,110,114,118,132]",,,,3m 1368p 1467s 1237z,,,,,,,,
20260403143738_0002_027,20260403143738_0002,20260403143738,2,2,qinqin7,49,4p,confirmed_tedashi,1775194781,3274.085,,2,2499.296,"[9,36,44,56,65,72,85,94,98,110,114,118,132]",,,,3m 1368p 1467s 1237z,,,,,,,,
20260403143738_0002_028,20260403143738_0002,20260403143738,2,3,eita,8,3m,confirmed_tedashi,1775194786,3361.606,,0,,"[9,36,44,56,65,72,85,94,98,110,114,118,132]",,,,3m 1368p 1467s 1237z,,,,,,,,
20260403143738_0002_029,20260403143738_0002,20260403143738,2,0,パシフィック,117,3z,confirmed_tsumogiri,1775194787,711.021,,0,,"[9,36,44,56,65,72,85,94,98,110,114,118,132]",,,,3m 1368p 1467s 1237z,,,,5,5,6,7,0
20260403143738_0002_030,20260403143738_0002,20260403143738,2,1,himeyonn,0,1m,confirmed_tedashi,1775194790,2814.95,,0,,"[9,36,44,56,65,72,85,94,98,110,114,118,132]",,,,3m 1368p 1467s 1237z,,,,,,,,
20260403143738_0002_031,20260403143738_0002,20260403143738,2,2,qinqin7,106,9s,confirmed_tedashi,1775194794,3703.335,,0,,"[9,36,44,56,65,72,85,94,98,110,114,118,132]",,,,3m 1368p 1467s 1237z,,,,,,,,
20260403143738_0002_032,20260403143738_0002,20260403143738,2,3,eita,10,3m,estimated_tsumogiri,1775194796,2258.785,,0,,"[9,36,44,56,65,72,85,94,98,110,114,118,132]",,,,3m 1368p 1467s 1237z,,,,,,,,
20260403143738_0002_033,20260403143738_0002,20260403143738,2,0,パシフィック,59,6p,confirmed_tsumogiri,1775194797,685.593,,1,3442.466,"[9,36,44,56,65,72,85,94,98,110,114,118,132]",,,,3m 1368p 1467s 1237z,,,,5,5,6,7,0
20260403143738_0002_034,20260403143738_0002,20260403143738,2,1,himeyonn,5,2m,confirmed_tedashi,1775194802,2085.884,,0,,"[9,36,44,56,65,72,85,94,98,110,114,118,132]",,,,3m 1368p 1467s 1237z,,,,,,,,
20260403143738_0002_035,20260403143738_0002,20260403143738,2,2,qinqin7,103,8s,confirmed_tedashi,1775194804,1463.313,,0,,"[9,36,44,56,65,72,85,94,98,110,114,118,132]",,,,3m 1368p 1467s 1237z,,,,,,,,
20260403143738_0002_036,20260403143738_0002,20260403143738,2,3,eita,43,2p,confirmed_tedashi,1775194806,2223.256,,1,197.707,"[9,36,44,56,65,72,85,94,98,110,114,118,132]",,,,3m 1368p 1467s 1237z,,,,,,,,
20260403143738_0002_037,20260403143738_0002,20260403143738,2,0,パシフィック,53,5p,confirmed_tsumogiri,1775194807,484.792,,1,2484.953,"[9,36,44,56,65,72,85,94,98,110,114,118,132]",,,,3m 1368p 1467s 1237z,,,,5,5,6,7,0
20260403143738_0002_038,20260403143738_0002,20260403143738,2,1,himeyonn,115,2z,confirmed_tedashi,1775194811,2200.089,,0,,"[9,36,44,56,65,72,85,94,98,110,114,118,132]",,,,3m 1368p 1467s 1237z,,,,,,,,
20260403143738_0002_039,20260403143738_0002,20260403143738,2,2,qinqin7,3,1m,confirmed_tedashi,1775194813,1463.415,,0,,"[9,36,44,56,65,72,85,94,98,110,114,118,132]",,,,3m 1368p 1467s 1237z,,,,,,,,
20260403143738_0002_040,20260403143738_0002,20260403143738,2,3,eita,2,1m,estimated_tsumogiri,1775194815,1998.654,,0,,"[9,36,44,56,65,72,85,94,98,110,114,118,132]",,,,3m 1368p 1467s 1237z,,,,,,,,
20260403143738_0002_041,20260403143738_0002,20260403143738,2,0,パシフィック,105,9s,confirmed_tsumogiri,1775194815,682.488,,0,,"[9,36,44,56,65,72,85,94,98,110,114,118,132]",,,,3m 1368p 1467s 1237z,,,,5,5,6,7,0
20260403143738_0002_042,20260403143738_0002,20260403143738,2,1,himeyonn,101,8s,confirmed_tedashi,1775194821,5175.314,,0,,"[9,36,44,56,65,72,85,94,98,110,114,118,132]",,,,3m 1368p 1467s 1237z,,,,,,,,
20260403143738_0002_043,20260403143738_0002,20260403143738,2,2,qinqin7,90,5s,confirmed_tedashi,1775194822,1216.368,,2,1351.672,"[9,36,44,56,65,72,85,94,98,110,114,118,132]",,,,3m 1368p 1467s 1237z,,,,,,,,
20260403143738_0002_044,20260403143738_0002,20260403143738,2,3,eita,100,8s,confirmed_tedashi,1775194824,1209.148,,1,209.849,"[9,36,44,56,65,72,85,94,98,110,114,118,132]",,,,3m 1368p 1467s 1237z,,,,,,,,
20260403143738_0002_045,20260403143738_0002,20260403143738,2,0,パシフィック,75,1s,confirmed_tsumogiri,1775194825,485.845,,0,,"[9,36,44,56,65,72,85,94,98,110,114,118,132]",,,,3m 1368p 1467s 1237z,,,,5,5,6,7,0
20260403143738_0002_046,20260403143738_0002,20260403143738,2,1,himeyonn,97,7s,estimated_tsumogiri,1775194828,3278.744,,0,,"[9,36,44,56,65,72,85,94,98,110,114,118,132]",,,,3m 1368p 1467s 1237z,,,,,,,,
20260403143738_0002_047,20260403143738_0002,20260403143738,2,2,qinqin7,54,5p,estimated_tsumogiri,1775194831,3044.583,,1,1252.136,"[9,36,44,56,65,72,85,94,98,110,114,118,132]",,,,3m 1368p 1467s 1237z,,,,,,,,
20260403143738_0002_048,20260403143738_0002,20260403143738,2,3,eita,4,2m,estimated_tsumogiri,1775194834,1453.878,,0,,"[9,36,44,56,65,72,85,94,98,110,114,118,132]",,,,3m 1368p 1467s 1237z,,,,,,,,
20260403143738_0002_049,20260403143738_0002,20260403143738,2,0,パシフィック,25,7m,confirmed_tsumogiri,1775194835,684.667,,0,,"[9,36,44,56,65,72,85,94,98,110,114,118,132]",,,,3m 1368p 1467s 1237z,,,,5,5,6,7,0
20260403143738_0100_000,20260403143738_0100,20260403143738,100,3,eita,112,2z,confirmed_tedashi,1775194851,6011.446,,0,,"[48,32,132,125,73,47,95,51,17,0,22,34,3]","[59,120,72,127,43,23,82,96,117,88,103,131,63]","[6,25,110,89,40,70,104,116,121,29,134,99,71]","[30,44,21,52,128,123,122,126,105,107,38,74,9]",115699m 344p 16s 57z,6m 267p 13r578s 3456z,278m 299p 579s 1347z,368m 13r5p 199s 4456z,4,4,4,6,0
20260403143738_0100_001,20260403143738_0100,20260403143738,100,0,パシフィック,15,4m,confirmed_tsumogiri,1775194851,694.857,,0,,"[48,32,132,125,73,47,95,51,17,0,22,34,3]","[59,120,72,127,43,23,82,96,117,88,103,131,63]","[6,25,110,89,40,70,104,116,121,29,134,99,71]","[30,44,21,52,128,123,122,126,105,107,38,74,9]",115699m 344p 16s 57z,6m 267p 13r578s 3456z,278m 299p 579s 1347z,368m 13r5p 199s 4456z,3,4,3,7,0
20260403143738_0100_002,20260403143738_0100,20260403143738,100,1,himeyonn,120,4z,confirmed_tedashi,1775194854,2491.549,,3,1302.91,"[48,32,132,125,73,47,95,51,17,0,22,34,3]","[59,72,127,43,23,82,96,117,88,103,131,63,76]","[6,25,110,89,40,70,104,116,121,29,134,99,71]","[30,44,21,52,128,123,122,126,105,107,38,74,9]",115699m 344p 16s 57z,6m 267p 123r578s 356z,278m 299p 579s 1347z,368m 13r5p 199s 4456z,4,4,6,9,0
20260403143738_0100_003,20260403143738_0100,20260403143738,100,2,qinqin7,116,3z,confirmed_tedashi,1775194856,1268.829,,0,,"[48,32,132,125,73,47,95,51,17,0,22,34,3]","[59,72,127,43,23,82,96,117,88,103,131,63,76]","[6,25,110,89,40,70,104,121,29,134,99,71,27]","[30,44,21,52,128,123,122,126,105,107,38,74,9]",115699m 344p 16s 57z,6m 267p 123r578s 356z,2778m 299p 579s 147z,368m 13r5p 199s 4456z,4,5,4,7,0
20260403143738_0100_004,20260403143738_0100,20260403143738,100,3,eita,74,1s,confirmed_tedashi,1775194863,6564.226,,0,,"[48,32,132,125,73,47,95,51,17,0,22,34,3]","[59,72,127,43,23,82,96,117,88,103,131,63,76]","[6,25,110,89,40,70,104,121,29,134,99,71,27]","[30,44,21,52,128,123,122,126,105,107,38,9,91]",115699m 344p 16s 57z,6m 267p 123r578s 356z,2778m 299p 579s 147z,368m 13r5p 599s 4456z,4,4,4,7,0
20260403143738_0100_005,20260403143738_0100,20260403143738,100,0,パシフィック,5,2m,confirmed_tsumogiri,1775194864,690.377,,0,,"[48,32,132,125,73,47,95,51,17,0,22,34,3]","[59,72,127,43,23,82,96,117,88,103,131,63,76]","[6,25,110,89,40,70,104,121,29,134,99,71,27]","[30,44,21,52,128,123,122,126,105,107,38,9,91]",115699m 344p 16s 57z,6m 267p 123r578s 356z,2778m 299p 579s 147z,368m 13r5p 599s 4456z,3,4,3,7,0
20260403143738_0100_006,20260403143738_0100,20260403143738,100,1,himeyonn,117,3z,confirmed_tedashi,1775194866,2058.869,,0,,"[48,32,132,125,73,47,95,51,17,0,22,34,3]","[59,72,127,43,23,82,96,88,103,131,63,76,90]","[6,25,110,89,40,70,104,121,29,134,99,71,27]","[30,44,21,52,128,123,122,126,105,107,38,9,91]",115699m 344p 16s 57z,6m 267p 123r5578s 56z,2778m 299p 579s 147z,368m 13r5p 599s 4456z,3,3,5,10,0
20260403143738_0100_007,20260403143738_0100,20260403143738,100,2,qinqin7,110,1z,confirmed_tedashi,1775194869,3310.673,,0,,"[48,32,132,125,73,47,95,51,17,0,22,34,3]","[59,72,127,43,23,82,96,88,103,131,63,76,90]","[6,25,89,40,70,104,121,29,134,99,71,27,66]","[30,44,21,52,128,123,122,126,105,107,38,9,91]",115699m 344p 16s 57z,6m 267p 123r5578s 56z,2778m 2899p 579s 47z,368m 13r5p 599s 4456z,4,5,4,8,0
20260403143738_0100_008,20260403143738_0100,20260403143738,100,3,eita,9,3m,confirmed_tedashi,1775194872,3067.623,,0,,"[48,32,132,125,73,47,95,51,17,0,22,34,3]","[59,72,127,43,23,82,96,88,103,131,63,76,90]","[6,25,89,40,70,104,121,29,134,99,71,27,66]","[30,44,21,52,128,123,122,126,105,107,38,91,65]",115699m 344p 16s 57z,6m 267p 123r5578s 56z,2778m 2899p 579s 47z,68m 13r58p 599s 4456z,4,4,4,7,0
20260403143738_0100_009,20260403143738_0100,20260403143738,100,0,パシフィック,124,5z,confirmed_tsumogiri,1775194873,692.567,,0,,"[48,32,132,125,73,47,95,51,17,0,22,34,3]","[59,72,127,43,23,82,96,88,103,131,63,76,90]","[6,25,89,40,70,104,121,29,134,99,71,27,66]","[30,44,21,52,128,123,122,126,105,107,38,91,65]",115699m 344p 16s 57z,6m 267p 123r5578s 56z,2778m 2899p 579s 47z,68m 13r58p 599s 4456z,3,4,3,7,0
20260403143738_0100_010,20260403143738_0100,20260403143738,100,1,himeyonn,127,5z,confirmed_tedashi,1775194876,3355.268,,0,,"[48,32,132,125,73,47,95,51,17,0,22,34,3]","[59,72,43,23,82,96,88,103,131,63,76,90,41]","[6,25,89,40,70,104,121,29,134,99,71,27,66]","[30,44,21,52,128,123,122,126,105,107,38,91,65]",115699m 344p 16s 57z,6m 2267p 123r5578s 6z,2778m 2899p 579s 47z,68m 13r58p 599s 4456z,2,2,4,11,0
20260403143738_0100_011,20260403143738_0100,20260403143738,100,2,qinqin7,40,2p,confirmed_tedashi,1775194879,2907.801,,3,1492.372,"[48,32,132,125,73,47,95,51,17,0,22,34,3]","[59,72,43,23,82,96,88,103,131,63,76,90,41]","[6,25,89,70,104,121,29,134,99,71,27,66,8]","[30,44,21,52,128,123,122,126,105,107,38,91,65]",115699m 344p 16s 57z,6m 2267p 123r5578s 6z,23778m 899p 579s 47z,68m 13r58p 599s 4456z,4,4,4,8,0
20260403143738_0100_012,20260403143738_0100,20260403143738,100,3,eita,126,5z,confirmed_tedashi,1775194882,1837.781,,0,,"[48,32,132,125,73,47,95,51,17,0,22,34,3]","[59,72,43,23,82,96,88,103,131,63,76,90,41]","[6,25,89,70,104,121,29,134,99,71,27,66,8]","[30,44,21,52,128,123,122,105,107,38,91,65,58]",115699m 344p 16s 57z,6m 2267p 123r5578s 6z,23778m 899p 579s 47z,68m 13r568p 599s 446z,3,3,4,8,0
20260403143738_0100_013,20260403143738_0100,20260403143738,100,0,パシフィック,39,1p,confirmed_tsumogiri,1775194883,708.195,,0,,"[48,32,132,125,73,47,95,51,17,0,22,34,3]","[59,72,43,23,82,96,88,103,131,63,76,90,41]","[6,25,89,70,104,121,29,134,99,71,27,66,8]","[30,44,21,52,128,123,122,105,107,38,91,65,58]",115699m 344p 16s 57z,6m 2267p 123r5578s 6z,23778m 899p 579s 47z,68m 13r568p 599s 446z,3,4,3,7,0
20260403143738_0100_014,20260403143738_0100,20260403143738,100,1,himeyonn,131,6z,confirmed_tedashi,1775194885,2374.755,,0,,"[48,32,132,125,73,47,95,51,17,0,22,34,3]","[59,72,43,23,82,96,88,103,63,76,90,41,28]","[6,25,89,70,104,121,29,134,99,71,27,66,8]","[30,44,21,52,128,123,122,105,107,38,91,65,58]",115699m 344p 16s 57z,68m 2267p 123r5578s,23778m 899p 579s 47z,68m 13r568p 599s 446z,2,2,4,12,0
20260403143738_0100_015,20260403143738_0100,20260403143738,100,2,qinqin7,121,4z,confirmed_tedashi,1775194890,4825.424,,3,1231.918,"[48,32,132,125,73,47,95,51,17,0,22,34,3]","[59,72,43,23,82,96,88,103,63,76,90,41,28]","[6,25,89,70,104,29,134,99,71,27,66,8,67]","[30,44,21,52,128,123,122,105,107,38,91,65,58]",115699m 344p 16s 57z,68m 2267p 123r5578s,23778m 8899p 579s 7z,68m 13r568p 599s 446z,3,3,3,9,0
20260403143738_0100_016,20260403143738_0100,20260403143738,100,3,eita,128,6z,confirmed_tedashi,1775194895,3859.641,,0,,"[48,32,132,125,73,47,95,51,17,0,22,34,3]","[59,72,43,23,82,96,88,103,63,76,90,41,28]","[6,25,89,70,104,29,134,99,71,27,66,8,67]","[30,44,21,52,123,122,105,107,38,91,65,58,56]",115699m 344p 16s 57z,68m 2267p 123r5578s,23778m 8899p 579s 7z,68m 13r5668p 599s 44z,3,3,3,9,0
20260403143738_0100_017,20260403143738_0100,20260403143738,100,0,パシフィック,45,3p,confirmed_tsumogiri,1775194896,708.848,,0,,"[48,32,132,125,73,47,95,51,17,0,22,34,3]","[59,72,43,23,82,96,88,103,63,76,90,41,28]","[6,25,89,70,104,29,134,99,71,27,66,8,67]","[30,44,21,52,123,122,105,107,38,91,65,58,56]",115699m 344p 16s 57z,68m 2267p 123r5578s,23778m 8899p 579s 7z,68m 13r5668p 599s 44z,3,4,3,7,0
20260403143738_0100_018,20260403143738_0100,20260403143738,100,1,himeyonn,43,2p,confirmed_tedashi,1775194901,5134.262,,0,,"[48,32,132,125,73,47,95,51,17,0,22,34,3]","[59,72,23,82,96,88,103,63,76,90,41,28,24]","[6,25,89,70,104,29,134,99,71,27,66,8,67]","[30,44,21,52,123,122,105,107,38,91,65,58,56]",115699m 344p 16s 57z,678m 267p 123r5578s,23778m 8899p 579s 7z,68m 13r5668p 599s 44z,1,1,5,12,0
20260403143738_0100_019,20260403143738_0100,20260403143738,100,2,qinqin7,134,7z,confirmed_tedashi,1775194904,2789.405,,0,,"[48,32,132,125,73,47,95,51,17,0,22,34,3]","[59,72,23,82,96,88,103,63,76,90,41,28,24]","[6,25,89,70,104,29,99,71,27,66,8,67,100]","[30,44,21,52,123,122,105,107,38,91,65,58,56]",115699m 344p 16s 57z,678m 267p 123r5578s,23778m 8899p 5789s,68m 13r5668p 599s 44z,2,2,3,10,0
20260403143738_0100_020,20260403143738_0100,20260403143738,100,3,eita,38,1p,confirmed_tedashi,1775194913,9087.533,,0,,"[48,32,132,125,73,47,95,51,17,0,22,34,3]","[59,72,23,82,96,88,103,63,76,90,41,28,24]","[6,25,89,70,104,29,99,71,27,66,8,67,100]","[30,44,21,52,123,122,105,107,91,65,58,56,101]",115699m 344p 16s 57z,678m 267p 123r5578s,23778m 8899p 5789s,68m 3r5668p 5899s 44z,3,3,3,10,0
20260403143738_0100_021,20260403143738_0100,20260403143738,100,0,パシフィック,19,5m,confirmed_tsumogiri,1775194914,682.083,,3,2590.155,"[48,32,132,125,73,47,95,51,17,0,22,34,3]","[59,72,23,82,96,88,103,63,76,90,41,28,24]","[6,25,89,70,104,29,99,71,27,66,8,67,100]","[30,44,21,52,123,122,105,107,91,65,58,56,101]",115699m 344p 16s 57z,678m 267p 123r5578s,23778m 8899p 5789s,68m 3r5668p 5899s 44z,3,4,3,7,1
20260403143738_0100_022,20260403143738_0100,20260403143738,100,1,himeyonn,111,1z,estimated_tsumogiri,1775194918,1730.345,,0,,"[48,32,132,125,73,47,95,51,17,0,22,34,3]","[59,72,23,82,96,88,103,63,76,90,41,28,24]","[6,25,89,70,104,29,99,71,27,66,8,67,100]","[30,44,21,52,123,122,105,107,91,65,58,56,101]",115699m 344p 16s 57z,678m 267p 123r5578s,23778m 8899p 5789s,68m 3r5668p 5899s 44z,1,1,5,12,0
20260403143738_0100_023,20260403143738_0100,20260403143738,100,2,qinqin7,46,3p,estimated_tsumogiri,1775194921,2748.495,,0,,"[48,32,132,125,73,47,95,51,17,0,22,34,3]","[59,72,23,82,96,88,103,63,76,90,41,28,24]","[6,25,89,70,104,29,99,71,27,66,8,67,100]","[30,44,21,52,123,122,105,107,91,65,58,56,101]",115699m 344p 16s 57z,678m 267p 123r5578s,23778m 8899p 5789s,68m 3r5668p 5899s 44z,2,2,3,10,0
20260403143738_0100_024,20260403143738_0100,20260403143738,100,3,eita,107,9s,confirmed_tedashi,1775194923,2674.581,,0,,"[48,32,132,125,73,47,95,51,17,0,22,34,3]","[59,72,23,82,96,88,103,63,76,90,41,28,24]","[6,25,89,70,104,29,99,71,27,66,8,67,100]","[30,44,21,52,123,122,105,91,65,58,56,101,60]",115699m 344p 16s 57z,678m 267p 123r5578s,23778m 8899p 5789s,68m 3r56678p 589s 44z,2,2,4,10,0
20260403143738_0100_025,20260403143738_0100,20260403143738,100,0,パシフィック,20,6m,confirmed_tsumogiri,1775194924,687.234,,3,2920.194,"[48,32,132,125,73,47,95,51,17,0,22,34,3]","[59,72,23,82,96,88,103,63,76,90,41,28,24]","[6,25,89,70,104,29,99,71,27,66,8,67,100]","[30,44,21,52,123,122,105,91,65,58,56,101,60]",115699m 344p 16s 57z,678m 267p 123r5578s,23778m 8899p 5789s,68m 3r56678p 589s 44z,3,4,3,7,1
20260403143738_0100_026,20260403143738_0100,20260403143738,100,1,himeyonn,41,2p,confirmed_tedashi,1775194930,2820.01,,0,,"[48,32,132,125,73,47,95,51,17,0,22,34,3]","[59,72,23,82,96,88,103,63,76,90,28,24,33]","[6,25,89,70,104,29,99,71,27,66,8,67,100]","[30,44,21,52,123,122,105,91,65,58,56,101,60]",115699m 344p 16s 57z,6789m 67p 123r5578s,23778m 8899p 5789s,68m 3r56678p 589s 44z,1,1,5,11,0
20260403143738_0100_027,20260403143738_0100,20260403143738,100,2,qinqin7,6,2m,confirmed_tedashi,1775194937,7031.056,,0,,"[48,32,132,125,73,47,95,51,17,0,22,34,3]","[59,72,23,82,96,88,103,63,76,90,28,24,33]","[25,89,70,104,29,99,71,27,66,8,67,100,97]","[30,44,21,52,123,122,105,91,65,58,56,101,60]",115699m 344p 16s 57z,6789m 67p 123r5578s,3778m 8899p 57789s,68m 3r56678p 589s 44z,2,2,2,10,0
20260403143738_0100_028,20260403143738_0100,20260403143738,100,3,eita,44,3p,confirmed_tedashi,1775194939,2143.799,,0,,"[48,32,132,125,73,47,95,51,17,0,22,34,3]","[59,72,23,82,96,88,103,63,76,90,28,24,33]","[25,89,70,104,29,99,71,27,66,8,67,100,97]","[30,21,52,123,122,105,91,65,58,56,101,60,7]",115699m 344p 16s 57z,6789m 67p 123r5578s,3778m 8899p 57789s,268m r56678p 589s 44z,2,2,4,10,0
20260403143738_0100_029,20260403143738_0100,20260403143738,100,0,パシフィック,85,4s,confirmed_tsumogiri,1775194940,697.401,,3,3317.497,"[48,32,132,125,73,47,95,51,17,0,22,34,3]","[59,72,23,82,96,88,103,63,76,90,28,24,33]","[25,89,70,104,29,99,71,27,66,8,67,100,97]","[30,21,52,123,122,105,91,65,58,56,101,60,7]",115699m 344p 16s 57z,6789m 67p 123r5578s,3778m 8899p 57789s,268m r56678p 589s 44z,3,4,3,7,0
20260403143738_0100_030,20260403143738_0100,20260403143738,100,1,himeyonn,33,9m,confirmed_tedashi,1775194946,3072.875,,3,2809.428,"[48,32,132,125,73,47,95,51,17,0,22,34,3]","[59,72,23,82,96,88,103,63,76,90,28,24,78]","[25,89,70,104,29,99,71,27,66,8,67,100,97]","[30,21,52,123,122,105,91,65,58,56,101,60,7]",115699m 344p 16s 57z,678m 67p 1223r5578s,3778m 8899p 57789s,268m r56678p 589s 44z,1,1,4,12,0
20260403143738_0100_031,20260403143738_0100,20260403143738,100,2,qinqin7,8,3m,confirmed_tedashi,1775194952,2609.228,,0,,"[48,32,132,125,73,47,95,51,17,0,22,34,3]","[59,72,23,82,96,88,103,63,76,90,28,24,78]","[25,89,70,104,29,99,71,27,66,67,100,97,86]","[30,21,52,123,122,105,91,65,58,56,101,60,7]",115699m 344p 16s 57z,678m 67p 1223r5578s,778m 8899p 457789s,268m r56678p 589s 44z,2,2,2,10,0
20260403143738_0100_032,20260403143738_0100,20260403143738,100,3,eita,2,1m,estimated_tsumogiri,1775194956,4221.265,,3,203.468,"[48,32,132,125,73,47,95,51,17,0,22,34,3]","[59,72,23,82,96,88,103,63,76,90,28,24,78]","[25,89,70,104,29,99,71,27,66,67,100,97,86]","[30,21,52,123,122,105,91,65,58,56,101,60,7]",115699m 344p 16s 57z,678m 67p 1223r5578s,778m 8899p 457789s,268m r56678p 589s 44z,2,2,4,10,0
20260403143738_0100_033,20260403143738_0100,20260403143738,100,0,パシフィック,92,6s,confirmed_tsumogiri,1775194956,484.263,,3,2341.189,"[48,32,132,125,73,47,95,51,17,0,22,34,3]","[59,72,23,82,96,88,103,63,76,90,28,24,78]","[25,89,70,104,29,99,71,27,66,67,100,97,86]","[30,21,52,123,122,105,91,65,58,56,101,60,7]",115699m 344p 16s 57z,678m 67p 1223r5578s,778m 8899p 457789s,268m r56678p 589s 44z,3,4,3,7,0
20260403143738_0100_034,20260403143738_0100,20260403143738,100,1,himeyonn,10,3m,estimated_tsumogiri,1775194960,1629.416,,0,,"[48,32,132,125,73,47,95,51,17,0,22,34,3]","[59,72,23,82,96,88,103,63,76,90,28,24,78]","[25,89,70,104,29,99,71,27,66,67,100,97,86]","[30,21,52,123,122,105,91,65,58,56,101,60,7]",115699m 344p 16s 57z,678m 67p 1223r5578s,778m 8899p 457789s,268m r56678p 589s 44z,1,1,4,12,0
20260403143738_0100_035,20260403143738_0100,20260403143738,100,2,qinqin7,99,7s,confirmed_tedashi,1775194963,2577.736,,3,1070.075,"[48,32,132,125,73,47,95,51,17,0,22,34,3]","[59,72,23,82,96,88,103,63,76,90,28,24,78]","[25,89,70,104,29,71,27,66,67,100,97,86,81]","[30,21,52,123,122,105,91,65,58,56,101,60,7]",115699m 344p 16s 57z,678m 67p 1223r5578s,778m 8899p 345789s,268m r56678p 589s 44z,1,1,3,10,0
20260403143738_0100_036,20260403143738_0100,20260403143738,100,3,eita,7,2m,confirmed_tedashi,1775194966,1919.436,,0,,"[48,32,132,125,73,47,95,51,17,0,22,34,3]","[59,72,23,82,96,88,103,63,76,90,28,24,78]","[25,89,70,104,29,71,27,66,67,100,97,86,81]","[30,21,52,123,122,105,91,65,58,56,101,60,68]",115699m 344p 16s 57z,678m 67p 1223r5578s,778m 8899p 345789s,68m r566789p 589s 44z,2,2,4,9,0
20260403143738_0100_037,20260403143738_0100,20260403143738,100,0,パシフィック,77,2s,confirmed_tsumogiri,1775194967,695.044,,3,3117.548,"[48,32,132,125,73,47,95,51,17,0,22,34,3]","[59,72,23,82,96,88,103,63,76,90,28,24,78]","[25,89,70,104,29,71,27,66,67,100,97,86,81]","[30,21,52,123,122,105,91,65,58,56,101,60,68]",115699m 344p 16s 57z,678m 67p 1223r5578s,778m 8899p 345789s,68m r566789p 589s 44z,3,4,3,7,0
20260403143738_0100_038,20260403143738_0100,20260403143738,100,1,himeyonn,42,2p,estimated_tsumogiri,1775194971,1449.584,,0,,"[48,32,132,125,73,47,95,51,17,0,22,34,3]","[59,72,23,82,96,88,103,63,76,90,28,24,78]","[25,89,70,104,29,71,27,66,67,100,97,86,81]","[30,21,52,123,122,105,91,65,58,56,101,60,68]",115699m 344p 16s 57z,678m 67p 1223r5578s,778m 8899p 345789s,68m r566789p 589s 44z,1,1,4,12,0
20260403143738_0100_039,20260403143738_0100,20260403143738,100,2,qinqin7,108,1z,estimated_tsumogiri,1775194973,2132.958,,0,,"[48,32,132,125,73,47,95,51,17,0,22,34,3]","[59,72,23,82,96,88,103,63,76,90,28,24,78]","[25,89,70,104,29,71,27,66,67,100,97,86,81]","[30,21,52,123,122,105,91,65,58,56,101,60,68]",115699m 344p 16s 57z,678m 67p 1223r5578s,778m 8899p 345789s,68m r566789p 589s 44z,1,1,3,10,0
20260403143738_0100_040,20260403143738_0100,20260403143738,100,3,eita,58,6p,confirmed_tedashi,1775194976,2629.846,,0,,"[48,32,132,125,73,47,95,51,17,0,22,34,3]","[59,72,23,82,96,88,103,63,76,90,28,24,78]","[25,89,70,104,29,71,27,66,67,100,97,86,81]","[30,21,52,123,122,105,91,65,56,101,60,68,106]",115699m 344p 16s 57z,678m 67p 1223r5578s,778m 8899p 345789s,68m r56789p 5899s 44z,2,2,4,9,0
20260403143738_0100_041,20260403143738_0100,20260403143738,100,0,パシフィック,98,7s,confirmed_tsumogiri,1775194977,684.321,,0,,"[48,32,132,125,73,47,95,51,17,0,22,34,3]","[59,72,23,82,96,88,103,63,76,90,28,24,78]","[25,89,70,104,29,71,27,66,67,100,97,86,81]","[30,21,52,123,122,105,91,65,56,101,60,68,106]",115699m 344p 16s 57z,678m 67p 1223r5578s,778m 8899p 345789s,68m r56789p 5899s 44z,3,4,3,7,0
20260403143738_0100_042,20260403143738_0100,20260403143738,100,1,himeyonn,78,2s,confirmed_tedashi,1775194980,3414.216,,3,2190.99,"[48,32,132,125,73,47,95,51,17,0,22,34,3]","[59,72,23,82,96,88,103,63,76,90,28,24,54]","[25,89,70,104,29,71,27,66,67,100,97,86,81]","[30,21,52,123,122,105,91,65,56,101,60,68,106]",115699m 344p 16s 57z,678m 567p 123r5578s,778m 8899p 345789s,68m r56789p 5899s 44z,0,0,5,12,0
20260403143738_0100_043,20260403143738_0100,20260403143738,100,2,qinqin7,115,2z,estimated_tsumogiri,1775194983,849.747,,0,,"[48,32,132,125,73,47,95,51,17,0,22,34,3]","[59,72,23,82,96,88,103,63,76,90,28,24,54]","[25,89,70,104,29,71,27,66,67,100,97,86,81]","[30,21,52,123,122,105,91,65,56,101,60,68,106]",115699m 344p 16s 57z,678m 567p 123r5578s,778m 8899p 345789s,68m r56789p 5899s 44z,1,1,3,10,0
20260403143738_0100_044,20260403143738_0100,20260403143738,100,3,eita,91,5s,confirmed_tedashi,1775194986,3091.267,,3,2077.173,"[48,32,132,125,73,47,95,51,17,0,22,34,3]","[59,72,23,82,96,88,103,63,76,90,28,24,54]","[25,89,70,104,29,71,27,66,67,100,97,86,81]","[30,21,52,123,122,105,65,56,101,60,68,106,35]",115699m 344p 16s 57z,678m 567p 123r5578s,778m 8899p 345789s,689m r56789p 899s 44z,2,2,4,8,0
20260403143738_0100_045,20260403143738_0100,20260403143738,100,0,パシフィック,4,2m,confirmed_tsumogiri,1775194989,215.346,,0,,"[48,32,132,125,73,47,95,51,17,0,22,34,3]","[59,72,23,82,96,88,103,63,76,90,28,24,54]","[25,89,70,104,29,71,27,66,67,100,97,86,81]","[30,21,52,123,122,105,65,56,101,60,68,106,35]",115699m 344p 16s 57z,678m 567p 123r5578s,778m 8899p 345789s,689m r56789p 899s 44z,3,4,3,7,0
20260403143738_0100_046,20260403143738_0100,20260403143738,100,1,himeyonn,62,7p,estimated_tsumogiri,1775194991,2574.61,,3,2384.806,"[48,32,132,125,73,47,95,51,17,0,22,34,3]","[59,72,23,82,96,88,103,63,76,90,28,24,54]","[25,89,70,104,29,71,27,66,67,100,97,86,81]","[30,21,52,123,122,105,65,56,101,60,68,106,35]",115699m 344p 16s 57z,678m 567p 123r5578s,778m 8899p 345789s,689m r56789p 899s 44z,0,0,5,12,0
20260403143738_0100_047,20260403143738_0100,20260403143738,100,2,qinqin7,11,3m,estimated_tsumogiri,1775194995,1197.24,,0,,"[48,32,132,125,73,47,95,51,17,0,22,34,3]","[59,72,23,82,96,88,103,63,76,90,28,24,54]","[25,89,70,104,29,71,27,66,67,100,97,86,81]","[30,21,52,123,122,105,65,56,101,60,68,106,35]",115699m 344p 16s 57z,678m 567p 123r5578s,778m 8899p 345789s,689m r56789p 899s 44z,1,1,3,10,0
20260403143738_0100_048,20260403143738_0100,20260403143738,100,3,eita,21,6m,confirmed_tedashi,1775194997,2250.605,,0,,"[48,32,132,125,73,47,95,51,17,0,22,34,3]","[59,72,23,82,96,88,103,63,76,90,28,24,54]","[25,89,70,104,29,71,27,66,67,100,97,86,81]","[30,52,123,122,105,65,56,101,60,68,106,35,118]",115699m 344p 16s 57z,678m 567p 123r5578s,778m 8899p 345789s,89m r56789p 899s 344z,2,2,4,7,0
20260403143738_0100_049,20260403143738_0100,20260403143738,100,0,パシフィック,37,1p,confirmed_tsumogiri,1775194998,687.288,,0,,"[48,32,132,125,73,47,95,51,17,0,22,34,3]","[59,72,23,82,96,88,103,63,76,90,28,24,54]","[25,89,70,104,29,71,27,66,67,100,97,86,81]","[30,52,123,122,105,65,56,101,60,68,106,35,118]",115699m 344p 16s 57z,678m 567p 123r5578s,778m 8899p 345789s,89m r56789p 899s 344z,3,4,3,7,0
20260403143738_0100_050,20260403143738_0100,20260403143738,100,1,himeyonn,26,7m,estimated_tsumogiri,1775195000,2761.152,,3,2240.459,"[48,32,132,125,73,47,95,51,17,0,22,34,3]","[59,72,23,82,96,88,103,63,76,90,28,24,54]","[25,89,70,104,29,71,27,66,67,100,97,86,81]","[30,52,123,122,105,65,56,101,60,68,106,35,118]",115699m 344p 16s 57z,678m 567p 123r5578s,778m 8899p 345789s,89m r56789p 899s 344z,0,0,5,12,0
20260403143738_0100_051,20260403143738_0100,20260403143738,100,2,qinqin7,113,2z,estimated_tsumogiri,1775195004,928.075,,0,,"[48,32,132,125,73,47,95,51,17,0,22,34,3]","[59,72,23,82,96,88,103,63,76,90,28,24,54]","[25,89,70,104,29,71,27,66,67,100,97,86,81]","[30,52,123,122,105,65,56,101,60,68,106,35,118]",115699m 344p 16s 57z,678m 567p 123r5578s,778m 8899p 345789s,89m r56789p 899s 344z,1,1,3,10,0
20260403143738_0100_052,20260403143738_0100,20260403143738,100,3,eita,118,3z,confirmed_tedashi,1775195007,3888.356,,0,,"[48,32,132,125,73,47,95,51,17,0,22,34,3]","[59,72,23,82,96,88,103,63,76,90,28,24,54]","[25,89,70,104,29,71,27,66,67,100,97,86,81]","[30,52,123,122,105,65,56,101,60,68,106,35,94]",115699m 344p 16s 57z,678m 567p 123r5578s,778m 8899p 345789s,89m r56789p 6899s 44z,2,2,4,8,0
20260403143738_0100_053,20260403143738_0100,20260403143738,100,0,パシフィック,14,4m,confirmed_tsumogiri,1775195008,694.898,,5,2228.588,"[48,32,132,125,73,47,95,51,17,0,22,34,3]","[59,72,23,82,96,88,103,63,76,90,28,24,54]","[25,89,70,104,29,71,27,66,67,100,97,86,81]","[30,52,123,122,105,65,56,101,60,68,106,35,94]",115699m 344p 16s 57z,678m 567p 123r5578s,778m 8899p 345789s,89m r56789p 6899s 44z,3,4,3,7,0
20260403143738_0100_054,20260403143738_0100,20260403143738,100,1,himeyonn,79,2s,estimated_tsumogiri,1775195012,1529.162,,3,2483.761,"[48,32,132,125,73,47,95,51,17,0,22,34,3]","[59,72,23,82,96,88,103,63,76,90,28,24,54]","[25,89,70,104,29,71,27,66,67,100,97,86,81]","[30,52,123,122,105,65,56,101,60,68,106,35,94]",115699m 344p 16s 57z,678m 567p 123r5578s,778m 8899p 345789s,89m r56789p 6899s 44z,0,0,5,12,0
20260403143738_0100_055,20260403143738_0100,20260403143738,100,2,qinqin7,50,4p,estimated_tsumogiri,1775195015,1027.876,,2,1716.354,"[48,32,132,125,73,47,95,51,17,0,22,34,3]","[59,72,23,82,96,88,103,63,76,90,28,24,54]","[25,89,70,104,29,71,27,66,67,100,97,86,81]","[30,52,123,122,105,65,56,101,60,68,106,35,94]",115699m 344p 16s 57z,678m 567p 123r5578s,778m 8899p 345789s,89m r56789p 6899s 44z,1,1,3,10,0
20260403143738_0100_056,20260403143738_0100,20260403143738,100,3,eita,94,6s,confirmed_tedashi,1775195018,969.404,,0,,"[48,32,132,125,73,47,95,51,17,0,22,34,3]","[59,72,23,82,96,88,103,63,76,90,28,24,54]","[25,89,70,104,29,71,27,66,67,100,97,86,81]","[30,123,122,105,65,101,60,68,106,35]",115699m 344p 16s 57z,678m 567p 123r5578s,778m 8899p 345789s,89m 789p 899s 44z,1,1,,,0
20260403143738_0200_000,20260403143738_0200,20260403143738,200,0,パシフィック,103,8s,confirmed_tsumogiri,1775195035,5677.639,,0,,"[26,82,81,25,113,42,74,99,70,116,130,5,45]","[109,51,83,50,36,117,91,104,87,21,80,10,127]","[59,105,47,22,79,18,35,27,14,101,6,94,77]","[126,9,121,16,11,60,89,2,92,69,108,115,98]",277m 239p 1337s 236z,36m 144p 33459s 135z,245679m 36p 22689s,133r5m 79p 567s 1245z,4,5,4,8,0
20260403143738_0200_001,20260403143738_0200,20260403143738,200,1,himeyonn,117,3z,confirmed_tedashi,1775195037,1455.534,,0,,"[26,82,81,25,113,42,74,99,70,116,130,5,45]","[109,51,83,50,36,91,104,87,21,80,10,127,4]","[59,105,47,22,79,18,35,27,14,101,6,94,77]","[126,9,121,16,11,60,89,2,92,69,108,115,98]",277m 239p 1337s 236z,236m 144p 33459s 15z,245679m 36p 22689s,133r5m 79p 567s 1245z,4,4,4,9,0
20260403143738_0200_002,20260403143738_0200,20260403143738,200,2,qinqin7,105,9s,confirmed_tedashi,1775195039,2435.526,,0,,"[26,82,81,25,113,42,74,99,70,116,130,5,45]","[109,51,83,50,36,91,104,87,21,80,10,127,4]","[59,47,22,79,18,35,27,14,101,6,94,77,73]","[126,9,121,16,11,60,89,2,92,69,108,115,98]",277m 239p 1337s 236z,236m 144p 33459s 15z,245679m 36p 12268s,133r5m 79p 567s 1245z,3,3,5,11,0
20260403143738_0200_003,20260403143738_0200,20260403143738,200,3,eita,115,2z,confirmed_tedashi,1775195041,1732.79,,0,,"[26,82,81,25,113,42,74,99,70,116,130,5,45]","[109,51,83,50,36,91,104,87,21,80,10,127,4]","[59,47,22,79,18,35,27,14,101,6,94,77,73]","[126,9,121,16,11,60,89,2,92,69,108,98,102]",277m 239p 1337s 236z,236m 144p 33459s 15z,245679m 36p 12268s,133r5m 79p 5678s 145z,3,3,5,8,0
20260403143738_0200_004,20260403143738_0200,20260403143738,200,0,パシフィック,95,6s,confirmed_tsumogiri,1775195042,694.856,,3,2107.526,"[26,82,81,25,113,42,74,99,70,116,130,5,45]","[109,51,83,50,36,91,104,87,21,80,10,127,4]","[59,47,22,79,18,35,27,14,101,6,94,77,73]","[126,9,121,16,11,60,89,2,92,69,108,98,102]",277m 239p 1337s 236z,236m 144p 33459s 15z,245679m 36p 12268s,133r5m 79p 5678s 145z,4,5,4,8,0
20260403143738_0200_005,20260403143738_0200,20260403143738,200,1,himeyonn,127,5z,confirmed_tedashi,1775195045,1690.902,,0,,"[26,82,81,25,113,42,74,99,70,116,130,5,45]","[109,51,83,50,36,91,104,87,21,80,10,4,106]","[59,47,22,79,18,35,27,14,101,6,94,77,73]","[126,9,121,16,11,60,89,2,92,69,108,98,102]",277m 239p 1337s 236z,236m 144p 334599s 1z,245679m 36p 12268s,133r5m 79p 5678s 145z,3,3,3,9,0
20260403143738_0200_006,20260403143738_0200,20260403143738,200,2,qinqin7,73,1s,confirmed_tedashi,1775195047,1403.866,,0,,"[26,82,81,25,113,42,74,99,70,116,130,5,45]","[109,51,83,50,36,91,104,87,21,80,10,4,106]","[59,47,22,79,18,35,27,14,101,6,94,77,12]","[126,9,121,16,11,60,89,2,92,69,108,98,102]",277m 239p 1337s 236z,236m 144p 334599s 1z,2445679m 36p 2268s,133r5m 79p 5678s 145z,2,2,4,12,0
20260403143738_0200_007,20260403143738_0200,20260403143738,200,3,eita,108,1z,confirmed_tedashi,1775195050,3051.829,,0,,"[26,82,81,25,113,42,74,99,70,116,130,5,45]","[109,51,83,50,36,91,104,87,21,80,10,4,106]","[59,47,22,79,18,35,27,14,101,6,94,77,12]","[126,9,121,16,11,60,89,2,92,69,98,102,132]",277m 239p 1337s 236z,236m 144p 334599s 1z,2445679m 36p 2268s,133r5m 79p 5678s 457z,3,3,5,8,0
20260403143738_0200_008,20260403143738_0200,20260403143738,200,0,パシフィック,7,2m,confirmed_tsumogiri,1775195050,723.2,,5,2119.758,"[26,82,81,25,113,42,74,99,70,116,130,5,45]","[109,51,83,50,36,91,104,87,21,80,10,4,106]","[59,47,22,79,18,35,27,14,101,6,94,77,12]","[126,9,121,16,11,60,89,2,92,69,98,102,132]",277m 239p 1337s 236z,236m 144p 334599s 1z,2445679m 36p 2268s,133r5m 79p 5678s 457z,4,5,4,8,0
20260403143738_0200_009,20260403143738_0200,20260403143738,200,1,himeyonn,109,1z,confirmed_tedashi,1775195055,1893.019,,0,,"[26,82,81,25,113,42,74,99,70,116,130,5,45]","[51,83,50,36,91,104,87,21,80,10,4,106,125]","[59,47,22,79,18,35,27,14,101,6,94,77,12]","[126,9,121,16,11,60,89,2,92,69,98,102,132]",277m 239p 1337s 236z,236m 144p 334599s 5z,2445679m 36p 2268s,133r5m 79p 5678s 457z,3,3,3,9,0
20260403143738_0200_010,20260403143738_0200,20260403143738,200,2,qinqin7,129,6z,estimated_tsumogiri,1775195056,1457.577,,0,,"[26,82,81,25,113,42,74,99,70,116,130,5,45]","[51,83,50,36,91,104,87,21,80,10,4,106,125]","[59,47,22,79,18,35,27,14,101,6,94,77,12]","[126,9,121,16,11,60,89,2,92,69,98,102,132]",277m 239p 1337s 236z,236m 144p 334599s 5z,2445679m 36p 2268s,133r5m 79p 5678s 457z,2,2,4,12,0
20260403143738_0200_011,20260403143738_0200,20260403143738,200,3,eita,72,1s,estimated_tsumogiri,1775195058,2177.151,,0,,"[26,82,81,25,113,42,74,99,70,116,130,5,45]","[51,83,50,36,91,104,87,21,80,10,4,106,125]","[59,47,22,79,18,35,27,14,101,6,94,77,12]","[126,9,121,16,11,60,89,2,92,69,98,102,132]",277m 239p 1337s 236z,236m 144p 334599s 5z,2445679m 36p 2268s,133r5m 79p 5678s 457z,3,3,5,8,0
20260403143738_0200_012,20260403143738_0200,20260403143738,200,0,パシフィック,33,9m,confirmed_tsumogiri,1775195059,681.654,,0,,"[26,82,81,25,113,42,74,99,70,116,130,5,45]","[51,83,50,36,91,104,87,21,80,10,4,106,125]","[59,47,22,79,18,35,27,14,101,6,94,77,12]","[126,9,121,16,11,60,89,2,92,69,98,102,132]",277m 239p 1337s 236z,236m 144p 334599s 5z,2445679m 36p 2268s,133r5m 79p 5678s 457z,4,5,4,8,0
20260403143738_0200_013,20260403143738_0200,20260403143738,200,1,himeyonn,120,4z,estimated_tsumogiri,1775195062,3091.254,,0,,"[26,82,81,25,113,42,74,99,70,116,130,5,45]","[51,83,50,36,91,104,87,21,80,10,4,106,125]","[59,47,22,79,18,35,27,14,101,6,94,77,12]","[126,9,121,16,11,60,89,2,92,69,98,102,132]",277m 239p 1337s 236z,236m 144p 334599s 5z,2445679m 36p 2268s,133r5m 79p 5678s 457z,3,3,3,9,0
20260403143738_0200_014,20260403143738_0200,20260403143738,200,2,qinqin7,38,1p,estimated_tsumogiri,1775195064,2124.652,,0,,"[26,82,81,25,113,42,74,99,70,116,130,5,45]","[51,83,50,36,91,104,87,21,80,10,4,106,125]","[59,47,22,79,18,35,27,14,101,6,94,77,12]","[126,9,121,16,11,60,89,2,92,69,98,102,132]",277m 239p 1337s 236z,236m 144p 334599s 5z,2445679m 36p 2268s,133r5m 79p 5678s 457z,2,2,4,12,0
20260403143738_0200_015,20260403143738_0200,20260403143738,200,3,eita,132,7z,confirmed_tedashi,1775195066,2177.642,,0,,"[26,82,81,25,113,42,74,99,70,116,130,5,45]","[51,83,50,36,91,104,87,21,80,10,4,106,125]","[59,47,22,79,18,35,27,14,101,6,94,77,12]","[126,9,121,16,11,60,89,2,92,69,98,102,100]",277m 239p 1337s 236z,236m 144p 334599s 5z,2445679m 36p 2268s,133r5m 79p 56788s 45z,2,2,4,9,0
20260403143738_0200_016,20260403143738_0200,20260403143738,200,0,パシフィック,67,8p,confirmed_tsumogiri,1775195067,685.144,,0,,"[26,82,81,25,113,42,74,99,70,116,130,5,45]","[51,83,50,36,91,104,87,21,80,10,4,106,125]","[59,47,22,79,18,35,27,14,101,6,94,77,12]","[126,9,121,16,11,60,89,2,92,69,98,102,100]",277m 239p 1337s 236z,236m 144p 334599s 5z,2445679m 36p 2268s,133r5m 79p 56788s 45z,4,5,4,8,0
20260403143738_0200_017,20260403143738_0200,20260403143738,200,1,himeyonn,125,5z,confirmed_tedashi,1775195070,3042.501,,0,,"[26,82,81,25,113,42,74,99,70,116,130,5,45]","[51,83,50,36,91,104,87,21,80,10,4,106,128]","[59,47,22,79,18,35,27,14,101,6,94,77,12]","[126,9,121,16,11,60,89,2,92,69,98,102,100]",277m 239p 1337s 236z,236m 144p 334599s 6z,2445679m 36p 2268s,133r5m 79p 56788s 45z,3,3,3,9,0
20260403143738_0200_018,20260403143738_0200,20260403143738,200,2,qinqin7,68,9p,estimated_tsumogiri,1775195071,1539.581,,0,,"[26,82,81,25,113,42,74,99,70,116,130,5,45]","[51,83,50,36,91,104,87,21,80,10,4,106,128]","[59,47,22,79,18,35,27,14,101,6,94,77,12]","[126,9,121,16,11,60,89,2,92,69,98,102,100]",277m 239p 1337s 236z,236m 144p 334599s 6z,2445679m 36p 2268s,133r5m 79p 56788s 45z,2,2,4,12,0
20260403143738_0200_019,20260403143738_0200,20260403143738,200,3,eita,126,5z,confirmed_tedashi,1775195075,3123.106,,0,,"[26,82,81,25,113,42,74,99,70,116,130,5,45]","[51,83,50,36,91,104,87,21,80,10,4,106,128]","[59,47,22,79,18,35,27,14,101,6,94,77,12]","[9,121,16,11,60,89,2,92,69,98,102,100,97]",277m 239p 1337s 236z,236m 144p 334599s 6z,2445679m 36p 2268s,133r5m 79p 567788s 4z,2,2,3,10,0
20260403143738_0200_020,20260403143738_0200,20260403143738,200,0,パシフィック,122,4z,confirmed_tsumogiri,1775195075,697.094,,0,,"[26,82,81,25,113,42,74,99,70,116,130,5,45]","[51,83,50,36,91,104,87,21,80,10,4,106,128]","[59,47,22,79,18,35,27,14,101,6,94,77,12]","[9,121,16,11,60,89,2,92,69,98,102,100,97]",277m 239p 1337s 236z,236m 144p 334599s 6z,2445679m 36p 2268s,133r5m 79p 567788s 4z,4,5,4,8,0
20260403143738_0200_021,20260403143738_0200,20260403143738,200,1,himeyonn,128,6z,confirmed_tedashi,1775195078,2670.654,,0,,"[26,82,81,25,113,42,74,99,70,116,130,5,45]","[51,83,50,36,91,104,87,21,80,10,4,106,37]","[59,47,22,79,18,35,27,14,101,6,94,77,12]","[9,121,16,11,60,89,2,92,69,98,102,100,97]",277m 239p 1337s 236z,236m 1144p 334599s,2445679m 36p 2268s,133r5m 79p 567788s 4z,2,2,2,10,0
20260403143738_0200_022,20260403143738_0200,20260403143738,200,2,qinqin7,47,3p,confirmed_tedashi,1775195081,3146.092,,0,,"[26,82,81,25,113,42,74,99,70,116,130,5,45]","[51,83,50,36,91,104,87,21,80,10,4,106,37]","[59,22,79,18,35,27,14,101,6,94,77,12,54]","[9,121,16,11,60,89,2,92,69,98,102,100,97]",277m 239p 1337s 236z,236m 1144p 334599s,2445679m 56p 2268s,133r5m 79p 567788s 4z,2,2,4,12,0
20260403143738_0200_023,20260403143738_0200,20260403143738,200,3,eita,98,7s,confirmed_tedashi,1775195085,3541.035,,0,,"[26,82,81,25,113,42,74,99,70,116,130,5,45]","[51,83,50,36,91,104,87,21,80,10,4,106,37]","[59,22,79,18,35,27,14,101,6,94,77,12,54]","[9,121,16,11,60,89,2,92,69,102,100,97,84]",277m 239p 1337s 236z,236m 1144p 334599s,2445679m 56p 2268s,133r5m 79p 456788s 4z,2,2,4,10,0
20260403143738_0200_024,20260403143738_0200,20260403143738,200,0,パシフィック,23,6m,confirmed_tsumogiri,1775195085,685.041,,0,,"[26,82,81,25,113,42,74,99,70,116,130,5,45]","[51,83,50,36,91,104,87,21,80,10,4,106,37]","[59,22,79,18,35,27,14,101,6,94,77,12,54]","[9,121,16,11,60,89,2,92,69,102,100,97,84]",277m 239p 1337s 236z,236m 1144p 334599s,2445679m 56p 2268s,133r5m 79p 456788s 4z,4,5,4,8,0
20260403143738_0200_025,20260403143738_0200,20260403143738,200,1,himeyonn,21,6m,confirmed_tedashi,1775195091,5977.339,,3,2128.31,"[26,82,81,25,113,42,74,99,70,116,130,5,45]","[51,83,50,36,91,104,87,80,10,4,106,37,90]","[59,22,79,18,35,27,14,101,6,94,77,12,54]","[9,121,16,11,60,89,2,92,69,102,100,97,84]",277m 239p 1337s 236z,23m 1144p 3345599s,2445679m 56p 2268s,133r5m 79p 456788s 4z,1,2,1,10,0
20260403143738_0200_026,20260403143738_0200,20260403143738,200,2,qinqin7,35,9m,confirmed_tedashi,1775195096,2098.231,,0,,"[26,82,81,25,113,42,74,99,70,116,130,5,45]","[51,83,50,36,91,104,87,80,10,4,106,37,90]","[59,22,79,18,27,14,101,6,94,77,12,54,93]","[9,121,16,11,60,89,2,92,69,102,100,97,84]",277m 239p 1337s 236z,23m 1144p 3345599s,244567m 56p 22668s,133r5m 79p 456788s 4z,2,2,3,13,0
20260403143738_0200_027,20260403143738_0200,20260403143738,200,3,eita,31,8m,estimated_tsumogiri,1775195098,2836.261,,0,,"[26,82,81,25,113,42,74,99,70,116,130,5,45]","[51,83,50,36,91,104,87,80,10,4,106,37,90]","[59,22,79,18,27,14,101,6,94,77,12,54,93]","[9,121,16,11,60,89,2,92,69,102,100,97,84]",277m 239p 1337s 236z,23m 1144p 3345599s,244567m 56p 22668s,133r5m 79p 456788s 4z,2,2,4,10,0
20260403143738_0200_028,20260403143738_0200,20260403143738,200,0,パシフィック,107,9s,confirmed_tsumogiri,1775195099,696.557,,3,2476.644,"[26,82,81,25,113,42,74,99,70,116,130,5,45]","[51,83,50,36,91,104,87,80,10,4,106,37,90]","[59,22,79,18,27,14,101,6,94,77,12,54,93]","[9,121,16,11,60,89,2,92,69,102,100,97,84]",277m 239p 1337s 236z,23m 1144p 3345599s,244567m 56p 22668s,133r5m 79p 456788s 4z,4,5,4,8,0
20260403143738_0200_029,20260403143738_0200,20260403143738,200,1,himeyonn,111,1z,estimated_tsumogiri,1775195104,2034.741,,0,,"[26,82,81,25,113,42,74,99,70,116,130,5,45]","[51,83,50,36,91,104,87,80,10,4,106,37,90]","[59,22,79,18,27,14,101,6,94,77,12,54,93]","[9,121,16,11,60,89,2,92,69,102,100,97,84]",277m 239p 1337s 236z,23m 1144p 3345599s,244567m 56p 22668s,133r5m 79p 456788s 4z,1,2,1,10,0
20260403143738_0200_030,20260403143738_0200,20260403143738,200,2,qinqin7,14,4m,confirmed_tedashi,1775195109,5747.67,,3,1274.425,"[26,82,81,25,113,42,74,99,70,116,130,5,45]","[51,83,50,36,91,104,87,80,10,4,106,37,90]","[59,22,79,18,27,101,6,94,77,12,54,93,29]","[9,121,16,11,60,89,2,92,69,102,100,97,84]",277m 239p 1337s 236z,23m 1144p 3345599s,245678m 56p 22668s,133r5m 79p 456788s 4z,2,2,4,13,0
20260403143738_0200_031,20260403143738_0200,20260403143738,200,3,eita,124,5z,estimated_tsumogiri,1775195112,1679.913,,0,,"[26,82,81,25,113,42,74,99,70,116,130,5,45]","[51,83,50,36,91,104,87,80,10,4,106,37,90]","[59,22,79,18,27,101,6,94,77,12,54,93,29]","[9,121,16,11,60,89,2,92,69,102,100,97,84]",277m 239p 1337s 236z,23m 1144p 3345599s,245678m 56p 22668s,133r5m 79p 456788s 4z,2,2,4,10,0
20260403143738_0200_032,20260403143738_0200,20260403143738,200,0,パシフィック,88,r5s,confirmed_tsumogiri,1775195113,725.584,,3,4402.464,"[26,82,81,25,113,42,74,99,70,116,130,5,45]","[51,83,50,36,91,104,87,80,10,4,106,37,90]","[59,22,79,18,27,101,6,94,77,12,54,93,29]","[9,121,16,11,60,89,2,92,69,102,100,97,84]",277m 239p 1337s 236z,23m 1144p 3345599s,245678m 56p 22668s,133r5m 79p 456788s 4z,4,5,4,8,0
20260403143738_0200_033,20260403143738_0200,20260403143738,200,1,himeyonn,17,5m,estimated_tsumogiri,1775195120,2199.768,,3,1816.973,"[26,82,81,25,113,42,74,99,70,116,130,5,45]","[51,83,50,36,91,104,87,80,10,4,106,37,90]","[59,22,79,18,27,101,6,94,77,12,54,93,29]","[9,121,16,11,60,89,2,92,69,102,100,97,84]",277m 239p 1337s 236z,23m 1144p 3345599s,245678m 56p 22668s,133r5m 79p 456788s 4z,1,2,1,10,0
20260403143738_0200_034,20260403143738_0200,20260403143738,200,2,qinqin7,0,1m,estimated_tsumogiri,1775195124,2160.333,,5,1981.172,"[26,82,81,25,113,42,74,99,70,116,130,5,45]","[51,83,50,36,91,104,87,80,10,4,106,37,90]","[59,22,79,18,27,101,6,94,77,12,54,93,29]","[9,121,16,11,60,89,2,92,69,102,100,97,84]",277m 239p 1337s 236z,23m 1144p 3345599s,245678m 56p 22668s,133r5m 79p 456788s 4z,2,2,4,13,0
20260403143738_0200_035,20260403143738_0200,20260403143738,200,3,eita,39,1p,estimated_tsumogiri,1775195127,1644.031,,3,2107.809,"[26,82,81,25,113,42,74,99,70,116,130,5,45]","[51,83,50,36,91,104,87,80,10,4,106,37,90]","[59,22,79,18,27,101,6,94,77,12,54,93,29]","[9,121,16,11,60,89,2,92,69,102,100,97,84]",277m 239p 1337s 236z,23m 1144p 3345599s,245678m 56p 22668s,133r5m 79p 456788s 4z,2,2,4,10,0
20260403143738_0200_036,20260403143738_0200,20260403143738,200,0,パシフィック,20,6m,confirmed_tsumogiri,1775195130,210.257,,0,,"[26,82,81,25,113,42,74,99,70,116,130,5,45]","[51,83,50,36,91,104,87,80,10,4,106,37,90]","[59,22,79,18,27,101,6,94,77,12,54,93,29]","[9,121,16,11,60,89,2,92,69,102,100,97,84]",277m 239p 1337s 236z,23m 1144p 3345599s,245678m 56p 22668s,133r5m 79p 456788s 4z,4,5,4,8,0
20260403143738_0200_037,20260403143738_0200,20260403143738,200,1,himeyonn,63,7p,estimated_tsumogiri,1775195134,4000.018,,3,1997.405,"[26,82,81,25,113,42,74,99,70,116,130,5,45]","[51,83,50,36,91,104,87,80,10,4,106,37,90]","[59,22,79,18,27,101,6,94,77,12,54,93,29]","[9,121,16,11,60,89,2,92,69,102,100,97,84]",277m 239p 1337s 236z,23m 1144p 3345599s,245678m 56p 22668s,133r5m 79p 456788s 4z,1,2,1,10,0
20260403143738_0200_038,20260403143738_0200,20260403143738,200,2,qinqin7,112,2z,estimated_tsumogiri,1775195136,919.528,,0,,"[26,82,81,25,113,42,74,99,70,116,130,5,45]","[51,83,50,36,91,104,87,80,10,4,106,37,90]","[59,22,79,18,27,101,6,94,77,12,54,93,29]","[9,121,16,11,60,89,2,92,69,102,100,97,84]",277m 239p 1337s 236z,23m 1144p 3345599s,245678m 56p 22668s,133r5m 79p 456788s 4z,2,2,4,13,0
20260403143738_0200_039,20260403143738_0200,20260403143738,200,3,eita,134,7z,estimated_tsumogiri,1775195140,3146.345,,0,,"[26,82,81,25,113,42,74,99,70,116,130,5,45]","[51,83,50,36,91,104,87,80,10,4,106,37,90]","[59,22,79,18,27,101,6,94,77,12,54,93,29]","[9,121,16,11,60,89,2,92,69,102,100,97,84]",277m 239p 1337s 236z,23m 1144p 3345599s,245678m 56p 22668s,133r5m 79p 456788s 4z,2,2,4,10,0
20260403143738_0200_040,20260403143738_0200,20260403143738,200,0,パシフィック,133,7z,confirmed_tsumogiri,1775195140,705.866,,0,,"[26,82,81,25,113,42,74,99,70,116,130,5,45]","[51,83,50,36,91,104,87,80,10,4,106,37,90]","[59,22,79,18,27,101,6,94,77,12,54,93,29]","[9,121,16,11,60,89,2,92,69,102,100,97,84]",277m 239p 1337s 236z,23m 1144p 3345599s,245678m 56p 22668s,133r5m 79p 456788s 4z,4,5,4,8,0
20260403143738_0200_041,20260403143738_0200,20260403143738,200,1,himeyonn,10,3m,confirmed_tedashi,1775195146,5670.858,,2,5636.081,"[26,82,81,25,113,42,74,99,70,116,130,5,45]","[51,83,50,36,91,104,87,80,4,106,37,90,86]","[59,22,79,18,27,101,6,94,77,12,54,93,29]","[9,121,16,11,60,89,2,92,69,102,100,97,84]",277m 239p 1337s 236z,2m 1144p 33445599s,245678m 56p 22668s,133r5m 79p 456788s 4z,0,1,0,10,0
20260403143738_0200_042,20260403143738_0200,20260403143738,200,2,qinqin7,29,8m,confirmed_tedashi,1775195154,1960.742,,0,,"[26,82,81,25,113,42,74,99,70,116,130,5,45]","[51,83,50,36,91,104,87,80,4,106,37,90,86]","[59,22,79,18,27,101,94,77,54,93]","[9,121,16,11,60,89,2,92,69,102,100,97,84]",277m 239p 1337s 236z,2m 1144p 33445599s,567m 56p 22668s,133r5m 79p 456788s 4z,1,1,,,0
20260403143738_0200_043,20260403143738_0200,20260403143738,200,3,eita,102,8s,confirmed_tedashi,1775195156,2293.102,,0,,"[26,82,81,25,113,42,74,99,70,116,130,5,45]","[51,83,50,36,91,104,87,80,4,106,37,90,86]","[59,22,79,18,27,101,94,77,54,93]","[9,121,16,11,60,89,2,92,69,100,97,84,118]",277m 239p 1337s 236z,2m 1144p 33445599s,567m 56p 22668s,133r5m 79p 45678s 34z,3,3,5,9,0
20260403143738_0200_044,20260403143738_0200,20260403143738,200,0,パシフィック,76,2s,confirmed_tsumogiri,1775195157,692.63,,3,4197.369,"[26,82,81,25,113,42,74,99,70,116,130,5,45]","[51,83,50,36,91,104,87,80,4,106,37,90,86]","[59,22,79,18,27,101,94,77,54,93]","[9,121,16,11,60,89,2,92,69,100,97,84,118]",277m 239p 1337s 236z,2m 1144p 33445599s,567m 56p 22668s,133r5m 79p 45678s 34z,4,5,4,8,0
20260403143738_0200_045,20260403143738_0200,20260403143738,200,2,qinqin7,101,8s,confirmed_tedashi,1775195161,1141.945,,3,1475.015,"[26,82,81,25,113,42,74,99,70,116,130,5,45]","[51,83,50,36,91,104,87,80,4,106,37,90,86]","[59,22,79,18,27,94,54,93]","[9,121,16,11,60,89,2,92,69,100,97,84,118]",277m 239p 1337s 236z,2m 1144p 33445599s,567m 56p 266s,133r5m 79p 45678s 34z,,,,,
20260403143738_0200_046,20260403143738_0200,20260403143738,200,3,eita,78,2s,estimated_tsumogiri,1775195165,2413.131,,3,208.58,"[26,82,81,25,113,42,74,99,70,116,130,5,45]","[51,83,50,36,91,104,87,80,4,106,37,90,86]","[59,22,79,18,27,94,54,93]","[9,121,16,11,60,89,2,92,69,100,97,84,118]",277m 239p 1337s 236z,2m 1144p 33445599s,567m 56p 266s,133r5m 79p 45678s 34z,3,3,5,9,0
20260403143738_0200_047,20260403143738_0200,20260403143738,200,0,パシフィック,110,1z,confirmed_tsumogiri,1775195165,485.671,,0,,"[26,82,81,25,113,42,74,99,70,116,130,5,45]","[51,83,50,36,91,104,87,80,4,106,37,90,86]","[59,22,79,18,27,94,54,93]","[9,121,16,11,60,89,2,92,69,100,97,84,118]",277m 239p 1337s 236z,2m 1144p 33445599s,567m 56p 266s,133r5m 79p 45678s 34z,4,5,4,8,0
20260403143738_0200_048,20260403143738_0200,20260403143738,200,1,himeyonn,15,4m,estimated_tsumogiri,1775195170,1149.614,3768.376,3,1979.744,"[26,82,81,25,113,42,74,99,70,116,130,5,45]","[51,83,50,36,91,104,87,80,4,106,37,90,86]","[59,22,79,18,27,94,54,93]","[9,121,16,11,60,89,2,92,69,100,97,84,118]",277m 239p 1337s 236z,2m 1144p 33445599s,567m 56p 266s,133r5m 79p 45678s 34z,0,1,0,10,0
20260403143738_0200_049,20260403143738_0200,20260403143738,200,2,qinqin7,54,5p,confirmed_tedashi,1775195174,1854.258,,0,,"[26,82,81,25,113,42,74,99,70,116,130,5,45]","[51,83,50,36,91,104,87,80,4,106,37,90,86]","[59,22,79,18,27,94,93,52]","[9,121,16,11,60,89,2,92,69,100,97,84,118]",277m 239p 1337s 236z,2m 1144p 33445599s,567m r56p 266s,133r5m 79p 45678s 34z,,,,,
20260403143738_0200_050,20260403143738_0200,20260403143738,200,3,eita,118,3z,confirmed_tedashi,1775195177,3053.572,,0,,"[26,82,81,25,113,42,74,99,70,116,130,5,45]","[51,83,50,36,91,104,87,80,4,106,37,90,86]","[59,22,79,18,27,94,93,52]","[9,121,16,11,60,89,2,92,69,100,97,84,123]",277m 239p 1337s 236z,2m 1144p 33445599s,567m r56p 266s,133r5m 79p 45678s 44z,2,2,4,9,0
20260403143738_0200_051,20260403143738_0200,20260403143738,200,0,パシフィック,32,9m,confirmed_tsumogiri,1775195178,696.018,,0,,"[26,82,81,25,113,42,74,99,70,116,130,5,45]","[51,83,50,36,91,104,87,80,4,106,37,90,86]","[59,22,79,18,27,94,93,52]","[9,121,16,11,60,89,2,92,69,100,97,84,123]",277m 239p 1337s 236z,2m 1144p 33445599s,567m r56p 266s,133r5m 79p 45678s 44z,4,5,4,8,0
20260403143738_0200_052,20260403143738_0200,20260403143738,200,1,himeyonn,61,7p,estimated_tsumogiri,1775195179,1286.278,,0,,"[26,82,81,25,113,42,74,99,70,116,130,5,45]","[51,83,50,36,91,104,87,80,4,106,37,90,86]","[59,22,79,18,27,94,93,52]","[9,121,16,11,60,89,2,92,69,100,97,84,123]",277m 239p 1337s 236z,2m 1144p 33445599s,567m r56p 266s,133r5m 79p 45678s 44z,0,1,0,10,0
20260403143738_0300_000,20260403143738_0300,20260403143738,300,1,himeyonn,123,4z,confirmed_tedashi,1775195198,6588.996,,0,,"[57,27,62,119,59,98,32,117,64,97,8,78,17]","[79,22,84,30,24,100,51,129,75,52,133,110,7]","[15,34,113,61,77,48,0,86,9,42,94,20,130]","[82,11,14,63,38,67,56,44,80,81,5,54,88]",3579m 6678p 277s 33z,2678m 4r5p 1248s 167z,13469m 247p 246s 26z,234m 135678p 333r5s,4,4,6,9,0
20260403143738_0300_001,20260403143738_0300,20260403143738,300,2,qinqin7,130,6z,confirmed_tedashi,1775195199,1125.506,,0,,"[57,27,62,119,59,98,32,117,64,97,8,78,17]","[79,22,84,30,24,100,51,129,75,52,133,110,7]","[15,34,113,61,77,48,0,86,9,42,94,20,55]","[82,11,14,63,38,67,56,44,80,81,5,54,88]",3579m 6678p 277s 33z,2678m 4r5p 1248s 167z,13469m 2457p 246s 2z,234m 135678p 333r5s,4,4,6,10,0
20260403143738_0300_002,20260403143738_0300,20260403143738,300,3,eita,38,1p,confirmed_tedashi,1775195205,6045.851,,0,,"[57,27,62,119,59,98,32,117,64,97,8,78,17]","[79,22,84,30,24,100,51,129,75,52,133,110,7]","[15,34,113,61,77,48,0,86,9,42,94,20,55]","[82,11,14,63,67,56,44,80,81,5,54,88,58]",3579m 6678p 277s 33z,2678m 4r5p 1248s 167z,13469m 2457p 246s 2z,234m 356678p 333r5s,1,1,4,13,0
20260403143738_0300_003,20260403143738_0300,20260403143738,300,0,パシフィック,124,5z,confirmed_tsumogiri,1775195212,6412.716,,0,,"[57,27,62,119,59,98,32,117,64,97,8,78,17]","[79,22,84,30,24,100,51,129,75,52,133,110,7]","[15,34,113,61,77,48,0,86,9,42,94,20,55]","[82,11,14,63,67,56,44,80,81,5,54,88,58]",3579m 6678p 277s 33z,2678m 4r5p 1248s 167z,13469m 2457p 246s 2z,234m 356678p 333r5s,2,2,3,10,0
20260403143738_0300_004,20260403143738_0300,20260403143738,300,1,himeyonn,129,6z,confirmed_tedashi,1775195216,4373.706,,0,,"[57,27,62,119,59,98,32,117,64,97,8,78,17]","[79,22,84,30,24,100,51,75,52,133,110,7,47]","[15,34,113,61,77,48,0,86,9,42,94,20,55]","[82,11,14,63,67,56,44,80,81,5,54,88,58]",3579m 6678p 277s 33z,2678m 34r5p 1248s 17z,13469m 2457p 246s 2z,234m 356678p 333r5s,3,3,6,10,0
20260403143738_0300_005,20260403143738_0300,20260403143738,300,2,qinqin7,113,2z,confirmed_tedashi,1775195217,1267.908,,0,,"[57,27,62,119,59,98,32,117,64,97,8,78,17]","[79,22,84,30,24,100,51,75,52,133,110,7,47]","[15,34,61,77,48,0,86,9,42,94,20,55,29]","[82,11,14,63,67,56,44,80,81,5,54,88,58]",3579m 6678p 277s 33z,2678m 34r5p 1248s 17z,134689m 2457p 246s,234m 356678p 333r5s,4,4,6,11,0
20260403143738_0300_006,20260403143738_0300,20260403143738,300,3,eita,44,3p,confirmed_tedashi,1775195221,3190.993,,0,,"[57,27,62,119,59,98,32,117,64,97,8,78,17]","[79,22,84,30,24,100,51,75,52,133,110,7,47]","[15,34,61,77,48,0,86,9,42,94,20,55,29]","[82,11,14,63,67,56,80,81,5,54,88,58,3]",3579m 6678p 277s 33z,2678m 34r5p 1248s 17z,134689m 2457p 246s,1234m 56678p 333r5s,1,1,4,12,0
20260403143738_0300_007,20260403143738_0300,20260403143738,300,0,パシフィック,10,3m,confirmed_tsumogiri,1775195221,706.138,,0,,"[57,27,62,119,59,98,32,117,64,97,8,78,17]","[79,22,84,30,24,100,51,75,52,133,110,7,47]","[15,34,61,77,48,0,86,9,42,94,20,55,29]","[82,11,14,63,67,56,80,81,5,54,88,58,3]",3579m 6678p 277s 33z,2678m 34r5p 1248s 17z,134689m 2457p 246s,1234m 56678p 333r5s,2,2,3,10,0
20260403143738_0300_008,20260403143738_0300,20260403143738,300,1,himeyonn,133,7z,confirmed_tedashi,1775195224,2334.691,,0,,"[57,27,62,119,59,98,32,117,64,97,8,78,17]","[79,22,84,30,24,100,51,75,52,110,7,47,127]","[15,34,61,77,48,0,86,9,42,94,20,55,29]","[82,11,14,63,67,56,80,81,5,54,88,58,3]",3579m 6678p 277s 33z,2678m 34r5p 1248s 15z,134689m 2457p 246s,1234m 56678p 333r5s,3,3,6,10,0
20260403143738_0300_009,20260403143738_0300,20260403143738,300,2,qinqin7,108,1z,estimated_tsumogiri,1775195226,2141.73,,0,,"[57,27,62,119,59,98,32,117,64,97,8,78,17]","[79,22,84,30,24,100,51,75,52,110,7,47,127]","[15,34,61,77,48,0,86,9,42,94,20,55,29]","[82,11,14,63,67,56,80,81,5,54,88,58,3]",3579m 6678p 277s 33z,2678m 34r5p 1248s 15z,134689m 2457p 246s,1234m 56678p 333r5s,4,4,6,11,0
20260403143738_0300_010,20260403143738_0300,20260403143738,300,3,eita,3,1m,confirmed_tedashi,1775195230,1885.542,2055.508,0,,"[57,27,62,119,59,98,32,117,64,97,8,78,17]","[79,22,84,30,24,100,51,75,52,110,7,47,127]","[15,34,61,77,48,0,86,9,42,94,20,55,29]","[82,11,14,63,67,56,80,81,5,54,88,58,87]",3579m 6678p 277s 33z,2678m 34r5p 1248s 15z,134689m 2457p 246s,234m 56678p 3334r5s,0,0,4,13,0
20260403143738_0300_011,20260403143738_0300,20260403143738,300,0,パシフィック,89,5s,confirmed_tsumogiri,1775195230,706.927,,0,,"[57,27,62,119,59,98,32,117,64,97,8,78,17]","[79,22,84,30,24,100,51,75,52,110,7,47,127]","[15,34,61,77,48,0,86,9,42,94,20,55,29]","[82,11,14,63,67,56,80,81,5,54,88,58,87]",3579m 6678p 277s 33z,2678m 34r5p 1248s 15z,134689m 2457p 246s,234m 56678p 3334r5s,2,2,3,10,0
20260403143738_0300_012,20260403143738_0300,20260403143738,300,1,himeyonn,127,5z,confirmed_tedashi,1775195232,1956.915,,0,,"[57,27,62,119,59,98,32,117,64,97,8,78,17]","[79,22,84,30,24,100,51,75,52,110,7,47,120]","[15,34,61,77,48,0,86,9,42,94,20,55,29]","[82,11,14,63,67,56,80,81,5,54,88,58,87]",3579m 6678p 277s 33z,2678m 34r5p 1248s 14z,134689m 2457p 246s,234m 56678p 3334r5s,3,3,6,10,0
20260403143738_0300_013,20260403143738_0300,20260403143738,300,2,qinqin7,0,1m,confirmed_tedashi,1775195236,3229.754,,0,,"[57,27,62,119,59,98,32,117,64,97,8,78,17]","[79,22,84,30,24,100,51,75,52,110,7,47,120]","[15,34,61,77,48,86,9,42,94,20,55,29,50]","[82,11,14,63,67,56,80,81,5,54,88,58,87]",3579m 6678p 277s 33z,2678m 34r5p 1248s 14z,34689m 24457p 246s,234m 56678p 3334r5s,3,3,5,12,0
20260403143738_0300_014,20260403143738_0300,20260403143738,300,3,eita,35,9m,estimated_tsumogiri,1775195236,686.312,,0,,"[57,27,62,119,59,98,32,117,64,97,8,78,17]","[79,22,84,30,24,100,51,75,52,110,7,47,120]","[15,34,61,77,48,86,9,42,94,20,55,29,50]","[82,11,14,63,67,56,80,81,5,54,88,58,87]",3579m 6678p 277s 33z,2678m 34r5p 1248s 14z,34689m 24457p 246s,234m 56678p 3334r5s,0,0,4,13,0
20260403143738_0300_015,20260403143738_0300,20260403143738,300,0,パシフィック,122,4z,confirmed_tsumogiri,1775195238,1170.771,,0,,"[57,27,62,119,59,98,32,117,64,97,8,78,17]","[79,22,84,30,24,100,51,75,52,110,7,47,120]","[15,34,61,77,48,86,9,42,94,20,55,29,50]","[82,11,14,63,67,56,80,81,5,54,88,58,87]",3579m 6678p 277s 33z,2678m 34r5p 1248s 14z,34689m 24457p 246s,234m 56678p 3334r5s,2,2,3,10,0
20260403143738_0300_016,20260403143738_0300,20260403143738,300,1,himeyonn,120,4z,confirmed_tedashi,1775195240,2406.962,,0,,"[57,27,62,119,59,98,32,117,64,97,8,78,17]","[79,22,84,30,24,100,51,75,52,110,7,47,28]","[15,34,61,77,48,86,9,42,94,20,55,29,50]","[82,11,14,63,67,56,80,81,5,54,88,58,87]",3579m 6678p 277s 33z,26788m 34r5p 1248s 1z,34689m 24457p 246s,234m 56678p 3334r5s,3,3,5,11,0
20260403143738_0300_017,20260403143738_0300,20260403143738,300,2,qinqin7,34,9m,confirmed_tedashi,1775195246,5910.857,,0,,"[57,27,62,119,59,98,32,117,64,97,8,78,17]","[79,22,84,30,24,100,51,75,52,110,7,47,28]","[15,61,77,48,86,9,42,94,20,55,29,50,65]","[82,11,14,63,67,56,80,81,5,54,88,58,87]",3579m 6678p 277s 33z,26788m 34r5p 1248s 1z,3468m 244578p 246s,234m 56678p 3334r5s,3,3,5,13,0
20260403143738_0300_018,20260403143738_0300,20260403143738,300,3,eita,109,1z,estimated_tsumogiri,1775195247,746.627,,0,,"[57,27,62,119,59,98,32,117,64,97,8,78,17]","[79,22,84,30,24,100,51,75,52,110,7,47,28]","[15,61,77,48,86,9,42,94,20,55,29,50,65]","[82,11,14,63,67,56,80,81,5,54,88,58,87]",3579m 6678p 277s 33z,26788m 34r5p 1248s 1z,3468m 244578p 246s,234m 56678p 3334r5s,0,0,4,13,0
20260403143738_0300_019,20260403143738_0300,20260403143738,300,0,パシフィック,71,9p,confirmed_tsumogiri,1775195248,1117.514,,0,,"[57,27,62,119,59,98,32,117,64,97,8,78,17]","[79,22,84,30,24,100,51,75,52,110,7,47,28]","[15,61,77,48,86,9,42,94,20,55,29,50,65]","[82,11,14,63,67,56,80,81,5,54,88,58,87]",3579m 6678p 277s 33z,26788m 34r5p 1248s 1z,3468m 244578p 246s,234m 56678p 3334r5s,2,2,3,10,0
20260403143738_0300_020,20260403143738_0300,20260403143738,300,1,himeyonn,110,1z,confirmed_tedashi,1775195250,2175.203,,0,,"[57,27,62,119,59,98,32,117,64,97,8,78,17]","[79,22,84,30,24,100,51,75,52,7,47,28,72]","[15,61,77,48,86,9,42,94,20,55,29,50,65]","[82,11,14,63,67,56,80,81,5,54,88,58,87]",3579m 6678p 277s 33z,26788m 34r5p 11248s,3468m 244578p 246s,234m 56678p 3334r5s,2,2,4,11,0
20260403143738_0300_021,20260403143738_0300,20260403143738,300,2,qinqin7,42,2p,confirmed_tedashi,1775195257,6927.647,,0,,"[57,27,62,119,59,98,32,117,64,97,8,78,17]","[79,22,84,30,24,100,51,75,52,7,47,28,72]","[15,61,77,48,86,9,94,20,55,29,50,65,96]","[82,11,14,63,67,56,80,81,5,54,88,58,87]",3579m 6678p 277s 33z,26788m 34r5p 11248s,3468m 44578p 2467s,234m 56678p 3334r5s,3,3,5,13,0
20260403143738_0300_022,20260403143738_0300,20260403143738,300,3,eita,92,6s,estimated_tsumogiri,1775195257,619.592,,0,,"[57,27,62,119,59,98,32,117,64,97,8,78,17]","[79,22,84,30,24,100,51,75,52,7,47,28,72]","[15,61,77,48,86,9,94,20,55,29,50,65,96]","[82,11,14,63,67,56,80,81,5,54,88,58,87]",3579m 6678p 277s 33z,26788m 34r5p 11248s,3468m 44578p 2467s,234m 56678p 3334r5s,0,0,4,13,0
20260403143738_0300_023,20260403143738_0300,20260403143738,300,0,パシフィック,135,7z,confirmed_tsumogiri,1775195259,1259.581,,0,,"[57,27,62,119,59,98,32,117,64,97,8,78,17]","[79,22,84,30,24,100,51,75,52,7,47,28,72]","[15,61,77,48,86,9,94,20,55,29,50,65,96]","[82,11,14,63,67,56,80,81,5,54,88,58,87]",3579m 6678p 277s 33z,26788m 34r5p 11248s,3468m 44578p 2467s,234m 56678p 3334r5s,2,2,3,10,0
20260403143738_0300_024,20260403143738_0300,20260403143738,300,1,himeyonn,100,8s,confirmed_tedashi,1775195262,3253.356,,3,1993.248,"[57,27,62,119,59,98,32,117,64,97,8,78,17]","[79,22,84,30,24,51,75,52,7,47,28,72,40]","[15,61,77,48,86,9,94,20,55,29,50,65,96]","[82,11,14,63,67,56,80,81,5,54,88,58,87]",3579m 6678p 277s 33z,26788m 234r5p 1124s,3468m 44578p 2467s,234m 56678p 3334r5s,2,2,4,11,0
20260403143738_0300_025,20260403143738_0300,20260403143738,300,2,qinqin7,132,7z,estimated_tsumogiri,1775195265,1498.13,,0,,"[57,27,62,119,59,98,32,117,64,97,8,78,17]","[79,22,84,30,24,51,75,52,7,47,28,72,40]","[15,61,77,48,86,9,94,20,55,29,50,65,96]","[82,11,14,63,67,56,80,81,5,54,88,58,87]",3579m 6678p 277s 33z,26788m 234r5p 1124s,3468m 44578p 2467s,234m 56678p 3334r5s,3,3,5,13,0
20260403143738_0300_026,20260403143738_0300,20260403143738,300,3,eita,13,4m,estimated_tsumogiri,1775195266,715.653,,3,651.437,"[57,27,62,119,59,98,32,117,64,97,8,78,17]","[79,22,84,30,24,51,75,52,7,47,28,72,40]","[15,61,77,48,86,9,94,20,55,29,50,65,96]","[82,11,14,63,67,56,80,81,5,54,88,58,87]",3579m 6678p 277s 33z,26788m 234r5p 1124s,3468m 44578p 2467s,234m 56678p 3334r5s,0,0,4,13,0
20260403143738_0300_027,20260403143738_0300,20260403143738,300,0,パシフィック,93,6s,confirmed_tsumogiri,1775195267,486.347,,0,,"[57,27,62,119,59,98,32,117,64,97,8,78,17]","[79,22,84,30,24,51,75,52,7,47,28,72,40]","[15,61,77,48,86,9,94,20,55,29,50,65,96]","[82,11,14,63,67,56,80,81,5,54,88,58,87]",3579m 6678p 277s 33z,26788m 234r5p 1124s,3468m 44578p 2467s,234m 56678p 3334r5s,2,2,3,10,0
20260403143738_0300_028,20260403143738_0300,20260403143738,300,1,himeyonn,128,6z,estimated_tsumogiri,1775195271,3525.607,,0,,"[57,27,62,119,59,98,32,117,64,97,8,78,17]","[79,22,84,30,24,51,75,52,7,47,28,72,40]","[15,61,77,48,86,9,94,20,55,29,50,65,96]","[82,11,14,63,67,56,80,81,5,54,88,58,87]",3579m 6678p 277s 33z,26788m 234r5p 1124s,3468m 44578p 2467s,234m 56678p 3334r5s,2,2,4,11,0
20260403143738_0300_029,20260403143738_0300,20260403143738,300,2,qinqin7,94,6s,confirmed_tedashi,1775195274,3070.962,,0,,"[57,27,62,119,59,98,32,117,64,97,8,78,17]","[79,22,84,30,24,51,75,52,7,47,28,72,40]","[15,61,77,48,86,9,20,55,29,50,65,96,6]","[82,11,14,63,67,56,80,81,5,54,88,58,87]",3579m 6678p 277s 33z,26788m 234r5p 1124s,23468m 44578p 247s,234m 56678p 3334r5s,2,2,5,13,0
20260403143738_0300_030,20260403143738_0300,20260403143738,300,3,eita,91,5s,estimated_tsumogiri,1775195275,730.945,,0,,"[57,27,62,119,59,98,32,117,64,97,8,78,17]","[79,22,84,30,24,51,75,52,7,47,28,72,40]","[15,61,77,48,86,9,20,55,29,50,65,96,6]","[82,11,14,63,67,56,80,81,5,54,88,58,87]",3579m 6678p 277s 33z,26788m 234r5p 1124s,23468m 44578p 247s,234m 56678p 3334r5s,0,0,4,13,0
20260403143738_0300_031,20260403143738_0300,20260403143738,300,0,パシフィック,69,9p,confirmed_tsumogiri,1775195276,1133.644,,0,,"[57,27,62,119,59,98,32,117,64,97,8,78,17]","[79,22,84,30,24,51,75,52,7,47,28,72,40]","[15,61,77,48,86,9,20,55,29,50,65,96,6]","[82,11,14,63,67,56,80,81,5,54,88,58,87]",3579m 6678p 277s 33z,26788m 234r5p 1124s,23468m 44578p 247s,234m 56678p 3334r5s,2,2,3,10,0
20260403143738_0300_032,20260403143738_0300,20260403143738,300,1,himeyonn,7,2m,confirmed_tedashi,1775195284,7983.642,,3,1824.356,"[57,27,62,119,59,98,32,117,64,97,8,78,17]","[79,22,84,30,24,51,75,52,47,28,72,40,31]","[15,61,77,48,86,9,20,55,29,50,65,96,6]","[82,11,14,63,67,56,80,81,5,54,88,58,87]",3579m 6678p 277s 33z,67888m 234r5p 1124s,23468m 44578p 247s,234m 56678p 3334r5s,1,1,4,11,0
20260403143738_0300_033,20260403143738_0300,20260403143738,300,2,qinqin7,121,4z,estimated_tsumogiri,1775195287,1418.324,,0,,"[57,27,62,119,59,98,32,117,64,97,8,78,17]","[79,22,84,30,24,51,75,52,47,28,72,40,31]","[15,61,77,48,86,9,20,55,29,50,65,96,6]","[82,11,14,63,67,56,80,81,5,54,88,58,87]",3579m 6678p 277s 33z,67888m 234r5p 1124s,23468m 44578p 247s,234m 56678p 3334r5s,2,2,5,13,0
20260403143738_0300_034,20260403143738_0300,20260403143738,300,3,eita,19,5m,estimated_tsumogiri,1775195288,747.077,,0,,"[57,27,62,119,59,98,32,117,64,97,8,78,17]","[79,22,84,30,24,51,75,52,47,28,72,40,31]","[15,61,77,48,86,9,20,55,29,50,65,96,6]","[82,11,14,63,67,56,80,81,5,54,88,58,87]",3579m 6678p 277s 33z,67888m 234r5p 1124s,23468m 44578p 247s,234m 56678p 3334r5s,0,0,4,13,0
20260403143738_0300_035,20260403143738_0300,20260403143738,300,0,パシフィック,99,7s,confirmed_tsumogiri,1775195289,1111.927,,0,,"[57,27,62,119,59,98,32,117,64,97,8,78,17]","[79,22,84,30,24,51,75,52,47,28,72,40,31]","[15,61,77,48,86,9,20,55,29,50,65,96,6]","[82,11,14,63,67,56,80,81,5,54,88,58,87]",3579m 6678p 277s 33z,67888m 234r5p 1124s,23468m 44578p 247s,234m 56678p 3334r5s,2,2,3,10,0
20260403143738_0300_036,20260403143738_0300,20260403143738,300,1,himeyonn,75,1s,confirmed_tedashi,1775195292,3138.851,,0,,"[57,27,62,119,59,98,32,117,64,97,8,78,17]","[79,22,84,30,24,51,52,47,28,72,40,31,76]","[15,61,77,48,86,9,20,55,29,50,65,96,6]","[82,11,14,63,67,56,80,81,5,54,88,58,87]",3579m 6678p 277s 33z,67888m 234r5p 1224s,23468m 44578p 247s,234m 56678p 3334r5s,1,1,4,12,0
20260403143738_0300_037,20260403143738_0300,20260403143738,300,2,qinqin7,96,7s,confirmed_tedashi,1775195293,1492.889,,3,208.812,"[57,27,62,119,59,98,32,117,64,97,8,78,17]","[79,22,84,30,24,51,52,47,28,72,40,31,76]","[15,61,77,48,86,9,20,55,29,50,65,6,70]","[82,11,14,63,67,56,80,81,5,54,88,58,87]",3579m 6678p 277s 33z,67888m 234r5p 1224s,23468m 445789p 24s,234m 56678p 3334r5s,1,1,5,12,0
20260403143738_0300_038,20260403143738_0300,20260403143738,300,3,eita,16,r5m,estimated_tsumogiri,1775195294,610.611,,0,,"[57,27,62,119,59,98,32,117,64,97,8,78,17]","[79,22,84,30,24,51,52,47,28,72,40,31,76]","[15,61,77,48,86,9,20,55,29,50,65,6,70]","[82,11,14,63,67,56,80,81,5,54,88,58,87]",3579m 6678p 277s 33z,67888m 234r5p 1224s,23468m 445789p 24s,234m 56678p 3334r5s,0,0,4,13,0
20260403143738_0300_039,20260403143738_0300,20260403143738,300,0,パシフィック,112,2z,confirmed_tsumogiri,1775195295,1060.144,,0,,"[57,27,62,119,59,98,32,117,64,97,8,78,17]","[79,22,84,30,24,51,52,47,28,72,40,31,76]","[15,61,77,48,86,9,20,55,29,50,65,6,70]","[82,11,14,63,67,56,80,81,5,54,88,58,87]",3579m 6678p 277s 33z,67888m 234r5p 1224s,23468m 445789p 24s,234m 56678p 3334r5s,2,2,3,10,0
20260403143738_0300_040,20260403143738_0300,20260403143738,300,1,himeyonn,72,1s,confirmed_tedashi,1775195298,2167.871,,0,,"[57,27,62,119,59,98,32,117,64,97,8,78,17]","[79,22,84,30,24,51,52,47,28,40,31,76,134]","[15,61,77,48,86,9,20,55,29,50,65,6,70]","[82,11,14,63,67,56,80,81,5,54,88,58,87]",3579m 6678p 277s 33z,67888m 234r5p 224s 7z,23468m 445789p 24s,234m 56678p 3334r5s,2,2,4,12,0
20260403143738_0300_041,20260403143738_0300,20260403143738,300,2,qinqin7,102,8s,estimated_tsumogiri,1775195302,4152.345,,0,,"[57,27,62,119,59,98,32,117,64,97,8,78,17]","[79,22,84,30,24,51,52,47,28,40,31,76,134]","[15,61,77,48,86,9,20,55,29,50,65,6,70]","[82,11,14,63,67,56,80,81,5,54,88,58,87]",3579m 6678p 277s 33z,67888m 234r5p 224s 7z,23468m 445789p 24s,234m 56678p 3334r5s,1,1,5,12,0
20260403143738_0300_042,20260403143738_0300,20260403143738,300,3,eita,104,9s,estimated_tsumogiri,1775195302,711.933,,0,,"[57,27,62,119,59,98,32,117,64,97,8,78,17]","[79,22,84,30,24,51,52,47,28,40,31,76,134]","[15,61,77,48,86,9,20,55,29,50,65,6,70]","[82,11,14,63,67,56,80,81,5,54,88,58,87]",3579m 6678p 277s 33z,67888m 234r5p 224s 7z,23468m 445789p 24s,234m 56678p 3334r5s,0,0,4,13,0
20260403143738_0300_043,20260403143738_0300,20260403143738,300,0,パシフィック,126,5z,confirmed_tsumogiri,1775195304,1145.423,,0,,"[57,27,62,119,59,98,32,117,64,97,8,78,17]","[79,22,84,30,24,51,52,47,28,40,31,76,134]","[15,61,77,48,86,9,20,55,29,50,65,6,70]","[82,11,14,63,67,56,80,81,5,54,88,58,87]",3579m 6678p 277s 33z,67888m 234r5p 224s 7z,23468m 445789p 24s,234m 56678p 3334r5s,2,2,3,10,0
20260403143738_0300_044,20260403143738_0300,20260403143738,300,1,himeyonn,134,7z,confirmed_tedashi,1775195306,2171.007,,0,,"[57,27,62,119,59,98,32,117,64,97,8,78,17]","[79,22,84,30,24,51,52,47,28,40,31,76,101]","[15,61,77,48,86,9,20,55,29,50,65,6,70]","[82,11,14,63,67,56,80,81,5,54,88,58,87]",3579m 6678p 277s 33z,67888m 234r5p 2248s,23468m 445789p 24s,234m 56678p 3334r5s,2,2,4,13,0
20260403143738_0300_045,20260403143738_0300,20260403143738,300,2,qinqin7,43,2p,estimated_tsumogiri,1775195310,3915.869,,0,,"[57,27,62,119,59,98,32,117,64,97,8,78,17]","[79,22,84,30,24,51,52,47,28,40,31,76,101]","[15,61,77,48,86,9,20,55,29,50,65,6,70]","[82,11,14,63,67,56,80,81,5,54,88,58,87]",3579m 6678p 277s 33z,67888m 234r5p 2248s,23468m 445789p 24s,234m 56678p 3334r5s,1,1,5,12,0
20260403143738_0300_046,20260403143738_0300,20260403143738,300,3,eita,107,9s,estimated_tsumogiri,1775195310,694.165,,0,,"[57,27,62,119,59,98,32,117,64,97,8,78,17]","[79,22,84,30,24,51,52,47,28,40,31,76,101]","[15,61,77,48,86,9,20,55,29,50,65,6,70]","[82,11,14,63,67,56,80,81,5,54,88,58,87]",3579m 6678p 277s 33z,67888m 234r5p 2248s,23468m 445789p 24s,234m 56678p 3334r5s,0,0,4,13,0
20260403143738_0300_047,20260403143738_0300,20260403143738,300,0,パシフィック,4,2m,confirmed_tsumogiri,1775195311,1163.603,,0,,"[57,27,62,119,59,98,32,117,64,97,8,78,17]","[79,22,84,30,24,51,52,47,28,40,31,76,101]","[15,61,77,48,86,9,20,55,29,50,65,6,70]","[82,11,14,63,67,56,80,81,5,54,88,58,87]",3579m 6678p 277s 33z,67888m 234r5p 2248s,23468m 445789p 24s,234m 56678p 3334r5s,2,2,3,10,0
20260403143738_0300_048,20260403143738_0300,20260403143738,300,1,himeyonn,74,1s,estimated_tsumogiri,1775195316,4146.101,,0,,"[57,27,62,119,59,98,32,117,64,97,8,78,17]","[79,22,84,30,24,51,52,47,28,40,31,76,101]","[15,61,77,48,86,9,20,55,29,50,65,6,70]","[82,11,14,63,67,56,80,81,5,54,88,58,87]",3579m 6678p 277s 33z,67888m 234r5p 2248s,23468m 445789p 24s,234m 56678p 3334r5s,2,2,4,13,0
20260403143738_0300_049,20260403143738_0300,20260403143738,300,2,qinqin7,41,2p,estimated_tsumogiri,1775195318,2038.231,,0,,"[57,27,62,119,59,98,32,117,64,97,8,78,17]","[79,22,84,30,24,51,52,47,28,40,31,76,101]","[15,61,77,48,86,9,20,55,29,50,65,6,70]","[82,11,14,63,67,56,80,81,5,54,88,58,87]",3579m 6678p 277s 33z,67888m 234r5p 2248s,23468m 445789p 24s,234m 56678p 3334r5s,1,1,5,12,0
20260403143738_0300_050,20260403143738_0300,20260403143738,300,3,eita,26,7m,estimated_tsumogiri,1775195318,743.669,,0,,"[57,27,62,119,59,98,32,117,64,97,8,78,17]","[79,22,84,30,24,51,52,47,28,40,31,76,101]","[15,61,77,48,86,9,20,55,29,50,65,6,70]","[82,11,14,63,67,56,80,81,5,54,88,58,87]",3579m 6678p 277s 33z,67888m 234r5p 2248s,23468m 445789p 24s,234m 56678p 3334r5s,0,0,4,13,0
20260403143738_0300_051,20260403143738_0300,20260403143738,300,0,パシフィック,116,3z,confirmed_tsumogiri,1775195320,1117.254,,0,,"[57,27,62,119,59,98,32,117,64,97,8,78,17]","[79,22,84,30,24,51,52,47,28,40,31,76,101]","[15,61,77,48,86,9,20,55,29,50,65,6,70]","[82,11,14,63,67,56,80,81,5,54,88,58,87]",3579m 6678p 277s 33z,67888m 234r5p 2248s,23468m 445789p 24s,234m 56678p 3334r5s,2,2,3,10,0
20260403143738_0300_052,20260403143738_0300,20260403143738,300,1,himeyonn,105,9s,estimated_tsumogiri,1775195323,3369.118,,0,,"[57,27,62,119,59,98,32,117,64,97,8,78,17]","[79,22,84,30,24,51,52,47,28,40,31,76,101]","[15,61,77,48,86,9,20,55,29,50,65,6,70]","[82,11,14,63,67,56,80,81,5,54,88,58,87]",3579m 6678p 277s 33z,67888m 234r5p 2248s,23468m 445789p 24s,234m 56678p 3334r5s,2,2,4,13,0
20260403143738_0300_053,20260403143738_0300,20260403143738,300,2,qinqin7,29,8m,confirmed_tedashi,1775195330,7454.473,,3,1907.209,"[57,27,62,119,59,98,32,117,64,97,8,78,17]","[79,22,84,30,24,51,52,47,28,40,31,76,101]","[15,61,77,48,86,9,20,55,50,65,6,70,83]","[82,11,14,63,67,56,80,81,5,54,88,58,87]",3579m 6678p 277s 33z,67888m 234r5p 2248s,2346m 445789p 234s,234m 56678p 3334r5s,1,1,5,12,0
20260403143738_0300_054,20260403143738_0300,20260403143738,300,3,eita,114,2z,estimated_tsumogiri,1775195332,251.885,,0,,"[57,27,62,119,59,98,32,117,64,97,8,78,17]","[79,22,84,30,24,51,52,47,28,40,31,76,101]","[15,61,77,48,86,9,20,55,50,65,6,70,83]","[82,11,14,63,67,56,80,81,5,54,88,58,87]",3579m 6678p 277s 33z,67888m 234r5p 2248s,2346m 445789p 234s,234m 56678p 3334r5s,0,0,4,13,0
20260403143738_0300_055,20260403143738_0300,20260403143738,300,0,パシフィック,2,1m,confirmed_tsumogiri,1775195334,1121.452,,0,,"[57,27,62,119,59,98,32,117,64,97,8,78,17]","[79,22,84,30,24,51,52,47,28,40,31,76,101]","[15,61,77,48,86,9,20,55,50,65,6,70,83]","[82,11,14,63,67,56,80,81,5,54,88,58,87]",3579m 6678p 277s 33z,67888m 234r5p 2248s,2346m 445789p 234s,234m 56678p 3334r5s,2,2,3,10,0
20260403143738_0300_056,20260403143738_0300,20260403143738,300,1,himeyonn,101,8s,confirmed_tedashi,1775195338,4436.685,,0,,"[57,27,62,119,59,98,32,117,64,97,8,78,17]","[79,22,84,30,24,51,52,47,28,40,31,76,46]","[15,61,77,48,86,9,20,55,50,65,6,70,83]","[82,11,14,63,67,56,80,81,5,54,88,58,87]",3579m 6678p 277s 33z,67888m 2334r5p 224s,2346m 445789p 234s,234m 56678p 3334r5s,1,1,3,13,0
20260403143738_0300_057,20260403143738_0300,20260403143738,300,2,qinqin7,95,6s,estimated_tsumogiri,1775195340,2234.335,,0,,"[57,27,62,119,59,98,32,117,64,97,8,78,17]","[79,22,84,30,24,51,52,47,28,40,31,76,46]","[15,61,77,48,86,9,20,55,50,65,6,70,83]","[82,11,14,63,67,56,80,81,5,54,88,58,87]",3579m 6678p 277s 33z,67888m 2334r5p 224s,2346m 445789p 234s,234m 56678p 3334r5s,1,1,5,12,0
20260403143738_0300_058,20260403143738_0300,20260403143738,300,3,eita,85,4s,estimated_tsumogiri,1775195341,702.363,,0,,"[57,27,62,119,59,98,32,117,64,97,8,78,17]","[79,22,84,30,24,51,52,47,28,40,31,76,46]","[15,61,77,48,86,9,20,55,50,65,6,70,83]","[82,11,14,63,67,56,80,81,5,54,88,58,87]",3579m 6678p 277s 33z,67888m 2334r5p 224s,2346m 445789p 234s,234m 56678p 3334r5s,0,0,4,13,0
20260403143738_0300_059,20260403143738_0300,20260403143738,300,0,パシフィック,49,4p,confirmed_tsumogiri,1775195342,1155.81,,0,,"[57,27,62,119,59,98,32,117,64,97,8,78,17]","[79,22,84,30,24,51,52,47,28,40,31,76,46]","[15,61,77,48,86,9,20,55,50,65,6,70,83]","[82,11,14,63,67,56,80,81,5,54,88,58,87]",3579m 6678p 277s 33z,67888m 2334r5p 224s,2346m 445789p 234s,234m 56678p 3334r5s,2,2,3,10,0
20260403151827_0000_003,20260403151827_0000,20260403151827,0,0,パシフィック,116,3z,confirmed_tedashi,1775197112,5392.193,,0,,"[1,13,25,28,40,49,70,71,94,98,103,122,16]","[56,2,119,15,62,101,23,39,75,90,31,8,134]","[64,123,96,79,104,54,66,65,59,100,52,89,73]","[30,86,125,58,128,63,135,102,88,69,127,44,105]",14r578m 2499p 678s 4z,13468m 167p 158s 37z,r556888p 125789s 4z,8m 3679p 4r589s 5567z,2,2,5,9,0
20260403151827_0000_004,20260403151827_0000,20260403151827,0,1,masa1125,119,3z,confirmed_tedashi,1775197116,3942.502,,0,,"[1,13,25,28,40,49,70,71,94,98,103,122,16]","[56,2,15,62,101,23,39,75,90,31,8,134,129]","[64,123,96,79,104,54,66,65,59,100,52,89,73]","[30,86,125,58,128,63,135,102,88,69,127,44,105]",14r578m 2499p 678s 4z,13468m 167p 158s 67z,r556888p 125789s 4z,8m 3679p 4r589s 5567z,5,5,6,8,0
20260403151827_0000_005,20260403151827_0000,20260403151827,0,2,はまはまみこみこ,123,4z,confirmed_tedashi,1775197119,2740.012,,0,,"[1,13,25,28,40,49,70,71,94,98,103,122,16]","[56,2,15,62,101,23,39,75,90,31,8,134,129]","[64,96,79,104,54,66,65,59,100,52,89,73,114]","[30,86,125,58,128,63,135,102,88,69,127,44,105]",14r578m 2499p 678s 4z,13468m 167p 158s 67z,r556888p 125789s 2z,8m 3679p 4r589s 5567z,2,2,4,10,0
20260403151827_0000_006,20260403151827_0000,20260403151827,0,3,1963414,135,7z,confirmed_tedashi,1775197123,3888.718,,0,,"[1,13,25,28,40,49,70,71,94,98,103,122,16]","[56,2,15,62,101,23,39,75,90,31,8,134,129]","[64,96,79,104,54,66,65,59,100,52,89,73,114]","[30,86,125,58,128,63,102,88,69,127,44,105,50]",14r578m 2499p 678s 4z,13468m 167p 158s 67z,r556888p 125789s 2z,8m 34679p 4r589s 556z,3,3,5,8,0
20260403151827_0000_007,20260403151827_0000,20260403151827,0,0,パシフィック,26,7m,confirmed_tsumogiri,1775197124,693.151,,3,4109.648,"[1,13,25,28,40,49,70,71,94,98,103,122,16]","[56,2,15,62,101,23,39,75,90,31,8,134,129]","[64,96,79,104,54,66,65,59,100,52,89,73,114]","[30,86,125,58,128,63,102,88,69,127,44,105,50]",14r578m 2499p 678s 4z,13468m 167p 158s 67z,r556888p 125789s 2z,8m 34679p 4r589s 556z,2,2,5,9,1
20260403151827_0000_008,20260403151827_0000,20260403151827,0,1,masa1125,134,7z,confirmed_tedashi,1775197130,2263.458,,0,,"[1,13,25,28,40,49,70,71,94,98,103,122,16]","[56,2,15,62,101,23,39,75,90,31,8,129,83]","[64,96,79,104,54,66,65,59,100,52,89,73,114]","[30,86,125,58,128,63,102,88,69,127,44,105,50]",14r578m 2499p 678s 4z,13468m 167p 1358s 6z,r556888p 125789s 2z,8m 34679p 4r589s 556z,4,4,6,9,0
20260403151827_0000_009,20260403151827_0000,20260403151827,0,2,はまはまみこみこ,43,2p,estimated_tsumogiri,1775197133,3369.933,,3,1420.846,"[1,13,25,28,40,49,70,71,94,98,103,122,16]","[56,2,15,62,101,23,39,75,90,31,8,129,83]","[64,96,79,104,54,66,65,59,100,52,89,73,114]","[30,86,125,58,128,63,102,88,69,127,44,105,50]",14r578m 2499p 678s 4z,13468m 167p 1358s 6z,r556888p 125789s 2z,8m 34679p 4r589s 556z,2,2,4,10,0
20260403151827_0000_010,20260403151827_0000,20260403151827,0,3,1963414,69,9p,confirmed_tedashi,1775197136,1690.079,,3,197.493,"[1,13,25,28,40,49,70,71,94,98,103,122,16]","[56,2,15,62,101,23,39,75,90,31,8,129,83]","[64,96,79,104,54,66,65,59,100,52,89,73,114]","[30,86,125,58,128,63,102,88,127,44,105,50,99]",14r578m 2499p 678s 4z,13468m 167p 1358s 6z,r556888p 125789s 2z,8m 3467p 4r5789s 556z,2,2,5,9,0
20260403151827_0000_011,20260403151827_0000,20260403151827,0,0,パシフィック,68,9p,confirmed_tsumogiri,1775197137,486.471,,0,,"[1,13,25,28,40,49,70,71,94,98,103,122,16]","[56,2,15,62,101,23,39,75,90,31,8,129,83]","[64,96,79,104,54,66,65,59,100,52,89,73,114]","[30,86,125,58,128,63,102,88,127,44,105,50,99]",14r578m 2499p 678s 4z,13468m 167p 1358s 6z,r556888p 125789s 2z,8m 3467p 4r5789s 556z,2,2,5,9,0
20260403151827_0000_012,20260403151827_0000,20260403151827,0,1,masa1125,2,1m,confirmed_tedashi,1775197141,3921.855,,0,,"[1,13,25,28,40,49,70,71,94,98,103,122,16]","[56,15,62,101,23,39,75,90,31,8,129,83,18]","[64,96,79,104,54,66,65,59,100,52,89,73,114]","[30,86,125,58,128,63,102,88,127,44,105,50,99]",14r578m 2499p 678s 4z,34568m 167p 1358s 6z,r556888p 125789s 2z,8m 3467p 4r5789s 556z,3,3,6,10,0
20260403151827_0000_013,20260403151827_0000,20260403151827,0,2,はまはまみこみこ,73,1s,confirmed_tedashi,1775197145,4274.959,,0,,"[1,13,25,28,40,49,70,71,94,98,103,122,16]","[56,15,62,101,23,39,75,90,31,8,129,83,18]","[64,96,79,104,54,66,65,59,100,52,89,114,76]","[30,86,125,58,128,63,102,88,127,44,105,50,99]",14r578m 2499p 678s 4z,34568m 167p 1358s 6z,r556888p 225789s 2z,8m 3467p 4r5789s 556z,2,2,3,11,0
20260403151827_0000_014,20260403151827_0000,20260403151827,0,3,1963414,128,6z,confirmed_tedashi,1775197148,2977.375,,0,,"[1,13,25,28,40,49,70,71,94,98,103,122,16]","[56,15,62,101,23,39,75,90,31,8,129,83,18]","[64,96,79,104,54,66,65,59,100,52,89,114,76]","[30,86,125,58,63,102,88,127,44,105,50,99,10]",14r578m 2499p 678s 4z,34568m 167p 1358s 6z,r556888p 225789s 2z,38m 3467p 4r5789s 55z,2,2,5,10,0
20260403151827_0000_015,20260403151827_0000,20260403151827,0,0,パシフィック,48,4p,confirmed_tsumogiri,1775197149,712.021,,0,,"[1,13,25,28,40,49,70,71,94,98,103,122,16]","[56,15,62,101,23,39,75,90,31,8,129,83,18]","[64,96,79,104,54,66,65,59,100,52,89,114,76]","[30,86,125,58,63,102,88,127,44,105,50,99,10]",14r578m 2499p 678s 4z,34568m 167p 1358s 6z,r556888p 225789s 2z,38m 3467p 4r5789s 55z,2,2,5,9,0
20260403151827_0000_016,20260403151827_0000,20260403151827,0,1,masa1125,39,1p,confirmed_tedashi,1775197152,3383.434,,0,,"[1,13,25,28,40,49,70,71,94,98,103,122,16]","[56,15,62,101,23,75,90,31,8,129,83,18,106]","[64,96,79,104,54,66,65,59,100,52,89,114,76]","[30,86,125,58,63,102,88,127,44,105,50,99,10]",14r578m 2499p 678s 4z,34568m 67p 13589s 6z,r556888p 225789s 2z,38m 3467p 4r5789s 55z,3,3,6,10,0
20260403151827_0000_017,20260403151827_0000,20260403151827,0,2,はまはまみこみこ,124,5z,estimated_tsumogiri,1775197155,2781.666,,3,1465.242,"[1,13,25,28,40,49,70,71,94,98,103,122,16]","[56,15,62,101,23,75,90,31,8,129,83,18,106]","[64,96,79,104,54,66,65,59,100,52,89,114,76]","[30,86,125,58,63,102,88,127,44,105,50,99,10]",14r578m 2499p 678s 4z,34568m 67p 13589s 6z,r556888p 225789s 2z,38m 3467p 4r5789s 55z,2,2,3,11,0
20260403151827_0000_018,20260403151827_0000,20260403151827,0,3,1963414,30,8m,confirmed_tedashi,1775197159,1988.687,,0,,"[1,13,25,28,40,49,70,71,94,98,103,122,16]","[56,15,62,101,23,75,90,31,8,129,83,18,106]","[64,96,79,104,54,66,65,59,100,52,89,114,76]","[86,125,58,63,102,88,127,44,105,50,99,10,97]",14r578m 2499p 678s 4z,34568m 67p 13589s 6z,r556888p 225789s 2z,3m 3467p 4r57789s 55z,2,2,4,10,0
20260403151827_0000_019,20260403151827_0000,20260403151827,0,0,パシフィック,67,8p,confirmed_tsumogiri,1775197159,692.222,,3,6065.607,"[1,13,25,28,40,49,70,71,94,98,103,122,16]","[56,15,62,101,23,75,90,31,8,129,83,18,106]","[64,96,79,104,54,66,65,59,100,52,89,114,76]","[86,125,58,63,102,88,127,44,105,50,99,10,97]",14r578m 2499p 678s 4z,34568m 67p 13589s 6z,r556888p 225789s 2z,3m 3467p 4r57789s 55z,2,2,5,9,0
20260403151827_0000_020,20260403151827_0000,20260403151827,0,1,masa1125,106,9s,confirmed_tedashi,1775197168,2568.024,,3,1729.658,"[1,13,25,28,40,49,70,71,94,98,103,122,16]","[56,15,62,101,23,75,90,31,8,129,83,18,72]","[64,96,79,104,54,66,65,59,100,52,89,114,76]","[86,125,58,63,102,88,127,44,105,50,99,10,97]",14r578m 2499p 678s 4z,34568m 67p 11358s 6z,r556888p 225789s 2z,3m 3467p 4r57789s 55z,2,2,5,10,0
20260403151827_0000_021,20260403151827_0000,20260403151827,0,2,はまはまみこみこ,54,5p,confirmed_tedashi,1775197172,2262.687,,3,1795.776,"[1,13,25,28,40,49,70,71,94,98,103,122,16]","[56,15,62,101,23,75,90,31,8,129,83,18,72]","[64,96,79,104,66,65,59,100,52,89,114,76,115]","[86,125,58,63,102,88,127,44,105,50,99,10,97]",14r578m 2499p 678s 4z,34568m 67p 11358s 6z,r56888p 225789s 22z,3m 3467p 4r57789s 55z,1,1,3,10,1
20260403151827_0000_022,20260403151827_0000,20260403151827,0,3,1963414,97,7s,confirmed_tedashi,1775197180,6382.989,,3,225.187,"[1,13,25,28,40,49,70,71,94,98,103,122,16]","[56,15,62,101,23,75,90,31,8,129,83,18,72]","[64,96,79,104,66,65,59,100,52,89,114,76,115]","[86,125,58,63,102,88,127,44,105,50,99,10,107]",14r578m 2499p 678s 4z,34568m 67p 11358s 6z,r56888p 225789s 22z,3m 3467p 4r57899s 55z,2,2,4,10,0
20260403151827_0000_023,20260403151827_0000,20260403151827,0,0,パシフィック,110,1z,confirmed_tsumogiri,1775197181,514.255,,0,,"[1,13,25,28,40,49,70,71,94,98,103,122,16]","[56,15,62,101,23,75,90,31,8,129,83,18,72]","[64,96,79,104,66,65,59,100,52,89,114,76,115]","[86,125,58,63,102,88,127,44,105,50,99,10,107]",14r578m 2499p 678s 4z,34568m 67p 11358s 6z,r56888p 225789s 22z,3m 3467p 4r57899s 55z,2,2,5,9,0
20260403151827_0000_024,20260403151827_0000,20260403151827,0,1,masa1125,129,6z,confirmed_tedashi,1775197185,4114.259,,0,,"[1,13,25,28,40,49,70,71,94,98,103,122,16]","[56,15,62,101,23,75,90,31,8,83,18,72,57]","[64,96,79,104,66,65,59,100,52,89,114,76,115]","[86,125,58,63,102,88,127,44,105,50,99,10,107]",14r578m 2499p 678s 4z,34568m 667p 11358s,r56888p 225789s 22z,3m 3467p 4r57899s 55z,2,2,4,11,0
20260403151827_0000_025,20260403151827_0000,20260403151827,0,2,はまはまみこみこ,115,2z,confirmed_tedashi,1775197188,2984.605,,0,,"[1,13,25,28,40,49,70,71,94,98,103,122,16]","[56,15,62,101,23,75,90,31,8,83,18,72,57]","[64,96,79,104,66,65,59,100,52,89,114,76,84]","[86,125,58,63,102,88,127,44,105,50,99,10,107]",14r578m 2499p 678s 4z,34568m 667p 11358s,r56888p 2245789s 2z,3m 3467p 4r57899s 55z,1,1,4,11,0
20260403151827_0000_026,20260403151827_0000,20260403151827,0,3,1963414,107,9s,confirmed_tedashi,1775197192,3545.299,,3,208.211,"[1,13,25,28,40,49,70,71,94,98,103,122,16]","[56,15,62,101,23,75,90,31,8,83,18,72,57]","[64,96,79,104,66,65,59,100,52,89,114,76,84]","[86,125,58,63,102,88,127,44,105,50,99,10,5]",14r578m 2499p 678s 4z,34568m 667p 11358s,r56888p 2245789s 2z,23m 3467p 4r5789s 55z,2,2,5,10,0
20260403151827_0000_027,20260403151827_0000,20260403151827,0,0,パシフィック,112,2z,confirmed_tsumogiri,1775197192,490.672,,0,,"[1,13,25,28,40,49,70,71,94,98,103,122,16]","[56,15,62,101,23,75,90,31,8,83,18,72,57]","[64,96,79,104,66,65,59,100,52,89,114,76,84]","[86,125,58,63,102,88,127,44,105,50,99,10,5]",14r578m 2499p 678s 4z,34568m 667p 11358s,r56888p 2245789s 2z,23m 3467p 4r5789s 55z,2,2,5,9,0
20260403151827_0000_028,20260403151827_0000,20260403151827,0,1,masa1125,111,1z,estimated_tsumogiri,1775197195,3173.475,,0,,"[1,13,25,28,40,49,70,71,94,98,103,122,16]","[56,15,62,101,23,75,90,31,8,83,18,72,57]","[64,96,79,104,66,65,59,100,52,89,114,76,84]","[86,125,58,63,102,88,127,44,105,50,99,10,5]",14r578m 2499p 678s 4z,34568m 667p 11358s,r56888p 2245789s 2z,23m 3467p 4r5789s 55z,2,2,4,11,0
20260403151827_0000_029,20260403151827_0000,20260403151827,0,2,はまはまみこみこ,17,5m,estimated_tsumogiri,1775197198,3011.252,,0,,"[1,13,25,28,40,49,70,71,94,98,103,122,16]","[56,15,62,101,23,75,90,31,8,83,18,72,57]","[64,96,79,104,66,65,59,100,52,89,114,76,84]","[86,125,58,63,102,88,127,44,105,50,99,10,5]",14r578m 2499p 678s 4z,34568m 667p 11358s,r56888p 2245789s 2z,23m 3467p 4r5789s 55z,1,1,4,11,0
20260403151827_0000_030,20260403151827_0000,20260403151827,0,3,1963414,127,5z,confirmed_tedashi,1775197202,3293.012,,0,,"[1,13,25,28,40,49,70,71,94,98,103,122,16]","[56,15,62,101,23,75,90,31,8,83,18,72,57]","[64,96,79,104,66,65,59,100,52,89,114,76,84]","[86,125,58,63,102,88,44,105,50,99,10,5,92]",14r578m 2499p 678s 4z,34568m 667p 11358s,r56888p 2245789s 2z,23m 3467p 4r56789s 5z,2,2,6,11,0
20260403151827_0000_031,20260403151827_0000,20260403151827,0,0,パシフィック,85,4s,confirmed_tsumogiri,1775197202,695.205,,3,6810.162,"[1,13,25,28,40,49,70,71,94,98,103,122,16]","[56,15,62,101,23,75,90,31,8,83,18,72,57]","[64,96,79,104,66,65,59,100,52,89,114,76,84]","[86,125,58,63,102,88,44,105,50,99,10,5,92]",14r578m 2499p 678s 4z,34568m 667p 11358s,r56888p 2245789s 2z,23m 3467p 4r56789s 5z,2,2,5,9,0
20260403151827_0000_032,20260403151827_0000,20260403151827,0,1,masa1125,108,1z,estimated_tsumogiri,1775197212,2471.194,,0,,"[1,13,25,28,40,49,70,71,94,98,103,122,16]","[56,15,62,101,23,75,90,31,8,83,18,72,57]","[64,96,79,104,66,65,59,100,52,89,114,76,84]","[86,125,58,63,102,88,44,105,50,99,10,5,92]",14r578m 2499p 678s 4z,34568m 667p 11358s,r56888p 2245789s 2z,23m 3467p 4r56789s 5z,2,2,4,11,0
20260403151827_0000_033,20260403151827_0000,20260403151827,0,2,はまはまみこみこ,21,6m,estimated_tsumogiri,1775197214,2462.557,,0,,"[1,13,25,28,40,49,70,71,94,98,103,122,16]","[56,15,62,101,23,75,90,31,8,83,18,72,57]","[64,96,79,104,66,65,59,100,52,89,114,76,84]","[86,125,58,63,102,88,44,105,50,99,10,5,92]",14r578m 2499p 678s 4z,34568m 667p 11358s,r56888p 2245789s 2z,23m 3467p 4r56789s 5z,1,1,4,11,0
20260403151827_0000_034,20260403151827_0000,20260403151827,0,3,1963414,125,5z,confirmed_tedashi,1775197216,2167.226,,0,,"[1,13,25,28,40,49,70,71,94,98,103,122,16]","[56,15,62,101,23,75,90,31,8,83,18,72,57]","[64,96,79,104,66,65,59,100,52,89,114,76,84]","[86,58,63,102,88,44,105,50,99,10,5,92,41]",14r578m 2499p 678s 4z,34568m 667p 11358s,r56888p 2245789s 2z,23m 23467p 4r56789s,1,1,6,12,0
20260403151827_0000_035,20260403151827_0000,20260403151827,0,0,パシフィック,109,1z,confirmed_tsumogiri,1775197217,680.632,,0,,"[1,13,25,28,40,49,70,71,94,98,103,122,16]","[56,15,62,101,23,75,90,31,8,83,18,72,57]","[64,96,79,104,66,65,59,100,52,89,114,76,84]","[86,58,63,102,88,44,105,50,99,10,5,92,41]",14r578m 2499p 678s 4z,34568m 667p 11358s,r56888p 2245789s 2z,23m 23467p 4r56789s,2,2,5,9,0
20260403151827_0000_036,20260403151827_0000,20260403151827,0,1,masa1125,101,8s,confirmed_tedashi,1775197221,4278.622,,3,2111.939,"[1,13,25,28,40,49,70,71,94,98,103,122,16]","[56,15,62,23,75,90,31,8,83,18,72,57,80]","[64,96,79,104,66,65,59,100,52,89,114,76,84]","[86,58,63,102,88,44,105,50,99,10,5,92,41]",14r578m 2499p 678s 4z,34568m 667p 11335s,r56888p 2245789s 2z,23m 23467p 4r56789s,2,2,3,11,0
20260403151827_0000_037,20260403151827_0000,20260403151827,0,2,はまはまみこみこ,121,4z,estimated_tsumogiri,1775197225,2126.94,,0,,"[1,13,25,28,40,49,70,71,94,98,103,122,16]","[56,15,62,23,75,90,31,8,83,18,72,57,80]","[64,96,79,104,66,65,59,100,52,89,114,76,84]","[86,58,63,102,88,44,105,50,99,10,5,92,41]",14r578m 2499p 678s 4z,34568m 667p 11335s,r56888p 2245789s 2z,23m 23467p 4r56789s,1,1,4,11,0
20260403151827_0000_038,20260403151827_0000,20260403151827,0,3,1963414,35,9m,estimated_tsumogiri,1775197228,2110.367,,3,203.187,"[1,13,25,28,40,49,70,71,94,98,103,122,16]","[56,15,62,23,75,90,31,8,83,18,72,57,80]","[64,96,79,104,66,65,59,100,52,89,114,76,84]","[86,58,63,102,88,44,105,50,99,10,5,92,41]",14r578m 2499p 678s 4z,34568m 667p 11335s,r56888p 2245789s 2z,23m 23467p 4r56789s,1,1,6,12,0
20260403151827_0000_039,20260403151827_0000,20260403151827,0,0,パシフィック,87,4s,confirmed_tsumogiri,1775197228,485.341,,3,3102.594,"[1,13,25,28,40,49,70,71,94,98,103,122,16]","[56,15,62,23,75,90,31,8,83,18,72,57,80]","[64,96,79,104,66,65,59,100,52,89,114,76,84]","[86,58,63,102,88,44,105,50,99,10,5,92,41]",14r578m 2499p 678s 4z,34568m 667p 11335s,r56888p 2245789s 2z,23m 23467p 4r56789s,2,2,5,9,0
20260403151827_0000_040,20260403151827_0000,20260403151827,0,1,masa1125,32,9m,estimated_tsumogiri,1775197235,3246.86,,0,,"[1,13,25,28,40,49,70,71,94,98,103,122,16]","[56,15,62,23,75,90,31,8,83,18,72,57,80]","[64,96,79,104,66,65,59,100,52,89,114,76,84]","[86,58,63,102,88,44,105,50,99,10,5,92,41]",14r578m 2499p 678s 4z,34568m 667p 11335s,r56888p 2245789s 2z,23m 23467p 4r56789s,2,2,3,11,0
20260403151827_0000_041,20260403151827_0000,20260403151827,0,2,はまはまみこみこ,114,2z,confirmed_tedashi,1775197238,3274.437,,0,,"[1,13,25,28,40,49,70,71,94,98,103,122,16]","[56,15,62,23,75,90,31,8,83,18,72,57,80]","[64,96,79,104,66,65,59,100,52,89,76,84,77]","[86,58,63,102,88,44,105,50,99,10,5,92,41]",14r578m 2499p 678s 4z,34568m 667p 11335s,r56888p 22245789s,23m 23467p 4r56789s,1,1,4,12,0
20260403151827_0000_042,20260403151827_0000,20260403151827,0,3,1963414,105,9s,confirmed_tedashi,1775197243,4968.22,,3,195.66,"[1,13,25,28,40,49,70,71,94,98,103,122,16]","[56,15,62,23,75,90,31,8,83,18,72,57,80]","[64,96,79,104,66,65,59,100,52,89,76,84,77]","[86,58,63,102,88,44,50,99,10,5,92,41,91]",14r578m 2499p 678s 4z,34568m 667p 11335s,r56888p 22245789s,23m 23467p 4r55678s,1,1,5,13,0
20260403151827_0000_043,20260403151827_0000,20260403151827,0,0,パシフィック,3,1m,confirmed_tsumogiri,1775197244,484.641,,0,,"[1,13,25,28,40,49,70,71,94,98,103,122,16]","[56,15,62,23,75,90,31,8,83,18,72,57,80]","[64,96,79,104,66,65,59,100,52,89,76,84,77]","[86,58,63,102,88,44,50,99,10,5,92,41,91]",14r578m 2499p 678s 4z,34568m 667p 11335s,r56888p 22245789s,23m 23467p 4r55678s,2,2,5,9,0
20260403151827_0000_044,20260403151827_0000,20260403151827,0,1,masa1125,90,5s,confirmed_tedashi,1775197249,5139.827,,3,2169.774,"[1,13,25,28,40,49,70,71,94,98,103,122,16]","[56,15,62,23,75,31,8,83,18,72,57,80,81]","[64,96,79,104,66,65,59,100,52,89,76,84,77]","[86,58,63,102,88,44,50,99,10,5,92,41,91]",14r578m 2499p 678s 4z,34568m 667p 11333s,r56888p 22245789s,23m 23467p 4r55678s,1,1,3,11,0
20260403151827_0000_045,20260403151827_0000,20260403151827,0,2,はまはまみこみこ,59,6p,confirmed_tedashi,1775197256,1321.182,3697.446,3,2680.847,"[1,13,25,28,40,49,70,71,94,98,103,122,16]","[56,15,62,23,75,31,8,83,18,72,57,80,81]","[64,96,79,104,66,65,100,52,89,76,84,77,55]","[86,58,63,102,88,44,50,99,10,5,92,41,91]",14r578m 2499p 678s 4z,34568m 667p 11333s,r55888p 22245789s,23m 23467p 4r55678s,0,0,3,12,0
20260403151827_0000_046,20260403151827_0000,20260403151827,0,3,1963414,58,6p,confirmed_tedashi,1775197265,6246.515,,3,3219.662,"[1,13,25,28,40,49,70,71,94,98,103,122,16]","[56,15,62,23,75,31,8,83,18,72,57,80,81]","[64,96,79,104,66,65,100,52,89,76,84,77,55]","[86,63,102,88,44,50,99,10,5,92,41,91,24]",14r578m 2499p 678s 4z,34568m 667p 11333s,r55888p 22245789s,237m 2347p 4r55678s,2,2,5,13,0
20260403151827_0000_047,20260403151827_0000,20260403151827,0,0,パシフィック,42,2p,confirmed_tsumogiri,1775197268,212.013,,0,,"[1,13,25,28,40,49,70,71,94,98,103,122,16]","[56,15,62,23,75,31,8,83,18,72,57,80,81]","[64,96,79,104,66,65,100,52,89,76,84,77,55]","[86,63,102,88,44,50,99,10,5,92,41,91,24]",14r578m 2499p 678s 4z,34568m 667p 11333s,r55888p 22245789s,237m 2347p 4r55678s,2,2,5,9,0
20260403151827_0000_048,20260403151827_0000,20260403151827,0,1,masa1125,57,6p,confirmed_tedashi,1775197273,4283.926,,0,,"[1,13,25,28,40,49,70,71,94,98,103,122,16]","[56,15,62,23,75,31,8,83,18,72,80,81,6]","[64,96,79,104,66,65,100,52,89,76,84,77,55]","[86,63,102,88,44,50,99,10,5,92,41,91,24]",14r578m 2499p 678s 4z,234568m 67p 11333s,r55888p 22245789s,237m 2347p 4r55678s,1,1,4,11,1
20260403151827_0000_049,20260403151827_0000,20260403151827,0,2,はまはまみこみこ,4,2m,estimated_tsumogiri,1775197273,801.78,,0,,"[1,13,25,28,40,49,70,71,94,98,103,122,16]","[56,15,62,23,75,31,8,83,18,72,80,81,6]","[64,96,79,104,66,65,100,52,89,76,84,77,55]","[86,63,102,88,44,50,99,10,5,92,41,91,24]",14r578m 2499p 678s 4z,234568m 67p 11333s,r55888p 22245789s,237m 2347p 4r55678s,0,0,3,12,0
20260403151827_0000_050,20260403151827_0000,20260403151827,0,3,1963414,5,2m,confirmed_tedashi,1775197277,3669.478,,0,,"[1,13,25,28,40,49,70,71,94,98,103,122,16]","[56,15,62,23,75,31,8,83,18,72,80,81,6]","[64,96,79,104,66,65,100,52,89,76,84,77,55]","[86,63,102,88,44,50,99,10,92,41,91,24,61]",14r578m 2499p 678s 4z,234568m 67p 11333s,r55888p 22245789s,37m 23477p 4r55678s,2,2,4,13,0
20260403151827_0000_051,20260403151827_0000,20260403151827,0,0,パシフィック,113,2z,confirmed_tsumogiri,1775197278,713.192,,0,,"[1,13,25,28,40,49,70,71,94,98,103,122,16]","[56,15,62,23,75,31,8,83,18,72,80,81,6]","[64,96,79,104,66,65,100,52,89,76,84,77,55]","[86,63,102,88,44,50,99,10,92,41,91,24,61]",14r578m 2499p 678s 4z,234568m 67p 11333s,r55888p 22245789s,37m 23477p 4r55678s,2,2,5,9,0
20260403151827_0000_052,20260403151827_0000,20260403151827,0,1,masa1125,131,6z,estimated_tsumogiri,1775197281,3341.692,,0,,"[1,13,25,28,40,49,70,71,94,98,103,122,16]","[56,15,62,23,75,31,8,83,18,72,80,81,6]","[64,96,79,104,66,65,100,52,89,76,84,77,55]","[86,63,102,88,44,50,99,10,92,41,91,24,61]",14r578m 2499p 678s 4z,234568m 67p 11333s,r55888p 22245789s,37m 23477p 4r55678s,1,1,4,11,0
20260403151827_0000_053,20260403151827_0000,20260403151827,0,2,はまはまみこみこ,11,3m,estimated_tsumogiri,1775197282,766.319,,0,,"[1,13,25,28,40,49,70,71,94,98,103,122,16]","[56,15,62,23,75,31,8,83,18,72,80,81,6]","[64,96,79,104,66,65,100,52,89,76,84,77,55]","[86,63,102,88,44,50,99,10,92,41,91,24,61]",14r578m 2499p 678s 4z,234568m 67p 11333s,r55888p 22245789s,37m 23477p 4r55678s,0,0,3,12,0
20260403151827_0000_054,20260403151827_0000,20260403151827,0,3,1963414,36,1p,estimated_tsumogiri,1775197286,3766.612,,0,,"[1,13,25,28,40,49,70,71,94,98,103,122,16]","[56,15,62,23,75,31,8,83,18,72,80,81,6]","[64,96,79,104,66,65,100,52,89,76,84,77,55]","[86,63,102,88,44,50,99,10,92,41,91,24,61]",14r578m 2499p 678s 4z,234568m 67p 11333s,r55888p 22245789s,37m 23477p 4r55678s,2,2,4,13,0
20260403151827_0000_055,20260403151827_0000,20260403151827,0,0,パシフィック,74,1s,confirmed_tsumogiri,1775197286,700.228,,3,3554.649,"[1,13,25,28,40,49,70,71,94,98,103,122,16]","[56,15,62,23,75,31,8,83,18,72,80,81,6]","[64,96,79,104,66,65,100,52,89,76,84,77,55]","[86,63,102,88,44,50,99,10,92,41,91,24,61]",14r578m 2499p 678s 4z,234568m 67p 11333s,r55888p 22245789s,37m 23477p 4r55678s,2,2,5,9,0
20260403151827_0000_056,20260403151827_0000,20260403151827,0,1,masa1125,33,9m,estimated_tsumogiri,1775197292,2445.371,,0,,"[1,13,25,28,40,49,70,71,94,98,103,122,16]","[56,15,62,23,75,31,8,83,18,72,80,81,6]","[64,96,79,104,66,65,100,52,89,76,84,77,55]","[86,63,102,88,44,50,99,10,92,41,91,24,61]",14r578m 2499p 678s 4z,234568m 67p 11333s,r55888p 22245789s,37m 23477p 4r55678s,1,1,4,11,0
20260403151827_0000_057,20260403151827_0000,20260403151827,0,2,はまはまみこみこ,20,6m,estimated_tsumogiri,1775197293,807.197,,0,,"[1,13,25,28,40,49,70,71,94,98,103,122,16]","[56,15,62,23,75,31,8,83,18,72,80,81,6]","[64,96,79,104,66,65,100,52,89,76,84,77,55]","[86,63,102,88,44,50,99,10,92,41,91,24,61]",14r578m 2499p 678s 4z,234568m 67p 11333s,r55888p 22245789s,37m 23477p 4r55678s,0,0,3,12,0
20260403151827_0000_058,20260403151827_0000,20260403151827,0,3,1963414,10,3m,confirmed_tedashi,1775197296,2597.712,,3,208.071,"[1,13,25,28,40,49,70,71,94,98,103,122,16]","[56,15,62,23,75,31,8,83,18,72,80,81,6]","[64,96,79,104,66,65,100,52,89,76,84,77,55]","[86,63,102,88,44,50,99,92,41,91,24,61,29]",14r578m 2499p 678s 4z,234568m 67p 11333s,r55888p 22245789s,78m 23477p 4r55678s,1,1,4,13,0
20260403151827_0000_059,20260403151827_0000,20260403151827,0,0,パシフィック,82,3s,confirmed_tsumogiri,1775197296,485.419,,0,,"[1,13,25,28,40,49,70,71,94,98,103,122,16]","[56,15,62,23,75,31,8,83,18,72,80,81,6]","[64,96,79,104,66,65,100,52,89,76,84,77,55]","[86,63,102,88,44,50,99,92,41,91,24,61,29]",14r578m 2499p 678s 4z,234568m 67p 11333s,r55888p 22245789s,78m 23477p 4r55678s,2,2,5,9,0
20260403151827_0100_000,20260403151827_0100,20260403151827,100,2,はまはまみこみこ,1,1m,confirmed_tedashi,1775197315,5606.717,,0,,"[84,24,98,99,38,104,88,100,89,39,18,21,22]","[91,47,93,72,74,61,20,48,96,94,45,35,33]","[71,26,44,37,8,31,69,46,14,106,64,95,81]","[65,119,0,105,29,114,9,50,117,62,126,76,133]",5667m 11p 4r557789s,699m 3347p 115667s,3478m 133899p 369s,138m 478p 29s 23357z,4,4,4,9,0
20260403151827_0100_001,20260403151827_0100,20260403151827,100,3,1963414,114,2z,confirmed_tedashi,1775197318,2853.752,,0,,"[84,24,98,99,38,104,88,100,89,39,18,21,22]","[91,47,93,72,74,61,20,48,96,94,45,35,33]","[71,26,44,37,8,31,69,46,14,106,64,95,81]","[65,119,0,105,29,9,50,117,62,126,76,133,25]",5667m 11p 4r557789s,699m 3347p 115667s,3478m 133899p 369s,1378m 478p 29s 3357z,4,4,5,7,0
20260403151827_0100_002,20260403151827_0100,20260403151827,100,0,パシフィック,57,6p,confirmed_tedashi,1775197320,2293.383,,0,,"[84,24,98,99,38,104,88,100,89,39,18,21,22]","[91,47,93,72,74,61,20,48,96,94,45,35,33]","[71,26,44,37,8,31,69,46,14,106,64,95,81]","[65,119,0,105,29,9,50,117,62,126,76,133,25]",5667m 11p 4r557789s,699m 3347p 115667s,3478m 133899p 369s,1378m 478p 29s 3357z,1,1,2,10,0
20260403151827_0100_003,20260403151827_0100,20260403151827,100,1,masa1125,4,2m,estimated_tsumogiri,1775197327,6083.483,,3,1882.37,"[84,24,98,99,38,104,88,100,89,39,18,21,22]","[91,47,93,72,74,61,20,48,96,94,45,35,33]","[71,26,44,37,8,31,69,46,14,106,64,95,81]","[65,119,0,105,29,9,50,117,62,126,76,133,25]",5667m 11p 4r557789s,699m 3347p 115667s,3478m 133899p 369s,1378m 478p 29s 3357z,2,3,2,10,0
20260403151827_0100_004,20260403151827_0100,20260403151827,100,2,はまはまみこみこ,106,9s,confirmed_tedashi,1775197330,1834.869,,0,,"[84,24,98,99,38,104,88,100,89,39,18,21,22]","[91,47,93,72,74,61,20,48,96,94,45,35,33]","[71,26,44,37,8,31,69,46,14,64,95,81,27]","[65,119,0,105,29,9,50,117,62,126,76,133,25]",5667m 11p 4r557789s,699m 3347p 115667s,34778m 133899p 36s,1378m 478p 29s 3357z,3,4,3,10,0
20260403151827_0100_005,20260403151827_0100,20260403151827,100,3,1963414,133,7z,confirmed_tedashi,1775197333,2726.931,,0,,"[84,24,98,99,38,104,88,100,89,39,18,21,22]","[91,47,93,72,74,61,20,48,96,94,45,35,33]","[71,26,44,37,8,31,69,46,14,64,95,81,27]","[65,119,0,105,29,9,50,117,62,126,76,25,17]",5667m 11p 4r557789s,699m 3347p 115667s,34778m 133899p 36s,13578m 478p 29s 335z,4,4,5,8,0
20260403151827_0100_006,20260403151827_0100,20260403151827,100,0,パシフィック,132,7z,confirmed_tsumogiri,1775197334,691.353,,0,,"[84,24,98,99,38,104,88,100,89,39,18,21,22]","[91,47,93,72,74,61,20,48,96,94,45,35,33]","[71,26,44,37,8,31,69,46,14,64,95,81,27]","[65,119,0,105,29,9,50,117,62,126,76,25,17]",5667m 11p 4r557789s,699m 3347p 115667s,34778m 133899p 36s,13578m 478p 29s 335z,1,1,2,10,0
20260403151827_0100_007,20260403151827_0100,20260403151827,100,1,masa1125,61,7p,confirmed_tedashi,1775197338,4140.299,,3,1842.942,"[84,24,98,99,38,104,88,100,89,39,18,21,22]","[91,47,93,72,74,20,48,96,94,45,35,33,40]","[71,26,44,37,8,31,69,46,14,64,95,81,27]","[65,119,0,105,29,9,50,117,62,126,76,25,17]",5667m 11p 4r557789s,699m 2334p 115667s,34778m 133899p 36s,13578m 478p 29s 335z,2,2,2,10,0
20260403151827_0100_008,20260403151827_0100,20260403151827,100,2,はまはまみこみこ,64,8p,confirmed_tedashi,1775197342,2417.875,,0,,"[84,24,98,99,38,104,88,100,89,39,18,21,22]","[91,47,93,72,74,20,48,96,94,45,35,33,40]","[71,26,44,37,8,31,69,46,14,95,81,27,70]","[65,119,0,105,29,9,50,117,62,126,76,25,17]",5667m 11p 4r557789s,699m 2334p 115667s,34778m 133999p 36s,13578m 478p 29s 335z,3,3,3,10,0
20260403151827_0100_009,20260403151827_0100,20260403151827,100,3,1963414,126,5z,confirmed_tedashi,1775197344,2437.723,,0,,"[84,24,98,99,38,104,88,100,89,39,18,21,22]","[91,47,93,72,74,20,48,96,94,45,35,33,40]","[71,26,44,37,8,31,69,46,14,95,81,27,70]","[65,119,0,105,29,9,50,117,62,76,25,17,34]",5667m 11p 4r557789s,699m 2334p 115667s,34778m 133999p 36s,135789m 478p 29s 33z,3,3,5,8,0
20260403151827_0100_010,20260403151827_0100,20260403151827,100,0,パシフィック,7,2m,confirmed_tsumogiri,1775197345,695.379,,0,,"[84,24,98,99,38,104,88,100,89,39,18,21,22]","[91,47,93,72,74,20,48,96,94,45,35,33,40]","[71,26,44,37,8,31,69,46,14,95,81,27,70]","[65,119,0,105,29,9,50,117,62,76,25,17,34]",5667m 11p 4r557789s,699m 2334p 115667s,34778m 133999p 36s,135789m 478p 29s 33z,1,1,2,10,0
20260403151827_0100_011,20260403151827_0100,20260403151827,100,1,masa1125,6,2m,estimated_tsumogiri,1775197350,5044.414,,3,2284.737,"[84,24,98,99,38,104,88,100,89,39,18,21,22]","[91,47,93,72,74,20,48,96,94,45,35,33,40]","[71,26,44,37,8,31,69,46,14,95,81,27,70]","[65,119,0,105,29,9,50,117,62,76,25,17,34]",5667m 11p 4r557789s,699m 2334p 115667s,34778m 133999p 36s,135789m 478p 29s 33z,2,2,2,10,0
20260403151827_0100_012,20260403151827_0100,20260403151827,100,2,はまはまみこみこ,125,5z,estimated_tsumogiri,1775197355,2100.073,,0,,"[84,24,98,99,38,104,88,100,89,39,18,21,22]","[91,47,93,72,74,20,48,96,94,45,35,33,40]","[71,26,44,37,8,31,69,46,14,95,81,27,70]","[65,119,0,105,29,9,50,117,62,76,25,17,34]",5667m 11p 4r557789s,699m 2334p 115667s,34778m 133999p 36s,135789m 478p 29s 33z,3,3,3,10,0
20260403151827_0100_013,20260403151827_0100,20260403151827,100,3,1963414,105,9s,confirmed_tedashi,1775197358,2975.059,,3,198.105,"[84,24,98,99,38,104,88,100,89,39,18,21,22]","[91,47,93,72,74,20,48,96,94,45,35,33,40]","[71,26,44,37,8,31,69,46,14,95,81,27,70]","[65,119,0,29,9,50,117,62,76,25,17,34,51]",5667m 11p 4r557789s,699m 2334p 115667s,34778m 133999p 36s,135789m 4478p 2s 33z,2,2,4,9,0
20260403151827_0100_014,20260403151827_0100,20260403151827,100,0,パシフィック,129,6z,confirmed_tsumogiri,1775197358,484.915,,5,1741.28,"[84,24,98,99,38,104,88,100,89,39,18,21,22]","[91,47,93,72,74,20,48,96,94,45,35,33,40]","[71,26,44,37,8,31,69,46,14,95,81,27,70]","[65,119,0,29,9,50,117,62,76,25,17,34,51]",5667m 11p 4r557789s,699m 2334p 115667s,34778m 133999p 36s,135789m 4478p 2s 33z,1,1,2,10,0
20260403151827_0100_015,20260403151827_0100,20260403151827,100,1,masa1125,112,2z,estimated_tsumogiri,1775197362,1910.768,,0,,"[84,24,98,99,38,104,88,100,89,39,18,21,22]","[91,47,93,72,74,20,48,96,94,45,35,33,40]","[71,26,44,37,8,31,69,46,14,95,81,27,70]","[65,119,0,29,9,50,117,62,76,25,17,34,51]",5667m 11p 4r557789s,699m 2334p 115667s,34778m 133999p 36s,135789m 4478p 2s 33z,2,2,2,10,0
20260403151827_0100_016,20260403151827_0100,20260403151827,100,2,はまはまみこみこ,124,5z,estimated_tsumogiri,1775197365,3030.318,,0,,"[84,24,98,99,38,104,88,100,89,39,18,21,22]","[91,47,93,72,74,20,48,96,94,45,35,33,40]","[71,26,44,37,8,31,69,46,14,95,81,27,70]","[65,119,0,29,9,50,117,62,76,25,17,34,51]",5667m 11p 4r557789s,699m 2334p 115667s,34778m 133999p 36s,135789m 4478p 2s 33z,3,3,3,10,0
20260403151827_0100_017,20260403151827_0100,20260403151827,100,3,1963414,115,2z,estimated_tsumogiri,1775197367,2334.382,,0,,"[84,24,98,99,38,104,88,100,89,39,18,21,22]","[91,47,93,72,74,20,48,96,94,45,35,33,40]","[71,26,44,37,8,31,69,46,14,95,81,27,70]","[65,119,0,29,9,50,117,62,76,25,17,34,51]",5667m 11p 4r557789s,699m 2334p 115667s,34778m 133999p 36s,135789m 4478p 2s 33z,2,2,4,9,0
20260403151827_0100_018,20260403151827_0100,20260403151827,100,0,パシフィック,58,6p,confirmed_tsumogiri,1775197368,702.011,,0,,"[84,24,98,99,38,104,88,100,89,39,18,21,22]","[91,47,93,72,74,20,48,96,94,45,35,33,40]","[71,26,44,37,8,31,69,46,14,95,81,27,70]","[65,119,0,29,9,50,117,62,76,25,17,34,51]",5667m 11p 4r557789s,699m 2334p 115667s,34778m 133999p 36s,135789m 4478p 2s 33z,1,1,2,10,0
20260403151827_0100_019,20260403151827_0100,20260403151827,100,1,masa1125,35,9m,confirmed_tedashi,1775197373,5119.525,,3,1762.084,"[84,24,98,99,38,104,88,100,89,39,18,21,22]","[91,47,93,72,74,20,48,96,94,45,33,40,97]","[71,26,44,37,8,31,69,46,14,95,81,27,70]","[65,119,0,29,9,50,117,62,76,25,17,34,51]",5667m 11p 4r557789s,69m 2334p 1156677s,34778m 133999p 36s,135789m 4478p 2s 33z,2,2,2,10,0
20260403151827_0100_020,20260403151827_0100,20260403151827,100,2,はまはまみこみこ,46,3p,confirmed_tedashi,1775197377,2598.888,,3,4858.737,"[84,24,98,99,38,104,88,100,89,39,18,21,22]","[91,47,93,72,74,20,48,96,94,45,33,40,97]","[71,26,44,37,8,31,69,14,95,81,27,70,43]","[65,119,0,29,9,50,117,62,76,25,17,34,51]",5667m 11p 4r557789s,69m 2334p 1156677s,34778m 123999p 36s,135789m 4478p 2s 33z,2,2,4,10,0
20260403151827_0100_021,20260403151827_0100,20260403151827,100,3,1963414,76,2s,confirmed_tedashi,1775197386,4069.578,,0,,"[84,24,98,99,38,104,88,100,89,39,18,21,22]","[91,47,93,72,74,20,48,96,94,45,33,40,97]","[71,26,44,37,8,31,69,14,95,81,27,70,43]","[65,119,0,29,9,50,117,62,25,17,34,51,49]",5667m 11p 4r557789s,69m 2334p 1156677s,34778m 123999p 36s,135789m 44478p 33z,1,1,4,9,0
20260403151827_0100_022,20260403151827_0100,20260403151827,100,0,パシフィック,122,4z,confirmed_tsumogiri,1775197387,679.657,,0,,"[84,24,98,99,38,104,88,100,89,39,18,21,22]","[91,47,93,72,74,20,48,96,94,45,33,40,97]","[71,26,44,37,8,31,69,14,95,81,27,70,43]","[65,119,0,29,9,50,117,62,25,17,34,51,49]",5667m 11p 4r557789s,69m 2334p 1156677s,34778m 123999p 36s,135789m 44478p 33z,1,1,2,10,0
20260403151827_0100_023,20260403151827_0100,20260403151827,100,1,masa1125,33,9m,confirmed_tedashi,1775197399,11810.484,,3,2324.408,"[84,24,98,99,38,104,88,100,89,39,18,21,22]","[91,47,93,72,74,20,48,96,94,45,40,97,87]","[71,26,44,37,8,31,69,14,95,81,27,70,43]","[65,119,0,29,9,50,117,62,25,17,34,51,49]",5667m 11p 4r557789s,6m 2334p 11456677s,34778m 123999p 36s,135789m 44478p 33z,2,2,2,11,0
20260403151827_0100_024,20260403151827_0100,20260403151827,100,2,はまはまみこみこ,81,3s,confirmed_tedashi,1775197410,8613.766,,0,,"[84,24,98,99,38,104,88,100,89,39,18,21,22]","[91,47,93,72,74,20,48,96,94,45,40,97,87]","[71,26,44,37,8,31,69,14,95,27,70,43,53]","[65,119,0,29,9,50,117,62,25,17,34,51,49]",5667m 11p 4r557789s,6m 2334p 11456677s,34778m 1235999p 6s,135789m 44478p 33z,2,2,4,10,0
20260403151827_0100_025,20260403151827_0100,20260403151827,100,3,1963414,127,5z,estimated_tsumogiri,1775197412,2552.032,,0,,"[84,24,98,99,38,104,88,100,89,39,18,21,22]","[91,47,93,72,74,20,48,96,94,45,40,97,87]","[71,26,44,37,8,31,69,14,95,27,70,43,53]","[65,119,0,29,9,50,117,62,25,17,34,51,49]",5667m 11p 4r557789s,6m 2334p 11456677s,34778m 1235999p 6s,135789m 44478p 33z,1,1,4,9,0
20260403151827_0100_026,20260403151827_0100,20260403151827,100,0,パシフィック,79,2s,confirmed_tsumogiri,1775197413,688.042,,0,,"[84,24,98,99,38,104,88,100,89,39,18,21,22]","[91,47,93,72,74,20,48,96,94,45,40,97,87]","[71,26,44,37,8,31,69,14,95,27,70,43,53]","[65,119,0,29,9,50,117,62,25,17,34,51,49]",5667m 11p 4r557789s,6m 2334p 11456677s,34778m 1235999p 6s,135789m 44478p 33z,1,1,2,10,0
20260403151827_0100_027,20260403151827_0100,20260403151827,100,1,masa1125,20,6m,confirmed_tedashi,1775197421,8303.617,,3,1874.773,"[84,24,98,99,38,104,88,100,89,39,18,21,22]","[91,47,93,72,74,48,96,94,45,40,97,87,101]","[71,26,44,37,8,31,69,14,95,27,70,43,53]","[65,119,0,29,9,50,117,62,25,17,34,51,49]",5667m 11p 4r557789s,2334p 114566778s,34778m 1235999p 6s,135789m 44478p 33z,1,1,2,11,0
20260403151827_0100_028,20260403151827_0100,20260403151827,100,2,はまはまみこみこ,8,3m,confirmed_tedashi,1775197432,8502.62,,0,,"[84,24,98,99,38,104,88,100,89,39,18,21,22]","[91,47,93,72,74,48,96,94,45,40,97,87,101]","[71,26,44,37,31,69,14,95,27,70,43,53,85]","[65,119,0,29,9,50,117,62,25,17,34,51,49]",5667m 11p 4r557789s,2334p 114566778s,4778m 1235999p 46s,135789m 44478p 33z,2,2,4,10,0
20260403151827_0100_029,20260403151827_0100,20260403151827,100,3,1963414,0,1m,confirmed_tedashi,1775197435,2756.494,,0,,"[84,24,98,99,38,104,88,100,89,39,18,21,22]","[91,47,93,72,74,48,96,94,45,40,97,87,101]","[71,26,44,37,31,69,14,95,27,70,43,53,85]","[65,119,29,9,50,117,62,25,17,34,51,49,67]",5667m 11p 4r557789s,2334p 114566778s,4778m 1235999p 46s,35789m 444788p 33z,1,1,3,10,0
20260403151827_0100_030,20260403151827_0100,20260403151827,100,0,パシフィック,19,5m,confirmed_tsumogiri,1775197435,695.841,,0,,"[84,24,98,99,38,104,88,100,89,39,18,21,22]","[91,47,93,72,74,48,96,94,45,40,97,87,101]","[71,26,44,37,31,69,14,95,27,70,43,53,85]","[65,119,29,9,50,117,62,25,17,34,51,49,67]",5667m 11p 4r557789s,2334p 114566778s,4778m 1235999p 46s,35789m 444788p 33z,1,1,2,10,0
20260403151827_0100_031,20260403151827_0100,20260403151827,100,1,masa1125,87,4s,confirmed_tedashi,1775197442,2327.798,4841.866,0,,"[84,24,98,99,38,104,88,100,89,39,18,21,22]","[91,47,93,72,74,48,96,94,45,40,97,101,42]","[71,26,44,37,31,69,14,95,27,70,43,53,85]","[65,119,29,9,50,117,62,25,17,34,51,49,67]",5667m 11p 4r557789s,22334p 11566778s,4778m 1235999p 46s,35789m 444788p 33z,0,0,1,11,0
20260403151827_0100_032,20260403151827_0100,20260403151827,100,2,はまはまみこみこ,31,8m,confirmed_tedashi,1775197448,6087.286,,3,1701.201,"[84,24,98,99,38,104,88,100,89,39,18,21,22]","[91,47,93,72,74,48,96,94,45,40,97,101,42]","[71,26,44,37,69,14,95,27,70,43,53,85,111]","[65,119,29,9,50,117,62,25,17,34,51,49,67]",5667m 11p 4r557789s,22334p 11566778s,477m 1235999p 46s 1z,35789m 444788p 33z,2,2,4,9,0
20260403151827_0100_033,20260403151827_0100,20260403151827,100,3,1963414,131,6z,estimated_tsumogiri,1775197454,4204.93,,0,,"[84,24,98,99,38,104,88,100,89,39,18,21,22]","[91,47,93,72,74,48,96,94,45,40,97,101,42]","[71,26,44,37,69,14,95,27,70,43,53,85,111]","[65,119,29,9,50,117,62,25,17,34,51,49,67]",5667m 11p 4r557789s,22334p 11566778s,477m 1235999p 46s 1z,35789m 444788p 33z,1,1,3,10,0
20260403151827_0100_034,20260403151827_0100,20260403151827,100,0,パシフィック,120,4z,confirmed_tsumogiri,1775197455,681.239,,0,,"[84,24,98,99,38,104,88,100,89,39,18,21,22]","[91,47,93,72,74,48,96,94,45,40,97,101,42]","[71,26,44,37,69,14,95,27,70,43,53,85,111]","[65,119,29,9,50,117,62,25,17,34,51,49,67]",5667m 11p 4r557789s,22334p 11566778s,477m 1235999p 46s 1z,35789m 444788p 33z,1,1,2,10,0
20260403151827_0100_035,20260403151827_0100,20260403151827,100,1,masa1125,41,2p,estimated_tsumogiri,1775197456,1159.001,,3,2750.763,"[84,24,98,99,38,104,88,100,89,39,18,21,22]","[91,47,93,72,74,48,96,94,45,40,97,101,42]","[71,26,44,37,69,14,95,27,70,43,53,85,111]","[65,119,29,9,50,117,62,25,17,34,51,49,67]",5667m 11p 4r557789s,22334p 11566778s,477m 1235999p 46s 1z,35789m 444788p 33z,0,0,1,11,0
20260403151827_0100_036,20260403151827_0100,20260403151827,100,2,はまはまみこみこ,85,4s,confirmed_tedashi,1775197462,2608.443,,0,,"[84,24,98,99,38,104,88,100,89,39,18,21,22]","[91,47,93,72,74,48,96,94,45,40,97,101,42]","[71,26,44,37,69,14,95,27,70,43,53,111,109]","[65,119,29,9,50,117,62,25,17,34,51,49,67]",5667m 11p 4r557789s,22334p 11566778s,477m 1235999p 6s 11z,35789m 444788p 33z,2,2,3,9,0
20260403151827_0100_037,20260403151827_0100,20260403151827,100,3,1963414,9,3m,confirmed_tedashi,1775197468,6343.936,,0,,"[84,24,98,99,38,104,88,100,89,39,18,21,22]","[91,47,93,72,74,48,96,94,45,40,97,101,42]","[71,26,44,37,69,14,95,27,70,43,53,111,109]","[65,119,29,50,117,62,25,17,34,51,49,67,54]",5667m 11p 4r557789s,22334p 11566778s,477m 1235999p 6s 11z,5789m 4445788p 33z,1,1,3,10,0
20260403151827_0100_038,20260403151827_0100,20260403151827,100,0,パシフィック,60,7p,confirmed_tsumogiri,1775197469,711.533,,0,,"[84,24,98,99,38,104,88,100,89,39,18,21,22]","[91,47,93,72,74,48,96,94,45,40,97,101,42]","[71,26,44,37,69,14,95,27,70,43,53,111,109]","[65,119,29,50,117,62,25,17,34,51,49,67,54]",5667m 11p 4r557789s,22334p 11566778s,477m 1235999p 6s 11z,5789m 4445788p 33z,1,1,2,10,0
20260403151827_0100_039,20260403151827_0100,20260403151827,100,1,masa1125,12,4m,estimated_tsumogiri,1775197470,1135.196,,0,,"[84,24,98,99,38,104,88,100,89,39,18,21,22]","[91,47,93,72,74,48,96,94,45,40,97,101,42]","[71,26,44,37,69,14,95,27,70,43,53,111,109]","[65,119,29,50,117,62,25,17,34,51,49,67,54]",5667m 11p 4r557789s,22334p 11566778s,477m 1235999p 6s 11z,5789m 4445788p 33z,0,0,1,11,0
20260403151827_0100_040,20260403151827_0100,20260403151827,100,2,はまはまみこみこ,14,4m,confirmed_tedashi,1775197473,3456.052,,0,,"[84,24,98,99,38,104,88,100,89,39,18,21,22]","[91,47,93,72,74,48,96,94,45,40,97,101,42]","[71,26,44,37,69,95,27,70,43,53,111,109,128]","[65,119,29,50,117,62,25,17,34,51,49,67,54]",5667m 11p 4r557789s,22334p 11566778s,77m 1235999p 6s 116z,5789m 4445788p 33z,2,2,3,8,0
20260403151827_0100_041,20260403151827_0100,20260403151827,100,3,1963414,113,2z,estimated_tsumogiri,1775197477,3841.731,,0,,"[84,24,98,99,38,104,88,100,89,39,18,21,22]","[91,47,93,72,74,48,96,94,45,40,97,101,42]","[71,26,44,37,69,95,27,70,43,53,111,109,128]","[65,119,29,50,117,62,25,17,34,51,49,67,54]",5667m 11p 4r557789s,22334p 11566778s,77m 1235999p 6s 116z,5789m 4445788p 33z,1,1,3,10,0
20260403151827_0100_042,20260403151827_0100,20260403151827,100,0,パシフィック,16,r5m,confirmed_tsumogiri,1775197478,698.365,,0,,"[84,24,98,99,38,104,88,100,89,39,18,21,22]","[91,47,93,72,74,48,96,94,45,40,97,101,42]","[71,26,44,37,69,95,27,70,43,53,111,109,128]","[65,119,29,50,117,62,25,17,34,51,49,67,54]",5667m 11p 4r557789s,22334p 11566778s,77m 1235999p 6s 116z,5789m 4445788p 33z,1,1,2,10,0
20260403151827_0100_043,20260403151827_0100,20260403151827,100,1,masa1125,63,7p,estimated_tsumogiri,1775197479,1189.662,,0,,"[84,24,98,99,38,104,88,100,89,39,18,21,22]","[91,47,93,72,74,48,96,94,45,40,97,101,42]","[71,26,44,37,69,95,27,70,43,53,111,109,128]","[65,119,29,50,117,62,25,17,34,51,49,67,54]",5667m 11p 4r557789s,22334p 11566778s,77m 1235999p 6s 116z,5789m 4445788p 33z,0,0,1,11,0
20260403151827_0100_044,20260403151827_0100,20260403151827,100,2,はまはまみこみこ,128,6z,confirmed_tedashi,1775197483,3586.587,,0,,"[84,24,98,99,38,104,88,100,89,39,18,21,22]","[91,47,93,72,74,48,96,94,45,40,97,101,42]","[71,26,44,37,69,95,27,70,43,53,111,109,123]","[65,119,29,50,117,62,25,17,34,51,49,67,54]",5667m 11p 4r557789s,22334p 11566778s,77m 1235999p 6s 114z,5789m 4445788p 33z,2,2,3,8,0
20260403151827_0100_045,20260403151827_0100,20260403151827,100,3,1963414,17,5m,confirmed_tedashi,1775197486,3114.085,,3,216.624,"[84,24,98,99,38,104,88,100,89,39,18,21,22]","[91,47,93,72,74,48,96,94,45,40,97,101,42]","[71,26,44,37,69,95,27,70,43,53,111,109,123]","[65,119,29,50,117,62,25,34,51,49,67,54,107]",5667m 11p 4r557789s,22334p 11566778s,77m 1235999p 6s 114z,789m 4445788p 9s 33z,1,1,3,9,0
20260403151827_0100_046,20260403151827_0100,20260403151827,100,0,パシフィック,3,1m,confirmed_tsumogiri,1775197486,484.544,,0,,"[84,24,98,99,38,104,88,100,89,39,18,21,22]","[91,47,93,72,74,48,96,94,45,40,97,101,42]","[71,26,44,37,69,95,27,70,43,53,111,109,123]","[65,119,29,50,117,62,25,34,51,49,67,54,107]",5667m 11p 4r557789s,22334p 11566778s,77m 1235999p 6s 114z,789m 4445788p 9s 33z,1,1,2,10,0
20260403151827_0100_047,20260403151827_0100,20260403151827,100,1,masa1125,102,8s,estimated_tsumogiri,1775197488,1232.75,,0,,"[84,24,98,99,38,104,88,100,89,39,18,21,22]","[91,47,93,72,74,48,96,94,45,40,97,101,42]","[71,26,44,37,69,95,27,70,43,53,111,109,123]","[65,119,29,50,117,62,25,34,51,49,67,54,107]",5667m 11p 4r557789s,22334p 11566778s,77m 1235999p 6s 114z,789m 4445788p 9s 33z,0,0,1,11,0
20260403151827_0100_048,20260403151827_0100,20260403151827,100,2,はまはまみこみこ,123,4z,confirmed_tedashi,1775197491,2994.295,,0,,"[84,24,98,99,38,104,88,100,89,39,18,21,22]","[91,47,93,72,74,48,96,94,45,40,97,101,42]","[71,26,44,37,69,95,27,70,43,53,111,109,5]","[65,119,29,50,117,62,25,34,51,49,67,54,107]",5667m 11p 4r557789s,22334p 11566778s,277m 1235999p 6s 11z,789m 4445788p 9s 33z,2,2,3,9,0
20260403151827_0100_049,20260403151827_0100,20260403151827,100,3,1963414,62,7p,confirmed_tedashi,1775197495,4559.16,,0,,"[84,24,98,99,38,104,88,100,89,39,18,21,22]","[91,47,93,72,74,48,96,94,45,40,97,101,42]","[71,26,44,37,69,95,27,70,43,53,111,109,5]","[65,119,29,50,117,25,34,51,49,67,54,107,52]",5667m 11p 4r557789s,22334p 11566778s,277m 1235999p 6s 11z,789m 444r5588p 9s 33z,1,1,2,9,0
20260403151827_0100_050,20260403151827_0100,20260403151827,100,0,パシフィック,66,8p,confirmed_tsumogiri,1775197496,727.456,,3,2251.925,"[84,24,98,99,38,104,88,100,89,39,18,21,22]","[91,47,93,72,74,48,96,94,45,40,97,101,42]","[71,26,44,37,69,95,27,70,43,53,111,109,5]","[65,119,29,50,117,25,34,51,49,67,54,107,52]",5667m 11p 4r557789s,22334p 11566778s,277m 1235999p 6s 11z,789m 444r5588p 9s 33z,1,1,2,10,0
20260403151827_0100_051,20260403151827_0100,20260403151827,100,1,masa1125,68,9p,estimated_tsumogiri,1775197498,292.006,,3,2303.115,"[84,24,98,99,38,104,88,100,89,39,18,21,22]","[91,47,93,72,74,48,96,94,45,40,97,101,42]","[71,26,44,37,69,95,27,70,43,53,111,109,5]","[65,119,29,50,117,25,34,51,49,67,54,107,52]",5667m 11p 4r557789s,22334p 11566778s,277m 1235999p 6s 11z,789m 444r5588p 9s 33z,0,0,1,11,0
20260403151827_0100_052,20260403151827_0100,20260403151827,100,2,はまはまみこみこ,5,2m,confirmed_tedashi,1775197503,1962.94,,0,,"[84,24,98,99,38,104,88,100,89,39,18,21,22]","[91,47,93,72,74,48,96,94,45,40,97,101,42]","[71,26,44,37,69,95,27,70,43,53,111,109,30]","[65,119,29,50,117,25,34,51,49,67,54,107,52]",5667m 11p 4r557789s,22334p 11566778s,778m 1235999p 6s 11z,789m 444r5588p 9s 33z,2,2,3,9,0
20260403151827_0100_053,20260403151827_0100,20260403151827,100,3,1963414,15,4m,estimated_tsumogiri,1775197506,3295.8,,3,210.161,"[84,24,98,99,38,104,88,100,89,39,18,21,22]","[91,47,93,72,74,48,96,94,45,40,97,101,42]","[71,26,44,37,69,95,27,70,43,53,111,109,30]","[65,119,29,50,117,25,34,51,49,67,54,107,52]",5667m 11p 4r557789s,22334p 11566778s,778m 1235999p 6s 11z,789m 444r5588p 9s 33z,1,1,2,9,0
20260403151827_0100_054,20260403151827_0100,20260403151827,100,0,パシフィック,121,4z,confirmed_tsumogiri,1775197507,494.51,,0,,"[84,24,98,99,38,104,88,100,89,39,18,21,22]","[91,47,93,72,74,48,96,94,45,40,97,101,42]","[71,26,44,37,69,95,27,70,43,53,111,109,30]","[65,119,29,50,117,25,34,51,49,67,54,107,52]",5667m 11p 4r557789s,22334p 11566778s,778m 1235999p 6s 11z,789m 444r5588p 9s 33z,1,1,2,10,0
20260403151827_0100_055,20260403151827_0100,20260403151827,100,1,masa1125,77,2s,estimated_tsumogiri,1775197508,1159.284,,0,,"[84,24,98,99,38,104,88,100,89,39,18,21,22]","[91,47,93,72,74,48,96,94,45,40,97,101,42]","[71,26,44,37,69,95,27,70,43,53,111,109,30]","[65,119,29,50,117,25,34,51,49,67,54,107,52]",5667m 11p 4r557789s,22334p 11566778s,778m 1235999p 6s 11z,789m 444r5588p 9s 33z,0,0,1,11,0
20260403151827_0100_056,20260403151827_0100,20260403151827,100,2,はまはまみこみこ,118,3z,estimated_tsumogiri,1775197511,3140.392,,3,2515.261,"[84,24,98,99,38,104,88,100,89,39,18,21,22]","[91,47,93,72,74,48,96,94,45,40,97,101,42]","[71,26,44,37,69,95,27,70,43,53,111,109,30]","[65,119,29,50,117,25,34,51,49,67,54,107,52]",5667m 11p 4r557789s,22334p 11566778s,778m 1235999p 6s 11z,789m 444r5588p 9s 33z,2,2,3,9,0
20260403151827_0100_057,20260403151827_0100,20260403151827,100,3,1963414,119,3z,confirmed_tedashi,1775197517,3219.909,,0,,"[84,24,98,99,38,104,88,100,89,39,18,21,22]","[91,47,93,72,74,48,96,94,45,40,97,101,42]","[71,26,44,37,69,95,27,70,43,53,111,109,30]","[65,29,50,117,25,34,51,49,67,54,107,52,90]",5667m 11p 4r557789s,22334p 11566778s,778m 1235999p 6s 11z,789m 444r5588p 59s 3z,2,2,3,10,0
20260403151827_0100_058,20260403151827_0100,20260403151827,100,0,パシフィック,130,6z,confirmed_tsumogiri,1775197517,687.625,,0,,"[84,24,98,99,38,104,88,100,89,39,18,21,22]","[91,47,93,72,74,48,96,94,45,40,97,101,42]","[71,26,44,37,69,95,27,70,43,53,111,109,30]","[65,29,50,117,25,34,51,49,67,54,107,52,90]",5667m 11p 4r557789s,22334p 11566778s,778m 1235999p 6s 11z,789m 444r5588p 59s 3z,1,1,2,10,0
20260403151827_0100_059,20260403151827_0100,20260403151827,100,1,masa1125,135,7z,estimated_tsumogiri,1775197519,1187.616,,0,,"[84,24,98,99,38,104,88,100,89,39,18,21,22]","[91,47,93,72,74,48,96,94,45,40,97,101,42]","[71,26,44,37,69,95,27,70,43,53,111,109,30]","[65,29,50,117,25,34,51,49,67,54,107,52,90]",5667m 11p 4r557789s,22334p 11566778s,778m 1235999p 6s 11z,789m 444r5588p 59s 3z,0,0,1,11,0
20260403151827_0100_060,20260403151827_0100,20260403151827,100,2,はまはまみこみこ,30,8m,confirmed_tedashi,1775197524,5632.278,,3,1751.54,"[84,24,98,99,38,104,88,100,89,39,18,21,22]","[91,47,93,72,74,48,96,94,45,40,97,101,42]","[71,26,44,37,69,95,27,70,43,53,111,109,82]","[65,29,50,117,25,34,51,49,67,54,107,52,90]",5667m 11p 4r557789s,22334p 11566778s,77m 1235999p 36s 11z,789m 444r5588p 59s 3z,2,2,3,9,0
20260403151827_0100_061,20260403151827_0100,20260403151827,100,3,1963414,117,3z,confirmed_tedashi,1775197528,1814.99,,0,,"[84,24,98,99,38,104,88,100,89,39,18,21,22]","[91,47,93,72,74,48,96,94,45,40,97,101,42]","[71,26,44,37,69,95,27,70,43,53,111,109,82]","[65,29,50,25,34,51,49,67,54,107,52,90,103]",5667m 11p 4r557789s,22334p 11566778s,77m 1235999p 36s 11z,789m 444r5588p 589s,1,1,3,11,0
20260403151827_0100_062,20260403151827_0100,20260403151827,100,0,パシフィック,36,1p,confirmed_tsumogiri,1775197528,716.351,,0,,"[84,24,98,99,38,104,88,100,89,39,18,21,22]","[91,47,93,72,74,48,96,94,45,40,97,101,42]","[71,26,44,37,69,95,27,70,43,53,111,109,82]","[65,29,50,25,34,51,49,67,54,107,52,90,103]",5667m 11p 4r557789s,22334p 11566778s,77m 1235999p 36s 11z,789m 444r5588p 589s,1,1,2,10,0
20260403151827_0200_000,20260403151827_0200,20260403151827,200,3,1963414,123,4z,confirmed_tedashi,1775197552,7471.127,,0,,"[94,32,82,68,59,116,69,23,91,61,51,113,66]","[26,39,44,62,37,55,7,129,57,89,96,78,97]","[46,86,93,108,90,24,73,25,58,112,102,98,34]","[133,114,17,0,4,21,131,35,77,12,49,95,54]",69m 467899p 356s 23z,27m 113567p 2577s 6z,779m 36p 145678s 12z,124569m 45p 26s 267z,4,4,6,8,0
20260403151827_0200_001,20260403151827_0200,20260403151827,200,0,パシフィック,134,7z,confirmed_tsumogiri,1775197569,16708.78,,0,,"[94,32,82,68,59,116,69,23,91,61,51,113,66]","[26,39,44,62,37,55,7,129,57,89,96,78,97]","[46,86,93,108,90,24,73,25,58,112,102,98,34]","[133,114,17,0,4,21,131,35,77,12,49,95,54]",69m 467899p 356s 23z,27m 113567p 2577s 6z,779m 36p 145678s 12z,124569m 45p 26s 267z,4,4,5,8,0
20260403151827_0200_002,20260403151827_0200,20260403151827,200,1,masa1125,129,6z,confirmed_tedashi,1775197571,2306.231,,0,,"[94,32,82,68,59,116,69,23,91,61,51,113,66]","[26,39,44,62,37,55,7,57,89,96,78,97,43]","[46,86,93,108,90,24,73,25,58,112,102,98,34]","[133,114,17,0,4,21,131,35,77,12,49,95,54]",69m 467899p 356s 23z,27m 1123567p 2577s,779m 36p 145678s 12z,124569m 45p 26s 267z,3,3,4,11,0
20260403151827_0200_003,20260403151827_0200,20260403151827,200,2,はまはまみこみこ,112,2z,confirmed_tedashi,1775197573,1912.518,,0,,"[94,32,82,68,59,116,69,23,91,61,51,113,66]","[26,39,44,62,37,55,7,57,89,96,78,97,43]","[46,86,93,108,90,24,73,25,58,102,98,34,63]","[133,114,17,0,4,21,131,35,77,12,49,95,54]",69m 467899p 356s 23z,27m 1123567p 2577s,779m 367p 145678s 1z,124569m 45p 26s 267z,3,3,5,10,0
20260403151827_0200_004,20260403151827_0200,20260403151827,200,3,1963414,114,2z,confirmed_tedashi,1775197575,2028.364,,0,,"[94,32,82,68,59,116,69,23,91,61,51,113,66]","[26,39,44,62,37,55,7,57,89,96,78,97,43]","[46,86,93,108,90,24,73,25,58,102,98,34,63]","[133,17,0,4,21,131,35,77,12,49,95,54,119]",69m 467899p 356s 23z,27m 1123567p 2577s,779m 367p 145678s 1z,124569m 45p 26s 367z,4,4,6,8,0
20260403151827_0200_005,20260403151827_0200,20260403151827,200,0,パシフィック,87,4s,confirmed_tsumogiri,1775197576,693.803,,0,,"[94,32,82,68,59,116,69,23,91,61,51,113,66]","[26,39,44,62,37,55,7,57,89,96,78,97,43]","[46,86,93,108,90,24,73,25,58,102,98,34,63]","[133,17,0,4,21,131,35,77,12,49,95,54,119]",69m 467899p 356s 23z,27m 1123567p 2577s,779m 367p 145678s 1z,124569m 45p 26s 367z,4,4,5,8,0
20260403151827_0200_006,20260403151827_0200,20260403151827,200,1,masa1125,78,2s,confirmed_tedashi,1775197580,3847.049,,0,,"[94,32,82,68,59,116,69,23,91,61,51,113,66]","[26,39,44,62,37,55,7,57,89,96,97,43,107]","[46,86,93,108,90,24,73,25,58,102,98,34,63]","[133,17,0,4,21,131,35,77,12,49,95,54,119]",69m 467899p 356s 23z,27m 1123567p 5779s,779m 367p 145678s 1z,124569m 45p 26s 367z,2,2,4,10,0
20260403151827_0200_007,20260403151827_0200,20260403151827,200,2,はまはまみこみこ,124,5z,estimated_tsumogiri,1775197583,3108.315,,0,,"[94,32,82,68,59,116,69,23,91,61,51,113,66]","[26,39,44,62,37,55,7,57,89,96,97,43,107]","[46,86,93,108,90,24,73,25,58,102,98,34,63]","[133,17,0,4,21,131,35,77,12,49,95,54,119]",69m 467899p 356s 23z,27m 1123567p 5779s,779m 367p 145678s 1z,124569m 45p 26s 367z,3,3,5,10,0
20260403151827_0200_008,20260403151827_0200,20260403151827,200,3,1963414,119,3z,confirmed_tedashi,1775197585,2445.335,,0,,"[94,32,82,68,59,116,69,23,91,61,51,113,66]","[26,39,44,62,37,55,7,57,89,96,97,43,107]","[46,86,93,108,90,24,73,25,58,102,98,34,63]","[133,17,0,4,21,131,35,77,12,49,95,54,76]",69m 467899p 356s 23z,27m 1123567p 5779s,779m 367p 145678s 1z,124569m 45p 226s 67z,3,3,5,9,0
20260403151827_0200_009,20260403151827_0200,20260403151827,200,0,パシフィック,36,1p,confirmed_tsumogiri,1775197586,680.289,,3,4020.173,"[94,32,82,68,59,116,69,23,91,61,51,113,66]","[26,39,44,62,37,55,7,57,89,96,97,43,107]","[46,86,93,108,90,24,73,25,58,102,98,34,63]","[133,17,0,4,21,131,35,77,12,49,95,54,76]",69m 467899p 356s 23z,27m 1123567p 5779s,779m 367p 145678s 1z,124569m 45p 226s 67z,4,4,5,8,0
20260403151827_0200_010,20260403151827_0200,20260403151827,200,1,masa1125,7,2m,confirmed_tedashi,1775197596,5673.274,,0,,"[94,32,82,68,59,116,69,23,91,61,51,113,66]","[26,39,44,62,37,55,57,89,96,97,43,107,103]","[46,86,93,108,90,24,73,25,58,102,98,34,63]","[133,17,0,4,21,131,35,77,12,49,95,54,76]",69m 467899p 356s 23z,7m 1123567p 57789s,779m 367p 145678s 1z,124569m 45p 226s 67z,1,1,4,10,0
20260403151827_0200_011,20260403151827_0200,20260403151827,200,2,はまはまみこみこ,73,1s,confirmed_tedashi,1775197598,2535.384,,0,,"[94,32,82,68,59,116,69,23,91,61,51,113,66]","[26,39,44,62,37,55,57,89,96,97,43,107,103]","[46,86,93,108,90,24,25,58,102,98,34,63,28]","[133,17,0,4,21,131,35,77,12,49,95,54,76]",69m 467899p 356s 23z,7m 1123567p 57789s,7789m 367p 45678s 1z,124569m 45p 226s 67z,2,2,5,11,0
20260403151827_0200_012,20260403151827_0200,20260403151827,200,3,1963414,64,8p,estimated_tsumogiri,1775197601,2397.117,,3,195.002,"[94,32,82,68,59,116,69,23,91,61,51,113,66]","[26,39,44,62,37,55,57,89,96,97,43,107,103]","[46,86,93,108,90,24,25,58,102,98,34,63,28]","[133,17,0,4,21,131,35,77,12,49,95,54,76]",69m 467899p 356s 23z,7m 1123567p 57789s,7789m 367p 45678s 1z,124569m 45p 226s 67z,3,3,5,9,0
20260403151827_0200_013,20260403151827_0200,20260403151827,200,0,パシフィック,104,9s,confirmed_tsumogiri,1775197601,484.507,,3,3720.015,"[94,32,82,68,59,116,69,23,91,61,51,113,66]","[26,39,44,62,37,55,57,89,96,97,43,107,103]","[46,86,93,108,90,24,25,58,102,98,34,63,28]","[133,17,0,4,21,131,35,77,12,49,95,54,76]",69m 467899p 356s 23z,7m 1123567p 57789s,7789m 367p 45678s 1z,124569m 45p 226s 67z,4,4,5,8,0
20260403151827_0200_014,20260403151827_0200,20260403151827,200,1,masa1125,3,1m,estimated_tsumogiri,1775197607,1747.646,,0,,"[94,32,82,68,59,116,69,23,91,61,51,113,66]","[26,39,44,62,37,55,57,89,96,97,43,107,103]","[46,86,93,108,90,24,25,58,102,98,34,63,28]","[133,17,0,4,21,131,35,77,12,49,95,54,76]",69m 467899p 356s 23z,7m 1123567p 57789s,7789m 367p 45678s 1z,124569m 45p 226s 67z,1,1,4,10,0
20260403151827_0200_015,20260403151827_0200,20260403151827,200,2,はまはまみこみこ,24,7m,confirmed_tedashi,1775197610,2922.601,,3,1328.295,"[94,32,82,68,59,116,69,23,91,61,51,113,66]","[26,39,44,62,37,55,57,89,96,97,43,107,103]","[46,86,93,108,90,25,58,102,98,34,63,28,52]","[133,17,0,4,21,131,35,77,12,49,95,54,76]",69m 467899p 356s 23z,7m 1123567p 57789s,789m 3r567p 45678s 1z,124569m 45p 226s 67z,1,1,6,11,0
20260403151827_0200_016,20260403151827_0200,20260403151827,200,3,1963414,35,9m,confirmed_tedashi,1775197614,3373.837,,0,,"[94,32,82,68,59,116,69,23,91,61,51,113,66]","[26,39,44,62,37,55,57,89,96,97,43,107,103]","[46,86,93,108,90,25,58,102,98,34,63,28,52]","[133,17,0,4,21,131,77,12,49,95,54,76,13]",69m 467899p 356s 23z,7m 1123567p 57789s,789m 3r567p 45678s 1z,124456m 45p 226s 67z,3,3,4,10,0
20260403151827_0200_017,20260403151827_0200,20260403151827,200,0,パシフィック,1,1m,confirmed_tsumogiri,1775197615,714.689,,0,,"[94,32,82,68,59,116,69,23,91,61,51,113,66]","[26,39,44,62,37,55,57,89,96,97,43,107,103]","[46,86,93,108,90,25,58,102,98,34,63,28,52]","[133,17,0,4,21,131,77,12,49,95,54,76,13]",69m 467899p 356s 23z,7m 1123567p 57789s,789m 3r567p 45678s 1z,124456m 45p 226s 67z,4,4,5,8,0
20260403151827_0200_018,20260403151827_0200,20260403151827,200,1,masa1125,89,5s,confirmed_tedashi,1775197620,5441.229,,3,1906.872,"[94,32,82,68,59,116,69,23,91,61,51,113,66]","[26,39,44,62,37,55,57,96,97,43,107,103,19]","[46,86,93,108,90,25,58,102,98,34,63,28,52]","[133,17,0,4,21,131,77,12,49,95,54,76,13]",69m 467899p 356s 23z,57m 1123567p 7789s,789m 3r567p 45678s 1z,124456m 45p 226s 67z,1,1,4,10,0
20260403151827_0200_019,20260403151827_0200,20260403151827,200,2,はまはまみこみこ,10,3m,estimated_tsumogiri,1775197625,2278.507,,3,1420.524,"[94,32,82,68,59,116,69,23,91,61,51,113,66]","[26,39,44,62,37,55,57,96,97,43,107,103,19]","[46,86,93,108,90,25,58,102,98,34,63,28,52]","[133,17,0,4,21,131,77,12,49,95,54,76,13]",69m 467899p 356s 23z,57m 1123567p 7789s,789m 3r567p 45678s 1z,124456m 45p 226s 67z,1,1,6,11,0
20260403151827_0200_020,20260403151827_0200,20260403151827,200,3,1963414,0,1m,confirmed_tedashi,1775197629,2490.499,,0,,"[94,32,82,68,59,116,69,23,91,61,51,113,66]","[26,39,44,62,37,55,57,96,97,43,107,103,19]","[46,86,93,108,90,25,58,102,98,34,63,28,52]","[133,17,4,21,131,77,12,49,95,54,76,13,88]",69m 467899p 356s 23z,57m 1123567p 7789s,789m 3r567p 45678s 1z,24456m 45p 22r56s 67z,2,2,4,11,0
20260403151827_0200_021,20260403151827_0200,20260403151827,200,0,パシフィック,83,3s,confirmed_tsumogiri,1775197629,681.358,,0,,"[94,32,82,68,59,116,69,23,91,61,51,113,66]","[26,39,44,62,37,55,57,96,97,43,107,103,19]","[46,86,93,108,90,25,58,102,98,34,63,28,52]","[133,17,4,21,131,77,12,49,95,54,76,13,88]",69m 467899p 356s 23z,57m 1123567p 7789s,789m 3r567p 45678s 1z,24456m 45p 22r56s 67z,4,4,5,8,0
20260403151827_0200_022,20260403151827_0200,20260403151827,200,1,masa1125,81,3s,estimated_tsumogiri,1775197635,5246.564,,3,1691.348,"[94,32,82,68,59,116,69,23,91,61,51,113,66]","[26,39,44,62,37,55,57,96,97,43,107,103,19]","[46,86,93,108,90,25,58,102,98,34,63,28,52]","[133,17,4,21,131,77,12,49,95,54,76,13,88]",69m 467899p 356s 23z,57m 1123567p 7789s,789m 3r567p 45678s 1z,24456m 45p 22r56s 67z,1,1,4,10,0
20260403151827_0200_023,20260403151827_0200,20260403151827,200,2,はまはまみこみこ,85,4s,estimated_tsumogiri,1775197639,2653.028,,2,1997.958,"[94,32,82,68,59,116,69,23,91,61,51,113,66]","[26,39,44,62,37,55,57,96,97,43,107,103,19]","[46,86,93,108,90,25,58,102,98,34,63,28,52]","[133,17,4,21,131,77,12,49,95,54,76,13,88]",69m 467899p 356s 23z,57m 1123567p 7789s,789m 3r567p 45678s 1z,24456m 45p 22r56s 67z,1,1,6,11,0
20260403151827_0200_024,20260403151827_0200,20260403151827,200,3,1963414,133,7z,confirmed_tedashi,1775197642,1129.686,,0,,"[94,32,82,68,59,116,69,23,91,61,51,113,66]","[26,39,44,62,37,55,57,96,97,43,107,103,19]","[46,86,93,108,90,25,58,102,98,34,63,28,52]","[17,4,21,131,77,12,49,54,76,13]",69m 467899p 356s 23z,57m 1123567p 7789s,789m 3r567p 45678s 1z,24456m 45p 22s 6z,1,1,,,0
20260403151827_0200_025,20260403151827_0200,20260403151827,200,0,パシフィック,22,6m,confirmed_tsumogiri,1775197643,689.364,,3,709.133,"[94,32,82,68,59,116,69,23,91,61,51,113,66]","[26,39,44,62,37,55,57,96,97,43,107,103,19]","[46,86,93,108,90,25,58,102,98,34,63,28,52]","[17,4,21,131,77,12,49,54,76,13]",69m 467899p 356s 23z,57m 1123567p 7789s,789m 3r567p 45678s 1z,24456m 45p 22s 6z,4,4,5,8,0
20260403151827_0200_026,20260403151827_0200,20260403151827,200,1,masa1125,96,7s,confirmed_tedashi,1775197653,3376.944,5957.053,3,2471.992,"[94,32,82,68,59,116,69,23,91,61,51,113,66]","[26,39,44,62,37,55,57,97,43,107,103,19,50]","[46,86,93,108,90,25,58,102,98,34,63,28,52]","[17,4,21,131,77,12,49,54,76,13]",69m 467899p 356s 23z,57m 11234567p 789s,789m 3r567p 45678s 1z,24456m 45p 22s 6z,0,0,5,10,0
20260403151827_0200_027,20260403151827_0200,20260403151827,200,2,はまはまみこみこ,98,7s,confirmed_tedashi,1775197666,10849.513,,0,,"[94,32,82,68,59,116,69,23,91,61,51,113,66]","[26,39,44,62,37,55,57,97,43,107,103,19,50]","[46,86,93,108,90,25,58,102,34,63,28,52,18]","[17,4,21,131,77,12,49,54,76,13]",69m 467899p 356s 23z,57m 11234567p 789s,5789m 3r567p 4568s 1z,24456m 45p 22s 6z,2,2,6,11,0
20260403151827_0200_028,20260403151827_0200,20260403151827,200,3,1963414,131,6z,confirmed_tedashi,1775197669,2501.246,,0,,"[94,32,82,68,59,116,69,23,91,61,51,113,66]","[26,39,44,62,37,55,57,97,43,107,103,19,50]","[46,86,93,108,90,25,58,102,34,63,28,52,18]","[17,4,21,77,12,49,54,76,13,33]",69m 467899p 356s 23z,57m 11234567p 789s,5789m 3r567p 4568s 1z,244569m 45p 22s,1,1,,,0
20260403151827_0200_029,20260403151827_0200,20260403151827,200,0,パシフィック,14,4m,confirmed_tsumogiri,1775197669,684.158,,3,3211.495,"[94,32,82,68,59,116,69,23,91,61,51,113,66]","[26,39,44,62,37,55,57,97,43,107,103,19,50]","[46,86,93,108,90,25,58,102,34,63,28,52,18]","[17,4,21,77,12,49,54,76,13,33]",69m 467899p 356s 23z,57m 11234567p 789s,5789m 3r567p 4568s 1z,244569m 45p 22s,4,4,5,8,0
20260403151827_0200_030,20260403151827_0200,20260403151827,200,1,masa1125,6,2m,estimated_tsumogiri,1775197673,222.876,,0,,"[94,32,82,68,59,116,69,23,91,61,51,113,66]","[26,39,44,62,37,55,57,97,43,107,103,19,50]","[46,86,93,108,90,25,58,102,34,63,28,52,18]","[17,4,21,77,12,49,54,76,13,33]",69m 467899p 356s 23z,57m 11234567p 789s,5789m 3r567p 4568s 1z,244569m 45p 22s,0,0,5,10,0
20260403151827_0200_031,20260403151827_0200,20260403151827,200,2,はまはまみこみこ,75,1s,estimated_tsumogiri,1775197676,3721.051,,0,,"[94,32,82,68,59,116,69,23,91,61,51,113,66]","[26,39,44,62,37,55,57,97,43,107,103,19,50]","[46,86,93,108,90,25,58,102,34,63,28,52,18]","[17,4,21,77,12,49,54,76,13,33]",69m 467899p 356s 23z,57m 11234567p 789s,5789m 3r567p 4568s 1z,244569m 45p 22s,2,2,6,11,0
20260403151827_0200_032,20260403151827_0200,20260403151827,200,3,1963414,33,9m,confirmed_tedashi,1775197679,2546.761,,0,,"[94,32,82,68,59,116,69,23,91,61,51,113,66]","[26,39,44,62,37,55,57,97,43,107,103,19,50]","[46,86,93,108,90,25,58,102,34,63,28,52,18]","[17,4,21,77,12,49,54,76,13,11]",69m 467899p 356s 23z,57m 11234567p 789s,5789m 3r567p 4568s 1z,234456m 45p 22s,0,0,,,0
20260403151827_0200_033,20260403151827_0200,20260403151827,200,0,パシフィック,105,9s,confirmed_tsumogiri,1775197681,2322.552,,0,,"[94,32,82,68,59,116,69,23,91,61,51,113,66]","[26,39,44,62,37,55,57,97,43,107,103,19,50]","[46,86,93,108,90,25,58,102,34,63,28,52,18]","[17,4,21,77,12,49,54,76,13,11]",69m 467899p 356s 23z,57m 11234567p 789s,5789m 3r567p 4568s 1z,234456m 45p 22s,4,4,5,8,0
20260403151827_0200_034,20260403151827_0200,20260403151827,200,1,masa1125,101,8s,estimated_tsumogiri,1775197682,705.987,,0,,"[94,32,82,68,59,116,69,23,91,61,51,113,66]","[26,39,44,62,37,55,57,97,43,107,103,19,50]","[46,86,93,108,90,25,58,102,34,63,28,52,18]","[17,4,21,77,12,49,54,76,13,11]",69m 467899p 356s 23z,57m 11234567p 789s,5789m 3r567p 4568s 1z,234456m 45p 22s,0,0,5,10,0
20260403151827_0200_035,20260403151827_0200,20260403151827,200,2,はまはまみこみこ,102,8s,confirmed_tedashi,1775197685,2980.747,,0,,"[94,32,82,68,59,116,69,23,91,61,51,113,66]","[26,39,44,62,37,55,57,97,43,107,103,19,50]","[46,86,93,108,90,25,58,34,63,28,52,18,122]","[17,4,21,77,12,49,54,76,13,11]",69m 467899p 356s 23z,57m 11234567p 789s,5789m 3r567p 456s 14z,234456m 45p 22s,2,2,6,10,0
20260403151827_0200_036,20260403151827_0200,20260403151827,200,3,1963414,67,8p,estimated_tsumogiri,1775197687,2199.072,,3,3367.959,"[94,32,82,68,59,116,69,23,91,61,51,113,66]","[26,39,44,62,37,55,57,97,43,107,103,19,50]","[46,86,93,108,90,25,58,34,63,28,52,18,122]","[17,4,21,77,12,49,54,76,13,11]",69m 467899p 356s 23z,57m 11234567p 789s,5789m 3r567p 456s 14z,234456m 45p 22s,0,0,,,0
20260403151827_0200_037,20260403151827_0200,20260403151827,200,0,パシフィック,106,9s,confirmed_tsumogiri,1775197692,1246.932,,0,,"[94,32,82,68,59,116,69,23,91,61,51,113,66]","[26,39,44,62,37,55,57,97,43,107,103,19,50]","[46,86,93,108,90,25,58,34,63,28,52,18,122]","[17,4,21,77,12,49,54,76,13,11]",69m 467899p 356s 23z,57m 11234567p 789s,5789m 3r567p 456s 14z,234456m 45p 22s,4,4,5,8,0
20260403151827_0200_038,20260403151827_0200,20260403151827,200,1,masa1125,16,r5m,estimated_tsumogiri,1775197692,687.574,,0,,"[94,32,82,68,59,116,69,23,91,61,51,113,66]","[26,39,44,62,37,55,57,97,43,107,103,19,50]","[46,86,93,108,90,25,58,34,63,28,52,18,122]","[17,4,21,77,12,49,54,76,13,11]",69m 467899p 356s 23z,57m 11234567p 789s,5789m 3r567p 456s 14z,234456m 45p 22s,0,0,5,10,0
20260403151827_0200_039,20260403151827_0200,20260403151827,200,2,はまはまみこみこ,122,4z,confirmed_tedashi,1775197695,2629.17,,0,,"[94,32,82,68,59,116,69,23,91,61,51,113,66]","[26,39,44,62,37,55,57,97,43,107,103,19,50]","[46,86,93,108,90,25,58,34,63,28,52,18,118]","[17,4,21,77,12,49,54,76,13,11]",69m 467899p 356s 23z,57m 11234567p 789s,5789m 3r567p 456s 13z,234456m 45p 22s,2,2,6,10,0
20260403151827_0200_040,20260403151827_0200,20260403151827,200,3,1963414,84,4s,estimated_tsumogiri,1775197697,2049.541,,3,3877.406,"[94,32,82,68,59,116,69,23,91,61,51,113,66]","[26,39,44,62,37,55,57,97,43,107,103,19,50]","[46,86,93,108,90,25,58,34,63,28,52,18,118]","[17,4,21,77,12,49,54,76,13,11]",69m 467899p 356s 23z,57m 11234567p 789s,5789m 3r567p 456s 13z,234456m 45p 22s,0,0,,,0
20260403151827_0200_041,20260403151827_0200,20260403151827,200,0,パシフィック,45,3p,confirmed_tsumogiri,1775197702,1260.224,,0,,"[94,32,82,68,59,116,69,23,91,61,51,113,66]","[26,39,44,62,37,55,57,97,43,107,103,19,50]","[46,86,93,108,90,25,58,34,63,28,52,18,118]","[17,4,21,77,12,49,54,76,13,11]",69m 467899p 356s 23z,57m 11234567p 789s,5789m 3r567p 456s 13z,234456m 45p 22s,4,4,5,8,0
20260403151827_0201_001,20260403151827_0201,20260403151827,201,0,パシフィック,124,5z,confirmed_tedashi,1775197728,8701.705,,0,,"[3,22,32,44,45,51,61,115,118,119,122,133,108]","[41,98,69,2,82,21,57,89,15,72,4,84,19]","[102,120,105,93,34,107,31,48,37,86,81,78,59]","[43,13,12,53,29,33,123,88,24,60,127,92,85]",169m 3347p 123347z,12456m 269p 13457s,89m 146p 2346899s 4z,44789m 257p 4r56s 45z,4,6,4,5,0
20260403151827_0201_002,20260403151827_0201,20260403151827,201,1,masa1125,35,9m,estimated_tsumogiri,1775197732,3848.625,,0,,"[3,22,32,44,45,51,61,115,118,119,122,133,108]","[41,98,69,2,82,21,57,89,15,72,4,84,19]","[102,120,105,93,34,107,31,48,37,86,81,78,59]","[43,13,12,53,29,33,123,88,24,60,127,92,85]",169m 3347p 123347z,12456m 269p 13457s,89m 146p 2346899s 4z,44789m 257p 4r56s 45z,3,3,6,10,0
20260403151827_0201_003,20260403151827_0201,20260403151827,201,2,はまはまみこみこ,37,1p,confirmed_tedashi,1775197734,2312.3,,0,,"[3,22,32,44,45,51,61,115,118,119,122,133,108]","[41,98,69,2,82,21,57,89,15,72,4,84,19]","[102,120,105,93,34,107,31,48,86,81,78,59,62]","[43,13,12,53,29,33,123,88,24,60,127,92,85]",169m 3347p 123347z,12456m 269p 13457s,89m 467p 2346899s 4z,44789m 257p 4r56s 45z,2,2,5,9,0
20260403151827_0201_004,20260403151827_0201,20260403151827,201,3,1963414,123,4z,confirmed_tedashi,1775197736,1900.968,,0,,"[3,22,32,44,45,51,61,115,118,119,122,133,108]","[41,98,69,2,82,21,57,89,15,72,4,84,19]","[102,120,105,93,34,107,31,48,86,81,78,59,62]","[43,13,12,53,29,33,88,24,60,127,92,85,132]",169m 3347p 123347z,12456m 269p 13457s,89m 467p 2346899s 4z,44789m 257p 4r56s 57z,2,2,5,10,0
20260403151827_0201_005,20260403151827_0201,20260403151827,201,0,パシフィック,94,6s,confirmed_tsumogiri,1775197737,698.031,,3,3183.432,"[3,22,32,44,45,51,61,115,118,119,122,133,108]","[41,98,69,2,82,21,57,89,15,72,4,84,19]","[102,120,105,93,34,107,31,48,86,81,78,59,62]","[43,13,12,53,29,33,88,24,60,127,92,85,132]",169m 3347p 123347z,12456m 269p 13457s,89m 467p 2346899s 4z,44789m 257p 4r56s 57z,4,6,4,5,0
20260403151827_0201_006,20260403151827_0201,20260403151827,201,1,masa1125,69,9p,confirmed_tedashi,1775197748,8142.909,,0,,"[3,22,32,44,45,51,61,115,118,119,122,133,108]","[41,98,2,82,21,57,89,15,72,4,84,19,65]","[102,120,105,93,34,107,31,48,86,81,78,59,62]","[43,13,12,53,29,33,88,24,60,127,92,85,132]",169m 3347p 123347z,12456m 268p 13457s,89m 467p 2346899s 4z,44789m 257p 4r56s 57z,2,2,6,11,0
20260403151827_0201_007,20260403151827_0201,20260403151827,201,2,はまはまみこみこ,34,9m,confirmed_tedashi,1775197750,2434.074,,3,1838.166,"[3,22,32,44,45,51,61,115,118,119,122,133,108]","[41,98,2,82,21,57,89,15,72,4,84,19,65]","[102,120,105,93,107,31,48,86,81,78,59,62,91]","[43,13,12,53,29,33,88,24,60,127,92,85,132]",169m 3347p 123347z,12456m 268p 13457s,8m 467p 23456899s 4z,44789m 257p 4r56s 57z,3,3,5,10,0
20260403151827_0201_008,20260403151827_0201,20260403151827,201,3,1963414,132,7z,confirmed_tedashi,1775197754,2150.173,,0,,"[3,22,32,44,45,51,61,115,118,119,122,133,108]","[41,98,2,82,21,57,89,15,72,4,84,19,65]","[102,120,105,93,107,31,48,86,81,78,59,62,91]","[43,13,12,53,29,33,88,24,60,127,92,85,47]",169m 3347p 123347z,12456m 268p 13457s,8m 467p 23456899s 4z,44789m 2357p 4r56s 5z,1,1,5,11,0
20260403151827_0201_009,20260403151827_0201,20260403151827,201,0,パシフィック,116,3z,confirmed_tsumogiri,1775197755,694.219,,0,,"[3,22,32,44,45,51,61,115,118,119,122,133,108]","[41,98,2,82,21,57,89,15,72,4,84,19,65]","[102,120,105,93,107,31,48,86,81,78,59,62,91]","[43,13,12,53,29,33,88,24,60,127,92,85,47]",169m 3347p 123347z,12456m 268p 13457s,8m 467p 23456899s 4z,44789m 2357p 4r56s 5z,4,6,4,5,0
20260403151827_0201_010,20260403151827_0201,20260403151827,201,1,masa1125,41,2p,confirmed_tedashi,1775197761,6123.14,,0,,"[3,22,32,44,45,51,61,115,118,119,122,133,108]","[98,2,82,21,57,89,15,72,4,84,19,65,5]","[102,120,105,93,107,31,48,86,81,78,59,62,91]","[43,13,12,53,29,33,88,24,60,127,92,85,47]",169m 3347p 123347z,122456m 68p 13457s,8m 467p 23456899s 4z,44789m 2357p 4r56s 5z,2,2,5,11,0
20260403151827_0201_011,20260403151827_0201,20260403151827,201,2,はまはまみこみこ,126,5z,estimated_tsumogiri,1775197765,3790.175,,0,,"[3,22,32,44,45,51,61,115,118,119,122,133,108]","[98,2,82,21,57,89,15,72,4,84,19,65,5]","[102,120,105,93,107,31,48,86,81,78,59,62,91]","[43,13,12,53,29,33,88,24,60,127,92,85,47]",169m 3347p 123347z,122456m 68p 13457s,8m 467p 23456899s 4z,44789m 2357p 4r56s 5z,3,3,5,10,0
20260403151827_0201_012,20260403151827_0201,20260403151827,201,3,1963414,135,7z,estimated_tsumogiri,1775197767,2132.767,,0,,"[3,22,32,44,45,51,61,115,118,119,122,133,108]","[98,2,82,21,57,89,15,72,4,84,19,65,5]","[102,120,105,93,107,31,48,86,81,78,59,62,91]","[43,13,12,53,29,33,88,24,60,127,92,85,47]",169m 3347p 123347z,122456m 68p 13457s,8m 467p 23456899s 4z,44789m 2357p 4r56s 5z,1,1,5,11,0
20260403151827_0201_013,20260403151827_0201,20260403151827,201,0,パシフィック,76,2s,confirmed_tsumogiri,1775197768,705.858,,3,10629.408,"[3,22,32,44,45,51,61,115,118,119,122,133,108]","[98,2,82,21,57,89,15,72,4,84,19,65,5]","[102,120,105,93,107,31,48,86,81,78,59,62,91]","[43,13,12,53,29,33,88,24,60,127,92,85,47]",169m 3347p 123347z,122456m 68p 13457s,8m 467p 23456899s 4z,44789m 2357p 4r56s 5z,4,6,4,5,0
20260403151827_0201_014,20260403151827_0201,20260403151827,201,1,masa1125,0,1m,estimated_tsumogiri,1775197782,3809.733,,0,,"[3,22,32,44,45,51,61,115,118,119,122,133,108]","[98,2,82,21,57,89,15,72,4,84,19,65,5]","[102,120,105,93,107,31,48,86,81,78,59,62,91]","[43,13,12,53,29,33,88,24,60,127,92,85,47]",169m 3347p 123347z,122456m 68p 13457s,8m 467p 23456899s 4z,44789m 2357p 4r56s 5z,2,2,5,11,0
20260403151827_0201_015,20260403151827_0201,20260403151827,201,2,はまはまみこみこ,31,8m,confirmed_tedashi,1775197785,2572.503,,3,1731.865,"[3,22,32,44,45,51,61,115,118,119,122,133,108]","[98,2,82,21,57,89,15,72,4,84,19,65,5]","[102,120,105,93,107,48,86,81,78,59,62,91,11]","[43,13,12,53,29,33,88,24,60,127,92,85,47]",169m 3347p 123347z,122456m 68p 13457s,3m 467p 23456899s 4z,44789m 2357p 4r56s 5z,3,3,5,10,0
20260403151827_0201_016,20260403151827_0201,20260403151827,201,3,1963414,127,5z,confirmed_tedashi,1775197791,1342.635,2737.619,0,,"[3,22,32,44,45,51,61,115,118,119,122,133,108]","[98,2,82,21,57,89,15,72,4,84,19,65,5]","[102,120,105,93,107,48,86,81,78,59,62,91,11]","[43,13,12,53,29,33,88,24,60,92,85,47,58]",169m 3347p 123347z,122456m 68p 13457s,3m 467p 23456899s 4z,44789m 23567p 4r56s,0,0,5,12,0
20260403151827_0201_017,20260403151827_0201,20260403151827,201,0,パシフィック,55,5p,confirmed_tsumogiri,1775197791,711.754,,0,,"[3,22,32,44,45,51,61,115,118,119,122,133,108]","[98,2,82,21,57,89,15,72,4,84,19,65,5]","[102,120,105,93,107,48,86,81,78,59,62,91,11]","[43,13,12,53,29,33,88,24,60,92,85,47,58]",169m 3347p 123347z,122456m 68p 13457s,3m 467p 23456899s 4z,44789m 23567p 4r56s,4,6,4,5,0
20260403151827_0201_018,20260403151827_0201,20260403151827,201,1,masa1125,68,9p,estimated_tsumogiri,1775197796,4275.141,,0,,"[3,22,32,44,45,51,61,115,118,119,122,133,108]","[98,2,82,21,57,89,15,72,4,84,19,65,5]","[102,120,105,93,107,48,86,81,78,59,62,91,11]","[43,13,12,53,29,33,88,24,60,92,85,47,58]",169m 3347p 123347z,122456m 68p 13457s,3m 467p 23456899s 4z,44789m 23567p 4r56s,2,2,5,11,0
20260403151827_0201_019,20260403151827_0201,20260403151827,201,2,はまはまみこみこ,120,4z,confirmed_tedashi,1775197797,1931.132,,0,,"[3,22,32,44,45,51,61,115,118,119,122,133,108]","[98,2,82,21,57,89,15,72,4,84,19,65,5]","[102,105,93,107,48,86,81,78,59,62,91,11,70]","[43,13,12,53,29,33,88,24,60,92,85,47,58]",169m 3347p 123347z,122456m 68p 13457s,3m 4679p 23456899s,44789m 23567p 4r56s,2,2,5,10,0
20260403151827_0201_020,20260403151827_0201,20260403151827,201,3,1963414,96,7s,estimated_tsumogiri,1775197798,912.915,,0,,"[3,22,32,44,45,51,61,115,118,119,122,133,108]","[98,2,82,21,57,89,15,72,4,84,19,65,5]","[102,105,93,107,48,86,81,78,59,62,91,11,70]","[43,13,12,53,29,33,88,24,60,92,85,47,58]",169m 3347p 123347z,122456m 68p 13457s,3m 4679p 23456899s,44789m 23567p 4r56s,0,0,5,12,0
20260403151827_0201_021,20260403151827_0201,20260403151827,201,0,パシフィック,14,4m,confirmed_tsumogiri,1775197799,942.229,,3,3803.636,"[3,22,32,44,45,51,61,115,118,119,122,133,108]","[98,2,82,21,57,89,15,72,4,84,19,65,5]","[102,105,93,107,48,86,81,78,59,62,91,11,70]","[43,13,12,53,29,33,88,24,60,92,85,47,58]",169m 3347p 123347z,122456m 68p 13457s,3m 4679p 23456899s,44789m 23567p 4r56s,4,6,4,5,0
20260403151827_0201_022,20260403151827_0201,20260403151827,201,1,masa1125,2,1m,confirmed_tedashi,1775197808,4414.055,,0,,"[3,22,32,44,45,51,61,115,118,119,122,133,108]","[98,82,21,57,89,15,72,4,84,19,65,5,106]","[102,105,93,107,48,86,81,78,59,62,91,11,70]","[43,13,12,53,29,33,88,24,60,92,85,47,58]",169m 3347p 123347z,22456m 68p 134579s,3m 4679p 23456899s,44789m 23567p 4r56s,1,1,5,11,0
20260403151827_0201_023,20260403151827_0201,20260403151827,201,2,はまはまみこみこ,102,8s,confirmed_tedashi,1775197815,7260.77,,0,,"[3,22,32,44,45,51,61,115,118,119,122,133,108]","[98,82,21,57,89,15,72,4,84,19,65,5,106]","[105,93,107,48,86,81,78,59,62,91,11,70,104]","[43,13,12,53,29,33,88,24,60,92,85,47,58]",169m 3347p 123347z,22456m 68p 134579s,3m 4679p 23456999s,44789m 23567p 4r56s,2,2,5,10,0
20260403151827_0201_024,20260403151827_0201,20260403151827,201,3,1963414,63,7p,estimated_tsumogiri,1775197816,908.439,,0,,"[3,22,32,44,45,51,61,115,118,119,122,133,108]","[98,82,21,57,89,15,72,4,84,19,65,5,106]","[105,93,107,48,86,81,78,59,62,91,11,70,104]","[43,13,12,53,29,33,88,24,60,92,85,47,58]",169m 3347p 123347z,22456m 68p 134579s,3m 4679p 23456999s,44789m 23567p 4r56s,0,0,5,12,0
20260403151827_0201_025,20260403151827_0201,20260403151827,201,0,パシフィック,71,9p,confirmed_tsumogiri,1775197817,955.889,,0,,"[3,22,32,44,45,51,61,115,118,119,122,133,108]","[98,82,21,57,89,15,72,4,84,19,65,5,106]","[105,93,107,48,86,81,78,59,62,91,11,70,104]","[43,13,12,53,29,33,88,24,60,92,85,47,58]",169m 3347p 123347z,22456m 68p 134579s,3m 4679p 23456999s,44789m 23567p 4r56s,4,6,4,5,0
20260403151827_0201_026,20260403151827_0201,20260403151827,201,1,masa1125,112,2z,estimated_tsumogiri,1775197823,6745.997,,0,,"[3,22,32,44,45,51,61,115,118,119,122,133,108]","[98,82,21,57,89,15,72,4,84,19,65,5,106]","[105,93,107,48,86,81,78,59,62,91,11,70,104]","[43,13,12,53,29,33,88,24,60,92,85,47,58]",169m 3347p 123347z,22456m 68p 134579s,3m 4679p 23456999s,44789m 23567p 4r56s,1,1,5,11,0
20260403151827_0201_027,20260403151827_0201,20260403151827,201,2,はまはまみこみこ,70,9p,confirmed_tedashi,1775197826,2252.997,,0,,"[3,22,32,44,45,51,61,115,118,119,122,133,108]","[98,82,21,57,89,15,72,4,84,19,65,5,106]","[105,93,107,48,86,81,78,59,62,91,11,104,130]","[43,13,12,53,29,33,88,24,60,92,85,47,58]",169m 3347p 123347z,22456m 68p 134579s,3m 467p 23456999s 6z,44789m 23567p 4r56s,2,2,5,10,0
20260403151827_0201_028,20260403151827_0201,20260403151827,201,3,1963414,129,6z,estimated_tsumogiri,1775197826,776.202,,0,,"[3,22,32,44,45,51,61,115,118,119,122,133,108]","[98,82,21,57,89,15,72,4,84,19,65,5,106]","[105,93,107,48,86,81,78,59,62,91,11,104,130]","[43,13,12,53,29,33,88,24,60,92,85,47,58]",169m 3347p 123347z,22456m 68p 134579s,3m 467p 23456999s 6z,44789m 23567p 4r56s,0,0,5,12,0
20260403151827_0201_029,20260403151827_0201,20260403151827,201,0,パシフィック,6,2m,confirmed_tsumogiri,1775197828,1072.668,,3,3529.138,"[3,22,32,44,45,51,61,115,118,119,122,133,108]","[98,82,21,57,89,15,72,4,84,19,65,5,106]","[105,93,107,48,86,81,78,59,62,91,11,104,130]","[43,13,12,53,29,33,88,24,60,92,85,47,58]",169m 3347p 123347z,22456m 68p 134579s,3m 467p 23456999s 6z,44789m 23567p 4r56s,4,6,4,5,0
20260403151827_0201_030,20260403151827_0201,20260403151827,201,1,masa1125,38,1p,estimated_tsumogiri,1775197833,1644.474,,0,,"[3,22,32,44,45,51,61,115,118,119,122,133,108]","[98,82,21,57,89,15,72,4,84,19,65,5,106]","[105,93,107,48,86,81,78,59,62,91,11,104,130]","[43,13,12,53,29,33,88,24,60,92,85,47,58]",169m 3347p 123347z,22456m 68p 134579s,3m 467p 23456999s 6z,44789m 23567p 4r56s,1,1,5,11,0
20260403151827_0202_000,20260403151827_0202,20260403151827,202,3,1963414,118,3z,confirmed_tedashi,1775197854,6051.658,,0,,"[121,103,46,23,75,6,120,71,87,51,88,56,84]","[58,122,128,63,93,54,48,114,70,24,55,53,81]","[89,16,97,86,127,4,31,124,102,126,43,17,33]","[7,134,12,15,9,29,133,25,40,52,60,91,8]",26m 3469p 144r58s 44z,7m 4555679p 36s 246z,2r5589m 2p 4578s 555z,2334478m 2r57p 5s 77z,2,2,3,11,0
20260403151827_0202_001,20260403151827_0202,20260403151827,202,0,パシフィック,119,3z,confirmed_tedashi,1775197863,9738.522,,0,,"[121,103,46,23,75,6,120,71,87,51,88,56,84]","[58,122,128,63,93,54,48,114,70,24,55,53,81]","[89,16,97,86,127,4,31,124,102,126,43,17,33]","[7,134,12,15,9,29,133,25,40,52,60,91,8]",26m 3469p 144r58s 44z,7m 4555679p 36s 246z,2r5589m 2p 4578s 555z,2334478m 2r57p 5s 77z,4,5,4,9,0
20260403151827_0202_002,20260403151827_0202,20260403151827,202,1,masa1125,122,4z,confirmed_tedashi,1775197865,2184.95,,3,4559.731,"[121,103,46,23,75,6,120,71,87,51,88,56,84]","[58,128,63,93,54,48,114,70,24,55,53,81,95]","[89,16,97,86,127,4,31,124,102,126,43,17,33]","[7,134,12,15,9,29,133,25,40,52,60,91,8]",26m 3469p 144r58s 44z,7m 4555679p 366s 26z,2r5589m 2p 4578s 555z,2334478m 2r57p 5s 77z,3,3,4,10,0
20260403151827_0202_003,20260403151827_0202,20260403151827,202,2,はまはまみこみこ,4,2m,confirmed_tedashi,1775197875,5369.416,,3,1630.682,"[121,103,46,23,75,6,120,71,87,51,88,56,84]","[58,128,63,93,54,48,114,70,24,55,53,81,95]","[89,16,97,86,127,31,124,102,126,43,17,33,78]","[7,134,12,15,9,29,133,25,40,52,60,91,8]",26m 3469p 144r58s 44z,7m 4555679p 366s 26z,r5589m 2p 24578s 555z,2334478m 2r57p 5s 77z,2,2,4,10,0
20260403151827_0202_004,20260403151827_0202,20260403151827,202,3,1963414,40,2p,confirmed_tedashi,1775197879,1571.906,,3,2111.438,"[121,103,46,23,75,6,120,71,87,51,88,56,84]","[58,128,63,93,54,48,114,70,24,55,53,81,95]","[89,16,97,86,127,31,124,102,126,43,17,33,78]","[7,134,12,15,9,29,133,25,52,60,91,8,57]",26m 3469p 144r58s 44z,7m 4555679p 366s 26z,r5589m 2p 24578s 555z,2334478m r567p 5s 77z,1,1,3,11,0
20260403151827_0202_005,20260403151827_0202,20260403151827,202,0,パシフィック,109,1z,confirmed_tedashi,1775197886,4860.978,,0,,"[121,103,46,23,75,6,120,71,87,51,88,56,84]","[58,128,63,93,54,48,114,70,24,55,53,81,95]","[89,16,97,86,127,31,124,102,126,43,17,33,78]","[7,134,12,15,9,29,133,25,52,60,91,8,57]",26m 3469p 144r58s 44z,7m 4555679p 366s 26z,r5589m 2p 24578s 555z,2334478m r567p 5s 77z,4,5,4,9,0
20260403151827_0202_006,20260403151827_0202,20260403151827,202,1,masa1125,114,2z,confirmed_tedashi,1775197889,3592.484,,0,,"[121,103,46,23,75,6,120,71,87,51,88,56,84]","[58,128,63,93,54,48,70,24,55,53,81,95,73]","[89,16,97,86,127,31,124,102,126,43,17,33,78]","[7,134,12,15,9,29,133,25,52,60,91,8,57]",26m 3469p 144r58s 44z,7m 4555679p 1366s 6z,r5589m 2p 24578s 555z,2334478m r567p 5s 77z,2,2,4,10,0
20260403151827_0202_007,20260403151827_0202,20260403151827,202,2,はまはまみこみこ,78,2s,confirmed_tedashi,1775197893,3472.052,,0,,"[121,103,46,23,75,6,120,71,87,51,88,56,84]","[58,128,63,93,54,48,70,24,55,53,81,95,73]","[89,16,97,86,127,31,124,102,126,43,17,33,18]","[7,134,12,15,9,29,133,25,52,60,91,8,57]",26m 3469p 144r58s 44z,7m 4555679p 1366s 6z,r55589m 2p 4578s 555z,2334478m r567p 5s 77z,2,2,4,10,0
20260403151827_0202_008,20260403151827_0202,20260403151827,202,3,1963414,100,8s,estimated_tsumogiri,1775197895,2104.228,,0,,"[121,103,46,23,75,6,120,71,87,51,88,56,84]","[58,128,63,93,54,48,70,24,55,53,81,95,73]","[89,16,97,86,127,31,124,102,126,43,17,33,18]","[7,134,12,15,9,29,133,25,52,60,91,8,57]",26m 3469p 144r58s 44z,7m 4555679p 1366s 6z,r55589m 2p 4578s 555z,2334478m r567p 5s 77z,1,1,3,11,0
20260403151827_0202_009,20260403151827_0202,20260403151827,202,0,パシフィック,94,6s,confirmed_tsumogiri,1775197895,687.661,,3,2637.14,"[121,103,46,23,75,6,120,71,87,51,88,56,84]","[58,128,63,93,54,48,70,24,55,53,81,95,73]","[89,16,97,86,127,31,124,102,126,43,17,33,18]","[7,134,12,15,9,29,133,25,52,60,91,8,57]",26m 3469p 144r58s 44z,7m 4555679p 1366s 6z,r55589m 2p 4578s 555z,2334478m r567p 5s 77z,4,5,4,9,0
20260403151827_0202_010,20260403151827_0202,20260403151827,202,1,masa1125,115,2z,estimated_tsumogiri,1775197900,1818.929,,0,,"[121,103,46,23,75,6,120,71,87,51,88,56,84]","[58,128,63,93,54,48,70,24,55,53,81,95,73]","[89,16,97,86,127,31,124,102,126,43,17,33,18]","[7,134,12,15,9,29,133,25,52,60,91,8,57]",26m 3469p 144r58s 44z,7m 4555679p 1366s 6z,r55589m 2p 4578s 555z,2334478m r567p 5s 77z,2,2,4,10,0
20260403151827_0202_011,20260403151827_0202,20260403151827,202,2,はまはまみこみこ,67,8p,estimated_tsumogiri,1775197903,3510.347,,3,1566.062,"[121,103,46,23,75,6,120,71,87,51,88,56,84]","[58,128,63,93,54,48,70,24,55,53,81,95,73]","[89,16,97,86,127,31,124,102,126,43,17,33,18]","[7,134,12,15,9,29,133,25,52,60,91,8,57]",26m 3469p 144r58s 44z,7m 4555679p 1366s 6z,r55589m 2p 4578s 555z,2334478m r567p 5s 77z,2,2,4,10,0
20260403151827_0202_012,20260403151827_0202,20260403151827,202,3,1963414,134,7z,confirmed_tedashi,1775197907,2229.666,,0,,"[121,103,46,23,75,6,120,71,87,51,88,56,84]","[58,128,63,93,54,48,70,24,55,53,81,95,73]","[89,16,97,86,127,31,124,102,126,43,17,33,18]","[7,12,15,9,29,133,25,52,60,91,8,57,30]",26m 3469p 144r58s 44z,7m 4555679p 1366s 6z,r55589m 2p 4578s 555z,23344788m r567p 5s 7z,2,2,3,12,0
20260403151827_0202_013,20260403151827_0202,20260403151827,202,0,パシフィック,98,7s,confirmed_tsumogiri,1775197908,709.461,,0,,"[121,103,46,23,75,6,120,71,87,51,88,56,84]","[58,128,63,93,54,48,70,24,55,53,81,95,73]","[89,16,97,86,127,31,124,102,126,43,17,33,18]","[7,12,15,9,29,133,25,52,60,91,8,57,30]",26m 3469p 144r58s 44z,7m 4555679p 1366s 6z,r55589m 2p 4578s 555z,23344788m r567p 5s 7z,4,5,4,9,0
20260403151827_0202_014,20260403151827_0202,20260403151827,202,1,masa1125,128,6z,confirmed_tedashi,1775197911,2966.124,,0,,"[121,103,46,23,75,6,120,71,87,51,88,56,84]","[58,63,93,54,48,70,24,55,53,81,95,73,65]","[89,16,97,86,127,31,124,102,126,43,17,33,18]","[7,12,15,9,29,133,25,52,60,91,8,57,30]",26m 3469p 144r58s 44z,7m 45556789p 1366s,r55589m 2p 4578s 555z,23344788m r567p 5s 7z,1,1,4,11,0
20260403151827_0202_015,20260403151827_0202,20260403151827,202,2,はまはまみこみこ,112,2z,estimated_tsumogiri,1775197917,6033.752,,0,,"[121,103,46,23,75,6,120,71,87,51,88,56,84]","[58,63,93,54,48,70,24,55,53,81,95,73,65]","[89,16,97,86,127,31,124,102,126,43,17,33,18]","[7,12,15,9,29,133,25,52,60,91,8,57,30]",26m 3469p 144r58s 44z,7m 45556789p 1366s,r55589m 2p 4578s 555z,23344788m r567p 5s 7z,2,2,4,10,0
20260403151827_0202_016,20260403151827_0202,20260403151827,202,3,1963414,25,7m,confirmed_tedashi,1775197923,6057.484,,0,,"[121,103,46,23,75,6,120,71,87,51,88,56,84]","[58,63,93,54,48,70,24,55,53,81,95,73,65]","[89,16,97,86,127,31,124,102,126,43,17,33,18]","[7,12,15,9,29,133,52,60,91,8,57,30,5]",26m 3469p 144r58s 44z,7m 45556789p 1366s,r55589m 2p 4578s 555z,22334488m r567p 5s 7z,1,1,2,12,0
20260403151827_0202_017,20260403151827_0202,20260403151827,202,0,パシフィック,66,8p,confirmed_tsumogiri,1775197924,678.15,,3,3160.679,"[121,103,46,23,75,6,120,71,87,51,88,56,84]","[58,63,93,54,48,70,24,55,53,81,95,73,65]","[89,16,97,86,127,31,124,102,126,43,17,33,18]","[7,12,15,9,29,133,52,60,91,8,57,30,5]",26m 3469p 144r58s 44z,7m 45556789p 1366s,r55589m 2p 4578s 555z,22334488m r567p 5s 7z,4,5,4,9,0
20260403151827_0202_018,20260403151827_0202,20260403151827,202,1,masa1125,41,2p,estimated_tsumogiri,1775197932,5317.652,,0,,"[121,103,46,23,75,6,120,71,87,51,88,56,84]","[58,63,93,54,48,70,24,55,53,81,95,73,65]","[89,16,97,86,127,31,124,102,126,43,17,33,18]","[7,12,15,9,29,133,52,60,91,8,57,30,5]",26m 3469p 144r58s 44z,7m 45556789p 1366s,r55589m 2p 4578s 555z,22334488m r567p 5s 7z,1,1,4,11,0
20260403151827_0202_019,20260403151827_0202,20260403151827,202,2,はまはまみこみこ,43,2p,confirmed_tedashi,1775197938,5496.644,,0,,"[121,103,46,23,75,6,120,71,87,51,88,56,84]","[58,63,93,54,48,70,24,55,53,81,95,73,65]","[89,16,97,86,127,31,124,102,126,17,33,18,61]","[7,12,15,9,29,133,52,60,91,8,57,30,5]",26m 3469p 144r58s 44z,7m 45556789p 1366s,r55589m 7p 4578s 555z,22334488m r567p 5s 7z,2,2,4,10,0
20260403151827_0202_020,20260403151827_0202,20260403151827,202,3,1963414,72,1s,estimated_tsumogiri,1775197939,1830.793,,0,,"[121,103,46,23,75,6,120,71,87,51,88,56,84]","[58,63,93,54,48,70,24,55,53,81,95,73,65]","[89,16,97,86,127,31,124,102,126,17,33,18,61]","[7,12,15,9,29,133,52,60,91,8,57,30,5]",26m 3469p 144r58s 44z,7m 45556789p 1366s,r55589m 7p 4578s 555z,22334488m r567p 5s 7z,1,1,2,12,0
20260403151827_0202_021,20260403151827_0202,20260403151827,202,0,パシフィック,38,1p,confirmed_tsumogiri,1775197940,703.07,,0,,"[121,103,46,23,75,6,120,71,87,51,88,56,84]","[58,63,93,54,48,70,24,55,53,81,95,73,65]","[89,16,97,86,127,31,124,102,126,17,33,18,61]","[7,12,15,9,29,133,52,60,91,8,57,30,5]",26m 3469p 144r58s 44z,7m 45556789p 1366s,r55589m 7p 4578s 555z,22334488m r567p 5s 7z,4,5,4,9,0
20260403151827_0202_022,20260403151827_0202,20260403151827,202,1,masa1125,73,1s,confirmed_tedashi,1775197945,4480.659,,0,,"[121,103,46,23,75,6,120,71,87,51,88,56,84]","[58,63,93,54,48,70,24,55,53,81,95,65,80]","[89,16,97,86,127,31,124,102,126,17,33,18,61]","[7,12,15,9,29,133,52,60,91,8,57,30,5]",26m 3469p 144r58s 44z,7m 45556789p 3366s,r55589m 7p 4578s 555z,22334488m r567p 5s 7z,1,1,3,12,0
20260403151827_0202_023,20260403151827_0202,20260403151827,202,2,はまはまみこみこ,61,7p,confirmed_tedashi,1775197948,2903.681,,3,1582.873,"[121,103,46,23,75,6,120,71,87,51,88,56,84]","[58,63,93,54,48,70,24,55,53,81,95,65,80]","[89,16,97,86,127,31,124,102,126,17,33,18,27]","[7,12,15,9,29,133,52,60,91,8,57,30,5]",26m 3469p 144r58s 44z,7m 45556789p 3366s,r555789m 4578s 555z,22334488m r567p 5s 7z,1,1,4,10,0
20260403151827_0202_024,20260403151827_0202,20260403151827,202,3,1963414,133,7z,confirmed_tedashi,1775197951,1928.096,,0,,"[121,103,46,23,75,6,120,71,87,51,88,56,84]","[58,63,93,54,48,70,24,55,53,81,95,65,80]","[89,16,97,86,127,31,124,102,126,17,33,18,27]","[7,12,15,9,29,52,60,91,8,57,30,5,26]",26m 3469p 144r58s 44z,7m 45556789p 3366s,r555789m 4578s 555z,223344788m r567p 5s,1,1,2,13,0
20260403151827_0202_025,20260403151827_0202,20260403151827,202,0,パシフィック,104,9s,confirmed_tsumogiri,1775197952,687.747,,0,,"[121,103,46,23,75,6,120,71,87,51,88,56,84]","[58,63,93,54,48,70,24,55,53,81,95,65,80]","[89,16,97,86,127,31,124,102,126,17,33,18,27]","[7,12,15,9,29,52,60,91,8,57,30,5,26]",26m 3469p 144r58s 44z,7m 45556789p 3366s,r555789m 4578s 555z,223344788m r567p 5s,4,5,4,9,0
20260403151827_0202_026,20260403151827_0202,20260403151827,202,1,masa1125,111,1z,estimated_tsumogiri,1775197955,3062.713,,0,,"[121,103,46,23,75,6,120,71,87,51,88,56,84]","[58,63,93,54,48,70,24,55,53,81,95,65,80]","[89,16,97,86,127,31,124,102,126,17,33,18,27]","[7,12,15,9,29,52,60,91,8,57,30,5,26]",26m 3469p 144r58s 44z,7m 45556789p 3366s,r555789m 4578s 555z,223344788m r567p 5s,1,1,3,12,0
20260403151827_0202_027,20260403151827_0202,20260403151827,202,2,はまはまみこみこ,49,4p,estimated_tsumogiri,1775197958,3372.42,,3,1789.299,"[121,103,46,23,75,6,120,71,87,51,88,56,84]","[58,63,93,54,48,70,24,55,53,81,95,65,80]","[89,16,97,86,127,31,124,102,126,17,33,18,27]","[7,12,15,9,29,52,60,91,8,57,30,5,26]",26m 3469p 144r58s 44z,7m 45556789p 3366s,r555789m 4578s 555z,223344788m r567p 5s,1,1,4,10,0
20260403151827_0202_028,20260403151827_0202,20260403151827,202,3,1963414,105,9s,estimated_tsumogiri,1775197961,1483.65,,0,,"[121,103,46,23,75,6,120,71,87,51,88,56,84]","[58,63,93,54,48,70,24,55,53,81,95,65,80]","[89,16,97,86,127,31,124,102,126,17,33,18,27]","[7,12,15,9,29,52,60,91,8,57,30,5,26]",26m 3469p 144r58s 44z,7m 45556789p 3366s,r555789m 4578s 555z,223344788m r567p 5s,1,1,2,13,0
20260403151827_0202_029,20260403151827_0202,20260403151827,202,0,パシフィック,99,7s,confirmed_tsumogiri,1775197962,707.98,,0,,"[121,103,46,23,75,6,120,71,87,51,88,56,84]","[58,63,93,54,48,70,24,55,53,81,95,65,80]","[89,16,97,86,127,31,124,102,126,17,33,18,27]","[7,12,15,9,29,52,60,91,8,57,30,5,26]",26m 3469p 144r58s 44z,7m 45556789p 3366s,r555789m 4578s 555z,223344788m r567p 5s,4,5,4,9,0
20260403151827_0202_030,20260403151827_0202,20260403151827,202,1,masa1125,74,1s,estimated_tsumogiri,1775197966,3395.858,,0,,"[121,103,46,23,75,6,120,71,87,51,88,56,84]","[58,63,93,54,48,70,24,55,53,81,95,65,80]","[89,16,97,86,127,31,124,102,126,17,33,18,27]","[7,12,15,9,29,52,60,91,8,57,30,5,26]",26m 3469p 144r58s 44z,7m 45556789p 3366s,r555789m 4578s 555z,223344788m r567p 5s,1,1,3,12,0
20260403151827_0202_031,20260403151827_0202,20260403151827,202,2,はまはまみこみこ,97,7s,confirmed_tedashi,1775197978,12012.377,,0,,"[121,103,46,23,75,6,120,71,87,51,88,56,84]","[58,63,93,54,48,70,24,55,53,81,95,65,80]","[89,16,86,127,31,124,102,126,17,33,18,27,129]","[7,12,15,9,29,52,60,91,8,57,30,5,26]",26m 3469p 144r58s 44z,7m 45556789p 3366s,r555789m 458s 5556z,223344788m r567p 5s,1,1,4,9,0
20260403151827_0202_032,20260403151827_0202,20260403151827,202,3,1963414,110,1z,estimated_tsumogiri,1775197979,1809.003,,0,,"[121,103,46,23,75,6,120,71,87,51,88,56,84]","[58,63,93,54,48,70,24,55,53,81,95,65,80]","[89,16,86,127,31,124,102,126,17,33,18,27,129]","[7,12,15,9,29,52,60,91,8,57,30,5,26]",26m 3469p 144r58s 44z,7m 45556789p 3366s,r555789m 458s 5556z,223344788m r567p 5s,1,1,2,13,0
20260403151827_0202_033,20260403151827_0202,20260403151827,202,0,パシフィック,34,9m,confirmed_tsumogiri,1775197980,692.222,,0,,"[121,103,46,23,75,6,120,71,87,51,88,56,84]","[58,63,93,54,48,70,24,55,53,81,95,65,80]","[89,16,86,127,31,124,102,126,17,33,18,27,129]","[7,12,15,9,29,52,60,91,8,57,30,5,26]",26m 3469p 144r58s 44z,7m 45556789p 3366s,r555789m 458s 5556z,223344788m r567p 5s,4,5,4,9,0
20260403151827_0202_034,20260403151827_0202,20260403151827,202,1,masa1125,108,1z,estimated_tsumogiri,1775197982,2160.045,,0,,"[121,103,46,23,75,6,120,71,87,51,88,56,84]","[58,63,93,54,48,70,24,55,53,81,95,65,80]","[89,16,86,127,31,124,102,126,17,33,18,27,129]","[7,12,15,9,29,52,60,91,8,57,30,5,26]",26m 3469p 144r58s 44z,7m 45556789p 3366s,r555789m 458s 5556z,223344788m r567p 5s,1,1,3,12,0
20260403151827_0202_035,20260403151827_0202,20260403151827,202,2,はまはまみこみこ,3,1m,estimated_tsumogiri,1775197985,3135.532,,3,1863.785,"[121,103,46,23,75,6,120,71,87,51,88,56,84]","[58,63,93,54,48,70,24,55,53,81,95,65,80]","[89,16,86,127,31,124,102,126,17,33,18,27,129]","[7,12,15,9,29,52,60,91,8,57,30,5,26]",26m 3469p 144r58s 44z,7m 45556789p 3366s,r555789m 458s 5556z,223344788m r567p 5s,1,1,4,9,0
20260403151827_0202_036,20260403151827_0202,20260403151827,202,3,1963414,10,3m,estimated_tsumogiri,1775197989,2113.249,,0,,"[121,103,46,23,75,6,120,71,87,51,88,56,84]","[58,63,93,54,48,70,24,55,53,81,95,65,80]","[89,16,86,127,31,124,102,126,17,33,18,27,129]","[7,12,15,9,29,52,60,91,8,57,30,5,26]",26m 3469p 144r58s 44z,7m 45556789p 3366s,r555789m 458s 5556z,223344788m r567p 5s,1,1,2,13,0
20260403151827_0202_037,20260403151827_0202,20260403151827,202,0,パシフィック,32,9m,confirmed_tsumogiri,1775197990,713.171,,0,,"[121,103,46,23,75,6,120,71,87,51,88,56,84]","[58,63,93,54,48,70,24,55,53,81,95,65,80]","[89,16,86,127,31,124,102,126,17,33,18,27,129]","[7,12,15,9,29,52,60,91,8,57,30,5,26]",26m 3469p 144r58s 44z,7m 45556789p 3366s,r555789m 458s 5556z,223344788m r567p 5s,4,5,4,9,0
20260403151827_0202_038,20260403151827_0202,20260403151827,202,1,masa1125,24,7m,confirmed_tedashi,1775197995,4492.426,,3,2185.307,"[121,103,46,23,75,6,120,71,87,51,88,56,84]","[58,63,93,54,48,70,55,53,81,95,65,80,62]","[89,16,86,127,31,124,102,126,17,33,18,27,129]","[7,12,15,9,29,52,60,91,8,57,30,5,26]",26m 3469p 144r58s 44z,455567789p 3366s,r555789m 458s 5556z,223344788m r567p 5s,1,1,2,12,0
20260403151827_0202_039,20260403151827_0202,20260403151827,202,2,はまはまみこみこ,102,8s,confirmed_tedashi,1775197999,2672.501,,0,,"[121,103,46,23,75,6,120,71,87,51,88,56,84]","[58,63,93,54,48,70,55,53,81,95,65,80,62]","[89,16,86,127,31,124,126,17,33,18,27,129,85]","[7,12,15,9,29,52,60,91,8,57,30,5,26]",26m 3469p 144r58s 44z,455567789p 3366s,r555789m 445s 5556z,223344788m r567p 5s,1,1,3,9,0
20260403151827_0202_040,20260403151827_0202,20260403151827,202,3,1963414,68,9p,estimated_tsumogiri,1775198001,2023.399,,0,,"[121,103,46,23,75,6,120,71,87,51,88,56,84]","[58,63,93,54,48,70,55,53,81,95,65,80,62]","[89,16,86,127,31,124,126,17,33,18,27,129,85]","[7,12,15,9,29,52,60,91,8,57,30,5,26]",26m 3469p 144r58s 44z,455567789p 3366s,r555789m 445s 5556z,223344788m r567p 5s,1,1,2,13,0
20260403151827_0202_041,20260403151827_0202,20260403151827,202,0,パシフィック,69,9p,confirmed_tsumogiri,1775198002,706.897,,3,3759.639,"[121,103,46,23,75,6,120,71,87,51,88,56,84]","[58,63,93,54,48,70,55,53,81,95,65,80,62]","[89,16,86,127,31,124,126,17,33,18,27,129,85]","[7,12,15,9,29,52,60,91,8,57,30,5,26]",26m 3469p 144r58s 44z,455567789p 3366s,r555789m 445s 5556z,223344788m r567p 5s,4,5,4,9,0
20260403151827_0202_042,20260403151827_0202,20260403151827,202,1,masa1125,1,1m,estimated_tsumogiri,1775198007,1442.354,,0,,"[121,103,46,23,75,6,120,71,87,51,88,56,84]","[58,63,93,54,48,70,55,53,81,95,65,80,62]","[89,16,86,127,31,124,126,17,33,18,27,129,85]","[7,12,15,9,29,52,60,91,8,57,30,5,26]",26m 3469p 144r58s 44z,455567789p 3366s,r555789m 445s 5556z,223344788m r567p 5s,1,1,2,12,0
20260403151827_0202_043,20260403151827_0202,20260403151827,202,2,はまはまみこみこ,39,1p,estimated_tsumogiri,1775198010,2429.611,,0,,"[121,103,46,23,75,6,120,71,87,51,88,56,84]","[58,63,93,54,48,70,55,53,81,95,65,80,62]","[89,16,86,127,31,124,126,17,33,18,27,129,85]","[7,12,15,9,29,52,60,91,8,57,30,5,26]",26m 3469p 144r58s 44z,455567789p 3366s,r555789m 445s 5556z,223344788m r567p 5s,1,1,3,9,0
20260403151827_0202_044,20260403151827_0202,20260403151827,202,3,1963414,135,7z,estimated_tsumogiri,1775198012,1971.815,,0,,"[121,103,46,23,75,6,120,71,87,51,88,56,84]","[58,63,93,54,48,70,55,53,81,95,65,80,62]","[89,16,86,127,31,124,126,17,33,18,27,129,85]","[7,12,15,9,29,52,60,91,8,57,30,5,26]",26m 3469p 144r58s 44z,455567789p 3366s,r555789m 445s 5556z,223344788m r567p 5s,1,1,2,13,0
20260403151827_0202_045,20260403151827_0202,20260403151827,202,0,パシフィック,116,3z,confirmed_tsumogiri,1775198012,694.329,,0,,"[121,103,46,23,75,6,120,71,87,51,88,56,84]","[58,63,93,54,48,70,55,53,81,95,65,80,62]","[89,16,86,127,31,124,126,17,33,18,27,129,85]","[7,12,15,9,29,52,60,91,8,57,30,5,26]",26m 3469p 144r58s 44z,455567789p 3366s,r555789m 445s 5556z,223344788m r567p 5s,4,5,4,9,0
20260403151827_0202_046,20260403151827_0202,20260403151827,202,1,masa1125,54,5p,confirmed_tedashi,1775198022,3091.489,6269.146,0,,"[121,103,46,23,75,6,120,71,87,51,88,56,84]","[58,63,93,48,70,55,53,81,95,65,80,62,44]","[89,16,86,127,31,124,126,17,33,18,27,129,85]","[7,12,15,9,29,52,60,91,8,57,30,5,26]",26m 3469p 144r58s 44z,345567789p 3366s,r555789m 445s 5556z,223344788m r567p 5s,0,0,2,12,0
20260403151827_0202_047,20260403151827_0202,20260403151827,202,2,はまはまみこみこ,2,1m,estimated_tsumogiri,1775198024,2648.607,,3,1936.714,"[121,103,46,23,75,6,120,71,87,51,88,56,84]","[58,63,93,48,70,55,53,81,95,65,80,62,44]","[89,16,86,127,31,124,126,17,33,18,27,129,85]","[7,12,15,9,29,52,60,91,8,57,30,5,26]",26m 3469p 144r58s 44z,345567789p 3366s,r555789m 445s 5556z,223344788m r567p 5s,1,1,3,9,0
20260403151827_0202_048,20260403151827_0202,20260403151827,202,3,1963414,26,7m,confirmed_tedashi,1775198028,1835.867,,0,,"[121,103,46,23,75,6,120,71,87,51,88,56,84]","[58,63,93,48,70,55,53,81,95,65,80,62,44]","[89,16,86,127,31,124,126,17,33,18,27,129,85]","[7,12,15,9,29,52,60,91,8,57,30,5,47]",26m 3469p 144r58s 44z,345567789p 3366s,r555789m 445s 5556z,22334488m 3r567p 5s,1,1,2,13,0
20260403151827_0202_049,20260403151827_0202,20260403151827,202,0,パシフィック,101,8s,confirmed_tsumogiri,1775198029,691.969,,0,,"[121,103,46,23,75,6,120,71,87,51,88,56,84]","[58,63,93,48,70,55,53,81,95,65,80,62,44]","[89,16,86,127,31,124,126,17,33,18,27,129,85]","[7,12,15,9,29,52,60,91,8,57,30,5,47]",26m 3469p 144r58s 44z,345567789p 3366s,r555789m 445s 5556z,22334488m 3r567p 5s,4,5,4,9,0
20260403151827_0202_050,20260403151827_0202,20260403151827,202,1,masa1125,35,9m,estimated_tsumogiri,1775198030,1176.085,,3,2439.504,"[121,103,46,23,75,6,120,71,87,51,88,56,84]","[58,63,93,48,70,55,53,81,95,65,80,62,44]","[89,16,86,127,31,124,126,17,33,18,27,129,85]","[7,12,15,9,29,52,60,91,8,57,30,5,47]",26m 3469p 144r58s 44z,345567789p 3366s,r555789m 445s 5556z,22334488m 3r567p 5s,0,0,2,12,0
20260403151827_0202_051,20260403151827_0202,20260403151827,202,2,はまはまみこみこ,45,3p,estimated_tsumogiri,1775198043,10266.495,,0,,"[121,103,46,23,75,6,120,71,87,51,88,56,84]","[58,63,93,48,70,55,53,81,95,65,80,62,44]","[89,16,86,127,31,124,126,17,33,18,27,129,85]","[7,12,15,9,29,52,60,91,8,57,30,5,47]",26m 3469p 144r58s 44z,345567789p 3366s,r555789m 445s 5556z,22334488m 3r567p 5s,1,1,3,9,0
20260403151827_0202_052,20260403151827_0202,20260403151827,202,3,1963414,113,2z,estimated_tsumogiri,1775198047,4410.407,,0,,"[121,103,46,23,75,6,120,71,87,51,88,56,84]","[58,63,93,48,70,55,53,81,95,65,80,62,44]","[89,16,86,127,31,124,126,17,33,18,27,129,85]","[7,12,15,9,29,52,60,91,8,57,30,5,47]",26m 3469p 144r58s 44z,345567789p 3366s,r555789m 445s 5556z,22334488m 3r567p 5s,1,1,2,13,0
20260403151827_0202_053,20260403151827_0202,20260403151827,202,0,パシフィック,96,7s,confirmed_tsumogiri,1775198048,706.793,,0,,"[121,103,46,23,75,6,120,71,87,51,88,56,84]","[58,63,93,48,70,55,53,81,95,65,80,62,44]","[89,16,86,127,31,124,126,17,33,18,27,129,85]","[7,12,15,9,29,52,60,91,8,57,30,5,47]",26m 3469p 144r58s 44z,345567789p 3366s,r555789m 445s 5556z,22334488m 3r567p 5s,4,5,4,9,0
20260403151827_0202_054,20260403151827_0202,20260403151827,202,1,masa1125,107,9s,estimated_tsumogiri,1775198049,1075.624,,0,,"[121,103,46,23,75,6,120,71,87,51,88,56,84]","[58,63,93,48,70,55,53,81,95,65,80,62,44]","[89,16,86,127,31,124,126,17,33,18,27,129,85]","[7,12,15,9,29,52,60,91,8,57,30,5,47]",26m 3469p 144r58s 44z,345567789p 3366s,r555789m 445s 5556z,22334488m 3r567p 5s,0,0,2,12,0
20260403151827_0202_055,20260403151827_0202,20260403151827,202,2,はまはまみこみこ,106,9s,estimated_tsumogiri,1775198052,2914.876,,0,,"[121,103,46,23,75,6,120,71,87,51,88,56,84]","[58,63,93,48,70,55,53,81,95,65,80,62,44]","[89,16,86,127,31,124,126,17,33,18,27,129,85]","[7,12,15,9,29,52,60,91,8,57,30,5,47]",26m 3469p 144r58s 44z,345567789p 3366s,r555789m 445s 5556z,22334488m 3r567p 5s,1,1,3,9,0
20260403151827_0202_056,20260403151827_0202,20260403151827,202,3,1963414,47,3p,confirmed_tedashi,1775198055,2892.481,,0,,"[121,103,46,23,75,6,120,71,87,51,88,56,84]","[58,63,93,48,70,55,53,81,95,65,80,62,44]","[89,16,86,127,31,124,126,17,33,18,27,129,85]","[7,12,15,9,29,52,60,91,8,57,30,5,92]",26m 3469p 144r58s 44z,345567789p 3366s,r555789m 445s 5556z,22334488m r567p 56s,0,0,2,13,0
20260403151827_0202_057,20260403151827_0202,20260403151827,202,0,パシフィック,117,3z,confirmed_tsumogiri,1775198055,691.21,,0,,"[121,103,46,23,75,6,120,71,87,51,88,56,84]","[58,63,93,48,70,55,53,81,95,65,80,62,44]","[89,16,86,127,31,124,126,17,33,18,27,129,85]","[7,12,15,9,29,52,60,91,8,57,30,5,92]",26m 3469p 144r58s 44z,345567789p 3366s,r555789m 445s 5556z,22334488m r567p 56s,4,5,4,9,0
20260403151827_0202_058,20260403151827_0202,20260403151827,202,1,masa1125,132,7z,estimated_tsumogiri,1775198057,1188.145,,0,,"[121,103,46,23,75,6,120,71,87,51,88,56,84]","[58,63,93,48,70,55,53,81,95,65,80,62,44]","[89,16,86,127,31,124,126,17,33,18,27,129,85]","[7,12,15,9,29,52,60,91,8,57,30,5,92]",26m 3469p 144r58s 44z,345567789p 3366s,r555789m 445s 5556z,22334488m r567p 56s,0,0,2,12,0
20260403151827_0202_059,20260403151827_0202,20260403151827,202,2,はまはまみこみこ,86,4s,confirmed_tedashi,1775198065,3554.503,,0,,"[121,103,46,23,75,6,120,71,87,51,88,56,84]","[58,63,93,48,70,55,53,81,95,65,80,62,44]","[89,127,31,124,126,33,27,129,85,83]","[7,12,15,9,29,52,60,91,8,57,30,5,92]",26m 3469p 144r58s 44z,345567789p 3366s,789m 345s 5556z,22334488m r567p 56s,0,0,,,0
20260403151827_0203_000,20260403151827_0203,20260403151827,203,3,1963414,72,1s,confirmed_tedashi,1775198084,6049.6,,0,,"[78,112,29,79,45,128,37,13,2,73,103,24,80]","[26,115,7,53,129,65,64,20,93,34,135,108,55]","[120,126,27,113,69,52,125,3,134,61,96,122,63]","[33,99,40,68,35,97,5,62,25,23,127,124,59]",1478m 13p 12238s 26z,2679m 5588p 6s 1267z,17m r5779p 7s 244557z,26799m 2679p 77s 55z,3,3,3,9,0
20260403151827_0203_001,20260403151827_0203,20260403151827,203,0,パシフィック,77,2s,confirmed_tedashi,1775198089,5586.939,,0,,"[78,112,29,79,45,128,37,13,2,73,103,24,80]","[26,115,7,53,129,65,64,20,93,34,135,108,55]","[120,126,27,113,69,52,125,3,134,61,96,122,63]","[33,99,40,68,35,97,5,62,25,23,127,124,59]",1478m 13p 12238s 26z,2679m 5588p 6s 1267z,17m r5779p 7s 244557z,26799m 2679p 77s 55z,4,4,5,8,0
20260403151827_0203_002,20260403151827_0203,20260403151827,203,1,masa1125,129,6z,confirmed_tedashi,1775198093,4027.346,,0,,"[78,112,29,79,45,128,37,13,2,73,103,24,80]","[26,115,7,53,65,64,20,93,34,135,108,55,58]","[120,126,27,113,69,52,125,3,134,61,96,122,63]","[33,99,40,68,35,97,5,62,25,23,127,124,59]",1478m 13p 12238s 26z,2679m 55688p 6s 127z,17m r5779p 7s 244557z,26799m 2679p 77s 55z,4,5,4,9,0
20260403151827_0203_003,20260403151827_0203,20260403151827,203,2,はまはまみこみこ,3,1m,confirmed_tedashi,1775198097,3674.455,,0,,"[78,112,29,79,45,128,37,13,2,73,103,24,80]","[26,115,7,53,65,64,20,93,34,135,108,55,58]","[120,126,27,113,69,52,125,134,61,96,122,63,74]","[33,99,40,68,35,97,5,62,25,23,127,124,59]",1478m 13p 12238s 26z,2679m 55688p 6s 127z,7m r5779p 17s 244557z,26799m 2679p 77s 55z,3,4,3,6,0
20260403151827_0203_004,20260403151827_0203,20260403151827,203,3,1963414,5,2m,confirmed_tedashi,1775198101,4413.728,,0,,"[78,112,29,79,45,128,37,13,2,73,103,24,80]","[26,115,7,53,65,64,20,93,34,135,108,55,58]","[120,126,27,113,69,52,125,134,61,96,122,63,74]","[33,99,40,68,35,97,62,25,23,127,124,59,21]",1478m 13p 12238s 26z,2679m 55688p 6s 127z,7m r5779p 17s 244557z,66799m 2679p 77s 55z,2,3,2,9,0
20260403151827_0203_005,20260403151827_0203,20260403151827,203,0,パシフィック,84,4s,confirmed_tsumogiri,1775198102,707.14,,0,,"[78,112,29,79,45,128,37,13,2,73,103,24,80]","[26,115,7,53,65,64,20,93,34,135,108,55,58]","[120,126,27,113,69,52,125,134,61,96,122,63,74]","[33,99,40,68,35,97,62,25,23,127,124,59,21]",1478m 13p 12238s 26z,2679m 55688p 6s 127z,7m r5779p 17s 244557z,66799m 2679p 77s 55z,4,4,5,8,0
20260403151827_0203_006,20260403151827_0203,20260403151827,203,1,masa1125,115,2z,confirmed_tedashi,1775198105,3419.377,,0,,"[78,112,29,79,45,128,37,13,2,73,103,24,80]","[26,7,53,65,64,20,93,34,135,108,55,58,70]","[120,126,27,113,69,52,125,134,61,96,122,63,74]","[33,99,40,68,35,97,62,25,23,127,124,59,21]",1478m 13p 12238s 26z,2679m 556889p 6s 17z,7m r5779p 17s 244557z,66799m 2679p 77s 55z,4,4,4,9,0
20260403151827_0203_007,20260403151827_0203,20260403151827,203,2,はまはまみこみこ,74,1s,confirmed_tedashi,1775198107,2078.832,,0,,"[78,112,29,79,45,128,37,13,2,73,103,24,80]","[26,7,53,65,64,20,93,34,135,108,55,58,70]","[120,126,27,113,69,52,125,134,61,96,122,63,16]","[33,99,40,68,35,97,62,25,23,127,124,59,21]",1478m 13p 12238s 26z,2679m 556889p 6s 17z,r57m r5779p 7s 244557z,66799m 2679p 77s 55z,3,3,3,7,0
20260403151827_0203_008,20260403151827_0203,20260403151827,203,3,1963414,40,2p,confirmed_tedashi,1775198110,2201.192,,3,205.223,"[78,112,29,79,45,128,37,13,2,73,103,24,80]","[26,7,53,65,64,20,93,34,135,108,55,58,70]","[120,126,27,113,69,52,125,134,61,96,122,63,16]","[33,99,68,35,97,62,25,23,127,124,59,21,133]",1478m 13p 12238s 26z,2679m 556889p 6s 17z,r57m r5779p 7s 244557z,66799m 679p 77s 557z,2,3,2,8,0
20260403151827_0203_009,20260403151827_0203,20260403151827,203,0,パシフィック,1,1m,confirmed_tsumogiri,1775198110,486.238,,0,,"[78,112,29,79,45,128,37,13,2,73,103,24,80]","[26,7,53,65,64,20,93,34,135,108,55,58,70]","[120,126,27,113,69,52,125,134,61,96,122,63,16]","[33,99,68,35,97,62,25,23,127,124,59,21,133]",1478m 13p 12238s 26z,2679m 556889p 6s 17z,r57m r5779p 7s 244557z,66799m 679p 77s 557z,4,4,5,8,0
20260403151827_0203_010,20260403151827_0203,20260403151827,203,1,masa1125,121,4z,estimated_tsumogiri,1775198114,3394.375,,2,2309.665,"[78,112,29,79,45,128,37,13,2,73,103,24,80]","[26,7,53,65,64,20,93,34,135,108,55,58,70]","[120,126,27,113,69,52,125,134,61,96,122,63,16]","[33,99,68,35,97,62,25,23,127,124,59,21,133]",1478m 13p 12238s 26z,2679m 556889p 6s 17z,r57m r5779p 7s 244557z,66799m 679p 77s 557z,4,4,4,9,0
20260403151827_0203_011,20260403151827_0203,20260403151827,203,2,はまはまみこみこ,113,2z,confirmed_tedashi,1775198119,2549.115,,0,,"[78,112,29,79,45,128,37,13,2,73,103,24,80]","[26,7,53,65,64,20,93,34,135,108,55,58,70]","[126,27,69,52,125,134,61,96,63,16]","[33,99,68,35,97,62,25,23,127,124,59,21,133]",1478m 13p 12238s 26z,2679m 556889p 6s 17z,r57m r5779p 7s 557z,66799m 679p 77s 557z,2,2,,,0
20260403151827_0203_012,20260403151827_0203,20260403151827,203,3,1963414,97,7s,confirmed_tedashi,1775198123,4347.248,,0,,"[78,112,29,79,45,128,37,13,2,73,103,24,80]","[26,7,53,65,64,20,93,34,135,108,55,58,70]","[126,27,69,52,125,134,61,96,63,16]","[33,99,68,35,62,25,23,127,124,59,21,133,100]",1478m 13p 12238s 26z,2679m 556889p 6s 17z,r57m r5779p 7s 557z,66799m 679p 78s 557z,3,3,3,8,1
20260403151827_0203_013,20260403151827_0203,20260403151827,203,0,パシフィック,28,8m,confirmed_tsumogiri,1775198124,697.155,,3,4127.873,"[78,112,29,79,45,128,37,13,2,73,103,24,80]","[26,7,53,65,64,20,93,34,135,108,55,58,70]","[126,27,69,52,125,134,61,96,63,16]","[33,99,68,35,62,25,23,127,124,59,21,133,100]",1478m 13p 12238s 26z,2679m 556889p 6s 17z,r57m r5779p 7s 557z,66799m 679p 78s 557z,4,4,5,8,1
20260403151827_0203_014,20260403151827_0203,20260403151827,203,1,masa1125,107,9s,estimated_tsumogiri,1775198131,2822.025,,0,,"[78,112,29,79,45,128,37,13,2,73,103,24,80]","[26,7,53,65,64,20,93,34,135,108,55,58,70]","[126,27,69,52,125,134,61,96,63,16]","[33,99,68,35,62,25,23,127,124,59,21,133,100]",1478m 13p 12238s 26z,2679m 556889p 6s 17z,r57m r5779p 7s 557z,66799m 679p 78s 557z,4,4,4,9,0
20260403151827_0203_015,20260403151827_0203,20260403151827,203,2,はまはまみこみこ,96,7s,confirmed_tedashi,1775198134,3510.23,,0,,"[78,112,29,79,45,128,37,13,2,73,103,24,80]","[26,7,53,65,64,20,93,34,135,108,55,58,70]","[126,27,69,52,125,134,61,63,16,104]","[33,99,68,35,62,25,23,127,124,59,21,133,100]",1478m 13p 12238s 26z,2679m 556889p 6s 17z,r57m r5779p 9s 557z,66799m 679p 78s 557z,2,2,,,0
20260403151827_0203_016,20260403151827_0203,20260403151827,203,3,1963414,133,7z,confirmed_tedashi,1775198137,3020.936,,0,,"[78,112,29,79,45,128,37,13,2,73,103,24,80]","[26,7,53,65,64,20,93,34,135,108,55,58,70]","[126,27,69,52,125,134,61,63,16,104]","[33,99,68,35,62,25,23,127,124,59,21,100,118]",1478m 13p 12238s 26z,2679m 556889p 6s 17z,r57m r5779p 9s 557z,66799m 679p 78s 355z,3,3,3,8,0
20260403151827_0203_017,20260403151827_0203,20260403151827,203,0,パシフィック,6,2m,confirmed_tsumogiri,1775198138,711.078,,0,,"[78,112,29,79,45,128,37,13,2,73,103,24,80]","[26,7,53,65,64,20,93,34,135,108,55,58,70]","[126,27,69,52,125,134,61,63,16,104]","[33,99,68,35,62,25,23,127,124,59,21,100,118]",1478m 13p 12238s 26z,2679m 556889p 6s 17z,r57m r5779p 9s 557z,66799m 679p 78s 355z,4,4,5,8,0
20260403151827_0203_018,20260403151827_0203,20260403151827,203,1,masa1125,135,7z,confirmed_tedashi,1775198141,3197.541,,0,,"[78,112,29,79,45,128,37,13,2,73,103,24,80]","[26,7,53,65,64,20,93,34,108,55,58,70,12]","[126,27,69,52,125,134,61,63,16,104]","[33,99,68,35,62,25,23,127,124,59,21,100,118]",1478m 13p 12238s 26z,24679m 556889p 6s 1z,r57m r5779p 9s 557z,66799m 679p 78s 355z,3,3,4,10,0
20260403151827_0203_019,20260403151827_0203,20260403151827,203,2,はまはまみこみこ,104,9s,confirmed_tedashi,1775198144,3037.687,,3,1663.878,"[78,112,29,79,45,128,37,13,2,73,103,24,80]","[26,7,53,65,64,20,93,34,108,55,58,70,12]","[126,27,69,52,125,134,61,63,16,18]","[33,99,68,35,62,25,23,127,124,59,21,100,118]",1478m 13p 12238s 26z,24679m 556889p 6s 1z,r557m r5779p 557z,66799m 679p 78s 355z,2,2,,,0
20260403151827_0203_020,20260403151827_0203,20260403151827,203,3,1963414,118,3z,confirmed_tedashi,1775198149,3237.8,,0,,"[78,112,29,79,45,128,37,13,2,73,103,24,80]","[26,7,53,65,64,20,93,34,108,55,58,70,12]","[126,27,69,52,125,134,61,63,16,18]","[33,99,68,35,62,25,23,127,124,59,21,100,46]",1478m 13p 12238s 26z,24679m 556889p 6s 1z,r557m r5779p 557z,66799m 3679p 78s 55z,3,3,3,9,0
20260403151827_0203_021,20260403151827_0203,20260403151827,203,0,パシフィック,110,1z,confirmed_tsumogiri,1775198150,680.559,,0,,"[78,112,29,79,45,128,37,13,2,73,103,24,80]","[26,7,53,65,64,20,93,34,108,55,58,70,12]","[126,27,69,52,125,134,61,63,16,18]","[33,99,68,35,62,25,23,127,124,59,21,100,46]",1478m 13p 12238s 26z,24679m 556889p 6s 1z,r557m r5779p 557z,66799m 3679p 78s 55z,4,4,5,8,0
20260403151827_0203_022,20260403151827_0203,20260403151827,203,1,masa1125,108,1z,confirmed_tedashi,1775198153,2880.091,,0,,"[78,112,29,79,45,128,37,13,2,73,103,24,80]","[26,7,53,65,64,20,93,34,55,58,70,12,81]","[126,27,69,52,125,134,61,63,16,18]","[33,99,68,35,62,25,23,127,124,59,21,100,46]",1478m 13p 12238s 26z,24679m 556889p 36s,r557m r5779p 557z,66799m 3679p 78s 55z,3,3,4,11,0
20260403151827_0203_023,20260403151827_0203,20260403151827,203,2,はまはまみこみこ,27,7m,confirmed_tedashi,1775198155,2499.418,,0,,"[78,112,29,79,45,128,37,13,2,73,103,24,80]","[26,7,53,65,64,20,93,34,55,58,70,12,81]","[126,69,52,125,134,61,63,16,18,116]","[33,99,68,35,62,25,23,127,124,59,21,100,46]",1478m 13p 12238s 26z,24679m 556889p 36s,r55m r5779p 3557z,66799m 3679p 78s 55z,2,2,,,0
20260403151827_0203_024,20260403151827_0203,20260403151827,203,3,1963414,68,9p,confirmed_tedashi,1775198161,5502,,0,,"[78,112,29,79,45,128,37,13,2,73,103,24,80]","[26,7,53,65,64,20,93,34,55,58,70,12,81]","[126,69,52,125,134,61,63,16,18,116]","[33,99,35,62,25,23,127,124,59,21,100,46,43]",1478m 13p 12238s 26z,24679m 556889p 36s,r55m r5779p 3557z,66799m 2367p 78s 55z,3,3,3,10,0
20260403151827_0203_025,20260403151827_0203,20260403151827,203,0,パシフィック,38,1p,confirmed_tsumogiri,1775198161,685.421,,0,,"[78,112,29,79,45,128,37,13,2,73,103,24,80]","[26,7,53,65,64,20,93,34,55,58,70,12,81]","[126,69,52,125,134,61,63,16,18,116]","[33,99,35,62,25,23,127,124,59,21,100,46,43]",1478m 13p 12238s 26z,24679m 556889p 36s,r55m r5779p 3557z,66799m 2367p 78s 55z,4,4,5,8,0
20260403151827_0203_026,20260403151827_0203,20260403151827,203,1,masa1125,70,9p,confirmed_tedashi,1775198165,3426.29,,0,,"[78,112,29,79,45,128,37,13,2,73,103,24,80]","[26,7,53,65,64,20,93,34,55,58,12,81,48]","[126,69,52,125,134,61,63,16,18,116]","[33,99,35,62,25,23,127,124,59,21,100,46,43]",1478m 13p 12238s 26z,24679m 455688p 36s,r55m r5779p 3557z,66799m 2367p 78s 55z,3,3,4,12,0
20260403151827_0203_027,20260403151827_0203,20260403151827,203,2,はまはまみこみこ,116,3z,confirmed_tedashi,1775198169,4324.229,,0,,"[78,112,29,79,45,128,37,13,2,73,103,24,80]","[26,7,53,65,64,20,93,34,55,58,12,81,48]","[126,69,52,125,134,61,63,16,18,94]","[33,99,35,62,25,23,127,124,59,21,100,46,43]",1478m 13p 12238s 26z,24679m 455688p 36s,r55m r5779p 6s 557z,66799m 2367p 78s 55z,2,2,,,0
20260403151827_0203_028,20260403151827_0203,20260403151827,203,3,1963414,21,6m,confirmed_tedashi,1775198172,2584.317,,3,196.412,"[78,112,29,79,45,128,37,13,2,73,103,24,80]","[26,7,53,65,64,20,93,34,55,58,12,81,48]","[126,69,52,125,134,61,63,16,18,94]","[33,99,35,62,25,23,127,124,59,100,46,43,54]",1478m 13p 12238s 26z,24679m 455688p 36s,r55m r5779p 6s 557z,6799m 23567p 78s 55z,2,2,4,10,1
20260403151827_0203_029,20260403151827_0203,20260403151827,203,0,パシフィック,39,1p,confirmed_tsumogiri,1775198172,484.592,,0,,"[78,112,29,79,45,128,37,13,2,73,103,24,80]","[26,7,53,65,64,20,93,34,55,58,12,81,48]","[126,69,52,125,134,61,63,16,18,94]","[33,99,35,62,25,23,127,124,59,100,46,43,54]",1478m 13p 12238s 26z,24679m 455688p 36s,r55m r5779p 6s 557z,6799m 23567p 78s 55z,4,4,5,8,0
20260403151827_0203_030,20260403151827_0203,20260403151827,203,1,masa1125,34,9m,confirmed_tedashi,1775198176,3786.048,,3,1942.035,"[78,112,29,79,45,128,37,13,2,73,103,24,80]","[26,7,53,65,64,20,93,55,58,12,81,48,90]","[126,69,52,125,134,61,63,16,18,94]","[33,99,35,62,25,23,127,124,59,100,46,43,54]",1478m 13p 12238s 26z,2467m 455688p 356s,r55m r5779p 6s 557z,6799m 23567p 78s 55z,2,2,4,13,0
20260403151827_0203_031,20260403151827_0203,20260403151827,203,2,はまはまみこみこ,94,6s,confirmed_tedashi,1775198180,2391.112,,3,1979.991,"[78,112,29,79,45,128,37,13,2,73,103,24,80]","[26,7,53,65,64,20,93,55,58,12,81,48,90]","[126,69,52,125,134,61,63,16,18,66]","[33,99,35,62,25,23,127,124,59,100,46,43,54]",1478m 13p 12238s 26z,2467m 455688p 356s,r55m r57789p 557z,6799m 23567p 78s 55z,1,1,,,0
20260403151827_0203_032,20260403151827_0203,20260403151827,203,3,1963414,14,4m,estimated_tsumogiri,1775198185,2719.971,,0,,"[78,112,29,79,45,128,37,13,2,73,103,24,80]","[26,7,53,65,64,20,93,55,58,12,81,48,90]","[126,69,52,125,134,61,63,16,18,66]","[33,99,35,62,25,23,127,124,59,100,46,43,54]",1478m 13p 12238s 26z,2467m 455688p 356s,r55m r57789p 557z,6799m 23567p 78s 55z,2,2,4,10,0
20260403151827_0203_033,20260403151827_0203,20260403151827,203,0,パシフィック,10,3m,confirmed_tsumogiri,1775198186,684.725,,3,3360.819,"[78,112,29,79,45,128,37,13,2,73,103,24,80]","[26,7,53,65,64,20,93,55,58,12,81,48,90]","[126,69,52,125,134,61,63,16,18,66]","[33,99,35,62,25,23,127,124,59,100,46,43,54]",1478m 13p 12238s 26z,2467m 455688p 356s,r55m r57789p 557z,6799m 23567p 78s 55z,4,4,5,8,0
20260403151827_0203_034,20260403151827_0203,20260403151827,203,1,masa1125,81,3s,confirmed_tedashi,1775198192,3288.309,,0,,"[78,112,29,79,45,128,37,13,2,73,103,24,80]","[26,7,53,65,64,20,93,55,58,12,48,90,11]","[126,69,52,125,134,61,63,16,18,66]","[33,99,35,62,25,23,127,124,59,100,46,43,54]",1478m 13p 12238s 26z,23467m 455688p 56s,r55m r57789p 557z,6799m 23567p 78s 55z,1,1,4,13,0
20260403151827_0203_035,20260403151827_0203,20260403151827,203,2,はまはまみこみこ,134,7z,confirmed_tedashi,1775198197,4986.193,,0,,"[78,112,29,79,45,128,37,13,2,73,103,24,80]","[26,7,53,65,64,20,93,55,58,12,48,90,11]","[126,69,52,125,61,63,16,18,66,114]","[33,99,35,62,25,23,127,124,59,100,46,43,54]",1478m 13p 12238s 26z,23467m 455688p 56s,r55m r57789p 255z,6799m 23567p 78s 55z,1,1,,,0
20260403151827_0203_036,20260403151827_0203,20260403151827,203,3,1963414,41,2p,estimated_tsumogiri,1775198201,3260.273,,3,227.044,"[78,112,29,79,45,128,37,13,2,73,103,24,80]","[26,7,53,65,64,20,93,55,58,12,48,90,11]","[126,69,52,125,61,63,16,18,66,114]","[33,99,35,62,25,23,127,124,59,100,46,43,54]",1478m 13p 12238s 26z,23467m 455688p 56s,r55m r57789p 255z,6799m 23567p 78s 55z,2,2,4,10,1
20260403151827_0203_037,20260403151827_0203,20260403151827,203,0,パシフィック,0,1m,confirmed_tsumogiri,1775198201,488.154,,3,4044.336,"[78,112,29,79,45,128,37,13,2,73,103,24,80]","[26,7,53,65,64,20,93,55,58,12,48,90,11]","[126,69,52,125,61,63,16,18,66,114]","[33,99,35,62,25,23,127,124,59,100,46,43,54]",1478m 13p 12238s 26z,23467m 455688p 56s,r55m r57789p 255z,6799m 23567p 78s 55z,4,4,5,8,0
20260403151827_0203_038,20260403151827_0203,20260403151827,203,1,masa1125,55,5p,confirmed_tedashi,1775198213,2129.322,5634.069,0,,"[78,112,29,79,45,128,37,13,2,73,103,24,80]","[26,7,53,65,64,20,93,58,12,48,90,11,19]","[126,69,52,125,61,63,16,18,66,114]","[33,99,35,62,25,23,127,124,59,100,46,43,54]",1478m 13p 12238s 26z,234567m 45688p 56s,r55m r57789p 255z,6799m 23567p 78s 55z,0,0,5,13,0
20260403151827_0203_039,20260403151827_0203,20260403151827,203,2,はまはまみこみこ,114,2z,confirmed_tedashi,1775198216,2770.869,,0,,"[78,112,29,79,45,128,37,13,2,73,103,24,80]","[26,7,53,65,64,20,93,58,12,48,90,11,19]","[126,69,52,125,61,63,16,18,66,98]","[33,99,35,62,25,23,127,124,59,100,46,43,54]",1478m 13p 12238s 26z,234567m 45688p 56s,r55m r57789p 7s 55z,6799m 23567p 78s 55z,1,1,,,0
20260403151827_0203_040,20260403151827_0203,20260403151827,203,3,1963414,35,9m,confirmed_tedashi,1775198219,3246.094,,3,212.571,"[78,112,29,79,45,128,37,13,2,73,103,24,80]","[26,7,53,65,64,20,93,58,12,48,90,11,19]","[126,69,52,125,61,63,16,18,66,98]","[33,99,62,25,23,127,124,59,100,46,43,54,15]",1478m 13p 12238s 26z,234567m 45688p 56s,r55m r57789p 7s 55z,4679m 23567p 78s 55z,2,2,5,10,0
20260403151827_0203_041,20260403151827_0203,20260403151827,203,0,パシフィック,51,4p,confirmed_tsumogiri,1775198220,485.268,,0,,"[78,112,29,79,45,128,37,13,2,73,103,24,80]","[26,7,53,65,64,20,93,58,12,48,90,11,19]","[126,69,52,125,61,63,16,18,66,98]","[33,99,62,25,23,127,124,59,100,46,43,54,15]",1478m 13p 12238s 26z,234567m 45688p 56s,r55m r57789p 7s 55z,4679m 23567p 78s 55z,4,4,5,8,0
20260403151827_0300_000,20260403151827_0300,20260403151827,300,0,パシフィック,45,3p,confirmed_tsumogiri,1775198258,19105.422,,3,5160.147,"[28,69,60,14,87,114,49,113,38,80,68,5,135]","[47,95,88,22,56,27,44,32,108,120,110,52,0]","[62,91,2,119,76,111,53,82,128,48,72,54,81]","[39,12,75,100,7,19,93,112,94,132,89,34,83]",248m 14799p 34s 227z,1679m 33r56p r56s 114z,1m 4557p 12335s 136z,2459m 1p 135668s 27z,4,4,4,8,0
20260403151827_0300_001,20260403151827_0300,20260403151827,300,1,masa1125,0,1m,confirmed_tedashi,1775198266,2908.486,,0,,"[28,69,60,14,87,114,49,113,38,80,68,5,135]","[47,95,88,22,56,27,44,32,108,120,110,52,122]","[62,91,2,119,76,111,53,82,128,48,72,54,81]","[39,12,75,100,7,19,93,112,94,132,89,34,83]",248m 14799p 34s 227z,679m 33r56p r56s 1144z,1m 4557p 12335s 136z,2459m 1p 135668s 27z,3,3,3,9,0
20260403151827_0300_002,20260403151827_0300,20260403151827,300,2,はまはまみこみこ,2,1m,confirmed_tedashi,1775198268,2194.352,,0,,"[28,69,60,14,87,114,49,113,38,80,68,5,135]","[47,95,88,22,56,27,44,32,108,120,110,52,122]","[62,91,119,76,111,53,82,128,48,72,54,81,63]","[39,12,75,100,7,19,93,112,94,132,89,34,83]",248m 14799p 34s 227z,679m 33r56p r56s 1144z,45577p 12335s 136z,2459m 1p 135668s 27z,3,3,3,9,0
20260403151827_0300_003,20260403151827_0300,20260403151827,300,3,1963414,112,2z,confirmed_tedashi,1775198270,2281.563,,3,203.75,"[28,69,60,14,87,114,49,113,38,80,68,5,135]","[47,95,88,22,56,27,44,32,108,120,110,52,122]","[62,91,119,76,111,53,82,128,48,72,54,81,63]","[39,12,75,100,7,19,93,94,132,89,34,83,13]",248m 14799p 34s 227z,679m 33r56p r56s 1144z,45577p 12335s 136z,24459m 1p 135668s 7z,4,4,4,9,0
20260403151827_0300_004,20260403151827_0300,20260403151827,300,0,パシフィック,73,1s,confirmed_tsumogiri,1775198271,486.844,,0,,"[28,69,60,14,87,114,49,113,38,80,68,5,135]","[47,95,88,22,56,27,44,32,108,120,110,52,122]","[62,91,119,76,111,53,82,128,48,72,54,81,63]","[39,12,75,100,7,19,93,94,132,89,34,83,13]",248m 14799p 34s 227z,679m 33r56p r56s 1144z,45577p 12335s 136z,24459m 1p 135668s 7z,4,4,4,8,0
20260403151827_0300_005,20260403151827_0300,20260403151827,300,1,masa1125,116,3z,estimated_tsumogiri,1775198276,4976.337,,0,,"[28,69,60,14,87,114,49,113,38,80,68,5,135]","[47,95,88,22,56,27,44,32,108,120,110,52,122]","[62,91,119,76,111,53,82,128,48,72,54,81,63]","[39,12,75,100,7,19,93,94,132,89,34,83,13]",248m 14799p 34s 227z,679m 33r56p r56s 1144z,45577p 12335s 136z,24459m 1p 135668s 7z,3,3,3,9,0
20260403151827_0300_006,20260403151827_0300,20260403151827,300,2,はまはまみこみこ,128,6z,confirmed_tedashi,1775198278,2260.296,,0,,"[28,69,60,14,87,114,49,113,38,80,68,5,135]","[47,95,88,22,56,27,44,32,108,120,110,52,122]","[62,91,119,76,111,53,82,48,72,54,81,63,103]","[39,12,75,100,7,19,93,94,132,89,34,83,13]",248m 14799p 34s 227z,679m 33r56p r56s 1144z,45577p 123358s 13z,24459m 1p 135668s 7z,3,3,3,10,0
20260403151827_0300_007,20260403151827_0300,20260403151827,300,3,1963414,34,9m,confirmed_tedashi,1775198281,2412.99,,0,,"[28,69,60,14,87,114,49,113,38,80,68,5,135]","[47,95,88,22,56,27,44,32,108,120,110,52,122]","[62,91,119,76,111,53,82,48,72,54,81,63,103]","[39,12,75,100,7,19,93,94,132,89,83,13,97]",248m 14799p 34s 227z,679m 33r56p r56s 1144z,45577p 123358s 13z,2445m 1p 1356678s 7z,3,3,4,10,0
20260403151827_0300_008,20260403151827_0300,20260403151827,300,0,パシフィック,86,4s,confirmed_tsumogiri,1775198281,681.226,,3,3363.217,"[28,69,60,14,87,114,49,113,38,80,68,5,135]","[47,95,88,22,56,27,44,32,108,120,110,52,122]","[62,91,119,76,111,53,82,48,72,54,81,63,103]","[39,12,75,100,7,19,93,94,132,89,83,13,97]",248m 14799p 34s 227z,679m 33r56p r56s 1144z,45577p 123358s 13z,2445m 1p 1356678s 7z,4,4,4,8,1
20260403151827_0300_009,20260403151827_0300,20260403151827,300,1,masa1125,126,5z,estimated_tsumogiri,1775198288,3114.165,,0,,"[28,69,60,14,87,114,49,113,38,80,68,5,135]","[47,95,88,22,56,27,44,32,108,120,110,52,122]","[62,91,119,76,111,53,82,48,72,54,81,63,103]","[39,12,75,100,7,19,93,94,132,89,83,13,97]",248m 14799p 34s 227z,679m 33r56p r56s 1144z,45577p 123358s 13z,2445m 1p 1356678s 7z,3,3,3,9,0
20260403151827_0300_010,20260403151827_0300,20260403151827,300,2,はまはまみこみこ,111,1z,confirmed_tedashi,1775198290,2136.628,,3,8613.522,"[28,69,60,14,87,114,49,113,38,80,68,5,135]","[47,95,88,22,56,27,44,32,108,120,110,52,122]","[62,91,119,76,53,82,48,72,54,81,63,103,55]","[39,12,75,100,7,19,93,94,132,89,83,13,97]",248m 14799p 34s 227z,679m 33r56p r56s 1144z,455577p 123358s 3z,2445m 1p 1356678s 7z,2,2,3,11,0
20260403151827_0300_011,20260403151827_0300,20260403151827,300,1,masa1125,32,9m,confirmed_tedashi,1775198299,2837.819,,5,1816.957,"[28,69,60,14,87,114,49,113,38,80,68,5,135]","[47,95,88,22,56,27,44,108,120,52,122]","[62,91,119,76,53,82,48,72,54,81,63,103,55]","[39,12,75,100,7,19,93,94,132,89,83,13,97]",248m 14799p 34s 227z,67m 33r56p r56s 144z,455577p 123358s 3z,2445m 1p 1356678s 7z,,,,,
20260403151827_0300_012,20260403151827_0300,20260403151827,300,2,はまはまみこみこ,103,8s,confirmed_tedashi,1775198303,2897.367,,3,1678.862,"[28,69,60,14,87,114,49,113,38,80,68,5,135]","[47,95,88,22,56,27,44,108,120,52,122]","[62,91,119,76,53,82,48,72,54,81,63,55,40]","[39,12,75,100,7,19,93,94,132,89,83,13,97]",248m 14799p 34s 227z,67m 33r56p r56s 144z,2455577p 12335s 3z,2445m 1p 1356678s 7z,1,1,3,11,0
20260403151827_0300_013,20260403151827_0300,20260403151827,300,3,1963414,39,1p,confirmed_tedashi,1775198307,1918.614,,0,,"[28,69,60,14,87,114,49,113,38,80,68,5,135]","[47,95,88,22,56,27,44,108,120,52,122]","[62,91,119,76,53,82,48,72,54,81,63,55,40]","[12,75,100,7,19,93,94,132,89,83,13,97,74]",248m 14799p 34s 227z,67m 33r56p r56s 144z,2455577p 12335s 3z,2445m 11356678s 7z,2,2,3,10,0
20260403151827_0300_014,20260403151827_0300,20260403151827,300,0,パシフィック,8,3m,confirmed_tsumogiri,1775198308,682.73,,0,,"[28,69,60,14,87,114,49,113,38,80,68,5,135]","[47,95,88,22,56,27,44,108,120,52,122]","[62,91,119,76,53,82,48,72,54,81,63,55,40]","[12,75,100,7,19,93,94,132,89,83,13,97,74]",248m 14799p 34s 227z,67m 33r56p r56s 144z,2455577p 12335s 3z,2445m 11356678s 7z,4,4,4,8,0
20260403151827_0300_015,20260403151827_0300,20260403151827,300,1,masa1125,122,4z,confirmed_tedashi,1775198313,4940.004,,0,,"[28,69,60,14,87,114,49,113,38,80,68,5,135]","[47,95,88,22,56,27,44,108,120,52,99]","[62,91,119,76,53,82,48,72,54,81,63,55,40]","[12,75,100,7,19,93,94,132,89,83,13,97,74]",248m 14799p 34s 227z,67m 33r56p r567s 14z,2455577p 12335s 3z,2445m 11356678s 7z,,,,,
20260403151827_0300_016,20260403151827_0300,20260403151827,300,2,はまはまみこみこ,36,1p,estimated_tsumogiri,1775198315,2687.326,,0,,"[28,69,60,14,87,114,49,113,38,80,68,5,135]","[47,95,88,22,56,27,44,108,120,52,99]","[62,91,119,76,53,82,48,72,54,81,63,55,40]","[12,75,100,7,19,93,94,132,89,83,13,97,74]",248m 14799p 34s 227z,67m 33r56p r567s 14z,2455577p 12335s 3z,2445m 11356678s 7z,1,1,3,11,0
20260403151827_0300_017,20260403151827_0300,20260403151827,300,3,1963414,7,2m,confirmed_tedashi,1775198324,9080.637,,0,,"[28,69,60,14,87,114,49,113,38,80,68,5,135]","[47,95,88,22,56,27,44,108,120,52,99]","[62,91,119,76,53,82,48,72,54,81,63,55,40]","[12,75,100,19,93,94,132,89,83,13,97,74,133]",248m 14799p 34s 227z,67m 33r56p r567s 14z,2455577p 12335s 3z,445m 11356678s 77z,2,2,2,10,0
20260403151827_0300_018,20260403151827_0300,20260403151827,300,0,パシフィック,67,8p,confirmed_tsumogiri,1775198325,709.816,,0,,"[28,69,60,14,87,114,49,113,38,80,68,5,135]","[47,95,88,22,56,27,44,108,120,52,99]","[62,91,119,76,53,82,48,72,54,81,63,55,40]","[12,75,100,19,93,94,132,89,83,13,97,74,133]",248m 14799p 34s 227z,67m 33r56p r567s 14z,2455577p 12335s 3z,445m 11356678s 77z,4,4,4,8,0
20260403151827_0300_019,20260403151827_0300,20260403151827,300,1,masa1125,120,4z,confirmed_tedashi,1775198329,4424.345,,0,,"[28,69,60,14,87,114,49,113,38,80,68,5,135]","[47,95,88,22,56,27,44,108,52,99,102]","[62,91,119,76,53,82,48,72,54,81,63,55,40]","[12,75,100,19,93,94,132,89,83,13,97,74,133]",248m 14799p 34s 227z,67m 33r56p r5678s 1z,2455577p 12335s 3z,445m 11356678s 77z,,,,,
20260403151827_0300_020,20260403151827_0300,20260403151827,300,2,はまはまみこみこ,109,1z,estimated_tsumogiri,1775198332,2479.015,,0,,"[28,69,60,14,87,114,49,113,38,80,68,5,135]","[47,95,88,22,56,27,44,108,52,99,102]","[62,91,119,76,53,82,48,72,54,81,63,55,40]","[12,75,100,19,93,94,132,89,83,13,97,74,133]",248m 14799p 34s 227z,67m 33r56p r5678s 1z,2455577p 12335s 3z,445m 11356678s 77z,1,1,3,11,0
20260403151827_0300_021,20260403151827_0300,20260403151827,300,3,1963414,33,9m,estimated_tsumogiri,1775198334,2260.425,,0,,"[28,69,60,14,87,114,49,113,38,80,68,5,135]","[47,95,88,22,56,27,44,108,52,99,102]","[62,91,119,76,53,82,48,72,54,81,63,55,40]","[12,75,100,19,93,94,132,89,83,13,97,74,133]",248m 14799p 34s 227z,67m 33r56p r5678s 1z,2455577p 12335s 3z,445m 11356678s 77z,2,2,2,10,0
20260403151827_0300_022,20260403151827_0300,20260403151827,300,0,パシフィック,16,r5m,confirmed_tsumogiri,1775198335,690.832,,2,7042.287,"[28,69,60,14,87,114,49,113,38,80,68,5,135]","[47,95,88,22,56,27,44,108,52,99,102]","[62,91,119,76,53,82,48,72,54,81,63,55,40]","[12,75,100,19,93,94,132,89,83,13,97,74,133]",248m 14799p 34s 227z,67m 33r56p r5678s 1z,2455577p 12335s 3z,445m 11356678s 77z,4,4,4,8,0
20260403151827_0300_023,20260403151827_0300,20260403151827,300,1,masa1125,102,8s,confirmed_tedashi,1775198344,2190.315,,0,,"[28,69,60,14,87,114,49,113,38,80,68,5,135]","[47,95,88,56,44,108,52,99]","[62,91,119,76,53,82,48,72,54,81,63,55,40]","[12,75,100,19,93,94,132,89,83,13,97,74,133]",248m 14799p 34s 227z,33r56p r567s 1z,2455577p 12335s 3z,445m 11356678s 77z,,,,,
20260403151827_0300_024,20260403151827_0300,20260403151827,300,2,はまはまみこみこ,25,7m,estimated_tsumogiri,1775198348,3523.268,,0,,"[28,69,60,14,87,114,49,113,38,80,68,5,135]","[47,95,88,56,44,108,52,99]","[62,91,119,76,53,82,48,72,54,81,63,55,40]","[12,75,100,19,93,94,132,89,83,13,97,74,133]",248m 14799p 34s 227z,33r56p r567s 1z,2455577p 12335s 3z,445m 11356678s 77z,1,1,3,11,0
20260403151827_0300_025,20260403151827_0300,20260403151827,300,3,1963414,12,4m,confirmed_tedashi,1775198351,3349.593,,5,1933.401,"[28,69,60,14,87,114,49,113,38,80,68,5,135]","[47,95,88,56,44,108,52,99]","[62,91,119,76,53,82,48,72,54,81,63,55,40]","[75,100,19,93,94,132,89,83,13,97,74,133,21]",248m 14799p 34s 227z,33r56p r567s 1z,2455577p 12335s 3z,456m 11356678s 77z,1,1,3,10,0
20260403151827_0300_026,20260403151827_0300,20260403151827,300,0,パシフィック,98,7s,confirmed_tsumogiri,1775198353,205.273,,3,4677.051,"[28,69,60,14,87,114,49,113,38,80,68,5,135]","[47,95,88,56,44,108,52,99]","[62,91,119,76,53,82,48,72,54,81,63,55,40]","[75,100,19,93,94,132,89,83,13,97,74,133,21]",248m 14799p 34s 227z,33r56p r567s 1z,2455577p 12335s 3z,456m 11356678s 77z,4,4,4,8,0
20260403151827_0300_027,20260403151827_0300,20260403151827,300,1,masa1125,96,7s,estimated_tsumogiri,1775198360,2419.315,,0,,"[28,69,60,14,87,114,49,113,38,80,68,5,135]","[47,95,88,56,44,108,52,99]","[62,91,119,76,53,82,48,72,54,81,63,55,40]","[75,100,19,93,94,132,89,83,13,97,74,133,21]",248m 14799p 34s 227z,33r56p r567s 1z,2455577p 12335s 3z,456m 11356678s 77z,,,,,
20260403151827_0300_028,20260403151827_0300,20260403151827,300,2,はまはまみこみこ,10,3m,estimated_tsumogiri,1775198367,6317.896,,3,1827.399,"[28,69,60,14,87,114,49,113,38,80,68,5,135]","[47,95,88,56,44,108,52,99]","[62,91,119,76,53,82,48,72,54,81,63,55,40]","[75,100,19,93,94,132,89,83,13,97,74,133,21]",248m 14799p 34s 227z,33r56p r567s 1z,2455577p 12335s 3z,456m 11356678s 77z,1,1,3,11,0
20260403151827_0300_029,20260403151827_0300,20260403151827,300,3,1963414,20,6m,estimated_tsumogiri,1775198371,2538.453,,0,,"[28,69,60,14,87,114,49,113,38,80,68,5,135]","[47,95,88,56,44,108,52,99]","[62,91,119,76,53,82,48,72,54,81,63,55,40]","[75,100,19,93,94,132,89,83,13,97,74,133,21]",248m 14799p 34s 227z,33r56p r567s 1z,2455577p 12335s 3z,456m 11356678s 77z,1,1,3,10,0
20260403151827_0300_030,20260403151827_0300,20260403151827,300,0,パシフィック,30,8m,confirmed_tsumogiri,1775198372,694.413,,0,,"[28,69,60,14,87,114,49,113,38,80,68,5,135]","[47,95,88,56,44,108,52,99]","[62,91,119,76,53,82,48,72,54,81,63,55,40]","[75,100,19,93,94,132,89,83,13,97,74,133,21]",248m 14799p 34s 227z,33r56p r567s 1z,2455577p 12335s 3z,456m 11356678s 77z,4,4,4,8,0
20260403151827_0300_031,20260403151827_0300,20260403151827,300,1,masa1125,64,8p,estimated_tsumogiri,1775198375,3368.909,,0,,"[28,69,60,14,87,114,49,113,38,80,68,5,135]","[47,95,88,56,44,108,52,99]","[62,91,119,76,53,82,48,72,54,81,63,55,40]","[75,100,19,93,94,132,89,83,13,97,74,133,21]",248m 14799p 34s 227z,33r56p r567s 1z,2455577p 12335s 3z,456m 11356678s 77z,,,,,
20260403151827_0300_032,20260403151827_0300,20260403151827,300,2,はまはまみこみこ,127,5z,estimated_tsumogiri,1775198379,4153.03,,0,,"[28,69,60,14,87,114,49,113,38,80,68,5,135]","[47,95,88,56,44,108,52,99]","[62,91,119,76,53,82,48,72,54,81,63,55,40]","[75,100,19,93,94,132,89,83,13,97,74,133,21]",248m 14799p 34s 227z,33r56p r567s 1z,2455577p 12335s 3z,456m 11356678s 77z,1,1,3,11,0
20260403151827_0300_033,20260403151827_0300,20260403151827,300,3,1963414,23,6m,estimated_tsumogiri,1775198382,2534.949,,0,,"[28,69,60,14,87,114,49,113,38,80,68,5,135]","[47,95,88,56,44,108,52,99]","[62,91,119,76,53,82,48,72,54,81,63,55,40]","[75,100,19,93,94,132,89,83,13,97,74,133,21]",248m 14799p 34s 227z,33r56p r567s 1z,2455577p 12335s 3z,456m 11356678s 77z,1,1,3,10,0
20260403151827_0300_034,20260403151827_0300,20260403151827,300,0,パシフィック,41,2p,confirmed_tsumogiri,1775198382,710.768,,0,,"[28,69,60,14,87,114,49,113,38,80,68,5,135]","[47,95,88,56,44,108,52,99]","[62,91,119,76,53,82,48,72,54,81,63,55,40]","[75,100,19,93,94,132,89,83,13,97,74,133,21]",248m 14799p 34s 227z,33r56p r567s 1z,2455577p 12335s 3z,456m 11356678s 77z,4,4,4,8,0
20260403151827_0300_035,20260403151827_0300,20260403151827,300,1,masa1125,35,9m,estimated_tsumogiri,1775198387,4924.038,,0,,"[28,69,60,14,87,114,49,113,38,80,68,5,135]","[47,95,88,56,44,108,52,99]","[62,91,119,76,53,82,48,72,54,81,63,55,40]","[75,100,19,93,94,132,89,83,13,97,74,133,21]",248m 14799p 34s 227z,33r56p r567s 1z,2455577p 12335s 3z,456m 11356678s 77z,,,,,
20260403151827_0300_036,20260403151827_0300,20260403151827,300,2,はまはまみこみこ,119,3z,confirmed_tedashi,1775198392,4608.237,,0,,"[28,69,60,14,87,114,49,113,38,80,68,5,135]","[47,95,88,56,44,108,52,99]","[62,91,76,53,82,48,72,54,81,63,55,40,46]","[75,100,19,93,94,132,89,83,13,97,74,133,21]",248m 14799p 34s 227z,33r56p r567s 1z,23455577p 12335s,456m 11356678s 77z,0,0,3,12,0
20260403151827_0300_037,20260403151827_0300,20260403151827,300,3,1963414,83,3s,confirmed_tedashi,1775198395,3557.507,,3,2084.873,"[28,69,60,14,87,114,49,113,38,80,68,5,135]","[47,95,88,56,44,108,52,99]","[62,91,76,53,82,48,72,54,81,63,55,40,46]","[75,100,19,93,94,132,89,13,97,74,133,21,134]",248m 14799p 34s 227z,33r56p r567s 1z,23455577p 12335s,456m 1156678s 777z,0,0,3,10,0
20260403151827_0300_038,20260403151827_0300,20260403151827,300,0,パシフィック,17,5m,confirmed_tsumogiri,1775198398,197.964,,0,,"[28,69,60,14,87,114,49,113,38,80,68,5,135]","[47,95,88,56,44,108,52,99]","[62,91,76,53,82,48,72,54,81,63,55,40,46]","[75,100,19,93,94,132,89,13,97,74,133,21,134]",248m 14799p 34s 227z,33r56p r567s 1z,23455577p 12335s,456m 1156678s 777z,4,4,4,8,0
20260403151827_0300_039,20260403151827_0300,20260403151827,300,1,masa1125,24,7m,estimated_tsumogiri,1775198400,2684.663,,0,,"[28,69,60,14,87,114,49,113,38,80,68,5,135]","[47,95,88,56,44,108,52,99]","[62,91,76,53,82,48,72,54,81,63,55,40,46]","[75,100,19,93,94,132,89,13,97,74,133,21,134]",248m 14799p 34s 227z,33r56p r567s 1z,23455577p 12335s,456m 1156678s 777z,,,,,
20260403151827_0300_040,20260403151827_0300,20260403151827,300,2,はまはまみこみこ,4,2m,estimated_tsumogiri,1775198405,4400.111,,0,,"[28,69,60,14,87,114,49,113,38,80,68,5,135]","[47,95,88,56,44,108,52,99]","[62,91,76,53,82,48,72,54,81,63,55,40,46]","[75,100,19,93,94,132,89,13,97,74,133,21,134]",248m 14799p 34s 227z,33r56p r567s 1z,23455577p 12335s,456m 1156678s 777z,0,0,3,12,0
20260403151827_0300_041,20260403151827_0300,20260403151827,300,3,1963414,92,6s,estimated_tsumogiri,1775198407,2663.301,,0,,"[28,69,60,14,87,114,49,113,38,80,68,5,135]","[47,95,88,56,44,108,52,99]","[62,91,76,53,82,48,72,54,81,63,55,40,46]","[75,100,19,93,94,132,89,13,97,74,133,21,134]",248m 14799p 34s 227z,33r56p r567s 1z,23455577p 12335s,456m 1156678s 777z,0,0,3,10,0
20260403151827_0300_042,20260403151827_0300,20260403151827,300,0,パシフィック,105,9s,confirmed_tsumogiri,1775198408,686.686,,0,,"[28,69,60,14,87,114,49,113,38,80,68,5,135]","[47,95,88,56,44,108,52,99]","[62,91,76,53,82,48,72,54,81,63,55,40,46]","[75,100,19,93,94,132,89,13,97,74,133,21,134]",248m 14799p 34s 227z,33r56p r567s 1z,23455577p 12335s,456m 1156678s 777z,4,4,4,8,0
20260403151827_0300_043,20260403151827_0300,20260403151827,300,1,masa1125,11,3m,estimated_tsumogiri,1775198411,2587.881,,0,,"[28,69,60,14,87,114,49,113,38,80,68,5,135]","[47,95,88,56,44,108,52,99]","[62,91,76,53,82,48,72,54,81,63,55,40,46]","[75,100,19,93,94,132,89,13,97,74,133,21,134]",248m 14799p 34s 227z,33r56p r567s 1z,23455577p 12335s,456m 1156678s 777z,,,,,
20260403151827_0300_044,20260403151827_0300,20260403151827,300,2,はまはまみこみこ,124,5z,estimated_tsumogiri,1775198414,3158.726,,0,,"[28,69,60,14,87,114,49,113,38,80,68,5,135]","[47,95,88,56,44,108,52,99]","[62,91,76,53,82,48,72,54,81,63,55,40,46]","[75,100,19,93,94,132,89,13,97,74,133,21,134]",248m 14799p 34s 227z,33r56p r567s 1z,23455577p 12335s,456m 1156678s 777z,0,0,3,12,0
20260403151827_0300_045,20260403151827_0300,20260403151827,300,3,1963414,77,2s,estimated_tsumogiri,1775198416,2456.784,,3,208.696,"[28,69,60,14,87,114,49,113,38,80,68,5,135]","[47,95,88,56,44,108,52,99]","[62,91,76,53,82,48,72,54,81,63,55,40,46]","[75,100,19,93,94,132,89,13,97,74,133,21,134]",248m 14799p 34s 227z,33r56p r567s 1z,23455577p 12335s,456m 1156678s 777z,0,0,3,10,0
20260403151827_0300_046,20260403151827_0300,20260403151827,300,0,パシフィック,115,2z,confirmed_tsumogiri,1775198417,485.064,,0,,"[28,69,60,14,87,114,49,113,38,80,68,5,135]","[47,95,88,56,44,108,52,99]","[62,91,76,53,82,48,72,54,81,63,55,40,46]","[75,100,19,93,94,132,89,13,97,74,133,21,134]",248m 14799p 34s 227z,33r56p r567s 1z,23455577p 12335s,456m 1156678s 777z,4,4,4,8,0
20260403151827_0300_047,20260403151827_0300,20260403151827,300,1,masa1125,6,2m,estimated_tsumogiri,1775198419,2392.833,,0,,"[28,69,60,14,87,114,49,113,38,80,68,5,135]","[47,95,88,56,44,108,52,99]","[62,91,76,53,82,48,72,54,81,63,55,40,46]","[75,100,19,93,94,132,89,13,97,74,133,21,134]",248m 14799p 34s 227z,33r56p r567s 1z,23455577p 12335s,456m 1156678s 777z,,,,,
20260403151827_0300_048,20260403151827_0300,20260403151827,300,2,はまはまみこみこ,65,8p,estimated_tsumogiri,1775198426,6503.932,,0,,"[28,69,60,14,87,114,49,113,38,80,68,5,135]","[47,95,88,56,44,108,52,99]","[62,91,76,53,82,48,72,54,81,63,55,40,46]","[75,100,19,93,94,132,89,13,97,74,133,21,134]",248m 14799p 34s 227z,33r56p r567s 1z,23455577p 12335s,456m 1156678s 777z,0,0,3,12,0
20260403151827_0300_049,20260403151827_0300,20260403151827,300,3,1963414,37,1p,estimated_tsumogiri,1775198428,2129.601,,0,,"[28,69,60,14,87,114,49,113,38,80,68,5,135]","[47,95,88,56,44,108,52,99]","[62,91,76,53,82,48,72,54,81,63,55,40,46]","[75,100,19,93,94,132,89,13,97,74,133,21,134]",248m 14799p 34s 227z,33r56p r567s 1z,23455577p 12335s,456m 1156678s 777z,0,0,3,10,0
20260403151827_0300_050,20260403151827_0300,20260403151827,300,0,パシフィック,129,6z,confirmed_tsumogiri,1775198429,704.912,,0,,"[28,69,60,14,87,114,49,113,38,80,68,5,135]","[47,95,88,56,44,108,52,99]","[62,91,76,53,82,48,72,54,81,63,55,40,46]","[75,100,19,93,94,132,89,13,97,74,133,21,134]",248m 14799p 34s 227z,33r56p r567s 1z,23455577p 12335s,456m 1156678s 777z,4,4,4,8,0
20260403151827_0300_051,20260403151827_0300,20260403151827,300,1,masa1125,1,1m,estimated_tsumogiri,1775198431,2729.738,,0,,"[28,69,60,14,87,114,49,113,38,80,68,5,135]","[47,95,88,56,44,108,52,99]","[62,91,76,53,82,48,72,54,81,63,55,40,46]","[75,100,19,93,94,132,89,13,97,74,133,21,134]",248m 14799p 34s 227z,33r56p r567s 1z,23455577p 12335s,456m 1156678s 777z,,,,,
20260403151827_0300_052,20260403151827_0300,20260403151827,300,2,はまはまみこみこ,9,3m,estimated_tsumogiri,1775198436,4403.121,,3,1922.538,"[28,69,60,14,87,114,49,113,38,80,68,5,135]","[47,95,88,56,44,108,52,99]","[62,91,76,53,82,48,72,54,81,63,55,40,46]","[75,100,19,93,94,132,89,13,97,74,133,21,134]",248m 14799p 34s 227z,33r56p r567s 1z,23455577p 12335s,456m 1156678s 777z,0,0,3,12,0
20260403151827_0300_053,20260403151827_0300,20260403151827,300,3,1963414,70,9p,estimated_tsumogiri,1775198439,1522.931,,3,202.884,"[28,69,60,14,87,114,49,113,38,80,68,5,135]","[47,95,88,56,44,108,52,99]","[62,91,76,53,82,48,72,54,81,63,55,40,46]","[75,100,19,93,94,132,89,13,97,74,133,21,134]",248m 14799p 34s 227z,33r56p r567s 1z,23455577p 12335s,456m 1156678s 777z,0,0,3,10,0
20260403151827_0300_054,20260403151827_0300,20260403151827,300,0,パシフィック,51,4p,confirmed_tsumogiri,1775198440,484.942,,0,,"[28,69,60,14,87,114,49,113,38,80,68,5,135]","[47,95,88,56,44,108,52,99]","[62,91,76,53,82,48,72,54,81,63,55,40,46]","[75,100,19,93,94,132,89,13,97,74,133,21,134]",248m 14799p 34s 227z,33r56p r567s 1z,23455577p 12335s,456m 1156678s 777z,4,4,4,8,0
20260403151827_0400_002,20260403151827_0400,20260403151827,400,3,1963414,76,2s,confirmed_tedashi,1775198468,2333.298,,3,2212.855,"[33,36,50,51,57,59,66,69,83,87,90,98,109]","[6,52,15,120,110,123,53,28,37,46,96,16,79]","[47,89,118,129,116,49,127,94,32,103,26,99,29]","[10,64,41,48,55,56,18,113,100,14,62,112,107]",9m 1446689p 3457s 1z,24r58m 13r55p 27s 144z,789m 34p 5678s 3356z,345m 245678p 89s 22z,1,1,5,10,0
20260403151827_0400_003,20260403151827_0400,20260403151827,400,0,パシフィック,21,6m,confirmed_tedashi,1775198478,7790.152,,3,3031.151,"[33,36,50,51,57,59,66,69,83,87,90,98,109]","[6,52,15,120,110,123,53,28,37,46,96,16,79]","[47,89,118,129,116,49,127,94,32,103,26,99,29]","[10,64,41,48,55,56,18,113,100,14,62,112,107]",9m 1446689p 3457s 1z,24r58m 13r55p 27s 144z,789m 34p 5678s 3356z,345m 245678p 89s 22z,3,3,4,9,0
20260403151827_0400_004,20260403151827_0400,20260403151827,400,1,masa1125,110,1z,confirmed_tedashi,1775198484,3651.243,,0,,"[33,36,50,51,57,59,66,69,83,87,90,98,109]","[6,52,15,120,123,53,28,37,46,96,16,79,97]","[47,89,118,129,116,49,127,94,32,103,26,99,29]","[10,64,41,48,55,56,18,113,100,14,62,112,107]",9m 1446689p 3457s 1z,24r58m 13r55p 277s 44z,789m 34p 5678s 3356z,345m 245678p 89s 22z,3,3,3,10,0
20260403151827_0400_005,20260403151827_0400,20260403151827,400,2,はまはまみこみこ,72,1s,estimated_tsumogiri,1775198487,2640.216,,0,,"[33,36,50,51,57,59,66,69,83,87,90,98,109]","[6,52,15,120,123,53,28,37,46,96,16,79,97]","[47,89,118,129,116,49,127,94,32,103,26,99,29]","[10,64,41,48,55,56,18,113,100,14,62,112,107]",9m 1446689p 3457s 1z,24r58m 13r55p 277s 44z,789m 34p 5678s 3356z,345m 245678p 89s 22z,2,2,5,8,0
20260403151827_0400_006,20260403151827_0400,20260403151827,400,3,1963414,41,2p,confirmed_tedashi,1775198490,3074.025,,0,,"[33,36,50,51,57,59,66,69,83,87,90,98,109]","[6,52,15,120,123,53,28,37,46,96,16,79,97]","[47,89,118,129,116,49,127,94,32,103,26,99,29]","[10,64,48,55,56,18,113,100,14,62,112,107,125]",9m 1446689p 3457s 1z,24r58m 13r55p 277s 44z,789m 34p 5678s 3356z,345m 45678p 89s 225z,1,1,5,9,0
20260403151827_0400_007,20260403151827_0400,20260403151827,400,0,パシフィック,121,4z,confirmed_tsumogiri,1775198491,689.392,,3,2970.283,"[33,36,50,51,57,59,66,69,83,87,90,98,109]","[6,52,15,120,123,53,28,37,46,96,16,79,97]","[47,89,118,129,116,49,127,94,32,103,26,99,29]","[10,64,48,55,56,18,113,100,14,62,112,107,125]",9m 1446689p 3457s 1z,24r58m 13r55p 277s 44z,789m 34p 5678s 3356z,345m 45678p 89s 225z,3,3,4,9,0
20260403151827_0400_008,20260403151827_0400,20260403151827,400,1,masa1125,68,9p,estimated_tsumogiri,1775198497,3242.944,,0,,"[33,36,50,51,57,59,66,69,83,87,90,98,109]","[6,52,15,120,123,53,28,37,46,96,16,79,97]","[47,89,118,129,116,49,127,94,32,103,26,99,29]","[10,64,48,55,56,18,113,100,14,62,112,107,125]",9m 1446689p 3457s 1z,24r58m 13r55p 277s 44z,789m 34p 5678s 3356z,345m 45678p 89s 225z,3,3,3,10,0
20260403151827_0400_009,20260403151827_0400,20260403151827,400,2,はまはまみこみこ,129,6z,confirmed_tedashi,1775198499,2265.005,,0,,"[33,36,50,51,57,59,66,69,83,87,90,98,109]","[6,52,15,120,123,53,28,37,46,96,16,79,97]","[47,89,118,116,49,127,94,32,103,26,99,29,102]","[10,64,48,55,56,18,113,100,14,62,112,107,125]",9m 1446689p 3457s 1z,24r58m 13r55p 277s 44z,789m 34p 56788s 335z,345m 45678p 89s 225z,1,1,4,9,0
20260403151827_0400_010,20260403151827_0400,20260403151827,400,3,1963414,107,9s,confirmed_tedashi,1775198505,5603.715,,0,,"[33,36,50,51,57,59,66,69,83,87,90,98,109]","[6,52,15,120,123,53,28,37,46,96,16,79,97]","[47,89,118,116,49,127,94,32,103,26,99,29,102]","[10,64,48,55,56,18,113,100,14,62,112,125,71]",9m 1446689p 3457s 1z,24r58m 13r55p 277s 44z,789m 34p 56788s 335z,345m 456789p 8s 225z,1,1,5,9,0
20260403151827_0400_011,20260403151827_0400,20260403151827,400,0,パシフィック,105,9s,confirmed_tsumogiri,1775198505,689.571,,0,,"[33,36,50,51,57,59,66,69,83,87,90,98,109]","[6,52,15,120,123,53,28,37,46,96,16,79,97]","[47,89,118,116,49,127,94,32,103,26,99,29,102]","[10,64,48,55,56,18,113,100,14,62,112,125,71]",9m 1446689p 3457s 1z,24r58m 13r55p 277s 44z,789m 34p 56788s 335z,345m 456789p 8s 225z,3,3,4,9,0
20260403151827_0400_012,20260403151827_0400,20260403151827,400,1,masa1125,6,2m,confirmed_tedashi,1775198510,4988.472,,0,,"[33,36,50,51,57,59,66,69,83,87,90,98,109]","[52,15,120,123,53,28,37,46,96,16,79,97,30]","[47,89,118,116,49,127,94,32,103,26,99,29,102]","[10,64,48,55,56,18,113,100,14,62,112,125,71]",9m 1446689p 3457s 1z,4r588m 13r55p 277s 44z,789m 34p 56788s 335z,345m 456789p 8s 225z,2,3,2,10,0
20260403151827_0400_013,20260403151827_0400,20260403151827,400,2,はまはまみこみこ,118,3z,confirmed_tedashi,1775198513,2771.622,,0,,"[33,36,50,51,57,59,66,69,83,87,90,98,109]","[52,15,120,123,53,28,37,46,96,16,79,97,30]","[47,89,116,49,127,94,32,103,26,99,29,102,81]","[10,64,48,55,56,18,113,100,14,62,112,125,71]",9m 1446689p 3457s 1z,4r588m 13r55p 277s 44z,789m 34p 356788s 35z,345m 456789p 8s 225z,2,2,5,10,0
20260403151827_0400_014,20260403151827_0400,20260403151827,400,3,1963414,100,8s,confirmed_tedashi,1775198515,2166.419,,3,2067.194,"[33,36,50,51,57,59,66,69,83,87,90,98,109]","[52,15,120,123,53,28,37,46,96,16,79,97,30]","[47,89,116,49,127,94,32,103,26,99,29,102,81]","[10,64,48,55,56,18,113,14,62,112,125,71,135]",9m 1446689p 3457s 1z,4r588m 13r55p 277s 44z,789m 34p 356788s 35z,345m 456789p 2257z,1,1,5,8,0
20260403151827_0400_015,20260403151827_0400,20260403151827,400,0,パシフィック,24,7m,confirmed_tsumogiri,1775198518,206.765,,0,,"[33,36,50,51,57,59,66,69,83,87,90,98,109]","[52,15,120,123,53,28,37,46,96,16,79,97,30]","[47,89,116,49,127,94,32,103,26,99,29,102,81]","[10,64,48,55,56,18,113,14,62,112,125,71,135]",9m 1446689p 3457s 1z,4r588m 13r55p 277s 44z,789m 34p 356788s 35z,345m 456789p 2257z,3,3,4,9,0
20260403151827_0400_016,20260403151827_0400,20260403151827,400,1,masa1125,79,2s,confirmed_tedashi,1775198521,3897.107,,0,,"[33,36,50,51,57,59,66,69,83,87,90,98,109]","[52,15,120,123,53,28,37,46,96,16,97,30,122]","[47,89,116,49,127,94,32,103,26,99,29,102,81]","[10,64,48,55,56,18,113,14,62,112,125,71,135]",9m 1446689p 3457s 1z,4r588m 13r55p 77s 444z,789m 34p 356788s 35z,345m 456789p 2257z,2,2,2,10,0
20260403151827_0400_017,20260403151827_0400,20260403151827,400,2,はまはまみこみこ,116,3z,confirmed_tedashi,1775198525,3052.044,,0,,"[33,36,50,51,57,59,66,69,83,87,90,98,109]","[52,15,120,123,53,28,37,46,96,16,97,30,122]","[47,89,49,127,94,32,103,26,99,29,102,81,119]","[10,64,48,55,56,18,113,14,62,112,125,71,135]",9m 1446689p 3457s 1z,4r588m 13r55p 77s 444z,789m 34p 356788s 35z,345m 456789p 2257z,2,2,5,10,0
20260403151827_0400_018,20260403151827_0400,20260403151827,400,3,1963414,135,7z,confirmed_tedashi,1775198527,2631.308,,0,,"[33,36,50,51,57,59,66,69,83,87,90,98,109]","[52,15,120,123,53,28,37,46,96,16,97,30,122]","[47,89,49,127,94,32,103,26,99,29,102,81,119]","[10,64,48,55,56,18,113,14,62,112,125,71,61]",9m 1446689p 3457s 1z,4r588m 13r55p 77s 444z,789m 34p 356788s 35z,345m 4567789p 225z,1,1,4,9,0
20260403151827_0400_019,20260403151827_0400,20260403151827,400,0,パシフィック,67,8p,confirmed_tsumogiri,1775198528,687.484,,0,,"[33,36,50,51,57,59,66,69,83,87,90,98,109]","[52,15,120,123,53,28,37,46,96,16,97,30,122]","[47,89,49,127,94,32,103,26,99,29,102,81,119]","[10,64,48,55,56,18,113,14,62,112,125,71,61]",9m 1446689p 3457s 1z,4r588m 13r55p 77s 444z,789m 34p 356788s 35z,345m 4567789p 225z,3,3,4,9,0
20260403151827_0400_020,20260403151827_0400,20260403151827,400,1,masa1125,37,1p,confirmed_tedashi,1775198534,5729.656,,0,,"[33,36,50,51,57,59,66,69,83,87,90,98,109]","[52,15,120,123,53,28,46,96,16,97,30,122,19]","[47,89,49,127,94,32,103,26,99,29,102,81,119]","[10,64,48,55,56,18,113,14,62,112,125,71,61]",9m 1446689p 3457s 1z,4r5588m 3r55p 77s 444z,789m 34p 356788s 35z,345m 4567789p 225z,1,2,1,11,0
20260403151827_0400_021,20260403151827_0400,20260403151827,400,2,はまはまみこみこ,119,3z,confirmed_tedashi,1775198538,3978.323,,0,,"[33,36,50,51,57,59,66,69,83,87,90,98,109]","[52,15,120,123,53,28,46,96,16,97,30,122,19]","[47,89,49,127,94,32,103,26,99,29,102,81,11]","[10,64,48,55,56,18,113,14,62,112,125,71,61]",9m 1446689p 3457s 1z,4r5588m 3r55p 77s 444z,3789m 34p 356788s 5z,345m 4567789p 225z,2,2,5,11,0
20260403151827_0400_022,20260403151827_0400,20260403151827,400,3,1963414,1,1m,estimated_tsumogiri,1775198540,2414.657,,0,,"[33,36,50,51,57,59,66,69,83,87,90,98,109]","[52,15,120,123,53,28,46,96,16,97,30,122,19]","[47,89,49,127,94,32,103,26,99,29,102,81,11]","[10,64,48,55,56,18,113,14,62,112,125,71,61]",9m 1446689p 3457s 1z,4r5588m 3r55p 77s 444z,3789m 34p 356788s 5z,345m 4567789p 225z,1,1,4,9,0
20260403151827_0400_023,20260403151827_0400,20260403151827,400,0,パシフィック,4,2m,confirmed_tsumogiri,1775198541,694.296,,0,,"[33,36,50,51,57,59,66,69,83,87,90,98,109]","[52,15,120,123,53,28,46,96,16,97,30,122,19]","[47,89,49,127,94,32,103,26,99,29,102,81,11]","[10,64,48,55,56,18,113,14,62,112,125,71,61]",9m 1446689p 3457s 1z,4r5588m 3r55p 77s 444z,3789m 34p 356788s 5z,345m 4567789p 225z,3,3,4,9,0
20260403151827_0400_024,20260403151827_0400,20260403151827,400,1,masa1125,19,5m,confirmed_tedashi,1775198558,17232.216,,0,,"[33,36,50,51,57,59,66,69,83,87,90,98,109]","[52,15,120,123,53,28,46,96,16,97,30,122,44]","[47,89,49,127,94,32,103,26,99,29,102,81,11]","[10,64,48,55,56,18,113,14,62,112,125,71,61]",9m 1446689p 3457s 1z,4r588m 33r55p 77s 444z,3789m 34p 356788s 5z,345m 4567789p 225z,1,2,1,11,1
20260403151827_0400_025,20260403151827_0400,20260403151827,400,2,はまはまみこみこ,131,6z,estimated_tsumogiri,1775198560,2302.231,,0,,"[33,36,50,51,57,59,66,69,83,87,90,98,109]","[52,15,120,123,53,28,46,96,16,97,30,122,44]","[47,89,49,127,94,32,103,26,99,29,102,81,11]","[10,64,48,55,56,18,113,14,62,112,125,71,61]",9m 1446689p 3457s 1z,4r588m 33r55p 77s 444z,3789m 34p 356788s 5z,345m 4567789p 225z,2,2,5,11,0
20260403151827_0400_026,20260403151827_0400,20260403151827,400,3,1963414,62,7p,confirmed_tedashi,1775198564,3859.568,,3,223.145,"[33,36,50,51,57,59,66,69,83,87,90,98,109]","[52,15,120,123,53,28,46,96,16,97,30,122,44]","[47,89,49,127,94,32,103,26,99,29,102,81,11]","[10,64,48,55,56,18,113,14,112,125,71,61,17]",9m 1446689p 3457s 1z,4r588m 33r55p 77s 444z,3789m 34p 356788s 5z,3455m 456789p 225z,1,1,4,9,0
20260403151827_0400_027,20260403151827_0400,20260403151827,400,0,パシフィック,106,9s,confirmed_tsumogiri,1775198565,485.561,,0,,"[33,36,50,51,57,59,66,69,83,87,90,98,109]","[52,15,120,123,53,28,46,96,16,97,30,122,44]","[47,89,49,127,94,32,103,26,99,29,102,81,11]","[10,64,48,55,56,18,113,14,112,125,71,61,17]",9m 1446689p 3457s 1z,4r588m 33r55p 77s 444z,3789m 34p 356788s 5z,3455m 456789p 225z,3,3,4,9,0
20260403151827_0400_028,20260403151827_0400,20260403151827,400,1,masa1125,23,6m,estimated_tsumogiri,1775198572,7252.52,,3,1585.405,"[33,36,50,51,57,59,66,69,83,87,90,98,109]","[52,15,120,123,53,28,46,96,16,97,30,122,44]","[47,89,49,127,94,32,103,26,99,29,102,81,11]","[10,64,48,55,56,18,113,14,112,125,71,61,17]",9m 1446689p 3457s 1z,4r588m 33r55p 77s 444z,3789m 34p 356788s 5z,3455m 456789p 225z,1,2,1,11,0
20260403151827_0400_029,20260403151827_0400,20260403151827,400,2,はまはまみこみこ,81,3s,confirmed_tedashi,1775198579,5570.249,,0,,"[33,36,50,51,57,59,66,69,83,87,90,98,109]","[52,15,120,123,53,28,46,96,16,97,30,122,44]","[47,89,49,127,94,32,103,26,99,29,102,11,12]","[10,64,48,55,56,18,113,14,112,125,71,61,17]",9m 1446689p 3457s 1z,4r588m 33r55p 77s 444z,34789m 34p 56788s 5z,3455m 456789p 225z,1,1,5,11,0
20260403151827_0400_030,20260403151827_0400,20260403151827,400,3,1963414,125,5z,confirmed_tedashi,1775198585,6044.903,,0,,"[33,36,50,51,57,59,66,69,83,87,90,98,109]","[52,15,120,123,53,28,46,96,16,97,30,122,44]","[47,89,49,127,94,32,103,26,99,29,102,11,12]","[10,64,48,55,56,18,113,14,112,71,61,17,58]",9m 1446689p 3457s 1z,4r588m 33r55p 77s 444z,34789m 34p 56788s 5z,3455m 4566789p 22z,1,1,3,10,0
20260403151827_0400_031,20260403151827_0400,20260403151827,400,0,パシフィック,115,2z,confirmed_tsumogiri,1775198586,720.702,,3,4779.348,"[33,36,50,51,57,59,66,69,83,87,90,98,109]","[52,15,120,123,53,28,46,96,16,97,30,122,44]","[47,89,49,127,94,32,103,26,99,29,102,11,12]","[10,64,48,55,56,18,113,14,112,71,61,17,58]",9m 1446689p 3457s 1z,4r588m 33r55p 77s 444z,34789m 34p 56788s 5z,3455m 4566789p 22z,3,3,4,9,0
20260403151827_0400_032,20260403151827_0400,20260403151827,400,3,1963414,18,5m,confirmed_tedashi,1775198591,1400.394,,0,,"[33,36,50,51,57,59,66,69,83,87,90,98,109]","[52,15,120,123,53,28,46,96,16,97,30,122,44]","[47,89,49,127,94,32,103,26,99,29,102,11,12]","[10,64,48,55,56,113,14,71,61,17,58]",9m 1446689p 3457s 1z,4r588m 33r55p 77s 444z,34789m 34p 56788s 5z,345m 4566789p 2z,,,,,
20260403151827_0400_033,20260403151827_0400,20260403151827,400,0,パシフィック,77,2s,confirmed_tsumogiri,1775198591,685.749,,0,,"[33,36,50,51,57,59,66,69,83,87,90,98,109]","[52,15,120,123,53,28,46,96,16,97,30,122,44]","[47,89,49,127,94,32,103,26,99,29,102,11,12]","[10,64,48,55,56,113,14,71,61,17,58]",9m 1446689p 3457s 1z,4r588m 33r55p 77s 444z,34789m 34p 56788s 5z,345m 4566789p 2z,3,3,4,9,0
20260403151827_0400_034,20260403151827_0400,20260403151827,400,1,masa1125,117,3z,estimated_tsumogiri,1775198596,4730.295,,0,,"[33,36,50,51,57,59,66,69,83,87,90,98,109]","[52,15,120,123,53,28,46,96,16,97,30,122,44]","[47,89,49,127,94,32,103,26,99,29,102,11,12]","[10,64,48,55,56,113,14,71,61,17,58]",9m 1446689p 3457s 1z,4r588m 33r55p 77s 444z,34789m 34p 56788s 5z,345m 4566789p 2z,1,2,1,11,0
20260403151827_0400_035,20260403151827_0400,20260403151827,400,2,はまはまみこみこ,127,5z,confirmed_tedashi,1775198601,4530.197,,0,,"[33,36,50,51,57,59,66,69,83,87,90,98,109]","[52,15,120,123,53,28,46,96,16,97,30,122,44]","[47,89,49,94,32,103,26,99,29,102,11,12,85]","[10,64,48,55,56,113,14,71,61,17,58]",9m 1446689p 3457s 1z,4r588m 33r55p 77s 444z,34789m 34p 456788s,345m 4566789p 2z,1,1,5,12,0
20260403151827_0400_036,20260403151827_0400,20260403151827,400,3,1963414,93,6s,estimated_tsumogiri,1775198603,1914.639,,3,206.472,"[33,36,50,51,57,59,66,69,83,87,90,98,109]","[52,15,120,123,53,28,46,96,16,97,30,122,44]","[47,89,49,94,32,103,26,99,29,102,11,12,85]","[10,64,48,55,56,113,14,71,61,17,58]",9m 1446689p 3457s 1z,4r588m 33r55p 77s 444z,34789m 34p 456788s,345m 4566789p 2z,,,,,
20260403151827_0400_037,20260403151827_0400,20260403151827,400,0,パシフィック,128,6z,confirmed_tsumogiri,1775198603,489.32,,0,,"[33,36,50,51,57,59,66,69,83,87,90,98,109]","[52,15,120,123,53,28,46,96,16,97,30,122,44]","[47,89,49,94,32,103,26,99,29,102,11,12,85]","[10,64,48,55,56,113,14,71,61,17,58]",9m 1446689p 3457s 1z,4r588m 33r55p 77s 444z,34789m 34p 456788s,345m 4566789p 2z,3,3,4,9,0
20260403151827_0400_038,20260403151827_0400,20260403151827,400,1,masa1125,28,8m,confirmed_tedashi,1775198610,6343.374,,3,2230.107,"[33,36,50,51,57,59,66,69,83,87,90,98,109]","[52,15,120,123,53,46,96,16,97,30,122,44,9]","[47,89,49,94,32,103,26,99,29,102,11,12,85]","[10,64,48,55,56,113,14,71,61,17,58]",9m 1446689p 3457s 1z,34r58m 33r55p 77s 444z,34789m 34p 456788s,345m 4566789p 2z,1,1,2,11,0
20260403151827_0400_039,20260403151827_0400,20260403151827,400,2,はまはまみこみこ,3,1m,estimated_tsumogiri,1775198614,2202.475,,0,,"[33,36,50,51,57,59,66,69,83,87,90,98,109]","[52,15,120,123,53,46,96,16,97,30,122,44,9]","[47,89,49,94,32,103,26,99,29,102,11,12,85]","[10,64,48,55,56,113,14,71,61,17,58]",9m 1446689p 3457s 1z,34r58m 33r55p 77s 444z,34789m 34p 456788s,345m 4566789p 2z,1,1,5,12,0
20260403151827_0400_040,20260403151827_0400,20260403151827,400,3,1963414,108,1z,estimated_tsumogiri,1775198616,2307.364,,0,,"[33,36,50,51,57,59,66,69,83,87,90,98,109]","[52,15,120,123,53,46,96,16,97,30,122,44,9]","[47,89,49,94,32,103,26,99,29,102,11,12,85]","[10,64,48,55,56,113,14,71,61,17,58]",9m 1446689p 3457s 1z,34r58m 33r55p 77s 444z,34789m 34p 456788s,345m 4566789p 2z,,,,,
20260403151827_0400_041,20260403151827_0400,20260403151827,400,0,パシフィック,63,7p,confirmed_tsumogiri,1775198617,699.55,,0,,"[33,36,50,51,57,59,66,69,83,87,90,98,109]","[52,15,120,123,53,46,96,16,97,30,122,44,9]","[47,89,49,94,32,103,26,99,29,102,11,12,85]","[10,64,48,55,56,113,14,71,61,17,58]",9m 1446689p 3457s 1z,34r58m 33r55p 77s 444z,34789m 34p 456788s,345m 4566789p 2z,3,3,4,9,0
20260403151827_0400_042,20260403151827_0400,20260403151827,400,1,masa1125,44,3p,confirmed_tedashi,1775198623,5569.565,,0,,"[33,36,50,51,57,59,66,69,83,87,90,98,109]","[52,15,120,123,53,46,96,16,97,30,122,9,25]","[47,89,49,94,32,103,26,99,29,102,11,12,85]","[10,64,48,55,56,113,14,71,61,17,58]",9m 1446689p 3457s 1z,34r578m 3r55p 77s 444z,34789m 34p 456788s,345m 4566789p 2z,1,1,3,11,0
20260403151827_0500_000,20260403151827_0500,20260403151827,500,2,はまはまみこみこ,118,3z,confirmed_tedashi,1775198637,4704.657,,3,1923.844,"[15,107,122,66,62,4,121]","[13,59,133,12,130,42,20,47,54,88,31,60,115]","[113,39,86,63,50,14,96,69,84,53,98,134,67]","[116,18,19,28,95,102,57,119,64,5,30,27,80]",24m 78p 9s 44z,4468m 23567p r5s 267z,4m 145789p 4477s 27z,255788m 68p 368s 33z,3,3,4,9,0
20260403151827_0500_001,20260403151827_0500,20260403151827,500,3,1963414,5,2m,confirmed_tedashi,1775198643,3451.495,,0,,"[15,107,122,66,62,4,121]","[13,59,133,12,130,42,20,47,54,88,31,60,115]","[113,39,86,63,50,14,96,69,84,53,98,134,67]","[116,18,19,28,95,102,57,119,64,30,27,80,58]",24m 78p 9s 44z,4468m 23567p r5s 267z,4m 145789p 4477s 27z,55788m 668p 368s 33z,2,3,2,11,0
20260403151827_0500_002,20260403151827_0500,20260403151827,500,0,パシフィック,51,4p,confirmed_tsumogiri,1775198650,1660.358,,3,3431.392,"[15,107,122,66,62,4,121]","[13,59,133,12,130,42,20,47,54,88,31,60,115]","[113,39,86,63,50,14,96,69,84,53,98,134,67]","[116,18,19,28,95,102,57,119,64,30,27,80,58]",24m 78p 9s 44z,4468m 23567p r5s 267z,4m 145789p 4477s 27z,55788m 668p 368s 33z,1,1,,,0
20260403151827_0500_003,20260403151827_0500,20260403151827,500,1,masa1125,115,2z,confirmed_tedashi,1775198655,2294.985,,0,,"[15,107,122,66,62,4,121]","[13,59,133,12,130,42,20,47,54,88,31,60,16]","[113,39,86,63,50,14,96,69,84,53,98,134,67]","[116,18,19,28,95,102,57,119,64,30,27,80,58]",24m 78p 9s 44z,44r568m 23567p r5s 67z,4m 145789p 4477s 27z,55788m 668p 368s 33z,3,3,5,11,0
20260403151827_0500_004,20260403151827_0500,20260403151827,500,2,はまはまみこみこ,39,1p,confirmed_tedashi,1775198658,2652.377,,0,,"[15,107,122,66,62,4,121]","[13,59,133,12,130,42,20,47,54,88,31,60,16]","[113,86,63,50,14,96,69,84,53,98,134,67,34]","[116,18,19,28,95,102,57,119,64,30,27,80,58]",24m 78p 9s 44z,44r568m 23567p r5s 67z,49m 45789p 4477s 27z,55788m 668p 368s 33z,3,3,4,9,0
20260403151827_0500_005,20260403151827_0500,20260403151827,500,3,1963414,119,3z,confirmed_tedashi,1775198661,3091.633,,0,,"[15,107,122,66,62,4,121]","[13,59,133,12,130,42,20,47,54,88,31,60,16]","[113,86,63,50,14,96,69,84,53,98,134,67,34]","[116,18,19,28,95,102,57,64,30,27,80,58,49]",24m 78p 9s 44z,44r568m 23567p r5s 67z,49m 45789p 4477s 27z,55788m 4668p 368s 3z,3,3,3,12,0
20260403151827_0500_006,20260403151827_0500,20260403151827,500,0,パシフィック,85,4s,confirmed_tsumogiri,1775198667,5996.565,,3,3005.362,"[15,107,122,66,62,4,121]","[13,59,133,12,130,42,20,47,54,88,31,60,16]","[113,86,63,50,14,96,69,84,53,98,134,67,34]","[116,18,19,28,95,102,57,64,30,27,80,58,49]",24m 78p 9s 44z,44r568m 23567p r5s 67z,49m 45789p 4477s 27z,55788m 4668p 368s 3z,1,1,,,0
20260403151827_0500_007,20260403151827_0500,20260403151827,500,1,masa1125,130,6z,confirmed_tedashi,1775198672,2233.613,,0,,"[15,107,122,66,62,4,121]","[13,59,133,12,42,20,47,54,88,31,60,16,82]","[113,86,63,50,14,96,69,84,53,98,134,67,34]","[116,18,19,28,95,102,57,64,30,27,80,58,49]",24m 78p 9s 44z,44r568m 23567p 3r5s 7z,49m 45789p 4477s 27z,55788m 4668p 368s 3z,2,2,5,12,0
20260403151827_0500_008,20260403151827_0500,20260403151827,500,2,はまはまみこみこ,34,9m,confirmed_tedashi,1775198675,2317.586,,2,3978.756,"[15,107,122,66,62,4,121]","[13,59,133,12,42,20,47,54,88,31,60,16,82]","[113,86,63,50,14,96,69,84,53,98,134,67,56]","[116,18,19,28,95,102,57,64,30,27,80,58,49]",24m 78p 9s 44z,44r568m 23567p 3r5s 7z,4m 456789p 4477s 27z,55788m 4668p 368s 3z,2,2,4,10,0
20260403151827_0500_009,20260403151827_0500,20260403151827,500,0,パシフィック,77,2s,confirmed_tedashi,1775198681,2423.752,,0,,"[15,107,122,66,62,4,121]","[13,59,133,12,42,20,47,54,88,31,60,16,82]","[113,86,63,50,14,96,69,84,53,98,134,67,56]","[116,18,19,28,95,102,57,64,30,27,80,58,49]",24m 78p 9s 44z,44r568m 23567p 3r5s 7z,4m 456789p 4477s 27z,55788m 4668p 368s 3z,1,1,,,0
20260403151827_0500_010,20260403151827_0500,20260403151827,500,1,masa1125,133,7z,confirmed_tedashi,1775198684,2545.179,,0,,"[15,107,122,66,62,4,121]","[13,59,12,42,20,47,54,88,31,60,16,82,114]","[113,86,63,50,14,96,69,84,53,98,134,67,56]","[116,18,19,28,95,102,57,64,30,27,80,58,49]",24m 78p 9s 44z,44r568m 23567p 3r5s 2z,4m 456789p 4477s 27z,55788m 4668p 368s 3z,2,2,5,12,0
20260403151827_0500_011,20260403151827_0500,20260403151827,500,2,はまはまみこみこ,113,2z,confirmed_tedashi,1775198687,3583.297,,0,,"[15,107,122,66,62,4,121]","[13,59,12,42,20,47,54,88,31,60,16,82,114]","[86,63,50,14,96,69,84,53,98,134,67,56,79]","[116,18,19,28,95,102,57,64,30,27,80,58,49]",24m 78p 9s 44z,44r568m 23567p 3r5s 2z,4m 456789p 24477s 7z,55788m 4668p 368s 3z,2,2,4,11,0
20260403151827_0500_012,20260403151827_0500,20260403151827,500,3,1963414,120,4z,estimated_tsumogiri,1775198691,3942.607,,3,204.563,"[15,107,122,66,62,4,121]","[13,59,12,42,20,47,54,88,31,60,16,82,114]","[86,63,50,14,96,69,84,53,98,134,67,56,79]","[116,18,19,28,95,102,57,64,30,27,80,58,49]",24m 78p 9s 44z,44r568m 23567p 3r5s 2z,4m 456789p 24477s 7z,55788m 4668p 368s 3z,3,3,3,12,0
20260403151827_0500_013,20260403151827_0500,20260403151827,500,0,パシフィック,17,5m,confirmed_tsumogiri,1775198692,485.397,,3,3891.947,"[15,107,122,66,62,4,121]","[13,59,12,42,20,47,54,88,31,60,16,82,114]","[86,63,50,14,96,69,84,53,98,134,67,56,79]","[116,18,19,28,95,102,57,64,30,27,80,58,49]",24m 78p 9s 44z,44r568m 23567p 3r5s 2z,4m 456789p 24477s 7z,55788m 4668p 368s 3z,1,1,,,0
20260403151827_0500_014,20260403151827_0500,20260403151827,500,1,masa1125,114,2z,confirmed_tedashi,1775198698,2273.841,,0,,"[15,107,122,66,62,4,121]","[13,59,12,42,20,47,54,88,31,60,16,82,48]","[86,63,50,14,96,69,84,53,98,134,67,56,79]","[116,18,19,28,95,102,57,64,30,27,80,58,49]",24m 78p 9s 44z,44r568m 234567p 3r5s,4m 456789p 24477s 7z,55788m 4668p 368s 3z,1,1,5,13,0
20260403151827_0500_015,20260403151827_0500,20260403151827,500,2,はまはまみこみこ,68,9p,estimated_tsumogiri,1775198704,5892.546,,0,,"[15,107,122,66,62,4,121]","[13,59,12,42,20,47,54,88,31,60,16,82,48]","[86,63,50,14,96,69,84,53,98,134,67,56,79]","[116,18,19,28,95,102,57,64,30,27,80,58,49]",24m 78p 9s 44z,44r568m 234567p 3r5s,4m 456789p 24477s 7z,55788m 4668p 368s 3z,2,2,4,11,0
20260403151827_0500_016,20260403151827_0500,20260403151827,500,3,1963414,1,1m,estimated_tsumogiri,1775198706,2426.939,,0,,"[15,107,122,66,62,4,121]","[13,59,12,42,20,47,54,88,31,60,16,82,48]","[86,63,50,14,96,69,84,53,98,134,67,56,79]","[116,18,19,28,95,102,57,64,30,27,80,58,49]",24m 78p 9s 44z,44r568m 234567p 3r5s,4m 456789p 24477s 7z,55788m 4668p 368s 3z,3,3,3,12,0
20260403151827_0500_017,20260403151827_0500,20260403151827,500,0,パシフィック,52,r5p,confirmed_tsumogiri,1775198707,710.155,,3,3490.251,"[15,107,122,66,62,4,121]","[13,59,12,42,20,47,54,88,31,60,16,82,48]","[86,63,50,14,96,69,84,53,98,134,67,56,79]","[116,18,19,28,95,102,57,64,30,27,80,58,49]",24m 78p 9s 44z,44r568m 234567p 3r5s,4m 456789p 24477s 7z,55788m 4668p 368s 3z,1,1,,,0
20260403151827_0500_018,20260403151827_0500,20260403151827,500,1,masa1125,31,8m,confirmed_tedashi,1775198720,9619.025,,3,1740.497,"[15,107,122,66,62,4,121]","[13,59,12,42,20,47,54,88,60,16,82,48,24]","[86,63,50,14,96,69,84,53,98,134,67,56,79]","[116,18,19,28,95,102,57,64,30,27,80,58,49]",24m 78p 9s 44z,44r567m 234567p 3r5s,4m 456789p 24477s 7z,55788m 4668p 368s 3z,0,0,5,13,0
20260403151827_0500_019,20260403151827_0500,20260403151827,500,2,はまはまみこみこ,134,7z,confirmed_tedashi,1775198725,2611.031,,0,,"[15,107,122,66,62,4,121]","[13,59,12,42,20,47,54,88,60,16,82,48,24]","[86,63,50,14,96,69,84,53,98,67,56,79,55]","[116,18,19,28,95,102,57,64,30,27,80,58,49]",24m 78p 9s 44z,44r567m 234567p 3r5s,4m 4556789p 24477s,55788m 4668p 368s 3z,2,2,3,12,0
20260403151827_0500_020,20260403151827_0500,20260403151827,500,3,1963414,123,4z,estimated_tsumogiri,1775198727,2338.02,,3,223.02,"[15,107,122,66,62,4,121]","[13,59,12,42,20,47,54,88,60,16,82,48,24]","[86,63,50,14,96,69,84,53,98,67,56,79,55]","[116,18,19,28,95,102,57,64,30,27,80,58,49]",24m 78p 9s 44z,44r567m 234567p 3r5s,4m 4556789p 24477s,55788m 4668p 368s 3z,3,3,3,12,0
20260403151827_0500_021,20260403151827_0500,20260403151827,500,0,パシフィック,97,7s,confirmed_tsumogiri,1775198728,486.02,,3,7428.634,"[15,107,122,66,62,4,121]","[13,59,12,42,20,47,54,88,60,16,82,48,24]","[86,63,50,14,96,69,84,53,98,67,56,79,55]","[116,18,19,28,95,102,57,64,30,27,80,58,49]",24m 78p 9s 44z,44r567m 234567p 3r5s,4m 4556789p 24477s,55788m 4668p 368s 3z,1,1,,,0
20260403151827_0500_022,20260403151827_0500,20260403151827,500,1,masa1125,37,1p,estimated_tsumogiri,1775198740,1457.993,3425.707,0,,"[15,107,122,66,62,4,121]","[13,59,12,42,20,47,54,88,60,16,82,48,24]","[86,63,50,14,96,69,84,53,98,67,56,79,55]","[116,18,19,28,95,102,57,64,30,27,80,58,49]",24m 78p 9s 44z,44r567m 234567p 3r5s,4m 4556789p 24477s,55788m 4668p 368s 3z,0,0,5,13,0
20260403151827_0500_023,20260403151827_0500,20260403151827,500,2,はまはまみこみこ,103,8s,estimated_tsumogiri,1775198745,4785.267,,0,,"[15,107,122,66,62,4,121]","[13,59,12,42,20,47,54,88,60,16,82,48,24]","[86,63,50,14,96,69,84,53,98,67,56,79,55]","[116,18,19,28,95,102,57,64,30,27,80,58,49]",24m 78p 9s 44z,44r567m 234567p 3r5s,4m 4556789p 24477s,55788m 4668p 368s 3z,2,2,3,12,0
20260403151827_0500_024,20260403151827_0500,20260403151827,500,3,1963414,36,1p,estimated_tsumogiri,1775198748,3294.776,,0,,"[15,107,122,66,62,4,121]","[13,59,12,42,20,47,54,88,60,16,82,48,24]","[86,63,50,14,96,69,84,53,98,67,56,79,55]","[116,18,19,28,95,102,57,64,30,27,80,58,49]",24m 78p 9s 44z,44r567m 234567p 3r5s,4m 4556789p 24477s,55788m 4668p 368s 3z,3,3,3,12,0
20260403151827_0500_025,20260403151827_0500,20260403151827,500,0,パシフィック,87,4s,confirmed_tsumogiri,1775198749,687.281,,0,,"[15,107,122,66,62,4,121]","[13,59,12,42,20,47,54,88,60,16,82,48,24]","[86,63,50,14,96,69,84,53,98,67,56,79,55]","[116,18,19,28,95,102,57,64,30,27,80,58,49]",24m 78p 9s 44z,44r567m 234567p 3r5s,4m 4556789p 24477s,55788m 4668p 368s 3z,1,1,,,0
20260403151827_0500_026,20260403151827_0500,20260403151827,500,1,masa1125,926245,,confirmed_tedashi,1775198824,,,0,,"[15,107,122,66,62,4,121]",,,,24m 78p 9s 44z,,,,,,,,
20260403151827_0500_027,20260403151827_0500,20260403151827,500,0,パシフィック,55,5p,confirmed_tedashi,1775198824,,,0,,"[15,107,122,66,62,4,121]",,,,24m 78p 9s 44z,,,,1,1,,,0
20260403151827_0500_028,20260403151827_0500,20260403151827,500,1,masa1125,4,2m,confirmed_tedashi,1775198824,,,0,,"[15,107,122,66,62,4,121]",,,,24m 78p 9s 44z,,,,,,,,
20260403151827_0500_029,20260403151827_0500,20260403151827,500,2,はまはまみこみこ,56,6p,confirmed_tedashi,1775198824,0,,0,,"[15,107,122,66,62,4,121]",,,,24m 78p 9s 44z,,,,,,,,
20260403151827_0500_030,20260403151827_0500,20260403151827,500,1,masa1125,926245,,confirmed_tedashi,1775198824,,,0,,"[15,107,122,66,62,4,121]",,,,24m 78p 9s 44z,,,,,,,,
20260403151827_0500_031,20260403151827_0500,20260403151827,500,0,パシフィック,55,5p,confirmed_tedashi,1775198824,,,0,,"[15,107,122,66,62,4,121]",,,,24m 78p 9s 44z,,,,1,1,,,0
20260403151827_0500_032,20260403151827_0500,20260403151827,500,1,masa1125,4,2m,confirmed_tedashi,1775198824,,,0,,"[15,107,122,66,62,4,121]",,,,24m 78p 9s 44z,,,,,,,,
20260403151827_0500_033,20260403151827_0500,20260403151827,500,2,はまはまみこみこ,56,6p,confirmed_tedashi,1775198824,,,0,,"[15,107,122,66,62,4,121]",,,,24m 78p 9s 44z,,,,,,,,
20260403160620_0000_000,20260403160620_0000,20260403160620,0,2,北北のヨッシーⅡ,124,5z,confirmed_tedashi,1775199999,18601.334,,3,189.242,"[86,93,14,4,125,26,119,27,28,126,19,12,33]","[104,88,98,52,3,7,23,17,109,45,111,48,37]","[59,95,43,87,61,22,97,60,13,25,50,96,46]","[42,113,105,102,62,107,54,101,121,39,35,132,77]",24457789m 46s 355z,1256m 134r5p r579s 11z,467m 234677p 4677s,9m 1257p 28899s 247z,2,2,4,13,0
20260403160620_0000_001,20260403160620_0000,20260403160620,0,3,マオマオ,121,4z,confirmed_tedashi,1775200002,3632.453,,0,,"[86,93,14,4,125,26,119,27,28,126,19,12,33]","[104,88,98,52,3,7,23,17,109,45,111,48,37]","[59,95,43,87,61,22,97,60,13,25,50,96,46]","[42,113,105,102,62,107,54,101,39,35,132,77,32]",24457789m 46s 355z,1256m 134r5p r579s 11z,467m 234677p 4677s,99m 1257p 28899s 27z,3,3,3,7,0
20260403160620_0000_002,20260403160620_0000,20260403160620,0,0,パシフィック,49,4p,confirmed_tsumogiri,1775200003,692.778,,3,2499.97,"[86,93,14,4,125,26,119,27,28,126,19,12,33]","[104,88,98,52,3,7,23,17,109,45,111,48,37]","[59,95,43,87,61,22,97,60,13,25,50,96,46]","[42,113,105,102,62,107,54,101,39,35,132,77,32]",24457789m 46s 355z,1256m 134r5p r579s 11z,467m 234677p 4677s,99m 1257p 28899s 27z,2,2,3,9,0
20260403160620_0000_003,20260403160620_0000,20260403160620,0,1,キクジ,7,2m,confirmed_tedashi,1775200009,2895.406,,0,,"[86,93,14,4,125,26,119,27,28,126,19,12,33]","[104,88,98,52,3,23,17,109,45,111,48,37,57]","[59,95,43,87,61,22,97,60,13,25,50,96,46]","[42,113,105,102,62,107,54,101,39,35,132,77,32]",24457789m 46s 355z,156m 134r56p r579s 11z,467m 234677p 4677s,99m 1257p 28899s 27z,2,2,5,8,0
20260403160620_0000_004,20260403160620_0000,20260403160620,0,2,北北のヨッシーⅡ,96,7s,confirmed_tedashi,1775200011,2360.72,,3,1805.858,"[86,93,14,4,125,26,119,27,28,126,19,12,33]","[104,88,98,52,3,23,17,109,45,111,48,37,57]","[59,95,43,87,61,22,97,60,13,25,50,46,85]","[42,113,105,102,62,107,54,101,39,35,132,77,32]",24457789m 46s 355z,156m 134r56p r579s 11z,467m 234677p 4467s,99m 1257p 28899s 27z,2,2,4,13,1
20260403160620_0000_005,20260403160620_0000,20260403160620,0,3,マオマオ,5,2m,estimated_tsumogiri,1775200015,2648.855,,0,,"[86,93,14,4,125,26,119,27,28,126,19,12,33]","[104,88,98,52,3,23,17,109,45,111,48,37,57]","[59,95,43,87,61,22,97,60,13,25,50,46,85]","[42,113,105,102,62,107,54,101,39,35,132,77,32]",24457789m 46s 355z,156m 134r56p r579s 11z,467m 234677p 4467s,99m 1257p 28899s 27z,3,3,3,7,0
20260403160620_0000_006,20260403160620_0000,20260403160620,0,0,パシフィック,36,1p,confirmed_tsumogiri,1775200016,689.709,,0,,"[86,93,14,4,125,26,119,27,28,126,19,12,33]","[104,88,98,52,3,23,17,109,45,111,48,37,57]","[59,95,43,87,61,22,97,60,13,25,50,46,85]","[42,113,105,102,62,107,54,101,39,35,132,77,32]",24457789m 46s 355z,156m 134r56p r579s 11z,467m 234677p 4467s,99m 1257p 28899s 27z,2,2,3,9,0
20260403160620_0000_007,20260403160620_0000,20260403160620,0,1,キクジ,3,1m,confirmed_tedashi,1775200020,3936.846,,0,,"[86,93,14,4,125,26,119,27,28,126,19,12,33]","[104,88,98,52,23,17,109,45,111,48,37,57,120]","[59,95,43,87,61,22,97,60,13,25,50,46,85]","[42,113,105,102,62,107,54,101,39,35,132,77,32]",24457789m 46s 355z,56m 134r56p r579s 114z,467m 234677p 4467s,99m 1257p 28899s 27z,2,2,5,8,0
20260403160620_0000_008,20260403160620_0000,20260403160620,0,2,北北のヨッシーⅡ,95,6s,confirmed_tedashi,1775200023,2963.137,,0,,"[86,93,14,4,125,26,119,27,28,126,19,12,33]","[104,88,98,52,23,17,109,45,111,48,37,57,120]","[59,43,87,61,22,97,60,13,25,50,46,85,94]","[42,113,105,102,62,107,54,101,39,35,132,77,32]",24457789m 46s 355z,56m 134r56p r579s 114z,467m 234677p 4467s,99m 1257p 28899s 27z,2,2,4,13,1
20260403160620_0000_009,20260403160620_0000,20260403160620,0,3,マオマオ,62,7p,confirmed_tedashi,1775200029,6245.431,,3,2556.947,"[86,93,14,4,125,26,119,27,28,126,19,12,33]","[104,88,98,52,23,17,109,45,111,48,37,57,120]","[59,43,87,61,22,97,60,13,25,50,46,85,94]","[42,113,105,102,107,54,101,39,35,132,77,32,40]",24457789m 46s 355z,56m 134r56p r579s 114z,467m 234677p 4467s,99m 1225p 28899s 27z,2,4,2,7,0
20260403160620_0000_012,20260403160620_0000,20260403160620,0,2,北北のヨッシーⅡ,13,4m,confirmed_tedashi,1775200041,3081.262,,2,1545.761,"[4,12,14,19,26,27,28,33,86,93,119,125,126]","[104,88,98,52,23,17,109,45,111,48,37,57,120]","[59,43,87,61,22,97,60,25,50,46,85,94,29]","[42,113,105,102,107,54,101,39,35,132,77,32,40]",24457789m 46s 355z,56m 134r56p r579s 114z,678m 234677p 4467s,99m 1225p 28899s 27z,1,1,4,13,0
20260403160620_0000_013,20260403160620_0000,20260403160620,0,0,パシフィック,26,7m,confirmed_tedashi,1775200044,1011.33,,2,4055.052,"[4,19,27,28,33,86,93,119,125,126]","[104,88,98,52,23,17,109,45,111,48,37,57,120]","[59,43,87,61,22,97,60,25,50,46,85,94,29]","[42,113,105,102,107,54,101,39,35,132,77,32,40]",25789m 46s 355z,56m 134r56p r579s 114z,678m 234677p 4467s,99m 1225p 28899s 27z,2,2,,,0
20260403160620_0000_014,20260403160620_0000,20260403160620,0,1,キクジ,104,9s,confirmed_tedashi,1775200050,2109.076,,3,2588.201,"[4,19,27,28,33,86,93,119,125,126]","[88,98,52,109,45,111,48,37,57,120]","[59,43,87,61,22,97,60,25,50,46,85,94,29]","[42,113,105,102,107,54,101,39,35,132,77,32,40]",25789m 46s 355z,134r56p r57s 114z,678m 234677p 4467s,99m 1225p 28899s 27z,1,1,,,0
20260403160620_0000_015,20260403160620_0000,20260403160620,0,2,北北のヨッシーⅡ,60,7p,confirmed_tedashi,1775200055,2678.934,,0,,"[4,19,27,28,33,86,93,119,125,126]","[88,98,52,109,45,111,48,37,57,120]","[59,43,87,61,22,97,25,50,46,85,94,29,112]","[42,113,105,102,107,54,101,39,35,132,77,32,40]",25789m 46s 355z,134r56p r57s 114z,678m 23467p 4467s 2z,99m 1225p 28899s 27z,1,1,5,12,1
20260403160620_0000_016,20260403160620_0000,20260403160620,0,3,マオマオ,39,1p,confirmed_tedashi,1775200060,4596.355,,0,,"[4,19,27,28,33,86,93,119,125,126]","[88,98,52,109,45,111,48,37,57,120]","[59,43,87,61,22,97,25,50,46,85,94,29,112]","[42,113,105,102,107,54,101,35,132,77,32,40,81]",25789m 46s 355z,134r56p r57s 114z,678m 23467p 4467s 2z,99m 225p 238899s 27z,2,3,2,8,0
20260403160620_0000_017,20260403160620_0000,20260403160620,0,0,パシフィック,86,4s,confirmed_tedashi,1775200061,1276.145,,3,1741.134,"[4,19,27,28,33,93,119,125,126,76]","[88,98,52,109,45,111,48,37,57,120]","[59,43,87,61,22,97,25,50,46,85,94,29,112]","[42,113,105,102,107,54,101,35,132,77,32,40,81]",25789m 26s 355z,134r56p r57s 114z,678m 23467p 4467s 2z,99m 225p 238899s 27z,3,3,,,0
20260403160620_0000_018,20260403160620_0000,20260403160620,0,1,キクジ,74,1s,estimated_tsumogiri,1775200065,2297.214,,0,,"[4,19,27,28,33,93,119,125,126,76]","[88,98,52,109,45,111,48,37,57,120]","[59,43,87,61,22,97,25,50,46,85,94,29,112]","[42,113,105,102,107,54,101,35,132,77,32,40,81]",25789m 26s 355z,134r56p r57s 114z,678m 23467p 4467s 2z,99m 225p 238899s 27z,1,1,,,0
20260403160620_0000_019,20260403160620_0000,20260403160620,0,2,北北のヨッシーⅡ,0,1m,estimated_tsumogiri,1775200068,2697.363,,0,,"[4,19,27,28,33,93,119,125,126,76]","[88,98,52,109,45,111,48,37,57,120]","[59,43,87,61,22,97,25,50,46,85,94,29,112]","[42,113,105,102,107,54,101,35,132,77,32,40,81]",25789m 26s 355z,134r56p r57s 114z,678m 23467p 4467s 2z,99m 225p 238899s 27z,1,1,5,12,0
20260403160620_0000_020,20260403160620_0000,20260403160620,0,3,マオマオ,123,4z,estimated_tsumogiri,1775200070,2537.089,,0,,"[4,19,27,28,33,93,119,125,126,76]","[88,98,52,109,45,111,48,37,57,120]","[59,43,87,61,22,97,25,50,46,85,94,29,112]","[42,113,105,102,107,54,101,35,132,77,32,40,81]",25789m 26s 355z,134r56p r57s 114z,678m 23467p 4467s 2z,99m 225p 238899s 27z,2,3,2,8,0
20260403160620_0000_021,20260403160620_0000,20260403160620,0,0,パシフィック,93,6s,confirmed_tedashi,1775200073,2363.23,,2,2331.337,"[4,19,27,28,33,119,125,126,76,115]","[88,98,52,109,45,111,48,37,57,120]","[59,43,87,61,22,97,25,50,46,85,94,29,112]","[42,113,105,102,107,54,101,35,132,77,32,40,81]",25789m 2s 2355z,134r56p r57s 114z,678m 23467p 4467s 2z,99m 225p 238899s 27z,3,3,,,0
20260403160620_0000_022,20260403160620_0000,20260403160620,0,1,キクジ,120,4z,confirmed_tedashi,1775200077,1866.962,,0,,"[4,19,27,28,33,119,125,126,76,115]","[52,109,45,111,48,37,57]","[59,43,87,61,22,97,25,50,46,85,94,29,112]","[42,113,105,102,107,54,101,35,132,77,32,40,81]",25789m 2s 2355z,134r56p 11z,678m 23467p 4467s 2z,99m 225p 238899s 27z,0,0,,,0
20260403160620_0000_023,20260403160620_0000,20260403160620,0,2,北北のヨッシーⅡ,112,2z,confirmed_tedashi,1775200080,1471.519,2030.179,0,,"[4,19,27,28,33,119,125,126,76,115]","[52,109,45,111,48,37,57]","[59,43,87,61,22,97,25,50,46,85,94,29,103]","[42,113,105,102,107,54,101,35,132,77,32,40,81]",25789m 2s 2355z,134r56p 11z,678m 23467p 44678s,99m 225p 238899s 27z,0,0,5,13,0
20260403160620_0000_024,20260403160620_0000,20260403160620,0,3,マオマオ,113,2z,confirmed_tedashi,1775200082,2022.396,,0,,"[4,19,27,28,33,119,125,126,76,115]","[52,109,45,111,48,37,57]","[59,43,87,61,22,97,25,50,46,85,94,29,103]","[42,105,102,107,54,101,35,132,77,32,40,81,135]",25789m 2s 2355z,134r56p 11z,678m 23467p 44678s,99m 225p 238899s 77z,1,3,1,9,0
20260403160620_0001_000,20260403160620_0001,20260403160620,1,2,北北のヨッシーⅡ,38,1p,estimated_tsumogiri,1775200103,8553.309,,3,1375.631,"[82,43,60,7,27,10,13,31,93,106,97,45,28]","[135,4,121,59,26,35,75,44,68,23,36,76,74]","[17,16,89,133,24,46,107,51,111,112,91,123,120]","[57,32,3,11,41,128,105,47,124,54,78,2,58]",234788m 237p 3679s,2679m 1369p 112s 47z,r557m 34p 559s 12447z,1139m 23566p 29s 56z,3,4,3,7,0
20260403160620_0001_001,20260403160620_0001,20260403160620,1,3,マオマオ,32,9m,confirmed_tedashi,1775200107,2823.807,,2,1735.503,"[82,43,60,7,27,10,13,31,93,106,97,45,28]","[135,4,121,59,26,35,75,44,68,23,36,76,74]","[17,16,89,133,24,46,107,51,111,112,91,123,120]","[57,3,11,41,128,105,47,124,54,78,2,58,110]",234788m 237p 3679s,2679m 1369p 112s 47z,r557m 34p 559s 12447z,113m 23566p 29s 156z,4,5,4,7,0
20260403160620_0001_002,20260403160620_0001,20260403160620,1,0,パシフィック,43,2p,confirmed_tedashi,1775200110,941.019,,2,2791.153,"[82,60,7,10,13,31,93,106,97,45]","[135,4,121,59,26,35,75,44,68,23,36,76,74]","[17,16,89,133,24,46,107,51,111,112,91,123,120]","[57,3,11,41,128,105,47,124,54,78,2,58,110]",2348m 37p 3679s,2679m 1369p 112s 47z,r557m 34p 559s 12447z,113m 23566p 29s 156z,3,3,,,0
20260403160620_0001_003,20260403160620_0001,20260403160620,1,1,キクジ,23,6m,confirmed_tedashi,1775200115,1967.688,,3,2374.608,"[82,60,7,10,13,31,93,106,97,45]","[135,4,121,59,26,35,75,68,76,74]","[17,16,89,133,24,46,107,51,111,112,91,123,120]","[57,3,11,41,128,105,47,124,54,78,2,58,110]",2348m 37p 3679s,279m 69p 112s 47z,r557m 34p 559s 12447z,113m 23566p 29s 156z,4,4,,,0
20260403160620_0001_004,20260403160620_0001,20260403160620,1,2,北北のヨッシーⅡ,112,2z,confirmed_tedashi,1775200120,2503.89,,0,,"[82,60,7,10,13,31,93,106,97,45]","[135,4,121,59,26,35,75,68,76,74]","[17,16,89,133,24,46,107,51,111,91,123,120,80]","[57,3,11,41,128,105,47,124,54,78,2,58,110]",2348m 37p 3679s,279m 69p 112s 47z,r557m 34p 3559s 1447z,113m 23566p 29s 156z,3,4,3,8,0
20260403160620_0001_005,20260403160620_0001,20260403160620,1,3,マオマオ,128,6z,confirmed_tedashi,1775200122,2042.942,,0,,"[82,60,7,10,13,31,93,106,97,45]","[135,4,121,59,26,35,75,68,76,74]","[17,16,89,133,24,46,107,51,111,91,123,120,80]","[57,3,11,41,105,47,124,54,78,2,58,110,96]",2348m 37p 3679s,279m 69p 112s 47z,r557m 34p 3559s 1447z,113m 23566p 279s 15z,4,4,4,8,0
20260403160620_0001_006,20260403160620_0001,20260403160620,1,0,パシフィック,82,3s,confirmed_tedashi,1775200124,2092.119,,2,2304.429,"[60,7,10,13,31,93,106,97,45,127]","[135,4,121,59,26,35,75,68,76,74]","[17,16,89,133,24,46,107,51,111,91,123,120,80]","[57,3,11,41,105,47,124,54,78,2,58,110,96]",2348m 37p 679s 5z,279m 69p 112s 47z,r557m 34p 3559s 1447z,113m 23566p 279s 15z,3,3,,,0
20260403160620_0001_007,20260403160620_0001,20260403160620,1,1,キクジ,59,6p,confirmed_tedashi,1775200128,1604.313,,0,,"[60,7,10,13,31,93,106,97,45,127]","[135,4,121,26,35,75,68]","[17,16,89,133,24,46,107,51,111,91,123,120,80]","[57,3,11,41,105,47,124,54,78,2,58,110,96]",2348m 37p 679s 5z,279m 9p 1s 47z,r557m 34p 3559s 1447z,113m 23566p 279s 15z,3,3,,,0
20260403160620_0001_009,20260403160620_0001,20260403160620,1,2,北北のヨッシーⅡ,133,7z,confirmed_tedashi,1775200142,1263.511,,0,,"[7,10,13,31,45,60,93,97,106,127]",,,,2348m 37p 679s 5z,,,,,,,,
20260403160620_0001_010,20260403160620_0001,20260403160620,1,3,マオマオ,124,5z,confirmed_tedashi,1775200144,1801.021,,0,,"[7,10,13,31,45,60,93,97,106,127]",,,,2348m 37p 679s 5z,,,,,,,,
20260403160620_0001_011,20260403160620_0001,20260403160620,1,0,パシフィック,87,4s,confirmed_tsumogiri,1775200146,2261.235,,0,,"[7,10,13,31,45,60,93,97,106,127]",,,,2348m 37p 679s 5z,,,,3,3,,,0
20260403160620_0001_012,20260403160620_0001,20260403160620,1,1,キクジ,90,5s,estimated_tsumogiri,1775200149,2949.292,,1,1748.34,"[7,10,13,31,45,60,93,97,106,127]",,,,2348m 37p 679s 5z,,,,,,,,
20260403160620_0001_013,20260403160620_0001,20260403160620,1,2,北北のヨッシーⅡ,24,7m,confirmed_tedashi,1775200153,2935.538,,0,,"[7,10,13,31,45,60,93,97,106,127]",,,,2348m 37p 679s 5z,,,,,,,,
20260403160620_0001_014,20260403160620_0001,20260403160620,1,3,マオマオ,78,2s,confirmed_tedashi,1775200156,2971.256,,0,,"[7,10,13,31,45,60,93,97,106,127]",,,,2348m 37p 679s 5z,,,,,,,,
20260403160620_0001_015,20260403160620_0001,20260403160620,1,0,パシフィック,45,3p,confirmed_tedashi,1775200168,11658.836,,0,,"[7,10,13,31,60,93,97,106,127,67]",,,,2348m 78p 679s 5z,,,,2,2,,,0
20260403160620_0001_016,20260403160620_0001,20260403160620,1,1,キクジ,4,2m,confirmed_tedashi,1775200172,3880.099,,0,,"[7,10,13,31,60,93,97,106,127,67]",,,,2348m 78p 679s 5z,,,,,,,,
20260403160620_0001_017,20260403160620_0001,20260403160620,1,2,北北のヨッシーⅡ,9,3m,estimated_tsumogiri,1775200174,2501.194,,0,,"[7,10,13,31,60,93,97,106,127,67]",,,,2348m 78p 679s 5z,,,,,,,,
20260403160620_0001_018,20260403160620_0001,20260403160620,1,3,マオマオ,134,7z,confirmed_tedashi,1775200177,2248.154,,0,,"[7,10,13,31,60,93,97,106,127,67]",,,,2348m 78p 679s 5z,,,,,,,,
20260403160620_0001_019,20260403160620_0001,20260403160620,1,0,パシフィック,126,5z,confirmed_tsumogiri,1775200177,687.786,,0,,"[7,10,13,31,60,93,97,106,127,67]",,,,2348m 78p 679s 5z,,,,2,2,,,0
20260403160620_0001_020,20260403160620_0001,20260403160620,1,1,キクジ,109,1z,confirmed_tedashi,1775200183,6042.601,,0,,"[7,10,13,31,60,93,97,106,127,67]",,,,2348m 78p 679s 5z,,,,,,,,
20260403160620_0001_021,20260403160620_0001,20260403160620,1,2,北北のヨッシーⅡ,73,1s,confirmed_tedashi,1775200188,5059.077,,0,,"[7,10,13,31,60,93,97,106,127,67]",,,,2348m 78p 679s 5z,,,,,,,,
20260403160620_0001_022,20260403160620_0001,20260403160620,1,3,マオマオ,20,6m,confirmed_tedashi,1775200193,4622.405,,0,,"[7,10,13,31,60,93,97,106,127,67]",,,,2348m 78p 679s 5z,,,,,,,,
20260403160620_0001_023,20260403160620_0001,20260403160620,1,0,パシフィック,49,4p,confirmed_tsumogiri,1775200194,683.462,,1,2472.811,"[7,10,13,31,60,93,97,106,127,67]",,,,2348m 78p 679s 5z,,,,2,2,,,0
20260403160620_0001_024,20260403160620_0001,20260403160620,1,1,キクジ,15,4m,estimated_tsumogiri,1775200198,2182.688,,0,,"[7,10,13,31,60,93,97,106,127,67]",,,,2348m 78p 679s 5z,,,,,,,,
20260403160620_0001_025,20260403160620_0001,20260403160620,1,2,北北のヨッシーⅡ,46,3p,confirmed_tedashi,1775200200,1580.528,,1,1713.341,"[7,10,13,31,60,93,97,106,127,67]",,,,2348m 78p 679s 5z,,,,,,,,
20260403160620_0001_026,20260403160620_0001,20260403160620,1,3,マオマオ,86,4s,estimated_tsumogiri,1775200204,1811.55,,0,,"[7,10,13,31,60,93,97,106,127,67]",,,,2348m 78p 679s 5z,,,,,,,,
20260403160620_0001_027,20260403160620_0001,20260403160620,1,0,パシフィック,61,7p,confirmed_tsumogiri,1775200204,694.067,,0,,"[7,10,13,31,60,93,97,106,127,67]",,,,2348m 78p 679s 5z,,,,2,2,,,1
20260403160620_0001_028,20260403160620_0001,20260403160620,1,1,キクジ,14,4m,estimated_tsumogiri,1775200207,2988.18,,0,,"[7,10,13,31,60,93,97,106,127,67]",,,,2348m 78p 679s 5z,,,,,,,,
20260403160620_0001_029,20260403160620_0001,20260403160620,1,2,北北のヨッシーⅡ,51,4p,confirmed_tedashi,1775200211,3851.042,,1,1310.333,"[7,10,13,31,60,93,97,106,127,67]",,,,2348m 78p 679s 5z,,,,,,,,
20260403160620_0001_030,20260403160620_0001,20260403160620,1,3,マオマオ,11,3m,confirmed_tedashi,1775200216,4053.766,,1,216.634,"[7,10,13,31,60,93,97,106,127,67]",,,,2348m 78p 679s 5z,,,,,,,,
20260403160620_0001_031,20260403160620_0001,20260403160620,1,0,パシフィック,1,1m,confirmed_tsumogiri,1775200217,475.097,,1,2306.394,"[7,10,13,31,60,93,97,106,127,67]",,,,2348m 78p 679s 5z,,,,2,2,,,0
20260403160620_0001_032,20260403160620_0001,20260403160620,1,1,キクジ,132,7z,estimated_tsumogiri,1775200222,2598.839,,0,,"[7,10,13,31,60,93,97,106,127,67]",,,,2348m 78p 679s 5z,,,,,,,,
20260403160620_0001_033,20260403160620_0001,20260403160620,1,2,北北のヨッシーⅡ,22,6m,confirmed_tedashi,1775200225,2914.013,,0,,"[7,10,13,31,60,93,97,106,127,67]",,,,2348m 78p 679s 5z,,,,,,,,
20260403160620_0001_034,20260403160620_0001,20260403160620,1,3,マオマオ,105,9s,confirmed_tedashi,1775200228,2687.063,,1,1997.363,"[7,10,13,31,60,93,97,106,127,67]",,,,2348m 78p 679s 5z,,,,,,,,
20260403160620_0001_035,20260403160620_0001,20260403160620,1,0,パシフィック,34,9m,confirmed_tsumogiri,1775200230,197.854,,0,,"[7,10,13,31,60,93,97,106,127,67]",,,,2348m 78p 679s 5z,,,,2,2,,,0
20260403160620_0001_036,20260403160620_0001,20260403160620,1,1,キクジ,62,7p,estimated_tsumogiri,1775200233,3223.003,,0,,"[7,10,13,31,60,93,97,106,127,67]",,,,2348m 78p 679s 5z,,,,,,,,
20260403160620_0001_037,20260403160620_0001,20260403160620,1,2,北北のヨッシーⅡ,6,2m,confirmed_tedashi,1775200236,3240.248,,0,,"[7,10,13,31,60,93,97,106,127,67]",,,,2348m 78p 679s 5z,,,,,,,,
20260403160620_0001_038,20260403160620_0001,20260403160620,1,3,マオマオ,96,7s,confirmed_tedashi,1775200238,1909.262,,0,,"[7,10,13,31,60,93,97,106,127,67]",,,,2348m 78p 679s 5z,,,,,,,,
20260403160620_0001_039,20260403160620_0001,20260403160620,1,0,パシフィック,81,3s,confirmed_tsumogiri,1775200239,692.183,,0,,"[7,10,13,31,60,93,97,106,127,67]",,,,2348m 78p 679s 5z,,,,2,2,,,0
20260403160620_0001_040,20260403160620_0001,20260403160620,1,1,キクジ,8,3m,estimated_tsumogiri,1775200243,3892.335,,0,,"[7,10,13,31,60,93,97,106,127,67]",,,,2348m 78p 679s 5z,,,,,,,,
20260403160620_0001_041,20260403160620_0001,20260403160620,1,2,北北のヨッシーⅡ,80,3s,confirmed_tedashi,1775200247,1424.016,2818.26,0,,"[7,10,13,31,60,93,97,106,127,67]",,,,2348m 78p 679s 5z,,,,,,,,
20260403160620_0001_042,20260403160620_0001,20260403160620,1,3,マオマオ,66,8p,estimated_tsumogiri,1775200249,2369.674,,0,,"[7,10,13,31,60,93,97,106,127,67]",,,,2348m 78p 679s 5z,,,,,,,,
20260403160620_0001_043,20260403160620_0001,20260403160620,1,0,パシフィック,33,9m,confirmed_tsumogiri,1775200250,710.994,,0,,"[7,10,13,31,60,93,97,106,127,67]",,,,2348m 78p 679s 5z,,,,2,2,,,0
20260403160620_0001_044,20260403160620_0001,20260403160620,1,1,キクジ,26,7m,confirmed_tedashi,1775200258,7903.926,,0,,"[7,10,13,31,60,93,97,106,127,67]",,,,2348m 78p 679s 5z,,,,,,,,
20260403160620_0001_045,20260403160620_0001,20260403160620,1,2,北北のヨッシーⅡ,108,1z,estimated_tsumogiri,1775200259,646.902,,0,,"[7,10,13,31,60,93,97,106,127,67]",,,,2348m 78p 679s 5z,,,,,,,,
20260403160620_0001_046,20260403160620_0001,20260403160620,1,3,マオマオ,37,1p,confirmed_tedashi,1775200264,4866.192,,0,,"[7,10,13,31,60,93,97,106,127,67]",,,,2348m 78p 679s 5z,,,,,,,,
20260403160620_0001_047,20260403160620_0001,20260403160620,1,0,パシフィック,71,9p,confirmed_tsumogiri,1775200264,688.105,,0,,"[7,10,13,31,60,93,97,106,127,67]",,,,2348m 78p 679s 5z,,,,2,2,,,0
20260403163215_0000_000,20260403163215_0000,20260403163215,0000,0,パシフィック,75,1s,confirmed_tedashi,1775201539,3999.78,,1,2917.42,"[16,14,54,108,15,86,13,90,66,103,5,102,51]",,,,2444r5m 458p 4588s 1z,,,,3,3,4,12,0
20260403163215_0000_001,20260403163215_0000,20260403163215,0000,1,エル・シコデリコ,9,3m,confirmed_tedashi,1775201548,5889.426,,0,,"[16,14,54,108,15,86,13,90,66,103,5,102,51]",,,,2444r5m 458p 4588s 1z,,,,,,,,
20260403163215_0000_002,20260403163215_0000,20260403163215,0000,2,k-mori,116,3z,confirmed_tedashi,1775201550,2096.159,,1,3684.135,"[16,14,54,108,15,86,13,90,66,103,5,102,51]",,,,2444r5m 458p 4588s 1z,,,,,,,,
20260403163215_0000_003,20260403163215_0000,20260403163215,0000,2,k-mori,674,,estimated_tsumogiri,1775201555,,,0,,"[16,14,54,108,15,86,13,90,66,103,5,102,51]",,,,2444r5m 458p 4588s 1z,,,,,,,,
20260403163215_0000_004,20260403163215_0000,20260403163215,0000,2,k-mori,674,,estimated_tsumogiri,1775201555,,,1,163.909,"[16,14,54,108,15,86,13,90,66,103,5,102,51]",,,,2444r5m 458p 4588s 1z,,,,,,,,
20260403163215_0000_005,20260403163215_0000,20260403163215,0000,2,k-mori,674,,estimated_tsumogiri,1775201555,,,0,,"[16,14,54,108,15,86,13,90,66,103,5,102,51]",,,,2444r5m 458p 4588s 1z,,,,,,,,
20260403163215_0000_006,20260403163215_0000,20260403163215,0000,2,k-mori,674,,estimated_tsumogiri,1775201555,,,1,157.977,"[16,14,54,108,15,86,13,90,66,103,5,102,51]",,,,2444r5m 458p 4588s 1z,,,,,,,,
20260403163215_0000_007,20260403163215_0000,20260403163215,0000,2,k-mori,674,,estimated_tsumogiri,1775201555,,,1,164.905,"[16,14,54,108,15,86,13,90,66,103,5,102,51]",,,,2444r5m 458p 4588s 1z,,,,,,,,
20260403163215_0000_008,20260403163215_0000,20260403163215,0000,2,k-mori,674,,estimated_tsumogiri,1775201555,,,1,152.92,"[16,14,54,108,15,86,13,90,66,103,5,102,51]",,,,2444r5m 458p 4588s 1z,,,,,,,,
20260403163215_0000_009,20260403163215_0000,20260403163215,0000,2,k-mori,674,,estimated_tsumogiri,1775201555,,,0,,"[16,14,54,108,15,86,13,90,66,103,5,102,51]",,,,2444r5m 458p 4588s 1z,,,,,,,,
20260403163215_0000_010,20260403163215_0000,20260403163215,0000,2,k-mori,674,,estimated_tsumogiri,1775201556,,,0,,"[16,14,54,108,15,86,13,90,66,103,5,102,51]",,,,2444r5m 458p 4588s 1z,,,,,,,,
20260403163215_0000_011,20260403163215_0000,20260403163215,0000,3,913149,105,9s,confirmed_tedashi,1775201556,2365.836,,0,,"[16,14,54,108,15,86,13,90,66,103,5,102,51]",,,,2444r5m 458p 4588s 1z,,,,,,,,
20260403163215_0000_012,20260403163215_0000,20260403163215,0000,2,k-mori,674,,estimated_tsumogiri,1775201556,,,0,,"[16,14,54,108,15,86,13,90,66,103,5,102,51,95]",,,,2444r5m 458p 45688s 1z,,,,,,,,
20260403163215_0000_013,20260403163215_0000,20260403163215,0000,2,k-mori,674,,estimated_tsumogiri,1775201556,,,0,,"[16,14,54,108,15,86,13,90,66,103,5,102,51,95]",,,,2444r5m 458p 45688s 1z,,,,,,,,
20260403163215_0000_014,20260403163215_0000,20260403163215,0000,2,k-mori,674,,estimated_tsumogiri,1775201556,,,0,,"[16,14,54,108,15,86,13,90,66,103,5,102,51,95]",,,,2444r5m 458p 45688s 1z,,,,,,,,
20260403163215_0000_015,20260403163215_0000,20260403163215,0000,1,エル・シコデリコ,61,7p,confirmed_tedashi,1775201556,0.0,,1,161.244,"[16,14,54,108,15,86,13,90,66,103,5,102,51,95]",,,,2444r5m 458p 45688s 1z,,,,,,,,
20260403163215_0000_016,20260403163215_0000,20260403163215,0000,2,k-mori,674,,estimated_tsumogiri,1775201556,,,0,,"[16,14,54,108,15,86,13,90,66,103,5,102,51,95]",,,,2444r5m 458p 45688s 1z,,,,,,,,
20260403163215_0000_017,20260403163215_0000,20260403163215,0000,1,エル・シコデリコ,61,7p,confirmed_tedashi,1775201556,0.0,,1,173.655,"[16,14,54,108,15,86,13,90,66,103,5,102,51,95]",,,,2444r5m 458p 45688s 1z,,,,,,,,
20260403163215_0000_018,20260403163215_0000,20260403163215,0000,2,k-mori,674,,estimated_tsumogiri,1775201556,,,0,,"[16,14,54,108,15,86,13,90,66,103,5,102,51,95]",,,,2444r5m 458p 45688s 1z,,,,,,,,
20260403163215_0000_019,20260403163215_0000,20260403163215,0000,0,パシフィック,87,4s,confirmed_tedashi,1775201556,666.942,,1,162.834,"[16,14,54,108,15,86,13,90,66,103,5,102,51,95]",,,,2444r5m 458p 45688s 1z,,,,,,,,
20260403163215_0000_020,20260403163215_0000,20260403163215,0000,2,k-mori,674,,estimated_tsumogiri,1775201557,,,0,,"[16,14,54,108,15,86,13,90,66,103,5,102,51,95]",,,,2444r5m 458p 45688s 1z,,,,,,,,
20260403163215_0000_021,20260403163215_0000,20260403163215,0000,0,パシフィック,87,4s,confirmed_tedashi,1775201557,,,1,212.989,"[16,14,54,108,15,86,13,90,66,103,5,102,51,95]",,,,2444r5m 458p 45688s 1z,,,,,,,,
20260403163215_0000_022,20260403163215_0000,20260403163215,0000,2,k-mori,674,,estimated_tsumogiri,1775201557,,,0,,"[16,14,54,108,15,86,13,90,66,103,5,102,51,95]",,,,2444r5m 458p 45688s 1z,,,,,,,,
20260403163215_0000_023,20260403163215_0000,20260403163215,0000,0,パシフィック,724,,confirmed_tedashi,1775201557,,,0,,"[16,14,54,108,15,86,13,90,66,103,5,102,51,95]",,,,2444r5m 458p 45688s 1z,,,,,,,,
20260403163215_0000_024,20260403163215_0000,20260403163215,0000,0,パシフィック,0,1m,confirmed_tedashi,1775201557,,,1,178.911,"[16,14,54,108,15,86,13,90,66,103,5,102,51,95]",,,,2444r5m 458p 45688s 1z,,,,,,,,
20260403163215_0000_025,20260403163215_0000,20260403163215,0000,2,k-mori,674,,estimated_tsumogiri,1775201557,,,0,,"[16,14,54,108,15,86,13,90,66,103,5,102,51,95]",,,,2444r5m 458p 45688s 1z,,,,,,,,
20260403163215_0000_026,20260403163215_0000,20260403163215,0000,1,エル・シコデリコ,4,2m,confirmed_tedashi,1775201557,178.911,,0,,"[16,14,54,108,15,86,13,90,66,103,5,102,51,95]",,,,2444r5m 458p 45688s 1z,,,,,,,,
20260403163215_0000_027,20260403163215_0000,20260403163215,0000,0,パシフィック,724,,confirmed_tedashi,1775201557,,,0,,"[16,14,54,108,15,86,13,90,66,103,5,102,51,95]",,,,2444r5m 458p 45688s 1z,,,,,,,,
20260403163215_0000_028,20260403163215_0000,20260403163215,0000,0,パシフィック,0,1m,confirmed_tedashi,1775201557,,,1,148.546,"[16,14,54,108,15,86,13,90,66,103,5,102,51,95]",,,,2444r5m 458p 45688s 1z,,,,,,,,
20260403163215_0000_029,20260403163215_0000,20260403163215,0000,0,パシフィック,54,5p,confirmed_tedashi,1775201557,,,0,,"[16,14,108,15,86,13,90,66,103,5,102,51,95]",,,,2444r5m 48p 45688s 1z,,,,3,3,4,12,0
20260403163215_0000_030,20260403163215_0000,20260403163215,0000,2,k-mori,674,,estimated_tsumogiri,1775201557,,,0,,"[16,14,108,15,86,13,90,66,103,5,102,51,95]",,,,2444r5m 48p 45688s 1z,,,,,,,,
20260403163215_0000_031,20260403163215_0000,20260403163215,0000,1,エル・シコデリコ,4,2m,confirmed_tedashi,1775201557,0.0,,1,172.61,"[16,14,108,15,86,13,90,66,103,5,102,51,95]",,,,2444r5m 48p 45688s 1z,,,,,,,,
20260403163215_0000_032,20260403163215_0000,20260403163215,0000,2,k-mori,674,,estimated_tsumogiri,1775201557,,,0,,"[16,14,108,15,86,13,90,66,103,5,102,51,95]",,,,2444r5m 48p 45688s 1z,,,,,,,,
20260403163215_0000_033,20260403163215_0000,20260403163215,0000,0,パシフィック,74,1s,confirmed_tedashi,1775201557,,,1,148.02,"[16,14,108,15,86,13,90,66,103,5,102,51,95]",,,,2444r5m 48p 45688s 1z,,,,3,3,4,12,0
20260403163215_0000_034,20260403163215_0000,20260403163215,0000,2,k-mori,674,,estimated_tsumogiri,1775201557,,,0,,"[16,14,108,15,86,13,90,66,103,5,102,51,95]",,,,2444r5m 48p 45688s 1z,,,,,,,,
20260403163215_0000_035,20260403163215_0000,20260403163215,0000,2,k-mori,7,2m,confirmed_tedashi,1775201557,,,0,,"[16,14,108,15,86,13,90,66,103,5,102,51,95]",,,,2444r5m 48p 45688s 1z,,,,,,,,
20260403163215_0000_036,20260403163215_0000,20260403163215,0000,0,パシフィック,74,1s,confirmed_tedashi,1775201557,,,1,159.04,"[16,14,108,15,86,13,90,66,103,5,102,51,95]",,,,2444r5m 48p 45688s 1z,,,,3,3,4,12,0
20260403163215_0000_037,20260403163215_0000,20260403163215,0000,2,k-mori,674,,estimated_tsumogiri,1775201558,,,0,,"[16,14,108,15,86,13,90,66,103,5,102,51,95]",,,,2444r5m 48p 45688s 1z,,,,,,,,
20260403163215_0000_038,20260403163215_0000,20260403163215,0000,0,パシフィック,940,,estimated_tsumogiri,1775201558,,,0,,"[16,14,108,15,86,13,90,66,103,5,102,51,95]",,,,2444r5m 48p 45688s 1z,,,,3,3,4,12,0
20260403163215_0000_039,20260403163215_0000,20260403163215,0000,2,k-mori,7,2m,confirmed_tedashi,1775201558,,,1,159.781,"[16,14,108,15,86,13,90,66,103,5,102,51,95]",,,,2444r5m 48p 45688s 1z,,,,,,,,
20260403163215_0000_040,20260403163215_0000,20260403163215,0000,2,k-mori,674,,estimated_tsumogiri,1775201558,,,0,,"[16,14,108,15,86,13,90,66,103,5,102,51,95]",,,,2444r5m 48p 45688s 1z,,,,,,,,
20260403163215_0000_041,20260403163215_0000,20260403163215,0000,0,パシフィック,940,,estimated_tsumogiri,1775201558,,,1,166.837,"[16,14,108,15,86,13,90,66,103,5,102,51,95]",,,,2444r5m 48p 45688s 1z,,,,3,3,4,12,0
20260403163215_0000_042,20260403163215_0000,20260403163215,0000,2,k-mori,674,,estimated_tsumogiri,1775201558,,,0,,"[16,14,108,15,86,13,90,66,103,5,102,51,95]",,,,2444r5m 48p 45688s 1z,,,,,,,,
20260403163215_0000_043,20260403163215_0000,20260403163215,0000,0,パシフィック,1,1m,confirmed_tedashi,1775201558,,,1,215.862,"[16,14,108,15,86,13,90,66,103,5,102,51,95]",,,,2444r5m 48p 45688s 1z,,,,3,3,4,12,0
20260403163215_0000_044,20260403163215_0000,20260403163215,0000,2,k-mori,674,,estimated_tsumogiri,1775201558,,,0,,"[16,14,108,15,86,13,90,66,103,5,102,51,95]",,,,2444r5m 48p 45688s 1z,,,,,,,,
20260403163215_0000_045,20260403163215_0000,20260403163215,0000,1,エル・シコデリコ,70,9p,confirmed_tedashi,1775201558,0.0,,0,,"[16,14,108,15,86,13,90,66,103,5,102,51,95]",,,,2444r5m 48p 45688s 1z,,,,,,,,
20260403163215_0000_046,20260403163215_0000,20260403163215,0000,0,パシフィック,1,1m,confirmed_tedashi,1775201558,,,1,192.496,"[16,14,108,15,86,13,90,66,103,5,102,51,95]",,,,2444r5m 48p 45688s 1z,,,,3,3,4,12,0
20260403163215_0000_047,20260403163215_0000,20260403163215,0000,2,k-mori,674,,estimated_tsumogiri,1775201558,,,0,,"[16,14,108,15,86,13,90,66,103,5,102,51,95]",,,,2444r5m 48p 45688s 1z,,,,,,,,
20260403163215_0000_048,20260403163215_0000,20260403163215,0000,1,エル・シコデリコ,70,9p,confirmed_tedashi,1775201558,0.0,,1,265.476,"[16,14,108,15,86,13,90,66,103,5,102,51,95]",,,,2444r5m 48p 45688s 1z,,,,,,,,
20260403163215_0000_049,20260403163215_0000,20260403163215,0000,2,k-mori,674,,estimated_tsumogiri,1775201559,,,0,,"[16,14,108,15,86,13,90,66,103,5,102,51,95]",,,,2444r5m 48p 45688s 1z,,,,,,,,
20260403163215_0000_050,20260403163215_0000,20260403163215,0000,2,k-mori,674,,estimated_tsumogiri,1775201559,,,1,233.899,"[16,14,108,15,86,13,90,66,103,5,102,51,95]",,,,2444r5m 48p 45688s 1z,,,,,,,,
20260403163215_0000_051,20260403163215_0000,20260403163215,0000,2,k-mori,674,,estimated_tsumogiri,1775201559,,,0,,"[16,14,108,15,86,13,90,66,103,5,102,51,95]",,,,2444r5m 48p 45688s 1z,,,,,,,,
20260403163215_0000_052,20260403163215_0000,20260403163215,0000,2,k-mori,674,,estimated_tsumogiri,1775201559,,,0,,"[16,14,108,15,86,13,90,66,103,5,102,51,95]",,,,2444r5m 48p 45688s 1z,,,,,,,,
20260403163215_0000_053,20260403163215_0000,20260403163215,0000,2,k-mori,9,3m,confirmed_tedashi,1775201559,,,0,,"[16,14,108,15,86,13,90,66,103,5,102,51,95]",,,,2444r5m 48p 45688s 1z,,,,,,,,
20260403163215_0000_054,20260403163215_0000,20260403163215,0000,2,k-mori,41,2p,confirmed_tedashi,1775201559,,,1,259.551,"[16,14,108,15,86,13,90,66,103,5,102,51,95]",,,,2444r5m 48p 45688s 1z,,,,,,,,
20260403163215_0000_055,20260403163215_0000,20260403163215,0000,2,k-mori,674,,estimated_tsumogiri,1775201560,,,0,,"[16,14,108,15,86,13,90,66,103,5,102,51,95]",,,,2444r5m 48p 45688s 1z,,,,,,,,
20260403163215_0000_056,20260403163215_0000,20260403163215,0000,0,パシフィック,9,3m,confirmed_tedashi,1775201560,,,0,,"[16,14,108,15,86,13,90,66,103,5,102,51,95]",,,,2444r5m 48p 45688s 1z,,,,3,3,4,12,0
20260403163215_0000_057,20260403163215_0000,20260403163215,0000,2,k-mori,9,3m,confirmed_tedashi,1775201560,,,0,,"[16,14,108,15,86,13,90,66,103,5,102,51,95]",,,,2444r5m 48p 45688s 1z,,,,,,,,
20260403163215_0000_058,20260403163215_0000,20260403163215,0000,2,k-mori,41,2p,confirmed_tedashi,1775201560,,,1,180.3,"[16,14,108,15,86,13,90,66,103,5,102,51,95]",,,,2444r5m 48p 45688s 1z,,,,,,,,
20260403163215_0000_059,20260403163215_0000,20260403163215,0000,2,k-mori,674,,estimated_tsumogiri,1775201560,,,0,,"[16,14,108,15,86,13,90,66,103,5,102,51,95]",,,,2444r5m 48p 45688s 1z,,,,,,,,
20260403163215_0000_060,20260403163215_0000,20260403163215,0000,0,パシフィック,59,6p,confirmed_tedashi,1775201560,,,0,,"[16,14,108,15,86,13,90,66,103,5,102,51,95]",,,,2444r5m 48p 45688s 1z,,,,3,3,4,12,0
20260403163215_0000_061,20260403163215_0000,20260403163215,0000,2,k-mori,2,1m,confirmed_tedashi,1775201560,,,0,,"[16,14,108,15,86,13,90,66,103,5,102,51,95]",,,,2444r5m 48p 45688s 1z,,,,,,,,
20260403163215_0000_062,20260403163215_0000,20260403163215,0000,0,パシフィック,9,3m,confirmed_tedashi,1775201560,,,1,259.351,"[16,14,108,15,86,13,90,66,103,5,102,51,95]",,,,2444r5m 48p 45688s 1z,,,,3,3,4,12,0
20260403163215_0000_063,20260403163215_0000,20260403163215,0000,2,k-mori,674,,estimated_tsumogiri,1775201560,,,0,,"[16,14,108,15,86,13,90,66,103,5,102,51,95]",,,,2444r5m 48p 45688s 1z,,,,,,,,
20260403163215_0000_064,20260403163215_0000,20260403163215,0000,0,パシフィック,59,6p,confirmed_tedashi,1775201560,,,0,,"[16,14,108,15,86,13,90,66,103,5,102,51,95]",,,,2444r5m 48p 45688s 1z,,,,3,3,4,12,0
20260403163215_0000_065,20260403163215_0000,20260403163215,0000,2,k-mori,2,1m,confirmed_tedashi,1775201560,,,1,192.102,"[16,14,108,15,86,13,90,66,103,5,102,51,95]",,,,2444r5m 48p 45688s 1z,,,,,,,,
20260403163215_0000_066,20260403163215_0000,20260403163215,0000,2,k-mori,674,,estimated_tsumogiri,1775201560,,,0,,"[16,14,108,15,86,13,90,66,103,5,102,51,95]",,,,2444r5m 48p 45688s 1z,,,,,,,,
20260403163215_0000_067,20260403163215_0000,20260403163215,0000,1,エル・シコデリコ,100,8s,confirmed_tedashi,1775201560,81.724,,1,168.583,"[16,14,108,15,86,13,90,66,103,5,102,51,95]",,,,2444r5m 48p 45688s 1z,,,,,,,,
20260403163215_0000_068,20260403163215_0000,20260403163215,0000,2,k-mori,674,,estimated_tsumogiri,1775201560,,,0,,"[16,14,108,15,86,13,90,66,103,5,102,51,95]",,,,2444r5m 48p 45688s 1z,,,,,,,,
20260403163215_0000_069,20260403163215_0000,20260403163215,0000,2,k-mori,674,,estimated_tsumogiri,1775201561,172.57,,0,,"[16,14,108,15,86,13,90,66,103,5,102,51,95]",,,,2444r5m 48p 45688s 1z,,,,,,,,
20260403163215_0000_070,20260403163215_0000,20260403163215,0000,1,エル・シコデリコ,2,1m,confirmed_tedashi,1775201561,0.0,,1,220.863,"[16,14,108,15,86,13,90,66,103,5,102,51,95]",,,,2444r5m 48p 45688s 1z,,,,,,,,
20260403163215_0000_071,20260403163215_0000,20260403163215,0000,2,k-mori,674,,estimated_tsumogiri,1775201561,,,0,,"[16,14,108,15,86,13,90,66,103,5,102,51,95]",,,,2444r5m 48p 45688s 1z,,,,,,,,
20260403163215_0000_072,20260403163215_0000,20260403163215,0000,1,エル・シコデリコ,2,1m,confirmed_tedashi,1775201561,0.0,,1,202.862,"[16,14,108,15,86,13,90,66,103,5,102,51,95]",,,,2444r5m 48p 45688s 1z,,,,,,,,
20260403163215_0000_073,20260403163215_0000,20260403163215,0000,2,k-mori,674,,estimated_tsumogiri,1775201561,,,0,,"[16,14,108,15,86,13,90,66,103,5,102,51,95]",,,,2444r5m 48p 45688s 1z,,,,,,,,
20260403163215_0000_074,20260403163215_0000,20260403163215,0000,2,k-mori,9,3m,confirmed_tedashi,1775201561,,,1,265.664,"[16,14,108,15,86,13,90,66,103,5,102,51,95]",,,,2444r5m 48p 45688s 1z,,,,,,,,
20260403163215_0000_075,20260403163215_0000,20260403163215,0000,2,k-mori,674,,estimated_tsumogiri,1775201561,,,0,,"[16,14,108,15,86,13,90,66,103,5,102,51,95]",,,,2444r5m 48p 45688s 1z,,,,,,,,
20260403163215_0000_076,20260403163215_0000,20260403163215,0000,2,k-mori,1717969,,estimated_tsumogiri,1775201561,,,0,,"[16,14,108,15,86,13,90,66,103,5,102,51,95]",,,,2444r5m 48p 45688s 1z,,,,,,,,
20260403163215_0000_077,20260403163215_0000,20260403163215,0000,2,k-mori,9,3m,confirmed_tedashi,1775201561,,,1,182.316,"[16,14,108,15,86,13,90,66,103,5,102,51,95]",,,,2444r5m 48p 45688s 1z,,,,,,,,
20260403163215_0000_078,20260403163215_0000,20260403163215,0000,2,k-mori,674,,estimated_tsumogiri,1775201561,,,0,,"[16,14,108,15,86,13,90,66,103,5,102,51,95]",,,,2444r5m 48p 45688s 1z,,,,,,,,
20260403163215_0000_079,20260403163215_0000,20260403163215,0000,2,k-mori,1717969,,estimated_tsumogiri,1775201561,,,1,268.489,"[16,14,108,15,86,13,90,66,103,5,102,51,95]",,,,2444r5m 48p 45688s 1z,,,,,,,,
20260403163215_0000_080,20260403163215_0000,20260403163215,0000,2,k-mori,674,,estimated_tsumogiri,1775201562,,,0,,"[16,14,108,15,86,13,90,66,103,5,102,51,95]",,,,2444r5m 48p 45688s 1z,,,,,,,,
20260403163215_0000_081,20260403163215_0000,20260403163215,0000,0,パシフィック,5,2m,confirmed_tedashi,1775201562,,,1,185.692,"[16,14,108,15,86,13,90,66,103,102,51,95]",,,,444r5m 48p 45688s 1z,,,,,,,,
20260403163215_0000_082,20260403163215_0000,20260403163215,0000,2,k-mori,674,,estimated_tsumogiri,1775201562,,,0,,"[16,14,108,15,86,13,90,66,103,102,51,95]",,,,444r5m 48p 45688s 1z,,,,,,,,
20260403163215_0000_083,20260403163215_0000,20260403163215,0000,0,パシフィック,5,2m,confirmed_tedashi,1775201562,,,1,37.292,"[16,14,108,15,86,13,90,66,103,102,51,95]",,,,444r5m 48p 45688s 1z,,,,,,,,
20260403163215_0000_084,20260403163215_0000,20260403163215,0000,2,k-mori,110,1z,confirmed_tedashi,1775201562,,,0,,"[16,14,108,15,86,13,90,66,103,102,51,95]",,,,444r5m 48p 45688s 1z,,,,,,,,
20260403163215_0000_085,20260403163215_0000,20260403163215,0000,2,k-mori,674,,estimated_tsumogiri,1775201562,,,0,,"[16,14,108,15,86,13,90,66,103,102,51,95]",,,,444r5m 48p 45688s 1z,,,,,,,,
20260403163215_0000_086,20260403163215_0000,20260403163215,0000,2,k-mori,674,,estimated_tsumogiri,1775201562,,,0,,"[16,14,108,15,86,13,90,66,103,102,51,95]",,,,444r5m 48p 45688s 1z,,,,,,,,
20260403163215_0000_087,20260403163215_0000,20260403163215,0000,2,k-mori,674,,estimated_tsumogiri,1775201563,,,0,,"[16,14,108,15,86,13,90,66,103,102,51,95]",,,,444r5m 48p 45688s 1z,,,,,,,,
20260403163215_0000_088,20260403163215_0000,20260403163215,0000,1,エル・シコデリコ,4,2m,confirmed_tedashi,1775201563,0.0,,0,,"[16,14,108,15,86,13,90,66,103,102,51,95]",,,,444r5m 48p 45688s 1z,,,,,,,,
20260403163215_0000_089,20260403163215_0000,20260403163215,0000,0,パシフィック,52,r5p,confirmed_tedashi,1775201563,,,1,191.869,"[16,14,108,15,86,13,90,66,103,102,51,95]",,,,444r5m 48p 45688s 1z,,,,,,,,
20260403163215_0000_090,20260403163215_0000,20260403163215,0000,2,k-mori,674,,estimated_tsumogiri,1775201563,,,0,,"[16,14,108,15,86,13,90,66,103,102,51,95]",,,,444r5m 48p 45688s 1z,,,,,,,,
20260403163215_0000_091,20260403163215_0000,20260403163215,0000,1,エル・シコデリコ,96,7s,confirmed_tedashi,1775201563,0.0,,0,,"[16,14,108,15,86,13,90,66,103,102,51,95]",,,,444r5m 48p 45688s 1z,,,,,,,,
20260403163215_0000_092,20260403163215_0000,20260403163215,0000,1,エル・シコデリコ,4,2m,confirmed_tedashi,1775201563,,,0,,"[16,14,108,15,86,13,90,66,103,102,51,95]",,,,444r5m 48p 45688s 1z,,,,,,,,
20260403163215_0000_093,20260403163215_0000,20260403163215,0000,0,パシフィック,52,r5p,confirmed_tedashi,1775201563,,,1,273.714,"[16,14,108,15,86,13,90,66,103,102,51,95]",,,,444r5m 48p 45688s 1z,,,,,,,,
20260403163215_0000_094,20260403163215_0000,20260403163215,0000,2,k-mori,674,,estimated_tsumogiri,1775201563,,,0,,"[16,14,108,15,86,13,90,66,103,102,51,95]",,,,444r5m 48p 45688s 1z,,,,,,,,
20260403163215_0000_095,20260403163215_0000,20260403163215,0000,1,エル・シコデリコ,23,6m,confirmed_tedashi,1775201563,0.0,,0,,"[16,14,108,15,86,13,90,66,103,102,51,95]",,,,444r5m 48p 45688s 1z,,,,,,,,
20260403163215_0000_096,20260403163215_0000,20260403163215,0000,1,エル・シコデリコ,96,7s,confirmed_tedashi,1775201563,,,1,179.575,"[16,14,108,15,86,13,90,66,103,102,51,95]",,,,444r5m 48p 45688s 1z,,,,,,,,
20260403163215_0000_097,20260403163215_0000,20260403163215,0000,2,k-mori,674,,estimated_tsumogiri,1775201563,,,0,,"[16,14,108,15,86,13,90,66,103,102,51,95]",,,,444r5m 48p 45688s 1z,,,,,,,,
20260403163215_0000_098,20260403163215_0000,20260403163215,0000,1,エル・シコデリコ,23,6m,confirmed_tedashi,1775201563,0.0,,1,246.912,"[16,14,108,15,86,13,90,66,103,102,51,95]",,,,444r5m 48p 45688s 1z,,,,,,,,
20260403163215_0000_099,20260403163215_0000,20260403163215,0000,2,k-mori,674,,estimated_tsumogiri,1775201564,,,0,,"[16,14,108,15,86,13,90,66,103,102,51,95]",,,,444r5m 48p 45688s 1z,,,,,,,,
20260403163215_0000_100,20260403163215_0000,20260403163215,0000,2,k-mori,674,,estimated_tsumogiri,1775201564,,,0,,"[16,14,108,15,86,13,90,66,103,102,51,95]",,,,444r5m 48p 45688s 1z,,,,,,,,
20260403163215_0000_101,20260403163215_0000,20260403163215,0000,1,エル・シコデリコ,37406,,confirmed_tedashi,1775201564,0.0,,1,255.524,"[16,14,108,15,86,13,90,66,103,102,51,95]",,,,444r5m 48p 45688s 1z,,,,,,,,
20260403163215_0000_102,20260403163215_0000,20260403163215,0000,2,k-mori,674,,estimated_tsumogiri,1775201564,,,0,,"[16,14,108,15,86,13,90,66,103,102,51,95]",,,,444r5m 48p 45688s 1z,,,,,,,,
20260403163215_0000_103,20260403163215_0000,20260403163215,0000,1,エル・シコデリコ,37406,,confirmed_tedashi,1775201564,0.0,,1,189.659,"[16,14,108,15,86,13,90,66,103,102,51,95]",,,,444r5m 48p 45688s 1z,,,,,,,,
20260403163215_0000_104,20260403163215_0000,20260403163215,0000,2,k-mori,674,,estimated_tsumogiri,1775201564,,,0,,"[16,14,108,15,86,13,90,66,103,102,51,95]",,,,444r5m 48p 45688s 1z,,,,,,,,
20260403163215_0000_105,20260403163215_0000,20260403163215,0000,2,k-mori,674,,estimated_tsumogiri,1775201564,,,0,,"[16,14,108,15,86,13,90,66,103,102,51,95]",,,,444r5m 48p 45688s 1z,,,,,,,,
20260403163215_0000_106,20260403163215_0000,20260403163215,0000,2,k-mori,674,,estimated_tsumogiri,1775201565,,,1,260.255,"[16,14,108,15,86,13,90,66,103,102,51,95]",,,,444r5m 48p 45688s 1z,,,,,,,,
20260403163215_0000_107,20260403163215_0000,20260403163215,0000,2,k-mori,674,,estimated_tsumogiri,1775201565,,,1,167.835,"[16,14,108,15,86,13,90,66,103,102,51,95]",,,,444r5m 48p 45688s 1z,,,,,,,,
20260403163215_0000_108,20260403163215_0000,20260403163215,0000,2,k-mori,674,,estimated_tsumogiri,1775201565,,,1,246.556,"[16,14,108,15,86,13,90,66,103,102,51,95]",,,,444r5m 48p 45688s 1z,,,,,,,,
20260403163215_0000_109,20260403163215_0000,20260403163215,0000,2,k-mori,674,,estimated_tsumogiri,1775201565,,,1,326.929,"[16,14,108,15,86,13,90,66,103,102,51,95]",,,,444r5m 48p 45688s 1z,,,,,,,,
20260403163215_0000_110,20260403163215_0000,20260403163215,0000,2,k-mori,674,,estimated_tsumogiri,1775201566,,,0,,"[16,14,108,15,86,13,90,66,103,102,51,95]",,,,444r5m 48p 45688s 1z,,,,,,,,
20260403163215_0000_111,20260403163215_0000,20260403163215,0000,2,k-mori,674,,estimated_tsumogiri,1775201566,,,1,237.778,"[16,14,108,15,86,13,90,66,103,102,51,95]",,,,444r5m 48p 45688s 1z,,,,,,,,
20260403163215_0000_112,20260403163215_0000,20260403163215,0000,2,k-mori,674,,estimated_tsumogiri,1775201566,,,0,,"[16,14,108,15,86,13,90,66,103,102,51,95]",,,,444r5m 48p 45688s 1z,,,,,,,,
20260403163215_0000_113,20260403163215_0000,20260403163215,0000,2,k-mori,674,,estimated_tsumogiri,1775201566,,,0,,"[16,14,108,15,86,13,90,66,103,102,51,95]",,,,444r5m 48p 45688s 1z,,,,,,,,
20260403163215_0000_114,20260403163215_0000,20260403163215,0000,1,エル・シコデリコ,7,2m,confirmed_tedashi,1775201566,1436.421,,1,175.74,"[16,14,108,15,86,13,90,66,103,102,51,95]",,,,444r5m 48p 45688s 1z,,,,,,,,
20260403163215_0000_115,20260403163215_0000,20260403163215,0000,2,k-mori,674,,estimated_tsumogiri,1775201566,,,0,,"[16,14,108,15,86,13,90,66,103,102,51,95]",,,,444r5m 48p 45688s 1z,,,,,,,,
20260403163215_0000_116,20260403163215_0000,20260403163215,0000,2,k-mori,674,,estimated_tsumogiri,1775201566,,,0,,"[16,14,108,15,86,13,90,66,103,102,51,95]",,,,444r5m 48p 45688s 1z,,,,,,,,
20260403163215_0000_117,20260403163215_0000,20260403163215,0000,1,エル・シコデリコ,7,2m,confirmed_tedashi,1775201566,,,1,163.525,"[16,14,108,15,86,13,90,66,103,102,51,95]",,,,444r5m 48p 45688s 1z,,,,,,,,
20260403163215_0000_118,20260403163215_0000,20260403163215,0000,2,k-mori,674,,estimated_tsumogiri,1775201566,,,0,,"[16,14,108,15,86,13,90,66,103,102,51,95]",,,,444r5m 48p 45688s 1z,,,,,,,,
20260403163215_0000_119,20260403163215_0000,20260403163215,0000,2,k-mori,674,,estimated_tsumogiri,1775201566,,,0,,"[16,14,108,15,86,13,90,66,103,102,51,95]",,,,444r5m 48p 45688s 1z,,,,,,,,
20260403163215_0000_120,20260403163215_0000,20260403163215,0000,2,k-mori,674,,estimated_tsumogiri,1775201567,,,0,,"[16,14,108,15,86,13,90,66,103,102,51,95]",,,,444r5m 48p 45688s 1z,,,,,,,,
20260403163215_0000_121,20260403163215_0000,20260403163215,0000,2,k-mori,8,3m,confirmed_tedashi,1775201567,,,0,,"[16,14,108,15,86,13,90,66,103,102,51,95]",,,,444r5m 48p 45688s 1z,,,,,,,,
20260403163215_0000_122,20260403163215_0000,20260403163215,0000,1,エル・シコデリコ,7,2m,confirmed_tedashi,1775201567,0.0,,1,161.88,"[16,14,108,15,86,13,90,66,103,102,51,95]",,,,444r5m 48p 45688s 1z,,,,,,,,
20260403163215_0000_123,20260403163215_0000,20260403163215,0000,2,k-mori,674,,estimated_tsumogiri,1775201567,,,0,,"[16,14,108,15,86,13,90,66,103,102,51,95]",,,,444r5m 48p 45688s 1z,,,,,,,,
20260403163215_0000_124,20260403163215_0000,20260403163215,0000,2,k-mori,8,3m,confirmed_tedashi,1775201567,,,0,,"[16,14,108,15,86,13,90,66,103,102,51,95]",,,,444r5m 48p 45688s 1z,,,,,,,,
20260403163215_0000_125,20260403163215_0000,20260403163215,0000,1,エル・シコデリコ,7,2m,confirmed_tedashi,1775201567,0.0,,1,160.916,"[16,14,108,15,86,13,90,66,103,102,51,95]",,,,444r5m 48p 45688s 1z,,,,,,,,
20260403163215_0000_126,20260403163215_0000,20260403163215,0000,2,k-mori,674,,estimated_tsumogiri,1775201567,,,0,,"[16,14,108,15,86,13,90,66,103,102,51,95]",,,,444r5m 48p 45688s 1z,,,,,,,,
20260403163215_0000_127,20260403163215_0000,20260403163215,0000,2,k-mori,10,3m,confirmed_tedashi,1775201567,,,1,181.981,"[16,14,108,15,86,13,90,66,103,102,51,95]",,,,444r5m 48p 45688s 1z,,,,,,,,
20260403163215_0000_128,20260403163215_0000,20260403163215,0000,2,k-mori,674,,estimated_tsumogiri,1775201567,,,0,,"[16,14,108,15,86,13,90,66,103,102,51,95]",,,,444r5m 48p 45688s 1z,,,,,,,,
20260403163215_0000_129,20260403163215_0000,20260403163215,0000,2,k-mori,10,3m,confirmed_tedashi,1775201567,,,1,163.155,"[16,14,108,15,86,13,90,66,103,102,51,95]",,,,444r5m 48p 45688s 1z,,,,,,,,
20260403163215_0000_130,20260403163215_0000,20260403163215,0000,2,k-mori,674,,estimated_tsumogiri,1775201567,,,0,,"[16,14,108,15,86,13,90,66,103,102,51,95]",,,,444r5m 48p 45688s 1z,,,,,,,,
20260403163215_0000_131,20260403163215_0000,20260403163215,0000,2,k-mori,674,,estimated_tsumogiri,1775201567,,,0,,"[16,14,108,15,86,13,90,66,103,102,51,95]",,,,444r5m 48p 45688s 1z,,,,,,,,
20260403163215_0000_132,20260403163215_0000,20260403163215,0000,2,k-mori,674,,estimated_tsumogiri,1775201568,,,1,163.578,"[16,14,108,15,86,13,90,66,103,102,51,95]",,,,444r5m 48p 45688s 1z,,,,,,,,
20260403163215_0000_133,20260403163215_0000,20260403163215,0000,2,k-mori,674,,estimated_tsumogiri,1775201568,,,0,,"[16,14,108,15,86,13,90,66,103,102,51,95]",,,,444r5m 48p 45688s 1z,,,,,,,,
20260403163215_0000_134,20260403163215_0000,20260403163215,0000,3,913149,72,1s,confirmed_tedashi,1775201568,5843.227,,0,,"[16,14,108,15,86,13,90,66,103,102,51,95]",,,,444r5m 48p 45688s 1z,,,,,,,,
20260403163215_0000_135,20260403163215_0000,20260403163215,0000,2,k-mori,674,,estimated_tsumogiri,1775201568,,,0,,"[16,14,108,15,86,13,90,66,103,102,51,95,76]",,,,444r5m 48p 245688s 1z,,,,,,,,
20260403163215_0000_136,20260403163215_0000,20260403163215,0000,2,k-mori,674,,estimated_tsumogiri,1775201568,,,0,,"[16,14,108,15,86,13,90,66,103,102,51,95,76]",,,,444r5m 48p 245688s 1z,,,,,,,,
20260403163215_0000_137,20260403163215_0000,20260403163215,0000,2,k-mori,674,,estimated_tsumogiri,1775201568,,,1,202.146,"[16,14,108,15,86,13,90,66,103,102,51,95,76]",,,,444r5m 48p 245688s 1z,,,,,,,,
20260403163215_0000_138,20260403163215_0000,20260403163215,0000,2,k-mori,674,,estimated_tsumogiri,1775201568,,,0,,"[16,14,108,15,86,13,90,66,103,102,51,95,76]",,,,444r5m 48p 245688s 1z,,,,,,,,
20260403163215_0000_139,20260403163215_0000,20260403163215,0000,2,k-mori,5,2m,confirmed_tedashi,1775201568,,,1,193.076,"[16,14,108,15,86,13,90,66,103,102,51,95,76]",,,,444r5m 48p 245688s 1z,,,,,,,,
20260403163215_0000_140,20260403163215_0000,20260403163215,0000,2,k-mori,674,,estimated_tsumogiri,1775201569,,,0,,"[16,14,108,15,86,13,90,66,103,102,51,95,76]",,,,444r5m 48p 245688s 1z,,,,,,,,
20260403163215_0000_141,20260403163215_0000,20260403163215,0000,2,k-mori,5,2m,confirmed_tedashi,1775201569,,,1,281.126,"[16,14,108,15,86,13,90,66,103,102,51,95,76]",,,,444r5m 48p 245688s 1z,,,,,,,,
20260403163215_0000_142,20260403163215_0000,20260403163215,0000,2,k-mori,674,,estimated_tsumogiri,1775201569,,,0,,"[16,14,108,15,86,13,90,66,103,102,51,95,76]",,,,444r5m 48p 245688s 1z,,,,,,,,
20260403163215_0000_143,20260403163215_0000,20260403163215,0000,2,k-mori,674,,estimated_tsumogiri,1775201569,,,1,204.447,"[16,14,108,15,86,13,90,66,103,102,51,95,76]",,,,444r5m 48p 245688s 1z,,,,,,,,
20260403163215_0000_144,20260403163215_0000,20260403163215,0000,2,k-mori,674,,estimated_tsumogiri,1775201569,,,0,,"[16,14,108,15,86,13,90,66,103,102,51,95,76]",,,,444r5m 48p 245688s 1z,,,,,,,,
20260403163215_0000_145,20260403163215_0000,20260403163215,0000,2,k-mori,674,,estimated_tsumogiri,1775201570,,,0,,"[16,14,108,15,86,13,90,66,103,102,51,95,76]",,,,444r5m 48p 245688s 1z,,,,,,,,
20260403163215_0000_146,20260403163215_0000,20260403163215,0000,2,k-mori,674,,estimated_tsumogiri,1775201570,,,0,,"[16,14,108,15,86,13,90,66,103,102,51,95,76]",,,,444r5m 48p 245688s 1z,,,,,,,,
20260403163215_0000_147,20260403163215_0000,20260403163215,0000,2,k-mori,35,9m,confirmed_tedashi,1775201570,,,0,,"[16,14,108,15,86,13,90,66,103,102,51,95,76]",,,,444r5m 48p 245688s 1z,,,,,,,,
20260403163215_0000_148,20260403163215_0000,20260403163215,0000,2,k-mori,515,,confirmed_tedashi,1775201570,,,1,160.95,"[16,14,108,15,86,13,90,66,103,102,51,95,76]",,,,444r5m 48p 245688s 1z,,,,,,,,
20260403163215_0000_149,20260403163215_0000,20260403163215,0000,2,k-mori,674,,estimated_tsumogiri,1775201570,,,0,,"[16,14,108,15,86,13,90,66,103,102,51,95,76]",,,,444r5m 48p 245688s 1z,,,,,,,,
20260403163215_0000_150,20260403163215_0000,20260403163215,0000,2,k-mori,35,9m,confirmed_tedashi,1775201570,,,0,,"[16,14,108,15,86,13,90,66,103,102,51,95,76]",,,,444r5m 48p 245688s 1z,,,,,,,,
20260403163215_0000_151,20260403163215_0000,20260403163215,0000,2,k-mori,515,,confirmed_tedashi,1775201570,,,1,122.446,"[16,14,108,15,86,13,90,66,103,102,51,95,76]",,,,444r5m 48p 245688s 1z,,,,,,,,
20260403163215_0000_152,20260403163215_0000,20260403163215,0000,0,パシフィック,76,2s,confirmed_tsumogiri,1775201570,2459.709,,1,38.648,"[16,14,108,15,86,13,90,66,103,102,51,95]",,,,444r5m 48p 45688s 1z,,,,,,,,
20260403163215_0000_153,20260403163215_0000,20260403163215,0000,2,k-mori,674,,estimated_tsumogiri,1775201570,,,0,,"[16,14,108,15,86,13,90,66,103,102,51,95]",,,,444r5m 48p 45688s 1z,,,,,,,,
20260403163215_0000_154,20260403163215_0000,20260403163215,0000,0,パシフィック,87,4s,confirmed_tedashi,1775201570,,,1,181.452,"[16,14,108,15,86,13,90,66,103,102,51,95]",,,,444r5m 48p 45688s 1z,,,,,,,,
20260403163215_0000_155,20260403163215_0000,20260403163215,0000,2,k-mori,674,,estimated_tsumogiri,1775201570,,,0,,"[16,14,108,15,86,13,90,66,103,102,51,95]",,,,444r5m 48p 45688s 1z,,,,,,,,
20260403163215_0000_156,20260403163215_0000,20260403163215,0000,0,パシフィック,87,4s,confirmed_tedashi,1775201570,,,1,161.638,"[16,14,108,15,86,13,90,66,103,102,51,95]",,,,444r5m 48p 45688s 1z,,,,,,,,
20260403163215_0000_157,20260403163215_0000,20260403163215,0000,2,k-mori,674,,estimated_tsumogiri,1775201571,,,0,,"[16,14,108,15,86,13,90,66,103,102,51,95]",,,,444r5m 48p 45688s 1z,,,,,,,,
20260403163215_0000_158,20260403163215_0000,20260403163215,0000,2,k-mori,674,,estimated_tsumogiri,1775201571,,,0,,"[16,14,108,15,86,13,90,66,103,102,51,95]",,,,444r5m 48p 45688s 1z,,,,,,,,
20260403163215_0000_159,20260403163215_0000,20260403163215,0000,0,パシフィック,776310,,confirmed_tedashi,1775201571,,,1,230.989,"[16,14,108,15,86,13,90,66,103,102,51,95]",,,,444r5m 48p 45688s 1z,,,,,,,,
20260403163215_0000_160,20260403163215_0000,20260403163215,0000,2,k-mori,674,,estimated_tsumogiri,1775201571,,,0,,"[16,14,108,15,86,13,90,66,103,102,51,95]",,,,444r5m 48p 45688s 1z,,,,,,,,
20260403163215_0000_161,20260403163215_0000,20260403163215,0000,0,パシフィック,776310,,confirmed_tedashi,1775201571,,,1,198.082,"[16,14,108,15,86,13,90,66,103,102,51,95]",,,,444r5m 48p 45688s 1z,,,,,,,,
20260403163215_0000_162,20260403163215_0000,20260403163215,0000,2,k-mori,674,,estimated_tsumogiri,1775201571,,,0,,"[16,14,108,15,86,13,90,66,103,102,51,95]",,,,444r5m 48p 45688s 1z,,,,,,,,
20260403163215_0000_163,20260403163215_0000,20260403163215,0000,2,k-mori,674,,estimated_tsumogiri,1775201572,,,0,,"[16,14,108,15,86,13,90,66,103,102,51,95]",,,,444r5m 48p 45688s 1z,,,,,,,,
20260403163215_0000_164,20260403163215_0000,20260403163215,0000,0,パシフィック,9,3m,confirmed_tedashi,1775201572,,,0,,"[16,14,108,15,86,13,90,66,103,102,51,95]",,,,444r5m 48p 45688s 1z,,,,,,,,
20260403163215_0000_165,20260403163215_0000,20260403163215,0000,0,パシフィック,98,7s,confirmed_tedashi,1775201572,,,1,136.836,"[16,14,108,15,86,13,90,66,103,102,51,95]",,,,444r5m 48p 45688s 1z,,,,,,,,
20260403163215_0000_166,20260403163215_0000,20260403163215,0000,2,k-mori,674,,estimated_tsumogiri,1775201572,,,0,,"[16,14,108,15,86,13,90,66,103,102,51,95]",,,,444r5m 48p 45688s 1z,,,,,,,,
20260403163215_0000_167,20260403163215_0000,20260403163215,0000,2,k-mori,0,1m,confirmed_tedashi,1775201572,,,0,,"[16,14,108,15,86,13,90,66,103,102,51,95]",,,,444r5m 48p 45688s 1z,,,,,,,,
20260403163215_0000_168,20260403163215_0000,20260403163215,0000,0,パシフィック,9,3m,confirmed_tedashi,1775201572,,,0,,"[16,14,108,15,86,13,90,66,103,102,51,95]",,,,444r5m 48p 45688s 1z,,,,,,,,
20260403163215_0000_169,20260403163215_0000,20260403163215,0000,0,パシフィック,98,7s,confirmed_tedashi,1775201572,,,1,227.152,"[16,14,108,15,86,13,90,66,103,102,51,95]",,,,444r5m 48p 45688s 1z,,,,,,,,
20260403163215_0000_170,20260403163215_0000,20260403163215,0000,2,k-mori,674,,estimated_tsumogiri,1775201572,,,0,,"[16,14,108,15,86,13,90,66,103,102,51,95]",,,,444r5m 48p 45688s 1z,,,,,,,,
20260403163215_0000_171,20260403163215_0000,20260403163215,0000,2,k-mori,0,1m,confirmed_tedashi,1775201572,,,1,247.812,"[16,14,108,15,86,13,90,66,103,102,51,95]",,,,444r5m 48p 45688s 1z,,,,,,,,
20260403163215_0000_172,20260403163215_0000,20260403163215,0000,2,k-mori,674,,estimated_tsumogiri,1775201572,,,0,,"[16,14,108,15,86,13,90,66,103,102,51,95]",,,,444r5m 48p 45688s 1z,,,,,,,,
20260403163215_0000_173,20260403163215_0000,20260403163215,0000,2,k-mori,674,,estimated_tsumogiri,1775201572,,,0,,"[16,14,108,15,86,13,90,66,103,102,51,95]",,,,444r5m 48p 45688s 1z,,,,,,,,
20260403163215_0000_174,20260403163215_0000,20260403163215,0000,0,パシフィック,41,2p,confirmed_tedashi,1775201572,,,1,204.5,"[16,14,108,15,86,13,90,66,103,102,51,95]",,,,444r5m 48p 45688s 1z,,,,,,,,
20260403163215_0000_175,20260403163215_0000,20260403163215,0000,2,k-mori,674,,estimated_tsumogiri,1775201573,,,0,,"[16,14,108,15,86,13,90,66,103,102,51,95]",,,,444r5m 48p 45688s 1z,,,,,,,,
20260403163215_0000_176,20260403163215_0000,20260403163215,0000,0,パシフィック,41,2p,confirmed_tedashi,1775201573,,,1,227.092,"[16,14,108,15,86,13,90,66,103,102,51,95]",,,,444r5m 48p 45688s 1z,,,,,,,,
20260403163215_0000_177,20260403163215_0000,20260403163215,0000,2,k-mori,674,,estimated_tsumogiri,1775201573,,,0,,"[16,14,108,15,86,13,90,66,103,102,51,95]",,,,444r5m 48p 45688s 1z,,,,,,,,
20260403163215_0000_178,20260403163215_0000,20260403163215,0000,2,k-mori,674,,estimated_tsumogiri,1775201573,,,0,,"[16,14,108,15,86,13,90,66,103,102,51,95]",,,,444r5m 48p 45688s 1z,,,,,,,,
20260403163215_0000_179,20260403163215_0000,20260403163215,0000,2,k-mori,674,,estimated_tsumogiri,1775201573,,,0,,"[16,14,108,15,86,13,90,66,103,102,51,95]",,,,444r5m 48p 45688s 1z,,,,,,,,
20260403163215_0000_180,20260403163215_0000,20260403163215,0000,2,k-mori,674,,estimated_tsumogiri,1775201574,,,0,,"[16,14,108,15,86,13,90,66,103,102,51,95]",,,,444r5m 48p 45688s 1z,,,,,,,,
20260403163215_0000_181,20260403163215_0000,20260403163215,0000,2,k-mori,674,,estimated_tsumogiri,1775201574,,,0,,"[16,14,108,15,86,13,90,66,103,102,51,95]",,,,444r5m 48p 45688s 1z,,,,,,,,
20260403163215_0000_182,20260403163215_0000,20260403163215,0000,0,パシフィック,5,2m,confirmed_tedashi,1775201574,,,1,190.277,"[16,14,108,15,86,13,90,66,103,102,51,95]",,,,444r5m 48p 45688s 1z,,,,,,,,
20260403163215_0000_183,20260403163215_0000,20260403163215,0000,2,k-mori,674,,estimated_tsumogiri,1775201574,,,0,,"[16,14,108,15,86,13,90,66,103,102,51,95]",,,,444r5m 48p 45688s 1z,,,,,,,,
20260403163215_0000_184,20260403163215_0000,20260403163215,0000,0,パシフィック,5,2m,confirmed_tedashi,1775201574,,,1,73.591,"[16,14,108,15,86,13,90,66,103,102,51,95]",,,,444r5m 48p 45688s 1z,,,,,,,,
20260403163215_0000_185,20260403163215_0000,20260403163215,0000,1,エル・シコデリコ,47,3p,estimated_tsumogiri,1775201574,517.336,,0,,"[16,14,108,15,86,13,90,66,103,102,51,95]",,,,444r5m 48p 45688s 1z,,,,,,,,
20260403163215_0000_186,20260403163215_0000,20260403163215,0000,2,k-mori,674,,estimated_tsumogiri,1775201574,174.861,,1,218.224,"[16,14,108,15,86,13,90,66,103,102,51,95]",,,,444r5m 48p 45688s 1z,,,,,,,,
20260403163215_0000_187,20260403163215_0000,20260403163215,0000,2,k-mori,674,,estimated_tsumogiri,1775201574,,,1,304.83,"[16,14,108,15,86,13,90,66,103,102,51,95]",,,,444r5m 48p 45688s 1z,,,,,,,,
20260403163215_0000_188,20260403163215_0000,20260403163215,0000,2,k-mori,674,,estimated_tsumogiri,1775201575,,,0,,"[16,14,108,15,86,13,90,66,103,102,51,95]",,,,444r5m 48p 45688s 1z,,,,,,,,
20260403163215_0000_189,20260403163215_0000,20260403163215,0000,0,パシフィック,168,,estimated_tsumogiri,1775201575,,,0,,"[16,14,108,15,86,13,90,66,103,102,51,95]",,,,444r5m 48p 45688s 1z,,,,,,,,
20260403163215_0000_190,20260403163215_0000,20260403163215,0000,1,エル・シコデリコ,64,8p,confirmed_tedashi,1775201575,,,1,233.408,"[16,14,108,15,86,13,90,66,103,102,51,95]",,,,444r5m 48p 45688s 1z,,,,,,,,
20260403163215_0000_191,20260403163215_0000,20260403163215,0000,2,k-mori,674,,estimated_tsumogiri,1775201575,,,0,,"[16,14,108,15,86,13,90,66,103,102,51,95]",,,,444r5m 48p 45688s 1z,,,,,,,,
20260403163215_0000_192,20260403163215_0000,20260403163215,0000,0,パシフィック,168,,estimated_tsumogiri,1775201575,,,0,,"[16,14,108,15,86,13,90,66,103,102,51,95]",,,,444r5m 48p 45688s 1z,,,,,,,,
20260403163215_0000_193,20260403163215_0000,20260403163215,0000,1,エル・シコデリコ,64,8p,confirmed_tedashi,1775201575,,,1,257.03,"[16,14,108,15,86,13,90,66,103,102,51,95]",,,,444r5m 48p 45688s 1z,,,,,,,,
20260403163215_0000_194,20260403163215_0000,20260403163215,0000,2,k-mori,674,,estimated_tsumogiri,1775201575,,,0,,"[16,14,108,15,86,13,90,66,103,102,51,95]",,,,444r5m 48p 45688s 1z,,,,,,,,
20260403163215_0000_195,20260403163215_0000,20260403163215,0000,1,エル・シコデリコ,941,,estimated_tsumogiri,1775201575,,,1,253.655,"[16,14,108,15,86,13,90,66,103,102,51,95]",,,,444r5m 48p 45688s 1z,,,,,,,,
20260403163215_0000_196,20260403163215_0000,20260403163215,0000,2,k-mori,674,,estimated_tsumogiri,1775201575,,,0,,"[16,14,108,15,86,13,90,66,103,102,51,95]",,,,444r5m 48p 45688s 1z,,,,,,,,
20260403163215_0000_197,20260403163215_0000,20260403163215,0000,2,k-mori,674,,estimated_tsumogiri,1775201575,,,0,,"[16,14,108,15,86,13,90,66,103,102,51,95]",,,,444r5m 48p 45688s 1z,,,,,,,,
20260403163215_0000_198,20260403163215_0000,20260403163215,0000,1,エル・シコデリコ,941,,estimated_tsumogiri,1775201575,,,1,210.547,"[16,14,108,15,86,13,90,66,103,102,51,95]",,,,444r5m 48p 45688s 1z,,,,,,,,
20260403163215_0000_199,20260403163215_0000,20260403163215,0000,2,k-mori,674,,estimated_tsumogiri,1775201576,,,0,,"[16,14,108,15,86,13,90,66,103,102,51,95]",,,,444r5m 48p 45688s 1z,,,,,,,,
20260403163215_0000_200,20260403163215_0000,20260403163215,0000,2,k-mori,126,5z,confirmed_tedashi,1775201576,,,0,,"[16,14,108,15,86,13,90,66,103,102,51,95]",,,,444r5m 48p 45688s 1z,,,,,,,,
20260403163215_0000_201,20260403163215_0000,20260403163215,0000,2,k-mori,674,,estimated_tsumogiri,1775201576,,,0,,"[16,14,108,15,86,13,90,66,103,102,51,95]",,,,444r5m 48p 45688s 1z,,,,,,,,
20260403163215_0000_202,20260403163215_0000,20260403163215,0000,2,k-mori,674,,estimated_tsumogiri,1775201576,,,0,,"[16,14,108,15,86,13,90,66,103,102,51,95]",,,,444r5m 48p 45688s 1z,,,,,,,,
20260403163215_0000_203,20260403163215_0000,20260403163215,0000,2,k-mori,674,,estimated_tsumogiri,1775201576,,,1,183.778,"[16,14,108,15,86,13,90,66,103,102,51,95]",,,,444r5m 48p 45688s 1z,,,,,,,,
20260403163215_0000_204,20260403163215_0000,20260403163215,0000,2,k-mori,674,,estimated_tsumogiri,1775201576,,,1,268.834,"[16,14,108,15,86,13,90,66,103,102,51,95]",,,,444r5m 48p 45688s 1z,,,,,,,,
20260403163215_0000_205,20260403163215_0000,20260403163215,0000,2,k-mori,674,,estimated_tsumogiri,1775201577,,,0,,"[16,14,108,15,86,13,90,66,103,102,51,95]",,,,444r5m 48p 45688s 1z,,,,,,,,
20260403163215_0000_206,20260403163215_0000,20260403163215,0000,2,k-mori,45,3p,confirmed_tedashi,1775201577,,,0,,"[16,14,108,15,86,13,90,66,103,102,51,95]",,,,444r5m 48p 45688s 1z,,,,,,,,
20260403163215_0000_207,20260403163215_0000,20260403163215,0000,1,エル・シコデリコ,1,1m,confirmed_tedashi,1775201577,615.463,,1,193.008,"[16,14,108,15,86,13,90,66,103,102,51,95]",,,,444r5m 48p 45688s 1z,,,,,,,,
20260403163215_0000_208,20260403163215_0000,20260403163215,0000,2,k-mori,674,,estimated_tsumogiri,1775201577,,,0,,"[16,14,108,15,86,13,90,66,103,102,51,95]",,,,444r5m 48p 45688s 1z,,,,,,,,
20260403163215_0000_209,20260403163215_0000,20260403163215,0000,1,エル・シコデリコ,69,9p,confirmed_tedashi,1775201577,0.0,,0,,"[16,14,108,15,86,13,90,66,103,102,51,95]",,,,444r5m 48p 45688s 1z,,,,,,,,
20260403163215_0000_210,20260403163215_0000,20260403163215,0000,2,k-mori,45,3p,confirmed_tedashi,1775201577,,,0,,"[16,14,108,15,86,13,90,66,103,102,51,95]",,,,444r5m 48p 45688s 1z,,,,,,,,
20260403163215_0000_211,20260403163215_0000,20260403163215,0000,1,エル・シコデリコ,1,1m,confirmed_tedashi,1775201577,,,1,265.077,"[16,14,108,15,86,13,90,66,103,102,51,95]",,,,444r5m 48p 45688s 1z,,,,,,,,
20260403163215_0000_212,20260403163215_0000,20260403163215,0000,2,k-mori,674,,estimated_tsumogiri,1775201577,,,0,,"[16,14,108,15,86,13,90,66,103,102,51,95]",,,,444r5m 48p 45688s 1z,,,,,,,,
20260403163215_0000_213,20260403163215_0000,20260403163215,0000,1,エル・シコデリコ,69,9p,confirmed_tedashi,1775201577,0.0,,1,172.503,"[16,14,108,15,86,13,90,66,103,102,51,95]",,,,444r5m 48p 45688s 1z,,,,,,,,
20260403163215_0000_214,20260403163215_0000,20260403163215,0000,2,k-mori,674,,estimated_tsumogiri,1775201577,,,0,,"[16,14,108,15,86,13,90,66,103,102,51,95]",,,,444r5m 48p 45688s 1z,,,,,,,,
20260403163215_0000_215,20260403163215_0000,20260403163215,0000,2,k-mori,226,,confirmed_tedashi,1775201577,,,1,245.774,"[16,14,108,15,86,13,90,66,103,102,51,95]",,,,444r5m 48p 45688s 1z,,,,,,,,
20260403163215_0000_216,20260403163215_0000,20260403163215,0000,2,k-mori,674,,estimated_tsumogiri,1775201578,,,0,,"[16,14,108,15,86,13,90,66,103,102,51,95]",,,,444r5m 48p 45688s 1z,,,,,,,,
20260403163215_0000_217,20260403163215_0000,20260403163215,0000,2,k-mori,226,,confirmed_tedashi,1775201578,,,1,206.678,"[16,14,108,15,86,13,90,66,103,102,51,95]",,,,444r5m 48p 45688s 1z,,,,,,,,
20260403163215_0000_218,20260403163215_0000,20260403163215,0000,2,k-mori,674,,estimated_tsumogiri,1775201578,,,0,,"[16,14,108,15,86,13,90,66,103,102,51,95]",,,,444r5m 48p 45688s 1z,,,,,,,,
20260403163215_0000_219,20260403163215_0000,20260403163215,0000,2,k-mori,674,,estimated_tsumogiri,1775201578,,,0,,"[16,14,108,15,86,13,90,66,103,102,51,95]",,,,444r5m 48p 45688s 1z,,,,,,,,
20260403163215_0000_220,20260403163215_0000,20260403163215,0000,2,k-mori,674,,estimated_tsumogiri,1775201578,,,0,,"[16,14,108,15,86,13,90,66,103,102,51,95]",,,,444r5m 48p 45688s 1z,,,,,,,,
20260403163215_0000_221,20260403163215_0000,20260403163215,0000,2,k-mori,674,,estimated_tsumogiri,1775201578,,,0,,"[16,14,108,15,86,13,90,66,103,102,51,95]",,,,444r5m 48p 45688s 1z,,,,,,,,
20260403163215_0000_222,20260403163215_0000,20260403163215,0000,3,913149,73,1s,confirmed_tedashi,1775201579,2759.654,,0,,"[16,14,108,15,86,13,90,66,103,102,51,95]",,,,444r5m 48p 45688s 1z,,,,,,,,
20260403163215_0000_223,20260403163215_0000,20260403163215,0000,2,k-mori,674,,estimated_tsumogiri,1775201579,,,0,,"[16,14,108,15,86,13,90,66,103,102,51,95,12]",,,,4444r5m 48p 45688s 1z,,,,,,,,
20260403163215_0000_224,20260403163215_0000,20260403163215,0000,2,k-mori,674,,estimated_tsumogiri,1775201579,,,0,,"[16,14,108,15,86,13,90,66,103,102,51,95,12]",,,,4444r5m 48p 45688s 1z,,,,,,,,
20260403163215_0000_225,20260403163215_0000,20260403163215,0000,2,k-mori,674,,estimated_tsumogiri,1775201579,,,1,484.519,"[16,14,108,15,86,13,90,66,103,102,51,95,12]",,,,4444r5m 48p 45688s 1z,,,,,,,,
20260403163215_0000_226,20260403163215_0000,20260403163215,0000,2,k-mori,674,,estimated_tsumogiri,1775201580,,,1,238.146,"[16,14,108,15,86,13,90,66,103,102,51,95,12]",,,,4444r5m 48p 45688s 1z,,,,,,,,
20260403163215_0000_227,20260403163215_0000,20260403163215,0000,2,k-mori,674,,estimated_tsumogiri,1775201580,,,0,,"[16,14,108,15,86,13,90,66,103,102,51,95,12]",,,,4444r5m 48p 45688s 1z,,,,,,,,
20260403163215_0000_228,20260403163215_0000,20260403163215,0000,2,k-mori,3552019,,estimated_tsumogiri,1775201580,,,1,355.078,"[16,14,108,15,86,13,90,66,103,102,51,95,12]",,,,4444r5m 48p 45688s 1z,,,,,,,,
20260403163215_0000_229,20260403163215_0000,20260403163215,0000,2,k-mori,674,,estimated_tsumogiri,1775201580,,,0,,"[16,14,108,15,86,13,90,66,103,102,51,95,12]",,,,4444r5m 48p 45688s 1z,,,,,,,,
20260403163215_0000_230,20260403163215_0000,20260403163215,0000,2,k-mori,3552019,,estimated_tsumogiri,1775201580,,,1,159.42,"[16,14,108,15,86,13,90,66,103,102,51,95,12]",,,,4444r5m 48p 45688s 1z,,,,,,,,
20260403163215_0000_231,20260403163215_0000,20260403163215,0000,2,k-mori,674,,estimated_tsumogiri,1775201580,,,0,,"[16,14,108,15,86,13,90,66,103,102,51,95,12]",,,,4444r5m 48p 45688s 1z,,,,,,,,
20260403163215_0000_232,20260403163215_0000,20260403163215,0000,0,パシフィック,40,2p,confirmed_tedashi,1775201580,1888.252,,1,220.119,"[16,14,108,15,86,13,90,66,103,102,51,95,12]",,,,4444r5m 48p 45688s 1z,,,,2,2,4,12,0
20260403163215_0000_233,20260403163215_0000,20260403163215,0000,2,k-mori,674,,estimated_tsumogiri,1775201581,,,0,,"[16,14,108,15,86,13,90,66,103,102,51,95,12]",,,,4444r5m 48p 45688s 1z,,,,,,,,
20260403163215_0000_234,20260403163215_0000,20260403163215,0000,0,パシフィック,40,2p,confirmed_tedashi,1775201581,,,1,242.227,"[16,14,108,15,86,13,90,66,103,102,51,95,12]",,,,4444r5m 48p 45688s 1z,,,,2,2,4,12,0
20260403163215_0000_235,20260403163215_0000,20260403163215,0000,2,k-mori,674,,estimated_tsumogiri,1775201581,,,0,,"[16,14,108,15,86,13,90,66,103,102,51,95,12]",,,,4444r5m 48p 45688s 1z,,,,,,,,
20260403163215_0000_236,20260403163215_0000,20260403163215,0000,2,k-mori,674,,estimated_tsumogiri,1775201581,,,0,,"[16,14,108,15,86,13,90,66,103,102,51,95,12]",,,,4444r5m 48p 45688s 1z,,,,,,,,
20260403163215_0000_237,20260403163215_0000,20260403163215,0000,2,k-mori,6,2m,confirmed_tedashi,1775201581,,,1,250.661,"[16,14,108,15,86,13,90,66,103,102,51,95,12]",,,,4444r5m 48p 45688s 1z,,,,,,,,
20260403163215_0000_238,20260403163215_0000,20260403163215,0000,2,k-mori,674,,estimated_tsumogiri,1775201581,,,0,,"[16,14,108,15,86,13,90,66,103,102,51,95,12]",,,,4444r5m 48p 45688s 1z,,,,,,,,
20260403163215_0000_239,20260403163215_0000,20260403163215,0000,0,パシフィック,98080,,confirmed_tedashi,1775201581,,,0,,"[16,14,108,15,86,13,90,66,103,102,51,95,12]",,,,4444r5m 48p 45688s 1z,,,,2,2,4,12,0
20260403163215_0000_240,20260403163215_0000,20260403163215,0000,2,k-mori,6,2m,confirmed_tedashi,1775201581,,,1,215.317,"[16,14,108,15,86,13,90,66,103,102,51,95,12]",,,,4444r5m 48p 45688s 1z,,,,,,,,
20260403163215_0000_241,20260403163215_0000,20260403163215,0000,2,k-mori,674,,estimated_tsumogiri,1775201582,,,0,,"[16,14,108,15,86,13,90,66,103,102,51,95,12]",,,,4444r5m 48p 45688s 1z,,,,,,,,
20260403163215_0000_242,20260403163215_0000,20260403163215,0000,0,パシフィック,98080,,confirmed_tedashi,1775201582,,,1,271.297,"[16,14,108,15,86,13,90,66,103,102,51,95,12]",,,,4444r5m 48p 45688s 1z,,,,2,2,4,12,0
20260403163215_0000_243,20260403163215_0000,20260403163215,0000,2,k-mori,674,,estimated_tsumogiri,1775201582,,,0,,"[16,14,108,15,86,13,90,66,103,102,51,95,12]",,,,4444r5m 48p 45688s 1z,,,,,,,,
20260403163215_0000_244,20260403163215_0000,20260403163215,0000,2,k-mori,6,2m,confirmed_tedashi,1775201582,,,1,189.57,"[16,14,108,15,86,13,90,66,103,102,51,95,12]",,,,4444r5m 48p 45688s 1z,,,,,,,,
20260403163215_0000_245,20260403163215_0000,20260403163215,0000,2,k-mori,674,,estimated_tsumogiri,1775201582,,,0,,"[16,14,108,15,86,13,90,66,103,102,51,95,12]",,,,4444r5m 48p 45688s 1z,,,,,,,,
20260403163215_0000_246,20260403163215_0000,20260403163215,0000,2,k-mori,93,6s,confirmed_tedashi,1775201582,,,0,,"[16,14,108,15,86,13,90,66,103,102,51,95,12]",,,,4444r5m 48p 45688s 1z,,,,,,,,
20260403163215_0000_247,20260403163215_0000,20260403163215,0000,2,k-mori,6,2m,confirmed_tedashi,1775201582,,,1,273.393,"[16,14,108,15,86,13,90,66,103,102,51,95,12]",,,,4444r5m 48p 45688s 1z,,,,,,,,
20260403163215_0000_248,20260403163215_0000,20260403163215,0000,2,k-mori,674,,estimated_tsumogiri,1775201582,,,0,,"[16,14,108,15,86,13,90,66,103,102,51,95,12]",,,,4444r5m 48p 45688s 1z,,,,,,,,
20260403163215_0000_249,20260403163215_0000,20260403163215,0000,2,k-mori,93,6s,confirmed_tedashi,1775201582,,,1,238.985,"[16,14,108,15,86,13,90,66,103,102,51,95,12]",,,,4444r5m 48p 45688s 1z,,,,,,,,
20260403163215_0000_250,20260403163215_0000,20260403163215,0000,2,k-mori,674,,estimated_tsumogiri,1775201583,,,0,,"[16,14,108,15,86,13,90,66,103,102,51,95,12]",,,,4444r5m 48p 45688s 1z,,,,,,,,
20260403163215_0000_251,20260403163215_0000,20260403163215,0000,0,パシフィック,7,2m,confirmed_tedashi,1775201583,,,0,,"[16,14,108,15,86,13,90,66,103,102,51,95,12]",,,,4444r5m 48p 45688s 1z,,,,2,2,4,12,0
20260403163215_0000_252,20260403163215_0000,20260403163215,0000,2,k-mori,76,2s,confirmed_tedashi,1775201583,,,1,263.691,"[16,14,108,15,86,13,90,66,103,102,51,95,12]",,,,4444r5m 48p 45688s 1z,,,,,,,,
20260403163215_0000_253,20260403163215_0000,20260403163215,0000,2,k-mori,674,,estimated_tsumogiri,1775201583,,,0,,"[16,14,108,15,86,13,90,66,103,102,51,95,12]",,,,4444r5m 48p 45688s 1z,,,,,,,,
20260403163215_0000_254,20260403163215_0000,20260403163215,0000,0,パシフィック,7,2m,confirmed_tedashi,1775201583,,,0,,"[16,14,108,15,86,13,90,66,103,102,51,95,12]",,,,4444r5m 48p 45688s 1z,,,,2,2,4,12,0
20260403163215_0000_255,20260403163215_0000,20260403163215,0000,2,k-mori,76,2s,confirmed_tedashi,1775201583,,,1,207.492,"[16,14,108,15,86,13,90,66,103,102,51,95,12]",,,,4444r5m 48p 45688s 1z,,,,,,,,
20260403163215_0000_256,20260403163215_0000,20260403163215,0000,2,k-mori,674,,estimated_tsumogiri,1775201583,,,1,235.957,"[16,14,108,15,86,13,90,66,103,102,51,95,12]",,,,4444r5m 48p 45688s 1z,,,,,,,,
20260403163215_0000_257,20260403163215_0000,20260403163215,0000,2,k-mori,674,,estimated_tsumogiri,1775201583,,,0,,"[16,14,108,15,86,13,90,66,103,102,51,95,12]",,,,4444r5m 48p 45688s 1z,,,,,,,,
20260403163215_0000_258,20260403163215_0000,20260403163215,0000,0,パシフィック,67,8p,confirmed_tedashi,1775201583,,,1,190.246,"[16,14,108,15,86,13,90,66,103,102,51,95,12]",,,,4444r5m 48p 45688s 1z,,,,2,2,4,12,0
20260403163215_0000_259,20260403163215_0000,20260403163215,0000,2,k-mori,674,,estimated_tsumogiri,1775201583,,,0,,"[16,14,108,15,86,13,90,66,103,102,51,95,12]",,,,4444r5m 48p 45688s 1z,,,,,,,,
20260403163215_0000_260,20260403163215_0000,20260403163215,0000,0,パシフィック,67,8p,confirmed_tedashi,1775201583,,,1,276.42,"[16,14,108,15,86,13,90,66,103,102,51,95,12]",,,,4444r5m 48p 45688s 1z,,,,2,2,4,12,0
20260403163215_0000_261,20260403163215_0000,20260403163215,0000,2,k-mori,674,,estimated_tsumogiri,1775201584,,,0,,"[16,14,108,15,86,13,90,66,103,102,51,95,12]",,,,4444r5m 48p 45688s 1z,,,,,,,,
20260403163215_0000_262,20260403163215_0000,20260403163215,0000,2,k-mori,3,1m,confirmed_tedashi,1775201584,,,1,177.758,"[16,14,108,15,86,13,90,66,103,102,51,95,12]",,,,4444r5m 48p 45688s 1z,,,,,,,,
20260403163215_0000_263,20260403163215_0000,20260403163215,0000,2,k-mori,674,,estimated_tsumogiri,1775201584,,,0,,"[16,14,108,15,86,13,90,66,103,102,51,95,12]",,,,4444r5m 48p 45688s 1z,,,,,,,,
20260403163215_0000_264,20260403163215_0000,20260403163215,0000,2,k-mori,3,1m,confirmed_tedashi,1775201584,,,1,251.166,"[16,14,108,15,86,13,90,66,103,102,51,95,12]",,,,4444r5m 48p 45688s 1z,,,,,,,,
20260403163215_0000_265,20260403163215_0000,20260403163215,0000,2,k-mori,674,,estimated_tsumogiri,1775201584,,,0,,"[16,14,108,15,86,13,90,66,103,102,51,95,12]",,,,4444r5m 48p 45688s 1z,,,,,,,,
20260403163215_0000_266,20260403163215_0000,20260403163215,0000,0,パシフィック,8039,,confirmed_tedashi,1775201584,,,0,,"[16,14,108,15,86,13,90,66,103,102,51,95,12]",,,,4444r5m 48p 45688s 1z,,,,2,2,4,12,0
20260403163215_0000_267,20260403163215_0000,20260403163215,0000,0,パシフィック,8,3m,confirmed_tedashi,1775201584,,,1,226.648,"[16,14,108,15,86,13,90,66,103,102,51,95,12]",,,,4444r5m 48p 45688s 1z,,,,2,2,4,12,0
20260403163215_0000_268,20260403163215_0000,20260403163215,0000,2,k-mori,674,,estimated_tsumogiri,1775201584,,,0,,"[16,14,108,15,86,13,90,66,103,102,51,95,12]",,,,4444r5m 48p 45688s 1z,,,,,,,,
20260403163215_0000_269,20260403163215_0000,20260403163215,0000,0,パシフィック,8039,,confirmed_tedashi,1775201584,,,0,,"[16,14,108,15,86,13,90,66,103,102,51,95,12]",,,,4444r5m 48p 45688s 1z,,,,2,2,4,12,0
20260403163215_0000_270,20260403163215_0000,20260403163215,0000,0,パシフィック,8,3m,confirmed_tedashi,1775201584,,,1,242.574,"[16,14,108,15,86,13,90,66,103,102,51,95,12]",,,,4444r5m 48p 45688s 1z,,,,2,2,4,12,0
20260403163215_0000_271,20260403163215_0000,20260403163215,0000,2,k-mori,674,,estimated_tsumogiri,1775201585,,,0,,"[16,14,108,15,86,13,90,66,103,102,51,95,12]",,,,4444r5m 48p 45688s 1z,,,,,,,,
20260403163215_0000_272,20260403163215_0000,20260403163215,0000,1,エル・シコデリコ,57383059204,,estimated_tsumogiri,1775201585,0.0,,1,176.112,"[16,14,108,15,86,13,90,66,103,102,51,95,12]",,,,4444r5m 48p 45688s 1z,,,,,,,,
20260403163215_0000_273,20260403163215_0000,20260403163215,0000,2,k-mori,674,,estimated_tsumogiri,1775201585,,,0,,"[16,14,108,15,86,13,90,66,103,102,51,95,12]",,,,4444r5m 48p 45688s 1z,,,,,,,,
20260403163215_0000_274,20260403163215_0000,20260403163215,0000,1,エル・シコデリコ,57383059204,,estimated_tsumogiri,1775201585,0.0,,1,271.15,"[16,14,108,15,86,13,90,66,103,102,51,95,12]",,,,4444r5m 48p 45688s 1z,,,,,,,,
20260403163215_0000_275,20260403163215_0000,20260403163215,0000,2,k-mori,674,,estimated_tsumogiri,1775201585,,,0,,"[16,14,108,15,86,13,90,66,103,102,51,95,12]",,,,4444r5m 48p 45688s 1z,,,,,,,,
20260403163215_0000_276,20260403163215_0000,20260403163215,0000,2,k-mori,674,,estimated_tsumogiri,1775201585,,,0,,"[16,14,108,15,86,13,90,66,103,102,51,95,12]",,,,4444r5m 48p 45688s 1z,,,,,,,,
20260403163215_0000_277,20260403163215_0000,20260403163215,0000,2,k-mori,674,,estimated_tsumogiri,1775201585,,,1,194.122,"[16,14,108,15,86,13,90,66,103,102,51,95,12]",,,,4444r5m 48p 45688s 1z,,,,,,,,
20260403163215_0000_278,20260403163215_0000,20260403163215,0000,2,k-mori,674,,estimated_tsumogiri,1775201586,,,0,,"[16,14,108,15,86,13,90,66,103,102,51,95,12]",,,,4444r5m 48p 45688s 1z,,,,,,,,
20260403163215_0000_279,20260403163215_0000,20260403163215,0000,0,パシフィック,259,,estimated_tsumogiri,1775201586,,,1,328.594,"[16,14,108,15,86,13,90,66,103,102,51,95,12]",,,,4444r5m 48p 45688s 1z,,,,2,2,4,12,0
20260403163215_0000_280,20260403163215_0000,20260403163215,0000,2,k-mori,674,,estimated_tsumogiri,1775201586,,,0,,"[16,14,108,15,86,13,90,66,103,102,51,95,12]",,,,4444r5m 48p 45688s 1z,,,,,,,,
20260403163215_0000_281,20260403163215_0000,20260403163215,0000,0,パシフィック,256598,,confirmed_tedashi,1775201586,,,0,,"[16,14,108,15,86,13,90,66,103,102,51,95,12]",,,,4444r5m 48p 45688s 1z,,,,2,2,4,12,0
20260403163215_0000_282,20260403163215_0000,20260403163215,0000,0,パシフィック,259,,estimated_tsumogiri,1775201586,,,1,172.944,"[16,14,108,15,86,13,90,66,103,102,51,95,12]",,,,4444r5m 48p 45688s 1z,,,,2,2,4,12,0
20260403163215_0000_283,20260403163215_0000,20260403163215,0000,2,k-mori,674,,estimated_tsumogiri,1775201586,,,0,,"[16,14,108,15,86,13,90,66,103,102,51,95,12]",,,,4444r5m 48p 45688s 1z,,,,,,,,
20260403163215_0000_284,20260403163215_0000,20260403163215,0000,0,パシフィック,256598,,confirmed_tedashi,1775201586,,,1,261.464,"[16,14,108,15,86,13,90,66,103,102,51,95,12]",,,,4444r5m 48p 45688s 1z,,,,2,2,4,12,0
20260403163215_0000_285,20260403163215_0000,20260403163215,0000,2,k-mori,674,,estimated_tsumogiri,1775201586,,,1,196.647,"[16,14,108,15,86,13,90,66,103,102,51,95,12]",,,,4444r5m 48p 45688s 1z,,,,,,,,
20260403163215_0000_286,20260403163215_0000,20260403163215,0000,2,k-mori,674,,estimated_tsumogiri,1775201587,,,0,,"[16,14,108,15,86,13,90,66,103,102,51,95,12]",,,,4444r5m 48p 45688s 1z,,,,,,,,
20260403163215_0000_287,20260403163215_0000,20260403163215,0000,2,k-mori,674,,estimated_tsumogiri,1775201587,,,1,253.694,"[16,14,108,15,86,13,90,66,103,102,51,95,12]",,,,4444r5m 48p 45688s 1z,,,,,,,,
20260403163215_0000_288,20260403163215_0000,20260403163215,0000,2,k-mori,674,,estimated_tsumogiri,1775201587,,,1,334.032,"[16,14,108,15,86,13,90,66,103,102,51,95,12]",,,,4444r5m 48p 45688s 1z,,,,,,,,
20260403163215_0000_289,20260403163215_0000,20260403163215,0000,2,k-mori,674,,estimated_tsumogiri,1775201587,,,1,197.973,"[16,14,108,15,86,13,90,66,103,102,51,95,12]",,,,4444r5m 48p 45688s 1z,,,,,,,,
20260403163215_0000_290,20260403163215_0000,20260403163215,0000,2,k-mori,674,,estimated_tsumogiri,1775201588,,,0,,"[16,14,108,15,86,13,90,66,103,102,51,95,12]",,,,4444r5m 48p 45688s 1z,,,,,,,,
20260403163215_0000_291,20260403163215_0000,20260403163215,0000,0,パシフィック,6,2m,estimated_tsumogiri,1775201588,,,0,,"[16,14,108,15,86,13,90,66,103,102,51,95,12]",,,,4444r5m 48p 45688s 1z,,,,2,2,4,12,0
20260403163215_0000_292,20260403163215_0000,20260403163215,0000,2,k-mori,674,,estimated_tsumogiri,1775201588,0.0,,1,224.254,"[16,14,108,15,86,13,90,66,103,102,51,95,12]",,,,4444r5m 48p 45688s 1z,,,,,,,,
20260403163215_0000_293,20260403163215_0000,20260403163215,0000,2,k-mori,674,,estimated_tsumogiri,1775201588,,,0,,"[16,14,108,15,86,13,90,66,103,102,51,95,12]",,,,4444r5m 48p 45688s 1z,,,,,,,,
20260403163215_0000_294,20260403163215_0000,20260403163215,0000,2,k-mori,674,,estimated_tsumogiri,1775201588,,,1,162.75,"[16,14,108,15,86,13,90,66,103,102,51,95,12]",,,,4444r5m 48p 45688s 1z,,,,,,,,
20260403163215_0000_295,20260403163215_0000,20260403163215,0000,2,k-mori,674,,estimated_tsumogiri,1775201588,,,0,,"[16,14,108,15,86,13,90,66,103,102,51,95,12]",,,,4444r5m 48p 45688s 1z,,,,,,,,
20260403163215_0000_296,20260403163215_0000,20260403163215,0000,0,パシフィック,6,2m,estimated_tsumogiri,1775201588,,,0,,"[16,14,108,15,86,13,90,66,103,102,51,95,12]",,,,4444r5m 48p 45688s 1z,,,,2,2,4,12,0
20260403163215_0000_297,20260403163215_0000,20260403163215,0000,0,パシフィック,6,2m,estimated_tsumogiri,1775201588,,,0,,"[16,14,108,15,86,13,90,66,103,102,51,95,12]",,,,4444r5m 48p 45688s 1z,,,,2,2,4,12,0
20260403163215_0000_298,20260403163215_0000,20260403163215,0000,0,パシフィック,6,2m,estimated_tsumogiri,1775201588,,,0,,"[16,14,108,15,86,13,90,66,103,102,51,95,12]",,,,4444r5m 48p 45688s 1z,,,,2,2,4,12,0
20260403163215_0000_299,20260403163215_0000,20260403163215,0000,0,パシフィック,6,2m,estimated_tsumogiri,1775201588,,,0,,"[16,14,108,15,86,13,90,66,103,102,51,95,12]",,,,4444r5m 48p 45688s 1z,,,,2,2,4,12,0
20260403163215_0000_300,20260403163215_0000,20260403163215,0000,0,パシフィック,745,,estimated_tsumogiri,1775201588,,,1,158.235,"[16,14,108,15,86,13,90,66,103,102,51,95,12]",,,,4444r5m 48p 45688s 1z,,,,2,2,4,12,0
20260403163215_0000_301,20260403163215_0000,20260403163215,0000,2,k-mori,674,,estimated_tsumogiri,1775201588,158.235,,0,,"[16,14,108,15,86,13,90,66,103,102,51,95,12]",,,,4444r5m 48p 45688s 1z,,,,,,,,
20260403163215_0000_302,20260403163215_0000,20260403163215,0000,0,パシフィック,745,,estimated_tsumogiri,1775201588,,,1,162.343,"[16,14,108,15,86,13,90,66,103,102,51,95,12]",,,,4444r5m 48p 45688s 1z,,,,2,2,4,12,0
20260403163215_0000_303,20260403163215_0000,20260403163215,0000,2,k-mori,674,,estimated_tsumogiri,1775201588,,,0,,"[16,14,108,15,86,13,90,66,103,102,51,95,12]",,,,4444r5m 48p 45688s 1z,,,,,,,,
20260403163215_0000_304,20260403163215_0000,20260403163215,0000,0,パシフィック,6,2m,estimated_tsumogiri,1775201588,,,0,,"[16,14,108,15,86,13,90,66,103,102,51,95,12]",,,,4444r5m 48p 45688s 1z,,,,2,2,4,12,0
20260403163215_0000_305,20260403163215_0000,20260403163215,0000,1,エル・シコデリコ,4,2m,confirmed_tedashi,1775201588,0.0,,1,169.96,"[16,14,108,15,86,13,90,66,103,102,51,95,12]",,,,4444r5m 48p 45688s 1z,,,,,,,,
20260403163215_0000_306,20260403163215_0000,20260403163215,0000,2,k-mori,674,,estimated_tsumogiri,1775201589,169.96,,0,,"[16,14,108,15,86,13,90,66,103,102,51,95,12]",,,,4444r5m 48p 45688s 1z,,,,,,,,
20260403163215_0000_307,20260403163215_0000,20260403163215,0000,1,エル・シコデリコ,4,2m,confirmed_tedashi,1775201589,0.0,,1,161.024,"[16,14,108,15,86,13,90,66,103,102,51,95,12]",,,,4444r5m 48p 45688s 1z,,,,,,,,
20260403163215_0000_308,20260403163215_0000,20260403163215,0000,2,k-mori,674,,estimated_tsumogiri,1775201589,,,0,,"[16,14,108,15,86,13,90,66,103,102,51,95,12]",,,,4444r5m 48p 45688s 1z,,,,,,,,
20260403163215_0000_309,20260403163215_0000,20260403163215,0000,2,k-mori,4,2m,confirmed_tedashi,1775201589,,,1,158.035,"[16,14,108,15,86,13,90,66,103,102,51,95,12]",,,,4444r5m 48p 45688s 1z,,,,,,,,
20260403163215_0000_310,20260403163215_0000,20260403163215,0000,2,k-mori,674,,estimated_tsumogiri,1775201589,,,0,,"[16,14,108,15,86,13,90,66,103,102,51,95,12]",,,,4444r5m 48p 45688s 1z,,,,,,,,
20260403163215_0000_311,20260403163215_0000,20260403163215,0000,2,k-mori,4,2m,confirmed_tedashi,1775201589,,,1,158.345,"[16,14,108,15,86,13,90,66,103,102,51,95,12]",,,,4444r5m 48p 45688s 1z,,,,,,,,
20260403163215_0000_312,20260403163215_0000,20260403163215,0000,2,k-mori,674,,estimated_tsumogiri,1775201589,,,0,,"[16,14,108,15,86,13,90,66,103,102,51,95,12]",,,,4444r5m 48p 45688s 1z,,,,,,,,
20260403163215_0000_313,20260403163215_0000,20260403163215,0000,1,エル・シコデリコ,25,7m,confirmed_tedashi,1775201589,0.0,,1,177.717,"[16,14,108,15,86,13,90,66,103,102,51,95,12]",,,,4444r5m 48p 45688s 1z,,,,,,,,
20260403163215_0000_314,20260403163215_0000,20260403163215,0000,2,k-mori,674,,estimated_tsumogiri,1775201589,,,0,,"[16,14,108,15,86,13,90,66,103,102,51,95,12]",,,,4444r5m 48p 45688s 1z,,,,,,,,
20260403163215_0000_315,20260403163215_0000,20260403163215,0000,1,エル・シコデリコ,25,7m,confirmed_tedashi,1775201589,0.0,,1,148.883,"[16,14,108,15,86,13,90,66,103,102,51,95,12]",,,,4444r5m 48p 45688s 1z,,,,,,,,
20260403163215_0000_316,20260403163215_0000,20260403163215,0000,2,k-mori,674,,estimated_tsumogiri,1775201589,,,1,215.945,"[16,14,108,15,86,13,90,66,103,102,51,95,12]",,,,4444r5m 48p 45688s 1z,,,,,,,,
20260403163215_0000_317,20260403163215_0000,20260403163215,0000,2,k-mori,674,,estimated_tsumogiri,1775201590,,,0,,"[16,14,108,15,86,13,90,66,103,102,51,95,12]",,,,4444r5m 48p 45688s 1z,,,,,,,,
20260403163215_0000_318,20260403163215_0000,20260403163215,0000,2,k-mori,674,,estimated_tsumogiri,1775201590,,,1,263.476,"[16,14,108,15,86,13,90,66,103,102,51,95,12]",,,,4444r5m 48p 45688s 1z,,,,,,,,
20260403163215_0000_319,20260403163215_0000,20260403163215,0000,2,k-mori,674,,estimated_tsumogiri,1775201590,,,0,,"[16,14,108,15,86,13,90,66,103,102,51,95,12]",,,,4444r5m 48p 45688s 1z,,,,,,,,
20260403163215_0000_320,20260403163215_0000,20260403163215,0000,2,k-mori,53,5p,confirmed_tedashi,1775201590,,,1,171.243,"[16,14,108,15,86,13,90,66,103,102,51,95,12]",,,,4444r5m 48p 45688s 1z,,,,,,,,
20260403163215_0000_321,20260403163215_0000,20260403163215,0000,2,k-mori,674,,estimated_tsumogiri,1775201590,,,0,,"[16,14,108,15,86,13,90,66,103,102,51,95,12]",,,,4444r5m 48p 45688s 1z,,,,,,,,
20260403163215_0000_322,20260403163215_0000,20260403163215,0000,2,k-mori,53,5p,confirmed_tedashi,1775201590,,,1,231.405,"[16,14,108,15,86,13,90,66,103,102,51,95,12]",,,,4444r5m 48p 45688s 1z,,,,,,,,
20260403163215_0000_323,20260403163215_0000,20260403163215,0000,2,k-mori,674,,estimated_tsumogiri,1775201590,,,0,,"[16,14,108,15,86,13,90,66,103,102,51,95,12]",,,,4444r5m 48p 45688s 1z,,,,,,,,
20260403163215_0000_324,20260403163215_0000,20260403163215,0000,2,k-mori,674,,estimated_tsumogiri,1775201591,,,0,,"[16,14,108,15,86,13,90,66,103,102,51,95,12]",,,,4444r5m 48p 45688s 1z,,,,,,,,
20260403163215_0000_325,20260403163215_0000,20260403163215,0000,2,k-mori,674,,estimated_tsumogiri,1775201591,,,0,,"[16,14,108,15,86,13,90,66,103,102,51,95,12]",,,,4444r5m 48p 45688s 1z,,,,,,,,
20260403163215_0000_326,20260403163215_0000,20260403163215,0000,2,k-mori,674,,estimated_tsumogiri,1775201591,,,0,,"[16,14,108,15,86,13,90,66,103,102,51,95,12]",,,,4444r5m 48p 45688s 1z,,,,,,,,
20260403163215_0000_327,20260403163215_0000,20260403163215,0000,2,k-mori,674,,estimated_tsumogiri,1775201591,,,0,,"[16,14,108,15,86,13,90,66,103,102,51,95,12]",,,,4444r5m 48p 45688s 1z,,,,,,,,
20260403163215_0000_328,20260403163215_0000,20260403163215,0000,2,k-mori,674,,estimated_tsumogiri,1775201591,,,0,,"[16,14,108,15,86,13,90,66,103,102,51,95,12]",,,,4444r5m 48p 45688s 1z,,,,,,,,
20260403163215_0000_329,20260403163215_0000,20260403163215,0000,2,k-mori,674,,estimated_tsumogiri,1775201592,,,0,,"[16,14,108,15,86,13,90,66,103,102,51,95,12]",,,,4444r5m 48p 45688s 1z,,,,,,,,
20260403163215_0000_330,20260403163215_0000,20260403163215,0000,2,k-mori,674,,estimated_tsumogiri,1775201592,,,0,,"[16,14,108,15,86,13,90,66,103,102,51,95,12]",,,,4444r5m 48p 45688s 1z,,,,,,,,
20260403163215_0000_331,20260403163215_0000,20260403163215,0000,1,エル・シコデリコ,26,7m,confirmed_tedashi,1775201592,0.0,,1,472.836,"[16,14,108,15,86,13,90,66,103,102,51,95,12]",,,,4444r5m 48p 45688s 1z,,,,,,,,
20260403163215_0000_332,20260403163215_0000,20260403163215,0000,2,k-mori,674,,estimated_tsumogiri,1775201592,,,0,,"[16,14,108,15,86,13,90,66,103,102,51,95,12]",,,,4444r5m 48p 45688s 1z,,,,,,,,
20260403163215_0000_333,20260403163215_0000,20260403163215,0000,0,パシフィック,7069,,confirmed_tedashi,1775201592,,,0,,"[16,14,108,15,86,13,90,66,103,102,51,95,12]",,,,4444r5m 48p 45688s 1z,,,,2,2,4,12,0
20260403163215_0000_334,20260403163215_0000,20260403163215,0000,1,エル・シコデリコ,26,7m,confirmed_tedashi,1775201592,,,1,192.535,"[16,14,108,15,86,13,90,66,103,102,51,95,12]",,,,4444r5m 48p 45688s 1z,,,,,,,,
20260403163215_0000_335,20260403163215_0000,20260403163215,0000,2,k-mori,674,,estimated_tsumogiri,1775201593,,,0,,"[16,14,108,15,86,13,90,66,103,102,51,95,12]",,,,4444r5m 48p 45688s 1z,,,,,,,,
20260403163215_0000_336,20260403163215_0000,20260403163215,0000,0,パシフィック,7069,,confirmed_tedashi,1775201593,,,1,256.378,"[16,14,108,15,86,13,90,66,103,102,51,95,12]",,,,4444r5m 48p 45688s 1z,,,,2,2,4,12,0
20260403163215_0000_337,20260403163215_0000,20260403163215,0000,2,k-mori,674,,estimated_tsumogiri,1775201593,,,1,181.057,"[16,14,108,15,86,13,90,66,103,102,51,95,12]",,,,4444r5m 48p 45688s 1z,,,,,,,,
20260403163215_0000_338,20260403163215_0000,20260403163215,0000,2,k-mori,674,,estimated_tsumogiri,1775201593,,,1,299.578,"[16,14,108,15,86,13,90,66,103,102,51,95,12]",,,,4444r5m 48p 45688s 1z,,,,,,,,
20260403163215_0000_339,20260403163215_0000,20260403163215,0000,2,k-mori,674,,estimated_tsumogiri,1775201593,,,1,168.466,"[16,14,108,15,86,13,90,66,103,102,51,95,12]",,,,4444r5m 48p 45688s 1z,,,,,,,,
20260403163215_0000_340,20260403163215_0000,20260403163215,0000,2,k-mori,674,,estimated_tsumogiri,1775201594,,,0,,"[16,14,108,15,86,13,90,66,103,102,51,95,12]",,,,4444r5m 48p 45688s 1z,,,,,,,,
20260403163215_0000_341,20260403163215_0000,20260403163215,0000,0,パシフィック,6,2m,estimated_tsumogiri,1775201594,,,0,,"[16,14,108,15,86,13,90,66,103,102,51,95,12]",,,,4444r5m 48p 45688s 1z,,,,2,2,4,12,0
20260403163215_0000_342,20260403163215_0000,20260403163215,0000,0,パシフィック,6,2m,estimated_tsumogiri,1775201594,,,0,,"[16,14,108,15,86,13,90,66,103,102,51,95,12]",,,,4444r5m 48p 45688s 1z,,,,2,2,4,12,0
20260403163215_0000_343,20260403163215_0000,20260403163215,0000,2,k-mori,674,,estimated_tsumogiri,1775201594,236.32,,0,,"[16,14,108,15,86,13,90,66,103,102,51,95,12]",,,,4444r5m 48p 45688s 1z,,,,,,,,
20260403163215_0000_344,20260403163215_0000,20260403163215,0000,2,k-mori,674,,estimated_tsumogiri,1775201594,,,1,243.658,"[16,14,108,15,86,13,90,66,103,102,51,95,12]",,,,4444r5m 48p 45688s 1z,,,,,,,,
20260403163215_0000_345,20260403163215_0000,20260403163215,0000,2,k-mori,674,,estimated_tsumogiri,1775201594,,,0,,"[16,14,108,15,86,13,90,66,103,102,51,95,12]",,,,4444r5m 48p 45688s 1z,,,,,,,,
20260403163215_0000_346,20260403163215_0000,20260403163215,0000,1,エル・シコデリコ,99,7s,confirmed_tedashi,1775201594,0.0,,1,190.35,"[16,14,108,15,86,13,90,66,103,102,51,95,12]",,,,4444r5m 48p 45688s 1z,,,,,,,,
20260403163215_0000_347,20260403163215_0000,20260403163215,0000,2,k-mori,674,,estimated_tsumogiri,1775201594,,,0,,"[16,14,108,15,86,13,90,66,103,102,51,95,12]",,,,4444r5m 48p 45688s 1z,,,,,,,,
20260403163215_0000_348,20260403163215_0000,20260403163215,0000,1,エル・シコデリコ,99,7s,confirmed_tedashi,1775201594,,,1,266.376,"[16,14,108,15,86,13,90,66,103,102,51,95,12]",,,,4444r5m 48p 45688s 1z,,,,,,,,
20260403163215_0000_349,20260403163215_0000,20260403163215,0000,2,k-mori,674,,estimated_tsumogiri,1775201595,,,0,,"[16,14,108,15,86,13,90,66,103,102,51,95,12]",,,,4444r5m 48p 45688s 1z,,,,,,,,
20260403163215_0000_350,20260403163215_0000,20260403163215,0000,2,k-mori,674,,estimated_tsumogiri,1775201595,,,0,,"[16,14,108,15,86,13,90,66,103,102,51,95,12]",,,,4444r5m 48p 45688s 1z,,,,,,,,
20260403163215_0000_351,20260403163215_0000,20260403163215,0000,0,パシフィック,63,7p,confirmed_tedashi,1775201595,,,1,256.642,"[16,14,108,15,86,13,90,66,103,102,51,95,12]",,,,4444r5m 48p 45688s 1z,,,,2,2,4,12,0
20260403163215_0000_352,20260403163215_0000,20260403163215,0000,2,k-mori,674,,estimated_tsumogiri,1775201595,,,0,,"[16,14,108,15,86,13,90,66,103,102,51,95,12]",,,,4444r5m 48p 45688s 1z,,,,,,,,
20260403163215_0000_353,20260403163215_0000,20260403163215,0000,1,エル・シコデリコ,5,2m,confirmed_tedashi,1775201595,256.642,,0,,"[16,14,108,15,86,13,90,66,103,102,51,95,12]",,,,4444r5m 48p 45688s 1z,,,,,,,,
20260403163215_0000_354,20260403163215_0000,20260403163215,0000,0,パシフィック,63,7p,confirmed_tedashi,1775201595,,,1,169.112,"[16,14,108,15,86,13,90,66,103,102,51,95,12]",,,,4444r5m 48p 45688s 1z,,,,2,2,4,12,0
20260403163215_0000_355,20260403163215_0000,20260403163215,0000,2,k-mori,674,,estimated_tsumogiri,1775201595,,,0,,"[16,14,108,15,86,13,90,66,103,102,51,95,12]",,,,4444r5m 48p 45688s 1z,,,,,,,,
20260403163215_0000_356,20260403163215_0000,20260403163215,0000,1,エル・シコデリコ,5,2m,confirmed_tedashi,1775201595,0.0,,1,241.958,"[16,14,108,15,86,13,90,66,103,102,51,95,12]",,,,4444r5m 48p 45688s 1z,,,,,,,,
20260403163215_0000_357,20260403163215_0000,20260403163215,0000,2,k-mori,674,,estimated_tsumogiri,1775201596,,,1,195.254,"[16,14,108,15,86,13,90,66,103,102,51,95,12]",,,,4444r5m 48p 45688s 1z,,,,,,,,
20260403163215_0000_358,20260403163215_0000,20260403163215,0000,2,k-mori,674,,estimated_tsumogiri,1775201596,,,0,,"[16,14,108,15,86,13,90,66,103,102,51,95,12]",,,,4444r5m 48p 45688s 1z,,,,,,,,
20260403163215_0000_359,20260403163215_0000,20260403163215,0000,1,エル・シコデリコ,89,5s,confirmed_tedashi,1775201596,0.0,,1,286.752,"[16,14,108,15,86,13,90,66,103,102,51,95,12]",,,,4444r5m 48p 45688s 1z,,,,,,,,
20260403163215_0000_360,20260403163215_0000,20260403163215,0000,2,k-mori,674,,estimated_tsumogiri,1775201596,,,0,,"[16,14,108,15,86,13,90,66,103,102,51,95,12]",,,,4444r5m 48p 45688s 1z,,,,,,,,
20260403163215_0000_361,20260403163215_0000,20260403163215,0000,0,パシフィック,150316,,confirmed_tedashi,1775201596,,,0,,"[16,14,108,15,86,13,90,66,103,102,51,95,12]",,,,4444r5m 48p 45688s 1z,,,,2,2,4,12,0
20260403163215_0000_362,20260403163215_0000,20260403163215,0000,1,エル・シコデリコ,89,5s,confirmed_tedashi,1775201596,0.0,,1,178.231,"[16,14,108,15,86,13,90,66,103,102,51,95,12]",,,,4444r5m 48p 45688s 1z,,,,,,,,
20260403163215_0000_363,20260403163215_0000,20260403163215,0000,2,k-mori,674,,estimated_tsumogiri,1775201596,,,0,,"[16,14,108,15,86,13,90,66,103,102,51,95,12]",,,,4444r5m 48p 45688s 1z,,,,,,,,
20260403163215_0000_364,20260403163215_0000,20260403163215,0000,0,パシフィック,150316,,confirmed_tedashi,1775201596,,,1,254.712,"[16,14,108,15,86,13,90,66,103,102,51,95,12]",,,,4444r5m 48p 45688s 1z,,,,2,2,4,12,0
20260403163215_0000_365,20260403163215_0000,20260403163215,0000,2,k-mori,674,,estimated_tsumogiri,1775201596,,,0,,"[16,14,108,15,86,13,90,66,103,102,51,95,12]",,,,4444r5m 48p 45688s 1z,,,,,,,,
20260403163215_0000_366,20260403163215_0000,20260403163215,0000,2,k-mori,674,,estimated_tsumogiri,1775201597,,,0,,"[16,14,108,15,86,13,90,66,103,102,51,95,12]",,,,4444r5m 48p 45688s 1z,,,,,,,,
20260403163215_0000_367,20260403163215_0000,20260403163215,0000,2,k-mori,615,,estimated_tsumogiri,1775201597,,,1,324.369,"[16,14,108,15,86,13,90,66,103,102,51,95,12]",,,,4444r5m 48p 45688s 1z,,,,,,,,
20260403163215_0000_368,20260403163215_0000,20260403163215,0000,2,k-mori,674,,estimated_tsumogiri,1775201597,,,0,,"[16,14,108,15,86,13,90,66,103,102,51,95,12]",,,,4444r5m 48p 45688s 1z,,,,,,,,
20260403163215_0000_369,20260403163215_0000,20260403163215,0000,0,パシフィック,9,3m,confirmed_tedashi,1775201597,,,0,,"[16,14,108,15,86,13,90,66,103,102,51,95,12]",,,,4444r5m 48p 45688s 1z,,,,2,2,4,12,0
20260403163215_0000_370,20260403163215_0000,20260403163215,0000,2,k-mori,615,,estimated_tsumogiri,1775201597,,,1,167.169,"[16,14,108,15,86,13,90,66,103,102,51,95,12]",,,,4444r5m 48p 45688s 1z,,,,,,,,
20260403163215_0000_371,20260403163215_0000,20260403163215,0000,2,k-mori,674,,estimated_tsumogiri,1775201597,,,0,,"[16,14,108,15,86,13,90,66,103,102,51,95,12]",,,,4444r5m 48p 45688s 1z,,,,,,,,
20260403163215_0000_372,20260403163215_0000,20260403163215,0000,1,エル・シコデリコ,11,3m,confirmed_tedashi,1775201597,822.271,,0,,"[16,14,108,15,86,13,90,66,103,102,51,95,12]",,,,4444r5m 48p 45688s 1z,,,,,,,,
20260403163215_0000_373,20260403163215_0000,20260403163215,0000,0,パシフィック,9,3m,confirmed_tedashi,1775201597,,,1,211.462,"[16,14,108,15,86,13,90,66,103,102,51,95,12]",,,,4444r5m 48p 45688s 1z,,,,2,2,4,12,0
20260403163215_0000_374,20260403163215_0000,20260403163215,0000,2,k-mori,674,,estimated_tsumogiri,1775201598,,,0,,"[16,14,108,15,86,13,90,66,103,102,51,95,12]",,,,4444r5m 48p 45688s 1z,,,,,,,,
20260403163215_0000_375,20260403163215_0000,20260403163215,0000,1,エル・シコデリコ,11,3m,confirmed_tedashi,1775201598,,,1,199.132,"[16,14,108,15,86,13,90,66,103,102,51,95,12]",,,,4444r5m 48p 45688s 1z,,,,,,,,
20260403163215_0000_376,20260403163215_0000,20260403163215,0000,2,k-mori,674,,estimated_tsumogiri,1775201598,,,0,,"[16,14,108,15,86,13,90,66,103,102,51,95,12]",,,,4444r5m 48p 45688s 1z,,,,,,,,
20260403163215_0000_377,20260403163215_0000,20260403163215,0000,0,パシフィック,6,2m,estimated_tsumogiri,1775201598,,,0,,"[16,14,108,15,86,13,90,66,103,102,51,95,12]",,,,4444r5m 48p 45688s 1z,,,,2,2,4,12,0
20260403163215_0000_378,20260403163215_0000,20260403163215,0000,0,パシフィック,6,2m,estimated_tsumogiri,1775201598,,,0,,"[16,14,108,15,86,13,90,66,103,102,51,95,12]",,,,4444r5m 48p 45688s 1z,,,,2,2,4,12,0
20260403163215_0000_379,20260403163215_0000,20260403163215,0000,0,パシフィック,6,2m,estimated_tsumogiri,1775201598,,,0,,"[16,14,108,15,86,13,90,66,103,102,51,95,12]",,,,4444r5m 48p 45688s 1z,,,,2,2,4,12,0
20260403163215_0000_380,20260403163215_0000,20260403163215,0000,2,k-mori,674,,estimated_tsumogiri,1775201598,261.177,,0,,"[16,14,108,15,86,13,90,66,103,102,51,95,12]",,,,4444r5m 48p 45688s 1z,,,,,,,,
20260403163215_0000_381,20260403163215_0000,20260403163215,0000,1,エル・シコデリコ,4,2m,confirmed_tedashi,1775201598,,,1,181.369,"[16,14,108,15,86,13,90,66,103,102,51,95,12]",,,,4444r5m 48p 45688s 1z,,,,,,,,
20260403163215_0000_382,20260403163215_0000,20260403163215,0000,2,k-mori,674,,estimated_tsumogiri,1775201598,,,0,,"[16,14,108,15,86,13,90,66,103,102,51,95,12]",,,,4444r5m 48p 45688s 1z,,,,,,,,
20260403163215_0000_383,20260403163215_0000,20260403163215,0000,1,エル・シコデリコ,4,2m,confirmed_tedashi,1775201598,,,1,97.155,"[16,14,108,15,86,13,90,66,103,102,51,95,12]",,,,4444r5m 48p 45688s 1z,,,,,,,,
20260403163215_0000_384,20260403163215_0000,20260403163215,0000,0,パシフィック,12,4m,confirmed_tedashi,1775201598,,,0,,"[16,14,108,15,86,13,90,66,103,102,51,95]",,,,444r5m 48p 45688s 1z,,,,,,,,
20260403163215_0000_385,20260403163215_0000,20260403163215,0000,2,k-mori,674,,estimated_tsumogiri,1775201598,,,1,201.597,"[16,14,108,15,86,13,90,66,103,102,51,95]",,,,444r5m 48p 45688s 1z,,,,,,,,
20260403163215_0000_386,20260403163215_0000,20260403163215,0000,2,k-mori,674,,estimated_tsumogiri,1775201599,,,1,247.33,"[16,14,108,15,86,13,90,66,103,102,51,95]",,,,444r5m 48p 45688s 1z,,,,,,,,
20260403163215_0000_387,20260403163215_0000,20260403163215,0000,2,k-mori,674,,estimated_tsumogiri,1775201599,,,0,,"[16,14,108,15,86,13,90,66,103,102,51,95]",,,,444r5m 48p 45688s 1z,,,,,,,,
20260403163215_0000_388,20260403163215_0000,20260403163215,0000,1,エル・シコデリコ,1,1m,confirmed_tedashi,1775201599,621.504,,1,204.427,"[16,14,108,15,86,13,90,66,103,102,51,95]",,,,444r5m 48p 45688s 1z,,,,,,,,
20260403163215_0000_389,20260403163215_0000,20260403163215,0000,2,k-mori,674,,estimated_tsumogiri,1775201599,,,0,,"[16,14,108,15,86,13,90,66,103,102,51,95]",,,,444r5m 48p 45688s 1z,,,,,,,,
20260403163215_0000_390,20260403163215_0000,20260403163215,0000,1,エル・シコデリコ,1,1m,confirmed_tedashi,1775201599,0.0,,1,250.318,"[16,14,108,15,86,13,90,66,103,102,51,95]",,,,444r5m 48p 45688s 1z,,,,,,,,
20260403163215_0000_391,20260403163215_0000,20260403163215,0000,2,k-mori,674,,estimated_tsumogiri,1775201599,,,0,,"[16,14,108,15,86,13,90,66,103,102,51,95]",,,,444r5m 48p 45688s 1z,,,,,,,,
20260403163215_0000_392,20260403163215_0000,20260403163215,0000,2,k-mori,6,2m,confirmed_tedashi,1775201599,,,1,197.295,"[16,14,108,15,86,13,90,66,103,102,51,95]",,,,444r5m 48p 45688s 1z,,,,,,,,
20260403163215_0000_393,20260403163215_0000,20260403163215,0000,2,k-mori,674,,estimated_tsumogiri,1775201600,,,0,,"[16,14,108,15,86,13,90,66,103,102,51,95]",,,,444r5m 48p 45688s 1z,,,,,,,,
20260403163215_0000_394,20260403163215_0000,20260403163215,0000,2,k-mori,6,2m,confirmed_tedashi,1775201600,,,1,249.144,"[16,14,108,15,86,13,90,66,103,102,51,95]",,,,444r5m 48p 45688s 1z,,,,,,,,
20260403163215_0000_395,20260403163215_0000,20260403163215,0000,2,k-mori,674,,estimated_tsumogiri,1775201600,,,1,205.624,"[16,14,108,15,86,13,90,66,103,102,51,95]",,,,444r5m 48p 45688s 1z,,,,,,,,
20260403163215_0000_396,20260403163215_0000,20260403163215,0000,2,k-mori,674,,estimated_tsumogiri,1775201600,,,1,239.585,"[16,14,108,15,86,13,90,66,103,102,51,95]",,,,444r5m 48p 45688s 1z,,,,,,,,
20260403163215_0000_397,20260403163215_0000,20260403163215,0000,2,k-mori,674,,estimated_tsumogiri,1775201600,,,1,196.097,"[16,14,108,15,86,13,90,66,103,102,51,95]",,,,444r5m 48p 45688s 1z,,,,,,,,
20260403163215_0000_398,20260403163215_0000,20260403163215,0000,2,k-mori,674,,estimated_tsumogiri,1775201600,,,0,,"[16,14,108,15,86,13,90,66,103,102,51,95]",,,,444r5m 48p 45688s 1z,,,,,,,,
20260403163215_0000_399,20260403163215_0000,20260403163215,0000,2,k-mori,14,4m,confirmed_tedashi,1775201600,,,1,239.537,"[16,14,108,15,86,13,90,66,103,102,51,95]",,,,444r5m 48p 45688s 1z,,,,,,,,
20260403163215_0000_400,20260403163215_0000,20260403163215,0000,2,k-mori,674,,estimated_tsumogiri,1775201601,,,0,,"[16,14,108,15,86,13,90,66,103,102,51,95]",,,,444r5m 48p 45688s 1z,,,,,,,,
20260403163215_0000_401,20260403163215_0000,20260403163215,0000,2,k-mori,14,4m,confirmed_tedashi,1775201601,,,1,193.868,"[16,14,108,15,86,13,90,66,103,102,51,95]",,,,444r5m 48p 45688s 1z,,,,,,,,
20260403163215_0000_402,20260403163215_0000,20260403163215,0000,2,k-mori,674,,estimated_tsumogiri,1775201601,,,0,,"[16,14,108,15,86,13,90,66,103,102,51,95]",,,,444r5m 48p 45688s 1z,,,,,,,,
20260403163215_0000_403,20260403163215_0000,20260403163215,0000,0,パシフィック,82,3s,confirmed_tedashi,1775201601,,,1,159.76,"[16,14,108,15,86,13,90,66,103,102,51,95]",,,,444r5m 48p 45688s 1z,,,,,,,,
20260403163215_0000_404,20260403163215_0000,20260403163215,0000,1,エル・シコデリコ,91,5s,confirmed_tedashi,1775201601,1680.91,,0,,"[16,14,108,15,86,13,90,66,103,102,51,95]",,,,444r5m 48p 45688s 1z,,,,,,,,
20260403163215_0000_405,20260403163215_0000,20260403163215,0000,2,k-mori,674,,estimated_tsumogiri,1775201601,85.977,,0,,"[16,14,108,15,86,13,90,66,103,102,51,95]",,,,444r5m 48p 45688s 1z,,,,,,,,
20260403163215_0000_406,20260403163215_0000,20260403163215,0000,0,パシフィック,82,3s,confirmed_tedashi,1775201601,,,1,187.719,"[16,14,108,15,86,13,90,66,103,102,51,95]",,,,444r5m 48p 45688s 1z,,,,,,,,
20260403163215_0000_407,20260403163215_0000,20260403163215,0000,2,k-mori,674,,estimated_tsumogiri,1775201601,,,0,,"[16,14,108,15,86,13,90,66,103,102,51,95]",,,,444r5m 48p 45688s 1z,,,,,,,,
20260403163215_0000_408,20260403163215_0000,20260403163215,0000,0,パシフィック,2,1m,confirmed_tedashi,1775201601,,,1,260.137,"[16,14,108,15,86,13,90,66,103,102,51,95]",,,,444r5m 48p 45688s 1z,,,,,,,,
20260403163215_0000_409,20260403163215_0000,20260403163215,0000,2,k-mori,674,,estimated_tsumogiri,1775201602,,,0,,"[16,14,108,15,86,13,90,66,103,102,51,95]",,,,444r5m 48p 45688s 1z,,,,,,,,
20260403163215_0000_410,20260403163215_0000,20260403163215,0000,0,パシフィック,2,1m,confirmed_tedashi,1775201602,,,1,198.766,"[16,14,108,15,86,13,90,66,103,102,51,95]",,,,444r5m 48p 45688s 1z,,,,,,,,
20260403163215_0000_411,20260403163215_0000,20260403163215,0000,2,k-mori,674,,estimated_tsumogiri,1775201602,,,1,260.749,"[16,14,108,15,86,13,90,66,103,102,51,95]",,,,444r5m 48p 45688s 1z,,,,,,,,
20260403163215_0000_412,20260403163215_0000,20260403163215,0000,2,k-mori,674,,estimated_tsumogiri,1775201602,,,1,206.401,"[16,14,108,15,86,13,90,66,103,102,51,95]",,,,444r5m 48p 45688s 1z,,,,,,,,
20260403163215_0000_413,20260403163215_0000,20260403163215,0000,2,k-mori,674,,estimated_tsumogiri,1775201602,,,1,245.922,"[16,14,108,15,86,13,90,66,103,102,51,95]",,,,444r5m 48p 45688s 1z,,,,,,,,
20260403163215_0000_414,20260403163215_0000,20260403163215,0000,2,k-mori,674,,estimated_tsumogiri,1775201602,,,0,,"[16,14,108,15,86,13,90,66,103,102,51,95]",,,,444r5m 48p 45688s 1z,,,,,,,,
20260403163215_0000_415,20260403163215_0000,20260403163215,0000,0,パシフィック,5,2m,confirmed_tedashi,1775201602,,,1,197.375,"[16,14,108,15,86,13,90,66,103,102,51,95]",,,,444r5m 48p 45688s 1z,,,,,,,,
20260403163215_0000_416,20260403163215_0000,20260403163215,0000,2,k-mori,674,,estimated_tsumogiri,1775201603,,,0,,"[16,14,108,15,86,13,90,66,103,102,51,95]",,,,444r5m 48p 45688s 1z,,,,,,,,
20260403163215_0000_417,20260403163215_0000,20260403163215,0000,0,パシフィック,5,2m,confirmed_tedashi,1775201603,,,1,151.881,"[16,14,108,15,86,13,90,66,103,102,51,95]",,,,444r5m 48p 45688s 1z,,,,,,,,
20260403163215_0000_418,20260403163215_0000,20260403163215,0000,2,k-mori,2,1m,estimated_tsumogiri,1775201603,,,0,,"[16,14,108,15,86,13,90,66,103,102,51,95]",,,,444r5m 48p 45688s 1z,,,,,,,,
20260403163215_0000_419,20260403163215_0000,20260403163215,0000,2,k-mori,674,,estimated_tsumogiri,1775201603,,,0,,"[16,14,108,15,86,13,90,66,103,102,51,95]",,,,444r5m 48p 45688s 1z,,,,,,,,
20260403163215_0000_420,20260403163215_0000,20260403163215,0000,2,k-mori,674,,estimated_tsumogiri,1775201603,,,0,,"[16,14,108,15,86,13,90,66,103,102,51,95]",,,,444r5m 48p 45688s 1z,,,,,,,,
20260403163215_0000_421,20260403163215_0000,20260403163215,0000,0,パシフィック,9,3m,confirmed_tedashi,1775201603,,,1,200.932,"[16,14,108,15,86,13,90,66,103,102,51,95]",,,,444r5m 48p 45688s 1z,,,,,,,,
20260403163215_0000_422,20260403163215_0000,20260403163215,0000,2,k-mori,674,,estimated_tsumogiri,1775201603,,,0,,"[16,14,108,15,86,13,90,66,103,102,51,95]",,,,444r5m 48p 45688s 1z,,,,,,,,
20260403163215_0000_423,20260403163215_0000,20260403163215,0000,1,エル・シコデリコ,4,2m,confirmed_tedashi,1775201603,200.932,,0,,"[16,14,108,15,86,13,90,66,103,102,51,95]",,,,444r5m 48p 45688s 1z,,,,,,,,
20260403163215_0000_424,20260403163215_0000,20260403163215,0000,0,パシフィック,9,3m,confirmed_tedashi,1775201603,,,1,253.253,"[16,14,108,15,86,13,90,66,103,102,51,95]",,,,444r5m 48p 45688s 1z,,,,,,,,
20260403163215_0000_425,20260403163215_0000,20260403163215,0000,2,k-mori,674,,estimated_tsumogiri,1775201604,,,0,,"[16,14,108,15,86,13,90,66,103,102,51,95]",,,,444r5m 48p 45688s 1z,,,,,,,,
20260403163215_0000_426,20260403163215_0000,20260403163215,0000,1,エル・シコデリコ,2,1m,confirmed_tedashi,1775201604,,,0,,"[16,14,108,15,86,13,90,66,103,102,51,95]",,,,444r5m 48p 45688s 1z,,,,,,,,
20260403163215_0000_427,20260403163215_0000,20260403163215,0000,1,エル・シコデリコ,4,2m,confirmed_tedashi,1775201604,,,1,186.473,"[16,14,108,15,86,13,90,66,103,102,51,95]",,,,444r5m 48p 45688s 1z,,,,,,,,
20260403163215_0000_428,20260403163215_0000,20260403163215,0000,2,k-mori,674,,estimated_tsumogiri,1775201604,,,0,,"[16,14,108,15,86,13,90,66,103,102,51,95]",,,,444r5m 48p 45688s 1z,,,,,,,,
20260403163215_0000_429,20260403163215_0000,20260403163215,0000,1,エル・シコデリコ,2,1m,confirmed_tedashi,1775201604,,,1,237.719,"[16,14,108,15,86,13,90,66,103,102,51,95]",,,,444r5m 48p 45688s 1z,,,,,,,,
20260403163215_0000_430,20260403163215_0000,20260403163215,0000,2,k-mori,674,,estimated_tsumogiri,1775201604,,,1,173.625,"[16,14,108,15,86,13,90,66,103,102,51,95]",,,,444r5m 48p 45688s 1z,,,,,,,,
20260403163215_0000_431,20260403163215_0000,20260403163215,0000,2,k-mori,674,,estimated_tsumogiri,1775201604,,,1,231.907,"[16,14,108,15,86,13,90,66,103,102,51,95]",,,,444r5m 48p 45688s 1z,,,,,,,,
20260403163215_0000_432,20260403163215_0000,20260403163215,0000,2,k-mori,674,,estimated_tsumogiri,1775201604,,,1,199.703,"[16,14,108,15,86,13,90,66,103,102,51,95]",,,,444r5m 48p 45688s 1z,,,,,,,,
20260403163215_0000_433,20260403163215_0000,20260403163215,0000,2,k-mori,674,,estimated_tsumogiri,1775201605,,,1,244.501,"[16,14,108,15,86,13,90,66,103,102,51,95]",,,,444r5m 48p 45688s 1z,,,,,,,,
20260403163215_0000_434,20260403163215_0000,20260403163215,0000,2,k-mori,674,,estimated_tsumogiri,1775201605,,,0,,"[16,14,108,15,86,13,90,66,103,102,51,95]",,,,444r5m 48p 45688s 1z,,,,,,,,
20260403163215_0000_435,20260403163215_0000,20260403163215,0000,2,k-mori,0,1m,confirmed_tedashi,1775201605,,,1,902.891,"[16,14,108,15,86,13,90,66,103,102,51,95]",,,,444r5m 48p 45688s 1z,,,,,,,,
20260403163215_0000_436,20260403163215_0000,20260403163215,0000,2,k-mori,674,,estimated_tsumogiri,1775201606,,,0,,"[16,14,108,15,86,13,90,66,103,102,51,95]",,,,444r5m 48p 45688s 1z,,,,,,,,
20260403163215_0000_437,20260403163215_0000,20260403163215,0000,2,k-mori,0,1m,confirmed_tedashi,1775201606,,,1,744.515,"[16,14,108,15,86,13,90,66,103,102,51,95]",,,,444r5m 48p 45688s 1z,,,,,,,,
20260403163215_0000_438,20260403163215_0000,20260403163215,0000,2,k-mori,674,,estimated_tsumogiri,1775201607,,,1,163.709,"[16,14,108,15,86,13,90,66,103,102,51,95]",,,,444r5m 48p 45688s 1z,,,,,,,,
20260403163215_0000_439,20260403163215_0000,20260403163215,0000,2,k-mori,674,,estimated_tsumogiri,1775201607,,,0,,"[16,14,108,15,86,13,90,66,103,102,51,95]",,,,444r5m 48p 45688s 1z,,,,,,,,
20260403163215_0000_440,20260403163215_0000,20260403163215,0000,2,k-mori,6,2m,confirmed_tedashi,1775201607,,,1,217.432,"[16,14,108,15,86,13,90,66,103,102,51,95]",,,,444r5m 48p 45688s 1z,,,,,,,,
20260403163215_0000_441,20260403163215_0000,20260403163215,0000,2,k-mori,674,,estimated_tsumogiri,1775201607,,,0,,"[16,14,108,15,86,13,90,66,103,102,51,95]",,,,444r5m 48p 45688s 1z,,,,,,,,
20260403163215_0000_442,20260403163215_0000,20260403163215,0000,2,k-mori,6,2m,confirmed_tedashi,1775201607,,,1,786.927,"[16,14,108,15,86,13,90,66,103,102,51,95]",,,,444r5m 48p 45688s 1z,,,,,,,,
20260403163215_0000_443,20260403163215_0000,20260403163215,0000,2,k-mori,674,,estimated_tsumogiri,1775201608,,,0,,"[16,14,108,15,86,13,90,66,103,102,51,95]",,,,444r5m 48p 45688s 1z,,,,,,,,
20260403163215_0000_444,20260403163215_0000,20260403163215,0000,2,k-mori,674,,estimated_tsumogiri,1775201608,,,1,67.837,"[16,14,108,15,86,13,90,66,103,102,51,95]",,,,444r5m 48p 45688s 1z,,,,,,,,
20260403163215_0000_445,20260403163215_0000,20260403163215,0000,3,913149,124,5z,confirmed_tedashi,1775201608,5181.844,,0,,"[16,14,108,15,86,13,90,66,103,102,51,95]",,,,444r5m 48p 45688s 1z,,,,,,,,
20260403163215_0000_446,20260403163215_0000,20260403163215,0000,2,k-mori,674,,estimated_tsumogiri,1775201608,,,0,,"[16,14,108,15,86,13,90,66,103,102,51,95,36]",,,,444r5m 148p 45688s 1z,,,,,,,,
20260403163215_0000_447,20260403163215_0000,20260403163215,0000,2,k-mori,3,1m,confirmed_tedashi,1775201608,,,1,151.204,"[16,14,108,15,86,13,90,66,103,102,51,95,36]",,,,444r5m 148p 45688s 1z,,,,,,,,
20260403163215_0000_448,20260403163215_0000,20260403163215,0000,2,k-mori,674,,estimated_tsumogiri,1775201608,,,0,,"[16,14,108,15,86,13,90,66,103,102,51,95,36]",,,,444r5m 148p 45688s 1z,,,,,,,,
20260403163215_0000_449,20260403163215_0000,20260403163215,0000,2,k-mori,3,1m,confirmed_tedashi,1775201608,,,1,162.046,"[16,14,108,15,86,13,90,66,103,102,51,95,36]",,,,444r5m 148p 45688s 1z,,,,,,,,
20260403163215_0000_450,20260403163215_0000,20260403163215,0000,2,k-mori,674,,estimated_tsumogiri,1775201609,,,1,203.852,"[16,14,108,15,86,13,90,66,103,102,51,95,36]",,,,444r5m 148p 45688s 1z,,,,,,,,
20260403163215_0000_451,20260403163215_0000,20260403163215,0000,2,k-mori,674,,estimated_tsumogiri,1775201609,,,1,162.277,"[16,14,108,15,86,13,90,66,103,102,51,95,36]",,,,444r5m 148p 45688s 1z,,,,,,,,
20260403163215_0000_452,20260403163215_0000,20260403163215,0000,2,k-mori,674,,estimated_tsumogiri,1775201609,,,1,160.254,"[16,14,108,15,86,13,90,66,103,102,51,95,36]",,,,444r5m 148p 45688s 1z,,,,,,,,
20260403163215_0000_453,20260403163215_0000,20260403163215,0000,2,k-mori,674,,estimated_tsumogiri,1775201609,,,1,163.059,"[16,14,108,15,86,13,90,66,103,102,51,95,36]",,,,444r5m 148p 45688s 1z,,,,,,,,
20260403163215_0000_454,20260403163215_0000,20260403163215,0000,2,k-mori,674,,estimated_tsumogiri,1775201609,,,0,,"[16,14,108,15,86,13,90,66,103,102,51,95,36]",,,,444r5m 148p 45688s 1z,,,,,,,,
20260403163215_0000_455,20260403163215_0000,20260403163215,0000,1,エル・シコデリコ,2581271,,estimated_tsumogiri,1775201609,1002.693,,1,161.258,"[16,14,108,15,86,13,90,66,103,102,51,95,36]",,,,444r5m 148p 45688s 1z,,,,,,,,
20260403163215_0000_456,20260403163215_0000,20260403163215,0000,2,k-mori,674,,estimated_tsumogiri,1775201609,,,0,,"[16,14,108,15,86,13,90,66,103,102,51,95,36]",,,,444r5m 148p 45688s 1z,,,,,,,,
20260403163215_0000_457,20260403163215_0000,20260403163215,0000,1,エル・シコデリコ,2581271,,estimated_tsumogiri,1775201609,,,1,326.137,"[16,14,108,15,86,13,90,66,103,102,51,95,36]",,,,444r5m 148p 45688s 1z,,,,,,,,
20260403163215_0000_458,20260403163215_0000,20260403163215,0000,2,k-mori,674,,estimated_tsumogiri,1775201610,,,0,,"[16,14,108,15,86,13,90,66,103,102,51,95,36]",,,,444r5m 148p 45688s 1z,,,,,,,,
20260403163215_0000_459,20260403163215_0000,20260403163215,0000,0,パシフィック,6,2m,confirmed_tedashi,1775201610,1759.969,,1,684.229,"[16,14,108,15,86,13,90,66,103,102,51,95,36]",,,,444r5m 148p 45688s 1z,,,,3,3,4,11,0
20260403163215_0000_460,20260403163215_0000,20260403163215,0000,2,k-mori,674,,estimated_tsumogiri,1775201610,,,0,,"[16,14,108,15,86,13,90,66,103,102,51,95,36]",,,,444r5m 148p 45688s 1z,,,,,,,,
20260403163215_0000_461,20260403163215_0000,20260403163215,0000,0,パシフィック,6,2m,confirmed_tedashi,1775201610,,,1,78.188,"[16,14,108,15,86,13,90,66,103,102,51,95,36]",,,,444r5m 148p 45688s 1z,,,,3,3,4,11,0
20260403163215_0000_462,20260403163215_0000,20260403163215,0000,0,パシフィック,36,1p,confirmed_tedashi,1775201611,,,0,,"[16,14,108,15,86,13,90,66,103,102,51,95]",,,,444r5m 48p 45688s 1z,,,,,,,,
20260403163215_0000_463,20260403163215_0000,20260403163215,0000,2,k-mori,674,,estimated_tsumogiri,1775201611,,,0,,"[16,14,108,15,86,13,90,66,103,102,51,95]",,,,444r5m 48p 45688s 1z,,,,,,,,
20260403163215_0000_464,20260403163215_0000,20260403163215,0000,0,パシフィック,10,3m,confirmed_tedashi,1775201611,,,1,167.365,"[16,14,108,15,86,13,90,66,103,102,51,95]",,,,444r5m 48p 45688s 1z,,,,,,,,
20260403163215_0000_465,20260403163215_0000,20260403163215,0000,2,k-mori,674,,estimated_tsumogiri,1775201611,,,0,,"[16,14,108,15,86,13,90,66,103,102,51,95]",,,,444r5m 48p 45688s 1z,,,,,,,,
20260403163215_0000_466,20260403163215_0000,20260403163215,0000,0,パシフィック,10,3m,confirmed_tedashi,1775201611,,,1,242.7,"[16,14,108,15,86,13,90,66,103,102,51,95]",,,,444r5m 48p 45688s 1z,,,,,,,,
20260403163215_0000_467,20260403163215_0000,20260403163215,0000,2,k-mori,674,,estimated_tsumogiri,1775201611,,,1,228.223,"[16,14,108,15,86,13,90,66,103,102,51,95]",,,,444r5m 48p 45688s 1z,,,,,,,,
20260403163215_0000_468,20260403163215_0000,20260403163215,0000,2,k-mori,674,,estimated_tsumogiri,1775201611,,,1,269.987,"[16,14,108,15,86,13,90,66,103,102,51,95]",,,,444r5m 48p 45688s 1z,,,,,,,,
20260403163215_0000_469,20260403163215_0000,20260403163215,0000,2,k-mori,674,,estimated_tsumogiri,1775201612,,,0,,"[16,14,108,15,86,13,90,66,103,102,51,95]",,,,444r5m 48p 45688s 1z,,,,,,,,
20260403163215_0000_470,20260403163215_0000,20260403163215,0000,0,パシフィック,84,4s,confirmed_tedashi,1775201612,,,1,190.978,"[16,14,108,15,86,13,90,66,103,102,51,95]",,,,444r5m 48p 45688s 1z,,,,,,,,
20260403163215_0000_471,20260403163215_0000,20260403163215,0000,2,k-mori,674,,estimated_tsumogiri,1775201612,,,0,,"[16,14,108,15,86,13,90,66,103,102,51,95]",,,,444r5m 48p 45688s 1z,,,,,,,,
20260403163215_0000_472,20260403163215_0000,20260403163215,0000,0,パシフィック,84,4s,confirmed_tedashi,1775201612,,,1,255.784,"[16,14,108,15,86,13,90,66,103,102,51,95]",,,,444r5m 48p 45688s 1z,,,,,,,,
20260403163215_0000_473,20260403163215_0000,20260403163215,0000,2,k-mori,674,,estimated_tsumogiri,1775201612,,,1,201.645,"[16,14,108,15,86,13,90,66,103,102,51,95]",,,,444r5m 48p 45688s 1z,,,,,,,,
20260403163215_0000_474,20260403163215_0000,20260403163215,0000,2,k-mori,674,,estimated_tsumogiri,1775201612,,,0,,"[16,14,108,15,86,13,90,66,103,102,51,95]",,,,444r5m 48p 45688s 1z,,,,,,,,
20260403163215_0000_475,20260403163215_0000,20260403163215,0000,1,エル・シコデリコ,46151,,confirmed_tedashi,1775201612,1653.956,,1,224.367,"[16,14,108,15,86,13,90,66,103,102,51,95]",,,,444r5m 48p 45688s 1z,,,,,,,,
20260403163215_0000_476,20260403163215_0000,20260403163215,0000,2,k-mori,674,,estimated_tsumogiri,1775201612,,,0,,"[16,14,108,15,86,13,90,66,103,102,51,95]",,,,444r5m 48p 45688s 1z,,,,,,,,
20260403163215_0000_477,20260403163215_0000,20260403163215,0000,1,エル・シコデリコ,46151,,confirmed_tedashi,1775201612,,,1,224.988,"[16,14,108,15,86,13,90,66,103,102,51,95]",,,,444r5m 48p 45688s 1z,,,,,,,,
20260403163215_0000_478,20260403163215_0000,20260403163215,0000,2,k-mori,674,,estimated_tsumogiri,1775201613,,,1,158.555,"[16,14,108,15,86,13,90,66,103,102,51,95]",,,,444r5m 48p 45688s 1z,,,,,,,,
20260403163215_0000_479,20260403163215_0000,20260403163215,0000,2,k-mori,674,,estimated_tsumogiri,1775201613,,,0,,"[16,14,108,15,86,13,90,66,103,102,51,95]",,,,444r5m 48p 45688s 1z,,,,,,,,
20260403163215_0000_480,20260403163215_0000,20260403163215,0000,0,パシフィック,77,2s,confirmed_tedashi,1775201613,,,1,167.085,"[16,14,108,15,86,13,90,66,103,102,51,95]",,,,444r5m 48p 45688s 1z,,,,,,,,
20260403163215_0000_481,20260403163215_0000,20260403163215,0000,2,k-mori,674,,estimated_tsumogiri,1775201613,,,0,,"[16,14,108,15,86,13,90,66,103,102,51,95]",,,,444r5m 48p 45688s 1z,,,,,,,,
20260403163215_0000_482,20260403163215_0000,20260403163215,0000,0,パシフィック,77,2s,confirmed_tedashi,1775201613,,,1,310.839,"[16,14,108,15,86,13,90,66,103,102,51,95]",,,,444r5m 48p 45688s 1z,,,,,,,,
20260403163215_0000_483,20260403163215_0000,20260403163215,0000,2,k-mori,674,,estimated_tsumogiri,1775201613,,,0,,"[16,14,108,15,86,13,90,66,103,102,51,95]",,,,444r5m 48p 45688s 1z,,,,,,,,
20260403163215_0000_484,20260403163215_0000,20260403163215,0000,0,パシフィック,7,2m,confirmed_tedashi,1775201613,,,1,14.643,"[16,14,108,15,86,13,90,66,103,102,51,95]",,,,444r5m 48p 45688s 1z,,,,,,,,
20260403163215_0000_485,20260403163215_0000,20260403163215,0000,1,エル・シコデリコ,89,5s,confirmed_tedashi,1775201613,,,0,,"[16,14,108,15,86,13,90,66,103,102,51,95]",,,,444r5m 48p 45688s 1z,,,,,,,,
20260403163215_0000_486,20260403163215_0000,20260403163215,0000,2,k-mori,674,,estimated_tsumogiri,1775201613,181.116,,0,,"[16,14,108,15,86,13,90,66,103,102,51,95]",,,,444r5m 48p 45688s 1z,,,,,,,,
20260403163215_0000_487,20260403163215_0000,20260403163215,0000,0,パシフィック,7,2m,confirmed_tedashi,1775201613,,,1,265.053,"[16,14,108,15,86,13,90,66,103,102,51,95]",,,,444r5m 48p 45688s 1z,,,,,,,,
20260403163215_0000_488,20260403163215_0000,20260403163215,0000,2,k-mori,674,,estimated_tsumogiri,1775201614,,,1,162.323,"[16,14,108,15,86,13,90,66,103,102,51,95]",,,,444r5m 48p 45688s 1z,,,,,,,,
20260403163215_0000_489,20260403163215_0000,20260403163215,0000,2,k-mori,674,,estimated_tsumogiri,1775201614,,,0,,"[16,14,108,15,86,13,90,66,103,102,51,95]",,,,444r5m 48p 45688s 1z,,,,,,,,
20260403163215_0000_490,20260403163215_0000,20260403163215,0000,0,パシフィック,979,,estimated_tsumogiri,1775201614,,,1,225.802,"[16,14,108,15,86,13,90,66,103,102,51,95]",,,,444r5m 48p 45688s 1z,,,,,,,,
20260403163215_0000_491,20260403163215_0000,20260403163215,0000,2,k-mori,674,,estimated_tsumogiri,1775201614,,,0,,"[16,14,108,15,86,13,90,66,103,102,51,95]",,,,444r5m 48p 45688s 1z,,,,,,,,
20260403163215_0000_492,20260403163215_0000,20260403163215,0000,1,エル・シコデリコ,216,,estimated_tsumogiri,1775201614,,,0,,"[16,14,108,15,86,13,90,66,103,102,51,95]",,,,444r5m 48p 45688s 1z,,,,,,,,
20260403163215_0000_493,20260403163215_0000,20260403163215,0000,0,パシフィック,8,3m,confirmed_tedashi,1775201614,,,0,,"[16,14,108,15,86,13,90,66,103,102,51,95]",,,,444r5m 48p 45688s 1z,,,,,,,,
20260403163215_0000_494,20260403163215_0000,20260403163215,0000,0,パシフィック,979,,estimated_tsumogiri,1775201614,,,1,398.63,"[16,14,108,15,86,13,90,66,103,102,51,95]",,,,444r5m 48p 45688s 1z,,,,,,,,
20260403163215_0000_495,20260403163215_0000,20260403163215,0000,2,k-mori,674,,estimated_tsumogiri,1775201615,,,0,,"[16,14,108,15,86,13,90,66,103,102,51,95]",,,,444r5m 48p 45688s 1z,,,,,,,,
20260403163215_0000_496,20260403163215_0000,20260403163215,0000,1,エル・シコデリコ,216,,estimated_tsumogiri,1775201615,,,0,,"[16,14,108,15,86,13,90,66,103,102,51,95]",,,,444r5m 48p 45688s 1z,,,,,,,,
20260403163215_0000_497,20260403163215_0000,20260403163215,0000,0,パシフィック,8,3m,confirmed_tedashi,1775201615,,,1,472.451,"[16,14,108,15,86,13,90,66,103,102,51,95]",,,,444r5m 48p 45688s 1z,,,,,,,,
20260403163215_0000_498,20260403163215_0000,20260403163215,0000,2,k-mori,674,,estimated_tsumogiri,1775201615,,,1,173.464,"[16,14,108,15,86,13,90,66,103,102,51,95]",,,,444r5m 48p 45688s 1z,,,,,,,,
20260403163215_0000_499,20260403163215_0000,20260403163215,0000,2,k-mori,674,,estimated_tsumogiri,1775201615,,,0,,"[16,14,108,15,86,13,90,66,103,102,51,95]",,,,444r5m 48p 45688s 1z,,,,,,,,
20260403163215_0000_500,20260403163215_0000,20260403163215,0000,0,パシフィック,720,,estimated_tsumogiri,1775201615,,,1,145.146,"[16,14,108,15,86,13,90,66,103,102,51,95]",,,,444r5m 48p 45688s 1z,,,,,,,,
20260403163215_0000_501,20260403163215_0000,20260403163215,0000,2,k-mori,34,9m,estimated_tsumogiri,1775201615,,,0,,"[16,14,108,15,86,13,90,66,103,102,51,95]",,,,444r5m 48p 45688s 1z,,,,,,,,
20260403163215_0000_502,20260403163215_0000,20260403163215,0000,2,k-mori,674,,estimated_tsumogiri,1775201615,,,0,,"[16,14,108,15,86,13,90,66,103,102,51,95]",,,,444r5m 48p 45688s 1z,,,,,,,,
20260403163215_0000_503,20260403163215_0000,20260403163215,0000,0,パシフィック,285,,estimated_tsumogiri,1775201615,,,0,,"[16,14,108,15,86,13,90,66,103,102,51,95]",,,,444r5m 48p 45688s 1z,,,,,,,,
20260403163215_0000_504,20260403163215_0000,20260403163215,0000,2,k-mori,27,7m,confirmed_tedashi,1775201615,,,0,,"[16,14,108,15,86,13,90,66,103,102,51,95]",,,,444r5m 48p 45688s 1z,,,,,,,,
20260403163215_0000_505,20260403163215_0000,20260403163215,0000,0,パシフィック,720,,estimated_tsumogiri,1775201615,,,1,162.562,"[16,14,108,15,86,13,90,66,103,102,51,95]",,,,444r5m 48p 45688s 1z,,,,,,,,
20260403163215_0000_506,20260403163215_0000,20260403163215,0000,2,k-mori,674,,estimated_tsumogiri,1775201616,,,0,,"[16,14,108,15,86,13,90,66,103,102,51,95]",,,,444r5m 48p 45688s 1z,,,,,,,,
20260403163215_0000_507,20260403163215_0000,20260403163215,0000,2,k-mori,3328457,,estimated_tsumogiri,1775201616,,,0,,"[16,14,108,15,86,13,90,66,103,102,51,95]",,,,444r5m 48p 45688s 1z,,,,,,,,
20260403163215_0000_508,20260403163215_0000,20260403163215,0000,0,パシフィック,285,,estimated_tsumogiri,1775201616,,,0,,"[16,14,108,15,86,13,90,66,103,102,51,95]",,,,444r5m 48p 45688s 1z,,,,,,,,
20260403163215_0000_509,20260403163215_0000,20260403163215,0000,2,k-mori,27,7m,confirmed_tedashi,1775201616,,,1,157.879,"[16,14,108,15,86,13,90,66,103,102,51,95]",,,,444r5m 48p 45688s 1z,,,,,,,,
20260403163215_0000_510,20260403163215_0000,20260403163215,0000,2,k-mori,674,,estimated_tsumogiri,1775201616,,,0,,"[16,14,108,15,86,13,90,66,103,102,51,95]",,,,444r5m 48p 45688s 1z,,,,,,,,
20260403163215_0000_511,20260403163215_0000,20260403163215,0000,2,k-mori,3328457,,estimated_tsumogiri,1775201616,,,1,161.271,"[16,14,108,15,86,13,90,66,103,102,51,95]",,,,444r5m 48p 45688s 1z,,,,,,,,
20260403163215_0000_512,20260403163215_0000,20260403163215,0000,2,k-mori,674,,estimated_tsumogiri,1775201616,,,1,180.351,"[16,14,108,15,86,13,90,66,103,102,51,95]",,,,444r5m 48p 45688s 1z,,,,,,,,
20260403163215_0000_513,20260403163215_0000,20260403163215,0000,2,k-mori,674,,estimated_tsumogiri,1775201616,,,1,200.062,"[16,14,108,15,86,13,90,66,103,102,51,95]",,,,444r5m 48p 45688s 1z,,,,,,,,
20260403163215_0000_514,20260403163215_0000,20260403163215,0000,2,k-mori,674,,estimated_tsumogiri,1775201616,,,1,931.048,"[16,14,108,15,86,13,90,66,103,102,51,95]",,,,444r5m 48p 45688s 1z,,,,,,,,
20260403163215_0000_515,20260403163215_0000,20260403163215,0000,2,k-mori,674,,estimated_tsumogiri,1775201617,,,1,161.298,"[16,14,108,15,86,13,90,66,103,102,51,95]",,,,444r5m 48p 45688s 1z,,,,,,,,
20260403163215_0000_516,20260403163215_0000,20260403163215,0000,2,k-mori,674,,estimated_tsumogiri,1775201617,,,1,255.102,"[16,14,108,15,86,13,90,66,103,102,51,95]",,,,444r5m 48p 45688s 1z,,,,,,,,
20260403163215_0000_517,20260403163215_0000,20260403163215,0000,2,k-mori,674,,estimated_tsumogiri,1775201618,,,1,258.178,"[16,14,108,15,86,13,90,66,103,102,51,95]",,,,444r5m 48p 45688s 1z,,,,,,,,
20260403163215_0000_518,20260403163215_0000,20260403163215,0000,2,k-mori,674,,estimated_tsumogiri,1775201618,,,0,,"[16,14,108,15,86,13,90,66,103,102,51,95]",,,,444r5m 48p 45688s 1z,,,,,,,,
20260403163215_0000_519,20260403163215_0000,20260403163215,0000,2,k-mori,674,,estimated_tsumogiri,1775201618,,,0,,"[16,14,108,15,86,13,90,66,103,102,51,95]",,,,444r5m 48p 45688s 1z,,,,,,,,
20260403163215_0000_520,20260403163215_0000,20260403163215,0000,2,k-mori,85,4s,confirmed_tedashi,1775201618,,,1,510.713,"[16,14,108,15,86,13,90,66,103,102,51,95]",,,,444r5m 48p 45688s 1z,,,,,,,,
20260403163215_0000_521,20260403163215_0000,20260403163215,0000,2,k-mori,674,,estimated_tsumogiri,1775201619,,,0,,"[16,14,108,15,86,13,90,66,103,102,51,95]",,,,444r5m 48p 45688s 1z,,,,,,,,
20260403163215_0000_522,20260403163215_0000,20260403163215,0000,2,k-mori,85,4s,confirmed_tedashi,1775201619,,,1,209.48,"[16,14,108,15,86,13,90,66,103,102,51,95]",,,,444r5m 48p 45688s 1z,,,,,,,,
20260403163215_0000_523,20260403163215_0000,20260403163215,0000,3,913149,98,7s,confirmed_tedashi,1775201619,3514.717,,1,40.111,"[16,14,108,15,86,13,90,66,103,102,51,95]",,,,444r5m 48p 45688s 1z,,,,,,,,
20260403163215_0000_524,20260403163215_0000,20260403163215,0000,2,k-mori,674,,estimated_tsumogiri,1775201619,,,0,,"[16,14,108,15,86,13,90,66,103,102,51,95]",,,,444r5m 48p 45688s 1z,,,,,,,,
20260403163215_0000_525,20260403163215_0000,20260403163215,0000,2,k-mori,61,7p,confirmed_tedashi,1775201619,,,1,910.179,"[16,14,108,15,86,13,90,66,103,102,51,95]",,,,444r5m 48p 45688s 1z,,,,,,,,
20260403163215_0000_526,20260403163215_0000,20260403163215,0000,2,k-mori,674,,estimated_tsumogiri,1775201620,,,0,,"[16,14,108,15,86,13,90,66,103,102,51,95]",,,,444r5m 48p 45688s 1z,,,,,,,,
20260403163215_0000_527,20260403163215_0000,20260403163215,0000,0,パシフィック,42,2p,confirmed_tedashi,1775201620,,,0,,"[16,14,108,15,86,13,90,66,103,102,51,95]",,,,444r5m 48p 45688s 1z,,,,,,,,
20260403163215_0000_528,20260403163215_0000,20260403163215,0000,2,k-mori,61,7p,confirmed_tedashi,1775201620,,,1,161.988,"[16,14,108,15,86,13,90,66,103,102,51,95]",,,,444r5m 48p 45688s 1z,,,,,,,,
20260403163215_0000_529,20260403163215_0000,20260403163215,0000,2,k-mori,674,,estimated_tsumogiri,1775201620,,,0,,"[16,14,108,15,86,13,90,66,103,102,51,95]",,,,444r5m 48p 45688s 1z,,,,,,,,
20260403163215_0000_530,20260403163215_0000,20260403163215,0000,0,パシフィック,573,,estimated_tsumogiri,1775201620,,,0,,"[16,14,108,15,86,13,90,66,103,102,51,95]",,,,444r5m 48p 45688s 1z,,,,,,,,
20260403163215_0000_531,20260403163215_0000,20260403163215,0000,2,k-mori,3,1m,confirmed_tedashi,1775201620,,,0,,"[16,14,108,15,86,13,90,66,103,102,51,95]",,,,444r5m 48p 45688s 1z,,,,,,,,
20260403163215_0000_532,20260403163215_0000,20260403163215,0000,0,パシフィック,42,2p,confirmed_tedashi,1775201620,,,1,88.371,"[16,14,108,15,86,13,90,66,103,102,51,95]",,,,444r5m 48p 45688s 1z,,,,,,,,
20260403163215_0000_533,20260403163215_0000,20260403163215,0000,2,k-mori,674,,estimated_tsumogiri,1775201620,,,0,,"[16,14,108,15,86,13,90,66,103,102,51,95,87]",,,,444r5m 48p 445688s 1z,,,,,,,,
20260403163215_0000_534,20260403163215_0000,20260403163215,0000,0,パシフィック,573,,estimated_tsumogiri,1775201620,77.319,,0,,"[16,14,108,15,86,13,90,66,103,102,51,95,87]",,,,444r5m 48p 445688s 1z,,,,3,3,3,12,0
20260403163215_0000_535,20260403163215_0000,20260403163215,0000,2,k-mori,3,1m,confirmed_tedashi,1775201620,,,1,153.476,"[16,14,108,15,86,13,90,66,103,102,51,95,87]",,,,444r5m 48p 445688s 1z,,,,,,,,
20260403163215_0000_536,20260403163215_0000,20260403163215,0000,2,k-mori,674,,estimated_tsumogiri,1775201620,,,1,162.622,"[16,14,108,15,86,13,90,66,103,102,51,95,87]",,,,444r5m 48p 445688s 1z,,,,,,,,
20260403163215_0000_537,20260403163215_0000,20260403163215,0000,2,k-mori,674,,estimated_tsumogiri,1775201620,,,1,185.555,"[16,14,108,15,86,13,90,66,103,102,51,95,87]",,,,444r5m 48p 445688s 1z,,,,,,,,
20260403163215_0000_538,20260403163215_0000,20260403163215,0000,2,k-mori,674,,estimated_tsumogiri,1775201621,,,0,,"[16,14,108,15,86,13,90,66,103,102,51,95,87]",,,,444r5m 48p 445688s 1z,,,,,,,,
20260403163215_0000_539,20260403163215_0000,20260403163215,0000,0,パシフィック,478,,estimated_tsumogiri,1775201621,,,1,164.693,"[16,14,108,15,86,13,90,66,103,102,51,95,87]",,,,444r5m 48p 445688s 1z,,,,3,3,3,12,0
20260403163215_0000_540,20260403163215_0000,20260403163215,0000,2,k-mori,674,,estimated_tsumogiri,1775201621,,,0,,"[16,14,108,15,86,13,90,66,103,102,51,95,87]",,,,444r5m 48p 445688s 1z,,,,,,,,
20260403163215_0000_541,20260403163215_0000,20260403163215,0000,0,パシフィック,478,,estimated_tsumogiri,1775201621,,,1,152.049,"[16,14,108,15,86,13,90,66,103,102,51,95,87]",,,,444r5m 48p 445688s 1z,,,,3,3,3,12,0
20260403163215_0000_542,20260403163215_0000,20260403163215,0000,2,k-mori,674,,estimated_tsumogiri,1775201621,,,1,224.605,"[16,14,108,15,86,13,90,66,103,102,51,95,87]",,,,444r5m 48p 445688s 1z,,,,,,,,
20260403163215_0000_543,20260403163215_0000,20260403163215,0000,2,k-mori,674,,estimated_tsumogiri,1775201621,,,1,131.239,"[16,14,108,15,86,13,90,66,103,102,51,95,87]",,,,444r5m 48p 445688s 1z,,,,,,,,
20260403163215_0000_544,20260403163215_0000,20260403163215,0000,0,パシフィック,87,4s,confirmed_tedashi,1775201621,,,0,,"[16,14,108,15,86,13,90,66,103,102,51,95]",,,,444r5m 48p 45688s 1z,,,,,,,,
20260403163215_0000_545,20260403163215_0000,20260403163215,0000,2,k-mori,674,,estimated_tsumogiri,1775201621,,,1,244.936,"[16,14,108,15,86,13,90,66,103,102,51,95]",,,,444r5m 48p 45688s 1z,,,,,,,,
20260403163215_0000_546,20260403163215_0000,20260403163215,0000,2,k-mori,674,,estimated_tsumogiri,1775201622,,,1,172.811,"[16,14,108,15,86,13,90,66,103,102,51,95]",,,,444r5m 48p 45688s 1z,,,,,,,,
20260403163215_0000_547,20260403163215_0000,20260403163215,0000,2,k-mori,674,,estimated_tsumogiri,1775201622,,,0,,"[16,14,108,15,86,13,90,66,103,102,51,95]",,,,444r5m 48p 45688s 1z,,,,,,,,
20260403163215_0000_548,20260403163215_0000,20260403163215,0000,1,エル・シコデリコ,7,2m,confirmed_tedashi,1775201622,477.679,,1,294.905,"[16,14,108,15,86,13,90,66,103,102,51,95]",,,,444r5m 48p 45688s 1z,,,,,,,,
20260403163215_0000_549,20260403163215_0000,20260403163215,0000,2,k-mori,674,,estimated_tsumogiri,1775201622,,,0,,"[16,14,108,15,86,13,90,66,103,102,51,95]",,,,444r5m 48p 45688s 1z,,,,,,,,
20260403163215_0000_550,20260403163215_0000,20260403163215,0000,0,パシフィック,78,2s,confirmed_tedashi,1775201622,,,0,,"[16,14,108,15,86,13,90,66,103,102,51,95]",,,,444r5m 48p 45688s 1z,,,,,,,,
20260403163215_0000_551,20260403163215_0000,20260403163215,0000,1,エル・シコデリコ,3,1m,confirmed_tedashi,1775201622,,,0,,"[16,14,108,15,86,13,90,66,103,102,51,95]",,,,444r5m 48p 45688s 1z,,,,,,,,
20260403163215_0000_552,20260403163215_0000,20260403163215,0000,1,エル・シコデリコ,7,2m,confirmed_tedashi,1775201622,,,1,139.002,"[16,14,108,15,86,13,90,66,103,102,51,95]",,,,444r5m 48p 45688s 1z,,,,,,,,
20260403163215_0000_553,20260403163215_0000,20260403163215,0000,2,k-mori,674,,estimated_tsumogiri,1775201622,,,0,,"[16,14,108,15,86,13,90,66,103,102,51,95]",,,,444r5m 48p 45688s 1z,,,,,,,,
20260403163215_0000_554,20260403163215_0000,20260403163215,0000,2,k-mori,60,7p,confirmed_tedashi,1775201622,,,0,,"[16,14,108,15,86,13,90,66,103,102,51,95]",,,,444r5m 48p 45688s 1z,,,,,,,,
20260403163215_0000_555,20260403163215_0000,20260403163215,0000,0,パシフィック,78,2s,confirmed_tedashi,1775201622,,,0,,"[16,14,108,15,86,13,90,66,103,102,51,95]",,,,444r5m 48p 45688s 1z,,,,,,,,
20260403163215_0000_556,20260403163215_0000,20260403163215,0000,1,エル・シコデリコ,3,1m,confirmed_tedashi,1775201622,,,1,225.633,"[16,14,108,15,86,13,90,66,103,102,51,95]",,,,444r5m 48p 45688s 1z,,,,,,,,
20260403163215_0000_557,20260403163215_0000,20260403163215,0000,2,k-mori,674,,estimated_tsumogiri,1775201622,,,0,,"[16,14,108,15,86,13,90,66,103,102,51,95]",,,,444r5m 48p 45688s 1z,,,,,,,,
20260403163215_0000_558,20260403163215_0000,20260403163215,0000,2,k-mori,60,7p,confirmed_tedashi,1775201622,,,1,216.102,"[16,14,108,15,86,13,90,66,103,102,51,95]",,,,444r5m 48p 45688s 1z,,,,,,,,
20260403163215_0000_559,20260403163215_0000,20260403163215,0000,2,k-mori,674,,estimated_tsumogiri,1775201623,,,1,225.171,"[16,14,108,15,86,13,90,66,103,102,51,95]",,,,444r5m 48p 45688s 1z,,,,,,,,
20260403163215_0000_560,20260403163215_0000,20260403163215,0000,2,k-mori,674,,estimated_tsumogiri,1775201623,,,1,217.316,"[16,14,108,15,86,13,90,66,103,102,51,95]",,,,444r5m 48p 45688s 1z,,,,,,,,
20260403163215_0000_561,20260403163215_0000,20260403163215,0000,2,k-mori,674,,estimated_tsumogiri,1775201623,,,1,230.95,"[16,14,108,15,86,13,90,66,103,102,51,95]",,,,444r5m 48p 45688s 1z,,,,,,,,
20260403163215_0000_562,20260403163215_0000,20260403163215,0000,2,k-mori,674,,estimated_tsumogiri,1775201623,,,0,,"[16,14,108,15,86,13,90,66,103,102,51,95]",,,,444r5m 48p 45688s 1z,,,,,,,,
20260403163215_0000_563,20260403163215_0000,20260403163215,0000,0,パシフィック,165,,estimated_tsumogiri,1775201623,,,1,180.423,"[16,14,108,15,86,13,90,66,103,102,51,95]",,,,444r5m 48p 45688s 1z,,,,,,,,
20260403163215_0000_564,20260403163215_0000,20260403163215,0000,2,k-mori,674,,estimated_tsumogiri,1775201623,,,0,,"[16,14,108,15,86,13,90,66,103,102,51,95]",,,,444r5m 48p 45688s 1z,,,,,,,,
20260403163215_0000_565,20260403163215_0000,20260403163215,0000,0,パシフィック,96,7s,confirmed_tedashi,1775201623,,,0,,"[16,14,108,15,86,13,90,66,103,102,51,95]",,,,444r5m 48p 45688s 1z,,,,,,,,
20260403163215_0000_566,20260403163215_0000,20260403163215,0000,1,エル・シコデリコ,1,1m,confirmed_tedashi,1775201623,,,0,,"[16,14,108,15,86,13,90,66,103,102,51,95]",,,,444r5m 48p 45688s 1z,,,,,,,,
20260403163215_0000_567,20260403163215_0000,20260403163215,0000,0,パシフィック,165,,estimated_tsumogiri,1775201623,,,1,239.782,"[16,14,108,15,86,13,90,66,103,102,51,95]",,,,444r5m 48p 45688s 1z,,,,,,,,
20260403163215_0000_568,20260403163215_0000,20260403163215,0000,2,k-mori,674,,estimated_tsumogiri,1775201624,,,0,,"[16,14,108,15,86,13,90,66,103,102,51,95]",,,,444r5m 48p 45688s 1z,,,,,,,,
20260403163215_0000_569,20260403163215_0000,20260403163215,0000,0,パシフィック,96,7s,confirmed_tedashi,1775201624,,,0,,"[16,14,108,15,86,13,90,66,103,102,51,95]",,,,444r5m 48p 45688s 1z,,,,,,,,
20260403163215_0000_570,20260403163215_0000,20260403163215,0000,1,エル・シコデリコ,1,1m,confirmed_tedashi,1775201624,,,1,191.957,"[16,14,108,15,86,13,90,66,103,102,51,95]",,,,444r5m 48p 45688s 1z,,,,,,,,
20260403163215_0000_571,20260403163215_0000,20260403163215,0000,2,k-mori,674,,estimated_tsumogiri,1775201624,,,0,,"[16,14,108,15,86,13,90,66,103,102,51,95]",,,,444r5m 48p 45688s 1z,,,,,,,,
20260403163215_0000_572,20260403163215_0000,20260403163215,0000,2,k-mori,654,,estimated_tsumogiri,1775201624,,,1,256.432,"[16,14,108,15,86,13,90,66,103,102,51,95]",,,,444r5m 48p 45688s 1z,,,,,,,,
20260403163215_0000_573,20260403163215_0000,20260403163215,0000,2,k-mori,674,,estimated_tsumogiri,1775201624,,,0,,"[16,14,108,15,86,13,90,66,103,102,51,95]",,,,444r5m 48p 45688s 1z,,,,,,,,
20260403163215_0000_574,20260403163215_0000,20260403163215,0000,2,k-mori,654,,estimated_tsumogiri,1775201624,,,1,188.784,"[16,14,108,15,86,13,90,66,103,102,51,95]",,,,444r5m 48p 45688s 1z,,,,,,,,
20260403163215_0000_575,20260403163215_0000,20260403163215,0000,2,k-mori,674,,estimated_tsumogiri,1775201624,,,0,,"[16,14,108,15,86,13,90,66,103,102,51,95]",,,,444r5m 48p 45688s 1z,,,,,,,,
20260403163215_0000_576,20260403163215_0000,20260403163215,0000,1,エル・シコデリコ,60,7p,confirmed_tedashi,1775201624,,,1,256.98,"[16,14,108,15,86,13,90,66,103,102,51,95]",,,,444r5m 48p 45688s 1z,,,,,,,,
20260403163215_0000_577,20260403163215_0000,20260403163215,0000,2,k-mori,674,,estimated_tsumogiri,1775201625,,,0,,"[16,14,108,15,86,13,90,66,103,102,51,95]",,,,444r5m 48p 45688s 1z,,,,,,,,
20260403163215_0000_578,20260403163215_0000,20260403163215,0000,1,エル・シコデリコ,60,7p,confirmed_tedashi,1775201625,,,1,177.381,"[16,14,108,15,86,13,90,66,103,102,51,95]",,,,444r5m 48p 45688s 1z,,,,,,,,
20260403163215_0000_579,20260403163215_0000,20260403163215,0000,2,k-mori,674,,estimated_tsumogiri,1775201625,,,0,,"[16,14,108,15,86,13,90,66,103,102,51,95]",,,,444r5m 48p 45688s 1z,,,,,,,,
20260403163215_0000_580,20260403163215_0000,20260403163215,0000,1,エル・シコデリコ,83,3s,confirmed_tedashi,1775201625,130.109,,0,,"[16,14,108,15,86,13,90,66,103,102,51,95]",,,,444r5m 48p 45688s 1z,,,,,,,,
20260403163215_0000_581,20260403163215_0000,20260403163215,0000,2,k-mori,674,,estimated_tsumogiri,1775201625,140.591,,0,,"[16,14,108,15,86,13,90,66,103,102,51,95]",,,,444r5m 48p 45688s 1z,,,,,,,,
20260403163215_0000_582,20260403163215_0000,20260403163215,0000,2,k-mori,31,8m,confirmed_tedashi,1775201625,,,1,180.696,"[16,14,108,15,86,13,90,66,103,102,51,95]",,,,444r5m 48p 45688s 1z,,,,,,,,
20260403163215_0000_583,20260403163215_0000,20260403163215,0000,2,k-mori,674,,estimated_tsumogiri,1775201625,,,0,,"[16,14,108,15,86,13,90,66,103,102,51,95]",,,,444r5m 48p 45688s 1z,,,,,,,,
20260403163215_0000_584,20260403163215_0000,20260403163215,0000,0,パシフィック,868,,estimated_tsumogiri,1775201625,,,0,,"[16,14,108,15,86,13,90,66,103,102,51,95]",,,,444r5m 48p 45688s 1z,,,,,,,,
20260403163215_0000_585,20260403163215_0000,20260403163215,0000,2,k-mori,31,8m,confirmed_tedashi,1775201625,,,1,251.851,"[16,14,108,15,86,13,90,66,103,102,51,95]",,,,444r5m 48p 45688s 1z,,,,,,,,
20260403163215_0000_586,20260403163215_0000,20260403163215,0000,2,k-mori,674,,estimated_tsumogiri,1775201625,,,0,,"[16,14,108,15,86,13,90,66,103,102,51,95]",,,,444r5m 48p 45688s 1z,,,,,,,,
20260403163215_0000_587,20260403163215_0000,20260403163215,0000,0,パシフィック,67,8p,confirmed_tedashi,1775201625,,,0,,"[16,14,108,15,86,13,90,66,103,102,51,95]",,,,444r5m 48p 45688s 1z,,,,,,,,
20260403163215_0000_588,20260403163215_0000,20260403163215,0000,0,パシフィック,868,,estimated_tsumogiri,1775201625,,,1,202.093,"[16,14,108,15,86,13,90,66,103,102,51,95]",,,,444r5m 48p 45688s 1z,,,,,,,,
20260403163215_0000_589,20260403163215_0000,20260403163215,0000,2,k-mori,674,,estimated_tsumogiri,1775201626,,,0,,"[16,14,108,15,86,13,90,66,103,102,51,95]",,,,444r5m 48p 45688s 1z,,,,,,,,
20260403163215_0000_590,20260403163215_0000,20260403163215,0000,0,パシフィック,67,8p,confirmed_tedashi,1775201626,,,1,257.062,"[16,14,108,15,86,13,90,66,103,102,51,95]",,,,444r5m 48p 45688s 1z,,,,,,,,
20260403163215_0000_591,20260403163215_0000,20260403163215,0000,2,k-mori,674,,estimated_tsumogiri,1775201626,,,0,,"[16,14,108,15,86,13,90,66,103,102,51,95]",,,,444r5m 48p 45688s 1z,,,,,,,,
20260403163215_0000_592,20260403163215_0000,20260403163215,0000,2,k-mori,674,,estimated_tsumogiri,1775201626,,,0,,"[16,14,108,15,86,13,90,66,103,102,51,95]",,,,444r5m 48p 45688s 1z,,,,,,,,
20260403163215_0000_593,20260403163215_0000,20260403163215,0000,2,k-mori,674,,estimated_tsumogiri,1775201626,,,0,,"[16,14,108,15,86,13,90,66,103,102,51,95]",,,,444r5m 48p 45688s 1z,,,,,,,,
20260403163215_0000_594,20260403163215_0000,20260403163215,0000,2,k-mori,54,5p,confirmed_tedashi,1775201626,,,1,207.161,"[16,14,108,15,86,13,90,66,103,102,51,95]",,,,444r5m 48p 45688s 1z,,,,,,,,
20260403163215_0000_595,20260403163215_0000,20260403163215,0000,2,k-mori,674,,estimated_tsumogiri,1775201627,,,0,,"[16,14,108,15,86,13,90,66,103,102,51,95]",,,,444r5m 48p 45688s 1z,,,,,,,,
20260403163215_0000_596,20260403163215_0000,20260403163215,0000,2,k-mori,54,5p,confirmed_tedashi,1775201627,,,1,195.16,"[16,14,108,15,86,13,90,66,103,102,51,95]",,,,444r5m 48p 45688s 1z,,,,,,,,
20260403163215_0000_597,20260403163215_0000,20260403163215,0000,2,k-mori,69,9p,confirmed_tedashi,1775201627,,,0,,"[16,14,108,15,86,13,90,66,103,102,51,95]",,,,444r5m 48p 45688s 1z,,,,,,,,
20260403163215_0000_598,20260403163215_0000,20260403163215,0000,2,k-mori,674,,estimated_tsumogiri,1775201627,,,1,162.433,"[16,14,108,15,86,13,90,66,103,102,51,95]",,,,444r5m 48p 45688s 1z,,,,,,,,
20260403163215_0000_599,20260403163215_0000,20260403163215,0000,2,k-mori,674,,estimated_tsumogiri,1775201627,,,0,,"[16,14,108,15,86,13,90,66,103,102,51,95]",,,,444r5m 48p 45688s 1z,,,,,,,,
20260403163215_0000_600,20260403163215_0000,20260403163215,0000,2,k-mori,674,,estimated_tsumogiri,1775201627,,,0,,"[16,14,108,15,86,13,90,66,103,102,51,95]",,,,444r5m 48p 45688s 1z,,,,,,,,
20260403163215_0000_601,20260403163215_0000,20260403163215,0000,2,k-mori,7927797,,estimated_tsumogiri,1775201627,,,1,208.95,"[16,14,108,15,86,13,90,66,103,102,51,95]",,,,444r5m 48p 45688s 1z,,,,,,,,
20260403163215_0000_602,20260403163215_0000,20260403163215,0000,2,k-mori,674,,estimated_tsumogiri,1775201628,,,0,,"[16,14,108,15,86,13,90,66,103,102,51,95]",,,,444r5m 48p 45688s 1z,,,,,,,,
20260403163215_0000_603,20260403163215_0000,20260403163215,0000,2,k-mori,4,2m,confirmed_tedashi,1775201628,,,0,,"[16,14,108,15,86,13,90,66,103,102,51,95]",,,,444r5m 48p 45688s 1z,,,,,,,,
20260403163215_0000_604,20260403163215_0000,20260403163215,0000,0,パシフィック,79,2s,confirmed_tedashi,1775201628,,,0,,"[16,14,108,15,86,13,90,66,103,102,51,95]",,,,444r5m 48p 45688s 1z,,,,,,,,
20260403163215_0000_605,20260403163215_0000,20260403163215,0000,2,k-mori,7927797,,estimated_tsumogiri,1775201628,,,1,242.121,"[16,14,108,15,86,13,90,66,103,102,51,95]",,,,444r5m 48p 45688s 1z,,,,,,,,
20260403163215_0000_606,20260403163215_0000,20260403163215,0000,2,k-mori,674,,estimated_tsumogiri,1775201628,,,0,,"[16,14,108,15,86,13,90,66,103,102,51,95]",,,,444r5m 48p 45688s 1z,,,,,,,,
20260403163215_0000_607,20260403163215_0000,20260403163215,0000,2,k-mori,4,2m,confirmed_tedashi,1775201628,,,0,,"[16,14,108,15,86,13,90,66,103,102,51,95]",,,,444r5m 48p 45688s 1z,,,,,,,,
20260403163215_0000_608,20260403163215_0000,20260403163215,0000,0,パシフィック,79,2s,confirmed_tedashi,1775201628,,,1,185.168,"[16,14,108,15,86,13,90,66,103,102,51,95]",,,,444r5m 48p 45688s 1z,,,,,,,,
20260403163215_0000_609,20260403163215_0000,20260403163215,0000,2,k-mori,674,,estimated_tsumogiri,1775201628,,,0,,"[16,14,108,15,86,13,90,66,103,102,51,95]",,,,444r5m 48p 45688s 1z,,,,,,,,
20260403163215_0000_610,20260403163215_0000,20260403163215,0000,2,k-mori,674,,estimated_tsumogiri,1775201628,,,0,,"[16,14,108,15,86,13,90,66,103,102,51,95]",,,,444r5m 48p 45688s 1z,,,,,,,,
20260403163215_0000_611,20260403163215_0000,20260403163215,0000,2,k-mori,674,,estimated_tsumogiri,1775201631,,,1,156.848,"[16,14,108,15,86,13,90,66,103,102,51,95]",,,,444r5m 48p 45688s 1z,,,,,,,,
20260403163215_0000_612,20260403163215_0000,20260403163215,0000,3,913149,38,1p,confirmed_tedashi,1775201631,3991.264,,0,,"[16,14,108,15,86,13,90,66,103,102,51,95]",,,,444r5m 48p 45688s 1z,,,,,,,,
20260403163215_0000_613,20260403163215_0000,20260403163215,0000,2,k-mori,674,,estimated_tsumogiri,1775201631,,,0,,"[16,14,108,15,86,13,90,66,103,102,51,95,92]",,,,444r5m 48p 456688s 1z,,,,,,,,
20260403163215_0000_614,20260403163215_0000,20260403163215,0000,2,k-mori,674,,estimated_tsumogiri,1775201631,,,0,,"[16,14,108,15,86,13,90,66,103,102,51,95,92]",,,,444r5m 48p 456688s 1z,,,,,,,,
20260403163215_0000_615,20260403163215_0000,20260403163215,0000,2,k-mori,674,,estimated_tsumogiri,1775201631,,,0,,"[16,14,108,15,86,13,90,66,103,102,51,95,92]",,,,444r5m 48p 456688s 1z,,,,,,,,
20260403163215_0000_616,20260403163215_0000,20260403163215,0000,0,パシフィック,92,6s,confirmed_tsumogiri,1775201631,684.585,,0,,"[16,14,108,15,86,13,90,66,103,102,51,95]",,,,444r5m 48p 45688s 1z,,,,,,,,
20260403163215_0000_617,20260403163215_0000,20260403163215,0000,2,k-mori,674,,estimated_tsumogiri,1775201632,,,1,226.706,"[16,14,108,15,86,13,90,66,103,102,51,95]",,,,444r5m 48p 45688s 1z,,,,,,,,
20260403163215_0000_618,20260403163215_0000,20260403163215,0000,2,k-mori,674,,estimated_tsumogiri,1775201632,,,0,,"[16,14,108,15,86,13,90,66,103,102,51,95]",,,,444r5m 48p 45688s 1z,,,,,,,,
20260403163215_0000_619,20260403163215_0000,20260403163215,0000,2,k-mori,22388,,confirmed_tedashi,1775201632,,,1,230.125,"[16,14,108,15,86,13,90,66,103,102,51,95]",,,,444r5m 48p 45688s 1z,,,,,,,,
20260403163215_0000_620,20260403163215_0000,20260403163215,0000,2,k-mori,674,,estimated_tsumogiri,1775201632,,,0,,"[16,14,108,15,86,13,90,66,103,102,51,95]",,,,444r5m 48p 45688s 1z,,,,,,,,
20260403163215_0000_621,20260403163215_0000,20260403163215,0000,0,パシフィック,6,2m,estimated_tsumogiri,1775201632,,,0,,"[16,14,108,15,86,13,90,66,103,102,51,95]",,,,444r5m 48p 45688s 1z,,,,,,,,
20260403163215_0000_622,20260403163215_0000,20260403163215,0000,0,パシフィック,6,2m,estimated_tsumogiri,1775201632,,,0,,"[16,14,108,15,86,13,90,66,103,102,51,95]",,,,444r5m 48p 45688s 1z,,,,,,,,
20260403163215_0000_623,20260403163215_0000,20260403163215,0000,0,パシフィック,6,2m,estimated_tsumogiri,1775201632,,,0,,"[16,14,108,15,86,13,90,66,103,102,51,95]",,,,444r5m 48p 45688s 1z,,,,,,,,
20260403163215_0000_624,20260403163215_0000,20260403163215,0000,2,k-mori,22388,,confirmed_tedashi,1775201632,0.0,,1,225.266,"[16,14,108,15,86,13,90,66,103,102,51,95]",,,,444r5m 48p 45688s 1z,,,,,,,,
20260403163215_0000_625,20260403163215_0000,20260403163215,0000,2,k-mori,674,,estimated_tsumogiri,1775201632,,,0,,"[16,14,108,15,86,13,90,66,103,102,51,95]",,,,444r5m 48p 45688s 1z,,,,,,,,
20260403163215_0000_626,20260403163215_0000,20260403163215,0000,1,エル・シコデリコ,2,1m,confirmed_tedashi,1775201632,813.922,,1,192.657,"[16,14,108,15,86,13,90,66,103,102,51,95]",,,,444r5m 48p 45688s 1z,,,,,,,,
20260403163215_0000_627,20260403163215_0000,20260403163215,0000,2,k-mori,674,,estimated_tsumogiri,1775201632,,,0,,"[16,14,108,15,86,13,90,66,103,102,51,95]",,,,444r5m 48p 45688s 1z,,,,,,,,
20260403163215_0000_628,20260403163215_0000,20260403163215,0000,1,エル・シコデリコ,2,1m,confirmed_tedashi,1775201632,,,1,240.759,"[16,14,108,15,86,13,90,66,103,102,51,95]",,,,444r5m 48p 45688s 1z,,,,,,,,
20260403163215_0000_629,20260403163215_0000,20260403163215,0000,2,k-mori,674,,estimated_tsumogiri,1775201633,,,0,,"[16,14,108,15,86,13,90,66,103,102,51,95]",,,,444r5m 48p 45688s 1z,,,,,,,,
20260403163215_0000_630,20260403163215_0000,20260403163215,0000,0,パシフィック,36,1p,confirmed_tedashi,1775201633,,,1,186.795,"[16,14,108,15,86,13,90,66,103,102,51,95]",,,,444r5m 48p 45688s 1z,,,,,,,,
20260403163215_0000_631,20260403163215_0000,20260403163215,0000,2,k-mori,674,,estimated_tsumogiri,1775201633,,,0,,"[16,14,108,15,86,13,90,66,103,102,51,95]",,,,444r5m 48p 45688s 1z,,,,,,,,
20260403163215_0000_632,20260403163215_0000,20260403163215,0000,0,パシフィック,36,1p,confirmed_tedashi,1775201633,,,1,329.299,"[16,14,108,15,86,13,90,66,103,102,51,95]",,,,444r5m 48p 45688s 1z,,,,,,,,
20260403163215_0000_633,20260403163215_0000,20260403163215,0000,2,k-mori,674,,estimated_tsumogiri,1775201633,,,0,,"[16,14,108,15,86,13,90,66,103,102,51,95]",,,,444r5m 48p 45688s 1z,,,,,,,,
20260403163215_0000_634,20260403163215_0000,20260403163215,0000,1,エル・シコデリコ,8,3m,confirmed_tedashi,1775201633,329.299,,0,,"[16,14,108,15,86,13,90,66,103,102,51,95]",,,,444r5m 48p 45688s 1z,,,,,,,,
20260403163215_0000_635,20260403163215_0000,20260403163215,0000,1,エル・シコデリコ,88,r5s,confirmed_tedashi,1775201633,,,1,276.334,"[16,14,108,15,86,13,90,66,103,102,51,95]",,,,444r5m 48p 45688s 1z,,,,,,,,
20260403163215_0000_636,20260403163215_0000,20260403163215,0000,2,k-mori,674,,estimated_tsumogiri,1775201634,,,0,,"[16,14,108,15,86,13,90,66,103,102,51,95]",,,,444r5m 48p 45688s 1z,,,,,,,,
20260403163215_0000_637,20260403163215_0000,20260403163215,0000,1,エル・シコデリコ,8,3m,confirmed_tedashi,1775201634,,,0,,"[16,14,108,15,86,13,90,66,103,102,51,95]",,,,444r5m 48p 45688s 1z,,,,,,,,
20260403163215_0000_638,20260403163215_0000,20260403163215,0000,1,エル・シコデリコ,88,r5s,confirmed_tedashi,1775201634,,,1,246.634,"[16,14,108,15,86,13,90,66,103,102,51,95]",,,,444r5m 48p 45688s 1z,,,,,,,,
20260403163215_0000_639,20260403163215_0000,20260403163215,0000,2,k-mori,674,,estimated_tsumogiri,1775201634,,,0,,"[16,14,108,15,86,13,90,66,103,102,51,95]",,,,444r5m 48p 45688s 1z,,,,,,,,
20260403163215_0000_640,20260403163215_0000,20260403163215,0000,2,k-mori,674,,estimated_tsumogiri,1775201634,,,0,,"[16,14,108,15,86,13,90,66,103,102,51,95]",,,,444r5m 48p 45688s 1z,,,,,,,,
20260403163215_0000_641,20260403163215_0000,20260403163215,0000,2,k-mori,674,,estimated_tsumogiri,1775201634,,,1,194.651,"[16,14,108,15,86,13,90,66,103,102,51,95]",,,,444r5m 48p 45688s 1z,,,,,,,,
20260403163215_0000_642,20260403163215_0000,20260403163215,0000,2,k-mori,674,,estimated_tsumogiri,1775201634,,,0,,"[16,14,108,15,86,13,90,66,103,102,51,95]",,,,444r5m 48p 45688s 1z,,,,,,,,
20260403163215_0000_643,20260403163215_0000,20260403163215,0000,0,パシフィック,6,2m,estimated_tsumogiri,1775201634,,,0,,"[16,14,108,15,86,13,90,66,103,102,51,95]",,,,444r5m 48p 45688s 1z,,,,,,,,
20260403163215_0000_644,20260403163215_0000,20260403163215,0000,2,k-mori,674,,estimated_tsumogiri,1775201634,160.191,,1,166.623,"[16,14,108,15,86,13,90,66,103,102,51,95]",,,,444r5m 48p 45688s 1z,,,,,,,,
20260403163215_0000_645,20260403163215_0000,20260403163215,0000,2,k-mori,674,,estimated_tsumogiri,1775201635,,,1,158.934,"[16,14,108,15,86,13,90,66,103,102,51,95]",,,,444r5m 48p 45688s 1z,,,,,,,,
20260403163215_0000_646,20260403163215_0000,20260403163215,0000,2,k-mori,674,,estimated_tsumogiri,1775201635,,,0,,"[16,14,108,15,86,13,90,66,103,102,51,95]",,,,444r5m 48p 45688s 1z,,,,,,,,
20260403163215_0000_647,20260403163215_0000,20260403163215,0000,2,k-mori,674,,estimated_tsumogiri,1775201635,,,1,13.118,"[16,14,108,15,86,13,90,66,103,102,51,95]",,,,444r5m 48p 45688s 1z,,,,,,,,
20260403163215_0000_648,20260403163215_0000,20260403163215,0000,1,エル・シコデリコ,77,2s,estimated_tsumogiri,1775201635,202.358,,0,,"[16,14,108,15,86,13,90,66,103,102,51,95]",,,,444r5m 48p 45688s 1z,,,,,,,,
20260403163215_0000_649,20260403163215_0000,20260403163215,0000,2,k-mori,674,,estimated_tsumogiri,1775201635,228.757,,0,,"[16,14,108,15,86,13,90,66,103,102,51,95]",,,,444r5m 48p 45688s 1z,,,,,,,,
20260403163215_0000_650,20260403163215_0000,20260403163215,0000,2,k-mori,674,,estimated_tsumogiri,1775201635,,,1,248.446,"[16,14,108,15,86,13,90,66,103,102,51,95]",,,,444r5m 48p 45688s 1z,,,,,,,,
20260403163215_0000_651,20260403163215_0000,20260403163215,0000,2,k-mori,674,,estimated_tsumogiri,1775201636,,,0,,"[16,14,108,15,86,13,90,66,103,102,51,95]",,,,444r5m 48p 45688s 1z,,,,,,,,
20260403163215_0000_652,20260403163215_0000,20260403163215,0000,2,k-mori,19,5m,confirmed_tedashi,1775201636,,,1,174.234,"[16,14,108,15,86,13,90,66,103,102,51,95]",,,,444r5m 48p 45688s 1z,,,,,,,,
20260403163215_0000_653,20260403163215_0000,20260403163215,0000,2,k-mori,674,,estimated_tsumogiri,1775201636,,,0,,"[16,14,108,15,86,13,90,66,103,102,51,95]",,,,444r5m 48p 45688s 1z,,,,,,,,
20260403163215_0000_654,20260403163215_0000,20260403163215,0000,0,パシフィック,0,1m,confirmed_tedashi,1775201636,,,0,,"[16,14,108,15,86,13,90,66,103,102,51,95]",,,,444r5m 48p 45688s 1z,,,,,,,,
20260403163215_0000_655,20260403163215_0000,20260403163215,0000,2,k-mori,19,5m,confirmed_tedashi,1775201636,,,1,244.034,"[16,14,108,15,86,13,90,66,103,102,51,95]",,,,444r5m 48p 45688s 1z,,,,,,,,
20260403163215_0000_656,20260403163215_0000,20260403163215,0000,2,k-mori,674,,estimated_tsumogiri,1775201636,,,0,,"[16,14,108,15,86,13,90,66,103,102,51,95]",,,,444r5m 48p 45688s 1z,,,,,,,,
20260403163215_0000_657,20260403163215_0000,20260403163215,0000,0,パシフィック,0,1m,confirmed_tedashi,1775201636,,,1,233.524,"[16,14,108,15,86,13,90,66,103,102,51,95]",,,,444r5m 48p 45688s 1z,,,,,,,,
20260403163215_0000_658,20260403163215_0000,20260403163215,0000,2,k-mori,674,,estimated_tsumogiri,1775201636,,,0,,"[16,14,108,15,86,13,90,66,103,102,51,95]",,,,444r5m 48p 45688s 1z,,,,,,,,
20260403163215_0000_659,20260403163215_0000,20260403163215,0000,2,k-mori,674,,estimated_tsumogiri,1775201636,,,0,,"[16,14,108,15,86,13,90,66,103,102,51,95]",,,,444r5m 48p 45688s 1z,,,,,,,,
20260403163215_0000_660,20260403163215_0000,20260403163215,0000,2,k-mori,674,,estimated_tsumogiri,1775201637,,,0,,"[16,14,108,15,86,13,90,66,103,102,51,95]",,,,444r5m 48p 45688s 1z,,,,,,,,
20260403163215_0000_661,20260403163215_0000,20260403163215,0000,2,k-mori,674,,estimated_tsumogiri,1775201637,,,0,,"[16,14,108,15,86,13,90,66,103,102,51,95]",,,,444r5m 48p 45688s 1z,,,,,,,,
20260403163215_0000_662,20260403163215_0000,20260403163215,0000,1,エル・シコデリコ,94,6s,confirmed_tedashi,1775201637,0.0,,0,,"[16,14,108,15,86,13,90,66,103,102,51,95]",,,,444r5m 48p 45688s 1z,,,,,,,,
20260403163215_0000_663,20260403163215_0000,20260403163215,0000,1,エル・シコデリコ,3,1m,confirmed_tedashi,1775201637,,,1,211.019,"[16,14,108,15,86,13,90,66,103,102,51,95]",,,,444r5m 48p 45688s 1z,,,,,,,,
20260403163215_0000_664,20260403163215_0000,20260403163215,0000,2,k-mori,674,,estimated_tsumogiri,1775201637,,,0,,"[16,14,108,15,86,13,90,66,103,102,51,95]",,,,444r5m 48p 45688s 1z,,,,,,,,
20260403163215_0000_665,20260403163215_0000,20260403163215,0000,1,エル・シコデリコ,94,6s,confirmed_tedashi,1775201637,0.0,,0,,"[16,14,108,15,86,13,90,66,103,102,51,95]",,,,444r5m 48p 45688s 1z,,,,,,,,
20260403163215_0000_666,20260403163215_0000,20260403163215,0000,1,エル・シコデリコ,3,1m,confirmed_tedashi,1775201637,,,1,239.775,"[16,14,108,15,86,13,90,66,103,102,51,95]",,,,444r5m 48p 45688s 1z,,,,,,,,
20260403163215_0000_667,20260403163215_0000,20260403163215,0000,2,k-mori,674,,estimated_tsumogiri,1775201637,,,0,,"[16,14,108,15,86,13,90,66,103,102,51,95]",,,,444r5m 48p 45688s 1z,,,,,,,,
20260403163215_0000_668,20260403163215_0000,20260403163215,0000,2,k-mori,674,,estimated_tsumogiri,1775201638,,,0,,"[16,14,108,15,86,13,90,66,103,102,51,95]",,,,444r5m 48p 45688s 1z,,,,,,,,
20260403163215_0000_669,20260403163215_0000,20260403163215,0000,2,k-mori,674,,estimated_tsumogiri,1775201638,,,1,162.805,"[16,14,108,15,86,13,90,66,103,102,51,95]",,,,444r5m 48p 45688s 1z,,,,,,,,
20260403163215_0000_670,20260403163215_0000,20260403163215,0000,2,k-mori,674,,estimated_tsumogiri,1775201638,,,1,246.978,"[16,14,108,15,86,13,90,66,103,102,51,95]",,,,444r5m 48p 45688s 1z,,,,,,,,
20260403163215_0000_671,20260403163215_0000,20260403163215,0000,2,k-mori,674,,estimated_tsumogiri,1775201638,,,0,,"[16,14,108,15,86,13,90,66,103,102,51,95]",,,,444r5m 48p 45688s 1z,,,,,,,,
20260403163215_0000_672,20260403163215_0000,20260403163215,0000,1,エル・シコデリコ,5,2m,confirmed_tedashi,1775201638,688.362,,0,,"[16,14,108,15,86,13,90,66,103,102,51,95]",,,,444r5m 48p 45688s 1z,,,,,,,,
20260403163215_0000_673,20260403163215_0000,20260403163215,0000,2,k-mori,44060725731,,estimated_tsumogiri,1775201638,,,1,279.477,"[16,14,108,15,86,13,90,66,103,102,51,95]",,,,444r5m 48p 45688s 1z,,,,,,,,
20260403163215_0000_674,20260403163215_0000,20260403163215,0000,2,k-mori,674,,estimated_tsumogiri,1775201638,,,0,,"[16,14,108,15,86,13,90,66,103,102,51,95]",,,,444r5m 48p 45688s 1z,,,,,,,,
20260403163215_0000_675,20260403163215_0000,20260403163215,0000,2,k-mori,674,,estimated_tsumogiri,1775201638,,,0,,"[16,14,108,15,86,13,90,66,103,102,51,95]",,,,444r5m 48p 45688s 1z,,,,,,,,
20260403163215_0000_676,20260403163215_0000,20260403163215,0000,1,エル・シコデリコ,5,2m,confirmed_tedashi,1775201638,,,0,,"[16,14,108,15,86,13,90,66,103,102,51,95]",,,,444r5m 48p 45688s 1z,,,,,,,,
20260403163215_0000_677,20260403163215_0000,20260403163215,0000,2,k-mori,44060725731,,estimated_tsumogiri,1775201638,,,1,161.403,"[16,14,108,15,86,13,90,66,103,102,51,95]",,,,444r5m 48p 45688s 1z,,,,,,,,
20260403163215_0000_678,20260403163215_0000,20260403163215,0000,2,k-mori,674,,estimated_tsumogiri,1775201639,,,0,,"[16,14,108,15,86,13,90,66,103,102,51,95]",,,,444r5m 48p 45688s 1z,,,,,,,,
20260403163215_0000_679,20260403163215_0000,20260403163215,0000,0,パシフィック,6,2m,estimated_tsumogiri,1775201639,,,0,,"[16,14,108,15,86,13,90,66,103,102,51,95]",,,,444r5m 48p 45688s 1z,,,,,,,,
20260403163215_0000_680,20260403163215_0000,20260403163215,0000,2,k-mori,674,,estimated_tsumogiri,1775201639,174.458,,0,,"[16,14,108,15,86,13,90,66,103,102,51,95]",,,,444r5m 48p 45688s 1z,,,,,,,,
20260403163215_0000_681,20260403163215_0000,20260403163215,0000,2,k-mori,674,,estimated_tsumogiri,1775201639,,,1,163.698,"[16,14,108,15,86,13,90,66,103,102,51,95]",,,,444r5m 48p 45688s 1z,,,,,,,,
20260403163215_0000_682,20260403163215_0000,20260403163215,0000,2,k-mori,674,,estimated_tsumogiri,1775201639,,,1,157.866,"[16,14,108,15,86,13,90,66,103,102,51,95]",,,,444r5m 48p 45688s 1z,,,,,,,,
20260403163215_0000_683,20260403163215_0000,20260403163215,0000,2,k-mori,674,,estimated_tsumogiri,1775201639,,,1,224.869,"[16,14,108,15,86,13,90,66,103,102,51,95]",,,,444r5m 48p 45688s 1z,,,,,,,,
20260403163215_0000_684,20260403163215_0000,20260403163215,0000,2,k-mori,674,,estimated_tsumogiri,1775201640,,,1,195.073,"[16,14,108,15,86,13,90,66,103,102,51,95]",,,,444r5m 48p 45688s 1z,,,,,,,,
20260403163215_0000_685,20260403163215_0000,20260403163215,0000,2,k-mori,674,,estimated_tsumogiri,1775201640,,,0,,"[16,14,108,15,86,13,90,66,103,102,51,95]",,,,444r5m 48p 45688s 1z,,,,,,,,
20260403163215_0000_686,20260403163215_0000,20260403163215,0000,2,k-mori,674,,estimated_tsumogiri,1775201640,,,1,191.848,"[16,14,108,15,86,13,90,66,103,102,51,95]",,,,444r5m 48p 45688s 1z,,,,,,,,
20260403163215_0000_687,20260403163215_0000,20260403163215,0000,2,k-mori,674,,estimated_tsumogiri,1775201640,,,0,,"[16,14,108,15,86,13,90,66,103,102,51,95]",,,,444r5m 48p 45688s 1z,,,,,,,,
20260403163215_0000_688,20260403163215_0000,20260403163215,0000,2,k-mori,674,,estimated_tsumogiri,1775201640,,,0,,"[16,14,108,15,86,13,90,66,103,102,51,95]",,,,444r5m 48p 45688s 1z,,,,,,,,
20260403163215_0000_689,20260403163215_0000,20260403163215,0000,2,k-mori,674,,estimated_tsumogiri,1775201641,,,1,250.818,"[16,14,108,15,86,13,90,66,103,102,51,95]",,,,444r5m 48p 45688s 1z,,,,,,,,
20260403163215_0000_690,20260403163215_0000,20260403163215,0000,2,k-mori,674,,estimated_tsumogiri,1775201641,,,0,,"[16,14,108,15,86,13,90,66,103,102,51,95]",,,,444r5m 48p 45688s 1z,,,,,,,,
20260403163215_0000_691,20260403163215_0000,20260403163215,0000,2,k-mori,674,,estimated_tsumogiri,1775201641,,,0,,"[16,14,108,15,86,13,90,66,103,102,51,95]",,,,444r5m 48p 45688s 1z,,,,,,,,
20260403163215_0000_692,20260403163215_0000,20260403163215,0000,2,k-mori,44,3p,confirmed_tedashi,1775201641,,,1,88.822,"[16,14,108,15,86,13,90,66,103,102,51,95]",,,,444r5m 48p 45688s 1z,,,,,,,,
20260403163215_0000_693,20260403163215_0000,20260403163215,0000,2,k-mori,674,,estimated_tsumogiri,1775201641,,,0,,"[16,14,108,15,86,13,90,66,103,102,51,95]",,,,444r5m 48p 45688s 1z,,,,,,,,
20260403163215_0000_694,20260403163215_0000,20260403163215,0000,2,k-mori,674,,estimated_tsumogiri,1775201642,,,0,,"[16,14,108,15,86,13,90,66,103,102,51,95]",,,,444r5m 48p 45688s 1z,,,,,,,,
20260403163215_0000_695,20260403163215_0000,20260403163215,0000,2,k-mori,674,,estimated_tsumogiri,1775201642,,,0,,"[16,14,108,15,86,13,90,66,103,102,51,95]",,,,444r5m 48p 45688s 1z,,,,,,,,
20260403163215_0000_696,20260403163215_0000,20260403163215,0000,2,k-mori,674,,estimated_tsumogiri,1775201642,,,0,,"[16,14,108,15,86,13,90,66,103,102,51,95]",,,,444r5m 48p 45688s 1z,,,,,,,,
20260403163215_0000_697,20260403163215_0000,20260403163215,0000,0,パシフィック,7,2m,confirmed_tedashi,1775201642,,,1,246.087,"[16,14,108,15,86,13,90,66,103,102,51,95]",,,,444r5m 48p 45688s 1z,,,,,,,,
20260403163215_0000_698,20260403163215_0000,20260403163215,0000,2,k-mori,674,,estimated_tsumogiri,1775201642,,,0,,"[16,14,108,15,86,13,90,66,103,102,51,95]",,,,444r5m 48p 45688s 1z,,,,,,,,
20260403163215_0000_699,20260403163215_0000,20260403163215,0000,0,パシフィック,7,2m,confirmed_tedashi,1775201642,,,1,252.144,"[16,14,108,15,86,13,90,66,103,102,51,95]",,,,444r5m 48p 45688s 1z,,,,,,,,
20260403163215_0000_700,20260403163215_0000,20260403163215,0000,2,k-mori,674,,estimated_tsumogiri,1775201642,,,0,,"[16,14,108,15,86,13,90,66,103,102,51,95]",,,,444r5m 48p 45688s 1z,,,,,,,,
20260403163215_0000_701,20260403163215_0000,20260403163215,0000,2,k-mori,674,,estimated_tsumogiri,1775201643,,,1,177.363,"[16,14,108,15,86,13,90,66,103,102,51,95]",,,,444r5m 48p 45688s 1z,,,,,,,,
20260403163215_0000_702,20260403163215_0000,20260403163215,0000,2,k-mori,674,,estimated_tsumogiri,1775201643,,,0,,"[16,14,108,15,86,13,90,66,103,102,51,95]",,,,444r5m 48p 45688s 1z,,,,,,,,
20260403163215_0000_703,20260403163215_0000,20260403163215,0000,2,k-mori,7,2m,confirmed_tedashi,1775201643,,,1,255.281,"[16,14,108,15,86,13,90,66,103,102,51,95]",,,,444r5m 48p 45688s 1z,,,,,,,,
20260403163215_0000_704,20260403163215_0000,20260403163215,0000,2,k-mori,674,,estimated_tsumogiri,1775201643,,,0,,"[16,14,108,15,86,13,90,66,103,102,51,95]",,,,444r5m 48p 45688s 1z,,,,,,,,
20260403163215_0000_705,20260403163215_0000,20260403163215,0000,2,k-mori,7,2m,confirmed_tedashi,1775201643,,,1,193.429,"[16,14,108,15,86,13,90,66,103,102,51,95]",,,,444r5m 48p 45688s 1z,,,,,,,,
20260403163215_0000_706,20260403163215_0000,20260403163215,0000,2,k-mori,674,,estimated_tsumogiri,1775201643,,,0,,"[16,14,108,15,86,13,90,66,103,102,51,95]",,,,444r5m 48p 45688s 1z,,,,,,,,
20260403163215_0000_707,20260403163215_0000,20260403163215,0000,0,パシフィック,3560,,confirmed_tedashi,1775201643,,,1,8.852,"[16,14,108,15,86,13,90,66,103,102,51,95]",,,,444r5m 48p 45688s 1z,,,,,,,,
20260403163215_0000_708,20260403163215_0000,20260403163215,0000,2,k-mori,674,,estimated_tsumogiri,1775201644,,,0,,"[16,14,108,15,86,13,90,66,103,102,51,95]",,,,444r5m 48p 45688s 1z,,,,,,,,
20260403163215_0000_709,20260403163215_0000,20260403163215,0000,0,パシフィック,59,6p,confirmed_tedashi,1775201644,,,0,,"[16,14,108,15,86,13,90,66,103,102,51,95]",,,,444r5m 48p 45688s 1z,,,,,,,,
20260403163215_0000_710,20260403163215_0000,20260403163215,0000,0,パシフィック,3560,,confirmed_tedashi,1775201644,,,1,178.825,"[16,14,108,15,86,13,90,66,103,102,51,95]",,,,444r5m 48p 45688s 1z,,,,,,,,
20260403163215_0000_711,20260403163215_0000,20260403163215,0000,2,k-mori,674,,estimated_tsumogiri,1775201644,,,0,,"[16,14,108,15,86,13,90,66,103,102,51,95]",,,,444r5m 48p 45688s 1z,,,,,,,,
20260403163215_0000_712,20260403163215_0000,20260403163215,0000,0,パシフィック,6,2m,confirmed_tedashi,1775201644,,,0,,"[16,14,108,15,86,13,90,66,103,102,51,95]",,,,444r5m 48p 45688s 1z,,,,,,,,
20260403163215_0000_713,20260403163215_0000,20260403163215,0000,0,パシフィック,59,6p,confirmed_tedashi,1775201644,,,1,258.474,"[16,14,108,15,86,13,90,66,103,102,51,95]",,,,444r5m 48p 45688s 1z,,,,,,,,
20260403163215_0000_714,20260403163215_0000,20260403163215,0000,2,k-mori,674,,estimated_tsumogiri,1775201644,,,0,,"[16,14,108,15,86,13,90,66,103,102,51,95]",,,,444r5m 48p 45688s 1z,,,,,,,,
20260403163215_0000_715,20260403163215_0000,20260403163215,0000,0,パシフィック,6,2m,confirmed_tedashi,1775201644,,,1,184.27,"[16,14,108,15,86,13,90,66,103,102,51,95]",,,,444r5m 48p 45688s 1z,,,,,,,,
20260403163215_0000_716,20260403163215_0000,20260403163215,0000,2,k-mori,674,,estimated_tsumogiri,1775201644,,,0,,"[16,14,108,15,86,13,90,66,103,102,51,95]",,,,444r5m 48p 45688s 1z,,,,,,,,
20260403163215_0000_717,20260403163215_0000,20260403163215,0000,2,k-mori,674,,estimated_tsumogiri,1775201645,,,0,,"[16,14,108,15,86,13,90,66,103,102,51,95]",,,,444r5m 48p 45688s 1z,,,,,,,,
20260403163215_0000_718,20260403163215_0000,20260403163215,0000,2,k-mori,674,,estimated_tsumogiri,1775201645,,,0,,"[16,14,108,15,86,13,90,66,103,102,51,95]",,,,444r5m 48p 45688s 1z,,,,,,,,
20260403163215_0000_719,20260403163215_0000,20260403163215,0000,2,k-mori,674,,estimated_tsumogiri,1775201645,,,0,,"[16,14,108,15,86,13,90,66,103,102,51,95]",,,,444r5m 48p 45688s 1z,,,,,,,,
20260403163215_0000_720,20260403163215_0000,20260403163215,0000,2,k-mori,674,,estimated_tsumogiri,1775201645,,,0,,"[16,14,108,15,86,13,90,66,103,102,51,95]",,,,444r5m 48p 45688s 1z,,,,,,,,
20260403163215_0000_721,20260403163215_0000,20260403163215,0000,0,パシフィック,33,9m,confirmed_tedashi,1775201645,,,1,254.635,"[16,14,108,15,86,13,90,66,103,102,51,95]",,,,444r5m 48p 45688s 1z,,,,,,,,
20260403163215_0000_722,20260403163215_0000,20260403163215,0000,2,k-mori,674,,estimated_tsumogiri,1775201645,,,0,,"[16,14,108,15,86,13,90,66,103,102,51,95]",,,,444r5m 48p 45688s 1z,,,,,,,,
20260403163215_0000_723,20260403163215_0000,20260403163215,0000,1,エル・シコデリコ,69741,,confirmed_tedashi,1775201645,0.0,,0,,"[16,14,108,15,86,13,90,66,103,102,51,95]",,,,444r5m 48p 45688s 1z,,,,,,,,
20260403163215_0000_724,20260403163215_0000,20260403163215,0000,0,パシフィック,33,9m,confirmed_tedashi,1775201645,,,1,263.191,"[16,14,108,15,86,13,90,66,103,102,51,95]",,,,444r5m 48p 45688s 1z,,,,,,,,
20260403163215_0000_725,20260403163215_0000,20260403163215,0000,2,k-mori,674,,estimated_tsumogiri,1775201646,,,0,,"[16,14,108,15,86,13,90,66,103,102,51,95]",,,,444r5m 48p 45688s 1z,,,,,,,,
20260403163215_0000_726,20260403163215_0000,20260403163215,0000,1,エル・シコデリコ,69741,,confirmed_tedashi,1775201646,0.0,,1,248.303,"[16,14,108,15,86,13,90,66,103,102,51,95]",,,,444r5m 48p 45688s 1z,,,,,,,,
20260403163215_0000_727,20260403163215_0000,20260403163215,0000,2,k-mori,674,,estimated_tsumogiri,1775201646,,,1,201.36,"[16,14,108,15,86,13,90,66,103,102,51,95]",,,,444r5m 48p 45688s 1z,,,,,,,,
20260403163215_0000_728,20260403163215_0000,20260403163215,0000,2,k-mori,674,,estimated_tsumogiri,1775201646,,,1,279.493,"[16,14,108,15,86,13,90,66,103,102,51,95]",,,,444r5m 48p 45688s 1z,,,,,,,,
20260403163215_0000_729,20260403163215_0000,20260403163215,0000,2,k-mori,674,,estimated_tsumogiri,1775201646,,,0,,"[16,14,108,15,86,13,90,66,103,102,51,95]",,,,444r5m 48p 45688s 1z,,,,,,,,
20260403163215_0000_730,20260403163215_0000,20260403163215,0000,1,エル・シコデリコ,340151,,confirmed_tedashi,1775201646,,,0,,"[16,14,108,15,86,13,90,66,103,102,51,95]",,,,444r5m 48p 45688s 1z,,,,,,,,
20260403163215_0000_731,20260403163215_0000,20260403163215,0000,0,パシフィック,729,,estimated_tsumogiri,1775201646,,,1,183.832,"[16,14,108,15,86,13,90,66,103,102,51,95]",,,,444r5m 48p 45688s 1z,,,,,,,,
20260403163215_0000_732,20260403163215_0000,20260403163215,0000,2,k-mori,674,,estimated_tsumogiri,1775201647,,,0,,"[16,14,108,15,86,13,90,66,103,102,51,95]",,,,444r5m 48p 45688s 1z,,,,,,,,
20260403163215_0000_733,20260403163215_0000,20260403163215,0000,1,エル・シコデリコ,82,3s,confirmed_tedashi,1775201647,0.0,,0,,"[16,14,108,15,86,13,90,66,103,102,51,95]",,,,444r5m 48p 45688s 1z,,,,,,,,
20260403163215_0000_734,20260403163215_0000,20260403163215,0000,1,エル・シコデリコ,340151,,confirmed_tedashi,1775201647,,,0,,"[16,14,108,15,86,13,90,66,103,102,51,95]",,,,444r5m 48p 45688s 1z,,,,,,,,
20260403163215_0000_735,20260403163215_0000,20260403163215,0000,0,パシフィック,729,,estimated_tsumogiri,1775201647,,,1,255.182,"[16,14,108,15,86,13,90,66,103,102,51,95]",,,,444r5m 48p 45688s 1z,,,,,,,,
20260403163215_0000_736,20260403163215_0000,20260403163215,0000,3,913149,45,3p,estimated_tsumogiri,1775201647,3432.405,,0,,"[16,14,108,15,86,13,90,66,103,102,51,95]",,,,444r5m 48p 45688s 1z,,,,,,,,
20260403163215_0000_737,20260403163215_0000,20260403163215,0000,2,k-mori,674,,estimated_tsumogiri,1775201647,,,0,,"[16,14,108,15,86,13,90,66,103,102,51,95,122]",,,,444r5m 48p 45688s 14z,,,,,,,,
20260403163215_0000_738,20260403163215_0000,20260403163215,0000,1,エル・シコデリコ,82,3s,confirmed_tedashi,1775201647,0.0,,1,214.171,"[16,14,108,15,86,13,90,66,103,102,51,95,122]",,,,444r5m 48p 45688s 14z,,,,,,,,
20260403163215_0000_739,20260403163215_0000,20260403163215,0000,2,k-mori,674,,estimated_tsumogiri,1775201647,,,0,,"[16,14,108,15,86,13,90,66,103,102,51,95,122]",,,,444r5m 48p 45688s 14z,,,,,,,,
20260403163215_0000_740,20260403163215_0000,20260403163215,0000,2,k-mori,674,,estimated_tsumogiri,1775201647,,,0,,"[16,14,108,15,86,13,90,66,103,102,51,95,122]",,,,444r5m 48p 45688s 14z,,,,,,,,
20260403163215_0000_741,20260403163215_0000,20260403163215,0000,2,k-mori,0,1m,confirmed_tedashi,1775201647,,,1,206.492,"[16,14,108,15,86,13,90,66,103,102,51,95,122]",,,,444r5m 48p 45688s 14z,,,,,,,,
20260403163215_0000_742,20260403163215_0000,20260403163215,0000,2,k-mori,674,,estimated_tsumogiri,1775201648,,,0,,"[16,14,108,15,86,13,90,66,103,102,51,95,122]",,,,444r5m 48p 45688s 14z,,,,,,,,
20260403163215_0000_743,20260403163215_0000,20260403163215,0000,2,k-mori,0,1m,confirmed_tedashi,1775201648,,,1,22.272,"[16,14,108,15,86,13,90,66,103,102,51,95,122]",,,,444r5m 48p 45688s 14z,,,,,,,,
20260403163215_0000_744,20260403163215_0000,20260403163215,0000,0,パシフィック,122,4z,confirmed_tsumogiri,1775201648,686.316,,0,,"[16,14,108,15,86,13,90,66,103,102,51,95]",,,,444r5m 48p 45688s 1z,,,,,,,,
20260403163215_0000_745,20260403163215_0000,20260403163215,0000,2,k-mori,674,,estimated_tsumogiri,1775201648,,,0,,"[16,14,108,15,86,13,90,66,103,102,51,95]",,,,444r5m 48p 45688s 1z,,,,,,,,
20260403163215_0000_746,20260403163215_0000,20260403163215,0000,0,パシフィック,1,1m,confirmed_tedashi,1775201648,,,1,228.535,"[16,14,108,15,86,13,90,66,103,102,51,95]",,,,444r5m 48p 45688s 1z,,,,,,,,
20260403163215_0000_747,20260403163215_0000,20260403163215,0000,2,k-mori,674,,estimated_tsumogiri,1775201648,,,0,,"[16,14,108,15,86,13,90,66,103,102,51,95]",,,,444r5m 48p 45688s 1z,,,,,,,,
20260403163215_0000_748,20260403163215_0000,20260403163215,0000,0,パシフィック,34,9m,confirmed_tedashi,1775201648,,,0,,"[16,14,108,15,86,13,90,66,103,102,51,95]",,,,444r5m 48p 45688s 1z,,,,,,,,
20260403163215_0000_749,20260403163215_0000,20260403163215,0000,0,パシフィック,1,1m,confirmed_tedashi,1775201648,,,1,239.467,"[16,14,108,15,86,13,90,66,103,102,51,95]",,,,444r5m 48p 45688s 1z,,,,,,,,
20260403163215_0000_750,20260403163215_0000,20260403163215,0000,2,k-mori,674,,estimated_tsumogiri,1775201648,,,0,,"[16,14,108,15,86,13,90,66,103,102,51,95]",,,,444r5m 48p 45688s 1z,,,,,,,,
20260403163215_0000_751,20260403163215_0000,20260403163215,0000,1,エル・シコデリコ,714,,estimated_tsumogiri,1775201648,0.0,,0,,"[16,14,108,15,86,13,90,66,103,102,51,95]",,,,444r5m 48p 45688s 1z,,,,,,,,
20260403163215_0000_752,20260403163215_0000,20260403163215,0000,0,パシフィック,34,9m,confirmed_tedashi,1775201648,,,1,184.038,"[16,14,108,15,86,13,90,66,103,102,51,95]",,,,444r5m 48p 45688s 1z,,,,,,,,
20260403163215_0000_753,20260403163215_0000,20260403163215,0000,2,k-mori,674,,estimated_tsumogiri,1775201648,,,0,,"[16,14,108,15,86,13,90,66,103,102,51,95]",,,,444r5m 48p 45688s 1z,,,,,,,,
20260403163215_0000_754,20260403163215_0000,20260403163215,0000,0,パシフィック,34,9m,confirmed_tedashi,1775201648,,,0,,"[16,14,108,15,86,13,90,66,103,102,51,95]",,,,444r5m 48p 45688s 1z,,,,,,,,
20260403163215_0000_755,20260403163215_0000,20260403163215,0000,1,エル・シコデリコ,714,,estimated_tsumogiri,1775201648,0.0,,1,245.97,"[16,14,108,15,86,13,90,66,103,102,51,95]",,,,444r5m 48p 45688s 1z,,,,,,,,
20260403163215_0000_756,20260403163215_0000,20260403163215,0000,2,k-mori,674,,estimated_tsumogiri,1775201649,,,0,,"[16,14,108,15,86,13,90,66,103,102,51,95]",,,,444r5m 48p 45688s 1z,,,,,,,,
20260403163215_0000_757,20260403163215_0000,20260403163215,0000,0,パシフィック,34,9m,confirmed_tedashi,1775201649,,,1,210.451,"[16,14,108,15,86,13,90,66,103,102,51,95]",,,,444r5m 48p 45688s 1z,,,,,,,,
20260403163215_0000_758,20260403163215_0000,20260403163215,0000,2,k-mori,674,,estimated_tsumogiri,1775201649,,,0,,"[16,14,108,15,86,13,90,66,103,102,51,95]",,,,444r5m 48p 45688s 1z,,,,,,,,
20260403163215_0000_759,20260403163215_0000,20260403163215,0000,2,k-mori,674,,estimated_tsumogiri,1775201649,,,0,,"[16,14,108,15,86,13,90,66,103,102,51,95]",,,,444r5m 48p 45688s 1z,,,,,,,,
20260403163215_0000_760,20260403163215_0000,20260403163215,0000,2,k-mori,674,,estimated_tsumogiri,1775201649,,,0,,"[16,14,108,15,86,13,90,66,103,102,51,95]",,,,444r5m 48p 45688s 1z,,,,,,,,
20260403163215_0000_761,20260403163215_0000,20260403163215,0000,0,パシフィック,5,2m,confirmed_tedashi,1775201649,,,1,249.197,"[16,14,108,15,86,13,90,66,103,102,51,95]",,,,444r5m 48p 45688s 1z,,,,,,,,
20260403163215_0000_762,20260403163215_0000,20260403163215,0000,2,k-mori,674,,estimated_tsumogiri,1775201650,,,0,,"[16,14,108,15,86,13,90,66,103,102,51,95]",,,,444r5m 48p 45688s 1z,,,,,,,,
20260403163215_0000_763,20260403163215_0000,20260403163215,0000,0,パシフィック,5,2m,confirmed_tedashi,1775201650,,,1,187.621,"[16,14,108,15,86,13,90,66,103,102,51,95]",,,,444r5m 48p 45688s 1z,,,,,,,,
20260403163215_0000_764,20260403163215_0000,20260403163215,0000,2,k-mori,674,,estimated_tsumogiri,1775201650,,,0,,"[16,14,108,15,86,13,90,66,103,102,51,95]",,,,444r5m 48p 45688s 1z,,,,,,,,
20260403163215_0000_765,20260403163215_0000,20260403163215,0000,2,k-mori,674,,estimated_tsumogiri,1775201650,,,0,,"[16,14,108,15,86,13,90,66,103,102,51,95]",,,,444r5m 48p 45688s 1z,,,,,,,,
20260403163215_0000_766,20260403163215_0000,20260403163215,0000,2,k-mori,674,,estimated_tsumogiri,1775201650,,,0,,"[16,14,108,15,86,13,90,66,103,102,51,95]",,,,444r5m 48p 45688s 1z,,,,,,,,
20260403163215_0000_767,20260403163215_0000,20260403163215,0000,2,k-mori,674,,estimated_tsumogiri,1775201650,,,0,,"[16,14,108,15,86,13,90,66,103,102,51,95]",,,,444r5m 48p 45688s 1z,,,,,,,,
20260403163215_0000_768,20260403163215_0000,20260403163215,0000,2,k-mori,674,,estimated_tsumogiri,1775201651,,,0,,"[16,14,108,15,86,13,90,66,103,102,51,95]",,,,444r5m 48p 45688s 1z,,,,,,,,
20260403163215_0000_769,20260403163215_0000,20260403163215,0000,1,エル・シコデリコ,4,2m,confirmed_tedashi,1775201651,0.0,,0,,"[16,14,108,15,86,13,90,66,103,102,51,95]",,,,444r5m 48p 45688s 1z,,,,,,,,
20260403163215_0000_770,20260403163215_0000,20260403163215,0000,1,エル・シコデリコ,8,3m,confirmed_tedashi,1775201651,,,0,,"[16,14,108,15,86,13,90,66,103,102,51,95]",,,,444r5m 48p 45688s 1z,,,,,,,,
20260403163215_0000_771,20260403163215_0000,20260403163215,0000,2,k-mori,8,3m,confirmed_tedashi,1775201651,,,1,294.179,"[16,14,108,15,86,13,90,66,103,102,51,95]",,,,444r5m 48p 45688s 1z,,,,,,,,
20260403163215_0000_772,20260403163215_0000,20260403163215,0000,2,k-mori,674,,estimated_tsumogiri,1775201651,,,0,,"[16,14,108,15,86,13,90,66,103,102,51,95]",,,,444r5m 48p 45688s 1z,,,,,,,,
20260403163215_0000_773,20260403163215_0000,20260403163215,0000,1,エル・シコデリコ,4,2m,confirmed_tedashi,1775201651,0.0,,0,,"[16,14,108,15,86,13,90,66,103,102,51,95]",,,,444r5m 48p 45688s 1z,,,,,,,,
20260403163215_0000_774,20260403163215_0000,20260403163215,0000,1,エル・シコデリコ,8,3m,confirmed_tedashi,1775201651,,,0,,"[16,14,108,15,86,13,90,66,103,102,51,95]",,,,444r5m 48p 45688s 1z,,,,,,,,
20260403163215_0000_775,20260403163215_0000,20260403163215,0000,2,k-mori,8,3m,confirmed_tedashi,1775201651,,,1,162.799,"[16,14,108,15,86,13,90,66,103,102,51,95]",,,,444r5m 48p 45688s 1z,,,,,,,,
20260403163215_0000_776,20260403163215_0000,20260403163215,0000,2,k-mori,674,,estimated_tsumogiri,1775201651,,,0,,"[16,14,108,15,86,13,90,66,103,102,51,95]",,,,444r5m 48p 45688s 1z,,,,,,,,
20260403163215_0000_777,20260403163215_0000,20260403163215,0000,1,エル・シコデリコ,36,1p,confirmed_tedashi,1775201651,,,1,283.137,"[16,14,108,15,86,13,90,66,103,102,51,95]",,,,444r5m 48p 45688s 1z,,,,,,,,
20260403163215_0000_778,20260403163215_0000,20260403163215,0000,2,k-mori,674,,estimated_tsumogiri,1775201651,,,0,,"[16,14,108,15,86,13,90,66,103,102,51,95]",,,,444r5m 48p 45688s 1z,,,,,,,,
20260403163215_0000_779,20260403163215_0000,20260403163215,0000,1,エル・シコデリコ,36,1p,confirmed_tedashi,1775201651,0.0,,1,192.519,"[16,14,108,15,86,13,90,66,103,102,51,95]",,,,444r5m 48p 45688s 1z,,,,,,,,
20260403163215_0000_780,20260403163215_0000,20260403163215,0000,2,k-mori,674,,estimated_tsumogiri,1775201652,,,0,,"[16,14,108,15,86,13,90,66,103,102,51,95]",,,,444r5m 48p 45688s 1z,,,,,,,,
20260403163215_0000_781,20260403163215_0000,20260403163215,0000,2,k-mori,674,,estimated_tsumogiri,1775201652,,,1,186.402,"[16,14,108,15,86,13,90,66,103,102,51,95]",,,,444r5m 48p 45688s 1z,,,,,,,,
20260403163215_0000_782,20260403163215_0000,20260403163215,0000,2,k-mori,674,,estimated_tsumogiri,1775201652,,,0,,"[16,14,108,15,86,13,90,66,103,102,51,95]",,,,444r5m 48p 45688s 1z,,,,,,,,
20260403163215_0000_783,20260403163215_0000,20260403163215,0000,2,k-mori,80,3s,confirmed_tedashi,1775201652,,,1,231.993,"[16,14,108,15,86,13,90,66,103,102,51,95]",,,,444r5m 48p 45688s 1z,,,,,,,,
20260403163215_0000_784,20260403163215_0000,20260403163215,0000,2,k-mori,674,,estimated_tsumogiri,1775201652,,,0,,"[16,14,108,15,86,13,90,66,103,102,51,95]",,,,444r5m 48p 45688s 1z,,,,,,,,
20260403163215_0000_785,20260403163215_0000,20260403163215,0000,2,k-mori,80,3s,confirmed_tedashi,1775201652,,,1,100.582,"[16,14,108,15,86,13,90,66,103,102,51,95]",,,,444r5m 48p 45688s 1z,,,,,,,,
20260403163215_0000_786,20260403163215_0000,20260403163215,0000,1,エル・シコデリコ,37,1p,confirmed_tedashi,1775201652,332.575,,0,,"[16,14,108,15,86,13,90,66,103,102,51,95]",,,,444r5m 48p 45688s 1z,,,,,,,,
20260403163215_0000_787,20260403163215_0000,20260403163215,0000,2,k-mori,674,,estimated_tsumogiri,1775201652,109.082,,0,,"[16,14,108,15,86,13,90,66,103,102,51,95]",,,,444r5m 48p 45688s 1z,,,,,,,,
20260403163215_0000_788,20260403163215_0000,20260403163215,0000,2,k-mori,674,,estimated_tsumogiri,1775201653,,,0,,"[16,14,108,15,86,13,90,66,103,102,51,95]",,,,444r5m 48p 45688s 1z,,,,,,,,
20260403163215_0000_789,20260403163215_0000,20260403163215,0000,2,k-mori,674,,estimated_tsumogiri,1775201653,,,0,,"[16,14,108,15,86,13,90,66,103,102,51,95]",,,,444r5m 48p 45688s 1z,,,,,,,,
20260403163215_0000_790,20260403163215_0000,20260403163215,0000,2,k-mori,674,,estimated_tsumogiri,1775201653,,,0,,"[16,14,108,15,86,13,90,66,103,102,51,95]",,,,444r5m 48p 45688s 1z,,,,,,,,
20260403163215_0000_791,20260403163215_0000,20260403163215,0000,2,k-mori,674,,estimated_tsumogiri,1775201653,,,0,,"[16,14,108,15,86,13,90,66,103,102,51,95]",,,,444r5m 48p 45688s 1z,,,,,,,,
20260403163215_0000_792,20260403163215_0000,20260403163215,0000,2,k-mori,674,,estimated_tsumogiri,1775201654,,,0,,"[16,14,108,15,86,13,90,66,103,102,51,95]",,,,444r5m 48p 45688s 1z,,,,,,,,
20260403163215_0000_793,20260403163215_0000,20260403163215,0000,2,k-mori,674,,estimated_tsumogiri,1775201654,,,0,,"[16,14,108,15,86,13,90,66,103,102,51,95]",,,,444r5m 48p 45688s 1z,,,,,,,,
20260403163215_0000_794,20260403163215_0000,20260403163215,0000,2,k-mori,73,1s,confirmed_tedashi,1775201654,,,1,281.833,"[16,14,108,15,86,13,90,66,103,102,51,95]",,,,444r5m 48p 45688s 1z,,,,,,,,
20260403163215_0000_795,20260403163215_0000,20260403163215,0000,2,k-mori,674,,estimated_tsumogiri,1775201654,,,0,,"[16,14,108,15,86,13,90,66,103,102,51,95]",,,,444r5m 48p 45688s 1z,,,,,,,,
20260403163215_0000_796,20260403163215_0000,20260403163215,0000,2,k-mori,73,1s,confirmed_tedashi,1775201654,,,1,78.065,"[16,14,108,15,86,13,90,66,103,102,51,95]",,,,444r5m 48p 45688s 1z,,,,,,,,
20260403163215_0000_797,20260403163215_0000,20260403163215,0000,2,k-mori,70,9p,estimated_tsumogiri,1775201654,,,0,,"[16,14,108,15,86,13,90,66,103,102,51,95]",,,,444r5m 48p 45688s 1z,,,,,,,,
20260403163215_0000_798,20260403163215_0000,20260403163215,0000,2,k-mori,674,,estimated_tsumogiri,1775201654,,,0,,"[16,14,108,15,86,13,90,66,103,102,51,95]",,,,444r5m 48p 45688s 1z,,,,,,,,
20260403163215_0000_799,20260403163215_0000,20260403163215,0000,1,エル・シコデリコ,0,1m,confirmed_tedashi,1775201654,0.0,,1,260.558,"[16,14,108,15,86,13,90,66,103,102,51,95]",,,,444r5m 48p 45688s 1z,,,,,,,,
20260403163215_0000_800,20260403163215_0000,20260403163215,0000,2,k-mori,674,,estimated_tsumogiri,1775201654,,,0,,"[16,14,108,15,86,13,90,66,103,102,51,95]",,,,444r5m 48p 45688s 1z,,,,,,,,
20260403163215_0000_801,20260403163215_0000,20260403163215,0000,1,エル・シコデリコ,0,1m,confirmed_tedashi,1775201654,0.0,,1,181.12,"[16,14,108,15,86,13,90,66,103,102,51,95]",,,,444r5m 48p 45688s 1z,,,,,,,,
20260403163215_0000_802,20260403163215_0000,20260403163215,0000,2,k-mori,674,,estimated_tsumogiri,1775201655,,,1,242.571,"[16,14,108,15,86,13,90,66,103,102,51,95]",,,,444r5m 48p 45688s 1z,,,,,,,,
20260403163215_0000_803,20260403163215_0000,20260403163215,0000,2,k-mori,674,,estimated_tsumogiri,1775201655,,,0,,"[16,14,108,15,86,13,90,66,103,102,51,95]",,,,444r5m 48p 45688s 1z,,,,,,,,
20260403163215_0000_804,20260403163215_0000,20260403163215,0000,2,k-mori,674,,estimated_tsumogiri,1775201655,,,0,,"[16,14,108,15,86,13,90,66,103,102,51,95]",,,,444r5m 48p 45688s 1z,,,,,,,,
20260403163215_0000_805,20260403163215_0000,20260403163215,0000,2,k-mori,115,2z,estimated_tsumogiri,1775201655,,,1,248.541,"[16,14,108,15,86,13,90,66,103,102,51,95]",,,,444r5m 48p 45688s 1z,,,,,,,,
20260403163215_0000_806,20260403163215_0000,20260403163215,0000,2,k-mori,674,,estimated_tsumogiri,1775201655,,,0,,"[16,14,108,15,86,13,90,66,103,102,51,95]",,,,444r5m 48p 45688s 1z,,,,,,,,
20260403163215_0000_807,20260403163215_0000,20260403163215,0000,2,k-mori,115,2z,estimated_tsumogiri,1775201655,,,1,193.317,"[16,14,108,15,86,13,90,66,103,102,51,95]",,,,444r5m 48p 45688s 1z,,,,,,,,
20260403163215_0000_808,20260403163215_0000,20260403163215,0000,2,k-mori,674,,estimated_tsumogiri,1775201656,,,0,,"[16,14,108,15,86,13,90,66,103,102,51,95]",,,,444r5m 48p 45688s 1z,,,,,,,,
20260403163215_0000_809,20260403163215_0000,20260403163215,0000,2,k-mori,674,,estimated_tsumogiri,1775201656,,,0,,"[16,14,108,15,86,13,90,66,103,102,51,95]",,,,444r5m 48p 45688s 1z,,,,,,,,
20260403163215_0000_810,20260403163215_0000,20260403163215,0000,0,パシフィック,40,2p,confirmed_tedashi,1775201656,,,1,217.959,"[16,14,108,15,86,13,90,66,103,102,51,95]",,,,444r5m 48p 45688s 1z,,,,,,,,
20260403163215_0000_811,20260403163215_0000,20260403163215,0000,2,k-mori,674,,estimated_tsumogiri,1775201656,,,0,,"[16,14,108,15,86,13,90,66,103,102,51,95]",,,,444r5m 48p 45688s 1z,,,,,,,,
20260403163215_0000_812,20260403163215_0000,20260403163215,0000,0,パシフィック,83,3s,estimated_tsumogiri,1775201656,,,0,,"[16,14,108,15,86,13,90,66,103,102,51,95]",,,,444r5m 48p 45688s 1z,,,,,,,,
20260403163215_0000_813,20260403163215_0000,20260403163215,0000,0,パシフィック,40,2p,confirmed_tedashi,1775201656,,,1,251.487,"[16,14,108,15,86,13,90,66,103,102,51,95]",,,,444r5m 48p 45688s 1z,,,,,,,,
20260403163215_0000_814,20260403163215_0000,20260403163215,0000,2,k-mori,674,,estimated_tsumogiri,1775201656,,,0,,"[16,14,108,15,86,13,90,66,103,102,51,95]",,,,444r5m 48p 45688s 1z,,,,,,,,
20260403163215_0000_815,20260403163215_0000,20260403163215,0000,0,パシフィック,83,3s,estimated_tsumogiri,1775201656,,,1,190.445,"[16,14,108,15,86,13,90,66,103,102,51,95]",,,,444r5m 48p 45688s 1z,,,,,,,,
20260403163215_0000_816,20260403163215_0000,20260403163215,0000,2,k-mori,674,,estimated_tsumogiri,1775201656,,,0,,"[16,14,108,15,86,13,90,66,103,102,51,95]",,,,444r5m 48p 45688s 1z,,,,,,,,
20260403163215_0000_817,20260403163215_0000,20260403163215,0000,2,k-mori,674,,estimated_tsumogiri,1775201657,,,0,,"[16,14,108,15,86,13,90,66,103,102,51,95]",,,,444r5m 48p 45688s 1z,,,,,,,,
20260403163215_0000_818,20260403163215_0000,20260403163215,0000,2,k-mori,674,,estimated_tsumogiri,1775201657,,,0,,"[16,14,108,15,86,13,90,66,103,102,51,95]",,,,444r5m 48p 45688s 1z,,,,,,,,
20260403163215_0000_819,20260403163215_0000,20260403163215,0000,2,k-mori,45,3p,confirmed_tedashi,1775201657,,,1,260.758,"[16,14,108,15,86,13,90,66,103,102,51,95]",,,,444r5m 48p 45688s 1z,,,,,,,,
20260403163215_0000_820,20260403163215_0000,20260403163215,0000,2,k-mori,674,,estimated_tsumogiri,1775201657,,,0,,"[16,14,108,15,86,13,90,66,103,102,51,95]",,,,444r5m 48p 45688s 1z,,,,,,,,
20260403163215_0000_821,20260403163215_0000,20260403163215,0000,2,k-mori,68,9p,confirmed_tedashi,1775201657,,,0,,"[16,14,108,15,86,13,90,66,103,102,51,95]",,,,444r5m 48p 45688s 1z,,,,,,,,
20260403163215_0000_822,20260403163215_0000,20260403163215,0000,2,k-mori,45,3p,confirmed_tedashi,1775201657,,,1,193.763,"[16,14,108,15,86,13,90,66,103,102,51,95]",,,,444r5m 48p 45688s 1z,,,,,,,,
20260403163215_0000_823,20260403163215_0000,20260403163215,0000,2,k-mori,674,,estimated_tsumogiri,1775201657,,,0,,"[16,14,108,15,86,13,90,66,103,102,51,95]",,,,444r5m 48p 45688s 1z,,,,,,,,
20260403163215_0000_824,20260403163215_0000,20260403163215,0000,0,パシフィック,9,3m,confirmed_tedashi,1775201657,,,0,,"[16,14,108,15,86,13,90,66,103,102,51,95]",,,,444r5m 48p 45688s 1z,,,,,,,,
20260403163215_0000_825,20260403163215_0000,20260403163215,0000,2,k-mori,68,9p,confirmed_tedashi,1775201657,,,1,246.487,"[16,14,108,15,86,13,90,66,103,102,51,95]",,,,444r5m 48p 45688s 1z,,,,,,,,
20260403163215_0000_826,20260403163215_0000,20260403163215,0000,2,k-mori,674,,estimated_tsumogiri,1775201658,,,0,,"[16,14,108,15,86,13,90,66,103,102,51,95]",,,,444r5m 48p 45688s 1z,,,,,,,,
20260403163215_0000_827,20260403163215_0000,20260403163215,0000,0,パシフィック,9,3m,confirmed_tedashi,1775201658,,,0,,"[16,14,108,15,86,13,90,66,103,102,51,95]",,,,444r5m 48p 45688s 1z,,,,,,,,
20260403163215_0000_828,20260403163215_0000,20260403163215,0000,0,パシフィック,9,3m,confirmed_tedashi,1775201658,,,1,175.377,"[16,14,108,15,86,13,90,66,103,102,51,95]",,,,444r5m 48p 45688s 1z,,,,,,,,
20260403163215_0000_829,20260403163215_0000,20260403163215,0000,2,k-mori,674,,estimated_tsumogiri,1775201658,,,0,,"[16,14,108,15,86,13,90,66,103,102,51,95]",,,,444r5m 48p 45688s 1z,,,,,,,,
20260403163215_0000_830,20260403163215_0000,20260403163215,0000,2,k-mori,42,2p,confirmed_tedashi,1775201658,,,0,,"[16,14,108,15,86,13,90,66,103,102,51,95]",,,,444r5m 48p 45688s 1z,,,,,,,,
20260403163215_0000_831,20260403163215_0000,20260403163215,0000,0,パシフィック,9,3m,confirmed_tedashi,1775201658,,,1,247.535,"[16,14,108,15,86,13,90,66,103,102,51,95]",,,,444r5m 48p 45688s 1z,,,,,,,,
20260403163215_0000_832,20260403163215_0000,20260403163215,0000,2,k-mori,674,,estimated_tsumogiri,1775201658,,,0,,"[16,14,108,15,86,13,90,66,103,102,51,95]",,,,444r5m 48p 45688s 1z,,,,,,,,
20260403163215_0000_833,20260403163215_0000,20260403163215,0000,1,エル・シコデリコ,79,2s,confirmed_tedashi,1775201658,0.0,,0,,"[16,14,108,15,86,13,90,66,103,102,51,95]",,,,444r5m 48p 45688s 1z,,,,,,,,
20260403163215_0000_834,20260403163215_0000,20260403163215,0000,2,k-mori,42,2p,confirmed_tedashi,1775201658,,,1,101.897,"[16,14,108,15,86,13,90,66,103,102,51,95]",,,,444r5m 48p 45688s 1z,,,,,,,,
20260403163215_0000_835,20260403163215_0000,20260403163215,0000,3,913149,41,2p,confirmed_tedashi,1775201658,4008.595,,0,,"[16,14,108,15,86,13,90,66,103,102,51,95]",,,,444r5m 48p 45688s 1z,,,,,,,,
20260403163215_0000_836,20260403163215_0000,20260403163215,0000,2,k-mori,674,,estimated_tsumogiri,1775201658,,,0,,"[16,14,108,15,86,13,90,66,103,102,51,95,46]",,,,444r5m 348p 45688s 1z,,,,,,,,
20260403163215_0000_837,20260403163215_0000,20260403163215,0000,1,エル・シコデリコ,598444,,confirmed_tedashi,1775201658,0.0,,0,,"[16,14,108,15,86,13,90,66,103,102,51,95,46]",,,,444r5m 348p 45688s 1z,,,,,,,,
20260403163215_0000_838,20260403163215_0000,20260403163215,0000,1,エル・シコデリコ,87,4s,confirmed_tedashi,1775201658,,,0,,"[16,14,108,15,86,13,90,66,103,102,51,95,46]",,,,444r5m 348p 45688s 1z,,,,,,,,
20260403163215_0000_839,20260403163215_0000,20260403163215,0000,1,エル・シコデリコ,79,2s,confirmed_tedashi,1775201658,,,1,249.873,"[16,14,108,15,86,13,90,66,103,102,51,95,46]",,,,444r5m 348p 45688s 1z,,,,,,,,
20260403163215_0000_840,20260403163215_0000,20260403163215,0000,2,k-mori,674,,estimated_tsumogiri,1775201658,,,0,,"[16,14,108,15,86,13,90,66,103,102,51,95,46]",,,,444r5m 348p 45688s 1z,,,,,,,,
20260403163215_0000_841,20260403163215_0000,20260403163215,0000,2,k-mori,267,,estimated_tsumogiri,1775201658,,,0,,"[16,14,108,15,86,13,90,66,103,102,51,95,46]",,,,444r5m 348p 45688s 1z,,,,,,,,
20260403163215_0000_842,20260403163215_0000,20260403163215,0000,1,エル・シコデリコ,598444,,confirmed_tedashi,1775201658,0.0,,0,,"[16,14,108,15,86,13,90,66,103,102,51,95,46]",,,,444r5m 348p 45688s 1z,,,,,,,,
20260403163215_0000_843,20260403163215_0000,20260403163215,0000,1,エル・シコデリコ,87,4s,confirmed_tedashi,1775201658,,,1,204.769,"[16,14,108,15,86,13,90,66,103,102,51,95,46]",,,,444r5m 348p 45688s 1z,,,,,,,,
20260403163215_0000_844,20260403163215_0000,20260403163215,0000,2,k-mori,674,,estimated_tsumogiri,1775201659,,,0,,"[16,14,108,15,86,13,90,66,103,102,51,95,46]",,,,444r5m 348p 45688s 1z,,,,,,,,
20260403163215_0000_845,20260403163215_0000,20260403163215,0000,2,k-mori,267,,estimated_tsumogiri,1775201659,,,1,146.739,"[16,14,108,15,86,13,90,66,103,102,51,95,46]",,,,444r5m 348p 45688s 1z,,,,,,,,
20260403163215_0000_846,20260403163215_0000,20260403163215,0000,0,パシフィック,46,3p,confirmed_tsumogiri,1775201659,686.593,,0,,"[16,14,108,15,86,13,90,66,103,102,51,95]",,,,444r5m 48p 45688s 1z,,,,,,,,
20260403163215_0000_847,20260403163215_0000,20260403163215,0000,2,k-mori,674,,estimated_tsumogiri,1775201659,,,0,,"[16,14,108,15,86,13,90,66,103,102,51,95]",,,,444r5m 48p 45688s 1z,,,,,,,,
20260403163215_0000_848,20260403163215_0000,20260403163215,0000,2,k-mori,674,,estimated_tsumogiri,1775201659,,,0,,"[16,14,108,15,86,13,90,66,103,102,51,95]",,,,444r5m 48p 45688s 1z,,,,,,,,
20260403163215_0000_849,20260403163215_0000,20260403163215,0000,0,パシフィック,7,2m,confirmed_tedashi,1775201659,,,1,254.836,"[16,14,108,15,86,13,90,66,103,102,51,95]",,,,444r5m 48p 45688s 1z,,,,,,,,
20260403163215_0000_850,20260403163215_0000,20260403163215,0000,2,k-mori,674,,estimated_tsumogiri,1775201659,,,0,,"[16,14,108,15,86,13,90,66,103,102,51,95]",,,,444r5m 48p 45688s 1z,,,,,,,,
20260403163215_0000_851,20260403163215_0000,20260403163215,0000,1,エル・シコデリコ,0,1m,confirmed_tedashi,1775201659,0.0,,0,,"[16,14,108,15,86,13,90,66,103,102,51,95]",,,,444r5m 48p 45688s 1z,,,,,,,,
20260403163215_0000_852,20260403163215_0000,20260403163215,0000,0,パシフィック,7,2m,confirmed_tedashi,1775201659,,,1,189.579,"[16,14,108,15,86,13,90,66,103,102,51,95]",,,,444r5m 48p 45688s 1z,,,,,,,,
20260403163215_0000_853,20260403163215_0000,20260403163215,0000,2,k-mori,674,,estimated_tsumogiri,1775201660,,,0,,"[16,14,108,15,86,13,90,66,103,102,51,95]",,,,444r5m 48p 45688s 1z,,,,,,,,
20260403163215_0000_854,20260403163215_0000,20260403163215,0000,0,パシフィック,7,2m,confirmed_tedashi,1775201660,,,0,,"[16,14,108,15,86,13,90,66,103,102,51,95]",,,,444r5m 48p 45688s 1z,,,,,,,,
20260403163215_0000_855,20260403163215_0000,20260403163215,0000,1,エル・シコデリコ,0,1m,confirmed_tedashi,1775201660,0.0,,1,259.176,"[16,14,108,15,86,13,90,66,103,102,51,95]",,,,444r5m 48p 45688s 1z,,,,,,,,
20260403163215_0000_856,20260403163215_0000,20260403163215,0000,2,k-mori,674,,estimated_tsumogiri,1775201660,,,0,,"[16,14,108,15,86,13,90,66,103,102,51,95]",,,,444r5m 48p 45688s 1z,,,,,,,,
20260403163215_0000_857,20260403163215_0000,20260403163215,0000,1,エル・シコデリコ,71,9p,confirmed_tedashi,1775201660,0.0,,0,,"[16,14,108,15,86,13,90,66,103,102,51,95]",,,,444r5m 48p 45688s 1z,,,,,,,,
20260403163215_0000_858,20260403163215_0000,20260403163215,0000,0,パシフィック,7,2m,confirmed_tedashi,1775201660,,,1,212.692,"[16,14,108,15,86,13,90,66,103,102,51,95]",,,,444r5m 48p 45688s 1z,,,,,,,,
20260403163215_0000_859,20260403163215_0000,20260403163215,0000,2,k-mori,674,,estimated_tsumogiri,1775201660,,,0,,"[16,14,108,15,86,13,90,66,103,102,51,95]",,,,444r5m 48p 45688s 1z,,,,,,,,
20260403163215_0000_860,20260403163215_0000,20260403163215,0000,0,パシフィック,9,3m,confirmed_tedashi,1775201660,,,0,,"[16,14,108,15,86,13,90,66,103,102,51,95]",,,,444r5m 48p 45688s 1z,,,,,,,,
20260403163215_0000_861,20260403163215_0000,20260403163215,0000,1,エル・シコデリコ,71,9p,confirmed_tedashi,1775201660,0.0,,1,265.506,"[16,14,108,15,86,13,90,66,103,102,51,95]",,,,444r5m 48p 45688s 1z,,,,,,,,
20260403163215_0000_862,20260403163215_0000,20260403163215,0000,2,k-mori,674,,estimated_tsumogiri,1775201660,,,0,,"[16,14,108,15,86,13,90,66,103,102,51,95]",,,,444r5m 48p 45688s 1z,,,,,,,,
20260403163215_0000_863,20260403163215_0000,20260403163215,0000,2,k-mori,5,2m,confirmed_tedashi,1775201660,,,0,,"[16,14,108,15,86,13,90,66,103,102,51,95]",,,,444r5m 48p 45688s 1z,,,,,,,,
20260403163215_0000_864,20260403163215_0000,20260403163215,0000,0,パシフィック,9,3m,confirmed_tedashi,1775201660,,,1,201.346,"[16,14,108,15,86,13,90,66,103,102,51,95]",,,,444r5m 48p 45688s 1z,,,,,,,,
20260403163215_0000_865,20260403163215_0000,20260403163215,0000,2,k-mori,674,,estimated_tsumogiri,1775201660,,,0,,"[16,14,108,15,86,13,90,66,103,102,51,95]",,,,444r5m 48p 45688s 1z,,,,,,,,
20260403163215_0000_866,20260403163215_0000,20260403163215,0000,2,k-mori,5,2m,confirmed_tedashi,1775201660,,,1,246.617,"[16,14,108,15,86,13,90,66,103,102,51,95]",,,,444r5m 48p 45688s 1z,,,,,,,,
20260403163215_0000_867,20260403163215_0000,20260403163215,0000,2,k-mori,674,,estimated_tsumogiri,1775201661,,,0,,"[16,14,108,15,86,13,90,66,103,102,51,95]",,,,444r5m 48p 45688s 1z,,,,,,,,
20260403163215_0000_868,20260403163215_0000,20260403163215,0000,0,パシフィック,3,1m,confirmed_tedashi,1775201661,,,1,195.072,"[16,14,108,15,86,13,90,66,103,102,51,95]",,,,444r5m 48p 45688s 1z,,,,,,,,
20260403163215_0000_869,20260403163215_0000,20260403163215,0000,2,k-mori,674,,estimated_tsumogiri,1775201661,,,0,,"[16,14,108,15,86,13,90,66,103,102,51,95]",,,,444r5m 48p 45688s 1z,,,,,,,,
20260403163215_0000_870,20260403163215_0000,20260403163215,0000,0,パシフィック,3,1m,confirmed_tedashi,1775201661,,,1,269.605,"[16,14,108,15,86,13,90,66,103,102,51,95]",,,,444r5m 48p 45688s 1z,,,,,,,,
20260403163215_0000_871,20260403163215_0000,20260403163215,0000,2,k-mori,674,,estimated_tsumogiri,1775201661,,,0,,"[16,14,108,15,86,13,90,66,103,102,51,95]",,,,444r5m 48p 45688s 1z,,,,,,,,
20260403163215_0000_872,20260403163215_0000,20260403163215,0000,2,k-mori,674,,estimated_tsumogiri,1775201661,,,0,,"[16,14,108,15,86,13,90,66,103,102,51,95]",,,,444r5m 48p 45688s 1z,,,,,,,,
20260403163215_0000_873,20260403163215_0000,20260403163215,0000,2,k-mori,864,,estimated_tsumogiri,1775201661,,,1,601.528,"[16,14,108,15,86,13,90,66,103,102,51,95]",,,,444r5m 48p 45688s 1z,,,,,,,,
20260403163215_0000_874,20260403163215_0000,20260403163215,0000,2,k-mori,674,,estimated_tsumogiri,1775201662,,,0,,"[16,14,108,15,86,13,90,66,103,102,51,95]",,,,444r5m 48p 45688s 1z,,,,,,,,
20260403163215_0000_875,20260403163215_0000,20260403163215,0000,0,パシフィック,6,2m,estimated_tsumogiri,1775201662,,,0,,"[16,14,108,15,86,13,90,66,103,102,51,95]",,,,444r5m 48p 45688s 1z,,,,,,,,
20260403163215_0000_876,20260403163215_0000,20260403163215,0000,1,エル・シコデリコ,6,2m,estimated_tsumogiri,1775201662,0.0,,0,,"[16,14,108,15,86,13,90,66,103,102,51,95]",,,,444r5m 48p 45688s 1z,,,,,,,,
20260403163215_0000_877,20260403163215_0000,20260403163215,0000,0,パシフィック,6,2m,estimated_tsumogiri,1775201662,,,0,,"[16,14,108,15,86,13,90,66,103,102,51,95]",,,,444r5m 48p 45688s 1z,,,,,,,,
20260403163215_0000_878,20260403163215_0000,20260403163215,0000,1,エル・シコデリコ,0,1m,estimated_tsumogiri,1775201662,0.0,,0,,"[16,14,108,15,86,13,90,66,103,102,51,95]",,,,444r5m 48p 45688s 1z,,,,,,,,
20260403163215_0000_879,20260403163215_0000,20260403163215,0000,2,k-mori,864,,estimated_tsumogiri,1775201662,0.0,,1,1108.238,"[16,14,108,15,86,13,90,66,103,102,51,95]",,,,444r5m 48p 45688s 1z,,,,,,,,
20260403163215_0000_880,20260403163215_0000,20260403163215,0000,1,エル・シコデリコ,125,5z,confirmed_tedashi,1775201663,1108.238,,0,,"[16,14,108,15,86,13,90,66,103,102,51,95]",,,,444r5m 48p 45688s 1z,,,,,,,,
20260403163215_0000_881,20260403163215_0000,20260403163215,0000,2,k-mori,674,,estimated_tsumogiri,1775201665,1621.68,,0,,"[16,14,108,15,86,13,90,66,103,102,51,95]",,,,444r5m 48p 45688s 1z,,,,,,,,
20260403163215_0000_882,20260403163215_0000,20260403163215,0000,2,k-mori,649,,estimated_tsumogiri,1775201665,,,0,,"[16,14,108,15,86,13,90,66,103,102,51,95]",,,,444r5m 48p 45688s 1z,,,,,,,,
20260403163215_0000_883,20260403163215_0000,20260403163215,0000,2,k-mori,674,,estimated_tsumogiri,1775201665,,,1,206.11,"[16,14,108,15,86,13,90,66,103,102,51,95]",,,,444r5m 48p 45688s 1z,,,,,,,,
20260403163215_0000_884,20260403163215_0000,20260403163215,0000,2,k-mori,674,,estimated_tsumogiri,1775201665,,,0,,"[16,14,108,15,86,13,90,66,103,102,51,95]",,,,444r5m 48p 45688s 1z,,,,,,,,
20260403163215_0000_885,20260403163215_0000,20260403163215,0000,2,k-mori,674,,estimated_tsumogiri,1775201665,,,1,99.633,"[16,14,108,15,86,13,90,66,103,102,51,95]",,,,444r5m 48p 45688s 1z,,,,,,,,
20260403163215_0000_886,20260403163215_0000,20260403163215,0000,2,k-mori,6,2m,estimated_tsumogiri,1775201665,,,1,2947.739,"[16,14,108,15,86,13,90,66,103,102,51,95]",,,,444r5m 48p 45688s 1z,,,,,,,,
20260403163215_0000_887,20260403163215_0000,20260403163215,0000,3,913149,99,7s,estimated_tsumogiri,1775201670,2206.477,,1,202.754,"[16,14,108,15,86,13,90,66,103,102,51,95]",,,,444r5m 48p 45688s 1z,,,,,,,,
20260403163215_0000_888,20260403163215_0000,20260403163215,0000,0,パシフィック,82,3s,confirmed_tsumogiri,1775201671,486.746,,0,,"[16,14,108,15,86,13,90,66,103,102,51,95]",,,,444r5m 48p 45688s 1z,,,,,,,,
20260403163215_0000_889,20260403163215_0000,20260403163215,0000,1,エル・シコデリコ,129,6z,estimated_tsumogiri,1775201676,5398.885,,0,,"[16,14,108,15,86,13,90,66,103,102,51,95]",,,,444r5m 48p 45688s 1z,,,,,,,,
20260403163215_0000_890,20260403163215_0000,20260403163215,0000,2,k-mori,10,3m,estimated_tsumogiri,1775201680,3722.688,,1,2912.692,"[16,14,108,15,86,13,90,66,103,102,51,95]",,,,444r5m 48p 45688s 1z,,,,,,,,
20260403163215_0000_891,20260403163215_0000,20260403163215,0000,3,913149,123,4z,estimated_tsumogiri,1775201686,2675.428,,0,,"[16,14,108,15,86,13,90,66,103,102,51,95]",,,,444r5m 48p 45688s 1z,,,,,,,,
20260403163215_0000_892,20260403163215_0000,20260403163215,0000,0,パシフィック,133,7z,confirmed_tsumogiri,1775201686,711.302,,1,3351.392,"[16,14,108,15,86,13,90,66,103,102,51,95]",,,,444r5m 48p 45688s 1z,,,,,,,,
20260403163215_0000_893,20260403163215_0000,20260403163215,0000,1,エル・シコデリコ,74,1s,confirmed_tedashi,1775201690,1233.948,,1,1265.224,"[16,14,108,15,86,13,90,66,103,102,51,95]",,,,444r5m 48p 45688s 1z,,,,,,,,
20260403163215_0000_894,20260403163215_0000,20260403163215,0000,2,k-mori,43,2p,estimated_tsumogiri,1775201692,1115.264,,0,,"[16,14,108,15,86,13,90,66,103,102,51,95]",,,,444r5m 48p 45688s 1z,,,,,,,,
20260403163215_0000_895,20260403163215_0000,20260403163215,0000,3,913149,119,3z,confirmed_tedashi,1775201696,3567.348,,0,,"[16,14,108,15,86,13,90,66,103,102,51,95]",,,,444r5m 48p 45688s 1z,,,,,,,,
20260403163215_0000_896,20260403163215_0000,20260403163215,0000,0,パシフィック,127,5z,confirmed_tsumogiri,1775201696,682.776,,0,,"[16,14,108,15,86,13,90,66,103,102,51,95]",,,,444r5m 48p 45688s 1z,,,,,,,,
20260403163215_0000_897,20260403163215_0000,20260403163215,0000,1,エル・シコデリコ,8,3m,estimated_tsumogiri,1775201699,2639.766,,0,,"[16,14,108,15,86,13,90,66,103,102,51,95]",,,,444r5m 48p 45688s 1z,,,,,,,,
20260403163215_0000_898,20260403163215_0000,20260403163215,0000,2,k-mori,121,4z,estimated_tsumogiri,1775201700,1616.316,,0,,"[16,14,108,15,86,13,90,66,103,102,51,95]",,,,444r5m 48p 45688s 1z,,,,,,,,
20260403163215_0000_899,20260403163215_0000,20260403163215,0000,3,913149,78,2s,estimated_tsumogiri,1775201703,2710.827,,0,,"[16,14,108,15,86,13,90,66,103,102,51,95]",,,,444r5m 48p 45688s 1z,,,,,,,,
20260403163215_0000_900,20260403163215_0000,20260403163215,0000,0,パシフィック,19,5m,confirmed_tsumogiri,1775201704,730.155,,1,2790.725,"[16,14,108,15,86,13,90,66,103,102,51,95]",,,,444r5m 48p 45688s 1z,,,,,,,,
20260403163215_0000_901,20260403163215_0000,20260403163215,0000,1,エル・シコデリコ,117,3z,estimated_tsumogiri,1775201709,1907.211,,0,,"[16,14,108,15,86,13,90,66,103,102,51,95]",,,,444r5m 48p 45688s 1z,,,,,,,,
20260403163215_0000_902,20260403163215_0000,20260403163215,0000,2,k-mori,109,1z,estimated_tsumogiri,1775201710,1537.046,,0,,"[16,14,108,15,86,13,90,66,103,102,51,95]",,,,444r5m 48p 45688s 1z,,,,,,,,
20260403163215_0000_903,20260403163215_0000,20260403163215,0000,3,913149,107,9s,estimated_tsumogiri,1775201712,2061.84,,1,2672.59,"[16,14,108,15,86,13,90,66,103,102,51,95]",,,,444r5m 48p 45688s 1z,,,,,,,,
20260403163215_0000_904,20260403163215_0000,20260403163215,0000,1,エル・シコデリコ,120,4z,confirmed_tedashi,1775201715,1377.416,,0,,"[16,14,108,15,86,13,90,66,103,102,51,95]",,,,444r5m 48p 45688s 1z,,,,,,,,
20260403163215_0000_905,20260403163215_0000,20260403163215,0000,2,k-mori,23,6m,confirmed_tedashi,1775201721,6177.081,,1,3155.17,"[16,14,108,15,86,13,90,66,103,102,51,95]",,,,444r5m 48p 45688s 1z,,,,,,,,
20260403163215_0000_906,20260403163215_0000,20260403163215,0000,3,913149,118,3z,confirmed_tedashi,1775201727,2415.652,,0,,"[16,14,108,15,86,13,90,66,103,102,51,95]",,,,444r5m 48p 45688s 1z,,,,,,,,
20260403163215_0000_907,20260403163215_0000,20260403163215,0000,0,パシフィック,58,6p,confirmed_tsumogiri,1775201727,698.568,,0,,"[16,14,108,15,86,13,90,66,103,102,51,95]",,,,444r5m 48p 45688s 1z,,,,,,,,
20260403163215_0100_000,20260403163215_0100,20260403163215,0100,1,エル・シコデリコ,72,1s,confirmed_tedashi,1775201742,4655.57,,0,,"[60,91,69,52,89,92,37,6,44,11,26,84,96]",,,,237m 13r579p 45567s,,,,,,,,
20260403163215_0100_001,20260403163215_0100,20260403163215,0100,2,k-mori,41,2p,estimated_tsumogiri,1775201755,12580.727,,0,,"[60,91,69,52,89,92,37,6,44,11,26,84,96]",,,,237m 13r579p 45567s,,,,,,,,
20260403163215_0100_002,20260403163215_0100,20260403163215,0100,3,913149,115,2z,confirmed_tedashi,1775201757,2436.97,,1,6984.308,"[60,91,69,52,89,92,37,6,44,11,26,84,96]",,,,237m 13r579p 45567s,,,,,,,,
20260403163215_0100_003,20260403163215_0100,20260403163215,0100,2,k-mori,75,1s,confirmed_tedashi,1775201764,5230.472,,0,,"[60,91,69,52,89,92,37,6,44,11,26,84,96]",,,,237m 13r579p 45567s,,,,,,,,
20260403163215_0100_004,20260403163215_0100,20260403163215,0100,3,913149,39,1p,confirmed_tedashi,1775201767,3069.842,,0,,"[60,91,69,52,89,92,37,6,44,11,26,84,96]",,,,237m 13r579p 45567s,,,,,,,,
20260403163215_0100_005,20260403163215_0100,20260403163215,0100,0,パシフィック,86,4s,confirmed_tsumogiri,1775201768,681.758,,0,,"[60,91,69,52,89,92,37,6,44,11,26,84,96]",,,,237m 13r579p 45567s,,,,3,3,5,11,0
20260403163215_0100_006,20260403163215_0100,20260403163215,0100,1,エル・シコデリコ,73,1s,estimated_tsumogiri,1775201772,4454.248,,0,,"[60,91,69,52,89,92,37,6,44,11,26,84,96]",,,,237m 13r579p 45567s,,,,,,,,
20260403163215_0100_007,20260403163215_0100,20260403163215,0100,2,k-mori,122,4z,confirmed_tedashi,1775201775,2856.785,,0,,"[60,91,69,52,89,92,37,6,44,11,26,84,96]",,,,237m 13r579p 45567s,,,,,,,,
20260403163215_0100_008,20260403163215_0100,20260403163215,0100,3,913149,134,7z,confirmed_tedashi,1775201778,3408.983,,0,,"[60,91,69,52,89,92,37,6,44,11,26,84,96]",,,,237m 13r579p 45567s,,,,,,,,
20260403163215_0100_009,20260403163215_0100,20260403163215,0100,0,パシフィック,56,6p,confirmed_tsumogiri,1775201779,696.003,,0,,"[60,91,69,52,89,92,37,6,44,11,26,84,96]",,,,237m 13r579p 45567s,,,,3,3,5,11,0
20260403163215_0100_010,20260403163215_0100,20260403163215,0100,1,エル・シコデリコ,119,3z,confirmed_tedashi,1775201783,3771.322,,0,,"[60,91,69,52,89,92,37,6,44,11,26,84,96]",,,,237m 13r579p 45567s,,,,,,,,
20260403163215_0100_011,20260403163215_0100,20260403163215,0100,2,k-mori,132,7z,confirmed_tedashi,1775201787,3784.438,,0,,"[60,91,69,52,89,92,37,6,44,11,26,84,96]",,,,237m 13r579p 45567s,,,,,,,,
20260403163215_0100_012,20260403163215_0100,20260403163215,0100,3,913149,130,6z,estimated_tsumogiri,1775201791,4222.352,,2,1712.193,"[60,91,69,52,89,92,37,6,44,11,26,84,96]",,,,237m 13r579p 45567s,,,,,,,,
20260403163215_0100_013,20260403163215_0100,20260403163215,0100,1,エル・シコデリコ,133,7z,confirmed_tedashi,1775201794,1259.916,,0,,"[60,91,69,52,89,92,37,6,44,11,26,84,96]",,,,237m 13r579p 45567s,,,,,,,,
20260403163215_0100_014,20260403163215_0100,20260403163215,0100,2,k-mori,33,9m,confirmed_tedashi,1775201799,4801.611,,0,,"[60,91,69,52,89,92,37,6,44,11,26,84,96]",,,,237m 13r579p 45567s,,,,,,,,
20260403163215_0100_015,20260403163215_0100,20260403163215,0100,3,913149,106,9s,confirmed_tedashi,1775201801,2587.332,,0,,"[60,91,69,52,89,92,37,6,44,11,26,84,96]",,,,237m 13r579p 45567s,,,,,,,,
20260403163215_0100_016,20260403163215_0100,20260403163215,0100,0,パシフィック,97,7s,confirmed_tsumogiri,1775201802,694.743,,0,,"[60,91,69,52,89,92,37,6,44,11,26,84,96]",,,,237m 13r579p 45567s,,,,3,3,5,11,0
20260403163215_0100_017,20260403163215_0100,20260403163215,0100,1,エル・シコデリコ,118,3z,estimated_tsumogiri,1775201804,2353.297,,0,,"[60,91,69,52,89,92,37,6,44,11,26,84,96]",,,,237m 13r579p 45567s,,,,,,,,
20260403163215_0100_018,20260403163215_0100,20260403163215,0100,2,k-mori,54,5p,estimated_tsumogiri,1775201806,1931.072,,0,,"[60,91,69,52,89,92,37,6,44,11,26,84,96]",,,,237m 13r579p 45567s,,,,,,,,
20260403163215_0100_019,20260403163215_0100,20260403163215,0100,3,913149,108,1z,estimated_tsumogiri,1775201809,2769.934,,0,,"[60,91,69,52,89,92,37,6,44,11,26,84,96]",,,,237m 13r579p 45567s,,,,,,,,
20260403163215_0100_020,20260403163215_0100,20260403163215,0100,0,パシフィック,31,8m,confirmed_tsumogiri,1775201810,690.445,,0,,"[60,91,69,52,89,92,37,6,44,11,26,84,96]",,,,237m 13r579p 45567s,,,,3,3,5,11,0
20260403163215_0100_021,20260403163215_0100,20260403163215,0100,1,エル・シコデリコ,113,2z,estimated_tsumogiri,1775201812,2698.609,,0,,"[60,91,69,52,89,92,37,6,44,11,26,84,96]",,,,237m 13r579p 45567s,,,,,,,,
20260403163215_0100_022,20260403163215_0100,20260403163215,0100,2,k-mori,111,1z,confirmed_tedashi,1775201815,2978.535,,0,,"[60,91,69,52,89,92,37,6,44,11,26,84,96]",,,,237m 13r579p 45567s,,,,,,,,
20260403163215_0100_023,20260403163215_0100,20260403163215,0100,3,913149,79,2s,estimated_tsumogiri,1775201819,3332.948,,0,,"[60,91,69,52,89,92,37,6,44,11,26,84,96]",,,,237m 13r579p 45567s,,,,,,,,
20260403163215_0100_024,20260403163215_0100,20260403163215,0100,0,パシフィック,123,4z,confirmed_tsumogiri,1775201819,688.947,,0,,"[60,91,69,52,89,92,37,6,44,11,26,84,96]",,,,237m 13r579p 45567s,,,,3,3,5,11,0
20260403163215_0100_025,20260403163215_0100,20260403163215,0100,1,エル・シコデリコ,28,8m,confirmed_tedashi,1775201823,3432.219,,1,1397.151,"[60,91,69,52,89,92,37,6,44,11,26,84,96]",,,,237m 13r579p 45567s,,,,,,,,
20260403163215_0100_026,20260403163215_0100,20260403163215,0100,2,k-mori,110,1z,estimated_tsumogiri,1775201826,1310.812,,0,,"[60,91,69,52,89,92,37,6,44,11,26,84,96]",,,,237m 13r579p 45567s,,,,,,,,
20260403163215_0100_027,20260403163215_0100,20260403163215,0100,3,913149,125,5z,confirmed_tedashi,1775201828,2740.276,,0,,"[60,91,69,52,89,92,37,6,44,11,26,84,96]",,,,237m 13r579p 45567s,,,,,,,,
20260403163215_0100_028,20260403163215_0100,20260403163215,0100,0,パシフィック,116,3z,confirmed_tsumogiri,1775201829,682.153,,0,,"[60,91,69,52,89,92,37,6,44,11,26,84,96]",,,,237m 13r579p 45567s,,,,3,3,5,11,0
20260403163215_0100_029,20260403163215_0100,20260403163215,0100,1,エル・シコデリコ,135,7z,estimated_tsumogiri,1775201831,2535.421,,0,,"[60,91,69,52,89,92,37,6,44,11,26,84,96]",,,,237m 13r579p 45567s,,,,,,,,
20260403163215_0100_030,20260403163215_0100,20260403163215,0100,2,k-mori,121,4z,estimated_tsumogiri,1775201833,1738.923,,0,,"[60,91,69,52,89,92,37,6,44,11,26,84,96]",,,,237m 13r579p 45567s,,,,,,,,
20260403163215_0100_031,20260403163215_0100,20260403163215,0100,3,913149,63,7p,confirmed_tedashi,1775201839,5379.857,,0,,"[60,91,69,52,89,92,37,6,44,11,26,84,96]",,,,237m 13r579p 45567s,,,,,,,,
20260403163215_0100_032,20260403163215_0100,20260403163215,0100,0,パシフィック,117,3z,confirmed_tsumogiri,1775201839,714.158,,0,,"[60,91,69,52,89,92,37,6,44,11,26,84,96]",,,,237m 13r579p 45567s,,,,3,3,5,11,0
20260403163215_0100_033,20260403163215_0100,20260403163215,0100,1,エル・シコデリコ,70,9p,estimated_tsumogiri,1775201842,2749.047,,0,,"[60,91,69,52,89,92,37,6,44,11,26,84,96]",,,,237m 13r579p 45567s,,,,,,,,
20260403163215_0100_034,20260403163215_0100,20260403163215,0100,2,k-mori,42,2p,estimated_tsumogiri,1775201844,1593.949,,0,,"[60,91,69,52,89,92,37,6,44,11,26,84,96]",,,,237m 13r579p 45567s,,,,,,,,
20260403163215_0100_035,20260403163215_0100,20260403163215,0100,3,913149,105,9s,confirmed_tedashi,1775201855,10921.294,,1,8295.815,"[60,91,69,52,89,92,37,6,44,11,26,84,96]",,,,237m 13r579p 45567s,,,,,,,,
20260403163215_0100_036,20260403163215_0100,20260403163215,0100,2,k-mori,126,5z,confirmed_tedashi,1775201863,1859.793,,0,,"[60,91,69,52,89,92,37,6,44,11,26,84,96]",,,,237m 13r579p 45567s,,,,,,,,
20260403163215_0100_037,20260403163215_0100,20260403163215,0100,3,913149,102,8s,confirmed_tedashi,1775201866,2682.957,,1,208.082,"[60,91,69,52,89,92,37,6,44,11,26,84,96]",,,,237m 13r579p 45567s,,,,,,,,
20260403163215_0100_038,20260403163215_0100,20260403163215,0100,0,パシフィック,10,3m,confirmed_tsumogiri,1775201866,486.12,,1,2714.745,"[60,91,69,52,89,92,37,6,44,11,26,84,96]",,,,237m 13r579p 45567s,,,,3,3,5,11,1
20260403163215_0100_039,20260403163215_0100,20260403163215,0100,1,エル・シコデリコ,81,3s,estimated_tsumogiri,1775201870,1440.551,,0,,"[60,91,69,52,89,92,37,6,44,11,26,84,96]",,,,237m 13r579p 45567s,,,,,,,,
20260403163215_0100_040,20260403163215_0100,20260403163215,0100,2,k-mori,0,1m,estimated_tsumogiri,1775201872,1588.841,,1,3132.919,"[60,91,69,52,89,92,37,6,44,11,26,84,96]",,,,237m 13r579p 45567s,,,,,,,,
20260403163215_0100_041,20260403163215_0100,20260403163215,0100,1,エル・シコデリコ,57,6p,confirmed_tedashi,1775201875,1349.987,,0,,"[60,91,69,52,89,92,37,6,44,11,26,84,96]",,,,237m 13r579p 45567s,,,,,,,,
20260403163215_0100_042,20260403163215_0100,20260403163215,0100,2,k-mori,32,9m,confirmed_tedashi,1775201880,4864.504,,0,,"[60,91,69,52,89,92,37,6,44,11,26,84,96]",,,,237m 13r579p 45567s,,,,,,,,
20260403163215_0100_043,20260403163215_0100,20260403163215,0100,3,913149,46,3p,estimated_tsumogiri,1775201883,2939.029,,0,,"[60,91,69,52,89,92,37,6,44,11,26,84,96]",,,,237m 13r579p 45567s,,,,,,,,
20260403163215_0100_044,20260403163215_0100,20260403163215,0100,0,パシフィック,61,7p,confirmed_tsumogiri,1775201884,694.54,,0,,"[60,91,69,52,89,92,37,6,44,11,26,84,96]",,,,237m 13r579p 45567s,,,,3,3,5,11,0
20260403163215_0200_000,20260403163215_0200,20260403163215,0200,2,k-mori,3,1m,estimated_tsumogiri,1775201900,4702.743,,0,,"[43,123,52,108,22,31,92,14,21,62,112,86,25]",,,,46678m 2r57p 46s 124z,,,,,,,,
20260403163215_0200_001,20260403163215_0200,20260403163215,0200,3,913149,73,1s,confirmed_tedashi,1775201905,4727.348,,0,,"[43,123,52,108,22,31,92,14,21,62,112,86,25]",,,,46678m 2r57p 46s 124z,,,,,,,,
20260403163215_0200_002,20260403163215_0200,20260403163215,0200,0,パシフィック,32,9m,confirmed_tsumogiri,1775201921,16711.329,,0,,"[43,123,52,108,22,31,92,14,21,62,112,86,25]",,,,46678m 2r57p 46s 124z,,,,3,3,5,10,0
20260403163215_0200_003,20260403163215_0200,20260403163215,0200,1,エル・シコデリコ,68,9p,confirmed_tedashi,1775201924,2293.384,,0,,"[43,123,52,108,22,31,92,14,21,62,112,86,25]",,,,46678m 2r57p 46s 124z,,,,,,,,
20260403163215_0200_004,20260403163215_0200,20260403163215,0200,2,k-mori,122,4z,confirmed_tedashi,1775201925,1716.234,,0,,"[43,123,52,108,22,31,92,14,21,62,112,86,25]",,,,46678m 2r57p 46s 124z,,,,,,,,
20260403163215_0200_005,20260403163215_0200,20260403163215,0200,3,913149,78,2s,confirmed_tedashi,1775201927,2179.109,,0,,"[43,123,52,108,22,31,92,14,21,62,112,86,25]",,,,46678m 2r57p 46s 124z,,,,,,,,
20260403163215_0200_006,20260403163215_0200,20260403163215,0200,0,パシフィック,127,5z,confirmed_tsumogiri,1775201934,6711.055,,0,,"[43,123,52,108,22,31,92,14,21,62,112,86,25]",,,,46678m 2r57p 46s 124z,,,,3,3,5,10,0
20260403163215_0200_009,20260403163215_0200,20260403163215,0200,2,k-mori,109,1z,confirmed_tedashi,1775201951,2320.442,,0,,"[14,21,22,25,31,43,52,62,86,92,108,112,123]",,,,46678m 2r57p 46s 124z,,,,,,,,
20260403163215_0200_010,20260403163215_0200,20260403163215,0200,3,913149,0,1m,estimated_tsumogiri,1775201954,3011.594,,0,,"[14,21,22,25,31,43,52,62,86,92,108,112,123]",,,,46678m 2r57p 46s 124z,,,,,,,,
20260403163215_0200_011,20260403163215_0200,20260403163215,0200,0,パシフィック,112,2z,confirmed_tedashi,1775201966,11724.725,,0,,"[14,21,22,25,31,43,52,62,86,92,108,123,64]",,,,46678m 2r578p 46s 14z,,,,3,3,5,11,0
20260403163215_0200_012,20260403163215_0200,20260403163215,0200,1,エル・シコデリコ,90,5s,confirmed_tedashi,1775201969,2968.153,,0,,"[14,21,22,25,31,43,52,62,86,92,108,123,64]",,,,46678m 2r578p 46s 14z,,,,,,,,
20260403163215_0200_018,20260403163215_0200,20260403163215,0200,2,k-mori,100,8s,confirmed_tedashi,1775201997,9385.157,,1,2918.435,"[14,21,22,25,31,43,52,62,64,86,92,108,123]",,,,46678m 2r578p 46s 14z,,,,,,,,
20260403163215_0200_019,20260403163215_0200,20260403163215,0200,3,913149,119,3z,confirmed_tedashi,1775202002,2464.157,,0,,"[14,21,22,25,31,43,52,62,64,86,92,108,123]",,,,46678m 2r578p 46s 14z,,,,,,,,
20260403163215_0200_020,20260403163215_0200,20260403163215,0200,0,パシフィック,48,4p,confirmed_tsumogiri,1775202003,699.221,,0,,"[14,21,22,25,31,43,52,62,64,86,92,108,123]",,,,46678m 2r578p 46s 14z,,,,3,3,5,11,0
20260403163215_0200_021,20260403163215_0200,20260403163215,0200,1,エル・シコデリコ,77,2s,confirmed_tedashi,1775202006,3475.891,,1,1559.567,"[14,21,22,25,31,43,52,62,64,86,92,108,123]",,,,46678m 2r578p 46s 14z,,,,,,,,
20260403163215_0200_022,20260403163215_0200,20260403163215,0200,2,k-mori,95,6s,confirmed_tedashi,1775202009,1502.845,,0,,"[14,21,22,25,31,43,52,62,64,86,92,108,123]",,,,46678m 2r578p 46s 14z,,,,,,,,
20260403163215_0200_026,20260403163215_0200,20260403163215,0200,2,k-mori,11,3m,estimated_tsumogiri,1775202027,2998.832,,0,,"[14,21,22,25,31,43,52,62,64,86,92,108,123]",,,,46678m 2r578p 46s 14z,,,,,,,,
20260403163215_0200_027,20260403163215_0200,20260403163215,0200,3,913149,94,6s,confirmed_tedashi,1775202033,5275.161,,0,,"[14,21,22,25,31,43,52,62,64,86,92,108,123]",,,,46678m 2r578p 46s 14z,,,,,,,,
20260403163215_0200_028,20260403163215_0200,20260403163215,0200,0,パシフィック,120,4z,confirmed_tsumogiri,1775202049,16702.514,,0,,"[14,21,22,25,31,43,52,62,64,86,92,108,123]",,,,46678m 2r578p 46s 14z,,,,3,3,5,11,0
20260403163215_0200_029,20260403163215_0200,20260403163215,0200,1,エル・シコデリコ,28,8m,estimated_tsumogiri,1775202054,1552.096,,1,5958.249,"[14,21,22,25,31,43,52,62,64,86,92,108,123]",,,,46678m 2r578p 46s 14z,,,,,,,,
20260403163215_0200_030,20260403163215_0200,20260403163215,0200,2,k-mori,41,2p,estimated_tsumogiri,1775202062,2042.237,,0,,"[14,21,22,25,31,43,52,62,64,86,92,108,123]",,,,46678m 2r578p 46s 14z,,,,,,,,
20260403163215_0200_031,20260403163215_0200,20260403163215,0200,3,913149,30,8m,confirmed_tedashi,1775202067,5652.277,,1,7306.937,"[14,21,22,25,31,43,52,62,64,86,92,108,123]",,,,46678m 2r578p 46s 14z,,,,,,,,
20260403163215_0200_032,20260403163215_0200,20260403163215,0200,0,パシフィック,20,6m,confirmed_tsumogiri,1775202082,6989.766,,0,,"[14,21,22,25,31,43,52,62,64,86,92,108,123]",,,,46678m 2r578p 46s 14z,,,,3,3,5,11,0
20260403164257_0000_000,20260403164257_0000,20260403164257,0000,2,Moriotto,112,2z,confirmed_tedashi,1775202184,7727.788,,0,,"[124,16,101,135,15,14,36,115,118,58,69,44,132]",,,,44r5m 1369p 8s 23577z,,,,,,,,
20260403164257_0000_001,20260403164257_0000,20260403164257,0000,3,michi,109,1z,confirmed_tedashi,1775202189,4286.891,,0,,"[124,16,101,135,15,14,36,115,118,58,69,44,132]",,,,44r5m 1369p 8s 23577z,,,,,,,,
20260403164257_0000_002,20260403164257_0000,20260403164257,0000,0,パシフィック,23,6m,confirmed_tsumogiri,1775202189,684.601,,0,,"[124,16,101,135,15,14,36,115,118,58,69,44,132]",,,,44r5m 1369p 8s 23577z,,,,4,5,4,6,0
20260403164257_0000_003,20260403164257_0000,20260403164257,0000,1,百事可楽,113,2z,confirmed_tedashi,1775202195,6057.474,,0,,"[124,16,101,135,15,14,36,115,118,58,69,44,132]",,,,44r5m 1369p 8s 23577z,,,,,,,,
20260403164257_0000_004,20260403164257_0000,20260403164257,0000,2,Moriotto,122,4z,confirmed_tedashi,1775202198,2956.63,,0,,"[124,16,101,135,15,14,36,115,118,58,69,44,132]",,,,44r5m 1369p 8s 23577z,,,,,,,,
20260403164257_0000_005,20260403164257_0000,20260403164257,0000,3,michi,10,3m,confirmed_tedashi,1775202203,5039.87,,1,217.692,"[124,16,101,135,15,14,36,115,118,58,69,44,132]",,,,44r5m 1369p 8s 23577z,,,,,,,,
20260403164257_0000_006,20260403164257_0000,20260403164257,0000,0,パシフィック,119,3z,confirmed_tsumogiri,1775202204,481.898,,0,,"[124,16,101,135,15,14,36,115,118,58,69,44,132]",,,,44r5m 1369p 8s 23577z,,,,4,5,4,6,0
20260403164257_0000_007,20260403164257_0000,20260403164257,0000,1,百事可楽,33,9m,estimated_tsumogiri,1775202207,3410.462,,0,,"[124,16,101,135,15,14,36,115,118,58,69,44,132]",,,,44r5m 1369p 8s 23577z,,,,,,,,
20260403164257_0000_008,20260403164257_0000,20260403164257,0000,2,Moriotto,111,1z,confirmed_tedashi,1775202211,3177.336,,0,,"[124,16,101,135,15,14,36,115,118,58,69,44,132]",,,,44r5m 1369p 8s 23577z,,,,,,,,
20260403164257_0000_009,20260403164257_0000,20260403164257,0000,3,michi,99,7s,confirmed_tedashi,1775202215,3910.444,,0,,"[124,16,101,135,15,14,36,115,118,58,69,44,132]",,,,44r5m 1369p 8s 23577z,,,,,,,,
20260403164257_0000_010,20260403164257_0000,20260403164257,0000,0,パシフィック,0,1m,confirmed_tsumogiri,1775202215,705.417,,0,,"[124,16,101,135,15,14,36,115,118,58,69,44,132]",,,,44r5m 1369p 8s 23577z,,,,4,5,4,6,0
20260403164257_0000_011,20260403164257_0000,20260403164257,0000,1,百事可楽,121,4z,confirmed_tedashi,1775202222,6629.155,,0,,"[124,16,101,135,15,14,36,115,118,58,69,44,132]",,,,44r5m 1369p 8s 23577z,,,,,,,,
20260403164257_0000_012,20260403164257_0000,20260403164257,0000,2,Moriotto,126,5z,confirmed_tedashi,1775202224,2410.488,,0,,"[124,16,101,135,15,14,36,115,118,58,69,44,132]",,,,44r5m 1369p 8s 23577z,,,,,,,,
20260403164257_0000_013,20260403164257_0000,20260403164257,0000,3,michi,51,4p,confirmed_tedashi,1775202227,2415.208,,0,,"[124,16,101,135,15,14,36,115,118,58,69,44,132]",,,,44r5m 1369p 8s 23577z,,,,,,,,
20260403164257_0000_014,20260403164257_0000,20260403164257,0000,0,パシフィック,89,5s,confirmed_tsumogiri,1775202227,690.882,,1,1760.067,"[124,16,101,135,15,14,36,115,118,58,69,44,132]",,,,44r5m 1369p 8s 23577z,,,,4,5,4,6,0
20260403164257_0000_015,20260403164257_0000,20260403164257,0000,1,百事可楽,22,6m,estimated_tsumogiri,1775202231,1909.133,,0,,"[124,16,101,135,15,14,36,115,118,58,69,44,132]",,,,44r5m 1369p 8s 23577z,,,,,,,,
20260403164257_0000_016,20260403164257_0000,20260403164257,0000,2,Moriotto,129,6z,confirmed_tedashi,1775202233,2273.803,,1,4191.072,"[124,16,101,135,15,14,36,115,118,58,69,44,132]",,,,44r5m 1369p 8s 23577z,,,,,,,,
20260403164257_0000_017,20260403164257_0000,20260403164257,0000,1,百事可楽,78,2s,confirmed_tedashi,1775202238,1959.421,,1,2769.359,"[124,16,101,135,15,14,36,115,118,58,69,44,132]",,,,44r5m 1369p 8s 23577z,,,,,,,,
20260403164257_0000_018,20260403164257_0000,20260403164257,0000,2,Moriotto,75,1s,confirmed_tedashi,1775202245,4512.531,,0,,"[124,16,101,135,15,14,36,115,118,58,69,44,132]",,,,44r5m 1369p 8s 23577z,,,,,,,,
20260403164257_0000_019,20260403164257_0000,20260403164257,0000,3,michi,27,7m,confirmed_tedashi,1775202248,2925.003,,0,,"[124,16,101,135,15,14,36,115,118,58,69,44,132]",,,,44r5m 1369p 8s 23577z,,,,,,,,
20260403164257_0000_020,20260403164257_0000,20260403164257,0000,0,パシフィック,20,6m,confirmed_tsumogiri,1775202248,689.493,,0,,"[124,16,101,135,15,14,36,115,118,58,69,44,132]",,,,44r5m 1369p 8s 23577z,,,,4,5,4,6,0
20260403164257_0000_021,20260403164257_0000,20260403164257,0000,1,百事可楽,117,3z,estimated_tsumogiri,1775202251,2288.016,,0,,"[124,16,101,135,15,14,36,115,118,58,69,44,132]",,,,44r5m 1369p 8s 23577z,,,,,,,,
20260403164257_0000_022,20260403164257_0000,20260403164257,0000,2,Moriotto,105,9s,confirmed_tedashi,1775202254,3324.1,,0,,"[124,16,101,135,15,14,36,115,118,58,69,44,132]",,,,44r5m 1369p 8s 23577z,,,,,,,,
20260403164257_0000_023,20260403164257_0000,20260403164257,0000,3,michi,26,7m,estimated_tsumogiri,1775202258,4035.142,,0,,"[124,16,101,135,15,14,36,115,118,58,69,44,132]",,,,44r5m 1369p 8s 23577z,,,,,,,,
20260403164257_0000_024,20260403164257_0000,20260403164257,0000,0,パシフィック,28,8m,confirmed_tsumogiri,1775202259,690.657,,0,,"[124,16,101,135,15,14,36,115,118,58,69,44,132]",,,,44r5m 1369p 8s 23577z,,,,4,5,4,6,0
20260403164257_0000_025,20260403164257_0000,20260403164257,0000,1,百事可楽,114,2z,estimated_tsumogiri,1775202261,2422.493,,0,,"[124,16,101,135,15,14,36,115,118,58,69,44,132]",,,,44r5m 1369p 8s 23577z,,,,,,,,
20260403164257_0000_026,20260403164257_0000,20260403164257,0000,2,Moriotto,12,4m,estimated_tsumogiri,1775202271,10148.054,,1,2021.967,"[124,16,101,135,15,14,36,115,118,58,69,44,132]",,,,44r5m 1369p 8s 23577z,,,,,,,,
20260403164257_0000_027,20260403164257_0000,20260403164257,0000,3,michi,66,8p,confirmed_tedashi,1775202279,5340.376,,0,,"[124,16,101,135,15,14,36,115,118,58,69,44,132]",,,,44r5m 1369p 8s 23577z,,,,,,,,
20260403164257_0000_028,20260403164257_0000,20260403164257,0000,0,パシフィック,7,2m,confirmed_tsumogiri,1775202279,710.037,,0,,"[124,16,101,135,15,14,36,115,118,58,69,44,132]",,,,44r5m 1369p 8s 23577z,,,,4,5,4,6,0
20260403164257_0000_029,20260403164257_0000,20260403164257,0000,1,百事可楽,1,1m,confirmed_tedashi,1775202282,2818.806,,0,,"[124,16,101,135,15,14,36,115,118,58,69,44,132]",,,,44r5m 1369p 8s 23577z,,,,,,,,
20260403164257_0000_030,20260403164257_0000,20260403164257,0000,2,Moriotto,18,5m,confirmed_tedashi,1775202286,4169.025,,0,,"[124,16,101,135,15,14,36,115,118,58,69,44,132]",,,,44r5m 1369p 8s 23577z,,,,,,,,
20260403164257_0000_031,20260403164257_0000,20260403164257,0000,3,michi,38,1p,confirmed_tedashi,1775202290,3366.01,,0,,"[124,16,101,135,15,14,36,115,118,58,69,44,132]",,,,44r5m 1369p 8s 23577z,,,,,,,,
20260403164257_0000_032,20260403164257_0000,20260403164257,0000,0,パシフィック,43,2p,confirmed_tsumogiri,1775202290,693.704,,1,2571.673,"[124,16,101,135,15,14,36,115,118,58,69,44,132]",,,,44r5m 1369p 8s 23577z,,,,4,5,4,6,0
20260403164257_0000_033,20260403164257_0000,20260403164257,0000,1,百事可楽,5,2m,confirmed_tedashi,1775202294,1032.961,,0,,"[124,16,101,135,15,14,36,115,118,58,69,44,132]",,,,44r5m 1369p 8s 23577z,,,,,,,,
20260403164257_0000_034,20260403164257_0000,20260403164257,0000,2,Moriotto,70,9p,confirmed_tedashi,1775202297,927.319,2032.616,1,2338.317,"[124,16,101,135,15,14,36,115,118,58,69,44,132]",,,,44r5m 1369p 8s 23577z,,,,,,,,
20260403164257_0000_035,20260403164257_0000,20260403164257,0000,3,michi,104,9s,estimated_tsumogiri,1775202305,5524.709,,0,,"[124,16,101,135,15,14,36,115,118,58,69,44,132]",,,,44r5m 1369p 8s 23577z,,,,,,,,
20260403164257_0000_036,20260403164257_0000,20260403164257,0000,0,パシフィック,2,1m,confirmed_tsumogiri,1775202306,721.363,,0,,"[124,16,101,135,15,14,36,115,118,58,69,44,132]",,,,44r5m 1369p 8s 23577z,,,,4,5,4,6,0
20260403164257_0000_037,20260403164257_0000,20260403164257,0000,1,百事可楽,108,1z,confirmed_tedashi,1775202308,2349.006,,0,,"[124,16,101,135,15,14,36,115,118,58,69,44,132]",,,,44r5m 1369p 8s 23577z,,,,,,,,
20260403164257_0000_038,20260403164257_0000,20260403164257,0000,2,Moriotto,8,3m,estimated_tsumogiri,1775202309,694.885,,0,,"[124,16,101,135,15,14,36,115,118,58,69,44,132]",,,,44r5m 1369p 8s 23577z,,,,,,,,
20260403164257_0000_039,20260403164257_0000,20260403164257,0000,3,michi,72,1s,estimated_tsumogiri,1775202312,3758.594,,0,,"[124,16,101,135,15,14,36,115,118,58,69,44,132]",,,,44r5m 1369p 8s 23577z,,,,,,,,
20260403164257_0000_040,20260403164257_0000,20260403164257,0000,0,パシフィック,80,3s,confirmed_tsumogiri,1775202313,698.383,,1,2921.433,"[124,16,101,135,15,14,36,115,118,58,69,44,132]",,,,44r5m 1369p 8s 23577z,,,,4,5,4,6,0
20260403164257_0000_041,20260403164257_0000,20260403164257,0000,1,百事可楽,24,7m,confirmed_tedashi,1775202318,2080.009,,0,,"[124,16,101,135,15,14,36,115,118,58,69,44,132]",,,,44r5m 1369p 8s 23577z,,,,,,,,
20260403164257_0000_042,20260403164257_0000,20260403164257,0000,2,Moriotto,120,4z,estimated_tsumogiri,1775202319,724.687,,0,,"[124,16,101,135,15,14,36,115,118,58,69,44,132]",,,,44r5m 1369p 8s 23577z,,,,,,,,
20260403164257_0000_043,20260403164257_0000,20260403164257,0000,3,michi,40,2p,confirmed_tedashi,1775202325,2106.862,3714.039,1,202.917,"[124,16,101,135,15,14,36,115,118,58,69,44,132]",,,,44r5m 1369p 8s 23577z,,,,,,,,
20260403164257_0000_044,20260403164257_0000,20260403164257,0000,0,パシフィック,17,5m,confirmed_tsumogiri,1775202325,485.876,,0,,"[124,16,101,135,15,14,36,115,118,58,69,44,132]",,,,44r5m 1369p 8s 23577z,,,,4,5,4,6,0
20260403164257_0000_045,20260403164257_0000,20260403164257,0000,1,百事可楽,123,4z,estimated_tsumogiri,1775202328,3062.417,,0,,"[124,16,101,135,15,14,36,115,118,58,69,44,132]",,,,44r5m 1369p 8s 23577z,,,,,,,,
20260403164257_0000_046,20260403164257_0000,20260403164257,0000,2,Moriotto,35,9m,estimated_tsumogiri,1775202329,710.299,,0,,"[124,16,101,135,15,14,36,115,118,58,69,44,132]",,,,44r5m 1369p 8s 23577z,,,,,,,,
20260403164257_0000_047,20260403164257_0000,20260403164257,0000,3,michi,61,7p,estimated_tsumogiri,1775202330,1178.696,,0,,"[124,16,101,135,15,14,36,115,118,58,69,44,132]",,,,44r5m 1369p 8s 23577z,,,,,,,,
20260403164257_0000_048,20260403164257_0000,20260403164257,0000,0,パシフィック,65,8p,confirmed_tsumogiri,1775202331,1157.16,,1,3802.166,"[124,16,101,135,15,14,36,115,118,58,69,44,132]",,,,44r5m 1369p 8s 23577z,,,,4,5,4,6,0
20260403164257_0000_049,20260403164257_0000,20260403164257,0000,1,百事可楽,93,6s,confirmed_tedashi,1775202338,2975.935,,0,,"[124,16,101,135,15,14,36,115,118,58,69,44,132]",,,,44r5m 1369p 8s 23577z,,,,,,,,
20260403164257_0000_050,20260403164257_0000,20260403164257,0000,2,Moriotto,46,3p,estimated_tsumogiri,1775202339,702.662,,0,,"[124,16,101,135,15,14,36,115,118,58,69,44,132]",,,,44r5m 1369p 8s 23577z,,,,,,,,
20260403164257_0000_051,20260403164257_0000,20260403164257,0000,3,michi,6,2m,estimated_tsumogiri,1775202340,1209.74,,0,,"[124,16,101,135,15,14,36,115,118,58,69,44,132]",,,,44r5m 1369p 8s 23577z,,,,,,,,
20260403164257_0000_052,20260403164257_0000,20260403164257,0000,0,パシフィック,90,5s,confirmed_tsumogiri,1775202341,1106.755,,0,,"[124,16,101,135,15,14,36,115,118,58,69,44,132]",,,,44r5m 1369p 8s 23577z,,,,4,5,4,6,0
20260403164257_0001_000,20260403164257_0001,20260403164257,0001,2,Moriotto,79,2s,confirmed_tedashi,1775202374,9009.436,,0,,"[6,99,121,32,58,122,94,44,73,54,131,91,15]",,,,249m 356p 1567s 446z,,,,,,,,
20260403164257_0001_001,20260403164257_0001,20260403164257,0001,3,michi,0,1m,estimated_tsumogiri,1775202378,3988.782,,0,,"[6,99,121,32,58,122,94,44,73,54,131,91,15]",,,,249m 356p 1567s 446z,,,,,,,,
20260403164257_0001_002,20260403164257_0001,20260403164257,0001,0,パシフィック,43,2p,confirmed_tsumogiri,1775202395,16722.963,,0,,"[6,99,121,32,58,122,94,44,73,54,131,91,15]",,,,249m 356p 1567s 446z,,,,3,3,5,8,0
20260403164257_0001_007,20260403164257_0001,20260403164257,0001,3,michi,117,3z,confirmed_tedashi,1775202413,3549.427,,0,,"[6,15,32,44,54,58,73,91,94,99,121,122,131]",,,,249m 356p 1567s 446z,,,,,,,,
20260403164257_0001_008,20260403164257_0001,20260403164257,0001,0,パシフィック,118,3z,confirmed_tsumogiri,1775202430,16708.122,,0,,"[6,15,32,44,54,58,73,91,94,99,121,122,131]",,,,249m 356p 1567s 446z,,,,3,3,5,8,0
20260403164257_0001_009,20260403164257_0001,20260403164257,0001,1,百事可楽,125,5z,confirmed_tedashi,1775202434,3995.312,,0,,"[6,15,32,44,54,58,73,91,94,99,121,122,131]",,,,249m 356p 1567s 446z,,,,,,,,
20260403164257_0001_010,20260403164257_0001,20260403164257,0001,2,Moriotto,5,2m,confirmed_tedashi,1775202438,4608.838,,0,,"[6,15,32,44,54,58,73,91,94,99,121,122,131]",,,,249m 356p 1567s 446z,,,,,,,,
20260403164257_0001_011,20260403164257_0001,20260403164257,0001,3,michi,132,7z,estimated_tsumogiri,1775202442,4008.335,,0,,"[6,15,32,44,54,58,73,91,94,99,121,122,131]",,,,249m 356p 1567s 446z,,,,,,,,
20260403164257_0001_012,20260403164257_0001,20260403164257,0001,0,パシフィック,127,5z,confirmed_tsumogiri,1775202449,6722.858,,1,1741.995,"[6,15,32,44,54,58,73,91,94,99,121,122,131]",,,,249m 356p 1567s 446z,,,,3,3,5,8,0
20260403164257_0001_013,20260403164257_0001,20260403164257,0001,1,百事可楽,24,7m,confirmed_tedashi,1775202452,1798.204,,0,,"[6,15,32,44,54,58,73,91,94,99,121,122,131]",,,,249m 356p 1567s 446z,,,,,,,,
20260403164257_0001_014,20260403164257_0001,20260403164257,0001,2,Moriotto,100,8s,estimated_tsumogiri,1775202455,2417.734,,1,2200.227,"[6,15,32,44,54,58,73,91,94,99,121,122,131]",,,,249m 356p 1567s 446z,,,,,,,,
20260403164257_0001_015,20260403164257_0001,20260403164257,0001,3,michi,135,7z,estimated_tsumogiri,1775202461,3518.574,,0,,"[6,15,32,44,54,58,73,91,94,99,121,122,131]",,,,249m 356p 1567s 446z,,,,,,,,
20260403164257_0001_016,20260403164257_0001,20260403164257,0001,0,パシフィック,53,5p,confirmed_tsumogiri,1775202467,6707.464,,0,,"[6,15,32,44,54,58,73,91,94,99,121,122,131]",,,,249m 356p 1567s 446z,,,,3,3,5,8,1
20260403164257_0001_019,20260403164257_0001,20260403164257,0001,3,michi,74,1s,confirmed_tedashi,1775202476,2886.569,,0,,"[6,15,32,44,54,58,73,91,94,99,121,122,131]",,,,249m 356p 1567s 446z,,,,,,,,
20260403164257_0001_020,20260403164257_0001,20260403164257,0001,0,パシフィック,6,2m,confirmed_tedashi,1775202480,3524.53,,1,1427.488,"[15,32,44,54,58,73,91,94,99,121,122,131,34]",,,,499m 356p 1567s 446z,,,,3,3,4,8,0
20260403164257_0001_021,20260403164257_0001,20260403164257,0001,1,百事可楽,3,1m,estimated_tsumogiri,1775202483,1689.423,,0,,"[15,32,44,54,58,73,91,94,99,121,122,131,34]",,,,499m 356p 1567s 446z,,,,,,,,
20260403164257_0001_022,20260403164257_0001,20260403164257,0001,2,Moriotto,67,8p,confirmed_tedashi,1775202488,5134.586,,0,,"[15,32,44,54,58,73,91,94,99,121,122,131,34]",,,,499m 356p 1567s 446z,,,,,,,,
20260403164257_0001_023,20260403164257_0001,20260403164257,0001,3,michi,75,1s,confirmed_tedashi,1775202492,3826.744,,0,,"[15,32,44,54,58,73,91,94,99,121,122,131,34]",,,,499m 356p 1567s 446z,,,,,,,,
20260403164257_0001_024,20260403164257_0001,20260403164257,0001,0,パシフィック,122,4z,confirmed_tedashi,1775202497,4913.441,,0,,"[15,32,44,54,58,73,91,94,99,121,131,34,97]",,,,499m 356p 15677s 46z,,,,4,4,4,8,0
20260403164257_0001_025,20260403164257_0001,20260403164257,0001,1,百事可楽,59,6p,confirmed_tedashi,1775202502,5188.322,,2,3761.536,"[15,32,44,54,58,73,91,94,99,121,131,34,97]",,,,499m 356p 15677s 46z,,,,,,,,
20260403164257_0001_026,20260403164257_0001,20260403164257,0001,2,Moriotto,90,5s,confirmed_tedashi,1775202508,2488.616,,1,1832.457,"[15,32,44,54,58,73,91,94,99,121,131,34,97]",,,,499m 356p 15677s 46z,,,,,,,,
20260403164257_0001_027,20260403164257_0001,20260403164257,0001,3,michi,119,3z,confirmed_tedashi,1775202514,3398.997,,0,,"[15,32,44,54,58,73,91,94,99,121,131,34,97]",,,,499m 356p 15677s 46z,,,,,,,,
20260403164257_0001_028,20260403164257_0001,20260403164257,0001,0,パシフィック,115,2z,confirmed_tsumogiri,1775202514,688.643,,0,,"[15,32,44,54,58,73,91,94,99,121,131,34,97]",,,,499m 356p 15677s 46z,,,,4,4,4,8,0
20260403164257_0001_029,20260403164257_0001,20260403164257,0001,1,百事可楽,11,3m,confirmed_tedashi,1775202517,2709.435,,0,,"[15,32,44,54,58,73,91,94,99,121,131,34,97]",,,,499m 356p 15677s 46z,,,,,,,,
20260403164257_0001_030,20260403164257_0001,20260403164257,0001,2,Moriotto,56,6p,estimated_tsumogiri,1775202520,2497.328,,0,,"[15,32,44,54,58,73,91,94,99,121,131,34,97]",,,,499m 356p 15677s 46z,,,,,,,,
20260403164257_0001_031,20260403164257_0001,20260403164257,0001,3,michi,18,5m,confirmed_tedashi,1775202523,3936.747,,0,,"[15,32,44,54,58,73,91,94,99,121,131,34,97]",,,,499m 356p 15677s 46z,,,,,,,,
20260403164257_0001_032,20260403164257_0001,20260403164257,0001,0,パシフィック,104,9s,confirmed_tsumogiri,1775202524,687.629,,1,1840.006,"[15,32,44,54,58,73,91,94,99,121,131,34,97]",,,,499m 356p 15677s 46z,,,,4,4,4,8,0
20260403164257_0001_033,20260403164257_0001,20260403164257,0001,1,百事可楽,134,7z,estimated_tsumogiri,1775202527,1150.662,,0,,"[15,32,44,54,58,73,91,94,99,121,131,34,97]",,,,499m 356p 15677s 46z,,,,,,,,
20260403164257_0001_034,20260403164257_0001,20260403164257,0001,2,Moriotto,2,1m,estimated_tsumogiri,1775202530,2402.435,,0,,"[15,32,44,54,58,73,91,94,99,121,131,34,97]",,,,499m 356p 15677s 46z,,,,,,,,
20260403164257_0001_035,20260403164257_0001,20260403164257,0001,3,michi,113,2z,confirmed_tedashi,1775202532,2028.247,,0,,"[15,32,44,54,58,73,91,94,99,121,131,34,97]",,,,499m 356p 15677s 46z,,,,,,,,
20260403164257_0001_036,20260403164257_0001,20260403164257,0001,0,パシフィック,42,2p,confirmed_tsumogiri,1775202532,691.307,,1,1869.894,"[15,32,44,54,58,73,91,94,99,121,131,34,97]",,,,499m 356p 15677s 46z,,,,4,4,4,8,0
20260403164257_0001_037,20260403164257_0001,20260403164257,0001,1,百事可楽,26,7m,estimated_tsumogiri,1775202536,2239.854,,0,,"[15,32,44,54,58,73,91,94,99,121,131,34,97]",,,,499m 356p 15677s 46z,,,,,,,,
20260403164257_0001_038,20260403164257_0001,20260403164257,0001,2,Moriotto,39,1p,estimated_tsumogiri,1775202539,2763.647,,0,,"[15,32,44,54,58,73,91,94,99,121,131,34,97]",,,,499m 356p 15677s 46z,,,,,,,,
20260403164257_0001_039,20260403164257_0001,20260403164257,0001,3,michi,106,9s,estimated_tsumogiri,1775202543,3430.648,,1,1366.751,"[15,32,44,54,58,73,91,94,99,121,131,34,97]",,,,499m 356p 15677s 46z,,,,,,,,
20260403164257_0001_040,20260403164257_0001,20260403164257,0001,0,パシフィック,25,7m,confirmed_tsumogiri,1775202544,195.601,,0,,"[15,32,44,54,58,73,91,94,99,121,131,34,97]",,,,499m 356p 15677s 46z,,,,4,4,4,8,0
20260403164257_0001_041,20260403164257_0001,20260403164257,0001,1,百事可楽,107,9s,confirmed_tedashi,1775202548,4123.576,,0,,"[15,32,44,54,58,73,91,94,99,121,131,34,97]",,,,499m 356p 15677s 46z,,,,,,,,
20260403164257_0001_042,20260403164257_0001,20260403164257,0001,2,Moriotto,68,9p,estimated_tsumogiri,1775202552,3905.791,,1,2439.066,"[15,32,44,54,58,73,91,94,99,121,131,34,97]",,,,499m 356p 15677s 46z,,,,,,,,
20260403164257_0001_043,20260403164257_0001,20260403164257,0001,3,michi,69,9p,confirmed_tedashi,1775202557,1943.837,,0,,"[15,32,44,54,58,73,91,94,99,121,131,34,97]",,,,499m 356p 15677s 46z,,,,,,,,
20260403164257_0001_044,20260403164257_0001,20260403164257,0001,0,パシフィック,4,2m,confirmed_tsumogiri,1775202557,691.178,,1,1748.377,"[15,32,44,54,58,73,91,94,99,121,131,34,97]",,,,499m 356p 15677s 46z,,,,4,4,4,8,0
20260403164257_0001_045,20260403164257_0001,20260403164257,0001,1,百事可楽,112,2z,estimated_tsumogiri,1775202562,2865.244,,0,,"[15,32,44,54,58,73,91,94,99,121,131,34,97]",,,,499m 356p 15677s 46z,,,,,,,,
20260403164257_0002_000,20260403164257_0002,20260403164257,0002,2,Moriotto,114,2z,confirmed_tedashi,1775202580,6297.0,,0,,"[121,32,53,85,99,51,92,29,59,83,107,15,58]",,,,489m 4566p 34679s 4z,,,,,,,,
20260403164257_0002_001,20260403164257_0002,20260403164257,0002,3,michi,135,7z,confirmed_tedashi,1775202586,5454.714,,0,,"[121,32,53,85,99,51,92,29,59,83,107,15,58]",,,,489m 4566p 34679s 4z,,,,,,,,
20260403164257_0002_002,20260403164257_0002,20260403164257,0002,0,パシフィック,121,4z,confirmed_tedashi,1775202592,6159.267,,0,,"[32,53,85,99,51,92,29,59,83,107,15,58,115]",,,,489m 4566p 34679s 2z,,,,3,3,5,10,0
20260403164257_0002_003,20260403164257_0002,20260403164257,0002,1,百事可楽,75,1s,confirmed_tedashi,1775202594,1632.544,,1,1953.667,"[32,53,85,99,51,92,29,59,83,107,15,58,115]",,,,489m 4566p 34679s 2z,,,,,,,,
20260403164257_0002_004,20260403164257_0002,20260403164257,0002,2,Moriotto,122,4z,estimated_tsumogiri,1775202597,1728.145,,0,,"[32,53,85,99,51,92,29,59,83,107,15,58,115]",,,,489m 4566p 34679s 2z,,,,,,,,
20260403164257_0002_005,20260403164257_0002,20260403164257,0002,3,michi,109,1z,confirmed_tedashi,1775202604,6299.621,,0,,"[32,53,85,99,51,92,29,59,83,107,15,58,115]",,,,489m 4566p 34679s 2z,,,,,,,,
20260403164257_0002_006,20260403164257_0002,20260403164257,0002,0,パシフィック,50,4p,confirmed_tsumogiri,1775202604,685.957,,0,,"[32,53,85,99,51,92,29,59,83,107,15,58,115]",,,,489m 4566p 34679s 2z,,,,3,3,5,10,0
20260403164257_0002_007,20260403164257_0002,20260403164257,0002,1,百事可楽,2,1m,confirmed_tedashi,1775202606,2004.512,,0,,"[32,53,85,99,51,92,29,59,83,107,15,58,115]",,,,489m 4566p 34679s 2z,,,,,,,,
20260403164257_0002_008,20260403164257_0002,20260403164257,0002,2,Moriotto,132,7z,confirmed_tedashi,1775202610,4153.677,,0,,"[32,53,85,99,51,92,29,59,83,107,15,58,115]",,,,489m 4566p 34679s 2z,,,,,,,,
20260403164257_0002_009,20260403164257_0002,20260403164257,0002,3,michi,79,2s,confirmed_tedashi,1775202614,3253.839,,1,203.357,"[32,53,85,99,51,92,29,59,83,107,15,58,115]",,,,489m 4566p 34679s 2z,,,,,,,,
20260403164257_0002_010,20260403164257_0002,20260403164257,0002,0,パシフィック,34,9m,confirmed_tsumogiri,1775202614,482.521,,0,,"[32,53,85,99,51,92,29,59,83,107,15,58,115]",,,,489m 4566p 34679s 2z,,,,3,3,5,10,0
20260403164257_0002_011,20260403164257_0002,20260403164257,0002,1,百事可楽,28,8m,confirmed_tedashi,1775202618,3538.256,,1,1921.653,"[32,53,85,99,51,92,29,59,83,107,15,58,115]",,,,489m 4566p 34679s 2z,,,,,,,,
20260403164257_0002_012,20260403164257_0002,20260403164257,0002,2,Moriotto,127,5z,confirmed_tedashi,1775202623,2824.903,,0,,"[32,53,85,99,51,92,29,59,83,107,15,58,115]",,,,489m 4566p 34679s 2z,,,,,,,,
20260403164257_0002_013,20260403164257_0002,20260403164257,0002,3,michi,41,2p,confirmed_tedashi,1775202626,3482.344,,0,,"[32,53,85,99,51,92,29,59,83,107,15,58,115]",,,,489m 4566p 34679s 2z,,,,,,,,
20260403164257_0002_014,20260403164257_0002,20260403164257,0002,0,パシフィック,80,3s,confirmed_tsumogiri,1775202627,684.455,,0,,"[32,53,85,99,51,92,29,59,83,107,15,58,115]",,,,489m 4566p 34679s 2z,,,,3,3,5,10,1
20260403164257_0002_015,20260403164257_0002,20260403164257,0002,1,百事可楽,72,1s,estimated_tsumogiri,1775202630,3182.282,,1,1924.123,"[32,53,85,99,51,92,29,59,83,107,15,58,115]",,,,489m 4566p 34679s 2z,,,,,,,,
20260403164257_0002_016,20260403164257_0002,20260403164257,0002,2,Moriotto,113,2z,estimated_tsumogiri,1775202633,1381.471,,0,,"[32,53,85,99,51,92,29,59,83,107,15,58,115]",,,,489m 4566p 34679s 2z,,,,,,,,
20260403164257_0002_017,20260403164257_0002,20260403164257,0002,3,michi,31,8m,confirmed_tedashi,1775202636,2345.721,,0,,"[32,53,85,99,51,92,29,59,83,107,15,58,115]",,,,489m 4566p 34679s 2z,,,,,,,,
20260403164257_0002_018,20260403164257_0002,20260403164257,0002,0,パシフィック,70,9p,confirmed_tsumogiri,1775202636,680.191,,1,2094.217,"[32,53,85,99,51,92,29,59,83,107,15,58,115]",,,,489m 4566p 34679s 2z,,,,3,3,5,10,0
20260403164257_0002_019,20260403164257_0002,20260403164257,0002,1,百事可楽,35,9m,estimated_tsumogiri,1775202640,1617.459,,0,,"[32,53,85,99,51,92,29,59,83,107,15,58,115]",,,,489m 4566p 34679s 2z,,,,,,,,
20260403164257_0002_020,20260403164257_0002,20260403164257,0002,2,Moriotto,110,1z,confirmed_tedashi,1775202642,2127.908,,0,,"[32,53,85,99,51,92,29,59,83,107,15,58,115]",,,,489m 4566p 34679s 2z,,,,,,,,
20260403164257_0002_021,20260403164257_0002,20260403164257,0002,3,michi,101,8s,confirmed_tedashi,1775202647,4401.815,,1,216.113,"[32,53,85,99,51,92,29,59,83,107,15,58,115]",,,,489m 4566p 34679s 2z,,,,,,,,
20260403164257_0002_022,20260403164257_0002,20260403164257,0002,0,パシフィック,105,9s,confirmed_tsumogiri,1775202647,476.003,,1,2944.636,"[32,53,85,99,51,92,29,59,83,107,15,58,115]",,,,489m 4566p 34679s 2z,,,,3,3,5,10,0
20260403164257_0002_023,20260403164257_0002,20260403164257,0002,1,百事可楽,68,9p,confirmed_tedashi,1775202655,4779.927,,0,,"[32,53,85,99,51,92,29,59,83,107,15,58,115]",,,,489m 4566p 34679s 2z,,,,,,,,
20260403164257_0002_024,20260403164257_0002,20260403164257,0002,2,Moriotto,69,9p,confirmed_tedashi,1775202657,2380.921,,0,,"[32,53,85,99,51,92,29,59,83,107,15,58,115]",,,,489m 4566p 34679s 2z,,,,,,,,
20260403164257_0002_025,20260403164257_0002,20260403164257,0002,3,michi,38,1p,estimated_tsumogiri,1775202660,2552.177,,0,,"[32,53,85,99,51,92,29,59,83,107,15,58,115]",,,,489m 4566p 34679s 2z,,,,,,,,
20260403164257_0002_026,20260403164257_0002,20260403164257,0002,0,パシフィック,48,4p,confirmed_tsumogiri,1775202661,694.779,,0,,"[32,53,85,99,51,92,29,59,83,107,15,58,115]",,,,489m 4566p 34679s 2z,,,,3,3,5,10,0
20260403164257_0002_027,20260403164257_0002,20260403164257,0002,1,百事可楽,71,9p,confirmed_tedashi,1775202663,2887.722,,0,,"[32,53,85,99,51,92,29,59,83,107,15,58,115]",,,,489m 4566p 34679s 2z,,,,,,,,
20260403164257_0002_028,20260403164257_0002,20260403164257,0002,2,Moriotto,46,3p,confirmed_tedashi,1775202667,3242.083,,1,2902.4,"[32,53,85,99,51,92,29,59,83,107,15,58,115]",,,,489m 4566p 34679s 2z,,,,,,,,
20260403164257_0002_029,20260403164257_0002,20260403164257,0002,3,michi,126,5z,estimated_tsumogiri,1775202672,2846.446,,0,,"[32,53,85,99,51,92,29,59,83,107,15,58,115]",,,,489m 4566p 34679s 2z,,,,,,,,
20260403164257_0002_030,20260403164257_0002,20260403164257,0002,0,パシフィック,7,2m,confirmed_tsumogiri,1775202673,707.464,,0,,"[32,53,85,99,51,92,29,59,83,107,15,58,115]",,,,489m 4566p 34679s 2z,,,,3,3,5,10,0
20260403164257_0002_031,20260403164257_0002,20260403164257,0002,1,百事可楽,60,7p,confirmed_tedashi,1775202676,3326.814,,1,2544.648,"[32,53,85,99,51,92,29,59,83,107,15,58,115]",,,,489m 4566p 34679s 2z,,,,,,,,
20260403164257_0002_032,20260403164257_0002,20260403164257,0002,2,Moriotto,42,2p,estimated_tsumogiri,1775202682,2919.923,,0,,"[32,53,85,99,51,92,29,59,83,107,15,58,115]",,,,489m 4566p 34679s 2z,,,,,,,,
20260403164257_0002_033,20260403164257_0002,20260403164257,0002,3,michi,104,9s,confirmed_tedashi,1775202685,3192.278,,0,,"[32,53,85,99,51,92,29,59,83,107,15,58,115]",,,,489m 4566p 34679s 2z,,,,,,,,
20260403164257_0002_034,20260403164257_0002,20260403164257,0002,0,パシフィック,5,2m,confirmed_tsumogiri,1775202686,684.149,,0,,"[32,53,85,99,51,92,29,59,83,107,15,58,115]",,,,489m 4566p 34679s 2z,,,,3,3,5,10,0
20260403164257_0002_035,20260403164257_0002,20260403164257,0002,1,百事可楽,97,7s,confirmed_tedashi,1775202690,4049.81,,0,,"[32,53,85,99,51,92,29,59,83,107,15,58,115]",,,,489m 4566p 34679s 2z,,,,,,,,
20260403164257_0002_036,20260403164257_0002,20260403164257,0002,2,Moriotto,111,1z,estimated_tsumogiri,1775202692,2130.499,,0,,"[32,53,85,99,51,92,29,59,83,107,15,58,115]",,,,489m 4566p 34679s 2z,,,,,,,,
20260403164257_0002_037,20260403164257_0002,20260403164257,0002,3,michi,106,9s,confirmed_tedashi,1775202697,5150.84,,0,,"[32,53,85,99,51,92,29,59,83,107,15,58,115]",,,,489m 4566p 34679s 2z,,,,,,,,
20260403164257_0002_038,20260403164257_0002,20260403164257,0002,0,パシフィック,76,2s,confirmed_tsumogiri,1775202698,687.327,,0,,"[32,53,85,99,51,92,29,59,83,107,15,58,115]",,,,489m 4566p 34679s 2z,,,,3,3,5,10,0
20260403164257_0002_039,20260403164257_0002,20260403164257,0002,1,百事可楽,108,1z,estimated_tsumogiri,1775202701,2762.33,,0,,"[32,53,85,99,51,92,29,59,83,107,15,58,115]",,,,489m 4566p 34679s 2z,,,,,,,,
20260403164257_0002_040,20260403164257_0002,20260403164257,0002,2,Moriotto,37,1p,confirmed_tedashi,1775202707,6819.669,,0,,"[32,53,85,99,51,92,29,59,83,107,15,58,115]",,,,489m 4566p 34679s 2z,,,,,,,,
20260403164257_0002_041,20260403164257_0002,20260403164257,0002,3,michi,18,5m,confirmed_tedashi,1775202711,3612.011,,0,,"[32,53,85,99,51,92,29,59,83,107,15,58,115]",,,,489m 4566p 34679s 2z,,,,,,,,
20260403164257_0002_042,20260403164257_0002,20260403164257,0002,0,パシフィック,130,6z,confirmed_tsumogiri,1775202712,697.21,,1,3207.268,"[32,53,85,99,51,92,29,59,83,107,15,58,115]",,,,489m 4566p 34679s 2z,,,,3,3,5,10,0
20260403164257_0002_043,20260403164257_0002,20260403164257,0002,1,百事可楽,112,2z,estimated_tsumogiri,1775202717,1965.748,,0,,"[32,53,85,99,51,92,29,59,83,107,15,58,115]",,,,489m 4566p 34679s 2z,,,,,,,,
20260403164257_0002_044,20260403164257_0002,20260403164257,0002,2,Moriotto,45,3p,estimated_tsumogiri,1775202720,2773.868,,1,3284.469,"[32,53,85,99,51,92,29,59,83,107,15,58,115]",,,,489m 4566p 34679s 2z,,,,,,,,
20260403164257_0002_045,20260403164257_0002,20260403164257,0002,3,michi,40,2p,estimated_tsumogiri,1775202725,2186.854,,0,,"[32,53,85,99,51,92,29,59,83,107,15,58,115]",,,,489m 4566p 34679s 2z,,,,,,,,
20260403164257_0002_046,20260403164257_0002,20260403164257,0002,0,パシフィック,55,5p,confirmed_tsumogiri,1775202726,680.838,,0,,"[32,53,85,99,51,92,29,59,83,107,15,58,115]",,,,489m 4566p 34679s 2z,,,,3,3,5,10,0
20260403164257_0002_047,20260403164257_0002,20260403164257,0002,1,百事可楽,39,1p,confirmed_tedashi,1775202732,6578.139,,0,,"[32,53,85,99,51,92,29,59,83,107,15,58,115]",,,,489m 4566p 34679s 2z,,,,,,,,
20260403164257_0002_048,20260403164257_0002,20260403164257,0002,2,Moriotto,116,3z,estimated_tsumogiri,1775202735,2281.007,,0,,"[32,53,85,99,51,92,29,59,83,107,15,58,115]",,,,489m 4566p 34679s 2z,,,,,,,,
20260403164257_0002_049,20260403164257_0002,20260403164257,0002,3,michi,123,4z,confirmed_tedashi,1775202738,3269.701,,0,,"[32,53,85,99,51,92,29,59,83,107,15,58,115]",,,,489m 4566p 34679s 2z,,,,,,,,
20260403164257_0002_050,20260403164257_0002,20260403164257,0002,0,パシフィック,118,3z,confirmed_tsumogiri,1775202739,697.173,,0,,"[32,53,85,99,51,92,29,59,83,107,15,58,115]",,,,489m 4566p 34679s 2z,,,,3,3,5,10,0
20260403164257_0002_051,20260403164257_0002,20260403164257,0002,1,百事可楽,65,8p,estimated_tsumogiri,1775202753,14058.157,,0,,"[32,53,85,99,51,92,29,59,83,107,15,58,115]",,,,489m 4566p 34679s 2z,,,,,,,,
20260403164257_0002_052,20260403164257_0002,20260403164257,0002,2,Moriotto,98,7s,confirmed_tedashi,1775202758,5079.821,,1,3023.418,"[32,53,85,99,51,92,29,59,83,107,15,58,115]",,,,489m 4566p 34679s 2z,,,,,,,,
20260403164257_0002_053,20260403164257_0002,20260403164257,0002,3,michi,66,8p,estimated_tsumogiri,1775202768,6862.875,,0,,"[32,53,85,99,51,92,29,59,83,107,15,58,115]",,,,489m 4566p 34679s 2z,,,,,,,,
20260403164257_0002_054,20260403164257_0002,20260403164257,0002,0,パシフィック,74,1s,confirmed_tsumogiri,1775202768,707.658,,0,,"[32,53,85,99,51,92,29,59,83,107,15,58,115]",,,,489m 4566p 34679s 2z,,,,3,3,5,10,0
20260403164257_0002_055,20260403164257_0002,20260403164257,0002,1,百事可楽,64,8p,estimated_tsumogiri,1775202771,2463.141,,0,,"[32,53,85,99,51,92,29,59,83,107,15,58,115]",,,,489m 4566p 34679s 2z,,,,,,,,
20260403164257_0002_056,20260403164257_0002,20260403164257,0002,2,Moriotto,100,8s,confirmed_tedashi,1775202774,3622.966,,0,,"[32,53,85,99,51,92,29,59,83,107,15,58,115]",,,,489m 4566p 34679s 2z,,,,,,,,
20260403164257_0002_057,20260403164257_0002,20260403164257,0002,3,michi,78,2s,estimated_tsumogiri,1775202778,3110.098,,1,205.431,"[32,53,85,99,51,92,29,59,83,107,15,58,115]",,,,489m 4566p 34679s 2z,,,,,,,,
20260403164257_0002_058,20260403164257_0002,20260403164257,0002,0,パシフィック,117,3z,confirmed_tsumogiri,1775202778,484.97,,0,,"[32,53,85,99,51,92,29,59,83,107,15,58,115]",,,,489m 4566p 34679s 2z,,,,3,3,5,10,0
20260403164257_0002_059,20260403164257_0002,20260403164257,0002,1,百事可楽,84,4s,estimated_tsumogiri,1775202784,1335.782,3946.804,1,4094.213,"[32,53,85,99,51,92,29,59,83,107,15,58,115]",,,,489m 4566p 34679s 2z,,,,,,,,
20260403164257_0002_060,20260403164257_0002,20260403164257,0002,2,Moriotto,134,7z,estimated_tsumogiri,1775202793,5018.064,,0,,"[32,53,85,99,51,92,29,59,83,107,15,58,115]",,,,489m 4566p 34679s 2z,,,,,,,,
20260403164257_0002_061,20260403164257_0002,20260403164257,0002,3,michi,0,1m,confirmed_tedashi,1775202802,8901.058,,0,,"[32,53,85,99,51,92,29,59,83,107,15,58,115]",,,,489m 4566p 34679s 2z,,,,,,,,
20260403164257_0002_062,20260403164257_0002,20260403164257,0002,0,パシフィック,133,7z,confirmed_tsumogiri,1775202802,713.424,,0,,"[32,53,85,99,51,92,29,59,83,107,15,58,115]",,,,489m 4566p 34679s 2z,,,,3,3,5,10,0
20260403164257_0002_063,20260403164257_0002,20260403164257,0002,1,百事可楽,56,6p,estimated_tsumogiri,1775202803,1145.451,,1,2477.489,"[32,53,85,99,51,92,29,59,83,107,15,58,115]",,,,489m 4566p 34679s 2z,,,,,,,,
20260403164257_0002_064,20260403164257_0002,20260403164257,0002,2,Moriotto,73,1s,confirmed_tedashi,1775202810,3955.61,,0,,"[32,53,85,99,51,92,29,59,83,107,15,58,115]",,,,489m 4566p 34679s 2z,,,,,,,,
20260403164257_0002_065,20260403164257_0002,20260403164257,0002,3,michi,33,9m,estimated_tsumogiri,1775202815,4694.685,,0,,"[32,53,85,99,51,92,29,59,83,107,15,58,115]",,,,489m 4566p 34679s 2z,,,,,,,,
20260403164257_0002_066,20260403164257_0002,20260403164257,0002,0,パシフィック,120,4z,confirmed_tsumogiri,1775202815,704.163,,0,,"[32,53,85,99,51,92,29,59,83,107,15,58,115]",,,,489m 4566p 34679s 2z,,,,3,3,5,10,0
20260403164257_0002_067,20260403164257_0002,20260403164257,0002,1,百事可楽,27,7m,estimated_tsumogiri,1775202816,1217.751,,0,,"[32,53,85,99,51,92,29,59,83,107,15,58,115]",,,,489m 4566p 34679s 2z,,,,,,,,
20260403164257_0002_068,20260403164257_0002,20260403164257,0002,2,Moriotto,82,3s,confirmed_tedashi,1775202823,6795.886,,0,,"[32,53,85,99,51,92,29,59,83,107,15,58,115]",,,,489m 4566p 34679s 2z,,,,,,,,
20260403164257_0002_069,20260403164257_0002,20260403164257,0002,3,michi,36,1p,estimated_tsumogiri,1775202826,3094.288,,0,,"[32,53,85,99,51,92,29,59,83,107,15,58,115]",,,,489m 4566p 34679s 2z,,,,,,,,
20260403164257_0003_000,20260403164257_0003,20260403164257,0003,2,Moriotto,70,9p,confirmed_tedashi,1775202841,7463.202,,1,2064.994,"[126,57,3,90,32,19,75,26,65,93,81,10,118]",,,,13579m 68p 1356s 35z,,,,,,,,
20260403164257_0003_001,20260403164257_0003,20260403164257,0003,3,michi,0,1m,confirmed_tedashi,1775202847,3922.67,,0,,"[126,57,3,90,32,19,75,26,65,93,81,10,118]",,,,13579m 68p 1356s 35z,,,,,,,,
20260403164257_0003_002,20260403164257_0003,20260403164257,0003,0,パシフィック,75,1s,confirmed_tedashi,1775202859,11788.39,,0,,"[126,57,3,90,32,19,26,65,93,81,10,118,128]",,,,13579m 68p 356s 356z,,,,4,4,6,8,0
20260403164257_0003_003,20260403164257_0003,20260403164257,0003,1,百事可楽,109,1z,confirmed_tedashi,1775202860,1241.975,,0,,"[126,57,3,90,32,19,26,65,93,81,10,118,128]",,,,13579m 68p 356s 356z,,,,,,,,
20260403164257_0003_004,20260403164257_0003,20260403164257,0003,2,Moriotto,119,3z,confirmed_tedashi,1775202864,3087.489,,0,,"[126,57,3,90,32,19,26,65,93,81,10,118,128]",,,,13579m 68p 356s 356z,,,,,,,,
20260403164257_0003_005,20260403164257_0003,20260403164257,0003,3,michi,8,3m,confirmed_tedashi,1775202869,5467.475,,0,,"[126,57,3,90,32,19,26,65,93,81,10,118,128]",,,,13579m 68p 356s 356z,,,,,,,,
20260403164257_0003_006,20260403164257_0003,20260403164257,0003,0,パシフィック,83,3s,confirmed_tsumogiri,1775202870,695.457,,0,,"[126,57,3,90,32,19,26,65,93,81,10,118,128]",,,,13579m 68p 356s 356z,,,,4,4,6,8,0
20260403164257_0003_007,20260403164257_0003,20260403164257,0003,1,百事可楽,33,9m,confirmed_tedashi,1775202877,7489.355,,1,1975.668,"[126,57,3,90,32,19,26,65,93,81,10,118,128]",,,,13579m 68p 356s 356z,,,,,,,,
20260403164257_0003_008,20260403164257_0003,20260403164257,0003,2,Moriotto,121,4z,estimated_tsumogiri,1775202881,1974.663,,0,,"[126,57,3,90,32,19,26,65,93,81,10,118,128]",,,,13579m 68p 356s 356z,,,,,,,,
20260403164257_0003_009,20260403164257_0003,20260403164257,0003,3,michi,131,6z,estimated_tsumogiri,1775202884,2545.668,,0,,"[126,57,3,90,32,19,26,65,93,81,10,118,128]",,,,13579m 68p 356s 356z,,,,,,,,
20260403164257_0003_010,20260403164257_0003,20260403164257,0003,0,パシフィック,92,6s,confirmed_tsumogiri,1775202884,710.545,,1,4286.236,"[126,57,3,90,32,19,26,65,93,81,10,118,128]",,,,13579m 68p 356s 356z,,,,4,4,6,8,1
20260403164257_0003_011,20260403164257_0003,20260403164257,0003,1,百事可楽,9,3m,confirmed_tedashi,1775202889,1286.263,,1,2022.467,"[126,57,3,90,32,19,26,65,93,81,10,118,128]",,,,13579m 68p 356s 356z,,,,,,,,
20260403164257_0003_012,20260403164257_0003,20260403164257,0003,2,Moriotto,115,2z,confirmed_tedashi,1775202893,2363.366,,0,,"[126,57,3,90,32,19,26,65,93,81,10,118,128]",,,,13579m 68p 356s 356z,,,,,,,,
20260403164257_0003_013,20260403164257_0003,20260403164257,0003,3,michi,129,6z,estimated_tsumogiri,1775202896,2778.512,,0,,"[126,57,3,90,32,19,26,65,93,81,10,118,128]",,,,13579m 68p 356s 356z,,,,,,,,
20260403164257_0003_014,20260403164257_0003,20260403164257,0003,0,パシフィック,84,4s,confirmed_tsumogiri,1775202897,701.61,,0,,"[126,57,3,90,32,19,26,65,93,81,10,118,128]",,,,13579m 68p 356s 356z,,,,4,4,6,8,0
20260403164257_0003_015,20260403164257_0003,20260403164257,0003,1,百事可楽,86,4s,estimated_tsumogiri,1775202901,4284.637,,0,,"[126,57,3,90,32,19,26,65,93,81,10,118,128]",,,,13579m 68p 356s 356z,,,,,,,,
20260403164257_0003_016,20260403164257_0003,20260403164257,0003,2,Moriotto,123,4z,estimated_tsumogiri,1775202903,2603.874,,0,,"[126,57,3,90,32,19,26,65,93,81,10,118,128]",,,,13579m 68p 356s 356z,,,,,,,,
20260403164257_0003_017,20260403164257_0003,20260403164257,0003,3,michi,78,2s,estimated_tsumogiri,1775202906,2743.176,,2,1652.259,"[126,57,3,90,32,19,26,65,93,81,10,118,128]",,,,13579m 68p 356s 356z,,,,,,,,
20260403164257_0003_018,20260403164257_0003,20260403164257,0003,1,百事可楽,24,7m,confirmed_tedashi,1775202911,2726.343,,1,2653.451,"[126,57,3,90,32,19,26,65,93,81,10,118,128]",,,,13579m 68p 356s 356z,,,,,,,,
20260403164257_0003_019,20260403164257_0003,20260403164257,0003,2,Moriotto,72,1s,confirmed_tedashi,1775202917,3600.598,,0,,"[126,57,3,90,32,19,26,65,93,81,10,118,128]",,,,13579m 68p 356s 356z,,,,,,,,
20260403164257_0003_020,20260403164257_0003,20260403164257,0003,3,michi,125,5z,estimated_tsumogiri,1775202919,2327.667,,0,,"[126,57,3,90,32,19,26,65,93,81,10,118,128]",,,,13579m 68p 356s 356z,,,,,,,,
20260403164257_0003_021,20260403164257_0003,20260403164257,0003,0,パシフィック,40,2p,confirmed_tsumogiri,1775202920,703.231,,0,,"[126,57,3,90,32,19,26,65,93,81,10,118,128]",,,,13579m 68p 356s 356z,,,,4,4,6,8,0
20260403164257_0003_022,20260403164257_0003,20260403164257,0003,1,百事可楽,134,7z,estimated_tsumogiri,1775202924,4024.935,,0,,"[126,57,3,90,32,19,26,65,93,81,10,118,128]",,,,13579m 68p 356s 356z,,,,,,,,
20260403164257_0003_023,20260403164257_0003,20260403164257,0003,2,Moriotto,101,8s,confirmed_tedashi,1775202932,8608.865,,1,1968.334,"[126,57,3,90,32,19,26,65,93,81,10,118,128]",,,,13579m 68p 356s 356z,,,,,,,,
20260403164257_0003_024,20260403164257_0003,20260403164257,0003,3,michi,44,3p,confirmed_tedashi,1775202938,4071.61,,0,,"[126,57,3,90,32,19,26,65,93,81,10,118,128]",,,,13579m 68p 356s 356z,,,,,,,,
20260403164257_0003_025,20260403164257_0003,20260403164257,0003,0,パシフィック,41,2p,confirmed_tsumogiri,1775202939,717.0,,0,,"[126,57,3,90,32,19,26,65,93,81,10,118,128]",,,,13579m 68p 356s 356z,,,,4,4,6,8,0
20260403164257_0003_026,20260403164257_0003,20260403164257,0003,1,百事可楽,97,7s,estimated_tsumogiri,1775202943,3674.139,,1,2609.57,"[126,57,3,90,32,19,26,65,93,81,10,118,128]",,,,13579m 68p 356s 356z,,,,,,,,
20260403164257_0003_027,20260403164257_0003,20260403164257,0003,2,Moriotto,103,8s,confirmed_tedashi,1775202950,4567.382,,1,2144.552,"[126,57,3,90,32,19,26,65,93,81,10,118,128]",,,,13579m 68p 356s 356z,,,,,,,,
20260403164257_0003_028,20260403164257_0003,20260403164257,0003,3,michi,28,8m,estimated_tsumogiri,1775202955,3298.418,,1,206.173,"[126,57,3,90,32,19,26,65,93,81,10,118,128]",,,,13579m 68p 356s 356z,,,,,,,,
20260403164257_0003_029,20260403164257_0003,20260403164257,0003,0,パシフィック,50,4p,confirmed_tsumogiri,1775202956,509.911,,0,,"[126,57,3,90,32,19,26,65,93,81,10,118,128]",,,,13579m 68p 356s 356z,,,,4,4,6,8,0
20260403164257_0003_030,20260403164257_0003,20260403164257,0003,1,百事可楽,22,6m,estimated_tsumogiri,1775202959,2839.921,,1,4186.416,"[126,57,3,90,32,19,26,65,93,81,10,118,128]",,,,13579m 68p 356s 356z,,,,,,,,
20260403164257_0003_031,20260403164257_0003,20260403164257,0003,2,Moriotto,43,2p,confirmed_tedashi,1775202966,2934.362,,1,2204.896,"[126,57,3,90,32,19,26,65,93,81,10,118,128]",,,,13579m 68p 356s 356z,,,,,,,,
20260403164257_0003_032,20260403164257_0003,20260403164257,0003,3,michi,11,3m,estimated_tsumogiri,1775202972,1063.338,2456.966,0,,"[126,57,3,90,32,19,26,65,93,81,10,118,128]",,,,13579m 68p 356s 356z,,,,,,,,
20260403164257_0003_033,20260403164257_0003,20260403164257,0003,0,パシフィック,27,7m,confirmed_tsumogiri,1775202973,679.262,,0,,"[126,57,3,90,32,19,26,65,93,81,10,118,128]",,,,13579m 68p 356s 356z,,,,4,4,6,8,0
20260403164257_0003_034,20260403164257_0003,20260403164257,0003,1,百事可楽,130,6z,estimated_tsumogiri,1775202976,3523.154,,0,,"[126,57,3,90,32,19,26,65,93,81,10,118,128]",,,,13579m 68p 356s 356z,,,,,,,,
20260403164257_0003_035,20260403164257_0003,20260403164257,0003,2,Moriotto,47,3p,estimated_tsumogiri,1775202980,4166.321,,0,,"[126,57,3,90,32,19,26,65,93,81,10,118,128]",,,,13579m 68p 356s 356z,,,,,,,,
20260403164257_0003_036,20260403164257_0003,20260403164257,0003,3,michi,85,4s,estimated_tsumogiri,1775202981,635.158,,1,754.823,"[126,57,3,90,32,19,26,65,93,81,10,118,128]",,,,13579m 68p 356s 356z,,,,,,,,
20260403164257_0003_037,20260403164257_0003,20260403164257,0003,0,パシフィック,54,5p,confirmed_tsumogiri,1775202982,485.076,,0,,"[126,57,3,90,32,19,26,65,93,81,10,118,128]",,,,13579m 68p 356s 356z,,,,4,4,6,8,0
20260403164257_0003_038,20260403164257_0003,20260403164257,0003,1,百事可楽,1,1m,estimated_tsumogiri,1775202986,3762.341,,0,,"[126,57,3,90,32,19,26,65,93,81,10,118,128]",,,,13579m 68p 356s 356z,,,,,,,,
20260403164257_0003_039,20260403164257_0003,20260403164257,0003,2,Moriotto,120,4z,estimated_tsumogiri,1775202989,2661.665,,0,,"[126,57,3,90,32,19,26,65,93,81,10,118,128]",,,,13579m 68p 356s 356z,,,,,,,,
20260403164257_0003_040,20260403164257_0003,20260403164257,0003,3,michi,34,9m,estimated_tsumogiri,1775202989,723.849,,0,,"[126,57,3,90,32,19,26,65,93,81,10,118,128]",,,,13579m 68p 356s 356z,,,,,,,,
20260403164257_0003_041,20260403164257_0003,20260403164257,0003,0,パシフィック,124,5z,confirmed_tsumogiri,1775202990,1131.158,,0,,"[126,57,3,90,32,19,26,65,93,81,10,118,128]",,,,13579m 68p 356s 356z,,,,4,4,6,8,0
20260403164257_0003_042,20260403164257_0003,20260403164257,0003,1,百事可楽,133,7z,estimated_tsumogiri,1775202993,2352.766,,0,,"[126,57,3,90,32,19,26,65,93,81,10,118,128]",,,,13579m 68p 356s 356z,,,,,,,,
20260403164257_0003_043,20260403164257_0003,20260403164257,0003,2,Moriotto,39,1p,confirmed_tedashi,1775202998,5199.934,,1,6888.116,"[126,57,3,90,32,19,26,65,93,81,10,118,128]",,,,13579m 68p 356s 356z,,,,,,,,
20260403164257_0003_044,20260403164257_0003,20260403164257,0003,1,百事可楽,55,5p,confirmed_tedashi,1775203005,4520.18,,1,2944.484,"[126,57,3,90,32,19,26,65,93,81,10,118,128]",,,,13579m 68p 356s 356z,,,,,,,,
20260403164257_0003_045,20260403164257_0003,20260403164257,0003,2,Moriotto,99,7s,confirmed_tedashi,1775203016,7733.556,,0,,"[126,57,3,90,32,19,26,65,93,81,10,118,128]",,,,13579m 68p 356s 356z,,,,,,,,
20260403164257_0003_046,20260403164257_0003,20260403164257,0003,3,michi,74,1s,estimated_tsumogiri,1775203016,695.798,,0,,"[126,57,3,90,32,19,26,65,93,81,10,118,128]",,,,13579m 68p 356s 356z,,,,,,,,
20260403164257_0003_047,20260403164257_0003,20260403164257,0003,0,パシフィック,56,6p,confirmed_tsumogiri,1775203017,1160.5,,0,,"[126,57,3,90,32,19,26,65,93,81,10,118,128]",,,,13579m 68p 356s 356z,,,,4,4,6,8,0
20260403164257_0100_000,20260403164257_0100,20260403164257,0100,3,michi,112,2z,confirmed_tedashi,1775203039,6437.131,,0,,"[83,95,52,40,91,6,33,31,11,84,8,49,102]",,,,23389m 24r5p 34568s,,,,,,,,
20260403164257_0100_001,20260403164257_0100,20260403164257,0100,0,パシフィック,66,8p,confirmed_tsumogiri,1775203040,690.619,,1,3716.602,"[83,95,52,40,91,6,33,31,11,84,8,49,102]",,,,23389m 24r5p 34568s,,,,2,2,5,12,0
20260403164257_0100_002,20260403164257_0100,20260403164257,0100,1,百事可楽,123,4z,confirmed_tedashi,1775203045,1256.387,,0,,"[83,95,52,40,91,6,33,31,11,84,8,49,102]",,,,23389m 24r5p 34568s,,,,,,,,
20260403164257_0100_003,20260403164257_0100,20260403164257,0100,2,Moriotto,117,3z,confirmed_tedashi,1775203048,3184.365,,0,,"[83,95,52,40,91,6,33,31,11,84,8,49,102]",,,,23389m 24r5p 34568s,,,,,,,,
20260403164257_0100_004,20260403164257_0100,20260403164257,0100,3,michi,116,3z,confirmed_tedashi,1775203051,3128.009,,0,,"[83,95,52,40,91,6,33,31,11,84,8,49,102]",,,,23389m 24r5p 34568s,,,,,,,,
20260403164257_0100_005,20260403164257_0100,20260403164257,0100,0,パシフィック,128,6z,confirmed_tsumogiri,1775203052,682.717,,2,1844.297,"[83,95,52,40,91,6,33,31,11,84,8,49,102]",,,,23389m 24r5p 34568s,,,,2,2,5,12,0
20260403164257_0100_006,20260403164257_0100,20260403164257,0100,1,百事可楽,75,1s,confirmed_tedashi,1775203057,3808.157,,0,,"[83,95,52,40,91,6,33,31,11,84,8,49,102]",,,,23389m 24r5p 34568s,,,,,,,,
20260403164257_0100_007,20260403164257_0100,20260403164257,0100,2,Moriotto,131,6z,confirmed_tedashi,1775203060,2896.931,,0,,"[83,95,52,40,91,6,33,31,11,84,8,49,102]",,,,23389m 24r5p 34568s,,,,,,,,
20260403164257_0100_008,20260403164257_0100,20260403164257,0100,3,michi,118,3z,estimated_tsumogiri,1775203063,3280.013,,0,,"[83,95,52,40,91,6,33,31,11,84,8,49,102]",,,,23389m 24r5p 34568s,,,,,,,,
20260403164257_0100_009,20260403164257_0100,20260403164257,0100,0,パシフィック,92,6s,confirmed_tsumogiri,1775203064,687.504,,1,3057.015,"[83,95,52,40,91,6,33,31,11,84,8,49,102]",,,,23389m 24r5p 34568s,,,,2,2,5,12,0
20260403164257_0100_010,20260403164257_0100,20260403164257,0100,1,百事可楽,115,2z,estimated_tsumogiri,1775203068,1207.411,,0,,"[83,95,52,40,91,6,33,31,11,84,8,49,102]",,,,23389m 24r5p 34568s,,,,,,,,
20260403164257_0100_011,20260403164257_0100,20260403164257,0100,2,Moriotto,113,2z,confirmed_tedashi,1775203072,3786.715,,0,,"[83,95,52,40,91,6,33,31,11,84,8,49,102]",,,,23389m 24r5p 34568s,,,,,,,,
20260403164257_0100_012,20260403164257_0100,20260403164257,0100,3,michi,1,1m,confirmed_tedashi,1775203076,3869.187,,1,197.109,"[83,95,52,40,91,6,33,31,11,84,8,49,102]",,,,23389m 24r5p 34568s,,,,,,,,
20260403164257_0100_013,20260403164257_0100,20260403164257,0100,0,パシフィック,101,8s,confirmed_tsumogiri,1775203077,485.004,,0,,"[83,95,52,40,91,6,33,31,11,84,8,49,102]",,,,23389m 24r5p 34568s,,,,2,2,5,12,0
20260403164257_0100_014,20260403164257_0100,20260403164257,0100,1,百事可楽,46,3p,estimated_tsumogiri,1775203081,4238.591,,0,,"[83,95,52,40,91,6,33,31,11,84,8,49,102]",,,,23389m 24r5p 34568s,,,,,,,,
20260403164257_0100_015,20260403164257_0100,20260403164257,0100,2,Moriotto,110,1z,confirmed_tedashi,1775203085,3728.313,,0,,"[83,95,52,40,91,6,33,31,11,84,8,49,102]",,,,23389m 24r5p 34568s,,,,,,,,
20260403164257_0100_016,20260403164257_0100,20260403164257,0100,3,michi,4,2m,confirmed_tedashi,1775203088,3007.941,,0,,"[83,95,52,40,91,6,33,31,11,84,8,49,102]",,,,23389m 24r5p 34568s,,,,,,,,
20260403164257_0100_017,20260403164257_0100,20260403164257,0100,0,パシフィック,13,4m,confirmed_tsumogiri,1775203088,692.547,,0,,"[83,95,52,40,91,6,33,31,11,84,8,49,102]",,,,23389m 24r5p 34568s,,,,2,2,5,12,0
20260403164257_0100_018,20260403164257_0100,20260403164257,0100,1,百事可楽,26,7m,confirmed_tedashi,1775203093,4265.931,,1,1730.081,"[83,95,52,40,91,6,33,31,11,84,8,49,102]",,,,23389m 24r5p 34568s,,,,,,,,
20260403164257_0100_019,20260403164257_0100,20260403164257,0100,2,Moriotto,2,1m,confirmed_tedashi,1775203097,2878.442,,0,,"[83,95,52,40,91,6,33,31,11,84,8,49,102]",,,,23389m 24r5p 34568s,,,,,,,,
20260403164257_0100_020,20260403164257_0100,20260403164257,0100,3,michi,109,1z,confirmed_tedashi,1775203100,2728.83,,0,,"[83,95,52,40,91,6,33,31,11,84,8,49,102]",,,,23389m 24r5p 34568s,,,,,,,,
20260403164257_0100_021,20260403164257_0100,20260403164257,0100,0,パシフィック,132,7z,confirmed_tsumogiri,1775203101,681.687,,1,2631.232,"[83,95,52,40,91,6,33,31,11,84,8,49,102]",,,,23389m 24r5p 34568s,,,,2,2,5,12,0
20260403164257_0100_022,20260403164257_0100,20260403164257,0100,1,百事可楽,104,9s,confirmed_tedashi,1775203112,8908.886,,0,,"[83,95,52,40,91,6,33,31,11,84,8,49,102]",,,,23389m 24r5p 34568s,,,,,,,,
20260403164257_0100_023,20260403164257_0100,20260403164257,0100,2,Moriotto,73,1s,estimated_tsumogiri,1775203115,2505.977,,0,,"[83,95,52,40,91,6,33,31,11,84,8,49,102]",,,,23389m 24r5p 34568s,,,,,,,,
20260403164257_0100_024,20260403164257_0100,20260403164257,0100,3,michi,22,6m,estimated_tsumogiri,1775203121,6323.3,,0,,"[83,95,52,40,91,6,33,31,11,84,8,49,102]",,,,23389m 24r5p 34568s,,,,,,,,
20260403164257_0100_025,20260403164257_0100,20260403164257,0100,0,パシフィック,29,8m,confirmed_tsumogiri,1775203122,715.955,,0,,"[83,95,52,40,91,6,33,31,11,84,8,49,102]",,,,23389m 24r5p 34568s,,,,2,2,5,12,0
20260403164257_0100_026,20260403164257_0100,20260403164257,0100,1,百事可楽,100,8s,confirmed_tedashi,1775203125,3105.763,,0,,"[83,95,52,40,91,6,33,31,11,84,8,49,102]",,,,23389m 24r5p 34568s,,,,,,,,
20260403164257_0100_027,20260403164257_0100,20260403164257,0100,2,Moriotto,9,3m,confirmed_tedashi,1775203130,1931.519,2944.184,1,226.978,"[83,95,52,40,91,6,33,31,11,84,8,49,102]",,,,23389m 24r5p 34568s,,,,,,,,
20260403164257_0100_028,20260403164257_0100,20260403164257,0100,3,michi,42,2p,confirmed_tedashi,1775203136,5697.951,,0,,"[83,95,52,40,91,6,33,31,11,84,8,49,102]",,,,23389m 24r5p 34568s,,,,,,,,
20260403164257_0100_029,20260403164257_0100,20260403164257,0100,0,パシフィック,10,3m,confirmed_tsumogiri,1775203136,693.985,,2,5261.203,"[83,95,52,40,91,6,33,31,11,84,8,49,102]",,,,23389m 24r5p 34568s,,,,2,2,5,12,0
20260403164257_0100_030,20260403164257_0100,20260403164257,0100,1,百事可楽,77,2s,confirmed_tedashi,1775203144,2043.648,,0,,"[83,95,52,40,91,6,33,31,11,84,8,49,102]",,,,23389m 24r5p 34568s,,,,,,,,
20260403164257_0100_031,20260403164257_0100,20260403164257,0100,2,Moriotto,34,9m,estimated_tsumogiri,1775203144,718.831,,0,,"[83,95,52,40,91,6,33,31,11,84,8,49,102]",,,,23389m 24r5p 34568s,,,,,,,,
20260403164257_0100_032,20260403164257_0100,20260403164257,0100,3,michi,63,7p,estimated_tsumogiri,1775203154,9922.206,,0,,"[83,95,52,40,91,6,33,31,11,84,8,49,102]",,,,23389m 24r5p 34568s,,,,,,,,
20260403164257_0200_000,20260403164257_0200,20260403164257,0200,0,パシフィック,112,2z,confirmed_tsumogiri,1775203185,19032.265,,0,,"[118,126,93,13,127,129,1,60,53,128,81,42,59]",,,,14m 2567p 36s 35566z,,,,4,4,4,8,0
