discard_id,kyoku_id,hanchan_id,kyoku_info,player_rel_seat,player_name,discard_tile_136,discard_tile_37,tsumogiri_flag,discard_epoch_s,thinking_time_ms,thinking_time_before_reach_ms,lagged,lag_delay_ms,seat0_hand_tiles_136_json,seat1_hand_tiles_136_json,seat2_hand_tiles_136_json,seat3_hand_tiles_136_json,seat0_hand_tiles_37_text,seat1_hand_tiles_37_text,seat2_hand_tiles_37_text,seat3_hand_tiles_37_text
20260402181650_0000_000,20260402181650_0000,20260402181650,0,1,COLNAG,113,,,1775121420,10358.028,,0,,"[67,7,28,131,16,18,29,76,130,22,129,54,126,57]",,,,2r55688m 568p 2s 5666z,,,
20260402181650_0000_001,20260402181650_0000,20260402181650,0,2,まいふくちゃん,118,,,1775121422,1648.049,,1,1676.036,"[67,7,28,131,16,18,29,76,130,22,129,54,126,57]",,,,2r55688m 568p 2s 5666z,,,
20260402181650_0000_002,20260402181650_0000,20260402181650,0,3,NoName,40,,,1775121424,1103.983,,0,,"[67,7,28,131,16,18,29,76,130,22,129,54,126,57]",,,,2r55688m 568p 2s 5666z,,,
20260402181650_0000_003,20260402181650_0000,20260402181650,0,0,パシフィック,110,,,1775121427,2262.505,,0,,"[67,7,28,131,16,18,29,76,130,22,129,54,126,57]",,,,2r55688m 568p 2s 5666z,,,
20260402181650_0000_004,20260402181650_0000,20260402181650,0,1,COLNAG,5,,,1775121429,2816.174,,0,,"[67,7,28,131,16,18,29,76,130,22,129,54,126,57]",,,,2r55688m 568p 2s 5666z,,,
20260402181650_0000_005,20260402181650_0000,20260402181650,0,2,まいふくちゃん,128,,,1775121431,1575.09,,1,16237.057,"[67,7,28,131,16,18,29,76,130,22,129,54,126,57]",,,,2r55688m 568p 2s 5666z,,,
20260402181650_0000_006,20260402181650_0000,20260402181650,0,3,NoName,39,,,1775121453,5599.377,,0,,"[67,7,28,131,16,18,29,76,130,22,129,54,126,57]",,,,2r55688m 568p 2s 5666z,,,
20260402181650_0000_019,20260402181650_0000,20260402181650,0,2,まいふくちゃん,114,,,1775121504,1924.539,,0,,"[7,16,18,22,28,29,54,67,76,126,129,130,131,12]",,,,24r55688m 58p 2s 5666z,,,
20260402181650_0000_020,20260402181650_0000,20260402181650,0,3,NoName,111,,,1775121506,1605.837,,0,,"[7,16,18,22,28,29,54,67,76,126,129,130,131,12]",,,,24r55688m 58p 2s 5666z,,,
20260402181650_0000_021,20260402181650_0000,20260402181650,0,0,パシフィック,75,,,1775121524,18088.519,,0,,"[7,16,18,22,28,29,54,67,76,126,129,130,131,12]",,,,24r55688m 58p 2s 5666z,,,
20260402181650_0000_022,20260402181650_0000,20260402181650,0,1,COLNAG,72,,,1775121527,3076.818,,0,,"[7,16,18,22,28,29,54,67,76,126,129,130,131,12]",,,,24r55688m 58p 2s 5666z,,,
20260402181650_0000_023,20260402181650_0000,20260402181650,0,2,まいふくちゃん,109,,,1775121529,1915.742,,0,,"[7,16,18,22,28,29,54,67,76,126,129,130,131,12]",,,,24r55688m 58p 2s 5666z,,,
20260402181650_0000_024,20260402181650_0000,20260402181650,0,3,NoName,132,,,1775121531,1917.826,,0,,"[7,16,18,22,28,29,54,67,76,126,129,130,131,12]",,,,24r55688m 58p 2s 5666z,,,
20260402181650_0600_015,20260402181650_0600,20260402181650,600,2,まいふくちゃん,124,,,1775122229,2298.024,,0,,"[14,41,50,52,63,65,66,70,82,91,97,101,13]",,,,44m 24r57889p 3578s,,,
20260402181650_0600_016,20260402181650_0600,20260402181650,600,3,NoName,121,,,1775122230,1284.765,,0,,"[14,41,50,52,63,65,66,70,82,91,97,101,13]",,,,44m 24r57889p 3578s,,,
20260402181650_0600_017,20260402181650_0600,20260402181650,600,0,パシフィック,112,,,1775122248,17763.161,,0,,"[14,41,50,52,63,65,66,70,82,91,97,101,13]",,,,44m 24r57889p 3578s,,,
20260402181650_0600_018,20260402181650_0600,20260402181650,600,1,COLNAG,78,,,1775122254,6047.302,,1,1222.058,"[14,41,50,52,63,65,66,70,82,91,97,101,13]",,,,44m 24r57889p 3578s,,,
20260402181650_0600_019,20260402181650_0600,20260402181650,600,2,まいふくちゃん,120,,,1775122256,927.049,,0,,"[14,41,50,52,63,65,66,70,82,91,97,101,13]",,,,44m 24r57889p 3578s,,,
20260402181650_0600_020,20260402181650_0600,20260402181650,600,3,NoName,28,,,1775122259,2339.56,,1,1678.823,"[14,41,50,52,63,65,66,70,82,91,97,101,13]",,,,44m 24r57889p 3578s,,,
20260402181650_0600_021,20260402181650_0600,20260402181650,600,0,パシフィック,92,,,1775122267,6838.146,,0,,"[14,41,50,52,63,65,66,70,82,91,97,101,13]",,,,44m 24r57889p 3578s,,,
20260402181650_0600_022,20260402181650_0600,20260402181650,600,1,COLNAG,75,,,1775122270,2752.515,,1,1208.823,"[14,41,50,52,63,65,66,70,82,91,97,101,13]",,,,44m 24r57889p 3578s,,,
20260402181650_0600_023,20260402181650_0600,20260402181650,600,2,まいふくちゃん,68,,,1775122272,1354.072,,0,,"[14,41,50,52,63,65,66,70,82,91,97,101,13]",,,,44m 24r57889p 3578s,,,
20260402181650_0600_024,20260402181650_0600,20260402181650,600,3,NoName,71,,,1775122275,2090.213,,1,4250.659,"[14,41,50,52,63,65,66,70,82,91,97,101,13]",,,,44m 24r57889p 3578s,,,
20260402181650_0600_025,20260402181650_0600,20260402181650,600,0,パシフィック,33,,,1775122281,2572.116,,1,2147.709,"[14,41,50,52,63,65,66,70,82,91,97,101,13]",,,,44m 24r57889p 3578s,,,
20260402181650_0600_026,20260402181650_0600,20260402181650,600,1,COLNAG,19,,,1775122286,2765.608,,1,1260.741,"[14,41,50,52,63,65,66,70,82,91,97,101,13]",,,,44m 24r57889p 3578s,,,
20260402181650_0600_027,20260402181650_0600,20260402181650,600,2,まいふくちゃん,24,,,1775122289,1648.379,,1,222.098,"[14,41,50,52,63,65,66,70,82,91,97,101,13]",,,,44m 24r57889p 3578s,,,
20260402181650_0600_028,20260402181650_0600,20260402181650,600,3,NoName,113,,,1775122290,1077.673,,0,,"[14,41,50,52,63,65,66,70,82,91,97,101,13]",,,,44m 24r57889p 3578s,,,
20260402181650_0600_029,20260402181650_0600,20260402181650,600,0,パシフィック,32,,,1775122300,9598.593,,1,1923.595,"[14,41,50,52,63,65,66,70,82,91,97,101,13]",,,,44m 24r57889p 3578s,,,
20260402181650_0600_030,20260402181650_0600,20260402181650,600,1,COLNAG,83,,,1775122304,2395.824,,1,1112.686,"[14,41,50,52,63,65,66,70,82,91,97,101,13]",,,,44m 24r57889p 3578s,,,
20260402181650_0600_031,20260402181650_0600,20260402181650,600,2,まいふくちゃん,89,,,1775122307,1694.121,,1,225.006,"[14,41,50,52,63,65,66,70,82,91,97,101,13]",,,,44m 24r57889p 3578s,,,
20260402181650_0600_032,20260402181650_0600,20260402181650,600,3,NoName,60,,,1775122309,1636.938,,1,8027.885,"[14,41,50,52,63,65,66,70,82,91,97,101,13]",,,,44m 24r57889p 3578s,,,
20260402181650_0600_033,20260402181650_0600,20260402181650,600,0,パシフィック,2,,,1775122324,6747.24,,0,,"[14,41,50,52,63,65,66,70,82,91,97,101,13]",,,,44m 24r57889p 3578s,,,
20260402185819_0000_000,20260402185819_0000,20260402185819,0,0,パシフィック,80,,,1775123918,19008.065,,3,7805.279,"[1,4,17,24,32,40,82,97,103,112,130,132,134,49]","[79,116,101,31,56,16,3,128,14,72,22,28,58]","[33,127,68,114,70,47,7,13,96,76,62,131,106]","[91,45,84,59,67,77,126,46,36,44,71,93,42]",12579m 24p 378s 2677z,14r5688m 66p 128s 36z,249m 3799p 279s 256z,12333689p 2456s 5z
20260402185819_0000_001,20260402185819_0000,20260402185819,0,1,sinobu02,116,,,1775123927,1616.848,,5,1905.235,"[1,4,17,24,32,40,82,97,103,112,130,132,134,49]","[79,101,31,56,16,3,128,14,72,22,28,58,2]","[33,127,68,114,70,47,7,13,96,76,62,131,106]","[91,45,84,59,67,77,126,46,36,44,71,93,42]",12579m 24p 378s 2677z,114r5688m 66p 128s 6z,249m 3799p 279s 256z,12333689p 2456s 5z
20260402185819_0000_002,20260402185819_0000,20260402185819,0,2,ひーやん,114,,,1775123930,1365.208,,0,,"[1,4,17,24,32,40,82,97,103,112,130,132,134,49]","[79,101,31,56,16,3,128,14,72,22,28,58,2]","[33,127,68,70,47,7,13,96,76,62,131,106,78]","[91,45,84,59,67,77,126,46,36,44,71,93,42]",12579m 24p 378s 2677z,114r5688m 66p 128s 6z,249m 3799p 2279s 56z,12333689p 2456s 5z
20260402185819_0000_003,20260402185819_0000,20260402185819,0,3,滝,126,,,1775123932,1639.789,,0,,"[1,4,17,24,32,40,82,97,103,112,130,132,134,49]","[79,101,31,56,16,3,128,14,72,22,28,58,2]","[33,127,68,70,47,7,13,96,76,62,131,106,78]","[91,45,84,59,67,77,46,36,44,71,93,42,57]",12579m 24p 378s 2677z,114r5688m 66p 128s 6z,249m 3799p 2279s 56z,123336689p 2456s
20260402185819_0000_004,20260402185819_0000,20260402185819,0,0,パシフィック,66,,,1775123939,6695.243,,0,,"[1,4,17,24,32,40,82,97,103,112,130,132,134,49]","[79,101,31,56,16,3,128,14,72,22,28,58,2]","[33,127,68,70,47,7,13,96,76,62,131,106,78]","[91,45,84,59,67,77,46,36,44,71,93,42,57]",12579m 24p 378s 2677z,114r5688m 66p 128s 6z,249m 3799p 2279s 56z,123336689p 2456s
20260402185819_0000_030,20260402185819_0000,20260402185819,0,2,ひーやん,76,,,1775124027,3211.343,,0,,"[1,4,17,24,32,40,82,97,103,112,130,132,134,49]","[31,56,16,3,14,72,22,28,58,2,25,9,95]","[33,70,47,13,96,62,106,34,39,88,19,121,41]","[91,45,84,59,67,46,44,93,42,57,43,55,61]",12579m 24p 378s 2677z,1134r56788m 66p 16s,4599m 12379p r579s 4z,2233356678p 456s
20260402185819_0000_031,20260402185819_0000,20260402185819,0,3,滝,115,,,1775124027,608.639,,0,,"[1,4,17,24,32,40,82,97,103,112,130,132,134,49]","[31,56,16,3,14,72,22,28,58,2,25,9,95]","[33,70,47,13,96,62,106,34,39,88,19,121,41]","[91,45,84,59,67,46,44,93,42,57,43,55,61]",12579m 24p 378s 2677z,1134r56788m 66p 16s,4599m 12379p r579s 4z,2233356678p 456s
20260402185819_0100_026,20260402185819_0100,20260402185819,100,2,ひーやん,74,,,1775124121,4260.165,,0,,"[9,15,24,35,43,62,76,81,92,105,122,126,132,86]",,,,3479m 27p 23469s 457z,,,
20260402185819_0100_027,20260402185819_0100,20260402185819,100,3,滝,121,,,1775124123,2396.909,,0,,"[9,15,24,35,43,62,76,81,92,105,122,126,132,86]",,,,3479m 27p 23469s 457z,,,
20260402202225_0000_000,20260402202225_0000,20260402202225,0,1,WOSSAN,112,,,1775128949,4760.467,,0,,"[4,5,12,23,24,54,60,63,89,94,97,11,27]",,,,2234677m 577p 567s,,,
20260402202225_0000_001,20260402202225_0000,20260402202225,0,2,ななめすいか,35,,,1775128953,4046.642,,0,,"[4,5,12,23,24,54,60,63,89,94,97,11,27]",,,,2234677m 577p 567s,,,
20260402202225_0000_002,20260402202225_0000,20260402202225,0,3,豚バラ定食997,135,,,1775128955,1432.452,,0,,"[4,5,12,23,24,54,60,63,89,94,97,11,27]",,,,2234677m 577p 567s,,,
20260402202225_0000_003,20260402202225_0000,20260402202225,0,0,s6u,117,,,1775128959,3708.246,,0,,"[4,5,12,23,24,54,60,63,89,94,97,11,27]",,,,2234677m 577p 567s,,,
20260402202225_0000_004,20260402202225_0000,20260402202225,0,1,WOSSAN,122,,,1775128960,1760.782,,0,,"[4,5,12,23,24,54,60,63,89,94,97,11,27]",,,,2234677m 577p 567s,,,
20260402202225_0000_005,20260402202225_0000,20260402202225,0,2,ななめすいか,78,,,1775128963,2627.531,,0,,"[4,5,12,23,24,54,60,63,89,94,97,11,27]",,,,2234677m 577p 567s,,,
20260402202225_0000_006,20260402202225_0000,20260402202225,0,3,豚バラ定食997,73,,,1775128965,2365.576,,0,,"[4,5,12,23,24,54,60,63,89,94,97,11,27]",,,,2234677m 577p 567s,,,
20260402202225_0000_007,20260402202225_0000,20260402202225,0,0,s6u,37,,,1775128968,2423.875,,0,,"[4,5,12,23,24,54,60,63,89,94,97,11,27]",,,,2234677m 577p 567s,,,
20260402202225_0000_008,20260402202225_0000,20260402202225,0,1,WOSSAN,71,,,1775128970,1972.028,,0,,"[4,5,12,23,24,54,60,63,89,94,97,11,27]",,,,2234677m 577p 567s,,,
20260402202225_0000_009,20260402202225_0000,20260402202225,0,2,ななめすいか,6,,,1775128972,2351.665,,1,2466.451,"[4,5,12,23,24,54,60,63,89,94,97,11,27]",,,,2234677m 577p 567s,,,
20260402202225_0000_010,20260402202225_0000,20260402202225,0,3,豚バラ定食997,31,,,1775128976,1325.142,,1,1847.934,"[4,5,12,23,24,54,60,63,89,94,97,11,27]",,,,2234677m 577p 567s,,,
20260402202225_0000_049,20260402202225_0000,20260402202225,0,2,ななめすいか,128,,,1775129101,1938.33,,0,,"[4,5,12,23,24,54,60,63,89,94,97,11,27]",,,,2234677m 577p 567s,,,
20260402202225_0000_050,20260402202225_0000,20260402202225,0,3,豚バラ定食997,131,,,1775129102,610.684,,0,,"[4,5,12,23,24,54,60,63,89,94,97,11,27]",,,,2234677m 577p 567s,,,
20260402202225_0000_051,20260402202225_0000,20260402202225,0,0,s6u,76,,,1775129104,1912.054,,0,,"[4,5,12,23,24,54,60,63,89,94,97,11,27]",,,,2234677m 577p 567s,,,
20260402202225_0000_052,20260402202225_0000,20260402202225,0,1,WOSSAN,108,,,1775129106,2238.108,,0,,"[4,5,12,23,24,54,60,63,89,94,97,11,27]",,,,2234677m 577p 567s,,,
20260402202225_0000_053,20260402202225_0000,20260402202225,0,2,ななめすいか,111,,,1775129108,1798.332,,0,,"[4,5,12,23,24,54,60,63,89,94,97,11,27]",,,,2234677m 577p 567s,,,
20260402202225_0000_054,20260402202225_0000,20260402202225,0,3,豚バラ定食997,115,,,1775129108,717.489,,0,,"[4,5,12,23,24,54,60,63,89,94,97,11,27]",,,,2234677m 577p 567s,,,
20260402202225_0000_055,20260402202225_0000,20260402202225,0,0,s6u,114,,,1775129111,2425.484,,0,,"[4,5,12,23,24,54,60,63,89,94,97,11,27]",,,,2234677m 577p 567s,,,
20260402202225_0000_056,20260402202225_0000,20260402202225,0,1,WOSSAN,32,,,1775129116,922.882,4130.076,0,,"[4,5,12,23,24,54,60,63,89,94,97,11,27]",,,,2234677m 577p 567s,,,
20260402202225_0000_057,20260402202225_0000,20260402202225,0,2,ななめすいか,106,,,1775129117,1530.024,,0,,"[4,5,12,23,24,54,60,63,89,94,97,11,27]",,,,2234677m 577p 567s,,,
20260402202225_0000_058,20260402202225_0000,20260402202225,0,3,豚バラ定食997,120,,,1775129118,652.041,,0,,"[4,5,12,23,24,54,60,63,89,94,97,11,27]",,,,2234677m 577p 567s,,,
20260402202225_0000_059,20260402202225_0000,20260402202225,0,0,s6u,123,,,1775129120,1839.101,,0,,"[4,5,12,23,24,54,60,63,89,94,97,11,27]",,,,2234677m 577p 567s,,,
20260402202225_0000_060,20260402202225_0000,20260402202225,0,1,WOSSAN,57,,,1775129121,722.336,,0,,"[4,5,12,23,24,54,60,63,89,94,97,11,27]",,,,2234677m 577p 567s,,,
20260402202225_0000_061,20260402202225_0000,20260402202225,0,2,ななめすいか,118,,,1775129123,1962.513,,0,,"[4,5,12,23,24,54,60,63,89,94,97,11,27]",,,,2234677m 577p 567s,,,
20260402202225_0000_062,20260402202225_0000,20260402202225,0,3,豚バラ定食997,134,,,1775129123,712.204,,0,,"[4,5,12,23,24,54,60,63,89,94,97,11,27]",,,,2234677m 577p 567s,,,
20260402202225_0000_063,20260402202225_0000,20260402202225,0,0,s6u,36,,,1775129130,6467.478,,0,,"[4,5,12,23,24,54,60,63,89,94,97,11,27]",,,,2234677m 577p 567s,,,
20260402202225_0000_064,20260402202225_0000,20260402202225,0,1,WOSSAN,125,,,1775129130,730.195,,0,,"[4,5,12,23,24,54,60,63,89,94,97,11,27]",,,,2234677m 577p 567s,,,
20260402202225_0000_065,20260402202225_0000,20260402202225,0,2,ななめすいか,116,,,1775129133,2098.727,,0,,"[4,5,12,23,24,54,60,63,89,94,97,11,27]",,,,2234677m 577p 567s,,,
20260402202225_0000_066,20260402202225_0000,20260402202225,0,3,豚バラ定食997,103,,,1775129133,709.58,,1,2131.844,"[4,5,12,23,24,54,60,63,89,94,97,11,27]",,,,2234677m 577p 567s,,,
20260402202225_0000_067,20260402202225_0000,20260402202225,0,0,s6u,47,,,1775129139,3729.955,,0,,"[4,5,12,23,24,54,60,63,89,94,97,11,27]",,,,2234677m 577p 567s,,,
20260402202225_0000_068,20260402202225_0000,20260402202225,0,1,WOSSAN,29,,,1775129140,720.267,,0,,"[4,5,12,23,24,54,60,63,89,94,97,11,27]",,,,2234677m 577p 567s,,,
20260402202225_0000_069,20260402202225_0000,20260402202225,0,2,ななめすいか,133,,,1775129143,3331.958,,0,,"[4,5,12,23,24,54,60,63,89,94,97,11,27]",,,,2234677m 577p 567s,,,
20260402202225_0001_000,20260402202225_0001,20260402202225,1,1,WOSSAN,106,,,1775129155,4513.607,,0,,"[92,42,100,117,6,118,13,47,23,11,16,96,50]",,,,234r56m 234p 678s 33z,,,
20260402202225_0001_001,20260402202225_0001,20260402202225,1,2,ななめすいか,89,,,1775129157,2907.059,,0,,"[92,42,100,117,6,118,13,47,23,11,16,96,50]",,,,234r56m 234p 678s 33z,,,
20260402202225_0001_002,20260402202225_0001,20260402202225,1,3,豚バラ定食997,123,,,1775129159,1370.279,,0,,"[92,42,100,117,6,118,13,47,23,11,16,96,50]",,,,234r56m 234p 678s 33z,,,
20260402202225_0001_003,20260402202225_0001,20260402202225,1,0,s6u,70,,,1775129160,1582.666,,0,,"[92,42,100,117,6,118,13,47,23,11,16,96,50]",,,,234r56m 234p 678s 33z,,,
20260402202225_0001_004,20260402202225_0001,20260402202225,1,1,WOSSAN,135,,,1775129162,1304.911,,0,,"[92,42,100,117,6,118,13,47,23,11,16,96,50]",,,,234r56m 234p 678s 33z,,,
20260402202225_0001_005,20260402202225_0001,20260402202225,1,2,ななめすいか,116,,,1775129167,3750.45,,1,2532.915,"[92,42,100,117,6,118,13,47,23,11,16,96,50]",,,,234r56m 234p 678s 33z,,,
20260402202225_0001_006,20260402202225_0001,20260402202225,1,3,豚バラ定食997,124,,,1775129171,1050.614,,0,,"[92,42,100,117,6,118,13,47,23,11,16,96,50]",,,,234r56m 234p 678s 33z,,,
20260402202225_0001_007,20260402202225_0001,20260402202225,1,0,s6u,1,,,1775129174,3635.569,,0,,"[92,42,100,117,6,118,13,47,23,11,16,96,50]",,,,234r56m 234p 678s 33z,,,
20260402202225_0001_008,20260402202225_0001,20260402202225,1,1,WOSSAN,126,,,1775129176,1376.44,,0,,"[92,42,100,117,6,118,13,47,23,11,16,96,50]",,,,234r56m 234p 678s 33z,,,
20260402202225_0001_009,20260402202225_0001,20260402202225,1,2,ななめすいか,122,,,1775129178,2236.449,,0,,"[92,42,100,117,6,118,13,47,23,11,16,96,50]",,,,234r56m 234p 678s 33z,,,
20260402202225_0001_010,20260402202225_0001,20260402202225,1,3,豚バラ定食997,3,,,1775129180,1655.084,,0,,"[92,42,100,117,6,118,13,47,23,11,16,96,50]",,,,234r56m 234p 678s 33z,,,
20260402202225_0001_011,20260402202225_0001,20260402202225,1,0,s6u,107,,,1775129183,3025.467,,0,,"[92,42,100,117,6,118,13,47,23,11,16,96,50]",,,,234r56m 234p 678s 33z,,,
20260402202225_0001_012,20260402202225_0001,20260402202225,1,1,WOSSAN,90,,,1775129185,2297.85,,1,178.325,"[92,42,100,117,6,118,13,47,23,11,16,96,50]",,,,234r56m 234p 678s 33z,,,
20260402202225_0001_013,20260402202225_0001,20260402202225,1,2,ななめすいか,113,,,1775129187,1978.619,,0,,"[92,42,100,117,6,118,13,47,23,11,16,96,50]",,,,234r56m 234p 678s 33z,,,
20260402202225_0001_014,20260402202225_0001,20260402202225,1,3,豚バラ定食997,31,,,1775129192,4396.971,,0,,"[92,42,100,117,6,118,13,47,23,11,16,96,50]",,,,234r56m 234p 678s 33z,,,
20260402202225_0001_015,20260402202225_0001,20260402202225,1,0,s6u,65,,,1775129193,1573.384,,1,214.647,"[92,42,100,117,6,118,13,47,23,11,16,96,50]",,,,234r56m 234p 678s 33z,,,
20260402202225_0001_016,20260402202225_0001,20260402202225,1,1,WOSSAN,112,,,1775129196,2175.025,,0,,"[92,42,100,117,6,118,13,47,23,11,16,96,50]",,,,234r56m 234p 678s 33z,,,
20260402202225_0001_017,20260402202225_0001,20260402202225,1,2,ななめすいか,108,,,1775129198,2013.413,,0,,"[92,42,100,117,6,118,13,47,23,11,16,96,50]",,,,234r56m 234p 678s 33z,,,
20260402202225_0001_018,20260402202225_0001,20260402202225,1,3,豚バラ定食997,2,,,1775129200,2601.702,,0,,"[92,42,100,117,6,118,13,47,23,11,16,96,50]",,,,234r56m 234p 678s 33z,,,
20260402202225_0001_019,20260402202225_0001,20260402202225,1,0,s6u,114,,,1775129202,1516.015,,0,,"[92,42,100,117,6,118,13,47,23,11,16,96,50]",,,,234r56m 234p 678s 33z,,,
20260402202225_0001_020,20260402202225_0001,20260402202225,1,1,WOSSAN,46,,,1775129208,6184.955,,0,,"[92,42,100,117,6,118,13,47,23,11,16,96,50]",,,,234r56m 234p 678s 33z,,,
20260402202225_0001_021,20260402202225_0001,20260402202225,1,2,ななめすいか,62,,,1775129210,1907.926,,0,,"[92,42,100,117,6,118,13,47,23,11,16,96,50]",,,,234r56m 234p 678s 33z,,,
20260402202225_0001_022,20260402202225_0001,20260402202225,1,3,豚バラ定食997,12,,,1775129213,3015.473,,0,,"[92,42,100,117,6,118,13,47,23,11,16,96,50]",,,,234r56m 234p 678s 33z,,,
20260402202225_0001_023,20260402202225_0001,20260402202225,1,0,s6u,52,,,1775129214,1499.398,,0,,"[92,42,100,117,6,118,13,47,23,11,16,96,50]",,,,234r56m 234p 678s 33z,,,
20260402202225_0001_024,20260402202225_0001,20260402202225,1,1,WOSSAN,44,,,1775129216,2175.873,,0,,"[92,42,100,117,6,118,13,47,23,11,16,96,50]",,,,234r56m 234p 678s 33z,,,
20260402202225_0001_025,20260402202225_0001,20260402202225,1,2,ななめすいか,10,,,1775129218,1746.411,,0,,"[92,42,100,117,6,118,13,47,23,11,16,96,50]",,,,234r56m 234p 678s 33z,,,
20260402202225_0001_026,20260402202225_0001,20260402202225,1,3,豚バラ定食997,69,,,1775129228,9839.907,,0,,"[92,42,100,117,6,118,13,47,23,11,16,96,50]",,,,234r56m 234p 678s 33z,,,
20260402202225_0001_027,20260402202225_0001,20260402202225,1,0,s6u,80,,,1775129238,9738.177,,0,,"[92,42,100,117,6,118,13,47,23,11,16,96,50]",,,,234r56m 234p 678s 33z,,,
20260402202225_0001_028,20260402202225_0001,20260402202225,1,1,WOSSAN,63,,,1775129240,2134.799,,0,,"[92,42,100,117,6,118,13,47,23,11,16,96,50]",,,,234r56m 234p 678s 33z,,,
20260402202225_0001_029,20260402202225_0001,20260402202225,1,2,ななめすいか,0,,,1775129242,2144.419,,0,,"[92,42,100,117,6,118,13,47,23,11,16,96,50]",,,,234r56m 234p 678s 33z,,,
20260402202225_0001_030,20260402202225_0001,20260402202225,1,3,豚バラ定食997,120,,,1775129244,2050.08,,0,,"[92,42,100,117,6,118,13,47,23,11,16,96,50]",,,,234r56m 234p 678s 33z,,,
20260402202225_0001_031,20260402202225_0001,20260402202225,1,0,s6u,83,,,1775129246,1946.295,,0,,"[92,42,100,117,6,118,13,47,23,11,16,96,50]",,,,234r56m 234p 678s 33z,,,
20260402202225_0001_032,20260402202225_0001,20260402202225,1,1,WOSSAN,98,,,1775129249,2627.532,,0,,"[92,42,100,117,6,118,13,47,23,11,16,96,50]",,,,234r56m 234p 678s 33z,,,
20260402202225_0001_033,20260402202225_0001,20260402202225,1,2,ななめすいか,45,,,1775129251,2375.291,,1,213.314,"[92,42,100,117,6,118,13,47,23,11,16,96,50]",,,,234r56m 234p 678s 33z,,,
20260402202225_0001_034,20260402202225_0001,20260402202225,1,3,豚バラ定食997,30,,,1775129254,3000.526,,0,,"[92,42,100,117,6,118,13,47,23,11,16,96,50]",,,,234r56m 234p 678s 33z,,,
20260402202225_0001_035,20260402202225_0001,20260402202225,1,0,s6u,56,,,1775129257,2553.525,,0,,"[92,42,100,117,6,118,13,47,23,11,16,96,50]",,,,234r56m 234p 678s 33z,,,
20260402202225_0001_036,20260402202225_0001,20260402202225,1,1,WOSSAN,111,,,1775129259,2208.811,,0,,"[92,42,100,117,6,118,13,47,23,11,16,96,50]",,,,234r56m 234p 678s 33z,,,
20260402202225_0001_037,20260402202225_0001,20260402202225,1,2,ななめすいか,79,,,1775129261,2037.741,,1,218.615,"[92,42,100,117,6,118,13,47,23,11,16,96,50]",,,,234r56m 234p 678s 33z,,,
20260402202225_0001_038,20260402202225_0001,20260402202225,1,3,豚バラ定食997,27,,,1775129264,2915.155,,1,2277.908,"[92,42,100,117,6,118,13,47,23,11,16,96,50]",,,,234r56m 234p 678s 33z,,,
20260402202225_0001_039,20260402202225_0001,20260402202225,1,0,s6u,73,,,1775129268,1792.643,,0,,"[92,42,100,117,6,118,13,47,23,11,16,96,50]",,,,234r56m 234p 678s 33z,,,
20260402202225_0001_040,20260402202225_0001,20260402202225,1,1,WOSSAN,82,,,1775129271,2462.514,,0,,"[92,42,100,117,6,118,13,47,23,11,16,96,50]",,,,234r56m 234p 678s 33z,,,
20260402202225_0001_041,20260402202225_0001,20260402202225,1,2,ななめすいか,72,,,1775129273,2518.521,,1,223.029,"[92,42,100,117,6,118,13,47,23,11,16,96,50]",,,,234r56m 234p 678s 33z,,,
20260402202225_0001_042,20260402202225_0001,20260402202225,1,3,豚バラ定食997,102,,,1775129281,7543.248,,1,202.247,"[92,42,100,117,6,118,13,47,23,11,16,96,50]",,,,234r56m 234p 678s 33z,,,
20260402202225_0001_043,20260402202225_0001,20260402202225,1,0,s6u,58,,,1775129284,2733.335,,0,,"[92,42,100,117,6,118,13,47,23,11,16,96,50]",,,,234r56m 234p 678s 33z,,,
20260402202225_0001_044,20260402202225_0001,20260402202225,1,1,WOSSAN,71,,,1775129286,2014.001,,0,,"[92,42,100,117,6,118,13,47,23,11,16,96,50]",,,,234r56m 234p 678s 33z,,,
20260402202225_0001_045,20260402202225_0001,20260402202225,1,2,ななめすいか,119,,,1775129289,2782.49,,1,233.163,"[92,42,100,117,6,118,13,47,23,11,16,96,50]",,,,234r56m 234p 678s 33z,,,
20260402202225_0001_046,20260402202225_0001,20260402202225,1,3,豚バラ定食997,39,,,1775129292,3244.12,,1,229.557,"[92,42,100,117,6,118,13,47,23,11,16,96,50]",,,,234r56m 234p 678s 33z,,,
20260402202225_0001_047,20260402202225_0001,20260402202225,1,0,s6u,5,,,1775129294,550.999,1469.493,0,,"[92,42,100,117,6,118,13,47,23,11,16,96,50]",,,,234r56m 234p 678s 33z,,,
20260402202225_0001_048,20260402202225_0001,20260402202225,1,2,ななめすいか,21,,,1775129297,1243.703,,0,,"[92,42,100,117,6,118,13,47,23,11,16,96,50]",,,,234r56m 234p 678s 33z,,,
20260402202225_0001_049,20260402202225_0001,20260402202225,1,3,豚バラ定食997,34,,,1775129308,1404.506,9752.994,0,,"[92,42,100,117,6,118,13,47,23,11,16,96,50]",,,,234r56m 234p 678s 33z,,,
20260402202225_0100_000,20260402202225_0100,20260402202225,100,2,ななめすいか,118,,,1775129325,6807.077,,0,,"[9,55,87,20,100,70,91,33,90,27,57,44,130,45]",,,,3679m 33569p 4558s 6z,,,
20260402202225_0100_001,20260402202225_0100,20260402202225,100,3,豚バラ定食997,113,,,1775129327,1501.752,,0,,"[9,55,87,20,100,70,91,33,90,27,57,44,130,45]",,,,3679m 33569p 4558s 6z,,,
20260402202225_0200_005,20260402202225_0200,20260402202225,200,0,s6u,70,,,1775129457,2298.395,,0,,"[7,14,24,33,40,51,126,127,55,8,9,16,11]",,,,23334r579m 245p 55z,,,
20260402202225_0200_006,20260402202225_0200,20260402202225,200,1,WOSSAN,117,,,1775129458,1271.668,,0,,"[7,14,24,33,40,51,126,127,55,8,9,16,11]",,,,23334r579m 245p 55z,,,
20260402202225_0200_007,20260402202225_0200,20260402202225,200,2,ななめすいか,119,,,1775129459,1280.515,,0,,"[7,14,24,33,40,51,126,127,55,8,9,16,11]",,,,23334r579m 245p 55z,,,
20260402202225_0200_008,20260402202225_0200,20260402202225,200,3,豚バラ定食997,132,,,1775129461,1539.772,,0,,"[7,14,24,33,40,51,126,127,55,8,9,16,11]",,,,23334r579m 245p 55z,,,
20260402202225_0200_009,20260402202225_0200,20260402202225,200,1,WOSSAN,22,,,1775129464,2116.03,,0,,"[7,14,24,33,40,51,126,127,55,8,9,16,11]",,,,23334r579m 245p 55z,,,
20260402202225_0200_010,20260402202225_0200,20260402202225,200,2,ななめすいか,71,,,1775129466,1709.772,,1,214.316,"[7,14,24,33,40,51,126,127,55,8,9,16,11]",,,,23334r579m 245p 55z,,,
20260402202225_0200_011,20260402202225_0200,20260402202225,200,3,豚バラ定食997,3,,,1775129468,1830.064,,0,,"[7,14,24,33,40,51,126,127,55,8,9,16,11]",,,,23334r579m 245p 55z,,,
20260402202225_0200_012,20260402202225_0200,20260402202225,200,0,s6u,120,,,1775129470,1804.301,,1,2713.025,"[7,14,24,33,40,51,126,127,55,8,9,16,11]",,,,23334r579m 245p 55z,,,
20260402202225_0200_013,20260402202225_0200,20260402202225,200,1,WOSSAN,23,,,1775129474,1531.213,,0,,"[7,14,24,33,40,51,126,127,55,8,9,16,11]",,,,23334r579m 245p 55z,,,
20260402202225_0200_014,20260402202225_0200,20260402202225,200,2,ななめすいか,79,,,1775129477,2549.997,,1,315.024,"[7,14,24,33,40,51,126,127,55,8,9,16,11]",,,,23334r579m 245p 55z,,,
20260402202225_0200_015,20260402202225_0200,20260402202225,200,3,豚バラ定食997,49,,,1775129479,1836.213,,0,,"[7,14,24,33,40,51,126,127,55,8,9,16,11]",,,,23334r579m 245p 55z,,,
20260402202225_0200_016,20260402202225_0200,20260402202225,200,0,s6u,78,,,1775129481,2417.479,,0,,"[7,14,24,33,40,51,126,127,55,8,9,16,11]",,,,23334r579m 245p 55z,,,
20260402202225_0200_017,20260402202225_0200,20260402202225,200,1,WOSSAN,25,,,1775129483,2297.484,,0,,"[7,14,24,33,40,51,126,127,55,8,9,16,11]",,,,23334r579m 245p 55z,,,
20260402202225_0200_018,20260402202225_0200,20260402202225,200,2,ななめすいか,77,,,1775129485,1638.273,,1,203.662,"[7,14,24,33,40,51,126,127,55,8,9,16,11]",,,,23334r579m 245p 55z,,,
20260402202225_0200_019,20260402202225_0200,20260402202225,200,3,豚バラ定食997,35,,,1775129490,5000.833,,0,,"[7,14,24,33,40,51,126,127,55,8,9,16,11]",,,,23334r579m 245p 55z,,,
20260402202225_0200_020,20260402202225_0200,20260402202225,200,0,s6u,39,,,1775129496,5261.902,,0,,"[7,14,24,33,40,51,126,127,55,8,9,16,11]",,,,23334r579m 245p 55z,,,
20260402202225_0200_021,20260402202225_0200,20260402202225,200,1,WOSSAN,31,,,1775129497,1466.739,,0,,"[7,14,24,33,40,51,126,127,55,8,9,16,11]",,,,23334r579m 245p 55z,,,
20260402202225_0200_022,20260402202225_0200,20260402202225,200,2,ななめすいか,42,,,1775129500,2726.169,,1,1626.371,"[7,14,24,33,40,51,126,127,55,8,9,16,11]",,,,23334r579m 245p 55z,,,
20260402202225_0200_023,20260402202225_0200,20260402202225,200,3,豚バラ定食997,12,,,1775129504,2651.135,,1,1736.569,"[7,14,24,33,40,51,126,127,55,8,9,16,11]",,,,23334r579m 245p 55z,,,
20260402202225_0200_024,20260402202225_0200,20260402202225,200,0,s6u,54,,,1775129511,5084.101,,1,1332.339,"[7,14,24,33,40,51,126,127,55,8,9,16,11]",,,,23334r579m 245p 55z,,,
20260402202225_0200_025,20260402202225_0200,20260402202225,200,1,WOSSAN,76,,,1775129514,2294.816,,0,,"[7,14,24,33,40,51,126,127,55,8,9,16,11]",,,,23334r579m 245p 55z,,,
20260402202225_0200_026,20260402202225_0200,20260402202225,200,2,ななめすいか,1,,,1775129516,1967.409,,0,,"[7,14,24,33,40,51,126,127,55,8,9,16,11]",,,,23334r579m 245p 55z,,,
20260402202225_0200_027,20260402202225_0200,20260402202225,200,3,豚バラ定食997,131,,,1775129518,1829.972,,1,2158.718,"[7,14,24,33,40,51,126,127,55,8,9,16,11]",,,,23334r579m 245p 55z,,,
20260402202225_0200_028,20260402202225_0200,20260402202225,200,0,s6u,18,,,1775129526,5972.537,,0,,"[7,14,24,33,40,51,126,127,55,8,9,16,11]",,,,23334r579m 245p 55z,,,
20260402202225_0200_029,20260402202225_0200,20260402202225,200,1,WOSSAN,103,,,1775129528,1798.599,,0,,"[7,14,24,33,40,51,126,127,55,8,9,16,11]",,,,23334r579m 245p 55z,,,
20260402202225_0200_030,20260402202225_0200,20260402202225,200,2,ななめすいか,67,,,1775129531,2979.135,,0,,"[7,14,24,33,40,51,126,127,55,8,9,16,11]",,,,23334r579m 245p 55z,,,
20260402202225_0200_031,20260402202225_0200,20260402202225,200,3,豚バラ定食997,130,,,1775129533,2247.956,,0,,"[7,14,24,33,40,51,126,127,55,8,9,16,11]",,,,23334r579m 245p 55z,,,
20260402202225_0200_032,20260402202225_0200,20260402202225,200,0,s6u,17,,,1775129536,2170.269,,0,,"[7,14,24,33,40,51,126,127,55,8,9,16,11]",,,,23334r579m 245p 55z,,,
20260402202225_0200_033,20260402202225_0200,20260402202225,200,1,WOSSAN,10,,,1775129538,2031.366,,1,1639.799,"[7,14,24,33,40,51,126,127,55,8,9,16,11]",,,,23334r579m 245p 55z,,,
20260402202225_0200_034,20260402202225_0200,20260402202225,200,2,ななめすいか,104,,,1775129540,1065.114,,1,2403.759,"[7,14,24,33,40,51,126,127,55,8,9,16,11]",,,,23334r579m 245p 55z,,,
20260402202225_0200_035,20260402202225_0200,20260402202225,200,3,豚バラ定食997,83,,,1775129552,9056.902,,0,,"[7,14,24,33,40,51,126,127,55,8,9,16,11]",,,,23334r579m 245p 55z,,,
20260402202225_0200_036,20260402202225_0200,20260402202225,200,0,s6u,100,,,1775129553,1393.775,,0,,"[7,14,24,33,40,51,126,127,55,8,9,16,11]",,,,23334r579m 245p 55z,,,
20260402202225_0200_037,20260402202225_0200,20260402202225,200,1,WOSSAN,32,,,1775129555,1635.094,,0,,"[7,14,24,33,40,51,126,127,55,8,9,16,11]",,,,23334r579m 245p 55z,,,
20260402202225_0200_038,20260402202225_0200,20260402202225,200,2,ななめすいか,128,,,1775129556,1325.201,,0,,"[7,14,24,33,40,51,126,127,55,8,9,16,11]",,,,23334r579m 245p 55z,,,
20260402202225_0200_039,20260402202225_0200,20260402202225,200,3,豚バラ定食997,13,,,1775129558,2155.135,,1,2530.567,"[7,14,24,33,40,51,126,127,55,8,9,16,11]",,,,23334r579m 245p 55z,,,
20260402202225_0200_040,20260402202225_0200,20260402202225,200,0,s6u,66,,,1775129562,1002.235,,0,,"[7,14,24,33,40,51,126,127,55,8,9,16,11]",,,,23334r579m 245p 55z,,,
20260402202225_0200_041,20260402202225_0200,20260402202225,200,1,WOSSAN,69,,,1775129564,1698.872,,0,,"[7,14,24,33,40,51,126,127,55,8,9,16,11]",,,,23334r579m 245p 55z,,,
20260402202225_0200_042,20260402202225_0200,20260402202225,200,2,ななめすいか,116,,,1775129565,1329.688,,0,,"[7,14,24,33,40,51,126,127,55,8,9,16,11]",,,,23334r579m 245p 55z,,,
20260402202225_0200_043,20260402202225_0200,20260402202225,200,3,豚バラ定食997,96,,,1775129578,13056.098,,0,,"[7,14,24,33,40,51,126,127,55,8,9,16,11]",,,,23334r579m 245p 55z,,,
20260402202225_0200_044,20260402202225_0200,20260402202225,200,0,s6u,41,,,1775129587,8919.311,,0,,"[7,14,24,33,40,51,126,127,55,8,9,16,11]",,,,23334r579m 245p 55z,,,
20260402202225_0200_045,20260402202225_0200,20260402202225,200,1,WOSSAN,129,,,1775129588,1472.967,,0,,"[7,14,24,33,40,51,126,127,55,8,9,16,11]",,,,23334r579m 245p 55z,,,
20260402202225_0200_046,20260402202225_0200,20260402202225,200,2,ななめすいか,64,,,1775129590,1941.664,,0,,"[7,14,24,33,40,51,126,127,55,8,9,16,11]",,,,23334r579m 245p 55z,,,
20260402202225_0200_047,20260402202225_0200,20260402202225,200,3,豚バラ定食997,15,,,1775129596,5531.247,,0,,"[7,14,24,33,40,51,126,127,55,8,9,16,11]",,,,23334r579m 245p 55z,,,
20260402210117_0000_022,20260402210117_0000,20260402210117,0,1,あずけん,122,,,1775131280,2726.96,,0,,"[47,49,52,59,66,69,81,82,110,14,80]",,,,4m 34r5689p 333s 1z,,,
20260402210117_0000_023,20260402210117_0000,20260402210117,0,2,のけもの先輩,67,,,1775131282,1940.001,,0,,"[47,49,52,59,66,69,81,82,110,14,80]",,,,4m 34r5689p 333s 1z,,,
20260402210117_0000_024,20260402210117_0000,20260402210117,0,3,sknmpaco,108,,,1775131286,3932.304,,0,,"[47,49,52,59,66,69,81,82,110,14,80]",,,,4m 34r5689p 333s 1z,,,
20260402210117_0000_025,20260402210117_0000,20260402210117,0,0,パシフィック,6,,,1775131288,1228.868,,1,3461.801,"[47,49,52,59,66,69,81,82,110,14,80]",,,,4m 34r5689p 333s 1z,,,
20260402210117_0000_026,20260402210117_0000,20260402210117,0,1,あずけん,106,,,1775131295,3266.189,,0,,"[47,49,52,59,66,69,81,82,110,14,80]",,,,4m 34r5689p 333s 1z,,,
20260402210117_0000_027,20260402210117_0000,20260402210117,0,2,のけもの先輩,86,,,1775131297,2238.459,,0,,"[47,49,52,59,66,69,81,82,110,14,80]",,,,4m 34r5689p 333s 1z,,,
20260402210117_0000_028,20260402210117_0000,20260402210117,0,3,sknmpaco,46,,,1775131302,4528.878,,1,2508.292,"[47,49,52,59,66,69,81,82,110,14,80]",,,,4m 34r5689p 333s 1z,,,
20260402210117_0000_029,20260402210117_0000,20260402210117,0,0,パシフィック,127,,,1775131305,869.627,,0,,"[47,49,52,59,66,69,81,82,110,14,80]",,,,4m 34r5689p 333s 1z,,,
20260402210117_0000_030,20260402210117_0000,20260402210117,0,1,あずけん,19,,,1775131311,2572.19,3611.643,0,,"[47,49,52,59,66,69,81,82,110,14,80]",,,,4m 34r5689p 333s 1z,,,
20260402210117_0000_031,20260402210117_0000,20260402210117,0,2,のけもの先輩,125,,,1775131313,1721.811,,0,,"[47,49,52,59,66,69,81,82,110,14,80]",,,,4m 34r5689p 333s 1z,,,
20260402210117_0000_032,20260402210117_0000,20260402210117,0,3,sknmpaco,126,,,1775131315,2242.267,,0,,"[47,49,52,59,66,69,81,82,110,14,80]",,,,4m 34r5689p 333s 1z,,,
20260402210117_0000_033,20260402210117_0000,20260402210117,0,0,パシフィック,116,,,1775131319,4096.577,,0,,"[47,49,52,59,66,69,81,82,110,14,80]",,,,4m 34r5689p 333s 1z,,,
20260402210117_0000_034,20260402210117_0000,20260402210117,0,1,あずけん,115,,,1775131320,664.59,,0,,"[47,49,52,59,66,69,81,82,110,14,80]",,,,4m 34r5689p 333s 1z,,,
20260402210117_0000_035,20260402210117_0000,20260402210117,0,2,のけもの先輩,107,,,1775131324,4099.618,,0,,"[47,49,52,59,66,69,81,82,110,14,80]",,,,4m 34r5689p 333s 1z,,,
20260402210117_0000_036,20260402210117_0000,20260402210117,0,3,sknmpaco,36,,,1775131329,4858.428,,0,,"[47,49,52,59,66,69,81,82,110,14,80]",,,,4m 34r5689p 333s 1z,,,
20260402210117_0000_037,20260402210117_0000,20260402210117,0,0,パシフィック,117,,,1775131331,1957.572,,0,,"[47,49,52,59,66,69,81,82,110,14,80]",,,,4m 34r5689p 333s 1z,,,
20260402210117_0000_038,20260402210117_0000,20260402210117,0,1,あずけん,72,,,1775131332,706.111,,0,,"[47,49,52,59,66,69,81,82,110,14,80]",,,,4m 34r5689p 333s 1z,,,
20260402210117_0000_039,20260402210117_0000,20260402210117,0,2,のけもの先輩,25,,,1775131334,2419.637,,0,,"[47,49,52,59,66,69,81,82,110,14,80]",,,,4m 34r5689p 333s 1z,,,
20260402210117_0200_024,20260402210117_0200,20260402210117,200,3,sknmpaco,131,,,1775131581,1343.529,,0,,"[22,23,34,36,51,62,63,79,87,91,94,126,135,134]",,,,669m 1477p 2456s 577z,,,
20260403012529_0000_000,20260403012529_0000,20260403012529,0,3,くまのプウさん,121,,,1775147134,4472.121,,0,,"[18,34,96,17,79,87,33,85,102,89,35,82,62]","[41,94,99,104,22,111,68,98,118,71,54,69,86]","[125,90,4,84,93,80,10,31,15,103,53,13,57]","[126,106,6,73,49,117,51,88,21,46,45,43,27]",55999m 7p 2344578s,6m 25999p 46779s 13z,23448m 56p 34568s 5z,267m 23344p 1r59s 35z
20260403012529_0000_001,20260403012529_0000,20260403012529,0,0,s6u,70,,,1775147138,4368.931,,3,1323.292,"[18,34,96,17,79,87,33,85,102,89,35,82,62]","[41,94,99,104,22,111,68,98,118,71,54,69,86]","[125,90,4,84,93,80,10,31,15,103,53,13,57]","[126,106,6,73,49,117,51,88,21,46,45,43,27]",55999m 7p 2344578s,6m 25999p 46779s 13z,23448m 56p 34568s 5z,267m 23344p 1r59s 35z
20260403012529_0000_002,20260403012529_0000,20260403012529,0,1,大やまだ,41,,,1775147145,4982.234,,0,,"[18,34,96,17,79,87,33,85,102,89,35,82,62]","[94,99,104,22,111,68,98,118,71,54,69,86,65]","[125,90,4,84,93,80,10,31,15,103,53,13,57]","[126,106,6,73,49,117,51,88,21,46,45,43,27]",55999m 7p 2344578s,6m 58999p 46779s 13z,23448m 56p 34568s 5z,267m 23344p 1r59s 35z
20260403012529_0000_003,20260403012529_0000,20260403012529,0,2,NAKAl,113,,,1775147146,1854.647,,0,,"[18,34,96,17,79,87,33,85,102,89,35,82,62]","[94,99,104,22,111,68,98,118,71,54,69,86,65]","[125,90,4,84,93,80,10,31,15,103,53,13,57]","[126,106,6,73,49,117,51,88,21,46,45,43,27]",55999m 7p 2344578s,6m 58999p 46779s 13z,23448m 56p 34568s 5z,267m 23344p 1r59s 35z
20260403012529_0000_004,20260403012529_0000,20260403012529,0,3,くまのプウさん,126,,,1775147148,1476.415,,0,,"[18,34,96,17,79,87,33,85,102,89,35,82,62]","[94,99,104,22,111,68,98,118,71,54,69,86,65]","[125,90,4,84,93,80,10,31,15,103,53,13,57]","[106,6,73,49,117,51,88,21,46,45,43,27,40]",55999m 7p 2344578s,6m 58999p 46779s 13z,23448m 56p 34568s 5z,267m 223344p 1r59s 3z
20260403012529_0000_005,20260403012529_0000,20260403012529,0,0,s6u,115,,,1775147150,2205.182,,0,,"[18,34,96,17,79,87,33,85,102,89,35,82,62]","[94,99,104,22,111,68,98,118,71,54,69,86,65]","[125,90,4,84,93,80,10,31,15,103,53,13,57]","[106,6,73,49,117,51,88,21,46,45,43,27,40]",55999m 7p 2344578s,6m 58999p 46779s 13z,23448m 56p 34568s 5z,267m 223344p 1r59s 3z
20260403012529_0000_006,20260403012529_0000,20260403012529,0,1,大やまだ,111,,,1775147152,2312.376,,0,,"[18,34,96,17,79,87,33,85,102,89,35,82,62]","[94,99,104,22,68,98,118,71,54,69,86,65,63]","[125,90,4,84,93,80,10,31,15,103,53,13,57]","[106,6,73,49,117,51,88,21,46,45,43,27,40]",55999m 7p 2344578s,6m 578999p 46779s 3z,23448m 56p 34568s 5z,267m 223344p 1r59s 3z
20260403012529_0000_007,20260403012529_0000,20260403012529,0,2,NAKAl,125,,,1775147155,2298.856,,0,,"[18,34,96,17,79,87,33,85,102,89,35,82,62]","[94,99,104,22,68,98,118,71,54,69,86,65,63]","[90,4,84,93,80,10,31,15,103,53,13,57,119]","[106,6,73,49,117,51,88,21,46,45,43,27,40]",55999m 7p 2344578s,6m 578999p 46779s 3z,23448m 56p 34568s 3z,267m 223344p 1r59s 3z
20260403012529_0000_008,20260403012529_0000,20260403012529,0,3,くまのプウさん,73,,,1775147157,1852.415,,0,,"[18,34,96,17,79,87,33,85,102,89,35,82,62]","[94,99,104,22,68,98,118,71,54,69,86,65,63]","[90,4,84,93,80,10,31,15,103,53,13,57,119]","[106,6,49,117,51,88,21,46,45,43,27,40,107]",55999m 7p 2344578s,6m 578999p 46779s 3z,23448m 56p 34568s 3z,267m 223344p r599s 3z
20260403012529_0000_009,20260403012529_0000,20260403012529,0,0,s6u,30,,,1775147165,8644.579,,0,,"[18,34,96,17,79,87,33,85,102,89,35,82,62]","[94,99,104,22,68,98,118,71,54,69,86,65,63]","[90,4,84,93,80,10,31,15,103,53,13,57,119]","[106,6,49,117,51,88,21,46,45,43,27,40,107]",55999m 7p 2344578s,6m 578999p 46779s 3z,23448m 56p 34568s 3z,267m 223344p r599s 3z
20260403012529_0000_010,20260403012529_0000,20260403012529,0,1,大やまだ,118,,,1775147168,2623.313,,0,,"[18,34,96,17,79,87,33,85,102,89,35,82,62]","[94,99,104,22,68,98,71,54,69,86,65,63,59]","[90,4,84,93,80,10,31,15,103,53,13,57,119]","[106,6,49,117,51,88,21,46,45,43,27,40,107]",55999m 7p 2344578s,6m 5678999p 46779s,23448m 56p 34568s 3z,267m 223344p r599s 3z
20260403012529_0000_011,20260403012529_0000,20260403012529,0,2,NAKAl,66,,,1775147170,2426.222,,0,,"[18,34,96,17,79,87,33,85,102,89,35,82,62]","[94,99,104,22,68,98,71,54,69,86,65,63,59]","[90,4,84,93,80,10,31,15,103,53,13,57,119]","[106,6,49,117,51,88,21,46,45,43,27,40,107]",55999m 7p 2344578s,6m 5678999p 46779s,23448m 56p 34568s 3z,267m 223344p r599s 3z
20260403012529_0000_012,20260403012529_0000,20260403012529,0,3,くまのプウさん,122,,,1775147172,1865.534,,0,,"[18,34,96,17,79,87,33,85,102,89,35,82,62]","[94,99,104,22,68,98,71,54,69,86,65,63,59]","[90,4,84,93,80,10,31,15,103,53,13,57,119]","[106,6,49,117,51,88,21,46,45,43,27,40,107]",55999m 7p 2344578s,6m 5678999p 46779s,23448m 56p 34568s 3z,267m 223344p r599s 3z
20260403012529_0000_013,20260403012529_0000,20260403012529,0,0,s6u,0,,,1775147176,3669.316,,0,,"[18,34,96,17,79,87,33,85,102,89,35,82,62]","[94,99,104,22,68,98,71,54,69,86,65,63,59]","[90,4,84,93,80,10,31,15,103,53,13,57,119]","[106,6,49,117,51,88,21,46,45,43,27,40,107]",55999m 7p 2344578s,6m 5678999p 46779s,23448m 56p 34568s 3z,267m 223344p r599s 3z
20260403012529_0000_014,20260403012529_0000,20260403012529,0,1,大やまだ,86,,,1775147186,10036.704,,3,1040.151,"[18,34,96,17,79,87,33,85,102,89,35,82,62]","[94,99,104,22,68,98,71,54,69,65,63,59,48]","[90,4,84,93,80,10,31,15,103,53,13,57,119]","[106,6,49,117,51,88,21,46,45,43,27,40,107]",55999m 7p 2344578s,6m 45678999p 6779s,23448m 56p 34568s 3z,267m 223344p r599s 3z
20260403012529_0000_015,20260403012529_0000,20260403012529,0,2,NAKAl,64,,,1775147188,1487.452,,0,,"[18,34,96,17,79,87,33,85,102,89,35,82,62]","[94,99,104,22,68,98,71,54,69,65,63,59,48]","[90,4,84,93,80,10,31,15,103,53,13,57,119]","[106,6,49,117,51,88,21,46,45,43,27,40,107]",55999m 7p 2344578s,6m 45678999p 6779s,23448m 56p 34568s 3z,267m 223344p r599s 3z
20260403012529_0000_016,20260403012529_0000,20260403012529,0,3,くまのプウさん,6,,,1775147193,4655.42,,0,,"[18,34,96,17,79,87,33,85,102,89,35,82,62]","[94,99,104,22,68,98,71,54,69,65,63,59,48]","[90,4,84,93,80,10,31,15,103,53,13,57,119]","[106,49,117,51,88,21,46,45,43,27,40,107,44]",55999m 7p 2344578s,6m 45678999p 6779s,23448m 56p 34568s 3z,67m 2233344p r599s 3z
20260403012529_0000_017,20260403012529_0000,20260403012529,0,0,s6u,50,,,1775147200,6411.507,,3,1225.778,"[18,34,96,17,79,87,33,85,102,89,35,82,62]","[94,99,104,22,68,98,71,54,69,65,63,59,48]","[90,4,84,93,80,10,31,15,103,53,13,57,119]","[106,49,117,51,88,21,46,45,43,27,40,107,44]",55999m 7p 2344578s,6m 45678999p 6779s,23448m 56p 34568s 3z,67m 2233344p r599s 3z
20260403012529_0000_018,20260403012529_0000,20260403012529,0,1,大やまだ,104,,,1775147203,2015.404,,3,245.584,"[18,34,96,17,79,87,33,85,102,89,35,82,62]","[94,99,22,68,98,71,54,69,65,63,59,48,23]","[90,4,84,93,80,10,31,15,103,53,13,57,119]","[106,49,117,51,88,21,46,45,43,27,40,107,44]",55999m 7p 2344578s,66m 45678999p 677s,23448m 56p 34568s 3z,67m 2233344p r599s 3z
20260403012529_0000_019,20260403012529_0000,20260403012529,0,2,NAKAl,31,,,1775147204,1478.26,,3,256.715,"[18,34,96,17,79,87,33,85,102,89,35,82,62]","[94,99,22,68,98,71,54,69,65,63,59,48,23]","[90,4,84,93,80,10,15,103,53,13,57,119,42]","[106,49,117,51,88,21,46,45,43,27,40,107,44]",55999m 7p 2344578s,66m 45678999p 677s,2344m 256p 34568s 3z,67m 2233344p r599s 3z
20260403012529_0000_020,20260403012529_0000,20260403012529,0,3,くまのプウさん,77,,,1775147206,1588.578,,3,197.273,"[18,34,96,17,79,87,33,85,102,89,35,82,62]","[94,99,22,68,98,71,54,69,65,63,59,48,23]","[90,4,84,93,80,10,15,103,53,13,57,119,42]","[106,49,117,51,88,21,46,45,43,27,40,107,44]",55999m 7p 2344578s,66m 45678999p 677s,2344m 256p 34568s 3z,67m 2233344p r599s 3z
20260403012529_0000_021,20260403012529_0000,20260403012529,0,0,s6u,37,,,1775147208,1341.031,,0,,"[18,34,96,17,79,87,33,85,102,89,35,82,62]","[94,99,22,68,98,71,54,69,65,63,59,48,23]","[90,4,84,93,80,10,15,103,53,13,57,119,42]","[106,49,117,51,88,21,46,45,43,27,40,107,44]",55999m 7p 2344578s,66m 45678999p 677s,2344m 256p 34568s 3z,67m 2233344p r599s 3z
20260403012529_0000_022,20260403012529_0000,20260403012529,0,1,大やまだ,99,,,1775147211,1113.838,2127.745,0,,"[18,34,96,17,79,87,33,85,102,89,35,82,62]","[94,22,68,98,71,54,69,65,63,59,48,23,58]","[90,4,84,93,80,10,15,103,53,13,57,119,42]","[106,49,117,51,88,21,46,45,43,27,40,107,44]",55999m 7p 2344578s,66m 456678999p 67s,2344m 256p 34568s 3z,67m 2233344p r599s 3z
20260403012529_0000_023,20260403012529_0000,20260403012529,0,2,NAKAl,119,,,1775147215,,,0,,"[18,34,96,17,79,87,33,85,102,89,35,82,62]","[94,22,68,98,71,54,69,65,63,59,48,23,58]","[90,4,84,80,10,15,53,13,57,42]","[106,49,117,51,88,21,46,45,43,27,40,107,44]",55999m 7p 2344578s,66m 456678999p 67s,2344m 256p 345s,67m 2233344p r599s 3z
20260403012529_0000_024,20260403012529_0000,20260403012529,0,3,くまのプウさん,117,,,1775147217,1535.592,,0,,"[18,34,96,17,79,87,33,85,102,89,35,82,62]","[94,22,68,98,71,54,69,65,63,59,48,23,58]","[90,4,84,80,10,15,53,13,57,42]","[106,49,51,88,21,46,45,43,27,40,107,44,19]",55999m 7p 2344578s,66m 456678999p 67s,2344m 256p 345s,567m 2233344p r599s
20260403012529_0000_025,20260403012529_0000,20260403012529,0,0,s6u,72,,,1775147222,4655.643,,5,2357.247,"[18,34,96,17,79,87,33,85,102,89,35,82,62]","[94,22,68,98,71,54,69,65,63,59,48,23,58]","[90,4,84,80,10,15,53,13,57,42]","[106,49,51,88,21,46,45,43,27,40,107,44,19]",55999m 7p 2344578s,66m 456678999p 67s,2344m 256p 345s,567m 2233344p r599s
20260403012529_0000_026,20260403012529_0000,20260403012529,0,1,大やまだ,16,,,1775147224,365.319,,3,3317.973,"[18,34,96,17,79,87,33,85,102,89,35,82,62]","[94,22,68,98,71,54,69,65,63,59,48,23,58]","[90,4,84,80,10,15,53,13,57,42]","[106,49,51,88,21,46,45,43,27,40,107,44,19]",55999m 7p 2344578s,66m 456678999p 67s,2344m 256p 345s,567m 2233344p r599s
20260403012529_0000_027,20260403012529_0000,20260403012529,0,2,NAKAl,42,,,1775147229,1580.558,,3,288.528,"[18,34,96,17,79,87,33,85,102,89,35,82,62]","[94,22,68,98,71,54,69,65,63,59,48,23,58]","[90,4,84,80,10,15,53,13,57,134]","[106,49,51,88,21,46,45,43,27,40,107,44,19]",55999m 7p 2344578s,66m 456678999p 67s,2344m 56p 345s 7z,567m 2233344p r599s
20260403012529_0000_028,20260403012529_0000,20260403012529,0,3,くまのプウさん,88,,,1775147233,713.481,2275.733,0,,"[18,34,96,17,79,87,33,85,102,89,35,82,62]","[94,22,68,98,71,54,69,65,63,59,48,23,58]","[90,4,84,80,10,15,53,13,57,134]","[106,49,51,21,46,45,43,27,40,107,44,19,105]",55999m 7p 2344578s,66m 456678999p 67s,2344m 56p 345s 7z,567m 2233344p 999s
20260403012529_0100_000,20260403012529_0100,20260403012529,100,0,s6u,122,,,1775147250,5231.206,,0,,"[20,43,61,131,4,10,41,130,1,63,17,14,40]","[57,90,49,28,7,94,87,77,52,113,11,47,62]","[129,108,80,99,30,109,86,126,95,121,0,111,133]","[13,3,31,8,97,35,96,116,33,79,81,117,44]",123456m 22277p 66z,238m 34r567p 2456s 2z,18m 3467s 1114567z,134899m 3p 2377s 33z
20260403012529_0100_001,20260403012529_0100,20260403012529,100,1,大やまだ,113,,,1775147252,2034.88,,0,,"[20,43,61,131,4,10,41,130,1,63,17,14,40]","[57,90,49,28,7,94,87,77,52,11,47,62,15]","[129,108,80,99,30,109,86,126,95,121,0,111,133]","[13,3,31,8,97,35,96,116,33,79,81,117,44]",123456m 22277p 66z,2348m 34r567p 2456s,18m 3467s 1114567z,134899m 3p 2377s 33z
20260403012529_0100_002,20260403012529_0100,20260403012529,100,2,NAKAl,121,,,1775147254,2044.765,,0,,"[20,43,61,131,4,10,41,130,1,63,17,14,40]","[57,90,49,28,7,94,87,77,52,11,47,62,15]","[129,108,80,99,30,109,86,126,95,0,111,133,24]","[13,3,31,8,97,35,96,116,33,79,81,117,44]",123456m 22277p 66z,2348m 34r567p 2456s,178m 3467s 111567z,134899m 3p 2377s 33z
20260403012529_0100_003,20260403012529_0100,20260403012529,100,3,くまのプウさん,125,,,1775147257,2968.029,,0,,"[20,43,61,131,4,10,41,130,1,63,17,14,40]","[57,90,49,28,7,94,87,77,52,11,47,62,15]","[129,108,80,99,30,109,86,126,95,0,111,133,24]","[13,3,31,8,97,35,96,116,33,79,81,117,44]",123456m 22277p 66z,2348m 34r567p 2456s,178m 3467s 111567z,134899m 3p 2377s 33z
20260403012529_0100_004,20260403012529_0100,20260403012529,100,0,s6u,6,,,1775147260,2984.888,,3,1220.05,"[20,43,61,131,4,10,41,130,1,63,17,14,40]","[57,90,49,28,7,94,87,77,52,11,47,62,15]","[129,108,80,99,30,109,86,126,95,0,111,133,24]","[13,3,31,8,97,35,96,116,33,79,81,117,44]",123456m 22277p 66z,2348m 34r567p 2456s,178m 3467s 111567z,134899m 3p 2377s 33z
20260403012529_0100_005,20260403012529_0100,20260403012529,100,1,大やまだ,89,,,1775147265,3477.387,,3,1439.242,"[20,43,61,131,4,10,41,130,1,63,17,14,40]","[57,90,49,28,7,94,87,77,52,11,47,62,15]","[129,108,80,99,30,109,86,126,95,0,111,133,24]","[13,3,31,8,97,35,96,116,33,79,81,117,44]",123456m 22277p 66z,2348m 34r567p 2456s,178m 3467s 111567z,134899m 3p 2377s 33z
20260403012529_0100_006,20260403012529_0100,20260403012529,100,2,NAKAl,0,,,1775147268,1161.295,,0,,"[20,43,61,131,4,10,41,130,1,63,17,14,40]","[57,90,49,28,7,94,87,77,52,11,47,62,15]","[129,108,80,99,30,109,86,126,95,111,133,24,93]","[13,3,31,8,97,35,96,116,33,79,81,117,44]",123456m 22277p 66z,2348m 34r567p 2456s,78m 34667s 111567z,134899m 3p 2377s 33z
20260403012529_0100_007,20260403012529_0100,20260403012529,100,3,くまのプウさん,123,,,1775147269,1510.315,,0,,"[20,43,61,131,4,10,41,130,1,63,17,14,40]","[57,90,49,28,7,94,87,77,52,11,47,62,15]","[129,108,80,99,30,109,86,126,95,111,133,24,93]","[13,3,31,8,97,35,96,116,33,79,81,117,44]",123456m 22277p 66z,2348m 34r567p 2456s,78m 34667s 111567z,134899m 3p 2377s 33z
20260403012529_0100_008,20260403012529_0100,20260403012529,100,0,s6u,55,,,1775147272,783.41,2318.723,0,,"[20,43,61,131,4,10,41,130,1,63,17,14,40]","[57,90,49,28,7,94,87,77,52,11,47,62,15]","[129,108,80,99,30,109,86,126,95,111,133,24,93]","[13,3,31,8,97,35,96,116,33,79,81,117,44]",123456m 22277p 66z,2348m 34r567p 2456s,78m 34667s 111567z,134899m 3p 2377s 33z
20260403012529_0100_009,20260403012529_0100,20260403012529,100,1,大やまだ,28,,,1775147283,,,0,,"[20,43,61,131,4,10,41,130,1,63,17,14,40]","[57,90,7,94,87,77,52,11,62,15]","[129,108,80,99,30,109,86,126,95,111,133,24,93]","[13,3,31,8,97,35,96,116,33,79,81,117,44]",123456m 22277p 66z,234m r567p 2456s,78m 34667s 111567z,134899m 3p 2377s 33z
20260403012529_0100_010,20260403012529_0100,20260403012529,100,2,NAKAl,120,,,1775147285,2156.82,,0,,"[20,43,61,131,4,10,41,130,1,63,17,14,40]","[57,90,7,94,87,77,52,11,62,15]","[129,108,80,99,30,109,86,126,95,111,133,24,93]","[13,3,31,8,97,35,96,116,33,79,81,117,44]",123456m 22277p 66z,234m r567p 2456s,78m 34667s 111567z,134899m 3p 2377s 33z
20260403012529_0100_011,20260403012529_0100,20260403012529,100,3,くまのプウさん,31,,,1775147286,1629.529,,0,,"[20,43,61,131,4,10,41,130,1,63,17,14,40]","[57,90,7,94,87,77,52,11,62,15]","[129,108,80,99,30,109,86,126,95,111,133,24,93]","[13,3,8,97,35,96,116,33,79,81,117,44,102]",123456m 22277p 66z,234m r567p 2456s,78m 34667s 111567z,13499m 3p 23778s 33z
20260403012529_0100_012,20260403012529_0100,20260403012529,100,0,s6u,18,,,1775147287,697.262,,3,1803.29,"[20,43,61,131,4,10,41,130,1,63,17,14,40]","[57,90,7,94,87,77,52,11,62,15]","[129,108,80,99,30,109,86,126,95,111,133,24,93]","[13,3,8,97,35,96,116,33,79,81,117,44,102]",123456m 22277p 66z,234m r567p 2456s,78m 34667s 111567z,13499m 3p 23778s 33z
20260403012529_0100_013,20260403012529_0100,20260403012529,100,1,大やまだ,77,,,1775147293,4261.317,,3,1480.45,"[20,43,61,131,4,10,41,130,1,63,17,14,40]","[57,90,7,94,87,52,11,62,15,19]","[129,108,80,99,30,109,86,126,95,111,133,24,93]","[13,3,8,97,35,96,116,33,79,81,117,44,102]",123456m 22277p 66z,2345m r567p 456s,78m 34667s 111567z,13499m 3p 23778s 33z
20260403012529_0100_014,20260403012529_0100,20260403012529,100,2,NAKAl,30,,,1775147299,4863.272,,0,,"[20,43,61,131,4,10,41,130,1,63,17,14,40]","[57,90,7,94,87,52,11,62,15,19]","[129,108,80,99,109,86,126,95,111,133,24,93,58]","[13,3,8,97,35,96,116,33,79,81,117,44,102]",123456m 22277p 66z,2345m r567p 456s,7m 6p 34667s 111567z,13499m 3p 23778s 33z
20260403012529_0100_015,20260403012529_0100,20260403012529,100,3,くまのプウさん,79,,,1775147301,1653.319,,0,,"[20,43,61,131,4,10,41,130,1,63,17,14,40]","[57,90,7,94,87,52,11,62,15,19]","[129,108,80,99,109,86,126,95,111,133,24,93,58]","[13,3,8,97,35,96,116,33,81,117,44,102,91]",123456m 22277p 66z,2345m r567p 456s,7m 6p 34667s 111567z,13499m 3p 35778s 33z
20260403012529_0100_016,20260403012529_0100,20260403012529,100,0,s6u,45,,,1775147302,713.123,,0,,"[20,43,61,131,4,10,41,130,1,63,17,14,40]","[57,90,7,94,87,52,11,62,15,19]","[129,108,80,99,109,86,126,95,111,133,24,93,58]","[13,3,8,97,35,96,116,33,81,117,44,102,91]",123456m 22277p 66z,2345m r567p 456s,7m 6p 34667s 111567z,13499m 3p 35778s 33z
20260403012529_0100_017,20260403012529_0100,20260403012529,100,1,大やまだ,56,,,1775147305,3300.535,,0,,"[20,43,61,131,4,10,41,130,1,63,17,14,40]","[57,90,7,94,87,52,11,62,15,19]","[129,108,80,99,109,86,126,95,111,133,24,93,58]","[13,3,8,97,35,96,116,33,81,117,44,102,91]",123456m 22277p 66z,2345m r567p 456s,7m 6p 34667s 111567z,13499m 3p 35778s 33z
20260403012529_0100_018,20260403012529_0100,20260403012529,100,2,NAKAl,58,,,1775147307,1808.181,,0,,"[20,43,61,131,4,10,41,130,1,63,17,14,40]","[57,90,7,94,87,52,11,62,15,19]","[129,108,80,99,109,86,126,95,111,133,24,93,71]","[13,3,8,97,35,96,116,33,81,117,44,102,91]",123456m 22277p 66z,2345m r567p 456s,7m 9p 34667s 111567z,13499m 3p 35778s 33z
20260403012529_0100_019,20260403012529_0100,20260403012529,100,3,くまのプウさん,44,,,1775147309,1610.487,,0,,"[20,43,61,131,4,10,41,130,1,63,17,14,40]","[57,90,7,94,87,52,11,62,15,19]","[129,108,80,99,109,86,126,95,111,133,24,93,71]","[13,3,8,97,35,96,116,33,81,117,102,91,104]",123456m 22277p 66z,2345m r567p 456s,7m 9p 34667s 111567z,13499m 357789s 33z
20260403012529_0100_020,20260403012529_0100,20260403012529,100,0,s6u,84,,,1775147309,705.59,,3,2122.354,"[20,43,61,131,4,10,41,130,1,63,17,14,40]","[57,90,7,94,87,52,11,62,15,19]","[129,108,80,99,109,86,126,95,111,133,24,93,71]","[13,3,8,97,35,96,116,33,81,117,102,91,104]",123456m 22277p 66z,2345m r567p 456s,7m 9p 34667s 111567z,13499m 357789s 33z
20260403012529_0100_021,20260403012529_0100,20260403012529,100,1,大やまだ,7,,,1775147319,7860.363,,0,,"[20,43,61,131,4,10,41,130,1,63,17,14,40]","[57,90,94,87,52,11,62,15,19,51]","[129,108,80,99,109,86,126,95,111,133,24,93,71]","[13,3,8,97,35,96,116,33,81,117,102,91,104]",123456m 22277p 66z,345m 4r567p 456s,7m 9p 34667s 111567z,13499m 357789s 33z
20260403012529_0100_022,20260403012529_0100,20260403012529,100,2,NAKAl,126,,,1775147322,2997.5,,0,,"[20,43,61,131,4,10,41,130,1,63,17,14,40]","[57,90,94,87,52,11,62,15,19,51]","[129,108,80,99,109,86,95,111,133,24,93,71,132]","[13,3,8,97,35,96,116,33,81,117,102,91,104]",123456m 22277p 66z,345m 4r567p 456s,7m 9p 34667s 111677z,13499m 357789s 33z
20260403012529_0100_023,20260403012529_0100,20260403012529,100,3,くまのプウさん,117,,,1775147325,2356.121,,0,,"[20,43,61,131,4,10,41,130,1,63,17,14,40]","[57,90,94,87,52,11,62,15,19,51]","[129,108,80,99,109,86,95,111,133,24,93,71,132]","[13,3,8,97,35,96,116,33,81,102,91,104,100]",123456m 22277p 66z,345m 4r567p 456s,7m 9p 34667s 111677z,13499m 3577889s 3z
20260403012529_0100_024,20260403012529_0100,20260403012529,100,0,s6u,74,,,1775147325,703.408,,0,,"[20,43,61,131,4,10,41,130,1,63,17,14,40]","[57,90,94,87,52,11,62,15,19,51]","[129,108,80,99,109,86,95,111,133,24,93,71,132]","[13,3,8,97,35,96,116,33,81,102,91,104,100]",123456m 22277p 66z,345m 4r567p 456s,7m 9p 34667s 111677z,13499m 3577889s 3z
20260403012529_0100_025,20260403012529_0100,20260403012529,100,1,大やまだ,105,,,1775147330,5086.179,,0,,"[20,43,61,131,4,10,41,130,1,63,17,14,40]","[57,90,94,87,52,11,62,15,19,51]","[129,108,80,99,109,86,95,111,133,24,93,71,132]","[13,3,8,97,35,96,116,33,81,102,91,104,100]",123456m 22277p 66z,345m 4r567p 456s,7m 9p 34667s 111677z,13499m 3577889s 3z
20260403012529_0100_026,20260403012529_0100,20260403012529,100,2,NAKAl,86,,,1775147333,2578.842,,3,301.226,"[20,43,61,131,4,10,41,130,1,63,17,14,40]","[57,90,94,87,52,11,62,15,19,51]","[129,108,80,99,109,95,111,133,24,93,71,132,37]","[13,3,8,97,35,96,116,33,81,102,91,104,100]",123456m 22277p 66z,345m 4r567p 456s,7m 19p 3667s 111677z,13499m 3577889s 3z
20260403012529_0100_027,20260403012529_0100,20260403012529,100,3,くまのプウさん,116,,,1775147335,1736.902,,0,,"[20,43,61,131,4,10,41,130,1,63,17,14,40]","[57,90,94,87,52,11,62,15,19,51]","[129,108,80,99,109,95,111,133,24,93,71,132,37]","[13,3,8,97,35,96,33,81,102,91,104,100,69]",123456m 22277p 66z,345m 4r567p 456s,7m 19p 3667s 111677z,13499m 9p 3577889s
20260403012529_0100_028,20260403012529_0100,20260403012529,100,0,s6u,38,,,1775147336,719.752,,0,,"[20,43,61,131,4,10,41,130,1,63,17,14,40]","[57,90,94,87,52,11,62,15,19,51]","[129,108,80,99,109,95,111,133,24,93,71,132,37]","[13,3,8,97,35,96,33,81,102,91,104,100,69]",123456m 22277p 66z,345m 4r567p 456s,7m 19p 3667s 111677z,13499m 9p 3577889s
20260403012529_0100_029,20260403012529_0100,20260403012529,100,1,大やまだ,127,,,1775147338,2355.123,,0,,"[20,43,61,131,4,10,41,130,1,63,17,14,40]","[57,90,94,87,52,11,62,15,19,51]","[129,108,80,99,109,95,111,133,24,93,71,132,37]","[13,3,8,97,35,96,33,81,102,91,104,100,69]",123456m 22277p 66z,345m 4r567p 456s,7m 19p 3667s 111677z,13499m 9p 3577889s
20260403012529_0100_030,20260403012529_0100,20260403012529,100,2,NAKAl,37,,,1775147339,1258.267,,0,,"[20,43,61,131,4,10,41,130,1,63,17,14,40]","[57,90,94,87,52,11,62,15,19,51]","[129,108,80,99,109,95,111,133,24,93,71,132,115]","[13,3,8,97,35,96,33,81,102,91,104,100,69]",123456m 22277p 66z,345m 4r567p 456s,7m 9p 3667s 1112677z,13499m 9p 3577889s
20260403012529_0100_031,20260403012529_0100,20260403012529,100,3,くまのプウさん,104,,,1775147342,2729.46,,0,,"[20,43,61,131,4,10,41,130,1,63,17,14,40]","[57,90,94,87,52,11,62,15,19,51]","[129,108,80,99,109,95,111,133,24,93,71,132,115]","[13,3,8,97,35,96,33,81,102,91,100,69,25]",123456m 22277p 66z,345m 4r567p 456s,7m 9p 3667s 1112677z,134799m 9p 357788s
20260403012529_0100_032,20260403012529_0100,20260403012529,100,0,s6u,76,,,1775147343,731.16,,0,,"[20,43,61,131,4,10,41,130,1,63,17,14,40]","[57,90,94,87,52,11,62,15,19,51]","[129,108,80,99,109,95,111,133,24,93,71,132,115]","[13,3,8,97,35,96,33,81,102,91,100,69,25]",123456m 22277p 66z,345m 4r567p 456s,7m 9p 3667s 1112677z,134799m 9p 357788s
20260403012529_0200_000,20260403012529_0200,20260403012529,200,1,大やまだ,123,,,1775147356,4432.873,,0,,"[61,84,20,62,19,12,93,92,57,60,81,55,48,89]","[69,58,40,14,5,15,98,83,39,34,103,66,104]","[120,112,73,63,95,102,29,119,53,122,35,115,94]","[7,22,87,56,2,27,26,37,18,80,1,91,70]",456m 456777p 34566s,2449m 12689p 3789s,89m 57p 1668s 22344z,1125677m 169p 345s
20260403012529_0200_001,20260403012529_0200,20260403012529,200,2,NAKAl,29,,,1775147359,1232.301,,3,242.845,"[61,84,20,62,19,12,93,92,57,60,81,55,48,89]","[69,58,40,14,5,15,98,83,39,34,103,66,104]","[120,112,73,63,95,102,119,53,35,115,94]","[7,22,87,56,2,27,26,37,18,80,1,91,70]",456m 456777p 34566s,2449m 12689p 3789s,9m 57p 1668s 2234z,1125677m 169p 345s
20260403012529_0200_002,20260403012529_0200,20260403012529,200,3,くまのプウさん,70,,,1775147360,1389.621,,5,876.341,"[61,84,20,62,19,12,93,92,57,60,81,55,48,89]","[69,58,40,14,5,15,98,83,39,34,103,66,104]","[120,112,73,63,95,102,119,53,35,115,94]","[7,22,87,56,2,27,26,37,18,80,1,91,21]",456m 456777p 34566s,2449m 12689p 3789s,9m 57p 1668s 2234z,11256677m 16p 345s
20260403012529_0200_003,20260403012529_0200,20260403012529,200,0,s6u,124,,,1775147362,701.915,,0,,"[61,84,20,62,19,12,93,92,57,60,81,55,48,89]","[69,58,40,14,5,15,98,83,39,34,103,66,104]","[120,112,73,63,95,102,119,53,35,115,94]","[7,22,87,56,2,27,26,37,18,80,1,91,21]",456m 456777p 34566s,2449m 12689p 3789s,9m 57p 1668s 2234z,11256677m 16p 345s
20260403012529_0200_004,20260403012529_0200,20260403012529,200,1,大やまだ,34,,,1775147364,2372.163,,0,,"[61,84,20,62,19,12,93,92,57,60,81,55,48,89]","[69,58,40,14,5,15,98,83,39,103,66,104,52]","[120,112,73,63,95,102,119,53,35,115,94]","[7,22,87,56,2,27,26,37,18,80,1,91,21]",456m 456777p 34566s,244m 12r5689p 3789s,9m 57p 1668s 2234z,11256677m 16p 345s
20260403012529_0200_005,20260403012529_0200,20260403012529,200,2,NAKAl,35,,,1775147366,1465.435,,0,,"[61,84,20,62,19,12,93,92,57,60,81,55,48,89]","[69,58,40,14,5,15,98,83,39,103,66,104,52]","[120,112,73,63,95,102,119,53,115,94,97]","[7,22,87,56,2,27,26,37,18,80,1,91,21]",456m 456777p 34566s,244m 12r5689p 3789s,57p 16678s 2234z,11256677m 16p 345s
20260403012529_0200_006,20260403012529_0200,20260403012529,200,3,くまのプウさん,37,,,1775147368,2251.14,,0,,"[61,84,20,62,19,12,93,92,57,60,81,55,48,89]","[69,58,40,14,5,15,98,83,39,103,66,104,52]","[120,112,73,63,95,102,119,53,115,94,97]","[7,22,87,56,2,27,26,18,80,1,91,21,24]",456m 456777p 34566s,244m 12r5689p 3789s,57p 16678s 2234z,112566777m 6p 345s
20260403012529_0200_007,20260403012529_0200,20260403012529,200,0,s6u,111,,,1775147369,1242.825,,0,,"[61,84,20,62,19,12,93,92,57,60,81,55,48,89]","[69,58,40,14,5,15,98,83,39,103,66,104,52]","[120,112,73,63,95,102,119,53,115,94,97]","[7,22,87,56,2,27,26,18,80,1,91,21,24]",456m 456777p 34566s,244m 12r5689p 3789s,57p 16678s 2234z,112566777m 6p 345s
20260403012529_0200_008,20260403012529_0200,20260403012529,200,1,大やまだ,130,,,1775147371,2085.877,,0,,"[61,84,20,62,19,12,93,92,57,60,81,55,48,89]","[69,58,40,14,5,15,98,83,39,103,66,104,52]","[120,112,73,63,95,102,119,53,115,94,97]","[7,22,87,56,2,27,26,18,80,1,91,21,24]",456m 456777p 34566s,244m 12r5689p 3789s,57p 16678s 2234z,112566777m 6p 345s
20260403012529_0200_009,20260403012529_0200,20260403012529,200,2,NAKAl,73,,,1775147375,3775.569,,0,,"[61,84,20,62,19,12,93,92,57,60,81,55,48,89]","[69,58,40,14,5,15,98,83,39,103,66,104,52]","[120,112,63,95,102,119,53,115,94,97,109]","[7,22,87,56,2,27,26,18,80,1,91,21,24]",456m 456777p 34566s,244m 12r5689p 3789s,57p 6678s 12234z,112566777m 6p 345s
20260403012529_0200_010,20260403012529_0200,20260403012529,200,3,くまのプウさん,1,,,1775147383,7896.208,,0,,"[61,84,20,62,19,12,93,92,57,60,81,55,48,89]","[69,58,40,14,5,15,98,83,39,103,66,104,52]","[120,112,63,95,102,119,53,115,94,97,109]","[7,22,87,56,2,27,26,18,80,91,21,24,25]",456m 456777p 34566s,244m 12r5689p 3789s,57p 6678s 12234z,125667777m 6p 345s
20260403012529_0200_011,20260403012529_0200,20260403012529,200,0,s6u,3,,,1775147385,1998.221,,0,,"[61,84,20,62,19,12,93,92,57,60,81,55,48,89]","[69,58,40,14,5,15,98,83,39,103,66,104,52]","[120,112,63,95,102,119,53,115,94,97,109]","[7,22,87,56,2,27,26,18,80,91,21,24,25]",456m 456777p 34566s,244m 12r5689p 3789s,57p 6678s 12234z,125667777m 6p 345s
20260403012529_0200_012,20260403012529_0200,20260403012529,200,1,大やまだ,134,,,1775147387,1984.657,,0,,"[61,84,20,62,19,12,93,92,57,60,81,55,48,89]","[69,58,40,14,5,15,98,83,39,103,66,104,52]","[120,112,63,95,102,119,53,115,94,97,109]","[7,22,87,56,2,27,26,18,80,91,21,24,25]",456m 456777p 34566s,244m 12r5689p 3789s,57p 6678s 12234z,125667777m 6p 345s
20260403012529_0200_013,20260403012529_0200,20260403012529,200,2,NAKAl,63,,,1775147391,3744.881,,3,1415.149,"[61,84,20,62,19,12,93,92,57,60,81,55,48,89]","[69,58,40,14,5,15,98,83,39,103,66,104,52]","[120,112,95,102,119,53,115,94,97,109,105]","[7,22,87,56,2,27,26,18,80,91,21,24,25]",456m 456777p 34566s,244m 12r5689p 3789s,5p 66789s 12234z,125667777m 6p 345s
20260403012529_0200_014,20260403012529_0200,20260403012529,200,3,くまのプウさん,38,,,1775147394,1644.837,,0,,"[61,84,20,62,19,12,93,92,57,60,81,55,48,89]","[69,58,40,14,5,15,98,83,39,103,66,104,52]","[120,112,95,102,119,53,115,94,97,109,105]","[7,22,87,56,2,27,26,18,80,91,21,24,25]",456m 456777p 34566s,244m 12r5689p 3789s,5p 66789s 12234z,125667777m 6p 345s
20260403012529_0200_015,20260403012529_0200,20260403012529,200,0,s6u,133,,,1775147397,2781.09,,0,,"[61,84,20,62,19,12,93,92,57,60,81,55,48,89]","[69,58,40,14,5,15,98,83,39,103,66,104,52]","[120,112,95,102,119,53,115,94,97,109,105]","[7,22,87,56,2,27,26,18,80,91,21,24,25]",456m 456777p 34566s,244m 12r5689p 3789s,5p 66789s 12234z,125667777m 6p 345s
20260403012529_0200_016,20260403012529_0200,20260403012529,200,1,大やまだ,5,,,1775147400,3431.405,,0,,"[61,84,20,62,19,12,93,92,57,60,81,55,48,89]","[69,58,40,14,15,98,83,39,103,66,104,52,86]","[120,112,95,102,119,53,115,94,97,109,105]","[7,22,87,56,2,27,26,18,80,91,21,24,25]",456m 456777p 34566s,44m 12r5689p 34789s,5p 66789s 12234z,125667777m 6p 345s
20260403012529_0200_017,20260403012529_0200,20260403012529,200,2,NAKAl,53,,,1775147403,3285.021,,0,,"[61,84,20,62,19,12,93,92,57,60,81,55,48,89]","[69,58,40,14,15,98,83,39,103,66,104,52,86]","[120,112,95,102,119,115,94,97,109,105,28]","[7,22,87,56,2,27,26,18,80,91,21,24,25]",456m 456777p 34566s,44m 12r5689p 34789s,8m 66789s 12234z,125667777m 6p 345s
20260403012529_0200_018,20260403012529_0200,20260403012529,200,3,くまのプウさん,2,,,1775147412,8695.81,,0,,"[61,84,20,62,19,12,93,92,57,60,81,55,48,89]","[69,58,40,14,15,98,83,39,103,66,104,52,86]","[120,112,95,102,119,115,94,97,109,105,28]","[7,22,87,56,27,26,18,80,91,21,24,25,31]",456m 456777p 34566s,44m 12r5689p 34789s,8m 66789s 12234z,256677778m 6p 345s
20260403012529_0200_019,20260403012529_0200,20260403012529,200,0,s6u,129,,,1775147413,1262.638,,0,,"[61,84,20,62,19,12,93,92,57,60,81,55,48,89]","[69,58,40,14,15,98,83,39,103,66,104,52,86]","[120,112,95,102,119,115,94,97,109,105,28]","[7,22,87,56,27,26,18,80,91,21,24,25,31]",456m 456777p 34566s,44m 12r5689p 34789s,8m 66789s 12234z,256677778m 6p 345s
20260403012529_0200_020,20260403012529_0200,20260403012529,200,1,大やまだ,82,,,1775147416,2525.602,,0,,"[61,84,20,62,19,12,93,92,57,60,81,55,48,89]","[69,58,40,14,15,98,83,39,103,66,104,52,86]","[120,112,95,102,119,115,94,97,109,105,28]","[7,22,87,56,27,26,18,80,91,21,24,25,31]",456m 456777p 34566s,44m 12r5689p 34789s,8m 66789s 12234z,256677778m 6p 345s
20260403012529_0200_021,20260403012529_0200,20260403012529,200,2,NAKAl,45,,,1775147419,2661.405,,0,,"[61,84,20,62,19,12,93,92,57,60,81,55,48,89]","[69,58,40,14,15,98,83,39,103,66,104,52,86]","[120,112,95,102,119,115,94,97,109,105,28]","[7,22,87,56,27,26,18,80,91,21,24,25,31]",456m 456777p 34566s,44m 12r5689p 34789s,8m 66789s 12234z,256677778m 6p 345s
20260403012529_0200_022,20260403012529_0200,20260403012529,200,3,くまのプウさん,100,,,1775147423,4597.093,,0,,"[61,84,20,62,19,12,93,92,57,60,81,55,48,89]","[69,58,40,14,15,98,83,39,103,66,104,52,86]","[120,112,95,102,119,115,94,97,109,105,28]","[7,22,87,56,27,26,18,80,91,21,24,25,31]",456m 456777p 34566s,44m 12r5689p 34789s,8m 66789s 12234z,256677778m 6p 345s
20260403012529_0200_023,20260403012529_0200,20260403012529,200,0,s6u,6,,,1775147430,6907.763,,0,,"[61,84,20,62,19,12,93,92,57,60,81,55,48,89]","[69,58,40,14,15,98,83,39,103,66,104,52,86]","[120,112,95,102,119,115,94,97,109,105,28]","[7,22,87,56,27,26,18,80,91,21,24,25,31]",456m 456777p 34566s,44m 12r5689p 34789s,8m 66789s 12234z,256677778m 6p 345s
20260403012529_0200_024,20260403012529_0200,20260403012529,200,1,大やまだ,113,,,1775147432,2206.196,,0,,"[61,84,20,62,19,12,93,92,57,60,81,55,48,89]","[69,58,40,14,15,98,83,39,103,66,104,52,86]","[120,112,95,102,119,115,94,97,109,105,28]","[7,22,87,56,27,26,18,80,91,21,24,25,31]",456m 456777p 34566s,44m 12r5689p 34789s,8m 66789s 12234z,256677778m 6p 345s
20260403012529_0200_025,20260403012529_0200,20260403012529,200,2,NAKAl,28,,,1775147434,616.795,,3,190.547,"[61,84,20,62,19,12,93,92,57,60,81,55,48,89]","[69,58,40,14,15,98,83,39,103,66,104,52,86]","[120,112,95,102,119,94,97,109,105]","[7,22,87,56,27,26,18,80,91,21,24,25,31]",456m 456777p 34566s,44m 12r5689p 34789s,66789s 1234z,256677778m 6p 345s
20260403012529_0200_026,20260403012529_0200,20260403012529,200,3,くまのプウさん,96,,,1775147437,2268.309,,0,,"[61,84,20,62,19,12,93,92,57,60,81,55,48,89]","[69,58,40,14,15,98,83,39,103,66,104,52,86]","[120,112,95,102,119,94,97,109,105]","[7,22,87,56,27,26,18,80,91,21,24,25,31]",456m 456777p 34566s,44m 12r5689p 34789s,66789s 1234z,256677778m 6p 345s
20260403012529_0200_027,20260403012529_0200,20260403012529,200,0,s6u,13,,,1775147442,5348.359,,3,1469.719,"[61,84,20,62,19,12,93,92,57,60,81,55,48,89]","[69,58,40,14,15,98,83,39,103,66,104,52,86]","[120,112,95,102,119,94,97,109,105]","[7,22,87,56,27,26,18,80,91,21,24,25,31]",456m 456777p 34566s,44m 12r5689p 34789s,66789s 1234z,256677778m 6p 345s
20260403012529_0200_028,20260403012529_0200,20260403012529,200,1,大やまだ,66,,,1775147446,2699.59,,0,,"[61,84,20,62,19,12,93,92,57,60,81,55,48,89]","[69,58,40,14,15,98,83,39,103,104,52,86,77]","[120,112,95,102,119,94,97,109,105]","[7,22,87,56,27,26,18,80,91,21,24,25,31]",456m 456777p 34566s,44m 12r569p 234789s,66789s 1234z,256677778m 6p 345s
20260403012529_0200_029,20260403012529_0200,20260403012529,200,2,NAKAl,72,,,1775147448,1846.744,,0,,"[61,84,20,62,19,12,93,92,57,60,81,55,48,89]","[69,58,40,14,15,98,83,39,103,104,52,86,77]","[120,112,95,102,119,94,97,109,105]","[7,22,87,56,27,26,18,80,91,21,24,25,31]",456m 456777p 34566s,44m 12r569p 234789s,66789s 1234z,256677778m 6p 345s
20260403012529_0200_030,20260403012529_0200,20260403012529,200,3,くまのプウさん,7,,,1775147451,717.576,2767.806,0,,"[61,84,20,62,19,12,93,92,57,60,81,55,48,89]","[69,58,40,14,15,98,83,39,103,104,52,86,77]","[120,112,95,102,119,94,97,109,105]","[22,87,56,27,26,18,80,91,21,24,25,31,50]",456m 456777p 34566s,44m 12r569p 234789s,66789s 1234z,56677778m 46p 345s
20260403012529_0200_031,20260403012529_0200,20260403012529,200,0,s6u,4,,,1775147453,1766.669,,0,,"[61,84,20,62,19,12,93,92,57,60,81,55,48,89]","[69,58,40,14,15,98,83,39,103,104,52,86,77]","[120,112,95,102,119,94,97,109,105]","[22,87,56,27,26,18,80,91,21,24,25,31,50]",456m 456777p 34566s,44m 12r569p 234789s,66789s 1234z,56677778m 46p 345s
20260403012529_0200_032,20260403012529_0200,20260403012529,200,1,大やまだ,69,,,1775147457,4172.688,,0,,"[61,84,20,62,19,12,93,92,57,60,81,55,48,89]","[58,40,14,15,98,83,39,103,104,52,86,77,121]","[120,112,95,102,119,94,97,109,105]","[22,87,56,27,26,18,80,91,21,24,25,31,50]",456m 456777p 34566s,44m 12r56p 234789s 4z,66789s 1234z,56677778m 46p 345s
20260403012529_0200_033,20260403012529_0200,20260403012529,200,2,NAKAl,132,,,1775147459,1878.515,,0,,"[61,84,20,62,19,12,93,92,57,60,81,55,48,89]","[58,40,14,15,98,83,39,103,104,52,86,77,121]","[120,112,95,102,119,94,97,109,105]","[22,87,56,27,26,18,80,91,21,24,25,31,50]",456m 456777p 34566s,44m 12r56p 234789s 4z,66789s 1234z,56677778m 46p 345s
20260403012529_0200_034,20260403012529_0200,20260403012529,200,3,くまのプウさん,135,,,1775147460,788.57,,0,,"[61,84,20,62,19,12,93,92,57,60,81,55,48,89]","[58,40,14,15,98,83,39,103,104,52,86,77,121]","[120,112,95,102,119,94,97,109,105]","[22,87,56,27,26,18,80,91,21,24,25,31,50]",456m 456777p 34566s,44m 12r56p 234789s 4z,66789s 1234z,56677778m 46p 345s
20260403012529_0200_035,20260403012529_0200,20260403012529,200,0,s6u,128,,,1775147464,3892.675,,0,,"[61,84,20,62,19,12,93,92,57,60,81,55,48,89]","[58,40,14,15,98,83,39,103,104,52,86,77,121]","[120,112,95,102,119,94,97,109,105]","[22,87,56,27,26,18,80,91,21,24,25,31,50]",456m 456777p 34566s,44m 12r56p 234789s 4z,66789s 1234z,56677778m 46p 345s
20260403012529_0200_036,20260403012529_0200,20260403012529,200,1,大やまだ,71,,,1775147466,2231.5,,0,,"[61,84,20,62,19,12,93,92,57,60,81,55,48,89]","[58,40,14,15,98,83,39,103,104,52,86,77,121]","[120,112,95,102,119,94,97,109,105]","[22,87,56,27,26,18,80,91,21,24,25,31,50]",456m 456777p 34566s,44m 12r56p 234789s 4z,66789s 1234z,56677778m 46p 345s
20260403012529_0200_037,20260403012529_0200,20260403012529,200,2,NAKAl,78,,,1775147470,3395.877,,0,,"[61,84,20,62,19,12,93,92,57,60,81,55,48,89]","[58,40,14,15,98,83,39,103,104,52,86,77,121]","[120,112,95,102,119,94,97,109,105]","[22,87,56,27,26,18,80,91,21,24,25,31,50]",456m 456777p 34566s,44m 12r56p 234789s 4z,66789s 1234z,56677778m 46p 345s
20260403012529_0200_038,20260403012529_0200,20260403012529,200,3,くまのプウさん,99,,,1775147470,818.734,,0,,"[61,84,20,62,19,12,93,92,57,60,81,55,48,89]","[58,40,14,15,98,83,39,103,104,52,86,77,121]","[120,112,95,102,119,94,97,109,105]","[22,87,56,27,26,18,80,91,21,24,25,31,50]",456m 456777p 34566s,44m 12r56p 234789s 4z,66789s 1234z,56677778m 46p 345s
20260403012529_0200_039,20260403012529_0200,20260403012529,200,0,s6u,64,,,1775147475,716.437,4237.514,0,,"[61,84,20,62,19,12,93,92,57,60,81,55,48,89]","[58,40,14,15,98,83,39,103,104,52,86,77,121]","[120,112,95,102,119,94,97,109,105]","[22,87,56,27,26,18,80,91,21,24,25,31,50]",456m 456777p 34566s,44m 12r56p 234789s 4z,66789s 1234z,56677778m 46p 345s
20260403012529_0200_040,20260403012529_0200,20260403012529,200,1,大やまだ,121,,,1775147489,13557.687,,0,,"[61,84,20,62,19,12,93,92,57,60,81,55,48,89]","[58,40,14,15,98,83,39,103,104,52,86,77,36]","[120,112,95,102,119,94,97,109,105]","[22,87,56,27,26,18,80,91,21,24,25,31,50]",456m 456777p 34566s,44m 112r56p 234789s,66789s 1234z,56677778m 46p 345s
20260403012529_0200_041,20260403012529_0200,20260403012529,200,2,NAKAl,131,,,1775147491,1968.975,,0,,"[61,84,20,62,19,12,93,92,57,60,81,55,48,89]","[58,40,14,15,98,83,39,103,104,52,86,77,36]","[120,112,95,102,119,94,97,109,105]","[22,87,56,27,26,18,80,91,21,24,25,31,50]",456m 456777p 34566s,44m 112r56p 234789s,66789s 1234z,56677778m 46p 345s
20260403012529_0200_042,20260403012529_0200,20260403012529,200,3,くまのプウさん,51,,,1775147492,717.401,,0,,"[61,84,20,62,19,12,93,92,57,60,81,55,48,89]","[58,40,14,15,98,83,39,103,104,52,86,77,36]","[120,112,95,102,119,94,97,109,105]","[22,87,56,27,26,18,80,91,21,24,25,31,50]",456m 456777p 34566s,44m 112r56p 234789s,66789s 1234z,56677778m 46p 345s
20260403012529_0200_043,20260403012529_0200,20260403012529,200,0,s6u,11,,,1775147493,1168.699,,0,,"[61,84,20,62,19,12,93,92,57,60,81,55,48,89]","[58,40,14,15,98,83,39,103,104,52,86,77,36]","[120,112,95,102,119,94,97,109,105]","[22,87,56,27,26,18,80,91,21,24,25,31,50]",456m 456777p 34566s,44m 112r56p 234789s,66789s 1234z,56677778m 46p 345s
20260403012529_0200_044,20260403012529_0200,20260403012529,200,1,大やまだ,9,,,1775147496,3020.599,,0,,"[61,84,20,62,19,12,93,92,57,60,81,55,48,89]","[58,40,14,15,98,83,39,103,104,52,86,77,36]","[120,112,95,102,119,94,97,109,105]","[22,87,56,27,26,18,80,91,21,24,25,31,50]",456m 456777p 34566s,44m 112r56p 234789s,66789s 1234z,56677778m 46p 345s
20260403012529_0200_045,20260403012529_0200,20260403012529,200,2,NAKAl,49,,,1775147498,2051.101,,0,,"[61,84,20,62,19,12,93,92,57,60,81,55,48,89]","[58,40,14,15,98,83,39,103,104,52,86,77,36]","[120,112,95,102,119,94,97,109,105]","[22,87,56,27,26,18,80,91,21,24,25,31,50]",456m 456777p 34566s,44m 112r56p 234789s,66789s 1234z,56677778m 46p 345s
20260403012529_0200_046,20260403012529_0200,20260403012529,200,3,くまのプウさん,0,,,1775147499,717.607,,0,,"[61,84,20,62,19,12,93,92,57,60,81,55,48,89]","[58,40,14,15,98,83,39,103,104,52,86,77,36]","[120,112,95,102,119,94,97,109,105]","[22,87,56,27,26,18,80,91,21,24,25,31,50]",456m 456777p 34566s,44m 112r56p 234789s,66789s 1234z,56677778m 46p 345s
20260403012529_0200_047,20260403012529_0200,20260403012529,200,0,s6u,32,,,1775147500,1148.171,,0,,"[61,84,20,62,19,12,93,92,57,60,81,55,48,89]","[58,40,14,15,98,83,39,103,104,52,86,77,36]","[120,112,95,102,119,94,97,109,105]","[22,87,56,27,26,18,80,91,21,24,25,31,50]",456m 456777p 34566s,44m 112r56p 234789s,66789s 1234z,56677778m 46p 345s
20260403012529_0200_048,20260403012529_0200,20260403012529,200,1,大やまだ,33,,,1775147503,2904.61,,0,,"[61,84,20,62,19,12,93,92,57,60,81,55,48,89]","[58,40,14,15,98,83,39,103,104,52,86,77,36]","[120,112,95,102,119,94,97,109,105]","[22,87,56,27,26,18,80,91,21,24,25,31,50]",456m 456777p 34566s,44m 112r56p 234789s,66789s 1234z,56677778m 46p 345s
20260403012529_0200_049,20260403012529_0200,20260403012529,200,2,NAKAl,109,,,1775147505,1992.107,,0,,"[61,84,20,62,19,12,93,92,57,60,81,55,48,89]","[58,40,14,15,98,83,39,103,104,52,86,77,36]","[120,112,95,102,119,94,97,105,23]","[22,87,56,27,26,18,80,91,21,24,25,31,50]",456m 456777p 34566s,44m 112r56p 234789s,6m 66789s 234z,56677778m 46p 345s
20260403012529_0200_050,20260403012529_0200,20260403012529,200,3,くまのプウさん,46,,,1775147505,718.265,,0,,"[61,84,20,62,19,12,93,92,57,60,81,55,48,89]","[58,40,14,15,98,83,39,103,104,52,86,77,36]","[120,112,95,102,119,94,97,105,23]","[22,87,56,27,26,18,80,91,21,24,25,31,50]",456m 456777p 34566s,44m 112r56p 234789s,6m 66789s 234z,56677778m 46p 345s
20260403012529_0200_051,20260403012529_0200,20260403012529,200,0,s6u,44,,,1775147506,1166.323,,3,2414.996,"[61,84,20,62,19,12,93,92,57,60,81,55,48,89]","[58,40,14,15,98,83,39,103,104,52,86,77,36]","[120,112,95,102,119,94,97,105,23]","[22,87,56,27,26,18,80,91,21,24,25,31,50]",456m 456777p 34566s,44m 112r56p 234789s,6m 66789s 234z,56677778m 46p 345s
20260403012529_0200_052,20260403012529_0200,20260403012529,200,1,大やまだ,36,,,1775147512,2657.443,,0,,"[61,84,20,62,19,12,93,92,57,60,81,55,48,89]","[58,40,14,15,98,83,39,103,104,52,86,77,90]","[120,112,95,102,119,94,97,105,23]","[22,87,56,27,26,18,80,91,21,24,25,31,50]",456m 456777p 34566s,44m 12r56p 2345789s,6m 66789s 234z,56677778m 46p 345s
20260403012529_0200_053,20260403012529_0200,20260403012529,200,2,NAKAl,119,,,1775147514,2274.19,,0,,"[61,84,20,62,19,12,93,92,57,60,81,55,48,89]","[58,40,14,15,98,83,39,103,104,52,86,77,90]","[120,112,95,102,94,97,105,23,75]","[22,87,56,27,26,18,80,91,21,24,25,31,50]",456m 456777p 34566s,44m 12r56p 2345789s,6m 166789s 24z,56677778m 46p 345s
20260403012529_0200_054,20260403012529_0200,20260403012529,200,3,くまのプウさん,10,,,1775147515,799.286,,0,,"[61,84,20,62,19,12,93,92,57,60,81,55,48,89]","[58,40,14,15,98,83,39,103,104,52,86,77,90]","[120,112,95,102,94,97,105,23,75]","[22,87,56,27,26,18,80,91,21,24,25,31,50]",456m 456777p 34566s,44m 12r56p 2345789s,6m 166789s 24z,56677778m 46p 345s
20260403012529_0200_055,20260403012529_0200,20260403012529,200,0,s6u,126,,,1775147516,1062.397,,0,,"[61,84,20,62,19,12,93,92,57,60,81,55,48,89]","[58,40,14,15,98,83,39,103,104,52,86,77,90]","[120,112,95,102,94,97,105,23,75]","[22,87,56,27,26,18,80,91,21,24,25,31,50]",456m 456777p 34566s,44m 12r56p 2345789s,6m 166789s 24z,56677778m 46p 345s
20260403012529_0200_056,20260403012529_0200,20260403012529,200,1,大やまだ,39,,,1775147519,3030.175,,0,,"[61,84,20,62,19,12,93,92,57,60,81,55,48,89]","[58,40,14,15,98,83,103,104,52,86,77,90,107]","[120,112,95,102,94,97,105,23,75]","[22,87,56,27,26,18,80,91,21,24,25,31,50]",456m 456777p 34566s,44m 2r56p 23457899s,6m 166789s 24z,56677778m 46p 345s
20260403012529_0200_057,20260403012529_0200,20260403012529,200,2,NAKAl,102,,,1775147522,2945.369,,0,,"[61,84,20,62,19,12,93,92,57,60,81,55,48,89]","[58,40,14,15,98,83,103,104,52,86,77,90,107]","[120,112,95,94,97,105,23,75,30]","[22,87,56,27,26,18,80,91,21,24,25,31,50]",456m 456777p 34566s,44m 2r56p 23457899s,68m 16679s 24z,56677778m 46p 345s
20260403012529_0200_058,20260403012529_0200,20260403012529,200,3,くまのプウさん,42,,,1775147523,841.06,,0,,"[61,84,20,62,19,12,93,92,57,60,81,55,48,89]","[58,40,14,15,98,83,103,104,52,86,77,90,107]","[120,112,95,94,97,105,23,75,30]","[22,87,56,27,26,18,80,91,21,24,25,31,50]",456m 456777p 34566s,44m 2r56p 23457899s,68m 16679s 24z,56677778m 46p 345s
20260403012529_0200_059,20260403012529_0200,20260403012529,200,0,s6u,67,,,1775147524,1029.924,,0,,"[61,84,20,62,19,12,93,92,57,60,81,55,48,89]","[58,40,14,15,98,83,103,104,52,86,77,90,107]","[120,112,95,94,97,105,23,75,30]","[22,87,56,27,26,18,80,91,21,24,25,31,50]",456m 456777p 34566s,44m 2r56p 23457899s,68m 16679s 24z,56677778m 46p 345s
20260403012529_0200_060,20260403012529_0200,20260403012529,200,1,大やまだ,40,,,1775147526,2557.799,,0,,"[61,84,20,62,19,12,93,92,57,60,81,55,48,89]","[58,14,15,98,83,103,104,52,86,77,90,107,117]","[120,112,95,94,97,105,23,75,30]","[22,87,56,27,26,18,80,91,21,24,25,31,50]",456m 456777p 34566s,44m r56p 23457899s 3z,68m 16679s 24z,56677778m 46p 345s
20260403012529_0200_061,20260403012529_0200,20260403012529,200,2,NAKAl,116,,,1775147528,1533.435,,0,,"[61,84,20,62,19,12,93,92,57,60,81,55,48,89]","[58,14,15,98,83,103,104,52,86,77,90,107,117]","[120,112,95,94,97,105,23,75,30]","[22,87,56,27,26,18,80,91,21,24,25,31,50]",456m 456777p 34566s,44m r56p 23457899s 3z,68m 16679s 24z,56677778m 46p 345s
20260403012529_0200_062,20260403012529_0200,20260403012529,200,3,くまのプウさん,127,,,1775147528,717.983,,0,,"[61,84,20,62,19,12,93,92,57,60,81,55,48,89]","[58,14,15,98,83,103,104,52,86,77,90,107,117]","[120,112,95,94,97,105,23,75,30]","[22,87,56,27,26,18,80,91,21,24,25,31,50]",456m 456777p 34566s,44m r56p 23457899s 3z,68m 16679s 24z,56677778m 46p 345s
20260403012529_0200_063,20260403012529_0200,20260403012529,200,0,s6u,118,,,1775147530,1164.64,,0,,"[61,84,20,62,19,12,93,92,57,60,81,55,48,89]","[58,14,15,98,83,103,104,52,86,77,90,107,117]","[120,112,95,94,97,105,23,75,30]","[22,87,56,27,26,18,80,91,21,24,25,31,50]",456m 456777p 34566s,44m r56p 23457899s 3z,68m 16679s 24z,56677778m 46p 345s
20260403012529_0200_064,20260403012529_0200,20260403012529,200,1,大やまだ,117,,,1775147533,3139.992,,0,,"[61,84,20,62,19,12,93,92,57,60,81,55,48,89]","[58,14,15,98,83,103,104,52,86,77,90,107,59]","[120,112,95,94,97,105,23,75,30]","[22,87,56,27,26,18,80,91,21,24,25,31,50]",456m 456777p 34566s,44m r566p 23457899s,68m 16679s 24z,56677778m 46p 345s
20260403012529_0200_065,20260403012529_0200,20260403012529,200,2,NAKAl,108,,,1775147534,1540.336,,0,,"[61,84,20,62,19,12,93,92,57,60,81,55,48,89]","[58,14,15,98,83,103,104,52,86,77,90,107,59]","[120,112,95,94,97,105,23,75,30]","[22,87,56,27,26,18,80,91,21,24,25,31,50]",456m 456777p 34566s,44m r566p 23457899s,68m 16679s 24z,56677778m 46p 345s
20260403012529_0200_066,20260403012529_0200,20260403012529,200,3,くまのプウさん,114,,,1775147535,716.237,,0,,"[61,84,20,62,19,12,93,92,57,60,81,55,48,89]","[58,14,15,98,83,103,104,52,86,77,90,107,59]","[120,112,95,94,97,105,23,75,30]","[22,87,56,27,26,18,80,91,21,24,25,31,50]",456m 456777p 34566s,44m r566p 23457899s,68m 16679s 24z,56677778m 46p 345s
20260403012529_0300_000,20260403012529_0300,20260403012529,300,2,NAKAl,127,,,1775147549,4188.291,,0,,"[72,79,25,46,107,132,82,23,102,18,134,50,40,99]","[81,36,116,110,113,2,119,51,24,83,84,38,15]","[80,14,114,30,85,131,28,115,59,89,58,76,53]","[37,74,101,68,48,35,125,4,34,27,135,9,16]",567m 234p 123789s 77z,147m 114p 334s 1233z,488m 566p 2345s 226z,23r5799m 149p 18s 57z
20260403012529_0300_001,20260403012529_0300,20260403012529,300,3,くまのプウさん,37,,,1775147552,2773.515,,3,1217.872,"[72,79,25,46,107,132,82,23,102,18,134,50,40,99]","[81,36,116,110,113,2,119,51,24,83,84,38,15]","[80,14,114,30,85,131,28,115,59,89,58,76,53]","[74,101,68,48,35,125,4,34,27,135,9,16,20]",567m 234p 123789s 77z,147m 114p 334s 1233z,488m 566p 2345s 226z,23r56799m 49p 18s 57z
20260403012529_0300_002,20260403012529_0300,20260403012529,300,0,s6u,109,,,1775147554,1114.966,,0,,"[72,79,25,46,107,132,82,23,102,18,134,50,40,99]","[81,36,116,110,113,2,119,51,24,83,84,38,15]","[80,14,114,30,85,131,28,115,59,89,58,76,53]","[74,101,68,48,35,125,4,34,27,135,9,16,20]",567m 234p 123789s 77z,147m 114p 334s 1233z,488m 566p 2345s 226z,23r56799m 49p 18s 57z
20260403012529_0300_003,20260403012529_0300,20260403012529,300,1,大やまだ,113,,,1775147556,1676.574,,3,1210.331,"[72,79,25,46,107,132,82,23,102,18,134,50,40,99]","[81,36,116,110,2,119,51,24,83,84,38,15,73]","[80,14,114,30,85,131,28,115,59,89,58,76,53]","[74,101,68,48,35,125,4,34,27,135,9,16,20]",567m 234p 123789s 77z,147m 114p 1334s 133z,488m 566p 2345s 226z,23r56799m 49p 18s 57z
20260403012529_0300_004,20260403012529_0300,20260403012529,300,2,NAKAl,131,,,1775147558,817.843,,0,,"[72,79,25,46,107,132,82,23,102,18,134,50,40,99]","[81,36,116,110,2,119,51,24,83,84,38,15,73]","[80,14,114,30,85,28,115,59,89,58,76,53,97]","[74,101,68,48,35,125,4,34,27,135,9,16,20]",567m 234p 123789s 77z,147m 114p 1334s 133z,488m 566p 23457s 22z,23r56799m 49p 18s 57z
20260403012529_0300_005,20260403012529_0300,20260403012529,300,3,くまのプウさん,68,,,1775147559,1463.119,,0,,"[72,79,25,46,107,132,82,23,102,18,134,50,40,99]","[81,36,116,110,2,119,51,24,83,84,38,15,73]","[80,14,114,30,85,28,115,59,89,58,76,53,97]","[74,101,48,35,125,4,34,27,135,9,16,20,128]",567m 234p 123789s 77z,147m 114p 1334s 133z,488m 566p 23457s 22z,23r56799m 4p 18s 567z
20260403012529_0300_006,20260403012529_0300,20260403012529,300,0,s6u,118,,,1775147560,1339.87,,3,1220.838,"[72,79,25,46,107,132,82,23,102,18,134,50,40,99]","[81,36,116,110,2,119,51,24,83,84,38,15,73]","[80,14,114,30,85,28,115,59,89,58,76,53,97]","[74,101,48,35,125,4,34,27,135,9,16,20,128]",567m 234p 123789s 77z,147m 114p 1334s 133z,488m 566p 23457s 22z,23r56799m 4p 18s 567z
20260403012529_0300_007,20260403012529_0300,20260403012529,300,1,大やまだ,2,,,1775147567,5898.674,,0,,"[72,79,25,46,107,132,82,23,102,18,134,50,40,99]","[81,36,116,110,119,51,24,83,84,38,15,73,11]","[80,14,114,30,85,28,115,59,89,58,76,53,97]","[74,101,48,35,125,4,34,27,135,9,16,20,128]",567m 234p 123789s 77z,347m 114p 1334s 133z,488m 566p 23457s 22z,23r56799m 4p 18s 567z
20260403012529_0300_008,20260403012529_0300,20260403012529,300,2,NAKAl,32,,,1775147571,3109.762,,3,299.778,"[72,79,25,46,107,132,82,23,102,18,134,50,40,99]","[81,36,116,110,119,51,24,83,84,38,15,73,11]","[80,14,114,30,85,28,115,59,89,58,76,53,97]","[74,101,48,35,125,4,34,27,135,9,16,20,128]",567m 234p 123789s 77z,347m 114p 1334s 133z,488m 566p 23457s 22z,23r56799m 4p 18s 567z
20260403012529_0300_009,20260403012529_0300,20260403012529,300,3,くまのプウさん,74,,,1775147572,1424.226,,3,1030.636,"[72,79,25,46,107,132,82,23,102,18,134,50,40,99]","[81,36,116,110,119,51,24,83,84,38,15,73,11]","[80,14,114,30,85,28,115,59,89,58,76,53,97]","[101,48,35,125,4,34,27,135,9,16,20,128,90]",567m 234p 123789s 77z,347m 114p 1334s 133z,488m 566p 23457s 22z,23r56799m 4p 58s 567z
20260403012529_0300_010,20260403012529_0300,20260403012529,300,0,s6u,61,,,1775147579,503.774,5340.976,0,,"[72,79,25,46,107,132,82,23,102,18,134,50,40,99]","[81,36,116,110,119,51,24,83,84,38,15,73,11]","[80,14,114,30,85,28,115,59,89,58,76,53,97]","[101,48,35,125,4,34,27,135,9,16,20,128,90]",567m 234p 123789s 77z,347m 114p 1334s 133z,488m 566p 23457s 22z,23r56799m 4p 58s 567z
20260403012529_0300_011,20260403012529_0300,20260403012529,300,1,大やまだ,110,,,1775147582,2323.418,,0,,"[72,79,25,46,107,132,82,23,102,18,134,50,40,99]","[81,36,116,119,51,24,83,84,38,15,73,11,63]","[80,14,114,30,85,28,115,59,89,58,76,53,97]","[101,48,35,125,4,34,27,135,9,16,20,128,90]",567m 234p 123789s 77z,347m 1147p 1334s 33z,488m 566p 23457s 22z,23r56799m 4p 58s 567z
20260403012529_0300_012,20260403012529_0300,20260403012529,300,2,NAKAl,115,,,1775147583,1218.988,,0,,"[72,79,25,46,107,132,82,23,102,18,134,50,40,99]","[81,36,116,119,51,24,83,84,38,15,73,11,63]","[80,14,114,30,85,28,59,89,58,76,53,97,94]","[101,48,35,125,4,34,27,135,9,16,20,128,90]",567m 234p 123789s 77z,347m 1147p 1334s 33z,488m 566p 234567s 2z,23r56799m 4p 58s 567z
20260403012529_0300_013,20260403012529_0300,20260403012529,300,3,くまのプウさん,128,,,1775147586,3389.405,,0,,"[72,79,25,46,107,132,82,23,102,18,134,50,40,99]","[81,36,116,119,51,24,83,84,38,15,73,11,63]","[80,14,114,30,85,28,59,89,58,76,53,97,94]","[101,48,35,125,4,34,27,135,9,16,20,90,133]",567m 234p 123789s 77z,347m 1147p 1334s 33z,488m 566p 234567s 2z,23r56799m 4p 58s 577z
20260403012529_0300_014,20260403012529_0300,20260403012529,300,0,s6u,7,,,1775147587,715.106,,3,1752.743,"[72,79,25,46,107,132,82,23,102,18,134,50,40,99]","[81,36,116,119,51,24,83,84,38,15,73,11,63]","[80,14,114,30,85,28,59,89,58,76,53,97,94]","[101,48,35,125,4,34,27,135,9,16,20,90,133]",567m 234p 123789s 77z,347m 1147p 1334s 33z,488m 566p 234567s 2z,23r56799m 4p 58s 577z
20260403012529_0300_015,20260403012529_0300,20260403012529,300,1,大やまだ,63,,,1775147590,1737.467,,3,1226.706,"[72,79,25,46,107,132,82,23,102,18,134,50,40,99]","[81,36,116,119,51,24,83,84,38,15,73,11,17]","[80,14,114,30,85,28,59,89,58,76,53,97,94]","[101,48,35,125,4,34,27,135,9,16,20,90,133]",567m 234p 123789s 77z,3457m 114p 1334s 33z,488m 566p 234567s 2z,23r56799m 4p 58s 577z
20260403012529_0300_016,20260403012529_0300,20260403012529,300,2,NAKAl,114,,,1775147592,824.123,,0,,"[72,79,25,46,107,132,82,23,102,18,134,50,40,99]","[81,36,116,119,51,24,83,84,38,15,73,11,17]","[80,14,30,85,28,59,89,58,76,53,97,94,55]","[101,48,35,125,4,34,27,135,9,16,20,90,133]",567m 234p 123789s 77z,3457m 114p 1334s 33z,488m 5566p 234567s,23r56799m 4p 58s 577z
20260403012529_0300_017,20260403012529_0300,20260403012529,300,3,くまのプウさん,125,,,1775147594,1537.445,,0,,"[72,79,25,46,107,132,82,23,102,18,134,50,40,99]","[81,36,116,119,51,24,83,84,38,15,73,11,17]","[80,14,30,85,28,59,89,58,76,53,97,94,55]","[101,48,35,4,34,27,135,9,16,20,90,133,56]",567m 234p 123789s 77z,3457m 114p 1334s 33z,488m 5566p 234567s,23r56799m 46p 58s 77z
20260403012529_0300_018,20260403012529_0300,20260403012529,300,0,s6u,13,,,1775147595,713.193,,3,1834.519,"[72,79,25,46,107,132,82,23,102,18,134,50,40,99]","[81,36,116,119,51,24,83,84,38,15,73,11,17]","[80,14,30,85,28,59,89,58,76,53,97,94,55]","[101,48,35,4,34,27,135,9,16,20,90,133,56]",567m 234p 123789s 77z,3457m 114p 1334s 33z,488m 5566p 234567s,23r56799m 46p 58s 77z
20260403012529_0300_019,20260403012529_0300,20260403012529,300,1,大やまだ,119,,,1775147598,1955.841,,0,,"[72,79,25,46,107,132,82,23,102,18,134,50,40,99]","[81,36,116,51,24,83,84,38,15,73,11,17,5]","[80,14,30,85,28,59,89,58,76,53,97,94,55]","[101,48,35,4,34,27,135,9,16,20,90,133,56]",567m 234p 123789s 77z,23457m 114p 1334s 3z,488m 5566p 234567s,23r56799m 46p 58s 77z
20260403012529_0300_020,20260403012529_0300,20260403012529,300,2,NAKAl,14,,,1775147600,1838.649,,3,1134.366,"[72,79,25,46,107,132,82,23,102,18,134,50,40,99]","[81,36,116,51,24,83,84,38,15,73,11,17,5]","[80,30,85,28,59,89,58,76,53,97,94,55,60]","[101,48,35,4,34,27,135,9,16,20,90,133,56]",567m 234p 123789s 77z,23457m 114p 1334s 3z,88m 55667p 234567s,23r56799m 46p 58s 77z
20260403012529_0300_021,20260403012529_0300,20260403012529,300,3,くまのプウさん,6,,,1775147603,1627.446,,0,,"[72,79,25,46,107,132,82,23,102,18,134,50,40,99]","[81,36,116,51,24,83,84,38,15,73,11,17,5]","[80,30,85,28,59,89,58,76,53,97,94,55,60]","[101,48,35,4,34,27,135,9,16,20,90,133,56]",567m 234p 123789s 77z,23457m 114p 1334s 3z,88m 55667p 234567s,23r56799m 46p 58s 77z
20260403012529_0300_022,20260403012529_0300,20260403012529,300,0,s6u,78,,,1775147604,687.101,,3,2027.617,"[72,79,25,46,107,132,82,23,102,18,134,50,40,99]","[81,36,116,51,24,83,84,38,15,73,11,17,5]","[80,30,85,28,59,89,58,76,53,97,94,55,60]","[101,48,35,4,34,27,135,9,16,20,90,133,56]",567m 234p 123789s 77z,23457m 114p 1334s 3z,88m 55667p 234567s,23r56799m 46p 58s 77z
20260403012529_0300_023,20260403012529_0300,20260403012529,300,1,大やまだ,5,,,1775147610,4454.402,,0,,"[72,79,25,46,107,132,82,23,102,18,134,50,40,99]","[81,36,116,51,24,83,84,38,15,73,11,17,124]","[80,30,85,28,59,89,58,76,53,97,94,55,60]","[101,48,35,4,34,27,135,9,16,20,90,133,56]",567m 234p 123789s 77z,3457m 114p 1334s 35z,88m 55667p 234567s,23r56799m 46p 58s 77z
20260403012529_0300_024,20260403012529_0300,20260403012529,300,2,NAKAl,76,,,1775147614,378.234,3283.196,0,,"[72,79,25,46,107,132,82,23,102,18,134,50,40,99]","[81,36,116,51,24,83,84,38,15,73,11,17,124]","[80,30,85,28,59,89,58,53,97,94,55,60,88]","[101,48,35,4,34,27,135,9,16,20,90,133,56]",567m 234p 123789s 77z,3457m 114p 1334s 35z,88m 55667p 34r5567s,23r56799m 46p 58s 77z
20260403012529_0300_025,20260403012529_0300,20260403012529,300,3,くまのプウさん,135,,,1775147618,4434.754,,0,,"[72,79,25,46,107,132,82,23,102,18,134,50,40,99]","[81,36,116,51,24,83,84,38,15,73,11,17,124]","[80,30,85,28,59,89,58,53,97,94,55,60,88]","[101,48,35,4,34,27,9,16,20,90,133,56,86]",567m 234p 123789s 77z,3457m 114p 1334s 35z,88m 55667p 34r5567s,23r56799m 46p 458s 7z
20260403012529_0300_026,20260403012529_0300,20260403012529,300,0,s6u,95,,,1775147619,731.984,,0,,"[72,79,25,46,107,132,82,23,102,18,134,50,40,99]","[81,36,116,51,24,83,84,38,15,73,11,17,124]","[80,30,85,28,59,89,58,53,97,94,55,60,88]","[101,48,35,4,34,27,9,16,20,90,133,56,86]",567m 234p 123789s 77z,3457m 114p 1334s 35z,88m 55667p 34r5567s,23r56799m 46p 458s 7z
20260403012529_0300_027,20260403012529_0300,20260403012529,300,1,大やまだ,124,,,1775147621,2238.585,,0,,"[72,79,25,46,107,132,82,23,102,18,134,50,40,99]","[81,36,116,51,24,83,84,38,15,73,11,17,43]","[80,30,85,28,59,89,58,53,97,94,55,60,88]","[101,48,35,4,34,27,9,16,20,90,133,56,86]",567m 234p 123789s 77z,3457m 1124p 1334s 3z,88m 55667p 34r5567s,23r56799m 46p 458s 7z
20260403012529_0300_028,20260403012529_0300,20260403012529,300,2,NAKAl,12,,,1775147622,821.371,,3,1730.483,"[72,79,25,46,107,132,82,23,102,18,134,50,40,99]","[81,36,116,51,24,83,84,38,15,73,11,17,43]","[80,30,85,28,59,89,58,53,97,94,55,60,88]","[101,48,35,4,34,27,9,16,20,90,133,56,86]",567m 234p 123789s 77z,3457m 1124p 1334s 3z,88m 55667p 34r5567s,23r56799m 46p 458s 7z
20260403012529_0300_029,20260403012529_0300,20260403012529,300,3,くまのプウさん,133,,,1775147625,928.785,,0,,"[72,79,25,46,107,132,82,23,102,18,134,50,40,99]","[81,36,116,51,24,83,84,38,15,73,11,17,43]","[80,30,85,28,59,89,58,53,97,94,55,60,88]","[101,48,35,4,34,27,9,16,20,90,56,86,10]",567m 234p 123789s 77z,3457m 1124p 1334s 3z,88m 55667p 34r5567s,233r56799m 46p 458s
20260403012529_0300_030,20260403012529_0300,20260403012529,300,0,s6u,129,,,1775147625,714.601,,0,,"[72,79,25,46,107,132,82,23,102,18,134,50,40,99]","[81,36,116,51,24,83,84,38,15,73,11,17,43]","[80,30,85,28,59,89,58,53,97,94,55,60,88]","[101,48,35,4,34,27,9,16,20,90,56,86,10]",567m 234p 123789s 77z,3457m 1124p 1334s 3z,88m 55667p 34r5567s,233r56799m 46p 458s
20260403012529_0300_031,20260403012529_0300,20260403012529,300,1,大やまだ,15,,,1775147628,2136.915,,0,,"[72,79,25,46,107,132,82,23,102,18,134,50,40,99]","[81,36,116,51,24,83,84,38,73,11,17,43,26]","[80,30,85,28,59,89,58,53,97,94,55,60,88]","[101,48,35,4,34,27,9,16,20,90,56,86,10]",567m 234p 123789s 77z,3577m 1124p 1334s 3z,88m 55667p 34r5567s,233r56799m 46p 458s
20260403012529_0300_032,20260403012529_0300,20260403012529,300,2,NAKAl,69,,,1775147628,783.073,,0,,"[72,79,25,46,107,132,82,23,102,18,134,50,40,99]","[81,36,116,51,24,83,84,38,73,11,17,43,26]","[80,30,85,28,59,89,58,53,97,94,55,60,88]","[101,48,35,4,34,27,9,16,20,90,56,86,10]",567m 234p 123789s 77z,3577m 1124p 1334s 3z,88m 55667p 34r5567s,233r56799m 46p 458s
20260403012529_0300_033,20260403012529_0300,20260403012529,300,3,くまのプウさん,1,,,1775147631,3016.741,,0,,"[72,79,25,46,107,132,82,23,102,18,134,50,40,99]","[81,36,116,51,24,83,84,38,73,11,17,43,26]","[80,30,85,28,59,89,58,53,97,94,55,60,88]","[101,48,35,4,34,27,9,16,20,90,56,86,10]",567m 234p 123789s 77z,3577m 1124p 1334s 3z,88m 55667p 34r5567s,233r56799m 46p 458s
20260403012529_0300_034,20260403012529_0300,20260403012529,300,0,s6u,92,,,1775147632,718.946,,0,,"[72,79,25,46,107,132,82,23,102,18,134,50,40,99]","[81,36,116,51,24,83,84,38,73,11,17,43,26]","[80,30,85,28,59,89,58,53,97,94,55,60,88]","[101,48,35,4,34,27,9,16,20,90,56,86,10]",567m 234p 123789s 77z,3577m 1124p 1334s 3z,88m 55667p 34r5567s,233r56799m 46p 458s
20260403012529_0300_035,20260403012529_0300,20260403012529,300,1,大やまだ,3,,,1775147638,5430.175,,0,,"[72,79,25,46,107,132,82,23,102,18,134,50,40,99]","[81,36,116,51,24,83,84,38,73,11,17,43,26]","[80,30,85,28,59,89,58,53,97,94,55,60,88]","[101,48,35,4,34,27,9,16,20,90,56,86,10]",567m 234p 123789s 77z,3577m 1124p 1334s 3z,88m 55667p 34r5567s,233r56799m 46p 458s
20260403012529_0300_036,20260403012529_0300,20260403012529,300,2,NAKAl,29,,,1775147638,662.513,,3,2296.813,"[72,79,25,46,107,132,82,23,102,18,134,50,40,99]","[81,36,116,51,24,83,84,38,73,11,17,43,26]","[80,30,85,28,59,89,58,53,97,94,55,60,88]","[101,48,35,4,34,27,9,16,20,90,56,86,10]",567m 234p 123789s 77z,3577m 1124p 1334s 3z,88m 55667p 34r5567s,233r56799m 46p 458s
20260403012529_0300_037,20260403012529_0300,20260403012529,300,3,くまのプウさん,71,,,1775147642,1643.971,,0,,"[72,79,25,46,107,132,82,23,102,18,134,50,40,99]","[81,36,116,51,24,83,84,38,73,11,17,43,26]","[80,30,85,28,59,89,58,53,97,94,55,60,88]","[101,48,35,4,34,27,9,16,20,90,56,86,10]",567m 234p 123789s 77z,3577m 1124p 1334s 3z,88m 55667p 34r5567s,233r56799m 46p 458s
20260403012529_0400_000,20260403012529_0400,20260403012529,400,3,くまのプウさん,118,,,1775147658,5592.336,,0,,"[111,109,110,82,87,94,101,5,97,7,23,98,85]","[8,32,83,65,114,16,70,27,2,125,57,11,90]","[58,13,41,15,84,50,46,66,80,126,117,72,107]","[3,130,39,63,91,71,68,4,47,64,100,49,75]",226m 3446778s 111z,133r579m 689p 35s 25z,44m 23468p 1349s 35z,12m 1347899p 158s 6z
20260403012529_0400_001,20260403012529_0400,20260403012529,400,0,s6u,105,,,1775147663,4954.914,,0,,"[111,109,110,82,87,94,101,5,97,7,23,98,85]","[8,32,83,65,114,16,70,27,2,125,57,11,90]","[58,13,41,15,84,50,46,66,80,126,117,72,107]","[3,130,39,63,91,71,68,4,47,64,100,49,75]",226m 3446778s 111z,133r579m 689p 35s 25z,44m 23468p 1349s 35z,12m 1347899p 158s 6z
20260403012529_0400_002,20260403012529_0400,20260403012529,400,1,大やまだ,114,,,1775147665,1584.712,,0,,"[111,109,110,82,87,94,101,5,97,7,23,98,85]","[8,32,83,65,16,70,27,2,125,57,11,90,29]","[58,13,41,15,84,50,46,66,80,126,117,72,107]","[3,130,39,63,91,71,68,4,47,64,100,49,75]",226m 3446778s 111z,133r5789m 689p 35s 5z,44m 23468p 1349s 35z,12m 1347899p 158s 6z
20260403012529_0400_003,20260403012529_0400,20260403012529,400,2,NAKAl,117,,,1775147666,1542.383,,0,,"[111,109,110,82,87,94,101,5,97,7,23,98,85]","[8,32,83,65,16,70,27,2,125,57,11,90,29]","[58,13,41,15,84,50,46,66,80,126,72,107,102]","[3,130,39,63,91,71,68,4,47,64,100,49,75]",226m 3446778s 111z,133r5789m 689p 35s 5z,44m 23468p 13489s 5z,12m 1347899p 158s 6z
20260403012529_0400_004,20260403012529_0400,20260403012529,400,3,くまのプウさん,130,,,1775147668,1735.042,,0,,"[111,109,110,82,87,94,101,5,97,7,23,98,85]","[8,32,83,65,16,70,27,2,125,57,11,90,29]","[58,13,41,15,84,50,46,66,80,126,72,107,102]","[3,39,63,91,71,68,4,47,64,100,49,75,25]",226m 3446778s 111z,133r5789m 689p 35s 5z,44m 23468p 13489s 5z,127m 1347899p 158s
20260403012529_0400_005,20260403012529_0400,20260403012529,400,0,s6u,113,,,1775147673,4902.503,,0,,"[111,109,110,82,87,94,101,5,97,7,23,98,85]","[8,32,83,65,16,70,27,2,125,57,11,90,29]","[58,13,41,15,84,50,46,66,80,126,72,107,102]","[3,39,63,91,71,68,4,47,64,100,49,75,25]",226m 3446778s 111z,133r5789m 689p 35s 5z,44m 23468p 13489s 5z,127m 1347899p 158s
20260403012529_0400_006,20260403012529_0400,20260403012529,400,1,大やまだ,125,,,1775147675,1879.029,,0,,"[111,109,110,82,87,94,101,5,97,7,23,98,85]","[8,32,83,65,16,70,27,2,57,11,90,29,0]","[58,13,41,15,84,50,46,66,80,126,72,107,102]","[3,39,63,91,71,68,4,47,64,100,49,75,25]",226m 3446778s 111z,1133r5789m 689p 35s,44m 23468p 13489s 5z,127m 1347899p 158s
20260403012529_0400_007,20260403012529_0400,20260403012529,400,2,NAKAl,126,,,1775147676,1503.017,,0,,"[111,109,110,82,87,94,101,5,97,7,23,98,85]","[8,32,83,65,16,70,27,2,57,11,90,29,0]","[58,13,41,15,84,50,46,66,80,72,107,102,34]","[3,39,63,91,71,68,4,47,64,100,49,75,25]",226m 3446778s 111z,1133r5789m 689p 35s,449m 23468p 13489s,127m 1347899p 158s
20260403012529_0400_008,20260403012529_0400,20260403012529,400,3,くまのプウさん,121,,,1775147678,1563.645,,0,,"[111,109,110,82,87,94,101,5,97,7,23,98,85]","[8,32,83,65,16,70,27,2,57,11,90,29,0]","[58,13,41,15,84,50,46,66,80,72,107,102,34]","[3,39,63,91,71,68,4,47,64,100,49,75,25]",226m 3446778s 111z,1133r5789m 689p 35s,449m 23468p 13489s,127m 1347899p 158s
20260403012529_0400_009,20260403012529_0400,20260403012529,400,0,s6u,124,,,1775147679,1217.977,,0,,"[111,109,110,82,87,94,101,5,97,7,23,98,85]","[8,32,83,65,16,70,27,2,57,11,90,29,0]","[58,13,41,15,84,50,46,66,80,72,107,102,34]","[3,39,63,91,71,68,4,47,64,100,49,75,25]",226m 3446778s 111z,1133r5789m 689p 35s,449m 23468p 13489s,127m 1347899p 158s
20260403012529_0400_010,20260403012529_0400,20260403012529,400,1,大やまだ,131,,,1775147681,1949.116,,0,,"[111,109,110,82,87,94,101,5,97,7,23,98,85]","[8,32,83,65,16,70,27,2,57,11,90,29,0]","[58,13,41,15,84,50,46,66,80,72,107,102,34]","[3,39,63,91,71,68,4,47,64,100,49,75,25]",226m 3446778s 111z,1133r5789m 689p 35s,449m 23468p 13489s,127m 1347899p 158s
20260403012529_0400_011,20260403012529_0400,20260403012529,400,2,NAKAl,132,,,1775147682,1538.746,,0,,"[111,109,110,82,87,94,101,5,97,7,23,98,85]","[8,32,83,65,16,70,27,2,57,11,90,29,0]","[58,13,41,15,84,50,46,66,80,72,107,102,34]","[3,39,63,91,71,68,4,47,64,100,49,75,25]",226m 3446778s 111z,1133r5789m 689p 35s,449m 23468p 13489s,127m 1347899p 158s
20260403012529_0400_012,20260403012529_0400,20260403012529,400,3,くまのプウさん,71,,,1775147685,2238.365,,0,,"[111,109,110,82,87,94,101,5,97,7,23,98,85]","[8,32,83,65,16,70,27,2,57,11,90,29,0]","[58,13,41,15,84,50,46,66,80,72,107,102,34]","[3,39,63,91,68,4,47,64,100,49,75,25,73]",226m 3446778s 111z,1133r5789m 689p 35s,449m 23468p 13489s,127m 134789p 1158s
20260403012529_0400_013,20260403012529_0400,20260403012529,400,0,s6u,69,,,1775147688,3432.198,,0,,"[111,109,110,82,87,94,101,5,97,7,23,98,85]","[8,32,83,65,16,70,27,2,57,11,90,29,0]","[58,13,41,15,84,50,46,66,80,72,107,102,34]","[3,39,63,91,68,4,47,64,100,49,75,25,73]",226m 3446778s 111z,1133r5789m 689p 35s,449m 23468p 13489s,127m 134789p 1158s
20260403012529_0400_014,20260403012529_0400,20260403012529,400,1,大やまだ,70,,,1775147690,1491.7,,0,,"[111,109,110,82,87,94,101,5,97,7,23,98,85]","[8,32,83,65,16,27,2,57,11,90,29,0,99]","[58,13,41,15,84,50,46,66,80,72,107,102,34]","[3,39,63,91,68,4,47,64,100,49,75,25,73]",226m 3446778s 111z,1133r5789m 68p 357s,449m 23468p 13489s,127m 134789p 1158s
20260403012529_0400_015,20260403012529_0400,20260403012529,400,2,NAKAl,34,,,1775147691,1840.05,,0,,"[111,109,110,82,87,94,101,5,97,7,23,98,85]","[8,32,83,65,16,27,2,57,11,90,29,0,99]","[58,13,41,15,84,50,46,66,80,72,107,102,93]","[3,39,63,91,68,4,47,64,100,49,75,25,73]",226m 3446778s 111z,1133r5789m 68p 357s,44m 23468p 134689s,127m 134789p 1158s
20260403012529_0400_016,20260403012529_0400,20260403012529,400,3,くまのプウさん,100,,,1775147697,5693.788,,0,,"[111,109,110,82,87,94,101,5,97,7,23,98,85]","[8,32,83,65,16,27,2,57,11,90,29,0,99]","[58,13,41,15,84,50,46,66,80,72,107,102,93]","[3,39,63,91,68,4,47,64,49,75,25,73,74]",226m 3446778s 111z,1133r5789m 68p 357s,44m 23468p 134689s,127m 134789p 1115s
20260403012529_0400_017,20260403012529_0400,20260403012529,400,0,s6u,129,,,1775147699,1766.9,,0,,"[111,109,110,82,87,94,101,5,97,7,23,98,85]","[8,32,83,65,16,27,2,57,11,90,29,0,99]","[58,13,41,15,84,50,46,66,80,72,107,102,93]","[3,39,63,91,68,4,47,64,49,75,25,73,74]",226m 3446778s 111z,1133r5789m 68p 357s,44m 23468p 134689s,127m 134789p 1115s
20260403012529_0400_018,20260403012529_0400,20260403012529,400,1,大やまだ,90,,,1775147707,7595.662,,3,1318.804,"[111,109,110,82,87,94,101,5,97,7,23,98,85]","[8,32,83,65,16,27,2,57,11,29,0,99,79]","[58,13,41,15,84,50,46,66,80,72,107,102,93]","[3,39,63,91,68,4,47,64,49,75,25,73,74]",226m 3446778s 111z,1133r5789m 68p 237s,44m 23468p 134689s,127m 134789p 1115s
20260403012529_0400_019,20260403012529_0400,20260403012529,400,2,NAKAl,107,,,1775147710,1850.25,,0,,"[111,109,110,82,87,94,101,5,97,7,23,98,85]","[8,32,83,65,16,27,2,57,11,29,0,99,79]","[58,13,41,15,84,50,46,66,80,72,102,93,119]","[3,39,63,91,68,4,47,64,49,75,25,73,74]",226m 3446778s 111z,1133r5789m 68p 237s,44m 23468p 13468s 3z,127m 134789p 1115s
20260403012529_0400_020,20260403012529_0400,20260403012529,400,3,くまのプウさん,39,,,1775147717,7279.303,,0,,"[111,109,110,82,87,94,101,5,97,7,23,98,85]","[8,32,83,65,16,27,2,57,11,29,0,99,79]","[58,13,41,15,84,50,46,66,80,72,102,93,119]","[3,63,91,68,4,47,64,49,75,25,73,74,96]",226m 3446778s 111z,1133r5789m 68p 237s,44m 23468p 13468s 3z,127m 34789p 11157s
20260403012529_0400_021,20260403012529_0400,20260403012529,400,0,s6u,53,,,1775147724,7048.466,,0,,"[111,109,110,82,87,94,101,5,97,7,23,98,85]","[8,32,83,65,16,27,2,57,11,29,0,99,79]","[58,13,41,15,84,50,46,66,80,72,102,93,119]","[3,63,91,68,4,47,64,49,75,25,73,74,96]",226m 3446778s 111z,1133r5789m 68p 237s,44m 23468p 13468s 3z,127m 34789p 11157s
20260403012529_0400_022,20260403012529_0400,20260403012529,400,1,大やまだ,99,,,1775147726,2168.883,,0,,"[111,109,110,82,87,94,101,5,97,7,23,98,85]","[8,32,83,65,16,27,2,57,11,29,0,79,52]","[58,13,41,15,84,50,46,66,80,72,102,93,119]","[3,63,91,68,4,47,64,49,75,25,73,74,96]",226m 3446778s 111z,1133r5789m r568p 23s,44m 23468p 13468s 3z,127m 34789p 11157s
20260403012529_0400_023,20260403012529_0400,20260403012529,400,2,NAKAl,72,,,1775147730,,,3,299.876,"[111,109,110,82,87,94,101,5,97,7,23,98,85]","[8,32,83,65,16,27,2,57,11,29,0,79,52]","[58,13,41,15,84,50,46,66,80,119]","[3,63,91,68,4,47,64,49,75,25,73,74,96]",226m 3446778s 111z,1133r5789m r568p 23s,44m 23468p 34s 3z,127m 34789p 11157s
20260403012529_0400_024,20260403012529_0400,20260403012529,400,3,くまのプウさん,96,,,1775147734,4194.359,,3,222.449,"[111,109,110,82,87,94,101,5,97,7,23,98,85]","[8,32,83,65,16,27,2,57,11,29,0,79,52]","[58,13,41,15,84,50,46,66,80,119]","[3,63,91,68,4,47,64,49,75,25,73,74,89]",226m 3446778s 111z,1133r5789m r568p 23s,44m 23468p 34s 3z,127m 34789p 11155s
20260403012529_0400_025,20260403012529_0400,20260403012529,400,0,s6u,120,,,1775147737,3059.067,,0,,"[111,109,110,82,87,94,101,5,97,7,23,98,85]","[8,32,83,65,16,27,2,57,11,29,0,79,52]","[58,13,41,15,84,50,46,66,80,119]","[3,63,91,68,4,47,64,49,75,25,73,74,89]",226m 3446778s 111z,1133r5789m r568p 23s,44m 23468p 34s 3z,127m 34789p 11155s
20260403012529_0400_026,20260403012529_0400,20260403012529,400,1,大やまだ,37,,,1775147740,3000.773,,3,1067.786,"[111,109,110,82,87,94,101,5,97,7,23,98,85]","[8,32,83,65,16,27,2,57,11,29,0,79,52]","[58,13,41,15,84,50,46,66,80,119]","[3,63,91,68,4,47,64,49,75,25,73,74,89]",226m 3446778s 111z,1133r5789m r568p 23s,44m 23468p 34s 3z,127m 34789p 11155s
20260403012529_0400_027,20260403012529_0400,20260403012529,400,2,NAKAl,119,,,1775147743,1517.099,,0,,"[111,109,110,82,87,94,101,5,97,7,23,98,85]","[8,32,83,65,16,27,2,57,11,29,0,79,52]","[58,13,41,15,84,50,46,66,80,10]","[3,63,91,68,4,47,64,49,75,25,73,74,89]",226m 3446778s 111z,1133r5789m r568p 23s,344m 23468p 34s,127m 34789p 11155s
20260403012529_0400_028,20260403012529_0400,20260403012529,400,3,くまのプウさん,78,,,1775147746,3221.863,,3,199.76,"[111,109,110,82,87,94,101,5,97,7,23,98,85]","[8,32,83,65,16,27,2,57,11,29,0,79,52]","[58,13,41,15,84,50,46,66,80,10]","[3,63,91,68,4,47,64,49,75,25,73,74,89]",226m 3446778s 111z,1133r5789m r568p 23s,344m 23468p 34s,127m 34789p 11155s
20260403012529_0400_029,20260403012529_0400,20260403012529,400,0,s6u,116,,,1775147748,1338.636,,0,,"[111,109,110,82,87,94,101,5,97,7,23,98,85]","[8,32,83,65,16,27,2,57,11,29,0,79,52]","[58,13,41,15,84,50,46,66,80,10]","[3,63,91,68,4,47,64,49,75,25,73,74,89]",226m 3446778s 111z,1133r5789m r568p 23s,344m 23468p 34s,127m 34789p 11155s
20260403012529_0400_030,20260403012529_0400,20260403012529,400,1,大やまだ,104,,,1775147750,1988.949,,0,,"[111,109,110,82,87,94,101,5,97,7,23,98,85]","[8,32,83,65,16,27,2,57,11,29,0,79,52]","[58,13,41,15,84,50,46,66,80,10]","[3,63,91,68,4,47,64,49,75,25,73,74,89]",226m 3446778s 111z,1133r5789m r568p 23s,344m 23468p 34s,127m 34789p 11155s
20260403012529_0400_031,20260403012529_0400,20260403012529,400,2,NAKAl,115,,,1775147751,1506.472,,0,,"[111,109,110,82,87,94,101,5,97,7,23,98,85]","[8,32,83,65,16,27,2,57,11,29,0,79,52]","[58,13,41,15,84,50,46,66,80,10]","[3,63,91,68,4,47,64,49,75,25,73,74,89]",226m 3446778s 111z,1133r5789m r568p 23s,344m 23468p 34s,127m 34789p 11155s
20260403012529_0400_032,20260403012529_0400,20260403012529,400,3,くまのプウさん,25,,,1775147754,2731.297,,0,,"[111,109,110,82,87,94,101,5,97,7,23,98,85]","[8,32,83,65,16,27,2,57,11,29,0,79,52]","[58,13,41,15,84,50,46,66,80,10]","[3,63,91,68,4,47,64,49,75,73,74,89,134]",226m 3446778s 111z,1133r5789m r568p 23s,344m 23468p 34s,12m 34789p 11155s 7z
20260403012529_0400_033,20260403012529_0400,20260403012529,400,0,s6u,54,,,1775147758,3776.311,,0,,"[111,109,110,82,87,94,101,5,97,7,23,98,85]","[8,32,83,65,16,27,2,57,11,29,0,79,52]","[58,13,41,15,84,50,46,66,80,10]","[3,63,91,68,4,47,64,49,75,73,74,89,134]",226m 3446778s 111z,1133r5789m r568p 23s,344m 23468p 34s,12m 34789p 11155s 7z
20260403012529_0400_034,20260403012529_0400,20260403012529,400,1,大やまだ,65,,,1775147760,2075.315,,0,,"[111,109,110,82,87,94,101,5,97,7,23,98,85]","[8,32,83,16,27,2,57,11,29,0,79,52,76]","[58,13,41,15,84,50,46,66,80,10]","[3,63,91,68,4,47,64,49,75,73,74,89,134]",226m 3446778s 111z,1133r5789m r56p 223s,344m 23468p 34s,12m 34789p 11155s 7z
20260403012529_0400_035,20260403012529_0400,20260403012529,400,2,NAKAl,45,,,1775147762,1737.82,,0,,"[111,109,110,82,87,94,101,5,97,7,23,98,85]","[8,32,83,16,27,2,57,11,29,0,79,52,76]","[58,13,41,15,84,50,46,66,80,10]","[3,63,91,68,4,47,64,49,75,73,74,89,134]",226m 3446778s 111z,1133r5789m r56p 223s,344m 23468p 34s,12m 34789p 11155s 7z
20260403012529_0400_036,20260403012529_0400,20260403012529,400,3,くまのプウさん,33,,,1775147763,1852.237,,0,,"[111,109,110,82,87,94,101,5,97,7,23,98,85]","[8,32,83,16,27,2,57,11,29,0,79,52,76]","[58,13,41,15,84,50,46,66,80,10]","[3,63,91,68,4,47,64,49,75,73,74,89,134]",226m 3446778s 111z,1133r5789m r56p 223s,344m 23468p 34s,12m 34789p 11155s 7z
20260403012529_0400_037,20260403012529_0400,20260403012529,400,0,s6u,56,,,1775147765,1941.247,,0,,"[111,109,110,82,87,94,101,5,97,7,23,98,85]","[8,32,83,16,27,2,57,11,29,0,79,52,76]","[58,13,41,15,84,50,46,66,80,10]","[3,63,91,68,4,47,64,49,75,73,74,89,134]",226m 3446778s 111z,1133r5789m r56p 223s,344m 23468p 34s,12m 34789p 11155s 7z
20260403012529_0400_038,20260403012529_0400,20260403012529,400,1,大やまだ,0,,,1775147772,6659.211,,0,,"[111,109,110,82,87,94,101,5,97,7,23,98,85]","[8,32,83,16,27,2,57,11,29,79,52,76,88]","[58,13,41,15,84,50,46,66,80,10]","[3,63,91,68,4,47,64,49,75,73,74,89,134]",226m 3446778s 111z,133r5789m r56p 223r5s,344m 23468p 34s,12m 34789p 11155s 7z
20260403012529_0400_039,20260403012529_0400,20260403012529,400,2,NAKAl,103,,,1775147774,1540.928,,0,,"[111,109,110,82,87,94,101,5,97,7,23,98,85]","[8,32,83,16,27,2,57,11,29,79,52,76,88]","[58,13,41,15,84,50,46,66,80,10]","[3,63,91,68,4,47,64,49,75,73,74,89,134]",226m 3446778s 111z,133r5789m r56p 223r5s,344m 23468p 34s,12m 34789p 11155s 7z
20260403012529_0400_040,20260403012529_0400,20260403012529,400,3,くまのプウさん,20,,,1775147775,1840.218,,0,,"[111,109,110,82,87,94,101,5,97,7,23,98,85]","[8,32,83,16,27,2,57,11,29,79,52,76,88]","[58,13,41,15,84,50,46,66,80,10]","[3,63,91,68,4,47,64,49,75,73,74,89,134]",226m 3446778s 111z,133r5789m r56p 223r5s,344m 23468p 34s,12m 34789p 11155s 7z
20260403012529_0400_041,20260403012529_0400,20260403012529,400,0,s6u,24,,,1775147779,3145.903,,5,1555.359,"[111,109,110,82,87,94,101,5,97,7,23,98,85]","[8,32,83,16,27,2,57,11,29,79,52,76,88]","[58,13,41,15,84,50,46,66,80,10]","[3,63,91,68,4,47,64,49,75,73,74,89,134]",226m 3446778s 111z,133r5789m r56p 223r5s,344m 23468p 34s,12m 34789p 11155s 7z
20260403012529_0400_042,20260403012529_0400,20260403012529,400,1,大やまだ,31,,,1775147783,2762.397,,0,,"[111,109,110,82,87,94,101,5,97,7,23,98,85]","[8,32,83,16,27,2,57,11,29,79,52,76,88]","[58,13,41,15,84,50,46,66,80,10]","[3,63,91,68,4,47,64,49,75,73,74,89,134]",226m 3446778s 111z,133r5789m r56p 223r5s,344m 23468p 34s,12m 34789p 11155s 7z
20260403012529_0400_043,20260403012529_0400,20260403012529,400,2,NAKAl,112,,,1775147785,1864.529,,0,,"[111,109,110,82,87,94,101,5,97,7,23,98,85]","[8,32,83,16,27,2,57,11,29,79,52,76,88]","[58,13,41,15,84,50,46,66,80,10]","[3,63,91,68,4,47,64,49,75,73,74,89,134]",226m 3446778s 111z,133r5789m r56p 223r5s,344m 23468p 34s,12m 34789p 11155s 7z
20260403012529_0400_044,20260403012529_0400,20260403012529,400,3,くまのプウさん,134,,,1775147787,1833.375,,0,,"[111,109,110,82,87,94,101,5,97,7,23,98,85]","[8,32,83,16,27,2,57,11,29,79,52,76,88]","[58,13,41,15,84,50,46,66,80,10]","[3,63,91,68,4,47,64,49,75,73,74,89,6]",226m 3446778s 111z,133r5789m r56p 223r5s,344m 23468p 34s,122m 34789p 11155s
20260403012529_0400_045,20260403012529_0400,20260403012529,400,0,s6u,135,,,1775147788,1773.758,,0,,"[111,109,110,82,87,94,101,5,97,7,23,98,85]","[8,32,83,16,27,2,57,11,29,79,52,76,88]","[58,13,41,15,84,50,46,66,80,10]","[3,63,91,68,4,47,64,49,75,73,74,89,6]",226m 3446778s 111z,133r5789m r56p 223r5s,344m 23468p 34s,122m 34789p 11155s
20260403012529_0400_046,20260403012529_0400,20260403012529,400,1,大やまだ,2,,,1775147790,1911.078,,0,,"[111,109,110,82,87,94,101,5,97,7,23,98,85]","[8,32,83,16,27,57,11,29,79,52,76,88,51]","[58,13,41,15,84,50,46,66,80,10]","[3,63,91,68,4,47,64,49,75,73,74,89,6]",226m 3446778s 111z,33r5789m 4r56p 223r5s,344m 23468p 34s,122m 34789p 11155s
20260403012529_0400_047,20260403012529_0400,20260403012529,400,2,NAKAl,13,,,1775147792,2045.166,,0,,"[111,109,110,82,87,94,101,5,97,7,23,98,85]","[8,32,83,16,27,57,11,29,79,52,76,88,51]","[58,41,15,84,50,46,66,80,10,17]","[3,63,91,68,4,47,64,49,75,73,74,89,6]",226m 3446778s 111z,33r5789m 4r56p 223r5s,345m 23468p 34s,122m 34789p 11155s
20260403012529_0400_048,20260403012529_0400,20260403012529,400,3,くまのプウさん,28,,,1775147794,1625.096,,0,,"[111,109,110,82,87,94,101,5,97,7,23,98,85]","[8,32,83,16,27,57,11,29,79,52,76,88,51]","[58,41,15,84,50,46,66,80,10,17]","[3,63,91,68,4,47,64,49,75,73,74,89,6]",226m 3446778s 111z,33r5789m 4r56p 223r5s,345m 23468p 34s,122m 34789p 11155s
20260403012529_0400_049,20260403012529_0400,20260403012529,400,0,s6u,128,,,1775147801,6707.561,,0,,"[111,109,110,82,87,94,101,5,97,7,23,98,85]","[8,32,83,16,27,57,11,29,79,52,76,88,51]","[58,41,15,84,50,46,66,80,10,17]","[3,63,91,68,4,47,64,49,75,73,74,89,6]",226m 3446778s 111z,33r5789m 4r56p 223r5s,345m 23468p 34s,122m 34789p 11155s
20260403012529_0400_050,20260403012529_0400,20260403012529,400,1,大やまだ,36,,,1775147803,2210.824,,3,1236.713,"[111,109,110,82,87,94,101,5,97,7,23,98,85]","[8,32,83,16,27,57,11,29,79,52,76,88,51]","[58,41,15,84,50,46,66,80,10,17]","[3,63,91,68,4,47,64,49,75,73,74,89,6]",226m 3446778s 111z,33r5789m 4r56p 223r5s,345m 23468p 34s,122m 34789p 11155s
20260403012529_0400_051,20260403012529_0400,20260403012529,400,2,NAKAl,108,,,1775147805,1044.915,,3,215.942,"[111,109,110,82,87,94,101,5,97,7,23,98,85]","[8,32,83,16,27,57,11,29,79,52,76,88,51]","[58,41,15,84,50,46,66,80,10,17]","[3,63,91,68,4,47,64,49,75,73,74,89,6]",226m 3446778s 111z,33r5789m 4r56p 223r5s,345m 23468p 34s,122m 34789p 11155s
20260403012529_0400_052,20260403012529_0400,20260403012529,400,3,くまのプウさん,95,,,1775147810,5192.436,,5,217.025,"[111,109,110,82,87,94,101,5,97,7,23,98,85]","[8,32,83,16,27,57,11,29,79,52,76,88,51]","[58,41,15,84,50,46,66,80,10,17]","[3,63,91,68,4,47,64,49,75,73,74,89,6]",226m 3446778s 111z,33r5789m 4r56p 223r5s,345m 23468p 34s,122m 34789p 11155s
20260403012529_0400_053,20260403012529_0400,20260403012529,400,0,s6u,12,,,1775147814,2904.039,,3,11832.482,"[111,109,110,82,87,94,101,5,97,7,23,98,85]","[8,32,83,16,27,57,11,29,79,52,76,88,51]","[58,41,15,84,50,46,66,80,10,17]","[3,63,91,68,4,47,64,49,75,73,74,89,6]",226m 3446778s 111z,33r5789m 4r56p 223r5s,345m 23468p 34s,122m 34789p 11155s
20260403012529_0400_054,20260403012529_0400,20260403012529,400,1,大やまだ,123,,,1775147827,1316.168,,0,,"[111,109,110,82,87,94,101,5,97,7,23,98,85]","[8,32,83,16,27,57,11,29,79,52,76,88,51]","[58,41,15,84,50,46,66,80,10,17]","[3,63,91,68,4,47,64,49,75,73,74,89,6]",226m 3446778s 111z,33r5789m 4r56p 223r5s,345m 23468p 34s,122m 34789p 11155s
20260403012529_0400_055,20260403012529_0400,20260403012529,400,2,NAKAl,40,,,1775147829,2359.356,,0,,"[111,109,110,82,87,94,101,5,97,7,23,98,85]","[8,32,83,16,27,57,11,29,79,52,76,88,51]","[58,41,15,84,50,46,66,80,10,17]","[3,63,91,68,4,47,64,49,75,73,74,89,6]",226m 3446778s 111z,33r5789m 4r56p 223r5s,345m 23468p 34s,122m 34789p 11155s
20260403012529_0400_056,20260403012529_0400,20260403012529,400,3,くまのプウさん,3,,,1775147831,,,0,,"[111,109,110,82,87,94,101,5,97,7,23,98,85]","[8,32,83,16,27,57,11,29,79,52,76,88,51]","[58,41,15,84,50,46,66,80,10,17]","[63,91,68,4,64,75,73,74,89,6]",226m 3446778s 111z,33r5789m 4r56p 223r5s,345m 23468p 34s,22m 789p 11155s
20260403012529_0400_057,20260403012529_0400,20260403012529,400,0,s6u,1,,,1775147835,4102.535,,0,,"[111,109,110,82,87,94,101,5,97,7,23,98,85]","[8,32,83,16,27,57,11,29,79,52,76,88,51]","[58,41,15,84,50,46,66,80,10,17]","[63,91,68,4,64,75,73,74,89,6]",226m 3446778s 111z,33r5789m 4r56p 223r5s,345m 23468p 34s,22m 789p 11155s
20260403012529_0400_058,20260403012529_0400,20260403012529,400,1,大やまだ,76,,,1775147844,9003.026,,0,,"[111,109,110,82,87,94,101,5,97,7,23,98,85]","[8,32,83,16,27,57,11,29,79,52,88,51,22]","[58,41,15,84,50,46,66,80,10,17]","[63,91,68,4,64,75,73,74,89,6]",226m 3446778s 111z,33r56789m 4r56p 23r5s,345m 23468p 34s,22m 789p 11155s
20260403012529_0400_059,20260403012529_0400,20260403012529,400,2,NAKAl,58,,,1775147846,,,5,1273.159,"[111,109,110,82,87,94,101,5,97,7,23,98,85]","[8,32,83,16,27,57,11,29,79,52,88,51,22]","[41,15,50,46,66,10,17]","[63,91,68,4,64,75,73,74,89,6]",226m 3446778s 111z,33r56789m 4r56p 23r5s,345m 2348p,22m 789p 11155s
20260403012529_0400_060,20260403012529_0400,20260403012529,400,3,くまのプウさん,26,,,1775147848,950.595,,0,,"[111,109,110,82,87,94,101,5,97,7,23,98,85]","[8,32,83,16,27,57,11,29,79,52,88,51,22]","[41,15,50,46,66,10,17]","[63,91,68,4,64,75,73,74,89,6]",226m 3446778s 111z,33r56789m 4r56p 23r5s,345m 2348p,22m 789p 11155s
20260403012529_0400_061,20260403012529_0400,20260403012529,400,0,s6u,38,,,1775147859,10712.381,,0,,"[111,109,110,82,87,94,101,5,97,7,23,98,85]","[8,32,83,16,27,57,11,29,79,52,88,51,22]","[41,15,50,46,66,10,17]","[63,91,68,4,64,75,73,74,89,6]",226m 3446778s 111z,33r56789m 4r56p 23r5s,345m 2348p,22m 789p 11155s
20260403012529_0400_062,20260403012529_0400,20260403012529,400,1,大やまだ,79,,,1775147863,4177.926,,0,,"[111,109,110,82,87,94,101,5,97,7,23,98,85]","[8,32,83,16,27,57,11,29,52,88,51,22,86]","[41,15,50,46,66,10,17]","[63,91,68,4,64,75,73,74,89,6]",226m 3446778s 111z,33r56789m 4r56p 34r5s,345m 2348p,22m 789p 11155s
20260403012529_0400_063,20260403012529_0400,20260403012529,400,2,NAKAl,21,,,1775147867,3996.709,,0,,"[111,109,110,82,87,94,101,5,97,7,23,98,85]","[8,32,83,16,27,57,11,29,52,88,51,22,86]","[41,15,50,46,66,10,17]","[63,91,68,4,64,75,73,74,89,6]",226m 3446778s 111z,33r56789m 4r56p 34r5s,345m 2348p,22m 789p 11155s
20260403012529_0400_064,20260403012529_0400,20260403012529,400,3,くまのプウさん,60,,,1775147869,1432.971,,0,,"[111,109,110,82,87,94,101,5,97,7,23,98,85]","[8,32,83,16,27,57,11,29,52,88,51,22,86]","[41,15,50,46,66,10,17]","[63,91,68,4,64,75,73,74,89,6]",226m 3446778s 111z,33r56789m 4r56p 34r5s,345m 2348p,22m 789p 11155s
20260403012529_0400_065,20260403012529_0400,20260403012529,400,0,s6u,42,,,1775147879,10637.883,,0,,"[111,109,110,82,87,94,101,5,97,7,23,98,85]","[8,32,83,16,27,57,11,29,52,88,51,22,86]","[41,15,50,46,66,10,17]","[63,91,68,4,64,75,73,74,89,6]",226m 3446778s 111z,33r56789m 4r56p 34r5s,345m 2348p,22m 789p 11155s
20260403012529_0400_066,20260403012529_0400,20260403012529,400,1,大やまだ,106,,,1775147881,1955.568,,0,,"[111,109,110,82,87,94,101,5,97,7,23,98,85]","[8,32,83,16,27,57,11,29,52,88,51,22,86]","[41,15,50,46,66,10,17]","[63,91,68,4,64,75,73,74,89,6]",226m 3446778s 111z,33r56789m 4r56p 34r5s,345m 2348p,22m 789p 11155s
20260403012529_0400_067,20260403012529_0400,20260403012529,400,2,NAKAl,41,,,1775147884,3162.502,,0,,"[111,109,110,82,87,94,101,5,97,7,23,98,85]","[8,32,83,16,27,57,11,29,52,88,51,22,86]","[15,50,46,66,10,17,55]","[63,91,68,4,64,75,73,74,89,6]",226m 3446778s 111z,33r56789m 4r56p 34r5s,345m 3458p,22m 789p 11155s
20260403012529_0400_068,20260403012529_0400,20260403012529,400,3,くまのプウさん,127,,,1775147886,1419.292,,0,,"[111,109,110,82,87,94,101,5,97,7,23,98,85]","[8,32,83,16,27,57,11,29,52,88,51,22,86]","[15,50,46,66,10,17,55]","[63,91,68,4,64,75,73,74,89,6]",226m 3446778s 111z,33r56789m 4r56p 34r5s,345m 3458p,22m 789p 11155s
20260403012529_0400_069,20260403012529_0400,20260403012529,400,0,s6u,133,,,1775147889,3278.865,,0,,"[111,109,110,82,87,94,101,5,97,7,23,98,85]","[8,32,83,16,27,57,11,29,52,88,51,22,86]","[15,50,46,66,10,17,55]","[63,91,68,4,64,75,73,74,89,6]",226m 3446778s 111z,33r56789m 4r56p 34r5s,345m 3458p,22m 789p 11155s
20260403012529_0400_070,20260403012529_0400,20260403012529,400,1,大やまだ,32,,,1775147895,6081.222,,0,,"[111,109,110,82,87,94,101,5,97,7,23,98,85]","[8,83,16,27,57,11,29,52,88,51,22,86,9]","[15,50,46,66,10,17,55]","[63,91,68,4,64,75,73,74,89,6]",226m 3446778s 111z,333r5678m 4r56p 34r5s,345m 3458p,22m 789p 11155s
20260403012529_0400_071,20260403012529_0400,20260403012529,400,2,NAKAl,77,,,1775147897,1622.087,,0,,"[111,109,110,82,87,94,101,5,97,7,23,98,85]","[8,83,16,27,57,11,29,52,88,51,22,86,9]","[15,50,46,66,10,17,55]","[63,91,68,4,64,75,73,74,89,6]",226m 3446778s 111z,333r5678m 4r56p 34r5s,345m 3458p,22m 789p 11155s
20260403012529_0400_072,20260403012529_0400,20260403012529,400,3,くまのプウさん,91,,,1775147902,5429.943,,0,,"[111,109,110,82,87,94,101,5,97,7,23,98,85]","[8,83,16,27,57,11,29,52,88,51,22,86,9]","[15,50,46,66,10,17,55]","[63,68,4,64,75,73,74,89,6,92]",226m 3446778s 111z,333r5678m 4r56p 34r5s,345m 3458p,22m 789p 11156s
20260403012529_0401_000,20260403012529_0401,20260403012529,401,3,くまのプウさん,118,,,1775147914,5490.788,,0,,"[93,51,100,24,95,50,56,23,16]","[119,71,102,33,129,89,105,87,48,88,7,9,46]","[77,133,97,66,21,15,17,34,121,124,10,109,2]","[68,85,80,35,76,114,123,98,54,52,108,5,132]",r567m 446p 668s,239m 349p 4r5589s 36z,134569m 8p 27s 1457z,29m r559p 2347s 1247z
20260403012529_0401_001,20260403012529_0401,20260403012529,401,0,s6u,1,,,1775147916,1502.066,,3,1165.091,"[93,51,100,24,95,50,56,23,16]","[119,71,102,33,129,89,105,87,48,88,7,9,46]","[77,133,97,66,21,15,17,34,121,124,10,109,2]","[68,85,80,35,76,114,123,98,54,52,108,5,132]",r567m 446p 668s,239m 349p 4r5589s 36z,134569m 8p 27s 1457z,29m r559p 2347s 1247z
20260403012529_0401_002,20260403012529_0401,20260403012529,401,1,大やまだ,33,,,1775147918,1330.88,,0,,"[93,51,100,24,95,50,56,23,16]","[119,71,102,129,89,105,87,48,88,7,9,46,83]","[77,133,97,66,21,15,17,34,121,124,10,109,2]","[68,85,80,35,76,114,123,98,54,52,108,5,132]",r567m 446p 668s,23m 349p 34r5589s 36z,134569m 8p 27s 1457z,29m r559p 2347s 1247z
20260403012529_0401_003,20260403012529_0401,20260403012529,401,2,NAKAl,109,,,1775147919,1440.339,,0,,"[93,51,100,24,95,50,56,23,16]","[119,71,102,129,89,105,87,48,88,7,9,46,83]","[77,133,97,66,21,15,17,34,121,124,10,2,0]","[68,85,80,35,76,114,123,98,54,52,108,5,132]",r567m 446p 668s,23m 349p 34r5589s 36z,1134569m 8p 27s 457z,29m r559p 2347s 1247z
20260403012529_0401_004,20260403012529_0401,20260403012529,401,3,くまのプウさん,35,,,1775147922,2853.395,,0,,"[93,51,100,24,95,50,56,23,16]","[119,71,102,129,89,105,87,48,88,7,9,46,83]","[77,133,97,66,21,15,17,34,121,124,10,2,0]","[68,85,80,76,114,123,98,54,52,108,5,132,22]",r567m 446p 668s,23m 349p 34r5589s 36z,1134569m 8p 27s 457z,26m r559p 2347s 1247z
20260403012529_0401_005,20260403012529_0401,20260403012529,401,0,s6u,79,,,1775147924,2073.543,,3,1217.167,"[93,51,100,24,95,50,56,23,16]","[119,71,102,129,89,105,87,48,88,7,9,46,83]","[77,133,97,66,21,15,17,34,121,124,10,2,0]","[68,85,80,76,114,123,98,54,52,108,5,132,22]",r567m 446p 668s,23m 349p 34r5589s 36z,1134569m 8p 27s 457z,26m r559p 2347s 1247z
20260403012529_0401_006,20260403012529_0401,20260403012529,401,1,大やまだ,129,,,1775147928,1942.542,,0,,"[93,51,100,24,95,50,56,23,16]","[119,71,102,89,105,87,48,88,7,9,46,83,49]","[77,133,97,66,21,15,17,34,121,124,10,2,0]","[68,85,80,76,114,123,98,54,52,108,5,132,22]",r567m 446p 668s,23m 3449p 34r5589s 3z,1134569m 8p 27s 457z,26m r559p 2347s 1247z
20260403012529_0401_007,20260403012529_0401,20260403012529,401,2,NAKAl,77,,,1775147931,3374.943,,3,210.672,"[93,51,100,24,95,50,56,23,16]","[119,71,102,89,105,87,48,88,7,9,46,83,49]","[133,97,66,21,15,17,34,121,124,10,2,0,28]","[68,85,80,76,114,123,98,54,52,108,5,132,22]",r567m 446p 668s,23m 3449p 34r5589s 3z,11345689m 8p 7s 457z,26m r559p 2347s 1247z
20260403012529_0401_008,20260403012529_0401,20260403012529,401,3,くまのプウさん,123,,,1775147933,1637.764,,0,,"[93,51,100,24,95,50,56,23,16]","[119,71,102,89,105,87,48,88,7,9,46,83,49]","[133,97,66,21,15,17,34,121,124,10,2,0,28]","[68,85,80,76,114,98,54,52,108,5,132,22,42]",r567m 446p 668s,23m 3449p 34r5589s 3z,11345689m 8p 7s 457z,26m 2r559p 2347s 127z
20260403012529_0401_009,20260403012529_0401,20260403012529,401,0,s6u,67,,,1775147935,2683.198,,0,,"[93,51,100,24,95,50,56,23,16]","[119,71,102,89,105,87,48,88,7,9,46,83,49]","[133,97,66,21,15,17,34,121,124,10,2,0,28]","[68,85,80,76,114,98,54,52,108,5,132,22,42]",r567m 446p 668s,23m 3449p 34r5589s 3z,11345689m 8p 7s 457z,26m 2r559p 2347s 127z
20260403012529_0401_010,20260403012529_0401,20260403012529,401,1,大やまだ,119,,,1775147937,1504.659,,0,,"[93,51,100,24,95,50,56,23,16]","[71,102,89,105,87,48,88,7,9,46,83,49,90]","[133,97,66,21,15,17,34,121,124,10,2,0,28]","[68,85,80,76,114,98,54,52,108,5,132,22,42]",r567m 446p 668s,23m 3449p 34r55589s,11345689m 8p 7s 457z,26m 2r559p 2347s 127z
20260403012529_0401_011,20260403012529_0401,20260403012529,401,2,NAKAl,66,,,1775147940,3091.988,,0,,"[93,51,100,24,95,50,56,23,16]","[71,102,89,105,87,48,88,7,9,46,83,49,90]","[133,97,21,15,17,34,121,124,10,2,0,28,130]","[68,85,80,76,114,98,54,52,108,5,132,22,42]",r567m 446p 668s,23m 3449p 34r55589s,11345689m 7s 4567z,26m 2r559p 2347s 127z
20260403012529_0401_012,20260403012529_0401,20260403012529,401,3,くまのプウさん,68,,,1775147942,2001.436,,5,1879.3,"[93,51,100,24,95,50,56,23,16]","[71,102,89,105,87,48,88,7,9,46,83,49,90]","[133,97,21,15,17,34,121,124,10,2,0,28,130]","[85,80,76,114,98,54,52,108,5,132,22,42,14]",r567m 446p 668s,23m 3449p 34r55589s,11345689m 7s 4567z,246m 2r55p 2347s 127z
20260403012529_0401_013,20260403012529_0401,20260403012529,401,0,s6u,38,,,1775147945,1138.724,,0,,"[93,51,100,24,95,50,56,23,16]","[71,102,89,105,87,48,88,7,9,46,83,49,90]","[133,97,21,15,17,34,121,124,10,2,0,28,130]","[85,80,76,114,98,54,52,108,5,132,22,42,14]",r567m 446p 668s,23m 3449p 34r55589s,11345689m 7s 4567z,246m 2r55p 2347s 127z
20260403012529_0401_014,20260403012529_0401,20260403012529,401,1,大やまだ,71,,,1775147953,8379.965,,0,,"[93,51,100,24,95,50,56,23,16]","[102,89,105,87,48,88,7,9,46,83,49,90,62]","[133,97,21,15,17,34,121,124,10,2,0,28,130]","[85,80,76,114,98,54,52,108,5,132,22,42,14]",r567m 446p 668s,23m 3447p 34r55589s,11345689m 7s 4567z,246m 2r55p 2347s 127z
20260403012529_0401_015,20260403012529_0401,20260403012529,401,2,NAKAl,130,,,1775147958,4307.378,,0,,"[93,51,100,24,95,50,56,23,16]","[102,89,105,87,48,88,7,9,46,83,49,90,62]","[133,97,21,15,17,34,121,124,10,2,0,28,57]","[85,80,76,114,98,54,52,108,5,132,22,42,14]",r567m 446p 668s,23m 3447p 34r55589s,11345689m 6p 7s 457z,246m 2r55p 2347s 127z
20260403012529_0401_016,20260403012529_0401,20260403012529,401,3,くまのプウさん,108,,,1775147961,2761.457,,0,,"[93,51,100,24,95,50,56,23,16]","[102,89,105,87,48,88,7,9,46,83,49,90,62]","[133,97,21,15,17,34,121,124,10,2,0,28,57]","[85,80,76,114,98,54,52,5,132,22,42,14,39]",r567m 446p 668s,23m 3447p 34r55589s,11345689m 6p 7s 457z,246m 12r55p 2347s 27z
20260403012529_0401_017,20260403012529_0401,20260403012529,401,0,s6u,13,,,1775147963,2158.628,,3,1221.332,"[93,51,100,24,95,50,56,23,16]","[102,89,105,87,48,88,7,9,46,83,49,90,62]","[133,97,21,15,17,34,121,124,10,2,0,28,57]","[85,80,76,114,98,54,52,5,132,22,42,14,39]",r567m 446p 668s,23m 3447p 34r55589s,11345689m 6p 7s 457z,246m 12r55p 2347s 27z
20260403012529_0401_018,20260403012529_0401,20260403012529,401,1,大やまだ,74,,,1775147969,5523.851,,0,,"[93,51,100,24,95,50,56,23,16]","[102,89,105,87,48,88,7,9,46,83,49,90,62]","[133,97,21,15,17,34,121,124,10,2,0,28,57]","[85,80,76,114,98,54,52,5,132,22,42,14,39]",r567m 446p 668s,23m 3447p 34r55589s,11345689m 6p 7s 457z,246m 12r55p 2347s 27z
20260403012529_0401_019,20260403012529_0401,20260403012529,401,2,NAKAl,57,,,1775147973,3486.814,,0,,"[93,51,100,24,95,50,56,23,16]","[102,89,105,87,48,88,7,9,46,83,49,90,62]","[133,97,21,15,17,34,121,124,10,2,0,28,11]","[85,80,76,114,98,54,52,5,132,22,42,14,39]",r567m 446p 668s,23m 3447p 34r55589s,113345689m 7s 457z,246m 12r55p 2347s 27z
20260403012529_0401_020,20260403012529_0401,20260403012529,401,3,くまのプウさん,114,,,1775147975,1804.777,,0,,"[93,51,100,24,95,50,56,23,16]","[102,89,105,87,48,88,7,9,46,83,49,90,62]","[133,97,21,15,17,34,121,124,10,2,0,28,11]","[85,80,76,98,54,52,5,132,22,42,14,39,31]",r567m 446p 668s,23m 3447p 34r55589s,113345689m 7s 457z,2468m 12r55p 2347s 7z
20260403012529_0401_021,20260403012529_0401,20260403012529,401,0,s6u,73,,,1775147976,1358.653,,0,,"[93,51,100,24,95,50,56,23,16]","[102,89,105,87,48,88,7,9,46,83,49,90,62]","[133,97,21,15,17,34,121,124,10,2,0,28,11]","[85,80,76,98,54,52,5,132,22,42,14,39,31]",r567m 446p 668s,23m 3447p 34r55589s,113345689m 7s 457z,2468m 12r55p 2347s 7z
20260403012529_0401_022,20260403012529_0401,20260403012529,401,1,大やまだ,62,,,1775147978,2359.188,,0,,"[93,51,100,24,95,50,56,23,16]","[102,89,105,87,48,88,7,9,46,83,49,90,81]","[133,97,21,15,17,34,121,124,10,2,0,28,11]","[85,80,76,98,54,52,5,132,22,42,14,39,31]",r567m 446p 668s,23m 344p 334r55589s,113345689m 7s 457z,2468m 12r55p 2347s 7z
20260403012529_0401_023,20260403012529_0401,20260403012529,401,2,NAKAl,97,,,1775147980,1364.738,,0,,"[93,51,100,24,95,50,56,23,16]","[102,89,105,87,48,88,7,9,46,83,49,90,81]","[133,21,15,17,34,121,124,10,2,0,28,11,3]","[85,80,76,98,54,52,5,132,22,42,14,39,31]",r567m 446p 668s,23m 344p 334r55589s,1113345689m 457z,2468m 12r55p 2347s 7z
20260403012529_0401_024,20260403012529_0401,20260403012529,401,3,くまのプウさん,127,,,1775147983,2731.027,,0,,"[93,51,100,24,95,50,56,23,16]","[102,89,105,87,48,88,7,9,46,83,49,90,81]","[133,21,15,17,34,121,124,10,2,0,28,11,3]","[85,80,76,98,54,52,5,132,22,42,14,39,31]",r567m 446p 668s,23m 344p 334r55589s,1113345689m 457z,2468m 12r55p 2347s 7z
20260403012529_0401_025,20260403012529_0401,20260403012529,401,0,s6u,41,,,1775147989,6772.923,,3,1929.008,"[93,51,100,24,95,50,56,23,16]","[102,89,105,87,48,88,7,9,46,83,49,90,81]","[133,21,15,17,34,121,124,10,2,0,28,11,3]","[85,80,76,98,54,52,5,132,22,42,14,39,31]",r567m 446p 668s,23m 344p 334r55589s,1113345689m 457z,2468m 12r55p 2347s 7z
20260403012529_0401_026,20260403012529_0401,20260403012529,401,1,大やまだ,125,,,1775147992,1140.465,,0,,"[93,51,100,24,95,50,56,23,16]","[102,89,105,87,48,88,7,9,46,83,49,90,81]","[133,21,15,17,34,121,124,10,2,0,28,11,3]","[85,80,76,98,54,52,5,132,22,42,14,39,31]",r567m 446p 668s,23m 344p 334r55589s,1113345689m 457z,2468m 12r55p 2347s 7z
20260403012529_0401_027,20260403012529_0401,20260403012529,401,2,NAKAl,86,,,1775147994,1658.726,,3,316.597,"[93,51,100,24,95,50,56,23,16]","[102,89,105,87,48,88,7,9,46,83,49,90,81]","[133,21,15,17,34,121,124,10,2,0,28,11,3]","[85,80,76,98,54,52,5,132,22,42,14,39,31]",r567m 446p 668s,23m 344p 334r55589s,1113345689m 457z,2468m 12r55p 2347s 7z
20260403012529_0401_028,20260403012529_0401,20260403012529,401,3,くまのプウさん,132,,,1775147996,1752.435,,0,,"[93,51,100,24,95,50,56,23,16]","[102,89,105,87,48,88,7,9,46,83,49,90,81]","[133,21,15,17,34,121,124,10,2,0,28,11,3]","[85,80,76,98,54,52,5,22,42,14,39,31,44]",r567m 446p 668s,23m 344p 334r55589s,1113345689m 457z,2468m 123r55p 2347s
20260403012529_0401_029,20260403012529_0401,20260403012529,401,0,s6u,18,,,1775147998,2166.904,,0,,"[93,51,100,24,95,50,56,23,16]","[102,89,105,87,48,88,7,9,46,83,49,90,81]","[133,21,15,17,34,121,124,10,2,0,28,11,3]","[85,80,76,98,54,52,5,22,42,14,39,31,44]",r567m 446p 668s,23m 344p 334r55589s,1113345689m 457z,2468m 123r55p 2347s
20260403012529_0401_030,20260403012529_0401,20260403012529,401,1,大やまだ,81,,,1775148005,6273.006,,0,,"[93,51,100,24,95,50,56,23,16]","[102,89,105,87,48,88,7,9,46,83,49,90,96]","[133,21,15,17,34,121,124,10,2,0,28,11,3]","[85,80,76,98,54,52,5,22,42,14,39,31,44]",r567m 446p 668s,23m 344p 34r555789s,1113345689m 457z,2468m 123r55p 2347s
20260403012529_0401_031,20260403012529_0401,20260403012529,401,2,NAKAl,84,,,1775148006,1425.573,,3,332.644,"[93,51,100,24,95,50,56,23,16]","[102,89,105,87,48,88,7,9,46,83,49,90,96]","[133,21,15,17,34,121,124,10,2,0,28,11,3]","[85,80,76,98,54,52,5,22,42,14,39,31,44]",r567m 446p 668s,23m 344p 34r555789s,1113345689m 457z,2468m 123r55p 2347s
20260403012529_0401_032,20260403012529_0401,20260403012529,401,3,くまのプウさん,98,,,1775148008,664.18,1371.119,5,3985.641,"[93,51,100,24,95,50,56,23,16]","[102,89,105,87,48,88,7,9,46,83,49,90,96]","[133,21,15,17,34,121,124,10,2,0,28,11,3]","[85,80,76,54,52,5,22,42,14,39,31,44,25]",r567m 446p 668s,23m 344p 34r555789s,1113345689m 457z,24678m 123r55p 234s
20260403012529_0401_033,20260403012529_0401,20260403012529,401,0,s6u,116,,,1775148016,3622.94,,0,,"[93,51,100,24,95,50,56,23,16]","[102,89,105,87,48,88,7,9,46,83,49,90,96]","[133,21,15,17,34,121,124,10,2,0,28,11,3]","[85,80,76,54,52,5,22,42,14,39,31,44,25]",r567m 446p 668s,23m 344p 34r555789s,1113345689m 457z,24678m 123r55p 234s
20260403012529_0401_034,20260403012529_0401,20260403012529,401,1,大やまだ,96,,,1775148026,9902.287,,0,,"[93,51,100,24,95,50,56,23,16]","[102,89,105,87,48,88,7,9,46,83,49,90,72]","[133,21,15,17,34,121,124,10,2,0,28,11,3]","[85,80,76,54,52,5,22,42,14,39,31,44,25]",r567m 446p 668s,23m 344p 134r55589s,1113345689m 457z,24678m 123r55p 234s
20260403012529_0401_035,20260403012529_0401,20260403012529,401,2,NAKAl,124,,,1775148028,1899.855,,0,,"[93,51,100,24,95,50,56,23,16]","[102,89,105,87,48,88,7,9,46,83,49,90,72]","[133,21,15,17,34,121,10,2,0,28,11,3,59]","[85,80,76,54,52,5,22,42,14,39,31,44,25]",r567m 446p 668s,23m 344p 134r55589s,1113345689m 6p 47z,24678m 123r55p 234s
20260403012529_0401_036,20260403012529_0401,20260403012529,401,3,くまのプウさん,101,,,1775148029,773.907,,0,,"[93,51,100,24,95,50,56,23,16]","[102,89,105,87,48,88,7,9,46,83,49,90,72]","[133,21,15,17,34,121,10,2,0,28,11,3,59]","[85,80,76,54,52,5,22,42,14,39,31,44,25]",r567m 446p 668s,23m 344p 134r55589s,1113345689m 6p 47z,24678m 123r55p 234s
20260403012529_0401_037,20260403012529_0401,20260403012529,401,0,s6u,91,,,1775148040,2668.093,,3,2846.265,"[93,51,100,24,95,50,56,23,16]","[102,89,105,87,48,88,7,9,46,83,49,90,72]","[133,21,15,17,34,121,10,2,0,28,11,3,59]","[85,80,76,54,52,5,22,42,14,39,31,44,25]",r567m 446p 668s,23m 344p 134r55589s,1113345689m 6p 47z,24678m 123r55p 234s
20260403012529_0401_038,20260403012529_0401,20260403012529,401,1,大やまだ,102,,,1775148047,4088.634,,0,,"[93,51,100,24,95,50,56,23,16]","[89,105,87,48,88,7,9,46,83,49,90,72,26]","[133,21,15,17,34,121,10,2,0,28,11,3,59]","[85,80,76,54,52,5,22,42,14,39,31,44,25]",r567m 446p 668s,237m 344p 134r5559s,1113345689m 6p 47z,24678m 123r55p 234s
20260403012529_0401_039,20260403012529_0401,20260403012529,401,2,NAKAl,121,,,1775148049,1747.572,,0,,"[93,51,100,24,95,50,56,23,16]","[89,105,87,48,88,7,9,46,83,49,90,72,26]","[133,21,15,17,34,10,2,0,28,11,3,59,110]","[85,80,76,54,52,5,22,42,14,39,31,44,25]",r567m 446p 668s,237m 344p 134r5559s,1113345689m 6p 17z,24678m 123r55p 234s
20260403012529_0401_040,20260403012529_0401,20260403012529,401,3,くまのプウさん,43,,,1775148050,820.808,,0,,"[93,51,100,24,95,50,56,23,16]","[89,105,87,48,88,7,9,46,83,49,90,72,26]","[133,21,15,17,34,10,2,0,28,11,3,59,110]","[85,80,76,54,52,5,22,42,14,39,31,44,25]",r567m 446p 668s,237m 344p 134r5559s,1113345689m 6p 17z,24678m 123r55p 234s
20260403012529_0401_041,20260403012529_0401,20260403012529,401,0,s6u,113,,,1775148052,2766.437,,0,,"[93,51,100,24,95,50,56,23,16]","[89,105,87,48,88,7,9,46,83,49,90,72,26]","[133,21,15,17,34,10,2,0,28,11,3,59,110]","[85,80,76,54,52,5,22,42,14,39,31,44,25]",r567m 446p 668s,237m 344p 134r5559s,1113345689m 6p 17z,24678m 123r55p 234s
20260403012529_0401_042,20260403012529_0401,20260403012529,401,1,大やまだ,89,,,1775148056,3378.488,,0,,"[93,51,100,24,95,50,56,23,16]","[105,87,48,88,7,9,46,83,49,90,72,26,94]","[133,21,15,17,34,10,2,0,28,11,3,59,110]","[85,80,76,54,52,5,22,42,14,39,31,44,25]",r567m 446p 668s,237m 344p 134r5569s,1113345689m 6p 17z,24678m 123r55p 234s
20260403012529_0401_043,20260403012529_0401,20260403012529,401,2,NAKAl,110,,,1775148057,1533.548,,0,,"[93,51,100,24,95,50,56,23,16]","[105,87,48,88,7,9,46,83,49,90,72,26,94]","[133,21,15,17,34,10,2,0,28,11,3,59,131]","[85,80,76,54,52,5,22,42,14,39,31,44,25]",r567m 446p 668s,237m 344p 134r5569s,1113345689m 6p 67z,24678m 123r55p 234s
20260403012529_0401_044,20260403012529_0401,20260403012529,401,3,くまのプウさん,135,,,1775148058,711.312,,0,,"[93,51,100,24,95,50,56,23,16]","[105,87,48,88,7,9,46,83,49,90,72,26,94]","[133,21,15,17,34,10,2,0,28,11,3,59,131]","[85,80,76,54,52,5,22,42,14,39,31,44,25]",r567m 446p 668s,237m 344p 134r5569s,1113345689m 6p 67z,24678m 123r55p 234s
20260403012529_0401_045,20260403012529_0401,20260403012529,401,0,s6u,107,,,1775148071,12954.715,,0,,"[93,51,100,24,95,50,56,23,16]","[105,87,48,88,7,9,46,83,49,90,72,26,94]","[133,21,15,17,34,10,2,0,28,11,3,59,131]","[85,80,76,54,52,5,22,42,14,39,31,44,25]",r567m 446p 668s,237m 344p 134r5569s,1113345689m 6p 67z,24678m 123r55p 234s
20260403012529_0401_046,20260403012529_0401,20260403012529,401,1,大やまだ,105,,,1775148073,1593.115,,0,,"[93,51,100,24,95,50,56,23,16]","[87,48,88,7,9,46,83,49,90,72,26,94,29]","[133,21,15,17,34,10,2,0,28,11,3,59,131]","[85,80,76,54,52,5,22,42,14,39,31,44,25]",r567m 446p 668s,2378m 344p 134r556s,1113345689m 6p 67z,24678m 123r55p 234s
20260403012529_0401_047,20260403012529_0401,20260403012529,401,2,NAKAl,133,,,1775148074,1326.55,,0,,"[93,51,100,24,95,50,56,23,16]","[87,48,88,7,9,46,83,49,90,72,26,94,29]","[21,15,17,34,10,2,0,28,11,3,59,131,82]","[85,80,76,54,52,5,22,42,14,39,31,44,25]",r567m 446p 668s,2378m 344p 134r556s,1113345689m 6p 3s 6z,24678m 123r55p 234s
20260403012529_0401_048,20260403012529_0401,20260403012529,401,3,くまのプウさん,61,,,1775148075,822.872,,5,2763.163,"[93,51,100,24,95,50,56,23,16]","[87,48,88,7,9,46,83,49,90,72,26,94,29]","[21,15,17,34,10,2,0,28,11,3,59,131,82]","[85,80,76,54,52,5,22,42,14,39,31,44,25]",r567m 446p 668s,2378m 344p 134r556s,1113345689m 6p 3s 6z,24678m 123r55p 234s
20260403012529_0401_049,20260403012529_0401,20260403012529,401,0,s6u,63,,,1775148082,4660.866,,0,,"[93,51,100,24,95,50,56,23,16]","[87,48,88,7,9,46,83,49,90,72,26,94,29]","[21,15,17,34,10,2,0,28,11,3,59,131,82]","[85,80,76,54,52,5,22,42,14,39,31,44,25]",r567m 446p 668s,2378m 344p 134r556s,1113345689m 6p 3s 6z,24678m 123r55p 234s
20260403012529_0401_050,20260403012529_0401,20260403012529,401,1,大やまだ,90,,,1775148088,5503.594,,0,,"[93,51,100,24,95,50,56,23,16]","[87,48,88,7,9,46,83,49,72,26,94,29,64]","[21,15,17,34,10,2,0,28,11,3,59,131,82]","[85,80,76,54,52,5,22,42,14,39,31,44,25]",r567m 446p 668s,2378m 3448p 134r56s,1113345689m 6p 3s 6z,24678m 123r55p 234s
20260403012529_0401_051,20260403012529_0401,20260403012529,401,2,NAKAl,131,,,1775148089,1329.936,,0,,"[93,51,100,24,95,50,56,23,16]","[87,48,88,7,9,46,83,49,72,26,94,29,64]","[21,15,17,34,10,2,0,28,11,3,59,82,20]","[85,80,76,54,52,5,22,42,14,39,31,44,25]",r567m 446p 668s,2378m 3448p 134r56s,11133456689m 6p 3s,24678m 123r55p 234s
20260403012529_0401_052,20260403012529_0401,20260403012529,401,3,くまのプウさん,45,,,1775148090,795.563,,0,,"[93,51,100,24,95,50,56,23,16]","[87,48,88,7,9,46,83,49,72,26,94,29,64]","[21,15,17,34,10,2,0,28,11,3,59,82,20]","[85,80,76,54,52,5,22,42,14,39,31,44,25]",r567m 446p 668s,2378m 3448p 134r56s,11133456689m 6p 3s,24678m 123r55p 234s
20260403012529_0401_053,20260403012529_0401,20260403012529,401,0,s6u,120,,,1775148092,2384.826,,0,,"[93,51,100,24,95,50,56,23,16]","[87,48,88,7,9,46,83,49,72,26,94,29,64]","[21,15,17,34,10,2,0,28,11,3,59,82,20]","[85,80,76,54,52,5,22,42,14,39,31,44,25]",r567m 446p 668s,2378m 3448p 134r56s,11133456689m 6p 3s,24678m 123r55p 234s
20260403012529_0401_054,20260403012529_0401,20260403012529,401,1,大やまだ,46,,,1775148095,2789.363,,0,,"[93,51,100,24,95,50,56,23,16]","[87,48,88,7,9,83,49,72,26,94,29,64,92]","[21,15,17,34,10,2,0,28,11,3,59,82,20]","[85,80,76,54,52,5,22,42,14,39,31,44,25]",r567m 446p 668s,2378m 448p 134r566s,11133456689m 6p 3s,24678m 123r55p 234s
20260403012529_0401_055,20260403012529_0401,20260403012529,401,2,NAKAl,59,,,1775148099,4139.899,,0,,"[93,51,100,24,95,50,56,23,16]","[87,48,88,7,9,83,49,72,26,94,29,64,92]","[21,15,17,34,10,2,0,28,11,3,82,20,55]","[85,80,76,54,52,5,22,42,14,39,31,44,25]",r567m 446p 668s,2378m 448p 134r566s,11133456689m 5p 3s,24678m 123r55p 234s
20260403012529_0401_056,20260403012529_0401,20260403012529,401,0,s6u,65,,,1775148102,914.048,,0,,"[93,51,100,24,95,50,56,23,16]","[87,48,88,7,9,83,49,72,26,94,29,64,92]","[21,15,17,34,10,2,0,28,11,3,82,20,55]","[85,80,76,54,52,5,22,42,14,39,31,44,25]",r567m 446p 668s,2378m 448p 134r566s,11133456689m 5p 3s,24678m 123r55p 234s
20260403012529_0401_057,20260403012529_0401,20260403012529,401,1,大やまだ,64,,,1775148104,1589.468,,0,,"[93,51,100,24,95,50,56,23,16]","[87,48,88,7,9,83,49,72,26,94,29,92,112]","[21,15,17,34,10,2,0,28,11,3,82,20,55]","[85,80,76,54,52,5,22,42,14,39,31,44,25]",r567m 446p 668s,2378m 44p 134r566s 2z,11133456689m 5p 3s,24678m 123r55p 234s
20260403012529_0401_058,20260403012529_0401,20260403012529,401,2,NAKAl,104,,,1775148105,1697.347,,0,,"[93,51,100,24,95,50,56,23,16]","[87,48,88,7,9,83,49,72,26,94,29,92,112]","[21,15,17,34,10,2,0,28,11,3,82,20,55]","[85,80,76,54,52,5,22,42,14,39,31,44,25]",r567m 446p 668s,2378m 44p 134r566s 2z,11133456689m 5p 3s,24678m 123r55p 234s
20260403012529_0401_059,20260403012529_0401,20260403012529,401,3,くまのプウさん,122,,,1775148106,815.675,,0,,"[93,51,100,24,95,50,56,23,16]","[87,48,88,7,9,83,49,72,26,94,29,92,112]","[21,15,17,34,10,2,0,28,11,3,82,20,55]","[85,80,76,54,52,5,22,42,14,39,31,44,25]",r567m 446p 668s,2378m 44p 134r566s 2z,11133456689m 5p 3s,24678m 123r55p 234s
20260403012529_0401_060,20260403012529_0401,20260403012529,401,0,s6u,30,,,1775148109,2989.474,,0,,"[93,51,100,24,95,50,56,23,16]","[87,48,88,7,9,83,49,72,26,94,29,92,112]","[21,15,17,34,10,2,0,28,11,3,82,20,55]","[85,80,76,54,52,5,22,42,14,39,31,44,25]",r567m 446p 668s,2378m 44p 134r566s 2z,11133456689m 5p 3s,24678m 123r55p 234s
20260403012529_0401_061,20260403012529_0401,20260403012529,401,1,大やまだ,112,,,1775148115,5910.147,,0,,"[93,51,100,24,95,50,56,23,16]","[87,48,88,7,9,83,49,72,26,94,29,92,6]","[21,15,17,34,10,2,0,28,11,3,82,20,55]","[85,80,76,54,52,5,22,42,14,39,31,44,25]",r567m 446p 668s,22378m 44p 134r566s,11133456689m 5p 3s,24678m 123r55p 234s
20260403012529_0401_062,20260403012529_0401,20260403012529,401,2,NAKAl,106,,,1775148117,1726.277,,0,,"[93,51,100,24,95,50,56,23,16]","[87,48,88,7,9,83,49,72,26,94,29,92,6]","[21,15,17,34,10,2,0,28,11,3,82,20,55]","[85,80,76,54,52,5,22,42,14,39,31,44,25]",r567m 446p 668s,22378m 44p 134r566s,11133456689m 5p 3s,24678m 123r55p 234s
20260403012529_0401_063,20260403012529_0401,20260403012529,401,3,くまのプウさん,115,,,1775148117,628.683,,0,,"[93,51,100,24,95,50,56,23,16]","[87,48,88,7,9,83,49,72,26,94,29,92,6]","[21,15,17,34,10,2,0,28,11,3,82,20,55]","[85,80,76,54,52,5,22,42,14,39,31,44,25]",r567m 446p 668s,22378m 44p 134r566s,11133456689m 5p 3s,24678m 123r55p 234s
20260403012529_0401_064,20260403012529_0401,20260403012529,401,0,s6u,126,,,1775148121,3796.982,,0,,"[93,51,100,24,95,50,56,23,16]","[87,48,88,7,9,83,49,72,26,94,29,92,6]","[21,15,17,34,10,2,0,28,11,3,82,20,55]","[85,80,76,54,52,5,22,42,14,39,31,44,25]",r567m 446p 668s,22378m 44p 134r566s,11133456689m 5p 3s,24678m 123r55p 234s
20260403012529_0401_065,20260403012529_0401,20260403012529,401,1,大やまだ,29,,,1775148132,10736.081,,0,,"[93,51,100,24,95,50,56,23,16]","[87,48,88,7,9,83,49,72,26,94,92,6,37]","[21,15,17,34,10,2,0,28,11,3,82,20,55]","[85,80,76,54,52,5,22,42,14,39,31,44,25]",r567m 446p 668s,2237m 144p 134r566s,11133456689m 5p 3s,24678m 123r55p 234s
20260403012529_0401_066,20260403012529_0401,20260403012529,401,2,NAKAl,55,,,1775148133,1542.605,,0,,"[93,51,100,24,95,50,56,23,16]","[87,48,88,7,9,83,49,72,26,94,92,6,37]","[21,15,17,34,10,2,0,28,11,3,82,20,12]","[85,80,76,54,52,5,22,42,14,39,31,44,25]",r567m 446p 668s,2237m 144p 134r566s,111334456689m 3s,24678m 123r55p 234s
20260403012529_0401_067,20260403012529_0401,20260403012529,401,3,くまのプウさん,53,,,1775148134,816.33,,0,,"[93,51,100,24,95,50,56,23,16]","[87,48,88,7,9,83,49,72,26,94,92,6,37]","[21,15,17,34,10,2,0,28,11,3,82,20,12]","[85,80,76,54,52,5,22,42,14,39,31,44,25]",r567m 446p 668s,2237m 144p 134r566s,111334456689m 3s,24678m 123r55p 234s
20260403012529_0401_068,20260403012529_0401,20260403012529,401,0,s6u,8,,,1775148142,7688.712,,0,,"[93,51,100,24,95,50,56,23,16]","[87,48,88,7,9,83,49,72,26,94,92,6,37]","[21,15,17,34,10,2,0,28,11,3,82,20,12]","[85,80,76,54,52,5,22,42,14,39,31,44,25]",r567m 446p 668s,2237m 144p 134r566s,111334456689m 3s,24678m 123r55p 234s
20260403012529_0402_000,20260403012529_0402,20260403012529,402,3,くまのプウさん,104,,,1775148160,5030.304,,0,,"[65,92,89,29,22,96,26,11,10]","[39,33,49,13,127,78,103,8,1,99,9,18,108]","[72,42,85,46,45,48,16,98,0,131,59,43,38]","[34,73,54,5,74,111,19,55,44,30,52,21,14]",33678m 8p 567s,133459m 14p 278s 15z,1r5m 1223346p 147s 6z,245689m 3r555p 11s 1z
20260403012529_0402_001,20260403012529_0402,20260403012529,402,0,s6u,123,,,1775148162,1837.507,,0,,"[65,92,89,29,22,96,26,11,10]","[39,33,49,13,127,78,103,8,1,99,9,18,108]","[72,42,85,46,45,48,16,98,0,131,59,43,38]","[34,73,54,5,74,111,19,55,44,30,52,21,14]",33678m 8p 567s,133459m 14p 278s 15z,1r5m 1223346p 147s 6z,245689m 3r555p 11s 1z
20260403012529_0402_002,20260403012529_0402,20260403012529,402,1,大やまだ,108,,,1775148164,1636.004,,0,,"[65,92,89,29,22,96,26,11,10]","[39,33,49,13,127,78,103,8,1,99,9,18,120]","[72,42,85,46,45,48,16,98,0,131,59,43,38]","[34,73,54,5,74,111,19,55,44,30,52,21,14]",33678m 8p 567s,133459m 14p 278s 45z,1r5m 1223346p 147s 6z,245689m 3r555p 11s 1z
20260403012529_0402_003,20260403012529_0402,20260403012529,402,2,NAKAl,131,,,1775148165,1420.972,,0,,"[65,92,89,29,22,96,26,11,10]","[39,33,49,13,127,78,103,8,1,99,9,18,120]","[72,42,85,46,45,48,16,98,0,59,43,38,58]","[34,73,54,5,74,111,19,55,44,30,52,21,14]",33678m 8p 567s,133459m 14p 278s 45z,1r5m 12233466p 147s,245689m 3r555p 11s 1z
20260403012529_0402_004,20260403012529_0402,20260403012529,402,3,くまのプウさん,111,,,1775148167,1924.303,,0,,"[65,92,89,29,22,96,26,11,10]","[39,33,49,13,127,78,103,8,1,99,9,18,120]","[72,42,85,46,45,48,16,98,0,59,43,38,58]","[34,73,54,5,74,19,55,44,30,52,21,14,56]",33678m 8p 567s,133459m 14p 278s 45z,1r5m 12233466p 147s,245689m 3r5556p 11s
20260403012529_0402_005,20260403012529_0402,20260403012529,402,0,s6u,110,,,1775148169,1322.206,,0,,"[65,92,89,29,22,96,26,11,10]","[39,33,49,13,127,78,103,8,1,99,9,18,120]","[72,42,85,46,45,48,16,98,0,59,43,38,58]","[34,73,54,5,74,19,55,44,30,52,21,14,56]",33678m 8p 567s,133459m 14p 278s 45z,1r5m 12233466p 147s,245689m 3r5556p 11s
20260403012529_0402_006,20260403012529_0402,20260403012529,402,1,大やまだ,120,,,1775148170,1750.58,,0,,"[65,92,89,29,22,96,26,11,10]","[39,33,49,13,127,78,103,8,1,99,9,18,31]","[72,42,85,46,45,48,16,98,0,59,43,38,58]","[34,73,54,5,74,19,55,44,30,52,21,14,56]",33678m 8p 567s,1334589m 14p 278s 5z,1r5m 12233466p 147s,245689m 3r5556p 11s
20260403012529_0402_007,20260403012529_0402,20260403012529,402,2,NAKAl,124,,,1775148172,1756.667,,0,,"[65,92,89,29,22,96,26,11,10]","[39,33,49,13,127,78,103,8,1,99,9,18,31]","[72,42,85,46,45,48,16,98,0,59,43,38,58]","[34,73,54,5,74,19,55,44,30,52,21,14,56]",33678m 8p 567s,1334589m 14p 278s 5z,1r5m 12233466p 147s,245689m 3r5556p 11s
20260403012529_0402_008,20260403012529_0402,20260403012529,402,3,くまのプウさん,5,,,1775148175,3018.087,,0,,"[65,92,89,29,22,96,26,11,10]","[39,33,49,13,127,78,103,8,1,99,9,18,31]","[72,42,85,46,45,48,16,98,0,59,43,38,58]","[34,73,54,74,19,55,44,30,52,21,14,56,51]",33678m 8p 567s,1334589m 14p 278s 5z,1r5m 12233466p 147s,45689m 34r5556p 11s
20260403012529_0402_009,20260403012529_0402,20260403012529,402,0,s6u,128,,,1775148176,1404.786,,0,,"[65,92,89,29,22,96,26,11,10]","[39,33,49,13,127,78,103,8,1,99,9,18,31]","[72,42,85,46,45,48,16,98,0,59,43,38,58]","[34,73,54,74,19,55,44,30,52,21,14,56,51]",33678m 8p 567s,1334589m 14p 278s 5z,1r5m 12233466p 147s,45689m 34r5556p 11s
20260403012529_0402_010,20260403012529_0402,20260403012529,402,1,大やまだ,39,,,1775148178,1728.461,,3,1432.121,"[65,92,89,29,22,96,26,11,10]","[33,49,13,127,78,103,8,1,99,9,18,31,76]","[72,42,85,46,45,48,16,98,0,59,43,38,58]","[34,73,54,74,19,55,44,30,52,21,14,56,51]",33678m 8p 567s,1334589m 4p 2278s 5z,1r5m 12233466p 147s,45689m 34r5556p 11s
20260403012529_0402_011,20260403012529_0402,20260403012529,402,2,NAKAl,72,,,1775148181,1638.39,,3,212.22,"[65,92,89,29,22,96,26,11,10]","[33,49,13,127,78,103,8,1,99,9,18,31,76]","[42,85,46,45,48,16,98,0,59,43,38,58,15]","[34,73,54,74,19,55,44,30,52,21,14,56,51]",33678m 8p 567s,1334589m 4p 2278s 5z,14r5m 12233466p 47s,45689m 34r5556p 11s
20260403012529_0402_012,20260403012529_0402,20260403012529,402,3,くまのプウさん,55,,,1775148184,612.561,1427.818,0,,"[65,92,89,29,22,96,26,11,10]","[33,49,13,127,78,103,8,1,99,9,18,31,76]","[42,85,46,45,48,16,98,0,59,43,38,58,15]","[34,73,54,74,19,44,30,52,21,14,56,51,61]",33678m 8p 567s,1334589m 4p 2278s 5z,14r5m 12233466p 47s,45689m 34r5567p 11s
20260403012529_0402_013,20260403012529_0402,20260403012529,402,0,s6u,107,,,1775148185,1432.776,,5,3487.742,"[65,92,89,29,22,96,26,11,10]","[33,49,13,127,78,103,8,1,99,9,18,31,76]","[42,85,46,45,48,16,98,0,59,43,38,58,15]","[34,73,54,74,19,44,30,52,21,14,56,51,61]",33678m 8p 567s,1334589m 4p 2278s 5z,14r5m 12233466p 47s,45689m 34r5567p 11s
20260403012529_0402_014,20260403012529_0402,20260403012529,402,1,大やまだ,125,,,1775148192,3481.57,,0,,"[65,92,89,29,22,96,26,11,10]","[33,49,13,127,78,103,8,1,99,9,18,31,76]","[42,85,46,45,48,16,98,0,59,43,38,58,15]","[34,73,54,74,19,44,30,52,21,14,56,51,61]",33678m 8p 567s,1334589m 4p 2278s 5z,14r5m 12233466p 47s,45689m 34r5567p 11s
20260403012529_0402_015,20260403012529_0402,20260403012529,402,2,NAKAl,0,,,1775148194,1642.309,,5,1146.312,"[65,92,89,29,22,96,26,11,10]","[33,49,13,127,78,103,8,1,99,9,18,31,76]","[42,85,46,45,48,16,98,59,43,38,58,15,67]","[34,73,54,74,19,44,30,52,21,14,56,51,61]",33678m 8p 567s,1334589m 4p 2278s 5z,4r5m 122334668p 47s,45689m 34r5567p 11s
20260403012529_0402_016,20260403012529_0402,20260403012529,402,3,くまのプウさん,86,,,1775148195,362.644,,0,,"[65,92,89,29,22,96,26,11,10]","[33,49,13,127,78,103,8,1,99,9,18,31,76]","[42,85,46,45,48,16,98,59,43,38,58,15,67]","[34,73,54,74,19,44,30,52,21,14,56,51,61]",33678m 8p 567s,1334589m 4p 2278s 5z,4r5m 122334668p 47s,45689m 34r5567p 11s
20260403012529_0402_017,20260403012529_0402,20260403012529,402,0,s6u,2,,,1775148200,,,0,,"[65,92,89,29,22,96,26,11,10]","[33,49,13,127,78,103,8,1,99,9,18,31,76]","[42,85,46,45,48,16,98,59,43,38,58,15,67]","[34,73,54,74,19,44,30,52,21,14,56,51,61]",33678m 8p 567s,1334589m 4p 2278s 5z,4r5m 122334668p 47s,45689m 34r5567p 11s
20260403012529_0402_018,20260403012529_0402,20260403012529,402,1,大やまだ,127,,,1775148202,1968.985,,0,,"[65,92,89,29,22,96,26,11,10]","[33,49,13,78,103,8,1,99,9,18,31,76,121]","[42,85,46,45,48,16,98,59,43,38,58,15,67]","[34,73,54,74,19,44,30,52,21,14,56,51,61]",33678m 8p 567s,1334589m 4p 2278s 4z,4r5m 122334668p 47s,45689m 34r5567p 11s
20260403012529_0402_019,20260403012529_0402,20260403012529,402,2,NAKAl,85,,,1775148206,4109.392,,0,,"[65,92,89,29,22,96,26,11,10]","[33,49,13,78,103,8,1,99,9,18,31,76,121]","[42,46,45,48,16,98,59,43,38,58,15,67,57]","[34,73,54,74,19,44,30,52,21,14,56,51,61]",33678m 8p 567s,1334589m 4p 2278s 4z,4r5m 1223346668p 7s,45689m 34r5567p 11s
20260403012529_0402_020,20260403012529_0402,20260403012529,402,3,くまのプウさん,37,,,1775148207,819.042,,0,,"[65,92,89,29,22,96,26,11,10]","[33,49,13,78,103,8,1,99,9,18,31,76,121]","[42,46,45,48,16,98,59,43,38,58,15,67,57]","[34,73,54,74,19,44,30,52,21,14,56,51,61]",33678m 8p 567s,1334589m 4p 2278s 4z,4r5m 1223346668p 7s,45689m 34r5567p 11s
20260403012529_0402_021,20260403012529_0402,20260403012529,402,0,s6u,3,,,1775148209,1919.765,,0,,"[65,92,89,29,22,96,26,11,10]","[33,49,13,78,103,8,1,99,9,18,31,76,121]","[42,46,45,48,16,98,59,43,38,58,15,67,57]","[34,73,54,74,19,44,30,52,21,14,56,51,61]",33678m 8p 567s,1334589m 4p 2278s 4z,4r5m 1223346668p 7s,45689m 34r5567p 11s
20260403012529_0402_022,20260403012529_0402,20260403012529,402,1,大やまだ,1,,,1775148213,4200.423,,0,,"[65,92,89,29,22,96,26,11,10]","[33,49,13,78,103,8,99,9,18,31,76,121,122]","[42,46,45,48,16,98,59,43,38,58,15,67,57]","[34,73,54,74,19,44,30,52,21,14,56,51,61]",33678m 8p 567s,334589m 4p 2278s 44z,4r5m 1223346668p 7s,45689m 34r5567p 11s
20260403012529_0402_023,20260403012529_0402,20260403012529,402,2,NAKAl,98,,,1775148215,1557.106,,0,,"[65,92,89,29,22,96,26,11,10]","[33,49,13,78,103,8,99,9,18,31,76,121,122]","[42,46,45,48,16,59,43,38,58,15,67,57,24]","[34,73,54,74,19,44,30,52,21,14,56,51,61]",33678m 8p 567s,334589m 4p 2278s 44z,4r57m 1223346668p,45689m 34r5567p 11s
20260403012529_0402_024,20260403012529_0402,20260403012529,402,3,くまのプウさん,130,,,1775148215,719.666,,0,,"[65,92,89,29,22,96,26,11,10]","[33,49,13,78,103,8,99,9,18,31,76,121,122]","[42,46,45,48,16,59,43,38,58,15,67,57,24]","[34,73,54,74,19,44,30,52,21,14,56,51,61]",33678m 8p 567s,334589m 4p 2278s 44z,4r57m 1223346668p,45689m 34r5567p 11s
20260403012529_0402_025,20260403012529_0402,20260403012529,402,0,s6u,81,,,1775148221,5136.756,,0,,"[65,92,89,29,22,96,26,11,10]","[33,49,13,78,103,8,99,9,18,31,76,121,122]","[42,46,45,48,16,59,43,38,58,15,67,57,24]","[34,73,54,74,19,44,30,52,21,14,56,51,61]",33678m 8p 567s,334589m 4p 2278s 44z,4r57m 1223346668p,45689m 34r5567p 11s
20260403012529_0402_026,20260403012529_0402,20260403012529,402,1,大やまだ,126,,,1775148223,2222.71,,0,,"[65,92,89,29,22,96,26,11,10]","[33,49,13,78,103,8,99,9,18,31,76,121,122]","[42,46,45,48,16,59,43,38,58,15,67,57,24]","[34,73,54,74,19,44,30,52,21,14,56,51,61]",33678m 8p 567s,334589m 4p 2278s 44z,4r57m 1223346668p,45689m 34r5567p 11s
20260403012529_0402_027,20260403012529_0402,20260403012529,402,2,NAKAl,67,,,1775148230,7485.545,,0,,"[65,92,89,29,22,96,26,11,10]","[33,49,13,78,103,8,99,9,18,31,76,121,122]","[42,46,45,48,16,59,43,38,58,15,57,24,36]","[34,73,54,74,19,44,30,52,21,14,56,51,61]",33678m 8p 567s,334589m 4p 2278s 44z,4r57m 1122334666p,45689m 34r5567p 11s
20260403012529_0402_028,20260403012529_0402,20260403012529,402,0,s6u,32,,,1775148233,771.1,,0,,"[65,92,89,29,22,96,26,11,10]","[33,49,13,78,103,8,99,9,18,31,76,121,122]","[42,46,45,48,16,59,43,38,58,15,57,24,36]","[34,73,54,74,19,44,30,52,21,14,56,51,61]",33678m 8p 567s,334589m 4p 2278s 44z,4r57m 1122334666p,45689m 34r5567p 11s
20260403012529_0402_029,20260403012529_0402,20260403012529,402,1,大やまだ,33,,,1775148236,3022.897,,0,,"[65,92,89,29,22,96,26,11,10]","[49,13,78,103,8,99,9,18,31,76,121,122,40]","[42,46,45,48,16,59,43,38,58,15,57,24,36]","[34,73,54,74,19,44,30,52,21,14,56,51,61]",33678m 8p 567s,33458m 24p 2278s 44z,4r57m 1122334666p,45689m 34r5567p 11s
20260403012529_0402_030,20260403012529_0402,20260403012529,402,2,NAKAl,94,,,1775148239,2465.733,,0,,"[65,92,89,29,22,96,26,11,10]","[49,13,78,103,8,99,9,18,31,76,121,122,40]","[42,46,45,48,16,59,43,38,58,15,57,24,36]","[34,73,54,74,19,44,30,52,21,14,56,51,61]",33678m 8p 567s,33458m 24p 2278s 44z,4r57m 1122334666p,45689m 34r5567p 11s
20260403012529_0402_031,20260403012529_0402,20260403012529,402,3,くまのプウさん,135,,,1775148239,617.86,,0,,"[65,92,89,29,22,96,26,11,10]","[49,13,78,103,8,99,9,18,31,76,121,122,40]","[42,46,45,48,16,59,43,38,58,15,57,24,36]","[34,73,54,74,19,44,30,52,21,14,56,51,61]",33678m 8p 567s,33458m 24p 2278s 44z,4r57m 1122334666p,45689m 34r5567p 11s
20260403012529_0500_000,20260403012529_0500,20260403012529,500,0,s6u,73,,,1775148253,5156.019,,3,1428.573,"[118,119,12,41,44,62,64,18,15,58,108,22,51]","[120,97,101,16,46,31,2,76,102,132,66,83,84]","[1,71,134,47,63,27,103,29,34,65,87,61,49]","[7,57,112,67,72,56,70,107,19,90,133,93,105]",4456m 234678p 133z,1r58m 38p 234788s 47z,1789m 347789p 48s 7z,25m 6689p 15699s 27z
20260403012529_0500_001,20260403012529_0500,20260403012529,500,1,大やまだ,120,,,1775148256,1024.405,,0,,"[118,119,12,41,44,62,64,18,15,58,108,22,51]","[97,101,16,46,31,2,76,102,132,66,83,84,91]","[1,71,134,47,63,27,103,29,34,65,87,61,49]","[7,57,112,67,72,56,70,107,19,90,133,93,105]",4456m 234678p 133z,1r58m 38p 2345788s 7z,1789m 347789p 48s 7z,25m 6689p 15699s 27z
20260403012529_0500_002,20260403012529_0500,20260403012529,500,2,NAKAl,74,,,1775148258,2226.078,,0,,"[118,119,12,41,44,62,64,18,15,58,108,22,51]","[97,101,16,46,31,2,76,102,132,66,83,84,91]","[1,71,134,47,63,27,103,29,34,65,87,61,49]","[7,57,112,67,72,56,70,107,19,90,133,93,105]",4456m 234678p 133z,1r58m 38p 2345788s 7z,1789m 347789p 48s 7z,25m 6689p 15699s 27z
20260403012529_0500_003,20260403012529_0500,20260403012529,500,3,くまのプウさん,72,,,1775148260,1912.385,,0,,"[118,119,12,41,44,62,64,18,15,58,108,22,51]","[97,101,16,46,31,2,76,102,132,66,83,84,91]","[1,71,134,47,63,27,103,29,34,65,87,61,49]","[7,57,112,67,56,70,107,19,90,133,93,105,124]",4456m 234678p 133z,1r58m 38p 2345788s 7z,1789m 347789p 48s 7z,25m 6689p 5699s 257z
20260403012529_0500_004,20260403012529_0500,20260403012529,500,0,s6u,0,,,1775148261,1274.066,,0,,"[118,119,12,41,44,62,64,18,15,58,108,22,51]","[97,101,16,46,31,2,76,102,132,66,83,84,91]","[1,71,134,47,63,27,103,29,34,65,87,61,49]","[7,57,112,67,56,70,107,19,90,133,93,105,124]",4456m 234678p 133z,1r58m 38p 2345788s 7z,1789m 347789p 48s 7z,25m 6689p 5699s 257z
20260403012529_0500_005,20260403012529_0500,20260403012529,500,1,大やまだ,132,,,1775148263,1769.622,,0,,"[118,119,12,41,44,62,64,18,15,58,108,22,51]","[97,101,16,46,31,2,76,102,66,83,84,91,21]","[1,71,134,47,63,27,103,29,34,65,87,61,49]","[7,57,112,67,56,70,107,19,90,133,93,105,124]",4456m 234678p 133z,1r568m 38p 2345788s,1789m 347789p 48s 7z,25m 6689p 5699s 257z
20260403012529_0500_006,20260403012529_0500,20260403012529,500,2,NAKAl,1,,,1775148266,3470.107,,0,,"[118,119,12,41,44,62,64,18,15,58,108,22,51]","[97,101,16,46,31,2,76,102,66,83,84,91,21]","[71,134,47,63,27,103,29,34,65,87,61,49,109]","[7,57,112,67,56,70,107,19,90,133,93,105,124]",4456m 234678p 133z,1r568m 38p 2345788s,789m 347789p 48s 17z,25m 6689p 5699s 257z
20260403012529_0500_007,20260403012529_0500,20260403012529,500,3,くまのプウさん,7,,,1775148268,1844.1,,0,,"[118,119,12,41,44,62,64,18,15,58,108,22,51]","[97,101,16,46,31,2,76,102,66,83,84,91,21]","[71,134,47,63,27,103,29,34,65,87,61,49,109]","[57,112,67,56,70,107,19,90,133,93,105,124,100]",4456m 234678p 133z,1r568m 38p 2345788s,789m 347789p 48s 17z,5m 6689p 56899s 257z
20260403012529_0500_008,20260403012529_0500,20260403012529,500,0,s6u,104,,,1775148270,1680.651,,3,1196.5,"[118,119,12,41,44,62,64,18,15,58,108,22,51]","[97,101,16,46,31,2,76,102,66,83,84,91,21]","[71,134,47,63,27,103,29,34,65,87,61,49,109]","[57,112,67,56,70,107,19,90,133,93,105,124,100]",4456m 234678p 133z,1r568m 38p 2345788s,789m 347789p 48s 17z,5m 6689p 56899s 257z
20260403012529_0500_009,20260403012529_0500,20260403012529,500,1,大やまだ,2,,,1775148272,1317.299,,0,,"[118,119,12,41,44,62,64,18,15,58,108,22,51]","[97,101,16,46,31,76,102,66,83,84,91,21,69]","[71,134,47,63,27,103,29,34,65,87,61,49,109]","[57,112,67,56,70,107,19,90,133,93,105,124,100]",4456m 234678p 133z,r568m 389p 2345788s,789m 347789p 48s 17z,5m 6689p 56899s 257z
20260403012529_0500_010,20260403012529_0500,20260403012529,500,2,NAKAl,134,,,1775148274,1340.749,,0,,"[118,119,12,41,44,62,64,18,15,58,108,22,51]","[97,101,16,46,31,76,102,66,83,84,91,21,69]","[71,47,63,27,103,29,34,65,87,61,49,109,106]","[57,112,67,56,70,107,19,90,133,93,105,124,100]",4456m 234678p 133z,r568m 389p 2345788s,789m 347789p 489s 1z,5m 6689p 56899s 257z
20260403012529_0500_011,20260403012529_0500,20260403012529,500,3,くまのプウさん,133,,,1775148276,2055.71,,0,,"[118,119,12,41,44,62,64,18,15,58,108,22,51]","[97,101,16,46,31,76,102,66,83,84,91,21,69]","[71,47,63,27,103,29,34,65,87,61,49,109,106]","[57,112,67,56,70,107,19,90,93,105,124,100,131]",4456m 234678p 133z,r568m 389p 2345788s,789m 347789p 489s 1z,5m 6689p 56899s 256z
20260403012529_0500_012,20260403012529_0500,20260403012529,500,0,s6u,75,,,1775148278,2632.748,,3,1280.026,"[118,119,12,41,44,62,64,18,15,58,108,22,51]","[97,101,16,46,31,76,102,66,83,84,91,21,69]","[71,47,63,27,103,29,34,65,87,61,49,109,106]","[57,112,67,56,70,107,19,90,93,105,124,100,131]",4456m 234678p 133z,r568m 389p 2345788s,789m 347789p 489s 1z,5m 6689p 56899s 256z
20260403012529_0500_013,20260403012529_0500,20260403012529,500,1,大やまだ,69,,,1775148283,3343.556,,5,1129.966,"[118,119,12,41,44,62,64,18,15,58,108,22,51]","[97,101,16,46,31,76,102,66,83,84,91,21,30]","[71,47,63,27,103,29,34,65,87,61,49,109,106]","[57,112,67,56,70,107,19,90,93,105,124,100,131]",4456m 234678p 133z,r5688m 38p 2345788s,789m 347789p 489s 1z,5m 6689p 56899s 256z
20260403012529_0500_014,20260403012529_0500,20260403012529,500,2,NAKAl,87,,,1775148287,3282.378,,3,232.493,"[118,119,12,41,44,62,64,18,15,58,108,22,51]","[97,101,16,46,31,76,102,66,83,84,91,21,30]","[71,47,63,27,103,29,34,65,61,49,109,106,24]","[57,112,67,56,70,107,19,90,93,105,124,100,131]",4456m 234678p 133z,r5688m 38p 2345788s,7789m 347789p 89s 1z,5m 6689p 56899s 256z
20260403012529_0500_015,20260403012529_0500,20260403012529,500,3,くまのプウさん,42,,,1775148289,1605.418,,3,208.69,"[118,119,12,41,44,62,64,18,15,58,108,22,51]","[97,101,16,46,31,76,102,66,83,84,91,21,30]","[71,47,63,27,103,29,34,65,61,49,109,106,24]","[57,112,67,56,70,107,19,90,93,105,124,100,131]",4456m 234678p 133z,r5688m 38p 2345788s,7789m 347789p 89s 1z,5m 6689p 56899s 256z
20260403012529_0500_016,20260403012529_0500,20260403012529,500,0,s6u,33,,,1775148291,1212.647,,0,,"[118,119,12,41,44,62,64,18,15,58,108,22,51]","[97,101,16,46,31,76,102,66,83,84,91,21,30]","[71,47,63,27,103,29,34,65,61,49,109,106,24]","[57,112,67,56,70,107,19,90,93,105,124,100,131]",4456m 234678p 133z,r5688m 38p 2345788s,7789m 347789p 89s 1z,5m 6689p 56899s 256z
20260403012529_0500_017,20260403012529_0500,20260403012529,500,1,大やまだ,66,,,1775148293,1954.029,,5,2159.464,"[118,119,12,41,44,62,64,18,15,58,108,22,51]","[97,101,16,46,31,76,102,83,84,91,21,30,79]","[71,47,63,27,103,29,34,65,61,49,109,106,24]","[57,112,67,56,70,107,19,90,93,105,124,100,131]",4456m 234678p 133z,r5688m 3p 22345788s,7789m 347789p 89s 1z,5m 6689p 56899s 256z
20260403012529_0500_018,20260403012529_0500,20260403012529,500,2,NAKAl,63,,,1775148297,1741.78,,5,199.669,"[118,119,12,41,44,62,64,18,15,58,108,22,51]","[97,101,16,46,31,76,102,83,84,91,21,30,79]","[71,47,27,103,29,34,65,61,49,109,106,24,36]","[57,112,67,56,70,107,19,90,93,105,124,100,131]",4456m 234678p 133z,r5688m 3p 22345788s,7789m 134789p 89s 1z,5m 6689p 56899s 256z
20260403012529_0500_019,20260403012529_0500,20260403012529,500,3,くまのプウさん,116,,,1775148298,1411.957,,3,217.169,"[118,119,12,41,44,62,64,18,15,58,108,22,51]","[97,101,16,46,31,76,102,83,84,91,21,30,79]","[71,47,27,103,29,34,65,61,49,109,106,24,36]","[57,112,67,56,70,107,19,90,93,105,124,100,131]",4456m 234678p 133z,r5688m 3p 22345788s,7789m 134789p 89s 1z,5m 6689p 56899s 256z
20260403012529_0500_020,20260403012529_0500,20260403012529,500,0,s6u,37,,,1775148304,5778.676,,0,,"[118,119,12,41,44,62,64,18,15,58,108,22,51]","[97,101,16,46,31,76,102,83,84,91,21,30,79]","[71,47,27,103,29,34,65,61,49,109,106,24,36]","[57,112,67,56,70,107,19,90,93,105,124,100,131]",4456m 234678p 133z,r5688m 3p 22345788s,7789m 134789p 89s 1z,5m 6689p 56899s 256z
20260403012529_0500_021,20260403012529_0500,20260403012529,500,1,大やまだ,46,,,1775148310,5595.022,,0,,"[118,119,12,41,44,62,64,18,15,58,108,22,51]","[97,101,16,31,76,102,83,84,91,21,30,79,55]","[71,47,27,103,29,34,65,61,49,109,106,24,36]","[57,112,67,56,70,107,19,90,93,105,124,100,131]",4456m 234678p 133z,r5688m 5p 22345788s,7789m 134789p 89s 1z,5m 6689p 56899s 256z
20260403012529_0500_022,20260403012529_0500,20260403012529,500,2,NAKAl,61,,,1775148312,2243.09,,5,211.695,"[118,119,12,41,44,62,64,18,15,58,108,22,51]","[97,101,16,31,76,102,83,84,91,21,30,79,55]","[71,47,27,103,29,34,65,49,109,106,24,36,60]","[57,112,67,56,70,107,19,90,93,105,124,100,131]",4456m 234678p 133z,r5688m 5p 22345788s,7789m 134789p 89s 1z,5m 6689p 56899s 256z
20260403012529_0500_023,20260403012529_0500,20260403012529,500,3,くまのプウさん,78,,,1775148316,3285.292,,0,,"[118,119,12,41,44,62,64,18,15,58,108,22,51]","[97,101,16,31,76,102,83,84,91,21,30,79,55]","[71,47,27,103,29,34,65,49,109,106,24,36,60]","[57,112,67,56,70,107,19,90,93,105,124,100,131]",4456m 234678p 133z,r5688m 5p 22345788s,7789m 134789p 89s 1z,5m 6689p 56899s 256z
20260403012529_0500_024,20260403012529_0500,20260403012529,500,1,大やまだ,55,,,1775148318,679.009,,3,1366.371,"[118,119,12,41,44,62,64,18,15,58,108,22,51]","[97,101,16,31,102,83,84,91,21,30,79]","[71,47,27,103,29,34,65,49,109,106,24,36,60]","[57,112,67,56,70,107,19,90,93,105,124,100,131]",4456m 234678p 133z,r5688m 2345788s,7789m 134789p 89s 1z,5m 6689p 56899s 256z
20260403012529_0500_025,20260403012529_0500,20260403012529,500,2,NAKAl,82,,,1775148321,2016.124,,0,,"[118,119,12,41,44,62,64,18,15,58,108,22,51]","[97,101,16,31,102,83,84,91,21,30,79]","[71,47,27,103,29,34,65,49,109,106,24,36,60]","[57,112,67,56,70,107,19,90,93,105,124,100,131]",4456m 234678p 133z,r5688m 2345788s,7789m 134789p 89s 1z,5m 6689p 56899s 256z
20260403012529_0500_026,20260403012529_0500,20260403012529,500,3,くまのプウさん,70,,,1775148323,1766.767,,5,217.278,"[118,119,12,41,44,62,64,18,15,58,108,22,51]","[97,101,16,31,102,83,84,91,21,30,79]","[71,47,27,103,29,34,65,49,109,106,24,36,60]","[57,112,67,56,107,19,90,93,105,124,100,131,8]",4456m 234678p 133z,r5688m 2345788s,7789m 134789p 89s 1z,35m 668p 56899s 256z
20260403012529_0500_027,20260403012529_0500,20260403012529,500,0,s6u,125,,,1775148326,3435.647,,0,,"[118,119,12,41,44,62,64,18,15,58,108,22,51]","[97,101,16,31,102,83,84,91,21,30,79]","[71,47,27,103,29,34,65,49,109,106,24,36,60]","[57,112,67,56,107,19,90,93,105,124,100,131,8]",4456m 234678p 133z,r5688m 2345788s,7789m 134789p 89s 1z,35m 668p 56899s 256z
20260403012529_0500_028,20260403012529_0500,20260403012529,500,1,大やまだ,110,,,1775148328,1797.941,,0,,"[118,119,12,41,44,62,64,18,15,58,108,22,51]","[97,101,16,31,102,83,84,91,21,30,79]","[71,47,27,103,29,34,65,49,109,106,24,36,60]","[57,112,67,56,107,19,90,93,105,124,100,131,8]",4456m 234678p 133z,r5688m 2345788s,7789m 134789p 89s 1z,35m 668p 56899s 256z
20260403012529_0500_029,20260403012529_0500,20260403012529,500,2,NAKAl,24,,,1775148331,2645.763,,0,,"[118,119,12,41,44,62,64,18,15,58,108,22,51]","[97,101,16,31,102,83,84,91,21,30,79]","[71,47,27,103,29,34,65,49,109,106,36,60,53]","[57,112,67,56,107,19,90,93,105,124,100,131,8]",4456m 234678p 133z,r5688m 2345788s,789m 1345789p 89s 1z,35m 668p 56899s 256z
20260403012529_0500_030,20260403012529_0500,20260403012529,500,3,くまのプウさん,67,,,1775148334,2672.202,,0,,"[118,119,12,41,44,62,64,18,15,58,108,22,51]","[97,101,16,31,102,83,84,91,21,30,79]","[71,47,27,103,29,34,65,49,109,106,36,60,53]","[57,112,56,107,19,90,93,105,124,100,131,8,6]",4456m 234678p 133z,r5688m 2345788s,789m 1345789p 89s 1z,235m 66p 56899s 256z
20260403012529_0500_031,20260403012529_0500,20260403012529,500,0,s6u,96,,,1775148339,5525.686,,0,,"[118,119,12,41,44,62,64,18,15,58,108,22,51]","[97,101,16,31,102,83,84,91,21,30,79]","[71,47,27,103,29,34,65,49,109,106,36,60,53]","[57,112,56,107,19,90,93,105,124,100,131,8,6]",4456m 234678p 133z,r5688m 2345788s,789m 1345789p 89s 1z,235m 66p 56899s 256z
20260403012529_0500_032,20260403012529_0500,20260403012529,500,1,大やまだ,10,,,1775148342,2859.154,,0,,"[118,119,12,41,44,62,64,18,15,58,108,22,51]","[97,101,16,31,102,83,84,91,21,30,79]","[71,47,27,103,29,34,65,49,109,106,36,60,53]","[57,112,56,107,19,90,93,105,124,100,131,8,6]",4456m 234678p 133z,r5688m 2345788s,789m 1345789p 89s 1z,235m 66p 56899s 256z
20260403012529_0500_033,20260403012529_0500,20260403012529,500,2,NAKAl,36,,,1775148347,4620.009,,0,,"[118,119,12,41,44,62,64,18,15,58,108,22,51]","[97,101,16,31,102,83,84,91,21,30,79]","[71,47,27,103,29,34,65,49,109,106,60,53,52]","[57,112,56,107,19,90,93,105,124,100,131,8,6]",4456m 234678p 133z,r5688m 2345788s,789m 34r55789p 89s 1z,235m 66p 56899s 256z
20260403012529_0500_034,20260403012529_0500,20260403012529,500,3,くまのプウさん,8,,,1775148349,2550.377,,3,232.363,"[118,119,12,41,44,62,64,18,15,58,108,22,51]","[97,101,16,31,102,83,84,91,21,30,79]","[71,47,27,103,29,34,65,49,109,106,60,53,52]","[57,112,56,107,19,90,93,105,124,100,131,6,121]",4456m 234678p 133z,r5688m 2345788s,789m 34r55789p 89s 1z,25m 66p 56899s 2456z
20260403012529_0500_035,20260403012529_0500,20260403012529,500,0,s6u,85,,,1775148351,1478.66,,3,1618.459,"[118,119,12,41,44,62,64,18,15,58,108,22,51]","[97,101,16,31,102,83,84,91,21,30,79]","[71,47,27,103,29,34,65,49,109,106,60,53,52]","[57,112,56,107,19,90,93,105,124,100,131,6,121]",4456m 234678p 133z,r5688m 2345788s,789m 34r55789p 89s 1z,25m 66p 56899s 2456z
20260403012529_0500_036,20260403012529_0500,20260403012529,500,1,大やまだ,39,,,1775148354,1117.483,,0,,"[118,119,12,41,44,62,64,18,15,58,108,22,51]","[97,101,16,31,102,83,84,91,21,30,79]","[71,47,27,103,29,34,65,49,109,106,60,53,52]","[57,112,56,107,19,90,93,105,124,100,131,6,121]",4456m 234678p 133z,r5688m 2345788s,789m 34r55789p 89s 1z,25m 66p 56899s 2456z
20260403012529_0500_037,20260403012529_0500,20260403012529,500,2,NAKAl,126,,,1775148355,1501.661,,0,,"[118,119,12,41,44,62,64,18,15,58,108,22,51]","[97,101,16,31,102,83,84,91,21,30,79]","[71,47,27,103,29,34,65,49,109,106,60,53,52]","[57,112,56,107,19,90,93,105,124,100,131,6,121]",4456m 234678p 133z,r5688m 2345788s,789m 34r55789p 89s 1z,25m 66p 56899s 2456z
20260403012529_0500_038,20260403012529_0500,20260403012529,500,3,くまのプウさん,56,,,1775148358,2753.993,,5,244.069,"[118,119,12,41,44,62,64,18,15,58,108,22,51]","[97,101,16,31,102,83,84,91,21,30,79]","[71,47,27,103,29,34,65,49,109,106,60,53,52]","[57,112,107,19,90,93,105,124,100,131,6,121,25]",4456m 234678p 133z,r5688m 2345788s,789m 34r55789p 89s 1z,257m 6p 56899s 2456z
20260403012529_0500_039,20260403012529_0500,20260403012529,500,0,s6u,40,,,1775148360,1851.163,,0,,"[118,119,12,41,44,62,64,18,15,58,108,22,51]","[97,101,16,31,102,83,84,91,21,30,79]","[71,47,27,103,29,34,65,49,109,106,60,53,52]","[57,112,107,19,90,93,105,124,100,131,6,121,25]",4456m 234678p 133z,r5688m 2345788s,789m 34r55789p 89s 1z,257m 6p 56899s 2456z
20260403012529_0500_040,20260403012529_0500,20260403012529,500,1,大やまだ,48,,,1775148363,2718.747,,3,1337.978,"[118,119,12,41,44,62,64,18,15,58,108,22,51]","[97,101,16,31,102,83,84,91,21,30,79]","[71,47,27,103,29,34,65,49,109,106,60,53,52]","[57,112,107,19,90,93,105,124,100,131,6,121,25]",4456m 234678p 133z,r5688m 2345788s,789m 34r55789p 89s 1z,257m 6p 56899s 2456z
20260403012529_0500_041,20260403012529_0500,20260403012529,500,2,NAKAl,17,,,1775148365,1336.865,,0,,"[118,119,12,41,44,62,64,18,15,58,108,22,51]","[97,101,16,31,102,83,84,91,21,30,79]","[71,47,27,103,29,34,65,49,109,106,60,53,52]","[57,112,107,19,90,93,105,124,100,131,6,121,25]",4456m 234678p 133z,r5688m 2345788s,789m 34r55789p 89s 1z,257m 6p 56899s 2456z
20260403012529_0500_042,20260403012529_0500,20260403012529,500,3,くまのプウさん,57,,,1775148367,1525.666,,5,221.646,"[118,119,12,41,44,62,64,18,15,58,108,22,51]","[97,101,16,31,102,83,84,91,21,30,79]","[71,47,27,103,29,34,65,49,109,106,60,53,52]","[112,107,19,90,93,105,124,100,131,6,121,25,4]",4456m 234678p 133z,r5688m 2345788s,789m 34r55789p 89s 1z,2257m 56899s 2456z
20260403012529_0500_043,20260403012529_0500,20260403012529,500,0,s6u,123,,,1775148371,4066.53,,0,,"[118,119,12,41,44,62,64,18,15,58,108,22,51]","[97,101,16,31,102,83,84,91,21,30,79]","[71,47,27,103,29,34,65,49,109,106,60,53,52]","[112,107,19,90,93,105,124,100,131,6,121,25,4]",4456m 234678p 133z,r5688m 2345788s,789m 34r55789p 89s 1z,2257m 56899s 2456z
20260403012529_0500_044,20260403012529_0500,20260403012529,500,1,大やまだ,130,,,1775148373,1673.958,,0,,"[118,119,12,41,44,62,64,18,15,58,108,22,51]","[97,101,16,31,102,83,84,91,21,30,79]","[71,47,27,103,29,34,65,49,109,106,60,53,52]","[112,107,19,90,93,105,124,100,131,6,121,25,4]",4456m 234678p 133z,r5688m 2345788s,789m 34r55789p 89s 1z,2257m 56899s 2456z
20260403012529_0500_045,20260403012529_0500,20260403012529,500,2,NAKAl,11,,,1775148375,1723.353,,0,,"[118,119,12,41,44,62,64,18,15,58,108,22,51]","[97,101,16,31,102,83,84,91,21,30,79]","[71,47,27,103,29,34,65,49,109,106,60,53,52]","[112,107,19,90,93,105,124,100,131,6,121,25,4]",4456m 234678p 133z,r5688m 2345788s,789m 34r55789p 89s 1z,2257m 56899s 2456z
20260403012529_0500_046,20260403012529_0500,20260403012529,500,3,くまのプウさん,19,,,1775148376,1736.703,,3,232.485,"[118,119,12,41,44,62,64,18,15,58,108,22,51]","[97,101,16,31,102,83,84,91,21,30,79]","[71,47,27,103,29,34,65,49,109,106,60,53,52]","[112,107,90,93,105,124,100,131,6,121,25,4,89]",4456m 234678p 133z,r5688m 2345788s,789m 34r55789p 89s 1z,227m 556899s 2456z
20260403012529_0500_047,20260403012529_0500,20260403012529,500,0,s6u,115,,,1775148378,1588.385,,0,,"[118,119,12,41,44,62,64,18,15,58,108,22,51]","[97,101,16,31,102,83,84,91,21,30,79]","[71,47,27,103,29,34,65,49,109,106,60,53,52]","[112,107,90,93,105,124,100,131,6,121,25,4,89]",4456m 234678p 133z,r5688m 2345788s,789m 34r55789p 89s 1z,227m 556899s 2456z
20260403012529_0500_048,20260403012529_0500,20260403012529,500,1,大やまだ,101,,,1775148381,2590.574,,0,,"[118,119,12,41,44,62,64,18,15,58,108,22,51]","[97,16,31,102,83,84,91,21,30,79,92]","[71,47,27,103,29,34,65,49,109,106,60,53,52]","[112,107,90,93,105,124,100,131,6,121,25,4,89]",4456m 234678p 133z,r5688m 2345678s,789m 34r55789p 89s 1z,227m 556899s 2456z
20260403012529_0500_049,20260403012529_0500,20260403012529,500,2,NAKAl,5,,,1775148383,2045.324,,3,206.659,"[118,119,12,41,44,62,64,18,15,58,108,22,51]","[97,16,31,102,83,84,91,21,30,79,92]","[71,47,27,103,29,34,65,49,109,106,60,53,52]","[112,107,90,93,105,124,100,131,6,121,25,4,89]",4456m 234678p 133z,r5688m 2345678s,789m 34r55789p 89s 1z,227m 556899s 2456z
20260403012529_0500_050,20260403012529_0500,20260403012529,500,3,くまのプウさん,4,,,1775148384,1320.222,,5,210.299,"[118,119,12,41,44,62,64,18,15,58,108,22,51]","[97,16,31,102,83,84,91,21,30,79,92]","[71,47,27,103,29,34,65,49,109,106,60,53,52]","[112,107,90,93,105,124,100,131,6,121,25,89,86]",4456m 234678p 133z,r5688m 2345678s,789m 34r55789p 89s 1z,27m 4556899s 2456z
20260403012529_0500_051,20260403012529_0500,20260403012529,500,0,s6u,9,,,1775148395,10434.794,,0,,"[118,119,12,41,44,62,64,18,15,58,108,22,51]","[97,16,31,102,83,84,91,21,30,79,92]","[71,47,27,103,29,34,65,49,109,106,60,53,52]","[112,107,90,93,105,124,100,131,6,121,25,89,86]",4456m 234678p 133z,r5688m 2345678s,789m 34r55789p 89s 1z,27m 4556899s 2456z
20260403012529_0500_052,20260403012529_0500,20260403012529,500,1,大やまだ,83,,,1775148405,9631.695,,0,,"[118,119,12,41,44,62,64,18,15,58,108,22,51]","[97,16,31,102,84,91,21,30,79,92,94]","[71,47,27,103,29,34,65,49,109,106,60,53,52]","[112,107,90,93,105,124,100,131,6,121,25,89,86]",4456m 234678p 133z,r5688m 2456678s,789m 34r55789p 89s 1z,27m 4556899s 2456z
20260403012529_0500_053,20260403012529_0500,20260403012529,500,2,NAKAl,28,,,1775148407,2162.531,,3,1324.478,"[118,119,12,41,44,62,64,18,15,58,108,22,51]","[97,16,31,102,84,91,21,30,79,92,94]","[71,47,27,103,29,34,65,49,109,106,60,53,52]","[112,107,90,93,105,124,100,131,6,121,25,89,86]",4456m 234678p 133z,r5688m 2456678s,789m 34r55789p 89s 1z,27m 4556899s 2456z
20260403012529_0500_054,20260403012529_0500,20260403012529,500,3,くまのプウさん,6,,,1775148409,1323.942,,0,,"[118,119,12,41,44,62,64,18,15,58,108,22,51]","[97,16,31,102,84,91,21,30,79,92,94]","[71,47,27,103,29,34,65,49,109,106,60,53,52]","[112,107,90,93,105,124,100,131,121,25,89,86,35]",4456m 234678p 133z,r5688m 2456678s,789m 34r55789p 89s 1z,79m 4556899s 2456z
20260403012529_0500_055,20260403012529_0500,20260403012529,500,0,s6u,80,,,1775148411,2014.001,,3,1377.074,"[118,119,12,41,44,62,64,18,15,58,108,22,51]","[97,16,31,102,84,91,21,30,79,92,94]","[71,47,27,103,29,34,65,49,109,106,60,53,52]","[112,107,90,93,105,124,100,131,121,25,89,86,35]",4456m 234678p 133z,r5688m 2456678s,789m 34r55789p 89s 1z,79m 4556899s 2456z
20260403012529_0500_056,20260403012529_0500,20260403012529,500,1,大やまだ,59,,,1775148414,1530.966,,3,1335.127,"[118,119,12,41,44,62,64,18,15,58,108,22,51]","[97,16,31,102,84,91,21,30,79,92,94]","[71,47,27,103,29,34,65,49,109,106,60,53,52]","[112,107,90,93,105,124,100,131,121,25,89,86,35]",4456m 234678p 133z,r5688m 2456678s,789m 34r55789p 89s 1z,79m 4556899s 2456z
20260403012529_0500_057,20260403012529_0500,20260403012529,500,2,NAKAl,53,,,1775148418,2455.051,,0,,"[118,119,12,41,44,62,64,18,15,58,108,22,51]","[97,16,31,102,84,91,21,30,79,92,94]","[71,47,27,103,29,34,65,49,109,106,60,52,99]","[112,107,90,93,105,124,100,131,121,25,89,86,35]",4456m 234678p 133z,r5688m 2456678s,789m 34r5789p 789s 1z,79m 4556899s 2456z
20260403012529_0500_058,20260403012529_0500,20260403012529,500,3,くまのプウさん,124,,,1775148420,1636.837,,0,,"[118,119,12,41,44,62,64,18,15,58,108,22,51]","[97,16,31,102,84,91,21,30,79,92,94]","[71,47,27,103,29,34,65,49,109,106,60,52,99]","[112,107,90,93,105,100,131,121,25,89,86,35,50]",4456m 234678p 133z,r5688m 2456678s,789m 34r5789p 789s 1z,79m 4p 4556899s 246z
20260403012529_0500_059,20260403012529_0500,20260403012529,500,0,s6u,68,,,1775148423,3150.308,,0,,"[118,119,12,41,44,62,64,18,15,58,108,22,51]","[97,16,31,102,84,91,21,30,79,92,94]","[71,47,27,103,29,34,65,49,109,106,60,52,99]","[112,107,90,93,105,100,131,121,25,89,86,35,50]",4456m 234678p 133z,r5688m 2456678s,789m 34r5789p 789s 1z,79m 4p 4556899s 246z
20260403012529_0500_060,20260403012529_0500,20260403012529,500,1,大やまだ,81,,,1775148425,2181.276,,5,2040.76,"[118,119,12,41,44,62,64,18,15,58,108,22,51]","[97,16,31,102,84,91,21,30,79,92,94]","[71,47,27,103,29,34,65,49,109,106,60,52,99]","[112,107,90,93,105,100,131,121,25,89,86,35,50]",4456m 234678p 133z,r5688m 2456678s,789m 34r5789p 789s 1z,79m 4p 4556899s 246z
20260403012529_0500_061,20260403012529_0500,20260403012529,500,2,NAKAl,129,,,1775148428,1170.384,,0,,"[118,119,12,41,44,62,64,18,15,58,108,22,51]","[97,16,31,102,84,91,21,30,79,92,94]","[71,47,27,103,29,34,65,49,109,106,60,52,99]","[112,107,90,93,105,100,131,121,25,89,86,35,50]",4456m 234678p 133z,r5688m 2456678s,789m 34r5789p 789s 1z,79m 4p 4556899s 246z
20260403012529_0500_062,20260403012529_0500,20260403012529,500,3,くまのプウさん,131,,,1775148430,1388.045,,0,,"[118,119,12,41,44,62,64,18,15,58,108,22,51]","[97,16,31,102,84,91,21,30,79,92,94]","[71,47,27,103,29,34,65,49,109,106,60,52,99]","[112,107,90,93,105,100,121,25,89,86,35,50,95]",4456m 234678p 133z,r5688m 2456678s,789m 34r5789p 789s 1z,79m 4p 45566899s 24z
20260403012529_0500_063,20260403012529_0500,20260403012529,500,0,s6u,32,,,1775148432,2483.494,,0,,"[118,119,12,41,44,62,64,18,15,58,108,22,51]","[97,16,31,102,84,91,21,30,79,92,94]","[71,47,27,103,29,34,65,49,109,106,60,52,99]","[112,107,90,93,105,100,121,25,89,86,35,50,95]",4456m 234678p 133z,r5688m 2456678s,789m 34r5789p 789s 1z,79m 4p 45566899s 24z
20260403012529_0500_064,20260403012529_0500,20260403012529,500,1,大やまだ,84,,,1775148439,7249.465,,0,,"[118,119,12,41,44,62,64,18,15,58,108,22,51]","[97,16,31,102,91,21,30,79,92,94,98]","[71,47,27,103,29,34,65,49,109,106,60,52,99]","[112,107,90,93,105,100,121,25,89,86,35,50,95]",4456m 234678p 133z,r5688m 2566778s,789m 34r5789p 789s 1z,79m 4p 45566899s 24z
20260403012529_0500_065,20260403012529_0500,20260403012529,500,2,NAKAl,88,,,1775148441,1740.277,,3,5331.488,"[118,119,12,41,44,62,64,18,15,58,108,22,51]","[97,16,31,102,91,21,30,79,92,94,98]","[71,47,27,103,29,34,65,49,109,106,60,52,99]","[112,107,90,93,105,100,121,25,89,86,35,50,95]",4456m 234678p 133z,r5688m 2566778s,789m 34r5789p 789s 1z,79m 4p 45566899s 24z
20260403012529_0500_066,20260403012529_0500,20260403012529,500,3,くまのプウさん,89,,,1775148453,6747.117,,0,,"[118,119,12,41,44,62,64,18,15,58,108,22,51]","[97,16,31,102,91,21,30,79,92,94,98]","[71,47,27,103,29,34,65,49,109,106,60,52,99]","[112,107,90,93,105,100,121,25,86,35,50,95,23]",4456m 234678p 133z,r5688m 2566778s,789m 34r5789p 789s 1z,679m 4p 4566899s 24z
20260403012529_0500_067,20260403012529_0500,20260403012529,500,0,s6u,38,,,1775148456,2651.565,,0,,"[118,119,12,41,44,62,64,18,15,58,108,22,51]","[97,16,31,102,91,21,30,79,92,94,98]","[71,47,27,103,29,34,65,49,109,106,60,52,99]","[112,107,90,93,105,100,121,25,86,35,50,95,23]",4456m 234678p 133z,r5688m 2566778s,789m 34r5789p 789s 1z,679m 4p 4566899s 24z
20260403012529_0500_068,20260403012529_0500,20260403012529,500,1,大やまだ,3,,,1775148468,1844.1,,0,,"[118,119,12,41,44,62,64,18,15,58,108,22,51]","[97,16,31,102,91,21,30,79,92,94,98]","[71,47,27,103,29,34,65,49,109,106,60,52,99]","[112,107,90,93,105,100,121,25,86,35,50,95,23]",4456m 234678p 133z,r5688m 2566778s,789m 34r5789p 789s 1z,679m 4p 4566899s 24z
20260403012529_0500_069,20260403012529_0500,20260403012529,500,2,NAKAl,117,,,1775148470,1732.755,,0,,"[118,119,12,41,44,62,64,18,15,58,108,22,51]","[97,16,31,102,91,21,30,79,92,94,98]","[71,47,27,103,29,34,65,49,109,106,60,52,99]","[112,107,90,93,105,100,121,25,86,35,50,95,23]",4456m 234678p 133z,r5688m 2566778s,789m 34r5789p 789s 1z,679m 4p 4566899s 24z
20260403012529_0601_000,20260403012529_0601,20260403012529,601,1,大やまだ,105,,,1775148486,7858.818,,0,,"[73,91,65,51,57,32,72,50,63,49,93,29,84]","[69,67,114,11,14,22,66,112,12,38,24,82,53]","[97,135,109,15,21,23,127,113,129,8,133,75,79]","[26,125,6,55,9,85,99,116,47,134,64,94,117]",89m 444678p 11456s,34467m 15889p 3s 22z,3466m 127s 125677z,237m 358p 467s 3357z
20260403012529_0601_001,20260403012529_0601,20260403012529,601,2,NAKAl,109,,,1775148487,1628.303,,0,,"[73,91,65,51,57,32,72,50,63,49,93,29,84]","[69,67,114,11,14,22,66,112,12,38,24,82,53]","[97,135,15,21,23,127,113,129,8,133,75,79,43]","[26,125,6,55,9,85,99,116,47,134,64,94,117]",89m 444678p 11456s,34467m 15889p 3s 22z,3466m 2p 127s 25677z,237m 358p 467s 3357z
20260403012529_0601_002,20260403012529_0601,20260403012529,601,3,くまのプウさん,134,,,1775148490,2592.812,,0,,"[73,91,65,51,57,32,72,50,63,49,93,29,84]","[69,67,114,11,14,22,66,112,12,38,24,82,53]","[97,135,15,21,23,127,113,129,8,133,75,79,43]","[26,125,6,55,9,85,99,116,47,64,94,117,44]",89m 444678p 11456s,34467m 15889p 3s 22z,3466m 2p 127s 25677z,237m 3358p 467s 335z
20260403012529_0601_003,20260403012529_0601,20260403012529,601,2,NAKAl,129,,,1775148491,,,0,,"[73,91,65,51,57,32,72,50,63,49,93,29,84]","[69,67,114,11,14,22,66,112,12,38,24,82,53]","[97,15,21,23,127,113,8,75,79,43]","[26,125,6,55,9,85,99,116,47,64,94,117,44]",89m 444678p 11456s,34467m 15889p 3s 22z,3466m 2p 127s 25z,237m 3358p 467s 335z
20260403012529_0601_004,20260403012529_0601,20260403012529,601,3,くまのプウさん,125,,,1775148493,1304.563,,0,,"[73,91,65,51,57,32,72,50,63,49,93,29,84]","[69,67,114,11,14,22,66,112,12,38,24,82,53]","[97,15,21,23,127,113,8,75,79,43]","[26,6,55,9,85,99,116,47,64,94,117,44,80]",89m 444678p 11456s,34467m 15889p 3s 22z,3466m 2p 127s 25z,237m 3358p 3467s 33z
20260403012529_0601_005,20260403012529_0601,20260403012529,601,0,s6u,118,,,1775148494,1368.863,,0,,"[73,91,65,51,57,32,72,50,63,49,93,29,84]","[69,67,114,11,14,22,66,112,12,38,24,82,53]","[97,15,21,23,127,113,8,75,79,43]","[26,6,55,9,85,99,116,47,64,94,117,44,80]",89m 444678p 11456s,34467m 15889p 3s 22z,3466m 2p 127s 25z,237m 3358p 3467s 33z
20260403012529_0601_006,20260403012529_0601,20260403012529,601,3,くまのプウさん,64,,,1775148496,,,3,2511.393,"[73,91,65,51,57,32,72,50,63,49,93,29,84]","[69,67,114,11,14,22,66,112,12,38,24,82,53]","[97,15,21,23,127,113,8,75,79,43]","[26,6,55,9,85,99,47,94,44,80]",89m 444678p 11456s,34467m 15889p 3s 22z,3466m 2p 127s 25z,237m 335p 3467s
20260403012529_0601_007,20260403012529_0601,20260403012529,601,0,s6u,37,,,1775148501,1640.981,,0,,"[73,91,65,51,57,32,72,50,63,49,93,29,84]","[69,67,114,11,14,22,66,112,12,38,24,82,53]","[97,15,21,23,127,113,8,75,79,43]","[26,6,55,9,85,99,47,94,44,80]",89m 444678p 11456s,34467m 15889p 3s 22z,3466m 2p 127s 25z,237m 335p 3467s
20260403012529_0601_008,20260403012529_0601,20260403012529,601,1,大やまだ,38,,,1775148502,1841.558,,0,,"[73,91,65,51,57,32,72,50,63,49,93,29,84]","[69,67,114,11,14,22,66,112,12,24,82,53,100]","[97,15,21,23,127,113,8,75,79,43]","[26,6,55,9,85,99,47,94,44,80]",89m 444678p 11456s,34467m 5889p 38s 22z,3466m 2p 127s 25z,237m 335p 3467s
20260403012529_0601_009,20260403012529_0601,20260403012529,601,2,NAKAl,127,,,1775148504,1293.74,,0,,"[73,91,65,51,57,32,72,50,63,49,93,29,84]","[69,67,114,11,14,22,66,112,12,24,82,53,100]","[97,15,21,23,113,8,75,79,43,13]","[26,6,55,9,85,99,47,94,44,80]",89m 444678p 11456s,34467m 5889p 38s 22z,34466m 2p 127s 2z,237m 335p 3467s
20260403012529_0601_010,20260403012529_0601,20260403012529,601,3,くまのプウさん,55,,,1775148506,1821.127,,3,1061.883,"[73,91,65,51,57,32,72,50,63,49,93,29,84]","[69,67,114,11,14,22,66,112,12,24,82,53,100]","[97,15,21,23,113,8,75,79,43,13]","[26,6,9,85,99,47,94,44,80,30]",89m 444678p 11456s,34467m 5889p 38s 22z,34466m 2p 127s 2z,2378m 33p 3467s
20260403012529_0601_011,20260403012529_0601,20260403012529,601,0,s6u,1,,,1775148507,893.723,,0,,"[73,91,65,51,57,32,72,50,63,49,93,29,84]","[69,67,114,11,14,22,66,112,12,24,82,53,100]","[97,15,21,23,113,8,75,79,43,13]","[26,6,9,85,99,47,94,44,80,30]",89m 444678p 11456s,34467m 5889p 38s 22z,34466m 2p 127s 2z,2378m 33p 3467s
20260403012529_0601_012,20260403012529_0601,20260403012529,601,1,大やまだ,130,,,1775148510,2229.046,,0,,"[73,91,65,51,57,32,72,50,63,49,93,29,84]","[69,67,114,11,14,22,66,112,12,24,82,53,100]","[97,15,21,23,113,8,75,79,43,13]","[26,6,9,85,99,47,94,44,80,30]",89m 444678p 11456s,34467m 5889p 38s 22z,34466m 2p 127s 2z,2378m 33p 3467s
20260403012529_0601_013,20260403012529_0601,20260403012529,601,2,NAKAl,111,,,1775148511,1735.228,,0,,"[73,91,65,51,57,32,72,50,63,49,93,29,84]","[69,67,114,11,14,22,66,112,12,24,82,53,100]","[97,15,21,23,113,8,75,79,43,13]","[26,6,9,85,99,47,94,44,80,30]",89m 444678p 11456s,34467m 5889p 38s 22z,34466m 2p 127s 2z,2378m 33p 3467s
20260403012529_0601_014,20260403012529_0601,20260403012529,601,3,くまのプウさん,85,,,1775148513,1845.706,,0,,"[73,91,65,51,57,32,72,50,63,49,93,29,84]","[69,67,114,11,14,22,66,112,12,24,82,53,100]","[97,15,21,23,113,8,75,79,43,13]","[26,6,9,99,47,94,44,80,30,42]",89m 444678p 11456s,34467m 5889p 38s 22z,34466m 2p 127s 2z,2378m 233p 367s
20260403012529_0601_015,20260403012529_0601,20260403012529,601,0,s6u,131,,,1775148515,1340.596,,0,,"[73,91,65,51,57,32,72,50,63,49,93,29,84]","[69,67,114,11,14,22,66,112,12,24,82,53,100]","[97,15,21,23,113,8,75,79,43,13]","[26,6,9,99,47,94,44,80,30,42]",89m 444678p 11456s,34467m 5889p 38s 22z,34466m 2p 127s 2z,2378m 233p 367s
20260403012529_0601_016,20260403012529_0601,20260403012529,601,1,大やまだ,100,,,1775148517,2245.893,,0,,"[73,91,65,51,57,32,72,50,63,49,93,29,84]","[69,67,114,11,14,22,66,112,12,24,82,53,25]","[97,15,21,23,113,8,75,79,43,13]","[26,6,9,99,47,94,44,80,30,42]",89m 444678p 11456s,344677m 5889p 3s 22z,34466m 2p 127s 2z,2378m 233p 367s
20260403012529_0601_017,20260403012529_0601,20260403012529,601,2,NAKAl,113,,,1775148518,1532.718,,0,,"[73,91,65,51,57,32,72,50,63,49,93,29,84]","[69,67,114,11,14,22,66,112,12,24,82,53,25]","[97,15,21,23,8,75,79,43,13,36]","[26,6,9,99,47,94,44,80,30,42]",89m 444678p 11456s,344677m 5889p 3s 22z,34466m 12p 127s,2378m 233p 367s
20260403012529_0601_018,20260403012529_0601,20260403012529,601,1,大やまだ,69,,,1775148524,,,0,,"[73,91,65,51,57,32,72,50,63,49,93,29,84]","[67,11,14,22,66,12,24,82,53,25]","[97,15,21,23,8,75,79,43,13,36]","[26,6,9,99,47,94,44,80,30,42]",89m 444678p 11456s,344677m 588p 3s,34466m 12p 127s,2378m 233p 367s
20260403012529_0601_019,20260403012529_0601,20260403012529,601,2,NAKAl,97,,,1775148526,1842.518,,0,,"[73,91,65,51,57,32,72,50,63,49,93,29,84]","[67,11,14,22,66,12,24,82,53,25]","[15,21,23,8,75,79,43,13,36,3]","[26,6,9,99,47,94,44,80,30,42]",89m 444678p 11456s,344677m 588p 3s,134466m 12p 12s,2378m 233p 367s
20260403012529_0601_020,20260403012529_0601,20260403012529,601,3,くまのプウさん,19,,,1775148528,1942.728,,0,,"[73,91,65,51,57,32,72,50,63,49,93,29,84]","[67,11,14,22,66,12,24,82,53,25]","[15,21,23,8,75,79,43,13,36,3]","[26,6,9,99,47,94,44,80,30,42]",89m 444678p 11456s,344677m 588p 3s,134466m 12p 12s,2378m 233p 367s
20260403012529_0601_021,20260403012529_0601,20260403012529,601,0,s6u,31,,,1775148536,8768.261,,0,,"[73,91,65,51,57,32,72,50,63,49,93,29,84]","[67,11,14,22,66,12,24,82,53,25]","[15,21,23,8,75,79,43,13,36,3]","[26,6,9,99,47,94,44,80,30,42]",89m 444678p 11456s,344677m 588p 3s,134466m 12p 12s,2378m 233p 367s
20260403012529_0601_022,20260403012529_0601,20260403012529,601,1,大やまだ,53,,,1775148543,,,0,,"[73,91,65,51,57,32,72,50,63,49,93,29,84]","[67,11,14,66,12,82,25]","[15,21,23,8,75,79,43,13,36,3]","[26,6,9,99,47,94,44,80,30,42]",89m 444678p 11456s,3447m 88p 3s,134466m 12p 12s,2378m 233p 367s
20260403012529_0601_023,20260403012529_0601,20260403012529,601,2,NAKAl,123,,,1775148545,2216.752,,0,,"[73,91,65,51,57,32,72,50,63,49,93,29,84]","[67,11,14,66,12,82,25]","[15,21,23,8,75,79,43,13,36,3]","[26,6,9,99,47,94,44,80,30,42]",89m 444678p 11456s,3447m 88p 3s,134466m 12p 12s,2378m 233p 367s
20260403012529_0601_024,20260403012529_0601,20260403012529,601,3,くまのプウさん,80,,,1775148547,1573.374,,3,2501.733,"[73,91,65,51,57,32,72,50,63,49,93,29,84]","[67,11,14,66,12,82,25]","[15,21,23,8,75,79,43,13,36,3]","[26,6,9,99,47,94,44,30,42,121]",89m 444678p 11456s,3447m 88p 3s,134466m 12p 12s,2378m 233p 67s 4z
20260403012529_0601_025,20260403012529_0601,20260403012529,601,0,s6u,16,,,1775148552,3243.508,,0,,"[73,91,65,51,57,32,72,50,63,49,93,29,84]","[67,11,14,66,12,82,25]","[15,21,23,8,75,79,43,13,36,3]","[26,6,9,99,47,94,44,30,42,121]",89m 444678p 11456s,3447m 88p 3s,134466m 12p 12s,2378m 233p 67s 4z
20260403012529_0601_026,20260403012529_0601,20260403012529,601,1,大やまだ,82,,,1775148556,,,0,,"[73,91,65,51,57,32,72,50,63,49,93,29,84]","[67,14,66,25]","[15,21,23,8,75,79,43,13,36,3]","[26,6,9,99,47,94,44,30,42,121]",89m 444678p 11456s,47m 88p,134466m 12p 12s,2378m 233p 67s 4z
20260403012529_0601_027,20260403012529_0601,20260403012529,601,2,NAKAl,15,,,1775148559,,,0,,"[73,91,65,51,57,32,72,50,63,49,93,29,84]","[67,14,66,25]","[21,23,8,43,13,36,3]","[26,6,9,99,47,94,44,30,42,121]",89m 444678p 11456s,47m 88p,13466m 12p,2378m 233p 67s 4z
20260403012529_0601_028,20260403012529_0601,20260403012529,601,3,くまのプウさん,42,,,1775148563,,,0,,"[73,91,65,51,57,32,72,50,63,49,93,29,84]","[67,14,66,25]","[21,23,8,43,13,36,3]","[26,99,47,94,44,30,121]",89m 444678p 11456s,47m 88p,13466m 12p,78m 33p 67s 4z
20260403012529_0601_029,20260403012529_0601,20260403012529,601,0,s6u,78,,,1775148570,7015.705,,0,,"[73,91,65,51,57,32,72,50,63,49,93,29,84]","[67,14,66,25]","[21,23,8,43,13,36,3]","[26,99,47,94,44,30,121]",89m 444678p 11456s,47m 88p,13466m 12p,78m 33p 67s 4z
20260403012529_0601_030,20260403012529_0601,20260403012529,601,1,大やまだ,61,,,1775148574,4411.381,,0,,"[73,91,65,51,57,32,72,50,63,49,93,29,84]","[67,14,66,25]","[21,23,8,43,13,36,3]","[26,99,47,94,44,30,121]",89m 444678p 11456s,47m 88p,13466m 12p,78m 33p 67s 4z
20260403012529_0601_031,20260403012529_0601,20260403012529,601,2,NAKAl,13,,,1775148576,2119.502,,0,,"[73,91,65,51,57,32,72,50,63,49,93,29,84]","[67,14,66,25]","[21,23,8,43,36,3,4]","[26,99,47,94,44,30,121]",89m 444678p 11456s,47m 88p,12366m 12p,78m 33p 67s 4z
20260403012529_0601_032,20260403012529_0601,20260403012529,601,3,くまのプウさん,56,,,1775148580,3341.741,,5,203.413,"[73,91,65,51,57,32,72,50,63,49,93,29,84]","[67,14,66,25]","[21,23,8,43,36,3,4]","[26,99,47,94,44,30,121]",89m 444678p 11456s,47m 88p,12366m 12p,78m 33p 67s 4z
20260403012529_0601_033,20260403012529_0601,20260403012529,601,0,s6u,33,,,1775148586,5981.97,,0,,"[73,91,65,51,57,32,72,50,63,49,93,29,84]","[67,14,66,25]","[21,23,8,43,36,3,4]","[26,99,47,94,44,30,121]",89m 444678p 11456s,47m 88p,12366m 12p,78m 33p 67s 4z
20260403012529_0601_034,20260403012529_0601,20260403012529,601,1,大やまだ,48,,,1775148588,2421.387,,3,227.176,"[73,91,65,51,57,32,72,50,63,49,93,29,84]","[67,14,66,25]","[21,23,8,43,36,3,4]","[26,99,47,94,44,30,121]",89m 444678p 11456s,47m 88p,12366m 12p,78m 33p 67s 4z
20260403012529_0601_035,20260403012529_0601,20260403012529,601,2,NAKAl,102,,,1775148590,1309.114,,0,,"[73,91,65,51,57,32,72,50,63,49,93,29,84]","[67,14,66,25]","[21,23,8,43,36,3,4]","[26,99,47,94,44,30,121]",89m 444678p 11456s,47m 88p,12366m 12p,78m 33p 67s 4z
20260403012529_0601_036,20260403012529_0601,20260403012529,601,3,くまのプウさん,121,,,1775148592,,,0,,"[73,91,65,51,57,32,72,50,63,49,93,29,84]","[67,14,66,25]","[21,23,8,43,36,3,4]","[26,47,44,30]",89m 444678p 11456s,47m 88p,12366m 12p,78m 33p
20260403012529_0601_037,20260403012529_0601,20260403012529,601,0,s6u,120,,,1775148594,715.846,1914.357,0,,"[73,91,65,51,57,32,72,50,63,49,93,29,84]","[67,14,66,25]","[21,23,8,43,36,3,4]","[26,47,44,30]",89m 444678p 11456s,47m 88p,12366m 12p,78m 33p
20260403012529_0601_038,20260403012529_0601,20260403012529,601,1,大やまだ,14,,,1775148600,5458.472,,3,1220.298,"[73,91,65,51,57,32,72,50,63,49,93,29,84]","[67,66,25,45]","[21,23,8,43,36,3,4]","[26,47,44,30]",89m 444678p 11456s,7m 388p,12366m 12p,78m 33p
20260403012529_0601_039,20260403012529_0601,20260403012529,601,2,NAKAl,39,,,1775148602,1643.649,,0,,"[73,91,65,51,57,32,72,50,63,49,93,29,84]","[67,66,25,45]","[21,23,8,43,36,3,4]","[26,47,44,30]",89m 444678p 11456s,7m 388p,12366m 12p,78m 33p
20260403012529_0601_040,20260403012529_0601,20260403012529,601,3,くまのプウさん,77,,,1775148604,1737.358,,0,,"[73,91,65,51,57,32,72,50,63,49,93,29,84]","[67,66,25,45]","[21,23,8,43,36,3,4]","[26,47,44,30]",89m 444678p 11456s,7m 388p,12366m 12p,78m 33p
20260403012529_0601_041,20260403012529_0601,20260403012529,601,0,s6u,74,,,1775148605,729.557,,0,,"[73,91,65,51,57,32,72,50,63,49,93,29,84]","[67,66,25,45]","[21,23,8,43,36,3,4]","[26,47,44,30]",89m 444678p 11456s,7m 388p,12366m 12p,78m 33p
20260403012529_0601_042,20260403012529_0601,20260403012529,601,1,大やまだ,25,,,1775148611,5668.138,,0,,"[73,91,65,51,57,32,72,50,63,49,93,29,84]","[67,66,45,41]","[21,23,8,43,36,3,4]","[26,47,44,30]",89m 444678p 11456s,2388p,12366m 12p,78m 33p
20260403012529_0700_000,20260403012529_0700,20260403012529,700,2,NAKAl,112,,,1775148622,4094.874,,0,,"[135,134,132,56]","[29,3,1,34,41,55,91,48,61,128,16,77,68]","[43,98,21,51,93,27,83,36,15,52,74,94,4]","[115,63,109,107,50,14,6,113,53,39,17,106,31]",6p 777z,11r589m 24579p 25s 6z,2467m 124r5p 13667s,2458m 1457p 99s 122z
20260403012529_0700_001,20260403012529_0700,20260403012529,700,3,くまのプウさん,109,,,1775148623,506.471,,0,,"[135,134,132,56]","[29,3,1,34,41,55,91,48,61,128,16,77,68]","[43,98,21,51,93,27,83,36,15,52,74,94,4]","[115,63,107,50,14,6,53,39,17,106,31]",6p 777z,11r589m 24579p 25s 6z,2467m 124r5p 13667s,2458m 1457p 99s 2z
20260403012529_0700_002,20260403012529_0700,20260403012529,700,0,s6u,96,,,1775148626,2715.275,,0,,"[135,134,132,56]","[29,3,1,34,41,55,91,48,61,128,16,77,68]","[43,98,21,51,93,27,83,36,15,52,74,94,4]","[115,63,107,50,14,6,53,39,17,106,31]",6p 777z,11r589m 24579p 25s 6z,2467m 124r5p 13667s,2458m 1457p 99s 2z
20260403012529_0700_003,20260403012529_0700,20260403012529,700,1,大やまだ,105,,,1775148632,6307.157,,0,,"[135,134,132,56]","[29,3,1,34,41,55,91,48,61,128,16,77,68]","[43,98,21,51,93,27,83,36,15,52,74,94,4]","[115,63,107,50,14,6,53,39,17,106,31]",6p 777z,11r589m 24579p 25s 6z,2467m 124r5p 13667s,2458m 1457p 99s 2z
20260403012529_0700_004,20260403012529_0700,20260403012529,700,3,くまのプウさん,39,,,1775148634,,,0,,"[135,134,132,56]","[29,3,1,34,41,55,91,48,61,128,16,77,68]","[43,98,21,51,93,27,83,36,15,52,74,94,4]","[115,63,50,14,6,53,17,31]",6p 777z,11r589m 24579p 25s 6z,2467m 124r5p 13667s,2458m 457p 2z
20260403012529_0700_005,20260403012529_0700,20260403012529,700,0,s6u,25,,,1775148635,1631.992,,5,2442.428,"[135,134,132,56]","[29,3,1,34,41,55,91,48,61,128,16,77,68]","[43,98,21,51,93,27,83,36,15,52,74,94,4]","[115,63,50,14,6,53,17,31]",6p 777z,11r589m 24579p 25s 6z,2467m 124r5p 13667s,2458m 457p 2z
20260403012529_0700_006,20260403012529_0700,20260403012529,700,1,大やまだ,128,,,1775148641,3732.96,,0,,"[135,134,132,56]","[29,3,1,34,41,55,91,48,61,16,77,68,59]","[43,98,21,51,93,27,83,36,15,52,74,94,4]","[115,63,50,14,6,53,17,31]",6p 777z,11r589m 245679p 25s,2467m 124r5p 13667s,2458m 457p 2z
20260403012529_0700_007,20260403012529_0700,20260403012529,700,2,NAKAl,36,,,1775148644,2254.292,,0,,"[135,134,132,56]","[29,3,1,34,41,55,91,48,61,16,77,68,59]","[43,98,21,51,93,27,83,15,52,74,94,4,8]","[115,63,50,14,6,53,17,31]",6p 777z,11r589m 245679p 25s,23467m 24r5p 13667s,2458m 457p 2z
20260403012529_0700_008,20260403012529_0700,20260403012529,700,3,くまのプウさん,31,,,1775148646,2031.52,,0,,"[135,134,132,56]","[29,3,1,34,41,55,91,48,61,16,77,68,59]","[43,98,21,51,93,27,83,15,52,74,94,4,8]","[115,63,50,14,6,53,17,84]",6p 777z,11r589m 245679p 25s,23467m 24r5p 13667s,245m 457p 4s 2z
20260403012529_0700_009,20260403012529_0700,20260403012529,700,0,s6u,79,,,1775148649,3003.587,,0,,"[135,134,132,56]","[29,3,1,34,41,55,91,48,61,16,77,68,59]","[43,98,21,51,93,27,83,15,52,74,94,4,8]","[115,63,50,14,6,53,17,84]",6p 777z,11r589m 245679p 25s,23467m 24r5p 13667s,245m 457p 4s 2z
20260403012529_0700_010,20260403012529_0700,20260403012529,700,1,大やまだ,102,,,1775148651,2210.775,,5,1944.161,"[135,134,132,56]","[29,3,1,34,41,55,91,48,61,16,77,68,59]","[43,98,21,51,93,27,83,15,52,74,94,4,8]","[115,63,50,14,6,53,17,84]",6p 777z,11r589m 245679p 25s,23467m 24r5p 13667s,245m 457p 4s 2z
20260403012529_0700_011,20260403012529_0700,20260403012529,700,2,NAKAl,43,,,1775148654,1139.724,,0,,"[135,134,132,56]","[29,3,1,34,41,55,91,48,61,16,77,68,59]","[98,21,51,93,27,83,15,52,74,94,4,8,7]","[115,63,50,14,6,53,17,84]",6p 777z,11r589m 245679p 25s,223467m 4r5p 13667s,245m 457p 4s 2z
20260403012529_0700_012,20260403012529_0700,20260403012529,700,3,くまのプウさん,63,,,1775148656,2250.693,,0,,"[135,134,132,56]","[29,3,1,34,41,55,91,48,61,16,77,68,59]","[98,21,51,93,27,83,15,52,74,94,4,8,7]","[115,50,14,6,53,17,84,76]",6p 777z,11r589m 245679p 25s,223467m 4r5p 13667s,245m 45p 24s 2z
20260403012529_0700_013,20260403012529_0700,20260403012529,700,0,s6u,23,,,1775148661,4259.445,,0,,"[135,134,132,56]","[29,3,1,34,41,55,91,48,61,16,77,68,59]","[98,21,51,93,27,83,15,52,74,94,4,8,7]","[115,50,14,6,53,17,84,76]",6p 777z,11r589m 245679p 25s,223467m 4r5p 13667s,245m 45p 24s 2z
20260403012529_0700_014,20260403012529_0700,20260403012529,700,1,大やまだ,91,,,1775148663,2388.209,,0,,"[135,134,132,56]","[29,3,1,34,41,55,48,61,16,77,68,59,80]","[98,21,51,93,27,83,15,52,74,94,4,8,7]","[115,50,14,6,53,17,84,76]",6p 777z,11r589m 245679p 23s,223467m 4r5p 13667s,245m 45p 24s 2z
20260403012529_0700_015,20260403012529_0700,20260403012529,700,0,s6u,10,,,1775148666,,,0,,"[135,134,132,56]","[29,3,1,34,41,55,48,61,16,77,68,59,80]","[98,21,51,93,27,83,15,52,74,94,4,8,7]","[115,50,14,6,53,17,84,76]",6p 777z,11r589m 245679p 23s,223467m 4r5p 13667s,245m 45p 24s 2z
20260403012529_0700_016,20260403012529_0700,20260403012529,700,1,大やまだ,28,,,1775148672,5206.331,,0,,"[135,134,132,56]","[29,3,1,34,41,55,48,61,16,77,68,59,80]","[98,21,51,93,27,83,15,52,74,94,4,8,7]","[115,50,14,6,53,17,84,76]",6p 777z,11r589m 245679p 23s,223467m 4r5p 13667s,245m 45p 24s 2z
20260403012529_0700_017,20260403012529_0700,20260403012529,700,2,NAKAl,74,,,1775148674,,,0,,"[135,134,132,56]","[29,3,1,34,41,55,48,61,16,77,68,59,80]","[98,51,93,83,15,52,94,4,8,7]","[115,50,14,6,53,17,84,76]",6p 777z,11r589m 245679p 23s,2234m 4r5p 3667s,245m 45p 24s 2z
20260403012529_0700_018,20260403012529_0700,20260403012529,700,3,くまのプウさん,6,,,1775148675,1784.396,,0,,"[135,134,132,56]","[29,3,1,34,41,55,48,61,16,77,68,59,80]","[98,51,93,83,15,52,94,4,8,7]","[115,50,14,53,17,84,76,47]",6p 777z,11r589m 245679p 23s,2234m 4r5p 3667s,45m 345p 24s 2z
20260403012529_0700_019,20260403012529_0700,20260403012529,700,2,NAKAl,83,,,1775148679,947.511,,0,,"[135,134,132,56]","[29,3,1,34,41,55,48,61,16,77,68,59,80]","[98,51,93,15,52,94,8,7]","[115,50,14,53,17,84,76,47]",6p 777z,11r589m 245679p 23s,234m 4r5p 667s,45m 345p 24s 2z
20260403012529_0700_020,20260403012529_0700,20260403012529,700,3,くまのプウさん,14,,,1775148681,,,0,,"[135,134,132,56]","[29,3,1,34,41,55,48,61,16,77,68,59,80]","[98,51,93,15,52,94,8,7]","[115,50,53,17,47]",6p 777z,11r589m 245679p 23s,234m 4r5p 667s,5m 345p 2z
20260403012529_0700_021,20260403012529_0700,20260403012529,700,0,s6u,2,,,1775148687,6253.818,,3,1335.507,"[135,134,132,56]","[29,3,1,34,41,55,48,61,16,77,68,59,80]","[98,51,93,15,52,94,8,7]","[115,50,53,17,47]",6p 777z,11r589m 245679p 23s,234m 4r5p 667s,5m 345p 2z
20260403012529_0700_022,20260403012529_0700,20260403012529,700,1,大やまだ,1,,,1775148693,4279.537,,0,,"[135,134,132,56]","[29,3,34,41,55,48,61,16,77,68,59,80,95]","[98,51,93,15,52,94,8,7]","[115,50,53,17,47]",6p 777z,1r589m 245679p 236s,234m 4r5p 667s,5m 345p 2z
20260403012529_0700_023,20260403012529_0700,20260403012529,700,2,NAKAl,87,,,1775148695,2761.625,,0,,"[135,134,132,56]","[29,3,34,41,55,48,61,16,77,68,59,80,95]","[98,51,93,15,52,94,8,7]","[115,50,53,17,47]",6p 777z,1r589m 245679p 236s,234m 4r5p 667s,5m 345p 2z
20260403012529_0700_024,20260403012529_0700,20260403012529,700,0,s6u,69,,,1775148702,,,0,,"[135,134,132,56]","[29,3,34,41,55,48,61,16,77,68,59,80,95]","[98,51,93,15,52,94,8,7]","[115,50,53,17,47]",6p 777z,1r589m 245679p 236s,234m 4r5p 667s,5m 345p 2z
20260403012529_0700_025,20260403012529_0700,20260403012529,700,1,大やまだ,3,,,1775148705,2811.607,,0,,"[135,134,132,56]","[29,34,41,55,48,61,16,77,68,59,80,95,97]","[98,51,93,15,52,94,8,7]","[115,50,53,17,47]",6p 777z,r589m 245679p 2367s,234m 4r5p 667s,5m 345p 2z
20260403012529_0700_026,20260403012529_0700,20260403012529,700,2,NAKAl,129,,,1775148707,2550.476,,0,,"[135,134,132,56]","[29,34,41,55,48,61,16,77,68,59,80,95,97]","[98,51,93,15,52,94,8,7]","[115,50,53,17,47]",6p 777z,r589m 245679p 2367s,234m 4r5p 667s,5m 345p 2z
20260403012529_0700_027,20260403012529_0700,20260403012529,700,3,くまのプウさん,35,,,1775148716,8403.521,,0,,"[135,134,132,56]","[29,34,41,55,48,61,16,77,68,59,80,95,97]","[98,51,93,15,52,94,8,7]","[115,50,53,17,47]",6p 777z,r589m 245679p 2367s,234m 4r5p 667s,5m 345p 2z
20260403012529_0700_028,20260403012529_0700,20260403012529,700,0,s6u,82,,,1775148727,11215.607,,0,,"[135,134,132,56]","[29,34,41,55,48,61,16,77,68,59,80,95,97]","[98,51,93,15,52,94,8,7]","[115,50,53,17,47]",6p 777z,r589m 245679p 2367s,234m 4r5p 667s,5m 345p 2z
20260403012529_0700_029,20260403012529_0700,20260403012529,700,1,大やまだ,80,,,1775148730,3028.924,,0,,"[135,134,132,56]","[29,34,41,55,48,61,16,77,68,59,95,97,103]","[98,51,93,15,52,94,8,7]","[115,50,53,17,47]",6p 777z,r589m 245679p 2678s,234m 4r5p 667s,5m 345p 2z
20260403012529_0700_030,20260403012529_0700,20260403012529,700,2,NAKAl,126,,,1775148731,1426.3,,0,,"[135,134,132,56]","[29,34,41,55,48,61,16,77,68,59,95,97,103]","[98,51,93,15,52,94,8,7]","[115,50,53,17,47]",6p 777z,r589m 245679p 2678s,234m 4r5p 667s,5m 345p 2z
20260403012529_0700_031,20260403012529_0700,20260403012529,700,3,くまのプウさん,17,,,1775148737,5118.544,,0,,"[135,134,132,56]","[29,34,41,55,48,61,16,77,68,59,95,97,103]","[98,51,93,15,52,94,8,7]","[115,50,53,47,40]",6p 777z,r589m 245679p 2678s,234m 4r5p 667s,2345p 2z
20260403012529_0700_032,20260403012529_0700,20260403012529,700,0,s6u,62,,,1775148739,,,3,4589.183,"[135,134,132,56]","[29,34,41,55,48,61,16,77,68,59,95,97,103]","[98,51,93,15,52,94,8,7]","[115,50,53,47,40]",6p 777z,r589m 245679p 2678s,234m 4r5p 667s,2345p 2z
20260403012529_0700_033,20260403012529_0700,20260403012529,700,1,大やまだ,16,,,1775148748,4151.684,,0,,"[135,134,132,56]","[29,34,41,55,48,61,77,68,59,95,97,103,46]","[98,51,93,15,52,94,8,7]","[115,50,53,47,40]",6p 777z,89m 2345679p 2678s,234m 4r5p 667s,2345p 2z
20260403012529_0700_034,20260403012529_0700,20260403012529,700,2,NAKAl,98,,,1775148750,,,0,,"[135,134,132,56]","[29,34,41,55,48,61,77,68,59,95,97,103,46]","[51,93,52,94,7]","[115,50,53,47,40]",6p 777z,89m 2345679p 2678s,2m 4r5p 66s,2345p 2z
20260403012529_0700_035,20260403012529_0700,20260403012529,700,3,くまのプウさん,49,,,1775148756,6313.647,,0,,"[135,134,132,56]","[29,34,41,55,48,61,77,68,59,95,97,103,46]","[51,93,52,94,7]","[115,50,53,47,40]",6p 777z,89m 2345679p 2678s,2m 4r5p 66s,2345p 2z
20260403012529_0700_036,20260403012529_0700,20260403012529,700,0,s6u,54,,,1775148767,10384.356,,0,,"[135,134,132,56]","[29,34,41,55,48,61,77,68,59,95,97,103,46]","[51,93,52,94,7]","[115,50,53,47,40]",6p 777z,89m 2345679p 2678s,2m 4r5p 66s,2345p 2z
20260403012529_0800_000,20260403012529_0800,20260403012529,800,3,くまのプウさん,70,,,1775148780,6594.184,,0,,"[85,80,41,94,47,54,95,56,49,61]","[124,79,48,38,43,55,59,134,120,106,100,98,42]","[99,96,37,9,29,21,116,13,25,132,68,92,90]","[24,6,8,19,18,72,89,36,129,12,82,17,119]",234567p 3466s,122456p 2789s 457z,34678m 19p 5677s 37z,2345557m 1p 135s 36z
20260403012529_0800_001,20260403012529_0800,20260403012529,800,0,s6u,122,,,1775148781,1389.039,,0,,"[85,80,41,94,47,54,95,56,49,61]","[124,79,48,38,43,55,59,134,120,106,100,98,42]","[99,96,37,9,29,21,116,13,25,132,68,92,90]","[24,6,8,19,18,72,89,36,129,12,82,17,119]",234567p 3466s,122456p 2789s 457z,34678m 19p 5677s 37z,2345557m 1p 135s 36z
20260403012529_0800_002,20260403012529_0800,20260403012529,800,1,大やまだ,120,,,1775148783,1415.592,,0,,"[85,80,41,94,47,54,95,56,49,61]","[124,79,48,38,43,55,59,134,106,100,98,42,28]","[99,96,37,9,29,21,116,13,25,132,68,92,90]","[24,6,8,19,18,72,89,36,129,12,82,17,119]",234567p 3466s,8m 122456p 2789s 57z,34678m 19p 5677s 37z,2345557m 1p 135s 36z
20260403012529_0800_003,20260403012529_0800,20260403012529,800,2,NAKAl,37,,,1775148784,1548.264,,0,,"[85,80,41,94,47,54,95,56,49,61]","[124,79,48,38,43,55,59,134,106,100,98,42,28]","[99,96,9,29,21,116,13,25,132,68,92,90,114]","[24,6,8,19,18,72,89,36,129,12,82,17,119]",234567p 3466s,8m 122456p 2789s 57z,34678m 9p 5677s 237z,2345557m 1p 135s 36z
20260403012529_0800_004,20260403012529_0800,20260403012529,800,3,くまのプウさん,36,,,1775148786,1695.786,,0,,"[85,80,41,94,47,54,95,56,49,61]","[124,79,48,38,43,55,59,134,106,100,98,42,28]","[99,96,9,29,21,116,13,25,132,68,92,90,114]","[24,6,8,19,18,72,89,129,12,82,17,119,103]",234567p 3466s,8m 122456p 2789s 57z,34678m 9p 5677s 237z,2345557m 1358s 36z
20260403012529_0800_005,20260403012529_0800,20260403012529,800,0,s6u,3,,,1775148788,2094.898,,0,,"[85,80,41,94,47,54,95,56,49,61]","[124,79,48,38,43,55,59,134,106,100,98,42,28]","[99,96,9,29,21,116,13,25,132,68,92,90,114]","[24,6,8,19,18,72,89,129,12,82,17,119,103]",234567p 3466s,8m 122456p 2789s 57z,34678m 9p 5677s 237z,2345557m 1358s 36z
20260403012529_0800_006,20260403012529_0800,20260403012529,800,1,大やまだ,124,,,1775148790,1947.15,,0,,"[85,80,41,94,47,54,95,56,49,61]","[79,48,38,43,55,59,134,106,100,98,42,28,27]","[99,96,9,29,21,116,13,25,132,68,92,90,114]","[24,6,8,19,18,72,89,129,12,82,17,119,103]",234567p 3466s,78m 122456p 2789s 7z,34678m 9p 5677s 237z,2345557m 1358s 36z
20260403012529_0800_007,20260403012529_0800,20260403012529,800,2,NAKAl,132,,,1775148791,1419.908,,0,,"[85,80,41,94,47,54,95,56,49,61]","[79,48,38,43,55,59,134,106,100,98,42,28,27]","[99,96,9,29,21,116,13,25,68,92,90,114,10]","[24,6,8,19,18,72,89,129,12,82,17,119,103]",234567p 3466s,78m 122456p 2789s 7z,334678m 9p 5677s 23z,2345557m 1358s 36z
20260403012529_0800_008,20260403012529_0800,20260403012529,800,3,くまのプウさん,135,,,1775148794,2306.35,,0,,"[85,80,41,94,47,54,95,56,49,61]","[79,48,38,43,55,59,134,106,100,98,42,28,27]","[99,96,9,29,21,116,13,25,68,92,90,114,10]","[24,6,8,19,18,72,89,129,12,82,17,119,103]",234567p 3466s,78m 122456p 2789s 7z,334678m 9p 5677s 23z,2345557m 1358s 36z
20260403012529_0800_009,20260403012529_0800,20260403012529,800,0,s6u,69,,,1775148795,1569.904,,0,,"[85,80,41,94,47,54,95,56,49,61]","[79,48,38,43,55,59,134,106,100,98,42,28,27]","[99,96,9,29,21,116,13,25,68,92,90,114,10]","[24,6,8,19,18,72,89,129,12,82,17,119,103]",234567p 3466s,78m 122456p 2789s 7z,334678m 9p 5677s 23z,2345557m 1358s 36z
20260403012529_0800_010,20260403012529_0800,20260403012529,800,1,大やまだ,134,,,1775148797,1601.804,,0,,"[85,80,41,94,47,54,95,56,49,61]","[79,48,38,43,55,59,106,100,98,42,28,27,30]","[99,96,9,29,21,116,13,25,68,92,90,114,10]","[24,6,8,19,18,72,89,129,12,82,17,119,103]",234567p 3466s,788m 122456p 2789s,334678m 9p 5677s 23z,2345557m 1358s 36z
20260403012529_0800_011,20260403012529_0800,20260403012529,800,2,NAKAl,114,,,1775148798,1552.198,,0,,"[85,80,41,94,47,54,95,56,49,61]","[79,48,38,43,55,59,106,100,98,42,28,27,30]","[99,96,9,29,21,116,13,25,68,92,90,10,60]","[24,6,8,19,18,72,89,129,12,82,17,119,103]",234567p 3466s,788m 122456p 2789s,334678m 79p 5677s 3z,2345557m 1358s 36z
20260403012529_0800_012,20260403012529_0800,20260403012529,800,3,くまのプウさん,119,,,1775148802,3841.834,,0,,"[85,80,41,94,47,54,95,56,49,61]","[79,48,38,43,55,59,106,100,98,42,28,27,30]","[99,96,9,29,21,116,13,25,68,92,90,10,60]","[24,6,8,19,18,72,89,129,12,82,17,103,130]",234567p 3466s,788m 122456p 2789s,334678m 79p 5677s 3z,2345557m 1358s 66z
20260403012529_0800_013,20260403012529_0800,20260403012529,800,0,s6u,104,,,1775148805,2686.346,,5,1307.328,"[85,80,41,94,47,54,95,56,49,61]","[79,48,38,43,55,59,106,100,98,42,28,27,30]","[99,96,9,29,21,116,13,25,68,92,90,10,60]","[24,6,8,19,18,72,89,129,12,82,17,103,130]",234567p 3466s,788m 122456p 2789s,334678m 79p 5677s 3z,2345557m 1358s 66z
20260403012529_0800_014,20260403012529_0800,20260403012529,800,1,大やまだ,30,,,1775148809,2862.874,,3,1176.107,"[85,80,41,94,47,54,95,56,49,61]","[79,48,38,43,55,59,106,100,98,42,28,27,76]","[99,96,9,29,21,116,13,25,68,92,90,10,60]","[24,6,8,19,18,72,89,129,12,82,17,103,130]",234567p 3466s,78m 122456p 22789s,334678m 79p 5677s 3z,2345557m 1358s 66z
20260403012529_0800_015,20260403012529_0800,20260403012529,800,2,NAKAl,116,,,1775148811,892.139,,0,,"[85,80,41,94,47,54,95,56,49,61]","[79,48,38,43,55,59,106,100,98,42,28,27,76]","[99,96,9,29,21,13,25,68,92,90,10,60,88]","[24,6,8,19,18,72,89,129,12,82,17,103,130]",234567p 3466s,78m 122456p 22789s,334678m 79p r55677s,2345557m 1358s 66z
20260403012529_0800_016,20260403012529_0800,20260403012529,800,3,くまのプウさん,103,,,1775148813,1984.617,,0,,"[85,80,41,94,47,54,95,56,49,61]","[79,48,38,43,55,59,106,100,98,42,28,27,76]","[99,96,9,29,21,13,25,68,92,90,10,60,88]","[24,6,8,19,18,72,89,129,12,82,17,130,74]",234567p 3466s,78m 122456p 22789s,334678m 79p r55677s,2345557m 1135s 66z
20260403012529_0800_017,20260403012529_0800,20260403012529,800,0,s6u,34,,,1775148816,2604.208,,5,1343.418,"[85,80,41,94,47,54,95,56,49,61]","[79,48,38,43,55,59,106,100,98,42,28,27,76]","[99,96,9,29,21,13,25,68,92,90,10,60,88]","[24,6,8,19,18,72,89,129,12,82,17,130,74]",234567p 3466s,78m 122456p 22789s,334678m 79p r55677s,2345557m 1135s 66z
20260403012529_0800_018,20260403012529_0800,20260403012529,800,1,大やまだ,38,,,1775148823,5932.991,,0,,"[85,80,41,94,47,54,95,56,49,61]","[79,48,43,55,59,106,100,98,42,28,27,76,84]","[99,96,9,29,21,13,25,68,92,90,10,60,88]","[24,6,8,19,18,72,89,129,12,82,17,130,74]",234567p 3466s,78m 22456p 224789s,334678m 79p r55677s,2345557m 1135s 66z
20260403012529_0800_019,20260403012529_0800,20260403012529,800,2,NAKAl,13,,,1775148825,2133.036,,0,,"[85,80,41,94,47,54,95,56,49,61]","[79,48,43,55,59,106,100,98,42,28,27,76,84]","[99,96,9,29,21,25,68,92,90,10,60,88,105]","[24,6,8,19,18,72,89,129,12,82,17,130,74]",234567p 3466s,78m 22456p 224789s,33678m 79p r556779s,2345557m 1135s 66z
20260403012529_0800_020,20260403012529_0800,20260403012529,800,0,s6u,32,,,1775148828,,,5,1153.817,"[85,80,41,94,47,54,95,56,49,61]","[79,48,43,55,59,106,100,98,42,28,27,76,84]","[99,96,9,29,21,25,68,92,90,10,60,88,105]","[24,6,8,19,18,72,89,129,12,82,17,130,74]",234567p 3466s,78m 22456p 224789s,33678m 79p r556779s,2345557m 1135s 66z
20260403012529_0800_021,20260403012529_0800,20260403012529,800,1,大やまだ,84,,,1775148831,2364.1,,3,1123.128,"[85,80,41,94,47,54,95,56,49,61]","[79,48,43,55,59,106,100,98,42,28,27,76,62]","[99,96,9,29,21,25,68,92,90,10,60,88,105]","[24,6,8,19,18,72,89,129,12,82,17,130,74]",234567p 3466s,78m 224567p 22789s,33678m 79p r556779s,2345557m 1135s 66z
20260403012529_0800_022,20260403012529_0800,20260403012529,800,2,NAKAl,115,,,1775148833,912.984,,0,,"[85,80,41,94,47,54,95,56,49,61]","[79,48,43,55,59,106,100,98,42,28,27,76,62]","[99,96,9,29,21,25,68,92,90,10,60,88,105]","[24,6,8,19,18,72,89,129,12,82,17,130,74]",234567p 3466s,78m 224567p 22789s,33678m 79p r556779s,2345557m 1135s 66z
20260403012529_0800_023,20260403012529_0800,20260403012529,800,3,くまのプウさん,0,,,1775148838,4414.751,,0,,"[85,80,41,94,47,54,95,56,49,61]","[79,48,43,55,59,106,100,98,42,28,27,76,62]","[99,96,9,29,21,25,68,92,90,10,60,88,105]","[24,6,8,19,18,72,89,129,12,82,17,130,74]",234567p 3466s,78m 224567p 22789s,33678m 79p r556779s,2345557m 1135s 66z
20260403012529_0800_024,20260403012529_0800,20260403012529,800,0,s6u,26,,,1775148839,1407.957,,0,,"[85,80,41,94,47,54,95,56,49,61]","[79,48,43,55,59,106,100,98,42,28,27,76,62]","[99,96,9,29,21,25,68,92,90,10,60,88,105]","[24,6,8,19,18,72,89,129,12,82,17,130,74]",234567p 3466s,78m 224567p 22789s,33678m 79p r556779s,2345557m 1135s 66z
20260403012529_0800_025,20260403012529_0800,20260403012529,800,1,大やまだ,7,,,1775148841,1960.435,,0,,"[85,80,41,94,47,54,95,56,49,61]","[79,48,43,55,59,106,100,98,42,28,27,76,62]","[99,96,9,29,21,25,68,92,90,10,60,88,105]","[24,6,8,19,18,72,89,129,12,82,17,130,74]",234567p 3466s,78m 224567p 22789s,33678m 79p r556779s,2345557m 1135s 66z
20260403012529_0800_026,20260403012529_0800,20260403012529,800,2,NAKAl,110,,,1775148843,1677.91,,0,,"[85,80,41,94,47,54,95,56,49,61]","[79,48,43,55,59,106,100,98,42,28,27,76,62]","[99,96,9,29,21,25,68,92,90,10,60,88,105]","[24,6,8,19,18,72,89,129,12,82,17,130,74]",234567p 3466s,78m 224567p 22789s,33678m 79p r556779s,2345557m 1135s 66z
20260403012529_0800_027,20260403012529_0800,20260403012529,800,3,くまのプウさん,71,,,1775148844,1717.211,,0,,"[85,80,41,94,47,54,95,56,49,61]","[79,48,43,55,59,106,100,98,42,28,27,76,62]","[99,96,9,29,21,25,68,92,90,10,60,88,105]","[24,6,8,19,18,72,89,129,12,82,17,130,74]",234567p 3466s,78m 224567p 22789s,33678m 79p r556779s,2345557m 1135s 66z
20260403012529_0800_028,20260403012529_0800,20260403012529,800,0,s6u,102,,,1775148847,2256.828,,5,1132.022,"[85,80,41,94,47,54,95,56,49,61]","[79,48,43,55,59,106,100,98,42,28,27,76,62]","[99,96,9,29,21,25,68,92,90,10,60,88,105]","[24,6,8,19,18,72,89,129,12,82,17,130,74]",234567p 3466s,78m 224567p 22789s,33678m 79p r556779s,2345557m 1135s 66z
20260403012529_0800_029,20260403012529_0800,20260403012529,800,1,大やまだ,42,,,1775148856,7818.181,,0,,"[85,80,41,94,47,54,95,56,49,61]","[79,48,43,55,59,106,100,98,28,27,76,62,58]","[99,96,9,29,21,25,68,92,90,10,60,88,105]","[24,6,8,19,18,72,89,129,12,82,17,130,74]",234567p 3466s,78m 245667p 22789s,33678m 79p r556779s,2345557m 1135s 66z
20260403012529_0800_030,20260403012529_0800,20260403012529,800,2,NAKAl,105,,,1775148857,1663.567,,0,,"[85,80,41,94,47,54,95,56,49,61]","[79,48,43,55,59,106,100,98,28,27,76,62,58]","[99,96,9,29,21,25,68,92,90,10,60,88,52]","[24,6,8,19,18,72,89,129,12,82,17,130,74]",234567p 3466s,78m 245667p 22789s,33678m r579p r55677s,2345557m 1135s 66z
20260403012529_0800_031,20260403012529_0800,20260403012529,800,3,くまのプウさん,126,,,1775148859,1550.656,,0,,"[85,80,41,94,47,54,95,56,49,61]","[79,48,43,55,59,106,100,98,28,27,76,62,58]","[99,96,9,29,21,25,68,92,90,10,60,88,52]","[24,6,8,19,18,72,89,129,12,82,17,130,74]",234567p 3466s,78m 245667p 22789s,33678m r579p r55677s,2345557m 1135s 66z
20260403012529_0800_032,20260403012529_0800,20260403012529,800,0,s6u,113,,,1775148862,3692.941,,0,,"[85,80,41,94,47,54,95,56,49,61]","[79,48,43,55,59,106,100,98,28,27,76,62,58]","[99,96,9,29,21,25,68,92,90,10,60,88,52]","[24,6,8,19,18,72,89,129,12,82,17,130,74]",234567p 3466s,78m 245667p 22789s,33678m r579p r55677s,2345557m 1135s 66z
20260403012529_0800_033,20260403012529_0800,20260403012529,800,1,大やまだ,1,,,1775148865,2066.951,,0,,"[85,80,41,94,47,54,95,56,49,61]","[79,48,43,55,59,106,100,98,28,27,76,62,58]","[99,96,9,29,21,25,68,92,90,10,60,88,52]","[24,6,8,19,18,72,89,129,12,82,17,130,74]",234567p 3466s,78m 245667p 22789s,33678m r579p r55677s,2345557m 1135s 66z
20260403012529_0800_034,20260403012529_0800,20260403012529,800,2,NAKAl,123,,,1775148866,1624.859,,0,,"[85,80,41,94,47,54,95,56,49,61]","[79,48,43,55,59,106,100,98,28,27,76,62,58]","[99,96,9,29,21,25,68,92,90,10,60,88,52]","[24,6,8,19,18,72,89,129,12,82,17,130,74]",234567p 3466s,78m 245667p 22789s,33678m r579p r55677s,2345557m 1135s 66z
20260403012529_0800_035,20260403012529_0800,20260403012529,800,3,くまのプウさん,33,,,1775148869,2460.589,,0,,"[85,80,41,94,47,54,95,56,49,61]","[79,48,43,55,59,106,100,98,28,27,76,62,58]","[99,96,9,29,21,25,68,92,90,10,60,88,52]","[24,6,8,19,18,72,89,129,12,82,17,130,74]",234567p 3466s,78m 245667p 22789s,33678m r579p r55677s,2345557m 1135s 66z
20260403012529_0800_036,20260403012529_0800,20260403012529,800,0,s6u,101,,,1775148870,1743.324,,5,1223.776,"[85,80,41,94,47,54,95,56,49,61]","[79,48,43,55,59,106,100,98,28,27,76,62,58]","[99,96,9,29,21,25,68,92,90,10,60,88,52]","[24,6,8,19,18,72,89,129,12,82,17,130,74]",234567p 3466s,78m 245667p 22789s,33678m r579p r55677s,2345557m 1135s 66z
20260403012529_0800_037,20260403012529_0800,20260403012529,800,1,大やまだ,43,,,1775148880,1428.226,6679.242,0,,"[85,80,41,94,47,54,95,56,49,61]","[79,48,55,59,106,100,98,28,27,76,62,58,20]","[99,96,9,29,21,25,68,92,90,10,60,88,52]","[24,6,8,19,18,72,89,129,12,82,17,130,74]",234567p 3466s,678m 45667p 22789s,33678m r579p r55677s,2345557m 1135s 66z
20260403012529_0800_038,20260403012529_0800,20260403012529,800,2,NAKAl,121,,,1775148881,1492.475,,0,,"[85,80,41,94,47,54,95,56,49,61]","[79,48,55,59,106,100,98,28,27,76,62,58,20]","[99,96,9,29,21,25,68,92,90,10,60,88,52]","[24,6,8,19,18,72,89,129,12,82,17,130,74]",234567p 3466s,678m 45667p 22789s,33678m r579p r55677s,2345557m 1135s 66z
20260403012529_0800_039,20260403012529_0800,20260403012529,800,3,くまのプウさん,74,,,1775148883,2160.832,,0,,"[85,80,41,94,47,54,95,56,49,61]","[79,48,55,59,106,100,98,28,27,76,62,58,20]","[99,96,9,29,21,25,68,92,90,10,60,88,52]","[24,6,8,19,18,72,89,129,12,82,17,130,63]",234567p 3466s,678m 45667p 22789s,33678m r579p r55677s,2345557m 7p 135s 66z
20260403012529_0800_040,20260403012529_0800,20260403012529,800,0,s6u,131,,,1775148885,1567.469,,3,1481.535,"[85,80,41,94,47,54,95,56,49,61]","[79,48,55,59,106,100,98,28,27,76,62,58,20]","[99,96,9,29,21,25,68,92,90,10,60,88,52]","[24,6,8,19,18,72,89,129,12,82,17,130,63]",234567p 3466s,678m 45667p 22789s,33678m r579p r55677s,2345557m 7p 135s 66z
20260403012529_0800_041,20260403012529_0800,20260403012529,800,1,大やまだ,73,,,1775148887,318.253,,0,,"[85,80,41,94,47,54,95,56,49,61]","[79,48,55,59,106,100,98,28,27,76,62,58,20]","[99,96,9,29,21,25,68,92,90,10,60,88,52]","[24,6,8,19,18,72,89,129,12,82,17,130,63]",234567p 3466s,678m 45667p 22789s,33678m r579p r55677s,2345557m 7p 135s 66z
20260403012529_0800_042,20260403012529_0800,20260403012529,800,2,NAKAl,112,,,1775148889,1896.954,,0,,"[85,80,41,94,47,54,95,56,49,61]","[79,48,55,59,106,100,98,28,27,76,62,58,20]","[99,96,9,29,21,25,68,92,90,10,60,88,52]","[24,6,8,19,18,72,89,129,12,82,17,130,63]",234567p 3466s,678m 45667p 22789s,33678m r579p r55677s,2345557m 7p 135s 66z
20260403012529_0800_043,20260403012529_0800,20260403012529,800,3,くまのプウさん,72,,,1775148891,2221.158,,0,,"[85,80,41,94,47,54,95,56,49,61]","[79,48,55,59,106,100,98,28,27,76,62,58,20]","[99,96,9,29,21,25,68,92,90,10,60,88,52]","[24,6,8,19,18,89,129,12,82,17,130,63,128]",234567p 3466s,678m 45667p 22789s,33678m r579p r55677s,2345557m 7p 35s 666z
20260403012529_0800_044,20260403012529_0800,20260403012529,800,0,s6u,57,,,1775148897,6137.633,,0,,"[85,80,41,94,47,54,95,56,49,61]","[79,48,55,59,106,100,98,28,27,76,62,58,20]","[99,96,9,29,21,25,68,92,90,10,60,88,52]","[24,6,8,19,18,89,129,12,82,17,130,63,128]",234567p 3466s,678m 45667p 22789s,33678m r579p r55677s,2345557m 7p 35s 666z
20260403012529_0800_045,20260403012529_0800,20260403012529,800,1,大やまだ,39,,,1775148898,936.836,,0,,"[85,80,41,94,47,54,95,56,49,61]","[79,48,55,59,106,100,98,28,27,76,62,58,20]","[99,96,9,29,21,25,68,92,90,10,60,88,52]","[24,6,8,19,18,89,129,12,82,17,130,63,128]",234567p 3466s,678m 45667p 22789s,33678m r579p r55677s,2345557m 7p 35s 666z
20260403012529_0800_046,20260403012529_0800,20260403012529,800,2,NAKAl,117,,,1775148900,1742.104,,0,,"[85,80,41,94,47,54,95,56,49,61]","[79,48,55,59,106,100,98,28,27,76,62,58,20]","[99,96,9,29,21,25,68,92,90,10,60,88,52]","[24,6,8,19,18,89,129,12,82,17,130,63,128]",234567p 3466s,678m 45667p 22789s,33678m r579p r55677s,2345557m 7p 35s 666z
20260403012529_0800_047,20260403012529_0800,20260403012529,800,3,くまのプウさん,109,,,1775148904,4299.192,,0,,"[85,80,41,94,47,54,95,56,49,61]","[79,48,55,59,106,100,98,28,27,76,62,58,20]","[99,96,9,29,21,25,68,92,90,10,60,88,52]","[24,6,8,19,18,89,129,12,82,17,130,63,128]",234567p 3466s,678m 45667p 22789s,33678m r579p r55677s,2345557m 7p 35s 666z
20260403012529_0800_048,20260403012529_0800,20260403012529,800,0,s6u,23,,,1775148916,12041.471,,0,,"[85,80,41,94,47,54,95,56,49,61]","[79,48,55,59,106,100,98,28,27,76,62,58,20]","[99,96,9,29,21,25,68,92,90,10,60,88,52]","[24,6,8,19,18,89,129,12,82,17,130,63,128]",234567p 3466s,678m 45667p 22789s,33678m r579p r55677s,2345557m 7p 35s 666z
20260403012529_0800_049,20260403012529_0800,20260403012529,800,1,大やまだ,77,,,1775148917,854.808,,0,,"[85,80,41,94,47,54,95,56,49,61]","[79,48,55,59,106,100,98,28,27,76,62,58,20]","[99,96,9,29,21,25,68,92,90,10,60,88,52]","[24,6,8,19,18,89,129,12,82,17,130,63,128]",234567p 3466s,678m 45667p 22789s,33678m r579p r55677s,2345557m 7p 35s 666z
20260403012529_0900_000,20260403012529_0900,20260403012529,900,0,s6u,117,,,1775148928,6504.632,,0,,"[29,70,28,98,69,68,24,99,36,97,25,30,27]","[84,128,120,79,12,75,88,9,105,91,57,110,66]","[0,118,49,16,44,22,78,126,67,60,127,39,101]","[26,3,113,65,63,87,43,129,32,106,94,71,114]",777888m 1999p 777s,34m 68p 124r559s 146z,1r56m 13478p 28s 355z,179m 2789p 469s 226z
20260403012529_0900_001,20260403012529_0900,20260403012529,900,1,大やまだ,110,,,1775148932,3422.197,,0,,"[29,70,28,98,69,68,24,99,36,97,25,30,27]","[84,128,120,79,12,75,88,9,105,91,57,66,35]","[0,118,49,16,44,22,78,126,67,60,127,39,101]","[26,3,113,65,63,87,43,129,32,106,94,71,114]",777888m 1999p 777s,349m 68p 124r559s 46z,1r56m 13478p 28s 355z,179m 2789p 469s 226z
20260403012529_0900_002,20260403012529_0900,20260403012529,900,2,NAKAl,0,,,1775148934,2568.331,,0,,"[29,70,28,98,69,68,24,99,36,97,25,30,27]","[84,128,120,79,12,75,88,9,105,91,57,66,35]","[118,49,16,44,22,78,126,67,60,127,39,101,131]","[26,3,113,65,63,87,43,129,32,106,94,71,114]",777888m 1999p 777s,349m 68p 124r559s 46z,r56m 13478p 28s 3556z,179m 2789p 469s 226z
20260403012529_0900_003,20260403012529_0900,20260403012529,900,3,くまのプウさん,3,,,1775148945,10139.326,,0,,"[29,70,28,98,69,68,24,99,36,97,25,30,27]","[84,128,120,79,12,75,88,9,105,91,57,66,35]","[118,49,16,44,22,78,126,67,60,127,39,101,131]","[26,113,65,63,87,43,129,32,106,94,71,114,45]",777888m 1999p 777s,349m 68p 124r559s 46z,r56m 13478p 28s 3556z,79m 23789p 469s 226z
20260403012529_0900_004,20260403012529_0900,20260403012529,900,0,s6u,74,,,1775148947,2080.781,,0,,"[29,70,28,98,69,68,24,99,36,97,25,30,27]","[84,128,120,79,12,75,88,9,105,91,57,66,35]","[118,49,16,44,22,78,126,67,60,127,39,101,131]","[26,113,65,63,87,43,129,32,106,94,71,114,45]",777888m 1999p 777s,349m 68p 124r559s 46z,r56m 13478p 28s 3556z,79m 23789p 469s 226z
20260403012529_0900_005,20260403012529_0900,20260403012529,900,1,大やまだ,120,,,1775148949,2656.191,,0,,"[29,70,28,98,69,68,24,99,36,97,25,30,27]","[84,128,79,12,75,88,9,105,91,57,66,35,124]","[118,49,16,44,22,78,126,67,60,127,39,101,131]","[26,113,65,63,87,43,129,32,106,94,71,114,45]",777888m 1999p 777s,349m 68p 124r559s 56z,r56m 13478p 28s 3556z,79m 23789p 469s 226z
20260403012529_0900_006,20260403012529_0900,20260403012529,900,2,NAKAl,131,,,1775148952,2325.619,,0,,"[29,70,28,98,69,68,24,99,36,97,25,30,27]","[84,128,79,12,75,88,9,105,91,57,66,35,124]","[118,49,16,44,22,78,126,67,60,127,39,101,125]","[26,113,65,63,87,43,129,32,106,94,71,114,45]",777888m 1999p 777s,349m 68p 124r559s 56z,r56m 13478p 28s 3555z,79m 23789p 469s 226z
20260403012529_0900_007,20260403012529_0900,20260403012529,900,3,くまのプウさん,116,,,1775148956,4085.456,,0,,"[29,70,28,98,69,68,24,99,36,97,25,30,27]","[84,128,79,12,75,88,9,105,91,57,66,35,124]","[118,49,16,44,22,78,126,67,60,127,39,101,125]","[26,113,65,63,87,43,129,32,106,94,71,114,45]",777888m 1999p 777s,349m 68p 124r559s 56z,r56m 13478p 28s 3555z,79m 23789p 469s 226z
20260403012529_0900_008,20260403012529_0900,20260403012529,900,0,s6u,76,,,1775148958,2246.873,,0,,"[29,70,28,98,69,68,24,99,36,97,25,30,27]","[84,128,79,12,75,88,9,105,91,57,66,35,124]","[118,49,16,44,22,78,126,67,60,127,39,101,125]","[26,113,65,63,87,43,129,32,106,94,71,114,45]",777888m 1999p 777s,349m 68p 124r559s 56z,r56m 13478p 28s 3555z,79m 23789p 469s 226z
20260403012529_0900_009,20260403012529_0900,20260403012529,900,1,大やまだ,105,,,1775148960,1893.254,,0,,"[29,70,28,98,69,68,24,99,36,97,25,30,27]","[84,128,79,12,75,88,9,91,57,66,35,124,52]","[118,49,16,44,22,78,126,67,60,127,39,101,125]","[26,113,65,63,87,43,129,32,106,94,71,114,45]",777888m 1999p 777s,349m r568p 124r55s 56z,r56m 13478p 28s 3555z,79m 23789p 469s 226z
20260403012529_0900_010,20260403012529_0900,20260403012529,900,2,NAKAl,118,,,1775148962,2008.86,,0,,"[29,70,28,98,69,68,24,99,36,97,25,30,27]","[84,128,79,12,75,88,9,91,57,66,35,124,52]","[49,16,44,22,78,126,67,60,127,39,101,125,38]","[26,113,65,63,87,43,129,32,106,94,71,114,45]",777888m 1999p 777s,349m r568p 124r55s 56z,r56m 113478p 28s 555z,79m 23789p 469s 226z
20260403012529_0900_011,20260403012529_0900,20260403012529,900,3,くまのプウさん,106,,,1775148965,3384.942,,0,,"[29,70,28,98,69,68,24,99,36,97,25,30,27]","[84,128,79,12,75,88,9,91,57,66,35,124,52]","[49,16,44,22,78,126,67,60,127,39,101,125,38]","[26,113,65,63,87,43,129,32,94,71,114,45,77]",777888m 1999p 777s,349m r568p 124r55s 56z,r56m 113478p 28s 555z,79m 23789p 246s 226z
20260403012529_0900_012,20260403012529_0900,20260403012529,900,0,s6u,72,,,1775148967,1667.73,,0,,"[29,70,28,98,69,68,24,99,36,97,25,30,27]","[84,128,79,12,75,88,9,91,57,66,35,124,52]","[49,16,44,22,78,126,67,60,127,39,101,125,38]","[26,113,65,63,87,43,129,32,94,71,114,45,77]",777888m 1999p 777s,349m r568p 124r55s 56z,r56m 113478p 28s 555z,79m 23789p 246s 226z
20260403012529_0900_013,20260403012529_0900,20260403012529,900,1,大やまだ,35,,,1775148970,2938.804,,0,,"[29,70,28,98,69,68,24,99,36,97,25,30,27]","[84,128,79,12,75,88,9,91,57,66,124,52,80]","[49,16,44,22,78,126,67,60,127,39,101,125,38]","[26,113,65,63,87,43,129,32,94,71,114,45,77]",777888m 1999p 777s,34m r568p 1234r55s 56z,r56m 113478p 28s 555z,79m 23789p 246s 226z
20260403012529_0900_014,20260403012529_0900,20260403012529,900,2,NAKAl,101,,,1775148971,1533.992,,0,,"[29,70,28,98,69,68,24,99,36,97,25,30,27]","[84,128,79,12,75,88,9,91,57,66,124,52,80]","[49,16,44,22,78,126,67,60,127,39,125,38,85]","[26,113,65,63,87,43,129,32,94,71,114,45,77]",777888m 1999p 777s,34m r568p 1234r55s 56z,r56m 113478p 24s 555z,79m 23789p 246s 226z
20260403012529_0900_015,20260403012529_0900,20260403012529,900,3,くまのプウさん,129,,,1775148976,4303.011,,0,,"[29,70,28,98,69,68,24,99,36,97,25,30,27]","[84,128,79,12,75,88,9,91,57,66,124,52,80]","[49,16,44,22,78,126,67,60,127,39,125,38,85]","[26,113,65,63,87,43,32,94,71,114,45,77,73]",777888m 1999p 777s,34m r568p 1234r55s 56z,r56m 113478p 24s 555z,79m 23789p 1246s 22z
20260403012529_0900_016,20260403012529_0900,20260403012529,900,0,s6u,7,,,1775148982,6083.274,,3,1696.065,"[29,70,28,98,69,68,24,99,36,97,25,30,27]","[84,128,79,12,75,88,9,91,57,66,124,52,80]","[49,16,44,22,78,126,67,60,127,39,125,38,85]","[26,113,65,63,87,43,32,94,71,114,45,77,73]",777888m 1999p 777s,34m r568p 1234r55s 56z,r56m 113478p 24s 555z,79m 23789p 1246s 22z
20260403012529_0900_017,20260403012529_0900,20260403012529,900,1,大やまだ,128,,,1775148984,923.73,,0,,"[29,70,28,98,69,68,24,99,36,97,25,30,27]","[84,79,12,75,88,9,91,57,66,124,52,80,19]","[49,16,44,22,78,126,67,60,127,39,125,38,85]","[26,113,65,63,87,43,32,94,71,114,45,77,73]",777888m 1999p 777s,345m r568p 1234r55s 5z,r56m 113478p 24s 555z,79m 23789p 1246s 22z
20260403012529_0900_018,20260403012529_0900,20260403012529,900,2,NAKAl,34,,,1775148987,2119.337,,0,,"[29,70,28,98,69,68,24,99,36,97,25,30,27]","[84,79,12,75,88,9,91,57,66,124,52,80,19]","[49,16,44,22,78,126,67,60,127,39,125,38,85]","[26,113,65,63,87,43,32,94,71,114,45,77,73]",777888m 1999p 777s,345m r568p 1234r55s 5z,r56m 113478p 24s 555z,79m 23789p 1246s 22z
20260403012529_0900_019,20260403012529_0900,20260403012529,900,3,くまのプウさん,103,,,1775148988,1885.642,,0,,"[29,70,28,98,69,68,24,99,36,97,25,30,27]","[84,79,12,75,88,9,91,57,66,124,52,80,19]","[49,16,44,22,78,126,67,60,127,39,125,38,85]","[26,113,65,63,87,43,32,94,71,114,45,77,73]",777888m 1999p 777s,345m r568p 1234r55s 5z,r56m 113478p 24s 555z,79m 23789p 1246s 22z
20260403012529_0900_020,20260403012529_0900,20260403012529,900,0,s6u,90,,,1775148991,2145.694,,3,1321.427,"[29,70,28,98,69,68,24,99,36,97,25,30,27]","[84,79,12,75,88,9,91,57,66,124,52,80,19]","[49,16,44,22,78,126,67,60,127,39,125,38,85]","[26,113,65,63,87,43,32,94,71,114,45,77,73]",777888m 1999p 777s,345m r568p 1234r55s 5z,r56m 113478p 24s 555z,79m 23789p 1246s 22z
20260403012529_0900_021,20260403012529_0900,20260403012529,900,1,大やまだ,124,,,1775148995,3271.822,,3,1561.951,"[29,70,28,98,69,68,24,99,36,97,25,30,27]","[84,79,12,75,88,9,91,57,66,52,80,19,41]","[49,16,44,22,78,126,67,60,127,39,125,38,85]","[26,113,65,63,87,43,32,94,71,114,45,77,73]",777888m 1999p 777s,345m 2r568p 1234r55s,r56m 113478p 24s 555z,79m 23789p 1246s 22z
20260403012529_0900_022,20260403012529_0900,20260403012529,900,2,NAKAl,2,,,1775148998,1312.912,,0,,"[29,70,28,98,69,68,24,99,36,97,25,30,27]","[84,79,12,75,88,9,91,57,66,52,80,19,41]","[49,16,44,22,78,126,67,60,127,39,125,38,85]","[26,113,65,63,87,43,32,94,71,114,45,77,73]",777888m 1999p 777s,345m 2r568p 1234r55s,r56m 113478p 24s 555z,79m 23789p 1246s 22z
20260403012529_0900_023,20260403012529_0900,20260403012529,900,3,くまのプウさん,32,,,1775149006,7891.172,,5,227.584,"[29,70,28,98,69,68,24,99,36,97,25,30,27]","[84,79,12,75,88,9,91,57,66,52,80,19,41]","[49,16,44,22,78,126,67,60,127,39,125,38,85]","[26,113,65,63,87,43,94,71,114,45,77,73,21]",777888m 1999p 777s,345m 2r568p 1234r55s,r56m 113478p 24s 555z,67m 23789p 1246s 22z
20260403012529_0900_024,20260403012529_0900,20260403012529,900,0,s6u,8,,,1775149008,1752.398,,3,1290.627,"[29,70,28,98,69,68,24,99,36,97,25,30,27]","[84,79,12,75,88,9,91,57,66,52,80,19,41]","[49,16,44,22,78,126,67,60,127,39,125,38,85]","[26,113,65,63,87,43,94,71,114,45,77,73,21]",777888m 1999p 777s,345m 2r568p 1234r55s,r56m 113478p 24s 555z,67m 23789p 1246s 22z
20260403012529_0900_025,20260403012529_0900,20260403012529,900,1,大やまだ,66,,,1775149015,6165.377,,0,,"[29,70,28,98,69,68,24,99,36,97,25,30,27]","[84,79,12,75,88,9,91,57,52,80,19,41,50]","[49,16,44,22,78,126,67,60,127,39,125,38,85]","[26,113,65,63,87,43,94,71,114,45,77,73,21]",777888m 1999p 777s,345m 24r56p 1234r55s,r56m 113478p 24s 555z,67m 23789p 1246s 22z
20260403012529_0900_026,20260403012529_0900,20260403012529,900,2,NAKAl,85,,,1775149017,1515.514,,0,,"[29,70,28,98,69,68,24,99,36,97,25,30,27]","[84,79,12,75,88,9,91,57,52,80,19,41,50]","[49,16,44,22,78,126,67,60,127,39,125,38,13]","[26,113,65,63,87,43,94,71,114,45,77,73,21]",777888m 1999p 777s,345m 24r56p 1234r55s,4r56m 113478p 2s 555z,67m 23789p 1246s 22z
20260403012529_0900_027,20260403012529_0900,20260403012529,900,3,くまのプウさん,86,,,1775149021,3781.525,,0,,"[29,70,28,98,69,68,24,99,36,97,25,30,27]","[84,79,12,75,88,9,91,57,52,80,19,41,50]","[49,16,44,22,78,126,67,60,127,39,125,38,13]","[26,113,65,63,87,43,94,71,114,45,77,73,21]",777888m 1999p 777s,345m 24r56p 1234r55s,4r56m 113478p 2s 555z,67m 23789p 1246s 22z
20260403012529_0900_028,20260403012529_0900,20260403012529,900,0,s6u,17,,,1775149022,1620.026,,3,1650.566,"[29,70,28,98,69,68,24,99,36,97,25,30,27]","[84,79,12,75,88,9,91,57,52,80,19,41,50]","[49,16,44,22,78,126,67,60,127,39,125,38,13]","[26,113,65,63,87,43,94,71,114,45,77,73,21]",777888m 1999p 777s,345m 24r56p 1234r55s,4r56m 113478p 2s 555z,67m 23789p 1246s 22z
20260403012529_0900_029,20260403012529_0900,20260403012529,900,1,大やまだ,31,,,1775149026,2234.328,,3,200.965,"[29,70,28,98,69,68,24,99,36,97,25,30,27]","[84,79,12,75,88,9,91,57,52,80,19,41,50]","[49,16,44,22,78,126,67,60,127,39,125,38,13]","[26,113,65,63,87,43,94,71,114,45,77,73,21]",777888m 1999p 777s,345m 24r56p 1234r55s,4r56m 113478p 2s 555z,67m 23789p 1246s 22z
20260403012529_0900_030,20260403012529_0900,20260403012529,900,2,NAKAl,78,,,1775149029,2593.183,,0,,"[29,70,28,98,69,68,24,99,36,97,25,30,27]","[84,79,12,75,88,9,91,57,52,80,19,41,50]","[49,16,44,22,126,67,60,127,39,125,38,13,4]","[26,113,65,63,87,43,94,71,114,45,77,73,21]",777888m 1999p 777s,345m 24r56p 1234r55s,24r56m 113478p 555z,67m 23789p 1246s 22z
20260403012529_0900_031,20260403012529_0900,20260403012529,900,3,くまのプウさん,109,,,1775149031,2145.758,,0,,"[29,70,28,98,69,68,24,99,36,97,25,30,27]","[84,79,12,75,88,9,91,57,52,80,19,41,50]","[49,16,44,22,126,67,60,127,39,125,38,13,4]","[26,113,65,63,87,43,94,71,114,45,77,73,21]",777888m 1999p 777s,345m 24r56p 1234r55s,24r56m 113478p 555z,67m 23789p 1246s 22z
20260403012529_0900_032,20260403012529_0900,20260403012529,900,0,s6u,119,,,1775149033,1609.932,,0,,"[29,70,28,98,69,68,24,99,36,97,25,30,27]","[84,79,12,75,88,9,91,57,52,80,19,41,50]","[49,16,44,22,126,67,60,127,39,125,38,13,4]","[26,113,65,63,87,43,94,71,114,45,77,73,21]",777888m 1999p 777s,345m 24r56p 1234r55s,24r56m 113478p 555z,67m 23789p 1246s 22z
20260403012529_0900_033,20260403012529_0900,20260403012529,900,1,大やまだ,134,,,1775149035,1882.561,,0,,"[29,70,28,98,69,68,24,99,36,97,25,30,27]","[84,79,12,75,88,9,91,57,52,80,19,41,50]","[49,16,44,22,126,67,60,127,39,125,38,13,4]","[26,113,65,63,87,43,94,71,114,45,77,73,21]",777888m 1999p 777s,345m 24r56p 1234r55s,24r56m 113478p 555z,67m 23789p 1246s 22z
20260403012529_0900_034,20260403012529_0900,20260403012529,900,2,NAKAl,4,,,1775149037,2556.549,,0,,"[29,70,28,98,69,68,24,99,36,97,25,30,27]","[84,79,12,75,88,9,91,57,52,80,19,41,50]","[49,16,44,22,126,67,60,127,39,125,38,13,121]","[26,113,65,63,87,43,94,71,114,45,77,73,21]",777888m 1999p 777s,345m 24r56p 1234r55s,4r56m 113478p 4555z,67m 23789p 1246s 22z
20260403012529_0900_035,20260403012529_0900,20260403012529,900,3,くまのプウさん,73,,,1775149040,2754.991,,0,,"[29,70,28,98,69,68,24,99,36,97,25,30,27]","[84,79,12,75,88,9,91,57,52,80,19,41,50]","[49,16,44,22,126,67,60,127,39,125,38,13,121]","[26,113,65,63,87,43,94,71,114,45,77,21,115]",777888m 1999p 777s,345m 24r56p 1234r55s,4r56m 113478p 4555z,67m 23789p 246s 222z
20260403012529_0900_036,20260403012529_0900,20260403012529,900,0,s6u,15,,,1775149042,2128.668,,3,1378.503,"[29,70,28,98,69,68,24,99,36,97,25,30,27]","[84,79,12,75,88,9,91,57,52,80,19,41,50]","[49,16,44,22,126,67,60,127,39,125,38,13,121]","[26,113,65,63,87,43,94,71,114,45,77,21,115]",777888m 1999p 777s,345m 24r56p 1234r55s,4r56m 113478p 4555z,67m 23789p 246s 222z
20260403012529_0900_037,20260403012529_0900,20260403012529,900,1,大やまだ,41,,,1775149048,4357.59,,0,,"[29,70,28,98,69,68,24,99,36,97,25,30,27]","[84,79,12,75,88,9,91,57,52,80,19,50,95]","[49,16,44,22,126,67,60,127,39,125,38,13,121]","[26,113,65,63,87,43,94,71,114,45,77,21,115]",777888m 1999p 777s,345m 4r56p 1234r556s,4r56m 113478p 4555z,67m 23789p 246s 222z
20260403012529_0900_038,20260403012529_0900,20260403012529,900,2,NAKAl,121,,,1775149052,,,0,,"[29,70,28,98,69,68,24,99,36,97,25,30,27]","[84,79,12,75,88,9,91,57,52,80,19,50,95]","[16,22,126,67,60,127,39,125,38,13]","[26,113,65,63,87,43,94,71,114,45,77,21,115]",777888m 1999p 777s,345m 4r56p 1234r556s,4r56m 1178p 555z,67m 23789p 246s 222z
20260403012529_0900_039,20260403012529_0900,20260403012529,900,3,くまのプウさん,122,,,1775149054,2188.813,,0,,"[29,70,28,98,69,68,24,99,36,97,25,30,27]","[84,79,12,75,88,9,91,57,52,80,19,50,95]","[16,22,126,67,60,127,39,125,38,13]","[26,113,65,63,87,43,94,71,114,45,77,21,115]",777888m 1999p 777s,345m 4r56p 1234r556s,4r56m 1178p 555z,67m 23789p 246s 222z
20260403012529_0900_040,20260403012529_0900,20260403012529,900,0,s6u,40,,,1775149059,4647.76,,0,,"[29,70,28,98,69,68,24,99,36,97,25,30,27]","[84,79,12,75,88,9,91,57,52,80,19,50,95]","[16,22,126,67,60,127,39,125,38,13]","[26,113,65,63,87,43,94,71,114,45,77,21,115]",777888m 1999p 777s,345m 4r56p 1234r556s,4r56m 1178p 555z,67m 23789p 246s 222z
20260403012529_0900_041,20260403012529_0900,20260403012529,900,1,大やまだ,91,,,1775149069,1876.827,8756.716,0,,"[29,70,28,98,69,68,24,99,36,97,25,30,27]","[84,79,12,75,88,9,57,52,80,19,50,95,56]","[16,22,126,67,60,127,39,125,38,13]","[26,113,65,63,87,43,94,71,114,45,77,21,115]",777888m 1999p 777s,345m 4r566p 1234r56s,4r56m 1178p 555z,67m 23789p 246s 222z
20260403012529_0900_042,20260403012529_0900,20260403012529,900,2,NAKAl,10,,,1775149071,1505.567,,0,,"[29,70,28,98,69,68,24,99,36,97,25,30,27]","[84,79,12,75,88,9,57,52,80,19,50,95,56]","[16,22,126,67,60,127,39,125,38,13]","[26,113,65,63,87,43,94,71,114,45,77,21,115]",777888m 1999p 777s,345m 4r566p 1234r56s,4r56m 1178p 555z,67m 23789p 246s 222z
20260403012529_0900_043,20260403012529_0900,20260403012529,900,3,くまのプウさん,115,,,1775149073,2332.53,,0,,"[29,70,28,98,69,68,24,99,36,97,25,30,27]","[84,79,12,75,88,9,57,52,80,19,50,95,56]","[16,22,126,67,60,127,39,125,38,13]","[26,113,65,63,87,43,94,71,114,45,77,21,48]",777888m 1999p 777s,345m 4r566p 1234r56s,4r56m 1178p 555z,67m 234789p 246s 22z
20260403012529_0900_044,20260403012529_0900,20260403012529,900,0,s6u,92,,,1775149083,9680.032,,0,,"[29,70,28,98,69,68,24,99,36,97,25,30,27]","[84,79,12,75,88,9,57,52,80,19,50,95,56]","[16,22,126,67,60,127,39,125,38,13]","[26,113,65,63,87,43,94,71,114,45,77,21,48]",777888m 1999p 777s,345m 4r566p 1234r56s,4r56m 1178p 555z,67m 234789p 246s 22z
20260403012529_0900_045,20260403012529_0900,20260403012529,900,1,大やまだ,82,,,1775149084,980.301,,0,,"[29,70,28,98,69,68,24,99,36,97,25,30,27]","[84,79,12,75,88,9,57,52,80,19,50,95,56]","[16,22,126,67,60,127,39,125,38,13]","[26,113,65,63,87,43,94,71,114,45,77,21,48]",777888m 1999p 777s,345m 4r566p 1234r56s,4r56m 1178p 555z,67m 234789p 246s 22z
20260403012529_0900_046,20260403012529_0900,20260403012529,900,2,NAKAl,61,,,1775149086,2058.124,,5,1435.13,"[29,70,28,98,69,68,24,99,36,97,25,30,27]","[84,79,12,75,88,9,57,52,80,19,50,95,56]","[16,22,126,67,60,127,39,125,38,13]","[26,113,65,63,87,43,94,71,114,45,77,21,48]",777888m 1999p 777s,345m 4r566p 1234r56s,4r56m 1178p 555z,67m 234789p 246s 22z
20260403012529_0900_047,20260403012529_0900,20260403012529,900,3,くまのプウさん,33,,,1775149089,1878.021,,5,206.563,"[29,70,28,98,69,68,24,99,36,97,25,30,27]","[84,79,12,75,88,9,57,52,80,19,50,95,56]","[16,22,126,67,60,127,39,125,38,13]","[26,113,65,63,87,43,94,71,114,45,77,21,48]",777888m 1999p 777s,345m 4r566p 1234r56s,4r56m 1178p 555z,67m 234789p 246s 22z
20260403012529_0900_048,20260403012529_0900,20260403012529,900,0,s6u,130,,,1775149091,2004.36,,0,,"[29,70,28,98,69,68,24,99,36,97,25,30,27]","[84,79,12,75,88,9,57,52,80,19,50,95,56]","[16,22,126,67,60,127,39,125,38,13]","[26,113,65,63,87,43,94,71,114,45,77,21,48]",777888m 1999p 777s,345m 4r566p 1234r56s,4r56m 1178p 555z,67m 234789p 246s 22z
20260403012529_0900_049,20260403012529_0900,20260403012529,900,1,大やまだ,83,,,1775149092,921.411,,0,,"[29,70,28,98,69,68,24,99,36,97,25,30,27]","[84,79,12,75,88,9,57,52,80,19,50,95,56]","[16,22,126,67,60,127,39,125,38,13]","[26,113,65,63,87,43,94,71,114,45,77,21,48]",777888m 1999p 777s,345m 4r566p 1234r56s,4r56m 1178p 555z,67m 234789p 246s 22z
20260403012529_0900_050,20260403012529_0900,20260403012529,900,2,NAKAl,123,,,1775149096,3480.072,,0,,"[29,70,28,98,69,68,24,99,36,97,25,30,27]","[84,79,12,75,88,9,57,52,80,19,50,95,56]","[16,22,126,67,60,127,39,125,38,13]","[26,113,65,63,87,43,94,71,114,45,77,21,48]",777888m 1999p 777s,345m 4r566p 1234r56s,4r56m 1178p 555z,67m 234789p 246s 22z
20260403012529_0900_051,20260403012529_0900,20260403012529,900,3,くまのプウさん,94,,,1775149099,3069.808,,0,,"[29,70,28,98,69,68,24,99,36,97,25,30,27]","[84,79,12,75,88,9,57,52,80,19,50,95,56]","[16,22,126,67,60,127,39,125,38,13]","[26,113,65,63,87,43,71,114,45,77,21,48,23]",777888m 1999p 777s,345m 4r566p 1234r56s,4r56m 1178p 555z,667m 234789p 24s 22z
20260403012529_0900_052,20260403012529_0900,20260403012529,900,0,s6u,93,,,1775149101,1820.663,,0,,"[29,70,28,98,69,68,24,99,36,97,25,30,27]","[84,79,12,75,88,9,57,52,80,19,50,95,56]","[16,22,126,67,60,127,39,125,38,13]","[26,113,65,63,87,43,71,114,45,77,21,48,23]",777888m 1999p 777s,345m 4r566p 1234r56s,4r56m 1178p 555z,667m 234789p 24s 22z
20260403012529_0900_053,20260403012529_0900,20260403012529,900,1,大やまだ,96,,,1775149101,892.987,,3,443.899,"[29,70,28,98,69,68,24,99,36,97,25,30,27]","[84,79,12,75,88,9,57,52,80,19,50,95,56]","[16,22,126,67,60,127,39,125,38,13]","[26,113,65,63,87,43,71,114,45,77,21,48,23]",777888m 1999p 777s,345m 4r566p 1234r56s,4r56m 1178p 555z,667m 234789p 24s 22z
20260403012529_0900_054,20260403012529_0900,20260403012529,900,2,NAKAl,133,,,1775149103,1335.737,,0,,"[29,70,28,98,69,68,24,99,36,97,25,30,27]","[84,79,12,75,88,9,57,52,80,19,50,95,56]","[16,22,126,67,60,127,39,125,38,13]","[26,113,65,63,87,43,71,114,45,77,21,48,23]",777888m 1999p 777s,345m 4r566p 1234r56s,4r56m 1178p 555z,667m 234789p 24s 22z
20260403012529_0900_055,20260403012529_0900,20260403012529,900,3,くまのプウさん,111,,,1775149105,2273.23,,0,,"[29,70,28,98,69,68,24,99,36,97,25,30,27]","[84,79,12,75,88,9,57,52,80,19,50,95,56]","[16,22,126,67,60,127,39,125,38,13]","[26,113,65,63,87,43,71,114,45,77,21,48,23]",777888m 1999p 777s,345m 4r566p 1234r56s,4r56m 1178p 555z,667m 234789p 24s 22z
20260403012529_0900_056,20260403012529_0900,20260403012529,900,0,s6u,107,,,1775149107,1835.361,,0,,"[29,70,28,98,69,68,24,99,36,97,25,30,27]","[84,79,12,75,88,9,57,52,80,19,50,95,56]","[16,22,126,67,60,127,39,125,38,13]","[26,113,65,63,87,43,71,114,45,77,21,48,23]",777888m 1999p 777s,345m 4r566p 1234r56s,4r56m 1178p 555z,667m 234789p 24s 22z
20260403012529_0900_057,20260403012529_0900,20260403012529,900,1,大やまだ,5,,,1775149109,1347.486,,0,,"[29,70,28,98,69,68,24,99,36,97,25,30,27]","[84,79,12,75,88,9,57,52,80,19,50,95,56]","[16,22,126,67,60,127,39,125,38,13]","[26,113,65,63,87,43,71,114,45,77,21,48,23]",777888m 1999p 777s,345m 4r566p 1234r56s,4r56m 1178p 555z,667m 234789p 24s 22z
20260403012529_0900_058,20260403012529_0900,20260403012529,900,2,NAKAl,46,,,1775149111,2649.152,,0,,"[29,70,28,98,69,68,24,99,36,97,25,30,27]","[84,79,12,75,88,9,57,52,80,19,50,95,56]","[16,22,126,67,60,127,39,125,38,13]","[26,113,65,63,87,43,71,114,45,77,21,48,23]",777888m 1999p 777s,345m 4r566p 1234r56s,4r56m 1178p 555z,667m 234789p 24s 22z
20260403091322_0000_000,20260403091322_0000,20260403091322,0,2,おにゃにゃー,134,,,1775175212,9814.525,,0,,"[26,68,74,47,92,66,52,13,36,108,90,93,27]","[30,76,54,101,53,28,117,67,65,94,44,7,104]","[79,0,14,133,61,132,86,56,97,124,91,51,127]","[17,84,85,98,110,49,103,95,106,31,21,50,60]",477m 13r589p 1566s 1z,288m 35588p 2689s 3z,14m 467p 2457s 5577z,568m 447p 446789s 1z
20260403091322_0000_001,20260403091322_0000,20260403091322,0,3,フェザーＭ,73,,,1775175214,2935.557,,0,,"[26,68,74,47,92,66,52,13,36,108,90,93,27]","[30,76,54,101,53,28,117,67,65,94,44,7,104]","[79,0,14,133,61,132,86,56,97,124,91,51,127]","[17,84,85,98,110,49,103,95,106,31,21,50,60]",477m 13r589p 1566s 1z,288m 35588p 2689s 3z,14m 467p 2457s 5577z,568m 447p 446789s 1z
20260403091322_0000_002,20260403091322_0000,20260403091322,0,0,パシフィック,74,,,1775175221,6678.008,,0,,"[26,68,47,92,66,52,13,36,108,90,93,27,83]","[30,76,54,101,53,28,117,67,65,94,44,7,104]","[79,0,14,133,61,132,86,56,97,124,91,51,127]","[17,84,85,98,110,49,103,95,106,31,21,50,60]",477m 13r589p 3566s 1z,288m 35588p 2689s 3z,14m 467p 2457s 5577z,568m 447p 446789s 1z
20260403091322_0000_003,20260403091322_0000,20260403091322,0,1,きゆう,104,,,1775175223,1548.948,,0,,"[26,68,47,92,66,52,13,36,108,90,93,27,83]","[30,76,54,101,53,28,117,67,65,94,44,7,102]","[79,0,14,133,61,132,86,56,97,124,91,51,127]","[17,84,85,98,110,49,103,95,106,31,21,50,60]",477m 13r589p 3566s 1z,288m 35588p 2688s 3z,14m 467p 2457s 5577z,568m 447p 446789s 1z
20260403091322_0000_004,20260403091322_0000,20260403091322,0,2,おにゃにゃー,0,,,1775175225,2366.411,,0,,"[26,68,47,92,66,52,13,36,108,90,93,27,83]","[30,76,54,101,53,28,117,67,65,94,44,7,102]","[79,14,133,61,132,86,56,97,124,91,51,127,22]","[17,84,85,98,110,49,103,95,106,31,21,50,60]",477m 13r589p 3566s 1z,288m 35588p 2688s 3z,46m 467p 2457s 5577z,568m 447p 446789s 1z
20260403091322_0000_005,20260403091322_0000,20260403091322,0,3,フェザーＭ,31,,,1775175228,2796.481,,3,271.518,"[26,68,47,92,66,52,13,36,108,90,93,27,83]","[30,76,54,101,53,28,117,67,65,94,44,7,102]","[79,14,133,61,132,86,56,97,124,91,51,127,22]","[17,84,85,98,110,49,103,95,106,21,50,60,63]",477m 13r589p 3566s 1z,288m 35588p 2688s 3z,46m 467p 2457s 5577z,56m 4477p 446789s 1z
20260403091322_0000_006,20260403091322_0000,20260403091322,0,0,パシフィック,108,,,1775175230,2259.519,,0,,"[26,68,47,92,66,52,13,36,90,93,27,83,35]","[30,76,54,101,53,28,117,67,65,94,44,7,102]","[79,14,133,61,132,86,56,97,124,91,51,127,22]","[17,84,85,98,110,49,103,95,106,21,50,60,63]",4779m 13r589p 3566s,288m 35588p 2688s 3z,46m 467p 2457s 5577z,56m 4477p 446789s 1z
20260403091322_0000_007,20260403091322_0000,20260403091322,0,1,きゆう,117,,,1775175237,6286.792,,0,,"[26,68,47,92,66,52,13,36,90,93,27,83,35]","[30,76,54,101,53,28,67,65,94,44,7,102,6]","[79,14,133,61,132,86,56,97,124,91,51,127,22]","[17,84,85,98,110,49,103,95,106,21,50,60,63]",4779m 13r589p 3566s,2288m 35588p 2688s,46m 467p 2457s 5577z,56m 4477p 446789s 1z
20260403091322_0000_008,20260403091322_0000,20260403091322,0,2,おにゃにゃー,51,,,1775175240,2968.961,,3,1428.942,"[26,68,47,92,66,52,13,36,90,93,27,83,35]","[30,76,54,101,53,28,67,65,94,44,7,102,6]","[79,14,133,61,132,86,56,97,124,91,127,22,107]","[17,84,85,98,110,49,103,95,106,21,50,60,63]",4779m 13r589p 3566s,2288m 35588p 2688s,46m 67p 24579s 5577z,56m 4477p 446789s 1z
20260403091322_0000_009,20260403091322_0000,20260403091322,0,3,フェザーＭ,110,,,1775175243,1955.561,,0,,"[26,68,47,92,66,52,13,36,90,93,27,83,35]","[30,76,54,101,53,28,67,65,94,44,7,102,6]","[79,14,133,61,132,86,56,97,124,91,127,22,107]","[17,84,85,98,49,103,95,106,21,50,60,63,41]",4779m 13r589p 3566s,2288m 35588p 2688s,46m 67p 24579s 5577z,56m 24477p 446789s
20260403091322_0000_010,20260403091322_0000,20260403091322,0,0,パシフィック,35,,,1775175245,2186.869,,0,,"[26,68,47,92,66,52,13,36,90,93,27,83,25]","[30,76,54,101,53,28,67,65,94,44,7,102,6]","[79,14,133,61,132,86,56,97,124,91,127,22,107]","[17,84,85,98,49,103,95,106,21,50,60,63,41]",4777m 13r589p 3566s,2288m 35588p 2688s,46m 67p 24579s 5577z,56m 24477p 446789s
20260403091322_0000_011,20260403091322_0000,20260403091322,0,1,きゆう,76,,,1775175248,2633.377,,0,,"[26,68,47,92,66,52,13,36,90,93,27,83,25]","[30,54,101,53,28,67,65,94,44,7,102,6,8]","[79,14,133,61,132,86,56,97,124,91,127,22,107]","[17,84,85,98,49,103,95,106,21,50,60,63,41]",4777m 13r589p 3566s,22388m 35588p 688s,46m 67p 24579s 5577z,56m 24477p 446789s
20260403091322_0000_012,20260403091322_0000,20260403091322,0,2,おにゃにゃー,79,,,1775175250,2352.338,,0,,"[26,68,47,92,66,52,13,36,90,93,27,83,25]","[30,54,101,53,28,67,65,94,44,7,102,6,8]","[14,133,61,132,86,56,97,124,91,127,22,107,120]","[17,84,85,98,49,103,95,106,21,50,60,63,41]",4777m 13r589p 3566s,22388m 35588p 688s,46m 67p 4579s 45577z,56m 24477p 446789s
20260403091322_0000_013,20260403091322_0000,20260403091322,0,3,フェザーＭ,106,,,1775175257,6349.023,,0,,"[26,68,47,92,66,52,13,36,90,93,27,83,25]","[30,54,101,53,28,67,65,94,44,7,102,6,8]","[14,133,61,132,86,56,97,124,91,127,22,107,120]","[17,84,85,98,49,103,95,21,50,60,63,41,40]",4777m 13r589p 3566s,22388m 35588p 688s,46m 67p 4579s 45577z,56m 224477p 44678s
20260403091322_0000_014,20260403091322_0000,20260403091322,0,0,パシフィック,66,,,1775175260,3389.315,,3,388.549,"[26,68,47,92,52,13,36,90,93,27,83,25,19]","[30,54,101,53,28,67,65,94,44,7,102,6,8]","[14,133,61,132,86,56,97,124,91,127,22,107,120]","[17,84,85,98,49,103,95,21,50,60,63,41,40]",45777m 13r59p 3566s,22388m 35588p 688s,46m 67p 4579s 45577z,56m 224477p 44678s
20260403091322_0000_015,20260403091322_0000,20260403091322,0,1,きゆう,109,,,1775175262,1949.177,,0,,"[26,68,47,92,52,13,36,90,93,27,83,25,19]","[30,54,101,53,28,67,65,94,44,7,102,6,8]","[14,133,61,132,86,56,97,124,91,127,22,107,120]","[17,84,85,98,49,103,95,21,50,60,63,41,40]",45777m 13r59p 3566s,22388m 35588p 688s,46m 67p 4579s 45577z,56m 224477p 44678s
20260403091322_0000_016,20260403091322_0000,20260403091322,0,2,おにゃにゃー,120,,,1775175264,1874.681,,0,,"[26,68,47,92,52,13,36,90,93,27,83,25,19]","[30,54,101,53,28,67,65,94,44,7,102,6,8]","[14,133,61,132,86,56,97,124,91,127,22,107,113]","[17,84,85,98,49,103,95,21,50,60,63,41,40]",45777m 13r59p 3566s,22388m 35588p 688s,46m 67p 4579s 25577z,56m 224477p 44678s
20260403091322_0000_017,20260403091322_0000,20260403091322,0,3,フェザーＭ,75,,,1775175266,2121.425,,0,,"[26,68,47,92,52,13,36,90,93,27,83,25,19]","[30,54,101,53,28,67,65,94,44,7,102,6,8]","[14,133,61,132,86,56,97,124,91,127,22,107,113]","[17,84,85,98,49,103,95,21,50,60,63,41,40]",45777m 13r59p 3566s,22388m 35588p 688s,46m 67p 4579s 25577z,56m 224477p 44678s
20260403091322_0000_018,20260403091322_0000,20260403091322,0,0,パシフィック,68,,,1775175269,2289.332,,0,,"[26,47,92,52,13,36,90,93,27,83,25,19,45]","[30,54,101,53,28,67,65,94,44,7,102,6,8]","[14,133,61,132,86,56,97,124,91,127,22,107,113]","[17,84,85,98,49,103,95,21,50,60,63,41,40]",45777m 133r5p 3566s,22388m 35588p 688s,46m 67p 4579s 25577z,56m 224477p 44678s
20260403091322_0000_019,20260403091322_0000,20260403091322,0,1,きゆう,34,,,1775175271,2161.031,,0,,"[26,47,92,52,13,36,90,93,27,83,25,19,45]","[30,54,101,53,28,67,65,94,44,7,102,6,8]","[14,133,61,132,86,56,97,124,91,127,22,107,113]","[17,84,85,98,49,103,95,21,50,60,63,41,40]",45777m 133r5p 3566s,22388m 35588p 688s,46m 67p 4579s 25577z,56m 224477p 44678s
20260403091322_0000_020,20260403091322_0000,20260403091322,0,2,おにゃにゃー,107,,,1775175273,2000.642,,5,2056.6,"[26,47,92,52,13,36,90,93,27,83,25,19,45]","[30,54,101,53,28,67,65,94,44,7,102,6,8]","[14,133,61,132,86,56,97,124,91,127,22,113,15]","[17,84,85,98,49,103,95,21,50,60,63,41,40]",45777m 133r5p 3566s,22388m 35588p 688s,446m 67p 457s 25577z,56m 224477p 44678s
20260403091322_0000_021,20260403091322_0000,20260403091322,0,3,フェザーＭ,49,,,1775175279,4398.039,,0,,"[26,47,92,52,13,36,90,93,27,83,25,19,45]","[30,54,101,53,28,67,65,94,44,7,102,6,8]","[14,133,61,132,86,56,97,124,91,127,22,113,15]","[17,84,85,98,103,95,21,50,60,63,41,40,55]",45777m 133r5p 3566s,22388m 35588p 688s,446m 67p 457s 25577z,56m 224577p 44678s
20260403091322_0000_022,20260403091322_0000,20260403091322,0,0,パシフィック,47,,,1775175282,,,0,,"[26,92,13,36,90,93,27,83,25,19]","[30,54,101,53,28,67,65,94,44,7,102,6,8]","[14,133,61,132,86,56,97,124,91,127,22,113,15]","[17,84,85,98,103,95,21,50,60,63,41,40,55]",45777m 1p 3566s,22388m 35588p 688s,446m 67p 457s 25577z,56m 224577p 44678s
20260403091322_0000_023,20260403091322_0000,20260403091322,0,1,きゆう,44,,,1775175285,2561.042,,0,,"[26,92,13,36,90,93,27,83,25,19]","[30,54,101,53,28,67,65,94,7,102,6,8,100]","[14,133,61,132,86,56,97,124,91,127,22,113,15]","[17,84,85,98,103,95,21,50,60,63,41,40,55]",45777m 1p 3566s,22388m 5588p 6888s,446m 67p 457s 25577z,56m 224577p 44678s
20260403091322_0000_024,20260403091322_0000,20260403091322,0,2,おにゃにゃー,97,,,1775175287,2023.863,,5,2008.67,"[26,92,13,36,90,93,27,83,25,19]","[30,54,101,53,28,67,65,94,7,102,6,8,100]","[14,133,61,132,86,56,124,91,127,22,113,15,23]","[17,84,85,98,103,95,21,50,60,63,41,40,55]",45777m 1p 3566s,22388m 5588p 6888s,4466m 67p 45s 25577z,56m 224577p 44678s
20260403091322_0000_025,20260403091322_0000,20260403091322,0,3,フェザーＭ,119,,,1775175290,1144.052,,0,,"[26,92,13,36,90,93,27,83,25,19]","[30,54,101,53,28,67,65,94,7,102,6,8,100]","[14,133,61,132,86,56,124,91,127,22,113,15,23]","[17,84,85,98,103,95,21,50,60,63,41,40,55]",45777m 1p 3566s,22388m 5588p 6888s,4466m 67p 45s 25577z,56m 224577p 44678s
20260403091322_0000_026,20260403091322_0000,20260403091322,0,0,パシフィック,36,,,1775175292,1856.899,,0,,"[26,92,13,90,93,27,83,25,19,105]","[30,54,101,53,28,67,65,94,7,102,6,8,100]","[14,133,61,132,86,56,124,91,127,22,113,15,23]","[17,84,85,98,103,95,21,50,60,63,41,40,55]",45777m 35669s,22388m 5588p 6888s,4466m 67p 45s 25577z,56m 224577p 44678s
20260403091322_0000_027,20260403091322_0000,20260403091322,0,1,きゆう,94,,,1775175296,3711.677,,0,,"[26,92,13,90,93,27,83,25,19,105]","[30,54,101,53,28,67,65,7,102,6,8,100,87]","[14,133,61,132,86,56,124,91,127,22,113,15,23]","[17,84,85,98,103,95,21,50,60,63,41,40,55]",45777m 35669s,22388m 5588p 4888s,4466m 67p 45s 25577z,56m 224577p 44678s
20260403091322_0000_028,20260403091322_0000,20260403091322,0,0,パシフィック,105,,,1775175299,,,0,,"[26,13,90,27,83,25,19]","[30,54,101,53,28,67,65,7,102,6,8,100,87]","[14,133,61,132,86,56,124,91,127,22,113,15,23]","[17,84,85,98,103,95,21,50,60,63,41,40,55]",45777m 35s,22388m 5588p 4888s,4466m 67p 45s 25577z,56m 224577p 44678s
20260403091322_0000_029,20260403091322_0000,20260403091322,0,1,きゆう,87,,,1775175301,1917.519,,0,,"[26,13,90,27,83,25,19]","[30,54,101,53,28,67,65,7,102,6,8,100,16]","[14,133,61,132,86,56,124,91,127,22,113,15,23]","[17,84,85,98,103,95,21,50,60,63,41,40,55]",45777m 35s,223r588m 5588p 888s,4466m 67p 45s 25577z,56m 224577p 44678s
20260403091322_0000_030,20260403091322_0000,20260403091322,0,3,フェザーＭ,63,,,1775175307,4391.215,,0,,"[26,13,90,27,83,25,19]","[30,54,101,53,28,67,65,7,102,6,8,100,16]","[14,133,61,132,86,56,124,91,127,22,113,15,23]","[17,85,98,103,95,21,50,60,41,40,55]",45777m 35s,223r588m 5588p 888s,4466m 67p 45s 25577z,56m 22457p 4678s
20260403091322_0000_031,20260403091322_0000,20260403091322,0,0,パシフィック,90,,,1775175316,8327.578,,0,,"[26,13,27,83,25,19,77]","[30,54,101,53,28,67,65,7,102,6,8,100,16]","[14,133,61,132,86,56,124,91,127,22,113,15,23]","[17,85,98,103,95,21,50,60,41,40,55]",45777m 23s,223r588m 5588p 888s,4466m 67p 45s 25577z,56m 22457p 4678s
20260403091322_0000_032,20260403091322_0000,20260403091322,0,1,きゆう,101,,,1775175320,4388.488,,0,,"[26,13,27,83,25,19,77]","[30,54,53,28,67,65,7,102,6,8,100,16,9]","[14,133,61,132,86,56,124,91,127,22,113,15,23]","[17,85,98,103,95,21,50,60,41,40,55]",45777m 23s,2233r588m 5588p 88s,4466m 67p 45s 25577z,56m 22457p 4678s
20260403091322_0000_033,20260403091322_0000,20260403091322,0,2,おにゃにゃー,113,,,1775175322,2362.801,,0,,"[26,13,27,83,25,19,77]","[30,54,53,28,67,65,7,102,6,8,100,16,9]","[14,133,61,132,86,56,124,91,127,22,15,23,123]","[17,85,98,103,95,21,50,60,41,40,55]",45777m 23s,2233r588m 5588p 88s,4466m 67p 45s 45577z,56m 22457p 4678s
20260403091322_0000_034,20260403091322_0000,20260403091322,0,3,フェザーＭ,60,,,1775175328,5598.327,,0,,"[26,13,27,83,25,19,77]","[30,54,53,28,67,65,7,102,6,8,100,16,9]","[14,133,61,132,86,56,124,91,127,22,15,23,123]","[17,85,98,103,95,21,50,41,40,55,78]",45777m 23s,2233r588m 5588p 88s,4466m 67p 45s 45577z,56m 2245p 24678s
20260403091322_0000_035,20260403091322_0000,20260403091322,0,0,パシフィック,99,,,1775175329,1367.877,,0,,"[26,13,27,83,25,19,77]","[30,54,53,28,67,65,7,102,6,8,100,16,9]","[14,133,61,132,86,56,124,91,127,22,15,23,123]","[17,85,98,103,95,21,50,41,40,55,78]",45777m 23s,2233r588m 5588p 88s,4466m 67p 45s 45577z,56m 2245p 24678s
20260403091322_0000_036,20260403091322_0000,20260403091322,0,1,きゆう,38,,,1775175331,1879.537,,0,,"[26,13,27,83,25,19,77]","[30,54,53,28,67,65,7,102,6,8,100,16,9]","[14,133,61,132,86,56,124,91,127,22,15,23,123]","[17,85,98,103,95,21,50,41,40,55,78]",45777m 23s,2233r588m 5588p 88s,4466m 67p 45s 45577z,56m 2245p 24678s
20260403091322_0000_037,20260403091322_0000,20260403091322,0,2,おにゃにゃー,5,,,1775175334,2285.614,,3,92.008,"[26,13,27,83,25,19,77]","[30,54,53,28,67,65,7,102,6,8,100,16,9]","[14,133,61,132,86,56,124,91,127,22,15,23,123]","[17,85,98,103,95,21,50,41,40,55,78]",45777m 23s,2233r588m 5588p 88s,4466m 67p 45s 45577z,56m 2245p 24678s
20260403091322_0000_038,20260403091322_0000,20260403091322,0,3,フェザーＭ,78,,,1775175336,2771.378,,0,,"[26,13,27,83,25,19,77]","[30,54,53,28,67,65,7,102,6,8,100,16,9]","[14,133,61,132,86,56,124,91,127,22,15,23,123]","[17,85,98,103,95,21,50,41,40,55,57]",45777m 23s,2233r588m 5588p 88s,4466m 67p 45s 45577z,56m 22456p 4678s
20260403091322_0000_039,20260403091322_0000,20260403091322,0,0,パシフィック,77,,,1775175349,12672.245,,0,,"[26,13,27,83,25,19,81]","[30,54,53,28,67,65,7,102,6,8,100,16,9]","[14,133,61,132,86,56,124,91,127,22,15,23,123]","[17,85,98,103,95,21,50,41,40,55,57]",45777m 33s,2233r588m 5588p 88s,4466m 67p 45s 45577z,56m 22456p 4678s
20260403091322_0100_000,20260403091322_0100,20260403091322,100,3,フェザーＭ,113,,,1775175367,5345.58,,0,,"[57,128,13,130,111,127,110,72,119,9,19,73,12]","[39,86,133,6,46,52,50,122,107,51,3,108,75]","[70,42,101,43,87,25,79,131,18,83,2,99,90]","[7,97,11,8,134,100,31,21,69,22,10,48,132]",3445m 6p 11s 113566z,12m 1344r5p 149s 147z,157m 229p 234578s 6z,2333668m 49p 78s 77z
20260403091322_0100_001,20260403091322_0100,20260403091322,100,0,パシフィック,57,,,1775175371,4722.234,,3,262.676,"[128,13,130,111,127,110,72,119,9,19,73,12,109]","[39,86,133,6,46,52,50,122,107,51,3,108,75]","[70,42,101,43,87,25,79,131,18,83,2,99,90]","[7,97,11,8,134,100,31,21,69,22,10,48,132]",3445m 11s 1113566z,12m 1344r5p 149s 147z,157m 229p 234578s 6z,2333668m 49p 78s 77z
20260403091322_0100_002,20260403091322_0100,20260403091322,100,1,きゆう,122,,,1775175373,1501.782,,0,,"[128,13,130,111,127,110,72,119,9,19,73,12,109]","[39,86,133,6,46,52,50,107,51,3,108,75,135]","[70,42,101,43,87,25,79,131,18,83,2,99,90]","[7,97,11,8,134,100,31,21,69,22,10,48,132]",3445m 11s 1113566z,12m 1344r5p 149s 177z,157m 229p 234578s 6z,2333668m 49p 78s 77z
20260403091322_0100_003,20260403091322_0100,20260403091322,100,2,おにゃにゃー,70,,,1775175375,1990.314,,0,,"[128,13,130,111,127,110,72,119,9,19,73,12,109]","[39,86,133,6,46,52,50,107,51,3,108,75,135]","[42,101,43,87,25,79,131,18,83,2,99,90,59]","[7,97,11,8,134,100,31,21,69,22,10,48,132]",3445m 11s 1113566z,12m 1344r5p 149s 177z,157m 226p 234578s 6z,2333668m 49p 78s 77z
20260403091322_0100_004,20260403091322_0100,20260403091322,100,3,フェザーＭ,69,,,1775175376,1443.536,,0,,"[128,13,130,111,127,110,72,119,9,19,73,12,109]","[39,86,133,6,46,52,50,107,51,3,108,75,135]","[42,101,43,87,25,79,131,18,83,2,99,90,59]","[7,97,11,8,134,100,31,21,22,10,48,132,44]",3445m 11s 1113566z,12m 1344r5p 149s 177z,157m 226p 234578s 6z,2333668m 34p 78s 77z
20260403091322_0100_005,20260403091322_0100,20260403091322,100,0,パシフィック,47,,,1775175378,1562.862,,3,1220.222,"[128,13,130,111,127,110,72,119,9,19,73,12,109]","[39,86,133,6,46,52,50,107,51,3,108,75,135]","[42,101,43,87,25,79,131,18,83,2,99,90,59]","[7,97,11,8,134,100,31,21,22,10,48,132,44]",3445m 11s 1113566z,12m 1344r5p 149s 177z,157m 226p 234578s 6z,2333668m 34p 78s 77z
20260403091322_0100_006,20260403091322_0100,20260403091322,100,1,きゆう,107,,,1775175380,964.143,,5,1118.227,"[128,13,130,111,127,110,72,119,9,19,73,12,109]","[39,86,133,6,46,52,50,51,3,108,75,135,88]","[42,101,43,87,25,79,131,18,83,2,99,90,59]","[7,97,11,8,134,100,31,21,22,10,48,132,44]",3445m 11s 1113566z,12m 1344r5p 14r5s 177z,157m 226p 234578s 6z,2333668m 34p 78s 77z
20260403091322_0100_007,20260403091322_0100,20260403091322,100,2,おにゃにゃー,2,,,1775175383,2089.761,,3,2089.548,"[128,13,130,111,127,110,72,119,9,19,73,12,109]","[39,86,133,6,46,52,50,51,3,108,75,135,88]","[42,101,43,87,25,79,131,18,83,99,90,59,20]","[7,97,11,8,134,100,31,21,22,10,48,132,44]",3445m 11s 1113566z,12m 1344r5p 14r5s 177z,567m 226p 234578s 6z,2333668m 34p 78s 77z
20260403091322_0100_008,20260403091322_0100,20260403091322,100,3,フェザーＭ,112,,,1775175389,3900.053,,0,,"[128,13,130,111,127,110,72,119,9,19,73,12,109]","[39,86,133,6,46,52,50,51,3,108,75,135,88]","[42,101,43,87,25,79,131,18,83,99,90,59,20]","[7,97,11,8,134,100,31,21,22,10,48,132,44]",3445m 11s 1113566z,12m 1344r5p 14r5s 177z,567m 226p 234578s 6z,2333668m 34p 78s 77z
20260403091322_0100_009,20260403091322_0100,20260403091322,100,0,パシフィック,62,,,1775175392,2924.657,,0,,"[128,13,130,111,127,110,72,119,9,19,73,12,109]","[39,86,133,6,46,52,50,51,3,108,75,135,88]","[42,101,43,87,25,79,131,18,83,99,90,59,20]","[7,97,11,8,134,100,31,21,22,10,48,132,44]",3445m 11s 1113566z,12m 1344r5p 14r5s 177z,567m 226p 234578s 6z,2333668m 34p 78s 77z
20260403091322_0100_010,20260403091322_0100,20260403091322,100,1,きゆう,75,,,1775175394,1841.928,,0,,"[128,13,130,111,127,110,72,119,9,19,73,12,109]","[39,86,133,6,46,52,50,51,3,108,135,88,0]","[42,101,43,87,25,79,131,18,83,99,90,59,20]","[7,97,11,8,134,100,31,21,22,10,48,132,44]",3445m 11s 1113566z,112m 1344r5p 4r5s 177z,567m 226p 234578s 6z,2333668m 34p 78s 77z
20260403091322_0100_011,20260403091322_0100,20260403091322,100,0,パシフィック,119,,,1775175402,2880.64,,0,,"[128,13,130,111,127,110,9,19,73,12,109]","[39,86,133,6,46,52,50,51,3,108,135,88,0]","[42,101,43,87,25,79,131,18,83,99,90,59,20]","[7,97,11,8,134,100,31,21,22,10,48,132,44]",3445m 1s 111566z,112m 1344r5p 4r5s 177z,567m 226p 234578s 6z,2333668m 34p 78s 77z
20260403091322_0100_012,20260403091322_0100,20260403091322,100,1,きゆう,108,,,1775175404,1753.4,,0,,"[128,13,130,111,127,110,9,19,73,12,109]","[39,86,133,6,46,52,50,51,3,135,88,0,36]","[42,101,43,87,25,79,131,18,83,99,90,59,20]","[7,97,11,8,134,100,31,21,22,10,48,132,44]",3445m 1s 111566z,112m 11344r5p 4r5s 77z,567m 226p 234578s 6z,2333668m 34p 78s 77z
20260403091322_0100_013,20260403091322_0100,20260403091322,100,0,パシフィック,9,,,1775175409,1322.035,,3,2812.743,"[128,13,130,127,19,73,12,94]","[39,86,133,6,46,52,50,51,3,135,88,0,36]","[42,101,43,87,25,79,131,18,83,99,90,59,20]","[7,97,11,8,134,100,31,21,22,10,48,132,44]",445m 16s 566z,112m 11344r5p 4r5s 77z,567m 226p 234578s 6z,2333668m 34p 78s 77z
20260403091322_0100_014,20260403091322_0100,20260403091322,100,1,きゆう,6,,,1775175414,1938.292,,0,,"[128,13,130,127,19,73,12,94]","[39,86,133,46,52,50,51,3,135,88,0,36,80]","[42,101,43,87,25,79,131,18,83,99,90,59,20]","[7,97,11,8,134,100,31,21,22,10,48,132,44]",445m 16s 566z,11m 11344r5p 34r5s 77z,567m 226p 234578s 6z,2333668m 34p 78s 77z
20260403091322_0100_015,20260403091322_0100,20260403091322,100,2,おにゃにゃー,131,,,1775175416,1838.715,,0,,"[128,13,130,127,19,73,12,94]","[39,86,133,46,52,50,51,3,135,88,0,36,80]","[42,101,43,87,25,79,18,83,99,90,59,20,74]","[7,97,11,8,134,100,31,21,22,10,48,132,44]",445m 16s 566z,11m 11344r5p 34r5s 77z,567m 226p 1234578s,2333668m 34p 78s 77z
20260403091322_0100_016,20260403091322_0100,20260403091322,100,0,パシフィック,94,,,1775175420,2639.463,,3,1782.965,"[128,13,127,19,73,12]","[39,86,133,46,52,50,51,3,135,88,0,36,80]","[42,101,43,87,25,79,18,83,99,90,59,20,74]","[7,97,11,8,134,100,31,21,22,10,48,132,44]",445m 1s 56z,11m 11344r5p 34r5s 77z,567m 226p 1234578s,2333668m 34p 78s 77z
20260403091322_0100_017,20260403091322_0100,20260403091322,100,1,きゆう,114,,,1775175423,983.471,,0,,"[128,13,127,19,73,12]","[39,86,133,46,52,50,51,3,135,88,0,36,80]","[42,101,43,87,25,79,18,83,99,90,59,20,74]","[7,97,11,8,134,100,31,21,22,10,48,132,44]",445m 1s 56z,11m 11344r5p 34r5s 77z,567m 226p 1234578s,2333668m 34p 78s 77z
20260403091322_0100_018,20260403091322_0100,20260403091322,100,2,おにゃにゃー,59,,,1775175426,2592.7,,0,,"[128,13,127,19,73,12]","[39,86,133,46,52,50,51,3,135,88,0,36,80]","[42,101,43,87,25,79,18,83,99,90,20,74,37]","[7,97,11,8,134,100,31,21,22,10,48,132,44]",445m 1s 56z,11m 11344r5p 34r5s 77z,567m 122p 1234578s,2333668m 34p 78s 77z
20260403091322_0100_019,20260403091322_0100,20260403091322,100,3,フェザーＭ,76,,,1775175429,2697.233,,0,,"[128,13,127,19,73,12]","[39,86,133,46,52,50,51,3,135,88,0,36,80]","[42,101,43,87,25,79,18,83,99,90,20,74,37]","[7,97,11,8,134,100,31,21,22,10,48,132,44]",445m 1s 56z,11m 11344r5p 34r5s 77z,567m 122p 1234578s,2333668m 34p 78s 77z
20260403091322_0100_020,20260403091322_0100,20260403091322,100,0,パシフィック,77,,,1775175432,3599.544,,3,1607.308,"[128,13,127,19,73,12]","[39,86,133,46,52,50,51,3,135,88,0,36,80]","[42,101,43,87,25,79,18,83,99,90,20,74,37]","[7,97,11,8,134,100,31,21,22,10,48,132,44]",445m 1s 56z,11m 11344r5p 34r5s 77z,567m 122p 1234578s,2333668m 34p 78s 77z
20260403091322_0100_021,20260403091322_0100,20260403091322,100,1,きゆう,121,,,1775175435,1204.45,,0,,"[128,13,127,19,73,12]","[39,86,133,46,52,50,51,3,135,88,0,36,80]","[42,101,43,87,25,79,18,83,99,90,20,74,37]","[7,97,11,8,134,100,31,21,22,10,48,132,44]",445m 1s 56z,11m 11344r5p 34r5s 77z,567m 122p 1234578s,2333668m 34p 78s 77z
20260403091322_0100_022,20260403091322_0100,20260403091322,100,2,おにゃにゃー,37,,,1775175437,2466.152,,3,3894.238,"[128,13,127,19,73,12]","[39,86,133,46,52,50,51,3,135,88,0,36,80]","[42,101,43,87,25,79,18,83,99,90,20,74,28]","[7,97,11,8,134,100,31,21,22,10,48,132,44]",445m 1s 56z,11m 11344r5p 34r5s 77z,5678m 22p 1234578s,2333668m 34p 78s 77z
20260403091322_0100_023,20260403091322_0100,20260403091322,100,3,フェザーＭ,7,,,1775175444,2857.384,,0,,"[128,13,127,19,73,12]","[39,86,133,46,52,50,51,3,135,88,0,36,80]","[42,101,43,87,25,79,18,83,99,90,20,74,28]","[97,11,8,134,100,31,21,22,10,48,132,44,41]",445m 1s 56z,11m 11344r5p 34r5s 77z,5678m 22p 1234578s,333668m 234p 78s 77z
20260403091322_0100_024,20260403091322_0100,20260403091322,100,0,パシフィック,115,,,1775175446,2275.53,,0,,"[128,13,127,19,73,12]","[39,86,133,46,52,50,51,3,135,88,0,36,80]","[42,101,43,87,25,79,18,83,99,90,20,74,28]","[97,11,8,134,100,31,21,22,10,48,132,44,41]",445m 1s 56z,11m 11344r5p 34r5s 77z,5678m 22p 1234578s,333668m 234p 78s 77z
20260403091322_0100_025,20260403091322_0100,20260403091322,100,1,きゆう,39,,,1775175450,3652.18,,0,,"[128,13,127,19,73,12]","[86,133,46,52,50,51,3,135,88,0,36,80,85]","[42,101,43,87,25,79,18,83,99,90,20,74,28]","[97,11,8,134,100,31,21,22,10,48,132,44,41]",445m 1s 56z,11m 1344r5p 344r5s 77z,5678m 22p 1234578s,333668m 234p 78s 77z
20260403091322_0100_026,20260403091322_0100,20260403091322,100,2,おにゃにゃー,66,,,1775175452,2159.556,,0,,"[128,13,127,19,73,12]","[86,133,46,52,50,51,3,135,88,0,36,80,85]","[42,101,43,87,25,79,18,83,99,90,20,74,28]","[97,11,8,134,100,31,21,22,10,48,132,44,41]",445m 1s 56z,11m 1344r5p 344r5s 77z,5678m 22p 1234578s,333668m 234p 78s 77z
20260403091322_0100_027,20260403091322_0100,20260403091322,100,3,フェザーＭ,129,,,1775175455,2360.826,,0,,"[128,13,127,19,73,12]","[86,133,46,52,50,51,3,135,88,0,36,80,85]","[42,101,43,87,25,79,18,83,99,90,20,74,28]","[97,11,8,134,100,31,21,22,10,48,132,44,41]",445m 1s 56z,11m 1344r5p 344r5s 77z,5678m 22p 1234578s,333668m 234p 78s 77z
20260403091322_0100_028,20260403091322_0100,20260403091322,100,0,パシフィック,64,,,1775175456,1535.909,,0,,"[128,13,127,19,73,12]","[86,133,46,52,50,51,3,135,88,0,36,80,85]","[42,101,43,87,25,79,18,83,99,90,20,74,28]","[97,11,8,134,100,31,21,22,10,48,132,44,41]",445m 1s 56z,11m 1344r5p 344r5s 77z,5678m 22p 1234578s,333668m 234p 78s 77z
20260403091322_0100_029,20260403091322_0100,20260403091322,100,1,きゆう,36,,,1775175458,2050.504,,0,,"[128,13,127,19,73,12]","[86,133,46,52,50,51,3,135,88,0,80,85,104]","[42,101,43,87,25,79,18,83,99,90,20,74,28]","[97,11,8,134,100,31,21,22,10,48,132,44,41]",445m 1s 56z,11m 344r5p 344r59s 77z,5678m 22p 1234578s,333668m 234p 78s 77z
20260403091322_0100_030,20260403091322_0100,20260403091322,100,2,おにゃにゃー,28,,,1775175462,720.675,3072.48,0,,"[128,13,127,19,73,12]","[86,133,46,52,50,51,3,135,88,0,80,85,104]","[42,101,43,87,25,79,18,83,99,90,20,74,105]","[97,11,8,134,100,31,21,22,10,48,132,44,41]",445m 1s 56z,11m 344r5p 344r59s 77z,567m 22p 12345789s,333668m 234p 78s 77z
20260403091322_0100_031,20260403091322_0100,20260403091322,100,3,フェザーＭ,31,,,1775175465,2654.432,,0,,"[128,13,127,19,73,12]","[86,133,46,52,50,51,3,135,88,0,80,85,104]","[42,101,43,87,25,79,18,83,99,90,20,74,105]","[97,11,8,134,100,21,22,10,48,132,44,41,49]",445m 1s 56z,11m 344r5p 344r59s 77z,567m 22p 12345789s,33366m 2344p 78s 77z
20260403091322_0100_032,20260403091322_0100,20260403091322,100,0,パシフィック,127,,,1775175468,3233.533,,0,,"[128,13,19,73,12,24]","[86,133,46,52,50,51,3,135,88,0,80,85,104]","[42,101,43,87,25,79,18,83,99,90,20,74,105]","[97,11,8,134,100,21,22,10,48,132,44,41,49]",4457m 1s 6z,11m 344r5p 344r59s 77z,567m 22p 12345789s,33366m 2344p 78s 77z
20260403091322_0100_033,20260403091322_0100,20260403091322,100,1,きゆう,3,,,1775175470,1833.914,,0,,"[128,13,19,73,12,24]","[86,133,46,52,50,51,135,88,0,80,85,104,71]","[42,101,43,87,25,79,18,83,99,90,20,74,105]","[97,11,8,134,100,21,22,10,48,132,44,41,49]",4457m 1s 6z,1m 344r59p 344r59s 77z,567m 22p 12345789s,33366m 2344p 78s 77z
20260403091322_0100_034,20260403091322_0100,20260403091322,100,2,おにゃにゃー,117,,,1775175470,768.679,,0,,"[128,13,19,73,12,24]","[86,133,46,52,50,51,135,88,0,80,85,104,71]","[42,101,43,87,25,79,18,83,99,90,20,74,105]","[97,11,8,134,100,21,22,10,48,132,44,41,49]",4457m 1s 6z,1m 344r59p 344r59s 77z,567m 22p 12345789s,33366m 2344p 78s 77z
20260403091322_0100_035,20260403091322_0100,20260403091322,100,3,フェザーＭ,49,,,1775175487,16588.929,,3,310.809,"[128,13,19,73,12,24]","[86,133,46,52,50,51,135,88,0,80,85,104,71]","[42,101,43,87,25,79,18,83,99,90,20,74,105]","[97,11,8,134,100,21,22,10,48,132,44,41,91]",4457m 1s 6z,1m 344r59p 344r59s 77z,567m 22p 12345789s,33366m 234p 578s 77z
20260403091322_0100_036,20260403091322_0100,20260403091322,100,0,パシフィック,60,,,1775175489,1601.924,,0,,"[128,13,19,73,12,24]","[86,133,46,52,50,51,135,88,0,80,85,104,71]","[42,101,43,87,25,79,18,83,99,90,20,74,105]","[97,11,8,134,100,21,22,10,48,132,44,41,91]",4457m 1s 6z,1m 344r59p 344r59s 77z,567m 22p 12345789s,33366m 234p 578s 77z
20260403091322_0100_037,20260403091322_0100,20260403091322,100,1,きゆう,0,,,1775175491,1711.293,,0,,"[128,13,19,73,12,24]","[86,133,46,52,50,51,135,88,80,85,104,71,116]","[42,101,43,87,25,79,18,83,99,90,20,74,105]","[97,11,8,134,100,21,22,10,48,132,44,41,91]",4457m 1s 6z,344r59p 344r59s 377z,567m 22p 12345789s,33366m 234p 578s 77z
20260403091322_0100_038,20260403091322_0100,20260403091322,100,2,おにゃにゃー,123,,,1775175492,1067.516,,0,,"[128,13,19,73,12,24]","[86,133,46,52,50,51,135,88,80,85,104,71,116]","[42,101,43,87,25,79,18,83,99,90,20,74,105]","[97,11,8,134,100,21,22,10,48,132,44,41,91]",4457m 1s 6z,344r59p 344r59s 377z,567m 22p 12345789s,33366m 234p 578s 77z
20260403091322_0100_039,20260403091322_0100,20260403091322,100,3,フェザーＭ,91,,,1775175497,5549.792,,0,,"[128,13,19,73,12,24]","[86,133,46,52,50,51,135,88,80,85,104,71,116]","[42,101,43,87,25,79,18,83,99,90,20,74,105]","[97,11,8,134,100,21,22,10,48,132,44,41,17]",4457m 1s 6z,344r59p 344r59s 377z,567m 22p 12345789s,333566m 234p 78s 77z
20260403091322_0100_040,20260403091322_0100,20260403091322,100,0,パシフィック,19,,,1775175502,4501.343,,0,,"[128,13,73,12,24,29]","[86,133,46,52,50,51,135,88,80,85,104,71,116]","[42,101,43,87,25,79,18,83,99,90,20,74,105]","[97,11,8,134,100,21,22,10,48,132,44,41,17]",4478m 1s 6z,344r59p 344r59s 377z,567m 22p 12345789s,333566m 234p 78s 77z
20260403091322_0100_041,20260403091322_0100,20260403091322,100,1,きゆう,116,,,1775175504,1855.48,,0,,"[128,13,73,12,24,29]","[86,133,46,52,50,51,135,88,80,85,104,71,32]","[42,101,43,87,25,79,18,83,99,90,20,74,105]","[97,11,8,134,100,21,22,10,48,132,44,41,17]",4478m 1s 6z,9m 344r59p 344r59s 77z,567m 22p 12345789s,333566m 234p 78s 77z
20260403091322_0200_000,20260403091322_0200,20260403091322,200,0,パシフィック,108,,,1775175520,6646.575,,0,,"[47,17,71,15,25,98,127,56,13,126,107,60,96]","[125,66,112,11,94,129,100,88,68,27,24,7,50]","[3,76,48,101,111,83,40,19,130,63,128,120,116]","[30,45,117,39,95,134,132,105,0,78,34,43,35]",4457m 3679p 779s 55z,2377m 489p r568s 256z,15m 247p 238s 13466z,1899m 123p 269s 377z
20260403091322_0200_001,20260403091322_0200,20260403091322,200,1,きゆう,68,,,1775175522,2366.421,,0,,"[47,17,71,15,25,98,127,56,13,126,107,60,96]","[125,66,112,11,94,129,100,88,27,24,7,50,87]","[3,76,48,101,111,83,40,19,130,63,128,120,116]","[30,45,117,39,95,134,132,105,0,78,34,43,35]",4457m 3679p 779s 55z,2377m 48p 4r568s 256z,15m 247p 238s 13466z,1899m 123p 269s 377z
20260403091322_0200_002,20260403091322_0200,20260403091322,200,2,おにゃにゃー,120,,,1775175524,1733.268,,0,,"[47,17,71,15,25,98,127,56,13,126,107,60,96]","[125,66,112,11,94,129,100,88,27,24,7,50,87]","[3,76,48,101,111,83,40,19,130,63,128,116,82]","[30,45,117,39,95,134,132,105,0,78,34,43,35]",4457m 3679p 779s 55z,2377m 48p 4r568s 256z,15m 247p 2338s 1366z,1899m 123p 269s 377z
20260403091322_0200_003,20260403091322_0200,20260403091322,200,3,フェザーＭ,105,,,1775175525,1340.668,,0,,"[47,17,71,15,25,98,127,56,13,126,107,60,96]","[125,66,112,11,94,129,100,88,27,24,7,50,87]","[3,76,48,101,111,83,40,19,130,63,128,116,82]","[30,45,117,39,95,134,132,0,78,34,43,35,41]",4457m 3679p 779s 55z,2377m 48p 4r568s 256z,15m 247p 2338s 1366z,1899m 1223p 26s 377z
20260403091322_0200_004,20260403091322_0200,20260403091322,200,0,パシフィック,71,,,1775175528,2791.061,,0,,"[47,17,15,25,98,127,56,13,126,107,60,96,90]","[125,66,112,11,94,129,100,88,27,24,7,50,87]","[3,76,48,101,111,83,40,19,130,63,128,116,82]","[30,45,117,39,95,134,132,0,78,34,43,35,41]",4457m 367p 5779s 55z,2377m 48p 4r568s 256z,15m 247p 2338s 1366z,1899m 1223p 26s 377z
20260403091322_0200_005,20260403091322_0200,20260403091322,200,1,きゆう,66,,,1775175530,1961.329,,0,,"[47,17,15,25,98,127,56,13,126,107,60,96,90]","[125,112,11,94,129,100,88,27,24,7,50,87,77]","[3,76,48,101,111,83,40,19,130,63,128,116,82]","[30,45,117,39,95,134,132,0,78,34,43,35,41]",4457m 367p 5779s 55z,2377m 4p 24r568s 256z,15m 247p 2338s 1366z,1899m 1223p 26s 377z
20260403091322_0200_006,20260403091322_0200,20260403091322,200,2,おにゃにゃー,116,,,1775175532,1801.742,,0,,"[47,17,15,25,98,127,56,13,126,107,60,96,90]","[125,112,11,94,129,100,88,27,24,7,50,87,77]","[3,76,48,101,111,83,40,19,130,63,128,82,124]","[30,45,117,39,95,134,132,0,78,34,43,35,41]",4457m 367p 5779s 55z,2377m 4p 24r568s 256z,15m 247p 2338s 1566z,1899m 1223p 26s 377z
20260403091322_0200_007,20260403091322_0200,20260403091322,200,3,フェザーＭ,41,,,1775175535,2868.107,,0,,"[47,17,15,25,98,127,56,13,126,107,60,96,90]","[125,112,11,94,129,100,88,27,24,7,50,87,77]","[3,76,48,101,111,83,40,19,130,63,128,82,124]","[30,45,117,39,95,134,132,0,78,34,43,35,119]",4457m 367p 5779s 55z,2377m 4p 24r568s 256z,15m 247p 2338s 1566z,1899m 123p 26s 3377z
20260403091322_0200_008,20260403091322_0200,20260403091322,200,0,パシフィック,47,,,1775175536,1694.69,,0,,"[17,15,25,98,127,56,13,126,107,60,96,90,62]","[125,112,11,94,129,100,88,27,24,7,50,87,77]","[3,76,48,101,111,83,40,19,130,63,128,82,124]","[30,45,117,39,95,134,132,0,78,34,43,35,119]",4457m 677p 5779s 55z,2377m 4p 24r568s 256z,15m 247p 2338s 1566z,1899m 123p 26s 3377z
20260403091322_0200_009,20260403091322_0200,20260403091322,200,1,きゆう,112,,,1775175540,3555.825,,0,,"[17,15,25,98,127,56,13,126,107,60,96,90,62]","[125,11,94,129,100,88,27,24,7,50,87,77,46]","[3,76,48,101,111,83,40,19,130,63,128,82,124]","[30,45,117,39,95,134,132,0,78,34,43,35,119]",4457m 677p 5779s 55z,2377m 34p 24r568s 56z,15m 247p 2338s 1566z,1899m 123p 26s 3377z
20260403091322_0200_010,20260403091322_0200,20260403091322,200,2,おにゃにゃー,3,,,1775175542,2159.349,,0,,"[17,15,25,98,127,56,13,126,107,60,96,90,62]","[125,11,94,129,100,88,27,24,7,50,87,77,46]","[76,48,101,111,83,40,19,130,63,128,82,124,73]","[30,45,117,39,95,134,132,0,78,34,43,35,119]",4457m 677p 5779s 55z,2377m 34p 24r568s 56z,5m 247p 12338s 1566z,1899m 123p 26s 3377z
20260403091322_0200_011,20260403091322_0200,20260403091322,200,3,フェザーＭ,78,,,1775175545,2926.904,,0,,"[17,15,25,98,127,56,13,126,107,60,96,90,62]","[125,11,94,129,100,88,27,24,7,50,87,77,46]","[76,48,101,111,83,40,19,130,63,128,82,124,73]","[30,45,117,39,95,134,132,0,34,43,35,119,10]",4457m 677p 5779s 55z,2377m 34p 24r568s 56z,5m 247p 12338s 1566z,13899m 123p 6s 3377z
20260403091322_0200_012,20260403091322_0200,20260403091322,200,0,パシフィック,90,,,1775175548,2760.695,,3,301.277,"[17,15,25,98,127,56,13,126,107,60,96,62,33]","[125,11,94,129,100,88,27,24,7,50,87,77,46]","[76,48,101,111,83,40,19,130,63,128,82,124,73]","[30,45,117,39,95,134,132,0,34,43,35,119,10]",44579m 677p 779s 55z,2377m 34p 24r568s 56z,5m 247p 12338s 1566z,13899m 123p 6s 3377z
20260403091322_0200_013,20260403091322_0200,20260403091322,200,1,きゆう,129,,,1775175551,2414.325,,0,,"[17,15,25,98,127,56,13,126,107,60,96,62,33]","[125,11,94,100,88,27,24,7,50,87,77,46,89]","[76,48,101,111,83,40,19,130,63,128,82,124,73]","[30,45,117,39,95,134,132,0,34,43,35,119,10]",44579m 677p 779s 55z,2377m 34p 24r5568s 5z,5m 247p 12338s 1566z,13899m 123p 6s 3377z
20260403091322_0200_014,20260403091322_0200,20260403091322,200,2,おにゃにゃー,63,,,1775175553,,,0,,"[17,15,25,98,127,56,13,126,107,60,96,62,33]","[125,11,94,100,88,27,24,7,50,87,77,46,89]","[76,48,101,111,83,40,19,82,124,73]","[30,45,117,39,95,134,132,0,34,43,35,119,10]",44579m 677p 779s 55z,2377m 34p 24r5568s 5z,5m 24p 12338s 15z,13899m 123p 6s 3377z
20260403091322_0200_015,20260403091322_0200,20260403091322,200,0,パシフィック,56,,,1775175556,1001.359,,0,,"[17,15,25,98,127,13,126,107,60,96,33]","[125,11,94,100,88,27,24,7,50,87,77,46,89]","[76,48,101,111,83,40,19,82,124,73]","[30,45,117,39,95,134,132,0,34,43,35,119,10]",44579m 7p 779s 55z,2377m 34p 24r5568s 5z,5m 24p 12338s 15z,13899m 123p 6s 3377z
20260403091322_0200_016,20260403091322_0200,20260403091322,200,1,きゆう,125,,,1775175558,1591.052,,0,,"[17,15,25,98,127,13,126,107,60,96,33]","[11,94,100,88,27,24,7,50,87,77,46,89,9]","[76,48,101,111,83,40,19,82,124,73]","[30,45,117,39,95,134,132,0,34,43,35,119,10]",44579m 7p 779s 55z,23377m 34p 24r5568s,5m 24p 12338s 15z,13899m 123p 6s 3377z
20260403091322_0200_017,20260403091322_0200,20260403091322,200,0,パシフィック,107,,,1775175561,,,0,,"[17,15,25,98,13,60,96,33]","[11,94,100,88,27,24,7,50,87,77,46,89,9]","[76,48,101,111,83,40,19,82,124,73]","[30,45,117,39,95,134,132,0,34,43,35,119,10]",44579m 7p 77s,23377m 34p 24r5568s,5m 24p 12338s 15z,13899m 123p 6s 3377z
20260403091322_0200_018,20260403091322_0200,20260403091322,200,1,きゆう,113,,,1775175563,1949.252,,0,,"[17,15,25,98,13,60,96,33]","[11,94,100,88,27,24,7,50,87,77,46,89,9]","[76,48,101,111,83,40,19,82,124,73]","[30,45,117,39,95,134,132,0,34,43,35,119,10]",44579m 7p 77s,23377m 34p 24r5568s,5m 24p 12338s 15z,13899m 123p 6s 3377z
20260403091322_0200_019,20260403091322_0200,20260403091322,200,2,おにゃにゃー,124,,,1775175567,4640.307,,0,,"[17,15,25,98,13,60,96,33]","[11,94,100,88,27,24,7,50,87,77,46,89,9]","[76,48,101,111,83,40,19,82,73,102]","[30,45,117,39,95,134,132,0,34,43,35,119,10]",44579m 7p 77s,23377m 34p 24r5568s,5m 24p 123388s 1z,13899m 123p 6s 3377z
20260403091322_0200_020,20260403091322_0200,20260403091322,200,3,フェザーＭ,10,,,1775175578,10881.616,,0,,"[17,15,25,98,13,60,96,33]","[11,94,100,88,27,24,7,50,87,77,46,89,9]","[76,48,101,111,83,40,19,82,73,102]","[30,45,117,39,95,134,132,0,34,43,35,119,93]",44579m 7p 77s,23377m 34p 24r5568s,5m 24p 123388s 1z,1899m 123p 66s 3377z
20260403091322_0200_021,20260403091322_0200,20260403091322,200,1,きゆう,7,,,1775175582,,,0,,"[17,15,25,98,13,60,96,33]","[94,100,88,27,24,50,87,77,46,89]","[76,48,101,111,83,40,19,82,73,102]","[30,45,117,39,95,134,132,0,34,43,35,119,93]",44579m 7p 77s,77m 34p 24r5568s,5m 24p 123388s 1z,1899m 123p 66s 3377z
20260403091322_0200_022,20260403091322_0200,20260403091322,200,2,おにゃにゃー,4,,,1775175583,1749.701,,0,,"[17,15,25,98,13,60,96,33]","[94,100,88,27,24,50,87,77,46,89]","[76,48,101,111,83,40,19,82,73,102]","[30,45,117,39,95,134,132,0,34,43,35,119,93]",44579m 7p 77s,77m 34p 24r5568s,5m 24p 123388s 1z,1899m 123p 66s 3377z
20260403091322_0200_023,20260403091322_0200,20260403091322,200,3,フェザーＭ,0,,,1775175585,2030.912,,0,,"[17,15,25,98,13,60,96,33]","[94,100,88,27,24,50,87,77,46,89]","[76,48,101,111,83,40,19,82,73,102]","[30,45,117,39,95,134,132,34,43,35,119,93,123]",44579m 7p 77s,77m 34p 24r5568s,5m 24p 123388s 1z,899m 123p 66s 33477z
20260403091322_0200_024,20260403091322_0200,20260403091322,200,0,パシフィック,1,,,1775175589,3629.646,,0,,"[17,15,25,98,13,60,96,33]","[94,100,88,27,24,50,87,77,46,89]","[76,48,101,111,83,40,19,82,73,102]","[30,45,117,39,95,134,132,34,43,35,119,93,123]",44579m 7p 77s,77m 34p 24r5568s,5m 24p 123388s 1z,899m 123p 66s 33477z
20260403091322_0200_025,20260403091322_0200,20260403091322,200,1,きゆう,27,,,1775175594,5070.562,,0,,"[17,15,25,98,13,60,96,33]","[94,100,88,24,50,87,77,46,89,21]","[76,48,101,111,83,40,19,82,73,102]","[30,45,117,39,95,134,132,34,43,35,119,93,123]",44579m 7p 77s,67m 34p 24r5568s,5m 24p 123388s 1z,899m 123p 66s 33477z
20260403091322_0200_026,20260403091322_0200,20260403091322,200,2,おにゃにゃー,83,,,1775175597,2662.066,,0,,"[17,15,25,98,13,60,96,33]","[94,100,88,24,50,87,77,46,89,21]","[76,48,101,111,40,19,82,73,102,14]","[30,45,117,39,95,134,132,34,43,35,119,93,123]",44579m 7p 77s,67m 34p 24r5568s,45m 24p 12388s 1z,899m 123p 66s 33477z
20260403091322_0200_027,20260403091322_0200,20260403091322,200,3,フェザーＭ,123,,,1775175602,5438.845,,0,,"[17,15,25,98,13,60,96,33]","[94,100,88,24,50,87,77,46,89,21]","[76,48,101,111,40,19,82,73,102,14]","[30,45,117,39,95,134,132,34,43,35,119,93,23]",44579m 7p 77s,67m 34p 24r5568s,45m 24p 12388s 1z,6899m 123p 66s 3377z
20260403091322_0200_028,20260403091322_0200,20260403091322,200,0,パシフィック,52,,,1775175605,2666.14,,0,,"[17,15,25,98,13,60,96,33]","[94,100,88,24,50,87,77,46,89,21]","[76,48,101,111,40,19,82,73,102,14]","[30,45,117,39,95,134,132,34,43,35,119,93,23]",44579m 7p 77s,67m 34p 24r5568s,45m 24p 12388s 1z,6899m 123p 66s 3377z
20260403091322_0200_029,20260403091322_0200,20260403091322,200,1,きゆう,77,,,1775175607,,,3,1804.402,"[17,15,25,98,13,60,96,33]","[94,100,88,24,87,89,21]","[76,48,101,111,40,19,82,73,102,14]","[30,45,117,39,95,134,132,34,43,35,119,93,23]",44579m 7p 77s,67m 4r5568s,45m 24p 12388s 1z,6899m 123p 66s 3377z
20260403091322_0200_030,20260403091322_0200,20260403091322,200,2,おにゃにゃー,19,,,1775175611,1838.536,,0,,"[17,15,25,98,13,60,96,33]","[94,100,88,24,87,89,21]","[76,48,101,111,40,82,73,102,14,16]","[30,45,117,39,95,134,132,34,43,35,119,93,23]",44579m 7p 77s,67m 4r5568s,4r5m 24p 12388s 1z,6899m 123p 66s 3377z
20260403091322_0200_031,20260403091322_0200,20260403091322,200,3,フェザーＭ,117,,,1775175615,4392.861,,0,,"[17,15,25,98,13,60,96,33]","[94,100,88,24,87,89,21]","[76,48,101,111,40,82,73,102,14,16]","[30,45,39,95,134,132,34,43,35,119,93,23,131]",44579m 7p 77s,67m 4r5568s,4r5m 24p 12388s 1z,6899m 123p 66s 3677z
20260403091322_0200_032,20260403091322_0200,20260403091322,200,0,パシフィック,17,,,1775175620,4399.698,,0,,"[15,25,98,13,60,96,33,31]","[94,100,88,24,87,89,21]","[76,48,101,111,40,82,73,102,14,16]","[30,45,39,95,134,132,34,43,35,119,93,23,131]",44789m 7p 77s,67m 4r5568s,4r5m 24p 12388s 1z,6899m 123p 66s 3677z
20260403091322_0200_033,20260403091322_0200,20260403091322,200,1,きゆう,89,,,1775175624,,,0,,"[15,25,98,13,60,96,33,31]","[94,100,88,87]","[76,48,101,111,40,82,73,102,14,16]","[30,45,39,95,134,132,34,43,35,119,93,23,131]",44789m 7p 77s,4r568s,4r5m 24p 12388s 1z,6899m 123p 66s 3677z
20260403091322_0200_034,20260403091322_0200,20260403091322,200,2,おにゃにゃー,111,,,1775175626,2371.315,,0,,"[15,25,98,13,60,96,33,31]","[94,100,88,87]","[76,48,101,40,82,73,102,14,16,51]","[30,45,39,95,134,132,34,43,35,119,93,23,131]",44789m 7p 77s,4r568s,4r5m 244p 12388s,6899m 123p 66s 3677z
20260403091322_0200_035,20260403091322_0200,20260403091322,200,3,フェザーＭ,119,,,1775175628,1890.273,,0,,"[15,25,98,13,60,96,33,31]","[94,100,88,87]","[76,48,101,40,82,73,102,14,16,51]","[30,45,39,95,134,132,34,43,35,93,23,131,109]",44789m 7p 77s,4r568s,4r5m 244p 12388s,6899m 123p 66s 1677z
20260403091322_0200_036,20260403091322_0200,20260403091322,200,0,パシフィック,85,,,1775175637,9201.347,,3,257.376,"[15,25,98,13,60,96,33,31]","[94,100,88,87]","[76,48,101,40,82,73,102,14,16,51]","[30,45,39,95,134,132,34,43,35,93,23,131,109]",44789m 7p 77s,4r568s,4r5m 244p 12388s,6899m 123p 66s 1677z
20260403091322_0200_037,20260403091322_0200,20260403091322,200,1,きゆう,100,,,1775175641,3799.879,,0,,"[15,25,98,13,60,96,33,31]","[94,88,87,86]","[76,48,101,40,82,73,102,14,16,51]","[30,45,39,95,134,132,34,43,35,93,23,131,109]",44789m 7p 77s,44r56s,4r5m 244p 12388s,6899m 123p 66s 1677z
20260403091322_0200_038,20260403091322_0200,20260403091322,200,2,おにゃにゃー,40,,,1775175644,,,3,2013.615,"[15,25,98,13,60,96,33,31]","[94,88,87,86]","[76,48,82,73,14,16,51]","[30,45,39,95,134,132,34,43,35,93,23,131,109]",44789m 7p 77s,44r56s,4r5m 44p 123s,6899m 123p 66s 1677z
20260403091322_0200_039,20260403091322_0200,20260403091322,200,3,フェザーＭ,109,,,1775175647,1525.23,,0,,"[15,25,98,13,60,96,33,31]","[94,88,87,86]","[76,48,82,73,14,16,51]","[30,45,39,95,134,132,34,43,35,93,23,131,29]",44789m 7p 77s,44r56s,4r5m 44p 123s,68899m 123p 66s 677z
20260403091322_0200_040,20260403091322_0200,20260403091322,200,0,パシフィック,106,,,1775175650,2732.486,,0,,"[15,25,98,13,60,96,33,31]","[94,88,87,86]","[76,48,82,73,14,16,51]","[30,45,39,95,134,132,34,43,35,93,23,131,29]",44789m 7p 77s,44r56s,4r5m 44p 123s,68899m 123p 66s 677z
20260403091322_0200_041,20260403091322_0200,20260403091322,200,1,きゆう,79,,,1775175652,2292.193,,3,1226.204,"[15,25,98,13,60,96,33,31]","[94,88,87,86]","[76,48,82,73,14,16,51]","[30,45,39,95,134,132,34,43,35,93,23,131,29]",44789m 7p 77s,44r56s,4r5m 44p 123s,68899m 123p 66s 677z
20260403091322_0300_000,20260403091322_0300,20260403091322,300,1,きゆう,107,,,1775175669,5066.29,,0,,"[82,79,111,110,83,131,42,73,27,2,66,58,117]","[115,93,71,59,9,13,61,1,8,130,47,119,78]","[85,35,14,87,65,55,22,50,62,36,3,67,132]","[10,92,32,64,44,45,127,19,53,76,90,102,126]",17m 268p 1233s 1136z,1334m 3679p 26s 236z,1469m 145788p 44s 7z,359m 3358p 2568s 55z
20260403091322_0300_001,20260403091322_0300,20260403091322,300,2,おにゃにゃー,36,,,1775175671,2473.597,,0,,"[82,79,111,110,83,131,42,73,27,2,66,58,117]","[115,93,71,59,9,13,61,1,8,130,47,119,78]","[85,35,14,87,65,55,22,50,62,3,67,132,89]","[10,92,32,64,44,45,127,19,53,76,90,102,126]",17m 268p 1233s 1136z,1334m 3679p 26s 236z,1469m 45788p 445s 7z,359m 3358p 2568s 55z
20260403091322_0300_002,20260403091322_0300,20260403091322,300,3,フェザーＭ,76,,,1775175678,6878.302,,3,1779.177,"[82,79,111,110,83,131,42,73,27,2,66,58,117]","[115,93,71,59,9,13,61,1,8,130,47,119,78]","[85,35,14,87,65,55,22,50,62,3,67,132,89]","[10,92,32,64,44,45,127,19,53,90,102,126,134]",17m 268p 1233s 1136z,1334m 3679p 26s 236z,1469m 45788p 445s 7z,359m 3358p 568s 557z
20260403091322_0300_003,20260403091322_0300,20260403091322,300,0,パシフィック,131,,,1775175681,1325.673,,0,,"[82,79,111,110,83,42,73,27,2,66,58,117,97]","[115,93,71,59,9,13,61,1,8,130,47,119,78]","[85,35,14,87,65,55,22,50,62,3,67,132,89]","[10,92,32,64,44,45,127,19,53,90,102,126,134]",17m 268p 12337s 113z,1334m 3679p 26s 236z,1469m 45788p 445s 7z,359m 3358p 568s 557z
20260403091322_0300_004,20260403091322_0300,20260403091322,300,1,きゆう,71,,,1775175683,1427.732,,5,1269.8,"[82,79,111,110,83,42,73,27,2,66,58,117,97]","[115,93,59,9,13,61,1,8,130,47,119,78,81]","[85,35,14,87,65,55,22,50,62,3,67,132,89]","[10,92,32,64,44,45,127,19,53,90,102,126,134]",17m 268p 12337s 113z,1334m 367p 236s 236z,1469m 45788p 445s 7z,359m 3358p 568s 557z
20260403091322_0300_005,20260403091322_0300,20260403091322,300,2,おにゃにゃー,35,,,1775175685,1437.9,,0,,"[82,79,111,110,83,42,73,27,2,66,58,117,97]","[115,93,59,9,13,61,1,8,130,47,119,78,81]","[85,14,87,65,55,22,50,62,3,67,132,89,41]","[10,92,32,64,44,45,127,19,53,90,102,126,134]",17m 268p 12337s 113z,1334m 367p 236s 236z,146m 245788p 445s 7z,359m 3358p 568s 557z
20260403091322_0300_006,20260403091322_0300,20260403091322,300,3,フェザーＭ,32,,,1775175688,2328.517,,0,,"[82,79,111,110,83,42,73,27,2,66,58,117,97]","[115,93,59,9,13,61,1,8,130,47,119,78,81]","[85,14,87,65,55,22,50,62,3,67,132,89,41]","[10,92,64,44,45,127,19,53,90,102,126,134,46]",17m 268p 12337s 113z,1334m 367p 236s 236z,146m 245788p 445s 7z,35m 33358p 568s 557z
20260403091322_0300_007,20260403091322_0300,20260403091322,300,0,パシフィック,27,,,1775175700,12536.105,,0,,"[82,79,111,110,83,42,73,2,66,58,117,97,88]","[115,93,59,9,13,61,1,8,130,47,119,78,81]","[85,14,87,65,55,22,50,62,3,67,132,89,41]","[10,92,64,44,45,127,19,53,90,102,126,134,46]",1m 268p 1233r57s 113z,1334m 367p 236s 236z,146m 245788p 445s 7z,35m 33358p 568s 557z
20260403091322_0300_008,20260403091322_0300,20260403091322,300,1,きゆう,9,,,1775175702,2246.284,,0,,"[82,79,111,110,83,42,73,2,66,58,117,97,88]","[115,93,59,13,61,1,8,130,47,119,78,81,56]","[85,14,87,65,55,22,50,62,3,67,132,89,41]","[10,92,64,44,45,127,19,53,90,102,126,134,46]",1m 268p 1233r57s 113z,134m 3667p 236s 236z,146m 245788p 445s 7z,35m 33358p 568s 557z
20260403091322_0300_009,20260403091322_0300,20260403091322,300,2,おにゃにゃー,3,,,1775175704,2048.038,,0,,"[82,79,111,110,83,42,73,2,66,58,117,97,88]","[115,93,59,13,61,1,8,130,47,119,78,81,56]","[85,14,87,65,55,22,50,62,67,132,89,41,18]","[10,92,64,44,45,127,19,53,90,102,126,134,46]",1m 268p 1233r57s 113z,134m 3667p 236s 236z,456m 245788p 445s 7z,35m 33358p 568s 557z
20260403091322_0300_010,20260403091322_0300,20260403091322,300,3,フェザーＭ,64,,,1775175707,2754.789,,3,1419.151,"[82,79,111,110,83,42,73,2,66,58,117,97,88]","[115,93,59,13,61,1,8,130,47,119,78,81,56]","[85,14,87,65,55,22,50,62,67,132,89,41,18]","[10,92,44,45,127,19,53,90,102,126,134,46,0]",1m 268p 1233r57s 113z,134m 3667p 236s 236z,456m 245788p 445s 7z,135m 3335p 568s 557z
20260403091322_0300_011,20260403091322_0300,20260403091322,300,0,パシフィック,58,,,1775175711,2421.505,,3,169.155,"[82,79,111,110,83,42,73,2,66,117,97,88,116]","[115,93,59,13,61,1,8,130,47,119,78,81,56]","[85,14,87,65,55,22,50,62,67,132,89,41,18]","[10,92,44,45,127,19,53,90,102,126,134,46,0]",1m 28p 1233r57s 1133z,134m 3667p 236s 236z,456m 245788p 445s 7z,135m 3335p 568s 557z
20260403091322_0300_012,20260403091322_0300,20260403091322,300,1,きゆう,1,,,1775175713,1829.392,,0,,"[82,79,111,110,83,42,73,2,66,117,97,88,116]","[115,93,59,13,61,8,130,47,119,78,81,56,52]","[85,14,87,65,55,22,50,62,67,132,89,41,18]","[10,92,44,45,127,19,53,90,102,126,134,46,0]",1m 28p 1233r57s 1133z,34m 3r5667p 236s 236z,456m 245788p 445s 7z,135m 3335p 568s 557z
20260403091322_0300_013,20260403091322_0300,20260403091322,300,2,おにゃにゃー,123,,,1775175715,1737.026,,0,,"[82,79,111,110,83,42,73,2,66,117,97,88,116]","[115,93,59,13,61,8,130,47,119,78,81,56,52]","[85,14,87,65,55,22,50,62,67,132,89,41,18]","[10,92,44,45,127,19,53,90,102,126,134,46,0]",1m 28p 1233r57s 1133z,34m 3r5667p 236s 236z,456m 245788p 445s 7z,135m 3335p 568s 557z
20260403091322_0300_014,20260403091322_0300,20260403091322,300,3,フェザーＭ,102,,,1775175717,1906.364,,0,,"[82,79,111,110,83,42,73,2,66,117,97,88,116]","[115,93,59,13,61,8,130,47,119,78,81,56,52]","[85,14,87,65,55,22,50,62,67,132,89,41,18]","[10,92,44,45,127,19,53,90,126,134,46,0,11]",1m 28p 1233r57s 1133z,34m 3r5667p 236s 236z,456m 245788p 445s 7z,1335m 3335p 56s 557z
20260403091322_0300_015,20260403091322_0300,20260403091322,300,0,パシフィック,66,,,1775175727,10145.696,,3,1440.757,"[82,79,111,110,83,42,73,2,117,97,88,116,91]","[115,93,59,13,61,8,130,47,119,78,81,56,52]","[85,14,87,65,55,22,50,62,67,132,89,41,18]","[10,92,44,45,127,19,53,90,126,134,46,0,11]",1m 2p 1233r557s 1133z,34m 3r5667p 236s 236z,456m 245788p 445s 7z,1335m 3335p 56s 557z
20260403091322_0300_016,20260403091322_0300,20260403091322,300,1,きゆう,106,,,1775175730,1399.426,,0,,"[82,79,111,110,83,42,73,2,117,97,88,116,91]","[115,93,59,13,61,8,130,47,119,78,81,56,52]","[85,14,87,65,55,22,50,62,67,132,89,41,18]","[10,92,44,45,127,19,53,90,126,134,46,0,11]",1m 2p 1233r557s 1133z,34m 3r5667p 236s 236z,456m 245788p 445s 7z,1335m 3335p 56s 557z
20260403091322_0300_017,20260403091322_0300,20260403091322,300,2,おにゃにゃー,41,,,1775175732,2471.232,,0,,"[82,79,111,110,83,42,73,2,117,97,88,116,91]","[115,93,59,13,61,8,130,47,119,78,81,56,52]","[85,14,87,65,55,22,50,62,67,132,89,18,12]","[10,92,44,45,127,19,53,90,126,134,46,0,11]",1m 2p 1233r557s 1133z,34m 3r5667p 236s 236z,4456m 45788p 445s 7z,1335m 3335p 56s 557z
20260403091322_0300_018,20260403091322_0300,20260403091322,300,3,フェザーＭ,70,,,1775175734,2205.804,,0,,"[82,79,111,110,83,42,73,2,117,97,88,116,91]","[115,93,59,13,61,8,130,47,119,78,81,56,52]","[85,14,87,65,55,22,50,62,67,132,89,18,12]","[10,92,44,45,127,19,53,90,126,134,46,0,11]",1m 2p 1233r557s 1133z,34m 3r5667p 236s 236z,4456m 45788p 445s 7z,1335m 3335p 56s 557z
20260403091322_0300_019,20260403091322_0300,20260403091322,300,0,パシフィック,51,,,1775175740,5448.292,,3,272.624,"[82,79,111,110,83,42,73,2,117,97,88,116,91]","[115,93,59,13,61,8,130,47,119,78,81,56,52]","[85,14,87,65,55,22,50,62,67,132,89,18,12]","[10,92,44,45,127,19,53,90,126,134,46,0,11]",1m 2p 1233r557s 1133z,34m 3r5667p 236s 236z,4456m 45788p 445s 7z,1335m 3335p 56s 557z
20260403091322_0300_020,20260403091322_0300,20260403091322,300,1,きゆう,105,,,1775175742,1618.452,,0,,"[82,79,111,110,83,42,73,2,117,97,88,116,91]","[115,93,59,13,61,8,130,47,119,78,81,56,52]","[85,14,87,65,55,22,50,62,67,132,89,18,12]","[10,92,44,45,127,19,53,90,126,134,46,0,11]",1m 2p 1233r557s 1133z,34m 3r5667p 236s 236z,4456m 45788p 445s 7z,1335m 3335p 56s 557z
20260403091322_0300_021,20260403091322_0300,20260403091322,300,2,おにゃにゃー,87,,,1775175744,2744.677,,3,1414.571,"[82,79,111,110,83,42,73,2,117,97,88,116,91]","[115,93,59,13,61,8,130,47,119,78,81,56,52]","[85,14,65,55,22,50,62,67,132,89,18,12,24]","[10,92,44,45,127,19,53,90,126,134,46,0,11]",1m 2p 1233r557s 1133z,34m 3r5667p 236s 236z,44567m 45788p 45s 7z,1335m 3335p 56s 557z
20260403091322_0300_022,20260403091322_0300,20260403091322,300,3,フェザーＭ,30,,,1775175748,1798.852,,0,,"[82,79,111,110,83,42,73,2,117,97,88,116,91]","[115,93,59,13,61,8,130,47,119,78,81,56,52]","[85,14,65,55,22,50,62,67,132,89,18,12,24]","[10,92,44,45,127,19,53,90,126,134,46,0,11]",1m 2p 1233r557s 1133z,34m 3r5667p 236s 236z,44567m 45788p 45s 7z,1335m 3335p 56s 557z
20260403091322_0300_023,20260403091322_0300,20260403091322,300,0,パシフィック,2,,,1775175754,5937.032,,0,,"[82,79,111,110,83,42,73,117,97,88,116,91,38]","[115,93,59,13,61,8,130,47,119,78,81,56,52]","[85,14,65,55,22,50,62,67,132,89,18,12,24]","[10,92,44,45,127,19,53,90,126,134,46,0,11]",12p 1233r557s 1133z,34m 3r5667p 236s 236z,44567m 45788p 45s 7z,1335m 3335p 56s 557z
20260403091322_0300_024,20260403091322_0300,20260403091322,300,1,きゆう,119,,,1775175756,1943.89,,0,,"[82,79,111,110,83,42,73,117,97,88,116,91,38]","[115,93,59,13,61,8,130,47,78,81,56,52,74]","[85,14,65,55,22,50,62,67,132,89,18,12,24]","[10,92,44,45,127,19,53,90,126,134,46,0,11]",12p 1233r557s 1133z,34m 3r5667p 1236s 26z,44567m 45788p 45s 7z,1335m 3335p 56s 557z
20260403091322_0300_025,20260403091322_0300,20260403091322,300,0,パシフィック,42,,,1775175760,1133.405,,0,,"[82,79,111,110,83,73,117,97,88,91,38]","[115,93,59,13,61,8,130,47,78,81,56,52,74]","[85,14,65,55,22,50,62,67,132,89,18,12,24]","[10,92,44,45,127,19,53,90,126,134,46,0,11]",1p 1233r557s 113z,34m 3r5667p 1236s 26z,44567m 45788p 45s 7z,1335m 3335p 56s 557z
20260403091322_0300_026,20260403091322_0300,20260403091322,300,1,きゆう,115,,,1775175762,1870.955,,0,,"[82,79,111,110,83,73,117,97,88,91,38]","[93,59,13,61,8,130,47,78,81,56,52,74,21]","[85,14,65,55,22,50,62,67,132,89,18,12,24]","[10,92,44,45,127,19,53,90,126,134,46,0,11]",1p 1233r557s 113z,346m 3r5667p 1236s 6z,44567m 45788p 45s 7z,1335m 3335p 56s 557z
20260403091322_0300_027,20260403091322_0300,20260403091322,300,2,おにゃにゃー,33,,,1775175764,2485.068,,0,,"[82,79,111,110,83,73,117,97,88,91,38]","[93,59,13,61,8,130,47,78,81,56,52,74,21]","[85,14,65,55,22,50,62,67,132,89,18,12,24]","[10,92,44,45,127,19,53,90,126,134,46,0,11]",1p 1233r557s 113z,346m 3r5667p 1236s 6z,44567m 45788p 45s 7z,1335m 3335p 56s 557z
20260403091322_0300_028,20260403091322_0300,20260403091322,300,3,フェザーＭ,121,,,1775175767,2299.519,,0,,"[82,79,111,110,83,73,117,97,88,91,38]","[93,59,13,61,8,130,47,78,81,56,52,74,21]","[85,14,65,55,22,50,62,67,132,89,18,12,24]","[10,92,44,45,127,19,53,90,126,134,46,0,11]",1p 1233r557s 113z,346m 3r5667p 1236s 6z,44567m 45788p 45s 7z,1335m 3335p 56s 557z
20260403091322_0300_029,20260403091322_0300,20260403091322,300,0,パシフィック,7,,,1775175769,2576.087,,3,284.263,"[82,79,111,110,83,73,117,97,88,91,38]","[93,59,13,61,8,130,47,78,81,56,52,74,21]","[85,14,65,55,22,50,62,67,132,89,18,12,24]","[10,92,44,45,127,19,53,90,126,134,46,0,11]",1p 1233r557s 113z,346m 3r5667p 1236s 6z,44567m 45788p 45s 7z,1335m 3335p 56s 557z
20260403091322_0300_030,20260403091322_0300,20260403091322,300,1,きゆう,130,,,1775175771,1356.092,,0,,"[82,79,111,110,83,73,117,97,88,91,38]","[93,59,13,61,8,47,78,81,56,52,74,21,125]","[85,14,65,55,22,50,62,67,132,89,18,12,24]","[10,92,44,45,127,19,53,90,126,134,46,0,11]",1p 1233r557s 113z,346m 3r5667p 1236s 5z,44567m 45788p 45s 7z,1335m 3335p 56s 557z
20260403091322_0300_031,20260403091322_0300,20260403091322,300,2,おにゃにゃー,132,,,1775175773,1936.41,,0,,"[82,79,111,110,83,73,117,97,88,91,38]","[93,59,13,61,8,47,78,81,56,52,74,21,125]","[85,14,65,55,22,50,62,67,89,18,12,24,109]","[10,92,44,45,127,19,53,90,126,134,46,0,11]",1p 1233r557s 113z,346m 3r5667p 1236s 5z,44567m 45788p 45s 1z,1335m 3335p 56s 557z
20260403091322_0300_032,20260403091322_0300,20260403091322,300,3,フェザーＭ,39,,,1775175776,3702.718,,0,,"[82,79,111,110,83,73,117,97,88,91,38]","[93,59,13,61,8,47,78,81,56,52,74,21,125]","[85,14,65,55,22,50,62,67,89,18,12,24,109]","[10,92,44,45,127,19,53,90,126,134,46,0,11]",1p 1233r557s 113z,346m 3r5667p 1236s 5z,44567m 45788p 45s 1z,1335m 3335p 56s 557z
20260403091322_0300_033,20260403091322_0300,20260403091322,300,0,パシフィック,38,,,1775175779,2427.466,,0,,"[82,79,111,110,83,73,117,97,88,91,98]","[93,59,13,61,8,47,78,81,56,52,74,21,125]","[85,14,65,55,22,50,62,67,89,18,12,24,109]","[10,92,44,45,127,19,53,90,126,134,46,0,11]",1233r5577s 113z,346m 3r5667p 1236s 5z,44567m 45788p 45s 1z,1335m 3335p 56s 557z
20260403091322_0300_034,20260403091322_0300,20260403091322,300,1,きゆう,125,,,1775175781,1650.508,,3,2450.669,"[82,79,111,110,83,73,117,97,88,91,98]","[93,59,13,61,8,47,78,81,56,52,74,21,114]","[85,14,65,55,22,50,62,67,89,18,12,24,109]","[10,92,44,45,127,19,53,90,126,134,46,0,11]",1233r5577s 113z,346m 3r5667p 1236s 2z,44567m 45788p 45s 1z,1335m 3335p 56s 557z
20260403091322_0300_035,20260403091322_0300,20260403091322,300,2,おにゃにゃー,109,,,1775175785,1638.983,,0,,"[82,79,111,110,83,73,117,97,88,91,98]","[93,59,13,61,8,47,78,81,56,52,74,21,114]","[85,14,65,55,22,50,62,67,89,18,12,24,104]","[10,92,44,45,127,19,53,90,126,134,46,0,11]",1233r5577s 113z,346m 3r5667p 1236s 2z,44567m 45788p 459s,1335m 3335p 56s 557z
20260403091322_0300_036,20260403091322_0300,20260403091322,300,0,パシフィック,83,,,1775175790,,,3,190.667,"[82,79,73,117,97,88,91,98]","[93,59,13,61,8,47,78,81,56,52,74,21,114]","[85,14,65,55,22,50,62,67,89,18,12,24,104]","[10,92,44,45,127,19,53,90,126,134,46,0,11]",123r5577s 3z,346m 3r5667p 1236s 2z,44567m 45788p 459s,1335m 3335p 56s 557z
20260403091322_0300_037,20260403091322_0300,20260403091322,300,1,きゆう,114,,,1775175791,1390.787,,0,,"[82,79,73,117,97,88,91,98]","[93,59,13,61,8,47,78,81,56,52,74,21,40]","[85,14,65,55,22,50,62,67,89,18,12,24,104]","[10,92,44,45,127,19,53,90,126,134,46,0,11]",123r5577s 3z,346m 23r5667p 1236s,44567m 45788p 459s,1335m 3335p 56s 557z
20260403091322_0300_038,20260403091322_0300,20260403091322,300,2,おにゃにゃー,104,,,1775175793,2315.306,,0,,"[82,79,73,117,97,88,91,98]","[93,59,13,61,8,47,78,81,56,52,74,21,40]","[85,14,65,55,22,50,62,67,89,18,12,24,128]","[10,92,44,45,127,19,53,90,126,134,46,0,11]",123r5577s 3z,346m 23r5667p 1236s,44567m 45788p 45s 6z,1335m 3335p 56s 557z
20260403091322_0300_039,20260403091322_0300,20260403091322,300,3,フェザーＭ,0,,,1775175796,2554.139,,0,,"[82,79,73,117,97,88,91,98]","[93,59,13,61,8,47,78,81,56,52,74,21,40]","[85,14,65,55,22,50,62,67,89,18,12,24,128]","[10,92,44,45,127,19,53,90,126,134,46,11,96]",123r5577s 3z,346m 23r5667p 1236s,44567m 45788p 45s 6z,335m 3335p 567s 557z
20260403091322_0300_040,20260403091322_0300,20260403091322,300,0,パシフィック,69,,,1775175797,731.513,,0,,"[82,79,73,117,97,88,91,98]","[93,59,13,61,8,47,78,81,56,52,74,21,40]","[85,14,65,55,22,50,62,67,89,18,12,24,128]","[10,92,44,45,127,19,53,90,126,134,46,11,96]",123r5577s 3z,346m 23r5667p 1236s,44567m 45788p 45s 6z,335m 3335p 567s 557z
20260403091322_0300_041,20260403091322_0300,20260403091322,300,1,きゆう,21,,,1775175801,4080.912,,0,,"[82,79,73,117,97,88,91,98]","[93,59,13,61,8,47,78,81,56,52,74,40,29]","[85,14,65,55,22,50,62,67,89,18,12,24,128]","[10,92,44,45,127,19,53,90,126,134,46,11,96]",123r5577s 3z,348m 23r5667p 1236s,44567m 45788p 45s 6z,335m 3335p 567s 557z
20260403091322_0300_042,20260403091322_0300,20260403091322,300,2,おにゃにゃー,62,,,1775175809,,,0,,"[82,79,73,117,97,88,91,98]","[93,59,13,61,8,47,78,81,56,52,74,40,29]","[85,14,65,55,22,50,67,89,24,128]","[10,92,44,45,127,19,53,90,126,134,46,11,96]",123r5577s 3z,348m 23r5667p 1236s,467m 4588p 45s 6z,335m 3335p 567s 557z
20260403091322_0300_043,20260403091322_0300,20260403091322,300,3,フェザーＭ,53,,,1775175813,3170.107,,0,,"[82,79,73,117,97,88,91,98]","[93,59,13,61,8,47,78,81,56,52,74,40,29]","[85,14,65,55,22,50,67,89,24,128]","[10,92,44,45,127,19,90,126,134,46,11,96,25]",123r5577s 3z,348m 23r5667p 1236s,467m 4588p 45s 6z,3357m 333p 567s 557z
20260403091322_0300_044,20260403091322_0300,20260403091322,300,0,パシフィック,120,,,1775175813,694.819,,0,,"[82,79,73,117,97,88,91,98]","[93,59,13,61,8,47,78,81,56,52,74,40,29]","[85,14,65,55,22,50,67,89,24,128]","[10,92,44,45,127,19,90,126,134,46,11,96,25]",123r5577s 3z,348m 23r5667p 1236s,467m 4588p 45s 6z,3357m 333p 567s 557z
20260403091322_0300_045,20260403091322_0300,20260403091322,300,1,きゆう,29,,,1775175816,2789.396,,0,,"[82,79,73,117,97,88,91,98]","[93,59,13,61,8,47,78,81,56,52,74,40,43]","[85,14,65,55,22,50,67,89,24,128]","[10,92,44,45,127,19,90,126,134,46,11,96,25]",123r5577s 3z,34m 223r5667p 1236s,467m 4588p 45s 6z,3357m 333p 567s 557z
20260403091322_0300_046,20260403091322_0300,20260403091322,300,2,おにゃにゃー,14,,,1775175818,,,3,2188.378,"[82,79,73,117,97,88,91,98]","[93,59,13,61,8,47,78,81,56,52,74,40,43]","[85,65,55,50,67,89,128]","[10,92,44,45,127,19,90,126,134,46,11,96,25]",123r5577s 3z,34m 223r5667p 1236s,4588p 45s 6z,3357m 333p 567s 557z
20260403091322_0300_047,20260403091322_0300,20260403091322,300,3,フェザーＭ,99,,,1775175823,2533.31,,0,,"[82,79,73,117,97,88,91,98]","[93,59,13,61,8,47,78,81,56,52,74,40,43]","[85,65,55,50,67,89,128]","[10,92,44,45,127,19,90,126,134,46,11,96,25]",123r5577s 3z,34m 223r5667p 1236s,4588p 45s 6z,3357m 333p 567s 557z
20260403091322_0400_000,20260403091322_0400,20260403091322,400,2,おにゃにゃー,115,,,1775175839,4655.335,,0,,"[58,117,99,94,14,75,61,54,133,119,100,102,80]","[77,125,6,10,116,17,122,69,28,53,89,49,30]","[82,60,67,81,21,62,12,103,130,52,70,66,22]","[98,95,96,83,59,46,104,110,19,72,65,129,3]",4m 567p 136788s 337z,23588m 459p 25s 345z,466m r577889p 338s 6z,15m 368p 136779s 16z
20260403091322_0400_001,20260403091322_0400,20260403091322,400,3,フェザーＭ,110,,,1775175842,2907.19,,0,,"[58,117,99,94,14,75,61,54,133,119,100,102,80]","[77,125,6,10,116,17,122,69,28,53,89,49,30]","[82,60,67,81,21,62,12,103,130,52,70,66,22]","[98,95,96,83,59,46,104,19,72,65,129,3,120]",4m 567p 136788s 337z,23588m 459p 25s 345z,466m r577889p 338s 6z,15m 368p 136779s 46z
20260403091322_0400_002,20260403091322_0400,20260403091322,400,0,パシフィック,80,,,1775175848,5705.72,,3,1157.311,"[58,117,99,94,14,75,61,54,133,119,100,102,23]","[77,125,6,10,116,17,122,69,28,53,89,49,30]","[82,60,67,81,21,62,12,103,130,52,70,66,22]","[98,95,96,83,59,46,104,19,72,65,129,3,120]",46m 567p 16788s 337z,23588m 459p 25s 345z,466m r577889p 338s 6z,15m 368p 136779s 46z
20260403091322_0400_003,20260403091322_0400,20260403091322,400,1,きゆう,69,,,1775175850,1721.056,,5,1319.073,"[58,117,99,94,14,75,61,54,133,119,100,102,23]","[77,125,6,10,116,17,122,28,53,89,49,30,73]","[82,60,67,81,21,62,12,103,130,52,70,66,22]","[98,95,96,83,59,46,104,19,72,65,129,3,120]",46m 567p 16788s 337z,23588m 45p 125s 345z,466m r577889p 338s 6z,15m 368p 136779s 46z
20260403091322_0400_004,20260403091322_0400,20260403091322,400,2,おにゃにゃー,130,,,1775175853,1357.773,,0,,"[58,117,99,94,14,75,61,54,133,119,100,102,23]","[77,125,6,10,116,17,122,28,53,89,49,30,73]","[82,60,67,81,21,62,12,103,52,70,66,22,97]","[98,95,96,83,59,46,104,19,72,65,129,3,120]",46m 567p 16788s 337z,23588m 45p 125s 345z,466m r577889p 3378s,15m 368p 136779s 46z
20260403091322_0400_005,20260403091322_0400,20260403091322,400,3,フェザーＭ,129,,,1775175855,1636.299,,0,,"[58,117,99,94,14,75,61,54,133,119,100,102,23]","[77,125,6,10,116,17,122,28,53,89,49,30,73]","[82,60,67,81,21,62,12,103,52,70,66,22,97]","[98,95,96,83,59,46,104,19,72,65,3,120,63]",46m 567p 16788s 337z,23588m 45p 125s 345z,466m r577889p 3378s,15m 3678p 136779s 4z
20260403091322_0400_006,20260403091322_0400,20260403091322,400,0,パシフィック,14,,,1775175868,12855.42,,0,,"[58,117,99,94,75,61,54,133,119,100,102,23,40]","[77,125,6,10,116,17,122,28,53,89,49,30,73]","[82,60,67,81,21,62,12,103,52,70,66,22,97]","[98,95,96,83,59,46,104,19,72,65,3,120,63]",6m 2567p 16788s 337z,23588m 45p 125s 345z,466m r577889p 3378s,15m 3678p 136779s 4z
20260403091322_0400_007,20260403091322_0400,20260403091322,400,1,きゆう,73,,,1775175870,,,0,,"[58,117,99,94,75,61,54,133,119,100,102,23,40]","[77,125,116,17,122,28,53,89,49,30]","[82,60,67,81,21,62,12,103,52,70,66,22,97]","[98,95,96,83,59,46,104,19,72,65,3,120,63]",6m 2567p 16788s 337z,588m 45p 25s 345z,466m r577889p 3378s,15m 3678p 136779s 4z
20260403091322_0400_008,20260403091322_0400,20260403091322,400,2,おにゃにゃー,22,,,1775175873,2797.011,,0,,"[58,117,99,94,75,61,54,133,119,100,102,23,40]","[77,125,116,17,122,28,53,89,49,30]","[82,60,67,81,21,62,12,103,52,70,66,97,18]","[98,95,96,83,59,46,104,19,72,65,3,120,63]",6m 2567p 16788s 337z,588m 45p 25s 345z,456m r577889p 3378s,15m 3678p 136779s 4z
20260403091322_0400_009,20260403091322_0400,20260403091322,400,3,フェザーＭ,120,,,1775175876,2729.972,,0,,"[58,117,99,94,75,61,54,133,119,100,102,23,40]","[77,125,116,17,122,28,53,89,49,30]","[82,60,67,81,21,62,12,103,52,70,66,97,18]","[98,95,96,83,59,46,104,19,72,65,3,63,112]",6m 2567p 16788s 337z,588m 45p 25s 345z,456m r577889p 3378s,15m 3678p 136779s 2z
20260403091322_0400_010,20260403091322_0400,20260403091322,400,0,パシフィック,75,,,1775175884,7730.118,,0,,"[58,117,99,94,61,54,133,119,100,102,23,40,106]","[77,125,116,17,122,28,53,89,49,30]","[82,60,67,81,21,62,12,103,52,70,66,97,18]","[98,95,96,83,59,46,104,19,72,65,3,63,112]",6m 2567p 67889s 337z,588m 45p 25s 345z,456m r577889p 3378s,15m 3678p 136779s 2z
20260403091322_0400_011,20260403091322_0400,20260403091322,400,1,きゆう,116,,,1775175886,1976.806,,0,,"[58,117,99,94,61,54,133,119,100,102,23,40,106]","[77,125,17,122,28,53,89,49,30,42]","[82,60,67,81,21,62,12,103,52,70,66,97,18]","[98,95,96,83,59,46,104,19,72,65,3,63,112]",6m 2567p 67889s 337z,588m 245p 25s 45z,456m r577889p 3378s,15m 3678p 136779s 2z
20260403091322_0400_012,20260403091322_0400,20260403091322,400,0,パシフィック,23,,,1775175892,1028.062,,0,,"[58,99,94,61,54,133,119,100,102,40,106]","[77,125,17,122,28,53,89,49,30,42]","[82,60,67,81,21,62,12,103,52,70,66,97,18]","[98,95,96,83,59,46,104,19,72,65,3,63,112]",2567p 67889s 37z,588m 245p 25s 45z,456m r577889p 3378s,15m 3678p 136779s 2z
20260403091322_0400_013,20260403091322_0400,20260403091322,400,1,きゆう,122,,,1775175894,2318.301,,0,,"[58,99,94,61,54,133,119,100,102,40,106]","[77,125,17,28,53,89,49,30,42,87]","[82,60,67,81,21,62,12,103,52,70,66,97,18]","[98,95,96,83,59,46,104,19,72,65,3,63,112]",2567p 67889s 37z,588m 245p 245s 5z,456m r577889p 3378s,15m 3678p 136779s 2z
20260403091322_0400_014,20260403091322_0400,20260403091322,400,2,おにゃにゃー,18,,,1775175896,2076.726,,0,,"[58,99,94,61,54,133,119,100,102,40,106]","[77,125,17,28,53,89,49,30,42,87]","[82,60,67,81,21,62,12,103,52,70,66,97,16]","[98,95,96,83,59,46,104,19,72,65,3,63,112]",2567p 67889s 37z,588m 245p 245s 5z,4r56m r577889p 3378s,15m 3678p 136779s 2z
20260403091322_0400_015,20260403091322_0400,20260403091322,400,3,フェザーＭ,3,,,1775175898,1388.37,,0,,"[58,99,94,61,54,133,119,100,102,40,106]","[77,125,17,28,53,89,49,30,42,87]","[82,60,67,81,21,62,12,103,52,70,66,97,16]","[98,95,96,83,59,46,104,19,72,65,63,112,88]",2567p 67889s 37z,588m 245p 245s 5z,4r56m r577889p 3378s,5m 3678p 13r56779s 2z
20260403091322_0400_016,20260403091322_0400,20260403091322,400,0,パシフィック,40,,,1775175904,5942.13,,0,,"[58,99,94,61,54,133,119,100,102,106,57]","[77,125,17,28,53,89,49,30,42,87]","[82,60,67,81,21,62,12,103,52,70,66,97,16]","[98,95,96,83,59,46,104,19,72,65,63,112,88]",5667p 67889s 37z,588m 245p 245s 5z,4r56m r577889p 3378s,5m 3678p 13r56779s 2z
20260403091322_0400_017,20260403091322_0400,20260403091322,400,1,きゆう,0,,,1775175905,1722.023,,0,,"[58,99,94,61,54,133,119,100,102,106,57]","[77,125,17,28,53,89,49,30,42,87]","[82,60,67,81,21,62,12,103,52,70,66,97,16]","[98,95,96,83,59,46,104,19,72,65,63,112,88]",5667p 67889s 37z,588m 245p 245s 5z,4r56m r577889p 3378s,5m 3678p 13r56779s 2z
20260403091322_0400_018,20260403091322_0400,20260403091322,400,2,おにゃにゃー,52,,,1775175908,2569.153,,3,2074.694,"[58,99,94,61,54,133,119,100,102,106,57]","[77,125,17,28,53,89,49,30,42,87]","[82,60,67,81,21,62,12,103,70,66,97,16,127]","[98,95,96,83,59,46,104,19,72,65,63,112,88]",5667p 67889s 37z,588m 245p 245s 5z,4r56m 77889p 3378s 5z,5m 3678p 13r56779s 2z
20260403091322_0400_019,20260403091322_0400,20260403091322,400,3,フェザーＭ,112,,,1775175920,10560.313,,0,,"[58,99,94,61,54,133,119,100,102,106,57]","[77,125,17,28,53,89,49,30,42,87]","[82,60,67,81,21,62,12,103,70,66,97,16,127]","[98,95,96,83,59,46,104,19,72,65,63,88,79]",5667p 67889s 37z,588m 245p 245s 5z,4r56m 77889p 3378s 5z,5m 3678p 123r56779s
20260403091322_0400_020,20260403091322_0400,20260403091322,400,0,パシフィック,133,,,1775175923,2103.682,,0,,"[58,99,94,61,54,119,100,102,106,57,105]","[77,125,17,28,53,89,49,30,42,87]","[82,60,67,81,21,62,12,103,70,66,97,16,127]","[98,95,96,83,59,46,104,19,72,65,63,88,79]",5667p 678899s 3z,588m 245p 245s 5z,4r56m 77889p 3378s 5z,5m 3678p 123r56779s
20260403091322_0400_021,20260403091322_0400,20260403091322,400,1,きゆう,125,,,1775175926,3590.136,,0,,"[58,99,94,61,54,119,100,102,106,57,105]","[77,17,28,53,89,49,30,42,87,20]","[82,60,67,81,21,62,12,103,70,66,97,16,127]","[98,95,96,83,59,46,104,19,72,65,63,88,79]",5667p 678899s 3z,5688m 245p 245s,4r56m 77889p 3378s 5z,5m 3678p 123r56779s
20260403091322_0400_022,20260403091322_0400,20260403091322,400,2,おにゃにゃー,31,,,1775175929,2559.631,,0,,"[58,99,94,61,54,119,100,102,106,57,105]","[77,17,28,53,89,49,30,42,87,20]","[82,60,67,81,21,62,12,103,70,66,97,16,127]","[98,95,96,83,59,46,104,19,72,65,63,88,79]",5667p 678899s 3z,5688m 245p 245s,4r56m 77889p 3378s 5z,5m 3678p 123r56779s
20260403091322_0400_023,20260403091322_0400,20260403091322,400,1,きゆう,77,,,1775175932,1192.201,,0,,"[58,99,94,61,54,119,100,102,106,57,105]","[17,28,53,89,49,42,87,20]","[82,60,67,81,21,62,12,103,70,66,97,16,127]","[98,95,96,83,59,46,104,19,72,65,63,88,79]",5667p 678899s 3z,568m 245p 45s,4r56m 77889p 3378s 5z,5m 3678p 123r56779s
20260403091322_0400_024,20260403091322_0400,20260403091322,400,2,おにゃにゃー,15,,,1775175935,2479.284,,0,,"[58,99,94,61,54,119,100,102,106,57,105]","[17,28,53,89,49,42,87,20]","[82,60,67,81,21,62,12,103,70,66,97,16,127]","[98,95,96,83,59,46,104,19,72,65,63,88,79]",5667p 678899s 3z,568m 245p 45s,4r56m 77889p 3378s 5z,5m 3678p 123r56779s
20260403091322_0400_025,20260403091322_0400,20260403091322,400,3,フェザーＭ,109,,,1775175937,2058.748,,0,,"[58,99,94,61,54,119,100,102,106,57,105]","[17,28,53,89,49,42,87,20]","[82,60,67,81,21,62,12,103,70,66,97,16,127]","[98,95,96,83,59,46,104,19,72,65,63,88,79]",5667p 678899s 3z,568m 245p 45s,4r56m 77889p 3378s 5z,5m 3678p 123r56779s
20260403091322_0400_026,20260403091322_0400,20260403091322,400,0,パシフィック,121,,,1775175939,2645.051,,0,,"[58,99,94,61,54,119,100,102,106,57,105]","[17,28,53,89,49,42,87,20]","[82,60,67,81,21,62,12,103,70,66,97,16,127]","[98,95,96,83,59,46,104,19,72,65,63,88,79]",5667p 678899s 3z,568m 245p 45s,4r56m 77889p 3378s 5z,5m 3678p 123r56779s
20260403091322_0400_027,20260403091322_0400,20260403091322,400,1,きゆう,42,,,1775175941,1955.05,,0,,"[58,99,94,61,54,119,100,102,106,57,105]","[17,28,53,89,49,87,20,5]","[82,60,67,81,21,62,12,103,70,66,97,16,127]","[98,95,96,83,59,46,104,19,72,65,63,88,79]",5667p 678899s 3z,2568m 45p 45s,4r56m 77889p 3378s 5z,5m 3678p 123r56779s
20260403091322_0400_028,20260403091322_0400,20260403091322,400,2,おにゃにゃー,134,,,1775175943,1623.172,,0,,"[58,99,94,61,54,119,100,102,106,57,105]","[17,28,53,89,49,87,20,5]","[82,60,67,81,21,62,12,103,70,66,97,16,127]","[98,95,96,83,59,46,104,19,72,65,63,88,79]",5667p 678899s 3z,2568m 45p 45s,4r56m 77889p 3378s 5z,5m 3678p 123r56779s
20260403091322_0400_029,20260403091322_0400,20260403091322,400,3,フェザーＭ,46,,,1775175947,4266.785,,0,,"[58,99,94,61,54,119,100,102,106,57,105]","[17,28,53,89,49,87,20,5]","[82,60,67,81,21,62,12,103,70,66,97,16,127]","[98,95,96,83,59,104,19,72,65,63,88,79,24]",5667p 678899s 3z,2568m 45p 45s,4r56m 77889p 3378s 5z,57m 678p 123r56779s
20260403091322_0400_030,20260403091322_0400,20260403091322,400,0,パシフィック,2,,,1775175955,7717.126,,0,,"[58,99,94,61,54,119,100,102,106,57,105]","[17,28,53,89,49,87,20,5]","[82,60,67,81,21,62,12,103,70,66,97,16,127]","[98,95,96,83,59,104,19,72,65,63,88,79,24]",5667p 678899s 3z,2568m 45p 45s,4r56m 77889p 3378s 5z,57m 678p 123r56779s
20260403091322_0400_031,20260403091322_0400,20260403091322,400,1,きゆう,76,,,1775175957,2251.57,,0,,"[58,99,94,61,54,119,100,102,106,57,105]","[17,28,53,89,49,87,20,5]","[82,60,67,81,21,62,12,103,70,66,97,16,127]","[98,95,96,83,59,104,19,72,65,63,88,79,24]",5667p 678899s 3z,2568m 45p 45s,4r56m 77889p 3378s 5z,57m 678p 123r56779s
20260403091322_0400_032,20260403091322_0400,20260403091322,400,2,おにゃにゃー,13,,,1775175959,1964.799,,0,,"[58,99,94,61,54,119,100,102,106,57,105]","[17,28,53,89,49,87,20,5]","[82,60,67,81,21,62,12,103,70,66,97,16,127]","[98,95,96,83,59,104,19,72,65,63,88,79,24]",5667p 678899s 3z,2568m 45p 45s,4r56m 77889p 3378s 5z,57m 678p 123r56779s
20260403091322_0400_033,20260403091322_0400,20260403091322,400,3,フェザーＭ,113,,,1775175961,1919.876,,0,,"[58,99,94,61,54,119,100,102,106,57,105]","[17,28,53,89,49,87,20,5]","[82,60,67,81,21,62,12,103,70,66,97,16,127]","[98,95,96,83,59,104,19,72,65,63,88,79,24]",5667p 678899s 3z,2568m 45p 45s,4r56m 77889p 3378s 5z,57m 678p 123r56779s
20260403091322_0400_034,20260403091322_0400,20260403091322,400,0,パシフィック,32,,,1775175968,6689.698,,0,,"[58,99,94,61,54,119,100,102,106,57,105]","[17,28,53,89,49,87,20,5]","[82,60,67,81,21,62,12,103,70,66,97,16,127]","[98,95,96,83,59,104,19,72,65,63,88,79,24]",5667p 678899s 3z,2568m 45p 45s,4r56m 77889p 3378s 5z,57m 678p 123r56779s
20260403091322_0400_035,20260403091322_0400,20260403091322,400,1,きゆう,118,,,1775175969,1755.795,,0,,"[58,99,94,61,54,119,100,102,106,57,105]","[17,28,53,89,49,87,20,5]","[82,60,67,81,21,62,12,103,70,66,97,16,127]","[98,95,96,83,59,104,19,72,65,63,88,79,24]",5667p 678899s 3z,2568m 45p 45s,4r56m 77889p 3378s 5z,57m 678p 123r56779s
20260403091322_0400_036,20260403091322_0400,20260403091322,400,2,おにゃにゃー,4,,,1775175971,1794.621,,0,,"[58,99,94,61,54,119,100,102,106,57,105]","[17,28,53,89,49,87,20,5]","[82,60,67,81,21,62,12,103,70,66,97,16,127]","[98,95,96,83,59,104,19,72,65,63,88,79,24]",5667p 678899s 3z,2568m 45p 45s,4r56m 77889p 3378s 5z,57m 678p 123r56779s
20260403091322_0400_037,20260403091322_0400,20260403091322,400,3,フェザーＭ,104,,,1775175975,3894.471,,0,,"[58,99,94,61,54,119,100,102,106,57,105]","[17,28,53,89,49,87,20,5]","[82,60,67,81,21,62,12,103,70,66,97,16,127]","[98,95,96,83,59,19,72,65,63,88,79,24,85]",5667p 678899s 3z,2568m 45p 45s,4r56m 77889p 3378s 5z,57m 678p 1234r5677s
20260403091322_0400_038,20260403091322_0400,20260403091322,400,0,パシフィック,58,,,1775175979,,,3,276.707,"[99,94,61,54,119,100,102,57]","[17,28,53,89,49,87,20,5]","[82,60,67,81,21,62,12,103,70,66,97,16,127]","[98,95,96,83,59,19,72,65,63,88,79,24,85]",567p 6788s 3z,2568m 45p 45s,4r56m 77889p 3378s 5z,57m 678p 1234r5677s
20260403091322_0400_039,20260403091322_0400,20260403091322,400,1,きゆう,131,,,1775175981,1870.717,,0,,"[99,94,61,54,119,100,102,57]","[17,28,53,89,49,87,20,5]","[82,60,67,81,21,62,12,103,70,66,97,16,127]","[98,95,96,83,59,19,72,65,63,88,79,24,85]",567p 6788s 3z,2568m 45p 45s,4r56m 77889p 3378s 5z,57m 678p 1234r5677s
20260403091322_0400_040,20260403091322_0400,20260403091322,400,2,おにゃにゃー,7,,,1775175983,1766.284,,0,,"[99,94,61,54,119,100,102,57]","[17,28,53,89,49,87,20,5]","[82,60,67,81,21,62,12,103,70,66,97,16,127]","[98,95,96,83,59,19,72,65,63,88,79,24,85]",567p 6788s 3z,2568m 45p 45s,4r56m 77889p 3378s 5z,57m 678p 1234r5677s
20260403091322_0400_041,20260403091322_0400,20260403091322,400,3,フェザーＭ,123,,,1775175985,2473.49,,5,1830.584,"[99,94,61,54,119,100,102,57]","[17,28,53,89,49,87,20,5]","[82,60,67,81,21,62,12,103,70,66,97,16,127]","[98,95,96,83,59,19,72,65,63,88,79,24,85]",567p 6788s 3z,2568m 45p 45s,4r56m 77889p 3378s 5z,57m 678p 1234r5677s
20260403091322_0400_042,20260403091322_0400,20260403091322,400,0,パシフィック,55,,,1775175987,206.848,,0,,"[99,94,61,54,119,100,102,57]","[17,28,53,89,49,87,20,5]","[82,60,67,81,21,62,12,103,70,66,97,16,127]","[98,95,96,83,59,19,72,65,63,88,79,24,85]",567p 6788s 3z,2568m 45p 45s,4r56m 77889p 3378s 5z,57m 678p 1234r5677s
20260403091322_0400_043,20260403091322_0400,20260403091322,400,1,きゆう,5,,,1775175990,2957.025,,0,,"[99,94,61,54,119,100,102,57]","[17,28,53,89,49,87,20,26]","[82,60,67,81,21,62,12,103,70,66,97,16,127]","[98,95,96,83,59,19,72,65,63,88,79,24,85]",567p 6788s 3z,5678m 45p 45s,4r56m 77889p 3378s 5z,57m 678p 1234r5677s
20260403091322_0400_044,20260403091322_0400,20260403091322,400,2,おにゃにゃー,41,,,1775175992,2150.962,,0,,"[99,94,61,54,119,100,102,57]","[17,28,53,89,49,87,20,26]","[82,60,67,81,21,62,12,103,70,66,97,16,127]","[98,95,96,83,59,19,72,65,63,88,79,24,85]",567p 6788s 3z,5678m 45p 45s,4r56m 77889p 3378s 5z,57m 678p 1234r5677s
20260403091322_0400_045,20260403091322_0400,20260403091322,400,3,フェザーＭ,47,,,1775175995,2623.382,,0,,"[99,94,61,54,119,100,102,57]","[17,28,53,89,49,87,20,26]","[82,60,67,81,21,62,12,103,70,66,97,16,127]","[98,95,96,83,59,19,72,65,63,88,79,24,85]",567p 6788s 3z,5678m 45p 45s,4r56m 77889p 3378s 5z,57m 678p 1234r5677s
20260403091322_0400_046,20260403091322_0400,20260403091322,400,0,パシフィック,27,,,1775175996,681.433,,3,891.688,"[99,94,61,54,119,100,102,57]","[17,28,53,89,49,87,20,26]","[82,60,67,81,21,62,12,103,70,66,97,16,127]","[98,95,96,83,59,19,72,65,63,88,79,24,85]",567p 6788s 3z,5678m 45p 45s,4r56m 77889p 3378s 5z,57m 678p 1234r5677s
20260403091322_0400_047,20260403091322_0400,20260403091322,400,1,きゆう,87,,,1775175998,1599.525,,0,,"[99,94,61,54,119,100,102,57]","[17,28,53,89,49,20,26,90]","[82,60,67,81,21,62,12,103,70,66,97,16,127]","[98,95,96,83,59,19,72,65,63,88,79,24,85]",567p 6788s 3z,5678m 45p 55s,4r56m 77889p 3378s 5z,57m 678p 1234r5677s
20260403091322_0400_048,20260403091322_0400,20260403091322,400,2,おにゃにゃー,127,,,1775176001,2693.51,,0,,"[99,94,61,54,119,100,102,57]","[17,28,53,89,49,20,26,90]","[82,60,67,81,21,62,12,103,70,66,97,16,93]","[98,95,96,83,59,19,72,65,63,88,79,24,85]",567p 6788s 3z,5678m 45p 55s,4r56m 77889p 33678s,57m 678p 1234r5677s
20260403091322_0400_049,20260403091322_0400,20260403091322,400,3,フェザーＭ,107,,,1775176003,2158.343,,5,199.541,"[99,94,61,54,119,100,102,57]","[17,28,53,89,49,20,26,90]","[82,60,67,81,21,62,12,103,70,66,97,16,93]","[98,95,96,83,59,19,72,65,63,88,79,24,85]",567p 6788s 3z,5678m 45p 55s,4r56m 77889p 33678s,57m 678p 1234r5677s
20260403091322_0400_050,20260403091322_0400,20260403091322,400,0,パシフィック,132,,,1775176004,486.31,,0,,"[99,94,61,54,119,100,102,57]","[17,28,53,89,49,20,26,90]","[82,60,67,81,21,62,12,103,70,66,97,16,93]","[98,95,96,83,59,19,72,65,63,88,79,24,85]",567p 6788s 3z,5678m 45p 55s,4r56m 77889p 33678s,57m 678p 1234r5677s
20260403091322_0400_051,20260403091322_0400,20260403091322,400,1,きゆう,84,,,1775176008,1048.222,,0,,"[99,94,61,54,119,100,102,57]","[17,28,53,89,49,20,26,90]","[82,60,67,81,21,62,12,103,70,66,97,16,93]","[98,95,96,83,59,19,72,65,63,88,79,24,85]",567p 6788s 3z,5678m 45p 55s,4r56m 77889p 33678s,57m 678p 1234r5677s
20260403091322_0400_052,20260403091322_0400,20260403091322,400,2,おにゃにゃー,86,,,1775176011,677.754,2874.058,3,2497.889,"[99,94,61,54,119,100,102,57]","[17,28,53,89,49,20,26,90]","[82,60,67,81,21,62,12,103,70,66,97,16,93]","[98,95,96,83,59,19,72,65,63,88,79,24,85]",567p 6788s 3z,5678m 45p 55s,4r56m 77889p 33678s,57m 678p 1234r5677s
20260403091322_0400_053,20260403091322_0400,20260403091322,400,3,フェザーＭ,79,,,1775176016,2632.986,,0,,"[99,94,61,54,119,100,102,57]","[17,28,53,89,49,20,26,90]","[82,60,67,81,21,62,12,103,70,66,97,16,93]","[98,95,96,83,59,19,72,65,63,88,24,85,78]",567p 6788s 3z,5678m 45p 55s,4r56m 77889p 33678s,57m 678p 1234r5677s
20260403091322_0400_054,20260403091322_0400,20260403091322,400,0,パシフィック,45,,,1775176017,699.003,,0,,"[99,94,61,54,119,100,102,57]","[17,28,53,89,49,20,26,90]","[82,60,67,81,21,62,12,103,70,66,97,16,93]","[98,95,96,83,59,19,72,65,63,88,24,85,78]",567p 6788s 3z,5678m 45p 55s,4r56m 77889p 33678s,57m 678p 1234r5677s
20260403091322_0500_000,20260403091322_0500,20260403091322,500,3,フェザーＭ,128,,,1775176031,6048.771,,0,,"[7,115,35,43,33,127,9,55,65,58,92,1,84]","[63,93,36,62,4,11,18,99,60,64,41,37,91]","[94,27,56,129,122,130,106,22,8,96,49,32,48]","[85,23,66,81,100,30,54,87,103,112,86,6,20]",12399m 2568p 46s 25z,235m 1127778p 567s,3679m 446p 679s 466z,2668m 58p 344488s 2z
20260403091322_0500_001,20260403091322_0500,20260403091322,500,2,おにゃにゃー,106,,,1775176034,,,0,,"[7,115,35,43,33,127,9,55,65,58,92,1,84]","[63,93,36,62,4,11,18,99,60,64,41,37,91]","[94,27,56,122,22,8,96,49,32,48]","[85,23,66,81,100,30,54,87,103,112,86,6,20]",12399m 2568p 46s 25z,235m 1127778p 567s,3679m 446p 67s 4z,2668m 58p 344488s 2z
20260403091322_0500_002,20260403091322_0500,20260403091322,500,3,フェザーＭ,112,,,1775176035,1402.657,,0,,"[7,115,35,43,33,127,9,55,65,58,92,1,84]","[63,93,36,62,4,11,18,99,60,64,41,37,91]","[94,27,56,122,22,8,96,49,32,48]","[85,23,66,81,100,30,54,87,103,86,6,20,24]",12399m 2568p 46s 25z,235m 1127778p 567s,3679m 446p 67s 4z,26678m 58p 344488s
20260403091322_0500_003,20260403091322_0500,20260403091322,500,0,パシフィック,65,,,1775176038,3091.172,,0,,"[7,115,35,43,33,127,9,55,58,92,1,84,50]","[63,93,36,62,4,11,18,99,60,64,41,37,91]","[94,27,56,122,22,8,96,49,32,48]","[85,23,66,81,100,30,54,87,103,86,6,20,24]",12399m 2456p 46s 25z,235m 1127778p 567s,3679m 446p 67s 4z,26678m 58p 344488s
20260403091322_0500_004,20260403091322_0500,20260403091322,500,1,きゆう,37,,,1775176041,2390.826,,0,,"[7,115,35,43,33,127,9,55,58,92,1,84,50]","[63,93,36,62,4,11,18,99,60,64,41,91,42]","[94,27,56,122,22,8,96,49,32,48]","[85,23,66,81,100,30,54,87,103,86,6,20,24]",12399m 2456p 46s 25z,235m 1227778p 567s,3679m 446p 67s 4z,26678m 58p 344488s
20260403091322_0500_005,20260403091322_0500,20260403091322,500,2,おにゃにゃー,107,,,1775176043,1861.201,,0,,"[7,115,35,43,33,127,9,55,58,92,1,84,50]","[63,93,36,62,4,11,18,99,60,64,41,91,42]","[94,27,56,122,22,8,96,49,32,48]","[85,23,66,81,100,30,54,87,103,86,6,20,24]",12399m 2456p 46s 25z,235m 1227778p 567s,3679m 446p 67s 4z,26678m 58p 344488s
20260403091322_0500_006,20260403091322_0500,20260403091322,500,3,フェザーＭ,66,,,1775176044,1511.918,,0,,"[7,115,35,43,33,127,9,55,58,92,1,84,50]","[63,93,36,62,4,11,18,99,60,64,41,91,42]","[94,27,56,122,22,8,96,49,32,48]","[85,23,81,100,30,54,87,103,86,6,20,24,34]",12399m 2456p 46s 25z,235m 1227778p 567s,3679m 446p 67s 4z,266789m 5p 344488s
20260403091322_0500_007,20260403091322_0500,20260403091322,500,0,パシフィック,43,,,1775176054,9656.89,,0,,"[7,115,35,33,127,9,55,58,92,1,84,50,121]","[63,93,36,62,4,11,18,99,60,64,41,91,42]","[94,27,56,122,22,8,96,49,32,48]","[85,23,81,100,30,54,87,103,86,6,20,24,34]",12399m 456p 46s 245z,235m 1227778p 567s,3679m 446p 67s 4z,266789m 5p 344488s
20260403091322_0500_008,20260403091322_0500,20260403091322,500,1,きゆう,36,,,1775176056,,,0,,"[7,115,35,33,127,9,55,58,92,1,84,50,121]","[63,93,62,4,11,18,99,60,64,91]","[94,27,56,122,22,8,96,49,32,48]","[85,23,81,100,30,54,87,103,86,6,20,24,34]",12399m 456p 46s 245z,235m 7778p 567s,3679m 446p 67s 4z,266789m 5p 344488s
20260403091322_0500_009,20260403091322_0500,20260403091322,500,2,おにゃにゃー,32,,,1775176058,2041.221,,0,,"[7,115,35,33,127,9,55,58,92,1,84,50,121]","[63,93,62,4,11,18,99,60,64,91]","[94,27,56,122,22,8,96,49,48,135]","[85,23,81,100,30,54,87,103,86,6,20,24,34]",12399m 456p 46s 245z,235m 7778p 567s,367m 446p 67s 47z,266789m 5p 344488s
20260403091322_0500_010,20260403091322_0500,20260403091322,500,0,パシフィック,115,,,1775176062,1672.107,,0,,"[7,35,127,9,55,58,92,1,84,50,121]","[63,93,62,4,11,18,99,60,64,91]","[94,27,56,122,22,8,96,49,48,135]","[85,23,81,100,30,54,87,103,86,6,20,24,34]",1239m 456p 46s 45z,235m 7778p 567s,367m 446p 67s 47z,266789m 5p 344488s
20260403091322_0500_011,20260403091322_0500,20260403091322,500,1,きゆう,4,,,1775176064,2177.919,,0,,"[7,35,127,9,55,58,92,1,84,50,121]","[63,93,62,11,18,99,60,64,91,120]","[94,27,56,122,22,8,96,49,48,135]","[85,23,81,100,30,54,87,103,86,6,20,24,34]",1239m 456p 46s 45z,35m 7778p 567s 4z,367m 446p 67s 47z,266789m 5p 344488s
20260403091322_0500_012,20260403091322_0500,20260403091322,500,2,おにゃにゃー,122,,,1775176067,2164.813,,0,,"[7,35,127,9,55,58,92,1,84,50,121]","[63,93,62,11,18,99,60,64,91,120]","[94,27,56,22,8,96,49,48,135,45]","[85,23,81,100,30,54,87,103,86,6,20,24,34]",1239m 456p 46s 45z,35m 7778p 567s 4z,367m 3446p 67s 7z,266789m 5p 344488s
20260403091322_0500_013,20260403091322_0500,20260403091322,500,3,フェザーＭ,81,,,1775176069,2463.057,,0,,"[7,35,127,9,55,58,92,1,84,50,121]","[63,93,62,11,18,99,60,64,91,120]","[94,27,56,22,8,96,49,48,135,45]","[85,23,100,30,54,87,103,86,6,20,24,34,57]",1239m 456p 46s 45z,35m 7778p 567s 4z,367m 3446p 67s 7z,266789m 56p 44488s
20260403091322_0500_014,20260403091322_0500,20260403091322,500,0,パシフィック,92,,,1775176073,4146.659,,5,1569.649,"[7,35,127,9,55,58,1,84,50,121,5]","[63,93,62,11,18,99,60,64,91,120]","[94,27,56,22,8,96,49,48,135,45]","[85,23,100,30,54,87,103,86,6,20,24,34,57]",12239m 456p 4s 45z,35m 7778p 567s 4z,367m 3446p 67s 7z,266789m 56p 44488s
20260403091322_0500_015,20260403091322_0500,20260403091322,500,1,きゆう,116,,,1775176076,929.324,,0,,"[7,35,127,9,55,58,1,84,50,121,5]","[63,93,62,11,18,99,60,64,91,120]","[94,27,56,22,8,96,49,48,135,45]","[85,23,100,30,54,87,103,86,6,20,24,34,57]",12239m 456p 4s 45z,35m 7778p 567s 4z,367m 3446p 67s 7z,266789m 56p 44488s
20260403091322_0500_016,20260403091322_0500,20260403091322,500,2,おにゃにゃー,123,,,1775176078,1981.005,,0,,"[7,35,127,9,55,58,1,84,50,121,5]","[63,93,62,11,18,99,60,64,91,120]","[94,27,56,22,8,96,49,48,135,45]","[85,23,100,30,54,87,103,86,6,20,24,34,57]",12239m 456p 4s 45z,35m 7778p 567s 4z,367m 3446p 67s 7z,266789m 56p 44488s
20260403091322_0500_017,20260403091322_0500,20260403091322,500,3,フェザーＭ,40,,,1775176081,2985.805,,0,,"[7,35,127,9,55,58,1,84,50,121,5]","[63,93,62,11,18,99,60,64,91,120]","[94,27,56,22,8,96,49,48,135,45]","[85,23,100,30,54,87,103,86,6,20,24,34,57]",12239m 456p 4s 45z,35m 7778p 567s 4z,367m 3446p 67s 7z,266789m 56p 44488s
20260403091322_0500_018,20260403091322_0500,20260403091322,500,0,パシフィック,84,,,1775176088,7155.739,,3,2644.12,"[7,35,127,9,55,58,1,50,121,5,71]","[63,93,62,11,18,99,60,64,91,120]","[94,27,56,22,8,96,49,48,135,45]","[85,23,100,30,54,87,103,86,6,20,24,34,57]",12239m 4569p 45z,35m 7778p 567s 4z,367m 3446p 67s 7z,266789m 56p 44488s
20260403091322_0500_019,20260403091322_0500,20260403091322,500,1,きゆう,120,,,1775176092,1452.319,,0,,"[7,35,127,9,55,58,1,50,121,5,71]","[63,93,62,11,18,99,60,64,91,124]","[94,27,56,22,8,96,49,48,135,45]","[85,23,100,30,54,87,103,86,6,20,24,34,57]",12239m 4569p 45z,35m 7778p 567s 5z,367m 3446p 67s 7z,266789m 56p 44488s
20260403091322_0500_020,20260403091322_0500,20260403091322,500,2,おにゃにゃー,8,,,1775176094,2450.479,,0,,"[7,35,127,9,55,58,1,50,121,5,71]","[63,93,62,11,18,99,60,64,91,124]","[94,27,56,22,96,49,48,135,45,132]","[85,23,100,30,54,87,103,86,6,20,24,34,57]",12239m 4569p 45z,35m 7778p 567s 5z,67m 3446p 67s 77z,266789m 56p 44488s
20260403091322_0500_021,20260403091322_0500,20260403091322,500,3,フェザーＭ,73,,,1775176097,2139.478,,0,,"[7,35,127,9,55,58,1,50,121,5,71]","[63,93,62,11,18,99,60,64,91,124]","[94,27,56,22,96,49,48,135,45,132]","[85,23,100,30,54,87,103,86,6,20,24,34,57]",12239m 4569p 45z,35m 7778p 567s 5z,67m 3446p 67s 77z,266789m 56p 44488s
20260403091322_0500_022,20260403091322_0500,20260403091322,500,0,パシフィック,71,,,1775176101,4160.08,,5,3050.588,"[7,35,127,9,55,58,1,50,121,5,79]","[63,93,62,11,18,99,60,64,91,124]","[94,27,56,22,96,49,48,135,45,132]","[85,23,100,30,54,87,103,86,6,20,24,34,57]",12239m 456p 2s 45z,35m 7778p 567s 5z,67m 3446p 67s 77z,266789m 56p 44488s
20260403091322_0500_023,20260403091322_0500,20260403091322,500,1,きゆう,75,,,1775176105,1181.957,,0,,"[7,35,127,9,55,58,1,50,121,5,79]","[63,93,62,11,18,99,60,64,91,124]","[94,27,56,22,96,49,48,135,45,132]","[85,23,100,30,54,87,103,86,6,20,24,34,57]",12239m 456p 2s 45z,35m 7778p 567s 5z,67m 3446p 67s 77z,266789m 56p 44488s
20260403091322_0500_024,20260403091322_0500,20260403091322,500,2,おにゃにゃー,56,,,1775176107,2170.422,,0,,"[7,35,127,9,55,58,1,50,121,5,79]","[63,93,62,11,18,99,60,64,91,124]","[94,27,22,96,49,48,135,45,132,29]","[85,23,100,30,54,87,103,86,6,20,24,34,57]",12239m 456p 2s 45z,35m 7778p 567s 5z,678m 344p 67s 77z,266789m 56p 44488s
20260403091322_0500_025,20260403091322_0500,20260403091322,500,3,フェザーＭ,6,,,1775176115,1298.993,6152.911,3,2806.867,"[7,35,127,9,55,58,1,50,121,5,79]","[63,93,62,11,18,99,60,64,91,124]","[94,27,22,96,49,48,135,45,132,29]","[85,23,100,30,54,87,103,86,20,24,34,57,102]",12239m 456p 2s 45z,35m 7778p 567s 5z,678m 344p 67s 77z,66789m 56p 444888s
20260403091322_0500_026,20260403091322_0500,20260403091322,500,0,パシフィック,121,,,1775176121,3435.598,,0,,"[7,35,127,9,55,58,1,50,5,79,131]","[63,93,62,11,18,99,60,64,91,124]","[94,27,22,96,49,48,135,45,132,29]","[85,23,100,30,54,87,103,86,20,24,34,57,102]",12239m 456p 2s 56z,35m 7778p 567s 5z,678m 344p 67s 77z,66789m 56p 444888s
20260403091322_0500_027,20260403091322_0500,20260403091322,500,1,きゆう,64,,,1775176123,1759.965,,0,,"[7,35,127,9,55,58,1,50,5,79,131]","[63,93,62,11,18,99,60,91,124,70]","[94,27,22,96,49,48,135,45,132,29]","[85,23,100,30,54,87,103,86,20,24,34,57,102]",12239m 456p 2s 56z,35m 7779p 567s 5z,678m 344p 67s 77z,66789m 56p 444888s
20260403091322_0500_028,20260403091322_0500,20260403091322,500,2,おにゃにゃー,95,,,1775176126,3175.925,,0,,"[7,35,127,9,55,58,1,50,5,79,131]","[63,93,62,11,18,99,60,91,124,70]","[94,27,22,96,49,48,135,45,132,29]","[85,23,100,30,54,87,103,86,20,24,34,57,102]",12239m 456p 2s 56z,35m 7779p 567s 5z,678m 344p 67s 77z,66789m 56p 444888s
20260403091322_0500_029,20260403091322_0500,20260403091322,500,3,フェザーＭ,31,,,1775176126,706.966,,0,,"[7,35,127,9,55,58,1,50,5,79,131]","[63,93,62,11,18,99,60,91,124,70]","[94,27,22,96,49,48,135,45,132,29]","[85,23,100,30,54,87,103,86,20,24,34,57,102]",12239m 456p 2s 56z,35m 7779p 567s 5z,678m 344p 67s 77z,66789m 56p 444888s
20260403091322_0500_030,20260403091322_0500,20260403091322,500,0,パシフィック,127,,,1775176129,2860.213,,0,,"[7,35,9,55,58,1,50,5,79,131,10]","[63,93,62,11,18,99,60,91,124,70]","[94,27,22,96,49,48,135,45,132,29]","[85,23,100,30,54,87,103,86,20,24,34,57,102]",122339m 456p 2s 6z,35m 7779p 567s 5z,678m 344p 67s 77z,66789m 56p 444888s
20260403091322_0500_031,20260403091322_0500,20260403091322,500,1,きゆう,93,,,1775176131,1451.442,,0,,"[7,35,9,55,58,1,50,5,79,131,10]","[63,62,11,18,99,60,91,124,70,67]","[94,27,22,96,49,48,135,45,132,29]","[85,23,100,30,54,87,103,86,20,24,34,57,102]",122339m 456p 2s 6z,35m 77789p 57s 5z,678m 344p 67s 77z,66789m 56p 444888s
20260403091322_0500_032,20260403091322_0500,20260403091322,500,2,おにゃにゃー,82,,,1775176133,1837.592,,0,,"[7,35,9,55,58,1,50,5,79,131,10]","[63,62,11,18,99,60,91,124,70,67]","[94,27,22,96,49,48,135,45,132,29]","[85,23,100,30,54,87,103,86,20,24,34,57,102]",122339m 456p 2s 6z,35m 77789p 57s 5z,678m 344p 67s 77z,66789m 56p 444888s
20260403091322_0500_033,20260403091322_0500,20260403091322,500,3,フェザーＭ,26,,,1775176133,611.735,,0,,"[7,35,9,55,58,1,50,5,79,131,10]","[63,62,11,18,99,60,91,124,70,67]","[94,27,22,96,49,48,135,45,132,29]","[85,23,100,30,54,87,103,86,20,24,34,57,102]",122339m 456p 2s 6z,35m 77789p 57s 5z,678m 344p 67s 77z,66789m 56p 444888s
20260403091322_0500_034,20260403091322_0500,20260403091322,500,0,パシフィック,79,,,1775176138,4533.481,,0,,"[7,35,9,55,58,1,50,5,131,10,110]","[63,62,11,18,99,60,91,124,70,67]","[94,27,22,96,49,48,135,45,132,29]","[85,23,100,30,54,87,103,86,20,24,34,57,102]",122339m 456p 16z,35m 77789p 57s 5z,678m 344p 67s 77z,66789m 56p 444888s
20260403091322_0500_035,20260403091322_0500,20260403091322,500,1,きゆう,67,,,1775176139,1550.558,,0,,"[7,35,9,55,58,1,50,5,131,10,110]","[63,62,11,18,99,60,91,124,70,16]","[94,27,22,96,49,48,135,45,132,29]","[85,23,100,30,54,87,103,86,20,24,34,57,102]",122339m 456p 16z,3r55m 7779p 57s 5z,678m 344p 67s 77z,66789m 56p 444888s
20260403091322_0500_036,20260403091322_0500,20260403091322,500,2,おにゃにゃー,105,,,1775176141,1817.219,,0,,"[7,35,9,55,58,1,50,5,131,10,110]","[63,62,11,18,99,60,91,124,70,16]","[94,27,22,96,49,48,135,45,132,29]","[85,23,100,30,54,87,103,86,20,24,34,57,102]",122339m 456p 16z,3r55m 7779p 57s 5z,678m 344p 67s 77z,66789m 56p 444888s
20260403091322_0500_037,20260403091322_0500,20260403091322,500,3,フェザーＭ,74,,,1775176142,669.979,,0,,"[7,35,9,55,58,1,50,5,131,10,110]","[63,62,11,18,99,60,91,124,70,16]","[94,27,22,96,49,48,135,45,132,29]","[85,23,100,30,54,87,103,86,20,24,34,57,102]",122339m 456p 16z,3r55m 7779p 57s 5z,678m 344p 67s 77z,66789m 56p 444888s
20260403091322_0500_038,20260403091322_0500,20260403091322,500,0,パシフィック,83,,,1775176151,8806.857,,0,,"[7,35,9,55,58,1,50,5,131,10,110]","[63,62,11,18,99,60,91,124,70,16]","[94,27,22,96,49,48,135,45,132,29]","[85,23,100,30,54,87,103,86,20,24,34,57,102]",122339m 456p 16z,3r55m 7779p 57s 5z,678m 344p 67s 77z,66789m 56p 444888s
20260403091322_0500_039,20260403091322_0500,20260403091322,500,1,きゆう,124,,,1775176152,1767.214,,0,,"[7,35,9,55,58,1,50,5,131,10,110]","[63,62,11,18,99,60,91,70,16,59]","[94,27,22,96,49,48,135,45,132,29]","[85,23,100,30,54,87,103,86,20,24,34,57,102]",122339m 456p 16z,3r55m 67779p 57s,678m 344p 67s 77z,66789m 56p 444888s
20260403091322_0500_040,20260403091322_0500,20260403091322,500,2,おにゃにゃー,113,,,1775176154,1876.836,,0,,"[7,35,9,55,58,1,50,5,131,10,110]","[63,62,11,18,99,60,91,70,16,59]","[94,27,22,96,49,48,135,45,132,29]","[85,23,100,30,54,87,103,86,20,24,34,57,102]",122339m 456p 16z,3r55m 67779p 57s,678m 344p 67s 77z,66789m 56p 444888s
20260403091322_0500_041,20260403091322_0500,20260403091322,500,3,フェザーＭ,104,,,1775176155,670.932,,0,,"[7,35,9,55,58,1,50,5,131,10,110]","[63,62,11,18,99,60,91,70,16,59]","[94,27,22,96,49,48,135,45,132,29]","[85,23,100,30,54,87,103,86,20,24,34,57,102]",122339m 456p 16z,3r55m 67779p 57s,678m 344p 67s 77z,66789m 56p 444888s
20260403091322_0500_042,20260403091322_0500,20260403091322,500,0,パシフィック,110,,,1775176160,5075.74,,0,,"[7,35,9,55,58,1,50,5,131,10,134]","[63,62,11,18,99,60,91,70,16,59]","[94,27,22,96,49,48,135,45,132,29]","[85,23,100,30,54,87,103,86,20,24,34,57,102]",122339m 456p 67z,3r55m 67779p 57s,678m 344p 67s 77z,66789m 56p 444888s
20260403091322_0500_043,20260403091322_0500,20260403091322,500,1,きゆう,80,,,1775176163,3385.382,,0,,"[7,35,9,55,58,1,50,5,131,10,134]","[63,62,11,18,99,60,91,70,16,59]","[94,27,22,96,49,48,135,45,132,29]","[85,23,100,30,54,87,103,86,20,24,34,57,102]",122339m 456p 67z,3r55m 67779p 57s,678m 344p 67s 77z,66789m 56p 444888s
20260403091322_0500_044,20260403091322_0500,20260403091322,500,2,おにゃにゃー,97,,,1775176168,5058.908,,0,,"[7,35,9,55,58,1,50,5,131,10,134]","[63,62,11,18,99,60,91,70,16,59]","[94,27,22,96,49,48,135,45,132,29]","[85,23,100,30,54,87,103,86,20,24,34,57,102]",122339m 456p 67z,3r55m 67779p 57s,678m 344p 67s 77z,66789m 56p 444888s
20260403091322_0501_000,20260403091322_0501,20260403091322,501,3,フェザーＭ,116,,,1775176187,5975.365,,0,,"[0,99,114,33,83,54,6,36,70,105,38,125,20]","[92,73,124,107,94,84,13,42,18,23,113,112,12]","[67,111,132,1,69,22,101,57,117,122,130,93,51]","[45,62,37,41,59,75,32,58,29,103,96,100,88]",1269m 1159p 379s 25z,4456m 2p 14669s 225z,16m 4689p 68s 13467z,89m 123667p 1r5788s
20260403091322_0501_001,20260403091322_0501,20260403091322,501,0,パシフィック,20,,,1775176191,4419.129,,3,1333.283,"[0,99,114,33,83,54,6,36,70,105,38,125,109]","[92,73,124,107,94,84,13,42,18,23,113,112,12]","[67,111,132,1,69,22,101,57,117,122,130,93,51]","[45,62,37,41,59,75,32,58,29,103,96,100,88]",129m 1159p 379s 125z,4456m 2p 14669s 225z,16m 4689p 68s 13467z,89m 123667p 1r5788s
20260403091322_0501_068,20260403091322_0501,20260403091322,501,2,おにゃにゃー,43,,,1775176350,1949.456,,1,2519.653,"[0,6,33,36,38,54,70,83,99,105,109,114,125]",,,,129m 1159p 379s 125z,,,
20260403091322_0501_069,20260403091322_0501,20260403091322,501,3,フェザーＭ,88,,,1775176359,6857.883,,0,,"[0,6,33,36,38,54,70,83,99,105,109,114,125]",,,,129m 1159p 379s 125z,,,
20260403091322_0502_000,20260403091322_0502,20260403091322,502,3,フェザーＭ,46,,,1775176377,10339.766,,0,,"[63,126,107,88,97,65,80,98,56,118,51,0,127]","[121,89,96,54,66,58,52,131,102,75,30,38,26]","[104,93,128,2,49,77,68,109,135,82,103,61,13]","[4,33,24,29,11,114,124,28,111,57,64,23,20]",1m 4678p 3r5779s 355z,78m 1r5568p 1578s 46z,14m 479p 23689s 167z,23667889m 68p 125z
20260403091322_0502_001,20260403091322_0502,20260403091322,502,0,パシフィック,51,,,1775176382,5200.115,,3,1705.544,"[63,126,107,88,97,65,80,98,56,118,0,127,90]","[121,89,96,54,66,58,52,131,102,75,30,38,26]","[104,93,128,2,49,77,68,109,135,82,103,61,13]","[4,33,24,29,11,114,124,28,111,57,64,23,20]",1m 678p 3r55779s 355z,78m 1r5568p 1578s 46z,14m 479p 23689s 167z,23667889m 68p 125z
20260403091322_0502_002,20260403091322_0502,20260403091322,502,1,きゆう,38,,,1775176385,861.443,,0,,"[63,126,107,88,97,65,80,98,56,118,0,127,90]","[121,89,96,54,66,58,52,131,102,75,30,26,42]","[104,93,128,2,49,77,68,109,135,82,103,61,13]","[4,33,24,29,11,114,124,28,111,57,64,23,20]",1m 678p 3r55779s 355z,78m 2r5568p 1578s 46z,14m 479p 23689s 167z,23667889m 68p 125z
20260403091322_0502_003,20260403091322_0502,20260403091322,502,2,おにゃにゃー,1,,,1775176385,0,,0,,"[63,126,107,88,97,65,80,98,56,118,0,127,90]","[121,89,96,54,66,58,52,131,102,75,30,26,42]","[104,93,128,2,49,77,68,109,135,82,103,61,13]","[4,33,24,29,11,114,124,28,111,57,64,23,20]",1m 678p 3r55779s 355z,78m 2r5568p 1578s 46z,14m 479p 23689s 167z,23667889m 68p 125z
20260403091322_0502_004,20260403091322_0502,20260403091322,502,3,フェザーＭ,64,,,1775176390,,,0,,"[63,126,107,88,97,65,80,98,56,118,0,127,90]","[121,89,96,54,66,58,52,131,102,75,30,26,42]","[104,93,128,2,49,77,68,109,135,82,103,61,13]","[33,24,29,114,124,28,111,57,23,20]",1m 678p 3r55779s 355z,78m 2r5568p 1578s 46z,14m 479p 23689s 167z,667889m 6p 125z
20260403091322_0502_005,20260403091322_0502,20260403091322,502,0,パシフィック,0,,,1775176398,,,0,,"[126,107,88,97,65,80,98,118,127,90]","[121,89,96,54,66,58,52,131,102,75,30,26,42]","[104,93,128,2,49,77,68,109,135,82,103,61,13]","[33,24,29,114,124,28,111,57,23,20]",8p 3r55779s 355z,78m 2r5568p 1578s 46z,14m 479p 23689s 167z,667889m 6p 125z
20260403091322_0502_006,20260403091322_0502,20260403091322,502,1,きゆう,75,,,1775176400,1947.088,,0,,"[126,107,88,97,65,80,98,118,127,90]","[121,89,96,54,66,58,52,131,102,30,26,42,21]","[104,93,128,2,49,77,68,109,135,82,103,61,13]","[33,24,29,114,124,28,111,57,23,20]",8p 3r55779s 355z,678m 2r5568p 578s 46z,14m 479p 23689s 167z,667889m 6p 125z
20260403091322_0502_007,20260403091322_0502,20260403091322,502,2,おにゃにゃー,40,,,1775176400,0,,0,,"[126,107,88,97,65,80,98,118,127,90]","[121,89,96,54,66,58,52,131,102,30,26,42,21]","[104,93,128,2,49,77,68,109,135,82,103,61,13]","[33,24,29,114,124,28,111,57,23,20]",8p 3r55779s 355z,678m 2r5568p 578s 46z,14m 479p 23689s 167z,667889m 6p 125z
20260403091322_0502_008,20260403091322_0502,20260403091322,502,3,フェザーＭ,57,,,1775176403,3033.895,,0,,"[126,107,88,97,65,80,98,118,127,90]","[121,89,96,54,66,58,52,131,102,30,26,42,21]","[104,93,128,2,49,77,68,109,135,82,103,61,13]","[33,24,29,114,124,28,111,23,20,9]",8p 3r55779s 355z,678m 2r5568p 578s 46z,14m 479p 23689s 167z,3667889m 125z
20260403091322_0502_009,20260403091322_0502,20260403091322,502,0,パシフィック,65,,,1775176407,4458.379,,0,,"[126,107,88,97,80,98,118,127,90,106]","[121,89,96,54,66,58,52,131,102,30,26,42,21]","[104,93,128,2,49,77,68,109,135,82,103,61,13]","[33,24,29,114,124,28,111,23,20,9]",3r557799s 355z,678m 2r5568p 578s 46z,14m 479p 23689s 167z,3667889m 125z
20260403091322_0502_010,20260403091322_0502,20260403091322,502,1,きゆう,121,,,1775176409,1640.898,,0,,"[126,107,88,97,80,98,118,127,90,106]","[89,96,54,66,58,52,131,102,30,26,42,21,36]","[104,93,128,2,49,77,68,109,135,82,103,61,13]","[33,24,29,114,124,28,111,23,20,9]",3r557799s 355z,678m 12r5568p 578s 6z,14m 479p 23689s 167z,3667889m 125z
20260403091322_0502_011,20260403091322_0502,20260403091322,502,2,おにゃにゃー,78,,,1775176409,0,,0,,"[126,107,88,97,80,98,118,127,90,106]","[89,96,54,66,58,52,131,102,30,26,42,21,36]","[104,93,128,2,49,77,68,109,135,82,103,61,13]","[33,24,29,114,124,28,111,23,20,9]",3r557799s 355z,678m 12r5568p 578s 6z,14m 479p 23689s 167z,3667889m 125z
20260403091322_0502_012,20260403091322_0502,20260403091322,502,3,フェザーＭ,124,,,1775176412,3223.753,,3,216.675,"[126,107,88,97,80,98,118,127,90,106]","[89,96,54,66,58,52,131,102,30,26,42,21,36]","[104,93,128,2,49,77,68,109,135,82,103,61,13]","[33,24,29,114,28,111,23,20,9,108]",3r557799s 355z,678m 12r5568p 578s 6z,14m 479p 23689s 167z,3667889m 112z
20260403091322_0502_013,20260403091322_0502,20260403091322,502,0,パシフィック,80,,,1775176422,9548.807,,0,,"[126,107,88,97,98,118,127,90,106,117]","[89,96,54,66,58,52,131,102,30,26,42,21,36]","[104,93,128,2,49,77,68,109,135,82,103,61,13]","[33,24,29,114,28,111,23,20,9,108]",r557799s 3355z,678m 12r5568p 578s 6z,14m 479p 23689s 167z,3667889m 112z
20260403091322_0502_014,20260403091322_0502,20260403091322,502,1,きゆう,131,,,1775176424,2213.88,,0,,"[126,107,88,97,98,118,127,90,106,117]","[89,96,54,66,58,52,102,30,26,42,21,36,115]","[104,93,128,2,49,77,68,109,135,82,103,61,13]","[33,24,29,114,28,111,23,20,9,108]",r557799s 3355z,678m 12r5568p 578s 2z,14m 479p 23689s 167z,3667889m 112z
20260403091322_0502_015,20260403091322_0502,20260403091322,502,2,おにゃにゃー,59,,,1775176424,0,,0,,"[126,107,88,97,98,118,127,90,106,117]","[89,96,54,66,58,52,102,30,26,42,21,36,115]","[104,93,128,2,49,77,68,109,135,82,103,61,13]","[33,24,29,114,28,111,23,20,9,108]",r557799s 3355z,678m 12r5568p 578s 2z,14m 479p 23689s 167z,3667889m 112z
20260403091322_0502_016,20260403091322_0502,20260403091322,502,3,フェザーＭ,85,,,1775176427,3062.379,,0,,"[126,107,88,97,98,118,127,90,106,117]","[89,96,54,66,58,52,102,30,26,42,21,36,115]","[104,93,128,2,49,77,68,109,135,82,103,61,13]","[33,24,29,114,28,111,23,20,9,108]",r557799s 3355z,678m 12r5568p 578s 2z,14m 479p 23689s 167z,3667889m 112z
20260403091322_0502_017,20260403091322_0502,20260403091322,502,0,パシフィック,43,,,1775176429,1413.285,,0,,"[126,107,88,97,98,118,127,90,106,117]","[89,96,54,66,58,52,102,30,26,42,21,36,115]","[104,93,128,2,49,77,68,109,135,82,103,61,13]","[33,24,29,114,28,111,23,20,9,108]",r557799s 3355z,678m 12r5568p 578s 2z,14m 479p 23689s 167z,3667889m 112z
20260403091322_0502_018,20260403091322_0502,20260403091322,502,1,きゆう,32,,,1775176433,4532.56,,0,,"[126,107,88,97,98,118,127,90,106,117]","[89,96,54,66,58,52,102,30,26,42,21,36,115]","[104,93,128,2,49,77,68,109,135,82,103,61,13]","[33,24,29,114,28,111,23,20,9,108]",r557799s 3355z,678m 12r5568p 578s 2z,14m 479p 23689s 167z,3667889m 112z
20260403091322_0502_019,20260403091322_0502,20260403091322,502,2,おにゃにゃー,44,,,1775176433,0,,0,,"[126,107,88,97,98,118,127,90,106,117]","[89,96,54,66,58,52,102,30,26,42,21,36,115]","[104,93,128,2,49,77,68,109,135,82,103,61,13]","[33,24,29,114,28,111,23,20,9,108]",r557799s 3355z,678m 12r5568p 578s 2z,14m 479p 23689s 167z,3667889m 112z
20260403091322_0502_020,20260403091322_0502,20260403091322,502,3,フェザーＭ,39,,,1775176436,2868.564,,0,,"[126,107,88,97,98,118,127,90,106,117]","[89,96,54,66,58,52,102,30,26,42,21,36,115]","[104,93,128,2,49,77,68,109,135,82,103,61,13]","[33,24,29,114,28,111,23,20,9,108]",r557799s 3355z,678m 12r5568p 578s 2z,14m 479p 23689s 167z,3667889m 112z
20260403091322_0502_021,20260403091322_0502,20260403091322,502,0,パシフィック,71,,,1775176438,1449.131,,0,,"[126,107,88,97,98,118,127,90,106,117]","[89,96,54,66,58,52,102,30,26,42,21,36,115]","[104,93,128,2,49,77,68,109,135,82,103,61,13]","[33,24,29,114,28,111,23,20,9,108]",r557799s 3355z,678m 12r5568p 578s 2z,14m 479p 23689s 167z,3667889m 112z
20260403091322_0502_022,20260403091322_0502,20260403091322,502,1,きゆう,115,,,1775176439,1693.81,,0,,"[126,107,88,97,98,118,127,90,106,117]","[89,96,54,66,58,52,102,30,26,42,21,36,17]","[104,93,128,2,49,77,68,109,135,82,103,61,13]","[33,24,29,114,28,111,23,20,9,108]",r557799s 3355z,5678m 12r5568p 578s,14m 479p 23689s 167z,3667889m 112z
20260403091322_0502_023,20260403091322_0502,20260403091322,502,2,おにゃにゃー,31,,,1775176439,0,,0,,"[126,107,88,97,98,118,127,90,106,117]","[89,96,54,66,58,52,102,30,26,42,21,36,17]","[104,93,128,2,49,77,68,109,135,82,103,61,13]","[33,24,29,114,28,111,23,20,9,108]",r557799s 3355z,5678m 12r5568p 578s,14m 479p 23689s 167z,3667889m 112z
20260403091322_0502_024,20260403091322_0502,20260403091322,502,3,フェザーＭ,9,,,1775176459,,,0,,"[126,107,88,97,98,118,127,90,106,117]","[89,96,54,66,58,52,102,30,26,42,21,36,17]","[104,93,128,2,49,77,68,109,135,82,103,61,13]","[29,114,28,111,23,20,108]",r557799s 3355z,5678m 12r5568p 578s,14m 479p 23689s 167z,6688m 112z
20260403091322_0502_025,20260403091322_0502,20260403091322,502,0,パシフィック,119,,,1775176473,14715.943,,0,,"[126,107,88,97,98,118,127,90,106,117]","[89,96,54,66,58,52,102,30,26,42,21,36,17]","[104,93,128,2,49,77,68,109,135,82,103,61,13]","[29,114,28,111,23,20,108]",r557799s 3355z,5678m 12r5568p 578s,14m 479p 23689s 167z,6688m 112z
20260403091322_0502_026,20260403091322_0502,20260403091322,502,1,きゆう,36,,,1775176475,2083.837,,0,,"[126,107,88,97,98,118,127,90,106,117]","[89,96,54,66,58,52,102,30,26,42,21,17,94]","[104,93,128,2,49,77,68,109,135,82,103,61,13]","[29,114,28,111,23,20,108]",r557799s 3355z,5678m 2r5568p 5678s,14m 479p 23689s 167z,6688m 112z
20260403091322_0502_027,20260403091322_0502,20260403091322,502,2,おにゃにゃー,129,,,1775176475,0,,0,,"[126,107,88,97,98,118,127,90,106,117]","[89,96,54,66,58,52,102,30,26,42,21,17,94]","[104,93,128,2,49,77,68,109,135,82,103,61,13]","[29,114,28,111,23,20,108]",r557799s 3355z,5678m 2r5568p 5678s,14m 479p 23689s 167z,6688m 112z
20260403091322_0502_028,20260403091322_0502,20260403091322,502,3,フェザーＭ,101,,,1775176479,3070.858,,5,196.834,"[126,107,88,97,98,118,127,90,106,117]","[89,96,54,66,58,52,102,30,26,42,21,17,94]","[104,93,128,2,49,77,68,109,135,82,103,61,13]","[29,114,28,111,23,20,108]",r557799s 3355z,5678m 2r5568p 5678s,14m 479p 23689s 167z,6688m 112z
20260403091322_0502_029,20260403091322_0502,20260403091322,502,0,パシフィック,116,,,1775176485,6513.257,,0,,"[126,107,88,97,98,118,127,90,106,117]","[89,96,54,66,58,52,102,30,26,42,21,17,94]","[104,93,128,2,49,77,68,109,135,82,103,61,13]","[29,114,28,111,23,20,108]",r557799s 3355z,5678m 2r5568p 5678s,14m 479p 23689s 167z,6688m 112z
20260403091322_0502_030,20260403091322_0502,20260403091322,502,1,きゆう,42,,,1775176488,2475.482,,0,,"[126,107,88,97,98,118,127,90,106,117]","[89,96,54,66,58,52,102,30,26,21,17,94,55]","[104,93,128,2,49,77,68,109,135,82,103,61,13]","[29,114,28,111,23,20,108]",r557799s 3355z,5678m r55568p 5678s,14m 479p 23689s 167z,6688m 112z
20260403091322_0502_031,20260403091322_0502,20260403091322,502,2,おにゃにゃー,122,,,1775176488,0,,0,,"[126,107,88,97,98,118,127,90,106,117]","[89,96,54,66,58,52,102,30,26,21,17,94,55]","[104,93,128,2,49,77,68,109,135,82,103,61,13]","[29,114,28,111,23,20,108]",r557799s 3355z,5678m r55568p 5678s,14m 479p 23689s 167z,6688m 112z
20260403091322_0502_032,20260403091322_0502,20260403091322,502,3,フェザーＭ,91,,,1775176491,2891.943,,3,221.397,"[126,107,88,97,98,118,127,90,106,117]","[89,96,54,66,58,52,102,30,26,21,17,94,55]","[104,93,128,2,49,77,68,109,135,82,103,61,13]","[29,114,28,111,23,20,108]",r557799s 3355z,5678m r55568p 5678s,14m 479p 23689s 167z,6688m 112z
20260403091322_0502_033,20260403091322_0502,20260403091322,502,0,パシフィック,86,,,1775176497,6496.583,,0,,"[126,107,88,97,98,118,127,90,106,117]","[89,96,54,66,58,52,102,30,26,21,17,94,55]","[104,93,128,2,49,77,68,109,135,82,103,61,13]","[29,114,28,111,23,20,108]",r557799s 3355z,5678m r55568p 5678s,14m 479p 23689s 167z,6688m 112z
20260403091322_0502_034,20260403091322_0502,20260403091322,502,0,パシフィック,87,,,1775176505,2234.184,,1,2223.429,"[88,90,97,98,106,107,117,118,126,127]",,,,r557799s 3355z,,,
20260403091322_0502_035,20260403091322_0502,20260403091322,502,1,きゆう,66,,,1775176510,2331.742,,0,,"[88,90,97,98,106,107,117,118,126,127]",,,,r557799s 3355z,,,
20260403091322_0502_036,20260403091322_0502,20260403091322,502,2,おにゃにゃー,99,,,1775176510,0,,1,1458.355,"[88,90,97,98,106,107,117,118,126,127]",,,,r557799s 3355z,,,
20260403091322_0502_037,20260403091322_0502,20260403091322,502,3,フェザーＭ,114,,,1775176516,4809.145,,0,,"[88,90,97,98,106,107,117,118,126,127]",,,,r557799s 3355z,,,
20260403091322_0502_038,20260403091322_0502,20260403091322,502,0,パシフィック,19,,,1775176517,692.698,,1,2019.877,"[88,90,97,98,106,107,117,118,126,127]",,,,r557799s 3355z,,,
20260403091322_0502_039,20260403091322_0502,20260403091322,502,1,きゆう,58,,,1775176520,1682.329,,0,,"[88,90,97,98,106,107,117,118,126,127]",,,,r557799s 3355z,,,
20260403091322_0502_040,20260403091322_0502,20260403091322,502,2,おにゃにゃー,69,,,1775176520,0,,0,,"[88,90,97,98,106,107,117,118,126,127]",,,,r557799s 3355z,,,
20260403091322_0502_041,20260403091322_0502,20260403091322,502,3,フェザーＭ,113,,,1775176524,3585.302,,0,,"[88,90,97,98,106,107,117,118,126,127]",,,,r557799s 3355z,,,
20260403091322_0502_042,20260403091322_0502,20260403091322,502,0,パシフィック,3,,,1775176525,734.285,,0,,"[88,90,97,98,106,107,117,118,126,127]",,,,r557799s 3355z,,,
20260403091322_0502_043,20260403091322_0502,20260403091322,502,1,きゆう,102,,,1775176527,1934.356,,0,,"[88,90,97,98,106,107,117,118,126,127]",,,,r557799s 3355z,,,
20260403091322_0502_044,20260403091322_0502,20260403091322,502,2,おにゃにゃー,74,,,1775176527,0,,0,,"[88,90,97,98,106,107,117,118,126,127]",,,,r557799s 3355z,,,
20260403091322_0502_045,20260403091322_0502,20260403091322,502,3,フェザーＭ,134,,,1775176529,2866.629,,0,,"[88,90,97,98,106,107,117,118,126,127]",,,,r557799s 3355z,,,
20260403091322_0502_046,20260403091322_0502,20260403091322,502,0,パシフィック,16,,,1775176530,681.034,,1,2203.603,"[88,90,97,98,106,107,117,118,126,127]",,,,r557799s 3355z,,,
20260403091322_0502_047,20260403091322_0502,20260403091322,502,1,きゆう,48,,,1775176533,1185.11,,0,,"[88,90,97,98,106,107,117,118,126,127]",,,,r557799s 3355z,,,
20260403091322_0502_048,20260403091322_0502,20260403091322,502,2,おにゃにゃー,133,,,1775176533,0,,0,,"[88,90,97,98,106,107,117,118,126,127]",,,,r557799s 3355z,,,
20260403091322_0502_049,20260403091322_0502,20260403091322,502,3,フェザーＭ,47,,,1775176536,2787.906,,0,,"[88,90,97,98,106,107,117,118,126,127]",,,,r557799s 3355z,,,
20260403091322_0502_050,20260403091322_0502,20260403091322,502,0,パシフィック,60,,,1775176537,705.792,,0,,"[88,90,97,98,106,107,117,118,126,127]",,,,r557799s 3355z,,,
20260403091322_0502_051,20260403091322_0502,20260403091322,502,1,きゆう,17,,,1775176539,2084.159,,0,,"[88,90,97,98,106,107,117,118,126,127]",,,,r557799s 3355z,,,
20260403091322_0502_052,20260403091322_0502,20260403091322,502,2,おにゃにゃー,105,,,1775176539,0,,1,1380.673,"[88,90,97,98,106,107,117,118,126,127]",,,,r557799s 3355z,,,
20260403091322_0502_053,20260403091322_0502,20260403091322,502,3,フェザーＭ,95,,,1775176542,1232.68,,1,202.755,"[88,90,97,98,106,107,117,118,126,127]",,,,r557799s 3355z,,,
20260403091322_0502_054,20260403091322_0502,20260403091322,502,0,パシフィック,14,,,1775176542,484.59,,0,,"[88,90,97,98,106,107,117,118,126,127]",,,,r557799s 3355z,,,
20260403091322_0502_055,20260403091322_0502,20260403091322,502,1,きゆう,125,,,1775176544,2085.504,,1,203.22,"[88,90,97,98,106,107,117,118,126,127]",,,,r557799s 3355z,,,
20260403091322_0502_056,20260403091322_0502,20260403091322,502,2,おにゃにゃー,70,,,1775176545,0,,0,,"[88,90,97,98,106,107,117,118,126,127]",,,,r557799s 3355z,,,
20260403091322_0502_057,20260403091322_0502,20260403091322,502,3,フェザーＭ,81,,,1775176547,2587.949,,0,,"[88,90,97,98,106,107,117,118,126,127]",,,,r557799s 3355z,,,
20260403091322_0502_058,20260403091322_0502,20260403091322,502,0,パシフィック,45,,,1775176548,704.471,,0,,"[88,90,97,98,106,107,117,118,126,127]",,,,r557799s 3355z,,,
20260403091322_0502_059,20260403091322_0502,20260403091322,502,1,きゆう,41,,,1775176550,2103.01,,0,,"[88,90,97,98,106,107,117,118,126,127]",,,,r557799s 3355z,,,
20260403091322_0502_060,20260403091322_0502,20260403091322,502,2,おにゃにゃー,8,,,1775176550,0,,0,,"[88,90,97,98,106,107,117,118,126,127]",,,,r557799s 3355z,,,
20260403091322_0502_061,20260403091322_0502,20260403091322,502,3,フェザーＭ,10,,,1775176554,3539.907,,0,,"[88,90,97,98,106,107,117,118,126,127]",,,,r557799s 3355z,,,
20260403091322_0502_062,20260403091322_0502,20260403091322,502,0,パシフィック,12,,,1775176554,729.353,,0,,"[88,90,97,98,106,107,117,118,126,127]",,,,r557799s 3355z,,,
20260403091322_0502_063,20260403091322_0502,20260403091322,502,1,きゆう,100,,,1775176557,2230.661,,0,,"[88,90,97,98,106,107,117,118,126,127]",,,,r557799s 3355z,,,
20260403091322_0502_064,20260403091322_0502,20260403091322,502,2,おにゃにゃー,22,,,1775176557,0,,0,,"[88,90,97,98,106,107,117,118,126,127]",,,,r557799s 3355z,,,
20260403091322_0502_065,20260403091322_0502,20260403091322,502,3,フェザーＭ,34,,,1775176562,2006.985,,0,,"[88,90,97,98,106,107,117,118,126,127]",,,,r557799s 3355z,,,
20260403091322_0502_066,20260403091322_0502,20260403091322,502,0,パシフィック,83,,,1775176563,684.23,,0,,"[88,90,97,98,106,107,117,118,126,127]",,,,r557799s 3355z,,,
20260403091322_0502_067,20260403091322_0502,20260403091322,502,1,きゆう,72,,,1775176565,2339.444,,0,,"[88,90,97,98,106,107,117,118,126,127]",,,,r557799s 3355z,,,
20260403091322_0502_068,20260403091322_0502,20260403091322,502,2,おにゃにゃー,132,,,1775176565,0,,0,,"[88,90,97,98,106,107,117,118,126,127]",,,,r557799s 3355z,,,
20260403091322_0502_069,20260403091322_0502,20260403091322,502,3,フェザーＭ,92,,,1775176568,3283.517,,1,196.553,"[88,90,97,98,106,107,117,118,126,127]",,,,r557799s 3355z,,,
20260403091322_0502_070,20260403091322_0502,20260403091322,502,0,パシフィック,18,,,1775176569,487.735,,0,,"[88,90,97,98,106,107,117,118,126,127]",,,,r557799s 3355z,,,
20260403091322_0503_000,20260403091322_0503,20260403091322,503,3,フェザーＭ,3,,,1775176585,7695.652,,0,,"[99,126,95,130,94,84,37,17,93,90,48,6,82]","[26,102,18,101,49,83,120,71,108,97,42,52,105]","[56,119,65,70,66,79,35,27,2,9,68,106,107]","[78,41,132,124,14,110,75,69,47,15,135,125,44]",25m 14p 3456667s 56z,57m 24r59p 37889s 14z,1379m 68899p 299s 3z,44m 2339p 12s 15577z
20260403091322_0503_001,20260403091322_0503,20260403091322,503,0,パシフィック,131,,,1775176595,10025.888,,0,,"[99,126,95,130,94,84,37,17,93,90,48,6,82]","[26,102,18,101,49,83,120,71,108,97,42,52,105]","[56,119,65,70,66,79,35,27,2,9,68,106,107]","[78,41,132,124,14,110,75,69,47,15,135,125,44]",25m 14p 3456667s 56z,57m 24r59p 37889s 14z,1379m 68899p 299s 3z,44m 2339p 12s 15577z
20260403091322_0503_002,20260403091322_0503,20260403091322,503,1,きゆう,120,,,1775176596,1291.519,,0,,"[99,126,95,130,94,84,37,17,93,90,48,6,82]","[26,102,18,101,49,83,71,108,97,42,52,105,117]","[56,119,65,70,66,79,35,27,2,9,68,106,107]","[78,41,132,124,14,110,75,69,47,15,135,125,44]",25m 14p 3456667s 56z,57m 24r59p 37889s 13z,1379m 68899p 299s 3z,44m 2339p 12s 15577z
20260403091322_0503_003,20260403091322_0503,20260403091322,503,2,おにゃにゃー,12,,,1775176596,0,,0,,"[99,126,95,130,94,84,37,17,93,90,48,6,82]","[26,102,18,101,49,83,71,108,97,42,52,105,117]","[56,119,65,70,66,79,35,27,2,9,68,106,107]","[78,41,132,124,14,110,75,69,47,15,135,125,44]",25m 14p 3456667s 56z,57m 24r59p 37889s 13z,1379m 68899p 299s 3z,44m 2339p 12s 15577z
20260403091322_0503_004,20260403091322_0503,20260403091322,503,3,フェザーＭ,69,,,1775176601,1221.145,,0,,"[99,126,95,130,94,84,37,17,93,90,48,6,82]","[26,102,18,101,49,83,71,108,97,42,52,105,117]","[56,119,65,70,66,79,35,27,2,9,68,106,107]","[78,41,132,124,14,110,75,47,135,125,44]",25m 14p 3456667s 56z,57m 24r59p 37889s 13z,1379m 68899p 299s 3z,4m 233p 12s 15577z
20260403091322_0503_005,20260403091322_0503,20260403091322,503,0,パシフィック,20,,,1775176601,682.349,,3,765.34,"[99,126,95,130,94,84,37,17,93,90,48,6,82]","[26,102,18,101,49,83,71,108,97,42,52,105,117]","[56,119,65,70,66,79,35,27,2,9,68,106,107]","[78,41,132,124,14,110,75,47,135,125,44]",25m 14p 3456667s 56z,57m 24r59p 37889s 13z,1379m 68899p 299s 3z,4m 233p 12s 15577z
20260403091322_0503_006,20260403091322_0503,20260403091322,503,1,きゆう,71,,,1775176603,1268.881,,0,,"[99,126,95,130,94,84,37,17,93,90,48,6,82]","[26,102,18,101,49,83,108,97,42,52,105,117,96]","[56,119,65,70,66,79,35,27,2,9,68,106,107]","[78,41,132,124,14,110,75,47,135,125,44]",25m 14p 3456667s 56z,57m 24r5p 377889s 13z,1379m 68899p 299s 3z,4m 233p 12s 15577z
20260403091322_0503_007,20260403091322_0503,20260403091322,503,2,おにゃにゃー,23,,,1775176603,0,,5,47.281,"[99,126,95,130,94,84,37,17,93,90,48,6,82]","[26,102,18,101,49,83,108,97,42,52,105,117,96]","[56,119,65,70,66,79,35,27,2,9,68,106,107]","[78,41,132,124,14,110,75,47,135,125,44]",25m 14p 3456667s 56z,57m 24r5p 377889s 13z,1379m 68899p 299s 3z,4m 233p 12s 15577z
20260403091322_0503_008,20260403091322_0503,20260403091322,503,3,フェザーＭ,0,,,1775176607,3718.694,,0,,"[99,126,95,130,94,84,37,17,93,90,48,6,82]","[26,102,18,101,49,83,108,97,42,52,105,117,96]","[56,119,65,70,66,79,35,27,2,9,68,106,107]","[78,41,132,124,14,110,75,47,135,125,44]",25m 14p 3456667s 56z,57m 24r5p 377889s 13z,1379m 68899p 299s 3z,4m 233p 12s 15577z
20260403091322_0503_009,20260403091322_0503,20260403091322,503,0,パシフィック,36,,,1775176614,451.514,,0,,"[99,126,130,84,37,17,90,48,6,82]","[26,102,18,101,49,83,108,97,42,52,105,117,96]","[56,119,65,70,66,79,35,27,2,9,68,106,107]","[78,41,132,124,14,110,75,47,135,125,44]",25m 14p 3457s 56z,57m 24r5p 377889s 13z,1379m 68899p 299s 3z,4m 233p 12s 15577z
20260403091322_0503_010,20260403091322_0503,20260403091322,503,1,きゆう,18,,,1775176617,3567.635,,0,,"[99,126,130,84,37,17,90,48,6,82]","[26,102,101,49,83,108,97,42,52,105,117,96,88]","[56,119,65,70,66,79,35,27,2,9,68,106,107]","[78,41,132,124,14,110,75,47,135,125,44]",25m 14p 3457s 56z,7m 24r5p 3r577889s 13z,1379m 68899p 299s 3z,4m 233p 12s 15577z
20260403091322_0503_011,20260403091322_0503,20260403091322,503,2,おにゃにゃー,59,,,1775176617,0,,0,,"[99,126,130,84,37,17,90,48,6,82]","[26,102,101,49,83,108,97,42,52,105,117,96,88]","[56,119,65,70,66,79,35,27,2,9,68,106,107]","[78,41,132,124,14,110,75,47,135,125,44]",25m 14p 3457s 56z,7m 24r5p 3r577889s 13z,1379m 68899p 299s 3z,4m 233p 12s 15577z
20260403091322_0503_012,20260403091322_0503,20260403091322,503,3,フェザーＭ,61,,,1775176625,7578.691,,0,,"[99,126,130,84,37,17,90,48,6,82]","[26,102,101,49,83,108,97,42,52,105,117,96,88]","[56,119,65,70,66,79,35,27,2,9,68,106,107]","[78,41,132,124,14,110,75,47,135,125,44]",25m 14p 3457s 56z,7m 24r5p 3r577889s 13z,1379m 68899p 299s 3z,4m 233p 12s 15577z
20260403091322_0503_013,20260403091322_0503,20260403091322,503,0,パシフィック,98,,,1775176625,685.004,,0,,"[99,126,130,84,37,17,90,48,6,82]","[26,102,101,49,83,108,97,42,52,105,117,96,88]","[56,119,65,70,66,79,35,27,2,9,68,106,107]","[78,41,132,124,14,110,75,47,135,125,44]",25m 14p 3457s 56z,7m 24r5p 3r577889s 13z,1379m 68899p 299s 3z,4m 233p 12s 15577z
20260403091322_0503_014,20260403091322_0503,20260403091322,503,1,きゆう,26,,,1775176629,,,0,,"[99,126,130,84,37,17,90,48,6,82]","[102,101,49,83,108,42,52,105,117,88]","[56,119,65,70,66,79,35,27,2,9,68,106,107]","[78,41,132,124,14,110,75,47,135,125,44]",25m 14p 3457s 56z,24r5p 3r5889s 13z,1379m 68899p 299s 3z,4m 233p 12s 15577z
20260403091322_0503_015,20260403091322_0503,20260403091322,503,2,おにゃにゃー,86,,,1775176629,0,,0,,"[99,126,130,84,37,17,90,48,6,82]","[102,101,49,83,108,42,52,105,117,88]","[56,119,65,70,66,79,35,27,2,9,68,106,107]","[78,41,132,124,14,110,75,47,135,125,44]",25m 14p 3457s 56z,24r5p 3r5889s 13z,1379m 68899p 299s 3z,4m 233p 12s 15577z
20260403091322_0503_016,20260403091322_0503,20260403091322,503,3,フェザーＭ,63,,,1775176633,3700.078,,0,,"[99,126,130,84,37,17,90,48,6,82]","[102,101,49,83,108,42,52,105,117,88]","[56,119,65,70,66,79,35,27,2,9,68,106,107]","[78,41,132,124,14,110,75,47,135,125,44]",25m 14p 3457s 56z,24r5p 3r5889s 13z,1379m 68899p 299s 3z,4m 233p 12s 15577z
20260403091322_0503_017,20260403091322_0503,20260403091322,503,0,パシフィック,114,,,1775176634,711.89,,0,,"[99,126,130,84,37,17,90,48,6,82]","[102,101,49,83,108,42,52,105,117,88]","[56,119,65,70,66,79,35,27,2,9,68,106,107]","[78,41,132,124,14,110,75,47,135,125,44]",25m 14p 3457s 56z,24r5p 3r5889s 13z,1379m 68899p 299s 3z,4m 233p 12s 15577z
20260403091322_0503_018,20260403091322_0503,20260403091322,503,1,きゆう,105,,,1775176636,1953.763,,0,,"[99,126,130,84,37,17,90,48,6,82]","[102,101,49,83,108,42,52,117,88,34]","[56,119,65,70,66,79,35,27,2,9,68,106,107]","[78,41,132,124,14,110,75,47,135,125,44]",25m 14p 3457s 56z,9m 24r5p 3r588s 13z,1379m 68899p 299s 3z,4m 233p 12s 15577z
20260403091322_0503_019,20260403091322_0503,20260403091322,503,2,おにゃにゃー,121,,,1775176636,0,,0,,"[99,126,130,84,37,17,90,48,6,82]","[102,101,49,83,108,42,52,117,88,34]","[56,119,65,70,66,79,35,27,2,9,68,106,107]","[78,41,132,124,14,110,75,47,135,125,44]",25m 14p 3457s 56z,9m 24r5p 3r588s 13z,1379m 68899p 299s 3z,4m 233p 12s 15577z
20260403091322_0503_020,20260403091322_0503,20260403091322,503,3,フェザーＭ,110,,,1775176647,11217.804,,0,,"[99,126,130,84,37,17,90,48,6,82]","[102,101,49,83,108,42,52,117,88,34]","[56,119,65,70,66,79,35,27,2,9,68,106,107]","[78,41,132,124,14,75,47,135,125,44,91]",25m 14p 3457s 56z,9m 24r5p 3r588s 13z,1379m 68899p 299s 3z,4m 233p 125s 5577z
20260403091322_0503_021,20260403091322_0503,20260403091322,503,0,パシフィック,62,,,1775176648,696.879,,0,,"[99,126,130,84,37,17,90,48,6,82]","[102,101,49,83,108,42,52,117,88,34]","[56,119,65,70,66,79,35,27,2,9,68,106,107]","[78,41,132,124,14,75,47,135,125,44,91]",25m 14p 3457s 56z,9m 24r5p 3r588s 13z,1379m 68899p 299s 3z,4m 233p 125s 5577z
20260403091322_0503_022,20260403091322_0503,20260403091322,503,1,きゆう,19,,,1775176651,3350.886,,0,,"[99,126,130,84,37,17,90,48,6,82]","[102,101,49,83,108,42,52,117,88,34]","[56,119,65,70,66,79,35,27,2,9,68,106,107]","[78,41,132,124,14,75,47,135,125,44,91]",25m 14p 3457s 56z,9m 24r5p 3r588s 13z,1379m 68899p 299s 3z,4m 233p 125s 5577z
20260403091322_0503_023,20260403091322_0503,20260403091322,503,2,おにゃにゃー,51,,,1775176651,0,,0,,"[99,126,130,84,37,17,90,48,6,82]","[102,101,49,83,108,42,52,117,88,34]","[56,119,65,70,66,79,35,27,2,9,68,106,107]","[78,41,132,124,14,75,47,135,125,44,91]",25m 14p 3457s 56z,9m 24r5p 3r588s 13z,1379m 68899p 299s 3z,4m 233p 125s 5577z
20260403091322_0503_024,20260403091322_0503,20260403091322,503,3,フェザーＭ,47,,,1775176658,,,0,,"[99,126,130,84,37,17,90,48,6,82]","[102,101,49,83,108,42,52,117,88,34]","[56,119,65,70,66,79,35,27,2,9,68,106,107]","[78,132,124,14,75,135,125,91]",25m 14p 3457s 56z,9m 24r5p 3r588s 13z,1379m 68899p 299s 3z,4m 125s 5577z
20260403091322_0503_025,20260403091322_0503,20260403091322,503,0,パシフィック,77,,,1775176659,682.169,,0,,"[99,126,130,84,37,17,90,48,6,82]","[102,101,49,83,108,42,52,117,88,34]","[56,119,65,70,66,79,35,27,2,9,68,106,107]","[78,132,124,14,75,135,125,91]",25m 14p 3457s 56z,9m 24r5p 3r588s 13z,1379m 68899p 299s 3z,4m 125s 5577z
20260403091322_0503_026,20260403091322_0503,20260403091322,503,1,きゆう,108,,,1775176661,2024.437,,0,,"[99,126,130,84,37,17,90,48,6,82]","[102,101,49,83,42,52,117,88,34,76]","[56,119,65,70,66,79,35,27,2,9,68,106,107]","[78,132,124,14,75,135,125,91]",25m 14p 3457s 56z,9m 24r5p 23r588s 3z,1379m 68899p 299s 3z,4m 125s 5577z
20260403091322_0503_027,20260403091322_0503,20260403091322,503,2,おにゃにゃー,55,,,1775176661,0,,0,,"[99,126,130,84,37,17,90,48,6,82]","[102,101,49,83,42,52,117,88,34,76]","[56,119,65,70,66,79,35,27,2,9,68,106,107]","[78,132,124,14,75,135,125,91]",25m 14p 3457s 56z,9m 24r5p 23r588s 3z,1379m 68899p 299s 3z,4m 125s 5577z
20260403091322_0503_028,20260403091322_0503,20260403091322,503,3,フェザーＭ,104,,,1775176664,3235.567,,0,,"[99,126,130,84,37,17,90,48,6,82]","[102,101,49,83,42,52,117,88,34,76]","[56,119,65,70,66,79,35,27,2,9,68,106,107]","[78,132,124,14,75,135,125,91]",25m 14p 3457s 56z,9m 24r5p 23r588s 3z,1379m 68899p 299s 3z,4m 125s 5577z
20260403091322_0503_029,20260403091322_0503,20260403091322,503,0,パシフィック,33,,,1775176665,681.947,,0,,"[99,126,130,84,37,17,90,48,6,82]","[102,101,49,83,42,52,117,88,34,76]","[56,119,65,70,66,79,35,27,2,9,68,106,107]","[78,132,124,14,75,135,125,91]",25m 14p 3457s 56z,9m 24r5p 23r588s 3z,1379m 68899p 299s 3z,4m 125s 5577z
20260403091322_0503_030,20260403091322_0503,20260403091322,503,1,きゆう,34,,,1775176667,1925.427,,0,,"[99,126,130,84,37,17,90,48,6,82]","[102,101,49,83,42,52,117,88,76,123]","[56,119,65,70,66,79,35,27,2,9,68,106,107]","[78,132,124,14,75,135,125,91]",25m 14p 3457s 56z,24r5p 23r588s 34z,1379m 68899p 299s 3z,4m 125s 5577z
20260403091322_0503_031,20260403091322_0503,20260403091322,503,2,おにゃにゃー,113,,,1775176667,0,,0,,"[99,126,130,84,37,17,90,48,6,82]","[102,101,49,83,42,52,117,88,76,123]","[56,119,65,70,66,79,35,27,2,9,68,106,107]","[78,132,124,14,75,135,125,91]",25m 14p 3457s 56z,24r5p 23r588s 34z,1379m 68899p 299s 3z,4m 125s 5577z
20260403091322_0503_032,20260403091322_0503,20260403091322,503,3,フェザーＭ,128,,,1775176670,3118.476,,0,,"[99,126,130,84,37,17,90,48,6,82]","[102,101,49,83,42,52,117,88,76,123]","[56,119,65,70,66,79,35,27,2,9,68,106,107]","[78,132,124,14,75,135,125,91]",25m 14p 3457s 56z,24r5p 23r588s 34z,1379m 68899p 299s 3z,4m 125s 5577z
20260403091322_0503_033,20260403091322_0503,20260403091322,503,0,パシフィック,109,,,1775176671,697.879,,0,,"[99,126,130,84,37,17,90,48,6,82]","[102,101,49,83,42,52,117,88,76,123]","[56,119,65,70,66,79,35,27,2,9,68,106,107]","[78,132,124,14,75,135,125,91]",25m 14p 3457s 56z,24r5p 23r588s 34z,1379m 68899p 299s 3z,4m 125s 5577z
20260403091322_0503_034,20260403091322_0503,20260403091322,503,1,きゆう,123,,,1775176673,2065.318,,0,,"[99,126,130,84,37,17,90,48,6,82]","[102,101,49,83,42,52,117,88,76,39]","[56,119,65,70,66,79,35,27,2,9,68,106,107]","[78,132,124,14,75,135,125,91]",25m 14p 3457s 56z,124r5p 23r588s 3z,1379m 68899p 299s 3z,4m 125s 5577z
20260403091322_0503_035,20260403091322_0503,20260403091322,503,2,おにゃにゃー,5,,,1775176673,0,,0,,"[99,126,130,84,37,17,90,48,6,82]","[102,101,49,83,42,52,117,88,76,39]","[56,119,65,70,66,79,35,27,2,9,68,106,107]","[78,132,124,14,75,135,125,91]",25m 14p 3457s 56z,124r5p 23r588s 3z,1379m 68899p 299s 3z,4m 125s 5577z
20260403091322_0503_036,20260403091322_0503,20260403091322,503,3,フェザーＭ,118,,,1775176676,3165.29,,0,,"[99,126,130,84,37,17,90,48,6,82]","[102,101,49,83,42,52,117,88,76,39]","[56,119,65,70,66,79,35,27,2,9,68,106,107]","[78,132,124,14,75,135,125,91]",25m 14p 3457s 56z,124r5p 23r588s 3z,1379m 68899p 299s 3z,4m 125s 5577z
20260403091322_0503_037,20260403091322_0503,20260403091322,503,0,パシフィック,28,,,1775176677,695.052,,0,,"[99,126,130,84,37,17,90,48,6,82]","[102,101,49,83,42,52,117,88,76,39]","[56,119,65,70,66,79,35,27,2,9,68,106,107]","[78,132,124,14,75,135,125,91]",25m 14p 3457s 56z,124r5p 23r588s 3z,1379m 68899p 299s 3z,4m 125s 5577z
20260403091322_0503_038,20260403091322_0503,20260403091322,503,1,きゆう,117,,,1775176679,1833.959,,0,,"[99,126,130,84,37,17,90,48,6,82]","[102,101,49,83,42,52,88,76,39,58]","[56,119,65,70,66,79,35,27,2,9,68,106,107]","[78,132,124,14,75,135,125,91]",25m 14p 3457s 56z,124r56p 23r588s,1379m 68899p 299s 3z,4m 125s 5577z
20260403091322_0503_039,20260403091322_0503,20260403091322,503,2,おにゃにゃー,13,,,1775176679,0,,0,,"[99,126,130,84,37,17,90,48,6,82]","[102,101,49,83,42,52,88,76,39,58]","[56,119,65,70,66,79,35,27,2,9,68,106,107]","[78,132,124,14,75,135,125,91]",25m 14p 3457s 56z,124r56p 23r588s,1379m 68899p 299s 3z,4m 125s 5577z
20260403091322_0503_040,20260403091322_0503,20260403091322,503,3,フェザーＭ,4,,,1775176682,3200.144,,0,,"[99,126,130,84,37,17,90,48,6,82]","[102,101,49,83,42,52,88,76,39,58]","[56,119,65,70,66,79,35,27,2,9,68,106,107]","[78,132,124,14,75,135,125,91]",25m 14p 3457s 56z,124r56p 23r588s,1379m 68899p 299s 3z,4m 125s 5577z
20260403091322_0503_041,20260403091322_0503,20260403091322,503,0,パシフィック,54,,,1775176682,722.425,,3,1850.868,"[99,126,130,84,37,17,90,48,6,82]","[102,101,49,83,42,52,88,76,39,58]","[56,119,65,70,66,79,35,27,2,9,68,106,107]","[78,132,124,14,75,135,125,91]",25m 14p 3457s 56z,124r56p 23r588s,1379m 68899p 299s 3z,4m 125s 5577z
20260403091322_0503_042,20260403091322_0503,20260403091322,503,1,きゆう,39,,,1775176685,1021.895,,0,,"[99,126,130,84,37,17,90,48,6,82]","[102,101,49,83,42,52,88,76,58,32]","[56,119,65,70,66,79,35,27,2,9,68,106,107]","[78,132,124,14,75,135,125,91]",25m 14p 3457s 56z,9m 24r56p 23r588s,1379m 68899p 299s 3z,4m 125s 5577z
20260403091322_0503_043,20260403091322_0503,20260403091322,503,2,おにゃにゃー,10,,,1775176685,0,,0,,"[99,126,130,84,37,17,90,48,6,82]","[102,101,49,83,42,52,88,76,58,32]","[56,119,65,70,66,79,35,27,2,9,68,106,107]","[78,132,124,14,75,135,125,91]",25m 14p 3457s 56z,9m 24r56p 23r588s,1379m 68899p 299s 3z,4m 125s 5577z
20260403091322_0503_044,20260403091322_0503,20260403091322,503,3,フェザーＭ,91,,,1775176693,7478.241,,3,213.911,"[99,126,130,84,37,17,90,48,6,82]","[102,101,49,83,42,52,88,76,58,32]","[56,119,65,70,66,79,35,27,2,9,68,106,107]","[78,132,124,14,75,135,125,16]",25m 14p 3457s 56z,9m 24r56p 23r588s,1379m 68899p 299s 3z,4r5m 12s 5577z
20260403091322_0503_045,20260403091322_0503,20260403091322,503,0,パシフィック,127,,,1775176694,489.66,,0,,"[99,126,130,84,37,17,90,48,6,82]","[102,101,49,83,42,52,88,76,58,32]","[56,119,65,70,66,79,35,27,2,9,68,106,107]","[78,132,124,14,75,135,125,16]",25m 14p 3457s 56z,9m 24r56p 23r588s,1379m 68899p 299s 3z,4r5m 12s 5577z
20260403091322_0503_046,20260403091322_0503,20260403091322,503,3,フェザーＭ,16,,,1775176698,1954.627,,0,,"[99,126,130,84,37,17,90,48,6,82]","[102,101,49,83,42,52,88,76,58,32]","[56,119,65,70,66,79,35,27,2,9,68,106,107]","[78,132,14,75,135,125]",25m 14p 3457s 56z,9m 24r56p 23r588s,1379m 68899p 299s 3z,4m 12s 577z
20260403091322_0503_047,20260403091322_0503,20260403091322,503,0,パシフィック,85,,,1775176699,693.283,,0,,"[99,126,130,84,37,17,90,48,6,82]","[102,101,49,83,42,52,88,76,58,32]","[56,119,65,70,66,79,35,27,2,9,68,106,107]","[78,132,14,75,135,125]",25m 14p 3457s 56z,9m 24r56p 23r588s,1379m 68899p 299s 3z,4m 12s 577z
20260403091322_0503_048,20260403091322_0503,20260403091322,503,1,きゆう,32,,,1775176705,,,0,,"[99,126,130,84,37,17,90,48,6,82]","[102,101,49,42,52,88,58]","[56,119,65,70,66,79,35,27,2,9,68,106,107]","[78,132,14,75,135,125]",25m 14p 3457s 56z,24r56p r588s,1379m 68899p 299s 3z,4m 12s 577z
20260403091322_0503_049,20260403091322_0503,20260403091322,503,2,おにゃにゃー,89,,,1775176705,0,,0,,"[99,126,130,84,37,17,90,48,6,82]","[102,101,49,42,52,88,58]","[56,119,65,70,66,79,35,27,2,9,68,106,107]","[78,132,14,75,135,125]",25m 14p 3457s 56z,24r56p r588s,1379m 68899p 299s 3z,4m 12s 577z
20260403091322_0503_050,20260403091322_0503,20260403091322,503,3,フェザーＭ,11,,,1775176707,2911.324,,0,,"[99,126,130,84,37,17,90,48,6,82]","[102,101,49,42,52,88,58]","[56,119,65,70,66,79,35,27,2,9,68,106,107]","[78,132,14,75,135,125]",25m 14p 3457s 56z,24r56p r588s,1379m 68899p 299s 3z,4m 12s 577z
20260403091322_0503_051,20260403091322_0503,20260403091322,503,0,パシフィック,43,,,1775176708,684.92,,5,1615.641,"[99,126,130,84,37,17,90,48,6,82]","[102,101,49,42,52,88,58]","[56,119,65,70,66,79,35,27,2,9,68,106,107]","[78,132,14,75,135,125]",25m 14p 3457s 56z,24r56p r588s,1379m 68899p 299s 3z,4m 12s 577z
20260403091322_0503_052,20260403091322_0503,20260403091322,503,1,きゆう,88,,,1775176711,1327.702,,0,,"[99,126,130,84,37,17,90,48,6,82]","[102,101,49,42,52,58,115]","[56,119,65,70,66,79,35,27,2,9,68,106,107]","[78,132,14,75,135,125]",25m 14p 3457s 56z,24r56p 88s 2z,1379m 68899p 299s 3z,4m 12s 577z
20260403091322_0503_053,20260403091322_0503,20260403091322,503,2,おにゃにゃー,40,,,1775176711,0,,0,,"[99,126,130,84,37,17,90,48,6,82]","[102,101,49,42,52,58,115]","[56,119,65,70,66,79,35,27,2,9,68,106,107]","[78,132,14,75,135,125]",25m 14p 3457s 56z,24r56p 88s 2z,1379m 68899p 299s 3z,4m 12s 577z
20260403091322_0503_054,20260403091322_0503,20260403091322,503,3,フェザーＭ,111,,,1775176714,2985.103,,0,,"[99,126,130,84,37,17,90,48,6,82]","[102,101,49,42,52,58,115]","[56,119,65,70,66,79,35,27,2,9,68,106,107]","[78,132,14,75,135,125]",25m 14p 3457s 56z,24r56p 88s 2z,1379m 68899p 299s 3z,4m 12s 577z
20260403091322_0503_055,20260403091322_0503,20260403091322,503,0,パシフィック,129,,,1775176715,681.857,,0,,"[99,126,130,84,37,17,90,48,6,82]","[102,101,49,42,52,58,115]","[56,119,65,70,66,79,35,27,2,9,68,106,107]","[78,132,14,75,135,125]",25m 14p 3457s 56z,24r56p 88s 2z,1379m 68899p 299s 3z,4m 12s 577z
20260403091322_0503_056,20260403091322_0503,20260403091322,503,1,きゆう,115,,,1775176718,2781.909,,0,,"[99,126,130,84,37,17,90,48,6,82]","[102,101,49,42,52,58,103]","[56,119,65,70,66,79,35,27,2,9,68,106,107]","[78,132,14,75,135,125]",25m 14p 3457s 56z,24r56p 888s,1379m 68899p 299s 3z,4m 12s 577z
20260403091322_0503_057,20260403091322_0503,20260403091322,503,2,おにゃにゃー,122,,,1775176718,0,,0,,"[99,126,130,84,37,17,90,48,6,82]","[102,101,49,42,52,58,103]","[56,119,65,70,66,79,35,27,2,9,68,106,107]","[78,132,14,75,135,125]",25m 14p 3457s 56z,24r56p 888s,1379m 68899p 299s 3z,4m 12s 577z
20260403091322_0503_058,20260403091322_0503,20260403091322,503,3,フェザーＭ,31,,,1775176720,2699.065,,0,,"[99,126,130,84,37,17,90,48,6,82]","[102,101,49,42,52,58,103]","[56,119,65,70,66,79,35,27,2,9,68,106,107]","[78,132,14,75,135,125]",25m 14p 3457s 56z,24r56p 888s,1379m 68899p 299s 3z,4m 12s 577z
20260403091322_0503_059,20260403091322_0503,20260403091322,503,0,パシフィック,50,,,1775176721,695.035,,3,819.659,"[99,126,130,84,37,17,90,48,6,82]","[102,101,49,42,52,58,103]","[56,119,65,70,66,79,35,27,2,9,68,106,107]","[78,132,14,75,135,125]",25m 14p 3457s 56z,24r56p 888s,1379m 68899p 299s 3z,4m 12s 577z
20260403091322_0503_060,20260403091322_0503,20260403091322,503,1,きゆう,42,,,1775176723,1138.02,,0,,"[99,126,130,84,37,17,90,48,6,82]","[102,101,49,52,58,103,25]","[56,119,65,70,66,79,35,27,2,9,68,106,107]","[78,132,14,75,135,125]",25m 14p 3457s 56z,7m 4r56p 888s,1379m 68899p 299s 3z,4m 12s 577z
20260403091322_0503_061,20260403091322_0503,20260403091322,503,2,おにゃにゃー,64,,,1775176723,0,,0,,"[99,126,130,84,37,17,90,48,6,82]","[102,101,49,52,58,103,25]","[56,119,65,70,66,79,35,27,2,9,68,106,107]","[78,132,14,75,135,125]",25m 14p 3457s 56z,7m 4r56p 888s,1379m 68899p 299s 3z,4m 12s 577z
20260403091322_0503_062,20260403091322_0503,20260403091322,503,3,フェザーＭ,38,,,1775176726,2796.417,,0,,"[99,126,130,84,37,17,90,48,6,82]","[102,101,49,52,58,103,25]","[56,119,65,70,66,79,35,27,2,9,68,106,107]","[78,132,14,75,135,125]",25m 14p 3457s 56z,7m 4r56p 888s,1379m 68899p 299s 3z,4m 12s 577z
20260403091322_0503_063,20260403091322_0503,20260403091322,503,0,パシフィック,53,,,1775176726,703.531,,3,779.437,"[99,126,130,84,37,17,90,48,6,82]","[102,101,49,52,58,103,25]","[56,119,65,70,66,79,35,27,2,9,68,106,107]","[78,132,14,75,135,125]",25m 14p 3457s 56z,7m 4r56p 888s,1379m 68899p 299s 3z,4m 12s 577z
20260403091322_0503_064,20260403091322_0503,20260403091322,503,1,きゆう,25,,,1775176729,1554.793,,0,,"[99,126,130,84,37,17,90,48,6,82]","[102,101,49,52,58,103,7]","[56,119,65,70,66,79,35,27,2,9,68,106,107]","[78,132,14,75,135,125]",25m 14p 3457s 56z,2m 4r56p 888s,1379m 68899p 299s 3z,4m 12s 577z
20260403091322_0503_065,20260403091322_0503,20260403091322,503,2,おにゃにゃー,24,,,1775176729,0,,0,,"[99,126,130,84,37,17,90,48,6,82]","[102,101,49,52,58,103,7]","[56,119,65,70,66,79,35,27,2,9,68,106,107]","[78,132,14,75,135,125]",25m 14p 3457s 56z,2m 4r56p 888s,1379m 68899p 299s 3z,4m 12s 577z
20260403091322_0503_066,20260403091322_0503,20260403091322,503,3,フェザーＭ,116,,,1775176732,2861.853,,0,,"[99,126,130,84,37,17,90,48,6,82]","[102,101,49,52,58,103,7]","[56,119,65,70,66,79,35,27,2,9,68,106,107]","[78,132,14,75,135,125]",25m 14p 3457s 56z,2m 4r56p 888s,1379m 68899p 299s 3z,4m 12s 577z
20260403091322_0503_067,20260403091322_0503,20260403091322,503,0,パシフィック,21,,,1775176732,714.244,,0,,"[99,126,130,84,37,17,90,48,6,82]","[102,101,49,52,58,103,7]","[56,119,65,70,66,79,35,27,2,9,68,106,107]","[78,132,14,75,135,125]",25m 14p 3457s 56z,2m 4r56p 888s,1379m 68899p 299s 3z,4m 12s 577z
20260403091322_0503_068,20260403091322_0503,20260403091322,503,1,きゆう,1,,,1775176736,3575.307,,0,,"[99,126,130,84,37,17,90,48,6,82]","[102,101,49,52,58,103,7]","[56,119,65,70,66,79,35,27,2,9,68,106,107]","[78,132,14,75,135,125]",25m 14p 3457s 56z,2m 4r56p 888s,1379m 68899p 299s 3z,4m 12s 577z
20260403091322_0503_069,20260403091322_0503,20260403091322,503,2,おにゃにゃー,100,,,1775176736,0,,3,1338.37,"[99,126,130,84,37,17,90,48,6,82]","[102,101,49,52,58,103,7]","[56,119,65,70,66,79,35,27,2,9,68,106,107]","[78,132,14,75,135,125]",25m 14p 3457s 56z,2m 4r56p 888s,1379m 68899p 299s 3z,4m 12s 577z
20260403091322_0503_070,20260403091322_0503,20260403091322,503,3,フェザーＭ,78,,,1775176740,2558.287,,3,204.652,"[99,126,130,84,37,17,90,48,6,82]","[102,101,49,52,58,103,7]","[56,119,65,70,66,79,35,27,2,9,68,106,107]","[132,14,75,135,125,73]",25m 14p 3457s 56z,2m 4r56p 888s,1379m 68899p 299s 3z,4m 11s 577z
20260403091322_0503_071,20260403091322_0503,20260403091322,503,0,パシフィック,74,,,1775176740,484.532,,0,,"[99,126,130,84,37,17,90,48,6,82]","[102,101,49,52,58,103,7]","[56,119,65,70,66,79,35,27,2,9,68,106,107]","[132,14,75,135,125,73]",25m 14p 3457s 56z,2m 4r56p 888s,1379m 68899p 299s 3z,4m 11s 577z
20260403091322_0504_000,20260403091322_0504,20260403091322,504,3,フェザーＭ,131,,,1775176760,9898.463,,0,,"[57,37,7,81,112,58,90,126,76,19,66,114,0]","[69,41,125,124,117,113,122,128,4,49,59,60,121]","[75,116,95,32,97,108,61,119,35,43,67,33,74]","[85,84,68,5,38,50,22,39,70,23,98,87,101]",125m 1668p 235s 225z,2m 24679p 2344556z,999m 278p 1167s 133z,266m 11499p 44478s
20260403091322_0504_001,20260403091322_0504,20260403091322,504,0,パシフィック,34,,,1775176760,698.671,,0,,"[57,37,7,81,112,58,90,126,76,19,66,114,0]","[69,41,125,124,117,113,122,128,4,49,59,60,121]","[75,116,95,32,97,108,61,119,35,43,67,33,74]","[85,84,68,5,38,50,22,39,70,23,98,87,101]",125m 1668p 235s 225z,2m 24679p 2344556z,999m 278p 1167s 133z,266m 11499p 44478s
20260403091322_0504_002,20260403091322_0504,20260403091322,504,1,きゆう,4,,,1775176763,2960.448,,0,,"[57,37,7,81,112,58,90,126,76,19,66,114,0]","[69,41,125,124,117,113,122,128,49,59,60,121,99]","[75,116,95,32,97,108,61,119,35,43,67,33,74]","[85,84,68,5,38,50,22,39,70,23,98,87,101]",125m 1668p 235s 225z,24679p 7s 2344556z,999m 278p 1167s 133z,266m 11499p 44478s
20260403091322_0504_003,20260403091322_0504,20260403091322,504,2,おにゃにゃー,118,,,1775176763,0,,0,,"[57,37,7,81,112,58,90,126,76,19,66,114,0]","[69,41,125,124,117,113,122,128,49,59,60,121,99]","[75,116,95,32,97,108,61,119,35,43,67,33,74]","[85,84,68,5,38,50,22,39,70,23,98,87,101]",125m 1668p 235s 225z,24679p 7s 2344556z,999m 278p 1167s 133z,266m 11499p 44478s
20260403091322_0504_004,20260403091322_0504,20260403091322,504,3,フェザーＭ,77,,,1775176768,4404.733,,0,,"[57,37,7,81,112,58,90,126,76,19,66,114,0]","[69,41,125,124,117,113,122,128,49,59,60,121,99]","[75,116,95,32,97,108,61,119,35,43,67,33,74]","[85,84,68,5,38,50,22,39,70,23,98,87,101]",125m 1668p 235s 225z,24679p 7s 2344556z,999m 278p 1167s 133z,266m 11499p 44478s
20260403091322_0504_005,20260403091322_0504,20260403091322,504,0,パシフィック,83,,,1775176769,696.274,,0,,"[57,37,7,81,112,58,90,126,76,19,66,114,0]","[69,41,125,124,117,113,122,128,49,59,60,121,99]","[75,116,95,32,97,108,61,119,35,43,67,33,74]","[85,84,68,5,38,50,22,39,70,23,98,87,101]",125m 1668p 235s 225z,24679p 7s 2344556z,999m 278p 1167s 133z,266m 11499p 44478s
20260403091322_0504_006,20260403091322_0504,20260403091322,504,1,きゆう,99,,,1775176771,2031.12,,0,,"[57,37,7,81,112,58,90,126,76,19,66,114,0]","[69,41,125,124,117,113,122,128,49,59,60,121,15]","[75,116,95,32,97,108,61,119,35,43,67,33,74]","[85,84,68,5,38,50,22,39,70,23,98,87,101]",125m 1668p 235s 225z,4m 24679p 2344556z,999m 278p 1167s 133z,266m 11499p 44478s
20260403091322_0504_007,20260403091322_0504,20260403091322,504,2,おにゃにゃー,25,,,1775176771,0,,0,,"[57,37,7,81,112,58,90,126,76,19,66,114,0]","[69,41,125,124,117,113,122,128,49,59,60,121,15]","[75,116,95,32,97,108,61,119,35,43,67,33,74]","[85,84,68,5,38,50,22,39,70,23,98,87,101]",125m 1668p 235s 225z,4m 24679p 2344556z,999m 278p 1167s 133z,266m 11499p 44478s
20260403091322_0504_008,20260403091322_0504,20260403091322,504,3,フェザーＭ,5,,,1775176774,2986.731,,0,,"[57,37,7,81,112,58,90,126,76,19,66,114,0]","[69,41,125,124,117,113,122,128,49,59,60,121,15]","[75,116,95,32,97,108,61,119,35,43,67,33,74]","[85,84,68,38,50,22,39,70,23,98,87,101,24]",125m 1668p 235s 225z,4m 24679p 2344556z,999m 278p 1167s 133z,667m 11499p 44478s
20260403091322_0504_009,20260403091322_0504,20260403091322,504,0,パシフィック,52,,,1775176774,709.916,,0,,"[57,37,7,81,112,58,90,126,76,19,66,114,0]","[69,41,125,124,117,113,122,128,49,59,60,121,15]","[75,116,95,32,97,108,61,119,35,43,67,33,74]","[85,84,68,38,50,22,39,70,23,98,87,101,24]",125m 1668p 235s 225z,4m 24679p 2344556z,999m 278p 1167s 133z,667m 11499p 44478s
20260403091322_0504_010,20260403091322_0504,20260403091322,504,1,きゆう,15,,,1775176778,,,0,,"[57,37,7,81,112,58,90,126,76,19,66,114,0]","[69,41,125,124,117,113,122,128,49,121]","[75,116,95,32,97,108,61,119,35,43,67,33,74]","[85,84,68,38,50,22,39,70,23,98,87,101,24]",125m 1668p 235s 225z,249p 2344556z,999m 278p 1167s 133z,667m 11499p 44478s
20260403091322_0504_011,20260403091322_0504,20260403091322,504,2,おにゃにゃー,27,,,1775176778,0,,0,,"[57,37,7,81,112,58,90,126,76,19,66,114,0]","[69,41,125,124,117,113,122,128,49,121]","[75,116,95,32,97,108,61,119,35,43,67,33,74]","[85,84,68,38,50,22,39,70,23,98,87,101,24]",125m 1668p 235s 225z,249p 2344556z,999m 278p 1167s 133z,667m 11499p 44478s
20260403091322_0504_012,20260403091322_0504,20260403091322,504,3,フェザーＭ,22,,,1775176783,4821.553,,0,,"[57,37,7,81,112,58,90,126,76,19,66,114,0]","[69,41,125,124,117,113,122,128,49,121]","[75,116,95,32,97,108,61,119,35,43,67,33,74]","[85,84,68,38,50,39,70,23,98,87,101,24,94]",125m 1668p 235s 225z,249p 2344556z,999m 278p 1167s 133z,67m 11499p 444678s
20260403091322_0504_013,20260403091322_0504,20260403091322,504,0,パシフィック,2,,,1775176784,708.309,,0,,"[57,37,7,81,112,58,90,126,76,19,66,114,0]","[69,41,125,124,117,113,122,128,49,121]","[75,116,95,32,97,108,61,119,35,43,67,33,74]","[85,84,68,38,50,39,70,23,98,87,101,24,94]",125m 1668p 235s 225z,249p 2344556z,999m 278p 1167s 133z,67m 11499p 444678s
20260403091322_0504_014,20260403091322_0504,20260403091322,504,1,きゆう,117,,,1775176787,2893.951,,0,,"[57,37,7,81,112,58,90,126,76,19,66,114,0]","[69,41,125,124,113,122,128,49,121,29]","[75,116,95,32,97,108,61,119,35,43,67,33,74]","[85,84,68,38,50,39,70,23,98,87,101,24,94]",125m 1668p 235s 225z,8m 249p 244556z,999m 278p 1167s 133z,67m 11499p 444678s
20260403091322_0504_015,20260403091322_0504,20260403091322,504,2,おにゃにゃー,129,,,1775176787,0,,0,,"[57,37,7,81,112,58,90,126,76,19,66,114,0]","[69,41,125,124,113,122,128,49,121,29]","[75,116,95,32,97,108,61,119,35,43,67,33,74]","[85,84,68,38,50,39,70,23,98,87,101,24,94]",125m 1668p 235s 225z,8m 249p 244556z,999m 278p 1167s 133z,67m 11499p 444678s
20260403091322_0504_016,20260403091322_0504,20260403091322,504,3,フェザーＭ,39,,,1775176797,9819.478,,5,2213.498,"[57,37,7,81,112,58,90,126,76,19,66,114,0]","[69,41,125,124,113,122,128,49,121,29]","[75,116,95,32,97,108,61,119,35,43,67,33,74]","[85,84,68,38,50,70,23,98,87,101,24,94,45]",125m 1668p 235s 225z,8m 249p 244556z,999m 278p 1167s 133z,67m 13499p 444678s
20260403091322_0504_017,20260403091322_0504,20260403091322,504,0,パシフィック,96,,,1775176799,212.845,,0,,"[57,37,7,81,112,58,90,126,76,19,66,114,0]","[69,41,125,124,113,122,128,49,121,29]","[75,116,95,32,97,108,61,119,35,43,67,33,74]","[85,84,68,38,50,70,23,98,87,101,24,94,45]",125m 1668p 235s 225z,8m 249p 244556z,999m 278p 1167s 133z,67m 13499p 444678s
20260403091322_0504_018,20260403091322_0504,20260403091322,504,1,きゆう,29,,,1775176801,2032.341,,0,,"[57,37,7,81,112,58,90,126,76,19,66,114,0]","[69,41,125,124,113,122,128,49,121,120]","[75,116,95,32,97,108,61,119,35,43,67,33,74]","[85,84,68,38,50,70,23,98,87,101,24,94,45]",125m 1668p 235s 225z,249p 2444556z,999m 278p 1167s 133z,67m 13499p 444678s
20260403091322_0504_019,20260403091322_0504,20260403091322,504,2,おにゃにゃー,134,,,1775176801,0,,0,,"[57,37,7,81,112,58,90,126,76,19,66,114,0]","[69,41,125,124,113,122,128,49,121,120]","[75,116,95,32,97,108,61,119,35,43,67,33,74]","[85,84,68,38,50,70,23,98,87,101,24,94,45]",125m 1668p 235s 225z,249p 2444556z,999m 278p 1167s 133z,67m 13499p 444678s
20260403091322_0504_020,20260403091322_0504,20260403091322,504,3,フェザーＭ,38,,,1775176810,8544.917,,0,,"[57,37,7,81,112,58,90,126,76,19,66,114,0]","[69,41,125,124,113,122,128,49,121,120]","[75,116,95,32,97,108,61,119,35,43,67,33,74]","[85,84,68,50,70,23,98,87,101,24,94,45,79]",125m 1668p 235s 225z,249p 2444556z,999m 278p 1167s 133z,67m 3499p 2444678s
20260403091322_0504_021,20260403091322_0504,20260403091322,504,0,パシフィック,73,,,1775176810,713.762,,0,,"[57,37,7,81,112,58,90,126,76,19,66,114,0]","[69,41,125,124,113,122,128,49,121,120]","[75,116,95,32,97,108,61,119,35,43,67,33,74]","[85,84,68,50,70,23,98,87,101,24,94,45,79]",125m 1668p 235s 225z,249p 2444556z,999m 278p 1167s 133z,67m 3499p 2444678s
20260403091322_0504_022,20260403091322_0504,20260403091322,504,1,きゆう,128,,,1775176813,2127.799,,0,,"[57,37,7,81,112,58,90,126,76,19,66,114,0]","[69,41,125,124,113,122,49,121,120,47]","[75,116,95,32,97,108,61,119,35,43,67,33,74]","[85,84,68,50,70,23,98,87,101,24,94,45,79]",125m 1668p 235s 225z,2349p 244455z,999m 278p 1167s 133z,67m 3499p 2444678s
20260403091322_0504_023,20260403091322_0504,20260403091322,504,2,おにゃにゃー,18,,,1775176813,0,,3,2697.815,"[57,37,7,81,112,58,90,126,76,19,66,114,0]","[69,41,125,124,113,122,49,121,120,47]","[75,116,95,32,97,108,61,119,35,43,67,33,74]","[85,84,68,50,70,23,98,87,101,24,94,45,79]",125m 1668p 235s 225z,2349p 244455z,999m 278p 1167s 133z,67m 3499p 2444678s
20260403091322_0504_024,20260403091322_0504,20260403091322,504,3,フェザーＭ,79,,,1775176817,2265.527,,0,,"[57,37,7,81,112,58,90,126,76,19,66,114,0]","[69,41,125,124,113,122,49,121,120,47]","[75,116,95,32,97,108,61,119,35,43,67,33,74]","[85,84,68,50,70,23,98,87,101,24,94,45,3]",125m 1668p 235s 225z,2349p 244455z,999m 278p 1167s 133z,167m 3499p 444678s
20260403091322_0504_025,20260403091322_0504,20260403091322,504,0,パシフィック,1,,,1775176818,731.99,,0,,"[57,37,7,81,112,58,90,126,76,19,66,114,0]","[69,41,125,124,113,122,49,121,120,47]","[75,116,95,32,97,108,61,119,35,43,67,33,74]","[85,84,68,50,70,23,98,87,101,24,94,45,3]",125m 1668p 235s 225z,2349p 244455z,999m 278p 1167s 133z,167m 3499p 444678s
20260403091322_0504_026,20260403091322_0504,20260403091322,504,1,きゆう,113,,,1775176821,2836.985,,3,213.186,"[57,37,7,81,112,58,90,126,76,19,66,114,0]","[69,41,125,124,122,49,121,120,47,46]","[75,116,95,32,97,108,61,119,35,43,67,33,74]","[85,84,68,50,70,23,98,87,101,24,94,45,3]",125m 1668p 235s 225z,23349p 44455z,999m 278p 1167s 133z,167m 3499p 444678s
20260403091322_0504_027,20260403091322_0504,20260403091322,504,2,おにゃにゃー,31,,,1775176821,0,,3,2545.695,"[57,37,7,81,112,58,90,126,76,19,66,114,0]","[69,41,125,124,122,49,121,120,47,46]","[75,116,95,32,97,108,61,119,35,43,67,33,74]","[85,84,68,50,70,23,98,87,101,24,94,45,3]",125m 1668p 235s 225z,23349p 44455z,999m 278p 1167s 133z,167m 3499p 444678s
20260403091322_0504_028,20260403091322_0504,20260403091322,504,3,フェザーＭ,109,,,1775176829,4993.728,,0,,"[57,37,7,81,112,58,90,126,76,19,66,114,0]","[69,41,125,124,122,49,121,120,47,46]","[75,116,95,32,97,108,61,119,35,43,67,33,74]","[85,84,68,50,70,23,98,87,101,24,94,45,3]",125m 1668p 235s 225z,23349p 44455z,999m 278p 1167s 133z,167m 3499p 444678s
20260403091322_0504_029,20260403091322_0504,20260403091322,504,0,パシフィック,86,,,1775176829,690.055,,3,2532.932,"[57,37,7,81,112,58,90,126,76,19,66,114,0]","[69,41,125,124,122,49,121,120,47,46]","[75,116,95,32,97,108,61,119,35,43,67,33,74]","[85,84,68,50,70,23,98,87,101,24,94,45,3]",125m 1668p 235s 225z,23349p 44455z,999m 278p 1167s 133z,167m 3499p 444678s
20260403091322_0504_030,20260403091322_0504,20260403091322,504,1,きゆう,28,,,1775176834,1928.832,,0,,"[57,37,7,81,112,58,90,126,76,19,66,114,0]","[69,41,125,124,122,49,121,120,47,46]","[75,116,95,32,97,108,61,119,35,43,67,33,74]","[85,84,68,50,70,23,98,87,101,24,94,45,3]",125m 1668p 235s 225z,23349p 44455z,999m 278p 1167s 133z,167m 3499p 444678s
20260403091322_0504_031,20260403091322_0504,20260403091322,504,2,おにゃにゃー,82,,,1775176834,0,,0,,"[57,37,7,81,112,58,90,126,76,19,66,114,0]","[69,41,125,124,122,49,121,120,47,46]","[75,116,95,32,97,108,61,119,35,43,67,33,74]","[85,84,68,50,70,23,98,87,101,24,94,45,3]",125m 1668p 235s 225z,23349p 44455z,999m 278p 1167s 133z,167m 3499p 444678s
20260403091322_0504_032,20260403091322_0504,20260403091322,504,3,フェザーＭ,3,,,1775176838,3559.757,,0,,"[57,37,7,81,112,58,90,126,76,19,66,114,0]","[69,41,125,124,122,49,121,120,47,46]","[75,116,95,32,97,108,61,119,35,43,67,33,74]","[85,84,68,50,70,23,98,87,101,24,94,45,111]",125m 1668p 235s 225z,23349p 44455z,999m 278p 1167s 133z,67m 3499p 444678s 1z
20260403091322_0504_033,20260403091322_0504,20260403091322,504,0,パシフィック,107,,,1775176838,692.908,,0,,"[57,37,7,81,112,58,90,126,76,19,66,114,0]","[69,41,125,124,122,49,121,120,47,46]","[75,116,95,32,97,108,61,119,35,43,67,33,74]","[85,84,68,50,70,23,98,87,101,24,94,45,111]",125m 1668p 235s 225z,23349p 44455z,999m 278p 1167s 133z,67m 3499p 444678s 1z
20260403091322_0504_034,20260403091322_0504,20260403091322,504,1,きゆう,9,,,1775176840,2188.091,,0,,"[57,37,7,81,112,58,90,126,76,19,66,114,0]","[69,41,125,124,122,49,121,120,47,46]","[75,116,95,32,97,108,61,119,35,43,67,33,74]","[85,84,68,50,70,23,98,87,101,24,94,45,111]",125m 1668p 235s 225z,23349p 44455z,999m 278p 1167s 133z,67m 3499p 444678s 1z
20260403091322_0504_035,20260403091322_0504,20260403091322,504,2,おにゃにゃー,100,,,1775176840,0,,5,2977.251,"[57,37,7,81,112,58,90,126,76,19,66,114,0]","[69,41,125,124,122,49,121,120,47,46]","[75,116,95,32,97,108,61,119,35,43,67,33,74]","[85,84,68,50,70,23,98,87,101,24,94,45,111]",125m 1668p 235s 225z,23349p 44455z,999m 278p 1167s 133z,67m 3499p 444678s 1z
20260403091322_0504_036,20260403091322_0504,20260403091322,504,3,フェザーＭ,62,,,1775176846,2247.439,,5,195.736,"[57,37,7,81,112,58,90,126,76,19,66,114,0]","[69,41,125,124,122,49,121,120,47,46]","[75,116,95,32,97,108,61,119,35,43,67,33,74]","[85,84,68,50,70,23,98,87,101,24,94,45,111]",125m 1668p 235s 225z,23349p 44455z,999m 278p 1167s 133z,67m 3499p 444678s 1z
20260403091322_0504_037,20260403091322_0504,20260403091322,504,0,パシフィック,135,,,1775176846,503.339,,5,1974.148,"[57,37,7,81,112,58,90,126,76,19,66,114,0]","[69,41,125,124,122,49,121,120,47,46]","[75,116,95,32,97,108,61,119,35,43,67,33,74]","[85,84,68,50,70,23,98,87,101,24,94,45,111]",125m 1668p 235s 225z,23349p 44455z,999m 278p 1167s 133z,67m 3499p 444678s 1z
20260403091322_0504_038,20260403091322_0504,20260403091322,504,1,きゆう,69,,,1775176850,1474.37,,3,1484.289,"[57,37,7,81,112,58,90,126,76,19,66,114,0]","[41,125,124,122,49,121,120,47,46,55]","[75,116,95,32,97,108,61,119,35,43,67,33,74]","[85,84,68,50,70,23,98,87,101,24,94,45,111]",125m 1668p 235s 225z,23345p 44455z,999m 278p 1167s 133z,67m 3499p 444678s 1z
20260403091322_0504_039,20260403091322_0504,20260403091322,504,2,おにゃにゃー,30,,,1775176851,0,,3,2158.271,"[57,37,7,81,112,58,90,126,76,19,66,114,0]","[41,125,124,122,49,121,120,47,46,55]","[75,116,95,32,97,108,61,119,35,43,67,33,74]","[85,84,68,50,70,23,98,87,101,24,94,45,111]",125m 1668p 235s 225z,23345p 44455z,999m 278p 1167s 133z,67m 3499p 444678s 1z
20260403091322_0504_040,20260403091322_0504,20260403091322,504,3,フェザーＭ,106,,,1775176855,1548.243,,0,,"[57,37,7,81,112,58,90,126,76,19,66,114,0]","[41,125,124,122,49,121,120,47,46,55]","[75,116,95,32,97,108,61,119,35,43,67,33,74]","[85,84,68,50,70,23,98,87,101,24,94,45,111]",125m 1668p 235s 225z,23345p 44455z,999m 278p 1167s 133z,67m 3499p 444678s 1z
20260403091322_0504_041,20260403091322_0504,20260403091322,504,0,パシフィック,104,,,1775176856,689.123,,0,,"[57,37,7,81,112,58,90,126,76,19,66,114,0]","[41,125,124,122,49,121,120,47,46,55]","[75,116,95,32,97,108,61,119,35,43,67,33,74]","[85,84,68,50,70,23,98,87,101,24,94,45,111]",125m 1668p 235s 225z,23345p 44455z,999m 278p 1167s 133z,67m 3499p 444678s 1z
20260403091322_0504_042,20260403091322_0504,20260403091322,504,1,きゆう,11,,,1775176858,2004.04,,0,,"[57,37,7,81,112,58,90,126,76,19,66,114,0]","[41,125,124,122,49,121,120,47,46,55]","[75,116,95,32,97,108,61,119,35,43,67,33,74]","[85,84,68,50,70,23,98,87,101,24,94,45,111]",125m 1668p 235s 225z,23345p 44455z,999m 278p 1167s 133z,67m 3499p 444678s 1z
20260403091322_0504_043,20260403091322_0504,20260403091322,504,2,おにゃにゃー,115,,,1775176858,0,,3,1367.074,"[57,37,7,81,112,58,90,126,76,19,66,114,0]","[41,125,124,122,49,121,120,47,46,55]","[75,116,95,32,97,108,61,119,35,43,67,33,74]","[85,84,68,50,70,23,98,87,101,24,94,45,111]",125m 1668p 235s 225z,23345p 44455z,999m 278p 1167s 133z,67m 3499p 444678s 1z
20260403091322_0504_044,20260403091322_0504,20260403091322,504,3,フェザーＭ,80,,,1775176861,2167.679,,0,,"[57,37,7,81,112,58,90,126,76,19,66,114,0]","[41,125,124,122,49,121,120,47,46,55]","[75,116,95,32,97,108,61,119,35,43,67,33,74]","[85,84,68,50,70,23,98,87,101,24,94,45,111]",125m 1668p 235s 225z,23345p 44455z,999m 278p 1167s 133z,67m 3499p 444678s 1z
20260403091322_0504_045,20260403091322_0504,20260403091322,504,0,パシフィック,17,,,1775176862,707.052,,0,,"[57,37,7,81,112,58,90,126,76,19,66,114,0]","[41,125,124,122,49,121,120,47,46,55]","[75,116,95,32,97,108,61,119,35,43,67,33,74]","[85,84,68,50,70,23,98,87,101,24,94,45,111]",125m 1668p 235s 225z,23345p 44455z,999m 278p 1167s 133z,67m 3499p 444678s 1z
20260403091322_0504_046,20260403091322_0504,20260403091322,504,1,きゆう,123,,,1775176864,2571.209,,0,,"[57,37,7,81,112,58,90,126,76,19,66,114,0]","[41,125,124,122,49,121,120,47,46,55]","[75,116,95,32,97,108,61,119,35,43,67,33,74]","[85,84,68,50,70,23,98,87,101,24,94,45,111]",125m 1668p 235s 225z,23345p 44455z,999m 278p 1167s 133z,67m 3499p 444678s 1z
20260403091322_0504_047,20260403091322_0504,20260403091322,504,2,おにゃにゃー,72,,,1775176864,0,,0,,"[57,37,7,81,112,58,90,126,76,19,66,114,0]","[41,125,124,122,49,121,120,47,46,55]","[75,116,95,32,97,108,61,119,35,43,67,33,74]","[85,84,68,50,70,23,98,87,101,24,94,45,111]",125m 1668p 235s 225z,23345p 44455z,999m 278p 1167s 133z,67m 3499p 444678s 1z
20260403091322_0504_048,20260403091322_0504,20260403091322,504,3,フェザーＭ,111,,,1775176876,11260.355,,0,,"[57,37,7,81,112,58,90,126,76,19,66,114,0]","[41,125,124,122,49,121,120,47,46,55]","[75,116,95,32,97,108,61,119,35,43,67,33,74]","[85,84,68,50,70,23,98,87,101,24,94,45,110]",125m 1668p 235s 225z,23345p 44455z,999m 278p 1167s 133z,67m 3499p 444678s 1z
20260403091322_0504_049,20260403091322_0504,20260403091322,504,0,パシフィック,13,,,1775176876,706.527,,0,,"[57,37,7,81,112,58,90,126,76,19,66,114,0]","[41,125,124,122,49,121,120,47,46,55]","[75,116,95,32,97,108,61,119,35,43,67,33,74]","[85,84,68,50,70,23,98,87,101,24,94,45,110]",125m 1668p 235s 225z,23345p 44455z,999m 278p 1167s 133z,67m 3499p 444678s 1z
20260403091322_0504_050,20260403091322_0504,20260403091322,504,1,きゆう,93,,,1775176878,1822.152,,0,,"[57,37,7,81,112,58,90,126,76,19,66,114,0]","[41,125,124,122,49,121,120,47,46,55]","[75,116,95,32,97,108,61,119,35,43,67,33,74]","[85,84,68,50,70,23,98,87,101,24,94,45,110]",125m 1668p 235s 225z,23345p 44455z,999m 278p 1167s 133z,67m 3499p 444678s 1z
20260403091322_0504_051,20260403091322_0504,20260403091322,504,2,おにゃにゃー,48,,,1775176878,0,,0,,"[57,37,7,81,112,58,90,126,76,19,66,114,0]","[41,125,124,122,49,121,120,47,46,55]","[75,116,95,32,97,108,61,119,35,43,67,33,74]","[85,84,68,50,70,23,98,87,101,24,94,45,110]",125m 1668p 235s 225z,23345p 44455z,999m 278p 1167s 133z,67m 3499p 444678s 1z
20260403091322_0600_000,20260403091322_0600,20260403091322,600,0,パシフィック,35,,,1775176910,19188.063,,0,,"[94,43,11,62,102,42,107,79,66,22,27,122,5]","[71,132,52,56,127,36,129,2,3,104,46,90,9]","[111,87,12,116,31,98,76,21,59,106,131,124,0]","[7,65,67,109,120,64,118,92,6,128,47,33,113]",2367m 2278p 2689s 4z,113m 13r569p 59s 567z,1468m 6p 2479s 1356z,229m 3888p 6s 12346z
20260403091322_0600_001,20260403091322_0600,20260403091322,600,1,きゆう,104,,,1775176912,1753.788,,0,,"[94,43,11,62,102,42,107,79,66,22,27,122,5]","[71,132,52,56,127,36,129,2,3,46,90,9,77]","[111,87,12,116,31,98,76,21,59,106,131,124,0]","[7,65,67,109,120,64,118,92,6,128,47,33,113]",2367m 2278p 2689s 4z,113m 13r569p 25s 567z,1468m 6p 2479s 1356z,229m 3888p 6s 12346z
20260403091322_0600_002,20260403091322_0600,20260403091322,600,2,おにゃにゃー,40,,,1775176912,0,,3,7383.96,"[94,43,11,62,102,42,107,79,66,22,27,122,5]","[71,132,52,56,127,36,129,2,3,46,90,9,77]","[111,87,12,116,31,98,76,21,59,106,131,124,0]","[7,65,67,109,120,64,118,92,6,128,47,33,113]",2367m 2278p 2689s 4z,113m 13r569p 25s 567z,1468m 6p 2479s 1356z,229m 3888p 6s 12346z
20260403091322_0600_006,20260403091322_0600,20260403091322,600,2,おにゃにゃー,68,,,1775176924,0,,0,,"[94,43,11,62,102,42,107,79,66,22,27,122,5]","[132,52,56,127,36,129,2,3,46,90,9,77,28]","[111,87,12,116,31,98,76,21,59,106,131,124,0]","[7,65,67,109,120,64,118,92,6,128,47,113,91]",2367m 2278p 2689s 4z,1138m 13r56p 25s 567z,1468m 6p 2479s 1356z,22m 3888p 56s 12346z
20260403091322_0600_007,20260403091322_0600,20260403091322,600,3,フェザーＭ,109,,,1775176927,2628.939,,0,,"[94,43,11,62,102,42,107,79,66,22,27,122,5]","[132,52,56,127,36,129,2,3,46,90,9,77,28]","[111,87,12,116,31,98,76,21,59,106,131,124,0]","[7,65,67,120,64,118,92,6,128,47,113,91,15]",2367m 2278p 2689s 4z,1138m 13r56p 25s 567z,1468m 6p 2479s 1356z,224m 3888p 56s 2346z
20260403091322_0600_008,20260403091322_0600,20260403091322,600,0,パシフィック,108,,,1775176927,712.404,,0,,"[94,43,11,62,102,42,107,79,66,22,27,122,5]","[132,52,56,127,36,129,2,3,46,90,9,77,28]","[111,87,12,116,31,98,76,21,59,106,131,124,0]","[7,65,67,120,64,118,92,6,128,47,113,91,15]",2367m 2278p 2689s 4z,1138m 13r56p 25s 567z,1468m 6p 2479s 1356z,224m 3888p 56s 2346z
20260403091322_0600_009,20260403091322_0600,20260403091322,600,1,きゆう,77,,,1775176929,2020.435,,0,,"[94,43,11,62,102,42,107,79,66,22,27,122,5]","[132,52,56,127,36,129,2,3,46,90,9,28,61]","[111,87,12,116,31,98,76,21,59,106,131,124,0]","[7,65,67,120,64,118,92,6,128,47,113,91,15]",2367m 2278p 2689s 4z,1138m 13r567p 5s 567z,1468m 6p 2479s 1356z,224m 3888p 56s 2346z
20260403091322_0600_010,20260403091322_0600,20260403091322,600,2,おにゃにゃー,78,,,1775176929,0,,0,,"[94,43,11,62,102,42,107,79,66,22,27,122,5]","[132,52,56,127,36,129,2,3,46,90,9,28,61]","[111,87,12,116,31,98,76,21,59,106,131,124,0]","[7,65,67,120,64,118,92,6,128,47,113,91,15]",2367m 2278p 2689s 4z,1138m 13r567p 5s 567z,1468m 6p 2479s 1356z,224m 3888p 56s 2346z
20260403091322_0600_011,20260403091322_0600,20260403091322,600,3,フェザーＭ,113,,,1775176932,2678.041,,0,,"[94,43,11,62,102,42,107,79,66,22,27,122,5]","[132,52,56,127,36,129,2,3,46,90,9,28,61]","[111,87,12,116,31,98,76,21,59,106,131,124,0]","[7,65,67,120,64,118,92,6,128,47,91,15,103]",2367m 2278p 2689s 4z,1138m 13r567p 5s 567z,1468m 6p 2479s 1356z,224m 3888p 568s 346z
20260403091322_0600_012,20260403091322_0600,20260403091322,600,0,パシフィック,126,,,1775176933,689.345,,0,,"[94,43,11,62,102,42,107,79,66,22,27,122,5]","[132,52,56,127,36,129,2,3,46,90,9,28,61]","[111,87,12,116,31,98,76,21,59,106,131,124,0]","[7,65,67,120,64,118,92,6,128,47,91,15,103]",2367m 2278p 2689s 4z,1138m 13r567p 5s 567z,1468m 6p 2479s 1356z,224m 3888p 568s 346z
20260403091322_0600_013,20260403091322_0600,20260403091322,600,1,きゆう,28,,,1775176934,1831.994,,0,,"[94,43,11,62,102,42,107,79,66,22,27,122,5]","[132,52,56,127,36,129,2,3,46,90,9,61,30]","[111,87,12,116,31,98,76,21,59,106,131,124,0]","[7,65,67,120,64,118,92,6,128,47,91,15,103]",2367m 2278p 2689s 4z,1138m 13r567p 5s 567z,1468m 6p 2479s 1356z,224m 3888p 568s 346z
20260403091322_0600_014,20260403091322_0600,20260403091322,600,2,おにゃにゃー,38,,,1775176934,0,,0,,"[94,43,11,62,102,42,107,79,66,22,27,122,5]","[132,52,56,127,36,129,2,3,46,90,9,61,30]","[111,87,12,116,31,98,76,21,59,106,131,124,0]","[7,65,67,120,64,118,92,6,128,47,91,15,103]",2367m 2278p 2689s 4z,1138m 13r567p 5s 567z,1468m 6p 2479s 1356z,224m 3888p 568s 346z
20260403091322_0600_015,20260403091322_0600,20260403091322,600,3,フェザーＭ,103,,,1775176937,2680.415,,0,,"[94,43,11,62,102,42,107,79,66,22,27,122,5]","[132,52,56,127,36,129,2,3,46,90,9,61,30]","[111,87,12,116,31,98,76,21,59,106,131,124,0]","[7,65,67,120,64,118,92,6,128,47,91,15,89]",2367m 2278p 2689s 4z,1138m 13r567p 5s 567z,1468m 6p 2479s 1356z,224m 3888p 556s 346z
20260403091322_0600_016,20260403091322_0600,20260403091322,600,0,パシフィック,97,,,1775176938,691.697,,0,,"[94,43,11,62,102,42,107,79,66,22,27,122,5]","[132,52,56,127,36,129,2,3,46,90,9,61,30]","[111,87,12,116,31,98,76,21,59,106,131,124,0]","[7,65,67,120,64,118,92,6,128,47,91,15,89]",2367m 2278p 2689s 4z,1138m 13r567p 5s 567z,1468m 6p 2479s 1356z,224m 3888p 556s 346z
20260403091322_0600_017,20260403091322_0600,20260403091322,600,1,きゆう,30,,,1775176941,2664.295,,0,,"[94,43,11,62,102,42,107,79,66,22,27,122,5]","[132,52,56,127,36,129,2,3,46,90,9,61,70]","[111,87,12,116,31,98,76,21,59,106,131,124,0]","[7,65,67,120,64,118,92,6,128,47,91,15,89]",2367m 2278p 2689s 4z,113m 13r5679p 5s 567z,1468m 6p 2479s 1356z,224m 3888p 556s 346z
20260403091322_0600_018,20260403091322_0600,20260403091322,600,2,おにゃにゃー,14,,,1775176941,0,,0,,"[94,43,11,62,102,42,107,79,66,22,27,122,5]","[132,52,56,127,36,129,2,3,46,90,9,61,70]","[111,87,12,116,31,98,76,21,59,106,131,124,0]","[7,65,67,120,64,118,92,6,128,47,91,15,89]",2367m 2278p 2689s 4z,113m 13r5679p 5s 567z,1468m 6p 2479s 1356z,224m 3888p 556s 346z
20260403091322_0600_019,20260403091322_0600,20260403091322,600,3,フェザーＭ,118,,,1775176943,2700.686,,0,,"[94,43,11,62,102,42,107,79,66,22,27,122,5]","[132,52,56,127,36,129,2,3,46,90,9,61,70]","[111,87,12,116,31,98,76,21,59,106,131,124,0]","[7,65,67,120,64,92,6,128,47,91,15,89,60]",2367m 2278p 2689s 4z,113m 13r5679p 5s 567z,1468m 6p 2479s 1356z,224m 37888p 556s 46z
20260403091322_0600_020,20260403091322_0600,20260403091322,600,0,パシフィック,74,,,1775176944,711.566,,0,,"[94,43,11,62,102,42,107,79,66,22,27,122,5]","[132,52,56,127,36,129,2,3,46,90,9,61,70]","[111,87,12,116,31,98,76,21,59,106,131,124,0]","[7,65,67,120,64,92,6,128,47,91,15,89,60]",2367m 2278p 2689s 4z,113m 13r5679p 5s 567z,1468m 6p 2479s 1356z,224m 37888p 556s 46z
20260403091322_0600_021,20260403091322_0600,20260403091322,600,1,きゆう,70,,,1775176946,2359.595,,0,,"[94,43,11,62,102,42,107,79,66,22,27,122,5]","[132,52,56,127,36,129,2,3,46,90,9,61,134]","[111,87,12,116,31,98,76,21,59,106,131,124,0]","[7,65,67,120,64,92,6,128,47,91,15,89,60]",2367m 2278p 2689s 4z,113m 13r567p 5s 5677z,1468m 6p 2479s 1356z,224m 37888p 556s 46z
20260403091322_0600_022,20260403091322_0600,20260403091322,600,2,おにゃにゃー,96,,,1775176946,0,,5,2956.345,"[94,43,11,62,102,42,107,79,66,22,27,122,5]","[132,52,56,127,36,129,2,3,46,90,9,61,134]","[111,87,12,116,31,98,76,21,59,106,131,124,0]","[7,65,67,120,64,92,6,128,47,91,15,89,60]",2367m 2278p 2689s 4z,113m 13r567p 5s 5677z,1468m 6p 2479s 1356z,224m 37888p 556s 46z
20260403091322_0600_023,20260403091322_0600,20260403091322,600,3,フェザーＭ,135,,,1775176951,1476.288,,3,271.233,"[94,43,11,62,102,42,107,79,66,22,27,122,5]","[132,52,56,127,36,129,2,3,46,90,9,61,134]","[111,87,12,116,31,98,76,21,59,106,131,124,0]","[7,65,67,120,64,92,6,128,47,91,15,89,60]",2367m 2278p 2689s 4z,113m 13r567p 5s 5677z,1468m 6p 2479s 1356z,224m 37888p 556s 46z
20260403091322_0600_024,20260403091322_0600,20260403091322,600,0,パシフィック,119,,,1775176951,429.768,,0,,"[94,43,11,62,102,42,107,79,66,22,27,122,5]","[132,52,56,127,36,129,2,3,46,90,9,61,134]","[111,87,12,116,31,98,76,21,59,106,131,124,0]","[7,65,67,120,64,92,6,128,47,91,15,89,60]",2367m 2278p 2689s 4z,113m 13r567p 5s 5677z,1468m 6p 2479s 1356z,224m 37888p 556s 46z
20260403091322_0600_025,20260403091322_0600,20260403091322,600,1,きゆう,9,,,1775176954,2438.632,,0,,"[94,43,11,62,102,42,107,79,66,22,27,122,5]","[132,52,56,127,36,129,2,3,46,90,61,134,69]","[111,87,12,116,31,98,76,21,59,106,131,124,0]","[7,65,67,120,64,92,6,128,47,91,15,89,60]",2367m 2278p 2689s 4z,11m 13r5679p 5s 5677z,1468m 6p 2479s 1356z,224m 37888p 556s 46z
20260403091322_0600_026,20260403091322_0600,20260403091322,600,2,おにゃにゃー,99,,,1775176954,0,,5,2567.108,"[94,43,11,62,102,42,107,79,66,22,27,122,5]","[132,52,56,127,36,129,2,3,46,90,61,134,69]","[111,87,12,116,31,98,76,21,59,106,131,124,0]","[7,65,67,120,64,92,6,128,47,91,15,89,60]",2367m 2278p 2689s 4z,11m 13r5679p 5s 5677z,1468m 6p 2479s 1356z,224m 37888p 556s 46z
20260403091322_0600_027,20260403091322_0600,20260403091322,600,3,フェザーＭ,128,,,1775176957,806.987,,0,,"[94,43,11,62,102,42,107,79,66,22,27,122,5]","[132,52,56,127,36,129,2,3,46,90,61,134,69]","[111,87,12,116,31,98,76,21,59,106,131,124,0]","[7,65,67,120,64,92,6,47,91,15,89,60,110]",2367m 2278p 2689s 4z,11m 13r5679p 5s 5677z,1468m 6p 2479s 1356z,224m 37888p 556s 14z
20260403091322_0600_028,20260403091322_0600,20260403091322,600,0,パシフィック,88,,,1775176958,717.087,,3,2061.025,"[94,43,11,62,102,42,107,79,66,22,27,122,5]","[132,52,56,127,36,129,2,3,46,90,61,134,69]","[111,87,12,116,31,98,76,21,59,106,131,124,0]","[7,65,67,120,64,92,6,47,91,15,89,60,110]",2367m 2278p 2689s 4z,11m 13r5679p 5s 5677z,1468m 6p 2479s 1356z,224m 37888p 556s 14z
20260403091322_0600_029,20260403091322_0600,20260403091322,600,1,きゆう,69,,,1775176962,1844.887,,0,,"[94,43,11,62,102,42,107,79,66,22,27,122,5]","[132,52,56,127,36,129,2,3,46,90,61,134,114]","[111,87,12,116,31,98,76,21,59,106,131,124,0]","[7,65,67,120,64,92,6,47,91,15,89,60,110]",2367m 2278p 2689s 4z,11m 13r567p 5s 25677z,1468m 6p 2479s 1356z,224m 37888p 556s 14z
20260403091322_0600_030,20260403091322_0600,20260403091322,600,2,おにゃにゃー,13,,,1775176962,0,,0,,"[94,43,11,62,102,42,107,79,66,22,27,122,5]","[132,52,56,127,36,129,2,3,46,90,61,134,114]","[111,87,12,116,31,98,76,21,59,106,131,124,0]","[7,65,67,120,64,92,6,47,91,15,89,60,110]",2367m 2278p 2689s 4z,11m 13r567p 5s 25677z,1468m 6p 2479s 1356z,224m 37888p 556s 14z
20260403091322_0600_031,20260403091322_0600,20260403091322,600,3,フェザーＭ,89,,,1775176964,2549.563,,0,,"[94,43,11,62,102,42,107,79,66,22,27,122,5]","[132,52,56,127,36,129,2,3,46,90,61,134,114]","[111,87,12,116,31,98,76,21,59,106,131,124,0]","[7,65,67,120,64,92,6,47,91,15,60,110,55]",2367m 2278p 2689s 4z,11m 13r567p 5s 25677z,1468m 6p 2479s 1356z,224m 357888p 56s 14z
20260403091322_0600_032,20260403091322_0600,20260403091322,600,0,パシフィック,49,,,1775176965,705.168,,3,1751.25,"[94,43,11,62,102,42,107,79,66,22,27,122,5]","[132,52,56,127,36,129,2,3,46,90,61,134,114]","[111,87,12,116,31,98,76,21,59,106,131,124,0]","[7,65,67,120,64,92,6,47,91,15,60,110,55]",2367m 2278p 2689s 4z,11m 13r567p 5s 25677z,1468m 6p 2479s 1356z,224m 357888p 56s 14z
20260403091322_0600_033,20260403091322_0600,20260403091322,600,1,きゆう,29,,,1775176968,995.795,,0,,"[94,43,11,62,102,42,107,79,66,22,27,122,5]","[132,52,56,127,36,129,2,3,46,90,61,134,114]","[111,87,12,116,31,98,76,21,59,106,131,124,0]","[7,65,67,120,64,92,6,47,91,15,60,110,55]",2367m 2278p 2689s 4z,11m 13r567p 5s 25677z,1468m 6p 2479s 1356z,224m 357888p 56s 14z
20260403091322_0600_034,20260403091322_0600,20260403091322,600,2,おにゃにゃー,101,,,1775176968,0,,0,,"[94,43,11,62,102,42,107,79,66,22,27,122,5]","[132,52,56,127,36,129,2,3,46,90,61,134,114]","[111,87,12,116,31,98,76,21,59,106,131,124,0]","[7,65,67,120,64,92,6,47,91,15,60,110,55]",2367m 2278p 2689s 4z,11m 13r567p 5s 25677z,1468m 6p 2479s 1356z,224m 357888p 56s 14z
20260403091322_0600_035,20260403091322_0600,20260403091322,600,3,フェザーＭ,120,,,1775176971,3425.892,,0,,"[94,43,11,62,102,42,107,79,66,22,27,122,5]","[132,52,56,127,36,129,2,3,46,90,61,134,114]","[111,87,12,116,31,98,76,21,59,106,131,124,0]","[7,65,67,64,92,6,47,91,15,60,110,55,4]",2367m 2278p 2689s 4z,11m 13r567p 5s 25677z,1468m 6p 2479s 1356z,2224m 357888p 56s 1z
20260403091322_0600_036,20260403091322_0600,20260403091322,600,0,パシフィック,112,,,1775176972,721.008,,0,,"[94,43,11,62,102,42,107,79,66,22,27,122,5]","[132,52,56,127,36,129,2,3,46,90,61,134,114]","[111,87,12,116,31,98,76,21,59,106,131,124,0]","[7,65,67,64,92,6,47,91,15,60,110,55,4]",2367m 2278p 2689s 4z,11m 13r567p 5s 25677z,1468m 6p 2479s 1356z,2224m 357888p 56s 1z
20260403091322_0600_037,20260403091322_0600,20260403091322,600,1,きゆう,114,,,1775176974,2334.873,,0,,"[94,43,11,62,102,42,107,79,66,22,27,122,5]","[132,52,56,127,36,129,2,3,46,90,61,134,48]","[111,87,12,116,31,98,76,21,59,106,131,124,0]","[7,65,67,64,92,6,47,91,15,60,110,55,4]",2367m 2278p 2689s 4z,11m 134r567p 5s 5677z,1468m 6p 2479s 1356z,2224m 357888p 56s 1z
20260403091322_0600_038,20260403091322_0600,20260403091322,600,2,おにゃにゃー,20,,,1775176974,0,,5,60.46,"[94,43,11,62,102,42,107,79,66,22,27,122,5]","[132,52,56,127,36,129,2,3,46,90,61,134,48]","[111,87,12,116,31,98,76,21,59,106,131,124,0]","[7,65,67,64,92,6,47,91,15,60,110,55,4]",2367m 2278p 2689s 4z,11m 134r567p 5s 5677z,1468m 6p 2479s 1356z,2224m 357888p 56s 1z
20260403091322_0600_039,20260403091322_0600,20260403091322,600,3,フェザーＭ,110,,,1775176977,2715.191,,0,,"[94,43,11,62,102,42,107,79,66,22,27,122,5]","[132,52,56,127,36,129,2,3,46,90,61,134,48]","[111,87,12,116,31,98,76,21,59,106,131,124,0]","[7,65,67,64,92,6,47,91,15,60,55,4,44]",2367m 2278p 2689s 4z,11m 134r567p 5s 5677z,1468m 6p 2479s 1356z,2224m 3357888p 56s
20260403091322_0600_040,20260403091322_0600,20260403091322,600,0,パシフィック,115,,,1775176978,694.597,,0,,"[94,43,11,62,102,42,107,79,66,22,27,122,5]","[132,52,56,127,36,129,2,3,46,90,61,134,48]","[111,87,12,116,31,98,76,21,59,106,131,124,0]","[7,65,67,64,92,6,47,91,15,60,55,4,44]",2367m 2278p 2689s 4z,11m 134r567p 5s 5677z,1468m 6p 2479s 1356z,2224m 3357888p 56s
20260403091322_0600_041,20260403091322_0600,20260403091322,600,1,きゆう,36,,,1775176980,2076.199,,0,,"[94,43,11,62,102,42,107,79,66,22,27,122,5]","[132,52,56,127,129,2,3,46,90,61,134,48,84]","[111,87,12,116,31,98,76,21,59,106,131,124,0]","[7,65,67,64,92,6,47,91,15,60,55,4,44]",2367m 2278p 2689s 4z,11m 34r567p 45s 5677z,1468m 6p 2479s 1356z,2224m 3357888p 56s
20260403091322_0600_042,20260403091322_0600,20260403091322,600,2,おにゃにゃー,83,,,1775176980,0,,0,,"[94,43,11,62,102,42,107,79,66,22,27,122,5]","[132,52,56,127,129,2,3,46,90,61,134,48,84]","[111,87,12,116,31,98,76,21,59,106,131,124,0]","[7,65,67,64,92,6,47,91,15,60,55,4,44]",2367m 2278p 2689s 4z,11m 34r567p 45s 5677z,1468m 6p 2479s 1356z,2224m 3357888p 56s
20260403091322_0600_043,20260403091322_0600,20260403091322,600,3,フェザーＭ,15,,,1775176983,3441.358,,3,206.269,"[94,43,11,62,102,42,107,79,66,22,27,122,5]","[132,52,56,127,129,2,3,46,90,61,134,48,84]","[111,87,12,116,31,98,76,21,59,106,131,124,0]","[7,65,67,64,92,6,47,91,60,55,4,44,24]",2367m 2278p 2689s 4z,11m 34r567p 45s 5677z,1468m 6p 2479s 1356z,2227m 3357888p 56s
20260403091322_0600_044,20260403091322_0600,20260403091322,600,0,パシフィック,25,,,1775176984,488.089,,0,,"[94,43,11,62,102,42,107,79,66,22,27,122,5]","[132,52,56,127,129,2,3,46,90,61,134,48,84]","[111,87,12,116,31,98,76,21,59,106,131,124,0]","[7,65,67,64,92,6,47,91,60,55,4,44,24]",2367m 2278p 2689s 4z,11m 34r567p 45s 5677z,1468m 6p 2479s 1356z,2227m 3357888p 56s
20260403091322_0600_045,20260403091322_0600,20260403091322,600,1,きゆう,39,,,1775176986,2413.559,,0,,"[94,43,11,62,102,42,107,79,66,22,27,122,5]","[132,52,56,127,129,2,3,46,90,61,134,48,84]","[111,87,12,116,31,98,76,21,59,106,131,124,0]","[7,65,67,64,92,6,47,91,60,55,4,44,24]",2367m 2278p 2689s 4z,11m 34r567p 45s 5677z,1468m 6p 2479s 1356z,2227m 3357888p 56s
20260403091322_0600_046,20260403091322_0600,20260403091322,600,2,おにゃにゃー,125,,,1775176986,0,,0,,"[94,43,11,62,102,42,107,79,66,22,27,122,5]","[132,52,56,127,129,2,3,46,90,61,134,48,84]","[111,87,12,116,31,98,76,21,59,106,131,124,0]","[7,65,67,64,92,6,47,91,60,55,4,44,24]",2367m 2278p 2689s 4z,11m 34r567p 45s 5677z,1468m 6p 2479s 1356z,2227m 3357888p 56s
20260403091322_0600_047,20260403091322_0600,20260403091322,600,3,フェザーＭ,93,,,1775176990,3262.27,,0,,"[94,43,11,62,102,42,107,79,66,22,27,122,5]","[132,52,56,127,129,2,3,46,90,61,134,48,84]","[111,87,12,116,31,98,76,21,59,106,131,124,0]","[7,65,67,64,92,6,47,91,60,55,4,44,24]",2367m 2278p 2689s 4z,11m 34r567p 45s 5677z,1468m 6p 2479s 1356z,2227m 3357888p 56s
20260403091322_0600_048,20260403091322_0600,20260403091322,600,0,パシフィック,105,,,1775176990,715.079,,0,,"[94,43,11,62,102,42,107,79,66,22,27,122,5]","[132,52,56,127,129,2,3,46,90,61,134,48,84]","[111,87,12,116,31,98,76,21,59,106,131,124,0]","[7,65,67,64,92,6,47,91,60,55,4,44,24]",2367m 2278p 2689s 4z,11m 34r567p 45s 5677z,1468m 6p 2479s 1356z,2227m 3357888p 56s
20260403091322_0600_049,20260403091322_0600,20260403091322,600,1,きゆう,10,,,1775176993,2470.333,,0,,"[94,43,11,62,102,42,107,79,66,22,27,122,5]","[132,52,56,127,129,2,3,46,90,61,134,48,84]","[111,87,12,116,31,98,76,21,59,106,131,124,0]","[7,65,67,64,92,6,47,91,60,55,4,44,24]",2367m 2278p 2689s 4z,11m 34r567p 45s 5677z,1468m 6p 2479s 1356z,2227m 3357888p 56s
20260403091322_0600_050,20260403091322_0600,20260403091322,600,2,おにゃにゃー,121,,,1775176993,0,,0,,"[94,43,11,62,102,42,107,79,66,22,27,122,5]","[132,52,56,127,129,2,3,46,90,61,134,48,84]","[111,87,12,116,31,98,76,21,59,106,131,124,0]","[7,65,67,64,92,6,47,91,60,55,4,44,24]",2367m 2278p 2689s 4z,11m 34r567p 45s 5677z,1468m 6p 2479s 1356z,2227m 3357888p 56s
20260403091322_0600_051,20260403091322_0600,20260403091322,600,3,フェザーＭ,24,,,1775176997,4088.482,,0,,"[94,43,11,62,102,42,107,79,66,22,27,122,5]","[132,52,56,127,129,2,3,46,90,61,134,48,84]","[111,87,12,116,31,98,76,21,59,106,131,124,0]","[7,65,67,64,92,6,47,91,60,55,4,44,63]",2367m 2278p 2689s 4z,11m 34r567p 45s 5677z,1468m 6p 2479s 1356z,222m 33577888p 56s
20260403091322_0600_052,20260403091322_0600,20260403091322,600,0,パシフィック,95,,,1775176998,703.992,,0,,"[94,43,11,62,102,42,107,79,66,22,27,122,5]","[132,52,56,127,129,2,3,46,90,61,134,48,84]","[111,87,12,116,31,98,76,21,59,106,131,124,0]","[7,65,67,64,92,6,47,91,60,55,4,44,63]",2367m 2278p 2689s 4z,11m 34r567p 45s 5677z,1468m 6p 2479s 1356z,222m 33577888p 56s
20260403091322_0600_053,20260403091322_0600,20260403091322,600,1,きゆう,127,,,1775177001,,,0,,"[94,43,11,62,102,42,107,79,66,22,27,122,5]","[132,52,56,129,2,3,46,61,134,48]","[111,87,12,116,31,98,76,21,59,106,131,124,0]","[7,65,67,64,92,6,47,91,60,55,4,44,63]",2367m 2278p 2689s 4z,11m 34r567p 677z,1468m 6p 2479s 1356z,222m 33577888p 56s
20260403091322_0600_054,20260403091322_0600,20260403091322,600,2,おにゃにゃー,117,,,1775177001,0,,0,,"[94,43,11,62,102,42,107,79,66,22,27,122,5]","[132,52,56,129,2,3,46,61,134,48]","[111,87,12,116,31,98,76,21,59,106,131,124,0]","[7,65,67,64,92,6,47,91,60,55,4,44,63]",2367m 2278p 2689s 4z,11m 34r567p 677z,1468m 6p 2479s 1356z,222m 33577888p 56s
20260403091322_0600_055,20260403091322_0600,20260403091322,600,3,フェザーＭ,23,,,1775177004,3543.196,,0,,"[94,43,11,62,102,42,107,79,66,22,27,122,5]","[132,52,56,129,2,3,46,61,134,48]","[111,87,12,116,31,98,76,21,59,106,131,124,0]","[7,65,67,64,92,6,47,91,60,55,4,44,63]",2367m 2278p 2689s 4z,11m 34r567p 677z,1468m 6p 2479s 1356z,222m 33577888p 56s
20260403091322_0600_056,20260403091322_0600,20260403091322,600,0,パシフィック,51,,,1775177005,711.016,,3,1949.74,"[94,43,11,62,102,42,107,79,66,22,27,122,5]","[132,52,56,129,2,3,46,61,134,48]","[111,87,12,116,31,98,76,21,59,106,131,124,0]","[7,65,67,64,92,6,47,91,60,55,4,44,63]",2367m 2278p 2689s 4z,11m 34r567p 677z,1468m 6p 2479s 1356z,222m 33577888p 56s
20260403091322_0600_057,20260403091322_0600,20260403091322,600,1,きゆう,75,,,1775177008,889.377,,0,,"[94,43,11,62,102,42,107,79,66,22,27,122,5]","[132,52,56,129,2,3,46,61,134,48]","[111,87,12,116,31,98,76,21,59,106,131,124,0]","[7,65,67,64,92,6,47,91,60,55,4,44,63]",2367m 2278p 2689s 4z,11m 34r567p 677z,1468m 6p 2479s 1356z,222m 33577888p 56s
20260403091322_0600_058,20260403091322_0600,20260403091322,600,2,おにゃにゃー,18,,,1775177008,0,,0,,"[94,43,11,62,102,42,107,79,66,22,27,122,5]","[132,52,56,129,2,3,46,61,134,48]","[111,87,12,116,31,98,76,21,59,106,131,124,0]","[7,65,67,64,92,6,47,91,60,55,4,44,63]",2367m 2278p 2689s 4z,11m 34r567p 677z,1468m 6p 2479s 1356z,222m 33577888p 56s
20260403091322_0600_059,20260403091322_0600,20260403091322,600,3,フェザーＭ,73,,,1775177011,2911.153,,0,,"[94,43,11,62,102,42,107,79,66,22,27,122,5]","[132,52,56,129,2,3,46,61,134,48]","[111,87,12,116,31,98,76,21,59,106,131,124,0]","[7,65,67,64,92,6,47,91,60,55,4,44,63]",2367m 2278p 2689s 4z,11m 34r567p 677z,1468m 6p 2479s 1356z,222m 33577888p 56s
20260403091322_0600_060,20260403091322_0600,20260403091322,600,0,パシフィック,37,,,1775177012,708.665,,0,,"[94,43,11,62,102,42,107,79,66,22,27,122,5]","[132,52,56,129,2,3,46,61,134,48]","[111,87,12,116,31,98,76,21,59,106,131,124,0]","[7,65,67,64,92,6,47,91,60,55,4,44,63]",2367m 2278p 2689s 4z,11m 34r567p 677z,1468m 6p 2479s 1356z,222m 33577888p 56s
20260403091322_0600_061,20260403091322_0600,20260403091322,600,1,きゆう,8,,,1775177015,3375.455,,0,,"[94,43,11,62,102,42,107,79,66,22,27,122,5]","[132,52,56,129,2,3,46,61,134,48]","[111,87,12,116,31,98,76,21,59,106,131,124,0]","[7,65,67,64,92,6,47,91,60,55,4,44,63]",2367m 2278p 2689s 4z,11m 34r567p 677z,1468m 6p 2479s 1356z,222m 33577888p 56s
20260403091322_0600_062,20260403091322_0600,20260403091322,600,2,おにゃにゃー,1,,,1775177015,0,,3,2566.676,"[94,43,11,62,102,42,107,79,66,22,27,122,5]","[132,52,56,129,2,3,46,61,134,48]","[111,87,12,116,31,98,76,21,59,106,131,124,0]","[7,65,67,64,92,6,47,91,60,55,4,44,63]",2367m 2278p 2689s 4z,11m 34r567p 677z,1468m 6p 2479s 1356z,222m 33577888p 56s
20260403091322_0600_063,20260403091322_0600,20260403091322,600,3,フェザーＭ,44,,,1775177022,1388.924,3122.471,5,2011.937,"[94,43,11,62,102,42,107,79,66,22,27,122,5]","[132,52,56,129,2,3,46,61,134,48]","[111,87,12,116,31,98,76,21,59,106,131,124,0]","[7,65,67,64,92,6,47,91,60,55,4,63,50]",2367m 2278p 2689s 4z,11m 34r567p 677z,1468m 6p 2479s 1356z,222m 34577888p 56s
20260403091322_0600_064,20260403091322_0600,20260403091322,600,0,パシフィック,100,,,1775177024,213.959,,0,,"[94,43,11,62,102,42,107,79,66,22,27,122,5]","[132,52,56,129,2,3,46,61,134,48]","[111,87,12,116,31,98,76,21,59,106,131,124,0]","[7,65,67,64,92,6,47,91,60,55,4,63,50]",2367m 2278p 2689s 4z,11m 34r567p 677z,1468m 6p 2479s 1356z,222m 34577888p 56s
20260403091322_0600_065,20260403091322_0600,20260403091322,600,1,きゆう,129,,,1775177026,2116.78,,0,,"[94,43,11,62,102,42,107,79,66,22,27,122,5]","[132,52,56,2,3,46,61,134,48,72]","[111,87,12,116,31,98,76,21,59,106,131,124,0]","[7,65,67,64,92,6,47,91,60,55,4,63,50]",2367m 2278p 2689s 4z,11m 34r567p 1s 77z,1468m 6p 2479s 1356z,222m 34577888p 56s
20260403091322_0600_066,20260403091322_0600,20260403091322,600,2,おにゃにゃー,123,,,1775177026,0,,0,,"[94,43,11,62,102,42,107,79,66,22,27,122,5]","[132,52,56,2,3,46,61,134,48,72]","[111,87,12,116,31,98,76,21,59,106,131,124,0]","[7,65,67,64,92,6,47,91,60,55,4,63,50]",2367m 2278p 2689s 4z,11m 34r567p 1s 77z,1468m 6p 2479s 1356z,222m 34577888p 56s
20260403091322_0600_067,20260403091322_0600,20260403091322,600,3,フェザーＭ,19,,,1775177028,1914.907,,3,623.805,"[94,43,11,62,102,42,107,79,66,22,27,122,5]","[132,52,56,2,3,46,61,134,48,72]","[111,87,12,116,31,98,76,21,59,106,131,124,0]","[7,65,67,64,92,6,47,91,60,55,4,63,50]",2367m 2278p 2689s 4z,11m 34r567p 1s 77z,1468m 6p 2479s 1356z,222m 34577888p 56s
20260403091322_0600_068,20260403091322_0600,20260403091322,600,0,パシフィック,130,,,1775177029,485.631,,5,2459.433,"[94,43,11,62,102,42,107,79,66,22,27,122,5]","[132,52,56,2,3,46,61,134,48,72]","[111,87,12,116,31,98,76,21,59,106,131,124,0]","[7,65,67,64,92,6,47,91,60,55,4,63,50]",2367m 2278p 2689s 4z,11m 34r567p 1s 77z,1468m 6p 2479s 1356z,222m 34577888p 56s
20260403091322_0600_069,20260403091322_0600,20260403091322,600,1,きゆう,72,,,1775177033,1057.309,,0,,"[94,43,11,62,102,42,107,79,66,22,27,122,5]","[132,52,56,2,3,46,61,134,48,54]","[111,87,12,116,31,98,76,21,59,106,131,124,0]","[7,65,67,64,92,6,47,91,60,55,4,63,50]",2367m 2278p 2689s 4z,11m 34r5567p 77z,1468m 6p 2479s 1356z,222m 34577888p 56s
20260403091322_0600_070,20260403091322_0600,20260403091322,600,2,おにゃにゃー,86,,,1775177033,0,,0,,"[94,43,11,62,102,42,107,79,66,22,27,122,5]","[132,52,56,2,3,46,61,134,48,54]","[111,87,12,116,31,98,76,21,59,106,131,124,0]","[7,65,67,64,92,6,47,91,60,55,4,63,50]",2367m 2278p 2689s 4z,11m 34r5567p 77z,1468m 6p 2479s 1356z,222m 34577888p 56s
20260403091322_0700_000,20260403091322_0700,20260403091322,700,1,きゆう,68,,,1775177053,4353.979,,0,,"[87,83,126,114,123,65,0,94,3,115,35,14,97]","[88,106,24,22,31,104,86,62,59,82,130,110,21]","[60,5,19,20,6,17,135,95,102,48,34,8,54]","[28,113,99,125,33,103,7,116,128,70,131,50,10]",1149m 8p 3467s 2245z,6678m 67p 34r599s 16z,2235569m 457p 68s 7z,2389m 49p 78s 23566z
20260403091322_0700_001,20260403091322_0700,20260403091322,700,2,おにゃにゃー,71,,,1775177053,0,,0,,"[87,83,126,114,123,65,0,94,3,115,35,14,97]","[88,106,24,22,31,104,86,62,59,82,130,110,21]","[60,5,19,20,6,17,135,95,102,48,34,8,54]","[28,113,99,125,33,103,7,116,128,70,131,50,10]",1149m 8p 3467s 2245z,6678m 67p 34r599s 16z,2235569m 457p 68s 7z,2389m 49p 78s 23566z
20260403091322_0700_002,20260403091322_0700,20260403091322,700,3,フェザーＭ,70,,,1775177057,4416.412,,0,,"[87,83,126,114,123,65,0,94,3,115,35,14,97]","[88,106,24,22,31,104,86,62,59,82,130,110,21]","[60,5,19,20,6,17,135,95,102,48,34,8,54]","[28,113,99,125,33,103,7,116,128,131,50,10,105]",1149m 8p 3467s 2245z,6678m 67p 34r599s 16z,2235569m 457p 68s 7z,2389m 4p 789s 23566z
20260403091322_0700_003,20260403091322_0700,20260403091322,700,0,パシフィック,126,,,1775177073,16367.025,,0,,"[87,83,114,123,65,0,94,3,115,35,14,97,42]","[88,106,24,22,31,104,86,62,59,82,130,110,21]","[60,5,19,20,6,17,135,95,102,48,34,8,54]","[28,113,99,125,33,103,7,116,128,131,50,10,105]",1149m 28p 3467s 224z,6678m 67p 34r599s 16z,2235569m 457p 68s 7z,2389m 4p 789s 23566z
20260403091322_0700_004,20260403091322_0700,20260403091322,700,1,きゆう,110,,,1775177075,1384.537,,0,,"[87,83,114,123,65,0,94,3,115,35,14,97,42]","[88,106,24,22,31,104,86,62,59,82,130,21,127]","[60,5,19,20,6,17,135,95,102,48,34,8,54]","[28,113,99,125,33,103,7,116,128,131,50,10,105]",1149m 28p 3467s 224z,6678m 67p 34r599s 56z,2235569m 457p 68s 7z,2389m 4p 789s 23566z
20260403091322_0700_005,20260403091322_0700,20260403091322,700,2,おにゃにゃー,107,,,1775177075,0,,3,3037.313,"[87,83,114,123,65,0,94,3,115,35,14,97,42]","[88,106,24,22,31,104,86,62,59,82,130,21,127]","[60,5,19,20,6,17,135,95,102,48,34,8,54]","[28,113,99,125,33,103,7,116,128,131,50,10,105]",1149m 28p 3467s 224z,6678m 67p 34r599s 56z,2235569m 457p 68s 7z,2389m 4p 789s 23566z
20260403091322_0700_006,20260403091322_0700,20260403091322,700,3,フェザーＭ,125,,,1775177080,1884.372,,0,,"[87,83,114,123,65,0,94,3,115,35,14,97,42]","[88,106,24,22,31,104,86,62,59,82,130,21,127]","[60,5,19,20,6,17,135,95,102,48,34,8,54]","[28,113,99,33,103,7,116,128,131,50,10,105,44]",1149m 28p 3467s 224z,6678m 67p 34r599s 56z,2235569m 457p 68s 7z,2389m 34p 789s 2366z
20260403091322_0700_007,20260403091322_0700,20260403091322,700,0,パシフィック,49,,,1775177080,683.927,,0,,"[87,83,114,123,65,0,94,3,115,35,14,97,42]","[88,106,24,22,31,104,86,62,59,82,130,21,127]","[60,5,19,20,6,17,135,95,102,48,34,8,54]","[28,113,99,33,103,7,116,128,131,50,10,105,44]",1149m 28p 3467s 224z,6678m 67p 34r599s 56z,2235569m 457p 68s 7z,2389m 34p 789s 2366z
20260403091322_0700_008,20260403091322_0700,20260403091322,700,1,きゆう,1,,,1775177083,2332.879,,3,201.738,"[87,83,114,123,65,0,94,3,115,35,14,97,42]","[88,106,24,22,31,104,86,62,59,82,130,21,127]","[60,5,19,20,6,17,135,95,102,48,34,8,54]","[28,113,99,33,103,7,116,128,131,50,10,105,44]",1149m 28p 3467s 224z,6678m 67p 34r599s 56z,2235569m 457p 68s 7z,2389m 34p 789s 2366z
20260403091322_0700_009,20260403091322_0700,20260403091322,700,2,おにゃにゃー,109,,,1775177083,0,,0,,"[87,83,114,123,65,0,94,3,115,35,14,97,42]","[88,106,24,22,31,104,86,62,59,82,130,21,127]","[60,5,19,20,6,17,135,95,102,48,34,8,54]","[28,113,99,33,103,7,116,128,131,50,10,105,44]",1149m 28p 3467s 224z,6678m 67p 34r599s 56z,2235569m 457p 68s 7z,2389m 34p 789s 2366z
20260403091322_0700_010,20260403091322_0700,20260403091322,700,3,フェザーＭ,120,,,1775177086,3496.532,,0,,"[87,83,114,123,65,0,94,3,115,35,14,97,42]","[88,106,24,22,31,104,86,62,59,82,130,21,127]","[60,5,19,20,6,17,135,95,102,48,34,8,54]","[28,113,99,33,103,7,116,128,131,50,10,105,44]",1149m 28p 3467s 224z,6678m 67p 34r599s 56z,2235569m 457p 68s 7z,2389m 34p 789s 2366z
20260403091322_0700_011,20260403091322_0700,20260403091322,700,0,パシフィック,74,,,1775177087,731.406,,0,,"[87,83,114,123,65,0,94,3,115,35,14,97,42]","[88,106,24,22,31,104,86,62,59,82,130,21,127]","[60,5,19,20,6,17,135,95,102,48,34,8,54]","[28,113,99,33,103,7,116,128,131,50,10,105,44]",1149m 28p 3467s 224z,6678m 67p 34r599s 56z,2235569m 457p 68s 7z,2389m 34p 789s 2366z
20260403091322_0700_012,20260403091322_0700,20260403091322,700,1,きゆう,127,,,1775177089,2053.588,,0,,"[87,83,114,123,65,0,94,3,115,35,14,97,42]","[88,106,24,22,31,104,86,62,59,82,130,21,47]","[60,5,19,20,6,17,135,95,102,48,34,8,54]","[28,113,99,33,103,7,116,128,131,50,10,105,44]",1149m 28p 3467s 224z,6678m 367p 34r599s 6z,2235569m 457p 68s 7z,2389m 34p 789s 2366z
20260403091322_0700_013,20260403091322_0700,20260403091322,700,2,おにゃにゃー,61,,,1775177089,0,,5,58.126,"[87,83,114,123,65,0,94,3,115,35,14,97,42]","[88,106,24,22,31,104,86,62,59,82,130,21,47]","[60,5,19,20,6,17,135,95,102,48,34,8,54]","[28,113,99,33,103,7,116,128,131,50,10,105,44]",1149m 28p 3467s 224z,6678m 367p 34r599s 6z,2235569m 457p 68s 7z,2389m 34p 789s 2366z
20260403091322_0700_014,20260403091322_0700,20260403091322,700,3,フェザーＭ,113,,,1775177093,3902.181,,3,225.369,"[87,83,114,123,65,0,94,3,115,35,14,97,42]","[88,106,24,22,31,104,86,62,59,82,130,21,47]","[60,5,19,20,6,17,135,95,102,48,34,8,54]","[28,99,33,103,7,116,128,131,50,10,105,44,15]",1149m 28p 3467s 224z,6678m 367p 34r599s 6z,2235569m 457p 68s 7z,23489m 34p 789s 366z
20260403091322_0700_015,20260403091322_0700,20260403091322,700,0,パシフィック,29,,,1775177094,488.083,,3,835.704,"[87,83,114,123,65,0,94,3,115,35,14,97,42]","[88,106,24,22,31,104,86,62,59,82,130,21,47]","[60,5,19,20,6,17,135,95,102,48,34,8,54]","[28,99,33,103,7,116,128,131,50,10,105,44,15]",1149m 28p 3467s 224z,6678m 367p 34r599s 6z,2235569m 457p 68s 7z,23489m 34p 789s 366z
20260403091322_0700_016,20260403091322_0700,20260403091322,700,1,きゆう,130,,,1775177096,1426.221,,3,1371.977,"[87,83,114,123,65,0,94,3,115,35,14,97,42]","[88,106,24,22,31,104,86,62,59,82,21,47,81]","[60,5,19,20,6,17,135,95,102,48,34,8,54]","[28,99,33,103,7,116,128,131,50,10,105,44,15]",1149m 28p 3467s 224z,6678m 367p 334r599s,2235569m 457p 68s 7z,23489m 34p 789s 366z
20260403091322_0700_017,20260403091322_0700,20260403091322,700,2,おにゃにゃー,40,,,1775177097,0,,3,2014.134,"[87,83,114,123,65,0,94,3,115,35,14,97,42]","[88,106,24,22,31,104,86,62,59,82,21,47,81]","[60,5,19,20,6,17,135,95,102,48,34,8,54]","[28,99,33,103,7,116,128,131,50,10,105,44,15]",1149m 28p 3467s 224z,6678m 367p 334r599s,2235569m 457p 68s 7z,23489m 34p 789s 366z
20260403091322_0700_018,20260403091322_0700,20260403091322,700,3,フェザーＭ,91,,,1775177104,4091.825,,3,221.098,"[87,83,114,123,65,0,94,3,115,35,14,97,42]","[88,106,24,22,31,104,86,62,59,82,21,47,81]","[60,5,19,20,6,17,135,95,102,48,34,8,54]","[28,99,33,103,7,116,128,131,50,10,105,44,15]",1149m 28p 3467s 224z,6678m 367p 334r599s,2235569m 457p 68s 7z,23489m 34p 789s 366z
20260403091322_0700_019,20260403091322_0700,20260403091322,700,0,パシフィック,30,,,1775177104,469.925,,3,760.412,"[87,83,114,123,65,0,94,3,115,35,14,97,42]","[88,106,24,22,31,104,86,62,59,82,21,47,81]","[60,5,19,20,6,17,135,95,102,48,34,8,54]","[28,99,33,103,7,116,128,131,50,10,105,44,15]",1149m 28p 3467s 224z,6678m 367p 334r599s,2235569m 457p 68s 7z,23489m 34p 789s 366z
20260403091322_0700_020,20260403091322_0700,20260403091322,700,1,きゆう,47,,,1775177107,2037.447,,0,,"[87,83,114,123,65,0,94,3,115,35,14,97,42]","[88,106,24,22,31,104,86,62,59,82,21,81,84]","[60,5,19,20,6,17,135,95,102,48,34,8,54]","[28,99,33,103,7,116,128,131,50,10,105,44,15]",1149m 28p 3467s 224z,6678m 67p 3344r599s,2235569m 457p 68s 7z,23489m 34p 789s 366z
20260403091322_0700_021,20260403091322_0700,20260403091322,700,2,おにゃにゃー,55,,,1775177107,0,,3,2394.351,"[87,83,114,123,65,0,94,3,115,35,14,97,42]","[88,106,24,22,31,104,86,62,59,82,21,81,84]","[60,5,19,20,6,17,135,95,102,48,34,8,54]","[28,99,33,103,7,116,128,131,50,10,105,44,15]",1149m 28p 3467s 224z,6678m 67p 3344r599s,2235569m 457p 68s 7z,23489m 34p 789s 366z
20260403091322_0700_022,20260403091322_0700,20260403091322,700,3,フェザーＭ,77,,,1775177111,1287.233,,3,228.475,"[87,83,114,123,65,0,94,3,115,35,14,97,42]","[88,106,24,22,31,104,86,62,59,82,21,81,84]","[60,5,19,20,6,17,135,95,102,48,34,8,54]","[28,99,33,103,7,116,128,131,50,10,105,44,15]",1149m 28p 3467s 224z,6678m 67p 3344r599s,2235569m 457p 68s 7z,23489m 34p 789s 366z
20260403091322_0700_023,20260403091322_0700,20260403091322,700,0,パシフィック,27,,,1775177111,488.9,,3,730.544,"[87,83,114,123,65,0,94,3,115,35,14,97,42]","[88,106,24,22,31,104,86,62,59,82,21,81,84]","[60,5,19,20,6,17,135,95,102,48,34,8,54]","[28,99,33,103,7,116,128,131,50,10,105,44,15]",1149m 28p 3467s 224z,6678m 67p 3344r599s,2235569m 457p 68s 7z,23489m 34p 789s 366z
20260403091322_0700_024,20260403091322_0700,20260403091322,700,1,きゆう,21,,,1775177119,6796.082,,0,,"[87,83,114,123,65,0,94,3,115,35,14,97,42]","[88,106,24,22,31,104,86,62,59,82,81,84,16]","[60,5,19,20,6,17,135,95,102,48,34,8,54]","[28,99,33,103,7,116,128,131,50,10,105,44,15]",1149m 28p 3467s 224z,r5678m 67p 3344r599s,2235569m 457p 68s 7z,23489m 34p 789s 366z
20260403091322_0700_025,20260403091322_0700,20260403091322,700,2,おにゃにゃー,37,,,1775177119,0,,0,,"[87,83,114,123,65,0,94,3,115,35,14,97,42]","[88,106,24,22,31,104,86,62,59,82,81,84,16]","[60,5,19,20,6,17,135,95,102,48,34,8,54]","[28,99,33,103,7,116,128,131,50,10,105,44,15]",1149m 28p 3467s 224z,r5678m 67p 3344r599s,2235569m 457p 68s 7z,23489m 34p 789s 366z
20260403091322_0700_026,20260403091322_0700,20260403091322,700,3,フェザーＭ,11,,,1775177123,4416.445,,0,,"[87,83,114,123,65,0,94,3,115,35,14,97,42]","[88,106,24,22,31,104,86,62,59,82,81,84,16]","[60,5,19,20,6,17,135,95,102,48,34,8,54]","[28,99,33,103,7,116,128,131,50,10,105,44,15]",1149m 28p 3467s 224z,r5678m 67p 3344r599s,2235569m 457p 68s 7z,23489m 34p 789s 366z
20260403091322_0700_027,20260403091322_0700,20260403091322,700,0,パシフィック,67,,,1775177124,685.593,,5,802.019,"[87,83,114,123,65,0,94,3,115,35,14,97,42]","[88,106,24,22,31,104,86,62,59,82,81,84,16]","[60,5,19,20,6,17,135,95,102,48,34,8,54]","[28,99,33,103,7,116,128,131,50,10,105,44,15]",1149m 28p 3467s 224z,r5678m 67p 3344r599s,2235569m 457p 68s 7z,23489m 34p 789s 366z
20260403091322_0700_028,20260403091322_0700,20260403091322,700,1,きゆう,31,,,1775177126,1536.279,,0,,"[87,83,114,123,65,0,94,3,115,35,14,97,42]","[88,106,24,22,104,86,62,59,82,81,84,16,124]","[60,5,19,20,6,17,135,95,102,48,34,8,54]","[28,99,33,103,7,116,128,131,50,10,105,44,15]",1149m 28p 3467s 224z,r567m 67p 3344r599s 5z,2235569m 457p 68s 7z,23489m 34p 789s 366z
20260403091322_0700_029,20260403091322_0700,20260403091322,700,2,おにゃにゃー,13,,,1775177126,0,,3,2669.203,"[87,83,114,123,65,0,94,3,115,35,14,97,42]","[88,106,24,22,104,86,62,59,82,81,84,16,124]","[60,5,19,20,6,17,135,95,102,48,34,8,54]","[28,99,33,103,7,116,128,131,50,10,105,44,15]",1149m 28p 3467s 224z,r567m 67p 3344r599s 5z,2235569m 457p 68s 7z,23489m 34p 789s 366z
20260403091322_0700_030,20260403091322_0700,20260403091322,700,3,フェザーＭ,108,,,1775177130,999.91,,0,,"[87,83,114,123,65,0,94,3,115,35,14,97,42]","[88,106,24,22,104,86,62,59,82,81,84,16,124]","[60,5,19,20,6,17,135,95,102,48,34,8,54]","[28,99,33,103,7,116,128,131,50,10,105,44,15]",1149m 28p 3467s 224z,r567m 67p 3344r599s 5z,2235569m 457p 68s 7z,23489m 34p 789s 366z
20260403091322_0700_031,20260403091322_0700,20260403091322,700,0,パシフィック,78,,,1775177131,686.647,,3,777.217,"[87,83,114,123,65,0,94,3,115,35,14,97,42]","[88,106,24,22,104,86,62,59,82,81,84,16,124]","[60,5,19,20,6,17,135,95,102,48,34,8,54]","[28,99,33,103,7,116,128,131,50,10,105,44,15]",1149m 28p 3467s 224z,r567m 67p 3344r599s 5z,2235569m 457p 68s 7z,23489m 34p 789s 366z
20260403091322_0700_032,20260403091322_0700,20260403091322,700,1,きゆう,124,,,1775177133,1353.242,,0,,"[87,83,114,123,65,0,94,3,115,35,14,97,42]","[88,106,24,22,104,86,62,59,82,81,84,16,79]","[60,5,19,20,6,17,135,95,102,48,34,8,54]","[28,99,33,103,7,116,128,131,50,10,105,44,15]",1149m 28p 3467s 224z,r567m 67p 23344r599s,2235569m 457p 68s 7z,23489m 34p 789s 366z
20260403091322_0700_033,20260403091322_0700,20260403091322,700,2,おにゃにゃー,92,,,1775177133,0,,5,2915.982,"[87,83,114,123,65,0,94,3,115,35,14,97,42]","[88,106,24,22,104,86,62,59,82,81,84,16,79]","[60,5,19,20,6,17,135,95,102,48,34,8,54]","[28,99,33,103,7,116,128,131,50,10,105,44,15]",1149m 28p 3467s 224z,r567m 67p 23344r599s,2235569m 457p 68s 7z,23489m 34p 789s 366z
20260403091322_0700_034,20260403091322_0700,20260403091322,700,3,フェザーＭ,73,,,1775177137,1323.837,,0,,"[87,83,114,123,65,0,94,3,115,35,14,97,42]","[88,106,24,22,104,86,62,59,82,81,84,16,79]","[60,5,19,20,6,17,135,95,102,48,34,8,54]","[28,99,33,103,7,116,128,131,50,10,105,44,15]",1149m 28p 3467s 224z,r567m 67p 23344r599s,2235569m 457p 68s 7z,23489m 34p 789s 366z
20260403091322_0700_035,20260403091322_0700,20260403091322,700,0,パシフィック,64,,,1775177138,690.363,,0,,"[87,83,114,123,65,0,94,3,115,35,14,97,42]","[88,106,24,22,104,86,62,59,82,81,84,16,79]","[60,5,19,20,6,17,135,95,102,48,34,8,54]","[28,99,33,103,7,116,128,131,50,10,105,44,15]",1149m 28p 3467s 224z,r567m 67p 23344r599s,2235569m 457p 68s 7z,23489m 34p 789s 366z
