discard_id,kyoku_id,hanchan_id,kyoku_info,player_rel_seat,player_name,discard_tile_136,discard_tile_37_text,tsumogiri_flag,discard_epoch_s,thinking_time_ms,thinking_time_before_reach_ms,lagged,lag_delay_ms,seat0_hand_tiles_136_json,seat1_hand_tiles_136_json,seat2_hand_tiles_136_json,seat3_hand_tiles_136_json,seat0_hand_tiles_37_text,seat1_hand_tiles_37_text,seat2_hand_tiles_37_text,seat3_hand_tiles_37_text
20260403143738_0002_000,20260403143738_0002,20260403143738,0002,2,qinqin7,34,9m,confirmed_tedashi,1775194665,7479.344,,0,,"[44,94,56,72,36,9,118,114,98,110,132,65,85,11]","[38,46,5,55,48,60,6,0,131,122,107,26,41]","[106,49,90,73,103,121,123,127,133,66,125,108,130]","[43,22,82,45,100,40,102,8,58,57,61,80,71]",33m 1368p 1467s 1237z,1227m 123457p 9s 46z,48p 1589s 1445567z,36m 2236679p 3388s
20260403143738_0002_001,20260403143738_0002,20260403143738,0002,3,eita,71,9p,confirmed_tedashi,1775194668,2657.674,,0,,"[44,94,56,72,36,9,118,114,98,110,132,65,85,11]","[38,46,5,55,48,60,6,0,131,122,107,26,41]","[106,49,90,73,103,121,123,127,133,66,125,108,130]","[43,22,82,45,100,40,102,8,58,57,61,80,129]",33m 1368p 1467s 1237z,1227m 123457p 9s 46z,48p 1589s 1445567z,36m 223667p 3388s 6z
20260403143738_0002_002,20260403143738_0002,20260403143738,0002,0,パシフィック,86,4s,confirmed_tedashi,1775194669,1290.247,,0,,"[44,94,56,72,36,9,118,114,98,110,132,65,85,11]","[38,46,5,55,48,60,6,0,131,122,107,26,41]","[106,49,90,73,103,121,123,127,133,66,125,108,130]","[43,22,82,45,100,40,102,8,58,57,61,80,129]",33m 1368p 1467s 1237z,1227m 123457p 9s 46z,48p 1589s 1445567z,36m 223667p 3388s 6z
20260403143738_0002_003,20260403143738_0002,20260403143738,0002,1,himeyonn,107,9s,confirmed_tedashi,1775194672,2413.081,,5,1747.272,"[44,94,56,72,36,9,118,114,98,110,132,65,85,11]","[38,46,5,55,48,60,6,0,131,122,26,41,79]","[106,49,90,73,103,121,123,127,133,66,125,108,130]","[43,22,82,45,100,40,102,8,58,57,61,80,129]",33m 1368p 1467s 1237z,1227m 123457p 2s 46z,48p 1589s 1445567z,36m 223667p 3388s 6z
20260403143738_0002_004,20260403143738_0002,20260403143738,0002,2,qinqin7,28,8m,estimated_tsumogiri,1775194676,2526.103,,0,,"[44,94,56,72,36,9,118,114,98,110,132,65,85,11]","[38,46,5,55,48,60,6,0,131,122,26,41,79]","[106,49,90,73,103,121,123,127,133,66,125,108,130]","[43,22,82,45,100,40,102,8,58,57,61,80,129]",33m 1368p 1467s 1237z,1227m 123457p 2s 46z,48p 1589s 1445567z,36m 223667p 3388s 6z
20260403143738_0002_005,20260403143738_0002,20260403143738,0002,3,eita,129,6z,confirmed_tedashi,1775194678,2013.17,,0,,"[44,94,56,72,36,9,118,114,98,110,132,65,85,11]","[38,46,5,55,48,60,6,0,131,122,26,41,79]","[106,49,90,73,103,121,123,127,133,66,125,108,130]","[43,22,82,45,100,40,102,8,58,57,61,80,92]",33m 1368p 1467s 1237z,1227m 123457p 2s 46z,48p 1589s 1445567z,36m 223667p 33688s
20260403143738_0002_006,20260403143738_0002,20260403143738,0002,0,パシフィック,42,2p,confirmed_tsumogiri,1775194683,5019.961,,3,1682.37,"[44,94,56,72,36,9,118,114,98,110,132,65,85,11]","[38,46,5,55,48,60,6,0,131,122,26,41,79]","[106,49,90,73,103,121,123,127,133,66,125,108,130]","[43,22,82,45,100,40,102,8,58,57,61,80,92]",33m 1368p 1467s 1237z,1227m 123457p 2s 46z,48p 1589s 1445567z,36m 223667p 33688s
20260403143738_0002_007,20260403143738_0002,20260403143738,0002,1,himeyonn,79,2s,confirmed_tedashi,1775194689,4406.501,,0,,"[44,94,56,72,36,9,118,114,98,110,132,65,85,11]","[38,46,5,55,48,60,6,0,131,122,26,41,68]","[106,49,90,73,103,121,123,127,133,66,125,108,130]","[43,22,82,45,100,40,102,8,58,57,61,80,92]",33m 1368p 1467s 1237z,1227m 1234579p 46z,48p 1589s 1445567z,36m 223667p 33688s
20260403143738_0002_008,20260403143738_0002,20260403143738,0002,2,qinqin7,66,8p,confirmed_tedashi,1775194693,3483.736,,3,1032.454,"[44,94,56,72,36,9,118,114,98,110,132,65,85,11]","[38,46,5,55,48,60,6,0,131,122,26,41,68]","[106,49,90,73,103,121,123,127,133,125,108,130,135]","[43,22,82,45,100,40,102,8,58,57,61,80,92]",33m 1368p 1467s 1237z,1227m 1234579p 46z,4p 1589s 14455677z,36m 223667p 33688s
20260403143738_0002_009,20260403143738_0002,20260403143738,0002,3,eita,58,6p,confirmed_tedashi,1775194696,2345.454,,0,,"[44,94,56,72,36,9,118,114,98,110,132,65,85,11]","[38,46,5,55,48,60,6,0,131,122,26,41,68]","[106,49,90,73,103,121,123,127,133,125,108,130,135]","[43,22,82,45,100,40,102,8,57,61,80,92,19]",33m 1368p 1467s 1237z,1227m 1234579p 46z,4p 1589s 14455677z,356m 22367p 33688s
20260403143738_0002_010,20260403143738_0002,20260403143738,0002,0,パシフィック,93,6s,confirmed_tsumogiri,1775194703,6696.306,,0,,"[44,94,56,72,36,9,118,114,98,110,132,65,85,11]","[38,46,5,55,48,60,6,0,131,122,26,41,68]","[106,49,90,73,103,121,123,127,133,125,108,130,135]","[43,22,82,45,100,40,102,8,57,61,80,92,19]",33m 1368p 1467s 1237z,1227m 1234579p 46z,4p 1589s 14455677z,356m 22367p 33688s
20260403143738_0002_011,20260403143738_0002,20260403143738,0002,1,himeyonn,122,4z,confirmed_tedashi,1775194704,1536.457,,2,3230.902,"[44,94,56,72,36,9,118,114,98,110,132,65,85,11]","[38,46,5,55,48,60,6,0,131,26,41,68,16]","[106,49,90,73,103,121,123,127,133,125,108,130,135]","[43,22,82,45,100,40,102,8,57,61,80,92,19]",33m 1368p 1467s 1237z,122r57m 1234579p 6z,4p 1589s 14455677z,356m 22367p 33688s
20260403143738_0002_012,20260403143738_0002,20260403143738,0002,2,qinqin7,73,1s,confirmed_tedashi,1775194710,2259.496,,0,,"[44,94,56,72,36,9,118,114,98,110,132,65,85,11]","[38,46,5,55,48,60,6,0,131,26,41,68,16]","[106,49,90,103,127,133,125,108,130,135]","[43,22,82,45,100,40,102,8,57,61,80,92,19]",33m 1368p 1467s 1237z,122r57m 1234579p 6z,4p 589s 155677z,356m 22367p 33688s
20260403143738_0002_013,20260403143738_0002,20260403143738,0002,3,eita,102,8s,confirmed_tedashi,1775194717,6857.114,,3,6212.584,"[44,94,56,72,36,9,118,114,98,110,132,65,85,11]","[38,46,5,55,48,60,6,0,131,26,41,68,16]","[106,49,90,103,127,133,125,108,130,135]","[43,22,82,45,100,40,8,57,61,80,92,19,18]",33m 1368p 1467s 1237z,122r57m 1234579p 6z,4p 589s 155677z,3556m 22367p 3368s
20260403143738_0002_021,20260403143738_0002,20260403143738,0002,0,パシフィック,89,5s,confirmed_tsumogiri,1775194764,16491.644,,0,,"[9,36,44,56,65,72,85,94,98,110,114,118,132]",,,,3m 1368p 1467s 1237z,,,
20260403143738_0002_022,20260403143738_0002,20260403143738,0002,1,himeyonn,128,6z,estimated_tsumogiri,1775194767,3471.576,,0,,"[9,36,44,56,65,72,85,94,98,110,114,118,132]",,,,3m 1368p 1467s 1237z,,,
20260403143738_0002_023,20260403143738_0002,20260403143738,0002,2,qinqin7,39,1p,estimated_tsumogiri,1775194770,2752.25,,1,1674.182,"[9,36,44,56,65,72,85,94,98,110,114,118,132]",,,,3m 1368p 1467s 1237z,,,
20260403143738_0002_024,20260403143738_0002,20260403143738,0002,3,eita,80,3s,confirmed_tedashi,1775194773,1780.314,,0,,"[9,36,44,56,65,72,85,94,98,110,114,118,132]",,,,3m 1368p 1467s 1237z,,,
20260403143738_0002_025,20260403143738_0002,20260403143738,0002,0,パシフィック,1,1m,confirmed_tsumogiri,1775194774,688.005,,0,,"[9,36,44,56,65,72,85,94,98,110,114,118,132]",,,,3m 1368p 1467s 1237z,,,
20260403143738_0002_026,20260403143738_0002,20260403143738,0002,1,himeyonn,6,2m,confirmed_tedashi,1775194777,3274.352,,0,,"[9,36,44,56,65,72,85,94,98,110,114,118,132]",,,,3m 1368p 1467s 1237z,,,
20260403143738_0002_027,20260403143738_0002,20260403143738,0002,2,qinqin7,49,4p,confirmed_tedashi,1775194781,3274.085,,2,2499.296,"[9,36,44,56,65,72,85,94,98,110,114,118,132]",,,,3m 1368p 1467s 1237z,,,
20260403143738_0002_028,20260403143738_0002,20260403143738,0002,3,eita,8,3m,confirmed_tedashi,1775194786,3361.606,,0,,"[9,36,44,56,65,72,85,94,98,110,114,118,132]",,,,3m 1368p 1467s 1237z,,,
20260403143738_0002_029,20260403143738_0002,20260403143738,0002,0,パシフィック,117,3z,confirmed_tsumogiri,1775194787,711.021,,0,,"[9,36,44,56,65,72,85,94,98,110,114,118,132]",,,,3m 1368p 1467s 1237z,,,
20260403143738_0002_030,20260403143738_0002,20260403143738,0002,1,himeyonn,0,1m,confirmed_tedashi,1775194790,2814.95,,0,,"[9,36,44,56,65,72,85,94,98,110,114,118,132]",,,,3m 1368p 1467s 1237z,,,
20260403143738_0002_031,20260403143738_0002,20260403143738,0002,2,qinqin7,106,9s,confirmed_tedashi,1775194794,3703.335,,0,,"[9,36,44,56,65,72,85,94,98,110,114,118,132]",,,,3m 1368p 1467s 1237z,,,
20260403143738_0002_032,20260403143738_0002,20260403143738,0002,3,eita,10,3m,estimated_tsumogiri,1775194796,2258.785,,0,,"[9,36,44,56,65,72,85,94,98,110,114,118,132]",,,,3m 1368p 1467s 1237z,,,
20260403143738_0002_033,20260403143738_0002,20260403143738,0002,0,パシフィック,59,6p,confirmed_tsumogiri,1775194797,685.593,,1,3442.466,"[9,36,44,56,65,72,85,94,98,110,114,118,132]",,,,3m 1368p 1467s 1237z,,,
20260403143738_0002_034,20260403143738_0002,20260403143738,0002,1,himeyonn,5,2m,confirmed_tedashi,1775194802,2085.884,,0,,"[9,36,44,56,65,72,85,94,98,110,114,118,132]",,,,3m 1368p 1467s 1237z,,,
20260403143738_0002_035,20260403143738_0002,20260403143738,0002,2,qinqin7,103,8s,confirmed_tedashi,1775194804,1463.313,,0,,"[9,36,44,56,65,72,85,94,98,110,114,118,132]",,,,3m 1368p 1467s 1237z,,,
20260403143738_0002_036,20260403143738_0002,20260403143738,0002,3,eita,43,2p,confirmed_tedashi,1775194806,2223.256,,1,197.707,"[9,36,44,56,65,72,85,94,98,110,114,118,132]",,,,3m 1368p 1467s 1237z,,,
20260403143738_0002_037,20260403143738_0002,20260403143738,0002,0,パシフィック,53,5p,confirmed_tsumogiri,1775194807,484.792,,1,2484.953,"[9,36,44,56,65,72,85,94,98,110,114,118,132]",,,,3m 1368p 1467s 1237z,,,
20260403143738_0002_038,20260403143738_0002,20260403143738,0002,1,himeyonn,115,2z,confirmed_tedashi,1775194811,2200.089,,0,,"[9,36,44,56,65,72,85,94,98,110,114,118,132]",,,,3m 1368p 1467s 1237z,,,
20260403143738_0002_039,20260403143738_0002,20260403143738,0002,2,qinqin7,3,1m,confirmed_tedashi,1775194813,1463.415,,0,,"[9,36,44,56,65,72,85,94,98,110,114,118,132]",,,,3m 1368p 1467s 1237z,,,
20260403143738_0002_040,20260403143738_0002,20260403143738,0002,3,eita,2,1m,estimated_tsumogiri,1775194815,1998.654,,0,,"[9,36,44,56,65,72,85,94,98,110,114,118,132]",,,,3m 1368p 1467s 1237z,,,
20260403143738_0002_041,20260403143738_0002,20260403143738,0002,0,パシフィック,105,9s,confirmed_tsumogiri,1775194815,682.488,,0,,"[9,36,44,56,65,72,85,94,98,110,114,118,132]",,,,3m 1368p 1467s 1237z,,,
20260403143738_0002_042,20260403143738_0002,20260403143738,0002,1,himeyonn,101,8s,confirmed_tedashi,1775194821,5175.314,,0,,"[9,36,44,56,65,72,85,94,98,110,114,118,132]",,,,3m 1368p 1467s 1237z,,,
20260403143738_0002_043,20260403143738_0002,20260403143738,0002,2,qinqin7,90,5s,confirmed_tedashi,1775194822,1216.368,,2,1351.672,"[9,36,44,56,65,72,85,94,98,110,114,118,132]",,,,3m 1368p 1467s 1237z,,,
20260403143738_0002_044,20260403143738_0002,20260403143738,0002,3,eita,100,8s,confirmed_tedashi,1775194824,1209.148,,1,209.849,"[9,36,44,56,65,72,85,94,98,110,114,118,132]",,,,3m 1368p 1467s 1237z,,,
20260403143738_0002_045,20260403143738_0002,20260403143738,0002,0,パシフィック,75,1s,confirmed_tsumogiri,1775194825,485.845,,0,,"[9,36,44,56,65,72,85,94,98,110,114,118,132]",,,,3m 1368p 1467s 1237z,,,
20260403143738_0002_046,20260403143738_0002,20260403143738,0002,1,himeyonn,97,7s,estimated_tsumogiri,1775194828,3278.744,,0,,"[9,36,44,56,65,72,85,94,98,110,114,118,132]",,,,3m 1368p 1467s 1237z,,,
20260403143738_0002_047,20260403143738_0002,20260403143738,0002,2,qinqin7,54,5p,estimated_tsumogiri,1775194831,3044.583,,1,1252.136,"[9,36,44,56,65,72,85,94,98,110,114,118,132]",,,,3m 1368p 1467s 1237z,,,
20260403143738_0002_048,20260403143738_0002,20260403143738,0002,3,eita,4,2m,estimated_tsumogiri,1775194834,1453.878,,0,,"[9,36,44,56,65,72,85,94,98,110,114,118,132]",,,,3m 1368p 1467s 1237z,,,
20260403143738_0002_049,20260403143738_0002,20260403143738,0002,0,パシフィック,25,7m,confirmed_tsumogiri,1775194835,684.667,,0,,"[9,36,44,56,65,72,85,94,98,110,114,118,132]",,,,3m 1368p 1467s 1237z,,,
20260403143738_0100_000,20260403143738_0100,20260403143738,0100,3,eita,112,2z,confirmed_tedashi,1775194851,6011.446,,0,,"[48,32,132,125,73,47,95,51,17,0,22,34,3]","[59,120,72,127,43,23,82,96,117,88,103,131,63]","[6,25,110,89,40,70,104,116,121,29,134,99,71]","[30,44,21,52,128,123,122,126,105,107,38,74,9]",115699m 344p 16s 57z,6m 267p 13r578s 3456z,278m 299p 579s 1347z,368m 13r5p 199s 4456z
20260403143738_0100_001,20260403143738_0100,20260403143738,0100,0,パシフィック,15,4m,confirmed_tsumogiri,1775194851,694.857,,0,,"[48,32,132,125,73,47,95,51,17,0,22,34,3]","[59,120,72,127,43,23,82,96,117,88,103,131,63]","[6,25,110,89,40,70,104,116,121,29,134,99,71]","[30,44,21,52,128,123,122,126,105,107,38,74,9]",115699m 344p 16s 57z,6m 267p 13r578s 3456z,278m 299p 579s 1347z,368m 13r5p 199s 4456z
20260403143738_0100_002,20260403143738_0100,20260403143738,0100,1,himeyonn,120,4z,confirmed_tedashi,1775194854,2491.549,,3,1302.91,"[48,32,132,125,73,47,95,51,17,0,22,34,3]","[59,72,127,43,23,82,96,117,88,103,131,63,76]","[6,25,110,89,40,70,104,116,121,29,134,99,71]","[30,44,21,52,128,123,122,126,105,107,38,74,9]",115699m 344p 16s 57z,6m 267p 123r578s 356z,278m 299p 579s 1347z,368m 13r5p 199s 4456z
20260403143738_0100_003,20260403143738_0100,20260403143738,0100,2,qinqin7,116,3z,confirmed_tedashi,1775194856,1268.829,,0,,"[48,32,132,125,73,47,95,51,17,0,22,34,3]","[59,72,127,43,23,82,96,117,88,103,131,63,76]","[6,25,110,89,40,70,104,121,29,134,99,71,27]","[30,44,21,52,128,123,122,126,105,107,38,74,9]",115699m 344p 16s 57z,6m 267p 123r578s 356z,2778m 299p 579s 147z,368m 13r5p 199s 4456z
20260403143738_0100_004,20260403143738_0100,20260403143738,0100,3,eita,74,1s,confirmed_tedashi,1775194863,6564.226,,0,,"[48,32,132,125,73,47,95,51,17,0,22,34,3]","[59,72,127,43,23,82,96,117,88,103,131,63,76]","[6,25,110,89,40,70,104,121,29,134,99,71,27]","[30,44,21,52,128,123,122,126,105,107,38,9,91]",115699m 344p 16s 57z,6m 267p 123r578s 356z,2778m 299p 579s 147z,368m 13r5p 599s 4456z
20260403143738_0100_005,20260403143738_0100,20260403143738,0100,0,パシフィック,5,2m,confirmed_tsumogiri,1775194864,690.377,,0,,"[48,32,132,125,73,47,95,51,17,0,22,34,3]","[59,72,127,43,23,82,96,117,88,103,131,63,76]","[6,25,110,89,40,70,104,121,29,134,99,71,27]","[30,44,21,52,128,123,122,126,105,107,38,9,91]",115699m 344p 16s 57z,6m 267p 123r578s 356z,2778m 299p 579s 147z,368m 13r5p 599s 4456z
20260403143738_0100_006,20260403143738_0100,20260403143738,0100,1,himeyonn,117,3z,confirmed_tedashi,1775194866,2058.869,,0,,"[48,32,132,125,73,47,95,51,17,0,22,34,3]","[59,72,127,43,23,82,96,88,103,131,63,76,90]","[6,25,110,89,40,70,104,121,29,134,99,71,27]","[30,44,21,52,128,123,122,126,105,107,38,9,91]",115699m 344p 16s 57z,6m 267p 123r5578s 56z,2778m 299p 579s 147z,368m 13r5p 599s 4456z
20260403143738_0100_007,20260403143738_0100,20260403143738,0100,2,qinqin7,110,1z,confirmed_tedashi,1775194869,3310.673,,0,,"[48,32,132,125,73,47,95,51,17,0,22,34,3]","[59,72,127,43,23,82,96,88,103,131,63,76,90]","[6,25,89,40,70,104,121,29,134,99,71,27,66]","[30,44,21,52,128,123,122,126,105,107,38,9,91]",115699m 344p 16s 57z,6m 267p 123r5578s 56z,2778m 2899p 579s 47z,368m 13r5p 599s 4456z
20260403143738_0100_008,20260403143738_0100,20260403143738,0100,3,eita,9,3m,confirmed_tedashi,1775194872,3067.623,,0,,"[48,32,132,125,73,47,95,51,17,0,22,34,3]","[59,72,127,43,23,82,96,88,103,131,63,76,90]","[6,25,89,40,70,104,121,29,134,99,71,27,66]","[30,44,21,52,128,123,122,126,105,107,38,91,65]",115699m 344p 16s 57z,6m 267p 123r5578s 56z,2778m 2899p 579s 47z,68m 13r58p 599s 4456z
20260403143738_0100_009,20260403143738_0100,20260403143738,0100,0,パシフィック,124,5z,confirmed_tsumogiri,1775194873,692.567,,0,,"[48,32,132,125,73,47,95,51,17,0,22,34,3]","[59,72,127,43,23,82,96,88,103,131,63,76,90]","[6,25,89,40,70,104,121,29,134,99,71,27,66]","[30,44,21,52,128,123,122,126,105,107,38,91,65]",115699m 344p 16s 57z,6m 267p 123r5578s 56z,2778m 2899p 579s 47z,68m 13r58p 599s 4456z
20260403143738_0100_010,20260403143738_0100,20260403143738,0100,1,himeyonn,127,5z,confirmed_tedashi,1775194876,3355.268,,0,,"[48,32,132,125,73,47,95,51,17,0,22,34,3]","[59,72,43,23,82,96,88,103,131,63,76,90,41]","[6,25,89,40,70,104,121,29,134,99,71,27,66]","[30,44,21,52,128,123,122,126,105,107,38,91,65]",115699m 344p 16s 57z,6m 2267p 123r5578s 6z,2778m 2899p 579s 47z,68m 13r58p 599s 4456z
20260403143738_0100_011,20260403143738_0100,20260403143738,0100,2,qinqin7,40,2p,confirmed_tedashi,1775194879,2907.801,,3,1492.372,"[48,32,132,125,73,47,95,51,17,0,22,34,3]","[59,72,43,23,82,96,88,103,131,63,76,90,41]","[6,25,89,70,104,121,29,134,99,71,27,66,8]","[30,44,21,52,128,123,122,126,105,107,38,91,65]",115699m 344p 16s 57z,6m 2267p 123r5578s 6z,23778m 899p 579s 47z,68m 13r58p 599s 4456z
20260403143738_0100_012,20260403143738_0100,20260403143738,0100,3,eita,126,5z,confirmed_tedashi,1775194882,1837.781,,0,,"[48,32,132,125,73,47,95,51,17,0,22,34,3]","[59,72,43,23,82,96,88,103,131,63,76,90,41]","[6,25,89,70,104,121,29,134,99,71,27,66,8]","[30,44,21,52,128,123,122,105,107,38,91,65,58]",115699m 344p 16s 57z,6m 2267p 123r5578s 6z,23778m 899p 579s 47z,68m 13r568p 599s 446z
20260403143738_0100_013,20260403143738_0100,20260403143738,0100,0,パシフィック,39,1p,confirmed_tsumogiri,1775194883,708.195,,0,,"[48,32,132,125,73,47,95,51,17,0,22,34,3]","[59,72,43,23,82,96,88,103,131,63,76,90,41]","[6,25,89,70,104,121,29,134,99,71,27,66,8]","[30,44,21,52,128,123,122,105,107,38,91,65,58]",115699m 344p 16s 57z,6m 2267p 123r5578s 6z,23778m 899p 579s 47z,68m 13r568p 599s 446z
20260403143738_0100_014,20260403143738_0100,20260403143738,0100,1,himeyonn,131,6z,confirmed_tedashi,1775194885,2374.755,,0,,"[48,32,132,125,73,47,95,51,17,0,22,34,3]","[59,72,43,23,82,96,88,103,63,76,90,41,28]","[6,25,89,70,104,121,29,134,99,71,27,66,8]","[30,44,21,52,128,123,122,105,107,38,91,65,58]",115699m 344p 16s 57z,68m 2267p 123r5578s,23778m 899p 579s 47z,68m 13r568p 599s 446z
20260403143738_0100_015,20260403143738_0100,20260403143738,0100,2,qinqin7,121,4z,confirmed_tedashi,1775194890,4825.424,,3,1231.918,"[48,32,132,125,73,47,95,51,17,0,22,34,3]","[59,72,43,23,82,96,88,103,63,76,90,41,28]","[6,25,89,70,104,29,134,99,71,27,66,8,67]","[30,44,21,52,128,123,122,105,107,38,91,65,58]",115699m 344p 16s 57z,68m 2267p 123r5578s,23778m 8899p 579s 7z,68m 13r568p 599s 446z
20260403143738_0100_016,20260403143738_0100,20260403143738,0100,3,eita,128,6z,confirmed_tedashi,1775194895,3859.641,,0,,"[48,32,132,125,73,47,95,51,17,0,22,34,3]","[59,72,43,23,82,96,88,103,63,76,90,41,28]","[6,25,89,70,104,29,134,99,71,27,66,8,67]","[30,44,21,52,123,122,105,107,38,91,65,58,56]",115699m 344p 16s 57z,68m 2267p 123r5578s,23778m 8899p 579s 7z,68m 13r5668p 599s 44z
20260403143738_0100_017,20260403143738_0100,20260403143738,0100,0,パシフィック,45,3p,confirmed_tsumogiri,1775194896,708.848,,0,,"[48,32,132,125,73,47,95,51,17,0,22,34,3]","[59,72,43,23,82,96,88,103,63,76,90,41,28]","[6,25,89,70,104,29,134,99,71,27,66,8,67]","[30,44,21,52,123,122,105,107,38,91,65,58,56]",115699m 344p 16s 57z,68m 2267p 123r5578s,23778m 8899p 579s 7z,68m 13r5668p 599s 44z
20260403143738_0100_018,20260403143738_0100,20260403143738,0100,1,himeyonn,43,2p,confirmed_tedashi,1775194901,5134.262,,0,,"[48,32,132,125,73,47,95,51,17,0,22,34,3]","[59,72,23,82,96,88,103,63,76,90,41,28,24]","[6,25,89,70,104,29,134,99,71,27,66,8,67]","[30,44,21,52,123,122,105,107,38,91,65,58,56]",115699m 344p 16s 57z,678m 267p 123r5578s,23778m 8899p 579s 7z,68m 13r5668p 599s 44z
20260403143738_0100_019,20260403143738_0100,20260403143738,0100,2,qinqin7,134,7z,confirmed_tedashi,1775194904,2789.405,,0,,"[48,32,132,125,73,47,95,51,17,0,22,34,3]","[59,72,23,82,96,88,103,63,76,90,41,28,24]","[6,25,89,70,104,29,99,71,27,66,8,67,100]","[30,44,21,52,123,122,105,107,38,91,65,58,56]",115699m 344p 16s 57z,678m 267p 123r5578s,23778m 8899p 5789s,68m 13r5668p 599s 44z
20260403143738_0100_020,20260403143738_0100,20260403143738,0100,3,eita,38,1p,confirmed_tedashi,1775194913,9087.533,,0,,"[48,32,132,125,73,47,95,51,17,0,22,34,3]","[59,72,23,82,96,88,103,63,76,90,41,28,24]","[6,25,89,70,104,29,99,71,27,66,8,67,100]","[30,44,21,52,123,122,105,107,91,65,58,56,101]",115699m 344p 16s 57z,678m 267p 123r5578s,23778m 8899p 5789s,68m 3r5668p 5899s 44z
20260403143738_0100_021,20260403143738_0100,20260403143738,0100,0,パシフィック,19,5m,confirmed_tsumogiri,1775194914,682.083,,3,2590.155,"[48,32,132,125,73,47,95,51,17,0,22,34,3]","[59,72,23,82,96,88,103,63,76,90,41,28,24]","[6,25,89,70,104,29,99,71,27,66,8,67,100]","[30,44,21,52,123,122,105,107,91,65,58,56,101]",115699m 344p 16s 57z,678m 267p 123r5578s,23778m 8899p 5789s,68m 3r5668p 5899s 44z
20260403143738_0100_022,20260403143738_0100,20260403143738,0100,1,himeyonn,111,1z,estimated_tsumogiri,1775194918,1730.345,,0,,"[48,32,132,125,73,47,95,51,17,0,22,34,3]","[59,72,23,82,96,88,103,63,76,90,41,28,24]","[6,25,89,70,104,29,99,71,27,66,8,67,100]","[30,44,21,52,123,122,105,107,91,65,58,56,101]",115699m 344p 16s 57z,678m 267p 123r5578s,23778m 8899p 5789s,68m 3r5668p 5899s 44z
20260403143738_0100_023,20260403143738_0100,20260403143738,0100,2,qinqin7,46,3p,estimated_tsumogiri,1775194921,2748.495,,0,,"[48,32,132,125,73,47,95,51,17,0,22,34,3]","[59,72,23,82,96,88,103,63,76,90,41,28,24]","[6,25,89,70,104,29,99,71,27,66,8,67,100]","[30,44,21,52,123,122,105,107,91,65,58,56,101]",115699m 344p 16s 57z,678m 267p 123r5578s,23778m 8899p 5789s,68m 3r5668p 5899s 44z
20260403143738_0100_024,20260403143738_0100,20260403143738,0100,3,eita,107,9s,confirmed_tedashi,1775194923,2674.581,,0,,"[48,32,132,125,73,47,95,51,17,0,22,34,3]","[59,72,23,82,96,88,103,63,76,90,41,28,24]","[6,25,89,70,104,29,99,71,27,66,8,67,100]","[30,44,21,52,123,122,105,91,65,58,56,101,60]",115699m 344p 16s 57z,678m 267p 123r5578s,23778m 8899p 5789s,68m 3r56678p 589s 44z
20260403143738_0100_025,20260403143738_0100,20260403143738,0100,0,パシフィック,20,6m,confirmed_tsumogiri,1775194924,687.234,,3,2920.194,"[48,32,132,125,73,47,95,51,17,0,22,34,3]","[59,72,23,82,96,88,103,63,76,90,41,28,24]","[6,25,89,70,104,29,99,71,27,66,8,67,100]","[30,44,21,52,123,122,105,91,65,58,56,101,60]",115699m 344p 16s 57z,678m 267p 123r5578s,23778m 8899p 5789s,68m 3r56678p 589s 44z
20260403143738_0100_026,20260403143738_0100,20260403143738,0100,1,himeyonn,41,2p,confirmed_tedashi,1775194930,2820.01,,0,,"[48,32,132,125,73,47,95,51,17,0,22,34,3]","[59,72,23,82,96,88,103,63,76,90,28,24,33]","[6,25,89,70,104,29,99,71,27,66,8,67,100]","[30,44,21,52,123,122,105,91,65,58,56,101,60]",115699m 344p 16s 57z,6789m 67p 123r5578s,23778m 8899p 5789s,68m 3r56678p 589s 44z
20260403143738_0100_027,20260403143738_0100,20260403143738,0100,2,qinqin7,6,2m,confirmed_tedashi,1775194937,7031.056,,0,,"[48,32,132,125,73,47,95,51,17,0,22,34,3]","[59,72,23,82,96,88,103,63,76,90,28,24,33]","[25,89,70,104,29,99,71,27,66,8,67,100,97]","[30,44,21,52,123,122,105,91,65,58,56,101,60]",115699m 344p 16s 57z,6789m 67p 123r5578s,3778m 8899p 57789s,68m 3r56678p 589s 44z
20260403143738_0100_028,20260403143738_0100,20260403143738,0100,3,eita,44,3p,confirmed_tedashi,1775194939,2143.799,,0,,"[48,32,132,125,73,47,95,51,17,0,22,34,3]","[59,72,23,82,96,88,103,63,76,90,28,24,33]","[25,89,70,104,29,99,71,27,66,8,67,100,97]","[30,21,52,123,122,105,91,65,58,56,101,60,7]",115699m 344p 16s 57z,6789m 67p 123r5578s,3778m 8899p 57789s,268m r56678p 589s 44z
20260403143738_0100_029,20260403143738_0100,20260403143738,0100,0,パシフィック,85,4s,confirmed_tsumogiri,1775194940,697.401,,3,3317.497,"[48,32,132,125,73,47,95,51,17,0,22,34,3]","[59,72,23,82,96,88,103,63,76,90,28,24,33]","[25,89,70,104,29,99,71,27,66,8,67,100,97]","[30,21,52,123,122,105,91,65,58,56,101,60,7]",115699m 344p 16s 57z,6789m 67p 123r5578s,3778m 8899p 57789s,268m r56678p 589s 44z
20260403143738_0100_030,20260403143738_0100,20260403143738,0100,1,himeyonn,33,9m,confirmed_tedashi,1775194946,3072.875,,3,2809.428,"[48,32,132,125,73,47,95,51,17,0,22,34,3]","[59,72,23,82,96,88,103,63,76,90,28,24,78]","[25,89,70,104,29,99,71,27,66,8,67,100,97]","[30,21,52,123,122,105,91,65,58,56,101,60,7]",115699m 344p 16s 57z,678m 67p 1223r5578s,3778m 8899p 57789s,268m r56678p 589s 44z
20260403143738_0100_031,20260403143738_0100,20260403143738,0100,2,qinqin7,8,3m,confirmed_tedashi,1775194952,2609.228,,0,,"[48,32,132,125,73,47,95,51,17,0,22,34,3]","[59,72,23,82,96,88,103,63,76,90,28,24,78]","[25,89,70,104,29,99,71,27,66,67,100,97,86]","[30,21,52,123,122,105,91,65,58,56,101,60,7]",115699m 344p 16s 57z,678m 67p 1223r5578s,778m 8899p 457789s,268m r56678p 589s 44z
20260403143738_0100_032,20260403143738_0100,20260403143738,0100,3,eita,2,1m,estimated_tsumogiri,1775194956,4221.265,,3,203.468,"[48,32,132,125,73,47,95,51,17,0,22,34,3]","[59,72,23,82,96,88,103,63,76,90,28,24,78]","[25,89,70,104,29,99,71,27,66,67,100,97,86]","[30,21,52,123,122,105,91,65,58,56,101,60,7]",115699m 344p 16s 57z,678m 67p 1223r5578s,778m 8899p 457789s,268m r56678p 589s 44z
20260403143738_0100_033,20260403143738_0100,20260403143738,0100,0,パシフィック,92,6s,confirmed_tsumogiri,1775194956,484.263,,3,2341.189,"[48,32,132,125,73,47,95,51,17,0,22,34,3]","[59,72,23,82,96,88,103,63,76,90,28,24,78]","[25,89,70,104,29,99,71,27,66,67,100,97,86]","[30,21,52,123,122,105,91,65,58,56,101,60,7]",115699m 344p 16s 57z,678m 67p 1223r5578s,778m 8899p 457789s,268m r56678p 589s 44z
20260403143738_0100_034,20260403143738_0100,20260403143738,0100,1,himeyonn,10,3m,estimated_tsumogiri,1775194960,1629.416,,0,,"[48,32,132,125,73,47,95,51,17,0,22,34,3]","[59,72,23,82,96,88,103,63,76,90,28,24,78]","[25,89,70,104,29,99,71,27,66,67,100,97,86]","[30,21,52,123,122,105,91,65,58,56,101,60,7]",115699m 344p 16s 57z,678m 67p 1223r5578s,778m 8899p 457789s,268m r56678p 589s 44z
20260403143738_0100_035,20260403143738_0100,20260403143738,0100,2,qinqin7,99,7s,confirmed_tedashi,1775194963,2577.736,,3,1070.075,"[48,32,132,125,73,47,95,51,17,0,22,34,3]","[59,72,23,82,96,88,103,63,76,90,28,24,78]","[25,89,70,104,29,71,27,66,67,100,97,86,81]","[30,21,52,123,122,105,91,65,58,56,101,60,7]",115699m 344p 16s 57z,678m 67p 1223r5578s,778m 8899p 345789s,268m r56678p 589s 44z
20260403143738_0100_036,20260403143738_0100,20260403143738,0100,3,eita,7,2m,confirmed_tedashi,1775194966,1919.436,,0,,"[48,32,132,125,73,47,95,51,17,0,22,34,3]","[59,72,23,82,96,88,103,63,76,90,28,24,78]","[25,89,70,104,29,71,27,66,67,100,97,86,81]","[30,21,52,123,122,105,91,65,58,56,101,60,68]",115699m 344p 16s 57z,678m 67p 1223r5578s,778m 8899p 345789s,68m r566789p 589s 44z
20260403143738_0100_037,20260403143738_0100,20260403143738,0100,0,パシフィック,77,2s,confirmed_tsumogiri,1775194967,695.044,,3,3117.548,"[48,32,132,125,73,47,95,51,17,0,22,34,3]","[59,72,23,82,96,88,103,63,76,90,28,24,78]","[25,89,70,104,29,71,27,66,67,100,97,86,81]","[30,21,52,123,122,105,91,65,58,56,101,60,68]",115699m 344p 16s 57z,678m 67p 1223r5578s,778m 8899p 345789s,68m r566789p 589s 44z
20260403143738_0100_038,20260403143738_0100,20260403143738,0100,1,himeyonn,42,2p,estimated_tsumogiri,1775194971,1449.584,,0,,"[48,32,132,125,73,47,95,51,17,0,22,34,3]","[59,72,23,82,96,88,103,63,76,90,28,24,78]","[25,89,70,104,29,71,27,66,67,100,97,86,81]","[30,21,52,123,122,105,91,65,58,56,101,60,68]",115699m 344p 16s 57z,678m 67p 1223r5578s,778m 8899p 345789s,68m r566789p 589s 44z
20260403143738_0100_039,20260403143738_0100,20260403143738,0100,2,qinqin7,108,1z,estimated_tsumogiri,1775194973,2132.958,,0,,"[48,32,132,125,73,47,95,51,17,0,22,34,3]","[59,72,23,82,96,88,103,63,76,90,28,24,78]","[25,89,70,104,29,71,27,66,67,100,97,86,81]","[30,21,52,123,122,105,91,65,58,56,101,60,68]",115699m 344p 16s 57z,678m 67p 1223r5578s,778m 8899p 345789s,68m r566789p 589s 44z
20260403143738_0100_040,20260403143738_0100,20260403143738,0100,3,eita,58,6p,confirmed_tedashi,1775194976,2629.846,,0,,"[48,32,132,125,73,47,95,51,17,0,22,34,3]","[59,72,23,82,96,88,103,63,76,90,28,24,78]","[25,89,70,104,29,71,27,66,67,100,97,86,81]","[30,21,52,123,122,105,91,65,56,101,60,68,106]",115699m 344p 16s 57z,678m 67p 1223r5578s,778m 8899p 345789s,68m r56789p 5899s 44z
20260403143738_0100_041,20260403143738_0100,20260403143738,0100,0,パシフィック,98,7s,confirmed_tsumogiri,1775194977,684.321,,0,,"[48,32,132,125,73,47,95,51,17,0,22,34,3]","[59,72,23,82,96,88,103,63,76,90,28,24,78]","[25,89,70,104,29,71,27,66,67,100,97,86,81]","[30,21,52,123,122,105,91,65,56,101,60,68,106]",115699m 344p 16s 57z,678m 67p 1223r5578s,778m 8899p 345789s,68m r56789p 5899s 44z
20260403143738_0100_042,20260403143738_0100,20260403143738,0100,1,himeyonn,78,2s,confirmed_tedashi,1775194980,3414.216,,3,2190.99,"[48,32,132,125,73,47,95,51,17,0,22,34,3]","[59,72,23,82,96,88,103,63,76,90,28,24,54]","[25,89,70,104,29,71,27,66,67,100,97,86,81]","[30,21,52,123,122,105,91,65,56,101,60,68,106]",115699m 344p 16s 57z,678m 567p 123r5578s,778m 8899p 345789s,68m r56789p 5899s 44z
20260403143738_0100_043,20260403143738_0100,20260403143738,0100,2,qinqin7,115,2z,estimated_tsumogiri,1775194983,849.747,,0,,"[48,32,132,125,73,47,95,51,17,0,22,34,3]","[59,72,23,82,96,88,103,63,76,90,28,24,54]","[25,89,70,104,29,71,27,66,67,100,97,86,81]","[30,21,52,123,122,105,91,65,56,101,60,68,106]",115699m 344p 16s 57z,678m 567p 123r5578s,778m 8899p 345789s,68m r56789p 5899s 44z
20260403143738_0100_044,20260403143738_0100,20260403143738,0100,3,eita,91,5s,confirmed_tedashi,1775194986,3091.267,,3,2077.173,"[48,32,132,125,73,47,95,51,17,0,22,34,3]","[59,72,23,82,96,88,103,63,76,90,28,24,54]","[25,89,70,104,29,71,27,66,67,100,97,86,81]","[30,21,52,123,122,105,65,56,101,60,68,106,35]",115699m 344p 16s 57z,678m 567p 123r5578s,778m 8899p 345789s,689m r56789p 899s 44z
20260403143738_0100_045,20260403143738_0100,20260403143738,0100,0,パシフィック,4,2m,confirmed_tsumogiri,1775194989,215.346,,0,,"[48,32,132,125,73,47,95,51,17,0,22,34,3]","[59,72,23,82,96,88,103,63,76,90,28,24,54]","[25,89,70,104,29,71,27,66,67,100,97,86,81]","[30,21,52,123,122,105,65,56,101,60,68,106,35]",115699m 344p 16s 57z,678m 567p 123r5578s,778m 8899p 345789s,689m r56789p 899s 44z
20260403143738_0100_046,20260403143738_0100,20260403143738,0100,1,himeyonn,62,7p,estimated_tsumogiri,1775194991,2574.61,,3,2384.806,"[48,32,132,125,73,47,95,51,17,0,22,34,3]","[59,72,23,82,96,88,103,63,76,90,28,24,54]","[25,89,70,104,29,71,27,66,67,100,97,86,81]","[30,21,52,123,122,105,65,56,101,60,68,106,35]",115699m 344p 16s 57z,678m 567p 123r5578s,778m 8899p 345789s,689m r56789p 899s 44z
20260403143738_0100_047,20260403143738_0100,20260403143738,0100,2,qinqin7,11,3m,estimated_tsumogiri,1775194995,1197.24,,0,,"[48,32,132,125,73,47,95,51,17,0,22,34,3]","[59,72,23,82,96,88,103,63,76,90,28,24,54]","[25,89,70,104,29,71,27,66,67,100,97,86,81]","[30,21,52,123,122,105,65,56,101,60,68,106,35]",115699m 344p 16s 57z,678m 567p 123r5578s,778m 8899p 345789s,689m r56789p 899s 44z
20260403143738_0100_048,20260403143738_0100,20260403143738,0100,3,eita,21,6m,confirmed_tedashi,1775194997,2250.605,,0,,"[48,32,132,125,73,47,95,51,17,0,22,34,3]","[59,72,23,82,96,88,103,63,76,90,28,24,54]","[25,89,70,104,29,71,27,66,67,100,97,86,81]","[30,52,123,122,105,65,56,101,60,68,106,35,118]",115699m 344p 16s 57z,678m 567p 123r5578s,778m 8899p 345789s,89m r56789p 899s 344z
20260403143738_0100_049,20260403143738_0100,20260403143738,0100,0,パシフィック,37,1p,confirmed_tsumogiri,1775194998,687.288,,0,,"[48,32,132,125,73,47,95,51,17,0,22,34,3]","[59,72,23,82,96,88,103,63,76,90,28,24,54]","[25,89,70,104,29,71,27,66,67,100,97,86,81]","[30,52,123,122,105,65,56,101,60,68,106,35,118]",115699m 344p 16s 57z,678m 567p 123r5578s,778m 8899p 345789s,89m r56789p 899s 344z
20260403143738_0100_050,20260403143738_0100,20260403143738,0100,1,himeyonn,26,7m,estimated_tsumogiri,1775195000,2761.152,,3,2240.459,"[48,32,132,125,73,47,95,51,17,0,22,34,3]","[59,72,23,82,96,88,103,63,76,90,28,24,54]","[25,89,70,104,29,71,27,66,67,100,97,86,81]","[30,52,123,122,105,65,56,101,60,68,106,35,118]",115699m 344p 16s 57z,678m 567p 123r5578s,778m 8899p 345789s,89m r56789p 899s 344z
20260403143738_0100_051,20260403143738_0100,20260403143738,0100,2,qinqin7,113,2z,estimated_tsumogiri,1775195004,928.075,,0,,"[48,32,132,125,73,47,95,51,17,0,22,34,3]","[59,72,23,82,96,88,103,63,76,90,28,24,54]","[25,89,70,104,29,71,27,66,67,100,97,86,81]","[30,52,123,122,105,65,56,101,60,68,106,35,118]",115699m 344p 16s 57z,678m 567p 123r5578s,778m 8899p 345789s,89m r56789p 899s 344z
20260403143738_0100_052,20260403143738_0100,20260403143738,0100,3,eita,118,3z,confirmed_tedashi,1775195007,3888.356,,0,,"[48,32,132,125,73,47,95,51,17,0,22,34,3]","[59,72,23,82,96,88,103,63,76,90,28,24,54]","[25,89,70,104,29,71,27,66,67,100,97,86,81]","[30,52,123,122,105,65,56,101,60,68,106,35,94]",115699m 344p 16s 57z,678m 567p 123r5578s,778m 8899p 345789s,89m r56789p 6899s 44z
20260403143738_0100_053,20260403143738_0100,20260403143738,0100,0,パシフィック,14,4m,confirmed_tsumogiri,1775195008,694.898,,5,2228.588,"[48,32,132,125,73,47,95,51,17,0,22,34,3]","[59,72,23,82,96,88,103,63,76,90,28,24,54]","[25,89,70,104,29,71,27,66,67,100,97,86,81]","[30,52,123,122,105,65,56,101,60,68,106,35,94]",115699m 344p 16s 57z,678m 567p 123r5578s,778m 8899p 345789s,89m r56789p 6899s 44z
20260403143738_0100_054,20260403143738_0100,20260403143738,0100,1,himeyonn,79,2s,estimated_tsumogiri,1775195012,1529.162,,3,2483.761,"[48,32,132,125,73,47,95,51,17,0,22,34,3]","[59,72,23,82,96,88,103,63,76,90,28,24,54]","[25,89,70,104,29,71,27,66,67,100,97,86,81]","[30,52,123,122,105,65,56,101,60,68,106,35,94]",115699m 344p 16s 57z,678m 567p 123r5578s,778m 8899p 345789s,89m r56789p 6899s 44z
20260403143738_0100_055,20260403143738_0100,20260403143738,0100,2,qinqin7,50,4p,estimated_tsumogiri,1775195015,1027.876,,2,1716.354,"[48,32,132,125,73,47,95,51,17,0,22,34,3]","[59,72,23,82,96,88,103,63,76,90,28,24,54]","[25,89,70,104,29,71,27,66,67,100,97,86,81]","[30,52,123,122,105,65,56,101,60,68,106,35,94]",115699m 344p 16s 57z,678m 567p 123r5578s,778m 8899p 345789s,89m r56789p 6899s 44z
20260403143738_0100_056,20260403143738_0100,20260403143738,0100,3,eita,94,6s,confirmed_tedashi,1775195018,969.404,,0,,"[48,32,132,125,73,47,95,51,17,0,22,34,3]","[59,72,23,82,96,88,103,63,76,90,28,24,54]","[25,89,70,104,29,71,27,66,67,100,97,86,81]","[30,123,122,105,65,101,60,68,106,35]",115699m 344p 16s 57z,678m 567p 123r5578s,778m 8899p 345789s,89m 789p 899s 44z
20260403143738_0200_000,20260403143738_0200,20260403143738,0200,0,パシフィック,103,8s,confirmed_tsumogiri,1775195035,5677.639,,0,,"[26,82,81,25,113,42,74,99,70,116,130,5,45]","[109,51,83,50,36,117,91,104,87,21,80,10,127]","[59,105,47,22,79,18,35,27,14,101,6,94,77]","[126,9,121,16,11,60,89,2,92,69,108,115,98]",277m 239p 1337s 236z,36m 144p 33459s 135z,245679m 36p 22689s,133r5m 79p 567s 1245z
20260403143738_0200_001,20260403143738_0200,20260403143738,0200,1,himeyonn,117,3z,confirmed_tedashi,1775195037,1455.534,,0,,"[26,82,81,25,113,42,74,99,70,116,130,5,45]","[109,51,83,50,36,91,104,87,21,80,10,127,4]","[59,105,47,22,79,18,35,27,14,101,6,94,77]","[126,9,121,16,11,60,89,2,92,69,108,115,98]",277m 239p 1337s 236z,236m 144p 33459s 15z,245679m 36p 22689s,133r5m 79p 567s 1245z
20260403143738_0200_002,20260403143738_0200,20260403143738,0200,2,qinqin7,105,9s,confirmed_tedashi,1775195039,2435.526,,0,,"[26,82,81,25,113,42,74,99,70,116,130,5,45]","[109,51,83,50,36,91,104,87,21,80,10,127,4]","[59,47,22,79,18,35,27,14,101,6,94,77,73]","[126,9,121,16,11,60,89,2,92,69,108,115,98]",277m 239p 1337s 236z,236m 144p 33459s 15z,245679m 36p 12268s,133r5m 79p 567s 1245z
20260403143738_0200_003,20260403143738_0200,20260403143738,0200,3,eita,115,2z,confirmed_tedashi,1775195041,1732.79,,0,,"[26,82,81,25,113,42,74,99,70,116,130,5,45]","[109,51,83,50,36,91,104,87,21,80,10,127,4]","[59,47,22,79,18,35,27,14,101,6,94,77,73]","[126,9,121,16,11,60,89,2,92,69,108,98,102]",277m 239p 1337s 236z,236m 144p 33459s 15z,245679m 36p 12268s,133r5m 79p 5678s 145z
20260403143738_0200_004,20260403143738_0200,20260403143738,0200,0,パシフィック,95,6s,confirmed_tsumogiri,1775195042,694.856,,3,2107.526,"[26,82,81,25,113,42,74,99,70,116,130,5,45]","[109,51,83,50,36,91,104,87,21,80,10,127,4]","[59,47,22,79,18,35,27,14,101,6,94,77,73]","[126,9,121,16,11,60,89,2,92,69,108,98,102]",277m 239p 1337s 236z,236m 144p 33459s 15z,245679m 36p 12268s,133r5m 79p 5678s 145z
20260403143738_0200_005,20260403143738_0200,20260403143738,0200,1,himeyonn,127,5z,confirmed_tedashi,1775195045,1690.902,,0,,"[26,82,81,25,113,42,74,99,70,116,130,5,45]","[109,51,83,50,36,91,104,87,21,80,10,4,106]","[59,47,22,79,18,35,27,14,101,6,94,77,73]","[126,9,121,16,11,60,89,2,92,69,108,98,102]",277m 239p 1337s 236z,236m 144p 334599s 1z,245679m 36p 12268s,133r5m 79p 5678s 145z
20260403143738_0200_006,20260403143738_0200,20260403143738,0200,2,qinqin7,73,1s,confirmed_tedashi,1775195047,1403.866,,0,,"[26,82,81,25,113,42,74,99,70,116,130,5,45]","[109,51,83,50,36,91,104,87,21,80,10,4,106]","[59,47,22,79,18,35,27,14,101,6,94,77,12]","[126,9,121,16,11,60,89,2,92,69,108,98,102]",277m 239p 1337s 236z,236m 144p 334599s 1z,2445679m 36p 2268s,133r5m 79p 5678s 145z
20260403143738_0200_007,20260403143738_0200,20260403143738,0200,3,eita,108,1z,confirmed_tedashi,1775195050,3051.829,,0,,"[26,82,81,25,113,42,74,99,70,116,130,5,45]","[109,51,83,50,36,91,104,87,21,80,10,4,106]","[59,47,22,79,18,35,27,14,101,6,94,77,12]","[126,9,121,16,11,60,89,2,92,69,98,102,132]",277m 239p 1337s 236z,236m 144p 334599s 1z,2445679m 36p 2268s,133r5m 79p 5678s 457z
20260403143738_0200_008,20260403143738_0200,20260403143738,0200,0,パシフィック,7,2m,confirmed_tsumogiri,1775195050,723.2,,5,2119.758,"[26,82,81,25,113,42,74,99,70,116,130,5,45]","[109,51,83,50,36,91,104,87,21,80,10,4,106]","[59,47,22,79,18,35,27,14,101,6,94,77,12]","[126,9,121,16,11,60,89,2,92,69,98,102,132]",277m 239p 1337s 236z,236m 144p 334599s 1z,2445679m 36p 2268s,133r5m 79p 5678s 457z
20260403143738_0200_009,20260403143738_0200,20260403143738,0200,1,himeyonn,109,1z,confirmed_tedashi,1775195055,1893.019,,0,,"[26,82,81,25,113,42,74,99,70,116,130,5,45]","[51,83,50,36,91,104,87,21,80,10,4,106,125]","[59,47,22,79,18,35,27,14,101,6,94,77,12]","[126,9,121,16,11,60,89,2,92,69,98,102,132]",277m 239p 1337s 236z,236m 144p 334599s 5z,2445679m 36p 2268s,133r5m 79p 5678s 457z
20260403143738_0200_010,20260403143738_0200,20260403143738,0200,2,qinqin7,129,6z,estimated_tsumogiri,1775195056,1457.577,,0,,"[26,82,81,25,113,42,74,99,70,116,130,5,45]","[51,83,50,36,91,104,87,21,80,10,4,106,125]","[59,47,22,79,18,35,27,14,101,6,94,77,12]","[126,9,121,16,11,60,89,2,92,69,98,102,132]",277m 239p 1337s 236z,236m 144p 334599s 5z,2445679m 36p 2268s,133r5m 79p 5678s 457z
20260403143738_0200_011,20260403143738_0200,20260403143738,0200,3,eita,72,1s,estimated_tsumogiri,1775195058,2177.151,,0,,"[26,82,81,25,113,42,74,99,70,116,130,5,45]","[51,83,50,36,91,104,87,21,80,10,4,106,125]","[59,47,22,79,18,35,27,14,101,6,94,77,12]","[126,9,121,16,11,60,89,2,92,69,98,102,132]",277m 239p 1337s 236z,236m 144p 334599s 5z,2445679m 36p 2268s,133r5m 79p 5678s 457z
20260403143738_0200_012,20260403143738_0200,20260403143738,0200,0,パシフィック,33,9m,confirmed_tsumogiri,1775195059,681.654,,0,,"[26,82,81,25,113,42,74,99,70,116,130,5,45]","[51,83,50,36,91,104,87,21,80,10,4,106,125]","[59,47,22,79,18,35,27,14,101,6,94,77,12]","[126,9,121,16,11,60,89,2,92,69,98,102,132]",277m 239p 1337s 236z,236m 144p 334599s 5z,2445679m 36p 2268s,133r5m 79p 5678s 457z
20260403143738_0200_013,20260403143738_0200,20260403143738,0200,1,himeyonn,120,4z,estimated_tsumogiri,1775195062,3091.254,,0,,"[26,82,81,25,113,42,74,99,70,116,130,5,45]","[51,83,50,36,91,104,87,21,80,10,4,106,125]","[59,47,22,79,18,35,27,14,101,6,94,77,12]","[126,9,121,16,11,60,89,2,92,69,98,102,132]",277m 239p 1337s 236z,236m 144p 334599s 5z,2445679m 36p 2268s,133r5m 79p 5678s 457z
20260403143738_0200_014,20260403143738_0200,20260403143738,0200,2,qinqin7,38,1p,estimated_tsumogiri,1775195064,2124.652,,0,,"[26,82,81,25,113,42,74,99,70,116,130,5,45]","[51,83,50,36,91,104,87,21,80,10,4,106,125]","[59,47,22,79,18,35,27,14,101,6,94,77,12]","[126,9,121,16,11,60,89,2,92,69,98,102,132]",277m 239p 1337s 236z,236m 144p 334599s 5z,2445679m 36p 2268s,133r5m 79p 5678s 457z
20260403143738_0200_015,20260403143738_0200,20260403143738,0200,3,eita,132,7z,confirmed_tedashi,1775195066,2177.642,,0,,"[26,82,81,25,113,42,74,99,70,116,130,5,45]","[51,83,50,36,91,104,87,21,80,10,4,106,125]","[59,47,22,79,18,35,27,14,101,6,94,77,12]","[126,9,121,16,11,60,89,2,92,69,98,102,100]",277m 239p 1337s 236z,236m 144p 334599s 5z,2445679m 36p 2268s,133r5m 79p 56788s 45z
20260403143738_0200_016,20260403143738_0200,20260403143738,0200,0,パシフィック,67,8p,confirmed_tsumogiri,1775195067,685.144,,0,,"[26,82,81,25,113,42,74,99,70,116,130,5,45]","[51,83,50,36,91,104,87,21,80,10,4,106,125]","[59,47,22,79,18,35,27,14,101,6,94,77,12]","[126,9,121,16,11,60,89,2,92,69,98,102,100]",277m 239p 1337s 236z,236m 144p 334599s 5z,2445679m 36p 2268s,133r5m 79p 56788s 45z
20260403143738_0200_017,20260403143738_0200,20260403143738,0200,1,himeyonn,125,5z,confirmed_tedashi,1775195070,3042.501,,0,,"[26,82,81,25,113,42,74,99,70,116,130,5,45]","[51,83,50,36,91,104,87,21,80,10,4,106,128]","[59,47,22,79,18,35,27,14,101,6,94,77,12]","[126,9,121,16,11,60,89,2,92,69,98,102,100]",277m 239p 1337s 236z,236m 144p 334599s 6z,2445679m 36p 2268s,133r5m 79p 56788s 45z
20260403143738_0200_018,20260403143738_0200,20260403143738,0200,2,qinqin7,68,9p,estimated_tsumogiri,1775195071,1539.581,,0,,"[26,82,81,25,113,42,74,99,70,116,130,5,45]","[51,83,50,36,91,104,87,21,80,10,4,106,128]","[59,47,22,79,18,35,27,14,101,6,94,77,12]","[126,9,121,16,11,60,89,2,92,69,98,102,100]",277m 239p 1337s 236z,236m 144p 334599s 6z,2445679m 36p 2268s,133r5m 79p 56788s 45z
20260403143738_0200_019,20260403143738_0200,20260403143738,0200,3,eita,126,5z,confirmed_tedashi,1775195075,3123.106,,0,,"[26,82,81,25,113,42,74,99,70,116,130,5,45]","[51,83,50,36,91,104,87,21,80,10,4,106,128]","[59,47,22,79,18,35,27,14,101,6,94,77,12]","[9,121,16,11,60,89,2,92,69,98,102,100,97]",277m 239p 1337s 236z,236m 144p 334599s 6z,2445679m 36p 2268s,133r5m 79p 567788s 4z
20260403143738_0200_020,20260403143738_0200,20260403143738,0200,0,パシフィック,122,4z,confirmed_tsumogiri,1775195075,697.094,,0,,"[26,82,81,25,113,42,74,99,70,116,130,5,45]","[51,83,50,36,91,104,87,21,80,10,4,106,128]","[59,47,22,79,18,35,27,14,101,6,94,77,12]","[9,121,16,11,60,89,2,92,69,98,102,100,97]",277m 239p 1337s 236z,236m 144p 334599s 6z,2445679m 36p 2268s,133r5m 79p 567788s 4z
20260403143738_0200_021,20260403143738_0200,20260403143738,0200,1,himeyonn,128,6z,confirmed_tedashi,1775195078,2670.654,,0,,"[26,82,81,25,113,42,74,99,70,116,130,5,45]","[51,83,50,36,91,104,87,21,80,10,4,106,37]","[59,47,22,79,18,35,27,14,101,6,94,77,12]","[9,121,16,11,60,89,2,92,69,98,102,100,97]",277m 239p 1337s 236z,236m 1144p 334599s,2445679m 36p 2268s,133r5m 79p 567788s 4z
20260403143738_0200_022,20260403143738_0200,20260403143738,0200,2,qinqin7,47,3p,confirmed_tedashi,1775195081,3146.092,,0,,"[26,82,81,25,113,42,74,99,70,116,130,5,45]","[51,83,50,36,91,104,87,21,80,10,4,106,37]","[59,22,79,18,35,27,14,101,6,94,77,12,54]","[9,121,16,11,60,89,2,92,69,98,102,100,97]",277m 239p 1337s 236z,236m 1144p 334599s,2445679m 56p 2268s,133r5m 79p 567788s 4z
20260403143738_0200_023,20260403143738_0200,20260403143738,0200,3,eita,98,7s,confirmed_tedashi,1775195085,3541.035,,0,,"[26,82,81,25,113,42,74,99,70,116,130,5,45]","[51,83,50,36,91,104,87,21,80,10,4,106,37]","[59,22,79,18,35,27,14,101,6,94,77,12,54]","[9,121,16,11,60,89,2,92,69,102,100,97,84]",277m 239p 1337s 236z,236m 1144p 334599s,2445679m 56p 2268s,133r5m 79p 456788s 4z
20260403143738_0200_024,20260403143738_0200,20260403143738,0200,0,パシフィック,23,6m,confirmed_tsumogiri,1775195085,685.041,,0,,"[26,82,81,25,113,42,74,99,70,116,130,5,45]","[51,83,50,36,91,104,87,21,80,10,4,106,37]","[59,22,79,18,35,27,14,101,6,94,77,12,54]","[9,121,16,11,60,89,2,92,69,102,100,97,84]",277m 239p 1337s 236z,236m 1144p 334599s,2445679m 56p 2268s,133r5m 79p 456788s 4z
20260403143738_0200_025,20260403143738_0200,20260403143738,0200,1,himeyonn,21,6m,confirmed_tedashi,1775195091,5977.339,,3,2128.31,"[26,82,81,25,113,42,74,99,70,116,130,5,45]","[51,83,50,36,91,104,87,80,10,4,106,37,90]","[59,22,79,18,35,27,14,101,6,94,77,12,54]","[9,121,16,11,60,89,2,92,69,102,100,97,84]",277m 239p 1337s 236z,23m 1144p 3345599s,2445679m 56p 2268s,133r5m 79p 456788s 4z
20260403143738_0200_026,20260403143738_0200,20260403143738,0200,2,qinqin7,35,9m,confirmed_tedashi,1775195096,2098.231,,0,,"[26,82,81,25,113,42,74,99,70,116,130,5,45]","[51,83,50,36,91,104,87,80,10,4,106,37,90]","[59,22,79,18,27,14,101,6,94,77,12,54,93]","[9,121,16,11,60,89,2,92,69,102,100,97,84]",277m 239p 1337s 236z,23m 1144p 3345599s,244567m 56p 22668s,133r5m 79p 456788s 4z
20260403143738_0200_027,20260403143738_0200,20260403143738,0200,3,eita,31,8m,estimated_tsumogiri,1775195098,2836.261,,0,,"[26,82,81,25,113,42,74,99,70,116,130,5,45]","[51,83,50,36,91,104,87,80,10,4,106,37,90]","[59,22,79,18,27,14,101,6,94,77,12,54,93]","[9,121,16,11,60,89,2,92,69,102,100,97,84]",277m 239p 1337s 236z,23m 1144p 3345599s,244567m 56p 22668s,133r5m 79p 456788s 4z
20260403143738_0200_028,20260403143738_0200,20260403143738,0200,0,パシフィック,107,9s,confirmed_tsumogiri,1775195099,696.557,,3,2476.644,"[26,82,81,25,113,42,74,99,70,116,130,5,45]","[51,83,50,36,91,104,87,80,10,4,106,37,90]","[59,22,79,18,27,14,101,6,94,77,12,54,93]","[9,121,16,11,60,89,2,92,69,102,100,97,84]",277m 239p 1337s 236z,23m 1144p 3345599s,244567m 56p 22668s,133r5m 79p 456788s 4z
20260403143738_0200_029,20260403143738_0200,20260403143738,0200,1,himeyonn,111,1z,estimated_tsumogiri,1775195104,2034.741,,0,,"[26,82,81,25,113,42,74,99,70,116,130,5,45]","[51,83,50,36,91,104,87,80,10,4,106,37,90]","[59,22,79,18,27,14,101,6,94,77,12,54,93]","[9,121,16,11,60,89,2,92,69,102,100,97,84]",277m 239p 1337s 236z,23m 1144p 3345599s,244567m 56p 22668s,133r5m 79p 456788s 4z
20260403143738_0200_030,20260403143738_0200,20260403143738,0200,2,qinqin7,14,4m,confirmed_tedashi,1775195109,5747.67,,3,1274.425,"[26,82,81,25,113,42,74,99,70,116,130,5,45]","[51,83,50,36,91,104,87,80,10,4,106,37,90]","[59,22,79,18,27,101,6,94,77,12,54,93,29]","[9,121,16,11,60,89,2,92,69,102,100,97,84]",277m 239p 1337s 236z,23m 1144p 3345599s,245678m 56p 22668s,133r5m 79p 456788s 4z
20260403143738_0200_031,20260403143738_0200,20260403143738,0200,3,eita,124,5z,estimated_tsumogiri,1775195112,1679.913,,0,,"[26,82,81,25,113,42,74,99,70,116,130,5,45]","[51,83,50,36,91,104,87,80,10,4,106,37,90]","[59,22,79,18,27,101,6,94,77,12,54,93,29]","[9,121,16,11,60,89,2,92,69,102,100,97,84]",277m 239p 1337s 236z,23m 1144p 3345599s,245678m 56p 22668s,133r5m 79p 456788s 4z
20260403143738_0200_032,20260403143738_0200,20260403143738,0200,0,パシフィック,88,r5s,confirmed_tsumogiri,1775195113,725.584,,3,4402.464,"[26,82,81,25,113,42,74,99,70,116,130,5,45]","[51,83,50,36,91,104,87,80,10,4,106,37,90]","[59,22,79,18,27,101,6,94,77,12,54,93,29]","[9,121,16,11,60,89,2,92,69,102,100,97,84]",277m 239p 1337s 236z,23m 1144p 3345599s,245678m 56p 22668s,133r5m 79p 456788s 4z
20260403143738_0200_033,20260403143738_0200,20260403143738,0200,1,himeyonn,17,5m,estimated_tsumogiri,1775195120,2199.768,,3,1816.973,"[26,82,81,25,113,42,74,99,70,116,130,5,45]","[51,83,50,36,91,104,87,80,10,4,106,37,90]","[59,22,79,18,27,101,6,94,77,12,54,93,29]","[9,121,16,11,60,89,2,92,69,102,100,97,84]",277m 239p 1337s 236z,23m 1144p 3345599s,245678m 56p 22668s,133r5m 79p 456788s 4z
20260403143738_0200_034,20260403143738_0200,20260403143738,0200,2,qinqin7,0,1m,estimated_tsumogiri,1775195124,2160.333,,5,1981.172,"[26,82,81,25,113,42,74,99,70,116,130,5,45]","[51,83,50,36,91,104,87,80,10,4,106,37,90]","[59,22,79,18,27,101,6,94,77,12,54,93,29]","[9,121,16,11,60,89,2,92,69,102,100,97,84]",277m 239p 1337s 236z,23m 1144p 3345599s,245678m 56p 22668s,133r5m 79p 456788s 4z
20260403143738_0200_035,20260403143738_0200,20260403143738,0200,3,eita,39,1p,estimated_tsumogiri,1775195127,1644.031,,3,2107.809,"[26,82,81,25,113,42,74,99,70,116,130,5,45]","[51,83,50,36,91,104,87,80,10,4,106,37,90]","[59,22,79,18,27,101,6,94,77,12,54,93,29]","[9,121,16,11,60,89,2,92,69,102,100,97,84]",277m 239p 1337s 236z,23m 1144p 3345599s,245678m 56p 22668s,133r5m 79p 456788s 4z
20260403143738_0200_036,20260403143738_0200,20260403143738,0200,0,パシフィック,20,6m,confirmed_tsumogiri,1775195130,210.257,,0,,"[26,82,81,25,113,42,74,99,70,116,130,5,45]","[51,83,50,36,91,104,87,80,10,4,106,37,90]","[59,22,79,18,27,101,6,94,77,12,54,93,29]","[9,121,16,11,60,89,2,92,69,102,100,97,84]",277m 239p 1337s 236z,23m 1144p 3345599s,245678m 56p 22668s,133r5m 79p 456788s 4z
20260403143738_0200_037,20260403143738_0200,20260403143738,0200,1,himeyonn,63,7p,estimated_tsumogiri,1775195134,4000.018,,3,1997.405,"[26,82,81,25,113,42,74,99,70,116,130,5,45]","[51,83,50,36,91,104,87,80,10,4,106,37,90]","[59,22,79,18,27,101,6,94,77,12,54,93,29]","[9,121,16,11,60,89,2,92,69,102,100,97,84]",277m 239p 1337s 236z,23m 1144p 3345599s,245678m 56p 22668s,133r5m 79p 456788s 4z
20260403143738_0200_038,20260403143738_0200,20260403143738,0200,2,qinqin7,112,2z,estimated_tsumogiri,1775195136,919.528,,0,,"[26,82,81,25,113,42,74,99,70,116,130,5,45]","[51,83,50,36,91,104,87,80,10,4,106,37,90]","[59,22,79,18,27,101,6,94,77,12,54,93,29]","[9,121,16,11,60,89,2,92,69,102,100,97,84]",277m 239p 1337s 236z,23m 1144p 3345599s,245678m 56p 22668s,133r5m 79p 456788s 4z
20260403143738_0200_039,20260403143738_0200,20260403143738,0200,3,eita,134,7z,estimated_tsumogiri,1775195140,3146.345,,0,,"[26,82,81,25,113,42,74,99,70,116,130,5,45]","[51,83,50,36,91,104,87,80,10,4,106,37,90]","[59,22,79,18,27,101,6,94,77,12,54,93,29]","[9,121,16,11,60,89,2,92,69,102,100,97,84]",277m 239p 1337s 236z,23m 1144p 3345599s,245678m 56p 22668s,133r5m 79p 456788s 4z
20260403143738_0200_040,20260403143738_0200,20260403143738,0200,0,パシフィック,133,7z,confirmed_tsumogiri,1775195140,705.866,,0,,"[26,82,81,25,113,42,74,99,70,116,130,5,45]","[51,83,50,36,91,104,87,80,10,4,106,37,90]","[59,22,79,18,27,101,6,94,77,12,54,93,29]","[9,121,16,11,60,89,2,92,69,102,100,97,84]",277m 239p 1337s 236z,23m 1144p 3345599s,245678m 56p 22668s,133r5m 79p 456788s 4z
20260403143738_0200_041,20260403143738_0200,20260403143738,0200,1,himeyonn,10,3m,confirmed_tedashi,1775195146,5670.858,,2,5636.081,"[26,82,81,25,113,42,74,99,70,116,130,5,45]","[51,83,50,36,91,104,87,80,4,106,37,90,86]","[59,22,79,18,27,101,6,94,77,12,54,93,29]","[9,121,16,11,60,89,2,92,69,102,100,97,84]",277m 239p 1337s 236z,2m 1144p 33445599s,245678m 56p 22668s,133r5m 79p 456788s 4z
20260403143738_0200_042,20260403143738_0200,20260403143738,0200,2,qinqin7,29,8m,confirmed_tedashi,1775195154,1960.742,,0,,"[26,82,81,25,113,42,74,99,70,116,130,5,45]","[51,83,50,36,91,104,87,80,4,106,37,90,86]","[59,22,79,18,27,101,94,77,54,93]","[9,121,16,11,60,89,2,92,69,102,100,97,84]",277m 239p 1337s 236z,2m 1144p 33445599s,567m 56p 22668s,133r5m 79p 456788s 4z
20260403143738_0200_043,20260403143738_0200,20260403143738,0200,3,eita,102,8s,confirmed_tedashi,1775195156,2293.102,,0,,"[26,82,81,25,113,42,74,99,70,116,130,5,45]","[51,83,50,36,91,104,87,80,4,106,37,90,86]","[59,22,79,18,27,101,94,77,54,93]","[9,121,16,11,60,89,2,92,69,100,97,84,118]",277m 239p 1337s 236z,2m 1144p 33445599s,567m 56p 22668s,133r5m 79p 45678s 34z
20260403143738_0200_044,20260403143738_0200,20260403143738,0200,0,パシフィック,76,2s,confirmed_tsumogiri,1775195157,692.63,,3,4197.369,"[26,82,81,25,113,42,74,99,70,116,130,5,45]","[51,83,50,36,91,104,87,80,4,106,37,90,86]","[59,22,79,18,27,101,94,77,54,93]","[9,121,16,11,60,89,2,92,69,100,97,84,118]",277m 239p 1337s 236z,2m 1144p 33445599s,567m 56p 22668s,133r5m 79p 45678s 34z
20260403143738_0200_045,20260403143738_0200,20260403143738,0200,2,qinqin7,101,8s,confirmed_tedashi,1775195161,1141.945,,3,1475.015,"[26,82,81,25,113,42,74,99,70,116,130,5,45]","[51,83,50,36,91,104,87,80,4,106,37,90,86]","[59,22,79,18,27,94,54,93]","[9,121,16,11,60,89,2,92,69,100,97,84,118]",277m 239p 1337s 236z,2m 1144p 33445599s,567m 56p 266s,133r5m 79p 45678s 34z
20260403143738_0200_046,20260403143738_0200,20260403143738,0200,3,eita,78,2s,estimated_tsumogiri,1775195165,2413.131,,3,208.58,"[26,82,81,25,113,42,74,99,70,116,130,5,45]","[51,83,50,36,91,104,87,80,4,106,37,90,86]","[59,22,79,18,27,94,54,93]","[9,121,16,11,60,89,2,92,69,100,97,84,118]",277m 239p 1337s 236z,2m 1144p 33445599s,567m 56p 266s,133r5m 79p 45678s 34z
20260403143738_0200_047,20260403143738_0200,20260403143738,0200,0,パシフィック,110,1z,confirmed_tsumogiri,1775195165,485.671,,0,,"[26,82,81,25,113,42,74,99,70,116,130,5,45]","[51,83,50,36,91,104,87,80,4,106,37,90,86]","[59,22,79,18,27,94,54,93]","[9,121,16,11,60,89,2,92,69,100,97,84,118]",277m 239p 1337s 236z,2m 1144p 33445599s,567m 56p 266s,133r5m 79p 45678s 34z
20260403143738_0200_048,20260403143738_0200,20260403143738,0200,1,himeyonn,15,4m,estimated_tsumogiri,1775195170,1149.614,3768.376,3,1979.744,"[26,82,81,25,113,42,74,99,70,116,130,5,45]","[51,83,50,36,91,104,87,80,4,106,37,90,86]","[59,22,79,18,27,94,54,93]","[9,121,16,11,60,89,2,92,69,100,97,84,118]",277m 239p 1337s 236z,2m 1144p 33445599s,567m 56p 266s,133r5m 79p 45678s 34z
20260403143738_0200_049,20260403143738_0200,20260403143738,0200,2,qinqin7,54,5p,confirmed_tedashi,1775195174,1854.258,,0,,"[26,82,81,25,113,42,74,99,70,116,130,5,45]","[51,83,50,36,91,104,87,80,4,106,37,90,86]","[59,22,79,18,27,94,93,52]","[9,121,16,11,60,89,2,92,69,100,97,84,118]",277m 239p 1337s 236z,2m 1144p 33445599s,567m r56p 266s,133r5m 79p 45678s 34z
20260403143738_0200_050,20260403143738_0200,20260403143738,0200,3,eita,118,3z,confirmed_tedashi,1775195177,3053.572,,0,,"[26,82,81,25,113,42,74,99,70,116,130,5,45]","[51,83,50,36,91,104,87,80,4,106,37,90,86]","[59,22,79,18,27,94,93,52]","[9,121,16,11,60,89,2,92,69,100,97,84,123]",277m 239p 1337s 236z,2m 1144p 33445599s,567m r56p 266s,133r5m 79p 45678s 44z
20260403143738_0200_051,20260403143738_0200,20260403143738,0200,0,パシフィック,32,9m,confirmed_tsumogiri,1775195178,696.018,,0,,"[26,82,81,25,113,42,74,99,70,116,130,5,45]","[51,83,50,36,91,104,87,80,4,106,37,90,86]","[59,22,79,18,27,94,93,52]","[9,121,16,11,60,89,2,92,69,100,97,84,123]",277m 239p 1337s 236z,2m 1144p 33445599s,567m r56p 266s,133r5m 79p 45678s 44z
20260403143738_0200_052,20260403143738_0200,20260403143738,0200,1,himeyonn,61,7p,estimated_tsumogiri,1775195179,1286.278,,0,,"[26,82,81,25,113,42,74,99,70,116,130,5,45]","[51,83,50,36,91,104,87,80,4,106,37,90,86]","[59,22,79,18,27,94,93,52]","[9,121,16,11,60,89,2,92,69,100,97,84,123]",277m 239p 1337s 236z,2m 1144p 33445599s,567m r56p 266s,133r5m 79p 45678s 44z
20260403143738_0300_000,20260403143738_0300,20260403143738,0300,1,himeyonn,123,4z,confirmed_tedashi,1775195198,6588.996,,0,,"[57,27,62,119,59,98,32,117,64,97,8,78,17]","[79,22,84,30,24,100,51,129,75,52,133,110,7]","[15,34,113,61,77,48,0,86,9,42,94,20,130]","[82,11,14,63,38,67,56,44,80,81,5,54,88]",3579m 6678p 277s 33z,2678m 4r5p 1248s 167z,13469m 247p 246s 26z,234m 135678p 333r5s
20260403143738_0300_001,20260403143738_0300,20260403143738,0300,2,qinqin7,130,6z,confirmed_tedashi,1775195199,1125.506,,0,,"[57,27,62,119,59,98,32,117,64,97,8,78,17]","[79,22,84,30,24,100,51,129,75,52,133,110,7]","[15,34,113,61,77,48,0,86,9,42,94,20,55]","[82,11,14,63,38,67,56,44,80,81,5,54,88]",3579m 6678p 277s 33z,2678m 4r5p 1248s 167z,13469m 2457p 246s 2z,234m 135678p 333r5s
20260403143738_0300_002,20260403143738_0300,20260403143738,0300,3,eita,38,1p,confirmed_tedashi,1775195205,6045.851,,0,,"[57,27,62,119,59,98,32,117,64,97,8,78,17]","[79,22,84,30,24,100,51,129,75,52,133,110,7]","[15,34,113,61,77,48,0,86,9,42,94,20,55]","[82,11,14,63,67,56,44,80,81,5,54,88,58]",3579m 6678p 277s 33z,2678m 4r5p 1248s 167z,13469m 2457p 246s 2z,234m 356678p 333r5s
20260403143738_0300_003,20260403143738_0300,20260403143738,0300,0,パシフィック,124,5z,confirmed_tsumogiri,1775195212,6412.716,,0,,"[57,27,62,119,59,98,32,117,64,97,8,78,17]","[79,22,84,30,24,100,51,129,75,52,133,110,7]","[15,34,113,61,77,48,0,86,9,42,94,20,55]","[82,11,14,63,67,56,44,80,81,5,54,88,58]",3579m 6678p 277s 33z,2678m 4r5p 1248s 167z,13469m 2457p 246s 2z,234m 356678p 333r5s
20260403143738_0300_004,20260403143738_0300,20260403143738,0300,1,himeyonn,129,6z,confirmed_tedashi,1775195216,4373.706,,0,,"[57,27,62,119,59,98,32,117,64,97,8,78,17]","[79,22,84,30,24,100,51,75,52,133,110,7,47]","[15,34,113,61,77,48,0,86,9,42,94,20,55]","[82,11,14,63,67,56,44,80,81,5,54,88,58]",3579m 6678p 277s 33z,2678m 34r5p 1248s 17z,13469m 2457p 246s 2z,234m 356678p 333r5s
20260403143738_0300_005,20260403143738_0300,20260403143738,0300,2,qinqin7,113,2z,confirmed_tedashi,1775195217,1267.908,,0,,"[57,27,62,119,59,98,32,117,64,97,8,78,17]","[79,22,84,30,24,100,51,75,52,133,110,7,47]","[15,34,61,77,48,0,86,9,42,94,20,55,29]","[82,11,14,63,67,56,44,80,81,5,54,88,58]",3579m 6678p 277s 33z,2678m 34r5p 1248s 17z,134689m 2457p 246s,234m 356678p 333r5s
20260403143738_0300_006,20260403143738_0300,20260403143738,0300,3,eita,44,3p,confirmed_tedashi,1775195221,3190.993,,0,,"[57,27,62,119,59,98,32,117,64,97,8,78,17]","[79,22,84,30,24,100,51,75,52,133,110,7,47]","[15,34,61,77,48,0,86,9,42,94,20,55,29]","[82,11,14,63,67,56,80,81,5,54,88,58,3]",3579m 6678p 277s 33z,2678m 34r5p 1248s 17z,134689m 2457p 246s,1234m 56678p 333r5s
20260403143738_0300_007,20260403143738_0300,20260403143738,0300,0,パシフィック,10,3m,confirmed_tsumogiri,1775195221,706.138,,0,,"[57,27,62,119,59,98,32,117,64,97,8,78,17]","[79,22,84,30,24,100,51,75,52,133,110,7,47]","[15,34,61,77,48,0,86,9,42,94,20,55,29]","[82,11,14,63,67,56,80,81,5,54,88,58,3]",3579m 6678p 277s 33z,2678m 34r5p 1248s 17z,134689m 2457p 246s,1234m 56678p 333r5s
20260403143738_0300_008,20260403143738_0300,20260403143738,0300,1,himeyonn,133,7z,confirmed_tedashi,1775195224,2334.691,,0,,"[57,27,62,119,59,98,32,117,64,97,8,78,17]","[79,22,84,30,24,100,51,75,52,110,7,47,127]","[15,34,61,77,48,0,86,9,42,94,20,55,29]","[82,11,14,63,67,56,80,81,5,54,88,58,3]",3579m 6678p 277s 33z,2678m 34r5p 1248s 15z,134689m 2457p 246s,1234m 56678p 333r5s
20260403143738_0300_009,20260403143738_0300,20260403143738,0300,2,qinqin7,108,1z,estimated_tsumogiri,1775195226,2141.73,,0,,"[57,27,62,119,59,98,32,117,64,97,8,78,17]","[79,22,84,30,24,100,51,75,52,110,7,47,127]","[15,34,61,77,48,0,86,9,42,94,20,55,29]","[82,11,14,63,67,56,80,81,5,54,88,58,3]",3579m 6678p 277s 33z,2678m 34r5p 1248s 15z,134689m 2457p 246s,1234m 56678p 333r5s
20260403143738_0300_010,20260403143738_0300,20260403143738,0300,3,eita,3,1m,confirmed_tedashi,1775195230,1885.542,2055.508,0,,"[57,27,62,119,59,98,32,117,64,97,8,78,17]","[79,22,84,30,24,100,51,75,52,110,7,47,127]","[15,34,61,77,48,0,86,9,42,94,20,55,29]","[82,11,14,63,67,56,80,81,5,54,88,58,87]",3579m 6678p 277s 33z,2678m 34r5p 1248s 15z,134689m 2457p 246s,234m 56678p 3334r5s
20260403143738_0300_011,20260403143738_0300,20260403143738,0300,0,パシフィック,89,5s,confirmed_tsumogiri,1775195230,706.927,,0,,"[57,27,62,119,59,98,32,117,64,97,8,78,17]","[79,22,84,30,24,100,51,75,52,110,7,47,127]","[15,34,61,77,48,0,86,9,42,94,20,55,29]","[82,11,14,63,67,56,80,81,5,54,88,58,87]",3579m 6678p 277s 33z,2678m 34r5p 1248s 15z,134689m 2457p 246s,234m 56678p 3334r5s
20260403143738_0300_012,20260403143738_0300,20260403143738,0300,1,himeyonn,127,5z,confirmed_tedashi,1775195232,1956.915,,0,,"[57,27,62,119,59,98,32,117,64,97,8,78,17]","[79,22,84,30,24,100,51,75,52,110,7,47,120]","[15,34,61,77,48,0,86,9,42,94,20,55,29]","[82,11,14,63,67,56,80,81,5,54,88,58,87]",3579m 6678p 277s 33z,2678m 34r5p 1248s 14z,134689m 2457p 246s,234m 56678p 3334r5s
20260403143738_0300_013,20260403143738_0300,20260403143738,0300,2,qinqin7,0,1m,confirmed_tedashi,1775195236,3229.754,,0,,"[57,27,62,119,59,98,32,117,64,97,8,78,17]","[79,22,84,30,24,100,51,75,52,110,7,47,120]","[15,34,61,77,48,86,9,42,94,20,55,29,50]","[82,11,14,63,67,56,80,81,5,54,88,58,87]",3579m 6678p 277s 33z,2678m 34r5p 1248s 14z,34689m 24457p 246s,234m 56678p 3334r5s
20260403143738_0300_014,20260403143738_0300,20260403143738,0300,3,eita,35,9m,estimated_tsumogiri,1775195236,686.312,,0,,"[57,27,62,119,59,98,32,117,64,97,8,78,17]","[79,22,84,30,24,100,51,75,52,110,7,47,120]","[15,34,61,77,48,86,9,42,94,20,55,29,50]","[82,11,14,63,67,56,80,81,5,54,88,58,87]",3579m 6678p 277s 33z,2678m 34r5p 1248s 14z,34689m 24457p 246s,234m 56678p 3334r5s
20260403143738_0300_015,20260403143738_0300,20260403143738,0300,0,パシフィック,122,4z,confirmed_tsumogiri,1775195238,1170.771,,0,,"[57,27,62,119,59,98,32,117,64,97,8,78,17]","[79,22,84,30,24,100,51,75,52,110,7,47,120]","[15,34,61,77,48,86,9,42,94,20,55,29,50]","[82,11,14,63,67,56,80,81,5,54,88,58,87]",3579m 6678p 277s 33z,2678m 34r5p 1248s 14z,34689m 24457p 246s,234m 56678p 3334r5s
20260403143738_0300_016,20260403143738_0300,20260403143738,0300,1,himeyonn,120,4z,confirmed_tedashi,1775195240,2406.962,,0,,"[57,27,62,119,59,98,32,117,64,97,8,78,17]","[79,22,84,30,24,100,51,75,52,110,7,47,28]","[15,34,61,77,48,86,9,42,94,20,55,29,50]","[82,11,14,63,67,56,80,81,5,54,88,58,87]",3579m 6678p 277s 33z,26788m 34r5p 1248s 1z,34689m 24457p 246s,234m 56678p 3334r5s
20260403143738_0300_017,20260403143738_0300,20260403143738,0300,2,qinqin7,34,9m,confirmed_tedashi,1775195246,5910.857,,0,,"[57,27,62,119,59,98,32,117,64,97,8,78,17]","[79,22,84,30,24,100,51,75,52,110,7,47,28]","[15,61,77,48,86,9,42,94,20,55,29,50,65]","[82,11,14,63,67,56,80,81,5,54,88,58,87]",3579m 6678p 277s 33z,26788m 34r5p 1248s 1z,3468m 244578p 246s,234m 56678p 3334r5s
20260403143738_0300_018,20260403143738_0300,20260403143738,0300,3,eita,109,1z,estimated_tsumogiri,1775195247,746.627,,0,,"[57,27,62,119,59,98,32,117,64,97,8,78,17]","[79,22,84,30,24,100,51,75,52,110,7,47,28]","[15,61,77,48,86,9,42,94,20,55,29,50,65]","[82,11,14,63,67,56,80,81,5,54,88,58,87]",3579m 6678p 277s 33z,26788m 34r5p 1248s 1z,3468m 244578p 246s,234m 56678p 3334r5s
20260403143738_0300_019,20260403143738_0300,20260403143738,0300,0,パシフィック,71,9p,confirmed_tsumogiri,1775195248,1117.514,,0,,"[57,27,62,119,59,98,32,117,64,97,8,78,17]","[79,22,84,30,24,100,51,75,52,110,7,47,28]","[15,61,77,48,86,9,42,94,20,55,29,50,65]","[82,11,14,63,67,56,80,81,5,54,88,58,87]",3579m 6678p 277s 33z,26788m 34r5p 1248s 1z,3468m 244578p 246s,234m 56678p 3334r5s
20260403143738_0300_020,20260403143738_0300,20260403143738,0300,1,himeyonn,110,1z,confirmed_tedashi,1775195250,2175.203,,0,,"[57,27,62,119,59,98,32,117,64,97,8,78,17]","[79,22,84,30,24,100,51,75,52,7,47,28,72]","[15,61,77,48,86,9,42,94,20,55,29,50,65]","[82,11,14,63,67,56,80,81,5,54,88,58,87]",3579m 6678p 277s 33z,26788m 34r5p 11248s,3468m 244578p 246s,234m 56678p 3334r5s
20260403143738_0300_021,20260403143738_0300,20260403143738,0300,2,qinqin7,42,2p,confirmed_tedashi,1775195257,6927.647,,0,,"[57,27,62,119,59,98,32,117,64,97,8,78,17]","[79,22,84,30,24,100,51,75,52,7,47,28,72]","[15,61,77,48,86,9,94,20,55,29,50,65,96]","[82,11,14,63,67,56,80,81,5,54,88,58,87]",3579m 6678p 277s 33z,26788m 34r5p 11248s,3468m 44578p 2467s,234m 56678p 3334r5s
20260403143738_0300_022,20260403143738_0300,20260403143738,0300,3,eita,92,6s,estimated_tsumogiri,1775195257,619.592,,0,,"[57,27,62,119,59,98,32,117,64,97,8,78,17]","[79,22,84,30,24,100,51,75,52,7,47,28,72]","[15,61,77,48,86,9,94,20,55,29,50,65,96]","[82,11,14,63,67,56,80,81,5,54,88,58,87]",3579m 6678p 277s 33z,26788m 34r5p 11248s,3468m 44578p 2467s,234m 56678p 3334r5s
20260403143738_0300_023,20260403143738_0300,20260403143738,0300,0,パシフィック,135,7z,confirmed_tsumogiri,1775195259,1259.581,,0,,"[57,27,62,119,59,98,32,117,64,97,8,78,17]","[79,22,84,30,24,100,51,75,52,7,47,28,72]","[15,61,77,48,86,9,94,20,55,29,50,65,96]","[82,11,14,63,67,56,80,81,5,54,88,58,87]",3579m 6678p 277s 33z,26788m 34r5p 11248s,3468m 44578p 2467s,234m 56678p 3334r5s
20260403143738_0300_024,20260403143738_0300,20260403143738,0300,1,himeyonn,100,8s,confirmed_tedashi,1775195262,3253.356,,3,1993.248,"[57,27,62,119,59,98,32,117,64,97,8,78,17]","[79,22,84,30,24,51,75,52,7,47,28,72,40]","[15,61,77,48,86,9,94,20,55,29,50,65,96]","[82,11,14,63,67,56,80,81,5,54,88,58,87]",3579m 6678p 277s 33z,26788m 234r5p 1124s,3468m 44578p 2467s,234m 56678p 3334r5s
20260403143738_0300_025,20260403143738_0300,20260403143738,0300,2,qinqin7,132,7z,estimated_tsumogiri,1775195265,1498.13,,0,,"[57,27,62,119,59,98,32,117,64,97,8,78,17]","[79,22,84,30,24,51,75,52,7,47,28,72,40]","[15,61,77,48,86,9,94,20,55,29,50,65,96]","[82,11,14,63,67,56,80,81,5,54,88,58,87]",3579m 6678p 277s 33z,26788m 234r5p 1124s,3468m 44578p 2467s,234m 56678p 3334r5s
20260403143738_0300_026,20260403143738_0300,20260403143738,0300,3,eita,13,4m,estimated_tsumogiri,1775195266,715.653,,3,651.437,"[57,27,62,119,59,98,32,117,64,97,8,78,17]","[79,22,84,30,24,51,75,52,7,47,28,72,40]","[15,61,77,48,86,9,94,20,55,29,50,65,96]","[82,11,14,63,67,56,80,81,5,54,88,58,87]",3579m 6678p 277s 33z,26788m 234r5p 1124s,3468m 44578p 2467s,234m 56678p 3334r5s
20260403143738_0300_027,20260403143738_0300,20260403143738,0300,0,パシフィック,93,6s,confirmed_tsumogiri,1775195267,486.347,,0,,"[57,27,62,119,59,98,32,117,64,97,8,78,17]","[79,22,84,30,24,51,75,52,7,47,28,72,40]","[15,61,77,48,86,9,94,20,55,29,50,65,96]","[82,11,14,63,67,56,80,81,5,54,88,58,87]",3579m 6678p 277s 33z,26788m 234r5p 1124s,3468m 44578p 2467s,234m 56678p 3334r5s
20260403143738_0300_028,20260403143738_0300,20260403143738,0300,1,himeyonn,128,6z,estimated_tsumogiri,1775195271,3525.607,,0,,"[57,27,62,119,59,98,32,117,64,97,8,78,17]","[79,22,84,30,24,51,75,52,7,47,28,72,40]","[15,61,77,48,86,9,94,20,55,29,50,65,96]","[82,11,14,63,67,56,80,81,5,54,88,58,87]",3579m 6678p 277s 33z,26788m 234r5p 1124s,3468m 44578p 2467s,234m 56678p 3334r5s
20260403143738_0300_029,20260403143738_0300,20260403143738,0300,2,qinqin7,94,6s,confirmed_tedashi,1775195274,3070.962,,0,,"[57,27,62,119,59,98,32,117,64,97,8,78,17]","[79,22,84,30,24,51,75,52,7,47,28,72,40]","[15,61,77,48,86,9,20,55,29,50,65,96,6]","[82,11,14,63,67,56,80,81,5,54,88,58,87]",3579m 6678p 277s 33z,26788m 234r5p 1124s,23468m 44578p 247s,234m 56678p 3334r5s
20260403143738_0300_030,20260403143738_0300,20260403143738,0300,3,eita,91,5s,estimated_tsumogiri,1775195275,730.945,,0,,"[57,27,62,119,59,98,32,117,64,97,8,78,17]","[79,22,84,30,24,51,75,52,7,47,28,72,40]","[15,61,77,48,86,9,20,55,29,50,65,96,6]","[82,11,14,63,67,56,80,81,5,54,88,58,87]",3579m 6678p 277s 33z,26788m 234r5p 1124s,23468m 44578p 247s,234m 56678p 3334r5s
20260403143738_0300_031,20260403143738_0300,20260403143738,0300,0,パシフィック,69,9p,confirmed_tsumogiri,1775195276,1133.644,,0,,"[57,27,62,119,59,98,32,117,64,97,8,78,17]","[79,22,84,30,24,51,75,52,7,47,28,72,40]","[15,61,77,48,86,9,20,55,29,50,65,96,6]","[82,11,14,63,67,56,80,81,5,54,88,58,87]",3579m 6678p 277s 33z,26788m 234r5p 1124s,23468m 44578p 247s,234m 56678p 3334r5s
20260403143738_0300_032,20260403143738_0300,20260403143738,0300,1,himeyonn,7,2m,confirmed_tedashi,1775195284,7983.642,,3,1824.356,"[57,27,62,119,59,98,32,117,64,97,8,78,17]","[79,22,84,30,24,51,75,52,47,28,72,40,31]","[15,61,77,48,86,9,20,55,29,50,65,96,6]","[82,11,14,63,67,56,80,81,5,54,88,58,87]",3579m 6678p 277s 33z,67888m 234r5p 1124s,23468m 44578p 247s,234m 56678p 3334r5s
20260403143738_0300_033,20260403143738_0300,20260403143738,0300,2,qinqin7,121,4z,estimated_tsumogiri,1775195287,1418.324,,0,,"[57,27,62,119,59,98,32,117,64,97,8,78,17]","[79,22,84,30,24,51,75,52,47,28,72,40,31]","[15,61,77,48,86,9,20,55,29,50,65,96,6]","[82,11,14,63,67,56,80,81,5,54,88,58,87]",3579m 6678p 277s 33z,67888m 234r5p 1124s,23468m 44578p 247s,234m 56678p 3334r5s
20260403143738_0300_034,20260403143738_0300,20260403143738,0300,3,eita,19,5m,estimated_tsumogiri,1775195288,747.077,,0,,"[57,27,62,119,59,98,32,117,64,97,8,78,17]","[79,22,84,30,24,51,75,52,47,28,72,40,31]","[15,61,77,48,86,9,20,55,29,50,65,96,6]","[82,11,14,63,67,56,80,81,5,54,88,58,87]",3579m 6678p 277s 33z,67888m 234r5p 1124s,23468m 44578p 247s,234m 56678p 3334r5s
20260403143738_0300_035,20260403143738_0300,20260403143738,0300,0,パシフィック,99,7s,confirmed_tsumogiri,1775195289,1111.927,,0,,"[57,27,62,119,59,98,32,117,64,97,8,78,17]","[79,22,84,30,24,51,75,52,47,28,72,40,31]","[15,61,77,48,86,9,20,55,29,50,65,96,6]","[82,11,14,63,67,56,80,81,5,54,88,58,87]",3579m 6678p 277s 33z,67888m 234r5p 1124s,23468m 44578p 247s,234m 56678p 3334r5s
20260403143738_0300_036,20260403143738_0300,20260403143738,0300,1,himeyonn,75,1s,confirmed_tedashi,1775195292,3138.851,,0,,"[57,27,62,119,59,98,32,117,64,97,8,78,17]","[79,22,84,30,24,51,52,47,28,72,40,31,76]","[15,61,77,48,86,9,20,55,29,50,65,96,6]","[82,11,14,63,67,56,80,81,5,54,88,58,87]",3579m 6678p 277s 33z,67888m 234r5p 1224s,23468m 44578p 247s,234m 56678p 3334r5s
20260403143738_0300_037,20260403143738_0300,20260403143738,0300,2,qinqin7,96,7s,confirmed_tedashi,1775195293,1492.889,,3,208.812,"[57,27,62,119,59,98,32,117,64,97,8,78,17]","[79,22,84,30,24,51,52,47,28,72,40,31,76]","[15,61,77,48,86,9,20,55,29,50,65,6,70]","[82,11,14,63,67,56,80,81,5,54,88,58,87]",3579m 6678p 277s 33z,67888m 234r5p 1224s,23468m 445789p 24s,234m 56678p 3334r5s
20260403143738_0300_038,20260403143738_0300,20260403143738,0300,3,eita,16,r5m,estimated_tsumogiri,1775195294,610.611,,0,,"[57,27,62,119,59,98,32,117,64,97,8,78,17]","[79,22,84,30,24,51,52,47,28,72,40,31,76]","[15,61,77,48,86,9,20,55,29,50,65,6,70]","[82,11,14,63,67,56,80,81,5,54,88,58,87]",3579m 6678p 277s 33z,67888m 234r5p 1224s,23468m 445789p 24s,234m 56678p 3334r5s
20260403143738_0300_039,20260403143738_0300,20260403143738,0300,0,パシフィック,112,2z,confirmed_tsumogiri,1775195295,1060.144,,0,,"[57,27,62,119,59,98,32,117,64,97,8,78,17]","[79,22,84,30,24,51,52,47,28,72,40,31,76]","[15,61,77,48,86,9,20,55,29,50,65,6,70]","[82,11,14,63,67,56,80,81,5,54,88,58,87]",3579m 6678p 277s 33z,67888m 234r5p 1224s,23468m 445789p 24s,234m 56678p 3334r5s
20260403143738_0300_040,20260403143738_0300,20260403143738,0300,1,himeyonn,72,1s,confirmed_tedashi,1775195298,2167.871,,0,,"[57,27,62,119,59,98,32,117,64,97,8,78,17]","[79,22,84,30,24,51,52,47,28,40,31,76,134]","[15,61,77,48,86,9,20,55,29,50,65,6,70]","[82,11,14,63,67,56,80,81,5,54,88,58,87]",3579m 6678p 277s 33z,67888m 234r5p 224s 7z,23468m 445789p 24s,234m 56678p 3334r5s
20260403143738_0300_041,20260403143738_0300,20260403143738,0300,2,qinqin7,102,8s,estimated_tsumogiri,1775195302,4152.345,,0,,"[57,27,62,119,59,98,32,117,64,97,8,78,17]","[79,22,84,30,24,51,52,47,28,40,31,76,134]","[15,61,77,48,86,9,20,55,29,50,65,6,70]","[82,11,14,63,67,56,80,81,5,54,88,58,87]",3579m 6678p 277s 33z,67888m 234r5p 224s 7z,23468m 445789p 24s,234m 56678p 3334r5s
20260403143738_0300_042,20260403143738_0300,20260403143738,0300,3,eita,104,9s,estimated_tsumogiri,1775195302,711.933,,0,,"[57,27,62,119,59,98,32,117,64,97,8,78,17]","[79,22,84,30,24,51,52,47,28,40,31,76,134]","[15,61,77,48,86,9,20,55,29,50,65,6,70]","[82,11,14,63,67,56,80,81,5,54,88,58,87]",3579m 6678p 277s 33z,67888m 234r5p 224s 7z,23468m 445789p 24s,234m 56678p 3334r5s
20260403143738_0300_043,20260403143738_0300,20260403143738,0300,0,パシフィック,126,5z,confirmed_tsumogiri,1775195304,1145.423,,0,,"[57,27,62,119,59,98,32,117,64,97,8,78,17]","[79,22,84,30,24,51,52,47,28,40,31,76,134]","[15,61,77,48,86,9,20,55,29,50,65,6,70]","[82,11,14,63,67,56,80,81,5,54,88,58,87]",3579m 6678p 277s 33z,67888m 234r5p 224s 7z,23468m 445789p 24s,234m 56678p 3334r5s
20260403143738_0300_044,20260403143738_0300,20260403143738,0300,1,himeyonn,134,7z,confirmed_tedashi,1775195306,2171.007,,0,,"[57,27,62,119,59,98,32,117,64,97,8,78,17]","[79,22,84,30,24,51,52,47,28,40,31,76,101]","[15,61,77,48,86,9,20,55,29,50,65,6,70]","[82,11,14,63,67,56,80,81,5,54,88,58,87]",3579m 6678p 277s 33z,67888m 234r5p 2248s,23468m 445789p 24s,234m 56678p 3334r5s
20260403143738_0300_045,20260403143738_0300,20260403143738,0300,2,qinqin7,43,2p,estimated_tsumogiri,1775195310,3915.869,,0,,"[57,27,62,119,59,98,32,117,64,97,8,78,17]","[79,22,84,30,24,51,52,47,28,40,31,76,101]","[15,61,77,48,86,9,20,55,29,50,65,6,70]","[82,11,14,63,67,56,80,81,5,54,88,58,87]",3579m 6678p 277s 33z,67888m 234r5p 2248s,23468m 445789p 24s,234m 56678p 3334r5s
20260403143738_0300_046,20260403143738_0300,20260403143738,0300,3,eita,107,9s,estimated_tsumogiri,1775195310,694.165,,0,,"[57,27,62,119,59,98,32,117,64,97,8,78,17]","[79,22,84,30,24,51,52,47,28,40,31,76,101]","[15,61,77,48,86,9,20,55,29,50,65,6,70]","[82,11,14,63,67,56,80,81,5,54,88,58,87]",3579m 6678p 277s 33z,67888m 234r5p 2248s,23468m 445789p 24s,234m 56678p 3334r5s
20260403143738_0300_047,20260403143738_0300,20260403143738,0300,0,パシフィック,4,2m,confirmed_tsumogiri,1775195311,1163.603,,0,,"[57,27,62,119,59,98,32,117,64,97,8,78,17]","[79,22,84,30,24,51,52,47,28,40,31,76,101]","[15,61,77,48,86,9,20,55,29,50,65,6,70]","[82,11,14,63,67,56,80,81,5,54,88,58,87]",3579m 6678p 277s 33z,67888m 234r5p 2248s,23468m 445789p 24s,234m 56678p 3334r5s
20260403143738_0300_048,20260403143738_0300,20260403143738,0300,1,himeyonn,74,1s,estimated_tsumogiri,1775195316,4146.101,,0,,"[57,27,62,119,59,98,32,117,64,97,8,78,17]","[79,22,84,30,24,51,52,47,28,40,31,76,101]","[15,61,77,48,86,9,20,55,29,50,65,6,70]","[82,11,14,63,67,56,80,81,5,54,88,58,87]",3579m 6678p 277s 33z,67888m 234r5p 2248s,23468m 445789p 24s,234m 56678p 3334r5s
20260403143738_0300_049,20260403143738_0300,20260403143738,0300,2,qinqin7,41,2p,estimated_tsumogiri,1775195318,2038.231,,0,,"[57,27,62,119,59,98,32,117,64,97,8,78,17]","[79,22,84,30,24,51,52,47,28,40,31,76,101]","[15,61,77,48,86,9,20,55,29,50,65,6,70]","[82,11,14,63,67,56,80,81,5,54,88,58,87]",3579m 6678p 277s 33z,67888m 234r5p 2248s,23468m 445789p 24s,234m 56678p 3334r5s
20260403143738_0300_050,20260403143738_0300,20260403143738,0300,3,eita,26,7m,estimated_tsumogiri,1775195318,743.669,,0,,"[57,27,62,119,59,98,32,117,64,97,8,78,17]","[79,22,84,30,24,51,52,47,28,40,31,76,101]","[15,61,77,48,86,9,20,55,29,50,65,6,70]","[82,11,14,63,67,56,80,81,5,54,88,58,87]",3579m 6678p 277s 33z,67888m 234r5p 2248s,23468m 445789p 24s,234m 56678p 3334r5s
20260403143738_0300_051,20260403143738_0300,20260403143738,0300,0,パシフィック,116,3z,confirmed_tsumogiri,1775195320,1117.254,,0,,"[57,27,62,119,59,98,32,117,64,97,8,78,17]","[79,22,84,30,24,51,52,47,28,40,31,76,101]","[15,61,77,48,86,9,20,55,29,50,65,6,70]","[82,11,14,63,67,56,80,81,5,54,88,58,87]",3579m 6678p 277s 33z,67888m 234r5p 2248s,23468m 445789p 24s,234m 56678p 3334r5s
20260403143738_0300_052,20260403143738_0300,20260403143738,0300,1,himeyonn,105,9s,estimated_tsumogiri,1775195323,3369.118,,0,,"[57,27,62,119,59,98,32,117,64,97,8,78,17]","[79,22,84,30,24,51,52,47,28,40,31,76,101]","[15,61,77,48,86,9,20,55,29,50,65,6,70]","[82,11,14,63,67,56,80,81,5,54,88,58,87]",3579m 6678p 277s 33z,67888m 234r5p 2248s,23468m 445789p 24s,234m 56678p 3334r5s
20260403143738_0300_053,20260403143738_0300,20260403143738,0300,2,qinqin7,29,8m,confirmed_tedashi,1775195330,7454.473,,3,1907.209,"[57,27,62,119,59,98,32,117,64,97,8,78,17]","[79,22,84,30,24,51,52,47,28,40,31,76,101]","[15,61,77,48,86,9,20,55,50,65,6,70,83]","[82,11,14,63,67,56,80,81,5,54,88,58,87]",3579m 6678p 277s 33z,67888m 234r5p 2248s,2346m 445789p 234s,234m 56678p 3334r5s
20260403143738_0300_054,20260403143738_0300,20260403143738,0300,3,eita,114,2z,estimated_tsumogiri,1775195332,251.885,,0,,"[57,27,62,119,59,98,32,117,64,97,8,78,17]","[79,22,84,30,24,51,52,47,28,40,31,76,101]","[15,61,77,48,86,9,20,55,50,65,6,70,83]","[82,11,14,63,67,56,80,81,5,54,88,58,87]",3579m 6678p 277s 33z,67888m 234r5p 2248s,2346m 445789p 234s,234m 56678p 3334r5s
20260403143738_0300_055,20260403143738_0300,20260403143738,0300,0,パシフィック,2,1m,confirmed_tsumogiri,1775195334,1121.452,,0,,"[57,27,62,119,59,98,32,117,64,97,8,78,17]","[79,22,84,30,24,51,52,47,28,40,31,76,101]","[15,61,77,48,86,9,20,55,50,65,6,70,83]","[82,11,14,63,67,56,80,81,5,54,88,58,87]",3579m 6678p 277s 33z,67888m 234r5p 2248s,2346m 445789p 234s,234m 56678p 3334r5s
20260403143738_0300_056,20260403143738_0300,20260403143738,0300,1,himeyonn,101,8s,confirmed_tedashi,1775195338,4436.685,,0,,"[57,27,62,119,59,98,32,117,64,97,8,78,17]","[79,22,84,30,24,51,52,47,28,40,31,76,46]","[15,61,77,48,86,9,20,55,50,65,6,70,83]","[82,11,14,63,67,56,80,81,5,54,88,58,87]",3579m 6678p 277s 33z,67888m 2334r5p 224s,2346m 445789p 234s,234m 56678p 3334r5s
20260403143738_0300_057,20260403143738_0300,20260403143738,0300,2,qinqin7,95,6s,estimated_tsumogiri,1775195340,2234.335,,0,,"[57,27,62,119,59,98,32,117,64,97,8,78,17]","[79,22,84,30,24,51,52,47,28,40,31,76,46]","[15,61,77,48,86,9,20,55,50,65,6,70,83]","[82,11,14,63,67,56,80,81,5,54,88,58,87]",3579m 6678p 277s 33z,67888m 2334r5p 224s,2346m 445789p 234s,234m 56678p 3334r5s
20260403143738_0300_058,20260403143738_0300,20260403143738,0300,3,eita,85,4s,estimated_tsumogiri,1775195341,702.363,,0,,"[57,27,62,119,59,98,32,117,64,97,8,78,17]","[79,22,84,30,24,51,52,47,28,40,31,76,46]","[15,61,77,48,86,9,20,55,50,65,6,70,83]","[82,11,14,63,67,56,80,81,5,54,88,58,87]",3579m 6678p 277s 33z,67888m 2334r5p 224s,2346m 445789p 234s,234m 56678p 3334r5s
20260403143738_0300_059,20260403143738_0300,20260403143738,0300,0,パシフィック,49,4p,confirmed_tsumogiri,1775195342,1155.81,,0,,"[57,27,62,119,59,98,32,117,64,97,8,78,17]","[79,22,84,30,24,51,52,47,28,40,31,76,46]","[15,61,77,48,86,9,20,55,50,65,6,70,83]","[82,11,14,63,67,56,80,81,5,54,88,58,87]",3579m 6678p 277s 33z,67888m 2334r5p 224s,2346m 445789p 234s,234m 56678p 3334r5s
20260403151827_0000_003,20260403151827_0000,20260403151827,0000,0,パシフィック,116,3z,confirmed_tedashi,1775197112,5392.193,,0,,"[1,13,25,28,40,49,70,71,94,98,103,122,16]","[56,2,119,15,62,101,23,39,75,90,31,8,134]","[64,123,96,79,104,54,66,65,59,100,52,89,73]","[30,86,125,58,128,63,135,102,88,69,127,44,105]",14r578m 2499p 678s 4z,13468m 167p 158s 37z,r556888p 125789s 4z,8m 3679p 4r589s 5567z
20260403151827_0000_004,20260403151827_0000,20260403151827,0000,1,masa1125,119,3z,confirmed_tedashi,1775197116,3942.502,,0,,"[1,13,25,28,40,49,70,71,94,98,103,122,16]","[56,2,15,62,101,23,39,75,90,31,8,134,129]","[64,123,96,79,104,54,66,65,59,100,52,89,73]","[30,86,125,58,128,63,135,102,88,69,127,44,105]",14r578m 2499p 678s 4z,13468m 167p 158s 67z,r556888p 125789s 4z,8m 3679p 4r589s 5567z
20260403151827_0000_005,20260403151827_0000,20260403151827,0000,2,はまはまみこみこ,123,4z,confirmed_tedashi,1775197119,2740.012,,0,,"[1,13,25,28,40,49,70,71,94,98,103,122,16]","[56,2,15,62,101,23,39,75,90,31,8,134,129]","[64,96,79,104,54,66,65,59,100,52,89,73,114]","[30,86,125,58,128,63,135,102,88,69,127,44,105]",14r578m 2499p 678s 4z,13468m 167p 158s 67z,r556888p 125789s 2z,8m 3679p 4r589s 5567z
20260403151827_0000_006,20260403151827_0000,20260403151827,0000,3,1963414,135,7z,confirmed_tedashi,1775197123,3888.718,,0,,"[1,13,25,28,40,49,70,71,94,98,103,122,16]","[56,2,15,62,101,23,39,75,90,31,8,134,129]","[64,96,79,104,54,66,65,59,100,52,89,73,114]","[30,86,125,58,128,63,102,88,69,127,44,105,50]",14r578m 2499p 678s 4z,13468m 167p 158s 67z,r556888p 125789s 2z,8m 34679p 4r589s 556z
20260403151827_0000_007,20260403151827_0000,20260403151827,0000,0,パシフィック,26,7m,confirmed_tsumogiri,1775197124,693.151,,3,4109.648,"[1,13,25,28,40,49,70,71,94,98,103,122,16]","[56,2,15,62,101,23,39,75,90,31,8,134,129]","[64,96,79,104,54,66,65,59,100,52,89,73,114]","[30,86,125,58,128,63,102,88,69,127,44,105,50]",14r578m 2499p 678s 4z,13468m 167p 158s 67z,r556888p 125789s 2z,8m 34679p 4r589s 556z
20260403151827_0000_008,20260403151827_0000,20260403151827,0000,1,masa1125,134,7z,confirmed_tedashi,1775197130,2263.458,,0,,"[1,13,25,28,40,49,70,71,94,98,103,122,16]","[56,2,15,62,101,23,39,75,90,31,8,129,83]","[64,96,79,104,54,66,65,59,100,52,89,73,114]","[30,86,125,58,128,63,102,88,69,127,44,105,50]",14r578m 2499p 678s 4z,13468m 167p 1358s 6z,r556888p 125789s 2z,8m 34679p 4r589s 556z
20260403151827_0000_009,20260403151827_0000,20260403151827,0000,2,はまはまみこみこ,43,2p,estimated_tsumogiri,1775197133,3369.933,,3,1420.846,"[1,13,25,28,40,49,70,71,94,98,103,122,16]","[56,2,15,62,101,23,39,75,90,31,8,129,83]","[64,96,79,104,54,66,65,59,100,52,89,73,114]","[30,86,125,58,128,63,102,88,69,127,44,105,50]",14r578m 2499p 678s 4z,13468m 167p 1358s 6z,r556888p 125789s 2z,8m 34679p 4r589s 556z
20260403151827_0000_010,20260403151827_0000,20260403151827,0000,3,1963414,69,9p,confirmed_tedashi,1775197136,1690.079,,3,197.493,"[1,13,25,28,40,49,70,71,94,98,103,122,16]","[56,2,15,62,101,23,39,75,90,31,8,129,83]","[64,96,79,104,54,66,65,59,100,52,89,73,114]","[30,86,125,58,128,63,102,88,127,44,105,50,99]",14r578m 2499p 678s 4z,13468m 167p 1358s 6z,r556888p 125789s 2z,8m 3467p 4r5789s 556z
20260403151827_0000_011,20260403151827_0000,20260403151827,0000,0,パシフィック,68,9p,confirmed_tsumogiri,1775197137,486.471,,0,,"[1,13,25,28,40,49,70,71,94,98,103,122,16]","[56,2,15,62,101,23,39,75,90,31,8,129,83]","[64,96,79,104,54,66,65,59,100,52,89,73,114]","[30,86,125,58,128,63,102,88,127,44,105,50,99]",14r578m 2499p 678s 4z,13468m 167p 1358s 6z,r556888p 125789s 2z,8m 3467p 4r5789s 556z
20260403151827_0000_012,20260403151827_0000,20260403151827,0000,1,masa1125,2,1m,confirmed_tedashi,1775197141,3921.855,,0,,"[1,13,25,28,40,49,70,71,94,98,103,122,16]","[56,15,62,101,23,39,75,90,31,8,129,83,18]","[64,96,79,104,54,66,65,59,100,52,89,73,114]","[30,86,125,58,128,63,102,88,127,44,105,50,99]",14r578m 2499p 678s 4z,34568m 167p 1358s 6z,r556888p 125789s 2z,8m 3467p 4r5789s 556z
20260403151827_0000_013,20260403151827_0000,20260403151827,0000,2,はまはまみこみこ,73,1s,confirmed_tedashi,1775197145,4274.959,,0,,"[1,13,25,28,40,49,70,71,94,98,103,122,16]","[56,15,62,101,23,39,75,90,31,8,129,83,18]","[64,96,79,104,54,66,65,59,100,52,89,114,76]","[30,86,125,58,128,63,102,88,127,44,105,50,99]",14r578m 2499p 678s 4z,34568m 167p 1358s 6z,r556888p 225789s 2z,8m 3467p 4r5789s 556z
20260403151827_0000_014,20260403151827_0000,20260403151827,0000,3,1963414,128,6z,confirmed_tedashi,1775197148,2977.375,,0,,"[1,13,25,28,40,49,70,71,94,98,103,122,16]","[56,15,62,101,23,39,75,90,31,8,129,83,18]","[64,96,79,104,54,66,65,59,100,52,89,114,76]","[30,86,125,58,63,102,88,127,44,105,50,99,10]",14r578m 2499p 678s 4z,34568m 167p 1358s 6z,r556888p 225789s 2z,38m 3467p 4r5789s 55z
20260403151827_0000_015,20260403151827_0000,20260403151827,0000,0,パシフィック,48,4p,confirmed_tsumogiri,1775197149,712.021,,0,,"[1,13,25,28,40,49,70,71,94,98,103,122,16]","[56,15,62,101,23,39,75,90,31,8,129,83,18]","[64,96,79,104,54,66,65,59,100,52,89,114,76]","[30,86,125,58,63,102,88,127,44,105,50,99,10]",14r578m 2499p 678s 4z,34568m 167p 1358s 6z,r556888p 225789s 2z,38m 3467p 4r5789s 55z
20260403151827_0000_016,20260403151827_0000,20260403151827,0000,1,masa1125,39,1p,confirmed_tedashi,1775197152,3383.434,,0,,"[1,13,25,28,40,49,70,71,94,98,103,122,16]","[56,15,62,101,23,75,90,31,8,129,83,18,106]","[64,96,79,104,54,66,65,59,100,52,89,114,76]","[30,86,125,58,63,102,88,127,44,105,50,99,10]",14r578m 2499p 678s 4z,34568m 67p 13589s 6z,r556888p 225789s 2z,38m 3467p 4r5789s 55z
20260403151827_0000_017,20260403151827_0000,20260403151827,0000,2,はまはまみこみこ,124,5z,estimated_tsumogiri,1775197155,2781.666,,3,1465.242,"[1,13,25,28,40,49,70,71,94,98,103,122,16]","[56,15,62,101,23,75,90,31,8,129,83,18,106]","[64,96,79,104,54,66,65,59,100,52,89,114,76]","[30,86,125,58,63,102,88,127,44,105,50,99,10]",14r578m 2499p 678s 4z,34568m 67p 13589s 6z,r556888p 225789s 2z,38m 3467p 4r5789s 55z
20260403151827_0000_018,20260403151827_0000,20260403151827,0000,3,1963414,30,8m,confirmed_tedashi,1775197159,1988.687,,0,,"[1,13,25,28,40,49,70,71,94,98,103,122,16]","[56,15,62,101,23,75,90,31,8,129,83,18,106]","[64,96,79,104,54,66,65,59,100,52,89,114,76]","[86,125,58,63,102,88,127,44,105,50,99,10,97]",14r578m 2499p 678s 4z,34568m 67p 13589s 6z,r556888p 225789s 2z,3m 3467p 4r57789s 55z
20260403151827_0000_019,20260403151827_0000,20260403151827,0000,0,パシフィック,67,8p,confirmed_tsumogiri,1775197159,692.222,,3,6065.607,"[1,13,25,28,40,49,70,71,94,98,103,122,16]","[56,15,62,101,23,75,90,31,8,129,83,18,106]","[64,96,79,104,54,66,65,59,100,52,89,114,76]","[86,125,58,63,102,88,127,44,105,50,99,10,97]",14r578m 2499p 678s 4z,34568m 67p 13589s 6z,r556888p 225789s 2z,3m 3467p 4r57789s 55z
20260403151827_0000_020,20260403151827_0000,20260403151827,0000,1,masa1125,106,9s,confirmed_tedashi,1775197168,2568.024,,3,1729.658,"[1,13,25,28,40,49,70,71,94,98,103,122,16]","[56,15,62,101,23,75,90,31,8,129,83,18,72]","[64,96,79,104,54,66,65,59,100,52,89,114,76]","[86,125,58,63,102,88,127,44,105,50,99,10,97]",14r578m 2499p 678s 4z,34568m 67p 11358s 6z,r556888p 225789s 2z,3m 3467p 4r57789s 55z
20260403151827_0000_021,20260403151827_0000,20260403151827,0000,2,はまはまみこみこ,54,5p,confirmed_tedashi,1775197172,2262.687,,3,1795.776,"[1,13,25,28,40,49,70,71,94,98,103,122,16]","[56,15,62,101,23,75,90,31,8,129,83,18,72]","[64,96,79,104,66,65,59,100,52,89,114,76,115]","[86,125,58,63,102,88,127,44,105,50,99,10,97]",14r578m 2499p 678s 4z,34568m 67p 11358s 6z,r56888p 225789s 22z,3m 3467p 4r57789s 55z
20260403151827_0000_022,20260403151827_0000,20260403151827,0000,3,1963414,97,7s,confirmed_tedashi,1775197180,6382.989,,3,225.187,"[1,13,25,28,40,49,70,71,94,98,103,122,16]","[56,15,62,101,23,75,90,31,8,129,83,18,72]","[64,96,79,104,66,65,59,100,52,89,114,76,115]","[86,125,58,63,102,88,127,44,105,50,99,10,107]",14r578m 2499p 678s 4z,34568m 67p 11358s 6z,r56888p 225789s 22z,3m 3467p 4r57899s 55z
20260403151827_0000_023,20260403151827_0000,20260403151827,0000,0,パシフィック,110,1z,confirmed_tsumogiri,1775197181,514.255,,0,,"[1,13,25,28,40,49,70,71,94,98,103,122,16]","[56,15,62,101,23,75,90,31,8,129,83,18,72]","[64,96,79,104,66,65,59,100,52,89,114,76,115]","[86,125,58,63,102,88,127,44,105,50,99,10,107]",14r578m 2499p 678s 4z,34568m 67p 11358s 6z,r56888p 225789s 22z,3m 3467p 4r57899s 55z
20260403151827_0000_024,20260403151827_0000,20260403151827,0000,1,masa1125,129,6z,confirmed_tedashi,1775197185,4114.259,,0,,"[1,13,25,28,40,49,70,71,94,98,103,122,16]","[56,15,62,101,23,75,90,31,8,83,18,72,57]","[64,96,79,104,66,65,59,100,52,89,114,76,115]","[86,125,58,63,102,88,127,44,105,50,99,10,107]",14r578m 2499p 678s 4z,34568m 667p 11358s,r56888p 225789s 22z,3m 3467p 4r57899s 55z
20260403151827_0000_025,20260403151827_0000,20260403151827,0000,2,はまはまみこみこ,115,2z,confirmed_tedashi,1775197188,2984.605,,0,,"[1,13,25,28,40,49,70,71,94,98,103,122,16]","[56,15,62,101,23,75,90,31,8,83,18,72,57]","[64,96,79,104,66,65,59,100,52,89,114,76,84]","[86,125,58,63,102,88,127,44,105,50,99,10,107]",14r578m 2499p 678s 4z,34568m 667p 11358s,r56888p 2245789s 2z,3m 3467p 4r57899s 55z
20260403151827_0000_026,20260403151827_0000,20260403151827,0000,3,1963414,107,9s,confirmed_tedashi,1775197192,3545.299,,3,208.211,"[1,13,25,28,40,49,70,71,94,98,103,122,16]","[56,15,62,101,23,75,90,31,8,83,18,72,57]","[64,96,79,104,66,65,59,100,52,89,114,76,84]","[86,125,58,63,102,88,127,44,105,50,99,10,5]",14r578m 2499p 678s 4z,34568m 667p 11358s,r56888p 2245789s 2z,23m 3467p 4r5789s 55z
20260403151827_0000_027,20260403151827_0000,20260403151827,0000,0,パシフィック,112,2z,confirmed_tsumogiri,1775197192,490.672,,0,,"[1,13,25,28,40,49,70,71,94,98,103,122,16]","[56,15,62,101,23,75,90,31,8,83,18,72,57]","[64,96,79,104,66,65,59,100,52,89,114,76,84]","[86,125,58,63,102,88,127,44,105,50,99,10,5]",14r578m 2499p 678s 4z,34568m 667p 11358s,r56888p 2245789s 2z,23m 3467p 4r5789s 55z
20260403151827_0000_028,20260403151827_0000,20260403151827,0000,1,masa1125,111,1z,estimated_tsumogiri,1775197195,3173.475,,0,,"[1,13,25,28,40,49,70,71,94,98,103,122,16]","[56,15,62,101,23,75,90,31,8,83,18,72,57]","[64,96,79,104,66,65,59,100,52,89,114,76,84]","[86,125,58,63,102,88,127,44,105,50,99,10,5]",14r578m 2499p 678s 4z,34568m 667p 11358s,r56888p 2245789s 2z,23m 3467p 4r5789s 55z
20260403151827_0000_029,20260403151827_0000,20260403151827,0000,2,はまはまみこみこ,17,5m,estimated_tsumogiri,1775197198,3011.252,,0,,"[1,13,25,28,40,49,70,71,94,98,103,122,16]","[56,15,62,101,23,75,90,31,8,83,18,72,57]","[64,96,79,104,66,65,59,100,52,89,114,76,84]","[86,125,58,63,102,88,127,44,105,50,99,10,5]",14r578m 2499p 678s 4z,34568m 667p 11358s,r56888p 2245789s 2z,23m 3467p 4r5789s 55z
20260403151827_0000_030,20260403151827_0000,20260403151827,0000,3,1963414,127,5z,confirmed_tedashi,1775197202,3293.012,,0,,"[1,13,25,28,40,49,70,71,94,98,103,122,16]","[56,15,62,101,23,75,90,31,8,83,18,72,57]","[64,96,79,104,66,65,59,100,52,89,114,76,84]","[86,125,58,63,102,88,44,105,50,99,10,5,92]",14r578m 2499p 678s 4z,34568m 667p 11358s,r56888p 2245789s 2z,23m 3467p 4r56789s 5z
20260403151827_0000_031,20260403151827_0000,20260403151827,0000,0,パシフィック,85,4s,confirmed_tsumogiri,1775197202,695.205,,3,6810.162,"[1,13,25,28,40,49,70,71,94,98,103,122,16]","[56,15,62,101,23,75,90,31,8,83,18,72,57]","[64,96,79,104,66,65,59,100,52,89,114,76,84]","[86,125,58,63,102,88,44,105,50,99,10,5,92]",14r578m 2499p 678s 4z,34568m 667p 11358s,r56888p 2245789s 2z,23m 3467p 4r56789s 5z
20260403151827_0000_032,20260403151827_0000,20260403151827,0000,1,masa1125,108,1z,estimated_tsumogiri,1775197212,2471.194,,0,,"[1,13,25,28,40,49,70,71,94,98,103,122,16]","[56,15,62,101,23,75,90,31,8,83,18,72,57]","[64,96,79,104,66,65,59,100,52,89,114,76,84]","[86,125,58,63,102,88,44,105,50,99,10,5,92]",14r578m 2499p 678s 4z,34568m 667p 11358s,r56888p 2245789s 2z,23m 3467p 4r56789s 5z
20260403151827_0000_033,20260403151827_0000,20260403151827,0000,2,はまはまみこみこ,21,6m,estimated_tsumogiri,1775197214,2462.557,,0,,"[1,13,25,28,40,49,70,71,94,98,103,122,16]","[56,15,62,101,23,75,90,31,8,83,18,72,57]","[64,96,79,104,66,65,59,100,52,89,114,76,84]","[86,125,58,63,102,88,44,105,50,99,10,5,92]",14r578m 2499p 678s 4z,34568m 667p 11358s,r56888p 2245789s 2z,23m 3467p 4r56789s 5z
20260403151827_0000_034,20260403151827_0000,20260403151827,0000,3,1963414,125,5z,confirmed_tedashi,1775197216,2167.226,,0,,"[1,13,25,28,40,49,70,71,94,98,103,122,16]","[56,15,62,101,23,75,90,31,8,83,18,72,57]","[64,96,79,104,66,65,59,100,52,89,114,76,84]","[86,58,63,102,88,44,105,50,99,10,5,92,41]",14r578m 2499p 678s 4z,34568m 667p 11358s,r56888p 2245789s 2z,23m 23467p 4r56789s
20260403151827_0000_035,20260403151827_0000,20260403151827,0000,0,パシフィック,109,1z,confirmed_tsumogiri,1775197217,680.632,,0,,"[1,13,25,28,40,49,70,71,94,98,103,122,16]","[56,15,62,101,23,75,90,31,8,83,18,72,57]","[64,96,79,104,66,65,59,100,52,89,114,76,84]","[86,58,63,102,88,44,105,50,99,10,5,92,41]",14r578m 2499p 678s 4z,34568m 667p 11358s,r56888p 2245789s 2z,23m 23467p 4r56789s
20260403151827_0000_036,20260403151827_0000,20260403151827,0000,1,masa1125,101,8s,confirmed_tedashi,1775197221,4278.622,,3,2111.939,"[1,13,25,28,40,49,70,71,94,98,103,122,16]","[56,15,62,23,75,90,31,8,83,18,72,57,80]","[64,96,79,104,66,65,59,100,52,89,114,76,84]","[86,58,63,102,88,44,105,50,99,10,5,92,41]",14r578m 2499p 678s 4z,34568m 667p 11335s,r56888p 2245789s 2z,23m 23467p 4r56789s
20260403151827_0000_037,20260403151827_0000,20260403151827,0000,2,はまはまみこみこ,121,4z,estimated_tsumogiri,1775197225,2126.94,,0,,"[1,13,25,28,40,49,70,71,94,98,103,122,16]","[56,15,62,23,75,90,31,8,83,18,72,57,80]","[64,96,79,104,66,65,59,100,52,89,114,76,84]","[86,58,63,102,88,44,105,50,99,10,5,92,41]",14r578m 2499p 678s 4z,34568m 667p 11335s,r56888p 2245789s 2z,23m 23467p 4r56789s
20260403151827_0000_038,20260403151827_0000,20260403151827,0000,3,1963414,35,9m,estimated_tsumogiri,1775197228,2110.367,,3,203.187,"[1,13,25,28,40,49,70,71,94,98,103,122,16]","[56,15,62,23,75,90,31,8,83,18,72,57,80]","[64,96,79,104,66,65,59,100,52,89,114,76,84]","[86,58,63,102,88,44,105,50,99,10,5,92,41]",14r578m 2499p 678s 4z,34568m 667p 11335s,r56888p 2245789s 2z,23m 23467p 4r56789s
20260403151827_0000_039,20260403151827_0000,20260403151827,0000,0,パシフィック,87,4s,confirmed_tsumogiri,1775197228,485.341,,3,3102.594,"[1,13,25,28,40,49,70,71,94,98,103,122,16]","[56,15,62,23,75,90,31,8,83,18,72,57,80]","[64,96,79,104,66,65,59,100,52,89,114,76,84]","[86,58,63,102,88,44,105,50,99,10,5,92,41]",14r578m 2499p 678s 4z,34568m 667p 11335s,r56888p 2245789s 2z,23m 23467p 4r56789s
20260403151827_0000_040,20260403151827_0000,20260403151827,0000,1,masa1125,32,9m,estimated_tsumogiri,1775197235,3246.86,,0,,"[1,13,25,28,40,49,70,71,94,98,103,122,16]","[56,15,62,23,75,90,31,8,83,18,72,57,80]","[64,96,79,104,66,65,59,100,52,89,114,76,84]","[86,58,63,102,88,44,105,50,99,10,5,92,41]",14r578m 2499p 678s 4z,34568m 667p 11335s,r56888p 2245789s 2z,23m 23467p 4r56789s
20260403151827_0000_041,20260403151827_0000,20260403151827,0000,2,はまはまみこみこ,114,2z,confirmed_tedashi,1775197238,3274.437,,0,,"[1,13,25,28,40,49,70,71,94,98,103,122,16]","[56,15,62,23,75,90,31,8,83,18,72,57,80]","[64,96,79,104,66,65,59,100,52,89,76,84,77]","[86,58,63,102,88,44,105,50,99,10,5,92,41]",14r578m 2499p 678s 4z,34568m 667p 11335s,r56888p 22245789s,23m 23467p 4r56789s
20260403151827_0000_042,20260403151827_0000,20260403151827,0000,3,1963414,105,9s,confirmed_tedashi,1775197243,4968.22,,3,195.66,"[1,13,25,28,40,49,70,71,94,98,103,122,16]","[56,15,62,23,75,90,31,8,83,18,72,57,80]","[64,96,79,104,66,65,59,100,52,89,76,84,77]","[86,58,63,102,88,44,50,99,10,5,92,41,91]",14r578m 2499p 678s 4z,34568m 667p 11335s,r56888p 22245789s,23m 23467p 4r55678s
20260403151827_0000_043,20260403151827_0000,20260403151827,0000,0,パシフィック,3,1m,confirmed_tsumogiri,1775197244,484.641,,0,,"[1,13,25,28,40,49,70,71,94,98,103,122,16]","[56,15,62,23,75,90,31,8,83,18,72,57,80]","[64,96,79,104,66,65,59,100,52,89,76,84,77]","[86,58,63,102,88,44,50,99,10,5,92,41,91]",14r578m 2499p 678s 4z,34568m 667p 11335s,r56888p 22245789s,23m 23467p 4r55678s
20260403151827_0000_044,20260403151827_0000,20260403151827,0000,1,masa1125,90,5s,confirmed_tedashi,1775197249,5139.827,,3,2169.774,"[1,13,25,28,40,49,70,71,94,98,103,122,16]","[56,15,62,23,75,31,8,83,18,72,57,80,81]","[64,96,79,104,66,65,59,100,52,89,76,84,77]","[86,58,63,102,88,44,50,99,10,5,92,41,91]",14r578m 2499p 678s 4z,34568m 667p 11333s,r56888p 22245789s,23m 23467p 4r55678s
20260403151827_0000_045,20260403151827_0000,20260403151827,0000,2,はまはまみこみこ,59,6p,confirmed_tedashi,1775197256,1321.182,3697.446,3,2680.847,"[1,13,25,28,40,49,70,71,94,98,103,122,16]","[56,15,62,23,75,31,8,83,18,72,57,80,81]","[64,96,79,104,66,65,100,52,89,76,84,77,55]","[86,58,63,102,88,44,50,99,10,5,92,41,91]",14r578m 2499p 678s 4z,34568m 667p 11333s,r55888p 22245789s,23m 23467p 4r55678s
20260403151827_0000_046,20260403151827_0000,20260403151827,0000,3,1963414,58,6p,confirmed_tedashi,1775197265,6246.515,,3,3219.662,"[1,13,25,28,40,49,70,71,94,98,103,122,16]","[56,15,62,23,75,31,8,83,18,72,57,80,81]","[64,96,79,104,66,65,100,52,89,76,84,77,55]","[86,63,102,88,44,50,99,10,5,92,41,91,24]",14r578m 2499p 678s 4z,34568m 667p 11333s,r55888p 22245789s,237m 2347p 4r55678s
20260403151827_0000_047,20260403151827_0000,20260403151827,0000,0,パシフィック,42,2p,confirmed_tsumogiri,1775197268,212.013,,0,,"[1,13,25,28,40,49,70,71,94,98,103,122,16]","[56,15,62,23,75,31,8,83,18,72,57,80,81]","[64,96,79,104,66,65,100,52,89,76,84,77,55]","[86,63,102,88,44,50,99,10,5,92,41,91,24]",14r578m 2499p 678s 4z,34568m 667p 11333s,r55888p 22245789s,237m 2347p 4r55678s
20260403151827_0000_048,20260403151827_0000,20260403151827,0000,1,masa1125,57,6p,confirmed_tedashi,1775197273,4283.926,,0,,"[1,13,25,28,40,49,70,71,94,98,103,122,16]","[56,15,62,23,75,31,8,83,18,72,80,81,6]","[64,96,79,104,66,65,100,52,89,76,84,77,55]","[86,63,102,88,44,50,99,10,5,92,41,91,24]",14r578m 2499p 678s 4z,234568m 67p 11333s,r55888p 22245789s,237m 2347p 4r55678s
20260403151827_0000_049,20260403151827_0000,20260403151827,0000,2,はまはまみこみこ,4,2m,estimated_tsumogiri,1775197273,801.78,,0,,"[1,13,25,28,40,49,70,71,94,98,103,122,16]","[56,15,62,23,75,31,8,83,18,72,80,81,6]","[64,96,79,104,66,65,100,52,89,76,84,77,55]","[86,63,102,88,44,50,99,10,5,92,41,91,24]",14r578m 2499p 678s 4z,234568m 67p 11333s,r55888p 22245789s,237m 2347p 4r55678s
20260403151827_0000_050,20260403151827_0000,20260403151827,0000,3,1963414,5,2m,confirmed_tedashi,1775197277,3669.478,,0,,"[1,13,25,28,40,49,70,71,94,98,103,122,16]","[56,15,62,23,75,31,8,83,18,72,80,81,6]","[64,96,79,104,66,65,100,52,89,76,84,77,55]","[86,63,102,88,44,50,99,10,92,41,91,24,61]",14r578m 2499p 678s 4z,234568m 67p 11333s,r55888p 22245789s,37m 23477p 4r55678s
20260403151827_0000_051,20260403151827_0000,20260403151827,0000,0,パシフィック,113,2z,confirmed_tsumogiri,1775197278,713.192,,0,,"[1,13,25,28,40,49,70,71,94,98,103,122,16]","[56,15,62,23,75,31,8,83,18,72,80,81,6]","[64,96,79,104,66,65,100,52,89,76,84,77,55]","[86,63,102,88,44,50,99,10,92,41,91,24,61]",14r578m 2499p 678s 4z,234568m 67p 11333s,r55888p 22245789s,37m 23477p 4r55678s
20260403151827_0000_052,20260403151827_0000,20260403151827,0000,1,masa1125,131,6z,estimated_tsumogiri,1775197281,3341.692,,0,,"[1,13,25,28,40,49,70,71,94,98,103,122,16]","[56,15,62,23,75,31,8,83,18,72,80,81,6]","[64,96,79,104,66,65,100,52,89,76,84,77,55]","[86,63,102,88,44,50,99,10,92,41,91,24,61]",14r578m 2499p 678s 4z,234568m 67p 11333s,r55888p 22245789s,37m 23477p 4r55678s
20260403151827_0000_053,20260403151827_0000,20260403151827,0000,2,はまはまみこみこ,11,3m,estimated_tsumogiri,1775197282,766.319,,0,,"[1,13,25,28,40,49,70,71,94,98,103,122,16]","[56,15,62,23,75,31,8,83,18,72,80,81,6]","[64,96,79,104,66,65,100,52,89,76,84,77,55]","[86,63,102,88,44,50,99,10,92,41,91,24,61]",14r578m 2499p 678s 4z,234568m 67p 11333s,r55888p 22245789s,37m 23477p 4r55678s
20260403151827_0000_054,20260403151827_0000,20260403151827,0000,3,1963414,36,1p,estimated_tsumogiri,1775197286,3766.612,,0,,"[1,13,25,28,40,49,70,71,94,98,103,122,16]","[56,15,62,23,75,31,8,83,18,72,80,81,6]","[64,96,79,104,66,65,100,52,89,76,84,77,55]","[86,63,102,88,44,50,99,10,92,41,91,24,61]",14r578m 2499p 678s 4z,234568m 67p 11333s,r55888p 22245789s,37m 23477p 4r55678s
20260403151827_0000_055,20260403151827_0000,20260403151827,0000,0,パシフィック,74,1s,confirmed_tsumogiri,1775197286,700.228,,3,3554.649,"[1,13,25,28,40,49,70,71,94,98,103,122,16]","[56,15,62,23,75,31,8,83,18,72,80,81,6]","[64,96,79,104,66,65,100,52,89,76,84,77,55]","[86,63,102,88,44,50,99,10,92,41,91,24,61]",14r578m 2499p 678s 4z,234568m 67p 11333s,r55888p 22245789s,37m 23477p 4r55678s
20260403151827_0000_056,20260403151827_0000,20260403151827,0000,1,masa1125,33,9m,estimated_tsumogiri,1775197292,2445.371,,0,,"[1,13,25,28,40,49,70,71,94,98,103,122,16]","[56,15,62,23,75,31,8,83,18,72,80,81,6]","[64,96,79,104,66,65,100,52,89,76,84,77,55]","[86,63,102,88,44,50,99,10,92,41,91,24,61]",14r578m 2499p 678s 4z,234568m 67p 11333s,r55888p 22245789s,37m 23477p 4r55678s
20260403151827_0000_057,20260403151827_0000,20260403151827,0000,2,はまはまみこみこ,20,6m,estimated_tsumogiri,1775197293,807.197,,0,,"[1,13,25,28,40,49,70,71,94,98,103,122,16]","[56,15,62,23,75,31,8,83,18,72,80,81,6]","[64,96,79,104,66,65,100,52,89,76,84,77,55]","[86,63,102,88,44,50,99,10,92,41,91,24,61]",14r578m 2499p 678s 4z,234568m 67p 11333s,r55888p 22245789s,37m 23477p 4r55678s
20260403151827_0000_058,20260403151827_0000,20260403151827,0000,3,1963414,10,3m,confirmed_tedashi,1775197296,2597.712,,3,208.071,"[1,13,25,28,40,49,70,71,94,98,103,122,16]","[56,15,62,23,75,31,8,83,18,72,80,81,6]","[64,96,79,104,66,65,100,52,89,76,84,77,55]","[86,63,102,88,44,50,99,92,41,91,24,61,29]",14r578m 2499p 678s 4z,234568m 67p 11333s,r55888p 22245789s,78m 23477p 4r55678s
20260403151827_0000_059,20260403151827_0000,20260403151827,0000,0,パシフィック,82,3s,confirmed_tsumogiri,1775197296,485.419,,0,,"[1,13,25,28,40,49,70,71,94,98,103,122,16]","[56,15,62,23,75,31,8,83,18,72,80,81,6]","[64,96,79,104,66,65,100,52,89,76,84,77,55]","[86,63,102,88,44,50,99,92,41,91,24,61,29]",14r578m 2499p 678s 4z,234568m 67p 11333s,r55888p 22245789s,78m 23477p 4r55678s
20260403151827_0100_000,20260403151827_0100,20260403151827,0100,2,はまはまみこみこ,1,1m,confirmed_tedashi,1775197315,5606.717,,0,,"[84,24,98,99,38,104,88,100,89,39,18,21,22]","[91,47,93,72,74,61,20,48,96,94,45,35,33]","[71,26,44,37,8,31,69,46,14,106,64,95,81]","[65,119,0,105,29,114,9,50,117,62,126,76,133]",5667m 11p 4r557789s,699m 3347p 115667s,3478m 133899p 369s,138m 478p 29s 23357z
20260403151827_0100_001,20260403151827_0100,20260403151827,0100,3,1963414,114,2z,confirmed_tedashi,1775197318,2853.752,,0,,"[84,24,98,99,38,104,88,100,89,39,18,21,22]","[91,47,93,72,74,61,20,48,96,94,45,35,33]","[71,26,44,37,8,31,69,46,14,106,64,95,81]","[65,119,0,105,29,9,50,117,62,126,76,133,25]",5667m 11p 4r557789s,699m 3347p 115667s,3478m 133899p 369s,1378m 478p 29s 3357z
20260403151827_0100_002,20260403151827_0100,20260403151827,0100,0,パシフィック,57,6p,confirmed_tedashi,1775197320,2293.383,,0,,"[84,24,98,99,38,104,88,100,89,39,18,21,22]","[91,47,93,72,74,61,20,48,96,94,45,35,33]","[71,26,44,37,8,31,69,46,14,106,64,95,81]","[65,119,0,105,29,9,50,117,62,126,76,133,25]",5667m 11p 4r557789s,699m 3347p 115667s,3478m 133899p 369s,1378m 478p 29s 3357z
20260403151827_0100_003,20260403151827_0100,20260403151827,0100,1,masa1125,4,2m,estimated_tsumogiri,1775197327,6083.483,,3,1882.37,"[84,24,98,99,38,104,88,100,89,39,18,21,22]","[91,47,93,72,74,61,20,48,96,94,45,35,33]","[71,26,44,37,8,31,69,46,14,106,64,95,81]","[65,119,0,105,29,9,50,117,62,126,76,133,25]",5667m 11p 4r557789s,699m 3347p 115667s,3478m 133899p 369s,1378m 478p 29s 3357z
20260403151827_0100_004,20260403151827_0100,20260403151827,0100,2,はまはまみこみこ,106,9s,confirmed_tedashi,1775197330,1834.869,,0,,"[84,24,98,99,38,104,88,100,89,39,18,21,22]","[91,47,93,72,74,61,20,48,96,94,45,35,33]","[71,26,44,37,8,31,69,46,14,64,95,81,27]","[65,119,0,105,29,9,50,117,62,126,76,133,25]",5667m 11p 4r557789s,699m 3347p 115667s,34778m 133899p 36s,1378m 478p 29s 3357z
20260403151827_0100_005,20260403151827_0100,20260403151827,0100,3,1963414,133,7z,confirmed_tedashi,1775197333,2726.931,,0,,"[84,24,98,99,38,104,88,100,89,39,18,21,22]","[91,47,93,72,74,61,20,48,96,94,45,35,33]","[71,26,44,37,8,31,69,46,14,64,95,81,27]","[65,119,0,105,29,9,50,117,62,126,76,25,17]",5667m 11p 4r557789s,699m 3347p 115667s,34778m 133899p 36s,13578m 478p 29s 335z
20260403151827_0100_006,20260403151827_0100,20260403151827,0100,0,パシフィック,132,7z,confirmed_tsumogiri,1775197334,691.353,,0,,"[84,24,98,99,38,104,88,100,89,39,18,21,22]","[91,47,93,72,74,61,20,48,96,94,45,35,33]","[71,26,44,37,8,31,69,46,14,64,95,81,27]","[65,119,0,105,29,9,50,117,62,126,76,25,17]",5667m 11p 4r557789s,699m 3347p 115667s,34778m 133899p 36s,13578m 478p 29s 335z
20260403151827_0100_007,20260403151827_0100,20260403151827,0100,1,masa1125,61,7p,confirmed_tedashi,1775197338,4140.299,,3,1842.942,"[84,24,98,99,38,104,88,100,89,39,18,21,22]","[91,47,93,72,74,20,48,96,94,45,35,33,40]","[71,26,44,37,8,31,69,46,14,64,95,81,27]","[65,119,0,105,29,9,50,117,62,126,76,25,17]",5667m 11p 4r557789s,699m 2334p 115667s,34778m 133899p 36s,13578m 478p 29s 335z
20260403151827_0100_008,20260403151827_0100,20260403151827,0100,2,はまはまみこみこ,64,8p,confirmed_tedashi,1775197342,2417.875,,0,,"[84,24,98,99,38,104,88,100,89,39,18,21,22]","[91,47,93,72,74,20,48,96,94,45,35,33,40]","[71,26,44,37,8,31,69,46,14,95,81,27,70]","[65,119,0,105,29,9,50,117,62,126,76,25,17]",5667m 11p 4r557789s,699m 2334p 115667s,34778m 133999p 36s,13578m 478p 29s 335z
20260403151827_0100_009,20260403151827_0100,20260403151827,0100,3,1963414,126,5z,confirmed_tedashi,1775197344,2437.723,,0,,"[84,24,98,99,38,104,88,100,89,39,18,21,22]","[91,47,93,72,74,20,48,96,94,45,35,33,40]","[71,26,44,37,8,31,69,46,14,95,81,27,70]","[65,119,0,105,29,9,50,117,62,76,25,17,34]",5667m 11p 4r557789s,699m 2334p 115667s,34778m 133999p 36s,135789m 478p 29s 33z
20260403151827_0100_010,20260403151827_0100,20260403151827,0100,0,パシフィック,7,2m,confirmed_tsumogiri,1775197345,695.379,,0,,"[84,24,98,99,38,104,88,100,89,39,18,21,22]","[91,47,93,72,74,20,48,96,94,45,35,33,40]","[71,26,44,37,8,31,69,46,14,95,81,27,70]","[65,119,0,105,29,9,50,117,62,76,25,17,34]",5667m 11p 4r557789s,699m 2334p 115667s,34778m 133999p 36s,135789m 478p 29s 33z
20260403151827_0100_011,20260403151827_0100,20260403151827,0100,1,masa1125,6,2m,estimated_tsumogiri,1775197350,5044.414,,3,2284.737,"[84,24,98,99,38,104,88,100,89,39,18,21,22]","[91,47,93,72,74,20,48,96,94,45,35,33,40]","[71,26,44,37,8,31,69,46,14,95,81,27,70]","[65,119,0,105,29,9,50,117,62,76,25,17,34]",5667m 11p 4r557789s,699m 2334p 115667s,34778m 133999p 36s,135789m 478p 29s 33z
20260403151827_0100_012,20260403151827_0100,20260403151827,0100,2,はまはまみこみこ,125,5z,estimated_tsumogiri,1775197355,2100.073,,0,,"[84,24,98,99,38,104,88,100,89,39,18,21,22]","[91,47,93,72,74,20,48,96,94,45,35,33,40]","[71,26,44,37,8,31,69,46,14,95,81,27,70]","[65,119,0,105,29,9,50,117,62,76,25,17,34]",5667m 11p 4r557789s,699m 2334p 115667s,34778m 133999p 36s,135789m 478p 29s 33z
20260403151827_0100_013,20260403151827_0100,20260403151827,0100,3,1963414,105,9s,confirmed_tedashi,1775197358,2975.059,,3,198.105,"[84,24,98,99,38,104,88,100,89,39,18,21,22]","[91,47,93,72,74,20,48,96,94,45,35,33,40]","[71,26,44,37,8,31,69,46,14,95,81,27,70]","[65,119,0,29,9,50,117,62,76,25,17,34,51]",5667m 11p 4r557789s,699m 2334p 115667s,34778m 133999p 36s,135789m 4478p 2s 33z
20260403151827_0100_014,20260403151827_0100,20260403151827,0100,0,パシフィック,129,6z,confirmed_tsumogiri,1775197358,484.915,,5,1741.28,"[84,24,98,99,38,104,88,100,89,39,18,21,22]","[91,47,93,72,74,20,48,96,94,45,35,33,40]","[71,26,44,37,8,31,69,46,14,95,81,27,70]","[65,119,0,29,9,50,117,62,76,25,17,34,51]",5667m 11p 4r557789s,699m 2334p 115667s,34778m 133999p 36s,135789m 4478p 2s 33z
20260403151827_0100_015,20260403151827_0100,20260403151827,0100,1,masa1125,112,2z,estimated_tsumogiri,1775197362,1910.768,,0,,"[84,24,98,99,38,104,88,100,89,39,18,21,22]","[91,47,93,72,74,20,48,96,94,45,35,33,40]","[71,26,44,37,8,31,69,46,14,95,81,27,70]","[65,119,0,29,9,50,117,62,76,25,17,34,51]",5667m 11p 4r557789s,699m 2334p 115667s,34778m 133999p 36s,135789m 4478p 2s 33z
20260403151827_0100_016,20260403151827_0100,20260403151827,0100,2,はまはまみこみこ,124,5z,estimated_tsumogiri,1775197365,3030.318,,0,,"[84,24,98,99,38,104,88,100,89,39,18,21,22]","[91,47,93,72,74,20,48,96,94,45,35,33,40]","[71,26,44,37,8,31,69,46,14,95,81,27,70]","[65,119,0,29,9,50,117,62,76,25,17,34,51]",5667m 11p 4r557789s,699m 2334p 115667s,34778m 133999p 36s,135789m 4478p 2s 33z
20260403151827_0100_017,20260403151827_0100,20260403151827,0100,3,1963414,115,2z,estimated_tsumogiri,1775197367,2334.382,,0,,"[84,24,98,99,38,104,88,100,89,39,18,21,22]","[91,47,93,72,74,20,48,96,94,45,35,33,40]","[71,26,44,37,8,31,69,46,14,95,81,27,70]","[65,119,0,29,9,50,117,62,76,25,17,34,51]",5667m 11p 4r557789s,699m 2334p 115667s,34778m 133999p 36s,135789m 4478p 2s 33z
20260403151827_0100_018,20260403151827_0100,20260403151827,0100,0,パシフィック,58,6p,confirmed_tsumogiri,1775197368,702.011,,0,,"[84,24,98,99,38,104,88,100,89,39,18,21,22]","[91,47,93,72,74,20,48,96,94,45,35,33,40]","[71,26,44,37,8,31,69,46,14,95,81,27,70]","[65,119,0,29,9,50,117,62,76,25,17,34,51]",5667m 11p 4r557789s,699m 2334p 115667s,34778m 133999p 36s,135789m 4478p 2s 33z
20260403151827_0100_019,20260403151827_0100,20260403151827,0100,1,masa1125,35,9m,confirmed_tedashi,1775197373,5119.525,,3,1762.084,"[84,24,98,99,38,104,88,100,89,39,18,21,22]","[91,47,93,72,74,20,48,96,94,45,33,40,97]","[71,26,44,37,8,31,69,46,14,95,81,27,70]","[65,119,0,29,9,50,117,62,76,25,17,34,51]",5667m 11p 4r557789s,69m 2334p 1156677s,34778m 133999p 36s,135789m 4478p 2s 33z
20260403151827_0100_020,20260403151827_0100,20260403151827,0100,2,はまはまみこみこ,46,3p,confirmed_tedashi,1775197377,2598.888,,3,4858.737,"[84,24,98,99,38,104,88,100,89,39,18,21,22]","[91,47,93,72,74,20,48,96,94,45,33,40,97]","[71,26,44,37,8,31,69,14,95,81,27,70,43]","[65,119,0,29,9,50,117,62,76,25,17,34,51]",5667m 11p 4r557789s,69m 2334p 1156677s,34778m 123999p 36s,135789m 4478p 2s 33z
20260403151827_0100_021,20260403151827_0100,20260403151827,0100,3,1963414,76,2s,confirmed_tedashi,1775197386,4069.578,,0,,"[84,24,98,99,38,104,88,100,89,39,18,21,22]","[91,47,93,72,74,20,48,96,94,45,33,40,97]","[71,26,44,37,8,31,69,14,95,81,27,70,43]","[65,119,0,29,9,50,117,62,25,17,34,51,49]",5667m 11p 4r557789s,69m 2334p 1156677s,34778m 123999p 36s,135789m 44478p 33z
20260403151827_0100_022,20260403151827_0100,20260403151827,0100,0,パシフィック,122,4z,confirmed_tsumogiri,1775197387,679.657,,0,,"[84,24,98,99,38,104,88,100,89,39,18,21,22]","[91,47,93,72,74,20,48,96,94,45,33,40,97]","[71,26,44,37,8,31,69,14,95,81,27,70,43]","[65,119,0,29,9,50,117,62,25,17,34,51,49]",5667m 11p 4r557789s,69m 2334p 1156677s,34778m 123999p 36s,135789m 44478p 33z
20260403151827_0100_023,20260403151827_0100,20260403151827,0100,1,masa1125,33,9m,confirmed_tedashi,1775197399,11810.484,,3,2324.408,"[84,24,98,99,38,104,88,100,89,39,18,21,22]","[91,47,93,72,74,20,48,96,94,45,40,97,87]","[71,26,44,37,8,31,69,14,95,81,27,70,43]","[65,119,0,29,9,50,117,62,25,17,34,51,49]",5667m 11p 4r557789s,6m 2334p 11456677s,34778m 123999p 36s,135789m 44478p 33z
20260403151827_0100_024,20260403151827_0100,20260403151827,0100,2,はまはまみこみこ,81,3s,confirmed_tedashi,1775197410,8613.766,,0,,"[84,24,98,99,38,104,88,100,89,39,18,21,22]","[91,47,93,72,74,20,48,96,94,45,40,97,87]","[71,26,44,37,8,31,69,14,95,27,70,43,53]","[65,119,0,29,9,50,117,62,25,17,34,51,49]",5667m 11p 4r557789s,6m 2334p 11456677s,34778m 1235999p 6s,135789m 44478p 33z
20260403151827_0100_025,20260403151827_0100,20260403151827,0100,3,1963414,127,5z,estimated_tsumogiri,1775197412,2552.032,,0,,"[84,24,98,99,38,104,88,100,89,39,18,21,22]","[91,47,93,72,74,20,48,96,94,45,40,97,87]","[71,26,44,37,8,31,69,14,95,27,70,43,53]","[65,119,0,29,9,50,117,62,25,17,34,51,49]",5667m 11p 4r557789s,6m 2334p 11456677s,34778m 1235999p 6s,135789m 44478p 33z
20260403151827_0100_026,20260403151827_0100,20260403151827,0100,0,パシフィック,79,2s,confirmed_tsumogiri,1775197413,688.042,,0,,"[84,24,98,99,38,104,88,100,89,39,18,21,22]","[91,47,93,72,74,20,48,96,94,45,40,97,87]","[71,26,44,37,8,31,69,14,95,27,70,43,53]","[65,119,0,29,9,50,117,62,25,17,34,51,49]",5667m 11p 4r557789s,6m 2334p 11456677s,34778m 1235999p 6s,135789m 44478p 33z
20260403151827_0100_027,20260403151827_0100,20260403151827,0100,1,masa1125,20,6m,confirmed_tedashi,1775197421,8303.617,,3,1874.773,"[84,24,98,99,38,104,88,100,89,39,18,21,22]","[91,47,93,72,74,48,96,94,45,40,97,87,101]","[71,26,44,37,8,31,69,14,95,27,70,43,53]","[65,119,0,29,9,50,117,62,25,17,34,51,49]",5667m 11p 4r557789s,2334p 114566778s,34778m 1235999p 6s,135789m 44478p 33z
20260403151827_0100_028,20260403151827_0100,20260403151827,0100,2,はまはまみこみこ,8,3m,confirmed_tedashi,1775197432,8502.62,,0,,"[84,24,98,99,38,104,88,100,89,39,18,21,22]","[91,47,93,72,74,48,96,94,45,40,97,87,101]","[71,26,44,37,31,69,14,95,27,70,43,53,85]","[65,119,0,29,9,50,117,62,25,17,34,51,49]",5667m 11p 4r557789s,2334p 114566778s,4778m 1235999p 46s,135789m 44478p 33z
20260403151827_0100_029,20260403151827_0100,20260403151827,0100,3,1963414,0,1m,confirmed_tedashi,1775197435,2756.494,,0,,"[84,24,98,99,38,104,88,100,89,39,18,21,22]","[91,47,93,72,74,48,96,94,45,40,97,87,101]","[71,26,44,37,31,69,14,95,27,70,43,53,85]","[65,119,29,9,50,117,62,25,17,34,51,49,67]",5667m 11p 4r557789s,2334p 114566778s,4778m 1235999p 46s,35789m 444788p 33z
20260403151827_0100_030,20260403151827_0100,20260403151827,0100,0,パシフィック,19,5m,confirmed_tsumogiri,1775197435,695.841,,0,,"[84,24,98,99,38,104,88,100,89,39,18,21,22]","[91,47,93,72,74,48,96,94,45,40,97,87,101]","[71,26,44,37,31,69,14,95,27,70,43,53,85]","[65,119,29,9,50,117,62,25,17,34,51,49,67]",5667m 11p 4r557789s,2334p 114566778s,4778m 1235999p 46s,35789m 444788p 33z
20260403151827_0100_031,20260403151827_0100,20260403151827,0100,1,masa1125,87,4s,confirmed_tedashi,1775197442,2327.798,4841.866,0,,"[84,24,98,99,38,104,88,100,89,39,18,21,22]","[91,47,93,72,74,48,96,94,45,40,97,101,42]","[71,26,44,37,31,69,14,95,27,70,43,53,85]","[65,119,29,9,50,117,62,25,17,34,51,49,67]",5667m 11p 4r557789s,22334p 11566778s,4778m 1235999p 46s,35789m 444788p 33z
20260403151827_0100_032,20260403151827_0100,20260403151827,0100,2,はまはまみこみこ,31,8m,confirmed_tedashi,1775197448,6087.286,,3,1701.201,"[84,24,98,99,38,104,88,100,89,39,18,21,22]","[91,47,93,72,74,48,96,94,45,40,97,101,42]","[71,26,44,37,69,14,95,27,70,43,53,85,111]","[65,119,29,9,50,117,62,25,17,34,51,49,67]",5667m 11p 4r557789s,22334p 11566778s,477m 1235999p 46s 1z,35789m 444788p 33z
20260403151827_0100_033,20260403151827_0100,20260403151827,0100,3,1963414,131,6z,estimated_tsumogiri,1775197454,4204.93,,0,,"[84,24,98,99,38,104,88,100,89,39,18,21,22]","[91,47,93,72,74,48,96,94,45,40,97,101,42]","[71,26,44,37,69,14,95,27,70,43,53,85,111]","[65,119,29,9,50,117,62,25,17,34,51,49,67]",5667m 11p 4r557789s,22334p 11566778s,477m 1235999p 46s 1z,35789m 444788p 33z
20260403151827_0100_034,20260403151827_0100,20260403151827,0100,0,パシフィック,120,4z,confirmed_tsumogiri,1775197455,681.239,,0,,"[84,24,98,99,38,104,88,100,89,39,18,21,22]","[91,47,93,72,74,48,96,94,45,40,97,101,42]","[71,26,44,37,69,14,95,27,70,43,53,85,111]","[65,119,29,9,50,117,62,25,17,34,51,49,67]",5667m 11p 4r557789s,22334p 11566778s,477m 1235999p 46s 1z,35789m 444788p 33z
20260403151827_0100_035,20260403151827_0100,20260403151827,0100,1,masa1125,41,2p,estimated_tsumogiri,1775197456,1159.001,,3,2750.763,"[84,24,98,99,38,104,88,100,89,39,18,21,22]","[91,47,93,72,74,48,96,94,45,40,97,101,42]","[71,26,44,37,69,14,95,27,70,43,53,85,111]","[65,119,29,9,50,117,62,25,17,34,51,49,67]",5667m 11p 4r557789s,22334p 11566778s,477m 1235999p 46s 1z,35789m 444788p 33z
20260403151827_0100_036,20260403151827_0100,20260403151827,0100,2,はまはまみこみこ,85,4s,confirmed_tedashi,1775197462,2608.443,,0,,"[84,24,98,99,38,104,88,100,89,39,18,21,22]","[91,47,93,72,74,48,96,94,45,40,97,101,42]","[71,26,44,37,69,14,95,27,70,43,53,111,109]","[65,119,29,9,50,117,62,25,17,34,51,49,67]",5667m 11p 4r557789s,22334p 11566778s,477m 1235999p 6s 11z,35789m 444788p 33z
20260403151827_0100_037,20260403151827_0100,20260403151827,0100,3,1963414,9,3m,confirmed_tedashi,1775197468,6343.936,,0,,"[84,24,98,99,38,104,88,100,89,39,18,21,22]","[91,47,93,72,74,48,96,94,45,40,97,101,42]","[71,26,44,37,69,14,95,27,70,43,53,111,109]","[65,119,29,50,117,62,25,17,34,51,49,67,54]",5667m 11p 4r557789s,22334p 11566778s,477m 1235999p 6s 11z,5789m 4445788p 33z
20260403151827_0100_038,20260403151827_0100,20260403151827,0100,0,パシフィック,60,7p,confirmed_tsumogiri,1775197469,711.533,,0,,"[84,24,98,99,38,104,88,100,89,39,18,21,22]","[91,47,93,72,74,48,96,94,45,40,97,101,42]","[71,26,44,37,69,14,95,27,70,43,53,111,109]","[65,119,29,50,117,62,25,17,34,51,49,67,54]",5667m 11p 4r557789s,22334p 11566778s,477m 1235999p 6s 11z,5789m 4445788p 33z
20260403151827_0100_039,20260403151827_0100,20260403151827,0100,1,masa1125,12,4m,estimated_tsumogiri,1775197470,1135.196,,0,,"[84,24,98,99,38,104,88,100,89,39,18,21,22]","[91,47,93,72,74,48,96,94,45,40,97,101,42]","[71,26,44,37,69,14,95,27,70,43,53,111,109]","[65,119,29,50,117,62,25,17,34,51,49,67,54]",5667m 11p 4r557789s,22334p 11566778s,477m 1235999p 6s 11z,5789m 4445788p 33z
20260403151827_0100_040,20260403151827_0100,20260403151827,0100,2,はまはまみこみこ,14,4m,confirmed_tedashi,1775197473,3456.052,,0,,"[84,24,98,99,38,104,88,100,89,39,18,21,22]","[91,47,93,72,74,48,96,94,45,40,97,101,42]","[71,26,44,37,69,95,27,70,43,53,111,109,128]","[65,119,29,50,117,62,25,17,34,51,49,67,54]",5667m 11p 4r557789s,22334p 11566778s,77m 1235999p 6s 116z,5789m 4445788p 33z
20260403151827_0100_041,20260403151827_0100,20260403151827,0100,3,1963414,113,2z,estimated_tsumogiri,1775197477,3841.731,,0,,"[84,24,98,99,38,104,88,100,89,39,18,21,22]","[91,47,93,72,74,48,96,94,45,40,97,101,42]","[71,26,44,37,69,95,27,70,43,53,111,109,128]","[65,119,29,50,117,62,25,17,34,51,49,67,54]",5667m 11p 4r557789s,22334p 11566778s,77m 1235999p 6s 116z,5789m 4445788p 33z
20260403151827_0100_042,20260403151827_0100,20260403151827,0100,0,パシフィック,16,r5m,confirmed_tsumogiri,1775197478,698.365,,0,,"[84,24,98,99,38,104,88,100,89,39,18,21,22]","[91,47,93,72,74,48,96,94,45,40,97,101,42]","[71,26,44,37,69,95,27,70,43,53,111,109,128]","[65,119,29,50,117,62,25,17,34,51,49,67,54]",5667m 11p 4r557789s,22334p 11566778s,77m 1235999p 6s 116z,5789m 4445788p 33z
20260403151827_0100_043,20260403151827_0100,20260403151827,0100,1,masa1125,63,7p,estimated_tsumogiri,1775197479,1189.662,,0,,"[84,24,98,99,38,104,88,100,89,39,18,21,22]","[91,47,93,72,74,48,96,94,45,40,97,101,42]","[71,26,44,37,69,95,27,70,43,53,111,109,128]","[65,119,29,50,117,62,25,17,34,51,49,67,54]",5667m 11p 4r557789s,22334p 11566778s,77m 1235999p 6s 116z,5789m 4445788p 33z
20260403151827_0100_044,20260403151827_0100,20260403151827,0100,2,はまはまみこみこ,128,6z,confirmed_tedashi,1775197483,3586.587,,0,,"[84,24,98,99,38,104,88,100,89,39,18,21,22]","[91,47,93,72,74,48,96,94,45,40,97,101,42]","[71,26,44,37,69,95,27,70,43,53,111,109,123]","[65,119,29,50,117,62,25,17,34,51,49,67,54]",5667m 11p 4r557789s,22334p 11566778s,77m 1235999p 6s 114z,5789m 4445788p 33z
20260403151827_0100_045,20260403151827_0100,20260403151827,0100,3,1963414,17,5m,confirmed_tedashi,1775197486,3114.085,,3,216.624,"[84,24,98,99,38,104,88,100,89,39,18,21,22]","[91,47,93,72,74,48,96,94,45,40,97,101,42]","[71,26,44,37,69,95,27,70,43,53,111,109,123]","[65,119,29,50,117,62,25,34,51,49,67,54,107]",5667m 11p 4r557789s,22334p 11566778s,77m 1235999p 6s 114z,789m 4445788p 9s 33z
20260403151827_0100_046,20260403151827_0100,20260403151827,0100,0,パシフィック,3,1m,confirmed_tsumogiri,1775197486,484.544,,0,,"[84,24,98,99,38,104,88,100,89,39,18,21,22]","[91,47,93,72,74,48,96,94,45,40,97,101,42]","[71,26,44,37,69,95,27,70,43,53,111,109,123]","[65,119,29,50,117,62,25,34,51,49,67,54,107]",5667m 11p 4r557789s,22334p 11566778s,77m 1235999p 6s 114z,789m 4445788p 9s 33z
20260403151827_0100_047,20260403151827_0100,20260403151827,0100,1,masa1125,102,8s,estimated_tsumogiri,1775197488,1232.75,,0,,"[84,24,98,99,38,104,88,100,89,39,18,21,22]","[91,47,93,72,74,48,96,94,45,40,97,101,42]","[71,26,44,37,69,95,27,70,43,53,111,109,123]","[65,119,29,50,117,62,25,34,51,49,67,54,107]",5667m 11p 4r557789s,22334p 11566778s,77m 1235999p 6s 114z,789m 4445788p 9s 33z
20260403151827_0100_048,20260403151827_0100,20260403151827,0100,2,はまはまみこみこ,123,4z,confirmed_tedashi,1775197491,2994.295,,0,,"[84,24,98,99,38,104,88,100,89,39,18,21,22]","[91,47,93,72,74,48,96,94,45,40,97,101,42]","[71,26,44,37,69,95,27,70,43,53,111,109,5]","[65,119,29,50,117,62,25,34,51,49,67,54,107]",5667m 11p 4r557789s,22334p 11566778s,277m 1235999p 6s 11z,789m 4445788p 9s 33z
20260403151827_0100_049,20260403151827_0100,20260403151827,0100,3,1963414,62,7p,confirmed_tedashi,1775197495,4559.16,,0,,"[84,24,98,99,38,104,88,100,89,39,18,21,22]","[91,47,93,72,74,48,96,94,45,40,97,101,42]","[71,26,44,37,69,95,27,70,43,53,111,109,5]","[65,119,29,50,117,25,34,51,49,67,54,107,52]",5667m 11p 4r557789s,22334p 11566778s,277m 1235999p 6s 11z,789m 444r5588p 9s 33z
20260403151827_0100_050,20260403151827_0100,20260403151827,0100,0,パシフィック,66,8p,confirmed_tsumogiri,1775197496,727.456,,3,2251.925,"[84,24,98,99,38,104,88,100,89,39,18,21,22]","[91,47,93,72,74,48,96,94,45,40,97,101,42]","[71,26,44,37,69,95,27,70,43,53,111,109,5]","[65,119,29,50,117,25,34,51,49,67,54,107,52]",5667m 11p 4r557789s,22334p 11566778s,277m 1235999p 6s 11z,789m 444r5588p 9s 33z
20260403151827_0100_051,20260403151827_0100,20260403151827,0100,1,masa1125,68,9p,estimated_tsumogiri,1775197498,292.006,,3,2303.115,"[84,24,98,99,38,104,88,100,89,39,18,21,22]","[91,47,93,72,74,48,96,94,45,40,97,101,42]","[71,26,44,37,69,95,27,70,43,53,111,109,5]","[65,119,29,50,117,25,34,51,49,67,54,107,52]",5667m 11p 4r557789s,22334p 11566778s,277m 1235999p 6s 11z,789m 444r5588p 9s 33z
20260403151827_0100_052,20260403151827_0100,20260403151827,0100,2,はまはまみこみこ,5,2m,confirmed_tedashi,1775197503,1962.94,,0,,"[84,24,98,99,38,104,88,100,89,39,18,21,22]","[91,47,93,72,74,48,96,94,45,40,97,101,42]","[71,26,44,37,69,95,27,70,43,53,111,109,30]","[65,119,29,50,117,25,34,51,49,67,54,107,52]",5667m 11p 4r557789s,22334p 11566778s,778m 1235999p 6s 11z,789m 444r5588p 9s 33z
20260403151827_0100_053,20260403151827_0100,20260403151827,0100,3,1963414,15,4m,estimated_tsumogiri,1775197506,3295.8,,3,210.161,"[84,24,98,99,38,104,88,100,89,39,18,21,22]","[91,47,93,72,74,48,96,94,45,40,97,101,42]","[71,26,44,37,69,95,27,70,43,53,111,109,30]","[65,119,29,50,117,25,34,51,49,67,54,107,52]",5667m 11p 4r557789s,22334p 11566778s,778m 1235999p 6s 11z,789m 444r5588p 9s 33z
20260403151827_0100_054,20260403151827_0100,20260403151827,0100,0,パシフィック,121,4z,confirmed_tsumogiri,1775197507,494.51,,0,,"[84,24,98,99,38,104,88,100,89,39,18,21,22]","[91,47,93,72,74,48,96,94,45,40,97,101,42]","[71,26,44,37,69,95,27,70,43,53,111,109,30]","[65,119,29,50,117,25,34,51,49,67,54,107,52]",5667m 11p 4r557789s,22334p 11566778s,778m 1235999p 6s 11z,789m 444r5588p 9s 33z
20260403151827_0100_055,20260403151827_0100,20260403151827,0100,1,masa1125,77,2s,estimated_tsumogiri,1775197508,1159.284,,0,,"[84,24,98,99,38,104,88,100,89,39,18,21,22]","[91,47,93,72,74,48,96,94,45,40,97,101,42]","[71,26,44,37,69,95,27,70,43,53,111,109,30]","[65,119,29,50,117,25,34,51,49,67,54,107,52]",5667m 11p 4r557789s,22334p 11566778s,778m 1235999p 6s 11z,789m 444r5588p 9s 33z
20260403151827_0100_056,20260403151827_0100,20260403151827,0100,2,はまはまみこみこ,118,3z,estimated_tsumogiri,1775197511,3140.392,,3,2515.261,"[84,24,98,99,38,104,88,100,89,39,18,21,22]","[91,47,93,72,74,48,96,94,45,40,97,101,42]","[71,26,44,37,69,95,27,70,43,53,111,109,30]","[65,119,29,50,117,25,34,51,49,67,54,107,52]",5667m 11p 4r557789s,22334p 11566778s,778m 1235999p 6s 11z,789m 444r5588p 9s 33z
20260403151827_0100_057,20260403151827_0100,20260403151827,0100,3,1963414,119,3z,confirmed_tedashi,1775197517,3219.909,,0,,"[84,24,98,99,38,104,88,100,89,39,18,21,22]","[91,47,93,72,74,48,96,94,45,40,97,101,42]","[71,26,44,37,69,95,27,70,43,53,111,109,30]","[65,29,50,117,25,34,51,49,67,54,107,52,90]",5667m 11p 4r557789s,22334p 11566778s,778m 1235999p 6s 11z,789m 444r5588p 59s 3z
20260403151827_0100_058,20260403151827_0100,20260403151827,0100,0,パシフィック,130,6z,confirmed_tsumogiri,1775197517,687.625,,0,,"[84,24,98,99,38,104,88,100,89,39,18,21,22]","[91,47,93,72,74,48,96,94,45,40,97,101,42]","[71,26,44,37,69,95,27,70,43,53,111,109,30]","[65,29,50,117,25,34,51,49,67,54,107,52,90]",5667m 11p 4r557789s,22334p 11566778s,778m 1235999p 6s 11z,789m 444r5588p 59s 3z
20260403151827_0100_059,20260403151827_0100,20260403151827,0100,1,masa1125,135,7z,estimated_tsumogiri,1775197519,1187.616,,0,,"[84,24,98,99,38,104,88,100,89,39,18,21,22]","[91,47,93,72,74,48,96,94,45,40,97,101,42]","[71,26,44,37,69,95,27,70,43,53,111,109,30]","[65,29,50,117,25,34,51,49,67,54,107,52,90]",5667m 11p 4r557789s,22334p 11566778s,778m 1235999p 6s 11z,789m 444r5588p 59s 3z
20260403151827_0100_060,20260403151827_0100,20260403151827,0100,2,はまはまみこみこ,30,8m,confirmed_tedashi,1775197524,5632.278,,3,1751.54,"[84,24,98,99,38,104,88,100,89,39,18,21,22]","[91,47,93,72,74,48,96,94,45,40,97,101,42]","[71,26,44,37,69,95,27,70,43,53,111,109,82]","[65,29,50,117,25,34,51,49,67,54,107,52,90]",5667m 11p 4r557789s,22334p 11566778s,77m 1235999p 36s 11z,789m 444r5588p 59s 3z
20260403151827_0100_061,20260403151827_0100,20260403151827,0100,3,1963414,117,3z,confirmed_tedashi,1775197528,1814.99,,0,,"[84,24,98,99,38,104,88,100,89,39,18,21,22]","[91,47,93,72,74,48,96,94,45,40,97,101,42]","[71,26,44,37,69,95,27,70,43,53,111,109,82]","[65,29,50,25,34,51,49,67,54,107,52,90,103]",5667m 11p 4r557789s,22334p 11566778s,77m 1235999p 36s 11z,789m 444r5588p 589s
20260403151827_0100_062,20260403151827_0100,20260403151827,0100,0,パシフィック,36,1p,confirmed_tsumogiri,1775197528,716.351,,0,,"[84,24,98,99,38,104,88,100,89,39,18,21,22]","[91,47,93,72,74,48,96,94,45,40,97,101,42]","[71,26,44,37,69,95,27,70,43,53,111,109,82]","[65,29,50,25,34,51,49,67,54,107,52,90,103]",5667m 11p 4r557789s,22334p 11566778s,77m 1235999p 36s 11z,789m 444r5588p 589s
20260403151827_0200_000,20260403151827_0200,20260403151827,0200,3,1963414,123,4z,confirmed_tedashi,1775197552,7471.127,,0,,"[94,32,82,68,59,116,69,23,91,61,51,113,66]","[26,39,44,62,37,55,7,129,57,89,96,78,97]","[46,86,93,108,90,24,73,25,58,112,102,98,34]","[133,114,17,0,4,21,131,35,77,12,49,95,54]",69m 467899p 356s 23z,27m 113567p 2577s 6z,779m 36p 145678s 12z,124569m 45p 26s 267z
20260403151827_0200_001,20260403151827_0200,20260403151827,0200,0,パシフィック,134,7z,confirmed_tsumogiri,1775197569,16708.78,,0,,"[94,32,82,68,59,116,69,23,91,61,51,113,66]","[26,39,44,62,37,55,7,129,57,89,96,78,97]","[46,86,93,108,90,24,73,25,58,112,102,98,34]","[133,114,17,0,4,21,131,35,77,12,49,95,54]",69m 467899p 356s 23z,27m 113567p 2577s 6z,779m 36p 145678s 12z,124569m 45p 26s 267z
20260403151827_0200_002,20260403151827_0200,20260403151827,0200,1,masa1125,129,6z,confirmed_tedashi,1775197571,2306.231,,0,,"[94,32,82,68,59,116,69,23,91,61,51,113,66]","[26,39,44,62,37,55,7,57,89,96,78,97,43]","[46,86,93,108,90,24,73,25,58,112,102,98,34]","[133,114,17,0,4,21,131,35,77,12,49,95,54]",69m 467899p 356s 23z,27m 1123567p 2577s,779m 36p 145678s 12z,124569m 45p 26s 267z
20260403151827_0200_003,20260403151827_0200,20260403151827,0200,2,はまはまみこみこ,112,2z,confirmed_tedashi,1775197573,1912.518,,0,,"[94,32,82,68,59,116,69,23,91,61,51,113,66]","[26,39,44,62,37,55,7,57,89,96,78,97,43]","[46,86,93,108,90,24,73,25,58,102,98,34,63]","[133,114,17,0,4,21,131,35,77,12,49,95,54]",69m 467899p 356s 23z,27m 1123567p 2577s,779m 367p 145678s 1z,124569m 45p 26s 267z
20260403151827_0200_004,20260403151827_0200,20260403151827,0200,3,1963414,114,2z,confirmed_tedashi,1775197575,2028.364,,0,,"[94,32,82,68,59,116,69,23,91,61,51,113,66]","[26,39,44,62,37,55,7,57,89,96,78,97,43]","[46,86,93,108,90,24,73,25,58,102,98,34,63]","[133,17,0,4,21,131,35,77,12,49,95,54,119]",69m 467899p 356s 23z,27m 1123567p 2577s,779m 367p 145678s 1z,124569m 45p 26s 367z
20260403151827_0200_005,20260403151827_0200,20260403151827,0200,0,パシフィック,87,4s,confirmed_tsumogiri,1775197576,693.803,,0,,"[94,32,82,68,59,116,69,23,91,61,51,113,66]","[26,39,44,62,37,55,7,57,89,96,78,97,43]","[46,86,93,108,90,24,73,25,58,102,98,34,63]","[133,17,0,4,21,131,35,77,12,49,95,54,119]",69m 467899p 356s 23z,27m 1123567p 2577s,779m 367p 145678s 1z,124569m 45p 26s 367z
20260403151827_0200_006,20260403151827_0200,20260403151827,0200,1,masa1125,78,2s,confirmed_tedashi,1775197580,3847.049,,0,,"[94,32,82,68,59,116,69,23,91,61,51,113,66]","[26,39,44,62,37,55,7,57,89,96,97,43,107]","[46,86,93,108,90,24,73,25,58,102,98,34,63]","[133,17,0,4,21,131,35,77,12,49,95,54,119]",69m 467899p 356s 23z,27m 1123567p 5779s,779m 367p 145678s 1z,124569m 45p 26s 367z
20260403151827_0200_007,20260403151827_0200,20260403151827,0200,2,はまはまみこみこ,124,5z,estimated_tsumogiri,1775197583,3108.315,,0,,"[94,32,82,68,59,116,69,23,91,61,51,113,66]","[26,39,44,62,37,55,7,57,89,96,97,43,107]","[46,86,93,108,90,24,73,25,58,102,98,34,63]","[133,17,0,4,21,131,35,77,12,49,95,54,119]",69m 467899p 356s 23z,27m 1123567p 5779s,779m 367p 145678s 1z,124569m 45p 26s 367z
20260403151827_0200_008,20260403151827_0200,20260403151827,0200,3,1963414,119,3z,confirmed_tedashi,1775197585,2445.335,,0,,"[94,32,82,68,59,116,69,23,91,61,51,113,66]","[26,39,44,62,37,55,7,57,89,96,97,43,107]","[46,86,93,108,90,24,73,25,58,102,98,34,63]","[133,17,0,4,21,131,35,77,12,49,95,54,76]",69m 467899p 356s 23z,27m 1123567p 5779s,779m 367p 145678s 1z,124569m 45p 226s 67z
20260403151827_0200_009,20260403151827_0200,20260403151827,0200,0,パシフィック,36,1p,confirmed_tsumogiri,1775197586,680.289,,3,4020.173,"[94,32,82,68,59,116,69,23,91,61,51,113,66]","[26,39,44,62,37,55,7,57,89,96,97,43,107]","[46,86,93,108,90,24,73,25,58,102,98,34,63]","[133,17,0,4,21,131,35,77,12,49,95,54,76]",69m 467899p 356s 23z,27m 1123567p 5779s,779m 367p 145678s 1z,124569m 45p 226s 67z
20260403151827_0200_010,20260403151827_0200,20260403151827,0200,1,masa1125,7,2m,confirmed_tedashi,1775197596,5673.274,,0,,"[94,32,82,68,59,116,69,23,91,61,51,113,66]","[26,39,44,62,37,55,57,89,96,97,43,107,103]","[46,86,93,108,90,24,73,25,58,102,98,34,63]","[133,17,0,4,21,131,35,77,12,49,95,54,76]",69m 467899p 356s 23z,7m 1123567p 57789s,779m 367p 145678s 1z,124569m 45p 226s 67z
20260403151827_0200_011,20260403151827_0200,20260403151827,0200,2,はまはまみこみこ,73,1s,confirmed_tedashi,1775197598,2535.384,,0,,"[94,32,82,68,59,116,69,23,91,61,51,113,66]","[26,39,44,62,37,55,57,89,96,97,43,107,103]","[46,86,93,108,90,24,25,58,102,98,34,63,28]","[133,17,0,4,21,131,35,77,12,49,95,54,76]",69m 467899p 356s 23z,7m 1123567p 57789s,7789m 367p 45678s 1z,124569m 45p 226s 67z
20260403151827_0200_012,20260403151827_0200,20260403151827,0200,3,1963414,64,8p,estimated_tsumogiri,1775197601,2397.117,,3,195.002,"[94,32,82,68,59,116,69,23,91,61,51,113,66]","[26,39,44,62,37,55,57,89,96,97,43,107,103]","[46,86,93,108,90,24,25,58,102,98,34,63,28]","[133,17,0,4,21,131,35,77,12,49,95,54,76]",69m 467899p 356s 23z,7m 1123567p 57789s,7789m 367p 45678s 1z,124569m 45p 226s 67z
20260403151827_0200_013,20260403151827_0200,20260403151827,0200,0,パシフィック,104,9s,confirmed_tsumogiri,1775197601,484.507,,3,3720.015,"[94,32,82,68,59,116,69,23,91,61,51,113,66]","[26,39,44,62,37,55,57,89,96,97,43,107,103]","[46,86,93,108,90,24,25,58,102,98,34,63,28]","[133,17,0,4,21,131,35,77,12,49,95,54,76]",69m 467899p 356s 23z,7m 1123567p 57789s,7789m 367p 45678s 1z,124569m 45p 226s 67z
20260403151827_0200_014,20260403151827_0200,20260403151827,0200,1,masa1125,3,1m,estimated_tsumogiri,1775197607,1747.646,,0,,"[94,32,82,68,59,116,69,23,91,61,51,113,66]","[26,39,44,62,37,55,57,89,96,97,43,107,103]","[46,86,93,108,90,24,25,58,102,98,34,63,28]","[133,17,0,4,21,131,35,77,12,49,95,54,76]",69m 467899p 356s 23z,7m 1123567p 57789s,7789m 367p 45678s 1z,124569m 45p 226s 67z
20260403151827_0200_015,20260403151827_0200,20260403151827,0200,2,はまはまみこみこ,24,7m,confirmed_tedashi,1775197610,2922.601,,3,1328.295,"[94,32,82,68,59,116,69,23,91,61,51,113,66]","[26,39,44,62,37,55,57,89,96,97,43,107,103]","[46,86,93,108,90,25,58,102,98,34,63,28,52]","[133,17,0,4,21,131,35,77,12,49,95,54,76]",69m 467899p 356s 23z,7m 1123567p 57789s,789m 3r567p 45678s 1z,124569m 45p 226s 67z
20260403151827_0200_016,20260403151827_0200,20260403151827,0200,3,1963414,35,9m,confirmed_tedashi,1775197614,3373.837,,0,,"[94,32,82,68,59,116,69,23,91,61,51,113,66]","[26,39,44,62,37,55,57,89,96,97,43,107,103]","[46,86,93,108,90,25,58,102,98,34,63,28,52]","[133,17,0,4,21,131,77,12,49,95,54,76,13]",69m 467899p 356s 23z,7m 1123567p 57789s,789m 3r567p 45678s 1z,124456m 45p 226s 67z
20260403151827_0200_017,20260403151827_0200,20260403151827,0200,0,パシフィック,1,1m,confirmed_tsumogiri,1775197615,714.689,,0,,"[94,32,82,68,59,116,69,23,91,61,51,113,66]","[26,39,44,62,37,55,57,89,96,97,43,107,103]","[46,86,93,108,90,25,58,102,98,34,63,28,52]","[133,17,0,4,21,131,77,12,49,95,54,76,13]",69m 467899p 356s 23z,7m 1123567p 57789s,789m 3r567p 45678s 1z,124456m 45p 226s 67z
20260403151827_0200_018,20260403151827_0200,20260403151827,0200,1,masa1125,89,5s,confirmed_tedashi,1775197620,5441.229,,3,1906.872,"[94,32,82,68,59,116,69,23,91,61,51,113,66]","[26,39,44,62,37,55,57,96,97,43,107,103,19]","[46,86,93,108,90,25,58,102,98,34,63,28,52]","[133,17,0,4,21,131,77,12,49,95,54,76,13]",69m 467899p 356s 23z,57m 1123567p 7789s,789m 3r567p 45678s 1z,124456m 45p 226s 67z
20260403151827_0200_019,20260403151827_0200,20260403151827,0200,2,はまはまみこみこ,10,3m,estimated_tsumogiri,1775197625,2278.507,,3,1420.524,"[94,32,82,68,59,116,69,23,91,61,51,113,66]","[26,39,44,62,37,55,57,96,97,43,107,103,19]","[46,86,93,108,90,25,58,102,98,34,63,28,52]","[133,17,0,4,21,131,77,12,49,95,54,76,13]",69m 467899p 356s 23z,57m 1123567p 7789s,789m 3r567p 45678s 1z,124456m 45p 226s 67z
20260403151827_0200_020,20260403151827_0200,20260403151827,0200,3,1963414,0,1m,confirmed_tedashi,1775197629,2490.499,,0,,"[94,32,82,68,59,116,69,23,91,61,51,113,66]","[26,39,44,62,37,55,57,96,97,43,107,103,19]","[46,86,93,108,90,25,58,102,98,34,63,28,52]","[133,17,4,21,131,77,12,49,95,54,76,13,88]",69m 467899p 356s 23z,57m 1123567p 7789s,789m 3r567p 45678s 1z,24456m 45p 22r56s 67z
20260403151827_0200_021,20260403151827_0200,20260403151827,0200,0,パシフィック,83,3s,confirmed_tsumogiri,1775197629,681.358,,0,,"[94,32,82,68,59,116,69,23,91,61,51,113,66]","[26,39,44,62,37,55,57,96,97,43,107,103,19]","[46,86,93,108,90,25,58,102,98,34,63,28,52]","[133,17,4,21,131,77,12,49,95,54,76,13,88]",69m 467899p 356s 23z,57m 1123567p 7789s,789m 3r567p 45678s 1z,24456m 45p 22r56s 67z
20260403151827_0200_022,20260403151827_0200,20260403151827,0200,1,masa1125,81,3s,estimated_tsumogiri,1775197635,5246.564,,3,1691.348,"[94,32,82,68,59,116,69,23,91,61,51,113,66]","[26,39,44,62,37,55,57,96,97,43,107,103,19]","[46,86,93,108,90,25,58,102,98,34,63,28,52]","[133,17,4,21,131,77,12,49,95,54,76,13,88]",69m 467899p 356s 23z,57m 1123567p 7789s,789m 3r567p 45678s 1z,24456m 45p 22r56s 67z
20260403151827_0200_023,20260403151827_0200,20260403151827,0200,2,はまはまみこみこ,85,4s,estimated_tsumogiri,1775197639,2653.028,,2,1997.958,"[94,32,82,68,59,116,69,23,91,61,51,113,66]","[26,39,44,62,37,55,57,96,97,43,107,103,19]","[46,86,93,108,90,25,58,102,98,34,63,28,52]","[133,17,4,21,131,77,12,49,95,54,76,13,88]",69m 467899p 356s 23z,57m 1123567p 7789s,789m 3r567p 45678s 1z,24456m 45p 22r56s 67z
20260403151827_0200_024,20260403151827_0200,20260403151827,0200,3,1963414,133,7z,confirmed_tedashi,1775197642,1129.686,,0,,"[94,32,82,68,59,116,69,23,91,61,51,113,66]","[26,39,44,62,37,55,57,96,97,43,107,103,19]","[46,86,93,108,90,25,58,102,98,34,63,28,52]","[17,4,21,131,77,12,49,54,76,13]",69m 467899p 356s 23z,57m 1123567p 7789s,789m 3r567p 45678s 1z,24456m 45p 22s 6z
20260403151827_0200_025,20260403151827_0200,20260403151827,0200,0,パシフィック,22,6m,confirmed_tsumogiri,1775197643,689.364,,3,709.133,"[94,32,82,68,59,116,69,23,91,61,51,113,66]","[26,39,44,62,37,55,57,96,97,43,107,103,19]","[46,86,93,108,90,25,58,102,98,34,63,28,52]","[17,4,21,131,77,12,49,54,76,13]",69m 467899p 356s 23z,57m 1123567p 7789s,789m 3r567p 45678s 1z,24456m 45p 22s 6z
20260403151827_0200_026,20260403151827_0200,20260403151827,0200,1,masa1125,96,7s,confirmed_tedashi,1775197653,3376.944,5957.053,3,2471.992,"[94,32,82,68,59,116,69,23,91,61,51,113,66]","[26,39,44,62,37,55,57,97,43,107,103,19,50]","[46,86,93,108,90,25,58,102,98,34,63,28,52]","[17,4,21,131,77,12,49,54,76,13]",69m 467899p 356s 23z,57m 11234567p 789s,789m 3r567p 45678s 1z,24456m 45p 22s 6z
20260403151827_0200_027,20260403151827_0200,20260403151827,0200,2,はまはまみこみこ,98,7s,confirmed_tedashi,1775197666,10849.513,,0,,"[94,32,82,68,59,116,69,23,91,61,51,113,66]","[26,39,44,62,37,55,57,97,43,107,103,19,50]","[46,86,93,108,90,25,58,102,34,63,28,52,18]","[17,4,21,131,77,12,49,54,76,13]",69m 467899p 356s 23z,57m 11234567p 789s,5789m 3r567p 4568s 1z,24456m 45p 22s 6z
20260403151827_0200_028,20260403151827_0200,20260403151827,0200,3,1963414,131,6z,confirmed_tedashi,1775197669,2501.246,,0,,"[94,32,82,68,59,116,69,23,91,61,51,113,66]","[26,39,44,62,37,55,57,97,43,107,103,19,50]","[46,86,93,108,90,25,58,102,34,63,28,52,18]","[17,4,21,77,12,49,54,76,13,33]",69m 467899p 356s 23z,57m 11234567p 789s,5789m 3r567p 4568s 1z,244569m 45p 22s
20260403151827_0200_029,20260403151827_0200,20260403151827,0200,0,パシフィック,14,4m,confirmed_tsumogiri,1775197669,684.158,,3,3211.495,"[94,32,82,68,59,116,69,23,91,61,51,113,66]","[26,39,44,62,37,55,57,97,43,107,103,19,50]","[46,86,93,108,90,25,58,102,34,63,28,52,18]","[17,4,21,77,12,49,54,76,13,33]",69m 467899p 356s 23z,57m 11234567p 789s,5789m 3r567p 4568s 1z,244569m 45p 22s
20260403151827_0200_030,20260403151827_0200,20260403151827,0200,1,masa1125,6,2m,estimated_tsumogiri,1775197673,222.876,,0,,"[94,32,82,68,59,116,69,23,91,61,51,113,66]","[26,39,44,62,37,55,57,97,43,107,103,19,50]","[46,86,93,108,90,25,58,102,34,63,28,52,18]","[17,4,21,77,12,49,54,76,13,33]",69m 467899p 356s 23z,57m 11234567p 789s,5789m 3r567p 4568s 1z,244569m 45p 22s
20260403151827_0200_031,20260403151827_0200,20260403151827,0200,2,はまはまみこみこ,75,1s,estimated_tsumogiri,1775197676,3721.051,,0,,"[94,32,82,68,59,116,69,23,91,61,51,113,66]","[26,39,44,62,37,55,57,97,43,107,103,19,50]","[46,86,93,108,90,25,58,102,34,63,28,52,18]","[17,4,21,77,12,49,54,76,13,33]",69m 467899p 356s 23z,57m 11234567p 789s,5789m 3r567p 4568s 1z,244569m 45p 22s
20260403151827_0200_032,20260403151827_0200,20260403151827,0200,3,1963414,33,9m,confirmed_tedashi,1775197679,2546.761,,0,,"[94,32,82,68,59,116,69,23,91,61,51,113,66]","[26,39,44,62,37,55,57,97,43,107,103,19,50]","[46,86,93,108,90,25,58,102,34,63,28,52,18]","[17,4,21,77,12,49,54,76,13,11]",69m 467899p 356s 23z,57m 11234567p 789s,5789m 3r567p 4568s 1z,234456m 45p 22s
20260403151827_0200_033,20260403151827_0200,20260403151827,0200,0,パシフィック,105,9s,confirmed_tsumogiri,1775197681,2322.552,,0,,"[94,32,82,68,59,116,69,23,91,61,51,113,66]","[26,39,44,62,37,55,57,97,43,107,103,19,50]","[46,86,93,108,90,25,58,102,34,63,28,52,18]","[17,4,21,77,12,49,54,76,13,11]",69m 467899p 356s 23z,57m 11234567p 789s,5789m 3r567p 4568s 1z,234456m 45p 22s
20260403151827_0200_034,20260403151827_0200,20260403151827,0200,1,masa1125,101,8s,estimated_tsumogiri,1775197682,705.987,,0,,"[94,32,82,68,59,116,69,23,91,61,51,113,66]","[26,39,44,62,37,55,57,97,43,107,103,19,50]","[46,86,93,108,90,25,58,102,34,63,28,52,18]","[17,4,21,77,12,49,54,76,13,11]",69m 467899p 356s 23z,57m 11234567p 789s,5789m 3r567p 4568s 1z,234456m 45p 22s
20260403151827_0200_035,20260403151827_0200,20260403151827,0200,2,はまはまみこみこ,102,8s,confirmed_tedashi,1775197685,2980.747,,0,,"[94,32,82,68,59,116,69,23,91,61,51,113,66]","[26,39,44,62,37,55,57,97,43,107,103,19,50]","[46,86,93,108,90,25,58,34,63,28,52,18,122]","[17,4,21,77,12,49,54,76,13,11]",69m 467899p 356s 23z,57m 11234567p 789s,5789m 3r567p 456s 14z,234456m 45p 22s
20260403151827_0200_036,20260403151827_0200,20260403151827,0200,3,1963414,67,8p,estimated_tsumogiri,1775197687,2199.072,,3,3367.959,"[94,32,82,68,59,116,69,23,91,61,51,113,66]","[26,39,44,62,37,55,57,97,43,107,103,19,50]","[46,86,93,108,90,25,58,34,63,28,52,18,122]","[17,4,21,77,12,49,54,76,13,11]",69m 467899p 356s 23z,57m 11234567p 789s,5789m 3r567p 456s 14z,234456m 45p 22s
20260403151827_0200_037,20260403151827_0200,20260403151827,0200,0,パシフィック,106,9s,confirmed_tsumogiri,1775197692,1246.932,,0,,"[94,32,82,68,59,116,69,23,91,61,51,113,66]","[26,39,44,62,37,55,57,97,43,107,103,19,50]","[46,86,93,108,90,25,58,34,63,28,52,18,122]","[17,4,21,77,12,49,54,76,13,11]",69m 467899p 356s 23z,57m 11234567p 789s,5789m 3r567p 456s 14z,234456m 45p 22s
20260403151827_0200_038,20260403151827_0200,20260403151827,0200,1,masa1125,16,r5m,estimated_tsumogiri,1775197692,687.574,,0,,"[94,32,82,68,59,116,69,23,91,61,51,113,66]","[26,39,44,62,37,55,57,97,43,107,103,19,50]","[46,86,93,108,90,25,58,34,63,28,52,18,122]","[17,4,21,77,12,49,54,76,13,11]",69m 467899p 356s 23z,57m 11234567p 789s,5789m 3r567p 456s 14z,234456m 45p 22s
20260403151827_0200_039,20260403151827_0200,20260403151827,0200,2,はまはまみこみこ,122,4z,confirmed_tedashi,1775197695,2629.17,,0,,"[94,32,82,68,59,116,69,23,91,61,51,113,66]","[26,39,44,62,37,55,57,97,43,107,103,19,50]","[46,86,93,108,90,25,58,34,63,28,52,18,118]","[17,4,21,77,12,49,54,76,13,11]",69m 467899p 356s 23z,57m 11234567p 789s,5789m 3r567p 456s 13z,234456m 45p 22s
20260403151827_0200_040,20260403151827_0200,20260403151827,0200,3,1963414,84,4s,estimated_tsumogiri,1775197697,2049.541,,3,3877.406,"[94,32,82,68,59,116,69,23,91,61,51,113,66]","[26,39,44,62,37,55,57,97,43,107,103,19,50]","[46,86,93,108,90,25,58,34,63,28,52,18,118]","[17,4,21,77,12,49,54,76,13,11]",69m 467899p 356s 23z,57m 11234567p 789s,5789m 3r567p 456s 13z,234456m 45p 22s
20260403151827_0200_041,20260403151827_0200,20260403151827,0200,0,パシフィック,45,3p,confirmed_tsumogiri,1775197702,1260.224,,0,,"[94,32,82,68,59,116,69,23,91,61,51,113,66]","[26,39,44,62,37,55,57,97,43,107,103,19,50]","[46,86,93,108,90,25,58,34,63,28,52,18,118]","[17,4,21,77,12,49,54,76,13,11]",69m 467899p 356s 23z,57m 11234567p 789s,5789m 3r567p 456s 13z,234456m 45p 22s
20260403151827_0201_001,20260403151827_0201,20260403151827,0201,0,パシフィック,124,5z,confirmed_tedashi,1775197728,8701.705,,0,,"[3,22,32,44,45,51,61,115,118,119,122,133,108]","[41,98,69,2,82,21,57,89,15,72,4,84,19]","[102,120,105,93,34,107,31,48,37,86,81,78,59]","[43,13,12,53,29,33,123,88,24,60,127,92,85]",169m 3347p 123347z,12456m 269p 13457s,89m 146p 2346899s 4z,44789m 257p 4r56s 45z
20260403151827_0201_002,20260403151827_0201,20260403151827,0201,1,masa1125,35,9m,estimated_tsumogiri,1775197732,3848.625,,0,,"[3,22,32,44,45,51,61,115,118,119,122,133,108]","[41,98,69,2,82,21,57,89,15,72,4,84,19]","[102,120,105,93,34,107,31,48,37,86,81,78,59]","[43,13,12,53,29,33,123,88,24,60,127,92,85]",169m 3347p 123347z,12456m 269p 13457s,89m 146p 2346899s 4z,44789m 257p 4r56s 45z
20260403151827_0201_003,20260403151827_0201,20260403151827,0201,2,はまはまみこみこ,37,1p,confirmed_tedashi,1775197734,2312.3,,0,,"[3,22,32,44,45,51,61,115,118,119,122,133,108]","[41,98,69,2,82,21,57,89,15,72,4,84,19]","[102,120,105,93,34,107,31,48,86,81,78,59,62]","[43,13,12,53,29,33,123,88,24,60,127,92,85]",169m 3347p 123347z,12456m 269p 13457s,89m 467p 2346899s 4z,44789m 257p 4r56s 45z
20260403151827_0201_004,20260403151827_0201,20260403151827,0201,3,1963414,123,4z,confirmed_tedashi,1775197736,1900.968,,0,,"[3,22,32,44,45,51,61,115,118,119,122,133,108]","[41,98,69,2,82,21,57,89,15,72,4,84,19]","[102,120,105,93,34,107,31,48,86,81,78,59,62]","[43,13,12,53,29,33,88,24,60,127,92,85,132]",169m 3347p 123347z,12456m 269p 13457s,89m 467p 2346899s 4z,44789m 257p 4r56s 57z
20260403151827_0201_005,20260403151827_0201,20260403151827,0201,0,パシフィック,94,6s,confirmed_tsumogiri,1775197737,698.031,,3,3183.432,"[3,22,32,44,45,51,61,115,118,119,122,133,108]","[41,98,69,2,82,21,57,89,15,72,4,84,19]","[102,120,105,93,34,107,31,48,86,81,78,59,62]","[43,13,12,53,29,33,88,24,60,127,92,85,132]",169m 3347p 123347z,12456m 269p 13457s,89m 467p 2346899s 4z,44789m 257p 4r56s 57z
20260403151827_0201_006,20260403151827_0201,20260403151827,0201,1,masa1125,69,9p,confirmed_tedashi,1775197748,8142.909,,0,,"[3,22,32,44,45,51,61,115,118,119,122,133,108]","[41,98,2,82,21,57,89,15,72,4,84,19,65]","[102,120,105,93,34,107,31,48,86,81,78,59,62]","[43,13,12,53,29,33,88,24,60,127,92,85,132]",169m 3347p 123347z,12456m 268p 13457s,89m 467p 2346899s 4z,44789m 257p 4r56s 57z
20260403151827_0201_007,20260403151827_0201,20260403151827,0201,2,はまはまみこみこ,34,9m,confirmed_tedashi,1775197750,2434.074,,3,1838.166,"[3,22,32,44,45,51,61,115,118,119,122,133,108]","[41,98,2,82,21,57,89,15,72,4,84,19,65]","[102,120,105,93,107,31,48,86,81,78,59,62,91]","[43,13,12,53,29,33,88,24,60,127,92,85,132]",169m 3347p 123347z,12456m 268p 13457s,8m 467p 23456899s 4z,44789m 257p 4r56s 57z
20260403151827_0201_008,20260403151827_0201,20260403151827,0201,3,1963414,132,7z,confirmed_tedashi,1775197754,2150.173,,0,,"[3,22,32,44,45,51,61,115,118,119,122,133,108]","[41,98,2,82,21,57,89,15,72,4,84,19,65]","[102,120,105,93,107,31,48,86,81,78,59,62,91]","[43,13,12,53,29,33,88,24,60,127,92,85,47]",169m 3347p 123347z,12456m 268p 13457s,8m 467p 23456899s 4z,44789m 2357p 4r56s 5z
20260403151827_0201_009,20260403151827_0201,20260403151827,0201,0,パシフィック,116,3z,confirmed_tsumogiri,1775197755,694.219,,0,,"[3,22,32,44,45,51,61,115,118,119,122,133,108]","[41,98,2,82,21,57,89,15,72,4,84,19,65]","[102,120,105,93,107,31,48,86,81,78,59,62,91]","[43,13,12,53,29,33,88,24,60,127,92,85,47]",169m 3347p 123347z,12456m 268p 13457s,8m 467p 23456899s 4z,44789m 2357p 4r56s 5z
20260403151827_0201_010,20260403151827_0201,20260403151827,0201,1,masa1125,41,2p,confirmed_tedashi,1775197761,6123.14,,0,,"[3,22,32,44,45,51,61,115,118,119,122,133,108]","[98,2,82,21,57,89,15,72,4,84,19,65,5]","[102,120,105,93,107,31,48,86,81,78,59,62,91]","[43,13,12,53,29,33,88,24,60,127,92,85,47]",169m 3347p 123347z,122456m 68p 13457s,8m 467p 23456899s 4z,44789m 2357p 4r56s 5z
20260403151827_0201_011,20260403151827_0201,20260403151827,0201,2,はまはまみこみこ,126,5z,estimated_tsumogiri,1775197765,3790.175,,0,,"[3,22,32,44,45,51,61,115,118,119,122,133,108]","[98,2,82,21,57,89,15,72,4,84,19,65,5]","[102,120,105,93,107,31,48,86,81,78,59,62,91]","[43,13,12,53,29,33,88,24,60,127,92,85,47]",169m 3347p 123347z,122456m 68p 13457s,8m 467p 23456899s 4z,44789m 2357p 4r56s 5z
20260403151827_0201_012,20260403151827_0201,20260403151827,0201,3,1963414,135,7z,estimated_tsumogiri,1775197767,2132.767,,0,,"[3,22,32,44,45,51,61,115,118,119,122,133,108]","[98,2,82,21,57,89,15,72,4,84,19,65,5]","[102,120,105,93,107,31,48,86,81,78,59,62,91]","[43,13,12,53,29,33,88,24,60,127,92,85,47]",169m 3347p 123347z,122456m 68p 13457s,8m 467p 23456899s 4z,44789m 2357p 4r56s 5z
20260403151827_0201_013,20260403151827_0201,20260403151827,0201,0,パシフィック,76,2s,confirmed_tsumogiri,1775197768,705.858,,3,10629.408,"[3,22,32,44,45,51,61,115,118,119,122,133,108]","[98,2,82,21,57,89,15,72,4,84,19,65,5]","[102,120,105,93,107,31,48,86,81,78,59,62,91]","[43,13,12,53,29,33,88,24,60,127,92,85,47]",169m 3347p 123347z,122456m 68p 13457s,8m 467p 23456899s 4z,44789m 2357p 4r56s 5z
20260403151827_0201_014,20260403151827_0201,20260403151827,0201,1,masa1125,0,1m,estimated_tsumogiri,1775197782,3809.733,,0,,"[3,22,32,44,45,51,61,115,118,119,122,133,108]","[98,2,82,21,57,89,15,72,4,84,19,65,5]","[102,120,105,93,107,31,48,86,81,78,59,62,91]","[43,13,12,53,29,33,88,24,60,127,92,85,47]",169m 3347p 123347z,122456m 68p 13457s,8m 467p 23456899s 4z,44789m 2357p 4r56s 5z
20260403151827_0201_015,20260403151827_0201,20260403151827,0201,2,はまはまみこみこ,31,8m,confirmed_tedashi,1775197785,2572.503,,3,1731.865,"[3,22,32,44,45,51,61,115,118,119,122,133,108]","[98,2,82,21,57,89,15,72,4,84,19,65,5]","[102,120,105,93,107,48,86,81,78,59,62,91,11]","[43,13,12,53,29,33,88,24,60,127,92,85,47]",169m 3347p 123347z,122456m 68p 13457s,3m 467p 23456899s 4z,44789m 2357p 4r56s 5z
20260403151827_0201_016,20260403151827_0201,20260403151827,0201,3,1963414,127,5z,confirmed_tedashi,1775197791,1342.635,2737.619,0,,"[3,22,32,44,45,51,61,115,118,119,122,133,108]","[98,2,82,21,57,89,15,72,4,84,19,65,5]","[102,120,105,93,107,48,86,81,78,59,62,91,11]","[43,13,12,53,29,33,88,24,60,92,85,47,58]",169m 3347p 123347z,122456m 68p 13457s,3m 467p 23456899s 4z,44789m 23567p 4r56s
20260403151827_0201_017,20260403151827_0201,20260403151827,0201,0,パシフィック,55,5p,confirmed_tsumogiri,1775197791,711.754,,0,,"[3,22,32,44,45,51,61,115,118,119,122,133,108]","[98,2,82,21,57,89,15,72,4,84,19,65,5]","[102,120,105,93,107,48,86,81,78,59,62,91,11]","[43,13,12,53,29,33,88,24,60,92,85,47,58]",169m 3347p 123347z,122456m 68p 13457s,3m 467p 23456899s 4z,44789m 23567p 4r56s
20260403151827_0201_018,20260403151827_0201,20260403151827,0201,1,masa1125,68,9p,estimated_tsumogiri,1775197796,4275.141,,0,,"[3,22,32,44,45,51,61,115,118,119,122,133,108]","[98,2,82,21,57,89,15,72,4,84,19,65,5]","[102,120,105,93,107,48,86,81,78,59,62,91,11]","[43,13,12,53,29,33,88,24,60,92,85,47,58]",169m 3347p 123347z,122456m 68p 13457s,3m 467p 23456899s 4z,44789m 23567p 4r56s
20260403151827_0201_019,20260403151827_0201,20260403151827,0201,2,はまはまみこみこ,120,4z,confirmed_tedashi,1775197797,1931.132,,0,,"[3,22,32,44,45,51,61,115,118,119,122,133,108]","[98,2,82,21,57,89,15,72,4,84,19,65,5]","[102,105,93,107,48,86,81,78,59,62,91,11,70]","[43,13,12,53,29,33,88,24,60,92,85,47,58]",169m 3347p 123347z,122456m 68p 13457s,3m 4679p 23456899s,44789m 23567p 4r56s
20260403151827_0201_020,20260403151827_0201,20260403151827,0201,3,1963414,96,7s,estimated_tsumogiri,1775197798,912.915,,0,,"[3,22,32,44,45,51,61,115,118,119,122,133,108]","[98,2,82,21,57,89,15,72,4,84,19,65,5]","[102,105,93,107,48,86,81,78,59,62,91,11,70]","[43,13,12,53,29,33,88,24,60,92,85,47,58]",169m 3347p 123347z,122456m 68p 13457s,3m 4679p 23456899s,44789m 23567p 4r56s
20260403151827_0201_021,20260403151827_0201,20260403151827,0201,0,パシフィック,14,4m,confirmed_tsumogiri,1775197799,942.229,,3,3803.636,"[3,22,32,44,45,51,61,115,118,119,122,133,108]","[98,2,82,21,57,89,15,72,4,84,19,65,5]","[102,105,93,107,48,86,81,78,59,62,91,11,70]","[43,13,12,53,29,33,88,24,60,92,85,47,58]",169m 3347p 123347z,122456m 68p 13457s,3m 4679p 23456899s,44789m 23567p 4r56s
20260403151827_0201_022,20260403151827_0201,20260403151827,0201,1,masa1125,2,1m,confirmed_tedashi,1775197808,4414.055,,0,,"[3,22,32,44,45,51,61,115,118,119,122,133,108]","[98,82,21,57,89,15,72,4,84,19,65,5,106]","[102,105,93,107,48,86,81,78,59,62,91,11,70]","[43,13,12,53,29,33,88,24,60,92,85,47,58]",169m 3347p 123347z,22456m 68p 134579s,3m 4679p 23456899s,44789m 23567p 4r56s
20260403151827_0201_023,20260403151827_0201,20260403151827,0201,2,はまはまみこみこ,102,8s,confirmed_tedashi,1775197815,7260.77,,0,,"[3,22,32,44,45,51,61,115,118,119,122,133,108]","[98,82,21,57,89,15,72,4,84,19,65,5,106]","[105,93,107,48,86,81,78,59,62,91,11,70,104]","[43,13,12,53,29,33,88,24,60,92,85,47,58]",169m 3347p 123347z,22456m 68p 134579s,3m 4679p 23456999s,44789m 23567p 4r56s
20260403151827_0201_024,20260403151827_0201,20260403151827,0201,3,1963414,63,7p,estimated_tsumogiri,1775197816,908.439,,0,,"[3,22,32,44,45,51,61,115,118,119,122,133,108]","[98,82,21,57,89,15,72,4,84,19,65,5,106]","[105,93,107,48,86,81,78,59,62,91,11,70,104]","[43,13,12,53,29,33,88,24,60,92,85,47,58]",169m 3347p 123347z,22456m 68p 134579s,3m 4679p 23456999s,44789m 23567p 4r56s
20260403151827_0201_025,20260403151827_0201,20260403151827,0201,0,パシフィック,71,9p,confirmed_tsumogiri,1775197817,955.889,,0,,"[3,22,32,44,45,51,61,115,118,119,122,133,108]","[98,82,21,57,89,15,72,4,84,19,65,5,106]","[105,93,107,48,86,81,78,59,62,91,11,70,104]","[43,13,12,53,29,33,88,24,60,92,85,47,58]",169m 3347p 123347z,22456m 68p 134579s,3m 4679p 23456999s,44789m 23567p 4r56s
20260403151827_0201_026,20260403151827_0201,20260403151827,0201,1,masa1125,112,2z,estimated_tsumogiri,1775197823,6745.997,,0,,"[3,22,32,44,45,51,61,115,118,119,122,133,108]","[98,82,21,57,89,15,72,4,84,19,65,5,106]","[105,93,107,48,86,81,78,59,62,91,11,70,104]","[43,13,12,53,29,33,88,24,60,92,85,47,58]",169m 3347p 123347z,22456m 68p 134579s,3m 4679p 23456999s,44789m 23567p 4r56s
20260403151827_0201_027,20260403151827_0201,20260403151827,0201,2,はまはまみこみこ,70,9p,confirmed_tedashi,1775197826,2252.997,,0,,"[3,22,32,44,45,51,61,115,118,119,122,133,108]","[98,82,21,57,89,15,72,4,84,19,65,5,106]","[105,93,107,48,86,81,78,59,62,91,11,104,130]","[43,13,12,53,29,33,88,24,60,92,85,47,58]",169m 3347p 123347z,22456m 68p 134579s,3m 467p 23456999s 6z,44789m 23567p 4r56s
20260403151827_0201_028,20260403151827_0201,20260403151827,0201,3,1963414,129,6z,estimated_tsumogiri,1775197826,776.202,,0,,"[3,22,32,44,45,51,61,115,118,119,122,133,108]","[98,82,21,57,89,15,72,4,84,19,65,5,106]","[105,93,107,48,86,81,78,59,62,91,11,104,130]","[43,13,12,53,29,33,88,24,60,92,85,47,58]",169m 3347p 123347z,22456m 68p 134579s,3m 467p 23456999s 6z,44789m 23567p 4r56s
20260403151827_0201_029,20260403151827_0201,20260403151827,0201,0,パシフィック,6,2m,confirmed_tsumogiri,1775197828,1072.668,,3,3529.138,"[3,22,32,44,45,51,61,115,118,119,122,133,108]","[98,82,21,57,89,15,72,4,84,19,65,5,106]","[105,93,107,48,86,81,78,59,62,91,11,104,130]","[43,13,12,53,29,33,88,24,60,92,85,47,58]",169m 3347p 123347z,22456m 68p 134579s,3m 467p 23456999s 6z,44789m 23567p 4r56s
20260403151827_0201_030,20260403151827_0201,20260403151827,0201,1,masa1125,38,1p,estimated_tsumogiri,1775197833,1644.474,,0,,"[3,22,32,44,45,51,61,115,118,119,122,133,108]","[98,82,21,57,89,15,72,4,84,19,65,5,106]","[105,93,107,48,86,81,78,59,62,91,11,104,130]","[43,13,12,53,29,33,88,24,60,92,85,47,58]",169m 3347p 123347z,22456m 68p 134579s,3m 467p 23456999s 6z,44789m 23567p 4r56s
20260403151827_0202_000,20260403151827_0202,20260403151827,0202,3,1963414,118,3z,confirmed_tedashi,1775197854,6051.658,,0,,"[121,103,46,23,75,6,120,71,87,51,88,56,84]","[58,122,128,63,93,54,48,114,70,24,55,53,81]","[89,16,97,86,127,4,31,124,102,126,43,17,33]","[7,134,12,15,9,29,133,25,40,52,60,91,8]",26m 3469p 144r58s 44z,7m 4555679p 36s 246z,2r5589m 2p 4578s 555z,2334478m 2r57p 5s 77z
20260403151827_0202_001,20260403151827_0202,20260403151827,0202,0,パシフィック,119,3z,confirmed_tedashi,1775197863,9738.522,,0,,"[121,103,46,23,75,6,120,71,87,51,88,56,84]","[58,122,128,63,93,54,48,114,70,24,55,53,81]","[89,16,97,86,127,4,31,124,102,126,43,17,33]","[7,134,12,15,9,29,133,25,40,52,60,91,8]",26m 3469p 144r58s 44z,7m 4555679p 36s 246z,2r5589m 2p 4578s 555z,2334478m 2r57p 5s 77z
20260403151827_0202_002,20260403151827_0202,20260403151827,0202,1,masa1125,122,4z,confirmed_tedashi,1775197865,2184.95,,3,4559.731,"[121,103,46,23,75,6,120,71,87,51,88,56,84]","[58,128,63,93,54,48,114,70,24,55,53,81,95]","[89,16,97,86,127,4,31,124,102,126,43,17,33]","[7,134,12,15,9,29,133,25,40,52,60,91,8]",26m 3469p 144r58s 44z,7m 4555679p 366s 26z,2r5589m 2p 4578s 555z,2334478m 2r57p 5s 77z
20260403151827_0202_003,20260403151827_0202,20260403151827,0202,2,はまはまみこみこ,4,2m,confirmed_tedashi,1775197875,5369.416,,3,1630.682,"[121,103,46,23,75,6,120,71,87,51,88,56,84]","[58,128,63,93,54,48,114,70,24,55,53,81,95]","[89,16,97,86,127,31,124,102,126,43,17,33,78]","[7,134,12,15,9,29,133,25,40,52,60,91,8]",26m 3469p 144r58s 44z,7m 4555679p 366s 26z,r5589m 2p 24578s 555z,2334478m 2r57p 5s 77z
20260403151827_0202_004,20260403151827_0202,20260403151827,0202,3,1963414,40,2p,confirmed_tedashi,1775197879,1571.906,,3,2111.438,"[121,103,46,23,75,6,120,71,87,51,88,56,84]","[58,128,63,93,54,48,114,70,24,55,53,81,95]","[89,16,97,86,127,31,124,102,126,43,17,33,78]","[7,134,12,15,9,29,133,25,52,60,91,8,57]",26m 3469p 144r58s 44z,7m 4555679p 366s 26z,r5589m 2p 24578s 555z,2334478m r567p 5s 77z
20260403151827_0202_005,20260403151827_0202,20260403151827,0202,0,パシフィック,109,1z,confirmed_tedashi,1775197886,4860.978,,0,,"[121,103,46,23,75,6,120,71,87,51,88,56,84]","[58,128,63,93,54,48,114,70,24,55,53,81,95]","[89,16,97,86,127,31,124,102,126,43,17,33,78]","[7,134,12,15,9,29,133,25,52,60,91,8,57]",26m 3469p 144r58s 44z,7m 4555679p 366s 26z,r5589m 2p 24578s 555z,2334478m r567p 5s 77z
20260403151827_0202_006,20260403151827_0202,20260403151827,0202,1,masa1125,114,2z,confirmed_tedashi,1775197889,3592.484,,0,,"[121,103,46,23,75,6,120,71,87,51,88,56,84]","[58,128,63,93,54,48,70,24,55,53,81,95,73]","[89,16,97,86,127,31,124,102,126,43,17,33,78]","[7,134,12,15,9,29,133,25,52,60,91,8,57]",26m 3469p 144r58s 44z,7m 4555679p 1366s 6z,r5589m 2p 24578s 555z,2334478m r567p 5s 77z
20260403151827_0202_007,20260403151827_0202,20260403151827,0202,2,はまはまみこみこ,78,2s,confirmed_tedashi,1775197893,3472.052,,0,,"[121,103,46,23,75,6,120,71,87,51,88,56,84]","[58,128,63,93,54,48,70,24,55,53,81,95,73]","[89,16,97,86,127,31,124,102,126,43,17,33,18]","[7,134,12,15,9,29,133,25,52,60,91,8,57]",26m 3469p 144r58s 44z,7m 4555679p 1366s 6z,r55589m 2p 4578s 555z,2334478m r567p 5s 77z
20260403151827_0202_008,20260403151827_0202,20260403151827,0202,3,1963414,100,8s,estimated_tsumogiri,1775197895,2104.228,,0,,"[121,103,46,23,75,6,120,71,87,51,88,56,84]","[58,128,63,93,54,48,70,24,55,53,81,95,73]","[89,16,97,86,127,31,124,102,126,43,17,33,18]","[7,134,12,15,9,29,133,25,52,60,91,8,57]",26m 3469p 144r58s 44z,7m 4555679p 1366s 6z,r55589m 2p 4578s 555z,2334478m r567p 5s 77z
20260403151827_0202_009,20260403151827_0202,20260403151827,0202,0,パシフィック,94,6s,confirmed_tsumogiri,1775197895,687.661,,3,2637.14,"[121,103,46,23,75,6,120,71,87,51,88,56,84]","[58,128,63,93,54,48,70,24,55,53,81,95,73]","[89,16,97,86,127,31,124,102,126,43,17,33,18]","[7,134,12,15,9,29,133,25,52,60,91,8,57]",26m 3469p 144r58s 44z,7m 4555679p 1366s 6z,r55589m 2p 4578s 555z,2334478m r567p 5s 77z
20260403151827_0202_010,20260403151827_0202,20260403151827,0202,1,masa1125,115,2z,estimated_tsumogiri,1775197900,1818.929,,0,,"[121,103,46,23,75,6,120,71,87,51,88,56,84]","[58,128,63,93,54,48,70,24,55,53,81,95,73]","[89,16,97,86,127,31,124,102,126,43,17,33,18]","[7,134,12,15,9,29,133,25,52,60,91,8,57]",26m 3469p 144r58s 44z,7m 4555679p 1366s 6z,r55589m 2p 4578s 555z,2334478m r567p 5s 77z
20260403151827_0202_011,20260403151827_0202,20260403151827,0202,2,はまはまみこみこ,67,8p,estimated_tsumogiri,1775197903,3510.347,,3,1566.062,"[121,103,46,23,75,6,120,71,87,51,88,56,84]","[58,128,63,93,54,48,70,24,55,53,81,95,73]","[89,16,97,86,127,31,124,102,126,43,17,33,18]","[7,134,12,15,9,29,133,25,52,60,91,8,57]",26m 3469p 144r58s 44z,7m 4555679p 1366s 6z,r55589m 2p 4578s 555z,2334478m r567p 5s 77z
20260403151827_0202_012,20260403151827_0202,20260403151827,0202,3,1963414,134,7z,confirmed_tedashi,1775197907,2229.666,,0,,"[121,103,46,23,75,6,120,71,87,51,88,56,84]","[58,128,63,93,54,48,70,24,55,53,81,95,73]","[89,16,97,86,127,31,124,102,126,43,17,33,18]","[7,12,15,9,29,133,25,52,60,91,8,57,30]",26m 3469p 144r58s 44z,7m 4555679p 1366s 6z,r55589m 2p 4578s 555z,23344788m r567p 5s 7z
20260403151827_0202_013,20260403151827_0202,20260403151827,0202,0,パシフィック,98,7s,confirmed_tsumogiri,1775197908,709.461,,0,,"[121,103,46,23,75,6,120,71,87,51,88,56,84]","[58,128,63,93,54,48,70,24,55,53,81,95,73]","[89,16,97,86,127,31,124,102,126,43,17,33,18]","[7,12,15,9,29,133,25,52,60,91,8,57,30]",26m 3469p 144r58s 44z,7m 4555679p 1366s 6z,r55589m 2p 4578s 555z,23344788m r567p 5s 7z
20260403151827_0202_014,20260403151827_0202,20260403151827,0202,1,masa1125,128,6z,confirmed_tedashi,1775197911,2966.124,,0,,"[121,103,46,23,75,6,120,71,87,51,88,56,84]","[58,63,93,54,48,70,24,55,53,81,95,73,65]","[89,16,97,86,127,31,124,102,126,43,17,33,18]","[7,12,15,9,29,133,25,52,60,91,8,57,30]",26m 3469p 144r58s 44z,7m 45556789p 1366s,r55589m 2p 4578s 555z,23344788m r567p 5s 7z
20260403151827_0202_015,20260403151827_0202,20260403151827,0202,2,はまはまみこみこ,112,2z,estimated_tsumogiri,1775197917,6033.752,,0,,"[121,103,46,23,75,6,120,71,87,51,88,56,84]","[58,63,93,54,48,70,24,55,53,81,95,73,65]","[89,16,97,86,127,31,124,102,126,43,17,33,18]","[7,12,15,9,29,133,25,52,60,91,8,57,30]",26m 3469p 144r58s 44z,7m 45556789p 1366s,r55589m 2p 4578s 555z,23344788m r567p 5s 7z
20260403151827_0202_016,20260403151827_0202,20260403151827,0202,3,1963414,25,7m,confirmed_tedashi,1775197923,6057.484,,0,,"[121,103,46,23,75,6,120,71,87,51,88,56,84]","[58,63,93,54,48,70,24,55,53,81,95,73,65]","[89,16,97,86,127,31,124,102,126,43,17,33,18]","[7,12,15,9,29,133,52,60,91,8,57,30,5]",26m 3469p 144r58s 44z,7m 45556789p 1366s,r55589m 2p 4578s 555z,22334488m r567p 5s 7z
20260403151827_0202_017,20260403151827_0202,20260403151827,0202,0,パシフィック,66,8p,confirmed_tsumogiri,1775197924,678.15,,3,3160.679,"[121,103,46,23,75,6,120,71,87,51,88,56,84]","[58,63,93,54,48,70,24,55,53,81,95,73,65]","[89,16,97,86,127,31,124,102,126,43,17,33,18]","[7,12,15,9,29,133,52,60,91,8,57,30,5]",26m 3469p 144r58s 44z,7m 45556789p 1366s,r55589m 2p 4578s 555z,22334488m r567p 5s 7z
20260403151827_0202_018,20260403151827_0202,20260403151827,0202,1,masa1125,41,2p,estimated_tsumogiri,1775197932,5317.652,,0,,"[121,103,46,23,75,6,120,71,87,51,88,56,84]","[58,63,93,54,48,70,24,55,53,81,95,73,65]","[89,16,97,86,127,31,124,102,126,43,17,33,18]","[7,12,15,9,29,133,52,60,91,8,57,30,5]",26m 3469p 144r58s 44z,7m 45556789p 1366s,r55589m 2p 4578s 555z,22334488m r567p 5s 7z
20260403151827_0202_019,20260403151827_0202,20260403151827,0202,2,はまはまみこみこ,43,2p,confirmed_tedashi,1775197938,5496.644,,0,,"[121,103,46,23,75,6,120,71,87,51,88,56,84]","[58,63,93,54,48,70,24,55,53,81,95,73,65]","[89,16,97,86,127,31,124,102,126,17,33,18,61]","[7,12,15,9,29,133,52,60,91,8,57,30,5]",26m 3469p 144r58s 44z,7m 45556789p 1366s,r55589m 7p 4578s 555z,22334488m r567p 5s 7z
20260403151827_0202_020,20260403151827_0202,20260403151827,0202,3,1963414,72,1s,estimated_tsumogiri,1775197939,1830.793,,0,,"[121,103,46,23,75,6,120,71,87,51,88,56,84]","[58,63,93,54,48,70,24,55,53,81,95,73,65]","[89,16,97,86,127,31,124,102,126,17,33,18,61]","[7,12,15,9,29,133,52,60,91,8,57,30,5]",26m 3469p 144r58s 44z,7m 45556789p 1366s,r55589m 7p 4578s 555z,22334488m r567p 5s 7z
20260403151827_0202_021,20260403151827_0202,20260403151827,0202,0,パシフィック,38,1p,confirmed_tsumogiri,1775197940,703.07,,0,,"[121,103,46,23,75,6,120,71,87,51,88,56,84]","[58,63,93,54,48,70,24,55,53,81,95,73,65]","[89,16,97,86,127,31,124,102,126,17,33,18,61]","[7,12,15,9,29,133,52,60,91,8,57,30,5]",26m 3469p 144r58s 44z,7m 45556789p 1366s,r55589m 7p 4578s 555z,22334488m r567p 5s 7z
20260403151827_0202_022,20260403151827_0202,20260403151827,0202,1,masa1125,73,1s,confirmed_tedashi,1775197945,4480.659,,0,,"[121,103,46,23,75,6,120,71,87,51,88,56,84]","[58,63,93,54,48,70,24,55,53,81,95,65,80]","[89,16,97,86,127,31,124,102,126,17,33,18,61]","[7,12,15,9,29,133,52,60,91,8,57,30,5]",26m 3469p 144r58s 44z,7m 45556789p 3366s,r55589m 7p 4578s 555z,22334488m r567p 5s 7z
20260403151827_0202_023,20260403151827_0202,20260403151827,0202,2,はまはまみこみこ,61,7p,confirmed_tedashi,1775197948,2903.681,,3,1582.873,"[121,103,46,23,75,6,120,71,87,51,88,56,84]","[58,63,93,54,48,70,24,55,53,81,95,65,80]","[89,16,97,86,127,31,124,102,126,17,33,18,27]","[7,12,15,9,29,133,52,60,91,8,57,30,5]",26m 3469p 144r58s 44z,7m 45556789p 3366s,r555789m 4578s 555z,22334488m r567p 5s 7z
20260403151827_0202_024,20260403151827_0202,20260403151827,0202,3,1963414,133,7z,confirmed_tedashi,1775197951,1928.096,,0,,"[121,103,46,23,75,6,120,71,87,51,88,56,84]","[58,63,93,54,48,70,24,55,53,81,95,65,80]","[89,16,97,86,127,31,124,102,126,17,33,18,27]","[7,12,15,9,29,52,60,91,8,57,30,5,26]",26m 3469p 144r58s 44z,7m 45556789p 3366s,r555789m 4578s 555z,223344788m r567p 5s
20260403151827_0202_025,20260403151827_0202,20260403151827,0202,0,パシフィック,104,9s,confirmed_tsumogiri,1775197952,687.747,,0,,"[121,103,46,23,75,6,120,71,87,51,88,56,84]","[58,63,93,54,48,70,24,55,53,81,95,65,80]","[89,16,97,86,127,31,124,102,126,17,33,18,27]","[7,12,15,9,29,52,60,91,8,57,30,5,26]",26m 3469p 144r58s 44z,7m 45556789p 3366s,r555789m 4578s 555z,223344788m r567p 5s
20260403151827_0202_026,20260403151827_0202,20260403151827,0202,1,masa1125,111,1z,estimated_tsumogiri,1775197955,3062.713,,0,,"[121,103,46,23,75,6,120,71,87,51,88,56,84]","[58,63,93,54,48,70,24,55,53,81,95,65,80]","[89,16,97,86,127,31,124,102,126,17,33,18,27]","[7,12,15,9,29,52,60,91,8,57,30,5,26]",26m 3469p 144r58s 44z,7m 45556789p 3366s,r555789m 4578s 555z,223344788m r567p 5s
20260403151827_0202_027,20260403151827_0202,20260403151827,0202,2,はまはまみこみこ,49,4p,estimated_tsumogiri,1775197958,3372.42,,3,1789.299,"[121,103,46,23,75,6,120,71,87,51,88,56,84]","[58,63,93,54,48,70,24,55,53,81,95,65,80]","[89,16,97,86,127,31,124,102,126,17,33,18,27]","[7,12,15,9,29,52,60,91,8,57,30,5,26]",26m 3469p 144r58s 44z,7m 45556789p 3366s,r555789m 4578s 555z,223344788m r567p 5s
20260403151827_0202_028,20260403151827_0202,20260403151827,0202,3,1963414,105,9s,estimated_tsumogiri,1775197961,1483.65,,0,,"[121,103,46,23,75,6,120,71,87,51,88,56,84]","[58,63,93,54,48,70,24,55,53,81,95,65,80]","[89,16,97,86,127,31,124,102,126,17,33,18,27]","[7,12,15,9,29,52,60,91,8,57,30,5,26]",26m 3469p 144r58s 44z,7m 45556789p 3366s,r555789m 4578s 555z,223344788m r567p 5s
20260403151827_0202_029,20260403151827_0202,20260403151827,0202,0,パシフィック,99,7s,confirmed_tsumogiri,1775197962,707.98,,0,,"[121,103,46,23,75,6,120,71,87,51,88,56,84]","[58,63,93,54,48,70,24,55,53,81,95,65,80]","[89,16,97,86,127,31,124,102,126,17,33,18,27]","[7,12,15,9,29,52,60,91,8,57,30,5,26]",26m 3469p 144r58s 44z,7m 45556789p 3366s,r555789m 4578s 555z,223344788m r567p 5s
20260403151827_0202_030,20260403151827_0202,20260403151827,0202,1,masa1125,74,1s,estimated_tsumogiri,1775197966,3395.858,,0,,"[121,103,46,23,75,6,120,71,87,51,88,56,84]","[58,63,93,54,48,70,24,55,53,81,95,65,80]","[89,16,97,86,127,31,124,102,126,17,33,18,27]","[7,12,15,9,29,52,60,91,8,57,30,5,26]",26m 3469p 144r58s 44z,7m 45556789p 3366s,r555789m 4578s 555z,223344788m r567p 5s
20260403151827_0202_031,20260403151827_0202,20260403151827,0202,2,はまはまみこみこ,97,7s,confirmed_tedashi,1775197978,12012.377,,0,,"[121,103,46,23,75,6,120,71,87,51,88,56,84]","[58,63,93,54,48,70,24,55,53,81,95,65,80]","[89,16,86,127,31,124,102,126,17,33,18,27,129]","[7,12,15,9,29,52,60,91,8,57,30,5,26]",26m 3469p 144r58s 44z,7m 45556789p 3366s,r555789m 458s 5556z,223344788m r567p 5s
20260403151827_0202_032,20260403151827_0202,20260403151827,0202,3,1963414,110,1z,estimated_tsumogiri,1775197979,1809.003,,0,,"[121,103,46,23,75,6,120,71,87,51,88,56,84]","[58,63,93,54,48,70,24,55,53,81,95,65,80]","[89,16,86,127,31,124,102,126,17,33,18,27,129]","[7,12,15,9,29,52,60,91,8,57,30,5,26]",26m 3469p 144r58s 44z,7m 45556789p 3366s,r555789m 458s 5556z,223344788m r567p 5s
20260403151827_0202_033,20260403151827_0202,20260403151827,0202,0,パシフィック,34,9m,confirmed_tsumogiri,1775197980,692.222,,0,,"[121,103,46,23,75,6,120,71,87,51,88,56,84]","[58,63,93,54,48,70,24,55,53,81,95,65,80]","[89,16,86,127,31,124,102,126,17,33,18,27,129]","[7,12,15,9,29,52,60,91,8,57,30,5,26]",26m 3469p 144r58s 44z,7m 45556789p 3366s,r555789m 458s 5556z,223344788m r567p 5s
20260403151827_0202_034,20260403151827_0202,20260403151827,0202,1,masa1125,108,1z,estimated_tsumogiri,1775197982,2160.045,,0,,"[121,103,46,23,75,6,120,71,87,51,88,56,84]","[58,63,93,54,48,70,24,55,53,81,95,65,80]","[89,16,86,127,31,124,102,126,17,33,18,27,129]","[7,12,15,9,29,52,60,91,8,57,30,5,26]",26m 3469p 144r58s 44z,7m 45556789p 3366s,r555789m 458s 5556z,223344788m r567p 5s
20260403151827_0202_035,20260403151827_0202,20260403151827,0202,2,はまはまみこみこ,3,1m,estimated_tsumogiri,1775197985,3135.532,,3,1863.785,"[121,103,46,23,75,6,120,71,87,51,88,56,84]","[58,63,93,54,48,70,24,55,53,81,95,65,80]","[89,16,86,127,31,124,102,126,17,33,18,27,129]","[7,12,15,9,29,52,60,91,8,57,30,5,26]",26m 3469p 144r58s 44z,7m 45556789p 3366s,r555789m 458s 5556z,223344788m r567p 5s
20260403151827_0202_036,20260403151827_0202,20260403151827,0202,3,1963414,10,3m,estimated_tsumogiri,1775197989,2113.249,,0,,"[121,103,46,23,75,6,120,71,87,51,88,56,84]","[58,63,93,54,48,70,24,55,53,81,95,65,80]","[89,16,86,127,31,124,102,126,17,33,18,27,129]","[7,12,15,9,29,52,60,91,8,57,30,5,26]",26m 3469p 144r58s 44z,7m 45556789p 3366s,r555789m 458s 5556z,223344788m r567p 5s
20260403151827_0202_037,20260403151827_0202,20260403151827,0202,0,パシフィック,32,9m,confirmed_tsumogiri,1775197990,713.171,,0,,"[121,103,46,23,75,6,120,71,87,51,88,56,84]","[58,63,93,54,48,70,24,55,53,81,95,65,80]","[89,16,86,127,31,124,102,126,17,33,18,27,129]","[7,12,15,9,29,52,60,91,8,57,30,5,26]",26m 3469p 144r58s 44z,7m 45556789p 3366s,r555789m 458s 5556z,223344788m r567p 5s
20260403151827_0202_038,20260403151827_0202,20260403151827,0202,1,masa1125,24,7m,confirmed_tedashi,1775197995,4492.426,,3,2185.307,"[121,103,46,23,75,6,120,71,87,51,88,56,84]","[58,63,93,54,48,70,55,53,81,95,65,80,62]","[89,16,86,127,31,124,102,126,17,33,18,27,129]","[7,12,15,9,29,52,60,91,8,57,30,5,26]",26m 3469p 144r58s 44z,455567789p 3366s,r555789m 458s 5556z,223344788m r567p 5s
20260403151827_0202_039,20260403151827_0202,20260403151827,0202,2,はまはまみこみこ,102,8s,confirmed_tedashi,1775197999,2672.501,,0,,"[121,103,46,23,75,6,120,71,87,51,88,56,84]","[58,63,93,54,48,70,55,53,81,95,65,80,62]","[89,16,86,127,31,124,126,17,33,18,27,129,85]","[7,12,15,9,29,52,60,91,8,57,30,5,26]",26m 3469p 144r58s 44z,455567789p 3366s,r555789m 445s 5556z,223344788m r567p 5s
20260403151827_0202_040,20260403151827_0202,20260403151827,0202,3,1963414,68,9p,estimated_tsumogiri,1775198001,2023.399,,0,,"[121,103,46,23,75,6,120,71,87,51,88,56,84]","[58,63,93,54,48,70,55,53,81,95,65,80,62]","[89,16,86,127,31,124,126,17,33,18,27,129,85]","[7,12,15,9,29,52,60,91,8,57,30,5,26]",26m 3469p 144r58s 44z,455567789p 3366s,r555789m 445s 5556z,223344788m r567p 5s
20260403151827_0202_041,20260403151827_0202,20260403151827,0202,0,パシフィック,69,9p,confirmed_tsumogiri,1775198002,706.897,,3,3759.639,"[121,103,46,23,75,6,120,71,87,51,88,56,84]","[58,63,93,54,48,70,55,53,81,95,65,80,62]","[89,16,86,127,31,124,126,17,33,18,27,129,85]","[7,12,15,9,29,52,60,91,8,57,30,5,26]",26m 3469p 144r58s 44z,455567789p 3366s,r555789m 445s 5556z,223344788m r567p 5s
20260403151827_0202_042,20260403151827_0202,20260403151827,0202,1,masa1125,1,1m,estimated_tsumogiri,1775198007,1442.354,,0,,"[121,103,46,23,75,6,120,71,87,51,88,56,84]","[58,63,93,54,48,70,55,53,81,95,65,80,62]","[89,16,86,127,31,124,126,17,33,18,27,129,85]","[7,12,15,9,29,52,60,91,8,57,30,5,26]",26m 3469p 144r58s 44z,455567789p 3366s,r555789m 445s 5556z,223344788m r567p 5s
20260403151827_0202_043,20260403151827_0202,20260403151827,0202,2,はまはまみこみこ,39,1p,estimated_tsumogiri,1775198010,2429.611,,0,,"[121,103,46,23,75,6,120,71,87,51,88,56,84]","[58,63,93,54,48,70,55,53,81,95,65,80,62]","[89,16,86,127,31,124,126,17,33,18,27,129,85]","[7,12,15,9,29,52,60,91,8,57,30,5,26]",26m 3469p 144r58s 44z,455567789p 3366s,r555789m 445s 5556z,223344788m r567p 5s
20260403151827_0202_044,20260403151827_0202,20260403151827,0202,3,1963414,135,7z,estimated_tsumogiri,1775198012,1971.815,,0,,"[121,103,46,23,75,6,120,71,87,51,88,56,84]","[58,63,93,54,48,70,55,53,81,95,65,80,62]","[89,16,86,127,31,124,126,17,33,18,27,129,85]","[7,12,15,9,29,52,60,91,8,57,30,5,26]",26m 3469p 144r58s 44z,455567789p 3366s,r555789m 445s 5556z,223344788m r567p 5s
20260403151827_0202_045,20260403151827_0202,20260403151827,0202,0,パシフィック,116,3z,confirmed_tsumogiri,1775198012,694.329,,0,,"[121,103,46,23,75,6,120,71,87,51,88,56,84]","[58,63,93,54,48,70,55,53,81,95,65,80,62]","[89,16,86,127,31,124,126,17,33,18,27,129,85]","[7,12,15,9,29,52,60,91,8,57,30,5,26]",26m 3469p 144r58s 44z,455567789p 3366s,r555789m 445s 5556z,223344788m r567p 5s
20260403151827_0202_046,20260403151827_0202,20260403151827,0202,1,masa1125,54,5p,confirmed_tedashi,1775198022,3091.489,6269.146,0,,"[121,103,46,23,75,6,120,71,87,51,88,56,84]","[58,63,93,48,70,55,53,81,95,65,80,62,44]","[89,16,86,127,31,124,126,17,33,18,27,129,85]","[7,12,15,9,29,52,60,91,8,57,30,5,26]",26m 3469p 144r58s 44z,345567789p 3366s,r555789m 445s 5556z,223344788m r567p 5s
20260403151827_0202_047,20260403151827_0202,20260403151827,0202,2,はまはまみこみこ,2,1m,estimated_tsumogiri,1775198024,2648.607,,3,1936.714,"[121,103,46,23,75,6,120,71,87,51,88,56,84]","[58,63,93,48,70,55,53,81,95,65,80,62,44]","[89,16,86,127,31,124,126,17,33,18,27,129,85]","[7,12,15,9,29,52,60,91,8,57,30,5,26]",26m 3469p 144r58s 44z,345567789p 3366s,r555789m 445s 5556z,223344788m r567p 5s
20260403151827_0202_048,20260403151827_0202,20260403151827,0202,3,1963414,26,7m,confirmed_tedashi,1775198028,1835.867,,0,,"[121,103,46,23,75,6,120,71,87,51,88,56,84]","[58,63,93,48,70,55,53,81,95,65,80,62,44]","[89,16,86,127,31,124,126,17,33,18,27,129,85]","[7,12,15,9,29,52,60,91,8,57,30,5,47]",26m 3469p 144r58s 44z,345567789p 3366s,r555789m 445s 5556z,22334488m 3r567p 5s
20260403151827_0202_049,20260403151827_0202,20260403151827,0202,0,パシフィック,101,8s,confirmed_tsumogiri,1775198029,691.969,,0,,"[121,103,46,23,75,6,120,71,87,51,88,56,84]","[58,63,93,48,70,55,53,81,95,65,80,62,44]","[89,16,86,127,31,124,126,17,33,18,27,129,85]","[7,12,15,9,29,52,60,91,8,57,30,5,47]",26m 3469p 144r58s 44z,345567789p 3366s,r555789m 445s 5556z,22334488m 3r567p 5s
20260403151827_0202_050,20260403151827_0202,20260403151827,0202,1,masa1125,35,9m,estimated_tsumogiri,1775198030,1176.085,,3,2439.504,"[121,103,46,23,75,6,120,71,87,51,88,56,84]","[58,63,93,48,70,55,53,81,95,65,80,62,44]","[89,16,86,127,31,124,126,17,33,18,27,129,85]","[7,12,15,9,29,52,60,91,8,57,30,5,47]",26m 3469p 144r58s 44z,345567789p 3366s,r555789m 445s 5556z,22334488m 3r567p 5s
20260403151827_0202_051,20260403151827_0202,20260403151827,0202,2,はまはまみこみこ,45,3p,estimated_tsumogiri,1775198043,10266.495,,0,,"[121,103,46,23,75,6,120,71,87,51,88,56,84]","[58,63,93,48,70,55,53,81,95,65,80,62,44]","[89,16,86,127,31,124,126,17,33,18,27,129,85]","[7,12,15,9,29,52,60,91,8,57,30,5,47]",26m 3469p 144r58s 44z,345567789p 3366s,r555789m 445s 5556z,22334488m 3r567p 5s
20260403151827_0202_052,20260403151827_0202,20260403151827,0202,3,1963414,113,2z,estimated_tsumogiri,1775198047,4410.407,,0,,"[121,103,46,23,75,6,120,71,87,51,88,56,84]","[58,63,93,48,70,55,53,81,95,65,80,62,44]","[89,16,86,127,31,124,126,17,33,18,27,129,85]","[7,12,15,9,29,52,60,91,8,57,30,5,47]",26m 3469p 144r58s 44z,345567789p 3366s,r555789m 445s 5556z,22334488m 3r567p 5s
20260403151827_0202_053,20260403151827_0202,20260403151827,0202,0,パシフィック,96,7s,confirmed_tsumogiri,1775198048,706.793,,0,,"[121,103,46,23,75,6,120,71,87,51,88,56,84]","[58,63,93,48,70,55,53,81,95,65,80,62,44]","[89,16,86,127,31,124,126,17,33,18,27,129,85]","[7,12,15,9,29,52,60,91,8,57,30,5,47]",26m 3469p 144r58s 44z,345567789p 3366s,r555789m 445s 5556z,22334488m 3r567p 5s
20260403151827_0202_054,20260403151827_0202,20260403151827,0202,1,masa1125,107,9s,estimated_tsumogiri,1775198049,1075.624,,0,,"[121,103,46,23,75,6,120,71,87,51,88,56,84]","[58,63,93,48,70,55,53,81,95,65,80,62,44]","[89,16,86,127,31,124,126,17,33,18,27,129,85]","[7,12,15,9,29,52,60,91,8,57,30,5,47]",26m 3469p 144r58s 44z,345567789p 3366s,r555789m 445s 5556z,22334488m 3r567p 5s
20260403151827_0202_055,20260403151827_0202,20260403151827,0202,2,はまはまみこみこ,106,9s,estimated_tsumogiri,1775198052,2914.876,,0,,"[121,103,46,23,75,6,120,71,87,51,88,56,84]","[58,63,93,48,70,55,53,81,95,65,80,62,44]","[89,16,86,127,31,124,126,17,33,18,27,129,85]","[7,12,15,9,29,52,60,91,8,57,30,5,47]",26m 3469p 144r58s 44z,345567789p 3366s,r555789m 445s 5556z,22334488m 3r567p 5s
20260403151827_0202_056,20260403151827_0202,20260403151827,0202,3,1963414,47,3p,confirmed_tedashi,1775198055,2892.481,,0,,"[121,103,46,23,75,6,120,71,87,51,88,56,84]","[58,63,93,48,70,55,53,81,95,65,80,62,44]","[89,16,86,127,31,124,126,17,33,18,27,129,85]","[7,12,15,9,29,52,60,91,8,57,30,5,92]",26m 3469p 144r58s 44z,345567789p 3366s,r555789m 445s 5556z,22334488m r567p 56s
20260403151827_0202_057,20260403151827_0202,20260403151827,0202,0,パシフィック,117,3z,confirmed_tsumogiri,1775198055,691.21,,0,,"[121,103,46,23,75,6,120,71,87,51,88,56,84]","[58,63,93,48,70,55,53,81,95,65,80,62,44]","[89,16,86,127,31,124,126,17,33,18,27,129,85]","[7,12,15,9,29,52,60,91,8,57,30,5,92]",26m 3469p 144r58s 44z,345567789p 3366s,r555789m 445s 5556z,22334488m r567p 56s
20260403151827_0202_058,20260403151827_0202,20260403151827,0202,1,masa1125,132,7z,estimated_tsumogiri,1775198057,1188.145,,0,,"[121,103,46,23,75,6,120,71,87,51,88,56,84]","[58,63,93,48,70,55,53,81,95,65,80,62,44]","[89,16,86,127,31,124,126,17,33,18,27,129,85]","[7,12,15,9,29,52,60,91,8,57,30,5,92]",26m 3469p 144r58s 44z,345567789p 3366s,r555789m 445s 5556z,22334488m r567p 56s
20260403151827_0202_059,20260403151827_0202,20260403151827,0202,2,はまはまみこみこ,86,4s,confirmed_tedashi,1775198065,3554.503,,0,,"[121,103,46,23,75,6,120,71,87,51,88,56,84]","[58,63,93,48,70,55,53,81,95,65,80,62,44]","[89,127,31,124,126,33,27,129,85,83]","[7,12,15,9,29,52,60,91,8,57,30,5,92]",26m 3469p 144r58s 44z,345567789p 3366s,789m 345s 5556z,22334488m r567p 56s
20260403151827_0203_000,20260403151827_0203,20260403151827,0203,3,1963414,72,1s,confirmed_tedashi,1775198084,6049.6,,0,,"[78,112,29,79,45,128,37,13,2,73,103,24,80]","[26,115,7,53,129,65,64,20,93,34,135,108,55]","[120,126,27,113,69,52,125,3,134,61,96,122,63]","[33,99,40,68,35,97,5,62,25,23,127,124,59]",1478m 13p 12238s 26z,2679m 5588p 6s 1267z,17m r5779p 7s 244557z,26799m 2679p 77s 55z
20260403151827_0203_001,20260403151827_0203,20260403151827,0203,0,パシフィック,77,2s,confirmed_tedashi,1775198089,5586.939,,0,,"[78,112,29,79,45,128,37,13,2,73,103,24,80]","[26,115,7,53,129,65,64,20,93,34,135,108,55]","[120,126,27,113,69,52,125,3,134,61,96,122,63]","[33,99,40,68,35,97,5,62,25,23,127,124,59]",1478m 13p 12238s 26z,2679m 5588p 6s 1267z,17m r5779p 7s 244557z,26799m 2679p 77s 55z
20260403151827_0203_002,20260403151827_0203,20260403151827,0203,1,masa1125,129,6z,confirmed_tedashi,1775198093,4027.346,,0,,"[78,112,29,79,45,128,37,13,2,73,103,24,80]","[26,115,7,53,65,64,20,93,34,135,108,55,58]","[120,126,27,113,69,52,125,3,134,61,96,122,63]","[33,99,40,68,35,97,5,62,25,23,127,124,59]",1478m 13p 12238s 26z,2679m 55688p 6s 127z,17m r5779p 7s 244557z,26799m 2679p 77s 55z
20260403151827_0203_003,20260403151827_0203,20260403151827,0203,2,はまはまみこみこ,3,1m,confirmed_tedashi,1775198097,3674.455,,0,,"[78,112,29,79,45,128,37,13,2,73,103,24,80]","[26,115,7,53,65,64,20,93,34,135,108,55,58]","[120,126,27,113,69,52,125,134,61,96,122,63,74]","[33,99,40,68,35,97,5,62,25,23,127,124,59]",1478m 13p 12238s 26z,2679m 55688p 6s 127z,7m r5779p 17s 244557z,26799m 2679p 77s 55z
20260403151827_0203_004,20260403151827_0203,20260403151827,0203,3,1963414,5,2m,confirmed_tedashi,1775198101,4413.728,,0,,"[78,112,29,79,45,128,37,13,2,73,103,24,80]","[26,115,7,53,65,64,20,93,34,135,108,55,58]","[120,126,27,113,69,52,125,134,61,96,122,63,74]","[33,99,40,68,35,97,62,25,23,127,124,59,21]",1478m 13p 12238s 26z,2679m 55688p 6s 127z,7m r5779p 17s 244557z,66799m 2679p 77s 55z
20260403151827_0203_005,20260403151827_0203,20260403151827,0203,0,パシフィック,84,4s,confirmed_tsumogiri,1775198102,707.14,,0,,"[78,112,29,79,45,128,37,13,2,73,103,24,80]","[26,115,7,53,65,64,20,93,34,135,108,55,58]","[120,126,27,113,69,52,125,134,61,96,122,63,74]","[33,99,40,68,35,97,62,25,23,127,124,59,21]",1478m 13p 12238s 26z,2679m 55688p 6s 127z,7m r5779p 17s 244557z,66799m 2679p 77s 55z
20260403151827_0203_006,20260403151827_0203,20260403151827,0203,1,masa1125,115,2z,confirmed_tedashi,1775198105,3419.377,,0,,"[78,112,29,79,45,128,37,13,2,73,103,24,80]","[26,7,53,65,64,20,93,34,135,108,55,58,70]","[120,126,27,113,69,52,125,134,61,96,122,63,74]","[33,99,40,68,35,97,62,25,23,127,124,59,21]",1478m 13p 12238s 26z,2679m 556889p 6s 17z,7m r5779p 17s 244557z,66799m 2679p 77s 55z
20260403151827_0203_007,20260403151827_0203,20260403151827,0203,2,はまはまみこみこ,74,1s,confirmed_tedashi,1775198107,2078.832,,0,,"[78,112,29,79,45,128,37,13,2,73,103,24,80]","[26,7,53,65,64,20,93,34,135,108,55,58,70]","[120,126,27,113,69,52,125,134,61,96,122,63,16]","[33,99,40,68,35,97,62,25,23,127,124,59,21]",1478m 13p 12238s 26z,2679m 556889p 6s 17z,r57m r5779p 7s 244557z,66799m 2679p 77s 55z
20260403151827_0203_008,20260403151827_0203,20260403151827,0203,3,1963414,40,2p,confirmed_tedashi,1775198110,2201.192,,3,205.223,"[78,112,29,79,45,128,37,13,2,73,103,24,80]","[26,7,53,65,64,20,93,34,135,108,55,58,70]","[120,126,27,113,69,52,125,134,61,96,122,63,16]","[33,99,68,35,97,62,25,23,127,124,59,21,133]",1478m 13p 12238s 26z,2679m 556889p 6s 17z,r57m r5779p 7s 244557z,66799m 679p 77s 557z
20260403151827_0203_009,20260403151827_0203,20260403151827,0203,0,パシフィック,1,1m,confirmed_tsumogiri,1775198110,486.238,,0,,"[78,112,29,79,45,128,37,13,2,73,103,24,80]","[26,7,53,65,64,20,93,34,135,108,55,58,70]","[120,126,27,113,69,52,125,134,61,96,122,63,16]","[33,99,68,35,97,62,25,23,127,124,59,21,133]",1478m 13p 12238s 26z,2679m 556889p 6s 17z,r57m r5779p 7s 244557z,66799m 679p 77s 557z
20260403151827_0203_010,20260403151827_0203,20260403151827,0203,1,masa1125,121,4z,estimated_tsumogiri,1775198114,3394.375,,2,2309.665,"[78,112,29,79,45,128,37,13,2,73,103,24,80]","[26,7,53,65,64,20,93,34,135,108,55,58,70]","[120,126,27,113,69,52,125,134,61,96,122,63,16]","[33,99,68,35,97,62,25,23,127,124,59,21,133]",1478m 13p 12238s 26z,2679m 556889p 6s 17z,r57m r5779p 7s 244557z,66799m 679p 77s 557z
20260403151827_0203_011,20260403151827_0203,20260403151827,0203,2,はまはまみこみこ,113,2z,confirmed_tedashi,1775198119,2549.115,,0,,"[78,112,29,79,45,128,37,13,2,73,103,24,80]","[26,7,53,65,64,20,93,34,135,108,55,58,70]","[126,27,69,52,125,134,61,96,63,16]","[33,99,68,35,97,62,25,23,127,124,59,21,133]",1478m 13p 12238s 26z,2679m 556889p 6s 17z,r57m r5779p 7s 557z,66799m 679p 77s 557z
20260403151827_0203_012,20260403151827_0203,20260403151827,0203,3,1963414,97,7s,confirmed_tedashi,1775198123,4347.248,,0,,"[78,112,29,79,45,128,37,13,2,73,103,24,80]","[26,7,53,65,64,20,93,34,135,108,55,58,70]","[126,27,69,52,125,134,61,96,63,16]","[33,99,68,35,62,25,23,127,124,59,21,133,100]",1478m 13p 12238s 26z,2679m 556889p 6s 17z,r57m r5779p 7s 557z,66799m 679p 78s 557z
20260403151827_0203_013,20260403151827_0203,20260403151827,0203,0,パシフィック,28,8m,confirmed_tsumogiri,1775198124,697.155,,3,4127.873,"[78,112,29,79,45,128,37,13,2,73,103,24,80]","[26,7,53,65,64,20,93,34,135,108,55,58,70]","[126,27,69,52,125,134,61,96,63,16]","[33,99,68,35,62,25,23,127,124,59,21,133,100]",1478m 13p 12238s 26z,2679m 556889p 6s 17z,r57m r5779p 7s 557z,66799m 679p 78s 557z
20260403151827_0203_014,20260403151827_0203,20260403151827,0203,1,masa1125,107,9s,estimated_tsumogiri,1775198131,2822.025,,0,,"[78,112,29,79,45,128,37,13,2,73,103,24,80]","[26,7,53,65,64,20,93,34,135,108,55,58,70]","[126,27,69,52,125,134,61,96,63,16]","[33,99,68,35,62,25,23,127,124,59,21,133,100]",1478m 13p 12238s 26z,2679m 556889p 6s 17z,r57m r5779p 7s 557z,66799m 679p 78s 557z
20260403151827_0203_015,20260403151827_0203,20260403151827,0203,2,はまはまみこみこ,96,7s,confirmed_tedashi,1775198134,3510.23,,0,,"[78,112,29,79,45,128,37,13,2,73,103,24,80]","[26,7,53,65,64,20,93,34,135,108,55,58,70]","[126,27,69,52,125,134,61,63,16,104]","[33,99,68,35,62,25,23,127,124,59,21,133,100]",1478m 13p 12238s 26z,2679m 556889p 6s 17z,r57m r5779p 9s 557z,66799m 679p 78s 557z
20260403151827_0203_016,20260403151827_0203,20260403151827,0203,3,1963414,133,7z,confirmed_tedashi,1775198137,3020.936,,0,,"[78,112,29,79,45,128,37,13,2,73,103,24,80]","[26,7,53,65,64,20,93,34,135,108,55,58,70]","[126,27,69,52,125,134,61,63,16,104]","[33,99,68,35,62,25,23,127,124,59,21,100,118]",1478m 13p 12238s 26z,2679m 556889p 6s 17z,r57m r5779p 9s 557z,66799m 679p 78s 355z
20260403151827_0203_017,20260403151827_0203,20260403151827,0203,0,パシフィック,6,2m,confirmed_tsumogiri,1775198138,711.078,,0,,"[78,112,29,79,45,128,37,13,2,73,103,24,80]","[26,7,53,65,64,20,93,34,135,108,55,58,70]","[126,27,69,52,125,134,61,63,16,104]","[33,99,68,35,62,25,23,127,124,59,21,100,118]",1478m 13p 12238s 26z,2679m 556889p 6s 17z,r57m r5779p 9s 557z,66799m 679p 78s 355z
20260403151827_0203_018,20260403151827_0203,20260403151827,0203,1,masa1125,135,7z,confirmed_tedashi,1775198141,3197.541,,0,,"[78,112,29,79,45,128,37,13,2,73,103,24,80]","[26,7,53,65,64,20,93,34,108,55,58,70,12]","[126,27,69,52,125,134,61,63,16,104]","[33,99,68,35,62,25,23,127,124,59,21,100,118]",1478m 13p 12238s 26z,24679m 556889p 6s 1z,r57m r5779p 9s 557z,66799m 679p 78s 355z
20260403151827_0203_019,20260403151827_0203,20260403151827,0203,2,はまはまみこみこ,104,9s,confirmed_tedashi,1775198144,3037.687,,3,1663.878,"[78,112,29,79,45,128,37,13,2,73,103,24,80]","[26,7,53,65,64,20,93,34,108,55,58,70,12]","[126,27,69,52,125,134,61,63,16,18]","[33,99,68,35,62,25,23,127,124,59,21,100,118]",1478m 13p 12238s 26z,24679m 556889p 6s 1z,r557m r5779p 557z,66799m 679p 78s 355z
20260403151827_0203_020,20260403151827_0203,20260403151827,0203,3,1963414,118,3z,confirmed_tedashi,1775198149,3237.8,,0,,"[78,112,29,79,45,128,37,13,2,73,103,24,80]","[26,7,53,65,64,20,93,34,108,55,58,70,12]","[126,27,69,52,125,134,61,63,16,18]","[33,99,68,35,62,25,23,127,124,59,21,100,46]",1478m 13p 12238s 26z,24679m 556889p 6s 1z,r557m r5779p 557z,66799m 3679p 78s 55z
20260403151827_0203_021,20260403151827_0203,20260403151827,0203,0,パシフィック,110,1z,confirmed_tsumogiri,1775198150,680.559,,0,,"[78,112,29,79,45,128,37,13,2,73,103,24,80]","[26,7,53,65,64,20,93,34,108,55,58,70,12]","[126,27,69,52,125,134,61,63,16,18]","[33,99,68,35,62,25,23,127,124,59,21,100,46]",1478m 13p 12238s 26z,24679m 556889p 6s 1z,r557m r5779p 557z,66799m 3679p 78s 55z
20260403151827_0203_022,20260403151827_0203,20260403151827,0203,1,masa1125,108,1z,confirmed_tedashi,1775198153,2880.091,,0,,"[78,112,29,79,45,128,37,13,2,73,103,24,80]","[26,7,53,65,64,20,93,34,55,58,70,12,81]","[126,27,69,52,125,134,61,63,16,18]","[33,99,68,35,62,25,23,127,124,59,21,100,46]",1478m 13p 12238s 26z,24679m 556889p 36s,r557m r5779p 557z,66799m 3679p 78s 55z
20260403151827_0203_023,20260403151827_0203,20260403151827,0203,2,はまはまみこみこ,27,7m,confirmed_tedashi,1775198155,2499.418,,0,,"[78,112,29,79,45,128,37,13,2,73,103,24,80]","[26,7,53,65,64,20,93,34,55,58,70,12,81]","[126,69,52,125,134,61,63,16,18,116]","[33,99,68,35,62,25,23,127,124,59,21,100,46]",1478m 13p 12238s 26z,24679m 556889p 36s,r55m r5779p 3557z,66799m 3679p 78s 55z
20260403151827_0203_024,20260403151827_0203,20260403151827,0203,3,1963414,68,9p,confirmed_tedashi,1775198161,5502.0,,0,,"[78,112,29,79,45,128,37,13,2,73,103,24,80]","[26,7,53,65,64,20,93,34,55,58,70,12,81]","[126,69,52,125,134,61,63,16,18,116]","[33,99,35,62,25,23,127,124,59,21,100,46,43]",1478m 13p 12238s 26z,24679m 556889p 36s,r55m r5779p 3557z,66799m 2367p 78s 55z
20260403151827_0203_025,20260403151827_0203,20260403151827,0203,0,パシフィック,38,1p,confirmed_tsumogiri,1775198161,685.421,,0,,"[78,112,29,79,45,128,37,13,2,73,103,24,80]","[26,7,53,65,64,20,93,34,55,58,70,12,81]","[126,69,52,125,134,61,63,16,18,116]","[33,99,35,62,25,23,127,124,59,21,100,46,43]",1478m 13p 12238s 26z,24679m 556889p 36s,r55m r5779p 3557z,66799m 2367p 78s 55z
20260403151827_0203_026,20260403151827_0203,20260403151827,0203,1,masa1125,70,9p,confirmed_tedashi,1775198165,3426.29,,0,,"[78,112,29,79,45,128,37,13,2,73,103,24,80]","[26,7,53,65,64,20,93,34,55,58,12,81,48]","[126,69,52,125,134,61,63,16,18,116]","[33,99,35,62,25,23,127,124,59,21,100,46,43]",1478m 13p 12238s 26z,24679m 455688p 36s,r55m r5779p 3557z,66799m 2367p 78s 55z
20260403151827_0203_027,20260403151827_0203,20260403151827,0203,2,はまはまみこみこ,116,3z,confirmed_tedashi,1775198169,4324.229,,0,,"[78,112,29,79,45,128,37,13,2,73,103,24,80]","[26,7,53,65,64,20,93,34,55,58,12,81,48]","[126,69,52,125,134,61,63,16,18,94]","[33,99,35,62,25,23,127,124,59,21,100,46,43]",1478m 13p 12238s 26z,24679m 455688p 36s,r55m r5779p 6s 557z,66799m 2367p 78s 55z
20260403151827_0203_028,20260403151827_0203,20260403151827,0203,3,1963414,21,6m,confirmed_tedashi,1775198172,2584.317,,3,196.412,"[78,112,29,79,45,128,37,13,2,73,103,24,80]","[26,7,53,65,64,20,93,34,55,58,12,81,48]","[126,69,52,125,134,61,63,16,18,94]","[33,99,35,62,25,23,127,124,59,100,46,43,54]",1478m 13p 12238s 26z,24679m 455688p 36s,r55m r5779p 6s 557z,6799m 23567p 78s 55z
20260403151827_0203_029,20260403151827_0203,20260403151827,0203,0,パシフィック,39,1p,confirmed_tsumogiri,1775198172,484.592,,0,,"[78,112,29,79,45,128,37,13,2,73,103,24,80]","[26,7,53,65,64,20,93,34,55,58,12,81,48]","[126,69,52,125,134,61,63,16,18,94]","[33,99,35,62,25,23,127,124,59,100,46,43,54]",1478m 13p 12238s 26z,24679m 455688p 36s,r55m r5779p 6s 557z,6799m 23567p 78s 55z
20260403151827_0203_030,20260403151827_0203,20260403151827,0203,1,masa1125,34,9m,confirmed_tedashi,1775198176,3786.048,,3,1942.035,"[78,112,29,79,45,128,37,13,2,73,103,24,80]","[26,7,53,65,64,20,93,55,58,12,81,48,90]","[126,69,52,125,134,61,63,16,18,94]","[33,99,35,62,25,23,127,124,59,100,46,43,54]",1478m 13p 12238s 26z,2467m 455688p 356s,r55m r5779p 6s 557z,6799m 23567p 78s 55z
20260403151827_0203_031,20260403151827_0203,20260403151827,0203,2,はまはまみこみこ,94,6s,confirmed_tedashi,1775198180,2391.112,,3,1979.991,"[78,112,29,79,45,128,37,13,2,73,103,24,80]","[26,7,53,65,64,20,93,55,58,12,81,48,90]","[126,69,52,125,134,61,63,16,18,66]","[33,99,35,62,25,23,127,124,59,100,46,43,54]",1478m 13p 12238s 26z,2467m 455688p 356s,r55m r57789p 557z,6799m 23567p 78s 55z
20260403151827_0203_032,20260403151827_0203,20260403151827,0203,3,1963414,14,4m,estimated_tsumogiri,1775198185,2719.971,,0,,"[78,112,29,79,45,128,37,13,2,73,103,24,80]","[26,7,53,65,64,20,93,55,58,12,81,48,90]","[126,69,52,125,134,61,63,16,18,66]","[33,99,35,62,25,23,127,124,59,100,46,43,54]",1478m 13p 12238s 26z,2467m 455688p 356s,r55m r57789p 557z,6799m 23567p 78s 55z
20260403151827_0203_033,20260403151827_0203,20260403151827,0203,0,パシフィック,10,3m,confirmed_tsumogiri,1775198186,684.725,,3,3360.819,"[78,112,29,79,45,128,37,13,2,73,103,24,80]","[26,7,53,65,64,20,93,55,58,12,81,48,90]","[126,69,52,125,134,61,63,16,18,66]","[33,99,35,62,25,23,127,124,59,100,46,43,54]",1478m 13p 12238s 26z,2467m 455688p 356s,r55m r57789p 557z,6799m 23567p 78s 55z
20260403151827_0203_034,20260403151827_0203,20260403151827,0203,1,masa1125,81,3s,confirmed_tedashi,1775198192,3288.309,,0,,"[78,112,29,79,45,128,37,13,2,73,103,24,80]","[26,7,53,65,64,20,93,55,58,12,48,90,11]","[126,69,52,125,134,61,63,16,18,66]","[33,99,35,62,25,23,127,124,59,100,46,43,54]",1478m 13p 12238s 26z,23467m 455688p 56s,r55m r57789p 557z,6799m 23567p 78s 55z
20260403151827_0203_035,20260403151827_0203,20260403151827,0203,2,はまはまみこみこ,134,7z,confirmed_tedashi,1775198197,4986.193,,0,,"[78,112,29,79,45,128,37,13,2,73,103,24,80]","[26,7,53,65,64,20,93,55,58,12,48,90,11]","[126,69,52,125,61,63,16,18,66,114]","[33,99,35,62,25,23,127,124,59,100,46,43,54]",1478m 13p 12238s 26z,23467m 455688p 56s,r55m r57789p 255z,6799m 23567p 78s 55z
20260403151827_0203_036,20260403151827_0203,20260403151827,0203,3,1963414,41,2p,estimated_tsumogiri,1775198201,3260.273,,3,227.044,"[78,112,29,79,45,128,37,13,2,73,103,24,80]","[26,7,53,65,64,20,93,55,58,12,48,90,11]","[126,69,52,125,61,63,16,18,66,114]","[33,99,35,62,25,23,127,124,59,100,46,43,54]",1478m 13p 12238s 26z,23467m 455688p 56s,r55m r57789p 255z,6799m 23567p 78s 55z
20260403151827_0203_037,20260403151827_0203,20260403151827,0203,0,パシフィック,0,1m,confirmed_tsumogiri,1775198201,488.154,,3,4044.336,"[78,112,29,79,45,128,37,13,2,73,103,24,80]","[26,7,53,65,64,20,93,55,58,12,48,90,11]","[126,69,52,125,61,63,16,18,66,114]","[33,99,35,62,25,23,127,124,59,100,46,43,54]",1478m 13p 12238s 26z,23467m 455688p 56s,r55m r57789p 255z,6799m 23567p 78s 55z
20260403151827_0203_038,20260403151827_0203,20260403151827,0203,1,masa1125,55,5p,confirmed_tedashi,1775198213,2129.322,5634.069,0,,"[78,112,29,79,45,128,37,13,2,73,103,24,80]","[26,7,53,65,64,20,93,58,12,48,90,11,19]","[126,69,52,125,61,63,16,18,66,114]","[33,99,35,62,25,23,127,124,59,100,46,43,54]",1478m 13p 12238s 26z,234567m 45688p 56s,r55m r57789p 255z,6799m 23567p 78s 55z
20260403151827_0203_039,20260403151827_0203,20260403151827,0203,2,はまはまみこみこ,114,2z,confirmed_tedashi,1775198216,2770.869,,0,,"[78,112,29,79,45,128,37,13,2,73,103,24,80]","[26,7,53,65,64,20,93,58,12,48,90,11,19]","[126,69,52,125,61,63,16,18,66,98]","[33,99,35,62,25,23,127,124,59,100,46,43,54]",1478m 13p 12238s 26z,234567m 45688p 56s,r55m r57789p 7s 55z,6799m 23567p 78s 55z
20260403151827_0203_040,20260403151827_0203,20260403151827,0203,3,1963414,35,9m,confirmed_tedashi,1775198219,3246.094,,3,212.571,"[78,112,29,79,45,128,37,13,2,73,103,24,80]","[26,7,53,65,64,20,93,58,12,48,90,11,19]","[126,69,52,125,61,63,16,18,66,98]","[33,99,62,25,23,127,124,59,100,46,43,54,15]",1478m 13p 12238s 26z,234567m 45688p 56s,r55m r57789p 7s 55z,4679m 23567p 78s 55z
20260403151827_0203_041,20260403151827_0203,20260403151827,0203,0,パシフィック,51,4p,confirmed_tsumogiri,1775198220,485.268,,0,,"[78,112,29,79,45,128,37,13,2,73,103,24,80]","[26,7,53,65,64,20,93,58,12,48,90,11,19]","[126,69,52,125,61,63,16,18,66,98]","[33,99,62,25,23,127,124,59,100,46,43,54,15]",1478m 13p 12238s 26z,234567m 45688p 56s,r55m r57789p 7s 55z,4679m 23567p 78s 55z
20260403151827_0300_000,20260403151827_0300,20260403151827,0300,0,パシフィック,45,3p,confirmed_tsumogiri,1775198258,19105.422,,3,5160.147,"[28,69,60,14,87,114,49,113,38,80,68,5,135]","[47,95,88,22,56,27,44,32,108,120,110,52,0]","[62,91,2,119,76,111,53,82,128,48,72,54,81]","[39,12,75,100,7,19,93,112,94,132,89,34,83]",248m 14799p 34s 227z,1679m 33r56p r56s 114z,1m 4557p 12335s 136z,2459m 1p 135668s 27z
20260403151827_0300_001,20260403151827_0300,20260403151827,0300,1,masa1125,0,1m,confirmed_tedashi,1775198266,2908.486,,0,,"[28,69,60,14,87,114,49,113,38,80,68,5,135]","[47,95,88,22,56,27,44,32,108,120,110,52,122]","[62,91,2,119,76,111,53,82,128,48,72,54,81]","[39,12,75,100,7,19,93,112,94,132,89,34,83]",248m 14799p 34s 227z,679m 33r56p r56s 1144z,1m 4557p 12335s 136z,2459m 1p 135668s 27z
20260403151827_0300_002,20260403151827_0300,20260403151827,0300,2,はまはまみこみこ,2,1m,confirmed_tedashi,1775198268,2194.352,,0,,"[28,69,60,14,87,114,49,113,38,80,68,5,135]","[47,95,88,22,56,27,44,32,108,120,110,52,122]","[62,91,119,76,111,53,82,128,48,72,54,81,63]","[39,12,75,100,7,19,93,112,94,132,89,34,83]",248m 14799p 34s 227z,679m 33r56p r56s 1144z,45577p 12335s 136z,2459m 1p 135668s 27z
20260403151827_0300_003,20260403151827_0300,20260403151827,0300,3,1963414,112,2z,confirmed_tedashi,1775198270,2281.563,,3,203.75,"[28,69,60,14,87,114,49,113,38,80,68,5,135]","[47,95,88,22,56,27,44,32,108,120,110,52,122]","[62,91,119,76,111,53,82,128,48,72,54,81,63]","[39,12,75,100,7,19,93,94,132,89,34,83,13]",248m 14799p 34s 227z,679m 33r56p r56s 1144z,45577p 12335s 136z,24459m 1p 135668s 7z
20260403151827_0300_004,20260403151827_0300,20260403151827,0300,0,パシフィック,73,1s,confirmed_tsumogiri,1775198271,486.844,,0,,"[28,69,60,14,87,114,49,113,38,80,68,5,135]","[47,95,88,22,56,27,44,32,108,120,110,52,122]","[62,91,119,76,111,53,82,128,48,72,54,81,63]","[39,12,75,100,7,19,93,94,132,89,34,83,13]",248m 14799p 34s 227z,679m 33r56p r56s 1144z,45577p 12335s 136z,24459m 1p 135668s 7z
20260403151827_0300_005,20260403151827_0300,20260403151827,0300,1,masa1125,116,3z,estimated_tsumogiri,1775198276,4976.337,,0,,"[28,69,60,14,87,114,49,113,38,80,68,5,135]","[47,95,88,22,56,27,44,32,108,120,110,52,122]","[62,91,119,76,111,53,82,128,48,72,54,81,63]","[39,12,75,100,7,19,93,94,132,89,34,83,13]",248m 14799p 34s 227z,679m 33r56p r56s 1144z,45577p 12335s 136z,24459m 1p 135668s 7z
20260403151827_0300_006,20260403151827_0300,20260403151827,0300,2,はまはまみこみこ,128,6z,confirmed_tedashi,1775198278,2260.296,,0,,"[28,69,60,14,87,114,49,113,38,80,68,5,135]","[47,95,88,22,56,27,44,32,108,120,110,52,122]","[62,91,119,76,111,53,82,48,72,54,81,63,103]","[39,12,75,100,7,19,93,94,132,89,34,83,13]",248m 14799p 34s 227z,679m 33r56p r56s 1144z,45577p 123358s 13z,24459m 1p 135668s 7z
20260403151827_0300_007,20260403151827_0300,20260403151827,0300,3,1963414,34,9m,confirmed_tedashi,1775198281,2412.99,,0,,"[28,69,60,14,87,114,49,113,38,80,68,5,135]","[47,95,88,22,56,27,44,32,108,120,110,52,122]","[62,91,119,76,111,53,82,48,72,54,81,63,103]","[39,12,75,100,7,19,93,94,132,89,83,13,97]",248m 14799p 34s 227z,679m 33r56p r56s 1144z,45577p 123358s 13z,2445m 1p 1356678s 7z
20260403151827_0300_008,20260403151827_0300,20260403151827,0300,0,パシフィック,86,4s,confirmed_tsumogiri,1775198281,681.226,,3,3363.217,"[28,69,60,14,87,114,49,113,38,80,68,5,135]","[47,95,88,22,56,27,44,32,108,120,110,52,122]","[62,91,119,76,111,53,82,48,72,54,81,63,103]","[39,12,75,100,7,19,93,94,132,89,83,13,97]",248m 14799p 34s 227z,679m 33r56p r56s 1144z,45577p 123358s 13z,2445m 1p 1356678s 7z
20260403151827_0300_009,20260403151827_0300,20260403151827,0300,1,masa1125,126,5z,estimated_tsumogiri,1775198288,3114.165,,0,,"[28,69,60,14,87,114,49,113,38,80,68,5,135]","[47,95,88,22,56,27,44,32,108,120,110,52,122]","[62,91,119,76,111,53,82,48,72,54,81,63,103]","[39,12,75,100,7,19,93,94,132,89,83,13,97]",248m 14799p 34s 227z,679m 33r56p r56s 1144z,45577p 123358s 13z,2445m 1p 1356678s 7z
20260403151827_0300_010,20260403151827_0300,20260403151827,0300,2,はまはまみこみこ,111,1z,confirmed_tedashi,1775198290,2136.628,,3,8613.522,"[28,69,60,14,87,114,49,113,38,80,68,5,135]","[47,95,88,22,56,27,44,32,108,120,110,52,122]","[62,91,119,76,53,82,48,72,54,81,63,103,55]","[39,12,75,100,7,19,93,94,132,89,83,13,97]",248m 14799p 34s 227z,679m 33r56p r56s 1144z,455577p 123358s 3z,2445m 1p 1356678s 7z
20260403151827_0300_011,20260403151827_0300,20260403151827,0300,1,masa1125,32,9m,confirmed_tedashi,1775198299,2837.819,,5,1816.957,"[28,69,60,14,87,114,49,113,38,80,68,5,135]","[47,95,88,22,56,27,44,108,120,52,122]","[62,91,119,76,53,82,48,72,54,81,63,103,55]","[39,12,75,100,7,19,93,94,132,89,83,13,97]",248m 14799p 34s 227z,67m 33r56p r56s 144z,455577p 123358s 3z,2445m 1p 1356678s 7z
20260403151827_0300_012,20260403151827_0300,20260403151827,0300,2,はまはまみこみこ,103,8s,confirmed_tedashi,1775198303,2897.367,,3,1678.862,"[28,69,60,14,87,114,49,113,38,80,68,5,135]","[47,95,88,22,56,27,44,108,120,52,122]","[62,91,119,76,53,82,48,72,54,81,63,55,40]","[39,12,75,100,7,19,93,94,132,89,83,13,97]",248m 14799p 34s 227z,67m 33r56p r56s 144z,2455577p 12335s 3z,2445m 1p 1356678s 7z
20260403151827_0300_013,20260403151827_0300,20260403151827,0300,3,1963414,39,1p,confirmed_tedashi,1775198307,1918.614,,0,,"[28,69,60,14,87,114,49,113,38,80,68,5,135]","[47,95,88,22,56,27,44,108,120,52,122]","[62,91,119,76,53,82,48,72,54,81,63,55,40]","[12,75,100,7,19,93,94,132,89,83,13,97,74]",248m 14799p 34s 227z,67m 33r56p r56s 144z,2455577p 12335s 3z,2445m 11356678s 7z
20260403151827_0300_014,20260403151827_0300,20260403151827,0300,0,パシフィック,8,3m,confirmed_tsumogiri,1775198308,682.73,,0,,"[28,69,60,14,87,114,49,113,38,80,68,5,135]","[47,95,88,22,56,27,44,108,120,52,122]","[62,91,119,76,53,82,48,72,54,81,63,55,40]","[12,75,100,7,19,93,94,132,89,83,13,97,74]",248m 14799p 34s 227z,67m 33r56p r56s 144z,2455577p 12335s 3z,2445m 11356678s 7z
20260403151827_0300_015,20260403151827_0300,20260403151827,0300,1,masa1125,122,4z,confirmed_tedashi,1775198313,4940.004,,0,,"[28,69,60,14,87,114,49,113,38,80,68,5,135]","[47,95,88,22,56,27,44,108,120,52,99]","[62,91,119,76,53,82,48,72,54,81,63,55,40]","[12,75,100,7,19,93,94,132,89,83,13,97,74]",248m 14799p 34s 227z,67m 33r56p r567s 14z,2455577p 12335s 3z,2445m 11356678s 7z
20260403151827_0300_016,20260403151827_0300,20260403151827,0300,2,はまはまみこみこ,36,1p,estimated_tsumogiri,1775198315,2687.326,,0,,"[28,69,60,14,87,114,49,113,38,80,68,5,135]","[47,95,88,22,56,27,44,108,120,52,99]","[62,91,119,76,53,82,48,72,54,81,63,55,40]","[12,75,100,7,19,93,94,132,89,83,13,97,74]",248m 14799p 34s 227z,67m 33r56p r567s 14z,2455577p 12335s 3z,2445m 11356678s 7z
20260403151827_0300_017,20260403151827_0300,20260403151827,0300,3,1963414,7,2m,confirmed_tedashi,1775198324,9080.637,,0,,"[28,69,60,14,87,114,49,113,38,80,68,5,135]","[47,95,88,22,56,27,44,108,120,52,99]","[62,91,119,76,53,82,48,72,54,81,63,55,40]","[12,75,100,19,93,94,132,89,83,13,97,74,133]",248m 14799p 34s 227z,67m 33r56p r567s 14z,2455577p 12335s 3z,445m 11356678s 77z
20260403151827_0300_018,20260403151827_0300,20260403151827,0300,0,パシフィック,67,8p,confirmed_tsumogiri,1775198325,709.816,,0,,"[28,69,60,14,87,114,49,113,38,80,68,5,135]","[47,95,88,22,56,27,44,108,120,52,99]","[62,91,119,76,53,82,48,72,54,81,63,55,40]","[12,75,100,19,93,94,132,89,83,13,97,74,133]",248m 14799p 34s 227z,67m 33r56p r567s 14z,2455577p 12335s 3z,445m 11356678s 77z
20260403151827_0300_019,20260403151827_0300,20260403151827,0300,1,masa1125,120,4z,confirmed_tedashi,1775198329,4424.345,,0,,"[28,69,60,14,87,114,49,113,38,80,68,5,135]","[47,95,88,22,56,27,44,108,52,99,102]","[62,91,119,76,53,82,48,72,54,81,63,55,40]","[12,75,100,19,93,94,132,89,83,13,97,74,133]",248m 14799p 34s 227z,67m 33r56p r5678s 1z,2455577p 12335s 3z,445m 11356678s 77z
20260403151827_0300_020,20260403151827_0300,20260403151827,0300,2,はまはまみこみこ,109,1z,estimated_tsumogiri,1775198332,2479.015,,0,,"[28,69,60,14,87,114,49,113,38,80,68,5,135]","[47,95,88,22,56,27,44,108,52,99,102]","[62,91,119,76,53,82,48,72,54,81,63,55,40]","[12,75,100,19,93,94,132,89,83,13,97,74,133]",248m 14799p 34s 227z,67m 33r56p r5678s 1z,2455577p 12335s 3z,445m 11356678s 77z
20260403151827_0300_021,20260403151827_0300,20260403151827,0300,3,1963414,33,9m,estimated_tsumogiri,1775198334,2260.425,,0,,"[28,69,60,14,87,114,49,113,38,80,68,5,135]","[47,95,88,22,56,27,44,108,52,99,102]","[62,91,119,76,53,82,48,72,54,81,63,55,40]","[12,75,100,19,93,94,132,89,83,13,97,74,133]",248m 14799p 34s 227z,67m 33r56p r5678s 1z,2455577p 12335s 3z,445m 11356678s 77z
20260403151827_0300_022,20260403151827_0300,20260403151827,0300,0,パシフィック,16,r5m,confirmed_tsumogiri,1775198335,690.832,,2,7042.287,"[28,69,60,14,87,114,49,113,38,80,68,5,135]","[47,95,88,22,56,27,44,108,52,99,102]","[62,91,119,76,53,82,48,72,54,81,63,55,40]","[12,75,100,19,93,94,132,89,83,13,97,74,133]",248m 14799p 34s 227z,67m 33r56p r5678s 1z,2455577p 12335s 3z,445m 11356678s 77z
20260403151827_0300_023,20260403151827_0300,20260403151827,0300,1,masa1125,102,8s,confirmed_tedashi,1775198344,2190.315,,0,,"[28,69,60,14,87,114,49,113,38,80,68,5,135]","[47,95,88,56,44,108,52,99]","[62,91,119,76,53,82,48,72,54,81,63,55,40]","[12,75,100,19,93,94,132,89,83,13,97,74,133]",248m 14799p 34s 227z,33r56p r567s 1z,2455577p 12335s 3z,445m 11356678s 77z
20260403151827_0300_024,20260403151827_0300,20260403151827,0300,2,はまはまみこみこ,25,7m,estimated_tsumogiri,1775198348,3523.268,,0,,"[28,69,60,14,87,114,49,113,38,80,68,5,135]","[47,95,88,56,44,108,52,99]","[62,91,119,76,53,82,48,72,54,81,63,55,40]","[12,75,100,19,93,94,132,89,83,13,97,74,133]",248m 14799p 34s 227z,33r56p r567s 1z,2455577p 12335s 3z,445m 11356678s 77z
20260403151827_0300_025,20260403151827_0300,20260403151827,0300,3,1963414,12,4m,confirmed_tedashi,1775198351,3349.593,,5,1933.401,"[28,69,60,14,87,114,49,113,38,80,68,5,135]","[47,95,88,56,44,108,52,99]","[62,91,119,76,53,82,48,72,54,81,63,55,40]","[75,100,19,93,94,132,89,83,13,97,74,133,21]",248m 14799p 34s 227z,33r56p r567s 1z,2455577p 12335s 3z,456m 11356678s 77z
20260403151827_0300_026,20260403151827_0300,20260403151827,0300,0,パシフィック,98,7s,confirmed_tsumogiri,1775198353,205.273,,3,4677.051,"[28,69,60,14,87,114,49,113,38,80,68,5,135]","[47,95,88,56,44,108,52,99]","[62,91,119,76,53,82,48,72,54,81,63,55,40]","[75,100,19,93,94,132,89,83,13,97,74,133,21]",248m 14799p 34s 227z,33r56p r567s 1z,2455577p 12335s 3z,456m 11356678s 77z
20260403151827_0300_027,20260403151827_0300,20260403151827,0300,1,masa1125,96,7s,estimated_tsumogiri,1775198360,2419.315,,0,,"[28,69,60,14,87,114,49,113,38,80,68,5,135]","[47,95,88,56,44,108,52,99]","[62,91,119,76,53,82,48,72,54,81,63,55,40]","[75,100,19,93,94,132,89,83,13,97,74,133,21]",248m 14799p 34s 227z,33r56p r567s 1z,2455577p 12335s 3z,456m 11356678s 77z
20260403151827_0300_028,20260403151827_0300,20260403151827,0300,2,はまはまみこみこ,10,3m,estimated_tsumogiri,1775198367,6317.896,,3,1827.399,"[28,69,60,14,87,114,49,113,38,80,68,5,135]","[47,95,88,56,44,108,52,99]","[62,91,119,76,53,82,48,72,54,81,63,55,40]","[75,100,19,93,94,132,89,83,13,97,74,133,21]",248m 14799p 34s 227z,33r56p r567s 1z,2455577p 12335s 3z,456m 11356678s 77z
20260403151827_0300_029,20260403151827_0300,20260403151827,0300,3,1963414,20,6m,estimated_tsumogiri,1775198371,2538.453,,0,,"[28,69,60,14,87,114,49,113,38,80,68,5,135]","[47,95,88,56,44,108,52,99]","[62,91,119,76,53,82,48,72,54,81,63,55,40]","[75,100,19,93,94,132,89,83,13,97,74,133,21]",248m 14799p 34s 227z,33r56p r567s 1z,2455577p 12335s 3z,456m 11356678s 77z
20260403151827_0300_030,20260403151827_0300,20260403151827,0300,0,パシフィック,30,8m,confirmed_tsumogiri,1775198372,694.413,,0,,"[28,69,60,14,87,114,49,113,38,80,68,5,135]","[47,95,88,56,44,108,52,99]","[62,91,119,76,53,82,48,72,54,81,63,55,40]","[75,100,19,93,94,132,89,83,13,97,74,133,21]",248m 14799p 34s 227z,33r56p r567s 1z,2455577p 12335s 3z,456m 11356678s 77z
20260403151827_0300_031,20260403151827_0300,20260403151827,0300,1,masa1125,64,8p,estimated_tsumogiri,1775198375,3368.909,,0,,"[28,69,60,14,87,114,49,113,38,80,68,5,135]","[47,95,88,56,44,108,52,99]","[62,91,119,76,53,82,48,72,54,81,63,55,40]","[75,100,19,93,94,132,89,83,13,97,74,133,21]",248m 14799p 34s 227z,33r56p r567s 1z,2455577p 12335s 3z,456m 11356678s 77z
20260403151827_0300_032,20260403151827_0300,20260403151827,0300,2,はまはまみこみこ,127,5z,estimated_tsumogiri,1775198379,4153.03,,0,,"[28,69,60,14,87,114,49,113,38,80,68,5,135]","[47,95,88,56,44,108,52,99]","[62,91,119,76,53,82,48,72,54,81,63,55,40]","[75,100,19,93,94,132,89,83,13,97,74,133,21]",248m 14799p 34s 227z,33r56p r567s 1z,2455577p 12335s 3z,456m 11356678s 77z
20260403151827_0300_033,20260403151827_0300,20260403151827,0300,3,1963414,23,6m,estimated_tsumogiri,1775198382,2534.949,,0,,"[28,69,60,14,87,114,49,113,38,80,68,5,135]","[47,95,88,56,44,108,52,99]","[62,91,119,76,53,82,48,72,54,81,63,55,40]","[75,100,19,93,94,132,89,83,13,97,74,133,21]",248m 14799p 34s 227z,33r56p r567s 1z,2455577p 12335s 3z,456m 11356678s 77z
20260403151827_0300_034,20260403151827_0300,20260403151827,0300,0,パシフィック,41,2p,confirmed_tsumogiri,1775198382,710.768,,0,,"[28,69,60,14,87,114,49,113,38,80,68,5,135]","[47,95,88,56,44,108,52,99]","[62,91,119,76,53,82,48,72,54,81,63,55,40]","[75,100,19,93,94,132,89,83,13,97,74,133,21]",248m 14799p 34s 227z,33r56p r567s 1z,2455577p 12335s 3z,456m 11356678s 77z
20260403151827_0300_035,20260403151827_0300,20260403151827,0300,1,masa1125,35,9m,estimated_tsumogiri,1775198387,4924.038,,0,,"[28,69,60,14,87,114,49,113,38,80,68,5,135]","[47,95,88,56,44,108,52,99]","[62,91,119,76,53,82,48,72,54,81,63,55,40]","[75,100,19,93,94,132,89,83,13,97,74,133,21]",248m 14799p 34s 227z,33r56p r567s 1z,2455577p 12335s 3z,456m 11356678s 77z
20260403151827_0300_036,20260403151827_0300,20260403151827,0300,2,はまはまみこみこ,119,3z,confirmed_tedashi,1775198392,4608.237,,0,,"[28,69,60,14,87,114,49,113,38,80,68,5,135]","[47,95,88,56,44,108,52,99]","[62,91,76,53,82,48,72,54,81,63,55,40,46]","[75,100,19,93,94,132,89,83,13,97,74,133,21]",248m 14799p 34s 227z,33r56p r567s 1z,23455577p 12335s,456m 11356678s 77z
20260403151827_0300_037,20260403151827_0300,20260403151827,0300,3,1963414,83,3s,confirmed_tedashi,1775198395,3557.507,,3,2084.873,"[28,69,60,14,87,114,49,113,38,80,68,5,135]","[47,95,88,56,44,108,52,99]","[62,91,76,53,82,48,72,54,81,63,55,40,46]","[75,100,19,93,94,132,89,13,97,74,133,21,134]",248m 14799p 34s 227z,33r56p r567s 1z,23455577p 12335s,456m 1156678s 777z
20260403151827_0300_038,20260403151827_0300,20260403151827,0300,0,パシフィック,17,5m,confirmed_tsumogiri,1775198398,197.964,,0,,"[28,69,60,14,87,114,49,113,38,80,68,5,135]","[47,95,88,56,44,108,52,99]","[62,91,76,53,82,48,72,54,81,63,55,40,46]","[75,100,19,93,94,132,89,13,97,74,133,21,134]",248m 14799p 34s 227z,33r56p r567s 1z,23455577p 12335s,456m 1156678s 777z
20260403151827_0300_039,20260403151827_0300,20260403151827,0300,1,masa1125,24,7m,estimated_tsumogiri,1775198400,2684.663,,0,,"[28,69,60,14,87,114,49,113,38,80,68,5,135]","[47,95,88,56,44,108,52,99]","[62,91,76,53,82,48,72,54,81,63,55,40,46]","[75,100,19,93,94,132,89,13,97,74,133,21,134]",248m 14799p 34s 227z,33r56p r567s 1z,23455577p 12335s,456m 1156678s 777z
20260403151827_0300_040,20260403151827_0300,20260403151827,0300,2,はまはまみこみこ,4,2m,estimated_tsumogiri,1775198405,4400.111,,0,,"[28,69,60,14,87,114,49,113,38,80,68,5,135]","[47,95,88,56,44,108,52,99]","[62,91,76,53,82,48,72,54,81,63,55,40,46]","[75,100,19,93,94,132,89,13,97,74,133,21,134]",248m 14799p 34s 227z,33r56p r567s 1z,23455577p 12335s,456m 1156678s 777z
20260403151827_0300_041,20260403151827_0300,20260403151827,0300,3,1963414,92,6s,estimated_tsumogiri,1775198407,2663.301,,0,,"[28,69,60,14,87,114,49,113,38,80,68,5,135]","[47,95,88,56,44,108,52,99]","[62,91,76,53,82,48,72,54,81,63,55,40,46]","[75,100,19,93,94,132,89,13,97,74,133,21,134]",248m 14799p 34s 227z,33r56p r567s 1z,23455577p 12335s,456m 1156678s 777z
20260403151827_0300_042,20260403151827_0300,20260403151827,0300,0,パシフィック,105,9s,confirmed_tsumogiri,1775198408,686.686,,0,,"[28,69,60,14,87,114,49,113,38,80,68,5,135]","[47,95,88,56,44,108,52,99]","[62,91,76,53,82,48,72,54,81,63,55,40,46]","[75,100,19,93,94,132,89,13,97,74,133,21,134]",248m 14799p 34s 227z,33r56p r567s 1z,23455577p 12335s,456m 1156678s 777z
20260403151827_0300_043,20260403151827_0300,20260403151827,0300,1,masa1125,11,3m,estimated_tsumogiri,1775198411,2587.881,,0,,"[28,69,60,14,87,114,49,113,38,80,68,5,135]","[47,95,88,56,44,108,52,99]","[62,91,76,53,82,48,72,54,81,63,55,40,46]","[75,100,19,93,94,132,89,13,97,74,133,21,134]",248m 14799p 34s 227z,33r56p r567s 1z,23455577p 12335s,456m 1156678s 777z
20260403151827_0300_044,20260403151827_0300,20260403151827,0300,2,はまはまみこみこ,124,5z,estimated_tsumogiri,1775198414,3158.726,,0,,"[28,69,60,14,87,114,49,113,38,80,68,5,135]","[47,95,88,56,44,108,52,99]","[62,91,76,53,82,48,72,54,81,63,55,40,46]","[75,100,19,93,94,132,89,13,97,74,133,21,134]",248m 14799p 34s 227z,33r56p r567s 1z,23455577p 12335s,456m 1156678s 777z
20260403151827_0300_045,20260403151827_0300,20260403151827,0300,3,1963414,77,2s,estimated_tsumogiri,1775198416,2456.784,,3,208.696,"[28,69,60,14,87,114,49,113,38,80,68,5,135]","[47,95,88,56,44,108,52,99]","[62,91,76,53,82,48,72,54,81,63,55,40,46]","[75,100,19,93,94,132,89,13,97,74,133,21,134]",248m 14799p 34s 227z,33r56p r567s 1z,23455577p 12335s,456m 1156678s 777z
20260403151827_0300_046,20260403151827_0300,20260403151827,0300,0,パシフィック,115,2z,confirmed_tsumogiri,1775198417,485.064,,0,,"[28,69,60,14,87,114,49,113,38,80,68,5,135]","[47,95,88,56,44,108,52,99]","[62,91,76,53,82,48,72,54,81,63,55,40,46]","[75,100,19,93,94,132,89,13,97,74,133,21,134]",248m 14799p 34s 227z,33r56p r567s 1z,23455577p 12335s,456m 1156678s 777z
20260403151827_0300_047,20260403151827_0300,20260403151827,0300,1,masa1125,6,2m,estimated_tsumogiri,1775198419,2392.833,,0,,"[28,69,60,14,87,114,49,113,38,80,68,5,135]","[47,95,88,56,44,108,52,99]","[62,91,76,53,82,48,72,54,81,63,55,40,46]","[75,100,19,93,94,132,89,13,97,74,133,21,134]",248m 14799p 34s 227z,33r56p r567s 1z,23455577p 12335s,456m 1156678s 777z
20260403151827_0300_048,20260403151827_0300,20260403151827,0300,2,はまはまみこみこ,65,8p,estimated_tsumogiri,1775198426,6503.932,,0,,"[28,69,60,14,87,114,49,113,38,80,68,5,135]","[47,95,88,56,44,108,52,99]","[62,91,76,53,82,48,72,54,81,63,55,40,46]","[75,100,19,93,94,132,89,13,97,74,133,21,134]",248m 14799p 34s 227z,33r56p r567s 1z,23455577p 12335s,456m 1156678s 777z
20260403151827_0300_049,20260403151827_0300,20260403151827,0300,3,1963414,37,1p,estimated_tsumogiri,1775198428,2129.601,,0,,"[28,69,60,14,87,114,49,113,38,80,68,5,135]","[47,95,88,56,44,108,52,99]","[62,91,76,53,82,48,72,54,81,63,55,40,46]","[75,100,19,93,94,132,89,13,97,74,133,21,134]",248m 14799p 34s 227z,33r56p r567s 1z,23455577p 12335s,456m 1156678s 777z
20260403151827_0300_050,20260403151827_0300,20260403151827,0300,0,パシフィック,129,6z,confirmed_tsumogiri,1775198429,704.912,,0,,"[28,69,60,14,87,114,49,113,38,80,68,5,135]","[47,95,88,56,44,108,52,99]","[62,91,76,53,82,48,72,54,81,63,55,40,46]","[75,100,19,93,94,132,89,13,97,74,133,21,134]",248m 14799p 34s 227z,33r56p r567s 1z,23455577p 12335s,456m 1156678s 777z
20260403151827_0300_051,20260403151827_0300,20260403151827,0300,1,masa1125,1,1m,estimated_tsumogiri,1775198431,2729.738,,0,,"[28,69,60,14,87,114,49,113,38,80,68,5,135]","[47,95,88,56,44,108,52,99]","[62,91,76,53,82,48,72,54,81,63,55,40,46]","[75,100,19,93,94,132,89,13,97,74,133,21,134]",248m 14799p 34s 227z,33r56p r567s 1z,23455577p 12335s,456m 1156678s 777z
20260403151827_0300_052,20260403151827_0300,20260403151827,0300,2,はまはまみこみこ,9,3m,estimated_tsumogiri,1775198436,4403.121,,3,1922.538,"[28,69,60,14,87,114,49,113,38,80,68,5,135]","[47,95,88,56,44,108,52,99]","[62,91,76,53,82,48,72,54,81,63,55,40,46]","[75,100,19,93,94,132,89,13,97,74,133,21,134]",248m 14799p 34s 227z,33r56p r567s 1z,23455577p 12335s,456m 1156678s 777z
20260403151827_0300_053,20260403151827_0300,20260403151827,0300,3,1963414,70,9p,estimated_tsumogiri,1775198439,1522.931,,3,202.884,"[28,69,60,14,87,114,49,113,38,80,68,5,135]","[47,95,88,56,44,108,52,99]","[62,91,76,53,82,48,72,54,81,63,55,40,46]","[75,100,19,93,94,132,89,13,97,74,133,21,134]",248m 14799p 34s 227z,33r56p r567s 1z,23455577p 12335s,456m 1156678s 777z
20260403151827_0300_054,20260403151827_0300,20260403151827,0300,0,パシフィック,51,4p,confirmed_tsumogiri,1775198440,484.942,,0,,"[28,69,60,14,87,114,49,113,38,80,68,5,135]","[47,95,88,56,44,108,52,99]","[62,91,76,53,82,48,72,54,81,63,55,40,46]","[75,100,19,93,94,132,89,13,97,74,133,21,134]",248m 14799p 34s 227z,33r56p r567s 1z,23455577p 12335s,456m 1156678s 777z
20260403151827_0400_002,20260403151827_0400,20260403151827,0400,3,1963414,76,2s,confirmed_tedashi,1775198468,2333.298,,3,2212.855,"[33,36,50,51,57,59,66,69,83,87,90,98,109]","[6,52,15,120,110,123,53,28,37,46,96,16,79]","[47,89,118,129,116,49,127,94,32,103,26,99,29]","[10,64,41,48,55,56,18,113,100,14,62,112,107]",9m 1446689p 3457s 1z,24r58m 13r55p 27s 144z,789m 34p 5678s 3356z,345m 245678p 89s 22z
20260403151827_0400_003,20260403151827_0400,20260403151827,0400,0,パシフィック,21,6m,confirmed_tedashi,1775198478,7790.152,,3,3031.151,"[33,36,50,51,57,59,66,69,83,87,90,98,109]","[6,52,15,120,110,123,53,28,37,46,96,16,79]","[47,89,118,129,116,49,127,94,32,103,26,99,29]","[10,64,41,48,55,56,18,113,100,14,62,112,107]",9m 1446689p 3457s 1z,24r58m 13r55p 27s 144z,789m 34p 5678s 3356z,345m 245678p 89s 22z
20260403151827_0400_004,20260403151827_0400,20260403151827,0400,1,masa1125,110,1z,confirmed_tedashi,1775198484,3651.243,,0,,"[33,36,50,51,57,59,66,69,83,87,90,98,109]","[6,52,15,120,123,53,28,37,46,96,16,79,97]","[47,89,118,129,116,49,127,94,32,103,26,99,29]","[10,64,41,48,55,56,18,113,100,14,62,112,107]",9m 1446689p 3457s 1z,24r58m 13r55p 277s 44z,789m 34p 5678s 3356z,345m 245678p 89s 22z
20260403151827_0400_005,20260403151827_0400,20260403151827,0400,2,はまはまみこみこ,72,1s,estimated_tsumogiri,1775198487,2640.216,,0,,"[33,36,50,51,57,59,66,69,83,87,90,98,109]","[6,52,15,120,123,53,28,37,46,96,16,79,97]","[47,89,118,129,116,49,127,94,32,103,26,99,29]","[10,64,41,48,55,56,18,113,100,14,62,112,107]",9m 1446689p 3457s 1z,24r58m 13r55p 277s 44z,789m 34p 5678s 3356z,345m 245678p 89s 22z
20260403151827_0400_006,20260403151827_0400,20260403151827,0400,3,1963414,41,2p,confirmed_tedashi,1775198490,3074.025,,0,,"[33,36,50,51,57,59,66,69,83,87,90,98,109]","[6,52,15,120,123,53,28,37,46,96,16,79,97]","[47,89,118,129,116,49,127,94,32,103,26,99,29]","[10,64,48,55,56,18,113,100,14,62,112,107,125]",9m 1446689p 3457s 1z,24r58m 13r55p 277s 44z,789m 34p 5678s 3356z,345m 45678p 89s 225z
20260403151827_0400_007,20260403151827_0400,20260403151827,0400,0,パシフィック,121,4z,confirmed_tsumogiri,1775198491,689.392,,3,2970.283,"[33,36,50,51,57,59,66,69,83,87,90,98,109]","[6,52,15,120,123,53,28,37,46,96,16,79,97]","[47,89,118,129,116,49,127,94,32,103,26,99,29]","[10,64,48,55,56,18,113,100,14,62,112,107,125]",9m 1446689p 3457s 1z,24r58m 13r55p 277s 44z,789m 34p 5678s 3356z,345m 45678p 89s 225z
20260403151827_0400_008,20260403151827_0400,20260403151827,0400,1,masa1125,68,9p,estimated_tsumogiri,1775198497,3242.944,,0,,"[33,36,50,51,57,59,66,69,83,87,90,98,109]","[6,52,15,120,123,53,28,37,46,96,16,79,97]","[47,89,118,129,116,49,127,94,32,103,26,99,29]","[10,64,48,55,56,18,113,100,14,62,112,107,125]",9m 1446689p 3457s 1z,24r58m 13r55p 277s 44z,789m 34p 5678s 3356z,345m 45678p 89s 225z
20260403151827_0400_009,20260403151827_0400,20260403151827,0400,2,はまはまみこみこ,129,6z,confirmed_tedashi,1775198499,2265.005,,0,,"[33,36,50,51,57,59,66,69,83,87,90,98,109]","[6,52,15,120,123,53,28,37,46,96,16,79,97]","[47,89,118,116,49,127,94,32,103,26,99,29,102]","[10,64,48,55,56,18,113,100,14,62,112,107,125]",9m 1446689p 3457s 1z,24r58m 13r55p 277s 44z,789m 34p 56788s 335z,345m 45678p 89s 225z
20260403151827_0400_010,20260403151827_0400,20260403151827,0400,3,1963414,107,9s,confirmed_tedashi,1775198505,5603.715,,0,,"[33,36,50,51,57,59,66,69,83,87,90,98,109]","[6,52,15,120,123,53,28,37,46,96,16,79,97]","[47,89,118,116,49,127,94,32,103,26,99,29,102]","[10,64,48,55,56,18,113,100,14,62,112,125,71]",9m 1446689p 3457s 1z,24r58m 13r55p 277s 44z,789m 34p 56788s 335z,345m 456789p 8s 225z
20260403151827_0400_011,20260403151827_0400,20260403151827,0400,0,パシフィック,105,9s,confirmed_tsumogiri,1775198505,689.571,,0,,"[33,36,50,51,57,59,66,69,83,87,90,98,109]","[6,52,15,120,123,53,28,37,46,96,16,79,97]","[47,89,118,116,49,127,94,32,103,26,99,29,102]","[10,64,48,55,56,18,113,100,14,62,112,125,71]",9m 1446689p 3457s 1z,24r58m 13r55p 277s 44z,789m 34p 56788s 335z,345m 456789p 8s 225z
20260403151827_0400_012,20260403151827_0400,20260403151827,0400,1,masa1125,6,2m,confirmed_tedashi,1775198510,4988.472,,0,,"[33,36,50,51,57,59,66,69,83,87,90,98,109]","[52,15,120,123,53,28,37,46,96,16,79,97,30]","[47,89,118,116,49,127,94,32,103,26,99,29,102]","[10,64,48,55,56,18,113,100,14,62,112,125,71]",9m 1446689p 3457s 1z,4r588m 13r55p 277s 44z,789m 34p 56788s 335z,345m 456789p 8s 225z
20260403151827_0400_013,20260403151827_0400,20260403151827,0400,2,はまはまみこみこ,118,3z,confirmed_tedashi,1775198513,2771.622,,0,,"[33,36,50,51,57,59,66,69,83,87,90,98,109]","[52,15,120,123,53,28,37,46,96,16,79,97,30]","[47,89,116,49,127,94,32,103,26,99,29,102,81]","[10,64,48,55,56,18,113,100,14,62,112,125,71]",9m 1446689p 3457s 1z,4r588m 13r55p 277s 44z,789m 34p 356788s 35z,345m 456789p 8s 225z
20260403151827_0400_014,20260403151827_0400,20260403151827,0400,3,1963414,100,8s,confirmed_tedashi,1775198515,2166.419,,3,2067.194,"[33,36,50,51,57,59,66,69,83,87,90,98,109]","[52,15,120,123,53,28,37,46,96,16,79,97,30]","[47,89,116,49,127,94,32,103,26,99,29,102,81]","[10,64,48,55,56,18,113,14,62,112,125,71,135]",9m 1446689p 3457s 1z,4r588m 13r55p 277s 44z,789m 34p 356788s 35z,345m 456789p 2257z
20260403151827_0400_015,20260403151827_0400,20260403151827,0400,0,パシフィック,24,7m,confirmed_tsumogiri,1775198518,206.765,,0,,"[33,36,50,51,57,59,66,69,83,87,90,98,109]","[52,15,120,123,53,28,37,46,96,16,79,97,30]","[47,89,116,49,127,94,32,103,26,99,29,102,81]","[10,64,48,55,56,18,113,14,62,112,125,71,135]",9m 1446689p 3457s 1z,4r588m 13r55p 277s 44z,789m 34p 356788s 35z,345m 456789p 2257z
20260403151827_0400_016,20260403151827_0400,20260403151827,0400,1,masa1125,79,2s,confirmed_tedashi,1775198521,3897.107,,0,,"[33,36,50,51,57,59,66,69,83,87,90,98,109]","[52,15,120,123,53,28,37,46,96,16,97,30,122]","[47,89,116,49,127,94,32,103,26,99,29,102,81]","[10,64,48,55,56,18,113,14,62,112,125,71,135]",9m 1446689p 3457s 1z,4r588m 13r55p 77s 444z,789m 34p 356788s 35z,345m 456789p 2257z
20260403151827_0400_017,20260403151827_0400,20260403151827,0400,2,はまはまみこみこ,116,3z,confirmed_tedashi,1775198525,3052.044,,0,,"[33,36,50,51,57,59,66,69,83,87,90,98,109]","[52,15,120,123,53,28,37,46,96,16,97,30,122]","[47,89,49,127,94,32,103,26,99,29,102,81,119]","[10,64,48,55,56,18,113,14,62,112,125,71,135]",9m 1446689p 3457s 1z,4r588m 13r55p 77s 444z,789m 34p 356788s 35z,345m 456789p 2257z
20260403151827_0400_018,20260403151827_0400,20260403151827,0400,3,1963414,135,7z,confirmed_tedashi,1775198527,2631.308,,0,,"[33,36,50,51,57,59,66,69,83,87,90,98,109]","[52,15,120,123,53,28,37,46,96,16,97,30,122]","[47,89,49,127,94,32,103,26,99,29,102,81,119]","[10,64,48,55,56,18,113,14,62,112,125,71,61]",9m 1446689p 3457s 1z,4r588m 13r55p 77s 444z,789m 34p 356788s 35z,345m 4567789p 225z
20260403151827_0400_019,20260403151827_0400,20260403151827,0400,0,パシフィック,67,8p,confirmed_tsumogiri,1775198528,687.484,,0,,"[33,36,50,51,57,59,66,69,83,87,90,98,109]","[52,15,120,123,53,28,37,46,96,16,97,30,122]","[47,89,49,127,94,32,103,26,99,29,102,81,119]","[10,64,48,55,56,18,113,14,62,112,125,71,61]",9m 1446689p 3457s 1z,4r588m 13r55p 77s 444z,789m 34p 356788s 35z,345m 4567789p 225z
20260403151827_0400_020,20260403151827_0400,20260403151827,0400,1,masa1125,37,1p,confirmed_tedashi,1775198534,5729.656,,0,,"[33,36,50,51,57,59,66,69,83,87,90,98,109]","[52,15,120,123,53,28,46,96,16,97,30,122,19]","[47,89,49,127,94,32,103,26,99,29,102,81,119]","[10,64,48,55,56,18,113,14,62,112,125,71,61]",9m 1446689p 3457s 1z,4r5588m 3r55p 77s 444z,789m 34p 356788s 35z,345m 4567789p 225z
20260403151827_0400_021,20260403151827_0400,20260403151827,0400,2,はまはまみこみこ,119,3z,confirmed_tedashi,1775198538,3978.323,,0,,"[33,36,50,51,57,59,66,69,83,87,90,98,109]","[52,15,120,123,53,28,46,96,16,97,30,122,19]","[47,89,49,127,94,32,103,26,99,29,102,81,11]","[10,64,48,55,56,18,113,14,62,112,125,71,61]",9m 1446689p 3457s 1z,4r5588m 3r55p 77s 444z,3789m 34p 356788s 5z,345m 4567789p 225z
20260403151827_0400_022,20260403151827_0400,20260403151827,0400,3,1963414,1,1m,estimated_tsumogiri,1775198540,2414.657,,0,,"[33,36,50,51,57,59,66,69,83,87,90,98,109]","[52,15,120,123,53,28,46,96,16,97,30,122,19]","[47,89,49,127,94,32,103,26,99,29,102,81,11]","[10,64,48,55,56,18,113,14,62,112,125,71,61]",9m 1446689p 3457s 1z,4r5588m 3r55p 77s 444z,3789m 34p 356788s 5z,345m 4567789p 225z
20260403151827_0400_023,20260403151827_0400,20260403151827,0400,0,パシフィック,4,2m,confirmed_tsumogiri,1775198541,694.296,,0,,"[33,36,50,51,57,59,66,69,83,87,90,98,109]","[52,15,120,123,53,28,46,96,16,97,30,122,19]","[47,89,49,127,94,32,103,26,99,29,102,81,11]","[10,64,48,55,56,18,113,14,62,112,125,71,61]",9m 1446689p 3457s 1z,4r5588m 3r55p 77s 444z,3789m 34p 356788s 5z,345m 4567789p 225z
20260403151827_0400_024,20260403151827_0400,20260403151827,0400,1,masa1125,19,5m,confirmed_tedashi,1775198558,17232.216,,0,,"[33,36,50,51,57,59,66,69,83,87,90,98,109]","[52,15,120,123,53,28,46,96,16,97,30,122,44]","[47,89,49,127,94,32,103,26,99,29,102,81,11]","[10,64,48,55,56,18,113,14,62,112,125,71,61]",9m 1446689p 3457s 1z,4r588m 33r55p 77s 444z,3789m 34p 356788s 5z,345m 4567789p 225z
20260403151827_0400_025,20260403151827_0400,20260403151827,0400,2,はまはまみこみこ,131,6z,estimated_tsumogiri,1775198560,2302.231,,0,,"[33,36,50,51,57,59,66,69,83,87,90,98,109]","[52,15,120,123,53,28,46,96,16,97,30,122,44]","[47,89,49,127,94,32,103,26,99,29,102,81,11]","[10,64,48,55,56,18,113,14,62,112,125,71,61]",9m 1446689p 3457s 1z,4r588m 33r55p 77s 444z,3789m 34p 356788s 5z,345m 4567789p 225z
20260403151827_0400_026,20260403151827_0400,20260403151827,0400,3,1963414,62,7p,confirmed_tedashi,1775198564,3859.568,,3,223.145,"[33,36,50,51,57,59,66,69,83,87,90,98,109]","[52,15,120,123,53,28,46,96,16,97,30,122,44]","[47,89,49,127,94,32,103,26,99,29,102,81,11]","[10,64,48,55,56,18,113,14,112,125,71,61,17]",9m 1446689p 3457s 1z,4r588m 33r55p 77s 444z,3789m 34p 356788s 5z,3455m 456789p 225z
20260403151827_0400_027,20260403151827_0400,20260403151827,0400,0,パシフィック,106,9s,confirmed_tsumogiri,1775198565,485.561,,0,,"[33,36,50,51,57,59,66,69,83,87,90,98,109]","[52,15,120,123,53,28,46,96,16,97,30,122,44]","[47,89,49,127,94,32,103,26,99,29,102,81,11]","[10,64,48,55,56,18,113,14,112,125,71,61,17]",9m 1446689p 3457s 1z,4r588m 33r55p 77s 444z,3789m 34p 356788s 5z,3455m 456789p 225z
20260403151827_0400_028,20260403151827_0400,20260403151827,0400,1,masa1125,23,6m,estimated_tsumogiri,1775198572,7252.52,,3,1585.405,"[33,36,50,51,57,59,66,69,83,87,90,98,109]","[52,15,120,123,53,28,46,96,16,97,30,122,44]","[47,89,49,127,94,32,103,26,99,29,102,81,11]","[10,64,48,55,56,18,113,14,112,125,71,61,17]",9m 1446689p 3457s 1z,4r588m 33r55p 77s 444z,3789m 34p 356788s 5z,3455m 456789p 225z
20260403151827_0400_029,20260403151827_0400,20260403151827,0400,2,はまはまみこみこ,81,3s,confirmed_tedashi,1775198579,5570.249,,0,,"[33,36,50,51,57,59,66,69,83,87,90,98,109]","[52,15,120,123,53,28,46,96,16,97,30,122,44]","[47,89,49,127,94,32,103,26,99,29,102,11,12]","[10,64,48,55,56,18,113,14,112,125,71,61,17]",9m 1446689p 3457s 1z,4r588m 33r55p 77s 444z,34789m 34p 56788s 5z,3455m 456789p 225z
20260403151827_0400_030,20260403151827_0400,20260403151827,0400,3,1963414,125,5z,confirmed_tedashi,1775198585,6044.903,,0,,"[33,36,50,51,57,59,66,69,83,87,90,98,109]","[52,15,120,123,53,28,46,96,16,97,30,122,44]","[47,89,49,127,94,32,103,26,99,29,102,11,12]","[10,64,48,55,56,18,113,14,112,71,61,17,58]",9m 1446689p 3457s 1z,4r588m 33r55p 77s 444z,34789m 34p 56788s 5z,3455m 4566789p 22z
20260403151827_0400_031,20260403151827_0400,20260403151827,0400,0,パシフィック,115,2z,confirmed_tsumogiri,1775198586,720.702,,3,4779.348,"[33,36,50,51,57,59,66,69,83,87,90,98,109]","[52,15,120,123,53,28,46,96,16,97,30,122,44]","[47,89,49,127,94,32,103,26,99,29,102,11,12]","[10,64,48,55,56,18,113,14,112,71,61,17,58]",9m 1446689p 3457s 1z,4r588m 33r55p 77s 444z,34789m 34p 56788s 5z,3455m 4566789p 22z
20260403151827_0400_032,20260403151827_0400,20260403151827,0400,3,1963414,18,5m,confirmed_tedashi,1775198591,1400.394,,0,,"[33,36,50,51,57,59,66,69,83,87,90,98,109]","[52,15,120,123,53,28,46,96,16,97,30,122,44]","[47,89,49,127,94,32,103,26,99,29,102,11,12]","[10,64,48,55,56,113,14,71,61,17,58]",9m 1446689p 3457s 1z,4r588m 33r55p 77s 444z,34789m 34p 56788s 5z,345m 4566789p 2z
20260403151827_0400_033,20260403151827_0400,20260403151827,0400,0,パシフィック,77,2s,confirmed_tsumogiri,1775198591,685.749,,0,,"[33,36,50,51,57,59,66,69,83,87,90,98,109]","[52,15,120,123,53,28,46,96,16,97,30,122,44]","[47,89,49,127,94,32,103,26,99,29,102,11,12]","[10,64,48,55,56,113,14,71,61,17,58]",9m 1446689p 3457s 1z,4r588m 33r55p 77s 444z,34789m 34p 56788s 5z,345m 4566789p 2z
20260403151827_0400_034,20260403151827_0400,20260403151827,0400,1,masa1125,117,3z,estimated_tsumogiri,1775198596,4730.295,,0,,"[33,36,50,51,57,59,66,69,83,87,90,98,109]","[52,15,120,123,53,28,46,96,16,97,30,122,44]","[47,89,49,127,94,32,103,26,99,29,102,11,12]","[10,64,48,55,56,113,14,71,61,17,58]",9m 1446689p 3457s 1z,4r588m 33r55p 77s 444z,34789m 34p 56788s 5z,345m 4566789p 2z
20260403151827_0400_035,20260403151827_0400,20260403151827,0400,2,はまはまみこみこ,127,5z,confirmed_tedashi,1775198601,4530.197,,0,,"[33,36,50,51,57,59,66,69,83,87,90,98,109]","[52,15,120,123,53,28,46,96,16,97,30,122,44]","[47,89,49,94,32,103,26,99,29,102,11,12,85]","[10,64,48,55,56,113,14,71,61,17,58]",9m 1446689p 3457s 1z,4r588m 33r55p 77s 444z,34789m 34p 456788s,345m 4566789p 2z
20260403151827_0400_036,20260403151827_0400,20260403151827,0400,3,1963414,93,6s,estimated_tsumogiri,1775198603,1914.639,,3,206.472,"[33,36,50,51,57,59,66,69,83,87,90,98,109]","[52,15,120,123,53,28,46,96,16,97,30,122,44]","[47,89,49,94,32,103,26,99,29,102,11,12,85]","[10,64,48,55,56,113,14,71,61,17,58]",9m 1446689p 3457s 1z,4r588m 33r55p 77s 444z,34789m 34p 456788s,345m 4566789p 2z
20260403151827_0400_037,20260403151827_0400,20260403151827,0400,0,パシフィック,128,6z,confirmed_tsumogiri,1775198603,489.32,,0,,"[33,36,50,51,57,59,66,69,83,87,90,98,109]","[52,15,120,123,53,28,46,96,16,97,30,122,44]","[47,89,49,94,32,103,26,99,29,102,11,12,85]","[10,64,48,55,56,113,14,71,61,17,58]",9m 1446689p 3457s 1z,4r588m 33r55p 77s 444z,34789m 34p 456788s,345m 4566789p 2z
20260403151827_0400_038,20260403151827_0400,20260403151827,0400,1,masa1125,28,8m,confirmed_tedashi,1775198610,6343.374,,3,2230.107,"[33,36,50,51,57,59,66,69,83,87,90,98,109]","[52,15,120,123,53,46,96,16,97,30,122,44,9]","[47,89,49,94,32,103,26,99,29,102,11,12,85]","[10,64,48,55,56,113,14,71,61,17,58]",9m 1446689p 3457s 1z,34r58m 33r55p 77s 444z,34789m 34p 456788s,345m 4566789p 2z
20260403151827_0400_039,20260403151827_0400,20260403151827,0400,2,はまはまみこみこ,3,1m,estimated_tsumogiri,1775198614,2202.475,,0,,"[33,36,50,51,57,59,66,69,83,87,90,98,109]","[52,15,120,123,53,46,96,16,97,30,122,44,9]","[47,89,49,94,32,103,26,99,29,102,11,12,85]","[10,64,48,55,56,113,14,71,61,17,58]",9m 1446689p 3457s 1z,34r58m 33r55p 77s 444z,34789m 34p 456788s,345m 4566789p 2z
20260403151827_0400_040,20260403151827_0400,20260403151827,0400,3,1963414,108,1z,estimated_tsumogiri,1775198616,2307.364,,0,,"[33,36,50,51,57,59,66,69,83,87,90,98,109]","[52,15,120,123,53,46,96,16,97,30,122,44,9]","[47,89,49,94,32,103,26,99,29,102,11,12,85]","[10,64,48,55,56,113,14,71,61,17,58]",9m 1446689p 3457s 1z,34r58m 33r55p 77s 444z,34789m 34p 456788s,345m 4566789p 2z
20260403151827_0400_041,20260403151827_0400,20260403151827,0400,0,パシフィック,63,7p,confirmed_tsumogiri,1775198617,699.55,,0,,"[33,36,50,51,57,59,66,69,83,87,90,98,109]","[52,15,120,123,53,46,96,16,97,30,122,44,9]","[47,89,49,94,32,103,26,99,29,102,11,12,85]","[10,64,48,55,56,113,14,71,61,17,58]",9m 1446689p 3457s 1z,34r58m 33r55p 77s 444z,34789m 34p 456788s,345m 4566789p 2z
20260403151827_0400_042,20260403151827_0400,20260403151827,0400,1,masa1125,44,3p,confirmed_tedashi,1775198623,5569.565,,0,,"[33,36,50,51,57,59,66,69,83,87,90,98,109]","[52,15,120,123,53,46,96,16,97,30,122,9,25]","[47,89,49,94,32,103,26,99,29,102,11,12,85]","[10,64,48,55,56,113,14,71,61,17,58]",9m 1446689p 3457s 1z,34r578m 3r55p 77s 444z,34789m 34p 456788s,345m 4566789p 2z
20260403151827_0500_000,20260403151827_0500,20260403151827,0500,2,はまはまみこみこ,118,3z,confirmed_tedashi,1775198637,4704.657,,3,1923.844,"[15,107,122,66,62,4,121]","[13,59,133,12,130,42,20,47,54,88,31,60,115]","[113,39,86,63,50,14,96,69,84,53,98,134,67]","[116,18,19,28,95,102,57,119,64,5,30,27,80]",24m 78p 9s 44z,4468m 23567p r5s 267z,4m 145789p 4477s 27z,255788m 68p 368s 33z
20260403151827_0500_001,20260403151827_0500,20260403151827,0500,3,1963414,5,2m,confirmed_tedashi,1775198643,3451.495,,0,,"[15,107,122,66,62,4,121]","[13,59,133,12,130,42,20,47,54,88,31,60,115]","[113,39,86,63,50,14,96,69,84,53,98,134,67]","[116,18,19,28,95,102,57,119,64,30,27,80,58]",24m 78p 9s 44z,4468m 23567p r5s 267z,4m 145789p 4477s 27z,55788m 668p 368s 33z
20260403151827_0500_002,20260403151827_0500,20260403151827,0500,0,パシフィック,51,4p,confirmed_tsumogiri,1775198650,1660.358,,3,3431.392,"[15,107,122,66,62,4,121]","[13,59,133,12,130,42,20,47,54,88,31,60,115]","[113,39,86,63,50,14,96,69,84,53,98,134,67]","[116,18,19,28,95,102,57,119,64,30,27,80,58]",24m 78p 9s 44z,4468m 23567p r5s 267z,4m 145789p 4477s 27z,55788m 668p 368s 33z
20260403151827_0500_003,20260403151827_0500,20260403151827,0500,1,masa1125,115,2z,confirmed_tedashi,1775198655,2294.985,,0,,"[15,107,122,66,62,4,121]","[13,59,133,12,130,42,20,47,54,88,31,60,16]","[113,39,86,63,50,14,96,69,84,53,98,134,67]","[116,18,19,28,95,102,57,119,64,30,27,80,58]",24m 78p 9s 44z,44r568m 23567p r5s 67z,4m 145789p 4477s 27z,55788m 668p 368s 33z
20260403151827_0500_004,20260403151827_0500,20260403151827,0500,2,はまはまみこみこ,39,1p,confirmed_tedashi,1775198658,2652.377,,0,,"[15,107,122,66,62,4,121]","[13,59,133,12,130,42,20,47,54,88,31,60,16]","[113,86,63,50,14,96,69,84,53,98,134,67,34]","[116,18,19,28,95,102,57,119,64,30,27,80,58]",24m 78p 9s 44z,44r568m 23567p r5s 67z,49m 45789p 4477s 27z,55788m 668p 368s 33z
20260403151827_0500_005,20260403151827_0500,20260403151827,0500,3,1963414,119,3z,confirmed_tedashi,1775198661,3091.633,,0,,"[15,107,122,66,62,4,121]","[13,59,133,12,130,42,20,47,54,88,31,60,16]","[113,86,63,50,14,96,69,84,53,98,134,67,34]","[116,18,19,28,95,102,57,64,30,27,80,58,49]",24m 78p 9s 44z,44r568m 23567p r5s 67z,49m 45789p 4477s 27z,55788m 4668p 368s 3z
20260403151827_0500_006,20260403151827_0500,20260403151827,0500,0,パシフィック,85,4s,confirmed_tsumogiri,1775198667,5996.565,,3,3005.362,"[15,107,122,66,62,4,121]","[13,59,133,12,130,42,20,47,54,88,31,60,16]","[113,86,63,50,14,96,69,84,53,98,134,67,34]","[116,18,19,28,95,102,57,64,30,27,80,58,49]",24m 78p 9s 44z,44r568m 23567p r5s 67z,49m 45789p 4477s 27z,55788m 4668p 368s 3z
20260403151827_0500_007,20260403151827_0500,20260403151827,0500,1,masa1125,130,6z,confirmed_tedashi,1775198672,2233.613,,0,,"[15,107,122,66,62,4,121]","[13,59,133,12,42,20,47,54,88,31,60,16,82]","[113,86,63,50,14,96,69,84,53,98,134,67,34]","[116,18,19,28,95,102,57,64,30,27,80,58,49]",24m 78p 9s 44z,44r568m 23567p 3r5s 7z,49m 45789p 4477s 27z,55788m 4668p 368s 3z
20260403151827_0500_008,20260403151827_0500,20260403151827,0500,2,はまはまみこみこ,34,9m,confirmed_tedashi,1775198675,2317.586,,2,3978.756,"[15,107,122,66,62,4,121]","[13,59,133,12,42,20,47,54,88,31,60,16,82]","[113,86,63,50,14,96,69,84,53,98,134,67,56]","[116,18,19,28,95,102,57,64,30,27,80,58,49]",24m 78p 9s 44z,44r568m 23567p 3r5s 7z,4m 456789p 4477s 27z,55788m 4668p 368s 3z
20260403151827_0500_009,20260403151827_0500,20260403151827,0500,0,パシフィック,77,2s,confirmed_tedashi,1775198681,2423.752,,0,,"[15,107,122,66,62,4,121]","[13,59,133,12,42,20,47,54,88,31,60,16,82]","[113,86,63,50,14,96,69,84,53,98,134,67,56]","[116,18,19,28,95,102,57,64,30,27,80,58,49]",24m 78p 9s 44z,44r568m 23567p 3r5s 7z,4m 456789p 4477s 27z,55788m 4668p 368s 3z
20260403151827_0500_010,20260403151827_0500,20260403151827,0500,1,masa1125,133,7z,confirmed_tedashi,1775198684,2545.179,,0,,"[15,107,122,66,62,4,121]","[13,59,12,42,20,47,54,88,31,60,16,82,114]","[113,86,63,50,14,96,69,84,53,98,134,67,56]","[116,18,19,28,95,102,57,64,30,27,80,58,49]",24m 78p 9s 44z,44r568m 23567p 3r5s 2z,4m 456789p 4477s 27z,55788m 4668p 368s 3z
20260403151827_0500_011,20260403151827_0500,20260403151827,0500,2,はまはまみこみこ,113,2z,confirmed_tedashi,1775198687,3583.297,,0,,"[15,107,122,66,62,4,121]","[13,59,12,42,20,47,54,88,31,60,16,82,114]","[86,63,50,14,96,69,84,53,98,134,67,56,79]","[116,18,19,28,95,102,57,64,30,27,80,58,49]",24m 78p 9s 44z,44r568m 23567p 3r5s 2z,4m 456789p 24477s 7z,55788m 4668p 368s 3z
20260403151827_0500_012,20260403151827_0500,20260403151827,0500,3,1963414,120,4z,estimated_tsumogiri,1775198691,3942.607,,3,204.563,"[15,107,122,66,62,4,121]","[13,59,12,42,20,47,54,88,31,60,16,82,114]","[86,63,50,14,96,69,84,53,98,134,67,56,79]","[116,18,19,28,95,102,57,64,30,27,80,58,49]",24m 78p 9s 44z,44r568m 23567p 3r5s 2z,4m 456789p 24477s 7z,55788m 4668p 368s 3z
20260403151827_0500_013,20260403151827_0500,20260403151827,0500,0,パシフィック,17,5m,confirmed_tsumogiri,1775198692,485.397,,3,3891.947,"[15,107,122,66,62,4,121]","[13,59,12,42,20,47,54,88,31,60,16,82,114]","[86,63,50,14,96,69,84,53,98,134,67,56,79]","[116,18,19,28,95,102,57,64,30,27,80,58,49]",24m 78p 9s 44z,44r568m 23567p 3r5s 2z,4m 456789p 24477s 7z,55788m 4668p 368s 3z
20260403151827_0500_014,20260403151827_0500,20260403151827,0500,1,masa1125,114,2z,confirmed_tedashi,1775198698,2273.841,,0,,"[15,107,122,66,62,4,121]","[13,59,12,42,20,47,54,88,31,60,16,82,48]","[86,63,50,14,96,69,84,53,98,134,67,56,79]","[116,18,19,28,95,102,57,64,30,27,80,58,49]",24m 78p 9s 44z,44r568m 234567p 3r5s,4m 456789p 24477s 7z,55788m 4668p 368s 3z
20260403151827_0500_015,20260403151827_0500,20260403151827,0500,2,はまはまみこみこ,68,9p,estimated_tsumogiri,1775198704,5892.546,,0,,"[15,107,122,66,62,4,121]","[13,59,12,42,20,47,54,88,31,60,16,82,48]","[86,63,50,14,96,69,84,53,98,134,67,56,79]","[116,18,19,28,95,102,57,64,30,27,80,58,49]",24m 78p 9s 44z,44r568m 234567p 3r5s,4m 456789p 24477s 7z,55788m 4668p 368s 3z
20260403151827_0500_016,20260403151827_0500,20260403151827,0500,3,1963414,1,1m,estimated_tsumogiri,1775198706,2426.939,,0,,"[15,107,122,66,62,4,121]","[13,59,12,42,20,47,54,88,31,60,16,82,48]","[86,63,50,14,96,69,84,53,98,134,67,56,79]","[116,18,19,28,95,102,57,64,30,27,80,58,49]",24m 78p 9s 44z,44r568m 234567p 3r5s,4m 456789p 24477s 7z,55788m 4668p 368s 3z
20260403151827_0500_017,20260403151827_0500,20260403151827,0500,0,パシフィック,52,r5p,confirmed_tsumogiri,1775198707,710.155,,3,3490.251,"[15,107,122,66,62,4,121]","[13,59,12,42,20,47,54,88,31,60,16,82,48]","[86,63,50,14,96,69,84,53,98,134,67,56,79]","[116,18,19,28,95,102,57,64,30,27,80,58,49]",24m 78p 9s 44z,44r568m 234567p 3r5s,4m 456789p 24477s 7z,55788m 4668p 368s 3z
20260403151827_0500_018,20260403151827_0500,20260403151827,0500,1,masa1125,31,8m,confirmed_tedashi,1775198720,9619.025,,3,1740.497,"[15,107,122,66,62,4,121]","[13,59,12,42,20,47,54,88,60,16,82,48,24]","[86,63,50,14,96,69,84,53,98,134,67,56,79]","[116,18,19,28,95,102,57,64,30,27,80,58,49]",24m 78p 9s 44z,44r567m 234567p 3r5s,4m 456789p 24477s 7z,55788m 4668p 368s 3z
20260403151827_0500_019,20260403151827_0500,20260403151827,0500,2,はまはまみこみこ,134,7z,confirmed_tedashi,1775198725,2611.031,,0,,"[15,107,122,66,62,4,121]","[13,59,12,42,20,47,54,88,60,16,82,48,24]","[86,63,50,14,96,69,84,53,98,67,56,79,55]","[116,18,19,28,95,102,57,64,30,27,80,58,49]",24m 78p 9s 44z,44r567m 234567p 3r5s,4m 4556789p 24477s,55788m 4668p 368s 3z
20260403151827_0500_020,20260403151827_0500,20260403151827,0500,3,1963414,123,4z,estimated_tsumogiri,1775198727,2338.02,,3,223.02,"[15,107,122,66,62,4,121]","[13,59,12,42,20,47,54,88,60,16,82,48,24]","[86,63,50,14,96,69,84,53,98,67,56,79,55]","[116,18,19,28,95,102,57,64,30,27,80,58,49]",24m 78p 9s 44z,44r567m 234567p 3r5s,4m 4556789p 24477s,55788m 4668p 368s 3z
20260403151827_0500_021,20260403151827_0500,20260403151827,0500,0,パシフィック,97,7s,confirmed_tsumogiri,1775198728,486.02,,3,7428.634,"[15,107,122,66,62,4,121]","[13,59,12,42,20,47,54,88,60,16,82,48,24]","[86,63,50,14,96,69,84,53,98,67,56,79,55]","[116,18,19,28,95,102,57,64,30,27,80,58,49]",24m 78p 9s 44z,44r567m 234567p 3r5s,4m 4556789p 24477s,55788m 4668p 368s 3z
20260403151827_0500_022,20260403151827_0500,20260403151827,0500,1,masa1125,37,1p,estimated_tsumogiri,1775198740,1457.993,3425.707,0,,"[15,107,122,66,62,4,121]","[13,59,12,42,20,47,54,88,60,16,82,48,24]","[86,63,50,14,96,69,84,53,98,67,56,79,55]","[116,18,19,28,95,102,57,64,30,27,80,58,49]",24m 78p 9s 44z,44r567m 234567p 3r5s,4m 4556789p 24477s,55788m 4668p 368s 3z
20260403151827_0500_023,20260403151827_0500,20260403151827,0500,2,はまはまみこみこ,103,8s,estimated_tsumogiri,1775198745,4785.267,,0,,"[15,107,122,66,62,4,121]","[13,59,12,42,20,47,54,88,60,16,82,48,24]","[86,63,50,14,96,69,84,53,98,67,56,79,55]","[116,18,19,28,95,102,57,64,30,27,80,58,49]",24m 78p 9s 44z,44r567m 234567p 3r5s,4m 4556789p 24477s,55788m 4668p 368s 3z
20260403151827_0500_024,20260403151827_0500,20260403151827,0500,3,1963414,36,1p,estimated_tsumogiri,1775198748,3294.776,,0,,"[15,107,122,66,62,4,121]","[13,59,12,42,20,47,54,88,60,16,82,48,24]","[86,63,50,14,96,69,84,53,98,67,56,79,55]","[116,18,19,28,95,102,57,64,30,27,80,58,49]",24m 78p 9s 44z,44r567m 234567p 3r5s,4m 4556789p 24477s,55788m 4668p 368s 3z
20260403151827_0500_025,20260403151827_0500,20260403151827,0500,0,パシフィック,87,4s,confirmed_tsumogiri,1775198749,687.281,,0,,"[15,107,122,66,62,4,121]","[13,59,12,42,20,47,54,88,60,16,82,48,24]","[86,63,50,14,96,69,84,53,98,67,56,79,55]","[116,18,19,28,95,102,57,64,30,27,80,58,49]",24m 78p 9s 44z,44r567m 234567p 3r5s,4m 4556789p 24477s,55788m 4668p 368s 3z
20260403151827_0500_026,20260403151827_0500,20260403151827,0500,1,masa1125,926245,,confirmed_tedashi,1775198824,,,0,,"[15,107,122,66,62,4,121]",,,,24m 78p 9s 44z,,,
20260403151827_0500_027,20260403151827_0500,20260403151827,0500,0,パシフィック,55,5p,confirmed_tedashi,1775198824,,,0,,"[15,107,122,66,62,4,121]",,,,24m 78p 9s 44z,,,
20260403151827_0500_028,20260403151827_0500,20260403151827,0500,1,masa1125,4,2m,confirmed_tedashi,1775198824,,,0,,"[15,107,122,66,62,4,121]",,,,24m 78p 9s 44z,,,
20260403151827_0500_029,20260403151827_0500,20260403151827,0500,2,はまはまみこみこ,56,6p,confirmed_tedashi,1775198824,0.0,,0,,"[15,107,122,66,62,4,121]",,,,24m 78p 9s 44z,,,
20260403151827_0500_030,20260403151827_0500,20260403151827,0500,1,masa1125,926245,,confirmed_tedashi,1775198824,,,0,,"[15,107,122,66,62,4,121]",,,,24m 78p 9s 44z,,,
20260403151827_0500_031,20260403151827_0500,20260403151827,0500,0,パシフィック,55,5p,confirmed_tedashi,1775198824,,,0,,"[15,107,122,66,62,4,121]",,,,24m 78p 9s 44z,,,
20260403151827_0500_032,20260403151827_0500,20260403151827,0500,1,masa1125,4,2m,confirmed_tedashi,1775198824,,,0,,"[15,107,122,66,62,4,121]",,,,24m 78p 9s 44z,,,
20260403151827_0500_033,20260403151827_0500,20260403151827,0500,2,はまはまみこみこ,56,6p,confirmed_tedashi,1775198824,,,0,,"[15,107,122,66,62,4,121]",,,,24m 78p 9s 44z,,,
