discard_id,kyoku_id,hanchan_id,room_class_label,player_rel_seat,player_name,discard_tile_136,discard_tile_37_text,tsumogiri_flag,discard_epoch_s,thinking_time_ms,thinking_time_before_reach_ms,lagged,lag_delay_ms,seat0_hand_tiles_136_json,seat1_hand_tiles_136_json,seat2_hand_tiles_136_json,seat3_hand_tiles_136_json,seat0_hand_tiles_37_text,seat1_hand_tiles_37_text,seat2_hand_tiles_37_text,seat3_hand_tiles_37_text,shanten_after_discard,shanten_normal_after_discard,shanten_chiitoitsu_after_discard,wait_tiles_after_discard_mspz,ryanmen_fixed_flag,pystyle_top1_tile_37_text,pystyle_top1_expected_value_text,pystyle_top2_tile_37_text,pystyle_top2_expected_value_text,pystyle_top3_tile_37_text,pystyle_top3_expected_value_text
20260412052527_0000_000,20260412052527_0000,20260412052527,上級卓,1,笑ってコラえて！,123,4z,tedashi,1775939134,,,0,,"[60,99,92,38,20,2,63,21,106,119,70,4,52]",,,,1266m 1r5779p 679s 3z,,,,,,,,,,,,,,
20260412052527_0000_001,20260412052527_0000,20260412052527,上級卓,2,sakura丿,111,1z,tedashi,1775939136,1791.012,,0,,"[60,99,92,38,20,2,63,21,106,119,70,4,52]",,,,1266m 1r5779p 679s 3z,,,,,,,,,,,,,,
20260412052527_0000_002,20260412052527_0000,20260412052527,上級卓,3,199053,29,8m,tedashi,1775939139,2580.865,,1,3795.008,"[60,99,92,38,20,2,63,21,106,119,70,4,52]",,,,1266m 1r5779p 679s 3z,,,,,,,,,,,,,,
20260412052527_0000_003,20260412052527_0000,20260412052527,上級卓,0,パシフィック,38,1p,tedashi,1775939146,3738.684,,6,294.902,"[60,99,92,38,20,2,63,21,106,119,70,4,52,48]",,,,1266m 14r5779p 679s 3z,,,,3,3,4,,0,,,,,,
20260412052527_0000_004,20260412052527_0000,20260412052527,上級卓,1,笑ってコラえて！,43,2p,tedashi,1775939152,5829.377,,0,,"[60,99,92,20,2,63,21,106,119,70,4,52,48]",,,,1266m 4r5779p 679s 3z,,,,,,,,,,,,,,
20260412052527_0000_005,20260412052527_0000,20260412052527,上級卓,2,sakura丿,112,2z,tedashi,1775939155,2690.952,,0,,"[60,99,92,20,2,63,21,106,119,70,4,52,48]",,,,1266m 4r5779p 679s 3z,,,,,,,,,,,,,,
20260412052527_0000_006,20260412052527_0000,20260412052527,上級卓,3,199053,115,2z,risekichu_hokan_tsumogiri,1775939158,3285.83,,0,,"[60,99,92,20,2,63,21,106,119,70,4,52,48]",,,,1266m 4r5779p 679s 3z,,,,,,,,,,,,,,
20260412052527_0000_007,20260412052527_0000,20260412052527,上級卓,0,パシフィック,106,9s,tedashi,1775939162,3624.244,,0,,"[60,99,92,20,2,63,21,106,119,70,4,52,48,64]",,,,1266m 4r57789p 679s 3z,,,,2,2,4,,0,,,,,,
20260412052527_0000_008,20260412052527_0000,20260412052527,上級卓,1,笑ってコラえて！,100,8s,tedashi,1775939164,1914.737,,0,,"[60,99,92,20,2,63,21,119,70,4,52,48,64]",,,,1266m 4r57789p 67s 3z,,,,,,,,,,,,,,
20260412052527_0000_009,20260412052527_0000,20260412052527,上級卓,2,sakura丿,69,9p,risekichu_hokan_tsumogiri,1775939166,2239.196,,0,,"[60,99,92,20,2,63,21,119,70,4,52,48,64]",,,,1266m 4r57789p 67s 3z,,,,,,,,,,,,,,
20260412052922_0000_000,20260412052922_0000,20260412052922,特上卓,1,こいきき,113,2z,tedashi,1775939365,,,0,,"[40,78,135,9,41,29,114,126,122,80,59,38,103]","[15,74,73,69,97,39,25,130,36,113,89,127,52,23]","[50,110,95,62,109,132,64,81,90,32,30,54,47]","[101,94,57,128,71,79,65,3,131,43,22,21,60]",38m 1226p 238s 2457z,467m 11r59p 1157s 256z,89m 34578p 356s 117z,166m 26789p 268s 66z,4,4,4,,0,,,,,,
20260412052922_0000_001,20260412052922_0000,20260412052922,特上卓,2,Fsight,30,8m,tedashi,1775939370,4297.39,,0,,"[40,78,135,9,41,29,114,126,122,80,59,38,103]","[15,74,73,69,97,39,25,130,36,89,127,52,23]","[50,110,95,62,109,132,64,81,90,32,30,54,47,63]","[101,94,57,128,71,79,65,3,131,43,22,21,60]",38m 1226p 238s 2457z,467m 11r59p 1157s 56z,89m 345778p 356s 117z,166m 26789p 268s 66z,2,2,4,,0,,,,,,
20260412052922_0000_002,20260412052922_0000,20260412052922,特上卓,3,skybit,79,2s,tedashi,1775939372,2139.518,,0,,"[40,78,135,9,41,29,114,126,122,80,59,38,103]","[15,74,73,69,97,39,25,130,36,89,127,52,23]","[50,110,95,62,109,132,64,81,90,32,54,47,63]","[101,94,57,128,71,79,65,3,131,43,22,21,60,7]",38m 1226p 238s 2457z,467m 11r59p 1157s 56z,9m 345778p 356s 117z,1266m 26789p 268s 66z,2,2,4,,0,,,,,,
20260412052922_0000_003,20260412052922_0000,20260412052922,特上卓,0,s6u,114,2z,tedashi,1775939373,1371.457,,0,,"[40,78,135,9,41,29,114,126,122,80,59,38,103,108]","[15,74,73,69,97,39,25,130,36,89,127,52,23]","[50,110,95,62,109,132,64,81,90,32,54,47,63]","[101,94,57,128,71,65,3,131,43,22,21,60,7]",38m 1226p 238s 12457z,467m 11r59p 1157s 56z,9m 345778p 356s 117z,1266m 26789p 68s 66z,5,6,5,,0,,,,,,
20260412052922_0000_004,20260412052922_0000,20260412052922,特上卓,1,こいきき,130,6z,tedashi,1775939374,1371.655,,2,1065.819,"[40,78,135,9,41,29,126,122,80,59,38,103,108]","[15,74,73,69,97,39,25,130,36,89,127,52,23,124]","[50,110,95,62,109,132,64,81,90,32,54,47,63]","[101,94,57,128,71,65,3,131,43,22,21,60,7]",38m 1226p 238s 1457z,467m 11r59p 1157s 556z,9m 345778p 356s 117z,1266m 26789p 68s 66z,3,3,3,,0,,,,,,
20260412052922_0000_005,20260412052922_0000,20260412052922,特上卓,3,skybit,43,2p,tedashi,1775939376,663.283,,3,1502.759,"[40,78,135,9,41,29,126,122,80,59,38,103,108]","[15,74,73,69,97,39,25,36,89,127,52,23,124]","[50,110,95,62,109,132,64,81,90,32,54,47,63]","[101,94,57,71,65,3,43,22,21,60,7]",38m 1226p 238s 1457z,467m 11r59p 1157s 55z,9m 345778p 356s 117z,1266m 26789p 68s,1,1,,,0,,,,,,
20260412052922_0000_006,20260412052922_0000,20260412052922,特上卓,0,s6u,108,1z,tedashi,1775939380,1956.91,,3,599.504,"[40,78,135,9,41,29,126,122,80,59,38,103,108,112]","[15,74,73,69,97,39,25,36,89,127,52,23,124]","[50,110,95,62,109,132,64,81,90,32,54,47,63]","[101,94,57,71,65,3,22,21,60,7]",38m 1226p 238s 12457z,467m 11r59p 1157s 55z,9m 345778p 356s 117z,1266m 6789p 68s,5,6,5,,0,,,,,,
20260412052922_0000_007,20260412052922_0000,20260412052922,特上卓,1,こいきき,69,9p,tedashi,1775939381,1086.071,,6,392.372,"[40,78,135,9,41,29,126,122,80,59,38,103,112]","[15,74,73,69,97,39,25,36,89,127,52,23,124,99]","[50,110,95,62,109,132,64,81,90,32,54,47,63]","[101,94,57,71,65,3,22,21,60,7]",38m 1226p 238s 2457z,467m 11r59p 11577s 55z,9m 345778p 356s 117z,1266m 6789p 68s,2,3,2,,0,,,,,,
20260412052922_0000_008,20260412052922_0000,20260412052922,特上卓,2,Fsight,32,9m,tedashi,1775939383,1300.087,,0,,"[40,78,135,9,41,29,126,122,80,59,38,103,112]","[15,74,73,97,39,25,36,89,127,52,23,124,99]","[50,110,95,62,109,132,64,81,90,32,54,47,63,58]","[101,94,57,71,65,3,22,21,60,7]",38m 1226p 238s 2457z,467m 11r5p 11577s 55z,9m 3456778p 356s 117z,1266m 6789p 68s,2,2,4,,0,,,,,,
20260412052922_0000_009,20260412052922_0000,20260412052922,特上卓,3,skybit,71,9p,tedashi,1775939385,2267.717,,0,,"[40,78,135,9,41,29,126,122,80,59,38,103,112]","[15,74,73,97,39,25,36,89,127,52,23,124,99]","[50,110,95,62,109,132,64,81,90,54,47,63,58]","[101,94,57,71,65,3,22,21,60,7,2]",38m 1226p 238s 2457z,467m 11r5p 11577s 55z,3456778p 356s 117z,11266m 6789p 68s,1,1,,,0,,,,,,
20260412052922_0000_010,20260412052922_0000,20260412052922,特上卓,0,s6u,112,2z,tedashi,1775939388,3093.524,,0,,"[40,78,135,9,41,29,126,122,80,59,38,103,112,1]","[15,74,73,97,39,25,36,89,127,52,23,124,99]","[50,110,95,62,109,132,64,81,90,54,47,63,58]","[101,94,57,65,3,22,21,60,7,2]",138m 1226p 238s 2457z,467m 11r5p 11577s 55z,3456778p 356s 117z,11266m 678p 68s,5,5,5,,0,,,,,,
20260412052922_0000_011,20260412052922_0000,20260412052922,特上卓,1,こいきき,111,1z,risekichu_hokan_tsumogiri,1775939391,2208.739,,2,1620.427,"[40,78,135,9,41,29,126,122,80,59,38,103,1]","[15,74,73,97,39,25,36,89,127,52,23,124,99,111]","[50,110,95,62,109,132,64,81,90,54,47,63,58]","[101,94,57,65,3,22,21,60,7,2]",138m 1226p 238s 457z,467m 11r5p 11577s 155z,3456778p 356s 117z,11266m 678p 68s,2,3,2,,0,,,,,,
20260412052922_0000_012,20260412052922_0000,20260412052922,特上卓,2,Fsight,81,3s,tedashi,1775939393,730.1,,0,,"[40,78,135,9,41,29,126,122,80,59,38,103,1]","[15,74,73,97,39,25,36,89,127,52,23,124,99]","[50,95,62,132,64,81,90,54,47,63,58]","[101,94,57,65,3,22,21,60,7,2]",138m 1226p 238s 457z,467m 11r5p 11577s 55z,3456778p 356s 7z,11266m 678p 68s,1,1,,,0,,,,,,
20260412052922_0000_013,20260412052922_0000,20260412052922,特上卓,3,skybit,101,8s,tedashi,1775939400,6641.815,,0,,"[40,78,135,9,41,29,126,122,80,59,38,103,1]","[15,74,73,97,39,25,36,89,127,52,23,124,99]","[50,95,62,132,64,90,54,47,63,58]","[101,94,57,65,3,22,21,60,7,2,5]",138m 1226p 238s 457z,467m 11r5p 11577s 55z,3456778p 56s 7z,112266m 678p 68s,1,1,,,0,,,,,,
20260412052922_0000_014,20260412052922_0000,20260412052922,特上卓,0,s6u,126,5z,tedashi,1775939406,6067.088,,2,1157.84,"[40,78,135,9,41,29,126,122,80,59,38,103,1,48]","[15,74,73,97,39,25,36,89,127,52,23,124,99]","[50,95,62,132,64,90,54,47,63,58]","[94,57,65,3,22,21,60,7,2,5]",138m 12246p 238s 457z,467m 11r5p 11577s 55z,3456778p 56s 7z,112266m 678p 6s,4,4,5,,0,,,,,,
20260412052922_0000_015,20260412052922_0000,20260412052922,特上卓,1,こいきき,15,4m,tedashi,1775939408,960.318,,0,,"[40,78,135,9,41,29,122,80,59,38,103,1,48]","[15,74,73,97,39,25,36,89,52,23,99]","[50,95,62,132,64,90,54,47,63,58]","[94,57,65,3,22,21,60,7,2,5]",138m 12246p 238s 47z,467m 11r5p 11577s,3456778p 56s 7z,112266m 678p 6s,2,2,,,0,,,,,,
20260412052922_0000_016,20260412052922_0000,20260412052922,特上卓,2,Fsight,105,9s,risekichu_hokan_tsumogiri,1775939410,1893.585,,0,,"[40,78,135,9,41,29,122,80,59,38,103,1,48]","[74,73,97,39,25,36,89,52,23,99]","[50,95,62,132,64,90,54,47,63,58,105]","[94,57,65,3,22,21,60,7,2,5]",138m 12246p 238s 47z,67m 11r5p 11577s,3456778p 569s 7z,112266m 678p 6s,1,1,,,0,,,,,,
20260412052922_0000_017,20260412052922_0000,20260412052922,特上卓,3,skybit,100,8s,risekichu_hokan_tsumogiri,1775939413,3748.479,,0,,"[40,78,135,9,41,29,122,80,59,38,103,1,48]","[74,73,97,39,25,36,89,52,23,99]","[50,95,62,132,64,90,54,47,63,58]","[94,57,65,3,22,21,60,7,2,5,100]",138m 12246p 238s 47z,67m 11r5p 11577s,3456778p 56s 7z,112266m 678p 68s,1,1,,,0,,,,,,
20260412052922_0000_018,20260412052922_0000,20260412052922,特上卓,0,s6u,135,7z,tedashi,1775939417,3196.568,,0,,"[40,78,135,9,41,29,122,80,59,38,103,1,48,72]","[74,73,97,39,25,36,89,52,23,99]","[50,95,62,132,64,90,54,47,63,58]","[94,57,65,3,22,21,60,7,2,5]",138m 12246p 1238s 47z,67m 11r5p 11577s,3456778p 56s 7z,112266m 678p 6s,3,3,5,,0,,,,,,
20260412052922_0000_019,20260412052922_0000,20260412052922,特上卓,1,こいきき,99,7s,tedashi,1775939418,1730.256,,3,1604.671,"[40,78,9,41,29,122,80,59,38,103,1,48,72]","[74,73,97,39,25,36,89,52,23,99,93]","[50,95,62,132,64,90,54,47,63,58]","[94,57,65,3,22,21,60,7,2,5]",138m 12246p 1238s 4z,67m 11r5p 115677s,3456778p 56s 7z,112266m 678p 6s,1,1,,,0,,,,,,
20260412052922_0000_020,20260412052922_0000,20260412052922,特上卓,2,Fsight,26,7m,risekichu_hokan_tsumogiri,1775939421,1080.345,,0,,"[40,78,9,41,29,122,80,59,38,103,1,48,72]","[74,73,97,39,25,36,89,52,23,93]","[50,95,62,132,64,90,54,47,63,58,26]","[94,57,65,3,22,21,60,7,2,5]",138m 12246p 1238s 4z,67m 11r5p 11567s,7m 3456778p 56s 7z,112266m 678p 6s,1,1,,,0,,,,,,
20260412052922_0000_021,20260412052922_0000,20260412052922,特上卓,3,skybit,94,6s,tedashi,1775939423,2319.108,,0,,"[40,78,9,41,29,122,80,59,38,103,1,48,72]","[74,73,97,39,25,36,89,52,23,93]","[50,95,62,132,64,90,54,47,63,58]","[94,57,65,3,22,21,60,7,2,5,119]",138m 12246p 1238s 4z,67m 11r5p 11567s,3456778p 56s 7z,112266m 678p 6s 3z,1,1,,,0,,,,,,
20260412052922_0000_022,20260412052922_0000,20260412052922,特上卓,0,s6u,38,1p,tedashi,1775939433,9222.872,,2,1405.507,"[40,78,9,41,29,122,80,59,38,103,1,48,72,31]","[74,73,97,39,25,36,89,52,23,93]","[50,95,62,132,64,90,54,47,63,58]","[57,65,3,22,21,60,7,2,5,119]",1388m 12246p 1238s 4z,67m 11r5p 11567s,3456778p 56s 7z,112266m 678p 3z,2,2,4,,0,,,,,,
20260412052922_0000_023,20260412052922_0000,20260412052922,特上卓,1,こいきき,52,r5p,tedashi,1775939436,1589.546,,2,6127.683,"[40,78,9,41,29,122,80,59,103,1,48,72,31]","[74,73,97,25,89,52,23,93]","[50,95,62,132,64,90,54,47,63,58]","[57,65,3,22,21,60,7,2,5,119]",1388m 2246p 1238s 4z,67m r5p 11567s,3456778p 56s 7z,112266m 678p 3z,0,0,,58m,0,,,,,,
20260412052922_0000_024,20260412052922_0000,20260412052922,特上卓,2,Fsight,90,5s,tedashi,1775939443,1175.256,,0,,"[40,78,9,41,29,122,80,59,103,1,48,72,31]","[74,73,97,25,89,23,93]","[50,95,132,64,90,54,47,63]","[57,65,3,22,21,60,7,2,5,119]",1388m 2246p 1238s 4z,67m 11567s,34578p 56s 7z,112266m 678p 3z,1,1,,,0,,,,,,
20260412052922_0000_025,20260412052922_0000,20260412052922,特上卓,3,skybit,125,5z,risekichu_hokan_tsumogiri,1775939445,2025.474,,0,,"[40,78,9,41,29,122,80,59,103,1,48,72,31]","[74,73,97,25,89,23,93]","[50,95,132,64,54,47,63]","[57,65,3,22,21,60,7,2,5,119,125]",1388m 2246p 1238s 4z,67m 11567s,34578p 6s 7z,112266m 678p 35z,1,1,,,0,,,,,,
20260412052922_0000_026,20260412052922_0000,20260412052922,特上卓,0,s6u,122,4z,tedashi,1775939448,2607.308,,0,,"[40,78,9,41,29,122,80,59,103,1,48,72,31,107]","[74,73,97,25,89,23,93]","[50,95,132,64,54,47,63]","[57,65,3,22,21,60,7,2,5,119]",1388m 2246p 12389s 4z,67m 11567s,34578p 6s 7z,112266m 678p 3z,2,2,4,,0,,,,,,
20260412052922_0001_000,20260412052922_0001,20260412052922,特上卓,1,こいきき,119,3z,tedashi,1775939462,,,0,,"[67,123,81,89,84,71,42,36,8,27,76,35,47]","[109,38,64,70,60,105,54,41,75,10,59,95,119,5]","[12,120,124,55,17,63,116,102,25,29,30,11,53]","[79,106,132,61,2,118,91,130,56,22,90,115,62]",379m 12389p 2345s 4z,23m 1256789p 169s 13z,345788m 557p 8s 345z,16m 677p 2559s 2367z,3,3,6,,0,,,,,,
20260412052922_0001_001,20260412052922_0001,20260412052922,特上卓,2,Fsight,116,3z,tedashi,1775939465,2519.419,,0,,"[67,123,81,89,84,71,42,36,8,27,76,35,47]","[109,38,64,70,60,105,54,41,75,10,59,95,5]","[12,120,124,55,17,63,116,102,25,29,30,11,53,13]","[79,106,132,61,2,118,91,130,56,22,90,115,62]",379m 12389p 2345s 4z,23m 1256789p 169s 1z,3445788m 557p 8s 345z,16m 677p 2559s 2367z,3,4,3,,0,,,,,,
20260412052922_0001_002,20260412052922_0001,20260412052922,特上卓,3,skybit,118,3z,tedashi,1775939466,1534.489,,5,1584.423,"[67,123,81,89,84,71,42,36,8,27,76,35,47]","[109,38,64,70,60,105,54,41,75,10,59,95,5]","[12,120,124,55,17,63,102,25,29,30,11,53,13]","[79,106,132,61,2,118,91,130,56,22,90,115,62,68]",379m 12389p 2345s 4z,23m 1256789p 169s 1z,3445788m 557p 8s 45z,16m 6779p 2559s 2367z,4,5,4,,0,,,,,,
20260412052922_0001_003,20260412052922_0001,20260412052922,特上卓,0,s6u,123,4z,tedashi,1775939470,2386.436,,0,,"[67,123,81,89,84,71,42,36,8,27,76,35,47,87]","[109,38,64,70,60,105,54,41,75,10,59,95,5]","[12,120,124,55,17,63,102,25,29,30,11,53,13]","[79,106,132,61,2,91,130,56,22,90,115,62,68]",379m 12389p 23445s 4z,23m 1256789p 169s 1z,3445788m 557p 8s 45z,16m 6779p 2559s 267z,2,2,5,,0,,,,,,
20260412052922_0001_004,20260412052922_0001,20260412052922,特上卓,1,こいきき,75,1s,tedashi,1775939474,3816.363,,0,,"[67,81,89,84,71,42,36,8,27,76,35,47,87]","[109,38,64,70,60,105,54,41,75,10,59,95,5,98]","[12,120,124,55,17,63,102,25,29,30,11,53,13]","[79,106,132,61,2,91,130,56,22,90,115,62,68]",379m 12389p 23445s,23m 1256789p 1679s 1z,3445788m 557p 8s 45z,16m 6779p 2559s 267z,3,3,6,,0,,,,,,
20260412052922_0001_005,20260412052922_0001,20260412052922,特上卓,2,Fsight,120,4z,tedashi,1775939476,1718.577,,0,,"[67,81,89,84,71,42,36,8,27,76,35,47,87]","[109,38,64,70,60,105,54,41,10,59,95,5,98]","[12,120,124,55,17,63,102,25,29,30,11,53,13,82]","[79,106,132,61,2,91,130,56,22,90,115,62,68]",379m 12389p 23445s,23m 1256789p 679s 1z,3445788m 557p 38s 45z,16m 6779p 2559s 267z,3,4,3,,0,,,,,,
20260412052922_0001_006,20260412052922_0001,20260412052922,特上卓,3,skybit,115,2z,tedashi,1775939477,1614.952,,0,,"[67,81,89,84,71,42,36,8,27,76,35,47,87]","[109,38,64,70,60,105,54,41,10,59,95,5,98]","[12,124,55,17,63,102,25,29,30,11,53,13,82]","[79,106,132,61,2,91,130,56,22,90,115,62,68,46]",379m 12389p 23445s,23m 1256789p 679s 1z,3445788m 557p 38s 5z,16m 36779p 2559s 267z,4,5,4,,0,,,,,,
20260412052922_0001_007,20260412052922_0001,20260412052922,特上卓,0,s6u,71,9p,tedashi,1775939490,12713.608,,6,378.769,"[67,81,89,84,71,42,36,8,27,76,35,47,87,88]","[109,38,64,70,60,105,54,41,10,59,95,5,98]","[12,124,55,17,63,102,25,29,30,11,53,13,82]","[79,106,132,61,2,91,130,56,22,90,62,68,46]",379m 12389p 2344r55s,23m 1256789p 679s 1z,3445788m 557p 38s 5z,16m 36779p 2559s 67z,1,1,4,,0,,,,,,
20260412052922_0001_008,20260412052922_0001,20260412052922,特上卓,1,こいきき,105,9s,tedashi,1775939492,1487.101,,0,,"[67,81,89,84,42,36,8,27,76,35,47,87,88]","[109,38,64,70,60,105,54,41,10,59,95,5,98,80]","[12,124,55,17,63,102,25,29,30,11,53,13,82]","[79,106,132,61,2,91,130,56,22,90,62,68,46]",379m 1238p 2344r55s,23m 1256789p 3679s 1z,3445788m 557p 38s 5z,16m 36779p 2559s 67z,3,3,6,,0,,,,,,
20260412052922_0001_009,20260412052922_0001,20260412052922,特上卓,2,Fsight,124,5z,tedashi,1775939494,1806.204,,0,,"[67,81,89,84,42,36,8,27,76,35,47,87,88]","[109,38,64,70,60,54,41,10,59,95,5,98,80]","[12,124,55,17,63,102,25,29,30,11,53,13,82,101]","[79,106,132,61,2,91,130,56,22,90,62,68,46]",379m 1238p 2344r55s,23m 1256789p 367s 1z,3445788m 557p 388s 5z,16m 36779p 2559s 67z,2,3,2,,0,,,,,,
20260412052922_0001_010,20260412052922_0001,20260412052922,特上卓,3,skybit,2,1m,tedashi,1775939496,1973.278,,0,,"[67,81,89,84,42,36,8,27,76,35,47,87,88]","[109,38,64,70,60,54,41,10,59,95,5,98,80]","[12,55,17,63,102,25,29,30,11,53,13,82,101]","[79,106,132,61,2,91,130,56,22,90,62,68,46,69]",379m 1238p 2344r55s,23m 1256789p 367s 1z,3445788m 557p 388s,16m 367799p 2559s 67z,3,5,3,,0,,,,,,
20260412052922_0001_011,20260412052922_0001,20260412052922,特上卓,0,s6u,67,8p,tedashi,1775939503,7812.883,,6,292.725,"[67,81,89,84,42,36,8,27,76,35,47,87,88,50]","[109,38,64,70,60,54,41,10,59,95,5,98,80]","[12,55,17,63,102,25,29,30,11,53,13,82,101]","[79,106,132,61,91,130,56,22,90,62,68,46,69]",379m 12348p 2344r55s,23m 1256789p 367s 1z,3445788m 557p 388s,6m 367799p 2559s 67z,2,2,4,,0,1p,2771pt,8p,2731pt,9m,2656pt
20260412052922_0001_012,20260412052922_0001,20260412052922,特上卓,1,こいきき,80,3s,tedashi,1775939505,1454.949,,0,,"[81,89,84,42,36,8,27,76,35,47,87,88,50]","[109,38,64,70,60,54,41,10,59,95,5,98,80,51]","[12,55,17,63,102,25,29,30,11,53,13,82,101]","[79,106,132,61,91,130,56,22,90,62,68,46,69]",379m 1234p 2344r55s,23m 12456789p 367s 1z,3445788m 557p 388s,6m 367799p 2559s 67z,2,2,6,,0,,,,,,
20260412052922_0001_013,20260412052922_0001,20260412052922,特上卓,2,Fsight,82,3s,tedashi,1775939508,2346.365,,0,,"[81,89,84,42,36,8,27,76,35,47,87,88,50]","[109,38,64,70,60,54,41,10,59,95,5,98,51]","[12,55,17,63,102,25,29,30,11,53,13,82,101,45]","[79,106,132,61,91,130,56,22,90,62,68,46,69]",379m 1234p 2344r55s,23m 12456789p 67s 1z,3445788m 3557p 388s,6m 367799p 2559s 67z,2,2,2,,0,,,,,,
20260412052922_0001_014,20260412052922_0001,20260412052922,特上卓,3,skybit,106,9s,tedashi,1775939512,4032.348,,0,,"[81,89,84,42,36,8,27,76,35,47,87,88,50]","[109,38,64,70,60,54,41,10,59,95,5,98,51]","[12,55,17,63,102,25,29,30,11,53,13,101,45]","[79,106,132,61,91,130,56,22,90,62,68,46,69,78]",379m 1234p 2344r55s,23m 12456789p 67s 1z,3445788m 3557p 88s,6m 367799p 22559s 67z,2,4,2,,0,,,,,,
20260412052922_0001_015,20260412052922_0001,20260412052922,特上卓,0,s6u,84,4s,tedashi,1775939518,6613.517,,0,,"[81,89,84,42,36,8,27,76,35,47,87,88,50,40]","[109,38,64,70,60,54,41,10,59,95,5,98,51]","[12,55,17,63,102,25,29,30,11,53,13,101,45]","[79,132,61,91,130,56,22,90,62,68,46,69,78]",379m 12234p 2344r55s,23m 12456789p 67s 1z,3445788m 3557p 88s,6m 367799p 2255s 67z,1,1,3,,0,4s,1623pt,1p,1525pt,2p,1498pt
20260412052922_0001_016,20260412052922_0001,20260412052922,特上卓,1,こいきき,109,1z,tedashi,1775939520,1877.718,,0,,"[81,89,42,36,8,27,76,35,47,87,88,50,40]","[109,38,64,70,60,54,41,10,59,95,5,98,51,99]","[12,55,17,63,102,25,29,30,11,53,13,101,45]","[79,132,61,91,130,56,22,90,62,68,46,69,78]",379m 12234p 234r55s,23m 12456789p 677s 1z,3445788m 3557p 88s,6m 367799p 2255s 67z,1,1,5,,0,,,,,,
20260412052922_0001_017,20260412052922_0001,20260412052922,特上卓,2,Fsight,63,7p,tedashi,1775939526,6245.317,,6,310.633,"[81,89,42,36,8,27,76,35,47,87,88,50,40]","[38,64,70,60,54,41,10,59,95,5,98,51,99]","[12,55,17,63,102,25,29,30,11,53,13,101,45,14]","[79,132,61,91,130,56,22,90,62,68,46,69,78]",379m 12234p 234r55s,23m 12456789p 677s,34445788m 3557p 88s,6m 367799p 2255s 67z,2,2,2,,0,,,,,,
20260412052922_0001_018,20260412052922_0001,20260412052922,特上卓,3,skybit,130,6z,tedashi,1775939532,5904.085,,0,,"[81,89,42,36,8,27,76,35,47,87,88,50,40]","[38,64,70,60,54,41,10,59,95,5,98,51,99]","[12,55,17,102,25,29,30,11,53,13,101,45,14]","[79,132,61,91,130,56,22,90,62,68,46,69,78,37]",379m 12234p 234r55s,23m 12456789p 677s,34445788m 355p 88s,6m 1367799p 2255s 67z,2,3,2,,0,,,,,,
20260412052922_0001_019,20260412052922_0001,20260412052922,特上卓,0,s6u,35,9m,tedashi,1775939537,4669.371,,0,,"[81,89,42,36,8,27,76,35,47,87,88,50,40,18]","[38,64,70,60,54,41,10,59,95,5,98,51,99]","[12,55,17,102,25,29,30,11,53,13,101,45,14]","[79,132,61,91,56,22,90,62,68,46,69,78,37]",3579m 12234p 234r55s,23m 12456789p 677s,34445788m 355p 88s,6m 1367799p 2255s 7z,1,1,4,,0,1p,2229pt,2p,2128pt,9m,2093pt
20260412052922_0001_020,20260412052922_0001,20260412052922,特上卓,1,こいきき,127,5z,risekichu_hokan_tsumogiri,1775939539,1731.037,,0,,"[81,89,42,36,8,27,76,47,87,88,50,40,18]","[38,64,70,60,54,41,10,59,95,5,98,51,99,127]","[12,55,17,102,25,29,30,11,53,13,101,45,14]","[79,132,61,91,56,22,90,62,68,46,69,78,37]",357m 12234p 234r55s,23m 12456789p 677s 5z,34445788m 355p 88s,6m 1367799p 2255s 7z,1,1,5,,0,,,,,,
20260412052922_0001_021,20260412052922_0001,20260412052922,特上卓,2,Fsight,111,1z,risekichu_hokan_tsumogiri,1775939541,1936.221,,0,,"[81,89,42,36,8,27,76,47,87,88,50,40,18]","[38,64,70,60,54,41,10,59,95,5,98,51,99]","[12,55,17,102,25,29,30,11,53,13,101,45,14,111]","[79,132,61,91,56,22,90,62,68,46,69,78,37]",357m 12234p 234r55s,23m 12456789p 677s,34445788m 355p 88s 1z,6m 1367799p 2255s 7z,2,2,2,,0,,,,,,
20260412052922_0001_022,20260412052922_0001,20260412052922,特上卓,3,skybit,132,7z,tedashi,1775939546,4804.89,,0,,"[81,89,42,36,8,27,76,47,87,88,50,40,18]","[38,64,70,60,54,41,10,59,95,5,98,51,99]","[12,55,17,102,25,29,30,11,53,13,101,45,14]","[79,132,61,91,56,22,90,62,68,46,69,78,37,66]",357m 12234p 234r55s,23m 12456789p 677s,34445788m 355p 88s,6m 13677899p 2255s 7z,2,2,2,,0,,,,,,
20260412052922_0001_023,20260412052922_0001,20260412052922,特上卓,0,s6u,36,1p,tedashi,1775939549,3017.087,,0,,"[81,89,42,36,8,27,76,47,87,88,50,40,18,16]","[38,64,70,60,54,41,10,59,95,5,98,51,99]","[12,55,17,102,25,29,30,11,53,13,101,45,14]","[79,61,91,56,22,90,62,68,46,69,78,37,66]",3r557m 12234p 234r55s,23m 12456789p 677s,34445788m 355p 88s,6m 13677899p 2255s,1,1,3,,0,1p,2720pt,2p,2700pt,5m,2476pt
20260412052922_0001_024,20260412052922_0001,20260412052922,特上卓,1,こいきき,86,4s,risekichu_hokan_tsumogiri,1775939551,2234.71,,0,,"[81,89,42,8,27,76,47,87,88,50,40,18,16]","[38,64,70,60,54,41,10,59,95,5,98,51,99,86]","[12,55,17,102,25,29,30,11,53,13,101,45,14]","[79,61,91,56,22,90,62,68,46,69,78,37,66]",3r557m 2234p 234r55s,23m 12456789p 4677s,34445788m 355p 88s,6m 13677899p 2255s,1,1,5,,0,,,,,,
20260412052922_0001_025,20260412052922_0001,20260412052922,特上卓,2,Fsight,65,8p,risekichu_hokan_tsumogiri,1775939553,1925.662,,6,285.399,"[81,89,42,8,27,76,47,87,88,50,40,18,16]","[38,64,70,60,54,41,10,59,95,5,98,51,99]","[12,55,17,102,25,29,30,11,53,13,101,45,14,65]","[79,61,91,56,22,90,62,68,46,69,78,37,66]",3r557m 2234p 234r55s,23m 12456789p 677s,34445788m 3558p 88s,6m 13677899p 2255s,2,2,2,,0,,,,,,
20260412052922_0001_026,20260412052922_0001,20260412052922,特上卓,3,skybit,108,1z,risekichu_hokan_tsumogiri,1775939555,1760.052,,0,,"[81,89,42,8,27,76,47,87,88,50,40,18,16]","[38,64,70,60,54,41,10,59,95,5,98,51,99]","[12,55,17,102,25,29,30,11,53,13,101,45,14]","[79,61,91,56,22,90,62,68,46,69,78,37,66,108]",3r557m 2234p 234r55s,23m 12456789p 677s,34445788m 355p 88s,6m 13677899p 2255s 1z,2,2,2,,0,,,,,,
20260412052922_0001_027,20260412052922_0001,20260412052922,特上卓,0,s6u,42,2p,tedashi,1775939560,5110.987,,0,,"[81,89,42,8,27,76,47,87,88,50,40,18,16,122]","[38,64,70,60,54,41,10,59,95,5,98,51,99]","[12,55,17,102,25,29,30,11,53,13,101,45,14]","[79,61,91,56,22,90,62,68,46,69,78,37,66]",3r557m 2234p 234r55s 4z,23m 12456789p 677s,34445788m 355p 88s,6m 13677899p 2255s,1,1,3,,0,4z,2497pt,2p,2438pt,5m,2066pt
20260412052922_0001_028,20260412052922_0001,20260412052922,特上卓,1,こいきき,19,5m,risekichu_hokan_tsumogiri,1775939562,2007.031,,3,2912.591,"[81,89,8,27,76,47,87,88,50,40,18,16,122]","[38,64,70,60,54,41,10,59,95,5,98,51,99,19]","[12,55,17,102,25,29,30,11,53,13,101,45,14]","[79,61,91,56,22,90,62,68,46,69,78,37,66]",3r557m 234p 234r55s 4z,235m 12456789p 677s,34445788m 355p 88s,6m 13677899p 2255s,1,1,5,,0,,,,,,
20260412052922_0001_029,20260412052922_0001,20260412052922,特上卓,2,Fsight,85,4s,risekichu_hokan_tsumogiri,1775939566,1231.254,,0,,"[81,89,8,27,76,47,87,88,50,40,18,16,122]","[38,64,70,60,54,41,10,59,95,5,98,51,99]","[12,55,17,102,25,29,30,11,53,13,101,45,14,85]","[79,61,91,56,22,90,62,68,46,69,78,37,66]",3r557m 234p 234r55s 4z,23m 12456789p 677s,34445788m 355p 488s,6m 13677899p 2255s,2,2,2,,0,,,,,,
20260412052922_0001_030,20260412052922_0001,20260412052922,特上卓,3,skybit,22,6m,tedashi,1775939573,7188.183,,2,2482.4,"[81,89,8,27,76,47,87,88,50,40,18,16,122]","[38,64,70,60,54,41,10,59,95,5,98,51,99]","[12,55,17,102,25,29,30,11,53,13,101,45,14]","[79,61,91,56,22,90,62,68,46,69,78,37,66,93]",3r557m 234p 234r55s 4z,23m 12456789p 677s,34445788m 355p 88s,6m 13677899p 22556s,2,2,2,,0,,,,,,
20260412052922_0001_031,20260412052922_0001,20260412052922,特上卓,0,s6u,122,4z,tedashi,1775939577,999.132,,0,,"[81,89,8,76,47,87,88,50,40,18,122]","[38,64,70,60,54,41,10,59,95,5,98,51,99]","[12,55,17,102,25,29,30,11,53,13,101,45,14]","[79,61,91,56,90,62,68,46,69,78,37,66,93]",35m 234p 234r55s 4z,23m 12456789p 677s,34445788m 355p 88s,13677899p 22556s,0,0,,4m,0,,,,,,
20260412052922_0001_032,20260412052922_0001,20260412052922,特上卓,1,こいきき,134,7z,risekichu_hokan_tsumogiri,1775939579,1730.854,,0,,"[81,89,8,76,47,87,88,50,40,18]","[38,64,70,60,54,41,10,59,95,5,98,51,99,134]","[12,55,17,102,25,29,30,11,53,13,101,45,14]","[79,61,91,56,90,62,68,46,69,78,37,66,93]",35m 234p 234r55s,23m 12456789p 677s 7z,34445788m 355p 88s,13677899p 22556s,1,1,5,,0,,,,,,
20260412052922_0001_033,20260412052922_0001,20260412052922,特上卓,2,Fsight,1,1m,risekichu_hokan_tsumogiri,1775939580,1831.029,,0,,"[81,89,8,76,47,87,88,50,40,18]","[38,64,70,60,54,41,10,59,95,5,98,51,99]","[12,55,17,102,25,29,30,11,53,13,101,45,14,1]","[79,61,91,56,90,62,68,46,69,78,37,66,93]",35m 234p 234r55s,23m 12456789p 677s,134445788m 355p 88s,13677899p 22556s,2,2,2,,0,,,,,,
20260412052922_0001_034,20260412052922_0001,20260412052922,特上卓,3,skybit,110,1z,risekichu_hokan_tsumogiri,1775939582,2095.182,,0,,"[81,89,8,76,47,87,88,50,40,18]","[38,64,70,60,54,41,10,59,95,5,98,51,99]","[12,55,17,102,25,29,30,11,53,13,101,45,14]","[79,61,91,56,90,62,68,46,69,78,37,66,93,110]",35m 234p 234r55s,23m 12456789p 677s,34445788m 355p 88s,13677899p 22556s 1z,2,2,2,,0,,,,,,
20260412052922_0001_035,20260412052922_0001,20260412052922,特上卓,0,s6u,28,8m,tsumogiri,1775939585,2371.874,,2,1463.297,"[81,89,8,76,47,87,88,50,40,18,28]","[38,64,70,60,54,41,10,59,95,5,98,51,99]","[12,55,17,102,25,29,30,11,53,13,101,45,14]","[79,61,91,56,90,62,68,46,69,78,37,66,93]",358m 234p 234r55s,23m 12456789p 677s,34445788m 355p 88s,13677899p 22556s,0,0,,4m,0,,,,,,
20260412052922_0001_036,20260412052922_0001,20260412052922,特上卓,2,Fsight,11,3m,tedashi,1775939590,3692.601,,0,,"[81,89,8,76,47,87,88,50,40,18]","[38,64,70,60,54,41,10,59,95,5,98,51,99]","[12,55,17,102,25,11,53,13,101,45,14]","[79,61,91,56,90,62,68,46,69,78,37,66,93]",35m 234p 234r55s,23m 12456789p 677s,344457m 355p 88s,13677899p 22556s,1,1,,,0,,,,,,
20260412052922_0001_037,20260412052922_0001,20260412052922,特上卓,3,skybit,114,2z,risekichu_hokan_tsumogiri,1775939597,7377.175,,0,,"[81,89,8,76,47,87,88,50,40,18]","[38,64,70,60,54,41,10,59,95,5,98,51,99]","[12,55,17,102,25,53,13,101,45,14]","[79,61,91,56,90,62,68,46,69,78,37,66,93,114]",35m 234p 234r55s,23m 12456789p 677s,44457m 355p 88s,13677899p 22556s 2z,2,2,2,,0,,,,,,
20260412052922_0001_038,20260412052922_0001,20260412052922,特上卓,0,s6u,49,4p,tsumogiri,1775939600,2658.664,,3,960.027,"[81,89,8,76,47,87,88,50,40,18,49]","[38,64,70,60,54,41,10,59,95,5,98,51,99]","[12,55,17,102,25,53,13,101,45,14]","[79,61,91,56,90,62,68,46,69,78,37,66,93]",35m 2344p 234r55s,23m 12456789p 677s,44457m 355p 88s,13677899p 22556s,0,0,,4m,0,,,,,,
20260412052922_0001_039,20260412052922_0001,20260412052922,特上卓,1,こいきき,83,3s,risekichu_hokan_tsumogiri,1775939602,1308.017,,0,,"[81,89,8,76,47,87,88,50,40,18]","[38,64,70,60,54,41,10,59,95,5,98,51,99,83]","[12,55,17,102,25,53,13,101,45,14]","[79,61,91,56,90,62,68,46,69,78,37,66,93]",35m 234p 234r55s,23m 12456789p 3677s,44457m 355p 88s,13677899p 22556s,1,1,5,,0,,,,,,
20260412052922_0001_040,20260412052922_0001,20260412052922,特上卓,2,Fsight,72,1s,risekichu_hokan_tsumogiri,1775939605,2552.492,,0,,"[81,89,8,76,47,87,88,50,40,18]","[38,64,70,60,54,41,10,59,95,5,98,51,99]","[12,55,17,102,25,53,13,101,45,14,72]","[79,61,91,56,90,62,68,46,69,78,37,66,93]",35m 234p 234r55s,23m 12456789p 677s,44457m 355p 188s,13677899p 22556s,1,1,,,0,,,,,,
20260412052922_0001_041,20260412052922_0001,20260412052922,特上卓,3,skybit,69,9p,tedashi,1775939610,4709.119,,0,,"[81,89,8,76,47,87,88,50,40,18]","[38,64,70,60,54,41,10,59,95,5,98,51,99]","[12,55,17,102,25,53,13,101,45,14]","[79,61,91,56,90,62,68,46,69,78,37,66,93,23]",35m 234p 234r55s,23m 12456789p 677s,44457m 355p 88s,6m 13677899p 22556s,2,2,2,,0,,,,,,
20260412052922_0001_042,20260412052922_0001,20260412052922,特上卓,0,s6u,44,3p,tsumogiri,1775939612,2825.501,,2,1633.146,"[81,89,8,76,47,87,88,50,40,18,44]","[38,64,70,60,54,41,10,59,95,5,98,51,99]","[12,55,17,102,25,53,13,101,45,14]","[79,61,91,56,90,62,68,46,78,37,66,93,23]",35m 2334p 234r55s,23m 12456789p 677s,44457m 355p 88s,6m 1367789p 22556s,0,0,,4m,0,,,,,,
20260412052922_0001_043,20260412052922_0001,20260412052922,特上卓,1,こいきき,95,6s,tedashi,1775939615,1000.68,,0,,"[81,89,8,76,47,87,88,50,40,18]","[64,70,60,54,10,59,95,5,98,51,99]","[12,55,17,102,25,53,13,101,45,14]","[79,61,91,56,90,62,68,46,78,37,66,93,23]",35m 234p 234r55s,23m 456789p 677s,44457m 355p 88s,6m 1367789p 22556s,0,0,,14m,0,,,,,,
20260412052922_0001_044,20260412052922_0001,20260412052922,特上卓,2,Fsight,135,7z,risekichu_hokan_tsumogiri,1775939617,1872.949,,0,,"[81,89,8,76,47,87,88,50,40,18]","[64,70,60,54,10,59,5,98,51,99]","[12,55,17,102,25,53,13,101,45,14,135]","[79,61,91,56,90,62,68,46,78,37,66,93,23]",35m 234p 234r55s,23m 456789p 77s,44457m 355p 88s 7z,6m 1367789p 22556s,1,1,,,0,,,,,,
20260412052922_0001_045,20260412052922_0001,20260412052922,特上卓,3,skybit,37,1p,tedashi,1775939622,5517.602,,6,200.256,"[81,89,8,76,47,87,88,50,40,18]","[64,70,60,54,10,59,5,98,51,99]","[12,55,17,102,25,53,13,101,45,14]","[79,61,91,56,90,62,68,46,78,37,66,93,23,92]",35m 234p 234r55s,23m 456789p 77s,44457m 355p 88s,6m 1367789p 225566s,2,2,2,,0,,,,,,
20260412052922_0001_046,20260412052922_0001,20260412052922,特上卓,0,s6u,32,9m,tsumogiri,1775939627,4610.576,,0,,"[81,89,8,76,47,87,88,50,40,18,32]","[64,70,60,54,10,59,5,98,51,99]","[12,55,17,102,25,53,13,101,45,14]","[79,61,91,56,90,62,68,46,78,66,93,23,92]",359m 234p 234r55s,23m 456789p 77s,44457m 355p 88s,6m 367789p 225566s,0,0,,4m,0,,,,,,
20260412052922_0001_047,20260412052922_0001,20260412052922,特上卓,1,こいきき,131,6z,risekichu_hokan_tsumogiri,1775939629,1699.968,,0,,"[81,89,8,76,47,87,88,50,40,18]","[64,70,60,54,10,59,5,98,51,99,131]","[12,55,17,102,25,53,13,101,45,14]","[79,61,91,56,90,62,68,46,78,66,93,23,92]",35m 234p 234r55s,23m 456789p 77s 6z,44457m 355p 88s,6m 367789p 225566s,0,0,,14m,0,,,,,,
20260412052922_0001_048,20260412052922_0001,20260412052922,特上卓,2,Fsight,6,2m,risekichu_hokan_tsumogiri,1775939631,1926.715,,0,,"[81,89,8,76,47,87,88,50,40,18]","[64,70,60,54,10,59,5,98,51,99]","[12,55,17,102,25,53,13,101,45,14,6]","[79,61,91,56,90,62,68,46,78,66,93,23,92]",35m 234p 234r55s,23m 456789p 77s,244457m 355p 88s,6m 367789p 225566s,1,1,,,0,,,,,,
20260412052922_0001_049,20260412052922_0001,20260412052922,特上卓,3,skybit,93,6s,tedashi,1775939639,8304.68,,6,234.614,"[81,89,8,76,47,87,88,50,40,18]","[64,70,60,54,10,59,5,98,51,99]","[12,55,17,102,25,53,13,101,45,14]","[79,61,91,56,90,62,68,46,78,66,93,23,92,0]",35m 234p 234r55s,23m 456789p 77s,44457m 355p 88s,16m 367789p 225566s,2,2,2,,0,,,,,,
20260412052922_0001_050,20260412052922_0001,20260412052922,特上卓,0,s6u,126,5z,tsumogiri,1775939643,3960.926,,0,,"[81,89,8,76,47,87,88,50,40,18,126]","[64,70,60,54,10,59,5,98,51,99]","[12,55,17,102,25,53,13,101,45,14]","[79,61,91,56,90,62,68,46,78,66,23,92,0]",35m 234p 234r55s 5z,23m 456789p 77s,44457m 355p 88s,16m 367789p 22556s,0,0,,4m,0,,,,,,
20260412052922_0001_051,20260412052922_0001,20260412052922,特上卓,1,こいきき,20,6m,risekichu_hokan_tsumogiri,1775939645,1552.649,,2,3060.109,"[81,89,8,76,47,87,88,50,40,18]","[64,70,60,54,10,59,5,98,51,99,20]","[12,55,17,102,25,53,13,101,45,14]","[79,61,91,56,90,62,68,46,78,66,23,92,0]",35m 234p 234r55s,236m 456789p 77s,44457m 355p 88s,16m 367789p 22556s,0,0,,14m,0,,,,,,
20260412052922_0001_052,20260412052922_0001,20260412052922,特上卓,2,Fsight,45,3p,tedashi,1775939649,1330.283,,0,,"[81,89,8,76,47,87,88,50,40,18]","[64,70,60,54,10,59,5,98,51,99]","[12,55,102,53,13,101,45,14]","[79,61,91,56,90,62,68,46,78,66,23,92,0]",35m 234p 234r55s,23m 456789p 77s,444m 355p 88s,16m 367789p 22556s,0,0,,5p 8s,0,,,,,,
20260412052922_0001_053,20260412052922_0001,20260412052922,特上卓,3,skybit,46,3p,tedashi,1775939652,2587.786,,6,208.138,"[81,89,8,76,47,87,88,50,40,18]","[64,70,60,54,10,59,5,98,51,99]","[12,55,102,53,13,101,14]","[79,61,91,56,90,62,68,46,78,66,23,92,0,112]",35m 234p 234r55s,23m 456789p 77s,444m 55p 88s,16m 367789p 22556s 2z,3,3,3,,0,,,,,,
20260412052922_0001_054,20260412052922_0001,20260412052922,特上卓,0,s6u,121,4z,tsumogiri,1775939656,3881.385,,0,,"[81,89,8,76,47,87,88,50,40,18,121]","[64,70,60,54,10,59,5,98,51,99]","[12,55,102,53,13,101,14]","[79,61,91,56,90,62,68,78,66,23,92,0,112]",35m 234p 234r55s 4z,23m 456789p 77s,444m 55p 88s,16m 67789p 22556s 2z,0,0,,4m,0,,,,,,
20260412052922_0001_055,20260412052922_0001,20260412052922,特上卓,1,こいきき,48,4p,risekichu_hokan_tsumogiri,1775939658,2179.216,,0,,"[81,89,8,76,47,87,88,50,40,18]","[64,70,60,54,10,59,5,98,51,99,48]","[12,55,102,53,13,101,14]","[79,61,91,56,90,62,68,78,66,23,92,0,112]",35m 234p 234r55s,23m 4456789p 77s,444m 55p 88s,16m 67789p 22556s 2z,0,0,,14m,0,,,,,,
20260412052922_0001_056,20260412052922_0001,20260412052922,特上卓,2,Fsight,73,1s,risekichu_hokan_tsumogiri,1775939661,2512.597,,0,,"[81,89,8,76,47,87,88,50,40,18]","[64,70,60,54,10,59,5,98,51,99]","[12,55,102,53,13,101,14,73]","[79,61,91,56,90,62,68,78,66,23,92,0,112]",35m 234p 234r55s,23m 456789p 77s,444m 55p 188s,16m 67789p 22556s 2z,0,0,,5p 8s,0,,,,,,
20260412052922_0001_057,20260412052922_0001,20260412052922,特上卓,3,skybit,112,2z,tedashi,1775939663,2334.627,,5,1844.301,"[81,89,8,76,47,87,88,50,40,18]","[64,70,60,54,10,59,5,98,51,99]","[12,55,102,53,13,101,14]","[79,61,91,56,90,62,68,78,66,23,92,0,112,77]",35m 234p 234r55s,23m 456789p 77s,444m 55p 88s,16m 67789p 222556s 2z,2,2,3,,0,,,,,,
20260412052922_0001_058,20260412052922_0001,20260412052922,特上卓,0,s6u,107,9s,tsumogiri,1775939667,1836.216,,0,,"[81,89,8,76,47,87,88,50,40,18,107]","[64,70,60,54,10,59,5,98,51,99]","[12,55,102,53,13,101,14]","[79,61,91,56,90,62,68,78,66,23,92,0,77]",35m 234p 234r559s,23m 456789p 77s,444m 55p 88s,16m 67789p 222556s,0,0,,4m,0,,,,,,
20260412052922_0001_059,20260412052922_0001,20260412052922,特上卓,1,こいきき,31,8m,risekichu_hokan_tsumogiri,1775939668,1713.09,,0,,"[81,89,8,76,47,87,88,50,40,18]","[64,70,60,54,10,59,5,98,51,99,31]","[12,55,102,53,13,101,14]","[79,61,91,56,90,62,68,78,66,23,92,0,77]",35m 234p 234r55s,238m 456789p 77s,444m 55p 88s,16m 67789p 222556s,0,0,,14m,0,,,,,,
20260412052922_0001_060,20260412052922_0001,20260412052922,特上卓,2,Fsight,7,2m,risekichu_hokan_tsumogiri,1775939671,2307.306,,0,,"[81,89,8,76,47,87,88,50,40,18]","[64,70,60,54,10,59,5,98,51,99]","[12,55,102,53,13,101,14,7]","[79,61,91,56,90,62,68,78,66,23,92,0,77]",35m 234p 234r55s,23m 456789p 77s,2444m 55p 88s,16m 67789p 222556s,0,0,,5p 8s,0,,,,,,
20260412052922_0001_061,20260412052922_0001,20260412052922,特上卓,3,skybit,23,6m,tedashi,1775939677,5838.225,,0,,"[81,89,8,76,47,87,88,50,40,18]","[64,70,60,54,10,59,5,98,51,99]","[12,55,102,53,13,101,14]","[79,61,91,56,90,62,68,78,66,23,92,0,77,103]",35m 234p 234r55s,23m 456789p 77s,444m 55p 88s,16m 67789p 2225568s,1,1,3,,0,,,,,,
20260412052922_0001_062,20260412052922_0001,20260412052922,特上卓,0,s6u,3,1m,tsumogiri,1775939683,6744.949,,0,,"[81,89,8,76,47,87,88,50,40,18,3]","[64,70,60,54,10,59,5,98,51,99]","[12,55,102,53,13,101,14]","[79,61,91,56,90,62,68,78,66,92,0,77,103]",135m 234p 234r55s,23m 456789p 77s,444m 55p 88s,1m 67789p 2225568s,0,0,,4m,0,,,,,,
20260412052922_0002_000,20260412052922_0002,20260412052922,特上卓,1,こいきき,117,3z,tedashi,1775939693,,,0,,"[70,51,33,40,44,85,53,36,60,34,82,75,5]","[117,69,106,27,14,88,81,110,22,61,83,49,37,28]","[135,20,35,3,134,107,126,31,47,32,101,17,52]","[54,63,2,23,89,84,87,92,19,66,78,131,119]",299m 1234579p 134s,4678m 1479p 33r59s 13z,156899m 3r5p 89s 577z,156m 578p 24456s 36z,4,4,5,,0,,,,,,
20260412052922_0002_001,20260412052922_0002,20260412052922,特上卓,2,Fsight,101,8s,tedashi,1775939695,2871.711,,0,,"[70,51,33,40,44,85,53,36,60,34,82,75,5]","[69,106,27,14,88,81,110,22,61,83,49,37,28]","[135,20,35,3,134,107,126,31,47,32,101,17,52,0]","[54,63,2,23,89,84,87,92,19,66,78,131,119]",299m 1234579p 134s,4678m 1479p 33r59s 1z,1156899m 3r5p 89s 577z,156m 578p 24456s 36z,3,3,3,,0,,,,,,
20260412052922_0002_002,20260412052922_0002,20260412052922,特上卓,3,skybit,2,1m,tedashi,1775939698,2487.731,,2,1144.475,"[70,51,33,40,44,85,53,36,60,34,82,75,5]","[69,106,27,14,88,81,110,22,61,83,49,37,28]","[135,20,35,3,134,107,126,31,47,32,17,52,0]","[54,63,2,23,89,84,87,92,19,66,78,131,119,129]",299m 1234579p 134s,4678m 1479p 33r59s 1z,1156899m 3r5p 9s 577z,156m 578p 24456s 366z,2,2,4,,0,,,,,,
20260412052922_0002_003,20260412052922_0002,20260412052922,特上卓,2,Fsight,107,9s,tedashi,1775939700,1448.175,,0,,"[70,51,33,40,44,85,53,36,60,34,82,75,5]","[69,106,27,14,88,81,110,22,61,83,49,37,28]","[135,20,35,134,107,126,31,47,32,17,52]","[54,63,23,89,84,87,92,19,66,78,131,119,129]",299m 1234579p 134s,4678m 1479p 33r59s 1z,56899m 3r5p 9s 577z,56m 578p 24456s 366z,2,2,,,0,,,,,,
20260412052922_0002_004,20260412052922_0002,20260412052922,特上卓,3,skybit,119,3z,tedashi,1775939703,2702.922,,0,,"[70,51,33,40,44,85,53,36,60,34,82,75,5]","[69,106,27,14,88,81,110,22,61,83,49,37,28]","[135,20,35,134,126,31,47,32,17,52]","[54,63,23,89,84,87,92,19,66,78,131,119,129,109]",299m 1234579p 134s,4678m 1479p 33r59s 1z,56899m 3r5p 577z,56m 578p 24456s 1366z,2,2,4,,0,,,,,,
20260412052922_0002_005,20260412052922_0002,20260412052922,特上卓,0,s6u,104,9s,tsumogiri,1775939708,4833.141,,0,,"[70,51,33,40,44,85,53,36,60,34,82,75,5,104]","[69,106,27,14,88,81,110,22,61,83,49,37,28]","[135,20,35,134,126,31,47,32,17,52]","[54,63,23,89,84,87,92,19,66,78,131,129,109]",299m 1234579p 1349s,4678m 1479p 33r59s 1z,56899m 3r5p 577z,56m 578p 24456s 166z,2,2,5,,0,,,,,,
20260412052922_0002_006,20260412052922_0002,20260412052922,特上卓,1,こいきき,37,1p,tedashi,1775939710,2014.287,,0,,"[70,51,33,40,44,85,53,36,60,34,82,75,5]","[69,106,27,14,88,81,110,22,61,83,49,37,28,56]","[135,20,35,134,126,31,47,32,17,52]","[54,63,23,89,84,87,92,19,66,78,131,129,109]",299m 1234579p 134s,4678m 14679p 33r59s 1z,56899m 3r5p 577z,56m 578p 24456s 166z,3,3,5,,0,,,,,,
20260412052922_0002_007,20260412052922_0002,20260412052922,特上卓,2,Fsight,52,r5p,tedashi,1775939712,2169.176,,0,,"[70,51,33,40,44,85,53,36,60,34,82,75,5]","[69,106,27,14,88,81,110,22,61,83,49,28,56]","[135,20,35,134,126,31,47,32,17,52,120]","[54,63,23,89,84,87,92,19,66,78,131,129,109]",299m 1234579p 134s,4678m 4679p 33r59s 1z,56899m 3r5p 4577z,56m 578p 24456s 166z,2,2,,,0,,,,,,
20260412052922_0002_008,20260412052922_0002,20260412052922,特上卓,3,skybit,54,5p,tedashi,1775939716,3365.954,,3,3323.007,"[70,51,33,40,44,85,53,36,60,34,82,75,5]","[69,106,27,14,88,81,110,22,61,83,49,28,56]","[135,20,35,134,126,31,47,32,17,120]","[54,63,23,89,84,87,92,19,66,78,131,129,109,16]",299m 1234579p 134s,4678m 4679p 33r59s 1z,56899m 3p 4577z,r556m 578p 24456s 166z,2,2,3,,0,,,,,,
20260412052922_0002_009,20260412052922_0002,20260412052922,特上卓,0,s6u,75,1s,tedashi,1775939721,1969.254,,0,,"[70,51,33,40,44,85,53,36,60,34,82,75,5,100]","[69,106,27,14,88,81,110,22,61,83,49,28,56]","[135,20,35,134,126,31,47,32,17,120]","[63,23,89,84,87,92,19,66,78,131,129,109,16]",299m 1234579p 1348s,4678m 4679p 33r59s 1z,56899m 3p 4577z,r556m 78p 24456s 166z,2,2,5,,0,,,,,,
20260412052922_0002_010,20260412052922_0002,20260412052922,特上卓,1,こいきき,106,9s,tedashi,1775939723,2625.335,,0,,"[70,51,33,40,44,85,53,36,60,34,82,5,100]","[69,106,27,14,88,81,110,22,61,83,49,28,56,4]","[135,20,35,134,126,31,47,32,17,120]","[63,23,89,84,87,92,19,66,78,131,129,109,16]",299m 1234579p 348s,24678m 4679p 33r59s 1z,56899m 3p 4577z,r556m 78p 24456s 166z,2,2,5,,0,,,,,,
20260412052922_0002_011,20260412052922_0002,20260412052922,特上卓,2,Fsight,47,3p,tedashi,1775939726,2613.812,,0,,"[70,51,33,40,44,85,53,36,60,34,82,5,100]","[69,27,14,88,81,110,22,61,83,49,28,56,4]","[135,20,35,134,126,31,47,32,17,120,41]","[63,23,89,84,87,92,19,66,78,131,129,109,16]",299m 1234579p 348s,24678m 4679p 33r5s 1z,56899m 23p 4577z,r556m 78p 24456s 166z,2,2,,,0,,,,,,
20260412052922_0002_012,20260412052922_0002,20260412052922,特上卓,3,skybit,109,1z,tedashi,1775939729,3235.907,,0,,"[70,51,33,40,44,85,53,36,60,34,82,5,100]","[69,27,14,88,81,110,22,61,83,49,28,56,4]","[135,20,35,134,126,31,32,17,120,41]","[63,23,89,84,87,92,19,66,78,131,129,109,16,21]",299m 1234579p 348s,24678m 4679p 33r5s 1z,56899m 2p 4577z,r5566m 78p 24456s 166z,2,2,2,,0,,,,,,
20260412052922_0002_013,20260412052922_0002,20260412052922,特上卓,0,s6u,100,8s,tedashi,1775939732,2790.971,,0,,"[70,51,33,40,44,85,53,36,60,34,82,5,100,124]","[69,27,14,88,81,110,22,61,83,49,28,56,4]","[135,20,35,134,126,31,32,17,120,41]","[63,23,89,84,87,92,19,66,78,131,129,16,21]",299m 1234579p 348s 5z,24678m 4679p 33r5s 1z,56899m 2p 4577z,r5566m 78p 24456s 66z,2,2,5,,0,,,,,,
20260412052922_0002_014,20260412052922_0002,20260412052922,特上卓,1,こいきき,110,1z,tedashi,1775939734,1587.501,,0,,"[70,51,33,40,44,85,53,36,60,34,82,5,124]","[69,27,14,88,81,110,22,61,83,49,28,56,4,127]","[135,20,35,134,126,31,32,17,120,41]","[63,23,89,84,87,92,19,66,78,131,129,16,21]",299m 1234579p 34s 5z,24678m 4679p 33r5s 15z,56899m 2p 4577z,r5566m 78p 24456s 66z,2,2,5,,0,,,,,,
20260412052922_0002_015,20260412052922_0002,20260412052922,特上卓,2,Fsight,41,2p,tedashi,1775939736,2449.467,,0,,"[70,51,33,40,44,85,53,36,60,34,82,5,124]","[69,27,14,88,81,22,61,83,49,28,56,4,127]","[135,20,35,134,126,31,32,17,120,41,121]","[63,23,89,84,87,92,19,66,78,131,129,16,21]",299m 1234579p 34s 5z,24678m 4679p 33r5s 5z,56899m 2p 44577z,r5566m 78p 24456s 66z,2,2,,,0,,,,,,
20260412052922_0002_016,20260412052922_0002,20260412052922,特上卓,3,skybit,39,1p,risekichu_hokan_tsumogiri,1775939738,1646.14,,3,4578.959,"[70,51,33,40,44,85,53,36,60,34,82,5,124]","[69,27,14,88,81,22,61,83,49,28,56,4,127]","[135,20,35,134,126,31,32,17,120,121]","[63,23,89,84,87,92,19,66,78,131,129,16,21,39]",299m 1234579p 34s 5z,24678m 4679p 33r5s 5z,56899m 44577z,r5566m 178p 24456s 66z,2,2,2,,0,,,,,,
20260412052922_0002_017,20260412052922_0002,20260412052922,特上卓,0,s6u,128,6z,tsumogiri,1775939744,1182.794,,2,1245.38,"[70,51,33,40,44,85,53,36,60,34,82,5,124,128]","[69,27,14,88,81,22,61,83,49,28,56,4,127]","[135,20,35,134,126,31,32,17,120,121]","[63,23,89,84,87,92,19,66,78,131,129,16,21]",299m 1234579p 34s 56z,24678m 4679p 33r5s 5z,56899m 44577z,r5566m 78p 24456s 66z,2,2,5,,0,,,,,,
20260412052922_0002_018,20260412052922_0002,20260412052922,特上卓,3,skybit,23,6m,tedashi,1775939746,1247.352,,0,,"[70,51,33,40,44,85,53,36,60,34,82,5,124]","[69,27,14,88,81,22,61,83,49,28,56,4,127]","[135,20,35,134,126,31,32,17,120,121]","[63,23,89,84,87,92,19,66,78,16,21]",299m 1234579p 34s 5z,24678m 4679p 33r5s 5z,56899m 44577z,r5566m 78p 24456s,1,1,,,0,,,,,,
20260412052922_0002_019,20260412052922_0002,20260412052922,特上卓,0,s6u,5,2m,tedashi,1775939754,8141.737,,0,,"[70,51,33,40,44,85,53,36,60,34,82,5,124,77]","[69,27,14,88,81,22,61,83,49,28,56,4,127]","[135,20,35,134,126,31,32,17,120,121]","[63,89,84,87,92,19,66,78,16,21]",299m 1234579p 234s 5z,24678m 4679p 33r5s 5z,56899m 44577z,r556m 78p 24456s,1,1,5,,0,,,,,,
20260412052922_0002_020,20260412052922_0002,20260412052922,特上卓,1,こいきき,127,5z,tedashi,1775939756,1393.295,,0,,"[70,51,33,40,44,85,53,36,60,34,82,124,77]","[69,27,14,88,81,22,61,83,49,28,56,4,127,130]","[135,20,35,134,126,31,32,17,120,121]","[63,89,84,87,92,19,66,78,16,21]",99m 1234579p 234s 5z,24678m 4679p 33r5s 56z,56899m 44577z,r556m 78p 24456s,2,2,5,,0,,,,,,
20260412052922_0002_021,20260412052922_0002,20260412052922,特上卓,2,Fsight,112,2z,risekichu_hokan_tsumogiri,1775939758,2470.37,,0,,"[70,51,33,40,44,85,53,36,60,34,82,124,77]","[69,27,14,88,81,22,61,83,49,28,56,4,130]","[135,20,35,134,126,31,32,17,120,121,112]","[63,89,84,87,92,19,66,78,16,21]",99m 1234579p 234s 5z,24678m 4679p 33r5s 6z,56899m 244577z,r556m 78p 24456s,2,2,,,0,,,,,,
20260412052922_0002_022,20260412052922_0002,20260412052922,特上卓,3,skybit,21,6m,tedashi,1775939763,4482.175,,0,,"[70,51,33,40,44,85,53,36,60,34,82,124,77]","[69,27,14,88,81,22,61,83,49,28,56,4,130]","[135,20,35,134,126,31,32,17,120,121]","[63,89,84,87,92,19,66,78,16,21,115]",99m 1234579p 234s 5z,24678m 4679p 33r5s 6z,56899m 44577z,r556m 78p 24456s 2z,1,1,,,0,,,,,,
20260412052922_0002_023,20260412052922_0002,20260412052922,特上卓,0,s6u,68,9p,tsumogiri,1775939771,8349.94,,0,,"[70,51,33,40,44,85,53,36,60,34,82,124,77,68]","[69,27,14,88,81,22,61,83,49,28,56,4,130]","[135,20,35,134,126,31,32,17,120,121]","[63,89,84,87,92,19,66,78,16,115]",99m 12345799p 234s 5z,24678m 4679p 33r5s 6z,56899m 44577z,r55m 78p 24456s 2z,1,1,4,,0,,,,,,
20260412052922_0002_024,20260412052922_0002,20260412052922,特上卓,1,こいきき,69,9p,tedashi,1775939772,1576.047,,0,,"[70,51,33,40,44,85,53,36,60,34,82,124,77]","[69,27,14,88,81,22,61,83,49,28,56,4,130,48]","[135,20,35,134,126,31,32,17,120,121]","[63,89,84,87,92,19,66,78,16,115]",99m 1234579p 234s 5z,24678m 44679p 33r5s 6z,56899m 44577z,r55m 78p 24456s 2z,2,2,4,,0,,,,,,
20260412052922_0002_025,20260412052922_0002,20260412052922,特上卓,2,Fsight,126,5z,tedashi,1775939776,3806.323,,0,,"[70,51,33,40,44,85,53,36,60,34,82,124,77]","[27,14,88,81,22,61,83,49,28,56,4,130,48]","[135,20,35,134,126,31,32,17,120,121,12]","[63,89,84,87,92,19,66,78,16,115]",99m 1234579p 234s 5z,24678m 4467p 33r5s 6z,456899m 44577z,r55m 78p 24456s 2z,1,1,,,0,,,,,,
20260412052922_0002_026,20260412052922_0002,20260412052922,特上卓,3,skybit,115,2z,tedashi,1775939779,2216.185,,0,,"[70,51,33,40,44,85,53,36,60,34,82,124,77]","[27,14,88,81,22,61,83,49,28,56,4,130,48]","[135,20,35,134,31,32,17,120,121,12]","[63,89,84,87,92,19,66,78,16,115,95]",99m 1234579p 234s 5z,24678m 4467p 33r5s 6z,456899m 4477z,r55m 78p 244566s 2z,1,1,,,0,,,,,,
20260412052922_0002_027,20260412052922_0002,20260412052922,特上卓,0,s6u,97,7s,tsumogiri,1775939781,2742.309,,0,,"[70,51,33,40,44,85,53,36,60,34,82,124,77,97]","[27,14,88,81,22,61,83,49,28,56,4,130,48]","[135,20,35,134,31,32,17,120,121,12]","[63,89,84,87,92,19,66,78,16,95]",99m 1234579p 2347s 5z,24678m 4467p 33r5s 6z,456899m 4477z,r55m 78p 244566s,1,1,5,,0,,,,,,
20260412052922_0002_028,20260412052922_0002,20260412052922,特上卓,1,こいきき,130,6z,tedashi,1775939785,3428.295,,0,,"[70,51,33,40,44,85,53,36,60,34,82,124,77]","[27,14,88,81,22,61,83,49,28,56,4,130,48,55]","[135,20,35,134,31,32,17,120,121,12]","[63,89,84,87,92,19,66,78,16,95]",99m 1234579p 234s 5z,24678m 44567p 33r5s 6z,456899m 4477z,r55m 78p 244566s,1,1,4,,0,,,,,,
20260412052922_0002_029,20260412052922_0002,20260412052922,特上卓,2,Fsight,42,2p,risekichu_hokan_tsumogiri,1775939787,2158.951,,0,,"[70,51,33,40,44,85,53,36,60,34,82,124,77]","[27,14,88,81,22,61,83,49,28,56,4,48,55]","[135,20,35,134,31,32,17,120,121,12,42]","[63,89,84,87,92,19,66,78,16,95]",99m 1234579p 234s 5z,24678m 44567p 33r5s,456899m 2p 4477z,r55m 78p 244566s,1,1,,,0,,,,,,
20260412052922_0002_030,20260412052922_0002,20260412052922,特上卓,3,skybit,105,9s,risekichu_hokan_tsumogiri,1775939789,1949.394,,0,,"[70,51,33,40,44,85,53,36,60,34,82,124,77]","[27,14,88,81,22,61,83,49,28,56,4,48,55]","[135,20,35,134,31,32,17,120,121,12]","[63,89,84,87,92,19,66,78,16,95,105]",99m 1234579p 234s 5z,24678m 44567p 33r5s,456899m 4477z,r55m 78p 2445669s,1,1,,,0,,,,,,
20260412052922_0002_031,20260412052922_0002,20260412052922,特上卓,0,s6u,124,5z,tedashi,1775939793,993.605,2816.669,0,,"[70,51,33,40,44,85,53,36,60,34,82,124,77,59]","[27,14,88,81,22,61,83,49,28,56,4,48,55]","[135,20,35,134,31,32,17,120,121,12]","[63,89,84,87,92,19,66,78,16,95]",99m 12345679p 234s 5z,24678m 44567p 33r5s,456899m 4477z,r55m 78p 244566s,0,0,5,8p,0,,,,,,
20260412052922_0002_032,20260412052922_0002,20260412052922,特上卓,1,こいきき,4,2m,tedashi,1775939797,4102.522,,0,,"[70,51,33,40,44,85,53,36,60,34,82,77,59]","[27,14,88,81,22,61,83,49,28,56,4,48,55,79]","[135,20,35,134,31,32,17,120,121,12]","[63,89,84,87,92,19,66,78,16,95]",99m 12345679p 234s,24678m 44567p 233r5s,456899m 4477z,r55m 78p 244566s,1,1,4,,0,,,,,,
20260412052922_0002_033,20260412052922_0002,20260412052922,特上卓,2,Fsight,116,3z,risekichu_hokan_tsumogiri,1775939799,2372.159,,0,,"[70,51,33,40,44,85,53,36,60,34,82,77,59]","[27,14,88,81,22,61,83,49,28,56,48,55,79]","[135,20,35,134,31,32,17,120,121,12,116]","[63,89,84,87,92,19,66,78,16,95]",99m 12345679p 234s,4678m 44567p 233r5s,456899m 34477z,r55m 78p 244566s,1,1,,,0,,,,,,
20260412052922_0002_034,20260412052922_0002,20260412052922,特上卓,3,skybit,78,2s,tedashi,1775939802,2646.605,,0,,"[70,51,33,40,44,85,53,36,60,34,82,77,59]","[27,14,88,81,22,61,83,49,28,56,48,55,79]","[135,20,35,134,31,32,17,120,121,12]","[63,89,84,87,92,19,66,78,16,95,91]",99m 12345679p 234s,4678m 44567p 233r5s,456899m 4477z,r55m 78p 2445566s,0,0,,69p,0,,,,,,
20260412052922_0002_035,20260412052922_0002,20260412052922,特上卓,0,s6u,102,8s,tsumogiri,1775939802,685.531,,0,,"[70,51,33,40,44,85,53,36,60,34,82,77,59,102]","[27,14,88,81,22,61,83,49,28,56,48,55,79]","[135,20,35,134,31,32,17,120,121,12]","[63,89,84,87,92,19,66,16,95,91]",99m 12345679p 2348s,4678m 44567p 233r5s,456899m 4477z,r55m 78p 445566s,0,0,5,8p,0,,,,,,
20260412052922_0002_036,20260412052922_0002,20260412052922,特上卓,1,こいきき,79,2s,tedashi,1775939805,2410.21,,0,,"[70,51,33,40,44,85,53,36,60,34,82,77,59]","[27,14,88,81,22,61,83,49,28,56,48,55,79,65]","[135,20,35,134,31,32,17,120,121,12]","[63,89,84,87,92,19,66,16,95,91]",99m 12345679p 234s,4678m 445678p 233r5s,456899m 4477z,r55m 78p 445566s,1,1,4,,0,,,,,,
20260412052922_0002_037,20260412052922_0002,20260412052922,特上卓,2,Fsight,135,7z,tedashi,1775939807,2438.04,,0,,"[70,51,33,40,44,85,53,36,60,34,82,77,59]","[27,14,88,81,22,61,83,49,28,56,48,55,65]","[135,20,35,134,31,32,17,120,121,12,18]","[63,89,84,87,92,19,66,16,95,91]",99m 12345679p 234s,4678m 445678p 33r5s,4556899m 4477z,r55m 78p 445566s,1,1,,,0,,,,,,
20260412052922_0002_038,20260412052922_0002,20260412052922,特上卓,3,skybit,45,3p,risekichu_hokan_tsumogiri,1775939810,2513.783,,0,,"[70,51,33,40,44,85,53,36,60,34,82,77,59]","[27,14,88,81,22,61,83,49,28,56,48,55,65]","[20,35,134,31,32,17,120,121,12,18]","[63,89,84,87,92,19,66,16,95,91,45]",99m 12345679p 234s,4678m 445678p 33r5s,4556899m 447z,r55m 378p 445566s,0,0,,69p,0,,,,,,
20260412052922_0002_039,20260412052922_0002,20260412052922,特上卓,0,s6u,7,2m,tsumogiri,1775939810,682.962,,5,2493.504,"[70,51,33,40,44,85,53,36,60,34,82,77,59,7]","[27,14,88,81,22,61,83,49,28,56,48,55,65]","[20,35,134,31,32,17,120,121,12,18]","[63,89,84,87,92,19,66,16,95,91]",299m 12345679p 234s,4678m 445678p 33r5s,4556899m 447z,r55m 78p 445566s,0,0,5,8p,0,,,,,,
20260412052922_0002_040,20260412052922_0002,20260412052922,特上卓,1,こいきき,1,1m,risekichu_hokan_tsumogiri,1775939815,2521.464,,0,,"[70,51,33,40,44,85,53,36,60,34,82,77,59]","[27,14,88,81,22,61,83,49,28,56,48,55,65,1]","[20,35,134,31,32,17,120,121,12,18]","[63,89,84,87,92,19,66,16,95,91]",99m 12345679p 234s,14678m 445678p 33r5s,4556899m 447z,r55m 78p 445566s,2,2,4,,0,,,,,,
20260412052922_0002_041,20260412052922_0002,20260412052922,特上卓,2,Fsight,134,7z,tedashi,1775939817,1783.276,,0,,"[70,51,33,40,44,85,53,36,60,34,82,77,59]","[27,14,88,81,22,61,83,49,28,56,48,55,65]","[20,35,134,31,32,17,120,121,12,18,29]","[63,89,84,87,92,19,66,16,95,91]",99m 12345679p 234s,4678m 445678p 33r5s,45568899m 447z,r55m 78p 445566s,1,1,,,0,,,,,,
20260412052922_0002_042,20260412052922_0002,20260412052922,特上卓,3,skybit,132,7z,risekichu_hokan_tsumogiri,1775939819,2200.202,,0,,"[70,51,33,40,44,85,53,36,60,34,82,77,59]","[27,14,88,81,22,61,83,49,28,56,48,55,65]","[20,35,31,32,17,120,121,12,18,29]","[63,89,84,87,92,19,66,16,95,91,132]",99m 12345679p 234s,4678m 445678p 33r5s,45568899m 44z,r55m 78p 445566s 7z,0,0,,69p,0,,,,,,
20260412052922_0002_043,20260412052922_0002,20260412052922,特上卓,0,s6u,50,4p,tsumogiri,1775939820,698.913,,3,750.282,"[70,51,33,40,44,85,53,36,60,34,82,77,59,50]","[27,14,88,81,22,61,83,49,28,56,48,55,65]","[20,35,31,32,17,120,121,12,18,29]","[63,89,84,87,92,19,66,16,95,91]",99m 123445679p 234s,4678m 445678p 33r5s,45568899m 44z,r55m 78p 445566s,0,0,4,8p,0,,,,,,
20260412052922_0002_044,20260412052922_0002,20260412052922,特上卓,1,こいきき,14,4m,tedashi,1775939822,1529.176,,2,1316.564,"[70,51,33,40,44,85,53,36,60,34,82,77,59]","[27,14,88,81,22,61,83,49,28,56,48,55,65,90]","[20,35,31,32,17,120,121,12,18,29]","[63,89,84,87,92,19,66,16,95,91]",99m 12345679p 234s,4678m 445678p 33r55s,45568899m 44z,r55m 78p 445566s,1,1,3,,0,,,,,,
20260412052922_0002_045,20260412052922_0002,20260412052922,特上卓,2,Fsight,121,4z,tedashi,1775939825,1530.215,,0,,"[70,51,33,40,44,85,53,36,60,34,82,77,59]","[27,88,81,22,61,83,49,28,56,48,55,65,90]","[35,31,32,120,121,12,18,29]","[63,89,84,87,92,19,66,16,95,91]",99m 12345679p 234s,678m 445678p 33r55s,458899m 44z,r55m 78p 445566s,1,1,,,0,,,,,,
20260412052922_0002_046,20260412052922_0002,20260412052922,特上卓,3,skybit,24,7m,risekichu_hokan_tsumogiri,1775939838,13166.607,,0,,"[70,51,33,40,44,85,53,36,60,34,82,77,59]","[27,88,81,22,61,83,49,28,56,48,55,65,90]","[35,31,32,120,12,18,29]","[63,89,84,87,92,19,66,16,95,91,24]",99m 12345679p 234s,678m 445678p 33r55s,458899m 4z,r557m 78p 445566s,0,0,,69p,0,,,,,,
20260412052922_0002_047,20260412052922_0002,20260412052922,特上卓,0,s6u,73,1s,tsumogiri,1775939839,685.579,,0,,"[70,51,33,40,44,85,53,36,60,34,82,77,59,73]","[27,88,81,22,61,83,49,28,56,48,55,65,90]","[35,31,32,120,12,18,29]","[63,89,84,87,92,19,66,16,95,91]",99m 12345679p 1234s,678m 445678p 33r55s,458899m 4z,r55m 78p 445566s,0,0,5,8p,0,,,,,,
20260412052922_0002_048,20260412052922_0002,20260412052922,特上卓,1,こいきき,49,4p,tedashi,1775939842,652.337,2641.225,0,,"[70,51,33,40,44,85,53,36,60,34,82,77,59]","[27,88,81,22,61,83,49,28,56,48,55,65,90,71]","[35,31,32,120,12,18,29]","[63,89,84,87,92,19,66,16,95,91]",99m 12345679p 234s,678m 4456789p 33r55s,458899m 4z,r55m 78p 445566s,0,0,3,35s,0,,,,,,
20260412052922_0002_049,20260412052922_0002,20260412052922,特上卓,2,Fsight,120,4z,tedashi,1775939845,2203.175,,0,,"[70,51,33,40,44,85,53,36,60,34,82,77,59]","[27,88,81,22,61,83,28,56,48,55,65,90,71]","[35,31,32,120,12,18,29,6]","[63,89,84,87,92,19,66,16,95,91]",99m 12345679p 234s,678m 456789p 33r55s,2458899m 4z,r55m 78p 445566s,1,1,,,0,,,,,,
20260412052922_0002_050,20260412052922_0002,20260412052922,特上卓,3,skybit,125,5z,risekichu_hokan_tsumogiri,1775939847,2363.486,,0,,"[70,51,33,40,44,85,53,36,60,34,82,77,59]","[27,88,81,22,61,83,28,56,48,55,65,90,71]","[35,31,32,12,18,29,6]","[63,89,84,87,92,19,66,16,95,91,125]",99m 12345679p 234s,678m 456789p 33r55s,2458899m,r55m 78p 445566s 5z,0,0,,69p,0,,,,,,
20260412052922_0002_051,20260412052922_0002,20260412052922,特上卓,0,s6u,11,3m,tsumogiri,1775939848,685.278,,0,,"[70,51,33,40,44,85,53,36,60,34,82,77,59,11]","[27,88,81,22,61,83,28,56,48,55,65,90,71]","[35,31,32,12,18,29,6]","[63,89,84,87,92,19,66,16,95,91]",399m 12345679p 234s,678m 456789p 33r55s,2458899m,r55m 78p 445566s,0,0,5,8p,0,,,,,,
20260412052922_0002_052,20260412052922_0002,20260412052922,特上卓,1,こいきき,30,8m,risekichu_hokan_tsumogiri,1775939849,1258.316,,2,2253.907,"[70,51,33,40,44,85,53,36,60,34,82,77,59]","[27,88,81,22,61,83,28,56,48,55,65,90,71,30]","[35,31,32,12,18,29,6]","[63,89,84,87,92,19,66,16,95,91]",99m 12345679p 234s,6788m 456789p 33r55s,2458899m,r55m 78p 445566s,0,0,3,35s,0,,,,,,
20260412052922_0002_053,20260412052922_0002,20260412052922,特上卓,2,Fsight,6,2m,tedashi,1775939852,1310.712,,0,,"[70,51,33,40,44,85,53,36,60,34,82,77,59]","[27,88,81,22,61,83,28,56,48,55,65,90,71]","[35,32,12,18,6]","[63,89,84,87,92,19,66,16,95,91]",99m 12345679p 234s,678m 456789p 33r55s,24599m,r55m 78p 445566s,0,0,,36m,0,,,,,,
20260412052922_0002_054,20260412052922_0002,20260412052922,特上卓,3,skybit,86,4s,risekichu_hokan_tsumogiri,1775939856,3170.709,,0,,"[70,51,33,40,44,85,53,36,60,34,82,77,59]","[27,88,81,22,61,83,28,56,48,55,65,90,71]","[35,32,12,18]","[63,89,84,87,92,19,66,16,95,91,86]",99m 12345679p 234s,678m 456789p 33r55s,4599m,r55m 78p 4445566s,0,0,,69p,0,,,,,,
20260412052922_0002_055,20260412052922_0002,20260412052922,特上卓,0,s6u,98,7s,tsumogiri,1775939856,709.298,,0,,"[70,51,33,40,44,85,53,36,60,34,82,77,59,98]","[27,88,81,22,61,83,28,56,48,55,65,90,71]","[35,32,12,18]","[63,89,84,87,92,19,66,16,95,91]",99m 12345679p 2347s,678m 456789p 33r55s,4599m,r55m 78p 445566s,0,0,5,8p,0,,,,,,
20260412052922_0002_056,20260412052922_0002,20260412052922,特上卓,1,こいきき,114,2z,risekichu_hokan_tsumogiri,1775939858,1260.966,,0,,"[70,51,33,40,44,85,53,36,60,34,82,77,59]","[27,88,81,22,61,83,28,56,48,55,65,90,71,114]","[35,32,12,18]","[63,89,84,87,92,19,66,16,95,91]",99m 12345679p 234s,678m 456789p 33r55s 2z,4599m,r55m 78p 445566s,0,0,4,35s,0,,,,,,
20260412052922_0002_057,20260412052922_0002,20260412052922,特上卓,2,Fsight,113,2z,risekichu_hokan_tsumogiri,1775939860,2819.126,,0,,"[70,51,33,40,44,85,53,36,60,34,82,77,59]","[27,88,81,22,61,83,28,56,48,55,65,90,71]","[35,32,12,18,113]","[63,89,84,87,92,19,66,16,95,91]",99m 12345679p 234s,678m 456789p 33r55s,4599m 2z,r55m 78p 445566s,0,0,,36m,0,,,,,,
20260412052922_0002_058,20260412052922_0002,20260412052922,特上卓,3,skybit,103,8s,risekichu_hokan_tsumogiri,1775939869,8162.256,,0,,"[70,51,33,40,44,85,53,36,60,34,82,77,59]","[27,88,81,22,61,83,28,56,48,55,65,90,71]","[35,32,12,18]","[63,89,84,87,92,19,66,16,95,91,103]",99m 12345679p 234s,678m 456789p 33r55s,4599m,r55m 78p 4455668s,0,0,,69p,0,,,,,,
20260412052922_0002_059,20260412052922_0002,20260412052922,特上卓,0,s6u,74,1s,tsumogiri,1775939869,686.36,,0,,"[70,51,33,40,44,85,53,36,60,34,82,77,59,74]","[27,88,81,22,61,83,28,56,48,55,65,90,71]","[35,32,12,18]","[63,89,84,87,92,19,66,16,95,91]",99m 12345679p 1234s,678m 456789p 33r55s,4599m,r55m 78p 445566s,0,0,5,8p,0,,,,,,
20260412052922_0002_060,20260412052922_0002,20260412052922,特上卓,1,こいきき,93,6s,risekichu_hokan_tsumogiri,1775939871,1223.824,,3,2066.668,"[70,51,33,40,44,85,53,36,60,34,82,77,59]","[27,88,81,22,61,83,28,56,48,55,65,90,71,93]","[35,32,12,18]","[63,89,84,87,92,19,66,16,95,91]",99m 12345679p 234s,678m 456789p 33r556s,4599m,r55m 78p 445566s,0,0,4,35s,0,,,,,,
20260412052922_0002_061,20260412052922_0002,20260412052922,特上卓,2,Fsight,26,7m,risekichu_hokan_tsumogiri,1775939877,4280.676,,0,,"[70,51,33,40,44,85,53,36,60,34,82,77,59]","[27,88,81,22,61,83,28,56,48,55,65,90,71]","[35,32,12,18,26]","[63,89,84,87,92,19,66,16,95,91]",99m 12345679p 234s,678m 456789p 33r55s,45799m,r55m 78p 445566s,0,0,,36m,0,,,,,,
20260412052922_0002_062,20260412052922_0002,20260412052922,特上卓,3,skybit,111,1z,risekichu_hokan_tsumogiri,1775939883,5929.894,,0,,"[70,51,33,40,44,85,53,36,60,34,82,77,59]","[27,88,81,22,61,83,28,56,48,55,65,90,71]","[35,32,12,18]","[63,89,84,87,92,19,66,16,95,91,111]",99m 12345679p 234s,678m 456789p 33r55s,4599m,r55m 78p 445566s 1z,0,0,,69p,0,,,,,,
20260412052922_0002_063,20260412052922_0002,20260412052922,特上卓,0,s6u,43,2p,tsumogiri,1775939884,704.598,,0,,"[70,51,33,40,44,85,53,36,60,34,82,77,59,43]","[27,88,81,22,61,83,28,56,48,55,65,90,71]","[35,32,12,18]","[63,89,84,87,92,19,66,16,95,91]",99m 122345679p 234s,678m 456789p 33r55s,4599m,r55m 78p 445566s,0,0,4,8p,0,,,,,,
20260412052922_0002_064,20260412052922_0002,20260412052922,特上卓,1,こいきき,94,6s,risekichu_hokan_tsumogiri,1775939885,1418.352,,3,1340.614,"[70,51,33,40,44,85,53,36,60,34,82,77,59]","[27,88,81,22,61,83,28,56,48,55,65,90,71,94]","[35,32,12,18]","[63,89,84,87,92,19,66,16,95,91]",99m 12345679p 234s,678m 456789p 33r556s,4599m,r55m 78p 445566s,0,0,4,35s,0,,,,,,
20260412052922_0002_065,20260412052922_0002,20260412052922,特上卓,2,Fsight,64,8p,risekichu_hokan_tsumogiri,1775939889,2646.591,,0,,"[70,51,33,40,44,85,53,36,60,34,82,77,59]","[27,88,81,22,61,83,28,56,48,55,65,90,71]","[35,32,12,18,64]","[63,89,84,87,92,19,66,16,95,91]",99m 12345679p 234s,678m 456789p 33r55s,4599m 8p,r55m 78p 445566s,0,0,,36m,0,,,,,,
20260412052922_0100_000,20260412052922_0100,20260412052922,特上卓,2,Fsight,38,1p,risekichu_hokan_tsumogiri,1775939903,,,3,1318.034,"[60,55,117,44,68,1,65,22,27,63,52,47,17]","[70,107,84,35,20,61,15,69,72,116,82,105,66]","[126,58,120,133,78,100,109,74,28,21,80,111,124,38]","[87,6,132,51,46,57,119,43,127,40,104,118,45]",1567m 33r557789p 3z,469m 7899p 13499s 3z,68m 16p 1238s 114557z,2m 223346p 49s 3357z,3,3,4,,0,,,,,,
20260412052922_0100_001,20260412052922_0100,20260412052922,特上卓,3,skybit,104,9s,tedashi,1775939905,1202.572,,6,253.47,"[60,55,117,44,68,1,65,22,27,63,52,47,17]","[70,107,84,35,20,61,15,69,72,116,82,105,66]","[126,58,120,133,78,100,109,74,28,21,80,111,124]","[87,6,132,51,46,57,119,43,127,40,104,118,45,92]",1567m 33r557789p 3z,469m 7899p 13499s 3z,68m 6p 1238s 114557z,2m 223346p 469s 3357z,3,3,3,,0,,,,,,
20260412052922_0100_002,20260412052922_0100,20260412052922,特上卓,0,s6u,117,3z,tedashi,1775939906,1207.299,,3,1095.513,"[60,55,117,44,68,1,65,22,27,63,52,47,17,29]","[70,107,84,35,20,61,15,69,72,116,82,105,66]","[126,58,120,133,78,100,109,74,28,21,80,111,124]","[87,6,132,51,46,57,119,43,127,40,118,45,92]",15678m 33r557789p 3z,469m 7899p 13499s 3z,68m 6p 1238s 114557z,2m 223346p 46s 3357z,2,2,3,,0,,,,,,
20260412052922_0100_003,20260412052922_0100,20260412052922,特上卓,1,こいきき,116,3z,tedashi,1775939909,917.025,,6,268.289,"[60,55,44,68,1,65,22,27,63,52,47,17,29]","[70,107,84,35,20,61,15,69,72,116,82,105,66,98]","[126,58,120,133,78,100,109,74,28,21,80,111,124]","[87,6,132,51,46,57,119,43,127,40,118,45,92]",15678m 33r557789p,469m 7899p 134799s 3z,68m 6p 1238s 114557z,2m 223346p 46s 3357z,3,3,4,,0,,,,,,
20260412052922_0100_004,20260412052922_0100,20260412052922,特上卓,2,Fsight,2,1m,risekichu_hokan_tsumogiri,1775939911,2058.516,,0,,"[60,55,44,68,1,65,22,27,63,52,47,17,29]","[70,107,84,35,20,61,15,69,72,82,105,66,98]","[126,58,120,133,78,100,109,74,28,21,80,111,124,2]","[87,6,132,51,46,57,119,43,127,40,118,45,92]",15678m 33r557789p,469m 7899p 134799s,168m 6p 1238s 114557z,2m 223346p 46s 3357z,3,3,4,,0,,,,,,
20260412052922_0100_005,20260412052922_0100,20260412052922,特上卓,3,skybit,75,1s,risekichu_hokan_tsumogiri,1775939912,1620.541,,0,,"[60,55,44,68,1,65,22,27,63,52,47,17,29]","[70,107,84,35,20,61,15,69,72,82,105,66,98]","[126,58,120,133,78,100,109,74,28,21,80,111,124]","[87,6,132,51,46,57,119,43,127,40,118,45,92,75]",15678m 33r557789p,469m 7899p 134799s,68m 6p 1238s 114557z,2m 223346p 146s 3357z,3,3,3,,0,,,,,,
20260412052922_0100_006,20260412052922_0100,20260412052922,特上卓,0,s6u,1,1m,tedashi,1775939915,2649.97,,0,,"[60,55,44,68,1,65,22,27,63,52,47,17,29,108]","[70,107,84,35,20,61,15,69,72,82,105,66,98]","[126,58,120,133,78,100,109,74,28,21,80,111,124]","[87,6,132,51,46,57,119,43,127,40,118,45,92]",15678m 33r557789p 1z,469m 7899p 134799s,68m 6p 1238s 114557z,2m 223346p 46s 3357z,2,2,3,,0,,,,,,
20260412052922_0100_007,20260412052922_0100,20260412052922,特上卓,1,こいきき,35,9m,tedashi,1775939917,1625.127,,0,,"[60,55,44,68,65,22,27,63,52,47,17,29,108]","[70,107,84,35,20,61,15,69,72,82,105,66,98,106]","[126,58,120,133,78,100,109,74,28,21,80,111,124]","[87,6,132,51,46,57,119,43,127,40,118,45,92]",5678m 33r557789p 1z,469m 7899p 1347999s,68m 6p 1238s 114557z,2m 223346p 46s 3357z,2,2,4,,0,,,,,,
20260412052922_0100_008,20260412052922_0100,20260412052922,特上卓,2,Fsight,49,4p,risekichu_hokan_tsumogiri,1775939919,2204.219,,3,1060.367,"[60,55,44,68,65,22,27,63,52,47,17,29,108]","[70,107,84,20,61,15,69,72,82,105,66,98,106]","[126,58,120,133,78,100,109,74,28,21,80,111,124,49]","[87,6,132,51,46,57,119,43,127,40,118,45,92]",5678m 33r557789p 1z,46m 7899p 1347999s,68m 46p 1238s 114557z,2m 223346p 46s 3357z,2,2,4,,0,,,,,,
20260412052922_0100_009,20260412052922_0100,20260412052922,特上卓,3,skybit,127,5z,tedashi,1775939922,2175.282,,2,1375.722,"[60,55,44,68,65,22,27,63,52,47,17,29,108]","[70,107,84,20,61,15,69,72,82,105,66,98,106]","[126,58,120,133,78,100,109,74,28,21,80,111,124]","[87,6,132,51,46,57,119,43,127,40,118,45,92,79]",5678m 33r557789p 1z,46m 7899p 1347999s,68m 6p 1238s 114557z,2m 223346p 246s 3357z,3,3,3,,0,,,,,,
20260412052922_0100_010,20260412052922_0100,20260412052922,特上卓,2,Fsight,58,6p,tedashi,1775939924,810.938,,0,,"[60,55,44,68,65,22,27,63,52,47,17,29,108]","[70,107,84,20,61,15,69,72,82,105,66,98,106]","[58,120,133,78,100,109,74,28,21,80,111]","[87,6,132,51,46,57,119,43,40,118,45,92,79]",5678m 33r557789p 1z,46m 7899p 1347999s,68m 6p 1238s 1147z,2m 223346p 246s 337z,2,2,,,0,,,,,,
20260412052922_0100_011,20260412052922_0100,20260412052922,特上卓,3,skybit,122,4z,risekichu_hokan_tsumogiri,1775939926,1760.259,,0,,"[60,55,44,68,65,22,27,63,52,47,17,29,108]","[70,107,84,20,61,15,69,72,82,105,66,98,106]","[120,133,78,100,109,74,28,21,80,111]","[87,6,132,51,46,57,119,43,40,118,45,92,79,122]",5678m 33r557789p 1z,46m 7899p 1347999s,68m 1238s 1147z,2m 223346p 246s 3347z,3,3,3,,0,,,,,,
20260412052922_0100_012,20260412052922_0100,20260412052922,特上卓,0,s6u,108,1z,tedashi,1775939928,1486.615,,2,1481.514,"[60,55,44,68,65,22,27,63,52,47,17,29,108,11]","[70,107,84,20,61,15,69,72,82,105,66,98,106]","[120,133,78,100,109,74,28,21,80,111]","[87,6,132,51,46,57,119,43,40,118,45,92,79]",35678m 33r557789p 1z,46m 7899p 1347999s,68m 1238s 1147z,2m 223346p 246s 337z,1,1,3,,0,,,,,,
20260412052922_0100_013,20260412052922_0100,20260412052922,特上卓,2,Fsight,21,6m,tedashi,1775939930,917.511,,0,,"[60,55,44,68,65,22,27,63,52,47,17,29,11]","[70,107,84,20,61,15,69,72,82,105,66,98,106]","[120,133,78,100,74,28,21,80]","[87,6,132,51,46,57,119,43,40,118,45,92,79]",35678m 33r557789p,46m 7899p 1347999s,68m 1238s 47z,2m 223346p 246s 337z,1,1,,,0,,,,,,
20260412052922_0100_014,20260412052922_0100,20260412052922,特上卓,3,skybit,57,6p,tedashi,1775939934,3844.862,,3,2407.519,"[60,55,44,68,65,22,27,63,52,47,17,29,11]","[70,107,84,20,61,15,69,72,82,105,66,98,106]","[120,133,78,100,74,28,80]","[87,6,132,51,46,57,119,43,40,118,45,92,79,93]",35678m 33r557789p,46m 7899p 1347999s,8m 1238s 47z,2m 223346p 2466s 337z,2,2,2,,0,,,,,,
20260412052922_0100_015,20260412052922_0100,20260412052922,特上卓,0,s6u,11,3m,tedashi,1775939939,2536.356,,0,,"[60,55,44,68,65,22,27,63,52,47,17,29,11,33]","[70,107,84,20,61,15,69,72,82,105,66,98,106]","[120,133,78,100,74,28,80]","[87,6,132,51,46,119,43,40,118,45,92,79,93]",356789m 33r557789p,46m 7899p 1347999s,8m 1238s 47z,2m 22334p 2466s 337z,1,1,3,,0,,,,,,
20260412052922_0100_016,20260412052922_0100,20260412052922,特上卓,1,こいきき,72,1s,tedashi,1775939941,1985.85,,3,1557.324,"[60,55,44,68,65,22,27,63,52,47,17,29,33]","[70,107,84,20,61,15,69,72,82,105,66,98,106,64]","[120,133,78,100,74,28,80]","[87,6,132,51,46,119,43,40,118,45,92,79,93]",56789m 33r557789p,46m 78899p 1347999s,8m 1238s 47z,2m 22334p 2466s 337z,2,2,3,,0,,,,,,
20260412052922_0100_017,20260412052922_0100,20260412052922,特上卓,2,Fsight,24,7m,risekichu_hokan_tsumogiri,1775939944,1240.408,,0,,"[60,55,44,68,65,22,27,63,52,47,17,29,33]","[70,107,84,20,61,15,69,82,105,66,98,106,64]","[120,133,78,100,74,28,80,24]","[87,6,132,51,46,119,43,40,118,45,92,79,93]",56789m 33r557789p,46m 78899p 347999s,78m 1238s 47z,2m 22334p 2466s 337z,1,1,,,0,,,,,,
20260412052922_0100_018,20260412052922_0100,20260412052922,特上卓,3,skybit,119,3z,tedashi,1775939947,3330.584,,0,,"[60,55,44,68,65,22,27,63,52,47,17,29,33]","[70,107,84,20,61,15,69,82,105,66,98,106,64]","[120,133,78,100,74,28,80]","[87,6,132,51,46,119,43,40,118,45,92,79,93,99]",56789m 33r557789p,46m 78899p 347999s,8m 1238s 47z,2m 22334p 24667s 337z,2,2,2,,0,,,,,,
20260412052922_0100_019,20260412052922_0100,20260412052922,特上卓,0,s6u,95,6s,tsumogiri,1775939949,2327.666,,3,1024.152,"[60,55,44,68,65,22,27,63,52,47,17,29,33,95]","[70,107,84,20,61,15,69,82,105,66,98,106,64]","[120,133,78,100,74,28,80]","[87,6,132,51,46,43,40,118,45,92,79,93,99]",56789m 33r557789p 6s,46m 78899p 347999s,8m 1238s 47z,2m 22334p 24667s 37z,1,1,3,,0,,,,,,
20260412052922_0100_020,20260412052922_0100,20260412052922,特上卓,1,こいきき,20,6m,tedashi,1775939954,4177.453,,0,,"[60,55,44,68,65,22,27,63,52,47,17,29,33]","[70,107,84,20,61,15,69,82,105,66,98,106,64,62]","[120,133,78,100,74,28,80]","[87,6,132,51,46,43,40,118,45,92,79,93,99]",56789m 33r557789p,46m 778899p 347999s,8m 1238s 47z,2m 22334p 24667s 37z,1,1,2,,0,,,,,,
20260412052922_0100_021,20260412052922_0100,20260412052922,特上卓,2,Fsight,28,8m,tedashi,1775939957,2337.565,,0,,"[60,55,44,68,65,22,27,63,52,47,17,29,33]","[70,107,84,61,15,69,82,105,66,98,106,64,62]","[120,133,78,100,74,28,80,90]","[87,6,132,51,46,43,40,118,45,92,79,93,99]",56789m 33r557789p,4m 778899p 347999s,8m 12358s 47z,2m 22334p 24667s 37z,2,2,,,0,,,,,,
20260412052922_0100_022,20260412052922_0100,20260412052922,特上卓,3,skybit,118,3z,tedashi,1775939960,2779.983,,0,,"[60,55,44,68,65,22,27,63,52,47,17,29,33]","[70,107,84,61,15,69,82,105,66,98,106,64,62]","[120,133,78,100,74,80,90]","[87,6,132,51,46,43,40,118,45,92,79,93,99,101]",56789m 33r557789p,4m 778899p 347999s,12358s 47z,2m 22334p 246678s 37z,2,2,3,,0,,,,,,
20260412052922_0100_023,20260412052922_0100,20260412052922,特上卓,0,s6u,131,6z,tsumogiri,1775939965,5861.299,,0,,"[60,55,44,68,65,22,27,63,52,47,17,29,33,131]","[70,107,84,61,15,69,82,105,66,98,106,64,62]","[120,133,78,100,74,80,90]","[87,6,132,51,46,43,40,45,92,79,93,99,101]",56789m 33r557789p 6z,4m 778899p 347999s,12358s 47z,2m 22334p 246678s 7z,1,1,3,,0,,,,,,
20260412052922_0100_024,20260412052922_0100,20260412052922,特上卓,1,こいきき,37,1p,risekichu_hokan_tsumogiri,1775939968,2270.391,,0,,"[60,55,44,68,65,22,27,63,52,47,17,29,33]","[70,107,84,61,15,69,82,105,66,98,106,64,62,37]","[120,133,78,100,74,80,90]","[87,6,132,51,46,43,40,45,92,79,93,99,101]",56789m 33r557789p,4m 1778899p 347999s,12358s 47z,2m 22334p 246678s 7z,1,1,2,,0,,,,,,
20260412052922_0100_025,20260412052922_0100,20260412052922,特上卓,2,Fsight,120,4z,tedashi,1775939971,3171.188,,0,,"[60,55,44,68,65,22,27,63,52,47,17,29,33]","[70,107,84,61,15,69,82,105,66,98,106,64,62]","[120,133,78,100,74,80,90,112]","[87,6,132,51,46,43,40,45,92,79,93,99,101]",56789m 33r557789p,4m 778899p 347999s,12358s 247z,2m 22334p 246678s 7z,2,2,,,0,,,,,,
20260412052922_0100_026,20260412052922_0100,20260412052922,特上卓,3,skybit,51,4p,tedashi,1775939979,8050.128,,3,1897.193,"[60,55,44,68,65,22,27,63,52,47,17,29,33]","[70,107,84,61,15,69,82,105,66,98,106,64,62]","[133,78,100,74,80,90,112]","[87,6,132,51,46,43,40,45,92,79,93,99,101,115]",56789m 33r557789p,4m 778899p 347999s,12358s 27z,2m 22334p 246678s 27z,2,2,3,,0,,,,,,
20260412052922_0100_027,20260412052922_0100,20260412052922,特上卓,0,s6u,33,9m,tedashi,1775939985,4090.25,,0,,"[60,55,44,68,65,22,27,63,52,47,17,29,33,30]","[70,107,84,61,15,69,82,105,66,98,106,64,62]","[133,78,100,74,80,90,112]","[87,6,132,46,43,40,45,92,79,93,99,101,115]",567889m 33r557789p,4m 778899p 347999s,12358s 27z,2m 2233p 246678s 27z,1,1,2,,0,,,,,,
20260412052922_0100_028,20260412052922_0100,20260412052922,特上卓,1,こいきき,15,4m,tedashi,1775939988,3527.525,,0,,"[60,55,44,68,65,22,27,63,52,47,17,29,30]","[70,107,84,61,15,69,82,105,66,98,106,64,62,114]","[133,78,100,74,80,90,112]","[87,6,132,46,43,40,45,92,79,93,99,101,115]",56788m 33r557789p,4m 778899p 347999s 2z,12358s 27z,2m 2233p 246678s 27z,1,1,2,,0,,,,,,
20260412052922_0100_029,20260412052922_0100,20260412052922,特上卓,2,Fsight,36,1p,risekichu_hokan_tsumogiri,1775939991,2154.668,,3,1137.066,"[60,55,44,68,65,22,27,63,52,47,17,29,30]","[70,107,84,61,69,82,105,66,98,106,64,62,114]","[133,78,100,74,80,90,112,36]","[87,6,132,46,43,40,45,92,79,93,99,101,115]",56788m 33r557789p,778899p 347999s 2z,1p 12358s 27z,2m 2233p 246678s 27z,2,2,,,0,,,,,,
20260412052922_0100_030,20260412052922_0100,20260412052922,特上卓,3,skybit,45,3p,tedashi,1775939999,7159.515,,2,2635.398,"[60,55,44,68,65,22,27,63,52,47,17,29,30]","[70,107,84,61,69,82,105,66,98,106,64,62,114]","[133,78,100,74,80,90,112]","[87,6,132,46,43,40,45,92,79,93,99,101,115,103]",56788m 33r557789p,778899p 347999s 2z,12358s 27z,2m 2233p 2466788s 27z,2,2,2,,0,,,,,,
20260412052922_0100_031,20260412052922_0100,20260412052922,特上卓,0,s6u,65,8p,tedashi,1775940003,1832.737,,6,351.473,"[60,55,68,65,22,27,63,52,17,29,30]","[70,107,84,61,69,82,105,66,98,106,64,62,114]","[133,78,100,74,80,90,112]","[87,6,132,46,43,40,92,79,93,99,101,115,103]",56788m r557789p,778899p 347999s 2z,12358s 27z,2m 223p 2466788s 27z,0,0,,,0,,,,,,
20260412052922_0100_032,20260412052922_0100,20260412052922,特上卓,1,こいきき,53,5p,risekichu_hokan_tsumogiri,1775940006,1893.806,,2,1071.483,"[60,55,68,22,27,63,52,17,29,30]","[70,107,84,61,69,82,105,66,98,106,64,62,114,53]","[133,78,100,74,80,90,112]","[87,6,132,46,43,40,92,79,93,99,101,115,103]",56788m r55779p,5778899p 347999s 2z,12358s 27z,2m 223p 2466788s 27z,1,1,2,,0,,,,,,
20260412052922_0100_033,20260412052922_0100,20260412052922,特上卓,0,s6u,68,9p,tedashi,1775940007,759.778,,6,229.129,"[60,68,22,27,63,17,29,30]","[70,107,84,61,69,82,105,66,98,106,64,62,114]","[133,78,100,74,80,90,112]","[87,6,132,46,43,40,92,79,93,99,101,115,103]",56788m 779p,778899p 347999s 2z,12358s 27z,2m 223p 2466788s 27z,0,0,,8m 7p,0,,,,,,
20260412052922_0100_034,20260412052922_0100,20260412052922,特上卓,1,こいきき,32,9m,risekichu_hokan_tsumogiri,1775940009,1501.647,,0,,"[60,22,27,63,17,29,30]","[70,107,84,61,69,82,105,66,98,106,64,62,114,32]","[133,78,100,74,80,90,112]","[87,6,132,46,43,40,92,79,93,99,101,115,103]",56788m 77p,9m 778899p 347999s 2z,12358s 27z,2m 223p 2466788s 27z,1,1,2,,0,,,,,,
20260412052922_0100_035,20260412052922_0100,20260412052922,特上卓,2,Fsight,112,2z,tedashi,1775940012,2369.383,,0,,"[60,22,27,63,17,29,30]","[70,107,84,61,69,82,105,66,98,106,64,62,114]","[133,78,100,74,80,90,112,77]","[87,6,132,46,43,40,92,79,93,99,101,115,103]",56788m 77p,778899p 347999s 2z,122358s 27z,2m 223p 2466788s 27z,2,2,,,0,,,,,,
20260412052922_0100_036,20260412052922_0100,20260412052922,特上卓,3,skybit,115,2z,tedashi,1775940016,4557.007,,0,,"[60,22,27,63,17,29,30]","[70,107,84,61,69,82,105,66,98,106,64,62,114]","[133,78,100,74,80,90,77]","[87,6,132,46,43,40,92,79,93,99,101,115,103,97]",56788m 77p,778899p 347999s 2z,122358s 7z,2m 223p 24667788s 27z,2,2,2,,0,,,,,,
20260412052922_0100_037,20260412052922_0100,20260412052922,特上卓,0,s6u,128,6z,tsumogiri,1775940017,1339.777,,0,,"[60,22,27,63,17,29,30,128]","[70,107,84,61,69,82,105,66,98,106,64,62,114]","[133,78,100,74,80,90,77]","[87,6,132,46,43,40,92,79,93,99,101,103,97]",56788m 77p 6z,778899p 347999s 2z,122358s 7z,2m 223p 24667788s 7z,0,0,,8m 7p,0,,,,,,
20260412052922_0100_038,20260412052922_0100,20260412052922,特上卓,1,こいきき,114,2z,tedashi,1775940040,22928.968,,0,,"[60,22,27,63,17,29,30]","[70,107,84,61,69,82,105,66,98,106,64,62,114,125]","[133,78,100,74,80,90,77]","[87,6,132,46,43,40,92,79,93,99,101,103,97]",56788m 77p,778899p 347999s 25z,122358s 7z,2m 223p 24667788s 7z,1,1,2,,0,,,,,,
20260412052922_0100_039,20260412052922_0100,20260412052922,特上卓,2,Fsight,42,2p,risekichu_hokan_tsumogiri,1775940042,1854.369,,3,1471.55,"[60,22,27,63,17,29,30]","[70,107,84,61,69,82,105,66,98,106,64,62,125]","[133,78,100,74,80,90,77,42]","[87,6,132,46,43,40,92,79,93,99,101,103,97]",56788m 77p,778899p 347999s 5z,2p 122358s 7z,2m 223p 24667788s 7z,2,2,,,0,,,,,,
20260412052922_0100_040,20260412052922_0100,20260412052922,特上卓,3,skybit,46,3p,tedashi,1775940047,3378.413,,0,,"[60,22,27,63,17,29,30]","[70,107,84,61,69,82,105,66,98,106,64,62,125]","[133,78,100,74,80,90,77]","[87,6,132,46,43,40,92,79,93,99,101,103,97,86]",56788m 77p,778899p 347999s 5z,122358s 7z,2m 223p 244667788s 7z,1,2,1,,0,,,,,,
20260412052922_0100_041,20260412052922_0100,20260412052922,特上卓,0,s6u,96,7s,tsumogiri,1775940050,2709.226,,3,1861.388,"[60,22,27,63,17,29,30,96]","[70,107,84,61,69,82,105,66,98,106,64,62,125]","[133,78,100,74,80,90,77]","[87,6,132,43,40,92,79,93,99,101,103,97,86]",56788m 77p 7s,778899p 347999s 5z,122358s 7z,2m 22p 244667788s 7z,0,0,,8m 7p,0,,,,,,
20260412052922_0100_042,20260412052922_0100,20260412052922,特上卓,1,こいきき,125,5z,tedashi,1775940053,1212.453,,0,,"[60,22,27,63,17,29,30]","[70,107,84,61,69,82,105,66,98,106,64,62,125,85]","[133,78,100,74,80,90,77]","[87,6,132,43,40,92,79,93,99,101,103,97,86]",56788m 77p,778899p 3447999s 5z,122358s 7z,2m 22p 244667788s 7z,1,1,1,,0,,,,,,
20260412052922_0100_043,20260412052922_0100,20260412052922,特上卓,2,Fsight,100,8s,tedashi,1775940055,1987.854,,3,1773.014,"[60,22,27,63,17,29,30]","[70,107,84,61,69,82,105,66,98,106,64,62,85]","[133,78,100,74,80,90,77,134]","[87,6,132,43,40,92,79,93,99,101,103,97,86]",56788m 77p,778899p 3447999s,122358s 77z,2m 22p 244667788s 7z,1,1,,,0,,,,,,
20260412052922_0100_044,20260412052922_0100,20260412052922,特上卓,3,skybit,113,2z,risekichu_hokan_tsumogiri,1775940058,1309.254,,0,,"[60,22,27,63,17,29,30]","[70,107,84,61,69,82,105,66,98,106,64,62,85]","[133,78,74,80,90,77,134]","[87,6,132,43,40,92,79,93,99,101,103,97,86,113]",56788m 77p,778899p 3447999s,12235s 77z,2m 22p 244667788s 27z,1,2,1,,0,,,,,,
20260412052922_0100_045,20260412052922_0100,20260412052922,特上卓,0,s6u,30,8m,tedashi,1775940064,5942.325,,0,,"[60,22,27,63,17,29,30,94]","[70,107,84,61,69,82,105,66,98,106,64,62,85]","[133,78,74,80,90,77,134]","[87,6,132,43,40,92,79,93,99,101,103,97,86]",56788m 77p 6s,778899p 3447999s,12235s 77z,2m 22p 244667788s 7z,0,0,,,0,,,,,,
20260412052922_0100_046,20260412052922_0100,20260412052922,特上卓,1,こいきき,48,4p,risekichu_hokan_tsumogiri,1775940067,2821.679,,0,,"[60,22,27,63,17,29,94]","[70,107,84,61,69,82,105,66,98,106,64,62,85,48]","[133,78,74,80,90,77,134]","[87,6,132,43,40,92,79,93,99,101,103,97,86]",5678m 77p 6s,4778899p 3447999s,12235s 77z,2m 22p 244667788s 7z,1,1,1,,0,,,,,,
20260412052922_0100_047,20260412052922_0100,20260412052922,特上卓,2,Fsight,4,2m,risekichu_hokan_tsumogiri,1775940068,1714.303,,0,,"[60,22,27,63,17,29,94]","[70,107,84,61,69,82,105,66,98,106,64,62,85]","[133,78,74,80,90,77,134,4]","[87,6,132,43,40,92,79,93,99,101,103,97,86]",5678m 77p 6s,778899p 3447999s,2m 12235s 77z,2m 22p 244667788s 7z,1,1,,,0,,,,,,
20260412052922_0100_048,20260412052922_0100,20260412052922,特上卓,3,skybit,6,2m,tedashi,1775940073,4299.185,,0,,"[60,22,27,63,17,29,94]","[70,107,84,61,69,82,105,66,98,106,64,62,85]","[133,78,74,80,90,77,134]","[87,6,132,43,40,92,79,93,99,101,103,97,86,59]",5678m 77p 6s,778899p 3447999s,12235s 77z,2m 226p 244667788s 7z,1,2,1,,0,,,,,,
20260412052922_0100_049,20260412052922_0100,20260412052922,特上卓,0,s6u,29,8m,tedashi,1775940077,4176.288,,0,,"[60,22,27,63,17,29,94,135]","[70,107,84,61,69,82,105,66,98,106,64,62,85]","[133,78,74,80,90,77,134]","[87,132,43,40,92,79,93,99,101,103,97,86,59]",5678m 77p 6s 7z,778899p 3447999s,12235s 77z,226p 244667788s 7z,1,1,,,0,,,,,,
20260412052922_0100_050,20260412052922_0100,20260412052922,特上卓,1,こいきき,12,4m,risekichu_hokan_tsumogiri,1775940079,1887.302,,0,,"[60,22,27,63,17,94,135]","[70,107,84,61,69,82,105,66,98,106,64,62,85,12]","[133,78,74,80,90,77,134]","[87,132,43,40,92,79,93,99,101,103,97,86,59]",567m 77p 6s 7z,4m 778899p 3447999s,12235s 77z,226p 244667788s 7z,1,1,1,,0,,,,,,
20260412052922_0100_051,20260412052922_0100,20260412052922,特上卓,2,Fsight,67,8p,risekichu_hokan_tsumogiri,1775940081,2046.573,,6,216.033,"[60,22,27,63,17,94,135]","[70,107,84,61,69,82,105,66,98,106,64,62,85]","[133,78,74,80,90,77,134,67]","[87,132,43,40,92,79,93,99,101,103,97,86,59]",567m 77p 6s 7z,778899p 3447999s,8p 12235s 77z,226p 244667788s 7z,1,1,,,0,,,,,,
20260412052922_0100_052,20260412052922_0100,20260412052922,特上卓,3,skybit,130,6z,risekichu_hokan_tsumogiri,1775940085,3527.666,,0,,"[60,22,27,63,17,94,135]","[70,107,84,61,69,82,105,66,98,106,64,62,85]","[133,78,74,80,90,77,134]","[87,132,43,40,92,79,93,99,101,103,97,86,59,130]",567m 77p 6s 7z,778899p 3447999s,12235s 77z,226p 244667788s 67z,1,2,1,,0,,,,,,
20260412052922_0100_053,20260412052922_0100,20260412052922,特上卓,0,s6u,123,4z,tsumogiri,1775940089,4125.832,,0,,"[60,22,27,63,17,94,135,123]","[70,107,84,61,69,82,105,66,98,106,64,62,85]","[133,78,74,80,90,77,134]","[87,132,43,40,92,79,93,99,101,103,97,86,59]",567m 77p 6s 47z,778899p 3447999s,12235s 77z,226p 244667788s 7z,1,1,,,0,,,,,,
20260412052922_0100_054,20260412052922_0100,20260412052922,特上卓,1,こいきき,5,2m,risekichu_hokan_tsumogiri,1775940091,2681.782,,0,,"[60,22,27,63,17,94,135]","[70,107,84,61,69,82,105,66,98,106,64,62,85,5]","[133,78,74,80,90,77,134]","[87,132,43,40,92,79,93,99,101,103,97,86,59]",567m 77p 6s 7z,2m 778899p 3447999s,12235s 77z,226p 244667788s 7z,1,1,1,,0,,,,,,
20260412052922_0100_055,20260412052922_0100,20260412052922,特上卓,2,Fsight,18,5m,risekichu_hokan_tsumogiri,1775940093,1859.64,,0,,"[60,22,27,63,17,94,135]","[70,107,84,61,69,82,105,66,98,106,64,62,85]","[133,78,74,80,90,77,134,18]","[87,132,43,40,92,79,93,99,101,103,97,86,59]",567m 77p 6s 7z,778899p 3447999s,5m 12235s 77z,226p 244667788s 7z,1,1,,,0,,,,,,
20260412052922_0100_056,20260412052922_0100,20260412052922,特上卓,3,skybit,7,2m,risekichu_hokan_tsumogiri,1775940095,2209.235,,0,,"[60,22,27,63,17,94,135]","[70,107,84,61,69,82,105,66,98,106,64,62,85]","[133,78,74,80,90,77,134]","[87,132,43,40,92,79,93,99,101,103,97,86,59,7]",567m 77p 6s 7z,778899p 3447999s,12235s 77z,2m 226p 244667788s 7z,1,2,1,,0,,,,,,
20260412052922_0100_057,20260412052922_0100,20260412052922,特上卓,0,s6u,129,6z,tsumogiri,1775940102,6389.235,,0,,"[60,22,27,63,17,94,135,129]","[70,107,84,61,69,82,105,66,98,106,64,62,85]","[133,78,74,80,90,77,134]","[87,132,43,40,92,79,93,99,101,103,97,86,59]",567m 77p 6s 67z,778899p 3447999s,12235s 77z,226p 244667788s 7z,1,1,,,0,,,,,,
20260412052922_0100_058,20260412052922_0100,20260412052922,特上卓,1,こいきき,62,7p,tedashi,1775940106,4479.165,,2,5714.225,"[60,22,27,63,17,94,135]","[70,107,84,61,69,82,105,66,98,106,64,62,85,91]","[133,78,74,80,90,77,134]","[87,132,43,40,92,79,93,99,101,103,97,86,59]",567m 77p 6s 7z,778899p 34457999s,12235s 77z,226p 244667788s 7z,0,0,1,,0,,,,,,
20260412052922_0100_059,20260412052922_0100,20260412052922,特上卓,0,s6u,94,6s,tedashi,1775940113,1344.677,,3,2666.762,"[22,27,17,94,135]","[70,107,84,61,69,82,105,66,98,106,64,85,91]","[133,78,74,80,90,77,134]","[87,132,43,40,92,79,93,99,101,103,97,86,59]",567m 6s 7z,78899p 34457999s,12235s 77z,226p 244667788s 7z,0,0,,7z,0,,,,,,
20260412052922_0100_060,20260412052922_0100,20260412052922,特上卓,1,こいきき,66,8p,tedashi,1775940118,1590.094,,0,,"[22,27,17,135]","[70,107,84,61,69,82,105,66,98,106,64,85,91,76]","[133,78,74,80,90,77,134]","[87,132,43,40,92,79,93,99,101,103,97,86,59]",567m 7z,78899p 234457999s,12235s 77z,226p 244667788s 7z,1,1,2,,0,,,,,,
20260412052922_0100_061,20260412052922_0100,20260412052922,特上卓,2,Fsight,56,6p,risekichu_hokan_tsumogiri,1775940120,1909.59,,0,,"[22,27,17,135]","[70,107,84,61,69,82,105,98,106,64,85,91,76]","[133,78,74,80,90,77,134,56]","[87,132,43,40,92,79,93,99,101,103,97,86,59]",567m 7z,7899p 234457999s,6p 12235s 77z,226p 244667788s 7z,1,1,,,0,,,,,,
20260412052922_0100_062,20260412052922_0100,20260412052922,特上卓,3,skybit,59,6p,tedashi,1775940122,2014.385,,0,,"[22,27,17,135]","[70,107,84,61,69,82,105,98,106,64,85,91,76]","[133,78,74,80,90,77,134]","[87,132,43,40,92,79,93,99,101,103,97,86,59,8]",567m 7z,7899p 234457999s,12235s 77z,3m 226p 244667788s 7z,1,2,1,,0,,,,,,
20260412052922_0100_063,20260412052922_0100,20260412052922,特上卓,0,s6u,39,1p,tsumogiri,1775940124,2655.731,,0,,"[22,27,17,135,39]","[70,107,84,61,69,82,105,98,106,64,85,91,76]","[133,78,74,80,90,77,134]","[87,132,43,40,92,79,93,99,101,103,97,86,8]",567m 1p 7z,7899p 234457999s,12235s 77z,3m 22p 244667788s 7z,0,0,,7z,0,,,,,,
20260412052922_0100_064,20260412052922_0100,20260412052922,特上卓,1,こいきき,70,9p,tedashi,1775940126,1677.629,,0,,"[22,27,17,135]","[70,107,84,61,69,82,105,98,106,64,85,91,76,9]","[133,78,74,80,90,77,134]","[87,132,43,40,92,79,93,99,101,103,97,86,8]",567m 7z,3m 7899p 234457999s,12235s 77z,3m 22p 244667788s 7z,1,1,3,,0,,,,,,
20260412052922_0100_065,20260412052922_0100,20260412052922,特上卓,2,Fsight,34,9m,risekichu_hokan_tsumogiri,1775940128,1669.836,,5,2162.081,"[22,27,17,135]","[107,84,61,69,82,105,98,106,64,85,91,76,9]","[133,78,74,80,90,77,134,34]","[87,132,43,40,92,79,93,99,101,103,97,86,8]",567m 7z,3m 789p 234457999s,9m 12235s 77z,3m 22p 244667788s 7z,1,1,,,0,,,,,,
20260412052922_0100_066,20260412052922_0100,20260412052922,特上卓,3,skybit,93,6s,tedashi,1775940143,13162.677,,0,,"[22,27,17,135]","[107,84,61,69,82,105,98,106,64,85,91,76,9]","[133,78,74,80,90,77,134]","[87,132,43,40,92,79,93,99,101,103,97,86,8,25]",567m 7z,3m 789p 234457999s,12235s 77z,37m 22p 244667788s 7z,1,2,1,,0,,,,,,
20260412052922_0100_067,20260412052922_0100,20260412052922,特上卓,0,s6u,41,2p,tsumogiri,1775940147,4461.108,,3,1684.931,"[22,27,17,135,41]","[107,84,61,69,82,105,98,106,64,85,91,76,9]","[133,78,74,80,90,77,134]","[87,132,43,40,92,79,99,101,103,97,86,8,25]",567m 2p 7z,3m 789p 234457999s,12235s 77z,37m 22p 24467788s 7z,0,0,,7z,0,,,,,,
20260412052922_0100_068,20260412052922_0100,20260412052922,特上卓,1,こいきき,9,3m,tedashi,1775940152,3089.737,,0,,"[22,27,17,135]","[107,84,61,69,82,105,98,106,64,85,91,76,9,19]","[133,78,74,80,90,77,134]","[87,132,43,40,92,79,99,101,103,97,86,8,25]",567m 7z,35m 789p 234457999s,12235s 77z,37m 22p 24467788s 7z,1,1,4,,0,,,,,,
20260412052922_0100_069,20260412052922_0100,20260412052922,特上卓,2,Fsight,0,1m,risekichu_hokan_tsumogiri,1775940154,1599.566,,0,,"[22,27,17,135]","[107,84,61,69,82,105,98,106,64,85,91,76,19]","[133,78,74,80,90,77,134,0]","[87,132,43,40,92,79,99,101,103,97,86,8,25]",567m 7z,5m 789p 234457999s,1m 12235s 77z,37m 22p 24467788s 7z,1,1,,,0,,,,,,
20260412052922_0100_070,20260412052922_0100,20260412052922,特上卓,3,skybit,10,3m,risekichu_hokan_tsumogiri,1775940158,4122.105,,0,,"[22,27,17,135]","[107,84,61,69,82,105,98,106,64,85,91,76,19]","[133,78,74,80,90,77,134]","[87,132,43,40,92,79,99,101,103,97,86,8,25,10]",567m 7z,5m 789p 234457999s,12235s 77z,337m 22p 24467788s 7z,1,2,1,,0,,,,,,
20260412052922_0100_071,20260412052922_0100,20260412052922,特上卓,0,s6u,27,7m,tedashi,1775940161,3353.821,,0,,"[22,27,17,135,13]","[107,84,61,69,82,105,98,106,64,85,91,76,19]","[133,78,74,80,90,77,134]","[87,132,43,40,92,79,99,101,103,97,86,8,25]",4567m 7z,5m 789p 234457999s,12235s 77z,37m 22p 24467788s 7z,0,0,,7z,0,,,,,,
20260412052922_0100_072,20260412052922_0100,20260412052922,特上卓,1,こいきき,31,8m,risekichu_hokan_tsumogiri,1775940164,2480.752,,0,,"[22,17,135,13]","[107,84,61,69,82,105,98,106,64,85,91,76,19,31]","[133,78,74,80,90,77,134]","[87,132,43,40,92,79,99,101,103,97,86,8,25]",456m 7z,58m 789p 234457999s,12235s 77z,37m 22p 24467788s 7z,1,1,4,,0,,,,,,
20260412052922_0100_073,20260412052922_0100,20260412052922,特上卓,2,Fsight,74,1s,tedashi,1775940167,3002.922,,0,,"[22,17,135,13]","[107,84,61,69,82,105,98,106,64,85,91,76,19]","[133,78,74,80,90,77,134,50]","[87,132,43,40,92,79,99,101,103,97,86,8,25]",456m 7z,5m 789p 234457999s,4p 12235s 77z,37m 22p 24467788s 7z,1,1,,,0,,,,,,
20260412052922_0100_074,20260412052922_0100,20260412052922,特上卓,3,skybit,110,1z,risekichu_hokan_tsumogiri,1775940170,3722.206,,0,,"[22,17,135,13]","[107,84,61,69,82,105,98,106,64,85,91,76,19]","[133,78,80,90,77,134,50]","[87,132,43,40,92,79,99,101,103,97,86,8,25,110]",456m 7z,5m 789p 234457999s,4p 2235s 77z,37m 22p 24467788s 17z,2,3,2,,0,,,,,,
20260412052922_0201_000,20260412052922_0201,20260412052922,特上卓,3,skybit,115,2z,tedashi,1775940179,,,0,,"[47,21,110,64,38,120,24,104,11,90,36,43,97]","[46,51,27,39,45,31,73,57,58,133,23,102,52]","[26,124,134,62,6,54,127,1,75,41,128,106,93]","[67,4,59,35,121,103,25,130,55,44,123,118,115,40]",367m 11238p 579s 14z,678m 1334r566p 18s 7z,127m 257p 169s 5567z,279m 23568p 8s 23446z,4,4,5,,0,,,,,,
20260412052922_0201_001,20260412052922_0201,20260412052922,特上卓,0,s6u,120,4z,tedashi,1775940180,1213.075,,3,1622.707,"[47,21,110,64,38,120,24,104,11,90,36,43,97,85]","[46,51,27,39,45,31,73,57,58,133,23,102,52]","[26,124,134,62,6,54,127,1,75,41,128,106,93]","[67,4,59,35,121,103,25,130,55,44,123,118,40]",367m 11238p 4579s 14z,678m 1334r566p 18s 7z,127m 257p 169s 5567z,279m 23568p 8s 3446z,3,3,5,,0,,,,,,
20260412052922_0201_002,20260412052922_0201,20260412052922,特上卓,1,こいきき,133,7z,tedashi,1775940183,1615.286,,0,,"[47,21,110,64,38,24,104,11,90,36,43,97,85]","[46,51,27,39,45,31,73,57,58,133,23,102,52,107]","[26,124,134,62,6,54,127,1,75,41,128,106,93]","[67,4,59,35,121,103,25,130,55,44,123,118,40]",367m 11238p 4579s 1z,678m 1334r566p 189s 7z,127m 257p 169s 5567z,279m 23568p 8s 3446z,1,1,4,,0,,,,,,
20260412052922_0201_003,20260412052922_0201,20260412052922,特上卓,2,Fsight,41,2p,tedashi,1775940186,2988.048,,0,,"[47,21,110,64,38,24,104,11,90,36,43,97,85]","[46,51,27,39,45,31,73,57,58,23,102,52,107]","[26,124,134,62,6,54,127,1,75,41,128,106,93,32]","[67,4,59,35,121,103,25,130,55,44,123,118,40]",367m 11238p 4579s 1z,678m 1334r566p 189s,1279m 257p 169s 5567z,279m 23568p 8s 3446z,4,4,5,,0,,,,,,
20260412052922_0201_004,20260412052922_0201,20260412052922,特上卓,3,skybit,118,3z,tedashi,1775940189,3388.743,,0,,"[47,21,110,64,38,24,104,11,90,36,43,97,85]","[46,51,27,39,45,31,73,57,58,23,102,52,107]","[26,124,134,62,6,54,127,1,75,128,106,93,32]","[67,4,59,35,121,103,25,130,55,44,123,118,40,3]",367m 11238p 4579s 1z,678m 1334r566p 189s,1279m 57p 169s 5567z,1279m 23568p 8s 3446z,3,3,5,,0,,,,,,
20260412052922_0201_005,20260412052922_0201,20260412052922,特上卓,0,s6u,135,7z,tsumogiri,1775940192,2394.062,,0,,"[47,21,110,64,38,24,104,11,90,36,43,97,85,135]","[46,51,27,39,45,31,73,57,58,23,102,52,107]","[26,124,134,62,6,54,127,1,75,128,106,93,32]","[67,4,59,35,121,103,25,130,55,44,123,40,3]",367m 11238p 4579s 17z,678m 1334r566p 189s,1279m 57p 169s 5567z,1279m 23568p 8s 446z,3,3,5,,0,,,,,,
20260412052922_0201_006,20260412052922_0201,20260412052922,特上卓,1,こいきき,73,1s,tedashi,1775940193,1485.04,,0,,"[47,21,110,64,38,24,104,11,90,36,43,97,85]","[46,51,27,39,45,31,73,57,58,23,102,52,107,88]","[26,124,134,62,6,54,127,1,75,128,106,93,32]","[67,4,59,35,121,103,25,130,55,44,123,40,3]",367m 11238p 4579s 1z,678m 1334r566p 1r589s,1279m 57p 169s 5567z,1279m 23568p 8s 446z,1,1,4,,0,,,,,,
20260412052922_0201_007,20260412052922_0201,20260412052922,特上卓,2,Fsight,54,5p,tedashi,1775940196,2992.017,,0,,"[47,21,110,64,38,24,104,11,90,36,43,97,85]","[46,51,27,39,45,31,57,58,23,102,52,107,88]","[26,124,134,62,6,54,127,1,75,128,106,93,32,30]","[67,4,59,35,121,103,25,130,55,44,123,40,3]",367m 11238p 4579s 1z,678m 1334r566p r589s,12789m 57p 169s 5567z,1279m 23568p 8s 446z,3,3,5,,0,,,,,,
20260412052922_0201_008,20260412052922_0201,20260412052922,特上卓,3,skybit,130,6z,tedashi,1775940199,2522.45,,0,,"[47,21,110,64,38,24,104,11,90,36,43,97,85]","[46,51,27,39,45,31,57,58,23,102,52,107,88]","[26,124,134,62,6,127,1,75,128,106,93,32,30]","[67,4,59,35,121,103,25,130,55,44,123,40,3,63]",367m 11238p 4579s 1z,678m 1334r566p r589s,12789m 7p 169s 5567z,1279m 235678p 8s 446z,2,2,5,,0,,,,,,
20260412052922_0201_009,20260412052922_0201,20260412052922,特上卓,0,s6u,110,1z,tedashi,1775940202,2886.253,,0,,"[47,21,110,64,38,24,104,11,90,36,43,97,85,94]","[46,51,27,39,45,31,57,58,23,102,52,107,88]","[26,124,134,62,6,127,1,75,128,106,93,32,30]","[67,4,59,35,121,103,25,55,44,123,40,3,63]",367m 11238p 45679s 1z,678m 1334r566p r589s,12789m 7p 169s 5567z,1279m 235678p 8s 44z,2,2,5,,0,,,,,,
20260412052922_0201_010,20260412052922_0201,20260412052922,特上卓,1,こいきき,122,4z,risekichu_hokan_tsumogiri,1775940203,1638.494,,6,298.404,"[47,21,64,38,24,104,11,90,36,43,97,85,94]","[46,51,27,39,45,31,57,58,23,102,52,107,88,122]","[26,124,134,62,6,127,1,75,128,106,93,32,30]","[67,4,59,35,121,103,25,55,44,123,40,3,63]",367m 11238p 45679s,678m 1334r566p r589s 4z,12789m 7p 169s 5567z,1279m 235678p 8s 44z,1,1,4,,0,,,,,,
20260412052922_0201_011,20260412052922_0201,20260412052922,特上卓,2,Fsight,134,7z,tedashi,1775940205,1554.292,,0,,"[47,21,64,38,24,104,11,90,36,43,97,85,94]","[46,51,27,39,45,31,57,58,23,102,52,107,88]","[26,124,134,62,6,127,1,75,128,106,93,32,30,80]","[67,4,59,35,121,103,25,55,44,123,40,3,63]",367m 11238p 45679s,678m 1334r566p r589s,12789m 7p 1369s 5567z,1279m 235678p 8s 44z,3,3,5,,0,,,,,,
20260412052922_0201_012,20260412052922_0201,20260412052922,特上卓,3,skybit,112,2z,risekichu_hokan_tsumogiri,1775940207,1625.405,,0,,"[47,21,64,38,24,104,11,90,36,43,97,85,94]","[46,51,27,39,45,31,57,58,23,102,52,107,88]","[26,124,62,6,127,1,75,128,106,93,32,30,80]","[67,4,59,35,121,103,25,55,44,123,40,3,63,112]",367m 11238p 45679s,678m 1334r566p r589s,12789m 7p 1369s 556z,1279m 235678p 8s 244z,2,2,5,,0,,,,,,
20260412052922_0201_013,20260412052922_0201,20260412052922,特上卓,0,s6u,64,8p,tedashi,1775940213,5959.742,,0,,"[47,21,64,38,24,104,11,90,36,43,97,85,94,49]","[46,51,27,39,45,31,57,58,23,102,52,107,88]","[26,124,62,6,127,1,75,128,106,93,32,30,80]","[67,4,59,35,121,103,25,55,44,123,40,3,63]",367m 112348p 45679s,678m 1334r566p r589s,12789m 7p 1369s 556z,1279m 235678p 8s 44z,1,1,5,,0,,,,,,
20260412052922_0201_014,20260412052922_0201,20260412052922,特上卓,1,こいきき,39,1p,tedashi,1775940215,2392.382,,3,3590.526,"[47,21,38,24,104,11,90,36,43,97,85,94,49]","[46,51,27,39,45,31,57,58,23,102,52,107,88,82]","[26,124,62,6,127,1,75,128,106,93,32,30,80]","[67,4,59,35,121,103,25,55,44,123,40,3,63]",367m 11234p 45679s,678m 1334r566p 3r589s,12789m 7p 1369s 556z,1279m 235678p 8s 44z,1,1,4,,0,,,,,,
20260412052922_0201_015,20260412052922_0201,20260412052922,特上卓,2,Fsight,128,6z,tedashi,1775940220,1472.498,,0,,"[47,21,38,24,104,11,90,36,43,97,85,94,49]","[46,51,27,45,31,57,58,23,102,52,107,88,82]","[26,124,62,6,127,1,75,128,106,93,32,30,80,56]","[67,4,59,35,121,103,25,55,44,123,40,3,63]",367m 11234p 45679s,678m 334r566p 3r589s,12789m 67p 1369s 556z,1279m 235678p 8s 44z,2,2,5,,0,,,,,,
20260412052922_0201_016,20260412052922_0201,20260412052922,特上卓,3,skybit,108,1z,risekichu_hokan_tsumogiri,1775940223,2479.269,,0,,"[47,21,38,24,104,11,90,36,43,97,85,94,49]","[46,51,27,45,31,57,58,23,102,52,107,88,82]","[26,124,62,6,127,1,75,106,93,32,30,80,56]","[67,4,59,35,121,103,25,55,44,123,40,3,63,108]",367m 11234p 45679s,678m 334r566p 3r589s,12789m 67p 1369s 55z,1279m 235678p 8s 144z,2,2,5,,0,,,,,,
20260412052922_0201_017,20260412052922_0201,20260412052922,特上卓,0,s6u,74,1s,tsumogiri,1775940224,1628.631,,0,,"[47,21,38,24,104,11,90,36,43,97,85,94,49,74]","[46,51,27,45,31,57,58,23,102,52,107,88,82]","[26,124,62,6,127,1,75,106,93,32,30,80,56]","[67,4,59,35,121,103,25,55,44,123,40,3,63]",367m 11234p 145679s,678m 334r566p 3r589s,12789m 67p 1369s 55z,1279m 235678p 8s 44z,1,1,5,,0,,,,,,
20260412052922_0201_018,20260412052922_0201,20260412052922,特上卓,1,こいきき,107,9s,tedashi,1775940227,2925.923,,0,,"[47,21,38,24,104,11,90,36,43,97,85,94,49]","[46,51,27,45,31,57,58,23,102,52,107,88,82,81]","[26,124,62,6,127,1,75,106,93,32,30,80,56]","[67,4,59,35,121,103,25,55,44,123,40,3,63]",367m 11234p 45679s,678m 334r566p 33r589s,12789m 67p 1369s 55z,1279m 235678p 8s 44z,1,1,3,,0,,,,,,
20260412052922_0201_019,20260412052922_0201,20260412052922,特上卓,2,Fsight,93,6s,tedashi,1775940230,2887.156,,0,,"[47,21,38,24,104,11,90,36,43,97,85,94,49]","[46,51,27,45,31,57,58,23,102,52,88,82,81]","[26,124,62,6,127,1,75,106,93,32,30,80,56,101]","[67,4,59,35,121,103,25,55,44,123,40,3,63]",367m 11234p 45679s,678m 334r566p 33r58s,12789m 67p 13689s 55z,1279m 235678p 8s 44z,2,2,5,,0,,,,,,
20260412052922_0201_020,20260412052922_0201,20260412052922,特上卓,3,skybit,35,9m,tedashi,1775940233,2467.294,,0,,"[47,21,38,24,104,11,90,36,43,97,85,94,49]","[46,51,27,45,31,57,58,23,102,52,88,82,81]","[26,124,62,6,127,1,75,106,32,30,80,56,101]","[67,4,59,35,121,103,25,55,44,123,40,3,63,20]",367m 11234p 45679s,678m 334r566p 33r58s,12789m 67p 1389s 55z,12679m 235678p 8s 44z,2,2,5,,0,,,,,,
20260412052922_0201_021,20260412052922_0201,20260412052922,特上卓,0,s6u,33,9m,tsumogiri,1775940237,4219.536,,3,893.092,"[47,21,38,24,104,11,90,36,43,97,85,94,49,33]","[46,51,27,45,31,57,58,23,102,52,88,82,81]","[26,124,62,6,127,1,75,106,32,30,80,56,101]","[67,4,59,121,103,25,55,44,123,40,3,63,20]",3679m 11234p 45679s,678m 334r566p 33r58s,12789m 67p 1389s 55z,1267m 235678p 8s 44z,1,1,5,,0,,,,,,
20260412052922_0201_022,20260412052922_0201,20260412052922,特上卓,1,こいきき,82,3s,tedashi,1775940242,4415.987,,0,,"[47,21,38,24,104,11,90,36,43,97,85,94,49]","[46,51,27,45,31,57,58,23,102,52,88,82,81,105]","[26,124,62,6,127,1,75,106,32,30,80,56,101]","[67,4,59,121,103,25,55,44,123,40,3,63,20]",367m 11234p 45679s,678m 334r566p 33r589s,12789m 67p 1389s 55z,1267m 235678p 8s 44z,1,1,3,,0,,,,,,
20260412052922_0201_023,20260412052922_0201,20260412052922,特上卓,2,Fsight,19,5m,risekichu_hokan_tsumogiri,1775940244,2353.256,,6,239.063,"[47,21,38,24,104,11,90,36,43,97,85,94,49]","[46,51,27,45,31,57,58,23,102,52,88,81,105]","[26,124,62,6,127,1,75,106,32,30,80,56,101,19]","[67,4,59,121,103,25,55,44,123,40,3,63,20]",367m 11234p 45679s,678m 334r566p 3r589s,125789m 67p 1389s 55z,1267m 235678p 8s 44z,2,2,5,,0,,,,,,
20260412052922_0201_024,20260412052922_0201,20260412052922,特上卓,3,skybit,114,2z,risekichu_hokan_tsumogiri,1775940246,1467.902,,0,,"[47,21,38,24,104,11,90,36,43,97,85,94,49]","[46,51,27,45,31,57,58,23,102,52,88,81,105]","[26,124,62,6,127,1,75,106,32,30,80,56,101]","[67,4,59,121,103,25,55,44,123,40,3,63,20,114]",367m 11234p 45679s,678m 334r566p 3r589s,12789m 67p 1389s 55z,1267m 235678p 8s 244z,2,2,5,,0,,,,,,
20260412052922_0201_025,20260412052922_0201,20260412052922,特上卓,0,s6u,11,3m,tedashi,1775940251,5050.982,,0,,"[47,21,38,24,104,11,90,36,43,97,85,94,49,84]","[46,51,27,45,31,57,58,23,102,52,88,81,105]","[26,124,62,6,127,1,75,106,32,30,80,56,101]","[67,4,59,121,103,25,55,44,123,40,3,63,20]",367m 11234p 445679s,678m 334r566p 3r589s,12789m 67p 1389s 55z,1267m 235678p 8s 44z,1,1,4,,0,,,,,,
20260412052922_0201_026,20260412052922_0201,20260412052922,特上卓,1,こいきき,68,9p,risekichu_hokan_tsumogiri,1775940253,1748.549,,0,,"[47,21,38,24,104,90,36,43,97,85,94,49,84]","[46,51,27,45,31,57,58,23,102,52,88,81,105,68]","[26,124,62,6,127,1,75,106,32,30,80,56,101]","[67,4,59,121,103,25,55,44,123,40,3,63,20]",67m 11234p 445679s,678m 334r5669p 3r589s,12789m 67p 1389s 55z,1267m 235678p 8s 44z,1,1,4,,0,,,,,,
20260412052922_0201_027,20260412052922_0201,20260412052922,特上卓,2,Fsight,17,5m,risekichu_hokan_tsumogiri,1775940255,2123.636,,6,332.062,"[47,21,38,24,104,90,36,43,97,85,94,49,84]","[46,51,27,45,31,57,58,23,102,52,88,81,105]","[26,124,62,6,127,1,75,106,32,30,80,56,101,17]","[67,4,59,121,103,25,55,44,123,40,3,63,20]",67m 11234p 445679s,678m 334r566p 3r589s,125789m 67p 1389s 55z,1267m 235678p 8s 44z,2,2,5,,0,,,,,,
20260412052922_0201_028,20260412052922_0201,20260412052922,特上卓,3,skybit,132,7z,risekichu_hokan_tsumogiri,1775940257,1466.198,,0,,"[47,21,38,24,104,90,36,43,97,85,94,49,84]","[46,51,27,45,31,57,58,23,102,52,88,81,105]","[26,124,62,6,127,1,75,106,32,30,80,56,101]","[67,4,59,121,103,25,55,44,123,40,3,63,20,132]",67m 11234p 445679s,678m 334r566p 3r589s,12789m 67p 1389s 55z,1267m 235678p 8s 447z,2,2,5,,0,,,,,,
20260412052922_0201_029,20260412052922_0201,20260412052922,特上卓,0,s6u,85,4s,tedashi,1775940261,684.535,3411.606,2,1847.008,"[47,21,38,24,104,90,36,43,97,85,94,49,84,100]","[46,51,27,45,31,57,58,23,102,52,88,81,105]","[26,124,62,6,127,1,75,106,32,30,80,56,101]","[67,4,59,121,103,25,55,44,123,40,3,63,20]",67m 11234p 4456789s,678m 334r566p 3r589s,12789m 67p 1389s 55z,1267m 235678p 8s 44z,0,0,4,58m,0,,,,,,
20260412052922_0201_030,20260412052922_0201,20260412052922,特上卓,1,こいきき,105,9s,tedashi,1775940264,1460.951,,0,,"[47,21,38,24,104,90,36,43,97,94,49,84,100]","[46,51,27,45,31,57,58,23,102,52,105]","[26,124,62,6,127,1,75,106,32,30,80,56,101]","[67,4,59,121,103,25,55,44,123,40,3,63,20]",67m 11234p 456789s,678m 334r566p 89s,12789m 67p 1389s 55z,1267m 235678p 8s 44z,0,0,,,0,,,,,,
20260412052922_0201_031,20260412052922_0201,20260412052922,特上卓,2,Fsight,75,1s,tedashi,1775940267,2498.451,,0,,"[47,21,38,24,104,90,36,43,97,94,49,84,100]","[46,51,27,45,31,57,58,23,102,52]","[26,124,62,6,127,1,75,106,32,30,80,56,101,119]","[67,4,59,121,103,25,55,44,123,40,3,63,20]",67m 11234p 456789s,678m 334r566p 8s,12789m 67p 1389s 355z,1267m 235678p 8s 44z,2,2,5,,0,,,,,,
20260412052922_0201_032,20260412052922_0201,20260412052922,特上卓,3,skybit,72,1s,risekichu_hokan_tsumogiri,1775940269,2038.319,,0,,"[47,21,38,24,104,90,36,43,97,94,49,84,100]","[46,51,27,45,31,57,58,23,102,52]","[26,124,62,6,127,1,106,32,30,80,56,101,119]","[67,4,59,121,103,25,55,44,123,40,3,63,20,72]",67m 11234p 456789s,678m 334r566p 8s,12789m 67p 389s 355z,1267m 235678p 18s 44z,2,2,5,,0,,,,,,
20260412052922_0201_033,20260412052922_0201,20260412052922,特上卓,0,s6u,22,6m,tsumogiri,1775940270,717.624,,3,1434.402,"[47,21,38,24,104,90,36,43,97,94,49,84,100,22]","[46,51,27,45,31,57,58,23,102,52]","[26,124,62,6,127,1,106,32,30,80,56,101,119]","[67,4,59,121,103,25,55,44,123,40,3,63,20]",667m 11234p 456789s,678m 334r566p 8s,12789m 67p 389s 355z,1267m 235678p 8s 44z,0,0,4,58m,1,,,,,,
20260412052922_0201_034,20260412052922_0201,20260412052922,特上卓,1,こいきき,57,6p,tedashi,1775940275,4507.217,,0,,"[47,21,38,24,104,90,36,43,97,94,49,84,100]","[46,51,27,45,31,57,58,23,102,52,95]","[26,124,62,6,127,1,106,32,30,80,56,101,119]","[67,4,59,121,103,25,55,44,123,40,3,63,20]",67m 11234p 456789s,678m 334r566p 68s,12789m 67p 389s 355z,1267m 235678p 8s 44z,0,0,,7s,0,,,,,,
20260412052922_0201_035,20260412052922_0201,20260412052922,特上卓,2,Fsight,32,9m,tedashi,1775940278,2656.499,,0,,"[47,21,38,24,104,90,36,43,97,94,49,84,100]","[46,51,27,45,31,58,23,102,52,95]","[26,124,62,6,127,1,106,32,30,80,56,101,119,65]","[67,4,59,121,103,25,55,44,123,40,3,63,20]",67m 11234p 456789s,678m 334r56p 68s,12789m 678p 389s 355z,1267m 235678p 8s 44z,1,1,5,,0,,,,,,
20260412052922_0201_036,20260412052922_0201,20260412052922,特上卓,3,skybit,123,4z,tedashi,1775940282,4005.409,,0,,"[47,21,38,24,104,90,36,43,97,94,49,84,100]","[46,51,27,45,31,58,23,102,52,95]","[26,124,62,6,127,1,106,30,80,56,101,119,65]","[67,4,59,121,103,25,55,44,123,40,3,63,20,125]",67m 11234p 456789s,678m 334r56p 68s,1278m 678p 389s 355z,1267m 235678p 8s 445z,2,2,5,,0,,,,,,
20260412052922_0201_037,20260412052922_0201,20260412052922,特上卓,0,s6u,13,4m,tsumogiri,1775940283,714.047,,0,,"[47,21,38,24,104,90,36,43,97,94,49,84,100,13]","[46,51,27,45,31,58,23,102,52,95]","[26,124,62,6,127,1,106,30,80,56,101,119,65]","[67,4,59,121,103,25,55,44,40,3,63,20,125]",467m 11234p 456789s,678m 334r56p 68s,1278m 678p 389s 355z,1267m 235678p 8s 45z,0,0,5,58m,0,,,,,,
20260412052922_0201_038,20260412052922_0201,20260412052922,特上卓,1,こいきき,113,2z,risekichu_hokan_tsumogiri,1775940285,1941.149,,0,,"[47,21,38,24,104,90,36,43,97,94,49,84,100]","[46,51,27,45,31,58,23,102,52,95,113]","[26,124,62,6,127,1,106,30,80,56,101,119,65]","[67,4,59,121,103,25,55,44,40,3,63,20,125]",67m 11234p 456789s,678m 334r56p 68s 2z,1278m 678p 389s 355z,1267m 235678p 8s 45z,0,0,,7s,0,,,,,,
20260412052922_0201_039,20260412052922_0201,20260412052922,特上卓,2,Fsight,119,3z,tedashi,1775940287,1848.423,,0,,"[47,21,38,24,104,90,36,43,97,94,49,84,100]","[46,51,27,45,31,58,23,102,52,95]","[26,124,62,6,127,1,106,30,80,56,101,119,65,69]","[67,4,59,121,103,25,55,44,40,3,63,20,125]",67m 11234p 456789s,678m 334r56p 68s,1278m 6789p 389s 355z,1267m 235678p 8s 45z,2,2,5,,0,,,,,,
20260412052922_0201_040,20260412052922_0201,20260412052922,特上卓,3,skybit,121,4z,tedashi,1775940289,2655.67,,0,,"[47,21,38,24,104,90,36,43,97,94,49,84,100]","[46,51,27,45,31,58,23,102,52,95]","[26,124,62,6,127,1,106,30,80,56,101,65,69]","[67,4,59,121,103,25,55,44,40,3,63,20,125,83]",67m 11234p 456789s,678m 334r56p 68s,1278m 6789p 389s 55z,1267m 235678p 38s 45z,3,3,6,,0,,,,,,
20260412052922_0300_000,20260412052922_0300,20260412052922,特上卓,0,s6u,63,7p,tedashi,1775940303,,,0,,"[132,34,12,134,63,116,0,6,15,69,95,20,97,35]","[92,94,45,4,126,67,30,50,76,40,65,38,87]","[58,52,83,93,22,36,119,41,104,120,130,122,25]","[17,91,115,31,75,54,72,9,133,121,96,49,19]",1244699m 79p 67s 377z,28m 123488p 2466s 5z,67m 12r56p 369s 3446z,3558m 45p 1157s 247z,3,3,3,,0,,,,,,
20260412052922_0300_001,20260412052922_0300,20260412052922,特上卓,1,こいきき,126,5z,tedashi,1775940306,3087.708,,0,,"[132,34,12,134,116,0,6,15,69,95,20,97,35]","[92,94,45,4,126,67,30,50,76,40,65,38,87,33]","[58,52,83,93,22,36,119,41,104,120,130,122,25]","[17,91,115,31,75,54,72,9,133,121,96,49,19]",1244699m 9p 67s 377z,289m 123488p 2466s 5z,67m 12r56p 369s 3446z,3558m 45p 1157s 247z,2,2,4,,0,,,,,,
20260412052922_0300_002,20260412052922_0300,20260412052922,特上卓,2,Fsight,104,9s,tedashi,1775940308,1672.021,,0,,"[132,34,12,134,116,0,6,15,69,95,20,97,35]","[92,94,45,4,67,30,50,76,40,65,38,87,33]","[58,52,83,93,22,36,119,41,104,120,130,122,25,135]","[17,91,115,31,75,54,72,9,133,121,96,49,19]",1244699m 9p 67s 377z,289m 123488p 2466s,67m 12r56p 369s 34467z,3558m 45p 1157s 247z,4,4,5,,0,,,,,,
20260412052922_0300_003,20260412052922_0300,20260412052922,特上卓,3,skybit,115,2z,tedashi,1775940310,1700.099,,0,,"[132,34,12,134,116,0,6,15,69,95,20,97,35]","[92,94,45,4,67,30,50,76,40,65,38,87,33]","[58,52,83,93,22,36,119,41,120,130,122,25,135]","[17,91,115,31,75,54,72,9,133,121,96,49,19,82]",1244699m 9p 67s 377z,289m 123488p 2466s,67m 12r56p 36s 34467z,3558m 45p 11357s 247z,4,4,4,,0,,,,,,
20260412052922_0300_004,20260412052922_0300,20260412052922,特上卓,0,s6u,69,9p,tedashi,1775940311,1397.022,,0,,"[132,34,12,134,116,0,6,15,69,95,20,97,35,11]","[92,94,45,4,67,30,50,76,40,65,38,87,33]","[58,52,83,93,22,36,119,41,120,130,122,25,135]","[17,91,31,75,54,72,9,133,121,96,49,19,82]",12344699m 9p 67s 377z,289m 123488p 2466s,67m 12r56p 36s 34467z,3558m 45p 11357s 47z,2,2,3,,0,,,,,,
20260412052922_0300_005,20260412052922_0300,20260412052922,特上卓,1,こいきき,38,1p,tedashi,1775940313,1740.126,,0,,"[132,34,12,134,116,0,6,15,95,20,97,35,11]","[92,94,45,4,67,30,50,76,40,65,38,87,33,16]","[58,52,83,93,22,36,119,41,120,130,122,25,135]","[17,91,31,75,54,72,9,133,121,96,49,19,82]",12344699m 67s 377z,2r589m 123488p 2466s,67m 12r56p 36s 34467z,3558m 45p 11357s 47z,2,2,4,,0,,,,,,
20260412052922_0300_006,20260412052922_0300,20260412052922,特上卓,2,Fsight,135,7z,tedashi,1775940315,1842.49,,2,1090.113,"[132,34,12,134,116,0,6,15,95,20,97,35,11]","[92,94,45,4,67,30,50,76,40,65,87,33,16]","[58,52,83,93,22,36,119,41,120,130,122,25,135,37]","[17,91,31,75,54,72,9,133,121,96,49,19,82]",12344699m 67s 377z,2r589m 23488p 2466s,67m 112r56p 36s 34467z,3558m 45p 11357s 47z,4,4,4,,0,,,,,,
20260412052922_0300_007,20260412052922_0300,20260412052922,特上卓,0,s6u,116,3z,tedashi,1775940317,958.173,,0,,"[34,12,116,0,6,15,95,20,97,35,11]","[92,94,45,4,67,30,50,76,40,65,87,33,16]","[58,52,83,93,22,36,119,41,120,130,122,25,37]","[17,91,31,75,54,72,9,133,121,96,49,19,82]",12344699m 67s 3z,2r589m 23488p 2466s,67m 112r56p 36s 3446z,3558m 45p 11357s 47z,1,1,,,0,,,,,,
20260412052922_0300_008,20260412052922_0300,20260412052922,特上卓,1,こいきき,30,8m,tedashi,1775940318,1622.559,,6,369.173,"[34,12,0,6,15,95,20,97,35,11]","[92,94,45,4,67,30,50,76,40,65,87,33,16,113]","[58,52,83,93,22,36,119,41,120,130,122,25,37]","[17,91,31,75,54,72,9,133,121,96,49,19,82]",12344699m 67s,2r589m 23488p 2466s 2z,67m 112r56p 36s 3446z,3558m 45p 11357s 47z,2,2,4,,0,,,,,,
20260412052922_0300_009,20260412052922_0300,20260412052922,特上卓,2,Fsight,119,3z,tedashi,1775940320,1520.217,,0,,"[34,12,0,6,15,95,20,97,35,11]","[92,94,45,4,67,50,76,40,65,87,33,16,113]","[58,52,83,93,22,36,119,41,120,130,122,25,37,103]","[17,91,31,75,54,72,9,133,121,96,49,19,82]",12344699m 67s,2r59m 23488p 2466s 2z,67m 112r56p 368s 3446z,3558m 45p 11357s 47z,3,3,4,,0,,,,,,
20260412052922_0300_010,20260412052922_0300,20260412052922,特上卓,3,skybit,133,7z,tedashi,1775940322,1793.061,,0,,"[34,12,0,6,15,95,20,97,35,11]","[92,94,45,4,67,50,76,40,65,87,33,16,113]","[58,52,83,93,22,36,41,120,130,122,25,37,103]","[17,91,31,75,54,72,9,133,121,96,49,19,82,26]",12344699m 67s,2r59m 23488p 2466s 2z,67m 112r56p 368s 446z,35578m 45p 11357s 47z,3,3,4,,0,,,,,,
20260412052922_0300_011,20260412052922_0300,20260412052922,特上卓,0,s6u,80,3s,tsumogiri,1775940324,1443.284,,6,265.593,"[34,12,0,6,15,95,20,97,35,11,80]","[92,94,45,4,67,50,76,40,65,87,33,16,113]","[58,52,83,93,22,36,41,120,130,122,25,37,103]","[17,91,31,75,54,72,9,121,96,49,19,82,26]",12344699m 367s,2r59m 23488p 2466s 2z,67m 112r56p 368s 446z,35578m 45p 11357s 4z,1,1,,,0,,,,,,
20260412052922_0300_012,20260412052922_0300,20260412052922,特上卓,1,こいきき,33,9m,tedashi,1775940325,1280.713,,2,1714.015,"[34,12,0,6,15,95,20,97,35,11]","[92,94,45,4,67,50,76,40,65,87,33,16,113,64]","[58,52,83,93,22,36,41,120,130,122,25,37,103]","[17,91,31,75,54,72,9,121,96,49,19,82,26]",12344699m 67s,2r59m 234888p 2466s 2z,67m 112r56p 368s 446z,35578m 45p 11357s 4z,2,2,4,,0,,,,,,
20260412052922_0300_013,20260412052922_0300,20260412052922,特上卓,0,s6u,20,6m,tedashi,1775940328,1334.301,,0,,"[12,0,6,15,95,20,97,11]","[92,94,45,4,67,50,76,40,65,87,16,113,64]","[58,52,83,93,22,36,41,120,130,122,25,37,103]","[17,91,31,75,54,72,9,121,96,49,19,82,26]",123446m 67s,2r5m 234888p 2466s 2z,67m 112r56p 368s 446z,35578m 45p 11357s 4z,0,0,,58s,0,,,,,,
20260412052922_0300_014,20260412052922_0300,20260412052922,特上卓,1,こいきき,4,2m,tedashi,1775940330,1436.766,,0,,"[12,0,6,15,95,97,11]","[92,94,45,4,67,50,76,40,65,87,16,113,64,46]","[58,52,83,93,22,36,41,120,130,122,25,37,103]","[17,91,31,75,54,72,9,121,96,49,19,82,26]",12344m 67s,2r5m 2334888p 2466s 2z,67m 112r56p 368s 446z,35578m 45p 11357s 4z,2,2,3,,0,,,,,,
20260412052922_0300_015,20260412052922_0300,20260412052922,特上卓,2,Fsight,130,6z,tedashi,1775940331,1534.47,,0,,"[12,0,6,15,95,97,11]","[92,94,45,67,50,76,40,65,87,16,113,64,46]","[58,52,83,93,22,36,41,120,130,122,25,37,103,77]","[17,91,31,75,54,72,9,121,96,49,19,82,26]",12344m 67s,r5m 2334888p 2466s 2z,67m 112r56p 2368s 446z,35578m 45p 11357s 4z,3,3,4,,0,,,,,,
20260412052922_0300_016,20260412052922_0300,20260412052922,特上卓,3,skybit,121,4z,tedashi,1775940336,4372.628,,3,585.286,"[12,0,6,15,95,97,11]","[92,94,45,67,50,76,40,65,87,16,113,64,46]","[58,52,83,93,22,36,41,120,122,25,37,103,77]","[17,91,31,75,54,72,9,121,96,49,19,82,26,98]",12344m 67s,r5m 2334888p 2466s 2z,67m 112r56p 2368s 44z,35578m 45p 113577s 4z,3,3,3,,0,,,,,,
20260412052922_0300_017,20260412052922_0300,20260412052922,特上卓,0,s6u,53,5p,tsumogiri,1775940337,841.703,,3,958.693,"[12,0,6,15,95,97,11,53]","[92,94,45,67,50,76,40,65,87,16,113,64,46]","[58,52,83,93,22,36,41,120,122,25,37,103,77]","[17,91,31,75,54,72,9,96,49,19,82,26,98]",12344m 5p 67s,r5m 2334888p 2466s 2z,67m 112r56p 2368s 44z,35578m 45p 113577s,0,0,,58s,0,,,,,,
20260412052922_0300_018,20260412052922_0300,20260412052922,特上卓,1,こいきき,113,2z,tedashi,1775940339,959.804,,0,,"[12,0,6,15,95,97,11]","[92,94,45,67,50,76,40,65,87,16,113,64,46,79]","[58,52,83,93,22,36,41,120,122,25,37,103,77]","[17,91,31,75,54,72,9,96,49,19,82,26,98]",12344m 67s,r5m 2334888p 22466s 2z,67m 112r56p 2368s 44z,35578m 45p 113577s,2,2,2,,0,,,,,,
20260412052922_0300_019,20260412052922_0300,20260412052922,特上卓,2,Fsight,93,6s,tedashi,1775940342,2959.522,,2,1100.76,"[12,0,6,15,95,97,11]","[92,94,45,67,50,76,40,65,87,16,64,46,79]","[58,52,83,93,22,36,41,120,122,25,37,103,77,14]","[17,91,31,75,54,72,9,96,49,19,82,26,98]",12344m 67s,r5m 2334888p 22466s,467m 112r56p 2368s 44z,35578m 45p 113577s,3,3,4,,0,,,,,,
20260412052922_0300_020,20260412052922_0300,20260412052922,特上卓,1,こいきき,45,3p,tedashi,1775940344,1179.47,,3,620.631,"[12,0,6,15,95,97,11]","[45,67,50,76,40,65,87,16,64,46,79]","[58,52,83,22,36,41,120,122,25,37,103,77,14]","[17,91,31,75,54,72,9,96,49,19,82,26,98]",12344m 67s,r5m 2334888p 224s,467m 112r56p 238s 44z,35578m 45p 113577s,1,1,,,0,,,,,,
20260412052922_0300_021,20260412052922_0300,20260412052922,特上卓,2,Fsight,103,8s,tedashi,1775940346,1340.378,,0,,"[12,0,6,15,95,97,11]","[67,50,76,40,65,87,16,64,46,79]","[58,52,83,22,36,41,120,122,25,37,103,77,14,105]","[17,91,31,75,54,72,9,96,49,19,82,26,98]",12344m 67s,r5m 234888p 224s,467m 112r56p 2389s 44z,35578m 45p 113577s,3,3,4,,0,,,,,,
20260412052922_0301_000,20260412052922_0301,20260412052922,特上卓,0,s6u,39,1p,tsumogiri,1775940356,,,6,269.057,"[66,128,132,53,109,50,55,8,5,78,18,85,28,39]","[4,102,19,37,6,77,91,131,46,42,23,99,57]","[49,70,65,64,24,123,115,69,21,40,105,17,100]","[83,30,20,107,84,51,130,3,111,135,110,124,38]",2358m 14558p 24s 167z,2256m 1236p 2578s 6z,567m 248899p 89s 24z,168m 14p 349s 11567z,5,5,5,,0,,,,,,
20260412052922_0301_001,20260412052922_0301,20260412052922,特上卓,1,こいきき,131,6z,tedashi,1775940357,1220.431,,0,,"[66,128,132,53,109,50,55,8,5,78,18,85,28]","[4,102,19,37,6,77,91,131,46,42,23,99,57,67]","[49,70,65,64,24,123,115,69,21,40,105,17,100]","[83,30,20,107,84,51,130,3,111,135,110,124,38]",2358m 4558p 24s 167z,2256m 12368p 2578s 6z,567m 248899p 89s 24z,168m 14p 349s 11567z,2,2,5,,0,,,,,,
20260412052922_0301_002,20260412052922_0301,20260412052922,特上卓,2,Fsight,118,3z,risekichu_hokan_tsumogiri,1775940357,0.0,,0,,"[66,128,132,53,109,50,55,8,5,78,18,85,28]","[4,102,19,37,6,77,91,46,42,23,99,57,67]","[49,70,65,64,24,123,115,69,21,40,105,17,100,118]","[83,30,20,107,84,51,130,3,111,135,110,124,38]",2358m 4558p 24s 167z,2256m 12368p 2578s,567m 248899p 89s 234z,168m 14p 349s 11567z,2,2,4,,0,,,,,,
20260412052922_0301_003,20260412052922_0301,20260412052922,特上卓,3,skybit,38,1p,tedashi,1775940361,3294.275,,0,,"[66,128,132,53,109,50,55,8,5,78,18,85,28]","[4,102,19,37,6,77,91,46,42,23,99,57,67]","[49,70,65,64,24,123,115,69,21,40,105,17,100]","[83,30,20,107,84,51,130,3,111,135,110,124,38,73]",2358m 4558p 24s 167z,2256m 12368p 2578s,567m 248899p 89s 24z,168m 14p 1349s 11567z,4,5,5,,0,,,,,,
20260412052922_0301_004,20260412052922_0301,20260412052922,特上卓,0,s6u,128,6z,tedashi,1775940362,1093.447,,0,,"[66,128,132,53,109,50,55,8,5,78,18,85,28,121]","[4,102,19,37,6,77,91,46,42,23,99,57,67]","[49,70,65,64,24,123,115,69,21,40,105,17,100]","[83,30,20,107,84,51,130,3,111,135,110,124,73]",2358m 4558p 24s 1467z,2256m 12368p 2578s,567m 248899p 89s 24z,168m 4p 1349s 11567z,5,5,5,,0,,,,,,
20260412052922_0301_005,20260412052922_0301,20260412052922,特上卓,1,こいきき,77,2s,tedashi,1775940364,2272.138,,0,,"[66,132,53,109,50,55,8,5,78,18,85,28,121]","[4,102,19,37,6,77,91,46,42,23,99,57,67,26]","[49,70,65,64,24,123,115,69,21,40,105,17,100]","[83,30,20,107,84,51,130,3,111,135,110,124,73]",2358m 4558p 24s 147z,22567m 12368p 2578s,567m 248899p 89s 24z,168m 4p 1349s 11567z,1,1,5,,0,,,,,,
20260412052922_0301_006,20260412052922_0301,20260412052922,特上卓,2,Fsight,22,6m,risekichu_hokan_tsumogiri,1775940364,0.0,,0,,"[66,132,53,109,50,55,8,5,78,18,85,28,121]","[4,102,19,37,6,91,46,42,23,99,57,67,26]","[49,70,65,64,24,123,115,69,21,40,105,17,100,22]","[83,30,20,107,84,51,130,3,111,135,110,124,73]",2358m 4558p 24s 147z,22567m 12368p 578s,5667m 248899p 89s 24z,168m 4p 1349s 11567z,2,2,3,,0,,,,,,
20260412052922_0301_007,20260412052922_0301,20260412052922,特上卓,3,skybit,130,6z,tedashi,1775940366,2398.768,,0,,"[66,132,53,109,50,55,8,5,78,18,85,28,121]","[4,102,19,37,6,91,46,42,23,99,57,67,26]","[49,70,65,64,24,123,115,69,21,40,105,17,100]","[83,30,20,107,84,51,130,3,111,135,110,124,73,43]",2358m 4558p 24s 147z,22567m 12368p 578s,567m 248899p 89s 24z,168m 24p 1349s 11567z,4,4,5,,0,,,,,,
20260412052922_0301_008,20260412052922_0301,20260412052922,特上卓,0,s6u,121,4z,tedashi,1775940367,1100.58,,0,,"[66,132,53,109,50,55,8,5,78,18,85,28,121,81]","[4,102,19,37,6,91,46,42,23,99,57,67,26]","[49,70,65,64,24,123,115,69,21,40,105,17,100]","[83,30,20,107,84,51,3,111,135,110,124,73,43]",2358m 4558p 234s 147z,22567m 12368p 578s,567m 248899p 89s 24z,168m 24p 1349s 1157z,4,4,5,,0,,,,,,
20260412052922_0301_009,20260412052922_0301,20260412052922,特上卓,1,こいきき,67,8p,tedashi,1775940370,2729.49,,0,,"[66,132,53,109,50,55,8,5,78,18,85,28,81]","[4,102,19,37,6,91,46,42,23,99,57,67,26,88]","[49,70,65,64,24,123,115,69,21,40,105,17,100]","[83,30,20,107,84,51,3,111,135,110,124,73,43]",2358m 4558p 234s 17z,22567m 12368p r5578s,567m 248899p 89s 24z,168m 24p 1349s 1157z,1,1,4,,0,,,,,,
20260412052922_0301_010,20260412052922_0301,20260412052922,特上卓,2,Fsight,71,9p,risekichu_hokan_tsumogiri,1775940370,0.0,,0,,"[66,132,53,109,50,55,8,5,78,18,85,28,81]","[4,102,19,37,6,91,46,42,23,99,57,26,88]","[49,70,65,64,24,123,115,69,21,40,105,17,100,71]","[83,30,20,107,84,51,3,111,135,110,124,73,43]",2358m 4558p 234s 17z,22567m 1236p r5578s,567m 2488999p 89s 24z,168m 24p 1349s 1157z,1,1,4,,0,,,,,,
20260412052922_0301_011,20260412052922_0301,20260412052922,特上卓,3,skybit,107,9s,tedashi,1775940373,3091.767,,0,,"[66,132,53,109,50,55,8,5,78,18,85,28,81]","[4,102,19,37,6,91,46,42,23,99,57,26,88]","[49,70,65,64,24,123,115,69,21,40,105,17,100]","[83,30,20,107,84,51,3,111,135,110,124,73,43,75]",2358m 4558p 234s 17z,22567m 1236p r5578s,567m 248899p 89s 24z,168m 24p 11349s 1157z,3,3,4,,0,,,,,,
20260412052922_0301_012,20260412052922_0301,20260412052922,特上卓,0,s6u,132,7z,tedashi,1775940374,1089.022,,0,,"[66,132,53,109,50,55,8,5,78,18,85,28,81,122]","[4,102,19,37,6,91,46,42,23,99,57,26,88]","[49,70,65,64,24,123,115,69,21,40,105,17,100]","[83,30,20,84,51,3,111,135,110,124,73,43,75]",2358m 4558p 234s 147z,22567m 1236p r5578s,567m 248899p 89s 24z,168m 24p 1134s 1157z,4,4,5,,0,,,,,,
20260412052922_0301_013,20260412052922_0301,20260412052922,特上卓,1,こいきき,129,6z,risekichu_hokan_tsumogiri,1775940376,1683.83,,0,,"[66,53,109,50,55,8,5,78,18,85,28,81,122]","[4,102,19,37,6,91,46,42,23,99,57,26,88,129]","[49,70,65,64,24,123,115,69,21,40,105,17,100]","[83,30,20,84,51,3,111,135,110,124,73,43,75]",2358m 4558p 234s 14z,22567m 1236p r5578s 6z,567m 248899p 89s 24z,168m 24p 1134s 1157z,1,1,4,,0,,,,,,
20260412052922_0301_014,20260412052922_0301,20260412052922,特上卓,2,Fsight,40,2p,tedashi,1775940379,2945.304,,0,,"[66,53,109,50,55,8,5,78,18,85,28,81,122]","[4,102,19,37,6,91,46,42,23,99,57,26,88]","[49,70,65,64,24,123,115,69,21,40,105,17,100,112]","[83,30,20,84,51,3,111,135,110,124,73,43,75]",2358m 4558p 234s 14z,22567m 1236p r5578s,567m 248899p 89s 224z,168m 24p 1134s 1157z,2,2,3,,0,,,,,,
20260412052922_0301_015,20260412052922_0301,20260412052922,特上卓,3,skybit,135,7z,tedashi,1775940382,2624.969,,0,,"[66,53,109,50,55,8,5,78,18,85,28,81,122]","[4,102,19,37,6,91,46,42,23,99,57,26,88]","[49,70,65,64,24,123,115,69,21,105,17,100,112]","[83,30,20,84,51,3,111,135,110,124,73,43,75,1]",2358m 4558p 234s 14z,22567m 1236p r5578s,567m 48899p 89s 224z,1168m 24p 1134s 1157z,3,3,3,,0,,,,,,
20260412052922_0301_016,20260412052922_0301,20260412052922,特上卓,0,s6u,122,4z,tedashi,1775940383,1235.041,,0,,"[66,53,109,50,55,8,5,78,18,85,28,81,122,60]","[4,102,19,37,6,91,46,42,23,99,57,26,88]","[49,70,65,64,24,123,115,69,21,105,17,100,112]","[83,30,20,84,51,3,111,110,124,73,43,75,1]",2358m 45578p 234s 14z,22567m 1236p r5578s,567m 48899p 89s 224z,1168m 24p 1134s 115z,3,3,5,,0,,,,,,
20260412052922_0301_017,20260412052922_0301,20260412052922,特上卓,1,こいきき,41,2p,risekichu_hokan_tsumogiri,1775940386,2621.147,,0,,"[66,53,109,50,55,8,5,78,18,85,28,81,60]","[4,102,19,37,6,91,46,42,23,99,57,26,88,41]","[49,70,65,64,24,123,115,69,21,105,17,100,112]","[83,30,20,84,51,3,111,110,124,73,43,75,1]",2358m 45578p 234s 1z,22567m 12236p r5578s,567m 48899p 89s 224z,1168m 24p 1134s 115z,1,1,3,,0,,,,,,
20260412052922_0301_018,20260412052922_0301,20260412052922,特上卓,2,Fsight,21,6m,tedashi,1775940388,2138.428,,0,,"[66,53,109,50,55,8,5,78,18,85,28,81,60]","[4,102,19,37,6,91,46,42,23,99,57,26,88]","[49,70,65,64,24,123,115,69,21,105,17,100,112,36]","[83,30,20,84,51,3,111,110,124,73,43,75,1]",2358m 45578p 234s 1z,22567m 1236p r5578s,567m 148899p 89s 224z,1168m 24p 1134s 115z,2,2,3,,0,,,,,,
20260412052922_0301_019,20260412052922_0301,20260412052922,特上卓,3,skybit,124,5z,tedashi,1775940389,1799.057,,0,,"[66,53,109,50,55,8,5,78,18,85,28,81,60]","[4,102,19,37,6,91,46,42,23,99,57,26,88]","[49,70,65,64,24,123,115,69,105,17,100,112,36]","[83,30,20,84,51,3,111,110,124,73,43,75,1,89]",2358m 45578p 234s 1z,22567m 1236p r5578s,57m 148899p 89s 224z,1168m 24p 11345s 115z,2,2,3,,0,,,,,,
20260412052922_0301_020,20260412052922_0301,20260412052922,特上卓,0,s6u,109,1z,tedashi,1775940391,1696.55,,2,1046.449,"[66,53,109,50,55,8,5,78,18,85,28,81,60,79]","[4,102,19,37,6,91,46,42,23,99,57,26,88]","[49,70,65,64,24,123,115,69,105,17,100,112,36]","[83,30,20,84,51,3,111,110,73,43,75,1,89]",2358m 45578p 2234s 1z,22567m 1236p r5578s,57m 148899p 89s 224z,1168m 24p 11345s 11z,3,3,4,,0,,,,,,
20260412052922_0301_021,20260412052922_0301,20260412052922,特上卓,3,skybit,20,6m,tedashi,1775940394,1358.933,,0,,"[66,53,50,55,8,5,78,18,85,28,81,60,79]","[4,102,19,37,6,91,46,42,23,99,57,26,88]","[49,70,65,64,24,123,115,69,105,17,100,112,36]","[83,30,20,84,51,3,73,43,75,1,89]",2358m 45578p 2234s,22567m 1236p r5578s,57m 148899p 89s 224z,1168m 24p 11345s,1,1,,,0,,,,,,
20260412052922_0301_022,20260412052922_0301,20260412052922,特上卓,0,s6u,28,8m,tedashi,1775940399,5381.137,,6,238.191,"[66,53,50,55,8,5,78,18,85,28,81,60,79,52]","[4,102,19,37,6,91,46,42,23,99,57,26,88]","[49,70,65,64,24,123,115,69,105,17,100,112,36]","[83,30,84,51,3,73,43,75,1,89]",2358m 4r55578p 2234s,22567m 1236p r5578s,57m 148899p 89s 224z,118m 24p 11345s,2,2,4,,0,,,,,,
20260412052922_0301_023,20260412052922_0301,20260412052922,特上卓,1,こいきき,57,6p,tedashi,1775940401,2049.893,,0,,"[66,53,50,55,8,5,78,18,85,81,60,79,52]","[4,102,19,37,6,91,46,42,23,99,57,26,88,11]","[49,70,65,64,24,123,115,69,105,17,100,112,36]","[83,30,84,51,3,73,43,75,1,89]",235m 4r55578p 2234s,223567m 1236p r5578s,57m 148899p 89s 224z,118m 24p 11345s,1,1,4,,0,,,,,,
20260412052922_0301_024,20260412052922_0301,20260412052922,特上卓,2,Fsight,45,3p,risekichu_hokan_tsumogiri,1775940404,2349.22,,2,1336.937,"[66,53,50,55,8,5,78,18,85,81,60,79,52]","[4,102,19,37,6,91,46,42,23,99,26,88,11]","[49,70,65,64,24,123,115,69,105,17,100,112,36,45]","[83,30,84,51,3,73,43,75,1,89]",235m 4r55578p 2234s,223567m 123p r5578s,57m 1348899p 89s 224z,118m 24p 11345s,3,3,3,,0,,,,,,
20260412052922_0301_025,20260412052922_0301,20260412052922,特上卓,3,skybit,30,8m,tedashi,1775940406,1119.583,,0,,"[66,53,50,55,8,5,78,18,85,81,60,79,52]","[4,102,19,37,6,91,46,42,23,99,26,88,11]","[49,70,65,64,24,123,115,69,105,17,100,112,36]","[83,30,84,3,73,75,1,89]",235m 4r55578p 2234s,223567m 123p r5578s,57m 148899p 89s 224z,118m 11345s,0,0,,1m 1s,0,,,,,,
20260412052922_0301_026,20260412052922_0301,20260412052922,特上卓,0,s6u,119,3z,tsumogiri,1775940408,1869.047,,0,,"[66,53,50,55,8,5,78,18,85,81,60,79,52,119]","[4,102,19,37,6,91,46,42,23,99,26,88,11]","[49,70,65,64,24,123,115,69,105,17,100,112,36]","[83,84,3,73,75,1,89]",235m 4r55578p 2234s 3z,223567m 123p r5578s,57m 148899p 89s 224z,11m 11345s,2,2,4,,0,,,,,,
20260412052922_0301_027,20260412052922_0301,20260412052922,特上卓,1,こいきき,6,2m,tedashi,1775940410,2032.391,,0,,"[66,53,50,55,8,5,78,18,85,81,60,79,52]","[4,102,19,37,6,91,46,42,23,99,26,88,11,134]","[49,70,65,64,24,123,115,69,105,17,100,112,36]","[83,84,3,73,75,1,89]",235m 4r55578p 2234s,223567m 123p r5578s 7z,57m 148899p 89s 224z,11m 11345s,1,1,4,,1,,,,,,
20260412052922_0301_028,20260412052922_0301,20260412052922,特上卓,2,Fsight,36,1p,tedashi,1775940412,1863.641,,0,,"[66,53,50,55,8,5,78,18,85,81,60,79,52]","[4,102,19,37,91,46,42,23,99,26,88,11,134]","[49,70,65,64,24,123,115,69,105,17,100,112,36,82]","[83,84,3,73,75,1,89]",235m 4r55578p 2234s,23567m 123p r5578s 7z,57m 148899p 389s 224z,11m 11345s,3,3,3,,0,,,,,,
20260412052922_0301_029,20260412052922_0301,20260412052922,特上卓,3,skybit,92,6s,risekichu_hokan_tsumogiri,1775940414,2435.658,,0,,"[66,53,50,55,8,5,78,18,85,81,60,79,52]","[4,102,19,37,91,46,42,23,99,26,88,11,134]","[49,70,65,64,24,123,115,69,105,17,100,112,82]","[83,84,3,73,75,1,89,92]",235m 4r55578p 2234s,23567m 123p r5578s 7z,57m 48899p 389s 224z,11m 113456s,0,0,,1m 1s,0,,,,,,
20260412052922_0301_030,20260412052922_0301,20260412052922,特上卓,0,s6u,18,5m,tedashi,1775940416,2259.982,,6,292.642,"[66,53,50,55,8,5,78,18,85,81,60,79,52,59]","[4,102,19,37,91,46,42,23,99,26,88,11,134]","[49,70,65,64,24,123,115,69,105,17,100,112,82]","[83,84,3,73,75,1,89]",235m 4r555678p 2234s,23567m 123p r5578s 7z,57m 48899p 389s 224z,11m 11345s,1,1,4,,0,,,,,,
20260412052922_0301_031,20260412052922_0301,20260412052922,特上卓,1,こいきき,134,7z,tedashi,1775940419,627.185,1320.942,0,,"[66,53,50,55,8,5,78,85,81,60,79,52,59]","[4,102,19,37,91,46,42,23,99,26,88,11,134,13]","[49,70,65,64,24,123,115,69,105,17,100,112,82]","[83,84,3,73,75,1,89]",23m 4r555678p 2234s,234567m 123p r5578s 7z,57m 48899p 389s 224z,11m 11345s,0,0,5,69s,0,,,,,,
20260412052922_0301_032,20260412052922_0301,20260412052922,特上卓,2,Fsight,123,4z,tedashi,1775940420,1646.079,,0,,"[66,53,50,55,8,5,78,85,81,60,79,52,59]","[4,102,19,37,91,46,42,23,99,26,88,11,13]","[49,70,65,64,24,123,115,69,105,17,100,112,82,93]","[83,84,3,73,75,1,89]",23m 4r555678p 2234s,234567m 123p r5578s,57m 48899p 3689s 224z,11m 11345s,3,3,3,,0,,,,,,
20260412052922_0301_033,20260412052922_0301,20260412052922,特上卓,3,skybit,34,9m,risekichu_hokan_tsumogiri,1775940422,1931.996,,0,,"[66,53,50,55,8,5,78,85,81,60,79,52,59]","[4,102,19,37,91,46,42,23,99,26,88,11,13]","[49,70,65,64,24,115,69,105,17,100,112,82,93]","[83,84,3,73,75,1,89,34]",23m 4r555678p 2234s,234567m 123p r5578s,57m 48899p 3689s 22z,119m 11345s,0,0,,1m 1s,0,,,,,,
20260412052922_0301_034,20260412052922_0301,20260412052922,特上卓,0,s6u,78,2s,tedashi,1775940424,1804.349,,0,,"[66,53,50,55,8,5,78,85,81,60,79,52,59,103]","[4,102,19,37,91,46,42,23,99,26,88,11,13]","[49,70,65,64,24,115,69,105,17,100,112,82,93]","[83,84,3,73,75,1,89]",23m 4r555678p 22348s,234567m 123p r5578s,57m 48899p 3689s 22z,11m 11345s,1,1,4,,0,,,,,,
20260412052922_0400_000,20260412052922_0400,20260412052922,特上卓,1,こいきき,113,2z,tedashi,1775940441,,,0,,"[36,37,33,38,86,6,57,84,95,117,110,93,74]","[113,13,27,32,21,53,94,98,55,54,59,23,17,131]","[4,89,99,18,67,49,123,76,90,42,3,80,120]","[35,106,2,108,39,63,51,45,126,114,101,107,52]",29m 1116p 14466s 13z,456679m 5556p 67s 26z,125m 248p 23557s 44z,19m 134r57p 899s 125z,2,2,4,,0,,,,,,
20260412052922_0400_001,20260412052922_0400,20260412052922,特上卓,2,Fsight,67,8p,tedashi,1775940443,2051.859,,0,,"[36,37,33,38,86,6,57,84,95,117,110,93,74]","[13,27,32,21,53,94,98,55,54,59,23,17,131]","[4,89,99,18,67,49,123,76,90,42,3,80,120,82]","[35,106,2,108,39,63,51,45,126,114,101,107,52]",29m 1116p 14466s 13z,456679m 5556p 67s 6z,125m 248p 233557s 44z,19m 134r57p 899s 125z,3,3,3,,0,,,,,,
20260412052922_0400_002,20260412052922_0400,20260412052922,特上卓,3,skybit,108,1z,tedashi,1775940445,1741.432,,0,,"[36,37,33,38,86,6,57,84,95,117,110,93,74]","[13,27,32,21,53,94,98,55,54,59,23,17,131]","[4,89,99,18,49,123,76,90,42,3,80,120,82]","[35,106,2,108,39,63,51,45,126,114,101,107,52,61]",29m 1116p 14466s 13z,456679m 5556p 67s 6z,125m 24p 233557s 44z,19m 134r577p 899s 125z,4,4,4,,0,,,,,,
20260412052922_0400_003,20260412052922_0400,20260412052922,特上卓,0,s6u,110,1z,tedashi,1775940446,1426.887,,0,,"[36,37,33,38,86,6,57,84,95,117,110,93,74,128]","[13,27,32,21,53,94,98,55,54,59,23,17,131]","[4,89,99,18,49,123,76,90,42,3,80,120,82]","[35,106,2,39,63,51,45,126,114,101,107,52,61]",29m 1116p 14466s 136z,456679m 5556p 67s 6z,125m 24p 233557s 44z,19m 134r577p 899s 25z,3,4,3,,0,,,,,,
20260412052922_0400_004,20260412052922_0400,20260412052922,特上卓,1,こいきき,131,6z,tedashi,1775940448,1956.639,,0,,"[36,37,33,38,86,6,57,84,95,117,93,74,128]","[13,27,32,21,53,94,98,55,54,59,23,17,131,56]","[4,89,99,18,49,123,76,90,42,3,80,120,82]","[35,106,2,39,63,51,45,126,114,101,107,52,61]",29m 1116p 14466s 36z,456679m 55566p 67s 6z,125m 24p 233557s 44z,19m 134r577p 899s 25z,1,1,3,,0,,,,,,
20260412052922_0400_005,20260412052922_0400,20260412052922,特上卓,2,Fsight,4,2m,tedashi,1775940450,2255.712,,0,,"[36,37,33,38,86,6,57,84,95,117,93,74,128]","[13,27,32,21,53,94,98,55,54,59,23,17,56]","[4,89,99,18,49,123,76,90,42,3,80,120,82,97]","[35,106,2,39,63,51,45,126,114,101,107,52,61]",29m 1116p 14466s 36z,456679m 55566p 67s,125m 24p 2335577s 44z,19m 134r577p 899s 25z,2,3,2,,0,,,,,,
20260412052922_0400_006,20260412052922_0400,20260412052922,特上卓,3,skybit,35,9m,tedashi,1775940452,1834.591,,0,,"[36,37,33,38,86,6,57,84,95,117,93,74,128]","[13,27,32,21,53,94,98,55,54,59,23,17,56]","[89,99,18,49,123,76,90,42,3,80,120,82,97]","[35,106,2,39,63,51,45,126,114,101,107,52,61,44]",29m 1116p 14466s 36z,456679m 55566p 67s,15m 24p 2335577s 44z,19m 1334r577p 899s 25z,3,3,3,,0,,,,,,
20260412052922_0400_007,20260412052922_0400,20260412052922,特上卓,0,s6u,117,3z,tedashi,1775940455,2687.675,,0,,"[36,37,33,38,86,6,57,84,95,117,93,74,128,121]","[13,27,32,21,53,94,98,55,54,59,23,17,56]","[89,99,18,49,123,76,90,42,3,80,120,82,97]","[106,2,39,63,51,45,126,114,101,107,52,61,44]",29m 1116p 14466s 346z,456679m 55566p 67s,15m 24p 2335577s 44z,1m 1334r577p 899s 25z,3,4,3,,0,,,,,,
20260412052922_0400_008,20260412052922_0400,20260412052922,特上卓,1,こいきき,32,9m,tedashi,1775940457,1859.51,,0,,"[36,37,33,38,86,6,57,84,95,93,74,128,121]","[13,27,32,21,53,94,98,55,54,59,23,17,56,25]","[89,99,18,49,123,76,90,42,3,80,120,82,97]","[106,2,39,63,51,45,126,114,101,107,52,61,44]",29m 1116p 14466s 46z,4566779m 55566p 67s,15m 24p 2335577s 44z,1m 1334r577p 899s 25z,1,1,2,,0,,,,,,
20260412052922_0400_009,20260412052922_0400,20260412052922,特上卓,2,Fsight,42,2p,tedashi,1775940459,2532.992,,6,300.46,"[36,37,33,38,86,6,57,84,95,93,74,128,121]","[13,27,21,53,94,98,55,54,59,23,17,56,25]","[89,99,18,49,123,76,90,42,3,80,120,82,97,111]","[106,2,39,63,51,45,126,114,101,107,52,61,44]",29m 1116p 14466s 46z,456677m 55566p 67s,15m 24p 2335577s 144z,1m 1334r577p 899s 25z,2,3,2,,0,,,,,,
20260412052922_0400_010,20260412052922_0400,20260412052922,特上卓,3,skybit,2,1m,tedashi,1775940461,1845.372,,0,,"[36,37,33,38,86,6,57,84,95,93,74,128,121]","[13,27,21,53,94,98,55,54,59,23,17,56,25]","[89,99,18,49,123,76,90,3,80,120,82,97,111]","[106,2,39,63,51,45,126,114,101,107,52,61,44,31]",29m 1116p 14466s 46z,456677m 55566p 67s,15m 4p 2335577s 144z,18m 1334r577p 899s 25z,3,3,3,,0,,,,,,
20260412052922_0400_011,20260412052922_0400,20260412052922,特上卓,0,s6u,33,9m,tedashi,1775940465,3692.055,,5,1639.957,"[36,37,33,38,86,6,57,84,95,93,74,128,121,20]","[13,27,21,53,94,98,55,54,59,23,17,56,25]","[89,99,18,49,123,76,90,3,80,120,82,97,111]","[106,39,63,51,45,126,114,101,107,52,61,44,31]",269m 1116p 14466s 46z,456677m 55566p 67s,15m 4p 2335577s 144z,8m 1334r577p 899s 25z,3,4,3,,0,,,,,,
20260412052922_0400_012,20260412052922_0400,20260412052922,特上卓,1,こいきき,122,4z,risekichu_hokan_tsumogiri,1775940468,1329.419,,6,507.884,"[36,37,38,86,6,57,84,95,93,74,128,121,20]","[13,27,21,53,94,98,55,54,59,23,17,56,25,122]","[89,99,18,49,123,76,90,3,80,120,82,97,111]","[106,39,63,51,45,126,114,101,107,52,61,44,31]",26m 1116p 14466s 46z,456677m 55566p 67s 4z,15m 4p 2335577s 144z,8m 1334r577p 899s 25z,1,1,2,,0,,,,,,
20260412052922_0400_013,20260412052922_0400,20260412052922,特上卓,2,Fsight,49,4p,tedashi,1775940470,1744.713,,3,1196.394,"[36,37,38,86,6,57,84,95,93,74,128,121,20]","[13,27,21,53,94,98,55,54,59,23,17,56,25]","[89,99,18,49,123,76,90,3,80,120,82,97,111,30]","[106,39,63,51,45,126,114,101,107,52,61,44,31]",26m 1116p 14466s 46z,456677m 55566p 67s,158m 4p 2335577s 144z,8m 1334r577p 899s 25z,2,4,2,,0,,,,,,
20260412052922_0400_014,20260412052922_0400,20260412052922,特上卓,3,skybit,31,8m,tedashi,1775940473,1657.161,,0,,"[36,37,38,86,6,57,84,95,93,74,128,121,20]","[13,27,21,53,94,98,55,54,59,23,17,56,25]","[89,99,18,123,76,90,3,80,120,82,97,111,30]","[106,39,63,51,45,126,114,101,107,52,61,44,31,103]",26m 1116p 14466s 46z,456677m 55566p 67s,158m 2335577s 144z,8m 1334r577p 8899s 25z,2,2,2,,0,,,,,,
20260412052922_0400_015,20260412052922_0400,20260412052922,特上卓,0,s6u,74,1s,tedashi,1775940475,1358.947,,0,,"[36,37,38,86,6,57,84,95,93,74,128,121,20,26]","[13,27,21,53,94,98,55,54,59,23,17,56,25]","[89,99,18,123,76,90,3,80,120,82,97,111,30]","[106,39,63,51,45,126,114,101,107,52,61,44,103]",267m 1116p 14466s 46z,456677m 55566p 67s,158m 2335577s 144z,1334r577p 8899s 25z,3,3,3,,0,,,,,,
20260412052922_0400_016,20260412052922_0400,20260412052922,特上卓,1,こいきき,21,6m,tedashi,1775940478,3259.443,,0,,"[36,37,38,86,6,57,84,95,93,128,121,20,26]","[13,27,21,53,94,98,55,54,59,23,17,56,25,10]","[89,99,18,123,76,90,3,80,120,82,97,111,30]","[106,39,63,51,45,126,114,101,107,52,61,44,103]",267m 1116p 4466s 46z,3456677m 55566p 67s,158m 2335577s 144z,1334r577p 8899s 25z,1,1,2,,0,,,,,,
20260412052922_0400_017,20260412052922_0400,20260412052922,特上卓,2,Fsight,111,1z,tedashi,1775940480,2250.895,,0,,"[36,37,38,86,6,57,84,95,93,128,121,20,26]","[13,27,53,94,98,55,54,59,23,17,56,25,10]","[89,99,18,123,76,90,3,80,120,82,97,111,30,134]","[106,39,63,51,45,126,114,101,107,52,61,44,103]",267m 1116p 4466s 46z,345677m 55566p 67s,158m 2335577s 1447z,1334r577p 8899s 25z,2,4,2,,0,,,,,,
20260412052922_0400_018,20260412052922_0400,20260412052922,特上卓,3,skybit,77,2s,risekichu_hokan_tsumogiri,1775940482,1706.744,,0,,"[36,37,38,86,6,57,84,95,93,128,121,20,26]","[13,27,53,94,98,55,54,59,23,17,56,25,10]","[89,99,18,123,76,90,3,80,120,82,97,30,134]","[106,39,63,51,45,126,114,101,107,52,61,44,103,77]",267m 1116p 4466s 46z,345677m 55566p 67s,158m 2335577s 447z,1334r577p 28899s 25z,2,2,2,,0,,,,,,
20260412052922_0400_019,20260412052922_0400,20260412052922,特上卓,0,s6u,128,6z,tedashi,1775940483,1403.653,,0,,"[36,37,38,86,6,57,84,95,93,128,121,20,26,96]","[13,27,53,94,98,55,54,59,23,17,56,25,10]","[89,99,18,123,76,90,3,80,120,82,97,30,134]","[106,39,63,51,45,126,114,101,107,52,61,44,103]",267m 1116p 44667s 46z,345677m 55566p 67s,158m 2335577s 447z,1334r577p 8899s 25z,3,3,3,,0,,,,,,
20260412052922_0400_020,20260412052922_0400,20260412052922,特上卓,1,こいきき,12,4m,risekichu_hokan_tsumogiri,1775940486,2449.089,,0,,"[36,37,38,86,6,57,84,95,93,121,20,26,96]","[13,27,53,94,98,55,54,59,23,17,56,25,10,12]","[89,99,18,123,76,90,3,80,120,82,97,30,134]","[106,39,63,51,45,126,114,101,107,52,61,44,103]",267m 1116p 44667s 4z,3445677m 55566p 67s,158m 2335577s 447z,1334r577p 8899s 25z,1,1,2,,0,,,,,,
20260412052922_0400_021,20260412052922_0400,20260412052922,特上卓,2,Fsight,60,7p,risekichu_hokan_tsumogiri,1775940488,1983.345,,6,273.992,"[36,37,38,86,6,57,84,95,93,121,20,26,96]","[13,27,53,94,98,55,54,59,23,17,56,25,10]","[89,99,18,123,76,90,3,80,120,82,97,30,134,60]","[106,39,63,51,45,126,114,101,107,52,61,44,103]",267m 1116p 44667s 4z,345677m 55566p 67s,158m 7p 2335577s 447z,1334r577p 8899s 25z,2,4,2,,0,,,,,,
20260412052922_0400_022,20260412052922_0400,20260412052922,特上卓,3,skybit,114,2z,tedashi,1775940494,6216.022,,0,,"[36,37,38,86,6,57,84,95,93,121,20,26,96]","[13,27,53,94,98,55,54,59,23,17,56,25,10]","[89,99,18,123,76,90,3,80,120,82,97,30,134]","[106,39,63,51,45,126,114,101,107,52,61,44,103,19]",267m 1116p 44667s 4z,345677m 55566p 67s,158m 2335577s 447z,5m 1334r577p 8899s 25z,2,2,2,,0,,,,,,
20260412052922_0400_023,20260412052922_0400,20260412052922,特上卓,0,s6u,71,9p,tsumogiri,1775940496,1610.276,,0,,"[36,37,38,86,6,57,84,95,93,121,20,26,96,71]","[13,27,53,94,98,55,54,59,23,17,56,25,10]","[89,99,18,123,76,90,3,80,120,82,97,30,134]","[106,39,63,51,45,126,101,107,52,61,44,103,19]",267m 11169p 44667s 4z,345677m 55566p 67s,158m 2335577s 447z,5m 1334r577p 8899s 5z,3,3,3,,0,,,,,,
20260412052922_0400_024,20260412052922_0400,20260412052922,特上卓,1,こいきき,92,6s,risekichu_hokan_tsumogiri,1775940498,1860.934,,3,2018.806,"[36,37,38,86,6,57,84,95,93,121,20,26,96]","[13,27,53,94,98,55,54,59,23,17,56,25,10,92]","[89,99,18,123,76,90,3,80,120,82,97,30,134]","[106,39,63,51,45,126,101,107,52,61,44,103,19]",267m 1116p 44667s 4z,345677m 55566p 667s,158m 2335577s 447z,5m 1334r577p 8899s 5z,1,1,2,,1,,,,,,
20260412052922_0400_025,20260412052922_0400,20260412052922,特上卓,2,Fsight,66,8p,risekichu_hokan_tsumogiri,1775940501,1364.329,,0,,"[36,37,38,86,6,57,84,95,93,121,20,26,96]","[13,27,53,94,98,55,54,59,23,17,56,25,10]","[89,99,18,123,76,90,3,80,120,82,97,30,134,66]","[106,39,63,51,45,126,101,107,52,61,44,103,19]",267m 1116p 44667s 4z,345677m 55566p 67s,158m 8p 2335577s 447z,5m 1334r577p 8899s 5z,2,4,2,,0,,,,,,
20260412052922_0400_026,20260412052922_0400,20260412052922,特上卓,3,skybit,19,5m,tedashi,1775940504,3079.479,,3,1379.897,"[36,37,38,86,6,57,84,95,93,121,20,26,96]","[13,27,53,94,98,55,54,59,23,17,56,25,10]","[89,99,18,123,76,90,3,80,120,82,97,30,134]","[106,39,63,51,45,126,101,107,52,61,44,103,19,48]",267m 1116p 44667s 4z,345677m 55566p 67s,158m 2335577s 447z,5m 13344r577p 8899s 5z,1,2,1,,0,,,,,,
20260412052922_0400_027,20260412052922_0400,20260412052922,特上卓,0,s6u,6,2m,tedashi,1775940509,3455.487,,6,273.521,"[36,37,38,86,6,57,84,95,93,121,20,26,96,102]","[13,27,53,94,98,55,54,59,23,17,56,25,10]","[89,99,18,123,76,90,3,80,120,82,97,30,134]","[106,39,63,51,45,126,101,107,52,61,44,103,48]",267m 1116p 446678s 4z,345677m 55566p 67s,158m 2335577s 447z,13344r577p 8899s 5z,2,2,3,,0,,,,,,
20260412052922_0400_028,20260412052922_0400,20260412052922,特上卓,1,こいきき,25,7m,tedashi,1775940511,683.802,1439.05,0,,"[36,37,38,86,57,84,95,93,121,20,26,96,102]","[13,27,53,94,98,55,54,59,23,17,56,25,10,88]","[89,99,18,123,76,90,3,80,120,82,97,30,134]","[106,39,63,51,45,126,101,107,52,61,44,103,48]",67m 1116p 446678s 4z,345677m 55566p r567s,158m 2335577s 447z,13344r577p 8899s 5z,0,0,3,258m,0,,,,,,
20260412052922_0400_029,20260412052922_0400,20260412052922,特上卓,2,Fsight,30,8m,tedashi,1775940517,5256.803,,0,,"[36,37,38,86,57,84,95,93,121,20,26,96,102]","[13,27,53,94,98,55,54,59,23,17,56,10,88]","[89,99,18,123,76,90,3,80,120,82,97,30,134,1]","[106,39,63,51,45,126,101,107,52,61,44,103,48]",67m 1116p 446678s 4z,34567m 55566p r567s,1158m 2335577s 447z,13344r577p 8899s 5z,1,3,1,,0,,,,,,
20260412055023_0000_008,20260412055023_0000,20260412055023,特上卓,2,欧陽,118,3z,risekichu_hokan_tsumogiri,1775940624,1263.22,,0,,"[15,26,30,57,72,84,90,92,102,109,112,129,131]","[22,7,105,61,66,34,97,55,104,18,41,85,119]","[98,24,51,50,73,128,0,69,4,25,74,68,58,118]","[77,63,53,37,113,130,78,38,43,134,82,39,132]",478m 6p 14568s 1266z,2569m 2578p 4799s 3z,1277m 44699p 117s 36z,111257p 223s 2677z,2,3,2,,0,,,,,,
20260412055023_0000_009,20260412055023_0000,20260412055023,特上卓,3,シゲルペペ,27,7m,risekichu_hokan_tsumogiri,1775940626,1924.829,,3,1059.539,"[15,26,30,57,72,84,90,92,102,109,112,129,131]","[22,7,105,61,66,34,97,55,104,18,41,85,119]","[98,24,51,50,73,128,0,69,4,25,74,68,58]","[77,63,53,37,113,130,78,38,43,134,82,39,132,27]",478m 6p 14568s 1266z,2569m 2578p 4799s 3z,1277m 44699p 117s 6z,7m 111257p 223s 2677z,3,3,3,,0,,,,,,
20260412055023_0000_010,20260412055023_0000,20260412055023,特上卓,0,s6u,109,1z,tedashi,1775940628,1047.405,,0,,"[15,26,30,57,72,84,90,92,102,109,112,129,131,28]","[22,7,105,61,66,34,97,55,104,18,41,85,119]","[98,24,51,50,73,128,0,69,4,25,74,68,58]","[77,63,53,37,113,130,78,38,43,134,82,39,132]",4788m 6p 14568s 1266z,2569m 2578p 4799s 3z,1277m 44699p 117s 6z,111257p 223s 2677z,4,4,4,,0,,,,,,
20260412055023_0000_011,20260412055023_0000,20260412055023,特上卓,1,せんざんこうさん,7,2m,tedashi,1775940632,3367.811,,0,,"[15,26,30,57,72,84,90,92,102,112,129,131,28]","[22,7,105,61,66,34,97,55,104,18,41,85,119,54]","[98,24,51,50,73,128,0,69,4,25,74,68,58]","[77,63,53,37,113,130,78,38,43,134,82,39,132]",4788m 6p 14568s 266z,2569m 25578p 4799s 3z,1277m 44699p 117s 6z,111257p 223s 2677z,4,4,4,,0,,,,,,
20260412055023_0000_012,20260412055023_0000,20260412055023,特上卓,2,欧陽,98,7s,tedashi,1775940637,5768.665,,0,,"[15,26,30,57,72,84,90,92,102,112,129,131,28]","[22,105,61,66,34,97,55,104,18,41,85,119,54]","[98,24,51,50,73,128,0,69,4,25,74,68,58,80]","[77,63,53,37,113,130,78,38,43,134,82,39,132]",4788m 6p 14568s 266z,569m 25578p 4799s 3z,1277m 44699p 1137s 6z,111257p 223s 2677z,2,3,2,,0,,,,,,
20260412055023_0000_013,20260412055023_0000,20260412055023,特上卓,3,シゲルペペ,130,6z,tedashi,1775940640,2700.114,,2,1698.292,"[15,26,30,57,72,84,90,92,102,112,129,131,28]","[22,105,61,66,34,97,55,104,18,41,85,119,54]","[24,51,50,73,128,0,69,4,25,74,68,58,80]","[77,63,53,37,113,130,78,38,43,134,82,39,132,59]",4788m 6p 14568s 266z,569m 25578p 4799s 3z,1277m 44699p 113s 6z,1112567p 223s 2677z,2,2,3,,0,,,,,,
20260412055023_0000_014,20260412055023_0000,20260412055023,特上卓,0,s6u,112,2z,tedashi,1775940643,1019.995,,0,,"[15,26,30,57,72,84,90,92,102,112,28]","[22,105,61,66,34,97,55,104,18,41,85,119,54]","[24,51,50,73,128,0,69,4,25,74,68,58,80]","[77,63,53,37,113,78,38,43,134,82,39,132,59]",4788m 6p 14568s 2z,569m 25578p 4799s 3z,1277m 44699p 113s 6z,1112567p 223s 277z,3,3,,,0,,,,,,
20260412055023_0000_015,20260412055023_0000,20260412055023,特上卓,1,せんざんこうさん,10,3m,risekichu_hokan_tsumogiri,1775940647,3904.725,,6,266.596,"[15,26,30,57,72,84,90,92,102,28]","[22,105,61,66,34,97,55,104,18,41,85,119,54,10]","[24,51,50,73,128,0,69,4,25,74,68,58,80]","[77,63,53,37,113,78,38,43,134,82,39,132,59]",4788m 6p 14568s,3569m 25578p 4799s 3z,1277m 44699p 113s 6z,1112567p 223s 277z,4,4,4,,0,,,,,,
20260412055023_0000_016,20260412055023_0000,20260412055023,特上卓,2,欧陽,128,6z,tedashi,1775940650,2454.392,,0,,"[15,26,30,57,72,84,90,92,102,28]","[22,105,61,66,34,97,55,104,18,41,85,119,54]","[24,51,50,73,128,0,69,4,25,74,68,58,80,23]","[77,63,53,37,113,78,38,43,134,82,39,132,59]",4788m 6p 14568s,569m 25578p 4799s 3z,12677m 44699p 113s 6z,1112567p 223s 277z,2,3,2,,0,,,,,,
20260412055023_0000_017,20260412055023_0000,20260412055023,特上卓,3,シゲルペペ,113,2z,tedashi,1775940655,5625.342,,0,,"[15,26,30,57,72,84,90,92,102,28]","[22,105,61,66,34,97,55,104,18,41,85,119,54]","[24,51,50,73,0,69,4,25,74,68,58,80,23]","[77,63,53,37,113,78,38,43,134,82,39,132,59,101]",4788m 6p 14568s,569m 25578p 4799s 3z,12677m 44699p 113s,1112567p 2238s 277z,2,2,3,,0,,,,,,
20260412055023_0000_018,20260412055023_0000,20260412055023,特上卓,0,s6u,72,1s,tedashi,1775940657,2009.169,,6,246.307,"[15,26,30,57,72,84,90,92,102,28,14]","[22,105,61,66,34,97,55,104,18,41,85,119,54]","[24,51,50,73,0,69,4,25,74,68,58,80,23]","[77,63,53,37,78,38,43,134,82,39,132,59,101]",44788m 6p 14568s,569m 25578p 4799s 3z,12677m 44699p 113s,1112567p 2238s 77z,2,2,,,0,,,,,,
20260412055023_0000_019,20260412055023_0000,20260412055023,特上卓,1,せんざんこうさん,34,9m,tedashi,1775940660,2500.3,,0,,"[15,26,30,57,84,90,92,102,28,14]","[22,105,61,66,34,97,55,104,18,41,85,119,54,87]","[24,51,50,73,0,69,4,25,74,68,58,80,23]","[77,63,53,37,78,38,43,134,82,39,132,59,101]",44788m 6p 4568s,569m 25578p 44799s 3z,12677m 44699p 113s,1112567p 2238s 77z,3,3,3,,0,,,,,,
20260412055023_0000_020,20260412055023_0000,20260412055023,特上卓,2,欧陽,93,6s,risekichu_hokan_tsumogiri,1775940662,1839.683,,0,,"[15,26,30,57,84,90,92,102,28,14]","[22,105,61,66,97,55,104,18,41,85,119,54,87]","[24,51,50,73,0,69,4,25,74,68,58,80,23,93]","[77,63,53,37,78,38,43,134,82,39,132,59,101]",44788m 6p 4568s,56m 25578p 44799s 3z,12677m 44699p 1136s,1112567p 2238s 77z,2,3,2,,0,,,,,,
20260412055023_0000_021,20260412055023_0000,20260412055023,特上卓,3,シゲルペペ,101,8s,tedashi,1775940665,2863.372,,0,,"[15,26,30,57,84,90,92,102,28,14]","[22,105,61,66,97,55,104,18,41,85,119,54,87]","[24,51,50,73,0,69,4,25,74,68,58,80,23]","[77,63,53,37,78,38,43,134,82,39,132,59,101,86]",44788m 6p 4568s,56m 25578p 44799s 3z,12677m 44699p 113s,1112567p 22348s 77z,1,1,3,,0,,,,,,
20260412055023_0000_022,20260412055023_0000,20260412055023,特上卓,0,s6u,102,8s,tedashi,1775940667,2738.703,,3,757.177,"[15,26,30,57,84,90,92,102,28,14,9]","[22,105,61,66,97,55,104,18,41,85,119,54,87]","[24,51,50,73,0,69,4,25,74,68,58,80,23]","[77,63,53,37,78,38,43,134,82,39,132,59,86]",344788m 6p 4568s,56m 25578p 44799s 3z,12677m 44699p 113s,1112567p 2234s 77z,2,2,,,0,,,,,,
20260412055023_0000_023,20260412055023_0000,20260412055023,特上卓,1,せんざんこうさん,115,2z,risekichu_hokan_tsumogiri,1775940671,2482.516,,0,,"[15,26,30,57,84,90,92,28,14,9]","[22,105,61,66,97,55,104,18,41,85,119,54,87,115]","[24,51,50,73,0,69,4,25,74,68,58,80,23]","[77,63,53,37,78,38,43,134,82,39,132,59,86]",344788m 6p 456s,56m 25578p 44799s 23z,12677m 44699p 113s,1112567p 2234s 77z,3,3,3,,0,,,,,,
20260412055023_0000_024,20260412055023_0000,20260412055023,特上卓,2,欧陽,25,7m,tedashi,1775940675,4737.904,,0,,"[15,26,30,57,84,90,92,28,14,9]","[22,105,61,66,97,55,104,18,41,85,119,54,87]","[24,51,50,73,0,69,4,25,74,68,58,80,23,71]","[77,63,53,37,78,38,43,134,82,39,132,59,86]",344788m 6p 456s,56m 25578p 44799s 3z,12677m 446999p 113s,1112567p 2234s 77z,2,2,2,,1,,,,,,
20260412055023_0000_025,20260412055023_0000,20260412055023,特上卓,3,シゲルペペ,43,2p,tedashi,1775940678,578.221,2512.677,0,,"[15,26,30,57,84,90,92,28,14,9]","[22,105,61,66,97,55,104,18,41,85,119,54,87]","[24,51,50,73,0,69,4,74,68,58,80,23,71]","[77,63,53,37,78,38,43,134,82,39,132,59,86,81]",344788m 6p 456s,56m 25578p 44799s 3z,1267m 446999p 113s,1112567p 22334s 77z,0,0,2,14s,0,,,,,,
20260412055023_0000_026,20260412055023_0000,20260412055023,特上卓,0,s6u,14,4m,tedashi,1775940684,5939.37,,3,731.929,"[15,26,30,57,84,90,92,28,14,9,29]","[22,105,61,66,97,55,104,18,41,85,119,54,87]","[24,51,50,73,0,69,4,74,68,58,80,23,71]","[77,63,53,37,78,38,134,82,39,132,59,86,81]",3447888m 6p 456s,56m 25578p 44799s 3z,1267m 446999p 113s,111567p 22334s 77z,1,1,,,1,,,,,,
20260412055023_0000_027,20260412055023_0000,20260412055023,特上卓,1,せんざんこうさん,119,3z,tedashi,1775940687,1635.734,,0,,"[15,26,30,57,84,90,92,28,9,29]","[22,105,61,66,97,55,104,18,41,85,119,54,87,89]","[24,51,50,73,0,69,4,74,68,58,80,23,71]","[77,63,53,37,78,38,134,82,39,132,59,86,81]",347888m 6p 456s,56m 25578p 445799s 3z,1267m 446999p 113s,111567p 22334s 77z,3,3,3,,0,,,,,,
20260412055023_0000_028,20260412055023_0000,20260412055023,特上卓,2,欧陽,0,1m,tedashi,1775940690,3181.611,,0,,"[15,26,30,57,84,90,92,28,9,29]","[22,105,61,66,97,55,104,18,41,85,54,87,89]","[24,51,50,73,0,69,4,74,68,58,80,23,71,45]","[77,63,53,37,78,38,134,82,39,132,59,86,81]",347888m 6p 456s,56m 25578p 445799s,1267m 3446999p 113s,111567p 22334s 77z,2,2,3,,0,,,,,,
20260412055023_0000_029,20260412055023_0000,20260412055023,特上卓,3,シゲルペペ,31,8m,risekichu_hokan_tsumogiri,1775940691,839.424,,3,4860.214,"[15,26,30,57,84,90,92,28,9,29]","[22,105,61,66,97,55,104,18,41,85,54,87,89]","[24,51,50,73,69,4,74,68,58,80,23,71,45]","[77,63,53,37,78,38,134,82,39,132,59,86,81,31]",347888m 6p 456s,56m 25578p 445799s,267m 3446999p 113s,8m 111567p 22334s 77z,0,0,2,14s,0,,,,,,
20260412055023_0000_030,20260412055023_0000,20260412055023,特上卓,0,s6u,26,7m,tedashi,1775940699,3347.592,,6,382.013,"[15,26,30,57,84,90,92,28,9,29,76]","[22,105,61,66,97,55,104,18,41,85,54,87,89]","[24,51,50,73,69,4,74,68,58,80,23,71,45]","[77,63,53,37,78,38,134,82,39,132,59,86,81]",347888m 6p 2456s,56m 25578p 445799s,267m 3446999p 113s,111567p 22334s 77z,1,1,,,0,,,,,,
20260412055023_0000_031,20260412055023_0000,20260412055023,特上卓,1,せんざんこうさん,105,9s,tedashi,1775940704,4627.8,,0,,"[15,30,57,84,90,92,28,9,29,76]","[22,105,61,66,97,55,104,18,41,85,54,87,89,46]","[24,51,50,73,69,4,74,68,58,80,23,71,45]","[77,63,53,37,78,38,134,82,39,132,59,86,81]",34888m 6p 2456s,56m 235578p 445799s,267m 3446999p 113s,111567p 22334s 77z,3,3,3,,0,,,,,,
20260412055023_0000_032,20260412055023_0000,20260412055023,特上卓,2,欧陽,24,7m,tedashi,1775940712,7861.584,,0,,"[15,30,57,84,90,92,28,9,29,76]","[22,61,66,97,55,104,18,41,85,54,87,89,46]","[24,51,50,73,69,4,74,68,58,80,23,71,45,126]","[77,63,53,37,78,38,134,82,39,132,59,86,81]",34888m 6p 2456s,56m 235578p 44579s,267m 3446999p 113s 5z,111567p 22334s 77z,2,2,3,,0,,,,,,
20260412055023_0000_033,20260412055023_0000,20260412055023,特上卓,3,シゲルペペ,117,3z,risekichu_hokan_tsumogiri,1775940713,887.806,,0,,"[15,30,57,84,90,92,28,9,29,76]","[22,61,66,97,55,104,18,41,85,54,87,89,46]","[51,50,73,69,4,74,68,58,80,23,71,45,126]","[77,63,53,37,78,38,134,82,39,132,59,86,81,117]",34888m 6p 2456s,56m 235578p 44579s,26m 3446999p 113s 5z,111567p 22334s 377z,0,0,2,14s,0,,,,,,
20260412055023_0000_034,20260412055023_0000,20260412055023,特上卓,0,s6u,57,6p,tedashi,1775940724,10814.062,,6,298.267,"[15,30,57,84,90,92,28,9,29,76,19]","[22,61,66,97,55,104,18,41,85,54,87,89,46]","[51,50,73,69,4,74,68,58,80,23,71,45,126]","[77,63,53,37,78,38,134,82,39,132,59,86,81]",345888m 6p 2456s,56m 235578p 44579s,26m 3446999p 113s 5z,111567p 22334s 77z,0,0,,2s,0,,,,,,
20260412055023_0000_035,20260412055023_0000,20260412055023,特上卓,1,せんざんこうさん,55,5p,tedashi,1775940728,4210.32,,6,236.774,"[15,30,84,90,92,28,9,29,76,19]","[22,61,66,97,55,104,18,41,85,54,87,89,46,127]","[51,50,73,69,4,74,68,58,80,23,71,45,126]","[77,63,53,37,78,38,134,82,39,132,59,86,81]",345888m 2456s,56m 235578p 44579s 5z,26m 3446999p 113s 5z,111567p 22334s 77z,3,3,4,,0,,,,,,
20260412055023_0000_036,20260412055023_0000,20260412055023,特上卓,2,欧陽,58,6p,tedashi,1775940729,852.545,,0,,"[15,30,84,90,92,28,9,29,76,19]","[22,61,66,97,104,18,41,85,54,87,89,46,127]","[51,50,73,69,4,74,68,58,80,23,71,45,126,56]","[77,63,53,37,78,38,134,82,39,132,59,86,81]",345888m 2456s,56m 23578p 44579s 5z,26m 34466999p 113s 5z,111567p 22334s 77z,2,3,2,,0,,,,,,
20260412055023_0000_037,20260412055023_0000,20260412055023,特上卓,3,シゲルペペ,35,9m,risekichu_hokan_tsumogiri,1775940730,958.513,,0,,"[15,30,84,90,92,28,9,29,76,19]","[22,61,66,97,104,18,41,85,54,87,89,46,127]","[51,50,73,69,4,74,68,80,23,71,45,126,56]","[77,63,53,37,78,38,134,82,39,132,59,86,81,35]",345888m 2456s,56m 23578p 44579s 5z,26m 3446999p 113s 5z,9m 111567p 22334s 77z,0,0,2,14s,0,,,,,,
20260412055023_0000_038,20260412055023_0000,20260412055023,特上卓,0,s6u,29,8m,tedashi,1775940735,4653.611,,0,,"[15,30,84,90,92,28,9,29,76,19,83]","[22,61,66,97,104,18,41,85,54,87,89,46,127]","[51,50,73,69,4,74,68,80,23,71,45,126,56]","[77,63,53,37,78,38,134,82,39,132,59,86,81]",345888m 23456s,56m 23578p 44579s 5z,26m 3446999p 113s 5z,111567p 22334s 77z,0,0,,147s,0,,,,,,
20260412055023_0000_039,20260412055023_0000,20260412055023,特上卓,1,せんざんこうさん,54,5p,tedashi,1775940736,1683.416,,6,248.071,"[15,30,84,90,92,28,9,76,19,83]","[22,61,66,97,104,18,41,85,54,87,89,46,127,111]","[51,50,73,69,4,74,68,80,23,71,45,126,56]","[77,63,53,37,78,38,134,82,39,132,59,86,81]",34588m 23456s,56m 23578p 44579s 15z,26m 3446999p 113s 5z,111567p 22334s 77z,3,3,5,,0,,,,,,
20260412055023_0000_040,20260412055023_0000,20260412055023,特上卓,2,欧陽,56,6p,tedashi,1775940738,954.02,,0,,"[15,30,84,90,92,28,9,76,19,83]","[22,61,66,97,104,18,41,85,87,89,46,127,111]","[51,50,73,69,4,74,68,80,23,71,45,126,56,13]","[77,63,53,37,78,38,134,82,39,132,59,86,81]",34588m 23456s,56m 2378p 44579s 15z,246m 3446999p 113s 5z,111567p 22334s 77z,2,2,3,,0,,,,,,
20260412055023_0000_041,20260412055023_0000,20260412055023,特上卓,3,シゲルペペ,21,6m,risekichu_hokan_tsumogiri,1775940738,857.185,,3,1510.61,"[15,30,84,90,92,28,9,76,19,83]","[22,61,66,97,104,18,41,85,87,89,46,127,111]","[51,50,73,69,4,74,68,80,23,71,45,126,13]","[77,63,53,37,78,38,134,82,39,132,59,86,81,21]",34588m 23456s,56m 2378p 44579s 15z,246m 344999p 113s 5z,6m 111567p 22334s 77z,0,0,2,14s,0,,,,,,
20260412055023_0000_042,20260412055023_0000,20260412055023,特上卓,0,s6u,3,1m,tsumogiri,1775940741,1273.387,,0,,"[15,30,84,90,92,28,9,76,19,83,3]","[22,61,66,97,104,18,41,85,87,89,46,127,111]","[51,50,73,69,4,74,68,80,23,71,45,126,13]","[77,63,53,37,78,38,134,82,39,132,59,86,81]",134588m 23456s,56m 2378p 44579s 15z,246m 344999p 113s 5z,111567p 22334s 77z,0,0,,147s,0,,,,,,
20260412055023_0000_043,20260412055023_0000,20260412055023,特上卓,1,せんざんこうさん,111,1z,tedashi,1775940744,2559.299,,0,,"[15,30,84,90,92,28,9,76,19,83]","[22,61,66,97,104,18,41,85,87,89,46,127,111,47]","[51,50,73,69,4,74,68,80,23,71,45,126,13]","[77,63,53,37,78,38,134,82,39,132,59,86,81]",34588m 23456s,56m 23378p 44579s 15z,246m 344999p 113s 5z,111567p 22334s 77z,3,3,4,,0,,,,,,
20260412055023_0000_044,20260412055023_0000,20260412055023,特上卓,2,欧陽,23,6m,tedashi,1775940745,1569.052,,0,,"[15,30,84,90,92,28,9,76,19,83]","[22,61,66,97,104,18,41,85,87,89,46,127,47]","[51,50,73,69,4,74,68,80,23,71,45,126,13,95]","[77,63,53,37,78,38,134,82,39,132,59,86,81]",34588m 23456s,56m 23378p 44579s 5z,246m 344999p 1136s 5z,111567p 22334s 77z,3,3,3,,0,,,,,,
20260412055023_0000_045,20260412055023_0000,20260412055023,特上卓,3,シゲルペペ,107,9s,risekichu_hokan_tsumogiri,1775940746,751.645,,0,,"[15,30,84,90,92,28,9,76,19,83]","[22,61,66,97,104,18,41,85,87,89,46,127,47]","[51,50,73,69,4,74,68,80,71,45,126,13,95]","[77,63,53,37,78,38,134,82,39,132,59,86,81,107]",34588m 23456s,56m 23378p 44579s 5z,24m 344999p 1136s 5z,111567p 223349s 77z,0,0,2,14s,0,,,,,,
20260412055023_0000_046,20260412055023_0000,20260412055023,特上卓,0,s6u,100,8s,tsumogiri,1775940750,3747.282,,6,249.494,"[15,30,84,90,92,28,9,76,19,83,100]","[22,61,66,97,104,18,41,85,87,89,46,127,47]","[51,50,73,69,4,74,68,80,71,45,126,13,95]","[77,63,53,37,78,38,134,82,39,132,59,86,81]",34588m 234568s,56m 23378p 44579s 5z,24m 344999p 1136s 5z,111567p 22334s 77z,0,0,,147s,0,,,,,,
20260412055023_0000_047,20260412055023_0000,20260412055023,特上卓,1,せんざんこうさん,41,2p,tedashi,1775940752,1813.511,,6,278.873,"[15,30,84,90,92,28,9,76,19,83]","[22,61,66,97,104,18,41,85,87,89,46,127,47,110]","[51,50,73,69,4,74,68,80,71,45,126,13,95]","[77,63,53,37,78,38,134,82,39,132,59,86,81]",34588m 23456s,56m 23378p 44579s 15z,24m 344999p 1136s 5z,111567p 22334s 77z,3,3,4,,0,,,,,,
20260412055023_0000_048,20260412055023_0000,20260412055023,特上卓,2,欧陽,13,4m,tedashi,1775940754,1906.965,,0,,"[15,30,84,90,92,28,9,76,19,83]","[22,61,66,97,104,18,85,87,89,46,127,47,110]","[51,50,73,69,4,74,68,80,71,45,126,13,95,114]","[77,63,53,37,78,38,134,82,39,132,59,86,81]",34588m 23456s,56m 3378p 44579s 15z,24m 344999p 1136s 25z,111567p 22334s 77z,3,3,3,,0,,,,,,
20260412055023_0000_049,20260412055023_0000,20260412055023,特上卓,3,シゲルペペ,65,8p,risekichu_hokan_tsumogiri,1775940755,797.987,,0,,"[15,30,84,90,92,28,9,76,19,83]","[22,61,66,97,104,18,85,87,89,46,127,47,110]","[51,50,73,69,4,74,68,80,71,45,126,95,114]","[77,63,53,37,78,38,134,82,39,132,59,86,81,65]",34588m 23456s,56m 3378p 44579s 15z,2m 344999p 1136s 25z,1115678p 22334s 77z,0,0,2,14s,0,,,,,,
20260412055023_0000_050,20260412055023_0000,20260412055023,特上卓,0,s6u,5,2m,tsumogiri,1775940760,5006.759,,0,,"[15,30,84,90,92,28,9,76,19,83,5]","[22,61,66,97,104,18,85,87,89,46,127,47,110]","[51,50,73,69,4,74,68,80,71,45,126,95,114]","[77,63,53,37,78,38,134,82,39,132,59,86,81]",234588m 23456s,56m 3378p 44579s 15z,2m 344999p 1136s 25z,111567p 22334s 77z,0,0,,147s,0,,,,,,
20260412055023_0000_051,20260412055023_0000,20260412055023,特上卓,1,せんざんこうさん,110,1z,tedashi,1775940765,4582.46,,0,,"[15,30,84,90,92,28,9,76,19,83]","[22,61,66,97,104,18,85,87,89,46,127,47,110,106]","[51,50,73,69,4,74,68,80,71,45,126,95,114]","[77,63,53,37,78,38,134,82,39,132,59,86,81]",34588m 23456s,56m 3378p 445799s 15z,2m 344999p 1136s 25z,111567p 22334s 77z,3,3,3,,0,,,,,,
20260412055023_0101_011,20260412055023_0101,20260412055023,特上卓,0,s6u,28,8m,tedashi,1775940882,5266.022,,6,495.086,"[28,34,39,40,61,67,76,79,101,103,83]",,,,89m 1278p 22388s,,,,2,2,,,0,,,,,,
20260412055023_0101_012,20260412055023_0101,20260412055023,特上卓,1,せんざんこうさん,128,6z,tedashi,1775940889,6418.587,,0,,"[34,39,40,61,67,76,79,101,103,83]",,,,9m 1278p 22388s,,,,,,,,,,,,,,
20260412055023_0101_013,20260412055023_0101,20260412055023,特上卓,2,欧陽,38,1p,tedashi,1775940895,6137.408,,0,,"[34,39,40,61,67,76,79,101,103,83]",,,,9m 1278p 22388s,,,,,,,,,,,,,,
20260412055023_0101_014,20260412055023_0101,20260412055023,特上卓,3,シゲルペペ,91,5s,tedashi,1775940898,3175.631,,0,,"[34,39,40,61,67,76,79,101,103,83]",,,,9m 1278p 22388s,,,,,,,,,,,,,,
20260412055023_0101_015,20260412055023_0101,20260412055023,特上卓,0,s6u,34,9m,tedashi,1775940900,1941.089,,0,,"[34,39,40,61,67,76,79,101,103,83,37]",,,,9m 11278p 22388s,,,,2,2,,,0,,,,,,
20260412055023_0101_016,20260412055023_0101,20260412055023,特上卓,1,せんざんこうさん,135,7z,tedashi,1775940904,4216.148,,0,,"[39,40,61,67,76,79,101,103,83,37]",,,,11278p 22388s,,,,,,,,,,,,,,
20260412055023_0101_017,20260412055023_0101,20260412055023,特上卓,2,欧陽,70,9p,tedashi,1775940912,7803.429,,0,,"[39,40,61,67,76,79,101,103,83,37]",,,,11278p 22388s,,,,,,,,,,,,,,
20260412055023_0101_018,20260412055023_0101,20260412055023,特上卓,3,シゲルペペ,97,7s,tedashi,1775940916,4164.113,,0,,"[39,40,61,67,76,79,101,103,83,37]",,,,11278p 22388s,,,,,,,,,,,,,,
20260412055023_0101_019,20260412055023_0101,20260412055023,特上卓,0,s6u,94,6s,tsumogiri,1775940920,4042.997,,0,,"[39,40,61,67,76,79,101,103,83,37,94]",,,,11278p 223688s,,,,2,2,,,0,,,,,,
20260412055023_0101_020,20260412055023_0101,20260412055023,特上卓,1,せんざんこうさん,108,1z,tedashi,1775940924,3391.988,,0,,"[39,40,61,67,76,79,101,103,83,37]",,,,11278p 22388s,,,,,,,,,,,,,,
20260412055023_0101_021,20260412055023_0101,20260412055023,特上卓,2,欧陽,66,8p,tedashi,1775940927,3114.496,,0,,"[39,40,61,67,76,79,101,103,83,37]",,,,11278p 22388s,,,,,,,,,,,,,,
20260412055023_0101_022,20260412055023_0101,20260412055023,特上卓,3,シゲルペペ,35,9m,risekichu_hokan_tsumogiri,1775940929,1949.43,,0,,"[39,40,61,67,76,79,101,103,83,37]",,,,11278p 22388s,,,,,,,,,,,,,,
20260412055023_0101_023,20260412055023_0101,20260412055023,特上卓,0,s6u,125,5z,tsumogiri,1775940930,1260.642,,0,,"[39,40,61,67,76,79,101,103,83,37,125]",,,,11278p 22388s 5z,,,,2,2,,,0,,,,,,
20260412055023_0101_024,20260412055023_0101,20260412055023,特上卓,1,せんざんこうさん,95,6s,tedashi,1775940934,3705.846,,6,315.693,"[39,40,61,67,76,79,101,103,83,37]",,,,11278p 22388s,,,,,,,,,,,,,,
20260412055023_0101_025,20260412055023_0101,20260412055023,特上卓,2,欧陽,65,8p,tedashi,1775940935,395.567,1206.978,0,,"[39,40,61,67,76,79,101,103,83,37]",,,,11278p 22388s,,,,,,,,,,,,,,
20260412055023_0101_026,20260412055023_0101,20260412055023,特上卓,3,シゲルペペ,1,1m,risekichu_hokan_tsumogiri,1775940937,1916.037,,0,,"[39,40,61,67,76,79,101,103,83,37]",,,,11278p 22388s,,,,,,,,,,,,,,
20260412055023_0101_027,20260412055023_0101,20260412055023,特上卓,0,s6u,20,6m,tsumogiri,1775940943,5942.519,,1,2263.095,"[39,40,61,67,76,79,101,103,83,37,20]",,,,6m 11278p 22388s,,,,2,2,,,0,,,,,,
20260412055023_0101_028,20260412055023_0101,20260412055023,特上卓,1,せんざんこうさん,109,1z,risekichu_hokan_tsumogiri,1775940948,2452.873,,0,,"[39,40,61,67,76,79,101,103,83,37]",,,,11278p 22388s,,,,,,,,,,,,,,
20260412055023_0101_029,20260412055023_0101,20260412055023,特上卓,2,欧陽,13,4m,risekichu_hokan_tsumogiri,1775940949,823.62,,1,593.27,"[39,40,61,67,76,79,101,103,83,37]",,,,11278p 22388s,,,,,,,,,,,,,,
20260412055023_0101_030,20260412055023_0101,20260412055023,特上卓,3,シゲルペペ,60,7p,risekichu_hokan_tsumogiri,1775940951,1292.694,,0,,"[39,40,61,67,76,79,101,103,83,37]",,,,11278p 22388s,,,,,,,,,,,,,,
20260412055023_0101_031,20260412055023_0101,20260412055023,特上卓,0,s6u,27,7m,tsumogiri,1775940952,1673.759,,6,339.781,"[39,40,61,67,76,79,101,103,83,37,27]",,,,7m 11278p 22388s,,,,2,2,,,0,,,,,,
20260412055023_0101_032,20260412055023_0101,20260412055023,特上卓,1,せんざんこうさん,23,6m,tedashi,1775940955,2272.045,,0,,"[39,40,61,67,76,79,101,103,83,37]",,,,11278p 22388s,,,,,,,,,,,,,,
20260412055023_0101_033,20260412055023_0101,20260412055023,特上卓,2,欧陽,4,2m,risekichu_hokan_tsumogiri,1775940956,713.223,,0,,"[39,40,61,67,76,79,101,103,83,37]",,,,11278p 22388s,,,,,,,,,,,,,,
20260412055023_0101_034,20260412055023_0101,20260412055023,特上卓,3,シゲルペペ,26,7m,tedashi,1775940959,3043.272,,0,,"[39,40,61,67,76,79,101,103,83,37]",,,,11278p 22388s,,,,,,,,,,,,,,
20260412055023_0101_035,20260412055023_0101,20260412055023,特上卓,0,s6u,131,6z,tsumogiri,1775940960,1563.678,,0,,"[39,40,61,67,76,79,101,103,83,37,131]",,,,11278p 22388s 6z,,,,2,2,,,0,,,,,,
20260412055023_0101_036,20260412055023_0101,20260412055023,特上卓,1,せんざんこうさん,5,2m,tedashi,1775940965,4402.364,,0,,"[39,40,61,67,76,79,101,103,83,37]",,,,11278p 22388s,,,,,,,,,,,,,,
20260412055023_0101_037,20260412055023_0101,20260412055023,特上卓,2,欧陽,68,9p,risekichu_hokan_tsumogiri,1775940965,722.896,,0,,"[39,40,61,67,76,79,101,103,83,37]",,,,11278p 22388s,,,,,,,,,,,,,,
20260412055023_0101_038,20260412055023_0101,20260412055023,特上卓,3,シゲルペペ,117,3z,risekichu_hokan_tsumogiri,1775940968,2112.545,,0,,"[39,40,61,67,76,79,101,103,83,37]",,,,11278p 22388s,,,,,,,,,,,,,,
20260412055023_0101_039,20260412055023_0101,20260412055023,特上卓,0,s6u,76,2s,tedashi,1775940970,2798.495,,6,295.362,"[39,40,61,67,76,79,101,103,83,37,84]",,,,11278p 223488s,,,,1,1,,,0,,,,,,
20260412055023_0101_040,20260412055023_0101,20260412055023,特上卓,1,せんざんこうさん,58,6p,tedashi,1775940977,6324.7,,0,,"[39,40,61,67,79,101,103,83,37,84]",,,,11278p 23488s,,,,,,,,,,,,,,
20260412055023_0101_041,20260412055023_0101,20260412055023,特上卓,2,欧陽,126,5z,risekichu_hokan_tsumogiri,1775940978,731.213,,0,,"[39,40,61,67,79,101,103,83,37,84]",,,,11278p 23488s,,,,,,,,,,,,,,
20260412055023_0101_042,20260412055023_0101,20260412055023,特上卓,3,シゲルペペ,127,5z,risekichu_hokan_tsumogiri,1775940980,1934.22,,0,,"[39,40,61,67,79,101,103,83,37,84]",,,,11278p 23488s,,,,,,,,,,,,,,
20260412055023_0101_043,20260412055023_0101,20260412055023,特上卓,0,s6u,21,6m,tsumogiri,1775940982,2029.726,,0,,"[39,40,61,67,79,101,103,83,37,84,21]",,,,6m 11278p 23488s,,,,1,1,,,0,,,,,,
20260412055023_0101_044,20260412055023_0101,20260412055023,特上卓,1,せんざんこうさん,112,2z,risekichu_hokan_tsumogiri,1775940984,2688.112,,0,,"[39,40,61,67,79,101,103,83,37,84]",,,,11278p 23488s,,,,,,,,,,,,,,
20260412055023_0101_045,20260412055023_0101,20260412055023,特上卓,2,欧陽,121,4z,risekichu_hokan_tsumogiri,1775940985,747.802,,0,,"[39,40,61,67,79,101,103,83,37,84]",,,,11278p 23488s,,,,,,,,,,,,,,
20260412055023_0101_046,20260412055023_0101,20260412055023,特上卓,3,シゲルペペ,72,1s,tedashi,1775940989,3628.92,,1,1219.898,"[39,40,61,67,79,101,103,83,37,84]",,,,11278p 23488s,,,,,,,,,,,,,,
20260412055023_0101_047,20260412055023_0101,20260412055023,特上卓,0,s6u,39,1p,tedashi,1775940992,2170.095,,6,228.389,"[39,40,61,67,79,101,103,83,37,84,16]",,,,r5m 11278p 23488s,,,,1,1,,,0,,,,,,
20260412055023_0101_048,20260412055023_0101,20260412055023,特上卓,1,せんざんこうさん,75,1s,tedashi,1775940998,5515.363,,0,,"[40,61,67,79,101,103,83,37,84,16]",,,,r5m 1278p 23488s,,,,,,,,,,,,,,
20260412055023_0101_049,20260412055023_0101,20260412055023,特上卓,2,欧陽,69,9p,risekichu_hokan_tsumogiri,1775940999,718.733,,0,,"[40,61,67,79,101,103,83,37,84,16]",,,,r5m 1278p 23488s,,,,,,,,,,,,,,
20260412055023_0101_050,20260412055023_0101,20260412055023,特上卓,3,シゲルペペ,77,2s,tedashi,1775941014,15380.322,,1,1111.241,"[40,61,67,79,101,103,83,37,84,16]",,,,r5m 1278p 23488s,,,,,,,,,,,,,,
20260412055023_0101_051,20260412055023_0101,20260412055023,特上卓,0,s6u,123,4z,tsumogiri,1775941016,1327.84,,0,,"[40,61,67,79,101,103,83,37,84,16,123]",,,,r5m 1278p 23488s 4z,,,,1,1,,,0,,,,,,
20260412055023_0101_052,20260412055023_0101,20260412055023,特上卓,1,せんざんこうさん,59,6p,risekichu_hokan_tsumogiri,1775941019,2559.21,,0,,"[40,61,67,79,101,103,83,37,84,16]",,,,r5m 1278p 23488s,,,,,,,,,,,,,,
20260412055023_0200_000,20260412055023_0200,20260412055023,特上卓,0,s6u,114,2z,tedashi,1775941032,,,0,,"[57,53,114,65,88,81,118,7,13,55,116,121,101,14]","[62,83,16,17,104,80,67,134,115,77,2,135,109]","[69,92,32,15,1,79,36,25,99,112,120,4,123]","[126,29,89,3,60,47,91,82,63,125,75,5,50]",244m 5568p 3r58s 2334z,1r55m 78p 2339s 1277z,12479m 19p 267s 244z,128m 3477p 1355s 55z,3,3,3,,0,,,,,,
20260412055023_0200_001,20260412055023_0200,20260412055023,特上卓,1,せんざんこうさん,2,1m,tedashi,1775941036,3827.576,,0,,"[57,53,65,88,81,118,7,13,55,116,121,101,14]","[62,83,16,17,104,80,67,134,115,77,2,135,109,87]","[69,92,32,15,1,79,36,25,99,112,120,4,123]","[126,29,89,3,60,47,91,82,63,125,75,5,50]",244m 5568p 3r58s 334z,1r55m 78p 23349s 1277z,12479m 19p 267s 244z,128m 3477p 1355s 55z,3,3,3,,0,,,,,,
20260412055023_0200_002,20260412055023_0200,20260412055023,特上卓,2,欧陽,112,2z,tedashi,1775941039,3159.396,,0,,"[57,53,65,88,81,118,7,13,55,116,121,101,14]","[62,83,16,17,104,80,67,134,115,77,135,109,87]","[69,92,32,15,1,79,36,25,99,112,120,4,123,46]","[126,29,89,3,60,47,91,82,63,125,75,5,50]",244m 5568p 3r58s 334z,r55m 78p 23349s 1277z,12479m 139p 267s 244z,128m 3477p 1355s 55z,3,3,5,,0,,,,,,
20260412055023_0200_003,20260412055023_0200,20260412055023,特上卓,3,シゲルペペ,37,1p,risekichu_hokan_tsumogiri,1775941041,1802.633,,0,,"[57,53,65,88,81,118,7,13,55,116,121,101,14]","[62,83,16,17,104,80,67,134,115,77,135,109,87]","[69,92,32,15,1,79,36,25,99,120,4,123,46]","[126,29,89,3,60,47,91,82,63,125,75,5,50,37]",244m 5568p 3r58s 334z,r55m 78p 23349s 1277z,12479m 139p 267s 44z,128m 13477p 1355s 55z,3,3,3,,0,,,,,,
20260412055023_0200_004,20260412055023_0200,20260412055023,特上卓,0,s6u,121,4z,tedashi,1775941042,1168.626,,6,284.223,"[57,53,65,88,81,118,7,13,55,116,121,101,14,61]","[62,83,16,17,104,80,67,134,115,77,135,109,87]","[69,92,32,15,1,79,36,25,99,120,4,123,46]","[126,29,89,3,60,47,91,82,63,125,75,5,50]",244m 55678p 3r58s 334z,r55m 78p 23349s 1277z,12479m 139p 267s 44z,128m 3477p 1355s 55z,2,2,3,,0,,,,,,
20260412055023_0200_005,20260412055023_0200,20260412055023,特上卓,1,せんざんこうさん,115,2z,tedashi,1775941043,1492.419,,0,,"[57,53,65,88,81,118,7,13,55,116,101,14,61]","[62,83,16,17,104,80,67,134,115,77,135,109,87,107]","[69,92,32,15,1,79,36,25,99,120,4,123,46]","[126,29,89,3,60,47,91,82,63,125,75,5,50]",244m 55678p 3r58s 33z,r55m 78p 233499s 1277z,12479m 139p 267s 44z,128m 3477p 1355s 55z,2,2,2,,0,,,,,,
20260412055023_0200_006,20260412055023_0200,20260412055023,特上卓,2,欧陽,69,9p,tedashi,1775941048,4841.167,,0,,"[57,53,65,88,81,118,7,13,55,116,101,14,61]","[62,83,16,17,104,80,67,134,77,135,109,87,107]","[69,92,32,15,1,79,36,25,99,120,4,123,46,100]","[126,29,89,3,60,47,91,82,63,125,75,5,50]",244m 55678p 3r58s 33z,r55m 78p 233499s 177z,12479m 139p 2678s 44z,128m 3477p 1355s 55z,2,2,5,,0,,,,,,
20260412055023_0200_007,20260412055023_0200,20260412055023,特上卓,3,シゲルペペ,3,1m,tedashi,1775941053,4295.362,,0,,"[57,53,65,88,81,118,7,13,55,116,101,14,61]","[62,83,16,17,104,80,67,134,77,135,109,87,107]","[92,32,15,1,79,36,25,99,120,4,123,46,100]","[126,29,89,3,60,47,91,82,63,125,75,5,50,59]",244m 55678p 3r58s 33z,r55m 78p 233499s 177z,12479m 13p 2678s 44z,128m 34677p 1355s 55z,3,3,3,,0,,,,,,
20260412055023_0200_008,20260412055023_0200,20260412055023,特上卓,0,s6u,116,3z,tedashi,1775941054,1906.902,,0,,"[57,53,65,88,81,118,7,13,55,116,101,14,61,96]","[62,83,16,17,104,80,67,134,77,135,109,87,107]","[92,32,15,1,79,36,25,99,120,4,123,46,100]","[126,29,89,60,47,91,82,63,125,75,5,50,59]",244m 55678p 3r578s 33z,r55m 78p 233499s 177z,12479m 13p 2678s 44z,28m 34677p 1355s 55z,2,2,3,,0,,,,,,
20260412055023_0200_009,20260412055023_0200,20260412055023,特上卓,1,せんざんこうさん,83,3s,tedashi,1775941058,3229.754,,0,,"[57,53,65,88,81,118,7,13,55,101,14,61,96]","[62,83,16,17,104,80,67,134,77,135,109,87,107,103]","[92,32,15,1,79,36,25,99,120,4,123,46,100]","[126,29,89,60,47,91,82,63,125,75,5,50,59]",244m 55678p 3r578s 3z,r55m 78p 2334899s 177z,12479m 13p 2678s 44z,28m 34677p 1355s 55z,2,2,2,,0,,,,,,
20260412055023_0200_010,20260412055023_0200,20260412055023,特上卓,2,欧陽,111,1z,risekichu_hokan_tsumogiri,1775941059,1729.893,,0,,"[57,53,65,88,81,118,7,13,55,101,14,61,96]","[62,16,17,104,80,67,134,77,135,109,87,107,103]","[92,32,15,1,79,36,25,99,120,4,123,46,100,111]","[126,29,89,60,47,91,82,63,125,75,5,50,59]",244m 55678p 3r578s 3z,r55m 78p 234899s 177z,12479m 13p 2678s 144z,28m 34677p 1355s 55z,2,2,5,,0,,,,,,
20260412055023_0200_011,20260412055023_0200,20260412055023,特上卓,3,シゲルペペ,5,2m,tedashi,1775941061,1647.939,,0,,"[57,53,65,88,81,118,7,13,55,101,14,61,96]","[62,16,17,104,80,67,134,77,135,109,87,107,103]","[92,32,15,1,79,36,25,99,120,4,123,46,100]","[126,29,89,60,47,91,82,63,125,75,5,50,59,131]",244m 55678p 3r578s 3z,r55m 78p 234899s 177z,12479m 13p 2678s 44z,28m 34677p 1355s 556z,3,3,3,,0,,,,,,
20260412055023_0200_012,20260412055023_0200,20260412055023,特上卓,0,s6u,118,3z,tedashi,1775941063,2002.777,,0,,"[57,53,65,88,81,118,7,13,55,101,14,61,96,106]","[62,16,17,104,80,67,134,77,135,109,87,107,103]","[92,32,15,1,79,36,25,99,120,4,123,46,100]","[126,29,89,60,47,91,82,63,125,75,50,59,131]",244m 55678p 3r5789s 3z,r55m 78p 234899s 177z,12479m 13p 2678s 44z,8m 34677p 1355s 556z,1,1,4,,0,,,,,,
20260412055023_0200_013,20260412055023_0200,20260412055023,特上卓,1,せんざんこうさん,109,1z,tedashi,1775941067,3420.945,,0,,"[57,53,65,88,81,7,13,55,101,14,61,96,106]","[62,16,17,104,80,67,134,77,135,109,87,107,103,21]","[92,32,15,1,79,36,25,99,120,4,123,46,100]","[126,29,89,60,47,91,82,63,125,75,50,59,131]",244m 55678p 3r5789s,r556m 78p 234899s 177z,12479m 13p 2678s 44z,8m 34677p 1355s 556z,2,2,3,,0,,,,,,
20260412055023_0200_014,20260412055023_0200,20260412055023,特上卓,2,欧陽,1,1m,tedashi,1775941070,3898.76,,0,,"[57,53,65,88,81,7,13,55,101,14,61,96,106]","[62,16,17,104,80,67,134,77,135,87,107,103,21]","[92,32,15,1,79,36,25,99,120,4,123,46,100,78]","[126,29,89,60,47,91,82,63,125,75,50,59,131]",244m 55678p 3r5789s,r556m 78p 234899s 77z,12479m 13p 22678s 44z,8m 34677p 1355s 556z,2,2,4,,0,,,,,,
20260412055023_0200_015,20260412055023_0200,20260412055023,特上卓,3,シゲルペペ,108,1z,risekichu_hokan_tsumogiri,1775941072,1656.96,,0,,"[57,53,65,88,81,7,13,55,101,14,61,96,106]","[62,16,17,104,80,67,134,77,135,87,107,103,21]","[92,32,15,79,36,25,99,120,4,123,46,100,78]","[126,29,89,60,47,91,82,63,125,75,50,59,131,108]",244m 55678p 3r5789s,r556m 78p 234899s 77z,2479m 13p 22678s 44z,8m 34677p 1355s 1556z,3,3,3,,0,,,,,,
20260412055023_0200_016,20260412055023_0200,20260412055023,特上卓,0,s6u,124,5z,tsumogiri,1775941073,1277.163,,2,1071.669,"[57,53,65,88,81,7,13,55,101,14,61,96,106,124]","[62,16,17,104,80,67,134,77,135,87,107,103,21]","[92,32,15,79,36,25,99,120,4,123,46,100,78]","[126,29,89,60,47,91,82,63,125,75,50,59,131]",244m 55678p 3r5789s 5z,r556m 78p 234899s 77z,2479m 13p 22678s 44z,8m 34677p 1355s 556z,1,1,4,,0,,,,,,
20260412055023_0200_017,20260412055023_0200,20260412055023,特上卓,3,シゲルペペ,131,6z,tedashi,1775941075,762.864,,0,,"[57,53,65,88,81,7,13,55,101,14,61,96,106]","[62,16,17,104,80,67,134,77,135,87,107,103,21]","[92,32,15,79,36,25,99,120,4,123,46,100,78]","[29,89,60,47,91,82,63,75,50,59,131]",244m 55678p 3r5789s,r556m 78p 234899s 77z,2479m 13p 22678s 44z,8m 34677p 1355s 6z,2,2,,,0,,,,,,
20260412055023_0200_018,20260412055023_0200,20260412055023,特上卓,0,s6u,13,4m,tedashi,1775941078,600.559,1831.913,3,1678.427,"[57,53,65,88,81,7,13,55,101,14,61,96,106,10]","[62,16,17,104,80,67,134,77,135,87,107,103,21]","[92,32,15,79,36,25,99,120,4,123,46,100,78]","[29,89,60,47,91,82,63,75,50,59]",2344m 55678p 3r5789s,r556m 78p 234899s 77z,2479m 13p 22678s 44z,8m 34677p 1355s,0,0,4,4s,0,,,,,,
20260412055023_0200_019,20260412055023_0200,20260412055023,特上卓,1,せんざんこうさん,110,1z,risekichu_hokan_tsumogiri,1775941081,1653.569,,0,,"[57,53,65,88,81,7,55,101,14,61,96,106,10]","[62,16,17,104,80,67,134,77,135,87,107,103,21,110]","[92,32,15,79,36,25,99,120,4,123,46,100,78]","[29,89,60,47,91,82,63,75,50,59]",234m 55678p 3r5789s,r556m 78p 234899s 177z,2479m 13p 22678s 44z,8m 34677p 1355s,2,2,3,,0,,,,,,
20260412055023_0200_020,20260412055023_0200,20260412055023,特上卓,2,欧陽,120,4z,tedashi,1775941083,1942.832,,0,,"[57,53,65,88,81,7,55,101,14,61,96,106,10]","[62,16,17,104,80,67,134,77,135,87,107,103,21]","[92,32,15,79,36,25,99,120,4,123,46,100,78,6]","[29,89,60,47,91,82,63,75,50,59]",234m 55678p 3r5789s,r556m 78p 234899s 77z,22479m 13p 22678s 44z,8m 34677p 1355s,2,2,3,,0,,,,,,
20260412055023_0200_021,20260412055023_0200,20260412055023,特上卓,3,シゲルペペ,105,9s,risekichu_hokan_tsumogiri,1775941085,2015.718,,3,1680.446,"[57,53,65,88,81,7,55,101,14,61,96,106,10]","[62,16,17,104,80,67,134,77,135,87,107,103,21]","[92,32,15,79,36,25,99,4,123,46,100,78,6]","[29,89,60,47,91,82,63,75,50,59,105]",234m 55678p 3r5789s,r556m 78p 234899s 77z,22479m 13p 22678s 4z,8m 34677p 13559s,2,2,,,0,,,,,,
20260412055023_0200_022,20260412055023_0200,20260412055023,特上卓,0,s6u,70,9p,tsumogiri,1775941087,227.73,,3,1824.382,"[57,53,65,88,81,7,55,101,14,61,96,106,10,70]","[62,16,17,104,80,67,134,77,135,87,107,103,21]","[92,32,15,79,36,25,99,4,123,46,100,78,6]","[29,89,60,47,91,82,63,75,50,59]",234m 556789p 3r5789s,r556m 78p 234899s 77z,22479m 13p 22678s 4z,8m 34677p 1355s,0,0,5,4s,0,,,,,,
20260412055023_0200_023,20260412055023_0200,20260412055023,特上卓,1,せんざんこうさん,107,9s,tedashi,1775941091,2687.1,,6,240.903,"[57,53,65,88,81,7,55,101,14,61,96,106,10]","[62,16,17,104,80,67,134,77,135,87,107,103,21,38]","[92,32,15,79,36,25,99,4,123,46,100,78,6]","[29,89,60,47,91,82,63,75,50,59]",234m 55678p 3r5789s,r556m 178p 234899s 77z,22479m 13p 22678s 4z,8m 34677p 1355s,2,2,3,,0,,,,,,
20260412055023_0200_024,20260412055023_0200,20260412055023,特上卓,2,欧陽,123,4z,tedashi,1775941093,1672.613,,0,,"[57,53,65,88,81,7,55,101,14,61,96,106,10]","[62,16,17,104,80,67,134,77,135,87,103,21,38]","[92,32,15,79,36,25,99,4,123,46,100,78,6,54]","[29,89,60,47,91,82,63,75,50,59]",234m 55678p 3r5789s,r556m 178p 23489s 77z,22479m 135p 22678s 4z,8m 34677p 1355s,2,2,4,,0,,,,,,
20260412055023_0200_025,20260412055023_0200,20260412055023,特上卓,3,シゲルペペ,29,8m,tedashi,1775941096,3084.81,,0,,"[57,53,65,88,81,7,55,101,14,61,96,106,10]","[62,16,17,104,80,67,134,77,135,87,103,21,38]","[92,32,15,79,36,25,99,4,46,100,78,6,54]","[29,89,60,47,91,82,63,75,50,59,52]",234m 55678p 3r5789s,r556m 178p 23489s 77z,22479m 135p 22678s,8m 34r5677p 1355s,1,1,,,0,,,,,,
20260412055023_0200_026,20260412055023_0200,20260412055023,特上卓,0,s6u,27,7m,tsumogiri,1775941097,685.044,,2,3934.571,"[57,53,65,88,81,7,55,101,14,61,96,106,10,27]","[62,16,17,104,80,67,134,77,135,87,103,21,38]","[92,32,15,79,36,25,99,4,46,100,78,6,54]","[89,60,47,91,82,63,75,50,59,52]",2347m 55678p 3r5789s,r556m 178p 23489s 77z,22479m 135p 22678s,34r5677p 1355s,0,0,5,4s,0,,,,,,
20260412055023_0200_027,20260412055023_0200,20260412055023,特上卓,1,せんざんこうさん,38,1p,tedashi,1775941104,2548.092,,0,,"[57,53,65,88,81,7,55,101,14,61,96,106,10]","[62,17,104,80,67,134,77,135,87,103,38]","[92,32,15,79,36,25,99,4,46,100,78,6,54]","[89,60,47,91,82,63,75,50,59,52]",234m 55678p 3r5789s,5m 178p 23489s 77z,22479m 135p 22678s,34r5677p 1355s,1,1,,,0,,,,,,
20260412055023_0200_028,20260412055023_0200,20260412055023,特上卓,2,欧陽,15,4m,tedashi,1775941108,4090.235,,0,,"[57,53,65,88,81,7,55,101,14,61,96,106,10]","[62,17,104,80,67,134,77,135,87,103]","[92,32,15,79,36,25,99,4,46,100,78,6,54,102]","[89,60,47,91,82,63,75,50,59,52]",234m 55678p 3r5789s,5m 78p 23489s 77z,22479m 135p 226788s,34r5677p 1355s,2,2,3,,0,,,,,,
20260412055023_0200_029,20260412055023_0200,20260412055023,特上卓,3,シゲルペペ,75,1s,tedashi,1775941110,2349.018,,0,,"[57,53,65,88,81,7,55,101,14,61,96,106,10]","[62,17,104,80,67,134,77,135,87,103]","[92,32,79,36,25,99,4,46,100,78,6,54,102]","[89,60,47,91,82,63,75,50,59,52,56]",234m 55678p 3r5789s,5m 78p 23489s 77z,2279m 135p 226788s,34r56677p 1355s,1,1,,,0,,,,,,
20260412055023_0200_030,20260412055023_0200,20260412055023,特上卓,0,s6u,98,7s,tsumogiri,1775941111,697.653,,3,2318.147,"[57,53,65,88,81,7,55,101,14,61,96,106,10,98]","[62,17,104,80,67,134,77,135,87,103]","[92,32,79,36,25,99,4,46,100,78,6,54,102]","[89,60,47,91,82,63,50,59,52,56]",234m 55678p 3r57789s,5m 78p 23489s 77z,2279m 135p 226788s,34r56677p 355s,0,0,4,4s,0,,,,,,
20260412055023_0200_031,20260412055023_0200,20260412055023,特上卓,1,せんざんこうさん,104,9s,tedashi,1775941115,1694.88,,6,214.261,"[57,53,65,88,81,7,55,101,14,61,96,106,10]","[62,17,104,80,67,134,77,135,87,103,51]","[92,32,79,36,25,99,4,46,100,78,6,54,102]","[89,60,47,91,82,63,50,59,52,56]",234m 55678p 3r5789s,5m 478p 23489s 77z,2279m 135p 226788s,34r56677p 355s,1,1,,,0,,,,,,
20260412055023_0200_032,20260412055023_0200,20260412055023,特上卓,2,欧陽,99,7s,tedashi,1775941119,3791.607,,0,,"[57,53,65,88,81,7,55,101,14,61,96,106,10]","[62,17,80,67,134,77,135,87,103,51]","[92,32,79,36,25,99,4,46,100,78,6,54,102,26]","[89,60,47,91,82,63,50,59,52,56]",234m 55678p 3r5789s,5m 478p 2348s 77z,22779m 135p 226788s,34r56677p 355s,2,2,2,,0,,,,,,
20260412055023_0200_033,20260412055023_0200,20260412055023,特上卓,3,シゲルペペ,9,3m,risekichu_hokan_tsumogiri,1775941121,2036.063,,3,1972.496,"[57,53,65,88,81,7,55,101,14,61,96,106,10]","[62,17,80,67,134,77,135,87,103,51]","[92,32,79,36,25,4,46,100,78,6,54,102,26]","[89,60,47,91,82,63,50,59,52,56,9]",234m 55678p 3r5789s,5m 478p 2348s 77z,22779m 135p 22688s,3m 34r56677p 355s,1,1,,,0,,,,,,
20260412055023_0200_034,20260412055023_0200,20260412055023,特上卓,0,s6u,117,3z,tsumogiri,1775941123,225.512,,0,,"[57,53,65,88,81,7,55,101,14,61,96,106,10,117]","[62,17,80,67,134,77,135,87,103,51]","[92,32,79,36,25,4,46,100,78,6,54,102,26]","[89,60,47,91,82,63,50,59,52,56]",234m 55678p 3r5789s 3z,5m 478p 2348s 77z,22779m 135p 22688s,34r56677p 355s,0,0,5,4s,0,,,,,,
20260412055023_0200_035,20260412055023_0200,20260412055023,特上卓,1,せんざんこうさん,103,8s,tedashi,1775941127,3639.865,,6,304.929,"[57,53,65,88,81,7,55,101,14,61,96,106,10]","[62,17,80,67,134,77,135,87,103,51,19]","[92,32,79,36,25,4,46,100,78,6,54,102,26]","[89,60,47,91,82,63,50,59,52,56]",234m 55678p 3r5789s,55m 478p 2348s 77z,22779m 135p 22688s,34r56677p 355s,1,1,,,0,,,,,,
20260412055023_0200_036,20260412055023_0200,20260412055023,特上卓,2,欧陽,113,2z,risekichu_hokan_tsumogiri,1775941129,2169.328,,0,,"[57,53,65,88,81,7,55,101,14,61,96,106,10]","[62,17,80,67,134,77,135,87,51,19]","[92,32,79,36,25,4,46,100,78,6,54,102,26,113]","[89,60,47,91,82,63,50,59,52,56]",234m 55678p 3r5789s,55m 478p 234s 77z,22779m 135p 22688s 2z,34r56677p 355s,2,3,2,,0,,,,,,
20260412055023_0200_037,20260412055023_0200,20260412055023,特上卓,3,シゲルペペ,82,3s,tedashi,1775941131,1761.774,,0,,"[57,53,65,88,81,7,55,101,14,61,96,106,10]","[62,17,80,67,134,77,135,87,51,19]","[92,32,79,36,25,4,46,100,78,6,54,102,26]","[89,60,47,91,82,63,50,59,52,56,66]",234m 55678p 3r5789s,55m 478p 234s 77z,22779m 135p 22688s,34r566778p 355s,0,0,,258p,0,,,,,,
20260412055023_0200_038,20260412055023_0200,20260412055023,特上卓,0,s6u,28,8m,tsumogiri,1775941131,685.598,,0,,"[57,53,65,88,81,7,55,101,14,61,96,106,10,28]","[62,17,80,67,134,77,135,87,51,19]","[92,32,79,36,25,4,46,100,78,6,54,102,26]","[89,60,47,91,63,50,59,52,56,66]",2348m 55678p 3r5789s,55m 478p 234s 77z,22779m 135p 22688s,34r566778p 55s,0,0,5,4s,0,,,,,,
20260412055023_0200_039,20260412055023_0200,20260412055023,特上卓,1,せんざんこうさん,12,4m,risekichu_hokan_tsumogiri,1775941135,3575.255,,0,,"[57,53,65,88,81,7,55,101,14,61,96,106,10]","[62,17,80,67,134,77,135,87,51,19,12]","[92,32,79,36,25,4,46,100,78,6,54,102,26]","[89,60,47,91,63,50,59,52,56,66]",234m 55678p 3r5789s,455m 478p 234s 77z,22779m 135p 22688s,34r566778p 55s,1,1,,,0,,,,,,
20260412055023_0200_040,20260412055023_0200,20260412055023,特上卓,2,欧陽,36,1p,tedashi,1775941140,5025.802,,0,,"[57,53,65,88,81,7,55,101,14,61,96,106,10]","[62,17,80,67,134,77,135,87,51,19]","[92,32,79,36,25,4,46,100,78,6,54,102,26,84]","[89,60,47,91,63,50,59,52,56,66]",234m 55678p 3r5789s,55m 478p 234s 77z,22779m 135p 224688s,34r566778p 55s,2,3,2,,0,,,,,,
20260412055023_0200_041,20260412055023_0200,20260412055023,特上卓,3,シゲルペペ,68,9p,risekichu_hokan_tsumogiri,1775941142,1477.521,,0,,"[57,53,65,88,81,7,55,101,14,61,96,106,10]","[62,17,80,67,134,77,135,87,51,19]","[92,32,79,25,4,46,100,78,6,54,102,26,84]","[89,60,47,91,63,50,59,52,56,66,68]",234m 55678p 3r5789s,55m 478p 234s 77z,22779m 35p 224688s,34r5667789p 55s,0,0,,258p,0,,,,,,
20260412055023_0200_042,20260412055023_0200,20260412055023,特上卓,0,s6u,39,1p,tsumogiri,1775941142,705.747,,0,,"[57,53,65,88,81,7,55,101,14,61,96,106,10,39]","[62,17,80,67,134,77,135,87,51,19]","[92,32,79,25,4,46,100,78,6,54,102,26,84]","[89,60,47,91,63,50,59,52,56,66]",234m 155678p 3r5789s,55m 478p 234s 77z,22779m 35p 224688s,34r566778p 55s,0,0,5,4s,0,,,,,,
20260412055023_0200_043,20260412055023_0200,20260412055023,特上卓,1,せんざんこうさん,20,6m,risekichu_hokan_tsumogiri,1775941146,3544.387,,0,,"[57,53,65,88,81,7,55,101,14,61,96,106,10]","[62,17,80,67,134,77,135,87,51,19,20]","[92,32,79,25,4,46,100,78,6,54,102,26,84]","[89,60,47,91,63,50,59,52,56,66]",234m 55678p 3r5789s,556m 478p 234s 77z,22779m 35p 224688s,34r566778p 55s,1,1,,,0,,,,,,
20260412055023_0200_044,20260412055023_0200,20260412055023,特上卓,2,欧陽,0,1m,risekichu_hokan_tsumogiri,1775941149,3276.642,,0,,"[57,53,65,88,81,7,55,101,14,61,96,106,10]","[62,17,80,67,134,77,135,87,51,19]","[92,32,79,25,4,46,100,78,6,54,102,26,84,0]","[89,60,47,91,63,50,59,52,56,66]",234m 55678p 3r5789s,55m 478p 234s 77z,122779m 35p 224688s,34r566778p 55s,2,3,2,,0,,,,,,
20260412055023_0200_045,20260412055023_0200,20260412055023,特上卓,3,シゲルペペ,91,5s,tedashi,1775941151,2180.605,,0,,"[57,53,65,88,81,7,55,101,14,61,96,106,10]","[62,17,80,67,134,77,135,87,51,19]","[92,32,79,25,4,46,100,78,6,54,102,26,84]","[89,60,47,91,63,50,59,52,56,66,58]",234m 55678p 3r5789s,55m 478p 234s 77z,22779m 35p 224688s,34r5666778p 55s,0,0,,,0,,,,,,
20260412055023_0200_046,20260412055023_0200,20260412055023,特上卓,0,s6u,18,5m,tsumogiri,1775941152,694.21,,3,2045.228,"[57,53,65,88,81,7,55,101,14,61,96,106,10,18]","[62,17,80,67,134,77,135,87,51,19]","[92,32,79,25,4,46,100,78,6,54,102,26,84]","[89,60,47,63,50,59,52,56,66,58]",2345m 55678p 3r5789s,55m 478p 234s 77z,22779m 35p 224688s,34r5666778p 5s,0,0,5,4s,0,,,,,,
20260412055023_0200_047,20260412055023_0200,20260412055023,特上卓,1,せんざんこうさん,51,4p,tedashi,1775941157,2600.797,,6,328.486,"[57,53,65,88,81,7,55,101,14,61,96,106,10]","[62,17,80,67,134,77,135,87,51,19,64]","[92,32,79,25,4,46,100,78,6,54,102,26,84]","[89,60,47,63,50,59,52,56,66,58]",234m 55678p 3r5789s,55m 4788p 234s 77z,22779m 35p 224688s,34r5666778p 5s,1,1,,,0,,,,,,
20260412055023_0200_048,20260412055023_0200,20260412055023,特上卓,2,欧陽,84,4s,tedashi,1775941164,6797.085,,0,,"[57,53,65,88,81,7,55,101,14,61,96,106,10]","[62,17,80,67,134,77,135,87,19,64]","[92,32,79,25,4,46,100,78,6,54,102,26,84,95]","[89,60,47,63,50,59,52,56,66,58]",234m 55678p 3r5789s,55m 788p 234s 77z,22779m 35p 2246688s,34r5666778p 5s,1,3,1,,0,,,,,,
20260412055023_0201_000,20260412055023_0201,20260412055023,特上卓,0,s6u,121,4z,tedashi,1775941181,,,0,,"[67,111,93,121,28,96,62,127,11,34,73,40,116,117]","[48,55,81,83,1,92,39,37,132,44,88,95,112]","[19,61,2,65,77,122,17,59,26,108,119,57,101]","[63,64,20,42,58,133,45,109,131,47,86,78,89]",389m 278p 167s 13345z,1m 11345p 33r566s 27z,1557m 6678p 28s 134z,6m 233678p 245s 167z,4,4,5,,0,,,,,,
20260412055023_0201_001,20260412055023_0201,20260412055023,特上卓,1,せんざんこうさん,1,1m,tedashi,1775941184,2813.117,,0,,"[67,111,93,28,96,62,127,11,34,73,40,116,117]","[48,55,81,83,1,92,39,37,132,44,88,95,112,21]","[19,61,2,65,77,122,17,59,26,108,119,57,101]","[63,64,20,42,58,133,45,109,131,47,86,78,89]",389m 278p 167s 1335z,16m 11345p 33r566s 27z,1557m 6678p 28s 134z,6m 233678p 245s 167z,3,3,3,,0,,,,,,
20260412055023_0201_002,20260412055023_0201,20260412055023,特上卓,2,欧陽,122,4z,tedashi,1775941185,1464.854,,0,,"[67,111,93,28,96,62,127,11,34,73,40,116,117]","[48,55,81,83,92,39,37,132,44,88,95,112,21]","[19,61,2,65,77,122,17,59,26,108,119,57,101,76]","[63,64,20,42,58,133,45,109,131,47,86,78,89]",389m 278p 167s 1335z,6m 11345p 33r566s 27z,1557m 6678p 228s 134z,6m 233678p 245s 167z,3,4,3,,0,,,,,,
20260412055023_0201_003,20260412055023_0201,20260412055023,特上卓,3,シゲルペペ,131,6z,tedashi,1775941187,1427.482,,0,,"[67,111,93,28,96,62,127,11,34,73,40,116,117]","[48,55,81,83,92,39,37,132,44,88,95,112,21]","[19,61,2,65,77,17,59,26,108,119,57,101,76]","[63,64,20,42,58,133,45,109,131,47,86,78,89,71]",389m 278p 167s 1335z,6m 11345p 33r566s 27z,1557m 6678p 228s 13z,6m 2336789p 245s 167z,4,4,5,,0,,,,,,
20260412055023_0201_004,20260412055023_0201,20260412055023,特上卓,0,s6u,73,1s,tedashi,1775941189,2613.517,,0,,"[67,111,93,28,96,62,127,11,34,73,40,116,117,53]","[48,55,81,83,92,39,37,132,44,88,95,112,21]","[19,61,2,65,77,17,59,26,108,119,57,101,76]","[63,64,20,42,58,133,45,109,47,86,78,89,71]",389m 2578p 167s 1335z,6m 11345p 33r566s 27z,1557m 6678p 228s 13z,6m 2336789p 245s 17z,4,4,5,,0,,,,,,
20260412055023_0201_005,20260412055023_0201,20260412055023,特上卓,1,せんざんこうさん,132,7z,tedashi,1775941192,2329.609,,0,,"[67,111,93,28,96,62,127,11,34,40,116,117,53]","[48,55,81,83,92,39,37,132,44,88,95,112,21,22]","[19,61,2,65,77,17,59,26,108,119,57,101,76]","[63,64,20,42,58,133,45,109,47,86,78,89,71]",389m 2578p 67s 1335z,66m 11345p 33r566s 27z,1557m 6678p 228s 13z,6m 2336789p 245s 17z,2,2,2,,0,,,,,,
20260412055023_0201_006,20260412055023_0201,20260412055023,特上卓,2,欧陽,2,1m,tedashi,1775941195,3324.479,,0,,"[67,111,93,28,96,62,127,11,34,40,116,117,53]","[48,55,81,83,92,39,37,44,88,95,112,21,22]","[19,61,2,65,77,17,59,26,108,119,57,101,76,30]","[63,64,20,42,58,133,45,109,47,86,78,89,71]",389m 2578p 67s 1335z,66m 11345p 33r566s 2z,15578m 6678p 228s 13z,6m 2336789p 245s 17z,3,3,3,,0,,,,,,
20260412055023_0201_007,20260412055023_0201,20260412055023,特上卓,3,シゲルペペ,109,1z,tedashi,1775941197,1557.103,,0,,"[67,111,93,28,96,62,127,11,34,40,116,117,53]","[48,55,81,83,92,39,37,44,88,95,112,21,22]","[19,61,65,77,17,59,26,108,119,57,101,76,30]","[63,64,20,42,58,133,45,109,47,86,78,89,71,18]",389m 2578p 67s 1335z,66m 11345p 33r566s 2z,5578m 6678p 228s 13z,56m 2336789p 245s 17z,3,3,5,,0,,,,,,
20260412055023_0201_008,20260412055023_0201,20260412055023,特上卓,0,s6u,127,5z,tedashi,1775941201,4141.255,,0,,"[67,111,93,28,96,62,127,11,34,40,116,117,53,8]","[48,55,81,83,92,39,37,44,88,95,112,21,22]","[19,61,65,77,17,59,26,108,119,57,101,76,30]","[63,64,20,42,58,133,45,47,86,78,89,71,18]",3389m 2578p 67s 1335z,66m 11345p 33r566s 2z,5578m 6678p 228s 13z,56m 2336789p 245s 7z,3,3,4,,0,,,,,,
20260412055023_0201_009,20260412055023_0201,20260412055023,特上卓,1,せんざんこうさん,118,3z,risekichu_hokan_tsumogiri,1775941203,2335.602,,3,2132.202,"[67,111,93,28,96,62,11,34,40,116,117,53,8]","[48,55,81,83,92,39,37,44,88,95,112,21,22,118]","[19,61,65,77,17,59,26,108,119,57,101,76,30]","[63,64,20,42,58,133,45,47,86,78,89,71,18]",3389m 2578p 67s 133z,66m 11345p 33r566s 23z,5578m 6678p 228s 13z,56m 2336789p 245s 7z,2,2,2,,0,,,,,,
20260412055023_0201_010,20260412055023_0201,20260412055023,特上卓,2,欧陽,119,3z,tedashi,1775941207,1685.855,,3,1004.439,"[67,111,93,28,96,62,11,34,40,116,117,53,8]","[48,55,81,83,92,39,37,44,88,95,112,21,22]","[19,61,65,77,17,59,26,108,119,57,101,76,30,10]","[63,64,20,42,58,133,45,47,86,78,89,71,18]",3389m 2578p 67s 133z,66m 11345p 33r566s 2z,35578m 6678p 228s 13z,56m 2336789p 245s 7z,3,3,3,,0,,,,,,
20260412055023_0201_011,20260412055023_0201,20260412055023,特上卓,3,シゲルペペ,128,6z,risekichu_hokan_tsumogiri,1775941210,1697.638,,0,,"[67,111,93,28,96,62,11,34,40,116,117,53,8]","[48,55,81,83,92,39,37,44,88,95,112,21,22]","[19,61,65,77,17,59,26,108,57,101,76,30,10]","[63,64,20,42,58,133,45,47,86,78,89,71,18,128]",3389m 2578p 67s 133z,66m 11345p 33r566s 2z,35578m 6678p 228s 1z,56m 2336789p 245s 67z,3,3,5,,0,,,,,,
20260412055023_0201_012,20260412055023_0201,20260412055023,特上卓,0,s6u,116,3z,tedashi,1775941211,1724.162,,0,,"[67,111,93,28,96,62,11,34,40,116,117,53,8,25]","[48,55,81,83,92,39,37,44,88,95,112,21,22]","[19,61,65,77,17,59,26,108,57,101,76,30,10]","[63,64,20,42,58,133,45,47,86,78,89,71,18]",33789m 2578p 67s 133z,66m 11345p 33r566s 2z,35578m 6678p 228s 1z,56m 2336789p 245s 7z,2,2,4,,0,,,,,,
20260412055023_0201_013,20260412055023_0201,20260412055023,特上卓,1,せんざんこうさん,112,2z,tedashi,1775941215,3182.585,,0,,"[67,111,93,28,96,62,11,34,40,117,53,8,25]","[48,55,81,83,92,39,37,44,88,95,112,21,22,103]","[19,61,65,77,17,59,26,108,57,101,76,30,10]","[63,64,20,42,58,133,45,47,86,78,89,71,18]",33789m 2578p 67s 13z,66m 11345p 33r5668s 2z,35578m 6678p 228s 1z,56m 2336789p 245s 7z,2,2,2,,0,,,,,,
20260412055023_0201_014,20260412055023_0201,20260412055023,特上卓,2,欧陽,108,1z,tedashi,1775941217,2616.452,,0,,"[67,111,93,28,96,62,11,34,40,117,53,8,25]","[48,55,81,83,92,39,37,44,88,95,21,22,103]","[19,61,65,77,17,59,26,108,57,101,76,30,10,75]","[63,64,20,42,58,133,45,47,86,78,89,71,18]",33789m 2578p 67s 13z,66m 11345p 33r5668s,35578m 6678p 1228s 1z,56m 2336789p 245s 7z,3,3,3,,0,,,,,,
20260412055023_0201_015,20260412055023_0201,20260412055023,特上卓,3,シゲルペペ,133,7z,tedashi,1775941219,1572.701,,0,,"[67,111,93,28,96,62,11,34,40,117,53,8,25]","[48,55,81,83,92,39,37,44,88,95,21,22,103]","[19,61,65,77,17,59,26,57,101,76,30,10,75]","[63,64,20,42,58,133,45,47,86,78,89,71,18,3]",33789m 2578p 67s 13z,66m 11345p 33r5668s,35578m 6678p 1228s,156m 2336789p 245s 7z,3,3,5,,0,,,,,,
20260412055023_0201_016,20260412055023_0201,20260412055023,特上卓,0,s6u,117,3z,tedashi,1775941221,1744.576,,0,,"[67,111,93,28,96,62,11,34,40,117,53,8,25,70]","[48,55,81,83,92,39,37,44,88,95,21,22,103]","[19,61,65,77,17,59,26,57,101,76,30,10,75]","[63,64,20,42,58,45,47,86,78,89,71,18,3]",33789m 25789p 67s 13z,66m 11345p 33r5668s,35578m 6678p 1228s,156m 2336789p 245s,2,2,5,,0,,,,,,
20260412055023_0201_017,20260412055023_0201,20260412055023,特上卓,1,せんざんこうさん,39,1p,tedashi,1775941223,2151.197,,0,,"[67,111,93,28,96,62,11,34,40,53,8,25,70]","[48,55,81,83,92,39,37,44,88,95,21,22,103,97]","[19,61,65,77,17,59,26,57,101,76,30,10,75]","[63,64,20,42,58,45,47,86,78,89,71,18,3]",33789m 25789p 67s 1z,66m 11345p 33r56678s,35578m 6678p 1228s,156m 2336789p 245s,1,1,2,,0,,,,,,
20260412055023_0201_018,20260412055023_0201,20260412055023,特上卓,2,欧陽,59,6p,tedashi,1775941228,4918.989,,3,1020.108,"[67,111,93,28,96,62,11,34,40,53,8,25,70]","[48,55,81,83,92,37,44,88,95,21,22,103,97]","[19,61,65,77,17,59,26,57,101,76,30,10,75,99]","[63,64,20,42,58,45,47,86,78,89,71,18,3]",33789m 25789p 67s 1z,66m 1345p 33r56678s,35578m 6678p 12278s,156m 2336789p 245s,2,2,3,,0,,,,,,
20260412055023_0201_019,20260412055023_0201,20260412055023,特上卓,3,シゲルペペ,3,1m,tedashi,1775941230,1508.222,,0,,"[67,111,93,28,96,62,11,34,40,53,8,25,70]","[48,55,81,83,92,37,44,88,95,21,22,103,97]","[19,61,65,77,17,26,57,101,76,30,10,75,99]","[63,64,20,42,58,45,47,86,78,89,71,18,3,52]",33789m 25789p 67s 1z,66m 1345p 33r56678s,35578m 678p 12278s,156m 233r56789p 245s,2,2,5,,0,,,,,,
20260412055023_0201_020,20260412055023_0201,20260412055023,特上卓,0,s6u,68,9p,tsumogiri,1775941232,1851.016,,0,,"[67,111,93,28,96,62,11,34,40,53,8,25,70,68]","[48,55,81,83,92,37,44,88,95,21,22,103,97]","[19,61,65,77,17,26,57,101,76,30,10,75,99]","[63,64,20,42,58,45,47,86,78,89,71,18,52]",33789m 257899p 67s 1z,66m 1345p 33r56678s,35578m 678p 12278s,56m 233r56789p 245s,2,2,4,,0,,,,,,
20260412055023_0201_021,20260412055023_0201,20260412055023,特上卓,1,せんざんこうさん,37,1p,tedashi,1775941235,2810.772,,0,,"[67,111,93,28,96,62,11,34,40,53,8,25,70]","[48,55,81,83,92,37,44,88,95,21,22,103,97,51]","[19,61,65,77,17,26,57,101,76,30,10,75,99]","[63,64,20,42,58,45,47,86,78,89,71,18,52]",33789m 25789p 67s 1z,66m 13445p 33r56678s,35578m 678p 12278s,56m 233r56789p 245s,1,1,2,,0,,,,,,
20260412055023_0201_022,20260412055023_0201,20260412055023,特上卓,2,欧陽,75,1s,tedashi,1775941242,7247.301,,0,,"[67,111,93,28,96,62,11,34,40,53,8,25,70]","[48,55,81,83,92,44,88,95,21,22,103,97,51]","[19,61,65,77,17,26,57,101,76,30,10,75,99,105]","[63,64,20,42,58,45,47,86,78,89,71,18,52]",33789m 25789p 67s 1z,66m 3445p 33r56678s,35578m 678p 122789s,56m 233r56789p 245s,1,1,4,,0,,,,,,
20260412055023_0201_023,20260412055023_0201,20260412055023,特上卓,3,シゲルペペ,78,2s,tedashi,1775941244,1981.177,,6,228.88,"[67,111,93,28,96,62,11,34,40,53,8,25,70]","[48,55,81,83,92,44,88,95,21,22,103,97,51]","[19,61,65,77,17,26,57,101,76,30,10,99,105]","[63,64,20,42,58,45,47,86,78,89,71,18,52,16]",33789m 25789p 67s 1z,66m 3445p 33r56678s,35578m 678p 22789s,r556m 233r56789p 245s,2,2,4,,0,,,,,,
20260412055023_0201_024,20260412055023_0201,20260412055023,特上卓,0,s6u,40,2p,tedashi,1775941247,2664.572,,3,6247.836,"[67,111,93,28,96,62,11,34,40,53,8,25,70,5]","[48,55,81,83,92,44,88,95,21,22,103,97,51]","[19,61,65,77,17,26,57,101,76,30,10,99,105]","[63,64,20,42,58,45,47,86,89,71,18,52,16]",233789m 25789p 67s 1z,66m 3445p 33r56678s,35578m 678p 22789s,r556m 233r56789p 45s,2,2,5,,0,,,,,,
20260412055023_0201_025,20260412055023_0201,20260412055023,特上卓,1,せんざんこうさん,51,4p,tedashi,1775941257,4137.142,,0,,"[67,111,93,28,96,62,11,34,53,8,25,70,5]","[48,55,81,83,92,44,88,95,21,22,103,97,51,23]","[19,61,65,77,17,26,57,101,76,30,10,99,105]","[63,64,20,42,58,45,47,86,89,71,18,52,16]",233789m 5789p 67s 1z,666m 3445p 33r56678s,35578m 678p 22789s,r556m 233r56789p 45s,0,0,2,47s,0,,,,,,
20260412055023_0201_026,20260412055023_0201,20260412055023,特上卓,2,欧陽,54,5p,risekichu_hokan_tsumogiri,1775941263,5291.576,,3,1942.481,"[67,111,93,28,96,62,11,34,53,8,25,70,5]","[48,55,81,83,92,44,88,95,21,22,103,97,23]","[19,61,65,77,17,26,57,101,76,30,10,99,105,54]","[63,64,20,42,58,45,47,86,89,71,18,52,16]",233789m 5789p 67s 1z,666m 345p 33r56678s,35578m 5678p 22789s,r556m 233r56789p 45s,1,1,4,,0,,,,,,
20260412055023_0201_027,20260412055023_0201,20260412055023,特上卓,3,シゲルペペ,107,9s,risekichu_hokan_tsumogiri,1775941266,1128.174,,0,,"[67,111,93,28,96,62,11,34,53,8,25,70,5]","[48,55,81,83,92,44,88,95,21,22,103,97,23]","[19,61,65,77,17,26,57,101,76,30,10,99,105]","[63,64,20,42,58,45,47,86,89,71,18,52,16,107]",233789m 5789p 67s 1z,666m 345p 33r56678s,35578m 678p 22789s,r556m 233r56789p 459s,2,2,4,,0,,,,,,
20260412055023_0201_028,20260412055023_0201,20260412055023,特上卓,0,s6u,111,1z,tedashi,1775941268,2175.805,,0,,"[67,111,93,28,96,62,11,34,53,8,25,70,5,87]","[48,55,81,83,92,44,88,95,21,22,103,97,23]","[19,61,65,77,17,26,57,101,76,30,10,99,105]","[63,64,20,42,58,45,47,86,89,71,18,52,16]",233789m 5789p 467s 1z,666m 345p 33r56678s,35578m 678p 22789s,r556m 233r56789p 45s,2,2,5,,0,,,,,,
20260412055023_0201_029,20260412055023_0201,20260412055023,特上卓,1,せんざんこうさん,27,7m,risekichu_hokan_tsumogiri,1775941271,2825.914,,0,,"[67,93,28,96,62,11,34,53,8,25,70,5,87]","[48,55,81,83,92,44,88,95,21,22,103,97,23,27]","[19,61,65,77,17,26,57,101,76,30,10,99,105]","[63,64,20,42,58,45,47,86,89,71,18,52,16]",233789m 5789p 467s,6667m 345p 33r56678s,35578m 678p 22789s,r556m 233r56789p 45s,0,0,3,47s,0,,,,,,
20260412055023_0201_030,20260412055023_0201,20260412055023,特上卓,2,欧陽,19,5m,tedashi,1775941273,737.064,1891.132,2,3363.853,"[67,93,28,96,62,11,34,53,8,25,70,5,87]","[48,55,81,83,92,44,88,95,21,22,103,97,23]","[19,61,65,77,17,26,57,101,76,30,10,99,105,14]","[63,64,20,42,58,45,47,86,89,71,18,52,16]",233789m 5789p 467s,666m 345p 33r56678s,345578m 678p 22789s,r556m 233r56789p 45s,0,0,4,69m,0,,,,,,
20260412055023_0201_031,20260412055023_0201,20260412055023,特上卓,3,シゲルペペ,20,6m,tedashi,1775941279,1876.434,,0,,"[67,93,28,96,62,11,34,53,8,25,70,5,87]","[48,55,81,83,92,44,88,95,21,22,103,97,23]","[61,65,77,17,26,57,101,76,30,10,99,105,14]","[63,64,20,42,58,45,47,86,89,71,52]",233789m 5789p 467s,666m 345p 33r56678s,34578m 678p 22789s,6m 233r56789p 45s,1,1,,,0,,,,,,
20260412055023_0300_000,20260412055023_0300,20260412055023,特上卓,1,せんざんこうさん,117,3z,tedashi,1775941294,,,0,,"[1,73,127,125,87,69,27,106,50,85,13,116,115]","[98,38,15,43,42,89,53,117,101,29,92,5,44,9]","[82,25,105,64,76,109,122,59,24,71,99,52,22]","[32,97,91,104,60,21,80,49,2,12,34,37,63]",147m 49p 1449s 2355z,2348m 12235p 5678s 3z,677m r5689p 2379s 14z,14699m 1477p 3579s,2,2,5,,0,,,,,,
20260412055023_0300_001,20260412055023_0300,20260412055023,特上卓,2,欧陽,122,4z,tedashi,1775941297,3609.42,,0,,"[1,73,127,125,87,69,27,106,50,85,13,116,115]","[98,38,15,43,42,89,53,101,29,92,5,44,9]","[82,25,105,64,76,109,122,59,24,71,99,52,22,119]","[32,97,91,104,60,21,80,49,2,12,34,37,63]",147m 49p 1449s 2355z,2348m 12235p 5678s,677m r5689p 2379s 134z,14699m 1477p 3579s,3,3,5,,0,,,,,,
20260412055023_0300_002,20260412055023_0300,20260412055023,特上卓,3,シゲルペペ,37,1p,tedashi,1775941299,1839.911,,0,,"[1,73,127,125,87,69,27,106,50,85,13,116,115]","[98,38,15,43,42,89,53,101,29,92,5,44,9]","[82,25,105,64,76,109,59,24,71,99,52,22,119]","[32,97,91,104,60,21,80,49,2,12,34,37,63,16]",147m 49p 1449s 2355z,2348m 12235p 5678s,677m r5689p 2379s 13z,14r5699m 1477p 3579s,2,2,4,,0,,,,,,
20260412055023_0300_003,20260412055023_0300,20260412055023,特上卓,0,s6u,116,3z,tedashi,1775941300,1226.151,,0,,"[1,73,127,125,87,69,27,106,50,85,13,116,115,48]","[98,38,15,43,42,89,53,101,29,92,5,44,9]","[82,25,105,64,76,109,59,24,71,99,52,22,119]","[32,97,91,104,60,21,80,49,2,12,34,63,16]",147m 449p 1449s 2355z,2348m 12235p 5678s,677m r5689p 2379s 13z,14r5699m 477p 3579s,3,5,3,,0,,,,,,
20260412055023_0300_004,20260412055023_0300,20260412055023,特上卓,1,せんざんこうさん,29,8m,tedashi,1775941303,2970.506,,6,194.375,"[1,73,127,125,87,69,27,106,50,85,13,115,48]","[98,38,15,43,42,89,53,101,29,92,5,44,9,95]","[82,25,105,64,76,109,59,24,71,99,52,22,119]","[32,97,91,104,60,21,80,49,2,12,34,63,16]",147m 449p 1449s 255z,2348m 12235p 56678s,677m r5689p 2379s 13z,14r5699m 477p 3579s,1,1,4,,0,,,,,,
20260412055023_0300_005,20260412055023_0300,20260412055023,特上卓,2,欧陽,119,3z,tedashi,1775941307,3502.903,,0,,"[1,73,127,125,87,69,27,106,50,85,13,115,48]","[98,38,15,43,42,89,53,101,92,5,44,9,95]","[82,25,105,64,76,109,59,24,71,99,52,22,119,96]","[32,97,91,104,60,21,80,49,2,12,34,63,16]",147m 449p 1449s 255z,234m 12235p 56678s,677m r5689p 23779s 13z,14r5699m 477p 3579s,3,3,4,,0,,,,,,
20260412055023_0300_006,20260412055023_0300,20260412055023,特上卓,3,シゲルペペ,32,9m,tedashi,1775941311,3569.378,,0,,"[1,73,127,125,87,69,27,106,50,85,13,115,48]","[98,38,15,43,42,89,53,101,92,5,44,9,95]","[82,25,105,64,76,109,59,24,71,99,52,22,96]","[32,97,91,104,60,21,80,49,2,12,34,63,16,6]",147m 449p 1449s 255z,234m 12235p 56678s,677m r5689p 23779s 1z,124r5699m 477p 3579s,2,2,4,,0,,,,,,
20260412055023_0300_007,20260412055023_0300,20260412055023,特上卓,0,s6u,1,1m,tedashi,1775941312,1312.131,,6,326.328,"[1,73,127,125,87,69,27,106,50,85,13,115,48,66]","[98,38,15,43,42,89,53,101,92,5,44,9,95]","[82,25,105,64,76,109,59,24,71,99,52,22,96]","[97,91,104,60,21,80,49,2,12,34,63,16,6]",147m 4489p 1449s 255z,234m 12235p 56678s,677m r5689p 23779s 1z,124r569m 477p 3579s,3,4,3,,0,,,,,,
20260412055023_0300_008,20260412055023_0300,20260412055023,特上卓,1,せんざんこうさん,42,2p,tedashi,1775941318,6048.227,,0,,"[73,127,125,87,69,27,106,50,85,13,115,48,66]","[98,38,15,43,42,89,53,101,92,5,44,9,95,93]","[82,25,105,64,76,109,59,24,71,99,52,22,96]","[97,91,104,60,21,80,49,2,12,34,63,16,6]",47m 4489p 1449s 255z,234m 12235p 566678s,677m r5689p 23779s 1z,124r569m 477p 3579s,1,1,4,,0,,,,,,
20260412055023_0300_009,20260412055023_0300,20260412055023,特上卓,2,欧陽,109,1z,tedashi,1775941326,7374.966,,0,,"[73,127,125,87,69,27,106,50,85,13,115,48,66]","[98,38,15,43,89,53,101,92,5,44,9,95,93]","[82,25,105,64,76,109,59,24,71,99,52,22,96,40]","[97,91,104,60,21,80,49,2,12,34,63,16,6]",47m 4489p 1449s 255z,234m 1235p 566678s,677m 2r5689p 23779s 1z,124r569m 477p 3579s,3,3,4,,0,,,,,,
20260412055023_0300_010,20260412055023_0300,20260412055023,特上卓,3,シゲルペペ,118,3z,risekichu_hokan_tsumogiri,1775941328,2163.921,,0,,"[73,127,125,87,69,27,106,50,85,13,115,48,66]","[98,38,15,43,89,53,101,92,5,44,9,95,93]","[82,25,105,64,76,59,24,71,99,52,22,96,40]","[97,91,104,60,21,80,49,2,12,34,63,16,6,118]",47m 4489p 1449s 255z,234m 1235p 566678s,677m 2r5689p 23779s,124r569m 477p 3579s 3z,2,2,5,,0,,,,,,
20260412055023_0300_011,20260412055023_0300,20260412055023,特上卓,0,s6u,106,9s,tedashi,1775941330,1732.132,,6,386.105,"[73,127,125,87,69,27,106,50,85,13,115,48,66,78]","[98,38,15,43,89,53,101,92,5,44,9,95,93]","[82,25,105,64,76,59,24,71,99,52,22,96,40]","[97,91,104,60,21,80,49,2,12,34,63,16,6]",47m 4489p 12449s 255z,234m 1235p 566678s,677m 2r5689p 23779s,124r569m 477p 3579s,3,3,3,,0,,,,,,
20260412055023_0300_012,20260412055023_0300,20260412055023,特上卓,1,せんざんこうさん,53,5p,tedashi,1775941342,12102.213,,0,,"[73,127,125,87,69,27,50,85,13,115,48,66,78]","[98,38,15,43,89,53,101,92,5,44,9,95,93,102]","[82,25,105,64,76,59,24,71,99,52,22,96,40]","[97,91,104,60,21,80,49,2,12,34,63,16,6]",47m 4489p 1244s 255z,234m 1235p 5666788s,677m 2r5689p 23779s,124r569m 477p 3579s,0,0,4,68s,0,,,,,,
20260412055023_0300_013,20260412055023_0300,20260412055023,特上卓,2,欧陽,25,7m,tedashi,1775941346,3575.795,,3,2154.84,"[73,127,125,87,69,27,50,85,13,115,48,66,78]","[98,38,15,43,89,101,92,5,44,9,95,93,102]","[82,25,105,64,76,59,24,71,99,52,22,96,40,36]","[97,91,104,60,21,80,49,2,12,34,63,16,6]",47m 4489p 1244s 255z,234m 123p 5666788s,677m 12r5689p 23779s,124r569m 477p 3579s,3,3,4,,1,,,,,,
20260412055023_0300_014,20260412055023_0300,20260412055023,特上卓,3,シゲルペペ,34,9m,tedashi,1775941349,1134.946,,0,,"[73,127,125,87,69,27,50,85,13,115,48,66,78]","[98,38,15,43,89,101,92,5,44,9,95,93,102]","[82,105,64,76,59,24,71,99,52,22,96,40,36]","[97,91,104,60,21,80,49,2,12,34,63,16,6,135]",47m 4489p 1244s 255z,234m 123p 5666788s,67m 12r5689p 23779s,124r569m 477p 3579s 7z,2,2,5,,0,,,,,,
20260412055023_0300_015,20260412055023_0300,20260412055023,特上卓,0,s6u,131,6z,tsumogiri,1775941351,1910.419,,0,,"[73,127,125,87,69,27,50,85,13,115,48,66,78,131]","[98,38,15,43,89,101,92,5,44,9,95,93,102]","[82,105,64,76,59,24,71,99,52,22,96,40,36]","[97,91,104,60,21,80,49,2,12,63,16,6,135]",47m 4489p 1244s 2556z,234m 123p 5666788s,67m 12r5689p 23779s,124r56m 477p 3579s 7z,3,3,3,,0,,,,,,
20260412055023_0300_016,20260412055023_0300,20260412055023,特上卓,1,せんざんこうさん,120,4z,risekichu_hokan_tsumogiri,1775941353,2196.133,,0,,"[73,127,125,87,69,27,50,85,13,115,48,66,78]","[98,38,15,43,89,101,92,5,44,9,95,93,102,120]","[82,105,64,76,59,24,71,99,52,22,96,40,36]","[97,91,104,60,21,80,49,2,12,63,16,6,135]",47m 4489p 1244s 255z,234m 123p 5666788s 4z,67m 12r5689p 23779s,124r56m 477p 3579s 7z,0,0,4,68s,0,,,,,,
20260412055023_0300_017,20260412055023_0300,20260412055023,特上卓,2,欧陽,132,7z,risekichu_hokan_tsumogiri,1775941355,2219.446,,0,,"[73,127,125,87,69,27,50,85,13,115,48,66,78]","[98,38,15,43,89,101,92,5,44,9,95,93,102]","[82,105,64,76,59,24,71,99,52,22,96,40,36,132]","[97,91,104,60,21,80,49,2,12,63,16,6,135]",47m 4489p 1244s 255z,234m 123p 5666788s,67m 12r5689p 23779s 7z,124r56m 477p 3579s 7z,3,3,5,,0,,,,,,
20260412055023_0300_018,20260412055023_0300,20260412055023,特上卓,3,シゲルペペ,135,7z,tedashi,1775941357,2246.797,,0,,"[73,127,125,87,69,27,50,85,13,115,48,66,78]","[98,38,15,43,89,101,92,5,44,9,95,93,102]","[82,105,64,76,59,24,71,99,52,22,96,40,36]","[97,91,104,60,21,80,49,2,12,63,16,6,135,30]",47m 4489p 1244s 255z,234m 123p 5666788s,67m 12r5689p 23779s,124r568m 477p 3579s 7z,2,2,5,,0,,,,,,
20260412055023_0300_019,20260412055023_0300,20260412055023,特上卓,0,s6u,27,7m,tedashi,1775941363,6041.036,,0,,"[73,127,125,87,69,27,50,85,13,115,48,66,78,112]","[98,38,15,43,89,101,92,5,44,9,95,93,102]","[82,105,64,76,59,24,71,99,52,22,96,40,36]","[97,91,104,60,21,80,49,2,12,63,16,6,30]",47m 4489p 1244s 2255z,234m 123p 5666788s,67m 12r5689p 23779s,124r568m 477p 3579s,2,3,2,,0,,,,,,
20260412055023_0300_020,20260412055023_0300,20260412055023,特上卓,1,せんざんこうさん,113,2z,risekichu_hokan_tsumogiri,1775941366,2275.015,,2,3412.285,"[73,127,125,87,69,50,85,13,115,48,66,78,112]","[98,38,15,43,89,101,92,5,44,9,95,93,102,113]","[82,105,64,76,59,24,71,99,52,22,96,40,36]","[97,91,104,60,21,80,49,2,12,63,16,6,30]",4m 4489p 1244s 2255z,234m 123p 5666788s 2z,67m 12r5689p 23779s,124r568m 477p 3579s,0,0,4,68s,0,,,,,,
20260412055023_0300_021,20260412055023_0300,20260412055023,特上卓,0,s6u,13,4m,tedashi,1775941370,1025.362,,6,268.693,"[73,127,125,87,69,50,85,13,48,66,78]","[98,38,15,43,89,101,92,5,44,9,95,93,102]","[82,105,64,76,59,24,71,99,52,22,96,40,36]","[97,91,104,60,21,80,49,2,12,63,16,6,30]",4m 4489p 1244s 55z,234m 123p 5666788s,67m 12r5689p 23779s,124r568m 477p 3579s,2,2,,,0,,,,,,
20260412055023_0300_022,20260412055023_0300,20260412055023,特上卓,1,せんざんこうさん,121,4z,risekichu_hokan_tsumogiri,1775941372,1906.218,,0,,"[73,127,125,87,69,50,85,48,66,78]","[98,38,15,43,89,101,92,5,44,9,95,93,102,121]","[82,105,64,76,59,24,71,99,52,22,96,40,36]","[97,91,104,60,21,80,49,2,12,63,16,6,30]",4489p 1244s 55z,234m 123p 5666788s 4z,67m 12r5689p 23779s,124r568m 477p 3579s,0,0,4,68s,0,,,,,,
20260412055023_0300_023,20260412055023_0300,20260412055023,特上卓,2,欧陽,133,7z,risekichu_hokan_tsumogiri,1775941374,1889.096,,0,,"[73,127,125,87,69,50,85,48,66,78]","[98,38,15,43,89,101,92,5,44,9,95,93,102]","[82,105,64,76,59,24,71,99,52,22,96,40,36,133]","[97,91,104,60,21,80,49,2,12,63,16,6,30]",4489p 1244s 55z,234m 123p 5666788s,67m 12r5689p 23779s 7z,124r568m 477p 3579s,3,3,5,,0,,,,,,
20260412055023_0300_024,20260412055023_0300,20260412055023,特上卓,3,シゲルペペ,2,1m,tedashi,1775941377,3166.79,,0,,"[73,127,125,87,69,50,85,48,66,78]","[98,38,15,43,89,101,92,5,44,9,95,93,102]","[82,105,64,76,59,24,71,99,52,22,96,40,36]","[97,91,104,60,21,80,49,2,12,63,16,6,30,28]",4489p 1244s 55z,234m 123p 5666788s,67m 12r5689p 23779s,124r5688m 477p 3579s,2,2,4,,0,,,,,,
20260412055023_0300_025,20260412055023_0300,20260412055023,特上卓,0,s6u,78,2s,tedashi,1775941381,3409.092,,0,,"[73,127,125,87,69,50,85,48,66,78,88]","[98,38,15,43,89,101,92,5,44,9,95,93,102]","[82,105,64,76,59,24,71,99,52,22,96,40,36]","[97,91,104,60,21,80,49,12,63,16,6,30,28]",4489p 1244r5s 55z,234m 123p 5666788s,67m 12r5689p 23779s,24r5688m 477p 3579s,2,2,,,0,,,,,,
20260412055023_0301_000,20260412055023_0301,20260412055023,特上卓,1,せんざんこうさん,116,3z,tedashi,1775941392,,,0,,"[38,47,112,70,34,65,74,42,87,126,57,76,105]","[19,37,110,85,116,81,86,93,128,30,63,15,67,25]","[131,88,82,83,99,98,21,102,40,117,106,12,8]","[129,100,52,91,28,75,68,113,125,46,115,71,53]",9m 123689p 1249s 25z,4578m 178p 3446s 136z,346m 2p 33r57789s 36z,8m 3r5599p 158s 2256z,4,4,5,,0,,,,,,
20260412055023_0301_001,20260412055023_0301,20260412055023,特上卓,2,欧陽,117,3z,tedashi,1775941399,7418.453,,0,,"[38,47,112,70,34,65,74,42,87,126,57,76,105]","[19,37,110,85,81,86,93,128,30,63,15,67,25]","[131,88,82,83,99,98,21,102,40,117,106,12,8,0]","[129,100,52,91,28,75,68,113,125,46,115,71,53]",9m 123689p 1249s 25z,4578m 178p 3446s 16z,1346m 2p 33r57789s 36z,8m 3r5599p 158s 2256z,2,2,4,,0,,,,,,
20260412055023_0301_002,20260412055023_0301,20260412055023,特上卓,3,シゲルペペ,75,1s,tedashi,1775941401,1963.647,,0,,"[38,47,112,70,34,65,74,42,87,126,57,76,105]","[19,37,110,85,81,86,93,128,30,63,15,67,25]","[131,88,82,83,99,98,21,102,40,106,12,8,0]","[129,100,52,91,28,75,68,113,125,46,115,71,53,32]",9m 123689p 1249s 25z,4578m 178p 3446s 16z,1346m 2p 33r57789s 6z,89m 3r5599p 158s 2256z,3,4,3,,0,,,,,,
20260412055023_0301_003,20260412055023_0301,20260412055023,特上卓,0,s6u,112,2z,tedashi,1775941403,1953.869,,2,1276.737,"[38,47,112,70,34,65,74,42,87,126,57,76,105,33]","[19,37,110,85,81,86,93,128,30,63,15,67,25]","[131,88,82,83,99,98,21,102,40,106,12,8,0]","[129,100,52,91,28,68,113,125,46,115,71,53,32]",99m 123689p 1249s 25z,4578m 178p 3446s 16z,1346m 2p 33r57789s 6z,89m 3r5599p 58s 2256z,3,3,5,,0,,,,,,
20260412055023_0301_004,20260412055023_0301,20260412055023,特上卓,3,シゲルペペ,100,8s,tedashi,1775941405,753.441,,0,,"[38,47,70,34,65,74,42,87,126,57,76,105,33]","[19,37,110,85,81,86,93,128,30,63,15,67,25]","[131,88,82,83,99,98,21,102,40,106,12,8,0]","[129,100,52,91,28,68,125,46,71,53,32]",99m 123689p 1249s 5z,4578m 178p 3446s 16z,1346m 2p 33r57789s 6z,89m 3r5599p 58s 56z,3,3,,,0,,,,,,
20260412055023_0301_005,20260412055023_0301,20260412055023,特上卓,0,s6u,105,9s,tedashi,1775941406,1358.564,,0,,"[38,47,70,34,65,74,42,87,126,57,76,105,33,60]","[19,37,110,85,81,86,93,128,30,63,15,67,25]","[131,88,82,83,99,98,21,102,40,106,12,8,0]","[129,52,91,28,68,125,46,71,53,32]",99m 1236789p 1249s 5z,4578m 178p 3446s 16z,1346m 2p 33r57789s 6z,89m 3r5599p 5s 56z,2,2,5,,0,,,,,,
20260412055023_0301_006,20260412055023_0301,20260412055023,特上卓,1,せんざんこうさん,37,1p,tedashi,1775941409,2600.018,,0,,"[38,47,70,34,65,74,42,87,126,57,76,33,60]","[19,37,110,85,81,86,93,128,30,63,15,67,25,22]","[131,88,82,83,99,98,21,102,40,106,12,8,0]","[129,52,91,28,68,125,46,71,53,32]",99m 1236789p 124s 5z,45678m 178p 3446s 16z,1346m 2p 33r57789s 6z,89m 3r5599p 5s 56z,3,3,5,,0,,,,,,
20260412055023_0301_007,20260412055023_0301,20260412055023,特上卓,2,欧陽,0,1m,tedashi,1775941412,3394.462,,5,1929.155,"[38,47,70,34,65,74,42,87,126,57,76,33,60]","[19,110,85,81,86,93,128,30,63,15,67,25,22]","[131,88,82,83,99,98,21,102,40,106,12,8,0,111]","[129,52,91,28,68,125,46,71,53,32]",99m 1236789p 124s 5z,45678m 78p 3446s 16z,1346m 2p 33r57789s 16z,89m 3r5599p 5s 56z,2,2,4,,0,,,,,,
20260412055023_0301_008,20260412055023_0301,20260412055023,特上卓,3,シゲルペペ,91,5s,tedashi,1775941416,1333.896,,0,,"[38,47,70,34,65,74,42,87,126,57,76,33,60]","[19,110,85,81,86,93,128,30,63,15,67,25,22]","[131,88,82,83,99,98,21,102,40,106,12,8,111]","[129,52,91,28,68,125,46,71,53,32,51]",99m 1236789p 124s 5z,45678m 78p 3446s 16z,346m 2p 33r57789s 16z,89m 34r5599p 5s 56z,2,2,,,0,,,,,,
20260412055023_0301_009,20260412055023_0301,20260412055023,特上卓,0,s6u,74,1s,tedashi,1775941418,1779.586,,0,,"[38,47,70,34,65,74,42,87,126,57,76,33,60,45]","[19,110,85,81,86,93,128,30,63,15,67,25,22]","[131,88,82,83,99,98,21,102,40,106,12,8,111]","[129,52,28,68,125,46,71,53,32,51]",99m 12336789p 124s 5z,45678m 78p 3446s 16z,346m 2p 33r57789s 16z,89m 34r5599p 56z,2,2,4,,0,,,,,,
20260412055023_0301_010,20260412055023_0301,20260412055023,特上卓,1,せんざんこうさん,128,6z,tedashi,1775941421,3233.685,,0,,"[38,47,70,34,65,42,87,126,57,76,33,60,45]","[19,110,85,81,86,93,128,30,63,15,67,25,22,41]","[131,88,82,83,99,98,21,102,40,106,12,8,111]","[129,52,28,68,125,46,71,53,32,51]",99m 12336789p 24s 5z,45678m 278p 3446s 16z,346m 2p 33r57789s 16z,89m 34r5599p 56z,3,3,5,,0,,,,,,
20260412055023_0301_011,20260412055023_0301,20260412055023,特上卓,2,欧陽,131,6z,tedashi,1775941427,6753.05,,0,,"[38,47,70,34,65,42,87,126,57,76,33,60,45]","[19,110,85,81,86,93,30,63,15,67,25,22,41]","[131,88,82,83,99,98,21,102,40,106,12,8,111,101]","[129,52,28,68,125,46,71,53,32,51]",99m 12336789p 24s 5z,45678m 278p 3446s 1z,346m 2p 33r577889s 16z,89m 34r5599p 56z,3,3,3,,0,,,,,,
20260412055023_0301_012,20260412055023_0301,20260412055023,特上卓,3,シゲルペペ,129,6z,tedashi,1775941431,3488.602,,0,,"[38,47,70,34,65,42,87,126,57,76,33,60,45]","[19,110,85,81,86,93,30,63,15,67,25,22,41]","[88,82,83,99,98,21,102,40,106,12,8,111,101]","[129,52,28,68,125,46,71,53,32,51,59]",99m 12336789p 24s 5z,45678m 278p 3446s 1z,346m 2p 33r577889s 1z,89m 34r55699p 56z,1,1,,,0,,,,,,
20260412055023_0301_013,20260412055023_0301,20260412055023,特上卓,0,s6u,126,5z,tedashi,1775941433,1941.989,,0,,"[38,47,70,34,65,42,87,126,57,76,33,60,45,84]","[19,110,85,81,86,93,30,63,15,67,25,22,41]","[88,82,83,99,98,21,102,40,106,12,8,111,101]","[52,28,68,125,46,71,53,32,51,59]",99m 12336789p 244s 5z,45678m 278p 3446s 1z,346m 2p 33r577889s 1z,89m 34r55699p 5z,2,2,3,,0,,,,,,
20260412055023_0301_014,20260412055023_0301,20260412055023,特上卓,1,せんざんこうさん,110,1z,tedashi,1775941437,4298.858,,0,,"[38,47,70,34,65,42,87,57,76,33,60,45,84]","[19,110,85,81,86,93,30,63,15,67,25,22,41,56]","[88,82,83,99,98,21,102,40,106,12,8,111,101]","[52,28,68,125,46,71,53,32,51,59]",99m 12336789p 244s,45678m 2678p 3446s 1z,346m 2p 33r577889s 1z,89m 34r55699p 5z,2,2,5,,0,,,,,,
20260412055023_0301_015,20260412055023_0301,20260412055023,特上卓,2,欧陽,35,9m,risekichu_hokan_tsumogiri,1775941439,1974.304,,6,211.267,"[38,47,70,34,65,42,87,57,76,33,60,45,84]","[19,85,81,86,93,30,63,15,67,25,22,41,56]","[88,82,83,99,98,21,102,40,106,12,8,111,101,35]","[52,28,68,125,46,71,53,32,51,59]",99m 12336789p 244s,45678m 2678p 3446s,3469m 2p 33r577889s 1z,89m 34r55699p 5z,3,3,3,,0,,,,,,
20260412055023_0301_016,20260412055023_0301,20260412055023,特上卓,3,シゲルペペ,28,8m,tedashi,1775941441,1760.707,,0,,"[38,47,70,34,65,42,87,57,76,33,60,45,84]","[19,85,81,86,93,30,63,15,67,25,22,41,56]","[88,82,83,99,98,21,102,40,106,12,8,111,101]","[52,28,68,125,46,71,53,32,51,59,55]",99m 12336789p 244s,45678m 2678p 3446s,346m 2p 33r577889s 1z,89m 34r555699p 5z,1,1,,,0,,,,,,
20260412055023_0301_017,20260412055023_0301,20260412055023,特上卓,0,s6u,42,2p,tedashi,1775941450,9259.167,,0,,"[38,47,70,34,65,42,87,57,76,33,60,45,84,44]","[19,85,81,86,93,30,63,15,67,25,22,41,56]","[88,82,83,99,98,21,102,40,106,12,8,111,101]","[52,68,125,46,71,53,32,51,59,55]",99m 123336789p 244s,45678m 2678p 3446s,346m 2p 33r577889s 1z,9m 34r555699p 5z,1,1,3,,0,,,,,,
20260412055023_0301_018,20260412055023_0301,20260412055023,特上卓,1,せんざんこうさん,41,2p,tedashi,1775941454,3426.377,,0,,"[38,47,70,34,65,87,57,76,33,60,45,84,44]","[19,85,81,86,93,30,63,15,67,25,22,41,56,90]","[88,82,83,99,98,21,102,40,106,12,8,111,101]","[52,68,125,46,71,53,32,51,59,55]",99m 13336789p 244s,45678m 2678p 34456s,346m 2p 33r577889s 1z,9m 34r555699p 5z,1,1,5,,0,,,,,,
20260412055023_0301_019,20260412055023_0301,20260412055023,特上卓,2,欧陽,40,2p,tedashi,1775941456,2509.716,,2,1173.711,"[38,47,70,34,65,87,57,76,33,60,45,84,44]","[19,85,81,86,93,30,63,15,67,25,22,56,90]","[88,82,83,99,98,21,102,40,106,12,8,111,101,79]","[52,68,125,46,71,53,32,51,59,55]",99m 13336789p 244s,45678m 678p 34456s,346m 2p 233r577889s 1z,9m 34r555699p 5z,3,3,3,,0,,,,,,
20260412055023_0301_020,20260412055023_0301,20260412055023,特上卓,3,シゲルペペ,32,9m,tedashi,1775941460,2172.26,,6,195.835,"[38,47,70,34,65,87,57,76,33,60,45,84,44]","[19,85,81,86,93,30,63,15,67,25,22,56,90]","[88,82,83,99,98,21,102,106,12,8,111,101,79]","[52,68,125,71,53,32,59,55]",99m 13336789p 244s,45678m 678p 34456s,346m 233r577889s 1z,9m r555699p 5z,1,1,,,0,,,,,,
20260412055023_0301_021,20260412055023_0301,20260412055023,特上卓,0,s6u,38,1p,tedashi,1775941461,1174.77,,0,,"[38,47,70,34,65,87,57,76,33,60,45,84,44,78]","[19,85,81,86,93,30,63,15,67,25,22,56,90]","[88,82,83,99,98,21,102,106,12,8,111,101,79]","[52,68,125,71,53,59,55]",99m 13336789p 2244s,45678m 678p 34456s,346m 233r577889s 1z,r555699p 5z,1,1,2,,0,,,,,,
20260412055023_0301_022,20260412055023_0301,20260412055023,特上卓,1,せんざんこうさん,86,4s,tedashi,1775941466,717.859,3789.03,2,3274.838,"[47,70,34,65,87,57,76,33,60,45,84,44,78]","[19,85,81,86,93,30,63,15,67,25,22,56,90,80]","[88,82,83,99,98,21,102,106,12,8,111,101,79]","[52,68,125,71,53,59,55]",99m 3336789p 2244s,45678m 678p 334456s,346m 233r577889s 1z,r555699p 5z,0,0,4,369m,0,,,,,,
20260412055023_0301_023,20260412055023_0301,20260412055023,特上卓,2,欧陽,111,1z,tedashi,1775941470,1627.334,,0,,"[47,70,34,65,87,57,76,33,60,45,84,44,78]","[19,85,81,93,30,63,15,67,25,22,56,90,80]","[83,99,98,21,102,106,12,8,111,101,79]","[52,68,125,71,53,59,55]",99m 3336789p 2244s,45678m 678p 33456s,346m 2377889s 1z,r555699p 5z,2,2,,,0,,,,,,
20260412055023_0301_024,20260412055023_0301,20260412055023,特上卓,3,シゲルペペ,119,3z,risekichu_hokan_tsumogiri,1775941472,1656.59,,0,,"[47,70,34,65,87,57,76,33,60,45,84,44,78]","[19,85,81,93,30,63,15,67,25,22,56,90,80]","[83,99,98,21,102,106,12,8,101,79]","[52,68,125,71,53,59,55,119]",99m 3336789p 2244s,45678m 678p 33456s,346m 2377889s,r555699p 35z,1,1,,,0,,,,,,
20260412055023_0301_025,20260412055023_0301,20260412055023,特上卓,0,s6u,84,4s,tedashi,1775941478,5956.253,,0,,"[47,70,34,65,87,57,76,33,60,45,84,44,78,135]","[19,85,81,93,30,63,15,67,25,22,56,90,80]","[83,99,98,21,102,106,12,8,101,79]","[52,68,125,71,53,59,55]",99m 3336789p 2244s 7z,45678m 678p 33456s,346m 2377889s,r555699p 5z,1,1,2,,0,,,,,,
20260412055023_0301_026,20260412055023_0301,20260412055023,特上卓,1,せんざんこうさん,64,8p,risekichu_hokan_tsumogiri,1775941479,1231.654,,0,,"[47,70,34,65,87,57,76,33,60,45,44,78,135]","[19,85,81,93,30,63,15,67,25,22,56,90,80,64]","[83,99,98,21,102,106,12,8,101,79]","[52,68,125,71,53,59,55]",99m 3336789p 224s 7z,45678m 6788p 33456s,346m 2377889s,r555699p 5z,0,0,4,369m,0,,,,,,
20260412055023_0301_027,20260412055023_0301,20260412055023,特上卓,2,欧陽,106,9s,tedashi,1775941487,7552.155,,0,,"[47,70,34,65,87,57,76,33,60,45,44,78,135]","[19,85,81,93,30,63,15,67,25,22,56,90,80]","[83,99,98,21,102,106,12,8,101,79,13]","[52,68,125,71,53,59,55]",99m 3336789p 224s 7z,45678m 678p 33456s,3446m 2377889s,r555699p 5z,1,1,,,0,,,,,,
20260412055023_0301_028,20260412055023_0301,20260412055023,特上卓,3,シゲルペペ,121,4z,risekichu_hokan_tsumogiri,1775941489,1956.86,,0,,"[47,70,34,65,87,57,76,33,60,45,44,78,135]","[19,85,81,93,30,63,15,67,25,22,56,90,80]","[83,99,98,21,102,12,8,101,79,13]","[52,68,125,71,53,59,55,121]",99m 3336789p 224s 7z,45678m 678p 33456s,3446m 237788s,r555699p 45z,1,1,,,0,,,,,,
20260412055023_0301_029,20260412055023_0301,20260412055023,特上卓,0,s6u,87,4s,tedashi,1775941490,1282.926,,0,,"[47,70,34,65,87,57,76,33,60,45,44,78,135,16]","[19,85,81,93,30,63,15,67,25,22,56,90,80]","[83,99,98,21,102,12,8,101,79,13]","[52,68,125,71,53,59,55]",r599m 3336789p 224s 7z,45678m 678p 33456s,3446m 237788s,r555699p 5z,2,2,3,,0,,,,,,
20260412055023_0301_030,20260412055023_0301,20260412055023,特上卓,1,せんざんこうさん,17,5m,risekichu_hokan_tsumogiri,1775941491,777.438,,2,3241.586,"[47,70,34,65,57,76,33,60,45,44,78,135,16]","[19,85,81,93,30,63,15,67,25,22,56,90,80,17]","[83,99,98,21,102,12,8,101,79,13]","[52,68,125,71,53,59,55]",r599m 3336789p 22s 7z,455678m 678p 33456s,3446m 237788s,r555699p 5z,0,0,4,369m,0,,,,,,
20260412055023_0301_031,20260412055023_0301,20260412055023,特上卓,2,欧陽,83,3s,tedashi,1775941495,1130.61,,0,,"[47,70,34,65,57,76,33,60,45,44,78,135,16]","[19,85,81,93,30,63,15,67,25,22,56,90,80]","[83,99,98,102,8,101,79,13]","[52,68,125,71,53,59,55]",r599m 3336789p 22s 7z,45678m 678p 33456s,34m 237788s,r555699p 5z,1,1,,,0,,,,,,
20260412055023_0301_032,20260412055023_0301,20260412055023,特上卓,3,シゲルペペ,108,1z,risekichu_hokan_tsumogiri,1775941497,1566.484,,0,,"[47,70,34,65,57,76,33,60,45,44,78,135,16]","[19,85,81,93,30,63,15,67,25,22,56,90,80]","[99,98,102,8,101,79,13]","[52,68,125,71,53,59,55,108]",r599m 3336789p 22s 7z,45678m 678p 33456s,34m 27788s,r555699p 15z,1,1,,,0,,,,,,
20260412055023_0301_033,20260412055023_0301,20260412055023,特上卓,0,s6u,16,r5m,tedashi,1775941498,1473.272,,3,1842.253,"[47,70,34,65,57,76,33,60,45,44,78,135,16,7]","[19,85,81,93,30,63,15,67,25,22,56,90,80]","[99,98,102,8,101,79,13]","[52,68,125,71,53,59,55]",2r599m 3336789p 22s 7z,45678m 678p 33456s,34m 27788s,r555699p 5z,2,2,3,,0,,,,,,
20260412055023_0301_034,20260412055023_0301,20260412055023,特上卓,1,せんざんこうさん,123,4z,risekichu_hokan_tsumogiri,1775941500,274.696,,0,,"[47,70,34,65,57,76,33,60,45,44,78,135,7]","[19,85,81,93,30,63,15,67,25,22,56,90,80,123]","[99,98,102,8,101,79,13]","[52,68,125,71,53,59,55]",299m 3336789p 22s 7z,45678m 678p 33456s 4z,34m 27788s,r555699p 5z,0,0,5,369m,0,,,,,,
20260412055023_0301_035,20260412055023_0301,20260412055023,特上卓,2,欧陽,79,2s,tedashi,1775941503,2695.55,,2,2466.608,"[47,70,34,65,57,76,33,60,45,44,78,135,7]","[19,85,81,93,30,63,15,67,25,22,56,90,80]","[99,98,102,8,101,79,13,9]","[52,68,125,71,53,59,55]",299m 3336789p 22s 7z,45678m 678p 33456s,334m 27788s,r555699p 5z,1,1,,,0,,,,,,
20260412055023_0301_036,20260412055023_0301,20260412055023,特上卓,0,s6u,7,2m,tedashi,1775941507,1133.917,,0,,"[47,70,34,65,57,33,60,45,44,135,7]","[19,85,81,93,30,63,15,67,25,22,56,90,80]","[99,98,102,8,101,13,9]","[52,68,125,71,53,59,55]",299m 3336789p 7z,45678m 678p 33456s,334m 7788s,r555699p 5z,1,1,,,0,,,,,,
20260412055023_0301_037,20260412055023_0301,20260412055023,特上卓,1,せんざんこうさん,94,6s,risekichu_hokan_tsumogiri,1775941507,737.806,,3,4011.325,"[47,70,34,65,57,33,60,45,44,135]","[19,85,81,93,30,63,15,67,25,22,56,90,80,94]","[99,98,102,8,101,13,9]","[52,68,125,71,53,59,55]",99m 3336789p 7z,45678m 678p 334566s,334m 7788s,r555699p 5z,0,0,4,369m,0,,,,,,
20260412055023_0301_038,20260412055023_0301,20260412055023,特上卓,2,欧陽,99,7s,tedashi,1775941521,9508.332,,0,,"[47,70,34,65,57,33,60,45,44,135]","[19,85,81,93,30,63,15,67,25,22,56,90,80]","[99,98,102,8,101,13,9,69]","[52,68,125,71,53,59,55]",99m 3336789p 7z,45678m 678p 33456s,334m 9p 7788s,r555699p 5z,1,1,,,0,,,,,,
20260412055023_0301_039,20260412055023_0301,20260412055023,特上卓,3,シゲルペペ,125,5z,tedashi,1775941522,1423.196,,0,,"[47,70,34,65,57,33,60,45,44,135]","[19,85,81,93,30,63,15,67,25,22,56,90,80]","[98,102,8,101,13,9,69]","[52,68,125,71,53,59,55,107]",99m 3336789p 7z,45678m 678p 33456s,334m 9p 788s,r555699p 9s 5z,1,1,,,0,,,,,,
20260412055023_0301_040,20260412055023_0301,20260412055023,特上卓,0,s6u,130,6z,tsumogiri,1775941525,3043.048,,0,,"[47,70,34,65,57,33,60,45,44,135,130]","[19,85,81,93,30,63,15,67,25,22,56,90,80]","[98,102,8,101,13,9,69]","[52,68,71,53,59,55,107]",99m 3336789p 67z,45678m 678p 33456s,334m 9p 788s,r555699p 9s,1,1,,,0,,,,,,
20260412055023_0301_041,20260412055023_0301,20260412055023,特上卓,1,せんざんこうさん,77,2s,risekichu_hokan_tsumogiri,1775941527,1283.502,,0,,"[47,70,34,65,57,33,60,45,44,135]","[19,85,81,93,30,63,15,67,25,22,56,90,80,77]","[98,102,8,101,13,9,69]","[52,68,71,53,59,55,107]",99m 3336789p 7z,45678m 678p 233456s,334m 9p 788s,r555699p 9s,0,0,5,369m,0,,,,,,
20260412055023_0301_042,20260412055023_0301,20260412055023,特上卓,2,欧陽,98,7s,tedashi,1775941528,1271.086,,0,,"[47,70,34,65,57,33,60,45,44,135]","[19,85,81,93,30,63,15,67,25,22,56,90,80]","[98,102,8,101,13,9,69,120]","[52,68,71,53,59,55,107]",99m 3336789p 7z,45678m 678p 33456s,334m 9p 788s 4z,r555699p 9s,2,2,,,0,,,,,,
20260412055023_0301_043,20260412055023_0301,20260412055023,特上卓,3,シゲルペペ,6,2m,risekichu_hokan_tsumogiri,1775941530,2494.292,,0,,"[47,70,34,65,57,33,60,45,44,135]","[19,85,81,93,30,63,15,67,25,22,56,90,80]","[102,8,101,13,9,69,120]","[52,68,71,53,59,55,107,6]",99m 3336789p 7z,45678m 678p 33456s,334m 9p 88s 4z,2m r555699p 9s,1,1,,,0,,,,,,
20260412055023_0301_044,20260412055023_0301,20260412055023,特上卓,0,s6u,122,4z,tsumogiri,1775941537,6070.996,,0,,"[47,70,34,65,57,33,60,45,44,135,122]","[19,85,81,93,30,63,15,67,25,22,56,90,80]","[102,8,101,13,9,69,120]","[52,68,71,53,59,55,107]",99m 3336789p 47z,45678m 678p 33456s,334m 9p 88s 4z,r555699p 9s,1,1,,,0,,,,,,
20260412055023_0301_045,20260412055023_0301,20260412055023,特上卓,1,せんざんこうさん,26,7m,risekichu_hokan_tsumogiri,1775941538,1427.199,,5,2348.131,"[47,70,34,65,57,33,60,45,44,135]","[19,85,81,93,30,63,15,67,25,22,56,90,80,26]","[102,8,101,13,9,69,120]","[52,68,71,53,59,55,107]",99m 3336789p 7z,456778m 678p 33456s,334m 9p 88s 4z,r555699p 9s,0,0,4,369m,0,,,,,,
20260412055023_0301_046,20260412055023_0301,20260412055023,特上卓,2,欧陽,120,4z,tedashi,1775941542,1644.599,,0,,"[47,70,34,65,57,33,60,45,44,135]","[19,85,81,93,30,63,15,67,25,22,56,90,80]","[102,8,101,13,9,69,120,127]","[52,68,71,53,59,55,107]",99m 3336789p 7z,45678m 678p 33456s,334m 9p 88s 45z,r555699p 9s,2,2,,,0,,,,,,
20260412055023_0301_047,20260412055023_0301,20260412055023,特上卓,3,シゲルペペ,107,9s,tedashi,1775941544,2344.033,,0,,"[47,70,34,65,57,33,60,45,44,135]","[19,85,81,93,30,63,15,67,25,22,56,90,80]","[102,8,101,13,9,69,127]","[52,68,71,53,59,55,107,23]",99m 3336789p 7z,45678m 678p 33456s,334m 9p 88s 5z,6m r555699p 9s,1,1,,,0,,,,,,
20260412055023_0301_048,20260412055023_0301,20260412055023,特上卓,0,s6u,89,5s,tsumogiri,1775941559,14502.451,,0,,"[47,70,34,65,57,33,60,45,44,135,89]","[19,85,81,93,30,63,15,67,25,22,56,90,80]","[102,8,101,13,9,69,127]","[52,68,71,53,59,55,23]",99m 3336789p 5s 7z,45678m 678p 33456s,334m 9p 88s 5z,6m r555699p,1,1,,,0,,,,,,
20260412055023_0301_049,20260412055023_0301,20260412055023,特上卓,1,せんざんこうさん,27,7m,risekichu_hokan_tsumogiri,1775941560,855.306,,0,,"[47,70,34,65,57,33,60,45,44,135]","[19,85,81,93,30,63,15,67,25,22,56,90,80,27]","[102,8,101,13,9,69,127]","[52,68,71,53,59,55,23]",99m 3336789p 7z,456778m 678p 33456s,334m 9p 88s 5z,6m r555699p,0,0,4,369m,0,,,,,,
20260412055023_0301_050,20260412055023_0301,20260412055023,特上卓,2,欧陽,127,5z,tedashi,1775941565,5542.672,,0,,"[47,70,34,65,57,33,60,45,44,135]","[19,85,81,93,30,63,15,67,25,22,56,90,80]","[102,8,101,13,9,69,127,43]","[52,68,71,53,59,55,23]",99m 3336789p 7z,45678m 678p 33456s,334m 29p 88s 5z,6m r555699p,2,2,,,0,,,,,,
20260412055023_0301_051,20260412055023_0301,20260412055023,特上卓,3,シゲルペペ,24,7m,risekichu_hokan_tsumogiri,1775941568,2348.117,,0,,"[47,70,34,65,57,33,60,45,44,135]","[19,85,81,93,30,63,15,67,25,22,56,90,80]","[102,8,101,13,9,69,43]","[52,68,71,53,59,55,23,24]",99m 3336789p 7z,45678m 678p 33456s,334m 29p 88s,67m r555699p,0,0,,,0,,,,,,
20260412055023_0301_052,20260412055023_0301,20260412055023,特上卓,0,s6u,65,8p,tedashi,1775941575,7417.362,,0,,"[47,70,34,65,57,33,60,45,44,135,20]","[19,85,81,93,30,63,15,67,25,22,56,90,80]","[102,8,101,13,9,69,43]","[52,68,71,53,59,55,23]",699m 3336789p 7z,45678m 678p 33456s,334m 29p 88s,6m r555699p,1,1,,,0,,,,,,
20260412055023_0301_053,20260412055023_0301,20260412055023,特上卓,1,せんざんこうさん,133,7z,risekichu_hokan_tsumogiri,1775941576,1393.928,,0,,"[47,70,34,57,33,60,45,44,135,20]","[19,85,81,93,30,63,15,67,25,22,56,90,80,133]","[102,8,101,13,9,69,43]","[52,68,71,53,59,55,23]",699m 333679p 7z,45678m 678p 33456s 7z,334m 29p 88s,6m r555699p,0,0,5,369m,0,,,,,,
20260412055023_0301_054,20260412055023_0301,20260412055023,特上卓,2,欧陽,18,5m,risekichu_hokan_tsumogiri,1775941579,2958.64,,0,,"[47,70,34,57,33,60,45,44,135,20]","[19,85,81,93,30,63,15,67,25,22,56,90,80]","[102,8,101,13,9,69,43,18]","[52,68,71,53,59,55,23]",699m 333679p 7z,45678m 678p 33456s,3345m 29p 88s,6m r555699p,1,1,,,0,,,,,,
20260412055023_0301_055,20260412055023_0301,20260412055023,特上卓,3,シゲルペペ,134,7z,risekichu_hokan_tsumogiri,1775941581,2053.959,,0,,"[47,70,34,57,33,60,45,44,135,20]","[19,85,81,93,30,63,15,67,25,22,56,90,80]","[102,8,101,13,9,69,43]","[52,68,71,53,59,55,23,134]",699m 333679p 7z,45678m 678p 33456s,334m 29p 88s,6m r555699p 7z,1,1,,,0,,,,,,
20260412055023_0301_056,20260412055023_0301,20260412055023,特上卓,0,s6u,135,7z,tedashi,1775941583,1137.904,,0,,"[47,70,34,57,33,60,45,44,135,20,96]","[19,85,81,93,30,63,15,67,25,22,56,90,80]","[102,8,101,13,9,69,43]","[52,68,71,53,59,55,23]",699m 333679p 7s 7z,45678m 678p 33456s,334m 29p 88s,6m r555699p,2,2,,,0,,,,,,
20260412055023_0301_057,20260412055023_0301,20260412055023,特上卓,1,せんざんこうさん,5,2m,risekichu_hokan_tsumogiri,1775941584,1543.206,,3,1463.655,"[47,70,34,57,33,60,45,44,20,96]","[19,85,81,93,30,63,15,67,25,22,56,90,80,5]","[102,8,101,13,9,69,43]","[52,68,71,53,59,55,23]",699m 333679p 7s,245678m 678p 33456s,334m 29p 88s,6m r555699p,0,0,5,369m,0,,,,,,
20260412055023_0301_058,20260412055023_0301,20260412055023,特上卓,2,欧陽,43,2p,tedashi,1775941595,9470.196,,0,,"[47,70,34,57,33,60,45,44,20,96]","[19,85,81,93,30,63,15,67,25,22,56,90,80]","[102,8,101,13,9,69,43,50]","[52,68,71,53,59,55,23]",699m 333679p 7s,45678m 678p 33456s,334m 249p 88s,6m r555699p,1,1,,,0,,,,,,
20260412055023_0301_059,20260412055023_0301,20260412055023,特上卓,3,シゲルペペ,39,1p,risekichu_hokan_tsumogiri,1775941597,2360.556,,0,,"[47,70,34,57,33,60,45,44,20,96]","[19,85,81,93,30,63,15,67,25,22,56,90,80]","[102,8,101,13,9,69,50]","[52,68,71,53,59,55,23,39]",699m 333679p 7s,45678m 678p 33456s,334m 49p 88s,6m 1r555699p,1,1,,,0,,,,,,
20260412055023_0301_060,20260412055023_0301,20260412055023,特上卓,0,s6u,96,7s,tedashi,1775941601,3549.857,,0,,"[47,70,34,57,33,60,45,44,20,96,48]","[19,85,81,93,30,63,15,67,25,22,56,90,80]","[102,8,101,13,9,69,50]","[52,68,71,53,59,55,23]",699m 3334679p 7s,45678m 678p 33456s,334m 49p 88s,6m r555699p,1,1,,,0,,,,,,
20260412055023_0301_061,20260412055023_0301,20260412055023,特上卓,1,せんざんこうさん,72,1s,risekichu_hokan_tsumogiri,1775941602,1227.401,,0,,"[47,70,34,57,33,60,45,44,20,48]","[19,85,81,93,30,63,15,67,25,22,56,90,80,72]","[102,8,101,13,9,69,50]","[52,68,71,53,59,55,23]",699m 3334679p,45678m 678p 133456s,334m 49p 88s,6m r555699p,0,0,5,369m,0,,,,,,
20260412055023_0301_062,20260412055023_0301,20260412055023,特上卓,2,欧陽,95,6s,risekichu_hokan_tsumogiri,1775941604,2077.149,,0,,"[47,70,34,57,33,60,45,44,20,48]","[19,85,81,93,30,63,15,67,25,22,56,90,80]","[102,8,101,13,9,69,50,95]","[52,68,71,53,59,55,23]",699m 3334679p,45678m 678p 33456s,334m 49p 688s,6m r555699p,2,2,,,0,,,,,,
20260412055023_0301_063,20260412055023_0301,20260412055023,特上卓,3,シゲルペペ,23,6m,tedashi,1775941606,2259.671,,0,,"[47,70,34,57,33,60,45,44,20,48]","[19,85,81,93,30,63,15,67,25,22,56,90,80]","[102,8,101,13,9,69,50]","[52,68,71,53,59,55,23,58]",699m 3334679p,45678m 678p 33456s,334m 49p 88s,6m r5556699p,0,0,,69p,0,,,,,,
20260412055023_0302_000,20260412055023_0302,20260412055023,特上卓,1,せんざんこうさん,69,9p,tedashi,1775941625,,,0,,"[111,40,134,83,52,29,107,102,50,51,125,80,117]","[17,19,7,79,81,82,97,32,23,69,15,57,112,91]","[28,35,18,122,77,114,120,38,95,11,31,129,94]","[24,53,116,60,131,133,128,67,88,49,130,55,39]",8m 244r5p 3389s 1357z,245569m 69p 23357s 2z,35889m 1p 266s 2446z,7m 145578p r5s 36667z,4,4,4,,0,,,,,,
20260412055023_0302_001,20260412055023_0302,20260412055023,特上卓,2,欧陽,38,1p,tedashi,1775941628,3893.053,,0,,"[111,40,134,83,52,29,107,102,50,51,125,80,117]","[17,19,7,79,81,82,97,32,23,15,57,112,91]","[28,35,18,122,77,114,120,38,95,11,31,129,94,54]","[24,53,116,60,131,133,128,67,88,49,130,55,39]",8m 244r5p 3389s 1357z,245569m 6p 23357s 2z,35889m 15p 266s 2446z,7m 145578p r5s 36667z,3,4,3,,0,,,,,,
20260412055023_0302_002,20260412055023_0302,20260412055023,特上卓,3,シゲルペペ,39,1p,tedashi,1775941631,2761.992,,0,,"[111,40,134,83,52,29,107,102,50,51,125,80,117]","[17,19,7,79,81,82,97,32,23,15,57,112,91]","[28,35,18,122,77,114,120,95,11,31,129,94,54]","[24,53,116,60,131,133,128,67,88,49,130,55,39,21]",8m 244r5p 3389s 1357z,245569m 6p 23357s 2z,35889m 5p 266s 2446z,67m 145578p r5s 36667z,3,3,4,,0,,,,,,
20260412055023_0302_003,20260412055023_0302,20260412055023,特上卓,0,s6u,117,3z,tedashi,1775941633,1459.29,,0,,"[111,40,134,83,52,29,107,102,50,51,125,80,117,115]","[17,19,7,79,81,82,97,32,23,15,57,112,91]","[28,35,18,122,77,114,120,95,11,31,129,94,54]","[24,53,116,60,131,133,128,67,88,49,130,55,21]",8m 244r5p 3389s 12357z,245569m 6p 23357s 2z,35889m 5p 266s 2446z,67m 45578p r5s 36667z,4,4,4,,0,,,,,,
20260412055023_0302_004,20260412055023_0302,20260412055023,特上卓,1,せんざんこうさん,32,9m,tedashi,1775941635,2219.658,,0,,"[111,40,134,83,52,29,107,102,50,51,125,80,115]","[17,19,7,79,81,82,97,32,23,15,57,112,91,87]","[28,35,18,122,77,114,120,95,11,31,129,94,54]","[24,53,116,60,131,133,128,67,88,49,130,55,21]",8m 244r5p 3389s 1257z,245569m 6p 233457s 2z,35889m 5p 266s 2446z,67m 45578p r5s 36667z,3,3,4,,0,,,,,,
20260412055023_0302_005,20260412055023_0302,20260412055023,特上卓,2,欧陽,37,1p,risekichu_hokan_tsumogiri,1775941637,1953.528,,0,,"[111,40,134,83,52,29,107,102,50,51,125,80,115]","[17,19,7,79,81,82,97,23,15,57,112,91,87]","[28,35,18,122,77,114,120,95,11,31,129,94,54,37]","[24,53,116,60,131,133,128,67,88,49,130,55,21]",8m 244r5p 3389s 1257z,24556m 6p 233457s 2z,35889m 15p 266s 2446z,67m 45578p r5s 36667z,3,4,3,,0,,,,,,
20260412055023_0302_006,20260412055023_0302,20260412055023,特上卓,3,シゲルペペ,116,3z,tedashi,1775941638,1640.556,,0,,"[111,40,134,83,52,29,107,102,50,51,125,80,115]","[17,19,7,79,81,82,97,23,15,57,112,91,87]","[28,35,18,122,77,114,120,95,11,31,129,94,54]","[24,53,116,60,131,133,128,67,88,49,130,55,21,45]",8m 244r5p 3389s 1257z,24556m 6p 233457s 2z,35889m 5p 266s 2446z,67m 345578p r5s 36667z,2,2,4,,0,,,,,,
20260412055023_0302_007,20260412055023_0302,20260412055023,特上卓,0,s6u,125,5z,tedashi,1775941640,1701.551,,0,,"[111,40,134,83,52,29,107,102,50,51,125,80,115,26]","[17,19,7,79,81,82,97,23,15,57,112,91,87]","[28,35,18,122,77,114,120,95,11,31,129,94,54]","[24,53,60,131,133,128,67,88,49,130,55,21,45]",78m 244r5p 3389s 1257z,24556m 6p 233457s 2z,35889m 5p 266s 2446z,67m 345578p r5s 6667z,3,3,4,,0,,,,,,
20260412055023_0302_008,20260412055023_0302,20260412055023,特上卓,1,せんざんこうさん,112,2z,tedashi,1775941642,1870.24,,0,,"[111,40,134,83,52,29,107,102,50,51,80,115,26]","[17,19,7,79,81,82,97,23,15,57,112,91,87,110]","[28,35,18,122,77,114,120,95,11,31,129,94,54]","[24,53,60,131,133,128,67,88,49,130,55,21,45]",78m 244r5p 3389s 127z,24556m 6p 233457s 12z,35889m 5p 266s 2446z,67m 345578p r5s 6667z,3,3,4,,0,,,,,,
20260412055023_0302_009,20260412055023_0302,20260412055023,特上卓,2,欧陽,71,9p,risekichu_hokan_tsumogiri,1775941644,2220.426,,3,1220.732,"[111,40,134,83,52,29,107,102,50,51,80,115,26]","[17,19,7,79,81,82,97,23,15,57,91,87,110]","[28,35,18,122,77,114,120,95,11,31,129,94,54,71]","[24,53,60,131,133,128,67,88,49,130,55,21,45]",78m 244r5p 3389s 127z,24556m 6p 233457s 1z,35889m 59p 266s 2446z,67m 345578p r5s 6667z,3,4,3,,0,,,,,,
20260412055023_0302_010,20260412055023_0302,20260412055023,特上卓,3,シゲルペペ,133,7z,tedashi,1775941647,1392.037,,0,,"[111,40,134,83,52,29,107,102,50,51,80,115,26]","[17,19,7,79,81,82,97,23,15,57,91,87,110]","[28,35,18,122,77,114,120,95,11,31,129,94,54]","[24,53,60,131,133,128,67,88,49,130,55,21,45,6]",78m 244r5p 3389s 127z,24556m 6p 233457s 1z,35889m 5p 266s 2446z,267m 345578p r5s 6667z,2,2,4,,0,,,,,,
20260412055023_0302_011,20260412055023_0302,20260412055023,特上卓,0,s6u,134,7z,tedashi,1775941650,3099.98,,0,,"[111,40,134,83,52,29,107,102,50,51,80,115,26,78]","[17,19,7,79,81,82,97,23,15,57,91,87,110]","[28,35,18,122,77,114,120,95,11,31,129,94,54]","[24,53,60,131,128,67,88,49,130,55,21,45,6]",78m 244r5p 23389s 127z,24556m 6p 233457s 1z,35889m 5p 266s 2446z,267m 345578p r5s 666z,3,3,4,,0,,,,,,
20260412055023_0302_012,20260412055023_0302,20260412055023,特上卓,1,せんざんこうさん,7,2m,tedashi,1775941652,2301.542,,0,,"[111,40,83,52,29,107,102,50,51,80,115,26,78]","[17,19,7,79,81,82,97,23,15,57,91,87,110,65]","[28,35,18,122,77,114,120,95,11,31,129,94,54]","[24,53,60,131,128,67,88,49,130,55,21,45,6]",78m 244r5p 23389s 12z,24556m 68p 233457s 1z,35889m 5p 266s 2446z,267m 345578p r5s 666z,2,2,4,,0,,,,,,
20260412055023_0302_013,20260412055023_0302,20260412055023,特上卓,2,欧陽,127,5z,risekichu_hokan_tsumogiri,1775941655,3238.052,,0,,"[111,40,83,52,29,107,102,50,51,80,115,26,78]","[17,19,79,81,82,97,23,15,57,91,87,110,65]","[28,35,18,122,77,114,120,95,11,31,129,94,54,127]","[24,53,60,131,128,67,88,49,130,55,21,45,6]",78m 244r5p 23389s 12z,4556m 68p 233457s 1z,35889m 5p 266s 24456z,267m 345578p r5s 666z,3,4,3,,0,,,,,,
20260412055023_0302_014,20260412055023_0302,20260412055023,特上卓,3,シゲルペペ,6,2m,tedashi,1775941657,1999.749,,0,,"[111,40,83,52,29,107,102,50,51,80,115,26,78]","[17,19,79,81,82,97,23,15,57,91,87,110,65]","[28,35,18,122,77,114,120,95,11,31,129,94,54]","[24,53,60,131,128,67,88,49,130,55,21,45,6,90]",78m 244r5p 23389s 12z,4556m 68p 233457s 1z,35889m 5p 266s 2446z,267m 345578p r55s 666z,1,1,3,,0,,,,,,
20260412055023_0302_015,20260412055023_0302,20260412055023,特上卓,0,s6u,111,1z,tedashi,1775941660,2770.42,,0,,"[111,40,83,52,29,107,102,50,51,80,115,26,78,20]","[17,19,79,81,82,97,23,15,57,91,87,110,65]","[28,35,18,122,77,114,120,95,11,31,129,94,54]","[24,53,60,131,128,67,88,49,130,55,21,45,90]",678m 244r5p 23389s 12z,4556m 68p 233457s 1z,35889m 5p 266s 2446z,67m 345578p r55s 666z,2,2,4,,0,,,,,,
20260412055023_0302_016,20260412055023_0302,20260412055023,特上卓,1,せんざんこうさん,97,7s,tedashi,1775941664,3979.546,,0,,"[40,83,52,29,107,102,50,51,80,115,26,78,20]","[17,19,79,81,82,97,23,15,57,91,87,110,65,76]","[28,35,18,122,77,114,120,95,11,31,129,94,54]","[24,53,60,131,128,67,88,49,130,55,21,45,90]",678m 244r5p 23389s 2z,4556m 68p 2233457s 1z,35889m 5p 266s 2446z,67m 345578p r55s 666z,2,2,3,,0,,,,,,
20260412055023_0302_017,20260412055023_0302,20260412055023,特上卓,2,欧陽,129,6z,tedashi,1775941669,4716.854,,3,1230.508,"[40,83,52,29,107,102,50,51,80,115,26,78,20]","[17,19,79,81,82,23,15,57,91,87,110,65,76]","[28,35,18,122,77,114,120,95,11,31,129,94,54,56]","[24,53,60,131,128,67,88,49,130,55,21,45,90]",678m 244r5p 23389s 2z,4556m 68p 223345s 1z,35889m 56p 266s 2446z,67m 345578p r55s 666z,3,3,3,,0,,,,,,
20260412055023_0302_018,20260412055023_0302,20260412055023,特上卓,3,シゲルペペ,124,5z,risekichu_hokan_tsumogiri,1775941671,974.73,,0,,"[40,83,52,29,107,102,50,51,80,115,26,78,20]","[17,19,79,81,82,23,15,57,91,87,110,65,76]","[28,35,18,122,77,114,120,95,11,31,94,54,56]","[24,53,60,131,128,67,88,49,130,55,21,45,90,124]",678m 244r5p 23389s 2z,4556m 68p 223345s 1z,35889m 56p 266s 244z,67m 345578p r55s 5666z,1,1,3,,0,,,,,,
20260412055023_0302_019,20260412055023_0302,20260412055023,特上卓,0,s6u,115,2z,tedashi,1775941674,3034.834,,0,,"[40,83,52,29,107,102,50,51,80,115,26,78,20,61]","[17,19,79,81,82,23,15,57,91,87,110,65,76]","[28,35,18,122,77,114,120,95,11,31,94,54,56]","[24,53,60,131,128,67,88,49,130,55,21,45,90]",678m 244r57p 23389s 2z,4556m 68p 223345s 1z,35889m 56p 266s 244z,67m 345578p r55s 666z,2,2,4,,0,,,,,,
20260412055023_0302_020,20260412055023_0302,20260412055023,特上卓,1,せんざんこうさん,2,1m,risekichu_hokan_tsumogiri,1775941677,2440.261,,0,,"[40,83,52,29,107,102,50,51,80,26,78,20,61]","[17,19,79,81,82,23,15,57,91,87,110,65,76,2]","[28,35,18,122,77,114,120,95,11,31,94,54,56]","[24,53,60,131,128,67,88,49,130,55,21,45,90]",678m 244r57p 23389s,14556m 68p 223345s 1z,35889m 56p 266s 244z,67m 345578p r55s 666z,2,2,3,,0,,,,,,
20260412055023_0302_021,20260412055023_0302,20260412055023,特上卓,2,欧陽,114,2z,tedashi,1775941679,2151.943,,0,,"[40,83,52,29,107,102,50,51,80,26,78,20,61]","[17,19,79,81,82,23,15,57,91,87,110,65,76]","[28,35,18,122,77,114,120,95,11,31,94,54,56,85]","[24,53,60,131,128,67,88,49,130,55,21,45,90]",678m 244r57p 23389s,4556m 68p 223345s 1z,35889m 56p 2466s 244z,67m 345578p r55s 666z,3,3,3,,0,,,,,,
20260412055023_0302_022,20260412055023_0302,20260412055023,特上卓,3,シゲルペペ,100,8s,risekichu_hokan_tsumogiri,1775941680,1703.014,,0,,"[40,83,52,29,107,102,50,51,80,26,78,20,61]","[17,19,79,81,82,23,15,57,91,87,110,65,76]","[28,35,18,122,77,120,95,11,31,94,54,56,85]","[24,53,60,131,128,67,88,49,130,55,21,45,90,100]",678m 244r57p 23389s,4556m 68p 223345s 1z,35889m 56p 2466s 44z,67m 345578p r558s 666z,1,1,3,,0,,,,,,
20260412055023_0302_023,20260412055023_0302,20260412055023,特上卓,0,s6u,119,3z,tsumogiri,1775941683,2103.958,,0,,"[40,83,52,29,107,102,50,51,80,26,78,20,61,119]","[17,19,79,81,82,23,15,57,91,87,110,65,76]","[28,35,18,122,77,120,95,11,31,94,54,56,85]","[24,53,60,131,128,67,88,49,130,55,21,45,90]",678m 244r57p 23389s 3z,4556m 68p 223345s 1z,35889m 56p 2466s 44z,67m 345578p r55s 666z,2,2,4,,0,,,,,,
20260412055023_0302_024,20260412055023_0302,20260412055023,特上卓,1,せんざんこうさん,110,1z,tedashi,1775941685,2542.158,,0,,"[40,83,52,29,107,102,50,51,80,26,78,20,61]","[17,19,79,81,82,23,15,57,91,87,110,65,76,25]","[28,35,18,122,77,120,95,11,31,94,54,56,85]","[24,53,60,131,128,67,88,49,130,55,21,45,90]",678m 244r57p 23389s,45567m 68p 223345s 1z,35889m 56p 2466s 44z,67m 345578p r55s 666z,1,1,3,,0,,,,,,
20260412055023_0302_025,20260412055023_0302,20260412055023,特上卓,2,欧陽,105,9s,risekichu_hokan_tsumogiri,1775941687,1699.329,,0,,"[40,83,52,29,107,102,50,51,80,26,78,20,61]","[17,19,79,81,82,23,15,57,91,87,65,76,25]","[28,35,18,122,77,120,95,11,31,94,54,56,85,105]","[24,53,60,131,128,67,88,49,130,55,21,45,90]",678m 244r57p 23389s,45567m 68p 223345s,35889m 56p 24669s 44z,67m 345578p r55s 666z,3,3,3,,0,,,,,,
20260412055023_0302_026,20260412055023_0302,20260412055023,特上卓,3,シゲルペペ,96,7s,risekichu_hokan_tsumogiri,1775941689,1687.601,,3,3923.829,"[40,83,52,29,107,102,50,51,80,26,78,20,61]","[17,19,79,81,82,23,15,57,91,87,65,76,25]","[28,35,18,122,77,120,95,11,31,94,54,56,85]","[24,53,60,131,128,67,88,49,130,55,21,45,90,96]",678m 244r57p 23389s,45567m 68p 223345s,35889m 56p 2466s 44z,67m 345578p r557s 666z,1,1,3,,0,,,,,,
20260412055023_0302_027,20260412055023_0302,20260412055023,特上卓,0,s6u,121,4z,tsumogiri,1775941694,1488.277,,3,1849.769,"[40,83,52,29,107,102,50,51,80,26,78,20,61,121]","[17,19,79,81,82,23,15,57,91,87,65,76,25]","[28,35,18,122,77,120,95,11,31,94,54,56,85]","[24,53,60,131,128,67,88,49,130,55,21,45,90]",678m 244r57p 23389s 4z,45567m 68p 223345s,35889m 56p 2466s 44z,67m 345578p r55s 666z,2,2,4,,0,,,,,,
20260412055023_0302_028,20260412055023_0302,20260412055023,特上卓,1,せんざんこうさん,126,5z,risekichu_hokan_tsumogiri,1775941702,5838.537,,0,,"[40,83,52,29,107,102,50,51,80,26,78,20,61]","[17,19,79,81,82,23,15,57,91,87,65,76,25,126]","[28,35,18,122,77,120,95,11,31,94,54,56,85]","[24,53,60,131,128,67,88,49,130,55,21,45,90]",678m 244r57p 23389s,45567m 68p 223345s 5z,35889m 56p 2466s 44z,67m 345578p r55s 666z,1,1,3,,0,,,,,,
20260412055023_0302_029,20260412055023_0302,20260412055023,特上卓,2,欧陽,120,4z,tedashi,1775941712,10561.167,,0,,"[40,83,52,29,107,102,50,51,80,26,78,20,61]","[17,19,79,81,82,23,15,57,91,87,65,76,25]","[28,35,18,122,77,120,95,11,31,94,54,56,85,4]","[24,53,60,131,128,67,88,49,130,55,21,45,90]",678m 244r57p 23389s,45567m 68p 223345s,235889m 56p 2466s 44z,67m 345578p r55s 666z,3,3,3,,0,,,,,,
20260412055023_0302_030,20260412055023_0302,20260412055023,特上卓,3,シゲルペペ,98,7s,risekichu_hokan_tsumogiri,1775941714,1484.586,,3,3007.319,"[40,83,52,29,107,102,50,51,80,26,78,20,61]","[17,19,79,81,82,23,15,57,91,87,65,76,25]","[28,35,18,122,77,95,11,31,94,54,56,85,4]","[24,53,60,131,128,67,88,49,130,55,21,45,90,98]",678m 244r57p 23389s,45567m 68p 223345s,235889m 56p 2466s 4z,67m 345578p r557s 666z,1,1,3,,0,,,,,,
20260412055023_0302_031,20260412055023_0302,20260412055023,特上卓,0,s6u,0,1m,tsumogiri,1775941718,1100.942,,0,,"[40,83,52,29,107,102,50,51,80,26,78,20,61,0]","[17,19,79,81,82,23,15,57,91,87,65,76,25]","[28,35,18,122,77,95,11,31,94,54,56,85,4]","[24,53,60,131,128,67,88,49,130,55,21,45,90]",1678m 244r57p 23389s,45567m 68p 223345s,235889m 56p 2466s 4z,67m 345578p r55s 666z,2,2,4,,0,,,,,,
20260412055023_0302_032,20260412055023_0302,20260412055023,特上卓,1,せんざんこうさん,33,9m,risekichu_hokan_tsumogiri,1775941720,2405.617,,0,,"[40,83,52,29,107,102,50,51,80,26,78,20,61]","[17,19,79,81,82,23,15,57,91,87,65,76,25,33]","[28,35,18,122,77,95,11,31,94,54,56,85,4]","[24,53,60,131,128,67,88,49,130,55,21,45,90]",678m 244r57p 23389s,455679m 68p 223345s,235889m 56p 2466s 4z,67m 345578p r55s 666z,1,1,3,,0,,,,,,
20260412055023_0302_033,20260412055023_0302,20260412055023,特上卓,2,欧陽,122,4z,tedashi,1775941725,5191.359,,0,,"[40,83,52,29,107,102,50,51,80,26,78,20,61]","[17,19,79,81,82,23,15,57,91,87,65,76,25]","[28,35,18,122,77,95,11,31,94,54,56,85,4,9]","[24,53,60,131,128,67,88,49,130,55,21,45,90]",678m 244r57p 23389s,45567m 68p 223345s,2335889m 56p 2466s 4z,67m 345578p r55s 666z,3,3,3,,0,,,,,,
20260412055023_0302_034,20260412055023_0302,20260412055023,特上卓,3,シゲルペペ,109,1z,risekichu_hokan_tsumogiri,1775941727,1537.164,,0,,"[40,83,52,29,107,102,50,51,80,26,78,20,61]","[17,19,79,81,82,23,15,57,91,87,65,76,25]","[28,35,18,77,95,11,31,94,54,56,85,4,9]","[24,53,60,131,128,67,88,49,130,55,21,45,90,109]",678m 244r57p 23389s,45567m 68p 223345s,2335889m 56p 2466s,67m 345578p r55s 1666z,1,1,3,,0,,,,,,
20260412055023_0302_035,20260412055023_0302,20260412055023,特上卓,0,s6u,102,8s,tedashi,1775941729,1946.832,,0,,"[40,83,52,29,107,102,50,51,80,26,78,20,61,30]","[17,19,79,81,82,23,15,57,91,87,65,76,25]","[28,35,18,77,95,11,31,94,54,56,85,4,9]","[24,53,60,131,128,67,88,49,130,55,21,45,90]",6788m 244r57p 23389s,45567m 68p 223345s,2335889m 56p 2466s,67m 345578p r55s 666z,2,2,3,,0,,,,,,
20260412055023_0302_036,20260412055023_0302,20260412055023,特上卓,1,せんざんこうさん,41,2p,risekichu_hokan_tsumogiri,1775941731,2306.55,,0,,"[40,83,52,29,107,50,51,80,26,78,20,61,30]","[17,19,79,81,82,23,15,57,91,87,65,76,25,41]","[28,35,18,77,95,11,31,94,54,56,85,4,9]","[24,53,60,131,128,67,88,49,130,55,21,45,90]",6788m 244r57p 2339s,45567m 268p 223345s,2335889m 56p 2466s,67m 345578p r55s 666z,1,1,3,,0,,,,,,
20260412055023_0302_037,20260412055023_0302,20260412055023,特上卓,2,欧陽,18,5m,tedashi,1775941735,3424.668,,3,1946.298,"[40,83,52,29,107,50,51,80,26,78,20,61,30]","[17,19,79,81,82,23,15,57,91,87,65,76,25]","[28,35,18,77,95,11,31,94,54,56,85,4,9,27]","[24,53,60,131,128,67,88,49,130,55,21,45,90]",6788m 244r57p 2339s,45567m 68p 223345s,23357889m 56p 2466s,67m 345578p r55s 666z,2,2,3,,0,,,,,,
20260412055023_0302_038,20260412055023_0302,20260412055023,特上卓,3,シゲルペペ,55,5p,tedashi,1775941739,2149.423,,0,,"[40,83,52,29,107,50,51,80,26,78,20,61,30]","[17,19,79,81,82,23,15,57,91,87,65,76,25]","[28,35,77,95,11,31,94,54,56,85,4,9,27]","[24,53,60,131,128,67,88,49,130,55,21,45,90,66]",6788m 244r57p 2339s,45567m 68p 223345s,2337889m 56p 2466s,67m 3455788p r55s 666z,1,1,2,,0,,,,,,
20260412055023_0302_039,20260412055023_0302,20260412055023,特上卓,0,s6u,107,9s,tedashi,1775941741,1822.5,,0,,"[40,83,52,29,107,50,51,80,26,78,20,61,30,62]","[17,19,79,81,82,23,15,57,91,87,65,76,25]","[28,35,77,95,11,31,94,54,56,85,4,9,27]","[24,53,60,131,128,67,88,49,130,21,45,90,66]",6788m 244r577p 2339s,45567m 68p 223345s,2337889m 56p 2466s,67m 345788p r55s 666z,2,2,2,,0,,,,,,
20260412055023_0302_040,20260412055023_0302,20260412055023,特上卓,1,せんざんこうさん,82,3s,tedashi,1775941748,7019.47,,3,8159.001,"[40,83,52,29,50,51,80,26,78,20,61,30,62]","[17,19,79,81,82,23,15,57,91,87,65,76,25,92]","[28,35,77,95,11,31,94,54,56,85,4,9,27]","[24,53,60,131,128,67,88,49,130,21,45,90,66]",6788m 244r577p 233s,45567m 68p 2233456s,2337889m 56p 2466s,67m 345788p r55s 666z,1,1,3,,0,,,,,,
20260412055023_0302_041,20260412055023_0302,20260412055023,特上卓,2,欧陽,11,3m,tedashi,1775941757,1532.614,,0,,"[40,83,52,29,50,51,80,26,78,20,61,30,62]","[17,19,79,81,23,15,57,91,87,65,76,25,92]","[28,35,77,95,11,31,94,54,56,85,4,9,27,3]","[24,53,60,131,128,67,88,49,130,21,45,90,66]",6788m 244r577p 233s,45567m 68p 223456s,12337889m 56p 2466s,67m 345788p r55s 666z,1,1,3,,0,,,,,,
20260412055023_0302_042,20260412055023_0302,20260412055023,特上卓,3,シゲルペペ,113,2z,risekichu_hokan_tsumogiri,1775941759,1648.163,,0,,"[40,83,52,29,50,51,80,26,78,20,61,30,62]","[17,19,79,81,23,15,57,91,87,65,76,25,92]","[28,35,77,95,31,94,54,56,85,4,9,27,3]","[24,53,60,131,128,67,88,49,130,21,45,90,66,113]",6788m 244r577p 233s,45567m 68p 223456s,1237889m 56p 2466s,67m 345788p r55s 2666z,1,1,3,,0,,,,,,
20260412055023_0302_043,20260412055023_0302,20260412055023,特上卓,0,s6u,30,8m,tedashi,1775941763,4167.832,,3,2098.34,"[40,83,52,29,50,51,80,26,78,20,61,30,62,44]","[17,19,79,81,23,15,57,91,87,65,76,25,92]","[28,35,77,95,31,94,54,56,85,4,9,27,3]","[24,53,60,131,128,67,88,49,130,21,45,90,66]",6788m 2344r577p 233s,45567m 68p 223456s,1237889m 56p 2466s,67m 345788p r55s 666z,1,1,2,,0,,,,,,
20260412055023_0302_044,20260412055023_0302,20260412055023,特上卓,1,せんざんこうさん,74,1s,risekichu_hokan_tsumogiri,1775941769,4170.819,,0,,"[40,83,52,29,50,51,80,26,78,20,61,62,44]","[17,19,79,81,23,15,57,91,87,65,76,25,92,74]","[28,35,77,95,31,94,54,56,85,4,9,27,3]","[24,53,60,131,128,67,88,49,130,21,45,90,66]",678m 2344r577p 233s,45567m 68p 1223456s,1237889m 56p 2466s,67m 345788p r55s 666z,1,1,4,,0,,,,,,
20260412055023_0302_045,20260412055023_0302,20260412055023,特上卓,2,欧陽,42,2p,risekichu_hokan_tsumogiri,1775941772,2192.141,,3,1188.103,"[40,83,52,29,50,51,80,26,78,20,61,62,44]","[17,19,79,81,23,15,57,91,87,65,76,25,92]","[28,35,77,95,31,94,54,56,85,4,9,27,3,42]","[24,53,60,131,128,67,88,49,130,21,45,90,66]",678m 2344r577p 233s,45567m 68p 223456s,1237889m 256p 2466s,67m 345788p r55s 666z,1,1,4,,0,,,,,,
20260412055023_0302_046,20260412055023_0302,20260412055023,特上卓,3,シゲルペペ,46,3p,risekichu_hokan_tsumogiri,1775941774,1051.188,,3,7562.276,"[40,83,52,29,50,51,80,26,78,20,61,62,44]","[17,19,79,81,23,15,57,91,87,65,76,25,92]","[28,35,77,95,31,94,54,56,85,4,9,27,3]","[24,53,60,131,128,67,88,49,130,21,45,90,66,46]",678m 2344r577p 233s,45567m 68p 223456s,1237889m 56p 2466s,67m 3345788p r55s 666z,1,1,2,,0,,,,,,
20260412055023_0302_047,20260412055023_0302,20260412055023,特上卓,0,s6u,132,7z,tsumogiri,1775941782,881.443,,0,,"[40,83,52,29,50,51,80,26,78,20,61,62,44,132]","[17,19,79,81,23,15,57,91,87,65,76,25,92]","[28,35,77,95,31,94,54,56,85,4,9,27,3]","[24,53,60,131,128,67,88,49,130,21,45,90,66]",678m 2344r577p 233s 7z,45567m 68p 223456s,1237889m 56p 2466s,67m 345788p r55s 666z,1,1,3,,0,,,,,,
20260412055023_0302_048,20260412055023_0302,20260412055023,特上卓,1,せんざんこうさん,36,1p,risekichu_hokan_tsumogiri,1775941784,2281.648,,0,,"[40,83,52,29,50,51,80,26,78,20,61,62,44]","[17,19,79,81,23,15,57,91,87,65,76,25,92,36]","[28,35,77,95,31,94,54,56,85,4,9,27,3]","[24,53,60,131,128,67,88,49,130,21,45,90,66]",678m 2344r577p 233s,45567m 168p 223456s,1237889m 56p 2466s,67m 345788p r55s 666z,1,1,4,,0,,,,,,
20260412055023_0302_049,20260412055023_0302,20260412055023,特上卓,2,欧陽,31,8m,tedashi,1775941788,3318.613,,3,1544.421,"[40,83,52,29,50,51,80,26,78,20,61,62,44]","[17,19,79,81,23,15,57,91,87,65,76,25,92]","[28,35,77,95,31,94,54,56,85,4,9,27,3,63]","[24,53,60,131,128,67,88,49,130,21,45,90,66]",678m 2344r577p 233s,45567m 68p 223456s,1237889m 567p 2466s,67m 345788p r55s 666z,0,0,4,3s,0,,,,,,
20260412055023_0302_050,20260412055023_0302,20260412055023,特上卓,3,シゲルペペ,12,4m,risekichu_hokan_tsumogiri,1775941790,1018.219,,0,,"[40,83,52,29,50,51,80,26,78,20,61,62,44]","[17,19,79,81,23,15,57,91,87,65,76,25,92]","[28,35,77,95,94,54,56,85,4,9,27,3,63]","[24,53,60,131,128,67,88,49,130,21,45,90,66,12]",678m 2344r577p 233s,45567m 68p 223456s,123789m 567p 2466s,467m 345788p r55s 666z,1,1,3,,0,,,,,,
20260412055023_0302_051,20260412055023_0302,20260412055023,特上卓,0,s6u,14,4m,tsumogiri,1775941792,1596.742,,3,1925.933,"[40,83,52,29,50,51,80,26,78,20,61,62,44,14]","[17,19,79,81,23,15,57,91,87,65,76,25,92]","[28,35,77,95,94,54,56,85,4,9,27,3,63]","[24,53,60,131,128,67,88,49,130,21,45,90,66]",4678m 2344r577p 233s,45567m 68p 223456s,123789m 567p 2466s,67m 345788p r55s 666z,1,1,3,,0,,,,,,
20260412055023_0302_052,20260412055023_0302,20260412055023,特上卓,1,せんざんこうさん,81,3s,tedashi,1775941796,1910.877,,2,1645.055,"[40,83,52,29,50,51,80,26,78,20,61,62,44]","[17,19,79,81,23,15,57,91,87,65,76,25,92,118]","[28,35,77,95,94,54,56,85,4,9,27,3,63]","[24,53,60,131,128,67,88,49,130,21,45,90,66]",678m 2344r577p 233s,45567m 68p 223456s 3z,123789m 567p 2466s,67m 345788p r55s 666z,1,1,4,,0,,,,,,
20260412055023_0302_053,20260412055023_0302,20260412055023,特上卓,0,s6u,78,2s,tedashi,1775941799,1593.493,,3,2035.274,"[40,52,29,50,51,26,78,20,61,62,44]","[17,19,79,23,15,57,91,87,65,76,25,92,118]","[28,35,77,95,94,54,56,85,4,9,27,3,63]","[24,53,60,131,128,67,88,49,130,21,45,90,66]",678m 2344r577p 2s,45567m 68p 22456s 3z,123789m 567p 2466s,67m 345788p r55s 666z,0,0,,36p,0,,,,,,
20260412055023_0302_054,20260412055023_0302,20260412055023,特上卓,1,せんざんこうさん,93,6s,risekichu_hokan_tsumogiri,1775941803,1729.903,,3,1332.776,"[40,52,29,50,51,26,20,61,62,44]","[17,19,79,23,15,57,91,87,65,76,25,92,118,93]","[28,35,77,95,94,54,56,85,4,9,27,3,63]","[24,53,60,131,128,67,88,49,130,21,45,90,66]",678m 2344r577p,45567m 68p 224566s 3z,123789m 567p 2466s,67m 345788p r55s 666z,1,1,3,,0,,,,,,
20260412055023_0302_055,20260412055023_0302,20260412055023,特上卓,2,欧陽,75,1s,risekichu_hokan_tsumogiri,1775941807,2779.101,,0,,"[40,52,29,50,51,26,20,61,62,44]","[17,19,79,23,15,57,91,87,65,76,25,92,118]","[28,35,77,95,94,54,56,85,4,9,27,3,63,75]","[24,53,60,131,128,67,88,49,130,21,45,90,66]",678m 2344r577p,45567m 68p 22456s 3z,123789m 567p 12466s,67m 345788p r55s 666z,0,0,5,3s,0,,,,,,
20260412055023_0302_056,20260412055023_0302,20260412055023,特上卓,3,シゲルペペ,13,4m,risekichu_hokan_tsumogiri,1775941809,1637.727,,0,,"[40,52,29,50,51,26,20,61,62,44]","[17,19,79,23,15,57,91,87,65,76,25,92,118]","[28,35,77,95,94,54,56,85,4,9,27,3,63]","[24,53,60,131,128,67,88,49,130,21,45,90,66,13]",678m 2344r577p,45567m 68p 22456s 3z,123789m 567p 2466s,467m 345788p r55s 666z,1,1,3,,0,,,,,,
20260412055023_0302_057,20260412055023_0302,20260412055023,特上卓,0,s6u,106,9s,tsumogiri,1775941810,1281.216,,0,,"[40,52,29,50,51,26,20,61,62,44,106]","[17,19,79,23,15,57,91,87,65,76,25,92,118]","[28,35,77,95,94,54,56,85,4,9,27,3,63]","[24,53,60,131,128,67,88,49,130,21,45,90,66]",678m 2344r577p 9s,45567m 68p 22456s 3z,123789m 567p 2466s,67m 345788p r55s 666z,0,0,,36p,0,,,,,,
20260412055023_0302_058,20260412055023_0302,20260412055023,特上卓,1,せんざんこうさん,43,2p,risekichu_hokan_tsumogiri,1775941812,2248.063,,0,,"[40,52,29,50,51,26,20,61,62,44]","[17,19,79,23,15,57,91,87,65,76,25,92,118,43]","[28,35,77,95,94,54,56,85,4,9,27,3,63]","[24,53,60,131,128,67,88,49,130,21,45,90,66]",678m 2344r577p,45567m 268p 22456s 3z,123789m 567p 2466s,67m 345788p r55s 666z,1,1,4,,0,,,,,,
20260412055023_0302_059,20260412055023_0302,20260412055023,特上卓,2,欧陽,77,2s,tedashi,1775941823,808.553,9887.502,3,1749.673,"[40,52,29,50,51,26,20,61,62,44]","[17,19,79,23,15,57,91,87,65,76,25,92,118]","[28,35,77,95,94,54,56,85,4,9,27,3,63,86]","[24,53,60,131,128,67,88,49,130,21,45,90,66]",678m 2344r577p,45567m 68p 22456s 3z,123789m 567p 24466s,67m 345788p r55s 666z,0,0,4,46s,0,,,,,,
20260412055023_0302_060,20260412055023_0302,20260412055023,特上卓,3,シゲルペペ,104,9s,risekichu_hokan_tsumogiri,1775941826,1271.593,,0,,"[40,52,29,50,51,26,20,61,62,44]","[17,19,79,23,15,57,91,87,65,76,25,92,118]","[28,35,95,94,54,56,85,4,9,27,3,63,86]","[24,53,60,131,128,67,88,49,130,21,45,90,66,104]",678m 2344r577p,45567m 68p 22456s 3z,123789m 567p 4466s,67m 345788p r559s 666z,1,1,3,,0,,,,,,
20260412055023_0302_061,20260412055023_0302,20260412055023,特上卓,0,s6u,40,2p,tedashi,1775941837,11210.783,,0,,"[40,52,29,50,51,26,20,61,62,44,64]","[17,19,79,23,15,57,91,87,65,76,25,92,118]","[28,35,95,94,54,56,85,4,9,27,3,63,86]","[24,53,60,131,128,67,88,49,130,21,45,90,66]",678m 2344r5778p,45567m 68p 22456s 3z,123789m 567p 4466s,67m 345788p r55s 666z,0,0,,,0,,,,,,
20260412055023_0302_062,20260412055023_0302,20260412055023,特上卓,1,せんざんこうさん,118,3z,tedashi,1775941840,2765.583,,0,,"[52,29,50,51,26,20,61,62,44,64]","[17,19,79,23,15,57,91,87,65,76,25,92,118,47]","[28,35,95,94,54,56,85,4,9,27,3,63,86]","[24,53,60,131,128,67,88,49,130,21,45,90,66]",678m 344r5778p,45567m 368p 22456s 3z,123789m 567p 4466s,67m 345788p r55s 666z,1,1,4,,0,,,,,,
20260412055023_0400_000,20260412055023_0400,20260412055023,特上卓,2,欧陽,119,3z,tedashi,1775941860,,,0,,"[6,57,95,62,44,36,48,51,53,68,91,63,7]","[67,15,98,55,18,87,84,129,107,64,103,4,49]","[110,130,10,114,11,50,20,9,33,119,105,96,89,73]","[45,42,104,112,70,133,92,94,52,1,32,111,132]",22m 134456779p 56s,245m 4588p 44789s 6z,33369m 4p 1579s 1236z,19m 23r59p 669s 1277z,5,5,5,,0,,,,,,
20260412055023_0400_001,20260412055023_0400,20260412055023,特上卓,3,シゲルペペ,120,4z,risekichu_hokan_tsumogiri,1775941862,2357.992,,0,,"[6,57,95,62,44,36,48,51,53,68,91,63,7]","[67,15,98,55,18,87,84,129,107,64,103,4,49]","[110,130,10,114,11,50,20,9,33,105,96,89,73]","[45,42,104,112,70,133,92,94,52,1,32,111,132,120]",22m 134456779p 56s,245m 4588p 44789s 6z,33369m 4p 1579s 126z,19m 23r59p 669s 12477z,4,5,4,,0,,,,,,
20260412055023_0400_002,20260412055023_0400,20260412055023,特上卓,0,s6u,109,1z,tsumogiri,1775941867,4492.641,,0,,"[6,57,95,62,44,36,48,51,53,68,91,63,7,109]","[67,15,98,55,18,87,84,129,107,64,103,4,49]","[110,130,10,114,11,50,20,9,33,105,96,89,73]","[45,42,104,112,70,133,92,94,52,1,32,111,132]",22m 134456779p 56s 1z,245m 4588p 44789s 6z,33369m 4p 1579s 126z,19m 23r59p 669s 1277z,2,2,3,,0,,,,,,
20260412055023_0400_003,20260412055023_0400,20260412055023,特上卓,1,せんざんこうさん,4,2m,tedashi,1775941870,2884.605,,3,7770.783,"[6,57,95,62,44,36,48,51,53,68,91,63,7]","[67,15,98,55,18,87,84,129,107,64,103,4,49,102]","[110,130,10,114,11,50,20,9,33,105,96,89,73]","[45,42,104,112,70,133,92,94,52,1,32,111,132]",22m 134456779p 56s,245m 4588p 447889s 6z,33369m 4p 1579s 126z,19m 23r59p 669s 1277z,2,2,3,,0,,,,,,
20260412055023_0400_004,20260412055023_0400,20260412055023,特上卓,2,欧陽,122,4z,risekichu_hokan_tsumogiri,1775941879,1852.025,,0,,"[6,57,95,62,44,36,48,51,53,68,91,63,7]","[67,15,98,55,18,87,84,129,107,64,103,49,102]","[110,130,10,114,11,50,20,9,33,105,96,89,73,122]","[45,42,104,112,70,133,92,94,52,1,32,111,132]",22m 134456779p 56s,45m 4588p 447889s 6z,33369m 4p 1579s 1246z,19m 23r59p 669s 1277z,5,5,5,,0,,,,,,
20260412055023_0400_005,20260412055023_0400,20260412055023,特上卓,3,シゲルペペ,121,4z,risekichu_hokan_tsumogiri,1775941881,1767.771,,0,,"[6,57,95,62,44,36,48,51,53,68,91,63,7]","[67,15,98,55,18,87,84,129,107,64,103,49,102]","[110,130,10,114,11,50,20,9,33,105,96,89,73]","[45,42,104,112,70,133,92,94,52,1,32,111,132,121]",22m 134456779p 56s,45m 4588p 447889s 6z,33369m 4p 1579s 126z,19m 23r59p 669s 12477z,4,5,4,,0,,,,,,
20260412055023_0400_006,20260412055023_0400,20260412055023,特上卓,0,s6u,35,9m,tsumogiri,1775941883,1506.766,,0,,"[6,57,95,62,44,36,48,51,53,68,91,63,7,35]","[67,15,98,55,18,87,84,129,107,64,103,49,102]","[110,130,10,114,11,50,20,9,33,105,96,89,73]","[45,42,104,112,70,133,92,94,52,1,32,111,132]",229m 134456779p 56s,45m 4588p 447889s 6z,33369m 4p 1579s 126z,19m 23r59p 669s 1277z,2,2,3,,0,,,,,,
20260412055023_0400_007,20260412055023_0400,20260412055023,特上卓,1,せんざんこうさん,129,6z,tedashi,1775941885,2761.562,,0,,"[6,57,95,62,44,36,48,51,53,68,91,63,7]","[67,15,98,55,18,87,84,129,107,64,103,49,102,71]","[110,130,10,114,11,50,20,9,33,105,96,89,73]","[45,42,104,112,70,133,92,94,52,1,32,111,132]",22m 134456779p 56s,45m 45889p 447889s 6z,33369m 4p 1579s 126z,19m 23r59p 669s 1277z,2,2,3,,0,,,,,,
20260412055023_0400_008,20260412055023_0400,20260412055023,特上卓,2,欧陽,130,6z,tedashi,1775941892,6351.667,,0,,"[6,57,95,62,44,36,48,51,53,68,91,63,7]","[67,15,98,55,18,87,84,107,64,103,49,102,71]","[110,130,10,114,11,50,20,9,33,105,96,89,73,17]","[45,42,104,112,70,133,92,94,52,1,32,111,132]",22m 134456779p 56s,45m 45889p 447889s,333569m 4p 1579s 126z,19m 23r59p 669s 1277z,4,4,5,,0,,,,,,
20260412055023_0400_009,20260412055023_0400,20260412055023,特上卓,3,シゲルペペ,111,1z,tedashi,1775941894,2279.287,,0,,"[6,57,95,62,44,36,48,51,53,68,91,63,7]","[67,15,98,55,18,87,84,107,64,103,49,102,71]","[110,10,114,11,50,20,9,33,105,96,89,73,17]","[45,42,104,112,70,133,92,94,52,1,32,111,132,37]",22m 134456779p 56s,45m 45889p 447889s,333569m 4p 1579s 12z,19m 123r59p 669s 1277z,4,4,4,,0,,,,,,
20260412055023_0400_010,20260412055023_0400,20260412055023,特上卓,0,s6u,36,1p,tedashi,1775941898,4409.113,,0,,"[6,57,95,62,44,36,48,51,53,68,91,63,7,3]","[67,15,98,55,18,87,84,107,64,103,49,102,71]","[110,10,114,11,50,20,9,33,105,96,89,73,17]","[45,42,104,112,70,133,92,94,52,1,32,132,37]",122m 134456779p 56s,45m 45889p 447889s,333569m 4p 1579s 12z,19m 123r59p 669s 277z,2,2,3,,0,,,,,,
20260412055023_0400_011,20260412055023_0400,20260412055023,特上卓,1,せんざんこうさん,102,8s,tedashi,1775941902,3913.385,,6,321.821,"[6,57,95,62,44,48,51,53,68,91,63,7,3]","[67,15,98,55,18,87,84,107,64,103,49,102,71,66]","[110,10,114,11,50,20,9,33,105,96,89,73,17]","[45,42,104,112,70,133,92,94,52,1,32,132,37]",122m 34456779p 56s,45m 458889p 447889s,333569m 4p 1579s 12z,19m 123r59p 669s 277z,1,1,3,,0,,,,,,
20260412055023_0400_012,20260412055023_0400,20260412055023,特上卓,2,欧陽,110,1z,tedashi,1775941910,7011.748,,0,,"[6,57,95,62,44,48,51,53,68,91,63,7,3]","[67,15,98,55,18,87,84,107,64,103,49,71,66]","[110,10,114,11,50,20,9,33,105,96,89,73,17,24]","[45,42,104,112,70,133,92,94,52,1,32,132,37]",122m 34456779p 56s,45m 458889p 44789s,3335679m 4p 1579s 12z,19m 123r59p 669s 277z,3,3,5,,0,,,,,,
20260412055023_0400_013,20260412055023_0400,20260412055023,特上卓,3,シゲルペペ,70,9p,tedashi,1775941914,4491.56,,0,,"[6,57,95,62,44,48,51,53,68,91,63,7,3]","[67,15,98,55,18,87,84,107,64,103,49,71,66]","[10,114,11,50,20,9,33,105,96,89,73,17,24]","[45,42,104,112,70,133,92,94,52,1,32,132,37,41]",122m 34456779p 56s,45m 458889p 44789s,3335679m 4p 1579s 2z,19m 1223r59p 669s 277z,3,4,3,,0,,,,,,
20260412055023_0400_014,20260412055023_0400,20260412055023,特上卓,0,s6u,118,3z,tsumogiri,1775941918,3806.953,,0,,"[6,57,95,62,44,48,51,53,68,91,63,7,3,118]","[67,15,98,55,18,87,84,107,64,103,49,71,66]","[10,114,11,50,20,9,33,105,96,89,73,17,24]","[45,42,104,112,133,92,94,52,1,32,132,37,41]",122m 34456779p 56s 3z,45m 458889p 44789s,3335679m 4p 1579s 2z,19m 1223r5p 669s 277z,2,2,3,,0,,,,,,
20260412055023_0400_015,20260412055023_0400,20260412055023,特上卓,1,せんざんこうさん,66,8p,tedashi,1775941924,6099.891,,0,,"[6,57,95,62,44,48,51,53,68,91,63,7,3]","[67,15,98,55,18,87,84,107,64,103,49,71,66,60]","[10,114,11,50,20,9,33,105,96,89,73,17,24]","[45,42,104,112,133,92,94,52,1,32,132,37,41]",122m 34456779p 56s,45m 4578889p 44789s,3335679m 4p 1579s 2z,19m 1223r5p 669s 277z,1,1,4,,0,,,,,,
20260412055023_0400_016,20260412055023_0400,20260412055023,特上卓,2,欧陽,73,1s,tedashi,1775941927,2996.343,,0,,"[6,57,95,62,44,48,51,53,68,91,63,7,3]","[67,15,98,55,18,87,84,107,64,103,49,71,60]","[10,114,11,50,20,9,33,105,96,89,73,17,24,28]","[45,42,104,112,133,92,94,52,1,32,132,37,41]",122m 34456779p 56s,45m 457889p 44789s,33356789m 4p 1579s 2z,19m 1223r5p 669s 277z,2,2,5,,0,,,,,,
20260412055023_0400_017,20260412055023_0400,20260412055023,特上卓,3,シゲルペペ,104,9s,tedashi,1775941929,2150.133,,0,,"[6,57,95,62,44,48,51,53,68,91,63,7,3]","[67,15,98,55,18,87,84,107,64,103,49,71,60]","[10,114,11,50,20,9,33,105,96,89,17,24,28]","[45,42,104,112,133,92,94,52,1,32,132,37,41,40]",122m 34456779p 56s,45m 457889p 44789s,33356789m 4p 579s 2z,19m 12223r5p 669s 277z,3,3,3,,0,,,,,,
20260412055023_0400_018,20260412055023_0400,20260412055023,特上卓,0,s6u,3,1m,tedashi,1775941936,6611.192,,0,,"[6,57,95,62,44,48,51,53,68,91,63,7,3,59]","[67,15,98,55,18,87,84,107,64,103,49,71,60]","[10,114,11,50,20,9,33,105,96,89,17,24,28]","[45,42,112,133,92,94,52,1,32,132,37,41,40]",122m 344566779p 56s,45m 457889p 44789s,33356789m 4p 579s 2z,19m 12223r5p 66s 277z,2,2,2,,0,,,,,,
20260412055023_0400_019,20260412055023_0400,20260412055023,特上卓,1,せんざんこうさん,67,8p,tedashi,1775941939,2935.315,,0,,"[6,57,95,62,44,48,51,53,68,91,63,7,59]","[67,15,98,55,18,87,84,107,64,103,49,71,60,82]","[10,114,11,50,20,9,33,105,96,89,17,24,28]","[45,42,112,133,92,94,52,1,32,132,37,41,40]",22m 344566779p 56s,45m 457889p 344789s,33356789m 4p 579s 2z,19m 12223r5p 66s 277z,1,1,4,,0,,,,,,
20260412055023_0400_020,20260412055023_0400,20260412055023,特上卓,2,欧陽,114,2z,tedashi,1775941942,2884.956,,0,,"[6,57,95,62,44,48,51,53,68,91,63,7,59]","[15,98,55,18,87,84,107,64,103,49,71,60,82]","[10,114,11,50,20,9,33,105,96,89,17,24,28,14]","[45,42,112,133,92,94,52,1,32,132,37,41,40]",22m 344566779p 56s,45m 45789p 344789s,333456789m 4p 579s 2z,19m 12223r5p 66s 277z,1,1,5,,0,,,,,,
20260412055023_0400_021,20260412055023_0400,20260412055023,特上卓,3,シゲルペペ,1,1m,tedashi,1775941944,2424.905,,0,,"[6,57,95,62,44,48,51,53,68,91,63,7,59]","[15,98,55,18,87,84,107,64,103,49,71,60,82]","[10,11,50,20,9,33,105,96,89,17,24,28,14]","[45,42,112,133,92,94,52,1,32,132,37,41,40,125]",22m 344566779p 56s,45m 45789p 344789s,333456789m 4p 579s,19m 12223r5p 66s 2577z,3,3,3,,0,,,,,,
20260412055023_0400_022,20260412055023_0400,20260412055023,特上卓,0,s6u,68,9p,tedashi,1775941950,5750.636,,6,401.92,"[6,57,95,62,44,48,51,53,68,91,63,7,59,88]","[15,98,55,18,87,84,107,64,103,49,71,60,82]","[10,11,50,20,9,33,105,96,89,17,24,28,14]","[45,42,112,133,92,94,52,32,132,37,41,40,125]",22m 344566779p r556s,45m 45789p 344789s,333456789m 4p 579s,9m 12223r5p 66s 2577z,1,2,1,,0,,,,,,
20260412055023_0400_023,20260412055023_0400,20260412055023,特上卓,1,せんざんこうさん,84,4s,tedashi,1775941953,2596.977,,0,,"[6,57,95,62,44,48,51,53,91,63,7,59,88]","[15,98,55,18,87,84,107,64,103,49,71,60,82,81]","[10,11,50,20,9,33,105,96,89,17,24,28,14]","[45,42,112,133,92,94,52,32,132,37,41,40,125]",22m 34456677p r556s,45m 45789p 3344789s,333456789m 4p 579s,9m 12223r5p 66s 2577z,1,1,4,,0,,,,,,
20260412055023_0400_024,20260412055023_0400,20260412055023,特上卓,2,欧陽,105,9s,tedashi,1775941959,6183.796,,0,,"[6,57,95,62,44,48,51,53,91,63,7,59,88]","[15,98,55,18,87,107,64,103,49,71,60,82,81]","[10,11,50,20,9,33,105,96,89,17,24,28,14,86]","[45,42,112,133,92,94,52,32,132,37,41,40,125]",22m 34456677p r556s,45m 45789p 334789s,333456789m 4p 4579s,9m 12223r5p 66s 2577z,1,1,5,,0,,,,,,
20260412055023_0400_025,20260412055023_0400,20260412055023,特上卓,3,シゲルペペ,32,9m,tedashi,1775941961,2058.103,,0,,"[6,57,95,62,44,48,51,53,91,63,7,59,88]","[15,98,55,18,87,107,64,103,49,71,60,82,81]","[10,11,50,20,9,33,96,89,17,24,28,14,86]","[45,42,112,133,92,94,52,32,132,37,41,40,125,12]",22m 34456677p r556s,45m 45789p 334789s,333456789m 4p 457s,49m 12223r5p 66s 2577z,3,3,3,,0,,,,,,
20260412055023_0400_026,20260412055023_0400,20260412055023,特上卓,0,s6u,91,5s,tedashi,1775941965,3787.538,,6,509.456,"[6,57,95,62,44,48,51,53,91,63,7,59,88,85]","[15,98,55,18,87,107,64,103,49,71,60,82,81]","[10,11,50,20,9,33,96,89,17,24,28,14,86]","[45,42,112,133,92,94,52,132,37,41,40,125,12]",22m 34456677p 4r556s,45m 45789p 334789s,333456789m 4p 457s,4m 12223r5p 66s 2577z,1,1,1,,0,,,,,,
20260412055023_0400_027,20260412055023_0400,20260412055023,特上卓,1,せんざんこうさん,31,8m,risekichu_hokan_tsumogiri,1775941967,1947.577,,6,262.722,"[6,57,95,62,44,48,51,53,63,7,59,88,85]","[15,98,55,18,87,107,64,103,49,71,60,82,81,31]","[10,11,50,20,9,33,96,89,17,24,28,14,86]","[45,42,112,133,92,94,52,132,37,41,40,125,12]",22m 34456677p 4r56s,458m 45789p 334789s,333456789m 4p 457s,4m 12223r5p 66s 2577z,1,1,5,,0,,,,,,
20260412055023_0400_028,20260412055023_0400,20260412055023,特上卓,2,欧陽,50,4p,tedashi,1775941970,629.272,1424.584,2,3417.193,"[6,57,95,62,44,48,51,53,63,7,59,88,85]","[15,98,55,18,87,107,64,103,49,71,60,82,81]","[10,11,50,20,9,33,96,89,17,24,28,14,86,97]","[45,42,112,133,92,94,52,132,37,41,40,125,12]",22m 34456677p 4r56s,45m 45789p 334789s,333456789m 4p 4577s,4m 12223r5p 66s 2577z,0,0,4,36s,0,,,,,,
20260412055023_0400_029,20260412055023_0400,20260412055023,特上卓,3,シゲルペペ,37,1p,tedashi,1775941974,1264.176,,0,,"[6,57,95,62,44,48,51,53,63,7,59,88,85]","[15,98,55,18,87,107,64,103,49,71,60,82,81]","[10,11,20,9,33,96,89,17,24,28,14,86,97]","[42,112,133,92,94,132,37,41,40,125,12]",22m 34456677p 4r56s,45m 45789p 334789s,333456789m 4577s,4m 1222p 66s 2577z,2,2,,,0,,,,,,
20260412055023_0400_030,20260412055023_0400,20260412055023,特上卓,0,s6u,72,1s,tsumogiri,1775941976,1767.753,,0,,"[6,57,95,62,44,48,51,53,63,7,59,88,85,72]","[15,98,55,18,87,107,64,103,49,71,60,82,81]","[10,11,20,9,33,96,89,17,24,28,14,86,97]","[42,112,133,92,94,132,41,40,125,12]",22m 34456677p 14r56s,45m 45789p 334789s,333456789m 4577s,4m 222p 66s 2577z,1,1,2,,0,,,,,,
20260412055023_0400_031,20260412055023_0400,20260412055023,特上卓,1,せんざんこうさん,25,7m,risekichu_hokan_tsumogiri,1775941984,7895.913,,0,,"[6,57,95,62,44,48,51,53,63,7,59,88,85]","[15,98,55,18,87,107,64,103,49,71,60,82,81,25]","[10,11,20,9,33,96,89,17,24,28,14,86,97]","[42,112,133,92,94,132,41,40,125,12]",22m 34456677p 4r56s,457m 45789p 334789s,333456789m 4577s,4m 222p 66s 2577z,1,1,5,,0,,,,,,
20260412055023_0400_032,20260412055023_0400,20260412055023,特上卓,2,欧陽,90,5s,risekichu_hokan_tsumogiri,1775941985,785.094,,0,,"[6,57,95,62,44,48,51,53,63,7,59,88,85]","[15,98,55,18,87,107,64,103,49,71,60,82,81]","[10,11,20,9,33,96,89,17,24,28,14,86,97,90]","[42,112,133,92,94,132,41,40,125,12]",22m 34456677p 4r56s,45m 45789p 334789s,333456789m 45577s,4m 222p 66s 2577z,0,0,3,36s,1,,,,,,
20260412055023_0400_033,20260412055023_0400,20260412055023,特上卓,3,シゲルペペ,34,9m,risekichu_hokan_tsumogiri,1775941987,2084.001,,0,,"[6,57,95,62,44,48,51,53,63,7,59,88,85]","[15,98,55,18,87,107,64,103,49,71,60,82,81]","[10,11,20,9,33,96,89,17,24,28,14,86,97]","[42,112,133,92,94,132,41,40,125,12,34]",22m 34456677p 4r56s,45m 45789p 334789s,333456789m 4577s,49m 222p 66s 2577z,2,2,,,0,,,,,,
20260412055023_0400_034,20260412055023_0400,20260412055023,特上卓,0,s6u,44,3p,tedashi,1775942000,801.564,12089.71,6,262.27,"[6,57,95,62,44,48,51,53,63,7,59,88,85,54]","[15,98,55,18,87,107,64,103,49,71,60,82,81]","[10,11,20,9,33,96,89,17,24,28,14,86,97]","[42,112,133,92,94,132,41,40,125,12]",22m 344556677p 4r56s,45m 45789p 334789s,333456789m 4577s,4m 222p 66s 2577z,0,0,1,2m 47p,0,,,,,,
20260412055023_0400_035,20260412055023_0400,20260412055023,特上卓,1,せんざんこうさん,87,4s,tedashi,1775942004,565.657,3456.375,0,,"[6,57,95,62,48,51,53,63,7,59,88,85,54]","[15,98,55,18,87,107,64,103,49,71,60,82,81,56]","[10,11,20,9,33,96,89,17,24,28,14,86,97]","[42,112,133,92,94,132,41,40,125,12]",22m 44556677p 4r56s,45m 456789p 334789s,333456789m 4577s,4m 222p 66s 2577z,0,0,5,36m,0,,,,,,
20260412055023_0400_036,20260412055023_0400,20260412055023,特上卓,2,欧陽,58,6p,risekichu_hokan_tsumogiri,1775942005,795.19,,0,,"[6,57,95,62,48,51,53,63,7,59,88,85,54]","[15,98,55,18,107,64,103,49,71,60,82,81,56]","[10,11,20,9,33,96,89,17,24,28,14,86,97,58]","[42,112,133,92,94,132,41,40,125,12]",22m 44556677p 4r56s,45m 456789p 33789s,333456789m 6p 4577s,4m 222p 66s 2577z,0,0,4,36s,0,,,,,,
20260412055023_0400_037,20260412055023_0400,20260412055023,特上卓,3,シゲルペペ,112,2z,tedashi,1775942007,2191.926,,0,,"[6,57,95,62,48,51,53,63,7,59,88,85,54]","[15,98,55,18,107,64,103,49,71,60,82,81,56]","[10,11,20,9,33,96,89,17,24,28,14,86,97]","[42,112,133,92,94,132,41,40,125,12,5]",22m 44556677p 4r56s,45m 456789p 33789s,333456789m 4577s,24m 222p 66s 2577z,1,1,,,0,,,,,,
20260412055023_0400_038,20260412055023_0400,20260412055023,特上卓,0,s6u,108,1z,tsumogiri,1775942008,711.498,,0,,"[6,57,95,62,48,51,53,63,7,59,88,85,54,108]","[15,98,55,18,107,64,103,49,71,60,82,81,56]","[10,11,20,9,33,96,89,17,24,28,14,86,97]","[42,133,92,94,132,41,40,125,12,5]",22m 44556677p 4r56s 1z,45m 456789p 33789s,333456789m 4577s,24m 222p 66s 577z,0,0,1,2m 47p,0,,,,,,
20260412055023_0400_039,20260412055023_0400,20260412055023,特上卓,1,せんざんこうさん,27,7m,risekichu_hokan_tsumogiri,1775942009,1527.156,,0,,"[6,57,95,62,48,51,53,63,7,59,88,85,54]","[15,98,55,18,107,64,103,49,71,60,82,81,56,27]","[10,11,20,9,33,96,89,17,24,28,14,86,97]","[42,133,92,94,132,41,40,125,12,5]",22m 44556677p 4r56s,457m 456789p 33789s,333456789m 4577s,24m 222p 66s 577z,0,0,5,36m,0,,,,,,
20260412055023_0400_040,20260412055023_0400,20260412055023,特上卓,2,欧陽,22,6m,risekichu_hokan_tsumogiri,1775942010,881.019,,0,,"[6,57,95,62,48,51,53,63,7,59,88,85,54]","[15,98,55,18,107,64,103,49,71,60,82,81,56]","[10,11,20,9,33,96,89,17,24,28,14,86,97,22]","[42,133,92,94,132,41,40,125,12,5]",22m 44556677p 4r56s,45m 456789p 33789s,3334566789m 4577s,24m 222p 66s 577z,0,0,3,36s,0,,,,,,
20260412055023_0500_000,20260412055023_0500,20260412055023,特上卓,3,シゲルペペ,105,9s,tedashi,1775942023,,,2,1263.879,"[120,131,96,113,124,129,101,130,80,7,78,73,91]","[5,42,63,22,82,26,110,11,68,19,41,62,79]","[103,46,93,66,3,64,6,30,81,83,49,111,102]","[76,126,20,56,1,87,24,125,105,98,2,50,23,17]",2m 123578s 245666z,23567m 22779p 23s 1z,128m 3488p 33688s 1z,115667m 46p 2479s 55z,2,2,3,,0,,,,,,
20260412055023_0500_001,20260412055023_0500,20260412055023,特上卓,0,s6u,7,2m,tedashi,1775942025,785.715,,0,,"[120,131,113,124,129,130,80,7,78,73,91]","[5,42,63,22,82,26,110,11,68,19,41,62,79]","[103,46,93,66,3,64,6,30,81,83,49,111,102]","[76,126,20,56,1,87,24,125,98,2,50,23,17]",2m 1235s 245666z,23567m 22779p 23s 1z,128m 3488p 33688s 1z,115667m 46p 247s 55z,2,2,,,0,,,,,,
20260412055023_0500_002,20260412055023_0500,20260412055023,特上卓,1,せんざんこうさん,110,1z,tedashi,1775942028,2703.015,,0,,"[120,131,113,124,129,130,80,78,73,91]","[5,42,63,22,82,26,110,11,68,19,41,62,79,38]","[103,46,93,66,3,64,6,30,81,83,49,111,102]","[76,126,20,56,1,87,24,125,98,2,50,23,17]",1235s 245666z,23567m 122779p 23s 1z,128m 3488p 33688s 1z,115667m 46p 247s 55z,2,2,4,,0,,,,,,
20260412055023_0500_003,20260412055023_0500,20260412055023,特上卓,2,欧陽,111,1z,tedashi,1775942032,3696.061,,0,,"[120,131,113,124,129,130,80,78,73,91]","[5,42,63,22,82,26,11,68,19,41,62,79,38]","[103,46,93,66,3,64,6,30,81,83,49,111,102,10]","[76,126,20,56,1,87,24,125,98,2,50,23,17]",1235s 245666z,23567m 122779p 23s,1238m 3488p 33688s 1z,115667m 46p 247s 55z,2,2,3,,0,,,,,,
20260412055023_0500_004,20260412055023_0500,20260412055023,特上卓,3,シゲルペペ,100,8s,risekichu_hokan_tsumogiri,1775942034,2184.089,,6,225.958,"[120,131,113,124,129,130,80,78,73,91]","[5,42,63,22,82,26,11,68,19,41,62,79,38]","[103,46,93,66,3,64,6,30,81,83,49,102,10]","[76,126,20,56,1,87,24,125,98,2,50,23,17,100]",1235s 245666z,23567m 122779p 23s,1238m 3488p 33688s,115667m 46p 2478s 55z,2,2,3,,0,,,,,,
20260412055023_0500_005,20260412055023_0500,20260412055023,特上卓,0,s6u,16,r5m,tsumogiri,1775942036,2288.146,,3,1642.406,"[120,131,113,124,129,130,80,78,73,91,16]","[5,42,63,22,82,26,11,68,19,41,62,79,38]","[103,46,93,66,3,64,6,30,81,83,49,102,10]","[76,126,20,56,1,87,24,125,98,2,50,23,17]",r5m 1235s 245666z,23567m 122779p 23s,1238m 3488p 33688s,115667m 46p 247s 55z,2,2,,,0,,,,,,
20260412055023_0500_006,20260412055023_0500,20260412055023,特上卓,1,せんざんこうさん,119,3z,risekichu_hokan_tsumogiri,1775942040,2195.732,,0,,"[120,131,113,124,129,130,80,78,73,91]","[5,42,63,22,82,26,11,68,19,41,62,79,38,119]","[103,46,93,66,3,64,6,30,81,83,49,102,10]","[76,126,20,56,1,87,24,125,98,2,50,23,17]",1235s 245666z,23567m 122779p 23s 3z,1238m 3488p 33688s,115667m 46p 247s 55z,2,2,4,,0,,,,,,
20260412055023_0500_007,20260412055023_0500,20260412055023,特上卓,2,欧陽,30,8m,tedashi,1775942045,4529.109,,3,1305.722,"[120,131,113,124,129,130,80,78,73,91]","[5,42,63,22,82,26,11,68,19,41,62,79,38]","[103,46,93,66,3,64,6,30,81,83,49,102,10,84]","[76,126,20,56,1,87,24,125,98,2,50,23,17]",1235s 245666z,23567m 122779p 23s,1238m 3488p 334688s,115667m 46p 247s 55z,2,2,3,,0,,,,,,
20260412055023_0500_008,20260412055023_0500,20260412055023,特上卓,3,シゲルペペ,98,7s,tedashi,1775942047,1220.156,,0,,"[120,131,113,124,129,130,80,78,73,91]","[5,42,63,22,82,26,11,68,19,41,62,79,38]","[103,46,93,66,3,64,6,81,83,49,102,10,84]","[76,126,20,56,1,87,24,125,98,2,50,23,17,115]",1235s 245666z,23567m 122779p 23s,123m 3488p 334688s,115667m 46p 247s 255z,2,2,3,,0,,,,,,
20260412055023_0500_009,20260412055023_0500,20260412055023,特上卓,0,s6u,51,4p,tsumogiri,1775942052,4962.253,,0,,"[120,131,113,124,129,130,80,78,73,91,51]","[5,42,63,22,82,26,11,68,19,41,62,79,38]","[103,46,93,66,3,64,6,81,83,49,102,10,84]","[76,126,20,56,1,87,24,125,2,50,23,17,115]",4p 1235s 245666z,23567m 122779p 23s,123m 3488p 334688s,115667m 46p 24s 255z,2,2,,,0,,,,,,
20260412055023_0500_010,20260412055023_0500,20260412055023,特上卓,1,せんざんこうさん,68,9p,tedashi,1775942055,2921.282,,0,,"[120,131,113,124,129,130,80,78,73,91]","[5,42,63,22,82,26,11,68,19,41,62,79,38,14]","[103,46,93,66,3,64,6,81,83,49,102,10,84]","[76,126,20,56,1,87,24,125,2,50,23,17,115]",1235s 245666z,234567m 122779p 23s,123m 3488p 334688s,115667m 46p 24s 255z,1,1,4,,0,,,,,,
20260412055023_0500_011,20260412055023_0500,20260412055023,特上卓,2,欧陽,9,3m,risekichu_hokan_tsumogiri,1775942065,9925.843,,0,,"[120,131,113,124,129,130,80,78,73,91]","[5,42,63,22,82,26,11,19,41,62,79,38,14]","[103,46,93,66,3,64,6,81,83,49,102,10,84,9]","[76,126,20,56,1,87,24,125,2,50,23,17,115]",1235s 245666z,234567m 12277p 23s,1233m 3488p 334688s,115667m 46p 24s 255z,2,2,2,,0,,,,,,
20260412055023_0500_012,20260412055023_0500,20260412055023,特上卓,3,シゲルペペ,115,2z,tedashi,1775942067,1586.317,,0,,"[120,131,113,124,129,130,80,78,73,91]","[5,42,63,22,82,26,11,19,41,62,79,38,14]","[103,46,93,66,3,64,6,81,83,49,102,10,84]","[76,126,20,56,1,87,24,125,2,50,23,17,115,43]",1235s 245666z,234567m 12277p 23s,123m 3488p 334688s,115667m 246p 24s 255z,2,2,3,,0,,,,,,
20260412055023_0500_013,20260412055023_0500,20260412055023,特上卓,0,s6u,12,4m,tsumogiri,1775942068,1276.371,,3,2078.261,"[120,131,113,124,129,130,80,78,73,91,12]","[5,42,63,22,82,26,11,19,41,62,79,38,14]","[103,46,93,66,3,64,6,81,83,49,102,10,84]","[76,126,20,56,1,87,24,125,2,50,23,17,43]",4m 1235s 245666z,234567m 12277p 23s,123m 3488p 334688s,115667m 246p 24s 55z,2,2,,,0,,,,,,
20260412055023_0500_014,20260412055023_0500,20260412055023,特上卓,1,せんざんこうさん,4,2m,risekichu_hokan_tsumogiri,1775942072,1940.28,,6,325.332,"[120,131,113,124,129,130,80,78,73,91]","[5,42,63,22,82,26,11,19,41,62,79,38,14,4]","[103,46,93,66,3,64,6,81,83,49,102,10,84]","[76,126,20,56,1,87,24,125,2,50,23,17,43]",1235s 245666z,2234567m 12277p 23s,123m 3488p 334688s,115667m 246p 24s 55z,1,1,3,,0,,,,,,
20260412055023_0500_015,20260412055023_0500,20260412055023,特上卓,2,欧陽,134,7z,risekichu_hokan_tsumogiri,1775942074,1938.751,,0,,"[120,131,113,124,129,130,80,78,73,91]","[5,42,63,22,82,26,11,19,41,62,79,38,14]","[103,46,93,66,3,64,6,81,83,49,102,10,84,134]","[76,126,20,56,1,87,24,125,2,50,23,17,43]",1235s 245666z,234567m 12277p 23s,123m 3488p 334688s 7z,115667m 246p 24s 55z,2,2,3,,0,,,,,,
20260412055023_0500_016,20260412055023_0500,20260412055023,特上卓,3,シゲルペペ,99,7s,risekichu_hokan_tsumogiri,1775942076,1554.76,,0,,"[120,131,113,124,129,130,80,78,73,91]","[5,42,63,22,82,26,11,19,41,62,79,38,14]","[103,46,93,66,3,64,6,81,83,49,102,10,84]","[76,126,20,56,1,87,24,125,2,50,23,17,43,99]",1235s 245666z,234567m 12277p 23s,123m 3488p 334688s,115667m 246p 247s 55z,2,2,3,,0,,,,,,
20260412055023_0500_017,20260412055023_0500,20260412055023,特上卓,0,s6u,108,1z,tsumogiri,1775942084,8330.384,,0,,"[120,131,113,124,129,130,80,78,73,91,108]","[5,42,63,22,82,26,11,19,41,62,79,38,14]","[103,46,93,66,3,64,6,81,83,49,102,10,84]","[76,126,20,56,1,87,24,125,2,50,23,17,43]",1235s 1245666z,234567m 12277p 23s,123m 3488p 334688s,115667m 246p 24s 55z,2,2,,,0,,,,,,
20260412055023_0500_018,20260412055023_0500,20260412055023,特上卓,1,せんざんこうさん,97,7s,risekichu_hokan_tsumogiri,1775942086,2351.777,,3,1249.517,"[120,131,113,124,129,130,80,78,73,91]","[5,42,63,22,82,26,11,19,41,62,79,38,14,97]","[103,46,93,66,3,64,6,81,83,49,102,10,84]","[76,126,20,56,1,87,24,125,2,50,23,17,43]",1235s 245666z,234567m 12277p 237s,123m 3488p 334688s,115667m 246p 24s 55z,1,1,4,,0,,,,,,
20260412055023_0500_019,20260412055023_0500,20260412055023,特上卓,2,欧陽,39,1p,risekichu_hokan_tsumogiri,1775942089,1310.235,,0,,"[120,131,113,124,129,130,80,78,73,91]","[5,42,63,22,82,26,11,19,41,62,79,38,14]","[103,46,93,66,3,64,6,81,83,49,102,10,84,39]","[76,126,20,56,1,87,24,125,2,50,23,17,43]",1235s 245666z,234567m 12277p 23s,123m 13488p 334688s,115667m 246p 24s 55z,2,2,3,,0,,,,,,
20260412055023_0500_020,20260412055023_0500,20260412055023,特上卓,3,シゲルペペ,122,4z,risekichu_hokan_tsumogiri,1775942091,2426.92,,0,,"[120,131,113,124,129,130,80,78,73,91]","[5,42,63,22,82,26,11,19,41,62,79,38,14]","[103,46,93,66,3,64,6,81,83,49,102,10,84]","[76,126,20,56,1,87,24,125,2,50,23,17,43,122]",1235s 245666z,234567m 12277p 23s,123m 3488p 334688s,115667m 246p 24s 455z,2,2,3,,0,,,,,,
20260412055023_0500_021,20260412055023_0500,20260412055023,特上卓,0,s6u,71,9p,tsumogiri,1775942093,2115.434,,0,,"[120,131,113,124,129,130,80,78,73,91,71]","[5,42,63,22,82,26,11,19,41,62,79,38,14]","[103,46,93,66,3,64,6,81,83,49,102,10,84]","[76,126,20,56,1,87,24,125,2,50,23,17,43]",9p 1235s 245666z,234567m 12277p 23s,123m 3488p 334688s,115667m 246p 24s 55z,2,2,,,0,,,,,,
20260412055023_0500_022,20260412055023_0500,20260412055023,特上卓,1,せんざんこうさん,77,2s,risekichu_hokan_tsumogiri,1775942099,5213.576,,3,1813.037,"[120,131,113,124,129,130,80,78,73,91]","[5,42,63,22,82,26,11,19,41,62,79,38,14,77]","[103,46,93,66,3,64,6,81,83,49,102,10,84]","[76,126,20,56,1,87,24,125,2,50,23,17,43]",1235s 245666z,234567m 12277p 223s,123m 3488p 334688s,115667m 246p 24s 55z,1,1,3,,1,,,,,,
20260412055023_0500_023,20260412055023_0500,20260412055023,特上卓,2,欧陽,114,2z,risekichu_hokan_tsumogiri,1775942102,1176.876,,0,,"[120,131,113,124,129,130,80,78,73,91]","[5,42,63,22,82,26,11,19,41,62,79,38,14]","[103,46,93,66,3,64,6,81,83,49,102,10,84,114]","[76,126,20,56,1,87,24,125,2,50,23,17,43]",1235s 245666z,234567m 12277p 23s,123m 3488p 334688s 2z,115667m 246p 24s 55z,2,2,3,,0,,,,,,
20260412055023_0500_024,20260412055023_0500,20260412055023,特上卓,3,シゲルペペ,87,4s,tedashi,1775942103,1717.255,,2,4185.806,"[120,131,113,124,129,130,80,78,73,91]","[5,42,63,22,82,26,11,19,41,62,79,38,14]","[103,46,93,66,3,64,6,81,83,49,102,10,84]","[76,126,20,56,1,87,24,125,2,50,23,17,43,48]",1235s 245666z,234567m 12277p 23s,123m 3488p 334688s,115667m 2446p 24s 55z,2,2,2,,0,,,,,,
20260412055023_0500_025,20260412055023_0500,20260412055023,特上卓,0,s6u,113,2z,tedashi,1775942109,1125.124,,0,,"[120,131,113,124,129,130,78,73]","[5,42,63,22,82,26,11,19,41,62,79,38,14]","[103,46,93,66,3,64,6,81,83,49,102,10,84]","[76,126,20,56,1,24,125,2,50,23,17,43,48]",12s 245666z,234567m 12277p 23s,123m 3488p 334688s,115667m 2446p 2s 55z,1,1,,,0,,,,,,
20260412055023_0500_026,20260412055023_0500,20260412055023,特上卓,1,せんざんこうさん,41,2p,tedashi,1775942113,4234.55,,3,5082.551,"[120,131,124,129,130,78,73]","[5,42,63,22,82,26,11,19,41,62,79,38,14,75]","[103,46,93,66,3,64,6,81,83,49,102,10,84]","[76,126,20,56,1,24,125,2,50,23,17,43,48]",12s 45666z,234567m 12277p 123s,123m 3488p 334688s,115667m 2446p 2s 55z,0,0,4,3p,0,,,,,,
20260412055023_0500_027,20260412055023_0500,20260412055023,特上卓,2,欧陽,102,8s,tedashi,1775942124,5517.908,,0,,"[120,131,124,129,130,78,73]","[5,42,63,22,82,26,11,19,62,79,38,14,75]","[103,46,93,66,3,64,6,81,83,49,102,10,84,90]","[76,126,20,56,1,24,125,2,50,23,17,43,48]",12s 45666z,234567m 1277p 123s,123m 3488p 3345688s,115667m 2446p 2s 55z,1,1,3,,0,,,,,,
20260412055023_0500_028,20260412055023_0500,20260412055023,特上卓,3,シゲルペペ,76,2s,tedashi,1775942125,1426.504,,0,,"[120,131,124,129,130,78,73]","[5,42,63,22,82,26,11,19,62,79,38,14,75]","[103,46,93,66,3,64,6,81,83,49,10,84,90]","[76,126,20,56,1,24,125,2,50,23,17,43,48,123]",12s 45666z,234567m 1277p 123s,123m 3488p 334568s,115667m 2446p 2s 455z,2,2,2,,0,,,,,,
20260412055023_0500_029,20260412055023_0500,20260412055023,特上卓,0,s6u,13,4m,tsumogiri,1775942129,4058.008,,3,1404.666,"[120,131,124,129,130,78,73,13]","[5,42,63,22,82,26,11,19,62,79,38,14,75]","[103,46,93,66,3,64,6,81,83,49,10,84,90]","[126,20,56,1,24,125,2,50,23,17,43,48,123]",4m 12s 45666z,234567m 1277p 123s,123m 3488p 334568s,115667m 2446p 455z,1,1,,,0,,,,,,
20260412055023_0500_030,20260412055023_0500,20260412055023,特上卓,1,せんざんこうさん,132,7z,risekichu_hokan_tsumogiri,1775942134,3120.52,,0,,"[120,131,124,129,130,78,73]","[5,42,63,22,82,26,11,19,62,79,38,14,75,132]","[103,46,93,66,3,64,6,81,83,49,10,84,90]","[126,20,56,1,24,125,2,50,23,17,43,48,123]",12s 45666z,234567m 1277p 123s 7z,123m 3488p 334568s,115667m 2446p 455z,0,0,5,3p,0,,,,,,
20260412055023_0500_031,20260412055023_0500,20260412055023,特上卓,2,欧陽,103,8s,tedashi,1775942137,3314.533,,0,,"[120,131,124,129,130,78,73]","[5,42,63,22,82,26,11,19,62,79,38,14,75]","[103,46,93,66,3,64,6,81,83,49,10,84,90,112]","[126,20,56,1,24,125,2,50,23,17,43,48,123]",12s 45666z,234567m 1277p 123s,123m 3488p 334568s 2z,115667m 2446p 455z,1,1,4,,0,,,,,,
20260412055023_0500_032,20260412055023_0500,20260412055023,特上卓,3,シゲルペペ,123,4z,tedashi,1775942138,1589.535,,0,,"[120,131,124,129,130,78,73]","[5,42,63,22,82,26,11,19,62,79,38,14,75]","[46,93,66,3,64,6,81,83,49,10,84,90,112]","[126,20,56,1,24,125,2,50,23,17,43,48,123,29]",12s 45666z,234567m 1277p 123s,123m 3488p 33456s 2z,1156678m 2446p 455z,2,2,2,,0,,,,,,
20260412055023_0500_033,20260412055023_0500,20260412055023,特上卓,0,s6u,120,4z,tedashi,1775942142,4038.236,,0,,"[120,131,124,129,130,78,73,106]","[5,42,63,22,82,26,11,19,62,79,38,14,75]","[46,93,66,3,64,6,81,83,49,10,84,90,112]","[126,20,56,1,24,125,2,50,23,17,43,48,29]",129s 45666z,234567m 1277p 123s,123m 3488p 33456s 2z,1156678m 2446p 55z,1,1,,,0,,,,,,
20260412062254_0000_000,20260412062254_0000,20260412062254,一般卓,3,高田馬場,100,8s,tedashi,1775942592,,,0,,"[16,19,62,41,74,15,18,6,28,92,8,86,10]",,,,2334r5558m 27p 146s,,,,,,,,,,,,,,
20260412062254_0000_001,20260412062254_0000,20260412062254,一般卓,0,パシフィック,74,1s,tedashi,1775942596,3743.898,,0,,"[16,19,62,41,74,15,18,6,28,92,8,86,10,80]",,,,2334r5558m 27p 1346s,,,,2,2,4,,0,,,,,,
20260412062254_0000_002,20260412062254_0000,20260412062254,一般卓,1,清水新吾,75,1s,tedashi,1775942603,6932.732,,0,,"[16,19,62,41,15,18,6,28,92,8,86,10,80]",,,,2334r5558m 27p 346s,,,,,,,,,,,,,,
20260412062254_0000_003,20260412062254_0000,20260412062254,一般卓,2,SAL,113,2z,risekichu_hokan_tsumogiri,1775942605,1869.726,,0,,"[16,19,62,41,15,18,6,28,92,8,86,10,80]",,,,2334r5558m 27p 346s,,,,,,,,,,,,,,
20260412062254_0000_004,20260412062254_0000,20260412062254,一般卓,3,高田馬場,11,3m,tedashi,1775942609,4445.253,,1,3132.772,"[16,19,62,41,15,18,6,28,92,8,86,10,80]",,,,2334r5558m 27p 346s,,,,,,,,,,,,,,
20260412062254_0000_005,20260412062254_0000,20260412062254,一般卓,0,パシフィック,41,2p,tedashi,1775942614,979.77,,6,211.73,"[16,19,62,41,15,18,6,28,92,8,86,10,80,119]",,,,2334r5558m 27p 346s 3z,,,,3,3,4,,0,,,,,,
20260412062254_0000_006,20260412062254_0000,20260412062254,一般卓,1,清水新吾,114,2z,tedashi,1775942616,1959.816,,0,,"[16,19,62,15,18,6,28,92,8,86,10,80,119]",,,,2334r5558m 7p 346s 3z,,,,,,,,,,,,,,
20260412065824_0100_022,20260412065824_0100,20260412065824,上級卓,3,天然ジイ3,59,6p,tedashi,1775944708,844.35,2395.726,0,,"[1,14,15,32,44,56,60,68,89,96,99,106,126]",,,,1449m 3679p 5779s 5z,,,,,,,,,,,,,,
20260412065843_0000_000,20260412065843_0000,20260412065843,,3,gieron,106,9s,tedashi,1775944727,,,0,,"[129,122,120,9,128,11,113,1,60,93,85,82,4]",,,,1233m 7p 346s 24466z,,,,,,,,,,,,,,
20260412065843_0000_001,20260412065843_0000,20260412065843,,0,パシフィック,113,2z,tedashi,1775944738,10492.784,,0,,"[129,122,120,9,128,11,113,1,60,93,85,82,4,3]",,,,11233m 7p 346s 24466z,,,,2,2,2,,0,,,,,,
20260412065843_0000_002,20260412065843_0000,20260412065843,,1,よく分からない,114,2z,tedashi,1775944740,2566.357,,0,,"[129,122,120,9,128,11,1,60,93,85,82,4,3]",,,,11233m 7p 346s 4466z,,,,,,,,,,,,,,
20260412065843_0000_003,20260412065843_0000,20260412065843,,2,NoName,117,3z,tedashi,1775944742,1874.237,,0,,"[129,122,120,9,128,11,1,60,93,85,82,4,3]",,,,11233m 7p 346s 4466z,,,,,,,,,,,,,,
20260412065843_0000_004,20260412065843_0000,20260412065843,,3,gieron,115,2z,tedashi,1775944745,2860.206,,0,,"[129,122,120,9,128,11,1,60,93,85,82,4,3]",,,,11233m 7p 346s 4466z,,,,,,,,,,,,,,
20260412065843_0000_005,20260412065843_0000,20260412065843,,0,パシフィック,42,2p,tsumogiri,1775944758,12696.849,,1,1428.773,"[129,122,120,9,128,11,1,60,93,85,82,4,3,42]",,,,11233m 27p 346s 4466z,,,,2,2,2,,0,,,,,,
20260412065843_0000_006,20260412065843_0000,20260412065843,,1,よく分からない,121,4z,tedashi,1775944761,1867.904,,0,,"[129,122,120,9,128,11,1,60,93,85,82,4,3]",,,,11233m 7p 346s 4466z,,,,,,,,,,,,,,
20260412065843_0000_011,20260412065843_0000,20260412065843,,2,NoName,109,1z,tedashi,1775944777,2729.093,,0,,"[1,3,4,9,11,60,82,85,93,120,122,128,129]",,,,11233m 7p 346s 4466z,,,,,,,,,,,,,,
20260412065843_0000_012,20260412065843_0000,20260412065843,,3,gieron,28,8m,tedashi,1775944779,2031.698,,0,,"[1,3,4,9,11,60,82,85,93,120,122,128,129]",,,,11233m 7p 346s 4466z,,,,,,,,,,,,,,
20260412065843_0000_013,20260412065843_0000,20260412065843,,0,パシフィック,124,5z,tsumogiri,1775944796,16717.729,,0,,"[1,3,4,9,11,60,82,85,93,120,122,128,129,124]",,,,11233m 7p 346s 44566z,,,,2,2,2,,0,,,,,,
20260412065843_0000_014,20260412065843_0000,20260412065843,,1,よく分からない,135,7z,tedashi,1775944799,3294.842,,0,,"[1,3,4,9,11,60,82,85,93,120,122,128,129]",,,,11233m 7p 346s 4466z,,,,,,,,,,,,,,
20260412065843_0000_015,20260412065843_0000,20260412065843,,2,NoName,108,1z,risekichu_hokan_tsumogiri,1775944801,1629.163,,0,,"[1,3,4,9,11,60,82,85,93,120,122,128,129]",,,,11233m 7p 346s 4466z,,,,,,,,,,,,,,
20260412065843_0000_016,20260412065843_0000,20260412065843,,3,gieron,110,1z,tedashi,1775944803,1912.373,,0,,"[1,3,4,9,11,60,82,85,93,120,122,128,129]",,,,11233m 7p 346s 4466z,,,,,,,,,,,,,,
20260412143821_0000_003,20260412143821_0000,20260412143821,一般卓,3,ガルガル,119,3z,tedashi,1775972323,1535.547,,1,1832.106,"[3,6,11,50,54,57,86,105,114,115,117,118,134]",,,,123m 456p 49s 22337z,,,,,,,,,,,,,,
20260412143821_0000_004,20260412143821_0000,20260412143821,一般卓,0,パシフィック,134,7z,tedashi,1775972337,12235.278,,0,,"[3,6,11,50,54,57,86,105,114,115,117,118,134,59]",,,,123m 4566p 49s 22337z,,,,2,2,3,,0,,,,,,
20260412143821_0000_005,20260412143821_0000,20260412143821,一般卓,1,sabiuu,33,9m,tedashi,1775972338,1415.185,,0,,"[3,6,11,50,54,57,86,105,114,115,117,118,59]",,,,123m 4566p 49s 2233z,,,,,,,,,,,,,,
20260412143821_0000_006,20260412143821_0000,20260412143821,一般卓,2,midoriko,35,9m,tedashi,1775972340,1715.999,,1,1761.919,"[3,6,11,50,54,57,86,105,114,115,117,118,59]",,,,123m 4566p 49s 2233z,,,,,,,,,,,,,,
20260412143821_0000_007,20260412143821_0000,20260412143821,一般卓,3,ガルガル,133,7z,risekichu_hokan_tsumogiri,1775972344,2057.597,,0,,"[3,6,11,50,54,57,86,105,114,115,117,118,59]",,,,123m 4566p 49s 2233z,,,,,,,,,,,,,,
20260412143821_0000_008,20260412143821_0000,20260412143821,一般卓,0,パシフィック,8,3m,tsumogiri,1775972345,718.609,,0,,"[3,6,11,50,54,57,86,105,114,115,117,118,59,8]",,,,1233m 4566p 49s 2233z,,,,2,2,2,,0,,,,,,
20260412143821_0000_015,20260412143821_0000,20260412143821,一般卓,3,ガルガル,107,9s,risekichu_hokan_tsumogiri,1775972364,2726.964,,0,,"[3,6,11,50,54,57,59,86,105,114,115,117,118]",,,,123m 4566p 49s 2233z,,,,,,,,,,,,,,
20260412143821_0000_016,20260412143821_0000,20260412143821,一般卓,0,パシフィック,92,6s,tsumogiri,1775972381,16696.964,,0,,"[3,6,11,50,54,57,59,86,105,114,115,117,118,92]",,,,123m 4566p 469s 2233z,,,,1,1,3,,0,,,,,,
20260412143821_0100_017,20260412143821_0100,20260412143821,一般卓,2,midoriko,61,7p,risekichu_hokan_tsumogiri,1775972450,2467.245,,0,,"[21,25,31,33,53,64,73,74,98,102,106,122,134]",,,,6789m 58p 11789s 47z,,,,,,,,,,,,,,
20260412143821_0100_018,20260412143821_0100,20260412143821,一般卓,3,ガルガル,35,9m,risekichu_hokan_tsumogiri,1775972453,2571.592,,1,2951.397,"[21,25,31,33,53,64,73,74,98,102,106,122,134]",,,,6789m 58p 11789s 47z,,,,,,,,,,,,,,
20260412143821_0100_019,20260412143821_0100,20260412143821,一般卓,0,パシフィック,64,8p,tedashi,1775972472,16233.906,,0,,"[21,25,31,33,53,64,73,74,98,102,106,122,134,123]",,,,6789m 58p 11789s 447z,,,,2,2,4,,0,,,,,,
20260412143821_0100_020,20260412143821_0100,20260412143821,一般卓,1,sabiuu,131,6z,tedashi,1775972476,3646.453,,0,,"[21,25,31,33,53,73,74,98,102,106,122,134,123]",,,,6789m 5p 11789s 447z,,,,,,,,,,,,,,
20260412143821_0100_021,20260412143821_0100,20260412143821,一般卓,2,midoriko,57,6p,tedashi,1775972477,1335.53,,1,1265.911,"[21,25,31,33,53,73,74,98,102,106,122,134,123]",,,,6789m 5p 11789s 447z,,,,,,,,,,,,,,
20260412143821_0100_022,20260412143821_0100,20260412143821,一般卓,3,ガルガル,0,1m,risekichu_hokan_tsumogiri,1775972480,1760.074,,0,,"[21,25,31,33,53,73,74,98,102,106,122,134,123]",,,,6789m 5p 11789s 447z,,,,,,,,,,,,,,
20260412143821_0100_024,20260412143821_0100,20260412143821,一般卓,3,ガルガル,17,5m,risekichu_hokan_tsumogiri,1775972494,3779.741,,0,,"[21,25,31,33,53,73,74,98,102,106,122,123,134]",,,,6789m 5p 11789s 447z,,,,,,,,,,,,,,
20260412144902_0000_000,20260412144902_0000,20260412144902,上級卓,3,kimikoo5,118,3z,tedashi,1775972951,,,0,,"[109,2,122,10,7,44,89,123,9,100,110,129,74]",,,,1233m 3p 158s 11446z,,,,,,,,,,,,,,
20260412144902_0000_001,20260412144902_0000,20260412144902,上級卓,0,パシフィック,117,3z,tsumogiri,1775972968,16681.51,,0,,"[109,2,122,10,7,44,89,123,9,100,110,129,74,117]",,,,1233m 3p 158s 113446z,,,,3,4,3,,0,,,,,,
20260412144902_0000_002,20260412144902_0000,20260412144902,上級卓,1,sasimize,121,4z,tedashi,1775972970,2874.959,,1,2934.805,"[109,2,122,10,7,44,89,123,9,100,110,129,74]",,,,1233m 3p 158s 11446z,,,,,,,,,,,,,,
20260412144902_0000_003,20260412144902_0000,20260412144902,上級卓,2,tetwo54,39,1p,tedashi,1775972976,2574.116,,1,1181.453,"[109,2,122,10,7,44,89,123,9,100,110,129,74]",,,,1233m 3p 158s 11446z,,,,,,,,,,,,,,
20260412144902_0000_004,20260412144902_0000,20260412144902,上級卓,3,kimikoo5,107,9s,tedashi,1775972982,4353.578,,0,,"[109,2,122,10,7,44,89,123,9,100,110,129,74]",,,,1233m 3p 158s 11446z,,,,,,,,,,,,,,
20260412144902_0000_005,20260412144902_0000,20260412144902,上級卓,0,パシフィック,105,9s,tsumogiri,1775972982,686.416,,0,,"[109,2,122,10,7,44,89,123,9,100,110,129,74,105]",,,,1233m 3p 1589s 11446z,,,,3,3,3,,0,,,,,,
20260412144902_0000_006,20260412144902_0000,20260412144902,上級卓,1,sasimize,114,2z,tedashi,1775972986,3956.394,,0,,"[109,2,122,10,7,44,89,123,9,100,110,129,74]",,,,1233m 3p 158s 11446z,,,,,,,,,,,,,,
20260412144902_0000_007,20260412144902_0000,20260412144902,上級卓,2,tetwo54,0,1m,tedashi,1775972988,2220.379,,0,,"[109,2,122,10,7,44,89,123,9,100,110,129,74]",,,,1233m 3p 158s 11446z,,,,,,,,,,,,,,
20260412144902_0000_008,20260412144902_0000,20260412144902,上級卓,3,kimikoo5,132,7z,tedashi,1775972996,7570.523,,0,,"[109,2,122,10,7,44,89,123,9,100,110,129,74]",,,,1233m 3p 158s 11446z,,,,,,,,,,,,,,
20260412144902_0000_009,20260412144902_0000,20260412144902,上級卓,0,パシフィック,30,8m,tsumogiri,1775972997,690.321,,0,,"[109,2,122,10,7,44,89,123,9,100,110,129,74,30]",,,,12338m 3p 158s 11446z,,,,3,4,3,,0,,,,,,
20260412144902_0000_010,20260412144902_0000,20260412144902,上級卓,1,sasimize,134,7z,tedashi,1775973002,5155.434,,0,,"[109,2,122,10,7,44,89,123,9,100,110,129,74]",,,,1233m 3p 158s 11446z,,,,,,,,,,,,,,
20260412144902_0000_011,20260412144902_0000,20260412144902,上級卓,2,tetwo54,108,1z,tedashi,1775973004,2661.969,,6,228.416,"[109,2,122,10,7,44,89,123,9,100,110,129,74]",,,,1233m 3p 158s 11446z,,,,,,,,,,,,,,
20260412144902_0000_012,20260412144902_0000,20260412144902,上級卓,3,kimikoo5,78,2s,risekichu_hokan_tsumogiri,1775973007,2188.138,,0,,"[109,2,122,10,7,44,89,123,9,100,110,129,74]",,,,1233m 3p 158s 11446z,,,,,,,,,,,,,,
20260412144902_0000_013,20260412144902_0000,20260412144902,上級卓,0,パシフィック,119,3z,tsumogiri,1775973008,682.259,,0,,"[109,2,122,10,7,44,89,123,9,100,110,129,74,119]",,,,1233m 3p 158s 113446z,,,,3,4,3,,0,,,,,,
20260412144902_0000_014,20260412144902_0000,20260412144902,上級卓,1,sasimize,128,6z,tedashi,1775973011,3023.271,,0,,"[109,2,122,10,7,44,89,123,9,100,110,129,74]",,,,1233m 3p 158s 11446z,,,,,,,,,,,,,,
20260412144902_0000_016,20260412144902_0000,20260412144902,上級卓,3,kimikoo5,51,4p,tedashi,1775973023,8986.804,,0,,"[2,7,9,10,44,74,89,100,109,110,122,123,129]",,,,1233m 3p 158s 11446z,,,,,,,,,,,,,,
20260412144902_0000_017,20260412144902_0000,20260412144902,上級卓,0,パシフィック,133,7z,tsumogiri,1775973040,16692.282,,0,,"[2,7,9,10,44,74,89,100,109,110,122,123,129,133]",,,,1233m 3p 158s 114467z,,,,3,4,3,,0,,,,,,
20260412144902_0000_018,20260412144902_0000,20260412144902,上級卓,1,sasimize,76,2s,tedashi,1775973047,7188.903,,1,2102.494,"[2,7,9,10,44,74,89,100,109,110,122,123,129]",,,,1233m 3p 158s 11446z,,,,,,,,,,,,,,
20260412144902_0000_019,20260412144902_0000,20260412144902,上級卓,2,tetwo54,120,4z,risekichu_hokan_tsumogiri,1775973053,4453.012,,1,2102.325,"[2,7,9,10,44,74,89,100,109,110,122,123,129]",,,,1233m 3p 158s 11446z,,,,,,,,,,,,,,
20260412144902_0000_020,20260412144902_0000,20260412144902,上級卓,3,kimikoo5,71,9p,tedashi,1775973063,7366.992,,0,,"[2,7,9,10,44,74,89,100,109,110,122,123,129]",,,,1233m 3p 158s 11446z,,,,,,,,,,,,,,
20260412144902_0000_021,20260412144902_0000,20260412144902,上級卓,0,パシフィック,29,8m,tsumogiri,1775973070,6696.919,,0,,"[2,7,9,10,44,74,89,100,109,110,122,123,129,29]",,,,12338m 3p 158s 11446z,,,,3,4,3,,0,,,,,,
20260412144902_0000_022,20260412144902_0000,20260412144902,上級卓,1,sasimize,38,1p,tedashi,1775973072,2416.601,,0,,"[2,7,9,10,44,74,89,100,109,110,122,123,129]",,,,1233m 3p 158s 11446z,,,,,,,,,,,,,,
20260412144902_0000_023,20260412144902_0000,20260412144902,上級卓,2,tetwo54,45,3p,risekichu_hokan_tsumogiri,1775973075,3173.159,,0,,"[2,7,9,10,44,74,89,100,109,110,122,123,129]",,,,1233m 3p 158s 11446z,,,,,,,,,,,,,,
20260412144902_0000_024,20260412144902_0000,20260412144902,上級卓,3,kimikoo5,52,r5p,risekichu_hokan_tsumogiri,1775973079,3601.602,,0,,"[2,7,9,10,44,74,89,100,109,110,122,123,129]",,,,1233m 3p 158s 11446z,,,,,,,,,,,,,,
20260412144902_0000_025,20260412144902_0000,20260412144902,上級卓,0,パシフィック,82,3s,tsumogiri,1775973086,6699.168,,1,1847.208,"[2,7,9,10,44,74,89,100,109,110,122,123,129,82]",,,,1233m 3p 1358s 11446z,,,,3,3,3,,0,,,,,,
20260412144902_0000_026,20260412144902_0000,20260412144902,上級卓,1,sasimize,131,6z,risekichu_hokan_tsumogiri,1775973088,1077.338,,0,,"[2,7,9,10,44,74,89,100,109,110,122,123,129]",,,,1233m 3p 158s 11446z,,,,,,,,,,,,,,
20260412144902_0000_027,20260412144902_0000,20260412144902,上級卓,2,tetwo54,4,2m,risekichu_hokan_tsumogiri,1775973092,3674.541,,0,,"[2,7,9,10,44,74,89,100,109,110,122,123,129]",,,,1233m 3p 158s 11446z,,,,,,,,,,,,,,
20260412144902_0101_022,20260412144902_0101,20260412144902,上級卓,2,tetwo54,99,7s,tedashi,1775973318,2780.133,,1,7506.375,"[3,6,8,22,33,42,79,88,92,108,116,123,129]",,,,12369m 2p 2r56s 1346z,,,,,,,,,,,,,,
20260412144902_0101_023,20260412144902_0101,20260412144902,上級卓,3,kimikoo5,68,9p,tedashi,1775973330,4498.873,,0,,"[3,6,8,22,33,42,79,88,92,108,116,123,129]",,,,12369m 2p 2r56s 1346z,,,,,,,,,,,,,,
20260412150637_0000_001,20260412150637_0000,20260412150637,上級卓,2,にっしー,129,6z,tedashi,1775974001,4366.003,,0,,"[38,47,52,67,68,70,77,106,112,113,118,124,133]",,,,13r5899p 29s 22357z,,,,,,,,,,,,,,
20260412150637_0000_002,20260412150637_0000,20260412150637,上級卓,3,NoName,35,9m,tedashi,1775974004,2941.886,,0,,"[38,47,52,67,68,70,77,106,112,113,118,124,133]",,,,13r5899p 29s 22357z,,,,,,,,,,,,,,
20260412150637_0000_003,20260412150637_0000,20260412150637,上級卓,0,パシフィック,73,1s,tsumogiri,1775974021,16697.627,,1,1407.19,"[38,47,52,67,68,70,77,106,112,113,118,124,133,73]",,,,13r5899p 129s 22357z,,,,4,4,4,,0,,,,,,
20260412150637_0000_004,20260412150637_0000,20260412150637,上級卓,1,秀③,75,1s,tedashi,1775974024,1905.242,,1,869.073,"[38,47,52,67,68,70,77,106,112,113,118,124,133]",,,,13r5899p 29s 22357z,,,,,,,,,,,,,,
20260412150637_0000_005,20260412150637_0000,20260412150637,上級卓,2,にっしー,128,6z,risekichu_hokan_tsumogiri,1775974027,1288.145,,0,,"[38,47,52,67,68,70,77,106,112,113,118,124,133]",,,,13r5899p 29s 22357z,,,,,,,,,,,,,,
20260412150637_0000_006,20260412150637_0000,20260412150637,上級卓,3,NoName,127,5z,tedashi,1775974028,1748.98,,0,,"[38,47,52,67,68,70,77,106,112,113,118,124,133]",,,,13r5899p 29s 22357z,,,,,,,,,,,,,,
20260412150637_0101_004,20260412150637_0101,20260412150637,上級卓,2,にっしー,121,4z,tedashi,1775974310,4969.321,,0,,"[8,10,11,47,68,72,74,83,91,95,98,104,112]",,,,333m 39p 1135679s 2z,,,,,,,,,,,,,,
20260412150637_0101_005,20260412150637_0101,20260412150637,上級卓,3,NoName,133,7z,risekichu_hokan_tsumogiri,1775974312,1800.182,,0,,"[8,10,11,47,68,72,74,83,91,95,98,104,112]",,,,333m 39p 1135679s 2z,,,,,,,,,,,,,,
20260412150637_0101_006,20260412150637_0101,20260412150637,上級卓,0,パシフィック,96,7s,tsumogiri,1775974329,16691.987,,6,156.408,"[8,10,11,47,68,72,74,83,91,95,98,104,112,96]",,,,333m 39p 11356779s 2z,,,,2,2,3,,0,,,,,,
20260412150637_0101_007,20260412150637_0101,20260412150637,上級卓,1,秀③,134,7z,tedashi,1775974331,2081.62,,0,,"[8,10,11,47,68,72,74,83,91,95,98,104,112]",,,,333m 39p 1135679s 2z,,,,,,,,,,,,,,
20260412150637_0101_008,20260412150637_0101,20260412150637,上級卓,2,にっしー,109,1z,tedashi,1775974335,3760.413,,0,,"[8,10,11,47,68,72,74,83,91,95,98,104,112]",,,,333m 39p 1135679s 2z,,,,,,,,,,,,,,
20260412150637_0101_009,20260412150637_0101,20260412150637,上級卓,3,NoName,126,5z,tedashi,1775974336,1518.974,,0,,"[8,10,11,47,68,72,74,83,91,95,98,104,112]",,,,333m 39p 1135679s 2z,,,,,,,,,,,,,,
20260412150637_0101_010,20260412150637_0101,20260412150637,上級卓,0,パシフィック,94,6s,tsumogiri,1775974344,7486.137,,0,,"[8,10,11,47,68,72,74,83,91,95,98,104,112,94]",,,,333m 39p 11356679s 2z,,,,2,2,3,,0,,,,,,
20260412150637_0101_011,20260412150637_0101,20260412150637,上級卓,1,秀③,7,2m,tedashi,1775974350,6586.833,,0,,"[8,10,11,47,68,72,74,83,91,95,98,104,112]",,,,333m 39p 1135679s 2z,,,,,,,,,,,,,,
20260412150637_0101_012,20260412150637_0101,20260412150637,上級卓,2,にっしー,67,8p,tedashi,1775974355,4564.92,,1,886.515,"[8,10,11,47,68,72,74,83,91,95,98,104,112]",,,,333m 39p 1135679s 2z,,,,,,,,,,,,,,
20260412150637_0101_013,20260412150637_0101,20260412150637,上級卓,3,NoName,120,4z,risekichu_hokan_tsumogiri,1775974356,734.957,,0,,"[8,10,11,47,68,72,74,83,91,95,98,104,112]",,,,333m 39p 1135679s 2z,,,,,,,,,,,,,,
20260412150637_0101_014,20260412150637_0101,20260412150637,上級卓,0,パシフィック,53,5p,tsumogiri,1775974357,698.282,,0,,"[8,10,11,47,68,72,74,83,91,95,98,104,112,53]",,,,333m 359p 1135679s 2z,,,,2,2,4,,0,,,,,,
20260412150637_0101_015,20260412150637_0101,20260412150637,上級卓,1,秀③,101,8s,tedashi,1775974362,5205.721,,0,,"[8,10,11,47,68,72,74,83,91,95,98,104,112]",,,,333m 39p 1135679s 2z,,,,,,,,,,,,,,
20260412150637_0101_016,20260412150637_0101,20260412150637,上級卓,2,にっしー,132,7z,tedashi,1775974365,2655.549,,0,,"[8,10,11,47,68,72,74,83,91,95,98,104,112]",,,,333m 39p 1135679s 2z,,,,,,,,,,,,,,
20260412150637_0101_017,20260412150637_0101,20260412150637,上級卓,3,NoName,42,2p,risekichu_hokan_tsumogiri,1775974366,1242.859,,0,,"[8,10,11,47,68,72,74,83,91,95,98,104,112]",,,,333m 39p 1135679s 2z,,,,,,,,,,,,,,
20260412150637_0101_018,20260412150637_0101,20260412150637,上級卓,0,パシフィック,73,1s,tsumogiri,1775974367,692.219,,0,,"[8,10,11,47,68,72,74,83,91,95,98,104,112,73]",,,,333m 39p 11135679s 2z,,,,2,2,4,,0,,,,,,
20260412150637_0101_019,20260412150637_0101,20260412150637,上級卓,1,秀③,123,4z,risekichu_hokan_tsumogiri,1775974369,2448.402,,0,,"[8,10,11,47,68,72,74,83,91,95,98,104,112]",,,,333m 39p 1135679s 2z,,,,,,,,,,,,,,
20260412150637_0101_020,20260412150637_0101,20260412150637,上級卓,2,にっしー,35,9m,tedashi,1775974374,4314.831,,1,1784.6,"[8,10,11,47,68,72,74,83,91,95,98,104,112]",,,,333m 39p 1135679s 2z,,,,,,,,,,,,,,
20260412150637_0101_021,20260412150637_0101,20260412150637,上級卓,3,NoName,2,1m,tedashi,1775974378,2783.414,,0,,"[8,10,11,47,68,72,74,83,91,95,98,104,112]",,,,333m 39p 1135679s 2z,,,,,,,,,,,,,,
20260412150637_0400_025,20260412150637_0400,20260412150637,上級卓,3,NoName,9,3m,risekichu_hokan_tsumogiri,1775974768,2315.589,,0,,"[1,5,7,23,39,43,53,61,68,80,112,117,120]",,,,1226m 12579p 3s 234z,,,,,,,,,,,,,,
20260412150637_0400_028,20260412150637_0400,20260412150637,上級卓,2,にっしー,88,r5s,risekichu_hokan_tsumogiri,1775974780,3302.459,,2,2473.912,"[1,5,7,23,39,43,53,61,68,80,112,117,120]",,,,1226m 12579p 3s 234z,,,,,,,,,,,,,,
20260412150637_0400_029,20260412150637_0400,20260412150637,上級卓,3,NoName,37,1p,tedashi,1775974784,1110.639,,0,,"[1,5,7,23,39,43,53,61,68,80,112,117,120]",,,,1226m 12579p 3s 234z,,,,,,,,,,,,,,
20260412152012_0000_004,20260412152012_0000,20260412152012,上級卓,1,江頭5:73,130,6z,tedashi,1775974835,1328.112,,0,,"[1,12,14,23,33,42,44,51,57,78,98,111,117]",,,,14469m 2346p 27s 13z,,,,,,,,,,,,,,
20260412152012_0000_005,20260412152012_0000,20260412152012,上級卓,2,結城めぐみ,106,9s,tedashi,1775974837,2774.153,,0,,"[1,12,14,23,33,42,44,51,57,78,98,111,117]",,,,14469m 2346p 27s 13z,,,,,,,,,,,,,,
20260412152012_0000_006,20260412152012_0000,20260412152012,上級卓,3,水ラーメン,100,8s,risekichu_hokan_tsumogiri,1775974842,4897.956,,0,,"[1,12,14,23,33,42,44,51,57,78,98,111,117]",,,,14469m 2346p 27s 13z,,,,,,,,,,,,,,
20260412152012_0000_007,20260412152012_0000,20260412152012,上級卓,0,パシフィック,78,2s,tedashi,1775974843,1181.56,,0,,"[1,12,14,23,33,42,44,51,57,78,98,111,117,62]",,,,14469m 23467p 27s 13z,,,,4,4,5,,0,,,,,,
20260412152012_0000_008,20260412152012_0000,20260412152012,上級卓,1,江頭5:73,99,7s,tedashi,1775974845,1899.198,,0,,"[1,12,14,23,33,42,44,51,57,98,111,117,62]",,,,14469m 23467p 7s 13z,,,,,,,,,,,,,,
20260412152012_0000_009,20260412152012_0000,20260412152012,上級卓,2,結城めぐみ,75,1s,tedashi,1775974850,4720.893,,0,,"[1,12,14,23,33,42,44,51,57,98,111,117,62]",,,,14469m 23467p 7s 13z,,,,,,,,,,,,,,
20260412152012_0000_010,20260412152012_0000,20260412152012,上級卓,3,水ラーメン,7,2m,tedashi,1775974856,5928.584,,0,,"[1,12,14,23,33,42,44,51,57,98,111,117,62]",,,,14469m 23467p 7s 13z,,,,,,,,,,,,,,
20260412152012_0000_011,20260412152012_0000,20260412152012,上級卓,0,パシフィック,33,9m,tedashi,1775974857,1412.585,,0,,"[1,12,14,23,33,42,44,51,57,98,111,117,62,27]",,,,144679m 23467p 7s 13z,,,,3,3,5,,0,,,,,,
20260412152012_0000_012,20260412152012_0000,20260412152012,上級卓,1,江頭5:73,25,7m,tedashi,1775974860,2336.164,,2,3608.376,"[1,12,14,23,42,44,51,57,98,111,117,62,27]",,,,14467m 23467p 7s 13z,,,,,,,,,,,,,,
20260412152012_0000_013,20260412152012_0000,20260412152012,上級卓,2,結城めぐみ,135,7z,tedashi,1775974865,1368.095,,0,,"[1,12,14,23,42,44,51,57,98,111,117,62,27]",,,,14467m 23467p 7s 13z,,,,,,,,,,,,,,
20260412152012_0000_014,20260412152012_0000,20260412152012,上級卓,3,水ラーメン,53,5p,tedashi,1775974868,3655.077,,1,3247.904,"[1,12,14,23,42,44,51,57,98,111,117,62,27]",,,,14467m 23467p 7s 13z,,,,,,,,,,,,,,
20260412152012_0000_015,20260412152012_0000,20260412152012,上級卓,0,パシフィック,1,1m,tedashi,1775974873,1625.415,,0,,"[1,12,14,23,42,44,51,57,98,111,117,62,27,26]",,,,144677m 23467p 7s 13z,,,,3,3,4,,0,,,,,,
20260412152012_0000_016,20260412152012_0000,20260412152012,上級卓,1,江頭5:73,102,8s,risekichu_hokan_tsumogiri,1775974875,1770.057,,0,,"[12,14,23,42,44,51,57,98,111,117,62,27,26]",,,,44677m 23467p 7s 13z,,,,,,,,,,,,,,
20260412152012_0000_017,20260412152012_0000,20260412152012,上級卓,2,結城めぐみ,29,8m,risekichu_hokan_tsumogiri,1775974875,228.111,,1,3579.996,"[12,14,23,42,44,51,57,98,111,117,62,27,26]",,,,44677m 23467p 7s 13z,,,,,,,,,,,,,,
20260412152012_0000_018,20260412152012_0000,20260412152012,上級卓,3,水ラーメン,73,1s,risekichu_hokan_tsumogiri,1775974880,1535.772,,0,,"[12,14,23,42,44,51,57,98,111,117,62,27,26]",,,,44677m 23467p 7s 13z,,,,,,,,,,,,,,
20260412152012_0000_019,20260412152012_0000,20260412152012,上級卓,0,パシフィック,26,7m,tedashi,1775974881,1116.376,,0,,"[12,14,23,42,44,51,57,98,111,117,62,27,26,54]",,,,44677m 234567p 7s 13z,,,,2,2,4,,1,,,,,,
20260412152012_0000_020,20260412152012_0000,20260412152012,上級卓,1,江頭5:73,132,7z,tedashi,1775974883,1640.53,,0,,"[12,14,23,42,44,51,57,98,111,117,62,27,54]",,,,4467m 234567p 7s 13z,,,,,,,,,,,,,,
20260412152012_0000_021,20260412152012_0000,20260412152012,上級卓,2,結城めぐみ,108,1z,risekichu_hokan_tsumogiri,1775974885,2369.387,,0,,"[12,14,23,42,44,51,57,98,111,117,62,27,54]",,,,4467m 234567p 7s 13z,,,,,,,,,,,,,,
20260412152012_0000_022,20260412152012_0000,20260412152012,上級卓,3,水ラーメン,79,2s,risekichu_hokan_tsumogiri,1775974892,6639.906,,0,,"[12,14,23,42,44,51,57,98,111,117,62,27,54]",,,,4467m 234567p 7s 13z,,,,,,,,,,,,,,
20260412152012_0000_023,20260412152012_0000,20260412152012,上級卓,0,パシフィック,98,7s,tedashi,1775974894,1559.883,,1,2444.614,"[12,14,23,42,44,51,57,98,111,117,62,27,54,63]",,,,4467m 2345677p 7s 13z,,,,2,2,4,,0,,,,,,
20260412152012_0000_024,20260412152012_0000,20260412152012,上級卓,1,江頭5:73,95,6s,risekichu_hokan_tsumogiri,1775974897,1022.721,,0,,"[12,14,23,42,44,51,57,111,117,62,27,54,63]",,,,4467m 2345677p 13z,,,,,,,,,,,,,,
20260412152012_0000_025,20260412152012_0000,20260412152012,上級卓,2,結城めぐみ,127,5z,risekichu_hokan_tsumogiri,1775974898,1380.722,,2,3284.95,"[12,14,23,42,44,51,57,111,117,62,27,54,63]",,,,4467m 2345677p 13z,,,,,,,,,,,,,,
20260412152012_0000_026,20260412152012_0000,20260412152012,上級卓,3,水ラーメン,110,1z,tedashi,1775974905,3339.383,,0,,"[12,14,23,42,44,51,57,111,117,62,27,54,63]",,,,4467m 2345677p 13z,,,,,,,,,,,,,,
20260412152012_0000_027,20260412152012_0000,20260412152012,上級卓,0,パシフィック,62,7p,tedashi,1775974906,1043.265,,0,,"[12,14,23,42,44,51,57,111,117,62,27,54,63,74]",,,,4467m 2345677p 1s 13z,,,,2,2,4,,0,,,,,,
20260412152012_0000_028,20260412152012_0000,20260412152012,上級卓,1,江頭5:73,20,6m,risekichu_hokan_tsumogiri,1775974908,1639.743,,0,,"[12,14,23,42,44,51,57,111,117,27,54,63,74]",,,,4467m 234567p 1s 13z,,,,,,,,,,,,,,
20260412152012_0000_029,20260412152012_0000,20260412152012,上級卓,2,結城めぐみ,5,2m,tedashi,1775974911,3653.016,,0,,"[12,14,23,42,44,51,57,111,117,27,54,63,74]",,,,4467m 234567p 1s 13z,,,,,,,,,,,,,,
20260412152012_0100_019,20260412152012_0100,20260412152012,上級卓,2,結城めぐみ,89,5s,tedashi,1775975062,3492.147,,0,,"[19,50,51,66,78,82,90,93,99,104,117,119,130]",,,,5m 448p 235679s 336z,,,,,,,,,,,,,,
20260412152012_0100_020,20260412152012_0100,20260412152012,上級卓,3,水ラーメン,97,7s,risekichu_hokan_tsumogiri,1775975070,7229.207,,1,1233.697,"[19,50,51,66,78,82,90,93,99,104,117,119,130]",,,,5m 448p 235679s 336z,,,,,,,,,,,,,,
20260412152012_0100_023,20260412152012_0100,20260412152012,上級卓,2,結城めぐみ,67,8p,tedashi,1775975088,7752.156,,0,,"[19,50,51,66,78,82,90,93,99,104,117,119,130]",,,,5m 448p 235679s 336z,,,,,,,,,,,,,,
20260412152012_0100_024,20260412152012_0100,20260412152012,上級卓,3,水ラーメン,37,1p,risekichu_hokan_tsumogiri,1775975090,2088.229,,0,,"[19,50,51,66,78,82,90,93,99,104,117,119,130]",,,,5m 448p 235679s 336z,,,,,,,,,,,,,,
20260412152012_0100_025,20260412152012_0100,20260412152012,上級卓,0,パシフィック,86,4s,tsumogiri,1775975107,16704.809,,0,,"[19,50,51,66,78,82,90,93,99,104,117,119,130,86]",,,,5m 448p 2345679s 336z,,,,2,2,4,,0,,,,,,
20260412152012_0100_028,20260412152012_0100,20260412152012,上級卓,3,水ラーメン,114,2z,tedashi,1775975119,7606.523,,0,,"[19,50,51,66,78,82,90,93,99,104,117,119,130]",,,,5m 448p 235679s 336z,,,,,,,,,,,,,,
20260412152541_0000_000,20260412152541_0000,20260412152541,一般卓,2,NoName,71,9p,tedashi,1775975147,,,2,1999.078,"[67,65,3,127,22,18,59,98,35,66,13,101,115]",,,,14569m 6888p 78s 25z,,,,,,,,,,,,,,
20260412152541_0000_001,20260412152541_0000,20260412152541,一般卓,3,クルンテープ,11,3m,tedashi,1775975152,2281.092,,1,2387.934,"[67,65,3,127,22,18,59,98,35,66,13,101,115]",,,,14569m 6888p 78s 25z,,,,,,,,,,,,,,
20260412152541_0000_002,20260412152541_0000,20260412152541,一般卓,0,パシフィック,35,9m,tedashi,1775975156,1401.062,,0,,"[67,65,3,127,22,18,59,98,35,66,13,101,115,41]",,,,14569m 26888p 78s 25z,,,,3,3,5,,0,,,,,,
20260412152541_0000_006,20260412152541_0000,20260412152541,一般卓,0,パシフィック,98,7s,tedashi,1775975173,2744.584,,1,2270.471,"[3,13,18,22,41,59,65,66,67,98,101,115,127,5]",,,,12456m 26888p 78s 25z,,,,2,2,5,,0,,,,,,
20260412152541_0000_007,20260412152541_0000,20260412152541,一般卓,1,ケンメイ3534,56,6p,tedashi,1775975185,9644.895,,0,,"[3,13,18,22,41,59,65,66,67,101,115,127,5]",,,,12456m 26888p 8s 25z,,,,,,,,,,,,,,
20260412152541_0000_038,20260412152541_0000,20260412152541,一般卓,2,NoName,60,7p,tedashi,1775975310,1633.491,,0,,"[3,5,13,18,22,41,59,65,66,67,101,115,127]",,,,12456m 26888p 8s 25z,,,,,,,,,,,,,,
20260412152541_0000_039,20260412152541_0000,20260412152541,一般卓,3,クルンテープ,110,1z,tedashi,1775975312,2497.433,,0,,"[3,5,13,18,22,41,59,65,66,67,101,115,127]",,,,12456m 26888p 8s 25z,,,,,,,,,,,,,,
20260412152541_0100_000,20260412152541_0100,20260412152541,一般卓,3,クルンテープ,67,8p,risekichu_hokan_tsumogiri,1775975341,,,1,1347.878,"[116,34,85,62,4,53,51,131,57,59,42,103,99]",,,,29m 245667p 478s 36z,,,,,,,,,,,,,,
20260412152541_0100_001,20260412152541_0100,20260412152541,一般卓,0,パシフィック,42,2p,tedashi,1775975345,2379.447,,0,,"[116,34,85,62,4,53,51,131,57,59,42,103,99,22]",,,,269m 245667p 478s 36z,,,,4,4,5,,0,,,,,,
20260412152541_0100_002,20260412152541_0100,20260412152541,一般卓,1,ケンメイ3534,129,6z,tedashi,1775975347,2369.342,,0,,"[116,34,85,62,4,53,51,131,57,59,103,99,22]",,,,269m 45667p 478s 36z,,,,,,,,,,,,,,
20260412152541_0100_003,20260412152541_0100,20260412152541,一般卓,2,NoName,113,2z,tedashi,1775975350,2264.403,,1,1524.069,"[116,34,85,62,4,53,51,131,57,59,103,99,22]",,,,269m 45667p 478s 36z,,,,,,,,,,,,,,
20260412152541_0100_004,20260412152541_0100,20260412152541,一般卓,3,クルンテープ,73,1s,risekichu_hokan_tsumogiri,1775975353,1975.136,,0,,"[116,34,85,62,4,53,51,131,57,59,103,99,22]",,,,269m 45667p 478s 36z,,,,,,,,,,,,,,
20260412152541_0100_005,20260412152541_0100,20260412152541,一般卓,0,パシフィック,34,9m,tedashi,1775975359,6136.456,,0,,"[116,34,85,62,4,53,51,131,57,59,103,99,22,15]",,,,2469m 45667p 478s 36z,,,,3,3,5,,0,,,,,,
20260412152541_0100_006,20260412152541_0100,20260412152541,一般卓,1,ケンメイ3534,124,5z,tedashi,1775975364,2289.186,,0,,"[4,15,22,51,53,57,59,62,85,99,103,116,131]",,,,246m 45667p 478s 36z,,,,,,,,,,,,,,
20260412152541_0100_007,20260412152541_0100,20260412152541,一般卓,2,NoName,117,3z,tedashi,1775975366,2723.675,,1,1878.771,"[4,15,22,51,53,57,59,62,85,99,103,116,131]",,,,246m 45667p 478s 36z,,,,,,,,,,,,,,
20260412152541_0100_008,20260412152541_0100,20260412152541,一般卓,3,クルンテープ,86,4s,tedashi,1775975370,1895.625,,0,,"[4,15,22,51,53,57,59,62,85,99,103,116,131]",,,,246m 45667p 478s 36z,,,,,,,,,,,,,,
20260412152944_0000_000,20260412152944_0000,20260412152944,上級卓,1,minimomo,116,3z,tedashi,1775975391,,,0,,"[23,0,114,67,135,31,26,49,22,46,134,93,9]",,,,136678m 348p 6s 277z,,,,,,,,,,,,,,
20260412152944_0000_001,20260412152944_0000,20260412152944,上級卓,2,NoName,117,3z,tedashi,1775975393,1748.299,,0,,"[23,0,114,67,135,31,26,49,22,46,134,93,9]",,,,136678m 348p 6s 277z,,,,,,,,,,,,,,
20260412152944_0000_002,20260412152944_0000,20260412152944,上級卓,3,Moritaxi,28,8m,tedashi,1775975397,4704.193,,1,1587.765,"[23,0,114,67,135,31,26,49,22,46,134,93,9]",,,,136678m 348p 6s 277z,,,,,,,,,,,,,,
20260412152944_0000_003,20260412152944_0000,20260412152944,上級卓,0,パシフィック,67,8p,tedashi,1775975400,1308.623,,0,,"[23,0,114,67,135,31,26,49,22,46,134,93,9,95]",,,,136678m 348p 66s 277z,,,,2,2,3,,0,,,,,,
20260412152944_0000_004,20260412152944_0000,20260412152944,上級卓,1,minimomo,113,2z,tedashi,1775975403,2229.125,,0,,"[23,0,114,135,31,26,49,22,46,134,93,9,95]",,,,136678m 34p 66s 277z,,,,,,,,,,,,,,
20260412152944_0000_005,20260412152944_0000,20260412152944,上級卓,2,NoName,29,8m,tedashi,1775975405,2251.49,,0,,"[23,0,114,135,31,26,49,22,46,134,93,9,95]",,,,136678m 34p 66s 277z,,,,,,,,,,,,,,
20260412152944_0000_006,20260412152944_0000,20260412152944,上級卓,3,Moritaxi,129,6z,tedashi,1775975407,2450.42,,0,,"[23,0,114,135,31,26,49,22,46,134,93,9,95]",,,,136678m 34p 66s 277z,,,,,,,,,,,,,,
20260412152944_0000_007,20260412152944_0000,20260412152944,上級卓,0,パシフィック,114,2z,tedashi,1775975408,1128.555,,0,,"[23,0,114,135,31,26,49,22,46,134,93,9,95,118]",,,,136678m 34p 66s 2377z,,,,2,2,3,,0,,,,,,
20260412152944_0000_008,20260412152944_0000,20260412152944,上級卓,1,minimomo,121,4z,tedashi,1775975410,1938.656,,0,,"[23,0,135,31,26,49,22,46,134,93,9,95,118]",,,,136678m 34p 66s 377z,,,,,,,,,,,,,,
20260412152944_0000_009,20260412152944_0000,20260412152944,上級卓,2,NoName,7,2m,risekichu_hokan_tsumogiri,1775975413,2203.783,,0,,"[23,0,135,31,26,49,22,46,134,93,9,95,118]",,,,136678m 34p 66s 377z,,,,,,,,,,,,,,
20260412152944_0000_010,20260412152944_0000,20260412152944,上級卓,3,Moritaxi,77,2s,tedashi,1775975418,5184.239,,0,,"[23,0,135,31,26,49,22,46,134,93,9,95,118]",,,,136678m 34p 66s 377z,,,,,,,,,,,,,,
20260412152944_0000_011,20260412152944_0000,20260412152944,上級卓,0,パシフィック,23,6m,tedashi,1775975419,1084.129,,0,,"[23,0,135,31,26,49,22,46,134,93,9,95,118,42]",,,,136678m 234p 66s 377z,,,,1,1,3,,0,,,,,,
20260412152944_0000_012,20260412152944_0000,20260412152944,上級卓,1,minimomo,128,6z,tedashi,1775975423,4024.534,,0,,"[0,135,31,26,49,22,46,134,93,9,95,118,42]",,,,13678m 234p 66s 377z,,,,,,,,,,,,,,
20260412152944_0000_013,20260412152944_0000,20260412152944,上級卓,2,NoName,19,5m,risekichu_hokan_tsumogiri,1775975425,2046.819,,0,,"[0,135,31,26,49,22,46,134,93,9,95,118,42]",,,,13678m 234p 66s 377z,,,,,,,,,,,,,,
20260412152944_0000_014,20260412152944_0000,20260412152944,上級卓,3,Moritaxi,120,4z,risekichu_hokan_tsumogiri,1775975427,2384.247,,0,,"[0,135,31,26,49,22,46,134,93,9,95,118,42]",,,,13678m 234p 66s 377z,,,,,,,,,,,,,,
20260412152944_0400_011,20260412152944_0400,20260412152944,上級卓,0,パシフィック,72,1s,tedashi,1775976238,6137.471,,0,,"[28,40,52,55,58,63,67,69,71,72,78,118,125,35]",,,,89m 2r5567899p 12s 35z,,,,2,2,4,,0,,,,,,
20260412152944_0400_015,20260412152944_0400,20260412152944,上級卓,0,パシフィック,71,9p,tedashi,1775976262,16494.453,,6,376.323,"[28,35,40,52,55,58,63,67,69,71,78,118,125,16]",,,,r589m 2r5567899p 2s 35z,,,,3,3,4,,0,,,,,,
20260412152944_0400_016,20260412152944_0400,20260412152944,上級卓,1,minimomo,102,8s,tedashi,1775976267,4825.983,,0,,"[28,35,40,52,55,58,63,67,69,78,118,125,16]",,,,r589m 2r556789p 2s 35z,,,,,,,,,,,,,,
20260412152944_0400_017,20260412152944_0400,20260412152944,上級卓,2,NoName,70,9p,tedashi,1775976271,3476.749,,0,,"[28,35,40,52,55,58,63,67,69,78,118,125,16]",,,,r589m 2r556789p 2s 35z,,,,,,,,,,,,,,
20260412152944_0400_018,20260412152944_0400,20260412152944,上級卓,0,パシフィック,86,4s,tedashi,1775976275,,,0,,"[28,35,40,52,55,58,63,67,69,78,118,125,16]",,,,r589m 2r556789p 2s 35z,,,,,,,,,,,,,,
20260412152944_0400_019,20260412152944_0400,20260412152944,上級卓,0,パシフィック,86,4s,tedashi,1775976275,,,0,,"[28,35,40,52,55,58,63,67,69,78,118,125,16]",,,,r589m 2r556789p 2s 35z,,,,,,,,,,,,,,
20260412152944_0400_020,20260412152944_0400,20260412152944,上級卓,1,minimomo,35,9m,tedashi,1775976275,,,0,,"[28,35,40,52,55,58,63,67,69,78,118,125,16]",,,,r589m 2r556789p 2s 35z,,,,,,,,,,,,,,
20260412152944_0400_021,20260412152944_0400,20260412152944,上級卓,1,minimomo,97,7s,tedashi,1775976275,,,0,,"[28,35,40,52,55,58,63,67,69,78,118,125,16]",,,,r589m 2r556789p 2s 35z,,,,,,,,,,,,,,
20260412152944_0400_022,20260412152944_0400,20260412152944,上級卓,1,minimomo,76,2s,tedashi,1775976275,,,0,,"[28,35,40,52,55,58,63,67,69,78,118,125,16]",,,,r589m 2r556789p 2s 35z,,,,,,,,,,,,,,
20260412152944_0400_023,20260412152944_0400,20260412152944,上級卓,2,NoName,2,1m,tedashi,1775976275,,,1,663.425,"[28,35,40,52,55,58,63,67,69,78,118,125,16]",,,,r589m 2r556789p 2s 35z,,,,,,,,,,,,,,
20260412152944_0400_024,20260412152944_0400,20260412152944,上級卓,3,Moritaxi,73,1s,risekichu_hokan_tsumogiri,1775976276,5279.997,,0,,"[28,35,40,52,55,58,63,67,69,78,118,125,16]",,,,r589m 2r556789p 2s 35z,,,,,,,,,,,,,,
20260412152944_0400_025,20260412152944_0400,20260412152944,上級卓,0,パシフィック,86,4s,tedashi,1775976277,1007.246,,0,,"[28,35,40,52,55,58,63,67,69,78,118,125,16,91]",,,,r589m 2r556789p 25s 35z,,,,4,4,5,,0,,,,,,
20260412152944_0400_026,20260412152944_0400,20260412152944,上級卓,3,Moritaxi,57,6p,tedashi,1775976310,4843.175,,1,1857.439,"[16,28,35,52,55,58,63,67,69,78,93,118,125]",,,,r589m r556789p 26s 35z,,,,,,,,,,,,,,
20260412152944_0400_027,20260412152944_0400,20260412152944,上級卓,0,パシフィック,63,7p,tedashi,1775976313,1284.894,,1,4382.466,"[16,28,35,52,55,58,63,67,69,78,93,118,125,135]",,,,r589m r556789p 26s 357z,,,,4,4,5,,0,,,,,,
20260412152944_0400_028,20260412152944_0400,20260412152944,上級卓,1,minimomo,64,8p,risekichu_hokan_tsumogiri,1775976318,399.656,,0,,"[16,28,35,52,55,58,67,69,78,93,118,125,135]",,,,r589m r55689p 26s 357z,,,,,,,,,,,,,,
20260412152944_0400_029,20260412152944_0400,20260412152944,上級卓,2,NoName,120,4z,tedashi,1775976320,1926.11,,0,,"[16,28,35,52,55,58,67,69,78,93,118,125,135]",,,,r589m r55689p 26s 357z,,,,,,,,,,,,,,
20260412152944_0400_030,20260412152944_0400,20260412152944,上級卓,3,Moritaxi,62,7p,risekichu_hokan_tsumogiri,1775976325,4740.415,,1,1579.791,"[16,28,35,52,55,58,67,69,78,93,118,125,135]",,,,r589m r55689p 26s 357z,,,,,,,,,,,,,,
20260412152944_0400_031,20260412152944_0400,20260412152944,上級卓,0,パシフィック,118,3z,tedashi,1775976328,1912.339,,0,,"[16,28,35,52,55,58,67,69,78,93,118,125,135,41]",,,,r589m 2r55689p 26s 357z,,,,5,5,5,,0,,,,,,
20260412152944_0400_032,20260412152944_0400,20260412152944,上級卓,1,minimomo,29,8m,risekichu_hokan_tsumogiri,1775976329,1005.403,,0,,"[16,28,35,52,55,58,67,69,78,93,125,135,41]",,,,r589m 2r55689p 26s 57z,,,,,,,,,,,,,,
20260412152944_0400_033,20260412152944_0400,20260412152944,上級卓,2,NoName,36,1p,tedashi,1775976332,2967.098,,0,,"[16,28,35,52,55,58,67,69,78,93,125,135,41]",,,,r589m 2r55689p 26s 57z,,,,,,,,,,,,,,
20260412152944_0400_034,20260412152944_0400,20260412152944,上級卓,3,Moritaxi,61,7p,tedashi,1775976334,2029.072,,2,2383.367,"[16,28,35,52,55,58,67,69,78,93,125,135,41]",,,,r589m 2r55689p 26s 57z,,,,,,,,,,,,,,
20260412152944_0400_035,20260412152944_0400,20260412152944,上級卓,1,minimomo,97,7s,tedashi,1775976277,,,1,5557.115,"[28,35,40,52,55,58,63,67,69,78,118,125,16,91]",,,,r589m 2r556789p 25s 35z,,,,,,,,,,,,,,
20260412152944_0400_036,20260412152944_0400,20260412152944,上級卓,0,パシフィック,91,5s,tedashi,1775976283,,,0,,"[28,35,40,52,55,58,63,67,69,78,118,125,16,91]",,,,r589m 2r556789p 25s 35z,,,,4,4,5,,0,,,,,,
20260412152944_0400_037,20260412152944_0400,20260412152944,上級卓,1,minimomo,80,3s,tedashi,1775976286,3441.366,,0,,"[28,35,40,52,55,58,63,67,69,78,118,125,16]",,,,r589m 2r556789p 2s 35z,,,,,,,,,,,,,,
20260412152944_0400_050,20260412152944_0400,20260412152944,上級卓,3,Moritaxi,87,4s,tedashi,1775976368,1453.588,,0,,"[16,28,35,41,52,55,58,78,93,125]",,,,r589m 2r556p 26s 5z,,,,,,,,,,,,,,
20260412155326_0000_000,20260412155326_0000,20260412155326,一般卓,2,hiro0905,69,9p,tedashi,1775976811,,,1,1196.553,"[15,115,42,78,21,64,28,57,36,37,106,102,68]",,,,468m 112689p 289s 2z,,,,,,,,,,,,,,
20260412155326_0000_001,20260412155326_0000,20260412155326,一般卓,3,NoName,118,3z,tedashi,1775976813,972.573,,0,,"[15,115,42,78,21,64,28,57,36,37,106,102,68]",,,,468m 112689p 289s 2z,,,,,,,,,,,,,,
20260412155326_0000_004,20260412155326_0000,20260412155326,一般卓,2,hiro0905,30,8m,tedashi,1775976830,1457.708,,0,,"[15,21,28,36,37,42,57,64,68,78,102,106,115]",,,,468m 112689p 289s 2z,,,,,,,,,,,,,,
20260412155326_0000_008,20260412155326_0000,20260412155326,一般卓,2,hiro0905,101,8s,tedashi,1775976846,2573.521,,6,359.375,"[15,21,28,36,37,42,51,57,64,68,102,106,115]",,,,468m 1124689p 89s 2z,,,,,,,,,,,,,,
20260412155326_0000_009,20260412155326_0000,20260412155326,一般卓,3,NoName,125,5z,tedashi,1775976848,1252.265,,2,1440.539,"[15,21,28,36,37,42,51,57,64,68,102,106,115]",,,,468m 1124689p 89s 2z,,,,,,,,,,,,,,
20260412155326_0000_010,20260412155326_0000,20260412155326,一般卓,2,hiro0905,93,6s,tedashi,1775976850,682.298,,6,501.679,"[15,21,28,36,37,42,51,57,64,68,102,106,115]",,,,468m 1124689p 89s 2z,,,,,,,,,,,,,,
20260412155326_0000_011,20260412155326_0000,20260412155326,一般卓,3,NoName,123,4z,tedashi,1775976852,1444.207,,0,,"[15,21,28,36,37,42,51,57,64,68,102,106,115]",,,,468m 1124689p 89s 2z,,,,,,,,,,,,,,
20260412155326_0000_012,20260412155326_0000,20260412155326,一般卓,0,パシフィック,37,1p,tedashi,1775976853,1251.035,,1,1136.238,"[15,21,28,36,37,42,51,57,64,68,102,106,115,27]",,,,4678m 1124689p 89s 2z,,,,2,2,5,,0,,,,,,
20260412155326_0000_013,20260412155326_0000,20260412155326,一般卓,1,とても悲しい,132,7z,tedashi,1775976856,1749.094,,0,,"[15,21,28,36,42,51,57,64,68,102,106,115,27]",,,,4678m 124689p 89s 2z,,,,,,,,,,,,,,
20260412155326_0000_014,20260412155326_0000,20260412155326,一般卓,2,hiro0905,111,1z,tedashi,1775976857,1350.037,,0,,"[15,21,28,36,42,51,57,64,68,102,106,115,27]",,,,4678m 124689p 89s 2z,,,,,,,,,,,,,,
20260412155326_0000_015,20260412155326_0000,20260412155326,一般卓,3,NoName,113,2z,tedashi,1775976859,1399.39,,0,,"[15,21,28,36,42,51,57,64,68,102,106,115,27]",,,,4678m 124689p 89s 2z,,,,,,,,,,,,,,
20260412155326_0000_016,20260412155326_0000,20260412155326,一般卓,0,パシフィック,15,4m,tedashi,1775976862,2702.757,,1,1146.77,"[15,21,28,36,42,51,57,64,68,102,106,115,27,74]",,,,4678m 124689p 189s 2z,,,,3,3,6,,0,,,,,,
20260412155326_0000_017,20260412155326_0000,20260412155326,一般卓,1,とても悲しい,112,2z,risekichu_hokan_tsumogiri,1775976864,1136.982,,0,,"[21,28,36,42,51,57,64,68,102,106,115,27,74]",,,,678m 124689p 189s 2z,,,,,,,,,,,,,,
20260412155326_0000_018,20260412155326_0000,20260412155326,一般卓,2,hiro0905,17,5m,risekichu_hokan_tsumogiri,1775976866,2563.383,,0,,"[21,28,36,42,51,57,64,68,102,106,115,27,74]",,,,678m 124689p 189s 2z,,,,,,,,,,,,,,
20260412155326_0000_019,20260412155326_0000,20260412155326,一般卓,3,NoName,45,3p,tedashi,1775976868,1646.63,,2,2951.867,"[21,28,36,42,51,57,64,68,102,106,115,27,74]",,,,678m 124689p 189s 2z,,,,,,,,,,,,,,
20260412155326_0000_020,20260412155326_0000,20260412155326,一般卓,0,パシフィック,74,1s,tedashi,1775976882,10918.652,,0,,"[21,28,51,57,64,68,102,106,115,27,74]",,,,678m 4689p 189s 2z,,,,2,2,,,0,,,,,,
20260412155326_0000_021,20260412155326_0000,20260412155326,一般卓,1,とても悲しい,109,1z,tedashi,1775976884,2072.45,,0,,"[21,28,51,57,64,68,102,106,115,27]",,,,678m 4689p 89s 2z,,,,,,,,,,,,,,
20260412155326_0000_022,20260412155326_0000,20260412155326,一般卓,2,hiro0905,94,6s,risekichu_hokan_tsumogiri,1775976885,1528.788,,6,313.149,"[21,28,51,57,64,68,102,106,115,27]",,,,678m 4689p 89s 2z,,,,,,,,,,,,,,
20260412155326_0000_023,20260412155326_0000,20260412155326,一般卓,3,NoName,25,7m,tedashi,1775976888,2379.023,,1,2902.014,"[21,28,51,57,64,68,102,106,115,27]",,,,678m 4689p 89s 2z,,,,,,,,,,,,,,
20260412193706_0000_000,20260412193706_0000,20260412193706,一般卓,0,パシフィック,118,3z,tedashi,1775990241,,,0,,"[49,21,69,122,45,118,20,120,130,27,76,94,81,55]",,,,667m 3459p 236s 3446z,,,,3,3,4,,0,,,,,,
20260412193706_0000_001,20260412193706_0000,20260412193706,一般卓,1,KrlJiKay,66,8p,tedashi,1775990245,3843.198,,1,3768.414,"[49,21,69,122,45,20,120,130,27,76,94,81,55]",,,,667m 3459p 236s 446z,,,,,,,,,,,,,,
20260412193706_0000_002,20260412193706_0000,20260412193706,一般卓,2,サカ天和,37,1p,tedashi,1775990250,1759.628,,0,,"[49,21,69,122,45,20,120,130,27,76,94,81,55]",,,,667m 3459p 236s 446z,,,,,,,,,,,,,,
20260412193706_0000_003,20260412193706_0000,20260412193706,一般卓,3,akio,114,2z,tedashi,1775990252,2360.625,,0,,"[49,21,69,122,45,20,120,130,27,76,94,81,55]",,,,667m 3459p 236s 446z,,,,,,,,,,,,,,
20260412193706_0000_004,20260412193706_0000,20260412193706,一般卓,0,パシフィック,110,1z,tsumogiri,1775990253,685.404,,0,,"[49,21,69,122,45,20,120,130,27,76,94,81,55,110]",,,,667m 3459p 236s 1446z,,,,3,3,4,,0,,,,,,
20260412193706_0000_007,20260412193706_0000,20260412193706,一般卓,3,akio,117,3z,tedashi,1775990267,1744.473,,0,,"[20,21,27,45,49,55,69,76,81,94,120,122,130]",,,,667m 3459p 236s 446z,,,,,,,,,,,,,,
20260412193706_0000_008,20260412193706_0000,20260412193706,一般卓,0,パシフィック,134,7z,tsumogiri,1775990273,6405.835,,2,2085.757,"[20,21,27,45,49,55,69,76,81,94,120,122,130,134]",,,,667m 3459p 236s 4467z,,,,3,3,4,,0,,,,,,
20260412193706_0000_009,20260412193706_0000,20260412193706,一般卓,1,KrlJiKay,123,4z,tedashi,1775990279,4276.934,,1,8936.968,"[20,21,27,45,49,55,69,76,81,94,120,122,130]",,,,667m 3459p 236s 446z,,,,,,,,,,,,,,
20260412193706_0000_013,20260412193706_0000,20260412193706,一般卓,2,サカ天和,19,5m,tedashi,1775990311,4702.302,,0,,"[20,21,27,45,49,55,69,76,81,94,120,122,130]",,,,667m 3459p 236s 446z,,,,,,,,,,,,,,
20260412193706_0000_014,20260412193706_0000,20260412193706,一般卓,3,akio,70,9p,risekichu_hokan_tsumogiri,1775990314,3029.717,,0,,"[20,21,27,45,49,55,69,76,81,94,120,122,130]",,,,667m 3459p 236s 446z,,,,,,,,,,,,,,
20260412193706_0000_015,20260412193706_0000,20260412193706,一般卓,0,パシフィック,130,6z,tedashi,1775990315,1357.721,,2,1729.297,"[20,21,27,45,49,55,69,76,81,94,120,122,130,50]",,,,667m 34459p 236s 446z,,,,3,3,3,,0,,,,,,
20260412193706_0000_016,20260412193706_0000,20260412193706,一般卓,1,KrlJiKay,88,r5s,tedashi,1775990322,5109.263,,1,1853.439,"[20,21,27,45,49,55,69,76,81,94,120,122,50]",,,,667m 34459p 236s 44z,,,,,,,,,,,,,,
20260412193706_0000_017,20260412193706_0000,20260412193706,一般卓,2,サカ天和,5,2m,tedashi,1775990329,4929.55,,0,,"[20,21,27,45,49,55,69,76,81,94,120,122,50]",,,,667m 34459p 236s 44z,,,,,,,,,,,,,,
20260412193706_0000_018,20260412193706_0000,20260412193706,一般卓,3,akio,3,1m,tedashi,1775990331,2451.524,,0,,"[20,21,27,45,49,55,69,76,81,94,120,122,50]",,,,667m 34459p 236s 44z,,,,,,,,,,,,,,
20260412193706_0000_019,20260412193706_0000,20260412193706,一般卓,0,パシフィック,112,2z,tsumogiri,1775990333,2403.447,,0,,"[20,21,27,45,49,55,69,76,81,94,120,122,50,112]",,,,667m 34459p 236s 244z,,,,3,3,3,,0,,,,,,
20260412193706_0000_020,20260412193706_0000,20260412193706,一般卓,1,KrlJiKay,101,8s,risekichu_hokan_tsumogiri,1775990336,2721.436,,0,,"[20,21,27,45,49,55,69,76,81,94,120,122,50]",,,,667m 34459p 236s 44z,,,,,,,,,,,,,,
20260412193706_0000_021,20260412193706_0000,20260412193706,一般卓,2,サカ天和,0,1m,tedashi,1775990340,3686.026,,0,,"[20,21,27,45,49,55,69,76,81,94,120,122,50]",,,,667m 34459p 236s 44z,,,,,,,,,,,,,,
20260412193706_0000_022,20260412193706_0000,20260412193706,一般卓,3,akio,34,9m,risekichu_hokan_tsumogiri,1775990346,6236.462,,0,,"[20,21,27,45,49,55,69,76,81,94,120,122,50]",,,,667m 34459p 236s 44z,,,,,,,,,,,,,,
20260412193706_0000_023,20260412193706_0000,20260412193706,一般卓,0,パシフィック,94,6s,tedashi,1775990350,4181.455,,1,2276.428,"[20,21,27,45,49,55,69,76,81,94,120,122,50,65]",,,,667m 344589p 236s 44z,,,,2,2,3,,0,,,,,,
20260412193706_0000_024,20260412193706_0000,20260412193706,一般卓,1,KrlJiKay,98,7s,tedashi,1775990360,5433.162,,2,5317.058,"[20,21,27,45,49,55,69,76,81,120,122,50,65]",,,,667m 344589p 23s 44z,,,,,,,,,,,,,,
20260412193706_0000_025,20260412193706_0000,20260412193706,一般卓,3,akio,67,8p,tedashi,1775990367,1836.635,,0,,"[20,21,27,45,49,55,69,76,81,120,122,50,65]",,,,667m 344589p 23s 44z,,,,,,,,,,,,,,
20260412193706_0000_026,20260412193706_0000,20260412193706,一般卓,0,パシフィック,135,7z,tsumogiri,1775990370,3277.662,,0,,"[20,21,27,45,49,55,69,76,81,120,122,50,65,135]",,,,667m 344589p 23s 447z,,,,2,2,3,,0,,,,,,
20260412193706_0000_027,20260412193706_0000,20260412193706,一般卓,1,KrlJiKay,6,2m,risekichu_hokan_tsumogiri,1775990373,3155.208,,0,,"[20,21,27,45,49,55,69,76,81,120,122,50,65]",,,,667m 344589p 23s 44z,,,,,,,,,,,,,,
20260412193706_0000_028,20260412193706_0000,20260412193706,一般卓,2,サカ天和,77,2s,tedashi,1775990379,5367.883,,0,,"[20,21,27,45,49,55,69,76,81,120,122,50,65]",,,,667m 344589p 23s 44z,,,,,,,,,,,,,,
20260412193706_0000_029,20260412193706_0000,20260412193706,一般卓,3,akio,4,2m,tedashi,1775990381,2343.107,,0,,"[20,21,27,45,49,55,69,76,81,120,122,50,65]",,,,667m 344589p 23s 44z,,,,,,,,,,,,,,
20260412193706_0000_030,20260412193706_0000,20260412193706,一般卓,0,パシフィック,20,6m,tedashi,1775990383,2051.541,,0,,"[20,21,27,45,49,55,69,76,81,120,122,50,65,96]",,,,667m 344589p 237s 44z,,,,2,2,3,,1,,,,,,
20260412193706_0000_031,20260412193706_0000,20260412193706,一般卓,1,KrlJiKay,100,8s,tedashi,1775990385,2173.618,,0,,"[21,27,45,49,55,69,76,81,120,122,50,65,96]",,,,67m 344589p 237s 44z,,,,,,,,,,,,,,
20260412193706_0000_032,20260412193706_0000,20260412193706,一般卓,2,サカ天和,90,5s,tedashi,1775990392,6703.619,,0,,"[21,27,45,49,55,69,76,81,120,122,50,65,96]",,,,67m 344589p 237s 44z,,,,,,,,,,,,,,
20260412193706_0000_033,20260412193706_0000,20260412193706,一般卓,3,akio,95,6s,tedashi,1775990395,2485.506,,0,,"[21,27,45,49,55,69,76,81,120,122,50,65,96]",,,,67m 344589p 237s 44z,,,,,,,,,,,,,,
20260412193706_0000_034,20260412193706_0000,20260412193706,一般卓,0,パシフィック,96,7s,tedashi,1775990398,3190.603,,0,,"[21,27,45,49,55,69,76,81,120,122,50,65,96,78]",,,,67m 344589p 2237s 44z,,,,2,2,3,,0,,,,,,
20260412193706_0000_035,20260412193706_0000,20260412193706,一般卓,1,KrlJiKay,71,9p,risekichu_hokan_tsumogiri,1775990400,2757.343,,0,,"[21,27,45,49,55,69,76,81,120,122,50,65,78]",,,,67m 344589p 223s 44z,,,,,,,,,,,,,,
20260412193706_0000_036,20260412193706_0000,20260412193706,一般卓,2,サカ天和,31,8m,tedashi,1775990407,6032.005,,1,3070.727,"[21,27,45,49,55,69,76,81,120,122,50,65,78]",,,,67m 344589p 223s 44z,,,,,,,,,,,,,,
20260412193706_0000_037,20260412193706_0000,20260412193706,一般卓,3,akio,79,2s,tedashi,1775990418,8088.282,,2,1734.498,"[21,27,45,49,55,69,76,81,120,122,50,65,78]",,,,67m 344589p 223s 44z,,,,,,,,,,,,,,
20260412193706_0000_038,20260412193706_0000,20260412193706,一般卓,0,パシフィック,81,3s,tedashi,1775990426,7025.745,,0,,"[21,27,45,49,55,69,81,120,122,50,65]",,,,67m 344589p 3s 44z,,,,1,1,,,0,,,,,,
20260412193706_0000_039,20260412193706_0000,20260412193706,一般卓,1,KrlJiKay,22,6m,risekichu_hokan_tsumogiri,1775990429,3026.369,,1,2777.294,"[21,27,45,49,55,69,120,122,50,65]",,,,67m 344589p 44z,,,,,,,,,,,,,,
20260412193706_0000_040,20260412193706_0000,20260412193706,一般卓,2,サカ天和,40,2p,risekichu_hokan_tsumogiri,1775990433,1122.215,,0,,"[21,27,45,49,55,69,120,122,50,65]",,,,67m 344589p 44z,,,,,,,,,,,,,,
20260412193706_0000_041,20260412193706_0000,20260412193706,一般卓,3,akio,83,3s,tedashi,1775990436,3033.157,,0,,"[21,27,45,49,55,69,120,122,50,65]",,,,67m 344589p 44z,,,,,,,,,,,,,,
20260412193706_0000_042,20260412193706_0000,20260412193706,一般卓,0,パシフィック,80,3s,tsumogiri,1775990447,10355.643,,0,,"[21,27,45,49,55,69,120,122,50,65,80]",,,,67m 344589p 3s 44z,,,,1,1,,,0,,,,,,
20260412193706_0000_043,20260412193706_0000,20260412193706,一般卓,1,KrlJiKay,14,4m,risekichu_hokan_tsumogiri,1775990449,2574.272,,0,,"[21,27,45,49,55,69,120,122,50,65]",,,,67m 344589p 44z,,,,,,,,,,,,,,
20260412213933_0000_002,20260412213933_0000,20260412213933,一般卓,2,amarcome,121,4z,tedashi,1775997581,1222.794,,0,,"[6,11,22,23,26,32,33,51,58,72,88,128,135]",,,,2366799m 46p 1r5s 67z,,,,,,,,,,,,,,
20260412213933_0000_003,20260412213933_0000,20260412213933,一般卓,3,NoName,115,2z,tedashi,1775997583,1644.865,,0,,"[6,11,22,23,26,32,33,51,58,72,88,128,135]",,,,2366799m 46p 1r5s 67z,,,,,,,,,,,,,,
20260412213933_0000_006,20260412213933_0000,20260412213933,一般卓,2,amarcome,105,9s,tedashi,1775997600,3261.202,,0,,"[6,11,22,23,26,32,33,51,58,72,88,128,135]",,,,2366799m 46p 1r5s 67z,,,,,,,,,,,,,,
20260412213933_0000_007,20260412213933_0000,20260412213933,一般卓,3,NoName,118,3z,tedashi,1775997601,1434.655,,2,5044.955,"[6,11,22,23,26,32,33,51,58,72,88,128,135]",,,,2366799m 46p 1r5s 67z,,,,,,,,,,,,,,
20260412213933_0000_008,20260412213933_0000,20260412213933,一般卓,2,amarcome,111,1z,tedashi,1775997609,2670.152,,0,,"[6,11,22,23,26,32,33,51,58,72,88,128,135]",,,,2366799m 46p 1r5s 67z,,,,,,,,,,,,,,
20260412213933_0000_009,20260412213933_0000,20260412213933,一般卓,3,NoName,28,8m,risekichu_hokan_tsumogiri,1775997612,2455.495,,1,2050.299,"[6,11,22,23,26,32,33,51,58,72,88,128,135]",,,,2366799m 46p 1r5s 67z,,,,,,,,,,,,,,
20260412213933_0000_010,20260412213933_0000,20260412213933,一般卓,0,パシフィック,51,4p,tedashi,1775997619,5118.875,,0,,"[6,11,22,23,26,32,33,51,58,72,88,128,135,35]",,,,23667999m 46p 1r5s 67z,,,,3,3,4,,0,,,,,,
20260412213933_0000_011,20260412213933_0000,20260412213933,一般卓,1,ゆーだんだん,130,6z,tedashi,1775997620,1342.584,,0,,"[6,11,22,23,26,32,33,58,72,88,128,135,35]",,,,23667999m 6p 1r5s 67z,,,,,,,,,,,,,,
20260412213933_0000_019,20260412213933_0000,20260412213933,一般卓,2,amarcome,127,5z,tedashi,1775997650,2798.215,,0,,"[6,11,22,23,26,32,33,35,58,72,88,128,135]",,,,23667999m 6p 1r5s 67z,,,,,,,,,,,,,,
20260412213933_0000_020,20260412213933_0000,20260412213933,一般卓,3,NoName,3,1m,risekichu_hokan_tsumogiri,1775997652,2146.419,,0,,"[6,11,22,23,26,32,33,35,58,72,88,128,135]",,,,23667999m 6p 1r5s 67z,,,,,,,,,,,,,,
20260412214113_0000_000,20260412214113_0000,20260412214113,,2,kyonta,119,3z,risekichu_hokan_tsumogiri,1775997683,,,0,,"[132,16,78,80,50,56,34,88,97,27,33,4,116]",,,,2r5799m 46p 23r57s 37z,,,,,,,,,,,,,,
20260412214113_0000_001,20260412214113_0000,20260412214113,,3,ひらもと,110,1z,tedashi,1775997688,4307.929,,0,,"[132,16,78,80,50,56,34,88,97,27,33,4,116]",,,,2r5799m 46p 23r57s 37z,,,,,,,,,,,,,,
20260412214113_0000_003,20260412214113_0000,20260412214113,,1,D.G.,105,9s,tedashi,1775997696,1128.146,,0,,"[4,16,27,33,34,50,56,78,80,88,97,116,132]",,,,2r5799m 46p 23r57s 37z,,,,,,,,,,,,,,
20260412214113_0000_004,20260412214113_0000,20260412214113,,2,kyonta,39,1p,tedashi,1775997705,8821.817,,0,,"[4,16,27,33,34,50,56,78,80,88,97,116,132]",,,,2r5799m 46p 23r57s 37z,,,,,,,,,,,,,,
20260412214113_0000_005,20260412214113_0000,20260412214113,,3,ひらもと,128,6z,tedashi,1775997708,2560.927,,0,,"[4,16,27,33,34,50,56,78,80,88,97,116,132]",,,,2r5799m 46p 23r57s 37z,,,,,,,,,,,,,,
20260412214113_0000_006,20260412214113_0000,20260412214113,,0,パシフィック,132,7z,tedashi,1775997712,4531.792,,0,,"[4,16,27,33,34,50,56,78,80,88,97,116,132,109]",,,,2r5799m 46p 23r57s 137z,,,,3,3,5,,0,,,,,,
20260412214113_0000_007,20260412214113_0000,20260412214113,,1,D.G.,0,1m,tedashi,1775997715,2566.745,,0,,"[4,16,27,33,34,50,56,78,80,88,97,116,109]",,,,2r5799m 46p 23r57s 13z,,,,,,,,,,,,,,
