kyoku_id,hanchan_id,room_class_label,honba,kyotaku,oya_rel,seat0_player_name,seat1_player_name,seat2_player_name,seat3_player_name,oya_player_name
20260403143738_0002,20260403143738,一般卓,2,0,2,パシフィック,himeyonn,qinqin7,eita,qinqin7
20260403143738_0100,20260403143738,一般卓,0,0,3,パシフィック,himeyonn,qinqin7,eita,eita
20260403143738_0200,20260403143738,一般卓,0,0,0,パシフィック,himeyonn,qinqin7,eita,パシフィック
20260403143738_0300,20260403143738,一般卓,0,0,1,パシフィック,himeyonn,qinqin7,eita,himeyonn
20260403151827_0000,20260403151827,上級卓,0,0,1,パシフィック,masa1125,はまはまみこみこ,1963414,masa1125
20260403151827_0100,20260403151827,上級卓,0,0,2,パシフィック,masa1125,はまはまみこみこ,1963414,はまはまみこみこ
20260403151827_0200,20260403151827,上級卓,0,0,3,パシフィック,masa1125,はまはまみこみこ,1963414,1963414
20260403151827_0201,20260403151827,上級卓,1,0,3,パシフィック,masa1125,はまはまみこみこ,1963414,1963414
20260403151827_0202,20260403151827,上級卓,2,0,3,パシフィック,masa1125,はまはまみこみこ,1963414,1963414
20260403151827_0203,20260403151827,上級卓,3,0,3,パシフィック,masa1125,はまはまみこみこ,1963414,1963414
20260403151827_0300,20260403151827,上級卓,0,0,0,パシフィック,masa1125,はまはまみこみこ,1963414,パシフィック
20260403151827_0400,20260403151827,上級卓,0,0,1,パシフィック,masa1125,はまはまみこみこ,1963414,masa1125
20260403151827_0500,20260403151827,上級卓,0,0,2,パシフィック,masa1125,はまはまみこみこ,1963414,はまはまみこみこ
20260403160620_0000,20260403160620,上級卓,0,0,2,パシフィック,キクジ,北北のヨッシーⅡ,マオマオ,北北のヨッシーⅡ
20260403160620_0001,20260403160620,上級卓,1,0,2,パシフィック,キクジ,北北のヨッシーⅡ,マオマオ,北北のヨッシーⅡ
20260403163215_0000,20260403163215,,0,0,0,パシフィック,エル・シコデリコ,k-mori,913149,パシフィック
20260403163215_0100,20260403163215,,0,0,1,パシフィック,エル・シコデリコ,k-mori,913149,エル・シコデリコ
20260403163215_0200,20260403163215,,0,1,2,パシフィック,エル・シコデリコ,k-mori,913149,k-mori
20260403164257_0000,20260403164257,一般卓,0,0,2,パシフィック,百事可楽,Moriotto,michi,Moriotto
20260403164257_0001,20260403164257,一般卓,1,0,2,パシフィック,百事可楽,Moriotto,michi,Moriotto
20260403164257_0002,20260403164257,一般卓,2,0,2,パシフィック,百事可楽,Moriotto,michi,Moriotto
20260403164257_0003,20260403164257,一般卓,3,1,2,パシフィック,百事可楽,Moriotto,michi,Moriotto
20260403164257_0100,20260403164257,一般卓,0,0,3,パシフィック,百事可楽,Moriotto,michi,michi
20260403164257_0200,20260403164257,一般卓,0,0,0,パシフィック,百事可楽,Moriotto,michi,パシフィック
20260403171702_0000,20260403171702,一般卓,0,0,3,パシフィック,Kan73,NoName,爺い,爺い
20260403171702_0001,20260403171702,一般卓,1,0,3,パシフィック,Kan73,NoName,爺い,爺い
20260403171702_0100,20260403171702,一般卓,0,0,0,パシフィック,Kan73,NoName,爺い,パシフィック
20260403171702_0200,20260403171702,一般卓,0,0,1,パシフィック,Kan73,NoName,爺い,Kan73
20260403171702_0201,20260403171702,一般卓,1,0,1,パシフィック,Kan73,NoName,爺い,Kan73
20260403171702_0202,20260403171702,一般卓,2,0,1,パシフィック,Kan73,NoName,爺い,Kan73
20260403171702_0203,20260403171702,一般卓,3,0,1,パシフィック,Kan73,NoName,爺い,Kan73
20260403171702_0304,20260403171702,一般卓,4,0,2,パシフィック,Kan73,NoName,爺い,NoName
20260403183514_0000,20260403183514,一般卓,0,0,3,パシフィック,NoName,ジャン士S,ゆりあああああ,ゆりあああああ
20260403183514_0100,20260403183514,一般卓,0,0,0,パシフィック,NoName,ジャン士S,ゆりあああああ,パシフィック
20260403183514_0200,20260403183514,一般卓,0,0,1,パシフィック,NoName,ジャン士S,ゆりあああああ,NoName
20260403194456_0000,20260403194456,上級卓,0,0,1,パシフィック,somen99,ぐんまのかぜ,雀雀雀～,somen99
20260403194456_0001,20260403194456,上級卓,1,0,1,パシフィック,somen99,ぐんまのかぜ,雀雀雀～,somen99
20260403195345_0000,20260403195345,一般卓,0,1,2,パシフィック,クニエ,Matchi,NoName,Matchi
20260403195345_0100,20260403195345,一般卓,0,0,3,パシフィック,クニエ,Matchi,NoName,NoName
20260403195345_0201,20260403195345,一般卓,1,2,0,パシフィック,クニエ,Matchi,NoName,パシフィック
20260403195345_0202,20260403195345,一般卓,2,0,0,パシフィック,クニエ,Matchi,NoName,パシフィック
20260403195345_0300,20260403195345,一般卓,0,0,1,パシフィック,クニエ,Matchi,NoName,クニエ
20260403201745_0000,20260403201745,上級卓,0,0,1,パシフィック,srvjimi,michi3,NoName,srvjimi
20260403201745_0100,20260403201745,上級卓,0,0,2,パシフィック,srvjimi,michi3,NoName,michi3
20260403201745_0200,20260403201745,上級卓,0,0,3,パシフィック,srvjimi,michi3,NoName,NoName
20260403201745_0300,20260403201745,上級卓,0,0,0,パシフィック,srvjimi,michi3,NoName,パシフィック
20260403204242_0000,20260403204242,上級卓,0,0,2,パシフィック,フレイヤ,たこぢ,蕎麦が好き,たこぢ
20260403204242_0100,20260403204242,上級卓,0,0,3,パシフィック,フレイヤ,たこぢ,蕎麦が好き,蕎麦が好き
20260403204242_0200,20260403204242,上級卓,0,1,0,パシフィック,フレイヤ,たこぢ,蕎麦が好き,パシフィック
20260403204242_0300,20260403204242,上級卓,0,0,1,パシフィック,フレイヤ,たこぢ,蕎麦が好き,フレイヤ
20260403205755_0000,20260403205755,上級卓,0,0,0,パシフィック,1963414,NoName,二代目パンパン男,パシフィック
20260403205755_0100,20260403205755,上級卓,0,0,1,パシフィック,1963414,NoName,二代目パンパン男,1963414
20260403205755_0200,20260403205755,上級卓,0,0,2,パシフィック,1963414,NoName,二代目パンパン男,NoName
20260403205755_0400,20260403205755,上級卓,0,0,0,パシフィック,1963414,NoName,二代目パンパン男,パシフィック
20260403205755_0500,20260403205755,上級卓,0,0,1,パシフィック,1963414,NoName,二代目パンパン男,1963414
20260403205755_0600,20260403205755,上級卓,0,0,2,パシフィック,1963414,NoName,二代目パンパン男,NoName
20260403205755_0700,20260403205755,上級卓,0,0,3,パシフィック,1963414,NoName,二代目パンパン男,二代目パンパン男
20260403215003_0100,20260403215003,一般卓,0,0,1,パシフィック,もん太,硬亀頭型ザクⅡ,NoName,もん太
20260403215003_0200,20260403215003,一般卓,0,0,2,パシフィック,もん太,硬亀頭型ザクⅡ,NoName,硬亀頭型ザクⅡ
20260403215003_0201,20260403215003,一般卓,1,0,2,パシフィック,もん太,硬亀頭型ザクⅡ,NoName,硬亀頭型ザクⅡ
20260403221108_0000,20260403221108,,0,0,0,パシフィック,ラーシャロム,harukun,エスニカン,パシフィック
20260403230624_0000,20260403230624,上級卓,0,0,2,パシフィック,NoName,tera777,ジータス,tera777
20260403230624_0100,20260403230624,上級卓,0,0,3,パシフィック,NoName,tera777,ジータス,ジータス
20260403230624_0101,20260403230624,上級卓,1,0,3,パシフィック,NoName,tera777,ジータス,ジータス
20260403230624_0102,20260403230624,上級卓,2,0,3,パシフィック,NoName,tera777,ジータス,ジータス
20260404062215_0000,20260404062215,特上卓,0,0,2,s6u,玄化,遠坂式,gbrnrn,遠坂式
20260404062215_0100,20260404062215,特上卓,0,0,3,s6u,玄化,遠坂式,gbrnrn,gbrnrn
20260404062215_0101,20260404062215,特上卓,1,0,3,s6u,玄化,遠坂式,gbrnrn,gbrnrn
20260404062215_0200,20260404062215,特上卓,0,0,0,s6u,玄化,遠坂式,gbrnrn,s6u
20260404062215_0201,20260404062215,特上卓,1,0,0,s6u,玄化,遠坂式,gbrnrn,s6u
20260404062215_0300,20260404062215,特上卓,0,0,1,s6u,玄化,遠坂式,gbrnrn,玄化
20260404062215_0400,20260404062215,特上卓,0,0,2,s6u,玄化,遠坂式,gbrnrn,遠坂式
20260404062215_0500,20260404062215,特上卓,0,0,3,s6u,玄化,遠坂式,gbrnrn,gbrnrn
20260404062215_0600,20260404062215,特上卓,0,0,0,s6u,玄化,遠坂式,gbrnrn,s6u
20260404062215_0601,20260404062215,特上卓,1,0,0,s6u,玄化,遠坂式,gbrnrn,s6u
20260404062215_0700,20260404062215,特上卓,0,0,1,s6u,玄化,遠坂式,gbrnrn,玄化
20260404071858_0000,20260404071858,一般卓,0,0,0,パシフィック,NoName,9sho9,saitosan,パシフィック
20260406212055_0000,20260406212055,一般卓,0,0,2,パシフィック,NoName,ちょんぼ,チョンボゴメン,ちょんぼ
20260406212055_0100,20260406212055,一般卓,0,0,3,パシフィック,NoName,ちょんぼ,チョンボゴメン,チョンボゴメン
20260406212055_0101,20260406212055,一般卓,1,0,3,パシフィック,NoName,ちょんぼ,チョンボゴメン,チョンボゴメン
20260406212055_0200,20260406212055,一般卓,0,0,0,パシフィック,NoName,ちょんぼ,チョンボゴメン,パシフィック
20260406213531_0000,20260406213531,,0,0,2,パシフィック,COM,COM,COM,COM
20260408214925_0000,20260408214925,特上卓,0,0,1,s6u,くいい,愛爾維西亞,Sentoven,くいい
20260408214925_0100,20260408214925,特上卓,0,0,2,s6u,くいい,愛爾維西亞,Sentoven,愛爾維西亞
20260408214925_0200,20260408214925,特上卓,0,0,3,s6u,くいい,愛爾維西亞,Sentoven,Sentoven
20260408214925_0300,20260408214925,特上卓,0,0,0,s6u,くいい,愛爾維西亞,Sentoven,s6u
20260408214925_0400,20260408214925,特上卓,0,0,1,s6u,くいい,愛爾維西亞,Sentoven,くいい
20260408214925_0500,20260408214925,特上卓,0,0,2,s6u,くいい,愛爾維西亞,Sentoven,愛爾維西亞
20260408214925_0600,20260408214925,特上卓,0,0,3,s6u,くいい,愛爾維西亞,Sentoven,Sentoven
20260408214925_0601,20260408214925,特上卓,1,0,3,s6u,くいい,愛爾維西亞,Sentoven,Sentoven
20260408214925_0700,20260408214925,特上卓,0,0,0,s6u,くいい,愛爾維西亞,Sentoven,s6u
20260408222356_0000,20260408222356,特上卓,0,0,2,s6u,Youne,ヴームリン,はぐれメタボ,ヴームリン
20260408222356_0001,20260408222356,特上卓,1,0,2,s6u,Youne,ヴームリン,はぐれメタボ,ヴームリン
20260408222356_0002,20260408222356,特上卓,2,0,2,s6u,Youne,ヴームリン,はぐれメタボ,ヴームリン
20260408222356_0100,20260408222356,特上卓,0,0,3,s6u,Youne,ヴームリン,はぐれメタボ,はぐれメタボ
20260408222356_0200,20260408222356,特上卓,0,0,0,s6u,Youne,ヴームリン,はぐれメタボ,s6u
20260408222356_0300,20260408222356,特上卓,0,0,1,s6u,Youne,ヴームリン,はぐれメタボ,Youne
20260408222356_0400,20260408222356,特上卓,0,0,2,s6u,Youne,ヴームリン,はぐれメタボ,ヴームリン
20260408222356_0500,20260408222356,特上卓,0,0,3,s6u,Youne,ヴームリン,はぐれメタボ,はぐれメタボ
20260408222356_0501,20260408222356,特上卓,1,0,3,s6u,Youne,ヴームリン,はぐれメタボ,はぐれメタボ
20260408222356_0502,20260408222356,特上卓,2,0,3,s6u,Youne,ヴームリン,はぐれメタボ,はぐれメタボ
20260408222356_0504,20260408222356,特上卓,4,3,3,s6u,Youne,ヴームリン,はぐれメタボ,はぐれメタボ
20260408222356_0505,20260408222356,特上卓,5,0,3,s6u,Youne,ヴームリン,はぐれメタボ,はぐれメタボ
20260408230458_0000,20260408230458,特上卓,0,0,0,s6u,前髪おいしい,愛人28号,遠藤幸寛,s6u
20260408230458_0001,20260408230458,特上卓,1,1,0,s6u,前髪おいしい,愛人28号,遠藤幸寛,s6u
20260408230458_0102,20260408230458,特上卓,2,1,1,s6u,前髪おいしい,愛人28号,遠藤幸寛,前髪おいしい
20260408230458_0200,20260408230458,特上卓,0,0,2,s6u,前髪おいしい,愛人28号,遠藤幸寛,愛人28号
20260408230458_0201,20260408230458,特上卓,1,0,2,s6u,前髪おいしい,愛人28号,遠藤幸寛,愛人28号
20260408230458_0202,20260408230458,特上卓,2,0,2,s6u,前髪おいしい,愛人28号,遠藤幸寛,愛人28号
20260408230458_0300,20260408230458,特上卓,0,0,3,s6u,前髪おいしい,愛人28号,遠藤幸寛,遠藤幸寛
20260408232956_0000,20260408232956,特上卓,0,0,3,s6u,バリッサ,トシぼう,はわわ軍師!,はわわ軍師!
20260408232956_0001,20260408232956,特上卓,1,0,3,s6u,バリッサ,トシぼう,はわわ軍師!,はわわ軍師!
20260408232956_0100,20260408232956,特上卓,0,0,0,s6u,バリッサ,トシぼう,はわわ軍師!,s6u
20260408232956_0200,20260408232956,特上卓,0,0,1,s6u,バリッサ,トシぼう,はわわ軍師!,バリッサ
20260408232956_0300,20260408232956,特上卓,0,0,2,s6u,バリッサ,トシぼう,はわわ軍師!,トシぼう
20260408232956_0400,20260408232956,特上卓,0,0,3,s6u,バリッサ,トシぼう,はわわ軍師!,はわわ軍師!
20260408232956_0401,20260408232956,特上卓,1,0,3,s6u,バリッサ,トシぼう,はわわ軍師!,はわわ軍師!
20260408232956_0500,20260408232956,特上卓,0,0,0,s6u,バリッサ,トシぼう,はわわ軍師!,s6u
20260408232956_0501,20260408232956,特上卓,1,1,0,s6u,バリッサ,トシぼう,はわわ軍師!,s6u
20260408232956_0600,20260408232956,特上卓,0,0,1,s6u,バリッサ,トシぼう,はわわ軍師!,バリッサ
20260408232956_0700,20260408232956,特上卓,0,0,2,s6u,バリッサ,トシぼう,はわわ軍師!,トシぼう
20260409110743_0000,20260409110743,特上卓,0,0,2,s6u,santal,mezzuj-2,QryanQ,mezzuj-2
20260409110743_0100,20260409110743,特上卓,0,0,3,s6u,santal,mezzuj-2,QryanQ,QryanQ
20260409110743_0200,20260409110743,特上卓,0,0,0,s6u,santal,mezzuj-2,QryanQ,s6u
20260409110743_0301,20260409110743,特上卓,1,0,1,s6u,santal,mezzuj-2,QryanQ,santal
20260409110743_0400,20260409110743,特上卓,0,0,2,s6u,santal,mezzuj-2,QryanQ,mezzuj-2
20260409110743_0401,20260409110743,特上卓,1,0,2,s6u,santal,mezzuj-2,QryanQ,mezzuj-2
20260409110743_0500,20260409110743,特上卓,0,0,3,s6u,santal,mezzuj-2,QryanQ,QryanQ
20260409110743_0501,20260409110743,特上卓,1,0,3,s6u,santal,mezzuj-2,QryanQ,QryanQ
20260409110743_0600,20260409110743,特上卓,0,0,0,s6u,santal,mezzuj-2,QryanQ,s6u
20260409110743_0700,20260409110743,特上卓,0,0,1,s6u,santal,mezzuj-2,QryanQ,santal
20260409115526_0000,20260409115526,特上卓,0,0,2,s6u,SweetBit,ff2,不会配平,ff2
20260409115526_0001,20260409115526,特上卓,1,0,2,s6u,SweetBit,ff2,不会配平,ff2
20260409115526_0100,20260409115526,特上卓,0,0,3,s6u,SweetBit,ff2,不会配平,不会配平
20260409115526_0200,20260409115526,特上卓,0,0,0,s6u,SweetBit,ff2,不会配平,s6u
20260409115526_0201,20260409115526,特上卓,1,0,0,s6u,SweetBit,ff2,不会配平,s6u
20260409115526_0202,20260409115526,特上卓,2,0,0,s6u,SweetBit,ff2,不会配平,s6u
20260409121212_0000,20260409121212,特上卓,0,0,1,s6u,キャキャオ,田口,ff2,キャキャオ
20260409121212_0001,20260409121212,特上卓,1,0,1,s6u,キャキャオ,田口,ff2,キャキャオ
20260409121212_0100,20260409121212,特上卓,0,0,2,s6u,キャキャオ,田口,ff2,田口
20260409121212_0200,20260409121212,特上卓,0,0,3,s6u,キャキャオ,田口,ff2,ff2
20260409121212_0300,20260409121212,特上卓,0,0,0,s6u,キャキャオ,田口,ff2,s6u
20260409121212_0400,20260409121212,特上卓,0,0,1,s6u,キャキャオ,田口,ff2,キャキャオ
20260409121212_0401,20260409121212,特上卓,1,0,1,s6u,キャキャオ,田口,ff2,キャキャオ
20260409121212_0402,20260409121212,特上卓,キャキャオ,田口,ff2,キャキャオ,キャキャオ,田口,ff2,
20260409121212_0403,20260409121212,特上卓,キャキャオ,田口,ff2,キャキャオ,キャキャオ,田口,ff2,
20260409121212_0500,20260409121212,特上卓,キャキャオ,田口,ff2,田口,キャキャオ,田口,ff2,
20260409121212_0600,20260409121212,特上卓,キャキャオ,田口,ff2,ff2,キャキャオ,田口,ff2,
20260409121212_0701,20260409121212,特上卓,キャキャオ,田口,ff2,s6u,キャキャオ,田口,ff2,
20260409125356_0000,20260409125356,特上卓,0,0,2,s6u,ありえへん,たけぽん@tkp,めった斬り,たけぽん@tkp
20260409125356_0100,20260409125356,特上卓,0,0,3,s6u,ありえへん,たけぽん@tkp,めった斬り,めった斬り
20260409125356_0200,20260409125356,特上卓,0,0,0,s6u,ありえへん,たけぽん@tkp,めった斬り,s6u
20260409125356_0300,20260409125356,特上卓,0,0,1,s6u,ありえへん,たけぽん@tkp,めった斬り,ありえへん
20260409125356_0400,20260409125356,特上卓,0,0,2,s6u,ありえへん,たけぽん@tkp,めった斬り,たけぽん@tkp
20260409125356_0401,20260409125356,特上卓,1,0,2,s6u,ありえへん,たけぽん@tkp,めった斬り,たけぽん@tkp
20260409125356_0402,20260409125356,特上卓,2,0,2,s6u,ありえへん,たけぽん@tkp,めった斬り,たけぽん@tkp
20260409125356_0403,20260409125356,特上卓,3,0,2,s6u,ありえへん,たけぽん@tkp,めった斬り,たけぽん@tkp
20260409125356_0404,20260409125356,特上卓,4,1,2,s6u,ありえへん,たけぽん@tkp,めった斬り,たけぽん@tkp
20260409125356_0500,20260409125356,特上卓,0,0,3,s6u,ありえへん,たけぽん@tkp,めった斬り,めった斬り
20260409125356_0600,20260409125356,特上卓,0,0,0,s6u,ありえへん,たけぽん@tkp,めった斬り,s6u
20260409125356_0700,20260409125356,特上卓,0,0,1,s6u,ありえへん,たけぽん@tkp,めった斬り,ありえへん
20260409140230_0000,20260409140230,上級卓,0,0,1,パシフィック,牙狼104,diid,NEWカザマH,牙狼104
20260409140230_0100,20260409140230,上級卓,0,0,2,パシフィック,牙狼104,diid,NEWカザマH,diid
20260409195219_0000,20260409195219,特上卓,0,0,2,s6u,bsd_3,阿部,町田商店美味しい,阿部
20260409195219_0100,20260409195219,特上卓,0,0,3,s6u,bsd_3,阿部,町田商店美味しい,町田商店美味しい
20260409195219_0200,20260409195219,特上卓,0,0,0,s6u,bsd_3,阿部,町田商店美味しい,s6u
20260409195219_0201,20260409195219,特上卓,1,0,0,s6u,bsd_3,阿部,町田商店美味しい,s6u
20260409195219_0202,20260409195219,特上卓,2,0,0,s6u,bsd_3,阿部,町田商店美味しい,s6u
20260409195219_0300,20260409195219,特上卓,0,0,1,s6u,bsd_3,阿部,町田商店美味しい,bsd_3
20260409195219_0400,20260409195219,特上卓,0,0,2,s6u,bsd_3,阿部,町田商店美味しい,阿部
20260409195219_0500,20260409195219,特上卓,0,0,3,s6u,bsd_3,阿部,町田商店美味しい,町田商店美味しい
20260409195219_0601,20260409195219,特上卓,1,1,0,s6u,bsd_3,阿部,町田商店美味しい,s6u
20260409195219_0700,20260409195219,特上卓,0,0,1,s6u,bsd_3,阿部,町田商店美味しい,bsd_3
20260409202056_0000,20260409202056,特上卓,0,0,3,s6u,stark,森田哲雄,紅葉狩,紅葉狩
20260409202056_0100,20260409202056,特上卓,0,0,0,s6u,stark,森田哲雄,紅葉狩,s6u
20260409202056_0101,20260409202056,特上卓,1,0,0,s6u,stark,森田哲雄,紅葉狩,s6u
20260409202056_0102,20260409202056,特上卓,2,2,0,s6u,stark,森田哲雄,紅葉狩,s6u
20260409202056_0200,20260409202056,特上卓,0,0,1,s6u,stark,森田哲雄,紅葉狩,stark
20260409202056_0300,20260409202056,特上卓,0,0,2,s6u,stark,森田哲雄,紅葉狩,森田哲雄
20260409202056_0400,20260409202056,特上卓,0,0,3,s6u,stark,森田哲雄,紅葉狩,紅葉狩
20260409202056_0401,20260409202056,特上卓,1,0,3,s6u,stark,森田哲雄,紅葉狩,紅葉狩
20260409202056_0500,20260409202056,特上卓,0,0,0,s6u,stark,森田哲雄,紅葉狩,s6u
20260409202056_0600,20260409202056,特上卓,0,0,1,s6u,stark,森田哲雄,紅葉狩,stark
20260409202056_0601,20260409202056,特上卓,1,0,1,s6u,stark,森田哲雄,紅葉狩,stark
20260409202056_0700,20260409202056,特上卓,0,0,2,s6u,stark,森田哲雄,紅葉狩,森田哲雄
20260409205319_0000,20260409205319,特上卓,0,0,0,s6u,フルハウス777,やんぎ,ほしのてつろう,s6u
20260409205319_0100,20260409205319,特上卓,0,0,1,s6u,フルハウス777,やんぎ,ほしのてつろう,フルハウス777
20260409205319_0200,20260409205319,特上卓,0,0,2,s6u,フルハウス777,やんぎ,ほしのてつろう,やんぎ
20260409205319_0300,20260409205319,特上卓,0,0,3,s6u,フルハウス777,やんぎ,ほしのてつろう,ほしのてつろう
20260409205319_0301,20260409205319,特上卓,1,0,3,s6u,フルハウス777,やんぎ,ほしのてつろう,ほしのてつろう
20260409205319_0302,20260409205319,特上卓,2,0,3,s6u,フルハウス777,やんぎ,ほしのてつろう,ほしのてつろう
20260409205319_0303,20260409205319,特上卓,3,0,3,s6u,フルハウス777,やんぎ,ほしのてつろう,ほしのてつろう
20260409205319_0400,20260409205319,特上卓,0,0,0,s6u,フルハウス777,やんぎ,ほしのてつろう,s6u
20260409205319_0401,20260409205319,特上卓,1,0,0,s6u,フルハウス777,やんぎ,ほしのてつろう,s6u
20260409205319_0402,20260409205319,特上卓,2,0,0,s6u,フルハウス777,やんぎ,ほしのてつろう,s6u
20260409205319_0500,20260409205319,特上卓,0,0,1,s6u,フルハウス777,やんぎ,ほしのてつろう,フルハウス777
20260409205319_0600,20260409205319,特上卓,0,0,2,s6u,フルハウス777,やんぎ,ほしのてつろう,やんぎ
20260409205319_0700,20260409205319,特上卓,0,0,3,s6u,フルハウス777,やんぎ,ほしのてつろう,ほしのてつろう
20260409212649_0000,20260409212649,特上卓,0,0,3,s6u,Vbgdf,sorucano,Kingpin,Kingpin
20260409212649_0100,20260409212649,特上卓,0,0,0,s6u,Vbgdf,sorucano,Kingpin,s6u
20260409212649_0200,20260409212649,特上卓,0,0,1,s6u,Vbgdf,sorucano,Kingpin,Vbgdf
20260409212649_0300,20260409212649,特上卓,0,0,2,s6u,Vbgdf,sorucano,Kingpin,sorucano
20260409212649_0400,20260409212649,特上卓,0,0,3,s6u,Vbgdf,sorucano,Kingpin,Kingpin
20260409212649_0401,20260409212649,特上卓,1,0,3,s6u,Vbgdf,sorucano,Kingpin,Kingpin
20260409212649_0500,20260409212649,特上卓,0,0,0,s6u,Vbgdf,sorucano,Kingpin,s6u
20260409212649_0501,20260409212649,特上卓,1,0,0,s6u,Vbgdf,sorucano,Kingpin,s6u
20260409212649_0602,20260409212649,特上卓,2,1,1,s6u,Vbgdf,sorucano,Kingpin,Vbgdf
20260409212649_0700,20260409212649,特上卓,0,0,2,s6u,Vbgdf,sorucano,Kingpin,sorucano
20260409215456_0000,20260409215456,特上卓,0,0,2,s6u,violeTM,EIJee,名ナシ,EIJee
20260409215456_0001,20260409215456,特上卓,1,0,2,s6u,violeTM,EIJee,名ナシ,EIJee
20260409215456_0002,20260409215456,特上卓,2,0,2,s6u,violeTM,EIJee,名ナシ,EIJee
20260409215456_0100,20260409215456,特上卓,0,0,3,s6u,violeTM,EIJee,名ナシ,名ナシ
20260409215456_0200,20260409215456,特上卓,0,0,0,s6u,violeTM,EIJee,名ナシ,s6u
20260409215456_0300,20260409215456,特上卓,0,0,1,s6u,violeTM,EIJee,名ナシ,violeTM
20260409215456_0400,20260409215456,特上卓,0,0,2,s6u,violeTM,EIJee,名ナシ,EIJee
20260409215456_0500,20260409215456,特上卓,0,0,3,s6u,violeTM,EIJee,名ナシ,名ナシ
20260409215456_0501,20260409215456,特上卓,1,0,3,s6u,violeTM,EIJee,名ナシ,名ナシ
20260409215456_0600,20260409215456,特上卓,0,0,0,s6u,violeTM,EIJee,名ナシ,s6u
20260409215456_0601,20260409215456,特上卓,1,0,0,s6u,violeTM,EIJee,名ナシ,s6u
20260409215456_0700,20260409215456,特上卓,0,0,1,s6u,violeTM,EIJee,名ナシ,violeTM
20260410105309_0000,20260410105309,上級卓,0,0,0,パシフィック,かずきかずき,マタギ,セイジ,パシフィック
20260410105309_0100,20260410105309,上級卓,0,1,1,パシフィック,かずきかずき,マタギ,セイジ,かずきかずき
20260410105309_0101,20260410105309,上級卓,1,0,1,パシフィック,かずきかずき,マタギ,セイジ,かずきかずき
20260410105309_0200,20260410105309,上級卓,0,0,2,パシフィック,かずきかずき,マタギ,セイジ,マタギ
20260410111346_0000,20260410111346,上級卓,0,0,2,パシフィック,ミカパパママ,やまだたろう,rinjan,やまだたろう
20260410111346_0100,20260410111346,上級卓,0,0,3,パシフィック,ミカパパママ,やまだたろう,rinjan,rinjan
20260410111346_0200,20260410111346,上級卓,0,1,0,パシフィック,ミカパパママ,やまだたろう,rinjan,パシフィック
20260410111346_0300,20260410111346,上級卓,0,0,1,パシフィック,ミカパパママ,やまだたろう,rinjan,ミカパパママ
20260410111346_0400,20260410111346,上級卓,0,0,2,パシフィック,ミカパパママ,やまだたろう,rinjan,やまだたろう
20260410111346_0500,20260410111346,上級卓,0,0,3,パシフィック,ミカパパママ,やまだたろう,rinjan,rinjan
20260410125516_0000,20260410125516,一般卓,0,0,0,パシフィック,MIZUGUCH,みゃーちゃん,jk1968,パシフィック
20260410125516_0001,20260410125516,一般卓,1,0,0,パシフィック,MIZUGUCH,みゃーちゃん,jk1968,パシフィック
20260410130016_0000,20260410130016,特上卓,0,0,0,s6u,優歩,【TM】,Tak1984,s6u
20260410130016_0100,20260410130016,特上卓,0,0,1,s6u,優歩,【TM】,Tak1984,優歩
20260410130016_0200,20260410130016,特上卓,0,0,2,s6u,優歩,【TM】,Tak1984,【TM】
20260410130016_0201,20260410130016,特上卓,1,0,2,s6u,優歩,【TM】,Tak1984,【TM】
20260410130016_0202,20260410130016,特上卓,2,0,2,s6u,優歩,【TM】,Tak1984,【TM】
20260410130016_0300,20260410130016,特上卓,0,0,3,s6u,優歩,【TM】,Tak1984,Tak1984
20260410130016_0301,20260410130016,特上卓,1,2,3,s6u,優歩,【TM】,Tak1984,Tak1984
20260410130016_0302,20260410130016,特上卓,2,0,3,s6u,優歩,【TM】,Tak1984,Tak1984
20260410130016_0400,20260410130016,特上卓,0,0,0,s6u,優歩,【TM】,Tak1984,s6u
20260410130016_0500,20260410130016,特上卓,0,0,1,s6u,優歩,【TM】,Tak1984,優歩
20260410130016_0501,20260410130016,特上卓,1,0,1,s6u,優歩,【TM】,Tak1984,優歩
20260410130016_0602,20260410130016,特上卓,2,1,2,s6u,優歩,【TM】,Tak1984,【TM】
20260410130016_0700,20260410130016,特上卓,0,0,3,s6u,優歩,【TM】,Tak1984,Tak1984
20260410140817_0000,20260410140817,一般卓,0,0,1,パシフィック,偏執的文学狂想曲,NoName,nari1253,偏執的文学狂想曲
20260410203139_0000,20260410203139,特上卓,0,0,1,s6u,だいあん,カヴァレリッツォ,oxy13,だいあん
20260410203139_0001,20260410203139,特上卓,1,0,1,s6u,だいあん,カヴァレリッツォ,oxy13,だいあん
20260410203139_0100,20260410203139,特上卓,0,0,2,s6u,だいあん,カヴァレリッツォ,oxy13,カヴァレリッツォ
20260410203139_0200,20260410203139,特上卓,0,0,3,s6u,だいあん,カヴァレリッツォ,oxy13,oxy13
20260410203139_0201,20260410203139,特上卓,1,0,3,s6u,だいあん,カヴァレリッツォ,oxy13,oxy13
20260410203139_0300,20260410203139,特上卓,0,0,0,s6u,だいあん,カヴァレリッツォ,oxy13,s6u
20260410203139_0400,20260410203139,特上卓,0,0,1,s6u,だいあん,カヴァレリッツォ,oxy13,だいあん
20260410203139_0500,20260410203139,特上卓,0,0,2,s6u,だいあん,カヴァレリッツォ,oxy13,カヴァレリッツォ
20260410203139_0601,20260410203139,特上卓,1,1,3,s6u,だいあん,カヴァレリッツォ,oxy13,oxy13
20260410203139_0700,20260410203139,特上卓,0,0,0,s6u,だいあん,カヴァレリッツォ,oxy13,s6u
20260410205907_0000,20260410205907,特上卓,0,0,2,s6u,Skam5963,岡本恭輔,ShinChi,岡本恭輔
20260410205907_0100,20260410205907,特上卓,0,0,3,s6u,Skam5963,岡本恭輔,ShinChi,ShinChi
20260410205907_0200,20260410205907,特上卓,0,0,0,s6u,Skam5963,岡本恭輔,ShinChi,s6u
20260410205907_0300,20260410205907,特上卓,0,0,1,s6u,Skam5963,岡本恭輔,ShinChi,Skam5963
20260410205907_0301,20260410205907,特上卓,1,0,1,s6u,Skam5963,岡本恭輔,ShinChi,Skam5963
20260410205907_0400,20260410205907,特上卓,0,0,2,s6u,Skam5963,岡本恭輔,ShinChi,岡本恭輔
20260410205907_0500,20260410205907,特上卓,0,0,3,s6u,Skam5963,岡本恭輔,ShinChi,ShinChi
20260410205907_0501,20260410205907,特上卓,1,0,3,s6u,Skam5963,岡本恭輔,ShinChi,ShinChi
20260410205907_0502,20260410205907,特上卓,2,0,3,s6u,Skam5963,岡本恭輔,ShinChi,ShinChi
20260410205907_0503,20260410205907,特上卓,3,1,3,s6u,Skam5963,岡本恭輔,ShinChi,ShinChi
20260410205907_0600,20260410205907,特上卓,0,0,0,s6u,Skam5963,岡本恭輔,ShinChi,s6u
20260410205907_0700,20260410205907,特上卓,0,0,1,s6u,Skam5963,岡本恭輔,ShinChi,Skam5963
20260410213820_0000,20260410213820,特上卓,0,0,1,s6u,月下論,ちむどんどん？,大樹氷２５％,月下論
20260410213820_0100,20260410213820,特上卓,0,0,2,s6u,月下論,ちむどんどん？,大樹氷２５％,ちむどんどん？
20260410213820_0200,20260410213820,特上卓,0,0,3,s6u,月下論,ちむどんどん？,大樹氷２５％,大樹氷２５％
20260410213820_0300,20260410213820,特上卓,0,0,0,s6u,月下論,ちむどんどん？,大樹氷２５％,s6u
20260410213820_0400,20260410213820,特上卓,0,0,1,s6u,月下論,ちむどんどん？,大樹氷２５％,月下論
20260410213820_0401,20260410213820,特上卓,1,1,1,s6u,月下論,ちむどんどん？,大樹氷２５％,月下論
20260410213820_0500,20260410213820,特上卓,0,0,2,s6u,月下論,ちむどんどん？,大樹氷２５％,ちむどんどん？
20260410213820_0501,20260410213820,特上卓,1,0,2,s6u,月下論,ちむどんどん？,大樹氷２５％,ちむどんどん？
20260410221526_0000,20260410221526,特上卓,0,0,0,s6u,Elseal,GoodYear,LAVA,s6u
20260410221526_0100,20260410221526,特上卓,0,0,1,s6u,Elseal,GoodYear,LAVA,Elseal
20260410221526_0200,20260410221526,特上卓,0,0,2,s6u,Elseal,GoodYear,LAVA,GoodYear
20260410221526_0300,20260410221526,特上卓,0,0,3,s6u,Elseal,GoodYear,LAVA,LAVA
20260410221526_0400,20260410221526,特上卓,0,0,0,s6u,Elseal,GoodYear,LAVA,s6u
20260410221526_0401,20260410221526,特上卓,1,0,0,s6u,Elseal,GoodYear,LAVA,s6u
20260410221526_0500,20260410221526,特上卓,0,0,1,s6u,Elseal,GoodYear,LAVA,Elseal
20260410221526_0600,20260410221526,特上卓,0,0,2,s6u,Elseal,GoodYear,LAVA,GoodYear
20260410221526_0700,20260410221526,特上卓,0,0,3,s6u,Elseal,GoodYear,LAVA,LAVA
20260410224058_0100,20260410224058,特上卓,0,0,2,s6u,激弱博徒,土鍋,裏雀士,土鍋
20260410224058_0200,20260410224058,特上卓,0,0,3,s6u,激弱博徒,土鍋,裏雀士,裏雀士
20260410224058_0201,20260410224058,特上卓,1,0,3,s6u,激弱博徒,土鍋,裏雀士,裏雀士
20260410224058_0202,20260410224058,特上卓,2,0,3,s6u,激弱博徒,土鍋,裏雀士,裏雀士
20260410224058_0300,20260410224058,特上卓,0,0,0,s6u,激弱博徒,土鍋,裏雀士,s6u
20260410224058_0400,20260410224058,特上卓,0,0,1,s6u,激弱博徒,土鍋,裏雀士,激弱博徒
20260410224058_0401,20260410224058,特上卓,1,0,1,s6u,激弱博徒,土鍋,裏雀士,激弱博徒
20260410224058_0500,20260410224058,特上卓,0,0,2,s6u,激弱博徒,土鍋,裏雀士,土鍋
20260410224058_0601,20260410224058,特上卓,1,1,3,s6u,激弱博徒,土鍋,裏雀士,裏雀士
20260410224058_0602,20260410224058,特上卓,2,0,3,s6u,激弱博徒,土鍋,裏雀士,裏雀士
20260410224058_0700,20260410224058,特上卓,0,0,0,s6u,激弱博徒,土鍋,裏雀士,s6u
20260410230657_0001,20260410230657,特上卓,1,0,0,s6u,BaoZL,テクムセ,R09,s6u
20260410230657_0100,20260410230657,特上卓,0,0,1,s6u,BaoZL,テクムセ,R09,BaoZL
20260410230657_0101,20260410230657,特上卓,1,0,1,s6u,BaoZL,テクムセ,R09,BaoZL
20260410230657_0200,20260410230657,特上卓,0,0,2,s6u,BaoZL,テクムセ,R09,テクムセ
20260410230657_0300,20260410230657,特上卓,0,0,3,s6u,BaoZL,テクムセ,R09,R09
20260410230657_0301,20260410230657,特上卓,1,0,3,s6u,BaoZL,テクムセ,R09,R09
20260410230657_0400,20260410230657,特上卓,0,0,0,s6u,BaoZL,テクムセ,R09,s6u
20260410230657_0500,20260410230657,特上卓,0,0,1,s6u,BaoZL,テクムセ,R09,BaoZL
20260410230657_0600,20260410230657,特上卓,0,0,2,s6u,BaoZL,テクムセ,R09,テクムセ
20260410230657_0701,20260410230657,特上卓,1,1,3,s6u,BaoZL,テクムセ,R09,R09
20260410233544_0000,20260410233544,特上卓,0,0,3,s6u,皆蔵トマル,きんたまに咲く花,馬老C,馬老C
20260410233544_0001,20260410233544,特上卓,1,0,3,s6u,皆蔵トマル,きんたまに咲く花,馬老C,馬老C
20260410233544_0002,20260410233544,特上卓,2,0,3,s6u,皆蔵トマル,きんたまに咲く花,馬老C,馬老C
20260410233544_0100,20260410233544,特上卓,0,0,0,s6u,皆蔵トマル,きんたまに咲く花,馬老C,s6u
20260410233544_0200,20260410233544,特上卓,0,0,1,s6u,皆蔵トマル,きんたまに咲く花,馬老C,皆蔵トマル
20260410233544_0300,20260410233544,特上卓,0,0,2,s6u,皆蔵トマル,きんたまに咲く花,馬老C,きんたまに咲く花
20260410233544_0400,20260410233544,特上卓,0,0,3,s6u,皆蔵トマル,きんたまに咲く花,馬老C,馬老C
20260410233544_0401,20260410233544,特上卓,1,0,3,s6u,皆蔵トマル,きんたまに咲く花,馬老C,馬老C
20260410233544_0500,20260410233544,特上卓,0,0,0,s6u,皆蔵トマル,きんたまに咲く花,馬老C,s6u
20260410233544_0501,20260410233544,特上卓,1,1,0,s6u,皆蔵トマル,きんたまに咲く花,馬老C,s6u
20260411000058_0600,20260411000058,特上卓,0,0,1,s6u,皆蔵トマル,きんたまに咲く花,馬老C,皆蔵トマル
20260411000058_0700,20260411000058,特上卓,0,0,2,s6u,皆蔵トマル,きんたまに咲く花,馬老C,きんたまに咲く花
20260411000727_0000,20260411000727,特上卓,0,0,3,s6u,伽羅猫,あらぽん,stark,stark
20260411000727_0100,20260411000727,特上卓,0,0,0,s6u,伽羅猫,あらぽん,stark,s6u
20260411001119_0000,20260411001119,特上卓,0,0,2,s6u,ごきげんよう！！,革と皮,なかざわーるどう,革と皮
20260411001119_0100,20260411001119,特上卓,0,0,3,s6u,ごきげんよう！！,革と皮,なかざわーるどう,なかざわーるどう
20260411001119_0101,20260411001119,特上卓,1,0,3,s6u,ごきげんよう！！,革と皮,なかざわーるどう,なかざわーるどう
20260411001119_0200,20260411001119,特上卓,0,0,0,s6u,ごきげんよう！！,革と皮,なかざわーるどう,s6u
20260411001119_0201,20260411001119,特上卓,1,0,0,s6u,ごきげんよう！！,革と皮,なかざわーるどう,s6u
20260411001119_0300,20260411001119,特上卓,0,0,1,s6u,ごきげんよう！！,革と皮,なかざわーるどう,ごきげんよう！！
20260411001119_0301,20260411001119,特上卓,1,0,1,s6u,ごきげんよう！！,革と皮,なかざわーるどう,ごきげんよう！！
20260411001119_0402,20260411001119,特上卓,2,1,2,s6u,ごきげんよう！！,革と皮,なかざわーるどう,革と皮
20260411001119_0403,20260411001119,特上卓,3,2,2,s6u,ごきげんよう！！,革と皮,なかざわーるどう,革と皮
20260411001119_0500,20260411001119,特上卓,0,0,3,s6u,ごきげんよう！！,革と皮,なかざわーるどう,なかざわーるどう
20260411001119_0600,20260411001119,特上卓,0,0,0,s6u,ごきげんよう！！,革と皮,なかざわーるどう,s6u
20260411001119_0700,20260411001119,特上卓,0,0,1,s6u,ごきげんよう！！,革と皮,なかざわーるどう,ごきげんよう！！
20260411022843_0000,20260411022843,一般卓,0,0,3,パシフィック,Lucy3939,幸村シャーク,びびあん,びびあん
20260411022843_0100,20260411022843,一般卓,0,0,0,パシフィック,Lucy3939,幸村シャーク,びびあん,パシフィック
20260411022843_0200,20260411022843,一般卓,0,0,1,パシフィック,Lucy3939,幸村シャーク,びびあん,Lucy3939
20260411022843_0300,20260411022843,一般卓,0,0,2,パシフィック,Lucy3939,幸村シャーク,びびあん,幸村シャーク
20260411024357_0000,20260411024357,一般卓,0,0,2,パシフィック,トェェェェェェイ,sbihina,Steven,sbihina
20260411024357_0001,20260411024357,一般卓,1,0,2,パシフィック,トェェェェェェイ,sbihina,Steven,sbihina
20260411024357_0100,20260411024357,一般卓,0,0,3,パシフィック,トェェェェェェイ,sbihina,Steven,Steven
20260411024357_0200,20260411024357,一般卓,0,0,0,パシフィック,トェェェェェェイ,sbihina,Steven,パシフィック
20260411030956_0000,20260411030956,一般卓,0,0,0,パシフィック,指導者の祈り拒絶,NoName,Tauca,パシフィック
20260411030956_0100,20260411030956,一般卓,0,1,1,パシフィック,指導者の祈り拒絶,NoName,Tauca,指導者の祈り拒絶
20260411030956_0200,20260411030956,一般卓,0,0,2,パシフィック,指導者の祈り拒絶,NoName,Tauca,NoName
20260411030956_0300,20260411030956,一般卓,0,0,3,パシフィック,指導者の祈り拒絶,NoName,Tauca,Tauca
20260411033901_0000,20260411033901,上級卓,0,0,2,パシフィック,２０２０ＭＥＮＵ,IQ170,NoName,IQ170
20260411033901_0003,20260411033901,上級卓,3,0,2,パシフィック,２０２０ＭＥＮＵ,IQ170,NoName,IQ170
20260411035334_0000,20260411035334,一般卓,0,0,3,パシフィック,あゆみるみる4,かいじゅう２,ヴァッシュ,ヴァッシュ
20260411035334_0200,20260411035334,一般卓,0,0,1,パシフィック,あゆみるみる4,かいじゅう２,ヴァッシュ,あゆみるみる4
20260411035334_0400,20260411035334,一般卓,0,0,3,パシフィック,あゆみるみる4,かいじゅう２,ヴァッシュ,ヴァッシュ
20260411041152_0000,20260411041152,一般卓,0,0,0,パシフィック,jijyun,Lucy3939,kousal,パシフィック
20260411044205_0000,20260411044205,一般卓,0,0,3,パシフィック,Shonan,サカ天和,ベリーショートJ,ベリーショートJ
20260411175658_0000,20260411175658,一般卓,0,0,0,パシフィック,なぽり2026,satochi-,superint,パシフィック
20260411175658_0100,20260411175658,一般卓,0,0,1,パシフィック,なぽり2026,satochi-,superint,なぽり2026
20260411175658_0200,20260411175658,一般卓,0,0,2,パシフィック,なぽり2026,satochi-,superint,satochi-
20260411175658_0300,20260411175658,一般卓,0,0,3,パシフィック,なぽり2026,satochi-,superint,superint
20260411200235_0000,20260411200235,特上卓,0,0,3,s6u,鳥万,ゆうびんやさん,はいれにゃん,はいれにゃん
20260411200235_0001,20260411200235,特上卓,1,0,3,s6u,鳥万,ゆうびんやさん,はいれにゃん,はいれにゃん
20260411200235_0100,20260411200235,特上卓,0,0,0,s6u,鳥万,ゆうびんやさん,はいれにゃん,s6u
20260411200235_0200,20260411200235,特上卓,0,0,1,s6u,鳥万,ゆうびんやさん,はいれにゃん,鳥万
20260411200235_0300,20260411200235,特上卓,0,0,2,s6u,鳥万,ゆうびんやさん,はいれにゃん,ゆうびんやさん
20260411200235_0301,20260411200235,特上卓,1,0,2,s6u,鳥万,ゆうびんやさん,はいれにゃん,ゆうびんやさん
20260411200235_0400,20260411200235,特上卓,0,0,3,s6u,鳥万,ゆうびんやさん,はいれにゃん,はいれにゃん
20260411203143_0000,20260411203143,特上卓,0,0,1,s6u,オカルト研究会,天江衣,風林火川,オカルト研究会
20260411203143_0100,20260411203143,特上卓,0,0,2,s6u,オカルト研究会,天江衣,風林火川,天江衣
20260411203143_0101,20260411203143,特上卓,1,0,2,s6u,オカルト研究会,天江衣,風林火川,天江衣
20260411203143_0200,20260411203143,特上卓,0,0,3,s6u,オカルト研究会,天江衣,風林火川,風林火川
20260411203143_0201,20260411203143,特上卓,1,1,3,s6u,オカルト研究会,天江衣,風林火川,風林火川
20260411203143_0300,20260411203143,特上卓,0,0,0,s6u,オカルト研究会,天江衣,風林火川,s6u
20260411203143_0400,20260411203143,特上卓,0,0,1,s6u,オカルト研究会,天江衣,風林火川,オカルト研究会
20260411203143_0500,20260411203143,特上卓,0,0,2,s6u,オカルト研究会,天江衣,風林火川,天江衣
20260411203143_0501,20260411203143,特上卓,1,0,2,s6u,オカルト研究会,天江衣,風林火川,天江衣
20260411203143_0502,20260411203143,特上卓,2,0,2,s6u,オカルト研究会,天江衣,風林火川,天江衣
20260411203143_0700,20260411203143,特上卓,0,0,0,s6u,オカルト研究会,天江衣,風林火川,s6u
20260412052527_0000,20260412052527,上級卓,0,0,1,パシフィック,笑ってコラえて！,sakura丿,199053,笑ってコラえて！
20260412052922_0000,20260412052922,特上卓,0,0,1,s6u,こいきき,Fsight,skybit,こいきき
20260412052922_0001,20260412052922,特上卓,1,0,1,s6u,こいきき,Fsight,skybit,こいきき
20260412052922_0002,20260412052922,特上卓,2,0,1,s6u,こいきき,Fsight,skybit,こいきき
20260412052922_0100,20260412052922,特上卓,0,0,2,s6u,こいきき,Fsight,skybit,Fsight
20260412052922_0201,20260412052922,特上卓,1,0,3,s6u,こいきき,Fsight,skybit,skybit
20260412052922_0300,20260412052922,特上卓,0,0,0,s6u,こいきき,Fsight,skybit,s6u
20260412052922_0301,20260412052922,特上卓,1,0,0,s6u,こいきき,Fsight,skybit,s6u
20260412052922_0400,20260412052922,特上卓,0,0,1,s6u,こいきき,Fsight,skybit,こいきき
20260412055023_0000,20260412055023,特上卓,0,0,2,s6u,せんざんこうさん,欧陽,シゲルペペ,欧陽
20260412055023_0101,20260412055023,特上卓,1,1,3,s6u,せんざんこうさん,欧陽,シゲルペペ,シゲルペペ
20260412055023_0200,20260412055023,特上卓,0,0,0,s6u,せんざんこうさん,欧陽,シゲルペペ,s6u
20260412055023_0201,20260412055023,特上卓,1,0,0,s6u,せんざんこうさん,欧陽,シゲルペペ,s6u
20260412055023_0300,20260412055023,特上卓,0,0,1,s6u,せんざんこうさん,欧陽,シゲルペペ,せんざんこうさん
20260412055023_0301,20260412055023,特上卓,1,0,1,s6u,せんざんこうさん,欧陽,シゲルペペ,せんざんこうさん
20260412055023_0302,20260412055023,特上卓,2,0,1,s6u,せんざんこうさん,欧陽,シゲルペペ,せんざんこうさん
20260412055023_0400,20260412055023,特上卓,0,0,2,s6u,せんざんこうさん,欧陽,シゲルペペ,欧陽
20260412055023_0500,20260412055023,特上卓,0,0,3,s6u,せんざんこうさん,欧陽,シゲルペペ,シゲルペペ
20260412062254_0000,20260412062254,一般卓,0,0,3,パシフィック,清水新吾,SAL,高田馬場,高田馬場
20260412065824_0100,20260412065824,上級卓,0,0,3,パシフィック,hikaru,Sadou,天然ジイ3,天然ジイ3
20260412065843_0000,20260412065843,,0,0,3,パシフィック,よく分からない,NoName,gieron,gieron
20260412143821_0000,20260412143821,一般卓,0,0,0,パシフィック,sabiuu,midoriko,ガルガル,パシフィック
20260412143821_0100,20260412143821,一般卓,0,0,1,パシフィック,sabiuu,midoriko,ガルガル,sabiuu
20260412144902_0000,20260412144902,上級卓,0,0,3,パシフィック,sasimize,tetwo54,kimikoo5,kimikoo5
20260412144902_0101,20260412144902,上級卓,1,1,0,パシフィック,sasimize,tetwo54,kimikoo5,パシフィック
20260412150637_0000,20260412150637,上級卓,0,0,1,パシフィック,秀③,にっしー,NoName,秀③
20260412150637_0101,20260412150637,上級卓,1,0,2,パシフィック,秀③,にっしー,NoName,にっしー
20260412150637_0400,20260412150637,上級卓,0,0,1,パシフィック,秀③,にっしー,NoName,秀③
20260412152012_0000,20260412152012,上級卓,0,0,1,パシフィック,江頭5:73,結城めぐみ,水ラーメン,江頭5:73
20260412152012_0100,20260412152012,上級卓,0,0,2,パシフィック,江頭5:73,結城めぐみ,水ラーメン,結城めぐみ
20260412152541_0000,20260412152541,一般卓,0,1,2,パシフィック,ケンメイ3534,NoName,クルンテープ,NoName
20260412152541_0100,20260412152541,一般卓,0,0,3,パシフィック,ケンメイ3534,NoName,クルンテープ,クルンテープ
20260412152944_0000,20260412152944,上級卓,0,0,1,パシフィック,minimomo,NoName,Moritaxi,minimomo
20260412152944_0400,20260412152944,上級卓,0,1,1,パシフィック,minimomo,NoName,Moritaxi,minimomo
20260412155326_0000,20260412155326,一般卓,0,0,2,パシフィック,とても悲しい,hiro0905,NoName,hiro0905
20260412193706_0000,20260412193706,一般卓,0,0,0,パシフィック,KrlJiKay,サカ天和,akio,パシフィック
20260412213933_0000,20260412213933,一般卓,0,0,0,パシフィック,ゆーだんだん,amarcome,NoName,パシフィック
20260412214113_0000,20260412214113,上級卓,0,0,2,パシフィック,D.G.,kyonta,ひらもと,kyonta
20260413000312_0000,20260413000312,上級卓,0,0,1,パシフィック,NoName,かっちゃん,shin5u2,NoName
20260413021631_0000,20260413021631,一般卓,0,0,2,パシフィック,たけのうち,ネパールカレー,ひょうもんたこら,ネパールカレー
20260413021631_0101,20260413021631,一般卓,1,1,3,パシフィック,たけのうち,ネパールカレー,ひょうもんたこら,ひょうもんたこら
20260413021631_0102,20260413021631,一般卓,2,0,3,パシフィック,たけのうち,ネパールカレー,ひょうもんたこら,ひょうもんたこら
20260413021631_0200,20260413021631,一般卓,0,0,0,パシフィック,たけのうち,ネパールカレー,ひょうもんたこら,パシフィック
20260413023111_0000,20260413023111,上級卓,0,0,1,パシフィック,sabakan,Tovenaar,NoName,sabakan
20260413023111_0001,20260413023111,上級卓,1,0,1,パシフィック,sabakan,Tovenaar,NoName,sabakan
20260413023111_0002,20260413023111,上級卓,2,1,1,パシフィック,sabakan,Tovenaar,NoName,sabakan
20260413023111_0003,20260413023111,上級卓,3,0,1,パシフィック,sabakan,Tovenaar,NoName,sabakan
20260413023111_0104,20260413023111,上級卓,4,0,2,パシフィック,sabakan,Tovenaar,NoName,Tovenaar
20260413023111_0200,20260413023111,上級卓,0,0,3,パシフィック,sabakan,Tovenaar,NoName,NoName
20260413030233_0000,20260413030233,上級卓,0,0,1,パシフィック,crimson,ぱぱん2,ht-pt,crimson
20260413030233_0100,20260413030233,上級卓,0,0,2,パシフィック,crimson,ぱぱん2,ht-pt,ぱぱん2
20260413030233_0202,20260413030233,上級卓,2,0,3,パシフィック,crimson,ぱぱん2,ht-pt,ht-pt
20260413030233_0300,20260413030233,上級卓,0,0,0,パシフィック,crimson,ぱぱん2,ht-pt,パシフィック
20260413033302_0000,20260413033302,一般卓,0,0,0,パシフィック,喉頭形成術Ⅴ型,小田時人,NoName,パシフィック
20260413033302_0100,20260413033302,一般卓,0,1,1,パシフィック,喉頭形成術Ⅴ型,小田時人,NoName,喉頭形成術Ⅴ型
20260413033302_0201,20260413033302,一般卓,1,0,2,パシフィック,喉頭形成術Ⅴ型,小田時人,NoName,小田時人
20260414000100_0000,20260414000100,一般卓,0,0,2,パシフィック,NoName,わはは,ジャーナリスト魂,わはは
20260414000100_0100,20260414000100,一般卓,0,0,3,パシフィック,NoName,わはは,ジャーナリスト魂,ジャーナリスト魂
20260414000100_0101,20260414000100,一般卓,1,0,3,パシフィック,NoName,わはは,ジャーナリスト魂,ジャーナリスト魂
20260414000100_0102,20260414000100,一般卓,2,0,3,パシフィック,NoName,わはは,ジャーナリスト魂,ジャーナリスト魂
20260414001450_0000,20260414001450,上級卓,0,2,1,パシフィック,M＆I,いちちち,NoName,M＆I
20260414001450_0100,20260414001450,上級卓,0,0,2,パシフィック,M＆I,いちちち,NoName,いちちち
20260414001450_0201,20260414001450,上級卓,1,1,3,パシフィック,M＆I,いちちち,NoName,NoName
20260414001450_0300,20260414001450,上級卓,0,0,0,パシフィック,M＆I,いちちち,NoName,パシフィック
20260414001450_0400,20260414001450,上級卓,0,0,1,パシフィック,M＆I,いちちち,NoName,M＆I
20260414002828_0000,20260414002828,上級卓,0,1,2,パシフィック,NoName,アンディだよ。,Millio,アンディだよ。
20260414002828_0100,20260414002828,上級卓,0,0,3,パシフィック,NoName,アンディだよ。,Millio,Millio
20260414002828_0200,20260414002828,上級卓,0,0,0,パシフィック,NoName,アンディだよ。,Millio,パシフィック
20260414002828_0300,20260414002828,上級卓,0,0,1,パシフィック,NoName,アンディだよ。,Millio,NoName
20260414002828_0400,20260414002828,上級卓,0,0,2,パシフィック,NoName,アンディだよ。,Millio,アンディだよ。
20260414005815_0000,20260414005815,上級卓,0,0,0,パシフィック,Ds.,yhm,matsu_r,パシフィック
20260414005815_0100,20260414005815,上級卓,0,0,1,パシフィック,Ds.,yhm,matsu_r,Ds.
20260414005815_0200,20260414005815,上級卓,0,0,2,パシフィック,Ds.,yhm,matsu_r,yhm
20260414005815_0201,20260414005815,上級卓,1,0,2,パシフィック,Ds.,yhm,matsu_r,yhm
20260414005815_0300,20260414005815,上級卓,0,0,3,パシフィック,Ds.,yhm,matsu_r,matsu_r
20260414005815_0400,20260414005815,上級卓,0,0,0,パシフィック,Ds.,yhm,matsu_r,パシフィック
20260414005815_0500,20260414005815,上級卓,0,0,1,パシフィック,Ds.,yhm,matsu_r,Ds.
20260414005815_0501,20260414005815,上級卓,1,0,1,パシフィック,Ds.,yhm,matsu_r,Ds.
20260414012700_0000,20260414012700,一般卓,0,1,3,パシフィック,あゆひな68,霜一八,ABCDC,ABCDC
20260414013924_0000,20260414013924,一般卓,0,0,2,パシフィック,unryu,ひろぼうA1,ryu1110,ひろぼうA1
20260414013924_0100,20260414013924,一般卓,0,0,3,パシフィック,unryu,ひろぼうA1,ryu1110,ryu1110
20260414013924_0200,20260414013924,一般卓,0,0,0,パシフィック,unryu,ひろぼうA1,ryu1110,パシフィック
20260414143934_0000,20260414143934,一般卓,0,0,2,パシフィック,深海,Toshie,きんぎょすくい,Toshie
20260414143934_0100,20260414143934,一般卓,0,0,3,パシフィック,深海,Toshie,きんぎょすくい,きんぎょすくい
20260414143934_0101,20260414143934,一般卓,1,0,3,パシフィック,深海,Toshie,きんぎょすくい,きんぎょすくい
20260414143934_0102,20260414143934,一般卓,2,0,3,パシフィック,深海,Toshie,きんぎょすくい,きんぎょすくい
20260414171043_0000,20260414171043,一般卓,0,0,2,パシフィック,そのまま,小助,NoName,小助
20260414171043_0100,20260414171043,一般卓,0,0,3,パシフィック,そのまま,小助,NoName,NoName
20260414171043_0200,20260414171043,一般卓,0,0,0,パシフィック,そのまま,小助,NoName,パシフィック
20260414171043_0300,20260414171043,一般卓,0,0,1,パシフィック,そのまま,小助,NoName,そのまま
20260414172200_0000,20260414172200,一般卓,0,0,3,パシフィック,変身忍者,ミセスｋ,ABC1234,ABC1234
20260414172200_0100,20260414172200,一般卓,0,0,0,パシフィック,変身忍者,ミセスｋ,ABC1234,パシフィック
20260414172200_0301,20260414172200,一般卓,1,0,2,パシフィック,変身忍者,ミセスｋ,ABC1234,ミセスｋ
20260414174031_0000,20260414174031,一般卓,0,0,3,パシフィック,ユウイチ,HUTO,koda08,koda08
20260414174031_0100,20260414174031,一般卓,0,0,0,パシフィック,ユウイチ,HUTO,koda08,パシフィック
20260414174031_0200,20260414174031,一般卓,0,0,1,パシフィック,ユウイチ,HUTO,koda08,ユウイチ
20260414174031_0300,20260414174031,一般卓,0,0,2,パシフィック,ユウイチ,HUTO,koda08,HUTO
20260414180944_0000,20260414180944,上級卓,0,0,0,パシフィック,hfhgudiw,NoName,レオプ－,パシフィック
20260414180944_0100,20260414180944,上級卓,0,0,1,パシフィック,hfhgudiw,NoName,レオプ－,hfhgudiw
20260414180944_0200,20260414180944,上級卓,0,0,2,パシフィック,hfhgudiw,NoName,レオプ－,NoName
20260414182620_0000,20260414182620,上級卓,0,0,2,パシフィック,NoName,itsulove,monohon,itsulove
20260414182620_0100,20260414182620,上級卓,0,0,3,パシフィック,NoName,itsulove,monohon,monohon
20260414182620_0201,20260414182620,上級卓,1,1,0,パシフィック,NoName,itsulove,monohon,パシフィック
20260414182620_0202,20260414182620,上級卓,2,1,0,パシフィック,NoName,itsulove,monohon,パシフィック
20260414182620_0203,20260414182620,上級卓,3,3,0,パシフィック,NoName,itsulove,monohon,パシフィック
20260414182620_0300,20260414182620,上級卓,0,0,1,パシフィック,NoName,itsulove,monohon,NoName
20260414182620_0401,20260414182620,上級卓,1,1,2,パシフィック,NoName,itsulove,monohon,itsulove
20260414182620_0500,20260414182620,上級卓,0,0,3,パシフィック,NoName,itsulove,monohon,monohon
20260414182620_0501,20260414182620,上級卓,1,0,3,パシフィック,NoName,itsulove,monohon,monohon
20260414182620_0502,20260414182620,上級卓,2,0,3,パシフィック,NoName,itsulove,monohon,monohon
20260414185553_0000,20260414185553,一般卓,0,2,0,パシフィック,ここ姫,NoName,チーズとクルミ,パシフィック
20260414185553_0100,20260414185553,一般卓,0,1,1,パシフィック,ここ姫,NoName,チーズとクルミ,ここ姫
20260414185553_0200,20260414185553,一般卓,0,0,2,パシフィック,ここ姫,NoName,チーズとクルミ,NoName
20260414185553_0201,20260414185553,一般卓,1,0,2,パシフィック,ここ姫,NoName,チーズとクルミ,NoName
20260414185553_0202,20260414185553,一般卓,2,0,2,パシフィック,ここ姫,NoName,チーズとクルミ,NoName
20260414190818_0000,20260414190818,一般卓,0,0,2,パシフィック,ゆみん,じぇいそんおずま,isamu713,じぇいそんおずま
20260414190818_0100,20260414190818,一般卓,0,0,3,パシフィック,ゆみん,じぇいそんおずま,isamu713,isamu713
20260414214015_0000,20260414214015,上級卓,0,0,1,パシフィック,優良会員・・・２,WKBXW,NoName,優良会員・・・２
20260414214015_0100,20260414214015,上級卓,0,0,2,パシフィック,優良会員・・・２,WKBXW,NoName,WKBXW
20260414214015_0200,20260414214015,上級卓,0,0,3,パシフィック,優良会員・・・２,WKBXW,NoName,NoName
20260414214015_0300,20260414214015,上級卓,0,0,0,パシフィック,優良会員・・・２,WKBXW,NoName,パシフィック
20260414214015_0301,20260414214015,上級卓,1,0,0,パシフィック,優良会員・・・２,WKBXW,NoName,パシフィック
20260414214015_0400,20260414214015,上級卓,0,0,1,パシフィック,優良会員・・・２,WKBXW,NoName,優良会員・・・２
20260414214015_0501,20260414214015,上級卓,1,0,2,パシフィック,優良会員・・・２,WKBXW,NoName,WKBXW
20260414214015_0600,20260414214015,上級卓,0,0,3,パシフィック,優良会員・・・２,WKBXW,NoName,NoName
20260414214015_0700,20260414214015,上級卓,0,0,0,パシフィック,優良会員・・・２,WKBXW,NoName,パシフィック
20260414234704_0000,20260414234704,特上卓,0,0,2,s6u,あさみ丼,ableeee,スーチーホイハン,ableeee
20260414234704_0100,20260414234704,特上卓,0,0,3,s6u,あさみ丼,ableeee,スーチーホイハン,スーチーホイハン
20260414234704_0200,20260414234704,特上卓,0,0,0,s6u,あさみ丼,ableeee,スーチーホイハン,s6u
20260414234704_0300,20260414234704,特上卓,0,0,1,s6u,あさみ丼,ableeee,スーチーホイハン,あさみ丼
20260414234704_0400,20260414234704,特上卓,0,0,2,s6u,あさみ丼,ableeee,スーチーホイハン,ableeee
20260415000225_0500,20260415000225,特上卓,0,0,3,s6u,あさみ丼,ableeee,スーチーホイハン,スーチーホイハン
20260415000225_0600,20260415000225,特上卓,0,0,0,s6u,あさみ丼,ableeee,スーチーホイハン,s6u
20260415000225_0601,20260415000225,特上卓,1,0,0,s6u,あさみ丼,ableeee,スーチーホイハン,s6u
20260415000225_0602,20260415000225,特上卓,2,2,0,s6u,あさみ丼,ableeee,スーチーホイハン,s6u
20260415000225_0700,20260415000225,特上卓,0,0,1,s6u,あさみ丼,ableeee,スーチーホイハン,あさみ丼
20260415001407_0000,20260415001407,特上卓,0,0,2,s6u,わああああああい,CSU日麻小高手,不会配平,CSU日麻小高手
20260415001407_0001,20260415001407,特上卓,1,0,2,s6u,わああああああい,CSU日麻小高手,不会配平,CSU日麻小高手
20260415001407_0100,20260415001407,特上卓,0,0,3,s6u,わああああああい,CSU日麻小高手,不会配平,不会配平
20260415001407_0200,20260415001407,特上卓,0,0,0,s6u,わああああああい,CSU日麻小高手,不会配平,s6u
20260415001407_0300,20260415001407,特上卓,0,0,1,s6u,わああああああい,CSU日麻小高手,不会配平,わああああああい
20260415001407_0400,20260415001407,特上卓,0,0,2,s6u,わああああああい,CSU日麻小高手,不会配平,CSU日麻小高手
20260415001407_0500,20260415001407,特上卓,0,0,3,s6u,わああああああい,CSU日麻小高手,不会配平,不会配平
20260415001407_0501,20260415001407,特上卓,1,0,3,s6u,わああああああい,CSU日麻小高手,不会配平,不会配平
20260415004927_0000,20260415004927,特上卓,0,0,0,s6u,Bomzhong,桃李言わざれども,綿雪,s6u
20260415004927_0100,20260415004927,特上卓,0,0,1,s6u,Bomzhong,桃李言わざれども,綿雪,Bomzhong
20260415004927_0200,20260415004927,特上卓,0,0,2,s6u,Bomzhong,桃李言わざれども,綿雪,桃李言わざれども
20260415004927_0300,20260415004927,特上卓,0,0,3,s6u,Bomzhong,桃李言わざれども,綿雪,綿雪
20260415004927_0400,20260415004927,特上卓,0,0,0,s6u,Bomzhong,桃李言わざれども,綿雪,s6u
20260415004927_0401,20260415004927,特上卓,1,0,0,s6u,Bomzhong,桃李言わざれども,綿雪,s6u
20260415004927_0500,20260415004927,特上卓,0,0,1,s6u,Bomzhong,桃李言わざれども,綿雪,Bomzhong
20260415011206_0000,20260415011206,特上卓,0,0,3,s6u,Chairman,緑茶。,YZFTZ,YZFTZ
20260415011206_0100,20260415011206,特上卓,0,0,0,s6u,Chairman,緑茶。,YZFTZ,s6u
20260415011206_0200,20260415011206,特上卓,0,0,1,s6u,Chairman,緑茶。,YZFTZ,Chairman
20260415011206_0300,20260415011206,特上卓,0,0,2,s6u,Chairman,緑茶。,YZFTZ,緑茶。
20260415011206_0400,20260415011206,特上卓,0,0,3,s6u,Chairman,緑茶。,YZFTZ,YZFTZ
20260415011206_0401,20260415011206,特上卓,1,2,3,s6u,Chairman,緑茶。,YZFTZ,YZFTZ
20260415011206_0500,20260415011206,特上卓,0,0,0,s6u,Chairman,緑茶。,YZFTZ,s6u
20260415011206_0600,20260415011206,特上卓,0,0,1,s6u,Chairman,緑茶。,YZFTZ,Chairman
20260415011206_0700,20260415011206,特上卓,0,0,2,s6u,Chairman,緑茶。,YZFTZ,緑茶。
20260415013625_0000,20260415013625,特上卓,0,0,1,s6u,暴力ペンギン,Heihei05,球1234,暴力ペンギン
20260415013625_0100,20260415013625,特上卓,0,0,2,s6u,暴力ペンギン,Heihei05,球1234,Heihei05
20260415013625_0200,20260415013625,特上卓,0,0,3,s6u,暴力ペンギン,Heihei05,球1234,球1234
20260415013625_0300,20260415013625,特上卓,0,0,0,s6u,暴力ペンギン,Heihei05,球1234,s6u
20260415013625_0400,20260415013625,特上卓,0,0,1,s6u,暴力ペンギン,Heihei05,球1234,暴力ペンギン
20260415013625_0500,20260415013625,特上卓,0,0,2,s6u,暴力ペンギン,Heihei05,球1234,Heihei05
20260415013625_0501,20260415013625,特上卓,1,0,2,s6u,暴力ペンギン,Heihei05,球1234,Heihei05
20260415013625_0600,20260415013625,特上卓,0,0,3,s6u,暴力ペンギン,Heihei05,球1234,球1234
20260415013625_0700,20260415013625,特上卓,0,0,0,s6u,暴力ペンギン,Heihei05,球1234,s6u
20260415013625_0701,20260415013625,特上卓,1,0,0,s6u,暴力ペンギン,Heihei05,球1234,s6u
20260415020508_0000,20260415020508,特上卓,0,0,3,s6u,MIRA,yoshipin,kuroo,kuroo
20260415020508_0100,20260415020508,特上卓,0,0,0,s6u,MIRA,yoshipin,kuroo,s6u
20260415020508_0200,20260415020508,特上卓,0,0,1,s6u,MIRA,yoshipin,kuroo,MIRA
20260415020508_0201,20260415020508,特上卓,1,0,1,s6u,MIRA,yoshipin,kuroo,MIRA
20260415020508_0202,20260415020508,特上卓,2,2,1,s6u,MIRA,yoshipin,kuroo,MIRA
20260415020508_0303,20260415020508,特上卓,3,3,2,s6u,MIRA,yoshipin,kuroo,yoshipin
20260415020508_0400,20260415020508,特上卓,0,0,3,s6u,MIRA,yoshipin,kuroo,kuroo
20260415020508_0500,20260415020508,特上卓,0,0,0,s6u,MIRA,yoshipin,kuroo,s6u
20260415020508_0600,20260415020508,特上卓,0,0,1,s6u,MIRA,yoshipin,kuroo,MIRA
20260415020508_0601,20260415020508,特上卓,1,0,1,s6u,MIRA,yoshipin,kuroo,MIRA
20260415020508_0700,20260415020508,特上卓,0,0,2,s6u,MIRA,yoshipin,kuroo,yoshipin
20260415111138_0000,20260415111138,特上卓,0,0,0,s6u,ROKU,狐千歳,MrIndigo,s6u
20260415111138_0100,20260415111138,特上卓,0,0,1,s6u,ROKU,狐千歳,MrIndigo,ROKU
20260415111138_0200,20260415111138,特上卓,0,0,2,s6u,ROKU,狐千歳,MrIndigo,狐千歳
20260415111138_0300,20260415111138,特上卓,0,0,3,s6u,ROKU,狐千歳,MrIndigo,MrIndigo
20260415111138_0400,20260415111138,特上卓,0,0,0,s6u,ROKU,狐千歳,MrIndigo,s6u
20260415111138_0500,20260415111138,特上卓,0,0,1,s6u,ROKU,狐千歳,MrIndigo,ROKU
20260415111138_0600,20260415111138,特上卓,0,0,2,s6u,ROKU,狐千歳,MrIndigo,狐千歳
20260415111138_0601,20260415111138,特上卓,1,0,2,s6u,ROKU,狐千歳,MrIndigo,狐千歳
20260415111138_0602,20260415111138,特上卓,2,0,2,s6u,ROKU,狐千歳,MrIndigo,狐千歳
20260415111138_0700,20260415111138,特上卓,0,0,3,s6u,ROKU,狐千歳,MrIndigo,MrIndigo
20260415114429_0000,20260415114429,特上卓,0,0,1,s6u,阿夫利,Boyan,sxc258,阿夫利
20260415114429_0001,20260415114429,特上卓,1,0,1,s6u,阿夫利,Boyan,sxc258,阿夫利
20260415114429_0100,20260415114429,特上卓,0,0,2,s6u,阿夫利,Boyan,sxc258,Boyan
20260415114429_0200,20260415114429,特上卓,0,0,3,s6u,阿夫利,Boyan,sxc258,sxc258
20260415114429_0201,20260415114429,特上卓,1,0,3,s6u,阿夫利,Boyan,sxc258,sxc258
20260415141418_0000,20260415141418,一般卓,0,0,0,パシフィック,プロゴルファー8,NoName,モリヒロナラ,パシフィック
20260415141418_0100,20260415141418,一般卓,0,0,1,パシフィック,プロゴルファー8,NoName,モリヒロナラ,プロゴルファー8
20260415153655_0000,20260415153655,上級卓,0,0,2,パシフィック,サチール,NoName,diid,NoName
20260415153655_0100,20260415153655,上級卓,0,0,3,パシフィック,サチール,NoName,diid,diid
20260415153655_0200,20260415153655,上級卓,0,0,0,パシフィック,サチール,NoName,diid,パシフィック
20260415153655_0300,20260415153655,上級卓,0,0,1,パシフィック,サチール,NoName,diid,サチール
20260415153655_0400,20260415153655,上級卓,0,0,2,パシフィック,サチール,NoName,diid,NoName
20260415204008_0000,20260415204008,特上卓,0,0,2,s6u,Kanayama,こうちゃんnn,DrKanoto,こうちゃんnn
20260415204008_0100,20260415204008,特上卓,0,0,3,s6u,Kanayama,こうちゃんnn,DrKanoto,DrKanoto
20260415204008_0200,20260415204008,特上卓,0,0,0,s6u,Kanayama,こうちゃんnn,DrKanoto,s6u
20260415204008_0300,20260415204008,特上卓,0,0,1,s6u,Kanayama,こうちゃんnn,DrKanoto,Kanayama
20260415211029_0000,20260415211029,特上卓,0,0,3,s6u,時を駆ける爺,soer,Coffee,Coffee
20260415211029_0100,20260415211029,特上卓,0,0,0,s6u,時を駆ける爺,soer,Coffee,s6u
20260415211029_0200,20260415211029,特上卓,0,0,1,s6u,時を駆ける爺,soer,Coffee,時を駆ける爺
20260415211029_0300,20260415211029,特上卓,0,0,2,s6u,時を駆ける爺,soer,Coffee,soer
20260415211029_0301,20260415211029,特上卓,1,0,2,s6u,時を駆ける爺,soer,Coffee,soer
20260415211029_0500,20260415211029,特上卓,0,0,0,s6u,時を駆ける爺,soer,Coffee,s6u
20260415211029_0600,20260415211029,特上卓,0,0,1,s6u,時を駆ける爺,soer,Coffee,時を駆ける爺
20260415211029_0700,20260415211029,特上卓,0,0,2,s6u,時を駆ける爺,soer,Coffee,soer
20260415213120_0000,20260415213120,特上卓,0,0,1,s6u,markino!,ぴかーる,s7055,markino!
20260415213120_0001,20260415213120,特上卓,1,0,1,s6u,markino!,ぴかーる,s7055,markino!
20260415213120_0100,20260415213120,特上卓,0,0,2,s6u,markino!,ぴかーる,s7055,ぴかーる
20260415213120_0200,20260415213120,特上卓,0,0,3,s6u,markino!,ぴかーる,s7055,s7055
20260415213120_0201,20260415213120,特上卓,1,0,3,s6u,markino!,ぴかーる,s7055,s7055
20260415213120_0300,20260415213120,特上卓,0,0,0,s6u,markino!,ぴかーる,s7055,s6u
20260415213120_0401,20260415213120,特上卓,1,1,1,s6u,markino!,ぴかーる,s7055,markino!
20260415213120_0402,20260415213120,特上卓,2,0,1,s6u,markino!,ぴかーる,s7055,markino!
20260415213120_0500,20260415213120,特上卓,0,0,2,s6u,markino!,ぴかーる,s7055,ぴかーる
20260415220759_0000,20260415220759,特上卓,0,0,3,s6u,ハルカナイチゴ,140cut,モメンタム,モメンタム
20260415220759_0100,20260415220759,特上卓,0,0,0,s6u,ハルカナイチゴ,140cut,モメンタム,s6u
20260415220759_0200,20260415220759,特上卓,0,0,1,s6u,ハルカナイチゴ,140cut,モメンタム,ハルカナイチゴ
20260415220759_0201,20260415220759,特上卓,1,1,1,s6u,ハルカナイチゴ,140cut,モメンタム,ハルカナイチゴ
20260415220759_0300,20260415220759,特上卓,0,0,2,s6u,ハルカナイチゴ,140cut,モメンタム,140cut
20260415224157_0000,20260415224157,特上卓,0,0,3,s6u,olsn,Drうっちー,イチボ,イチボ
20260415224157_0100,20260415224157,特上卓,0,0,0,s6u,olsn,Drうっちー,イチボ,s6u
20260415224157_0200,20260415224157,特上卓,0,0,1,s6u,olsn,Drうっちー,イチボ,olsn
20260415225051_0000,20260415225051,特上卓,0,0,1,s6u,175S1,フジヤンFT,福瑞,175S1
20260415225051_0100,20260415225051,特上卓,0,0,2,s6u,175S1,フジヤンFT,福瑞,フジヤンFT
20260415225051_0200,20260415225051,特上卓,0,0,3,s6u,175S1,フジヤンFT,福瑞,福瑞
20260415225051_0201,20260415225051,特上卓,1,0,3,s6u,175S1,フジヤンFT,福瑞,福瑞
20260415225051_0202,20260415225051,特上卓,2,0,3,s6u,175S1,フジヤンFT,福瑞,福瑞
20260415225051_0300,20260415225051,特上卓,0,0,0,s6u,175S1,フジヤンFT,福瑞,s6u
20260415225051_0400,20260415225051,特上卓,0,0,1,s6u,175S1,フジヤンFT,福瑞,175S1
20260415225051_0500,20260415225051,特上卓,0,0,2,s6u,175S1,フジヤンFT,福瑞,フジヤンFT
20260415225051_0600,20260415225051,特上卓,0,0,3,s6u,175S1,フジヤンFT,福瑞,福瑞
20260415225051_0700,20260415225051,特上卓,0,0,0,s6u,175S1,フジヤンFT,福瑞,s6u
20260415231818_0000,20260415231818,特上卓,0,0,1,s6u,1Mercury,ぼくはガリレオ,waffle07,1Mercury
20260415231818_0001,20260415231818,特上卓,1,0,1,s6u,1Mercury,ぼくはガリレオ,waffle07,1Mercury
20260415231818_0100,20260415231818,特上卓,0,0,2,s6u,1Mercury,ぼくはガリレオ,waffle07,ぼくはガリレオ
20260415231818_0200,20260415231818,特上卓,0,0,3,s6u,1Mercury,ぼくはガリレオ,waffle07,waffle07
20260415231818_0300,20260415231818,特上卓,0,0,0,s6u,1Mercury,ぼくはガリレオ,waffle07,s6u
20260415231818_0301,20260415231818,特上卓,1,0,0,s6u,1Mercury,ぼくはガリレオ,waffle07,s6u
20260415231818_0400,20260415231818,特上卓,0,0,1,s6u,1Mercury,ぼくはガリレオ,waffle07,1Mercury
20260415231818_0500,20260415231818,特上卓,0,0,2,s6u,1Mercury,ぼくはガリレオ,waffle07,ぼくはガリレオ
20260415231818_0600,20260415231818,特上卓,0,0,3,s6u,1Mercury,ぼくはガリレオ,waffle07,waffle07
20260415231818_0700,20260415231818,特上卓,0,0,0,s6u,1Mercury,ぼくはガリレオ,waffle07,s6u
20260415234635_0000,20260415234635,特上卓,0,0,1,s6u,D5471,変態紳士＠,ピータン01,D5471
20260415234635_0100,20260415234635,特上卓,0,0,2,s6u,D5471,変態紳士＠,ピータン01,変態紳士＠
20260415234635_0200,20260415234635,特上卓,0,0,3,s6u,D5471,変態紳士＠,ピータン01,ピータン01
20260415234635_0300,20260415234635,特上卓,0,0,0,s6u,D5471,変態紳士＠,ピータン01,s6u
20260415234635_0400,20260415234635,特上卓,0,0,1,s6u,D5471,変態紳士＠,ピータン01,D5471
20260416000045_0500,20260416000045,特上卓,0,0,2,s6u,D5471,変態紳士＠,ピータン01,変態紳士＠
20260416000045_0501,20260416000045,特上卓,1,0,2,s6u,D5471,変態紳士＠,ピータン01,変態紳士＠
20260416000045_0502,20260416000045,特上卓,2,0,2,s6u,D5471,変態紳士＠,ピータン01,変態紳士＠
20260416000045_0600,20260416000045,特上卓,0,0,3,s6u,D5471,変態紳士＠,ピータン01,ピータン01
20260416000045_0700,20260416000045,特上卓,0,0,0,s6u,D5471,変態紳士＠,ピータン01,s6u
20260416001431_0000,20260416001431,特上卓,0,0,1,s6u,茶髪,穴澤妙哉,オール鳩ヶ谷,茶髪
20260416001431_0001,20260416001431,特上卓,1,0,1,s6u,茶髪,穴澤妙哉,オール鳩ヶ谷,茶髪
20260416001431_0100,20260416001431,特上卓,0,0,2,s6u,茶髪,穴澤妙哉,オール鳩ヶ谷,穴澤妙哉
20260416001431_0101,20260416001431,特上卓,1,0,2,s6u,茶髪,穴澤妙哉,オール鳩ヶ谷,穴澤妙哉
20260416001431_0200,20260416001431,特上卓,0,0,3,s6u,茶髪,穴澤妙哉,オール鳩ヶ谷,オール鳩ヶ谷
20260416001431_0300,20260416001431,特上卓,0,0,0,s6u,茶髪,穴澤妙哉,オール鳩ヶ谷,s6u
20260416001431_0301,20260416001431,特上卓,1,0,0,s6u,茶髪,穴澤妙哉,オール鳩ヶ谷,s6u
20260416001431_0400,20260416001431,特上卓,0,0,1,s6u,茶髪,穴澤妙哉,オール鳩ヶ谷,茶髪
20260416003528_0000,20260416003528,特上卓,0,0,2,s6u,Alessia,ペンタ,kokounos,ペンタ
20260416003528_0100,20260416003528,特上卓,0,0,3,s6u,Alessia,ペンタ,kokounos,kokounos
20260416003528_0200,20260416003528,特上卓,0,0,0,s6u,Alessia,ペンタ,kokounos,s6u
20260416003528_0201,20260416003528,特上卓,1,0,0,s6u,Alessia,ペンタ,kokounos,s6u
20260416005046_0000,20260416005046,特上卓,0,0,3,s6u,梅さん129,ふぁび2,正氣十足,正氣十足
20260416005046_0100,20260416005046,特上卓,0,0,0,s6u,梅さん129,ふぁび2,正氣十足,s6u
20260416005046_0200,20260416005046,特上卓,0,0,1,s6u,梅さん129,ふぁび2,正氣十足,梅さん129
20260416005046_0201,20260416005046,特上卓,1,0,1,s6u,梅さん129,ふぁび2,正氣十足,梅さん129
20260416005046_0300,20260416005046,特上卓,0,0,2,s6u,梅さん129,ふぁび2,正氣十足,ふぁび2
20260416005046_0400,20260416005046,特上卓,0,0,3,s6u,梅さん129,ふぁび2,正氣十足,正氣十足
20260416005046_0500,20260416005046,特上卓,0,0,0,s6u,梅さん129,ふぁび2,正氣十足,s6u
20260416005046_0600,20260416005046,特上卓,0,0,1,s6u,梅さん129,ふぁび2,正氣十足,梅さん129
20260416005046_0700,20260416005046,特上卓,0,0,2,s6u,梅さん129,ふぁび2,正氣十足,ふぁび2
20260416011330_0000,20260416011330,,0,0,0,s6u,oliver,欧陽,純粋居飛車党,s6u
20260416011330_0001,20260416011330,,1,0,0,s6u,oliver,欧陽,純粋居飛車党,s6u
20260416011330_0102,20260416011330,,2,1,1,s6u,oliver,欧陽,純粋居飛車党,oliver
20260416011330_0103,20260416011330,,3,0,1,s6u,oliver,欧陽,純粋居飛車党,oliver
20260416011330_0104,20260416011330,,4,0,1,s6u,oliver,欧陽,純粋居飛車党,oliver
20260416011330_0200,20260416011330,,0,0,2,s6u,oliver,欧陽,純粋居飛車党,欧陽
20260416011330_0201,20260416011330,,1,0,2,s6u,oliver,欧陽,純粋居飛車党,欧陽
20260416011330_0300,20260416011330,,0,0,3,s6u,oliver,欧陽,純粋居飛車党,純粋居飛車党
20260416011330_0400,20260416011330,,0,0,0,s6u,oliver,欧陽,純粋居飛車党,s6u
20260416011330_0500,20260416011330,,0,0,1,s6u,oliver,欧陽,純粋居飛車党,oliver
20260416011330_0600,20260416011330,,0,0,2,s6u,oliver,欧陽,純粋居飛車党,欧陽
20260416011330_0700,20260416011330,,0,0,3,s6u,oliver,欧陽,純粋居飛車党,純粋居飛車党
20260416015257_0000,20260416015257,特上卓,0,0,1,s6u,たこるん,おうもう,しんせんじにく,たこるん
20260416015257_0100,20260416015257,特上卓,0,0,2,s6u,たこるん,おうもう,しんせんじにく,おうもう
20260416015257_0200,20260416015257,特上卓,0,0,3,s6u,たこるん,おうもう,しんせんじにく,しんせんじにく
20260416015257_0300,20260416015257,特上卓,0,0,0,s6u,たこるん,おうもう,しんせんじにく,s6u
20260416015257_0400,20260416015257,特上卓,0,0,1,s6u,たこるん,おうもう,しんせんじにく,たこるん
20260416015257_0500,20260416015257,特上卓,0,0,2,s6u,たこるん,おうもう,しんせんじにく,おうもう
20260416015257_0501,20260416015257,特上卓,1,0,2,s6u,たこるん,おうもう,しんせんじにく,おうもう
20260416015257_0502,20260416015257,特上卓,2,0,2,s6u,たこるん,おうもう,しんせんじにく,おうもう
20260416015257_0600,20260416015257,特上卓,0,0,3,s6u,たこるん,おうもう,しんせんじにく,しんせんじにく
20260416015257_0601,20260416015257,特上卓,1,0,3,s6u,たこるん,おうもう,しんせんじにく,しんせんじにく
20260416015257_0700,20260416015257,特上卓,0,0,0,s6u,たこるん,おうもう,しんせんじにく,s6u
20260416022037_0000,20260416022037,特上卓,0,0,0,s6u,いいけん,lsajie,tampopo3,s6u
20260416022037_0100,20260416022037,特上卓,0,0,1,s6u,いいけん,lsajie,tampopo3,いいけん
20260416022037_0200,20260416022037,特上卓,0,0,2,s6u,いいけん,lsajie,tampopo3,lsajie
20260416022037_0300,20260416022037,特上卓,0,0,3,s6u,いいけん,lsajie,tampopo3,tampopo3
20260416022037_0301,20260416022037,特上卓,1,1,3,s6u,いいけん,lsajie,tampopo3,tampopo3
20260416022037_0400,20260416022037,特上卓,0,0,0,s6u,いいけん,lsajie,tampopo3,s6u
20260416022037_0401,20260416022037,特上卓,1,0,0,s6u,いいけん,lsajie,tampopo3,s6u
20260416022037_0402,20260416022037,特上卓,2,0,0,s6u,いいけん,lsajie,tampopo3,s6u
20260416022037_0500,20260416022037,特上卓,0,0,1,s6u,いいけん,lsajie,tampopo3,いいけん
20260416022037_0501,20260416022037,特上卓,1,1,1,s6u,いいけん,lsajie,tampopo3,いいけん
20260416022037_0502,20260416022037,特上卓,2,0,1,s6u,いいけん,lsajie,tampopo3,いいけん
20260416022037_0600,20260416022037,特上卓,0,0,2,s6u,いいけん,lsajie,tampopo3,lsajie
20260416022037_0601,20260416022037,特上卓,1,0,2,s6u,いいけん,lsajie,tampopo3,lsajie
20260416022037_0700,20260416022037,特上卓,0,0,3,s6u,いいけん,lsajie,tampopo3,tampopo3
20260416022037_0701,20260416022037,特上卓,1,1,3,s6u,いいけん,lsajie,tampopo3,tampopo3
20260417020135_0000,20260417020135,上級卓,0,0,2,パシフィック,緑の猿人,ぱむぱむ,NoName,ぱむぱむ
20260417020135_0100,20260417020135,上級卓,0,0,3,パシフィック,緑の猿人,ぱむぱむ,NoName,NoName
20260417021553_0200,20260417021553,特上卓,0,0,3,s6u,洪湖,むらしゅー,alice7,alice7
20260417021553_0201,20260417021553,特上卓,1,0,3,s6u,洪湖,むらしゅー,alice7,alice7
20260417021553_0300,20260417021553,特上卓,0,0,0,s6u,洪湖,むらしゅー,alice7,s6u
20260417021553_0400,20260417021553,特上卓,0,0,1,s6u,洪湖,むらしゅー,alice7,洪湖
20260417021553_0401,20260417021553,特上卓,1,1,1,s6u,洪湖,むらしゅー,alice7,洪湖
20260417021553_0500,20260417021553,特上卓,0,0,2,s6u,洪湖,むらしゅー,alice7,むらしゅー
20260417021553_0600,20260417021553,特上卓,0,0,3,s6u,洪湖,むらしゅー,alice7,alice7
20260417021553_0700,20260417021553,特上卓,0,0,0,s6u,洪湖,むらしゅー,alice7,s6u
20260417021553_0701,20260417021553,特上卓,1,0,0,s6u,洪湖,むらしゅー,alice7,s6u
20260417021553_0702,20260417021553,特上卓,2,0,0,s6u,洪湖,むらしゅー,alice7,s6u
20260417024038_0000,20260417024038,,0,0,1,s6u,Kanako_,alice7,やんわり,Kanako_
20260417024038_0100,20260417024038,,0,0,2,s6u,Kanako_,alice7,やんわり,alice7
20260417024038_0200,20260417024038,,0,0,3,s6u,Kanako_,alice7,やんわり,やんわり
20260417024038_0300,20260417024038,,0,0,0,s6u,Kanako_,alice7,やんわり,s6u
20260417024038_0400,20260417024038,,0,0,1,s6u,Kanako_,alice7,やんわり,Kanako_
20260417024038_0501,20260417024038,,1,1,2,s6u,Kanako_,alice7,やんわり,alice7
20260417024038_0502,20260417024038,,2,0,2,s6u,Kanako_,alice7,やんわり,alice7
20260417024038_0600,20260417024038,,0,0,3,s6u,Kanako_,alice7,やんわり,やんわり
20260417030358_0000,20260417030358,特上卓,0,0,1,s6u,Kanako_,怯怯,FridaW89,Kanako_
20260417030358_0100,20260417030358,特上卓,0,0,2,s6u,Kanako_,怯怯,FridaW89,怯怯
20260417030358_0201,20260417030358,特上卓,1,1,3,s6u,Kanako_,怯怯,FridaW89,FridaW89
20260417030358_0300,20260417030358,特上卓,0,0,0,s6u,Kanako_,怯怯,FridaW89,s6u
20260417030358_0400,20260417030358,特上卓,0,0,1,s6u,Kanako_,怯怯,FridaW89,Kanako_
20260417030358_0500,20260417030358,特上卓,0,0,2,s6u,Kanako_,怯怯,FridaW89,怯怯
20260417030358_0501,20260417030358,特上卓,1,1,2,s6u,Kanako_,怯怯,FridaW89,怯怯
20260417030358_0502,20260417030358,特上卓,2,0,2,s6u,Kanako_,怯怯,FridaW89,怯怯
20260417030358_0503,20260417030358,特上卓,3,0,2,s6u,Kanako_,怯怯,FridaW89,怯怯
20260417030358_0504,20260417030358,特上卓,4,0,2,s6u,Kanako_,怯怯,FridaW89,怯怯
20260417030358_0600,20260417030358,特上卓,0,0,3,s6u,Kanako_,怯怯,FridaW89,FridaW89
20260417030358_0700,20260417030358,特上卓,0,0,0,s6u,Kanako_,怯怯,FridaW89,s6u
20260417030358_0701,20260417030358,特上卓,1,0,0,s6u,Kanako_,怯怯,FridaW89,s6u
20260417123543_0000,20260417123543,特上卓,0,0,0,s6u,mlicca,怪我の功名,かず坊,s6u
20260417123543_0001,20260417123543,特上卓,1,0,0,s6u,mlicca,怪我の功名,かず坊,s6u
20260417123543_0100,20260417123543,特上卓,0,0,1,s6u,mlicca,怪我の功名,かず坊,mlicca
20260417123543_0200,20260417123543,特上卓,0,0,2,s6u,mlicca,怪我の功名,かず坊,怪我の功名
20260417123543_0201,20260417123543,特上卓,1,0,2,s6u,mlicca,怪我の功名,かず坊,怪我の功名
20260417123543_0300,20260417123543,特上卓,0,0,3,s6u,mlicca,怪我の功名,かず坊,かず坊
20260417123543_0400,20260417123543,特上卓,0,0,0,s6u,mlicca,怪我の功名,かず坊,s6u
20260417123543_0401,20260417123543,特上卓,1,0,0,s6u,mlicca,怪我の功名,かず坊,s6u
20260417123543_0500,20260417123543,特上卓,0,0,1,s6u,mlicca,怪我の功名,かず坊,mlicca
20260417123543_0501,20260417123543,特上卓,1,0,1,s6u,mlicca,怪我の功名,かず坊,mlicca
20260417123543_0600,20260417123543,特上卓,0,0,2,s6u,mlicca,怪我の功名,かず坊,怪我の功名
20260417123543_0700,20260417123543,特上卓,0,0,3,s6u,mlicca,怪我の功名,かず坊,かず坊
20260417145800_0000,20260417145800,特上卓,0,0,0,s6u,掉段皮人,teriri,かなかなカナ？,s6u
20260417145800_0100,20260417145800,特上卓,0,0,1,s6u,掉段皮人,teriri,かなかなカナ？,掉段皮人
20260417145800_0200,20260417145800,特上卓,0,0,2,s6u,掉段皮人,teriri,かなかなカナ？,teriri
20260417145800_0300,20260417145800,特上卓,0,0,3,s6u,掉段皮人,teriri,かなかなカナ？,かなかなカナ？
20260417145800_0301,20260417145800,特上卓,1,1,3,s6u,掉段皮人,teriri,かなかなカナ？,かなかなカナ？
20260417145800_0400,20260417145800,特上卓,0,0,0,s6u,掉段皮人,teriri,かなかなカナ？,s6u
20260417145800_0500,20260417145800,特上卓,0,0,1,s6u,掉段皮人,teriri,かなかなカナ？,掉段皮人
20260417145800_0601,20260417145800,特上卓,1,0,2,s6u,掉段皮人,teriri,かなかなカナ？,teriri
20260417145800_0700,20260417145800,特上卓,0,0,3,s6u,掉段皮人,teriri,かなかなカナ？,かなかなカナ？
20260417145800_0701,20260417145800,特上卓,1,0,3,s6u,掉段皮人,teriri,かなかなカナ？,かなかなカナ？
20260417152341_0000,20260417152341,特上卓,0,0,2,s6u,k2xx,alpha@de,ペンタ,alpha@de
20260417152341_0001,20260417152341,特上卓,1,0,2,s6u,k2xx,alpha@de,ペンタ,alpha@de
20260417152341_0002,20260417152341,特上卓,2,0,2,s6u,k2xx,alpha@de,ペンタ,alpha@de
20260417152341_0003,20260417152341,特上卓,3,0,2,s6u,k2xx,alpha@de,ペンタ,alpha@de
20260417152341_0100,20260417152341,特上卓,0,0,3,s6u,k2xx,alpha@de,ペンタ,ペンタ
20260417152341_0200,20260417152341,特上卓,0,0,0,s6u,k2xx,alpha@de,ペンタ,s6u
20260417152341_0201,20260417152341,特上卓,1,1,0,s6u,k2xx,alpha@de,ペンタ,s6u
20260417152341_0300,20260417152341,特上卓,0,0,1,s6u,k2xx,alpha@de,ペンタ,k2xx
20260417152341_0400,20260417152341,特上卓,0,0,2,s6u,k2xx,alpha@de,ペンタ,alpha@de
20260417152341_0500,20260417152341,特上卓,0,0,3,s6u,k2xx,alpha@de,ペンタ,ペンタ
20260417152341_0601,20260417152341,特上卓,1,1,0,s6u,k2xx,alpha@de,ペンタ,s6u
20260417152341_0700,20260417152341,特上卓,0,0,1,s6u,k2xx,alpha@de,ペンタ,k2xx
20260418002400_0000,20260418002400,特上卓,0,0,3,s6u,'Chalo',天江衣@門前打点,厚岸,厚岸
20260418002400_0001,20260418002400,特上卓,1,0,3,s6u,'Chalo',天江衣@門前打点,厚岸,厚岸
20260418002400_0002,20260418002400,特上卓,2,0,3,s6u,'Chalo',天江衣@門前打点,厚岸,厚岸
20260418002400_0103,20260418002400,特上卓,3,1,0,s6u,'Chalo',天江衣@門前打点,厚岸,s6u
20260418002400_0104,20260418002400,特上卓,4,0,0,s6u,'Chalo',天江衣@門前打点,厚岸,s6u
20260418002400_0200,20260418002400,特上卓,0,0,1,s6u,'Chalo',天江衣@門前打点,厚岸,'Chalo'
20260418002400_0301,20260418002400,特上卓,1,0,2,s6u,'Chalo',天江衣@門前打点,厚岸,天江衣@門前打点
20260418002400_0302,20260418002400,特上卓,2,2,2,s6u,'Chalo',天江衣@門前打点,厚岸,天江衣@門前打点
20260418002400_0303,20260418002400,特上卓,3,2,2,s6u,'Chalo',天江衣@門前打点,厚岸,天江衣@門前打点
20260418002400_0400,20260418002400,特上卓,0,0,3,s6u,'Chalo',天江衣@門前打点,厚岸,厚岸
20260418002400_0500,20260418002400,特上卓,0,0,0,s6u,'Chalo',天江衣@門前打点,厚岸,s6u
20260418002400_0501,20260418002400,特上卓,1,0,0,s6u,'Chalo',天江衣@門前打点,厚岸,s6u
20260418002400_0602,20260418002400,特上卓,2,0,1,s6u,'Chalo',天江衣@門前打点,厚岸,'Chalo'
20260418002400_0700,20260418002400,特上卓,0,0,2,s6u,'Chalo',天江衣@門前打点,厚岸,天江衣@門前打点
20260418010936_0000,20260418010936,特上卓,0,0,1,s6u,ponponsn,鳳凰双花紅棍,かネ,ponponsn
20260418010936_0100,20260418010936,特上卓,0,0,2,s6u,ponponsn,鳳凰双花紅棍,かネ,鳳凰双花紅棍
20260418010936_0200,20260418010936,特上卓,0,0,3,s6u,ponponsn,鳳凰双花紅棍,かネ,かネ
20260418010936_0300,20260418010936,特上卓,0,0,0,s6u,ponponsn,鳳凰双花紅棍,かネ,s6u
20260418010936_0301,20260418010936,特上卓,1,0,0,s6u,ponponsn,鳳凰双花紅棍,かネ,s6u
20260418010936_0400,20260418010936,特上卓,0,0,1,s6u,ponponsn,鳳凰双花紅棍,かネ,ponponsn
20260418010936_0500,20260418010936,特上卓,0,0,2,s6u,ponponsn,鳳凰双花紅棍,かネ,鳳凰双花紅棍
20260418010936_0501,20260418010936,特上卓,1,1,2,s6u,ponponsn,鳳凰双花紅棍,かネ,鳳凰双花紅棍
20260418010936_0600,20260418010936,特上卓,0,0,3,s6u,ponponsn,鳳凰双花紅棍,かネ,かネ
20260418010936_0700,20260418010936,特上卓,0,0,0,s6u,ponponsn,鳳凰双花紅棍,かネ,s6u
20260418013710_0000,20260418013710,特上卓,0,0,1,s6u,sjnmp001,今、急所が埋まる,ざきゆう,sjnmp001
20260418013710_0001,20260418013710,特上卓,1,0,1,s6u,sjnmp001,今、急所が埋まる,ざきゆう,sjnmp001
20260418013710_0100,20260418013710,特上卓,0,0,2,s6u,sjnmp001,今、急所が埋まる,ざきゆう,今、急所が埋まる
20260418013710_0101,20260418013710,特上卓,1,0,2,s6u,sjnmp001,今、急所が埋まる,ざきゆう,今、急所が埋まる
20260418013710_0102,20260418013710,特上卓,2,0,2,s6u,sjnmp001,今、急所が埋まる,ざきゆう,今、急所が埋まる
20260418013710_0202,20260418013710,特上卓,2,0,3,s6u,sjnmp001,今、急所が埋まる,ざきゆう,ざきゆう
20260418013710_0203,20260418013710,特上卓,3,0,3,s6u,sjnmp001,今、急所が埋まる,ざきゆう,ざきゆう
20260418013710_0204,20260418013710,特上卓,4,0,3,s6u,sjnmp001,今、急所が埋まる,ざきゆう,ざきゆう
20260418013710_0300,20260418013710,特上卓,0,0,0,s6u,sjnmp001,今、急所が埋まる,ざきゆう,s6u
20260418013710_0400,20260418013710,特上卓,0,0,1,s6u,sjnmp001,今、急所が埋まる,ざきゆう,sjnmp001
20260418013710_0500,20260418013710,特上卓,0,0,2,s6u,sjnmp001,今、急所が埋まる,ざきゆう,今、急所が埋まる
20260418013710_0600,20260418013710,特上卓,0,0,3,s6u,sjnmp001,今、急所が埋まる,ざきゆう,ざきゆう
20260418013710_0700,20260418013710,特上卓,0,0,0,s6u,sjnmp001,今、急所が埋まる,ざきゆう,s6u
20260418023443_0000,20260418023443,特上卓,0,0,2,s6u,田中TNKチリコ,鳥澄珠烏,hayajin6,鳥澄珠烏
20260418023443_0100,20260418023443,特上卓,0,0,3,s6u,田中TNKチリコ,鳥澄珠烏,hayajin6,hayajin6
20260418023443_0200,20260418023443,特上卓,0,0,0,s6u,田中TNKチリコ,鳥澄珠烏,hayajin6,s6u
20260418023443_0201,20260418023443,特上卓,1,0,0,s6u,田中TNKチリコ,鳥澄珠烏,hayajin6,s6u
20260418023443_0300,20260418023443,特上卓,0,0,1,s6u,田中TNKチリコ,鳥澄珠烏,hayajin6,田中TNKチリコ
20260418023443_0400,20260418023443,特上卓,0,0,2,s6u,田中TNKチリコ,鳥澄珠烏,hayajin6,鳥澄珠烏
20260418023443_0401,20260418023443,特上卓,1,0,2,s6u,田中TNKチリコ,鳥澄珠烏,hayajin6,鳥澄珠烏
20260418023443_0500,20260418023443,特上卓,0,0,3,s6u,田中TNKチリコ,鳥澄珠烏,hayajin6,hayajin6
20260418023443_0501,20260418023443,特上卓,1,0,3,s6u,田中TNKチリコ,鳥澄珠烏,hayajin6,hayajin6
20260418023443_0600,20260418023443,特上卓,0,0,0,s6u,田中TNKチリコ,鳥澄珠烏,hayajin6,s6u
20260418023443_0700,20260418023443,特上卓,0,0,1,s6u,田中TNKチリコ,鳥澄珠烏,hayajin6,田中TNKチリコ
20260418030452_0000,20260418030452,特上卓,0,0,3,s6u,なかやまくんに君,岬の珊瑚,example,example
20260418030452_0001,20260418030452,特上卓,1,0,3,s6u,なかやまくんに君,岬の珊瑚,example,example
20260418030452_0100,20260418030452,特上卓,0,0,0,s6u,なかやまくんに君,岬の珊瑚,example,s6u
20260418030452_0200,20260418030452,特上卓,0,0,1,s6u,なかやまくんに君,岬の珊瑚,example,なかやまくんに君
20260418030452_0300,20260418030452,特上卓,0,0,2,s6u,なかやまくんに君,岬の珊瑚,example,岬の珊瑚
20260418030452_0400,20260418030452,特上卓,0,0,3,s6u,なかやまくんに君,岬の珊瑚,example,example
20260418030452_0501,20260418030452,特上卓,1,1,0,s6u,なかやまくんに君,岬の珊瑚,example,s6u
20260418030452_0502,20260418030452,特上卓,2,0,0,s6u,なかやまくんに君,岬の珊瑚,example,s6u
20260418030452_0600,20260418030452,特上卓,0,0,1,s6u,なかやまくんに君,岬の珊瑚,example,なかやまくんに君
20260418030452_0601,20260418030452,特上卓,1,0,1,s6u,なかやまくんに君,岬の珊瑚,example,なかやまくんに君
20260418030452_0602,20260418030452,特上卓,2,0,1,s6u,なかやまくんに君,岬の珊瑚,example,なかやまくんに君
20260418030452_0603,20260418030452,特上卓,3,0,1,s6u,なかやまくんに君,岬の珊瑚,example,なかやまくんに君
20260418030452_0700,20260418030452,特上卓,0,0,2,s6u,なかやまくんに君,岬の珊瑚,example,岬の珊瑚
20260418035024_0000,20260418035024,特上卓,0,0,3,s6u,しろてぃー,女騎士の意地,めーーぷる,めーーぷる
20260418035024_0001,20260418035024,特上卓,1,1,3,s6u,しろてぃー,女騎士の意地,めーーぷる,めーーぷる
20260418035024_0102,20260418035024,特上卓,2,2,0,s6u,しろてぃー,女騎士の意地,めーーぷる,s6u
20260418035024_0203,20260418035024,特上卓,3,3,1,s6u,しろてぃー,女騎士の意地,めーーぷる,しろてぃー
20260418035024_0204,20260418035024,特上卓,4,0,1,s6u,しろてぃー,女騎士の意地,めーーぷる,しろてぃー
20260418035024_0300,20260418035024,特上卓,0,0,2,s6u,しろてぃー,女騎士の意地,めーーぷる,女騎士の意地
20260418035024_0400,20260418035024,特上卓,0,0,3,s6u,しろてぃー,女騎士の意地,めーーぷる,めーーぷる
20260418035024_0500,20260418035024,特上卓,0,0,0,s6u,しろてぃー,女騎士の意地,めーーぷる,s6u
20260418035024_0501,20260418035024,特上卓,1,0,0,s6u,しろてぃー,女騎士の意地,めーーぷる,s6u
20260418035024_0502,20260418035024,特上卓,2,0,0,s6u,しろてぃー,女騎士の意地,めーーぷる,s6u
20260418035024_0603,20260418035024,特上卓,3,0,1,s6u,しろてぃー,女騎士の意地,めーーぷる,しろてぃー
20260418035024_0604,20260418035024,特上卓,4,0,1,s6u,しろてぃー,女騎士の意地,めーーぷる,しろてぃー
20260418035024_0700,20260418035024,特上卓,0,0,2,s6u,しろてぃー,女騎士の意地,めーーぷる,女騎士の意地
20260418043032_0000,20260418043032,特上卓,0,0,2,s6u,おっお,ルイコスタ,こむぎです。,ルイコスタ
20260418043032_0001,20260418043032,特上卓,1,0,2,s6u,おっお,ルイコスタ,こむぎです。,ルイコスタ
20260418043032_0100,20260418043032,特上卓,0,0,3,s6u,おっお,ルイコスタ,こむぎです。,こむぎです。
20260418043032_0200,20260418043032,特上卓,0,0,0,s6u,おっお,ルイコスタ,こむぎです。,s6u
20260418043032_0201,20260418043032,特上卓,1,0,0,s6u,おっお,ルイコスタ,こむぎです。,s6u
20260418043032_0300,20260418043032,特上卓,0,0,1,s6u,おっお,ルイコスタ,こむぎです。,おっお
20260418043032_0301,20260418043032,特上卓,1,1,1,s6u,おっお,ルイコスタ,こむぎです。,おっお
20260418043032_0400,20260418043032,特上卓,0,0,2,s6u,おっお,ルイコスタ,こむぎです。,ルイコスタ
20260418043032_0500,20260418043032,特上卓,0,0,3,s6u,おっお,ルイコスタ,こむぎです。,こむぎです。
20260418043032_0501,20260418043032,特上卓,1,1,3,s6u,おっお,ルイコスタ,こむぎです。,こむぎです。
20260418043032_0502,20260418043032,特上卓,2,1,3,s6u,おっお,ルイコスタ,こむぎです。,こむぎです。
20260418043032_0600,20260418043032,特上卓,0,0,0,s6u,おっお,ルイコスタ,こむぎです。,s6u
20260418043032_0700,20260418043032,特上卓,0,0,1,s6u,おっお,ルイコスタ,こむぎです。,おっお
20260418043032_0701,20260418043032,特上卓,1,1,1,s6u,おっお,ルイコスタ,こむぎです。,おっお
20260418051224_0000,20260418051224,特上卓,0,0,2,s6u,ヤギっぽいジジイ,さきたま林檎,ライムちゃん,さきたま林檎
20260418051224_0100,20260418051224,特上卓,0,0,3,s6u,ヤギっぽいジジイ,さきたま林檎,ライムちゃん,ライムちゃん
20260418051224_0101,20260418051224,特上卓,1,0,3,s6u,ヤギっぽいジジイ,さきたま林檎,ライムちゃん,ライムちゃん
20260418051224_0200,20260418051224,特上卓,0,0,0,s6u,ヤギっぽいジジイ,さきたま林檎,ライムちゃん,s6u
20260418051224_0300,20260418051224,特上卓,0,0,1,s6u,ヤギっぽいジジイ,さきたま林檎,ライムちゃん,ヤギっぽいジジイ
20260418052453_0000,20260418052453,,0,0,1,s6u,縁浩,かず坊,シエロクリスタ,縁浩
20260418052453_0100,20260418052453,,0,0,2,s6u,縁浩,かず坊,シエロクリスタ,かず坊
20260418052453_0200,20260418052453,,0,0,3,s6u,縁浩,かず坊,シエロクリスタ,シエロクリスタ
20260418052453_0300,20260418052453,,0,0,0,s6u,縁浩,かず坊,シエロクリスタ,s6u
20260418052453_0301,20260418052453,,1,0,0,s6u,縁浩,かず坊,シエロクリスタ,s6u
20260418052453_0402,20260418052453,,2,1,1,s6u,縁浩,かず坊,シエロクリスタ,縁浩
20260418052453_0500,20260418052453,,0,0,2,s6u,縁浩,かず坊,シエロクリスタ,かず坊
20260418052453_0600,20260418052453,,0,0,3,s6u,縁浩,かず坊,シエロクリスタ,シエロクリスタ
20260418052453_0700,20260418052453,,0,0,0,s6u,縁浩,かず坊,シエロクリスタ,s6u
20260418055720_0000,20260418055720,特上卓,0,0,0,s6u,suzulove,JOJO1985,チチヤス,s6u
20260418055720_0100,20260418055720,特上卓,0,0,1,s6u,suzulove,JOJO1985,チチヤス,suzulove
20260418055720_0201,20260418055720,特上卓,1,0,2,s6u,suzulove,JOJO1985,チチヤス,JOJO1985
20260418055720_0300,20260418055720,特上卓,0,0,3,s6u,suzulove,JOJO1985,チチヤス,チチヤス
20260418055720_0301,20260418055720,特上卓,1,1,3,s6u,suzulove,JOJO1985,チチヤス,チチヤス
20260418055720_0400,20260418055720,特上卓,0,0,0,s6u,suzulove,JOJO1985,チチヤス,s6u
20260418055720_0500,20260418055720,特上卓,0,0,1,s6u,suzulove,JOJO1985,チチヤス,suzulove
20260418055720_0501,20260418055720,特上卓,1,1,1,s6u,suzulove,JOJO1985,チチヤス,suzulove
20260418055720_0600,20260418055720,特上卓,0,0,2,s6u,suzulove,JOJO1985,チチヤス,JOJO1985
20260418055720_0700,20260418055720,特上卓,0,0,3,s6u,suzulove,JOJO1985,チチヤス,チチヤス
20260418151453_0000,20260418151453,特上卓,0,0,3,s6u,ぼうちゃん,konmo,我是高人,我是高人
20260418151453_0100,20260418151453,特上卓,0,0,0,s6u,ぼうちゃん,konmo,我是高人,s6u
20260418151453_0200,20260418151453,特上卓,0,0,1,s6u,ぼうちゃん,konmo,我是高人,ぼうちゃん
20260418151453_0300,20260418151453,特上卓,0,0,2,s6u,ぼうちゃん,konmo,我是高人,konmo
20260418151453_0400,20260418151453,特上卓,0,0,3,s6u,ぼうちゃん,konmo,我是高人,我是高人
20260418151453_0500,20260418151453,特上卓,0,0,0,s6u,ぼうちゃん,konmo,我是高人,s6u
20260418151453_0600,20260418151453,特上卓,0,0,1,s6u,ぼうちゃん,konmo,我是高人,ぼうちゃん
20260418151453_0701,20260418151453,特上卓,1,0,2,s6u,ぼうちゃん,konmo,我是高人,konmo
20260418160508_0000,20260418160508,特上卓,0,0,2,s6u,shunmoko,Run2,土鍋,Run2
20260418160508_0100,20260418160508,特上卓,0,0,3,s6u,shunmoko,Run2,土鍋,土鍋
20260418160508_0200,20260418160508,特上卓,0,0,0,s6u,shunmoko,Run2,土鍋,s6u
20260418160508_0201,20260418160508,特上卓,1,1,0,s6u,shunmoko,Run2,土鍋,s6u
20260418160508_0300,20260418160508,特上卓,0,0,1,s6u,shunmoko,Run2,土鍋,shunmoko
20260418160508_0301,20260418160508,特上卓,1,0,1,s6u,shunmoko,Run2,土鍋,shunmoko
20260418160508_0400,20260418160508,特上卓,0,0,2,s6u,shunmoko,Run2,土鍋,Run2
20260418160508_0500,20260418160508,特上卓,0,0,3,s6u,shunmoko,Run2,土鍋,土鍋
20260418160508_0501,20260418160508,特上卓,1,0,3,s6u,shunmoko,Run2,土鍋,土鍋
20260418164315_0000,20260418164315,,0,0,1,s6u,ますださん,konmo,地獄西単騎,ますださん
20260418164315_0001,20260418164315,,1,0,1,s6u,ますださん,konmo,地獄西単騎,ますださん
20260418164315_0100,20260418164315,,0,0,2,s6u,ますださん,konmo,地獄西単騎,konmo
20260418164315_0101,20260418164315,,1,0,2,s6u,ますださん,konmo,地獄西単騎,konmo
20260418164315_0200,20260418164315,,0,0,3,s6u,ますださん,konmo,地獄西単騎,地獄西単騎
20260418164315_0300,20260418164315,,0,0,0,s6u,ますださん,konmo,地獄西単騎,s6u
20260418164315_0301,20260418164315,,1,0,0,s6u,ますださん,konmo,地獄西単騎,s6u
20260418164315_0400,20260418164315,,0,0,1,s6u,ますださん,konmo,地獄西単騎,ますださん
20260418164315_0500,20260418164315,,0,0,2,s6u,ますださん,konmo,地獄西単騎,konmo
20260418164315_0600,20260418164315,,0,0,3,s6u,ますださん,konmo,地獄西単騎,地獄西単騎
20260418164315_0601,20260418164315,,1,0,3,s6u,ますださん,konmo,地獄西単騎,地獄西単騎
20260418164315_0700,20260418164315,,0,0,0,s6u,ますださん,konmo,地獄西単騎,s6u
20260418172101_0000,20260418172101,特上卓,0,0,1,s6u,ふうちゃんパパ,しみしみ,おおはやり,ふうちゃんパパ
20260418172101_0100,20260418172101,特上卓,0,0,2,s6u,ふうちゃんパパ,しみしみ,おおはやり,しみしみ
20260418172101_0101,20260418172101,特上卓,1,0,2,s6u,ふうちゃんパパ,しみしみ,おおはやり,しみしみ
20260418172101_0102,20260418172101,特上卓,2,0,2,s6u,ふうちゃんパパ,しみしみ,おおはやり,しみしみ
20260418172101_0200,20260418172101,特上卓,0,0,3,s6u,ふうちゃんパパ,しみしみ,おおはやり,おおはやり
20260418172101_0201,20260418172101,特上卓,1,0,3,s6u,ふうちゃんパパ,しみしみ,おおはやり,おおはやり
20260418172101_0300,20260418172101,特上卓,0,0,0,s6u,ふうちゃんパパ,しみしみ,おおはやり,s6u
20260418172101_0400,20260418172101,特上卓,0,0,1,s6u,ふうちゃんパパ,しみしみ,おおはやり,ふうちゃんパパ
20260418172101_0500,20260418172101,特上卓,0,0,2,s6u,ふうちゃんパパ,しみしみ,おおはやり,しみしみ
20260418172101_0501,20260418172101,特上卓,1,0,2,s6u,ふうちゃんパパ,しみしみ,おおはやり,しみしみ
20260418172101_0600,20260418172101,特上卓,0,0,3,s6u,ふうちゃんパパ,しみしみ,おおはやり,おおはやり
20260419011134_0000,20260419011134,特上卓,0,0,0,s6u,gobougbu,もってけ泥棒,おりどん,s6u
20260419011134_0100,20260419011134,特上卓,0,0,1,s6u,gobougbu,もってけ泥棒,おりどん,gobougbu
20260419011134_0200,20260419011134,特上卓,0,0,2,s6u,gobougbu,もってけ泥棒,おりどん,もってけ泥棒
20260419011134_0201,20260419011134,特上卓,1,0,2,s6u,gobougbu,もってけ泥棒,おりどん,もってけ泥棒
20260419011134_0401,20260419011134,特上卓,1,0,0,s6u,gobougbu,もってけ泥棒,おりどん,s6u
20260419011134_0500,20260419011134,特上卓,0,0,1,s6u,gobougbu,もってけ泥棒,おりどん,gobougbu
20260419011134_0501,20260419011134,特上卓,1,0,1,s6u,gobougbu,もってけ泥棒,おりどん,gobougbu
20260419013227_0000,20260419013227,特上卓,0,0,0,s6u,Lorraine,ろぱちょ,okita,s6u
20260419013227_0100,20260419013227,特上卓,0,0,1,s6u,Lorraine,ろぱちょ,okita,Lorraine
20260419013227_0200,20260419013227,特上卓,0,0,2,s6u,Lorraine,ろぱちょ,okita,ろぱちょ
20260419013227_0300,20260419013227,特上卓,0,0,3,s6u,Lorraine,ろぱちょ,okita,okita
20260419013227_0301,20260419013227,特上卓,1,0,3,s6u,Lorraine,ろぱちょ,okita,okita
20260419013227_0400,20260419013227,特上卓,0,0,0,s6u,Lorraine,ろぱちょ,okita,s6u
20260419013227_0500,20260419013227,特上卓,0,0,1,s6u,Lorraine,ろぱちょ,okita,Lorraine
20260419013227_0600,20260419013227,特上卓,0,0,2,s6u,Lorraine,ろぱちょ,okita,ろぱちょ
20260419013227_0700,20260419013227,特上卓,0,0,3,s6u,Lorraine,ろぱちょ,okita,okita
20260419013227_0701,20260419013227,特上卓,1,2,3,s6u,Lorraine,ろぱちょ,okita,okita
20260419015702_0000,20260419015702,,0,0,3,s6u,maochong,めろんたろん,まるひろ,まるひろ
20260419015702_0001,20260419015702,,1,0,3,s6u,maochong,めろんたろん,まるひろ,まるひろ
20260419015702_0002,20260419015702,,2,1,3,s6u,maochong,めろんたろん,まるひろ,まるひろ
20260419015702_0003,20260419015702,,3,0,3,s6u,maochong,めろんたろん,まるひろ,まるひろ
20260419020902_0000,20260419020902,特上卓,0,0,1,s6u,紫,複雑なワキ毛,コンビーフ三郎,紫
20260419020902_0001,20260419020902,特上卓,1,0,1,s6u,紫,複雑なワキ毛,コンビーフ三郎,紫
20260419020902_0100,20260419020902,特上卓,0,0,2,s6u,紫,複雑なワキ毛,コンビーフ三郎,複雑なワキ毛
20260419020902_0101,20260419020902,特上卓,1,0,2,s6u,紫,複雑なワキ毛,コンビーフ三郎,複雑なワキ毛
20260419020902_0102,20260419020902,特上卓,2,0,2,s6u,紫,複雑なワキ毛,コンビーフ三郎,複雑なワキ毛
20260419020902_0200,20260419020902,特上卓,0,0,3,s6u,紫,複雑なワキ毛,コンビーフ三郎,コンビーフ三郎
20260419020902_0300,20260419020902,特上卓,0,0,0,s6u,紫,複雑なワキ毛,コンビーフ三郎,s6u
20260419020902_0400,20260419020902,特上卓,0,0,1,s6u,紫,複雑なワキ毛,コンビーフ三郎,紫
20260419020902_0401,20260419020902,特上卓,1,0,1,s6u,紫,複雑なワキ毛,コンビーフ三郎,紫
20260419020902_0500,20260419020902,特上卓,0,0,2,s6u,紫,複雑なワキ毛,コンビーフ三郎,複雑なワキ毛
20260419023318_0000,20260419023318,,0,0,0,s6u,黒トリガー,明々星,Maniac,s6u
20260419023318_0300,20260419023318,,0,0,3,s6u,黒トリガー,明々星,Maniac,Maniac
20260419023318_0301,20260419023318,,1,0,3,s6u,黒トリガー,明々星,Maniac,Maniac
20260419023318_0402,20260419023318,,2,1,0,s6u,黒トリガー,明々星,Maniac,s6u
20260419023318_0500,20260419023318,,0,0,1,s6u,黒トリガー,明々星,Maniac,黒トリガー
20260419023318_0600,20260419023318,,0,0,2,s6u,黒トリガー,明々星,Maniac,明々星
20260419023318_0700,20260419023318,,0,0,3,s6u,黒トリガー,明々星,Maniac,Maniac
20260419025115_0000,20260419025115,,0,0,2,s6u,ぼうちゃん,rire,9-bay,rire
20260419025115_0100,20260419025115,,0,0,3,s6u,ぼうちゃん,rire,9-bay,9-bay
20260419025115_0200,20260419025115,,0,0,0,s6u,ぼうちゃん,rire,9-bay,s6u
20260419025115_0300,20260419025115,,0,0,1,s6u,ぼうちゃん,rire,9-bay,ぼうちゃん
20260419025115_0301,20260419025115,,1,1,1,s6u,ぼうちゃん,rire,9-bay,ぼうちゃん
20260419025115_0302,20260419025115,,2,0,1,s6u,ぼうちゃん,rire,9-bay,ぼうちゃん
20260419025115_0303,20260419025115,,3,0,1,s6u,ぼうちゃん,rire,9-bay,ぼうちゃん
20260419025115_0304,20260419025115,,4,0,1,s6u,ぼうちゃん,rire,9-bay,ぼうちゃん
20260419025115_0400,20260419025115,,0,0,2,s6u,ぼうちゃん,rire,9-bay,rire
20260419031644_0000,20260419031644,特上卓,0,0,0,s6u,大理石,アルビノ1121,Mild7,s6u
20260419031644_0100,20260419031644,特上卓,0,0,1,s6u,大理石,アルビノ1121,Mild7,大理石
20260419031644_0101,20260419031644,特上卓,1,0,1,s6u,大理石,アルビノ1121,Mild7,大理石
20260419031644_0102,20260419031644,特上卓,2,0,1,s6u,大理石,アルビノ1121,Mild7,大理石
20260419031644_0200,20260419031644,特上卓,0,0,2,s6u,大理石,アルビノ1121,Mild7,アルビノ1121
20260419031644_0300,20260419031644,特上卓,0,0,3,s6u,大理石,アルビノ1121,Mild7,Mild7
20260419031644_0400,20260419031644,特上卓,0,0,0,s6u,大理石,アルビノ1121,Mild7,s6u
20260419031644_0500,20260419031644,特上卓,0,0,1,s6u,大理石,アルビノ1121,Mild7,大理石
20260419031644_0600,20260419031644,特上卓,0,0,2,s6u,大理石,アルビノ1121,Mild7,アルビノ1121
20260419033600_0000,20260419033600,,0,0,1,s6u,gobougbu,wxlsz,yamatter,gobougbu
20260419033600_0001,20260419033600,,1,1,1,s6u,gobougbu,wxlsz,yamatter,gobougbu
20260419033600_0100,20260419033600,,0,0,2,s6u,gobougbu,wxlsz,yamatter,wxlsz
20260419033600_0101,20260419033600,,1,0,2,s6u,gobougbu,wxlsz,yamatter,wxlsz
20260419033600_0200,20260419033600,,0,0,3,s6u,gobougbu,wxlsz,yamatter,yamatter
20260419033600_0301,20260419033600,,1,0,0,s6u,gobougbu,wxlsz,yamatter,s6u
20260419033600_0302,20260419033600,,2,0,0,s6u,gobougbu,wxlsz,yamatter,s6u
20260419033600_0400,20260419033600,,0,0,1,s6u,gobougbu,wxlsz,yamatter,gobougbu
20260419033600_0500,20260419033600,,0,0,2,s6u,gobougbu,wxlsz,yamatter,wxlsz
20260419033600_0501,20260419033600,,1,0,2,s6u,gobougbu,wxlsz,yamatter,wxlsz
20260419033600_0600,20260419033600,,0,0,3,s6u,gobougbu,wxlsz,yamatter,yamatter
20260419033600_0700,20260419033600,,0,0,0,s6u,gobougbu,wxlsz,yamatter,s6u
20260419040913_0000,20260419040913,,0,0,3,s6u,ドロテア,志云,太陽海,太陽海
20260419040913_0100,20260419040913,,0,0,0,s6u,ドロテア,志云,太陽海,s6u
20260419040913_0200,20260419040913,,0,0,1,s6u,ドロテア,志云,太陽海,ドロテア
20260419040913_0300,20260419040913,,0,0,2,s6u,ドロテア,志云,太陽海,志云
20260419040913_0301,20260419040913,,1,2,2,s6u,ドロテア,志云,太陽海,志云
20260419040913_0400,20260419040913,,0,0,3,s6u,ドロテア,志云,太陽海,太陽海
20260419040913_0401,20260419040913,,1,2,3,s6u,ドロテア,志云,太陽海,太陽海
20260419040913_0402,20260419040913,,2,0,3,s6u,ドロテア,志云,太陽海,太陽海
20260419040913_0500,20260419040913,,0,0,0,s6u,ドロテア,志云,太陽海,s6u
20260419040913_0600,20260419040913,,0,0,1,s6u,ドロテア,志云,太陽海,ドロテア
20260419040913_0700,20260419040913,,0,0,2,s6u,ドロテア,志云,太陽海,志云
20260419044746_0000,20260419044746,特上卓,0,0,3,s6u,ponponsn,olsn,iron12,iron12
20260419044746_0100,20260419044746,特上卓,0,0,0,s6u,ponponsn,olsn,iron12,s6u
20260419044746_0201,20260419044746,特上卓,1,2,1,s6u,ponponsn,olsn,iron12,ponponsn
20260419044746_0300,20260419044746,特上卓,0,0,2,s6u,ponponsn,olsn,iron12,olsn
20260419044746_0400,20260419044746,特上卓,0,0,3,s6u,ponponsn,olsn,iron12,iron12
20260419044746_0500,20260419044746,特上卓,0,0,0,s6u,ponponsn,olsn,iron12,s6u
20260419044746_0600,20260419044746,特上卓,0,0,1,s6u,ponponsn,olsn,iron12,ponponsn
20260419044746_0700,20260419044746,特上卓,0,0,2,s6u,ponponsn,olsn,iron12,olsn
20260419044746_0701,20260419044746,特上卓,1,0,2,s6u,ponponsn,olsn,iron12,olsn
20260419051718_0000,20260419051718,,0,0,0,s6u,アニカとぼくら,大森人,りゅうパパ,s6u
20260419051718_0100,20260419051718,,0,0,1,s6u,アニカとぼくら,大森人,りゅうパパ,アニカとぼくら
20260419051718_0200,20260419051718,,0,0,2,s6u,アニカとぼくら,大森人,りゅうパパ,大森人
20260419051718_0201,20260419051718,,1,0,2,s6u,アニカとぼくら,大森人,りゅうパパ,大森人
20260419051718_0300,20260419051718,,0,0,3,s6u,アニカとぼくら,大森人,りゅうパパ,りゅうパパ
20260419051718_0301,20260419051718,,1,0,3,s6u,アニカとぼくら,大森人,りゅうパパ,りゅうパパ
20260419051718_0400,20260419051718,,0,0,0,s6u,アニカとぼくら,大森人,りゅうパパ,s6u
20260419051718_0401,20260419051718,,1,0,0,s6u,アニカとぼくら,大森人,りゅうパパ,s6u
20260419051718_0402,20260419051718,,2,0,0,s6u,アニカとぼくら,大森人,りゅうパパ,s6u
20260419051718_0500,20260419051718,,0,0,1,s6u,アニカとぼくら,大森人,りゅうパパ,アニカとぼくら
20260419051718_0501,20260419051718,,1,0,1,s6u,アニカとぼくら,大森人,りゅうパパ,アニカとぼくら
20260419051718_0502,20260419051718,,2,0,1,s6u,アニカとぼくら,大森人,りゅうパパ,アニカとぼくら
20260419051718_0503,20260419051718,,3,0,1,s6u,アニカとぼくら,大森人,りゅうパパ,アニカとぼくら
20260419055528_0000,20260419055528,,0,0,3,s6u,ブチギレリーチ,MiNeO,mezzuj-2,mezzuj-2
20260419055528_0100,20260419055528,,0,0,0,s6u,ブチギレリーチ,MiNeO,mezzuj-2,s6u
20260419055528_0200,20260419055528,,0,0,1,s6u,ブチギレリーチ,MiNeO,mezzuj-2,ブチギレリーチ
20260419055528_0201,20260419055528,,1,2,1,s6u,ブチギレリーチ,MiNeO,mezzuj-2,ブチギレリーチ
20260419055528_0202,20260419055528,,2,0,1,s6u,ブチギレリーチ,MiNeO,mezzuj-2,ブチギレリーチ
20260419055528_0300,20260419055528,,0,0,2,s6u,ブチギレリーチ,MiNeO,mezzuj-2,MiNeO
20260419055528_0400,20260419055528,,0,0,3,s6u,ブチギレリーチ,MiNeO,mezzuj-2,mezzuj-2
20260419055528_0501,20260419055528,,1,1,0,s6u,ブチギレリーチ,MiNeO,mezzuj-2,s6u
20260419055528_0600,20260419055528,,0,0,1,s6u,ブチギレリーチ,MiNeO,mezzuj-2,ブチギレリーチ
20260419055528_0601,20260419055528,,1,0,1,s6u,ブチギレリーチ,MiNeO,mezzuj-2,ブチギレリーチ
20260419055528_0702,20260419055528,,2,1,2,s6u,ブチギレリーチ,MiNeO,mezzuj-2,MiNeO
20260419064401_0000,20260419064401,特上卓,0,0,1,s6u,差し上げます,沼野智樹裕樹直樹,まるーん,差し上げます
20260419064401_0001,20260419064401,特上卓,1,1,1,s6u,差し上げます,沼野智樹裕樹直樹,まるーん,差し上げます
20260419064401_0002,20260419064401,特上卓,2,3,1,s6u,差し上げます,沼野智樹裕樹直樹,まるーん,差し上げます
20260419064401_0100,20260419064401,特上卓,0,0,2,s6u,差し上げます,沼野智樹裕樹直樹,まるーん,沼野智樹裕樹直樹
20260419064401_0200,20260419064401,特上卓,0,0,3,s6u,差し上げます,沼野智樹裕樹直樹,まるーん,まるーん
20260419064401_0300,20260419064401,特上卓,0,0,0,s6u,差し上げます,沼野智樹裕樹直樹,まるーん,s6u
20260419064401_0400,20260419064401,特上卓,0,0,1,s6u,差し上げます,沼野智樹裕樹直樹,まるーん,差し上げます
20260419064401_0401,20260419064401,特上卓,1,0,1,s6u,差し上げます,沼野智樹裕樹直樹,まるーん,差し上げます
20260419071145_0000,20260419071145,,0,0,2,s6u,51,鈴木だろう,カミナリ,鈴木だろう
20260419071145_0001,20260419071145,,1,0,2,s6u,51,鈴木だろう,カミナリ,鈴木だろう
20260419071145_0100,20260419071145,,0,0,3,s6u,51,鈴木だろう,カミナリ,カミナリ
20260419071145_0200,20260419071145,,0,0,0,s6u,51,鈴木だろう,カミナリ,s6u
20260419071145_0300,20260419071145,,0,0,1,s6u,51,鈴木だろう,カミナリ,51
20260419071145_0301,20260419071145,,1,0,1,s6u,51,鈴木だろう,カミナリ,51
20260419071145_0400,20260419071145,,0,0,2,s6u,51,鈴木だろう,カミナリ,鈴木だろう
20260419071145_0401,20260419071145,,1,0,2,s6u,51,鈴木だろう,カミナリ,鈴木だろう
20260419071145_0500,20260419071145,,0,0,3,s6u,51,鈴木だろう,カミナリ,カミナリ
20260419071145_0501,20260419071145,,1,0,3,s6u,51,鈴木だろう,カミナリ,カミナリ
20260419071145_0600,20260419071145,,0,0,0,s6u,51,鈴木だろう,カミナリ,s6u
20260419071145_0700,20260419071145,,0,0,1,s6u,51,鈴木だろう,カミナリ,51
20260419123326_0000,20260419123326,特上卓,0,0,0,s6u,zanshin,mitsurou,Poco,s6u
20260419123326_0001,20260419123326,特上卓,1,0,0,s6u,zanshin,mitsurou,Poco,s6u
20260419123326_0002,20260419123326,特上卓,2,0,0,s6u,zanshin,mitsurou,Poco,s6u
20260419123326_0003,20260419123326,特上卓,3,0,0,s6u,zanshin,mitsurou,Poco,s6u
20260419123326_0004,20260419123326,特上卓,4,0,0,s6u,zanshin,mitsurou,Poco,s6u
20260419123326_0005,20260419123326,特上卓,5,0,0,s6u,zanshin,mitsurou,Poco,s6u
20260419123326_0100,20260419123326,特上卓,0,0,1,s6u,zanshin,mitsurou,Poco,zanshin
20260419123326_0200,20260419123326,特上卓,0,0,2,s6u,zanshin,mitsurou,Poco,mitsurou
20260419123326_0300,20260419123326,特上卓,0,0,3,s6u,zanshin,mitsurou,Poco,Poco
20260419123326_0301,20260419123326,特上卓,1,0,3,s6u,zanshin,mitsurou,Poco,Poco
20260419125703_0000,20260419125703,,0,0,3,s6u,ワザチョン,Doraemon,khanhdz,khanhdz
20260419125703_0101,20260419125703,,1,0,0,s6u,ワザチョン,Doraemon,khanhdz,s6u
20260419125703_0200,20260419125703,,0,0,1,s6u,ワザチョン,Doraemon,khanhdz,ワザチョン
20260419125703_0300,20260419125703,,0,0,2,s6u,ワザチョン,Doraemon,khanhdz,Doraemon
20260419130544_0000,20260419130544,,0,0,1,s6u,ハナヒバナ,にょーん,のんびり北から,ハナヒバナ
20260419130544_0100,20260419130544,,0,0,2,s6u,ハナヒバナ,にょーん,のんびり北から,にょーん
20260419130544_0101,20260419130544,,1,0,2,s6u,ハナヒバナ,にょーん,のんびり北から,にょーん
20260419130544_0200,20260419130544,,0,0,3,s6u,ハナヒバナ,にょーん,のんびり北から,のんびり北から
20260419130544_0201,20260419130544,,1,1,3,s6u,ハナヒバナ,にょーん,のんびり北から,のんびり北から
20260419130544_0300,20260419130544,,0,0,0,s6u,ハナヒバナ,にょーん,のんびり北から,s6u
20260419185457_0000,20260419185457,特上卓,0,0,0,s6u,OVPEリーダー,BIGY,俺麻雀,s6u
20260419185457_0001,20260419185457,特上卓,1,0,0,s6u,OVPEリーダー,BIGY,俺麻雀,s6u
20260419185457_0002,20260419185457,特上卓,2,0,0,s6u,OVPEリーダー,BIGY,俺麻雀,s6u
20260419185457_0100,20260419185457,特上卓,0,0,1,s6u,OVPEリーダー,BIGY,俺麻雀,OVPEリーダー
20260419185457_0101,20260419185457,特上卓,1,0,1,s6u,OVPEリーダー,BIGY,俺麻雀,OVPEリーダー
20260419185457_0200,20260419185457,特上卓,0,0,2,s6u,OVPEリーダー,BIGY,俺麻雀,BIGY
20260419190920_0000,20260419190920,,0,0,3,s6u,15cake,若竹_白荷,Apollo6,Apollo6
20260419190920_0100,20260419190920,,0,0,0,s6u,15cake,若竹_白荷,Apollo6,s6u
20260419190920_0200,20260419190920,,0,0,1,s6u,15cake,若竹_白荷,Apollo6,15cake
20260419190920_0300,20260419190920,,0,0,2,s6u,15cake,若竹_白荷,Apollo6,若竹_白荷
20260419190920_0301,20260419190920,,1,0,2,s6u,15cake,若竹_白荷,Apollo6,若竹_白荷
20260419190920_0400,20260419190920,,0,0,3,s6u,15cake,若竹_白荷,Apollo6,Apollo6
20260419190920_0500,20260419190920,,0,0,0,s6u,15cake,若竹_白荷,Apollo6,s6u
20260419190920_0600,20260419190920,,0,0,1,s6u,15cake,若竹_白荷,Apollo6,15cake
20260419190920_0700,20260419190920,,0,0,2,s6u,15cake,若竹_白荷,Apollo6,若竹_白荷
20260419190920_0800,20260419190920,,0,0,3,s6u,15cake,若竹_白荷,Apollo6,Apollo6
20260419193144_0000,20260419193144,,0,0,0,s6u,WIN神,Hellcat,おがわくん,s6u
20260419193144_0100,20260419193144,,0,0,1,s6u,WIN神,Hellcat,おがわくん,WIN神
20260419193144_0200,20260419193144,,0,0,2,s6u,WIN神,Hellcat,おがわくん,Hellcat
20260419193144_0300,20260419193144,,0,0,3,s6u,WIN神,Hellcat,おがわくん,おがわくん
20260419193144_0301,20260419193144,,1,0,3,s6u,WIN神,Hellcat,おがわくん,おがわくん
20260419195250_0000,20260419195250,,0,0,0,s6u,ふろんがーぜっと,愛人28号,かねだ,s6u
20260419195250_0001,20260419195250,,1,0,0,s6u,ふろんがーぜっと,愛人28号,かねだ,s6u
20260419195250_0300,20260419195250,,0,0,3,s6u,ふろんがーぜっと,愛人28号,かねだ,かねだ
20260419195250_0400,20260419195250,,0,0,0,s6u,ふろんがーぜっと,愛人28号,かねだ,s6u
20260419195250_0500,20260419195250,,0,0,1,s6u,ふろんがーぜっと,愛人28号,かねだ,ふろんがーぜっと
20260419195250_0600,20260419195250,,0,0,2,s6u,ふろんがーぜっと,愛人28号,かねだ,愛人28号
20260419195250_0700,20260419195250,,0,0,3,s6u,ふろんがーぜっと,愛人28号,かねだ,かねだ
20260419195250_0701,20260419195250,,1,0,3,s6u,ふろんがーぜっと,愛人28号,かねだ,かねだ
20260419202314_0000,20260419202314,特上卓,0,0,1,s6u,yurimog,JunKo,鏡の笑顔,yurimog
20260419202314_0100,20260419202314,特上卓,0,0,2,s6u,yurimog,JunKo,鏡の笑顔,JunKo
20260419202314_0200,20260419202314,特上卓,0,0,3,s6u,yurimog,JunKo,鏡の笑顔,鏡の笑顔
20260419202314_0300,20260419202314,特上卓,0,0,0,s6u,yurimog,JunKo,鏡の笑顔,s6u
20260419202314_0400,20260419202314,特上卓,0,0,1,s6u,yurimog,JunKo,鏡の笑顔,yurimog
20260419204954_0000,20260419204954,,0,0,1,s6u,funa_,あたらしいおさけ,You-ta,funa_
20260419204954_0100,20260419204954,,0,0,2,s6u,funa_,あたらしいおさけ,You-ta,あたらしいおさけ
20260419204954_0200,20260419204954,,0,0,3,s6u,funa_,あたらしいおさけ,You-ta,You-ta
20260419204954_0300,20260419204954,,0,0,0,s6u,funa_,あたらしいおさけ,You-ta,s6u
20260419204954_0301,20260419204954,,1,0,0,s6u,funa_,あたらしいおさけ,You-ta,s6u
20260419204954_0302,20260419204954,,2,1,0,s6u,funa_,あたらしいおさけ,You-ta,s6u
20260419204954_0303,20260419204954,,3,2,0,s6u,funa_,あたらしいおさけ,You-ta,s6u
20260419204954_0500,20260419204954,,0,0,2,s6u,funa_,あたらしいおさけ,You-ta,あたらしいおさけ
20260419204954_0600,20260419204954,,0,0,3,s6u,funa_,あたらしいおさけ,You-ta,You-ta
20260419204954_0601,20260419204954,,1,0,3,s6u,funa_,あたらしいおさけ,You-ta,You-ta
20260419212642_0000,20260419212642,特上卓,0,0,3,s6u,長山犬樹,カピタン,kai.t,kai.t
20260419212642_0100,20260419212642,特上卓,0,0,0,s6u,長山犬樹,カピタン,kai.t,s6u
20260419212642_0200,20260419212642,特上卓,0,0,1,s6u,長山犬樹,カピタン,kai.t,長山犬樹
20260419212642_0300,20260419212642,特上卓,0,0,2,s6u,長山犬樹,カピタン,kai.t,カピタン
20260419212642_0301,20260419212642,特上卓,1,0,2,s6u,長山犬樹,カピタン,kai.t,カピタン
20260419212642_0302,20260419212642,特上卓,2,0,2,s6u,長山犬樹,カピタン,kai.t,カピタン
20260419212642_0303,20260419212642,特上卓,3,0,2,s6u,長山犬樹,カピタン,kai.t,カピタン
20260419212642_0304,20260419212642,特上卓,4,0,2,s6u,長山犬樹,カピタン,kai.t,カピタン
20260419212642_0400,20260419212642,特上卓,0,0,3,s6u,長山犬樹,カピタン,kai.t,kai.t
20260419212642_0500,20260419212642,特上卓,0,0,0,s6u,長山犬樹,カピタン,kai.t,s6u
20260419212642_0501,20260419212642,特上卓,1,0,0,s6u,長山犬樹,カピタン,kai.t,s6u
20260419212642_0600,20260419212642,特上卓,0,0,1,s6u,長山犬樹,カピタン,kai.t,長山犬樹
20260419212642_0700,20260419212642,特上卓,0,0,2,s6u,長山犬樹,カピタン,kai.t,カピタン
20260419220235_0000,20260419220235,,0,0,0,s6u,pandaaaz,逢坂小溪,ぽんこちゃん。,s6u
20260419220235_0100,20260419220235,,0,0,1,s6u,pandaaaz,逢坂小溪,ぽんこちゃん。,pandaaaz
20260419220235_0201,20260419220235,,1,0,2,s6u,pandaaaz,逢坂小溪,ぽんこちゃん。,逢坂小溪
20260419220235_0301,20260419220235,,1,0,3,s6u,pandaaaz,逢坂小溪,ぽんこちゃん。,ぽんこちゃん。
20260419220235_0400,20260419220235,,0,0,0,s6u,pandaaaz,逢坂小溪,ぽんこちゃん。,s6u
20260419220235_0501,20260419220235,,1,1,1,s6u,pandaaaz,逢坂小溪,ぽんこちゃん。,pandaaaz
20260419220235_0600,20260419220235,,0,0,2,s6u,pandaaaz,逢坂小溪,ぽんこちゃん。,逢坂小溪
20260419220235_0700,20260419220235,,0,0,3,s6u,pandaaaz,逢坂小溪,ぽんこちゃん。,ぽんこちゃん。
20260419223207_0000,20260419223207,特上卓,0,0,0,s6u,モイヒャン,2008-RF,ばしゃうま,s6u
20260419223207_0001,20260419223207,特上卓,1,2,0,s6u,モイヒャン,2008-RF,ばしゃうま,s6u
20260419223207_0100,20260419223207,特上卓,0,0,1,s6u,モイヒャン,2008-RF,ばしゃうま,モイヒャン
20260419223207_0101,20260419223207,特上卓,1,0,1,s6u,モイヒャン,2008-RF,ばしゃうま,モイヒャン
20260419223207_0200,20260419223207,特上卓,0,0,2,s6u,モイヒャン,2008-RF,ばしゃうま,2008-RF
20260419223207_0300,20260419223207,特上卓,0,0,3,s6u,モイヒャン,2008-RF,ばしゃうま,ばしゃうま
20260419223207_0301,20260419223207,特上卓,1,0,3,s6u,モイヒャン,2008-RF,ばしゃうま,ばしゃうま
20260419223207_0402,20260419223207,特上卓,2,0,0,s6u,モイヒャン,2008-RF,ばしゃうま,s6u
20260419223207_0500,20260419223207,特上卓,0,0,1,s6u,モイヒャン,2008-RF,ばしゃうま,モイヒャン
20260419223207_0600,20260419223207,特上卓,0,0,2,s6u,モイヒャン,2008-RF,ばしゃうま,2008-RF
20260419231300_0000,20260419231300,,0,0,0,s6u,ざばす,Elseal,Pom319,s6u
20260419231300_0100,20260419231300,,0,0,1,s6u,ざばす,Elseal,Pom319,ざばす
20260419231300_0101,20260419231300,,1,0,1,s6u,ざばす,Elseal,Pom319,ざばす
20260419231300_0200,20260419231300,,0,0,2,s6u,ざばす,Elseal,Pom319,Elseal
20260419231300_0300,20260419231300,,0,0,3,s6u,ざばす,Elseal,Pom319,Pom319
20260419231300_0400,20260419231300,,0,0,0,s6u,ざばす,Elseal,Pom319,s6u
20260419231300_0500,20260419231300,,0,0,1,s6u,ざばす,Elseal,Pom319,ざばす
20260419231300_0501,20260419231300,,1,0,1,s6u,ざばす,Elseal,Pom319,ざばす
20260419231300_0502,20260419231300,,2,0,1,s6u,ざばす,Elseal,Pom319,ざばす
20260419231300_0603,20260419231300,,3,1,2,s6u,ざばす,Elseal,Pom319,Elseal
20260419235050_0000,20260419235050,特上卓,0,0,0,s6u,踊らないポカリ,ロヒモトスミ,在宅雀士,s6u
20260419235050_0100,20260419235050,特上卓,0,0,1,s6u,踊らないポカリ,ロヒモトスミ,在宅雀士,踊らないポカリ
20260419235050_0200,20260419235050,特上卓,0,0,2,s6u,踊らないポカリ,ロヒモトスミ,在宅雀士,ロヒモトスミ
20260419235050_0300,20260419235050,特上卓,0,0,3,s6u,踊らないポカリ,ロヒモトスミ,在宅雀士,在宅雀士
20260420000024_0400,20260420000024,特上卓,0,0,0,s6u,踊らないポカリ,ロヒモトスミ,在宅雀士,s6u
20260420000024_0500,20260420000024,特上卓,0,0,1,s6u,踊らないポカリ,ロヒモトスミ,在宅雀士,踊らないポカリ
20260420000024_0600,20260420000024,特上卓,0,0,2,s6u,踊らないポカリ,ロヒモトスミ,在宅雀士,ロヒモトスミ
20260420000024_0601,20260420000024,特上卓,1,0,2,s6u,踊らないポカリ,ロヒモトスミ,在宅雀士,ロヒモトスミ
20260420000024_0702,20260420000024,特上卓,2,1,3,s6u,踊らないポカリ,ロヒモトスミ,在宅雀士,在宅雀士
20260420001416_0000,20260420001416,,0,0,2,s6u,hayajin6,QuadCore,お前も舞うか,QuadCore
20260420001416_0100,20260420001416,,0,0,3,s6u,hayajin6,QuadCore,お前も舞うか,お前も舞うか
20260420001416_0200,20260420001416,,0,0,0,s6u,hayajin6,QuadCore,お前も舞うか,s6u
20260420001416_0300,20260420001416,,0,0,1,s6u,hayajin6,QuadCore,お前も舞うか,hayajin6
20260420001416_0400,20260420001416,,0,0,2,s6u,hayajin6,QuadCore,お前も舞うか,QuadCore
20260420001416_0500,20260420001416,,0,0,3,s6u,hayajin6,QuadCore,お前も舞うか,お前も舞うか
20260420001416_0600,20260420001416,,0,0,0,s6u,hayajin6,QuadCore,お前も舞うか,s6u
20260420001416_0700,20260420001416,,0,0,1,s6u,hayajin6,QuadCore,お前も舞うか,hayajin6
20260420003658_0000,20260420003658,,0,0,1,s6u,ちむどんどん？,クリスチャンZ,daijiro,ちむどんどん？
20260420003658_0001,20260420003658,,1,0,1,s6u,ちむどんどん？,クリスチャンZ,daijiro,ちむどんどん？
20260420003658_0100,20260420003658,,0,0,2,s6u,ちむどんどん？,クリスチャンZ,daijiro,クリスチャンZ
20260420003658_0200,20260420003658,,0,0,3,s6u,ちむどんどん？,クリスチャンZ,daijiro,daijiro
20260420003658_0201,20260420003658,,1,0,3,s6u,ちむどんどん？,クリスチャンZ,daijiro,daijiro
20260420003658_0202,20260420003658,,2,0,3,s6u,ちむどんどん？,クリスチャンZ,daijiro,daijiro
20260420003658_0303,20260420003658,,3,1,0,s6u,ちむどんどん？,クリスチャンZ,daijiro,s6u
20260420003658_0400,20260420003658,,0,0,1,s6u,ちむどんどん？,クリスチャンZ,daijiro,ちむどんどん？
20260420003658_0401,20260420003658,,1,0,1,s6u,ちむどんどん？,クリスチャンZ,daijiro,ちむどんどん？
20260420003658_0500,20260420003658,,0,0,2,s6u,ちむどんどん？,クリスチャンZ,daijiro,クリスチャンZ
20260420003658_0501,20260420003658,,1,0,2,s6u,ちむどんどん？,クリスチャンZ,daijiro,クリスチャンZ
20260420003658_0600,20260420003658,,0,0,3,s6u,ちむどんどん？,クリスチャンZ,daijiro,daijiro
20260420003658_0700,20260420003658,,0,0,0,s6u,ちむどんどん？,クリスチャンZ,daijiro,s6u
20260420012403_0000,20260420012403,,0,0,2,s6u,司波深雪,Wingding,Sxx0028,Wingding
20260420012403_0100,20260420012403,,0,0,3,s6u,司波深雪,Wingding,Sxx0028,Sxx0028
20260420012403_0200,20260420012403,,0,0,0,s6u,司波深雪,Wingding,Sxx0028,s6u
20260420012403_0300,20260420012403,,0,0,1,s6u,司波深雪,Wingding,Sxx0028,司波深雪
20260420012403_0301,20260420012403,,1,0,1,s6u,司波深雪,Wingding,Sxx0028,司波深雪
20260420012403_0400,20260420012403,,0,0,2,s6u,司波深雪,Wingding,Sxx0028,Wingding
20260420012403_0500,20260420012403,,0,0,3,s6u,司波深雪,Wingding,Sxx0028,Sxx0028
20260420012403_0601,20260420012403,,1,0,0,s6u,司波深雪,Wingding,Sxx0028,s6u
20260420012403_0700,20260420012403,,0,0,1,s6u,司波深雪,Wingding,Sxx0028,司波深雪
20260420101131_0000,20260420101131,特上卓,0,0,2,s6u,猫ウルフ,カニエ東,ricardo,カニエ東
20260420101131_0101,20260420101131,特上卓,1,1,3,s6u,猫ウルフ,カニエ東,ricardo,ricardo
20260420101131_0102,20260420101131,特上卓,2,1,3,s6u,猫ウルフ,カニエ東,ricardo,ricardo
20260420101131_0200,20260420101131,特上卓,0,0,0,s6u,猫ウルフ,カニエ東,ricardo,s6u
20260420101131_0300,20260420101131,特上卓,0,0,1,s6u,猫ウルフ,カニエ東,ricardo,猫ウルフ
20260420101131_0301,20260420101131,特上卓,1,1,1,s6u,猫ウルフ,カニエ東,ricardo,猫ウルフ
20260420101131_0400,20260420101131,特上卓,0,0,2,s6u,猫ウルフ,カニエ東,ricardo,カニエ東
20260420101131_0401,20260420101131,特上卓,1,0,2,s6u,猫ウルフ,カニエ東,ricardo,カニエ東
20260420101131_0402,20260420101131,特上卓,2,0,2,s6u,猫ウルフ,カニエ東,ricardo,カニエ東
20260420101131_0500,20260420101131,特上卓,0,0,3,s6u,猫ウルフ,カニエ東,ricardo,ricardo
20260420101131_0501,20260420101131,特上卓,1,0,3,s6u,猫ウルフ,カニエ東,ricardo,ricardo
20260420110301_0000,20260420110301,特上卓,0,0,3,s6u,比嘉秀仁,墨,すせそ,すせそ
20260420110301_0001,20260420110301,特上卓,1,0,3,s6u,比嘉秀仁,墨,すせそ,すせそ
20260420110301_0100,20260420110301,特上卓,0,0,0,s6u,比嘉秀仁,墨,すせそ,s6u
20260420110301_0200,20260420110301,特上卓,0,0,1,s6u,比嘉秀仁,墨,すせそ,比嘉秀仁
20260420110301_0201,20260420110301,特上卓,1,0,1,s6u,比嘉秀仁,墨,すせそ,比嘉秀仁
20260420110301_0300,20260420110301,特上卓,0,0,2,s6u,比嘉秀仁,墨,すせそ,墨
20260420110301_0400,20260420110301,特上卓,0,0,3,s6u,比嘉秀仁,墨,すせそ,すせそ
20260420110301_0500,20260420110301,特上卓,0,0,0,s6u,比嘉秀仁,墨,すせそ,s6u
20260420110301_0501,20260420110301,特上卓,1,0,0,s6u,比嘉秀仁,墨,すせそ,s6u
20260420110301_0502,20260420110301,特上卓,2,0,0,s6u,比嘉秀仁,墨,すせそ,s6u
20260420110301_0600,20260420110301,特上卓,0,0,1,s6u,比嘉秀仁,墨,すせそ,比嘉秀仁
20260420110301_0601,20260420110301,特上卓,1,0,1,s6u,比嘉秀仁,墨,すせそ,比嘉秀仁
20260420110301_0602,20260420110301,特上卓,2,0,1,s6u,比嘉秀仁,墨,すせそ,比嘉秀仁
20260420110301_0603,20260420110301,特上卓,3,0,1,s6u,比嘉秀仁,墨,すせそ,比嘉秀仁
20260420110301_0604,20260420110301,特上卓,4,0,1,s6u,比嘉秀仁,墨,すせそ,比嘉秀仁
20260420180447_0000,20260420180447,特上卓,0,0,0,s6u,れいじ28425,ミヤシー,ちらちら,s6u
20260420180447_0001,20260420180447,特上卓,1,0,0,s6u,れいじ28425,ミヤシー,ちらちら,s6u
20260420180447_0100,20260420180447,特上卓,0,0,1,s6u,れいじ28425,ミヤシー,ちらちら,れいじ28425
20260420180447_0200,20260420180447,特上卓,0,0,2,s6u,れいじ28425,ミヤシー,ちらちら,ミヤシー
20260420180447_0201,20260420180447,特上卓,1,0,2,s6u,れいじ28425,ミヤシー,ちらちら,ミヤシー
20260420180447_0302,20260420180447,特上卓,2,0,3,s6u,れいじ28425,ミヤシー,ちらちら,ちらちら
20260420180447_0400,20260420180447,特上卓,0,0,0,s6u,れいじ28425,ミヤシー,ちらちら,s6u
20260420180447_0500,20260420180447,特上卓,0,0,1,s6u,れいじ28425,ミヤシー,ちらちら,れいじ28425
20260420180447_0600,20260420180447,特上卓,0,0,2,s6u,れいじ28425,ミヤシー,ちらちら,ミヤシー
20260420180447_0700,20260420180447,特上卓,0,0,3,s6u,れいじ28425,ミヤシー,ちらちら,ちらちら
20260420183308_0000,20260420183308,特上卓,0,0,3,s6u,メダ活ガチ勢です,AccesS,涅槃ちゃん,涅槃ちゃん
20260420183308_0001,20260420183308,特上卓,1,0,3,s6u,メダ活ガチ勢です,AccesS,涅槃ちゃん,涅槃ちゃん
20260420183308_0100,20260420183308,特上卓,0,0,0,s6u,メダ活ガチ勢です,AccesS,涅槃ちゃん,s6u
20260420183308_0200,20260420183308,特上卓,0,0,1,s6u,メダ活ガチ勢です,AccesS,涅槃ちゃん,メダ活ガチ勢です
20260420183308_0300,20260420183308,特上卓,0,0,2,s6u,メダ活ガチ勢です,AccesS,涅槃ちゃん,AccesS
20260420183308_0301,20260420183308,特上卓,1,0,2,s6u,メダ活ガチ勢です,AccesS,涅槃ちゃん,AccesS
20260420183308_0400,20260420183308,特上卓,0,0,3,s6u,メダ活ガチ勢です,AccesS,涅槃ちゃん,涅槃ちゃん
20260420190319_0000,20260420190319,,0,0,3,s6u,MASA0226,dfdr,アンメモ,アンメモ
20260420190319_0001,20260420190319,,1,0,3,s6u,MASA0226,dfdr,アンメモ,アンメモ
20260420190319_0100,20260420190319,,0,0,0,s6u,MASA0226,dfdr,アンメモ,s6u
20260420190319_0200,20260420190319,,0,0,1,s6u,MASA0226,dfdr,アンメモ,MASA0226
20260420190319_0300,20260420190319,,0,0,2,s6u,MASA0226,dfdr,アンメモ,dfdr
20260420190319_0400,20260420190319,,0,0,3,s6u,MASA0226,dfdr,アンメモ,アンメモ
20260420190319_0500,20260420190319,,0,0,0,s6u,MASA0226,dfdr,アンメモ,s6u
20260420190319_0600,20260420190319,,0,0,1,s6u,MASA0226,dfdr,アンメモ,MASA0226
20260420190319_0700,20260420190319,,0,0,2,s6u,MASA0226,dfdr,アンメモ,dfdr
20260420192556_0000,20260420192556,,0,0,2,s6u,dfdr,てぃむのすけ,アンメモ,てぃむのすけ
20260420192556_0101,20260420192556,,1,2,3,s6u,dfdr,てぃむのすけ,アンメモ,アンメモ
20260420192556_0200,20260420192556,,0,0,0,s6u,dfdr,てぃむのすけ,アンメモ,s6u
20260420192556_0201,20260420192556,,1,0,0,s6u,dfdr,てぃむのすけ,アンメモ,s6u
20260420192556_0300,20260420192556,,0,0,1,s6u,dfdr,てぃむのすけ,アンメモ,dfdr
20260420192556_0400,20260420192556,,0,0,2,s6u,dfdr,てぃむのすけ,アンメモ,てぃむのすけ
20260420192556_0500,20260420192556,,0,0,3,s6u,dfdr,てぃむのすけ,アンメモ,アンメモ
20260420192556_0501,20260420192556,,1,0,3,s6u,dfdr,てぃむのすけ,アンメモ,アンメモ
20260420192556_0502,20260420192556,,2,0,3,s6u,dfdr,てぃむのすけ,アンメモ,アンメモ
20260420195221_0000,20260420195221,特上卓,0,0,3,s6u,PlayHard,Unbobo,町田商店美味しい,町田商店美味しい
20260420195221_0100,20260420195221,特上卓,0,0,0,s6u,PlayHard,Unbobo,町田商店美味しい,s6u
20260420195221_0200,20260420195221,特上卓,0,0,1,s6u,PlayHard,Unbobo,町田商店美味しい,PlayHard
20260420195221_0300,20260420195221,特上卓,0,0,2,s6u,PlayHard,Unbobo,町田商店美味しい,Unbobo
20260420195221_0400,20260420195221,特上卓,0,0,3,s6u,PlayHard,Unbobo,町田商店美味しい,町田商店美味しい
20260420195221_0401,20260420195221,特上卓,1,0,3,s6u,PlayHard,Unbobo,町田商店美味しい,町田商店美味しい
20260420195221_0402,20260420195221,特上卓,2,0,3,s6u,PlayHard,Unbobo,町田商店美味しい,町田商店美味しい
20260420195221_0500,20260420195221,特上卓,0,0,0,s6u,PlayHard,Unbobo,町田商店美味しい,s6u
20260420195221_0600,20260420195221,特上卓,0,0,1,s6u,PlayHard,Unbobo,町田商店美味しい,PlayHard
20260420195221_0601,20260420195221,特上卓,1,0,1,s6u,PlayHard,Unbobo,町田商店美味しい,PlayHard
20260420195221_0700,20260420195221,特上卓,0,0,2,s6u,PlayHard,Unbobo,町田商店美味しい,Unbobo
20260420195221_0701,20260420195221,特上卓,1,0,2,s6u,PlayHard,Unbobo,町田商店美味しい,Unbobo
20260420202935_0000,20260420202935,,0,0,3,s6u,Lilguaro,MASA0226,Abelox,Abelox
20260420202935_0001,20260420202935,,1,1,3,s6u,Lilguaro,MASA0226,Abelox,Abelox
20260420202935_0100,20260420202935,,0,0,0,s6u,Lilguaro,MASA0226,Abelox,s6u
20260420202935_0201,20260420202935,,1,0,1,s6u,Lilguaro,MASA0226,Abelox,Lilguaro
20260420202935_0300,20260420202935,,0,0,2,s6u,Lilguaro,MASA0226,Abelox,MASA0226
20260420205540_0000,20260420205540,特上卓,0,0,1,s6u,てぃーおも,くれーぷちゃん,臥竜,てぃーおも
20260420205540_0100,20260420205540,特上卓,0,0,2,s6u,てぃーおも,くれーぷちゃん,臥竜,くれーぷちゃん
20260420205540_0101,20260420205540,特上卓,1,0,2,s6u,てぃーおも,くれーぷちゃん,臥竜,くれーぷちゃん
20260420205540_0202,20260420205540,特上卓,2,1,3,s6u,てぃーおも,くれーぷちゃん,臥竜,臥竜
20260420205540_0300,20260420205540,特上卓,0,0,0,s6u,てぃーおも,くれーぷちゃん,臥竜,s6u
20260420205540_0301,20260420205540,特上卓,1,2,0,s6u,てぃーおも,くれーぷちゃん,臥竜,s6u
20260420205540_0400,20260420205540,特上卓,0,0,1,s6u,てぃーおも,くれーぷちゃん,臥竜,てぃーおも
20260420205540_0500,20260420205540,特上卓,0,0,2,s6u,てぃーおも,くれーぷちゃん,臥竜,くれーぷちゃん
20260420205540_0601,20260420205540,特上卓,1,0,3,s6u,てぃーおも,くれーぷちゃん,臥竜,臥竜
20260420205540_0700,20260420205540,特上卓,0,0,0,s6u,てぃーおも,くれーぷちゃん,臥竜,s6u
20260420225112_0000,20260420225112,特上卓,0,0,0,s6u,氷乃ハコ@VT,Leontes,ピッチー,s6u
20260420225112_0100,20260420225112,特上卓,0,0,1,s6u,氷乃ハコ@VT,Leontes,ピッチー,氷乃ハコ@VT
20260420225112_0201,20260420225112,特上卓,1,0,2,s6u,氷乃ハコ@VT,Leontes,ピッチー,Leontes
20260420225112_0202,20260420225112,特上卓,2,0,2,s6u,氷乃ハコ@VT,Leontes,ピッチー,Leontes
20260420225112_0203,20260420225112,特上卓,3,0,2,s6u,氷乃ハコ@VT,Leontes,ピッチー,Leontes
20260420225112_0300,20260420225112,特上卓,0,0,3,s6u,氷乃ハコ@VT,Leontes,ピッチー,ピッチー
20260420225112_0400,20260420225112,特上卓,0,0,0,s6u,氷乃ハコ@VT,Leontes,ピッチー,s6u
20260420225112_0500,20260420225112,特上卓,0,0,1,s6u,氷乃ハコ@VT,Leontes,ピッチー,氷乃ハコ@VT
20260420225112_0700,20260420225112,特上卓,0,0,3,s6u,氷乃ハコ@VT,Leontes,ピッチー,ピッチー
20260420232256_0000,20260420232256,特上卓,0,0,1,s6u,okabeshi,ルーリー0208,a20513,okabeshi
20260420232256_0100,20260420232256,特上卓,0,0,2,s6u,okabeshi,ルーリー0208,a20513,ルーリー0208
20260420232256_0200,20260420232256,特上卓,0,0,3,s6u,okabeshi,ルーリー0208,a20513,a20513
20260420232256_0300,20260420232256,特上卓,0,0,0,s6u,okabeshi,ルーリー0208,a20513,s6u
20260420232256_0400,20260420232256,特上卓,0,0,1,s6u,okabeshi,ルーリー0208,a20513,okabeshi
20260420232256_0500,20260420232256,特上卓,0,0,2,s6u,okabeshi,ルーリー0208,a20513,ルーリー0208
20260420232256_0501,20260420232256,特上卓,1,0,2,s6u,okabeshi,ルーリー0208,a20513,ルーリー0208
20260420234831_0000,20260420234831,特上卓,0,0,3,s6u,JIMMY,ルーリー0208,mendotti,mendotti
20260420234831_0100,20260420234831,特上卓,0,0,0,s6u,JIMMY,ルーリー0208,mendotti,s6u
20260420234831_0200,20260420234831,特上卓,0,0,1,s6u,JIMMY,ルーリー0208,mendotti,JIMMY
20260420234831_0300,20260420234831,特上卓,0,0,2,s6u,JIMMY,ルーリー0208,mendotti,ルーリー0208
20260420234831_0400,20260420234831,特上卓,0,0,3,s6u,JIMMY,ルーリー0208,mendotti,mendotti
20260420234831_0401,20260420234831,特上卓,1,0,3,s6u,JIMMY,ルーリー0208,mendotti,mendotti
20260421000153_0500,20260421000153,特上卓,0,0,0,s6u,JIMMY,ルーリー0208,mendotti,s6u
20260421000153_0501,20260421000153,特上卓,1,2,0,s6u,JIMMY,ルーリー0208,mendotti,s6u
20260421000153_0502,20260421000153,特上卓,2,4,0,s6u,JIMMY,ルーリー0208,mendotti,s6u
20260421000153_0600,20260421000153,特上卓,0,0,1,s6u,JIMMY,ルーリー0208,mendotti,JIMMY
20260421000153_0700,20260421000153,特上卓,0,0,2,s6u,JIMMY,ルーリー0208,mendotti,ルーリー0208
20260421001635_0000,20260421001635,,0,0,0,s6u,タコ中のタコ,なべかつ,奥寺,s6u
20260421001635_0001,20260421001635,,1,0,0,s6u,タコ中のタコ,なべかつ,奥寺,s6u
20260421001635_0201,20260421001635,,1,1,2,s6u,タコ中のタコ,なべかつ,奥寺,なべかつ
20260421001635_0300,20260421001635,,0,0,3,s6u,タコ中のタコ,なべかつ,奥寺,奥寺
20260421001635_0400,20260421001635,,0,0,0,s6u,タコ中のタコ,なべかつ,奥寺,s6u
20260421001635_0500,20260421001635,,0,0,1,s6u,タコ中のタコ,なべかつ,奥寺,タコ中のタコ
20260421001635_0501,20260421001635,,1,0,1,s6u,タコ中のタコ,なべかつ,奥寺,タコ中のタコ
20260421001635_0600,20260421001635,,0,0,2,s6u,タコ中のタコ,なべかつ,奥寺,なべかつ
20260421001635_0601,20260421001635,,1,0,2,s6u,タコ中のタコ,なべかつ,奥寺,なべかつ
20260421001635_0700,20260421001635,,0,0,3,s6u,タコ中のタコ,なべかつ,奥寺,奥寺
20260421004346_0000,20260421004346,,0,0,2,s6u,tacolog,メリオ94,ten-ten,メリオ94
20260421004346_0100,20260421004346,,0,0,3,s6u,tacolog,メリオ94,ten-ten,ten-ten
20260421004346_0200,20260421004346,,0,0,0,s6u,tacolog,メリオ94,ten-ten,s6u
20260421004346_0201,20260421004346,,1,0,0,s6u,tacolog,メリオ94,ten-ten,s6u
20260421004346_0300,20260421004346,,0,0,1,s6u,tacolog,メリオ94,ten-ten,tacolog
20260421004346_0301,20260421004346,,1,0,1,s6u,tacolog,メリオ94,ten-ten,tacolog
20260421004346_0400,20260421004346,,0,0,2,s6u,tacolog,メリオ94,ten-ten,メリオ94
20260421004346_0500,20260421004346,,0,0,3,s6u,tacolog,メリオ94,ten-ten,ten-ten
20260421004346_0501,20260421004346,,1,0,3,s6u,tacolog,メリオ94,ten-ten,ten-ten
20260421004346_0502,20260421004346,,2,0,3,s6u,tacolog,メリオ94,ten-ten,ten-ten
20260421004346_0603,20260421004346,,3,1,0,s6u,tacolog,メリオ94,ten-ten,s6u
20260421004346_0700,20260421004346,,0,0,1,s6u,tacolog,メリオ94,ten-ten,tacolog
20260421011522_0001,20260421011522,特上卓,1,0,2,s6u,IWA3,ゆったり,とらもんち,ゆったり
20260421011522_0002,20260421011522,特上卓,2,1,2,s6u,IWA3,ゆったり,とらもんち,ゆったり
20260421011522_0003,20260421011522,特上卓,3,2,2,s6u,IWA3,ゆったり,とらもんち,ゆったり
20260421011522_0100,20260421011522,特上卓,0,0,3,s6u,IWA3,ゆったり,とらもんち,とらもんち
20260421011522_0101,20260421011522,特上卓,1,0,3,s6u,IWA3,ゆったり,とらもんち,とらもんち
20260421011522_0200,20260421011522,特上卓,0,0,0,s6u,IWA3,ゆったり,とらもんち,s6u
20260421011522_0201,20260421011522,特上卓,1,0,0,s6u,IWA3,ゆったり,とらもんち,s6u
20260421011522_0300,20260421011522,特上卓,0,0,1,s6u,IWA3,ゆったり,とらもんち,IWA3
20260421011522_0400,20260421011522,特上卓,0,0,2,s6u,IWA3,ゆったり,とらもんち,ゆったり
20260421011522_0500,20260421011522,特上卓,0,0,3,s6u,IWA3,ゆったり,とらもんち,とらもんち
20260421011522_0600,20260421011522,特上卓,0,0,0,s6u,IWA3,ゆったり,とらもんち,s6u
20260421011522_0701,20260421011522,特上卓,1,1,1,s6u,IWA3,ゆったり,とらもんち,IWA3
20260421015555_0000,20260421015555,特上卓,0,0,0,s6u,namu0820,カルペディエム,これがふさふさ,s6u
20260421015555_0001,20260421015555,特上卓,1,0,0,s6u,namu0820,カルペディエム,これがふさふさ,s6u
20260421015555_0100,20260421015555,特上卓,0,0,1,s6u,namu0820,カルペディエム,これがふさふさ,namu0820
20260421015555_0101,20260421015555,特上卓,1,0,1,s6u,namu0820,カルペディエム,これがふさふさ,namu0820
20260421015555_0102,20260421015555,特上卓,2,0,1,s6u,namu0820,カルペディエム,これがふさふさ,namu0820
20260421015555_0200,20260421015555,特上卓,0,0,2,s6u,namu0820,カルペディエム,これがふさふさ,カルペディエム
20260421015555_0300,20260421015555,特上卓,0,0,3,s6u,namu0820,カルペディエム,これがふさふさ,これがふさふさ
20260421021440_0000,20260421021440,,0,0,2,s6u,SIBATA,太陽海,こみてん,太陽海
20260421021440_0100,20260421021440,,0,0,3,s6u,SIBATA,太陽海,こみてん,こみてん
20260421021440_0101,20260421021440,,1,0,3,s6u,SIBATA,太陽海,こみてん,こみてん
20260421021440_0200,20260421021440,,0,0,0,s6u,SIBATA,太陽海,こみてん,s6u
20260421021440_0300,20260421021440,,0,0,1,s6u,SIBATA,太陽海,こみてん,SIBATA
20260421021440_0400,20260421021440,,0,0,2,s6u,SIBATA,太陽海,こみてん,太陽海
20260421021440_0401,20260421021440,,1,0,2,s6u,SIBATA,太陽海,こみてん,太陽海
20260421021440_0402,20260421021440,,2,0,2,s6u,SIBATA,太陽海,こみてん,太陽海
20260421021440_0500,20260421021440,,0,0,3,s6u,SIBATA,太陽海,こみてん,こみてん
20260421021440_0501,20260421021440,,1,0,3,s6u,SIBATA,太陽海,こみてん,こみてん
20260421021440_0600,20260421021440,,0,0,0,s6u,SIBATA,太陽海,こみてん,s6u
20260421021440_0700,20260421021440,,0,0,1,s6u,SIBATA,太陽海,こみてん,SIBATA
20260421161613_0000,20260421161613,特上卓,0,0,2,s6u,LAVA,幸せのサチコさん,ビビリヘタレ引弱,幸せのサチコさん
20260421161613_0100,20260421161613,特上卓,0,0,3,s6u,LAVA,幸せのサチコさん,ビビリヘタレ引弱,ビビリヘタレ引弱
20260421161613_0200,20260421161613,特上卓,0,0,0,s6u,LAVA,幸せのサチコさん,ビビリヘタレ引弱,s6u
20260421161613_0201,20260421161613,特上卓,1,0,0,s6u,LAVA,幸せのサチコさん,ビビリヘタレ引弱,s6u
20260421161613_0300,20260421161613,特上卓,0,0,1,s6u,LAVA,幸せのサチコさん,ビビリヘタレ引弱,LAVA
20260421161613_0400,20260421161613,特上卓,0,0,2,s6u,LAVA,幸せのサチコさん,ビビリヘタレ引弱,幸せのサチコさん
20260421161613_0500,20260421161613,特上卓,0,0,3,s6u,LAVA,幸せのサチコさん,ビビリヘタレ引弱,ビビリヘタレ引弱
20260421161613_0600,20260421161613,特上卓,0,0,0,s6u,LAVA,幸せのサチコさん,ビビリヘタレ引弱,s6u
20260421161613_0700,20260421161613,特上卓,0,0,1,s6u,LAVA,幸せのサチコさん,ビビリヘタレ引弱,LAVA
20260421161613_0701,20260421161613,特上卓,1,1,1,s6u,LAVA,幸せのサチコさん,ビビリヘタレ引弱,LAVA
20260421164347_0000,20260421164347,,0,0,1,s6u,JPGR,Noris,Nanoah,JPGR
20260421164347_0001,20260421164347,,1,0,1,s6u,JPGR,Noris,Nanoah,JPGR
20260421164347_0100,20260421164347,,0,0,2,s6u,JPGR,Noris,Nanoah,Noris
20260421164347_0101,20260421164347,,1,0,2,s6u,JPGR,Noris,Nanoah,Noris
20260421164347_0200,20260421164347,,0,0,3,s6u,JPGR,Noris,Nanoah,Nanoah
20260421164347_0201,20260421164347,,1,0,3,s6u,JPGR,Noris,Nanoah,Nanoah
20260421164347_0300,20260421164347,,0,0,0,s6u,JPGR,Noris,Nanoah,s6u
20260421164347_0400,20260421164347,,0,0,1,s6u,JPGR,Noris,Nanoah,JPGR
20260421164347_0401,20260421164347,,1,0,1,s6u,JPGR,Noris,Nanoah,JPGR
20260421164347_0402,20260421164347,,2,0,1,s6u,JPGR,Noris,Nanoah,JPGR
20260421164347_0500,20260421164347,,0,0,2,s6u,JPGR,Noris,Nanoah,Noris
20260421164347_0501,20260421164347,,1,0,2,s6u,JPGR,Noris,Nanoah,Noris
20260421164347_0600,20260421164347,,0,0,3,s6u,JPGR,Noris,Nanoah,Nanoah
20260421164347_0601,20260421164347,,1,0,3,s6u,JPGR,Noris,Nanoah,Nanoah
20260421164347_0702,20260421164347,,2,2,0,s6u,JPGR,Noris,Nanoah,s6u
20260421194948_0000,20260421194948,特上卓,0,0,3,s6u,戀病熱,みそ,助清,助清
20260421194948_0001,20260421194948,特上卓,1,1,3,s6u,戀病熱,みそ,助清,助清
20260421194948_0100,20260421194948,特上卓,0,0,0,s6u,戀病熱,みそ,助清,s6u
20260421194948_0200,20260421194948,特上卓,0,0,1,s6u,戀病熱,みそ,助清,戀病熱
20260421194948_0201,20260421194948,特上卓,1,0,1,s6u,戀病熱,みそ,助清,戀病熱
20260421194948_0202,20260421194948,特上卓,2,0,1,s6u,戀病熱,みそ,助清,戀病熱
20260421194948_0203,20260421194948,特上卓,3,0,1,s6u,戀病熱,みそ,助清,戀病熱
20260421194948_0204,20260421194948,特上卓,4,0,1,s6u,戀病熱,みそ,助清,戀病熱
20260421194948_0205,20260421194948,特上卓,5,0,1,s6u,戀病熱,みそ,助清,戀病熱
20260421194948_0300,20260421194948,特上卓,0,0,2,s6u,戀病熱,みそ,助清,みそ
20260421194948_0301,20260421194948,特上卓,1,0,2,s6u,戀病熱,みそ,助清,みそ
20260421194948_0400,20260421194948,特上卓,0,0,3,s6u,戀病熱,みそ,助清,助清
20260421194948_0500,20260421194948,特上卓,0,0,0,s6u,戀病熱,みそ,助清,s6u
20260421194948_0501,20260421194948,特上卓,1,0,0,s6u,戀病熱,みそ,助清,s6u
20260421194948_0600,20260421194948,特上卓,0,0,1,s6u,戀病熱,みそ,助清,戀病熱
20260421194948_0601,20260421194948,特上卓,1,2,1,s6u,戀病熱,みそ,助清,戀病熱
20260421194948_0602,20260421194948,特上卓,2,0,1,s6u,戀病熱,みそ,助清,戀病熱
20260421194948_0700,20260421194948,特上卓,0,0,2,s6u,戀病熱,みそ,助清,みそ
20260421203329_0000,20260421203329,,0,0,3,s6u,HACO,助清,のだめヽ,のだめヽ
20260421203329_0100,20260421203329,,0,0,0,s6u,HACO,助清,のだめヽ,s6u
20260421203329_0200,20260421203329,,0,0,1,s6u,HACO,助清,のだめヽ,HACO
20260421203329_0300,20260421203329,,0,0,2,s6u,HACO,助清,のだめヽ,助清
20260421203329_0401,20260421203329,,1,1,3,s6u,HACO,助清,のだめヽ,のだめヽ
20260421203329_0402,20260421203329,,2,0,3,s6u,HACO,助清,のだめヽ,のだめヽ
20260421203329_0500,20260421203329,,0,0,0,s6u,HACO,助清,のだめヽ,s6u
20260421203329_0600,20260421203329,,0,0,1,s6u,HACO,助清,のだめヽ,HACO
20260421203329_0700,20260421203329,,0,0,2,s6u,HACO,助清,のだめヽ,助清
20260421205506_0000,20260421205506,特上卓,0,0,2,s6u,冬實yuki,ぬまお1,つつつーつつっ,ぬまお1
20260421205506_0100,20260421205506,特上卓,0,0,3,s6u,冬實yuki,ぬまお1,つつつーつつっ,つつつーつつっ
20260421205506_0200,20260421205506,特上卓,0,0,0,s6u,冬實yuki,ぬまお1,つつつーつつっ,s6u
20260421205506_0300,20260421205506,特上卓,0,0,1,s6u,冬實yuki,ぬまお1,つつつーつつっ,冬實yuki
20260421205506_0400,20260421205506,特上卓,0,0,2,s6u,冬實yuki,ぬまお1,つつつーつつっ,ぬまお1
20260421205506_0500,20260421205506,特上卓,0,0,3,s6u,冬實yuki,ぬまお1,つつつーつつっ,つつつーつつっ
20260421205506_0600,20260421205506,特上卓,0,0,0,s6u,冬實yuki,ぬまお1,つつつーつつっ,s6u
20260421205506_0601,20260421205506,特上卓,1,0,0,s6u,冬實yuki,ぬまお1,つつつーつつっ,s6u
20260421205506_0700,20260421205506,特上卓,0,0,1,s6u,冬實yuki,ぬまお1,つつつーつつっ,冬實yuki
20260421212147_0000,20260421212147,,0,0,1,s6u,和泉千晶*,Riluto,うぃきるそん,和泉千晶*
20260421212147_0100,20260421212147,,0,0,2,s6u,和泉千晶*,Riluto,うぃきるそん,Riluto
20260421212147_0200,20260421212147,,0,0,3,s6u,和泉千晶*,Riluto,うぃきるそん,うぃきるそん
20260421212147_0201,20260421212147,,1,1,3,s6u,和泉千晶*,Riluto,うぃきるそん,うぃきるそん
20260421212147_0202,20260421212147,,2,0,3,s6u,和泉千晶*,Riluto,うぃきるそん,うぃきるそん
20260421212147_0203,20260421212147,,3,1,3,s6u,和泉千晶*,Riluto,うぃきるそん,うぃきるそん
20260421212147_0300,20260421212147,,0,0,0,s6u,和泉千晶*,Riluto,うぃきるそん,s6u
20260421212147_0400,20260421212147,,0,0,1,s6u,和泉千晶*,Riluto,うぃきるそん,和泉千晶*
20260421212147_0401,20260421212147,,1,2,1,s6u,和泉千晶*,Riluto,うぃきるそん,和泉千晶*
20260421212147_0502,20260421212147,,2,3,2,s6u,和泉千晶*,Riluto,うぃきるそん,Riluto
20260421212147_0600,20260421212147,,0,0,3,s6u,和泉千晶*,Riluto,うぃきるそん,うぃきるそん
20260421212147_0700,20260421212147,,0,0,0,s6u,和泉千晶*,Riluto,うぃきるそん,s6u
20260421215310_0000,20260421215310,特上卓,0,0,0,s6u,kuromate,キャベツ食い,広がる堂岐,s6u
20260421215310_0100,20260421215310,特上卓,0,0,1,s6u,kuromate,キャベツ食い,広がる堂岐,kuromate
20260421215310_0200,20260421215310,特上卓,0,0,2,s6u,kuromate,キャベツ食い,広がる堂岐,キャベツ食い
20260421215310_0300,20260421215310,特上卓,0,0,3,s6u,kuromate,キャベツ食い,広がる堂岐,広がる堂岐
20260421215310_0400,20260421215310,特上卓,0,0,0,s6u,kuromate,キャベツ食い,広がる堂岐,s6u
20260421215310_0500,20260421215310,特上卓,0,0,1,s6u,kuromate,キャベツ食い,広がる堂岐,kuromate
20260421215310_0501,20260421215310,特上卓,1,1,1,s6u,kuromate,キャベツ食い,広がる堂岐,kuromate
20260421215310_0600,20260421215310,特上卓,0,0,2,s6u,kuromate,キャベツ食い,広がる堂岐,キャベツ食い
20260421215310_0601,20260421215310,特上卓,1,0,2,s6u,kuromate,キャベツ食い,広がる堂岐,キャベツ食い
20260421215310_0602,20260421215310,特上卓,2,0,2,s6u,kuromate,キャベツ食い,広がる堂岐,キャベツ食い
20260421215310_0703,20260421215310,特上卓,3,0,3,s6u,kuromate,キャベツ食い,広がる堂岐,広がる堂岐
20260421231949_0000,20260421231949,特上卓,0,0,1,s6u,奥寺,おむりーち,いちぽむ,奥寺
20260421231949_0100,20260421231949,特上卓,0,0,2,s6u,奥寺,おむりーち,いちぽむ,おむりーち
20260421231949_0200,20260421231949,特上卓,0,0,3,s6u,奥寺,おむりーち,いちぽむ,いちぽむ
20260421231949_0201,20260421231949,特上卓,1,1,3,s6u,奥寺,おむりーち,いちぽむ,いちぽむ
20260421231949_0202,20260421231949,特上卓,2,0,3,s6u,奥寺,おむりーち,いちぽむ,いちぽむ
20260421231949_0300,20260421231949,特上卓,0,0,0,s6u,奥寺,おむりーち,いちぽむ,s6u
20260421231949_0400,20260421231949,特上卓,0,0,1,s6u,奥寺,おむりーち,いちぽむ,奥寺
20260421231949_0401,20260421231949,特上卓,1,0,1,s6u,奥寺,おむりーち,いちぽむ,奥寺
20260421235123_0000,20260421235123,特上卓,0,0,1,s6u,北区田端,ろんぐすとれんじ,cjx7953,北区田端
20260421235123_0100,20260421235123,特上卓,0,0,2,s6u,北区田端,ろんぐすとれんじ,cjx7953,ろんぐすとれんじ
20260421235123_0101,20260421235123,特上卓,1,0,2,s6u,北区田端,ろんぐすとれんじ,cjx7953,ろんぐすとれんじ
20260422000126_0102,20260422000126,特上卓,2,0,2,s6u,北区田端,ろんぐすとれんじ,cjx7953,ろんぐすとれんじ
20260422000126_0200,20260422000126,特上卓,0,0,3,s6u,北区田端,ろんぐすとれんじ,cjx7953,cjx7953
20260422000126_0201,20260422000126,特上卓,1,0,3,s6u,北区田端,ろんぐすとれんじ,cjx7953,cjx7953
20260422000126_0300,20260422000126,特上卓,0,0,0,s6u,北区田端,ろんぐすとれんじ,cjx7953,s6u
20260422000126_0400,20260422000126,特上卓,0,0,1,s6u,北区田端,ろんぐすとれんじ,cjx7953,北区田端
20260422000126_0500,20260422000126,特上卓,0,0,2,s6u,北区田端,ろんぐすとれんじ,cjx7953,ろんぐすとれんじ
20260422000126_0600,20260422000126,特上卓,0,0,3,s6u,北区田端,ろんぐすとれんじ,cjx7953,cjx7953
20260422000126_0601,20260422000126,特上卓,1,0,3,s6u,北区田端,ろんぐすとれんじ,cjx7953,cjx7953
20260422000126_0700,20260422000126,特上卓,0,0,0,s6u,北区田端,ろんぐすとれんじ,cjx7953,s6u
20260422002437_0000,20260422002437,,0,0,2,s6u,田中摩美々,怠惰の極,ポーちゃん,怠惰の極
20260422002437_0001,20260422002437,,1,0,2,s6u,田中摩美々,怠惰の極,ポーちゃん,怠惰の極
20260422002437_0100,20260422002437,,0,0,3,s6u,田中摩美々,怠惰の極,ポーちゃん,ポーちゃん
20260422003327_0000,20260422003327,特上卓,0,0,0,s6u,PlayHard,ponion,にゃしの弟子,s6u
20260422003327_0100,20260422003327,特上卓,0,0,1,s6u,PlayHard,ponion,にゃしの弟子,PlayHard
20260422003327_0200,20260422003327,特上卓,0,0,2,s6u,PlayHard,ponion,にゃしの弟子,ponion
20260422003327_0300,20260422003327,特上卓,0,0,3,s6u,PlayHard,ponion,にゃしの弟子,にゃしの弟子
20260422003327_0400,20260422003327,特上卓,0,0,0,s6u,PlayHard,ponion,にゃしの弟子,s6u
20260422003327_0401,20260422003327,特上卓,1,0,0,s6u,PlayHard,ponion,にゃしの弟子,s6u
20260422003327_0500,20260422003327,特上卓,0,0,1,s6u,PlayHard,ponion,にゃしの弟子,PlayHard
20260422003327_0600,20260422003327,特上卓,0,0,2,s6u,PlayHard,ponion,にゃしの弟子,ponion
20260422003327_0700,20260422003327,特上卓,0,0,3,s6u,PlayHard,ponion,にゃしの弟子,にゃしの弟子
20260422003327_0701,20260422003327,特上卓,1,1,3,s6u,PlayHard,ponion,にゃしの弟子,にゃしの弟子
20260422010425_0000,20260422010425,,0,0,2,s6u,YAYAYA49,kx,あたらしいおさけ,kx
20260422010425_0100,20260422010425,,0,0,3,s6u,YAYAYA49,kx,あたらしいおさけ,あたらしいおさけ
20260422010425_0200,20260422010425,,0,0,0,s6u,YAYAYA49,kx,あたらしいおさけ,s6u
20260422010425_0300,20260422010425,,0,0,1,s6u,YAYAYA49,kx,あたらしいおさけ,YAYAYA49
20260422010425_0400,20260422010425,,0,0,2,s6u,YAYAYA49,kx,あたらしいおさけ,kx
20260422010425_0500,20260422010425,,0,0,3,s6u,YAYAYA49,kx,あたらしいおさけ,あたらしいおさけ
20260422010425_0501,20260422010425,,1,0,3,s6u,YAYAYA49,kx,あたらしいおさけ,あたらしいおさけ
20260422010425_0502,20260422010425,,2,0,3,s6u,YAYAYA49,kx,あたらしいおさけ,あたらしいおさけ
20260422010425_0600,20260422010425,,0,0,0,s6u,YAYAYA49,kx,あたらしいおさけ,s6u
20260422010425_0601,20260422010425,,1,0,0,s6u,YAYAYA49,kx,あたらしいおさけ,s6u
20260422010425_0602,20260422010425,,2,0,0,s6u,YAYAYA49,kx,あたらしいおさけ,s6u
20260422010425_0700,20260422010425,,0,0,1,s6u,YAYAYA49,kx,あたらしいおさけ,YAYAYA49
20260422010425_0701,20260422010425,,1,0,1,s6u,YAYAYA49,kx,あたらしいおさけ,YAYAYA49
20260422013757_0000,20260422013757,,0,0,1,s6u,Sachi2,サラダチキン,スライムの冠,Sachi2
20260422013757_0100,20260422013757,,0,0,2,s6u,Sachi2,サラダチキン,スライムの冠,サラダチキン
20260422013757_0200,20260422013757,,0,0,3,s6u,Sachi2,サラダチキン,スライムの冠,スライムの冠
20260422013757_0300,20260422013757,,0,0,0,s6u,Sachi2,サラダチキン,スライムの冠,s6u
20260422013757_0400,20260422013757,,0,0,1,s6u,Sachi2,サラダチキン,スライムの冠,Sachi2
20260422013757_0500,20260422013757,,0,0,2,s6u,Sachi2,サラダチキン,スライムの冠,サラダチキン
20260422013757_0600,20260422013757,,0,0,3,s6u,Sachi2,サラダチキン,スライムの冠,スライムの冠
20260422013757_0700,20260422013757,,0,0,0,s6u,Sachi2,サラダチキン,スライムの冠,s6u
20260422015932_0000,20260422015932,,0,0,2,s6u,チチヤス,Sachi2,99パー,Sachi2
20260422015932_0100,20260422015932,,0,0,3,s6u,チチヤス,Sachi2,99パー,99パー
20260422015932_0200,20260422015932,,0,0,0,s6u,チチヤス,Sachi2,99パー,s6u
20260422015932_0300,20260422015932,,0,0,1,s6u,チチヤス,Sachi2,99パー,チチヤス
20260422015932_0401,20260422015932,,1,1,2,s6u,チチヤス,Sachi2,99パー,Sachi2
20260422015932_0500,20260422015932,,0,0,3,s6u,チチヤス,Sachi2,99パー,99パー
20260422015932_0600,20260422015932,,0,0,0,s6u,チチヤス,Sachi2,99パー,s6u
20260422015932_0601,20260422015932,,1,0,0,s6u,チチヤス,Sachi2,99パー,s6u
20260422022127_0000,20260422022127,,0,0,2,s6u,安全第一即リーチ,K15,夜叉,K15
20260422022127_0100,20260422022127,,0,0,3,s6u,安全第一即リーチ,K15,夜叉,夜叉
20260422022127_0101,20260422022127,,1,2,3,s6u,安全第一即リーチ,K15,夜叉,夜叉
20260422022127_0200,20260422022127,,0,0,0,s6u,安全第一即リーチ,K15,夜叉,s6u
20260422022127_0300,20260422022127,,0,0,1,s6u,安全第一即リーチ,K15,夜叉,安全第一即リーチ
20260422022127_0400,20260422022127,,0,0,2,s6u,安全第一即リーチ,K15,夜叉,K15
20260422022127_0500,20260422022127,,0,0,3,s6u,安全第一即リーチ,K15,夜叉,夜叉
20260422022127_0601,20260422022127,,1,1,0,s6u,安全第一即リーチ,K15,夜叉,s6u
20260422022127_0700,20260422022127,,0,0,1,s6u,安全第一即リーチ,K15,夜叉,安全第一即リーチ
20260422022127_0701,20260422022127,,1,1,1,s6u,安全第一即リーチ,K15,夜叉,安全第一即リーチ
20260422171855_0000,20260422171855,特上卓,0,0,2,s6u,これぞ麻雀,tikura,windyxx,tikura
20260422171855_0100,20260422171855,特上卓,0,0,3,s6u,これぞ麻雀,tikura,windyxx,windyxx
20260422171855_0200,20260422171855,特上卓,0,0,0,s6u,これぞ麻雀,tikura,windyxx,s6u
20260422171855_0300,20260422171855,特上卓,0,0,1,s6u,これぞ麻雀,tikura,windyxx,これぞ麻雀
20260422171855_0400,20260422171855,特上卓,0,0,2,s6u,これぞ麻雀,tikura,windyxx,tikura
20260422171855_0500,20260422171855,特上卓,0,0,3,s6u,これぞ麻雀,tikura,windyxx,windyxx
20260422171855_0600,20260422171855,特上卓,0,0,0,s6u,これぞ麻雀,tikura,windyxx,s6u
20260422171855_0700,20260422171855,特上卓,0,0,1,s6u,これぞ麻雀,tikura,windyxx,これぞ麻雀
20260422173921_0000,20260422173921,,0,0,1,s6u,七水,azuuuu,ミゲール改,七水
20260422173921_0001,20260422173921,,1,1,1,s6u,七水,azuuuu,ミゲール改,七水
20260422173921_0100,20260422173921,,0,0,2,s6u,七水,azuuuu,ミゲール改,azuuuu
20260422173921_0200,20260422173921,,0,0,3,s6u,七水,azuuuu,ミゲール改,ミゲール改
20260422173921_0201,20260422173921,,1,0,3,s6u,七水,azuuuu,ミゲール改,ミゲール改
20260422173921_0202,20260422173921,,2,0,3,s6u,七水,azuuuu,ミゲール改,ミゲール改
20260422173921_0300,20260422173921,,0,0,0,s6u,七水,azuuuu,ミゲール改,s6u
20260422173921_0301,20260422173921,,1,2,0,s6u,七水,azuuuu,ミゲール改,s6u
20260422173921_0400,20260422173921,,0,0,1,s6u,七水,azuuuu,ミゲール改,七水
20260422173921_0500,20260422173921,,0,0,2,s6u,七水,azuuuu,ミゲール改,azuuuu
20260422173921_0501,20260422173921,,1,0,2,s6u,七水,azuuuu,ミゲール改,azuuuu
20260422173921_0600,20260422173921,,0,0,3,s6u,七水,azuuuu,ミゲール改,ミゲール改
20260422173921_0700,20260422173921,,0,0,0,s6u,七水,azuuuu,ミゲール改,s6u
20260422181913_0000,20260422181913,特上卓,0,0,1,s6u,かちゃくちゃねぇ,和泉千晶*,◯所恐怖症,かちゃくちゃねぇ
20260422181913_0001,20260422181913,特上卓,1,0,1,s6u,かちゃくちゃねぇ,和泉千晶*,◯所恐怖症,かちゃくちゃねぇ
20260422181913_0002,20260422181913,特上卓,2,0,1,s6u,かちゃくちゃねぇ,和泉千晶*,◯所恐怖症,かちゃくちゃねぇ
20260422181913_0100,20260422181913,特上卓,0,0,2,s6u,かちゃくちゃねぇ,和泉千晶*,◯所恐怖症,和泉千晶*
20260422182720_0000,20260422182720,,0,0,2,s6u,Luc1fer,anyadra,三元牌の切り順,anyadra
20260422182720_0100,20260422182720,,0,0,3,s6u,Luc1fer,anyadra,三元牌の切り順,三元牌の切り順
20260422182720_0200,20260422182720,,0,0,0,s6u,Luc1fer,anyadra,三元牌の切り順,s6u
20260422182720_0300,20260422182720,,0,0,1,s6u,Luc1fer,anyadra,三元牌の切り順,Luc1fer
20260422182720_0400,20260422182720,,0,0,2,s6u,Luc1fer,anyadra,三元牌の切り順,anyadra
20260422182720_0401,20260422182720,,1,1,2,s6u,Luc1fer,anyadra,三元牌の切り順,anyadra
20260422182720_0500,20260422182720,,0,0,3,s6u,Luc1fer,anyadra,三元牌の切り順,三元牌の切り順
20260422182720_0600,20260422182720,,0,0,0,s6u,Luc1fer,anyadra,三元牌の切り順,s6u
20260422182720_0601,20260422182720,,1,0,0,s6u,Luc1fer,anyadra,三元牌の切り順,s6u
20260422182720_0700,20260422182720,,0,0,1,s6u,Luc1fer,anyadra,三元牌の切り順,Luc1fer
20260422182720_0701,20260422182720,,1,0,1,s6u,Luc1fer,anyadra,三元牌の切り順,Luc1fer
20260422185337_0000,20260422185337,,0,0,3,s6u,くらえす,シコシコJP,=雷帝ゼオン=,=雷帝ゼオン=
20260422185337_0101,20260422185337,,1,2,0,s6u,くらえす,シコシコJP,=雷帝ゼオン=,s6u
20260422185337_0200,20260422185337,,0,0,1,s6u,くらえす,シコシコJP,=雷帝ゼオン=,くらえす
20260422185337_0300,20260422185337,,0,0,2,s6u,くらえす,シコシコJP,=雷帝ゼオン=,シコシコJP
20260422185337_0400,20260422185337,,0,0,3,s6u,くらえす,シコシコJP,=雷帝ゼオン=,=雷帝ゼオン=
20260422185337_0500,20260422185337,,0,0,0,s6u,くらえす,シコシコJP,=雷帝ゼオン=,s6u
20260422185337_0501,20260422185337,,1,0,0,s6u,くらえす,シコシコJP,=雷帝ゼオン=,s6u
20260422185337_0600,20260422185337,,0,0,1,s6u,くらえす,シコシコJP,=雷帝ゼオン=,くらえす
20260422185337_0601,20260422185337,,1,0,1,s6u,くらえす,シコシコJP,=雷帝ゼオン=,くらえす
20260422185337_0700,20260422185337,,0,0,2,s6u,くらえす,シコシコJP,=雷帝ゼオン=,シコシコJP
20260422185337_0701,20260422185337,,1,0,2,s6u,くらえす,シコシコJP,=雷帝ゼオン=,シコシコJP
20260422185337_0702,20260422185337,,2,0,2,s6u,くらえす,シコシコJP,=雷帝ゼオン=,シコシコJP
20260422193002_0000,20260422193002,,0,0,1,s6u,ばろん２９,ボッジ,sakuwo②,ばろん２９
20260422193002_0100,20260422193002,,0,0,2,s6u,ばろん２９,ボッジ,sakuwo②,ボッジ
20260422193002_0201,20260422193002,,1,2,3,s6u,ばろん２９,ボッジ,sakuwo②,sakuwo②
20260422193002_0300,20260422193002,,0,0,0,s6u,ばろん２９,ボッジ,sakuwo②,s6u
20260422193002_0401,20260422193002,,1,1,1,s6u,ばろん２９,ボッジ,sakuwo②,ばろん２９
20260422193002_0500,20260422193002,,0,0,2,s6u,ばろん２９,ボッジ,sakuwo②,ボッジ
20260422193002_0600,20260422193002,,0,0,3,s6u,ばろん２９,ボッジ,sakuwo②,sakuwo②
20260422193002_0700,20260422193002,,0,0,0,s6u,ばろん２９,ボッジ,sakuwo②,s6u
20260422195244_0000,20260422195244,,0,0,1,s6u,kitaha,眞田槐,ばろん２９,kitaha
20260422195244_0100,20260422195244,,0,0,2,s6u,kitaha,眞田槐,ばろん２９,眞田槐
20260422195244_0300,20260422195244,,0,0,0,s6u,kitaha,眞田槐,ばろん２９,s6u
20260422195244_0400,20260422195244,,0,0,1,s6u,kitaha,眞田槐,ばろん２９,kitaha
20260422195244_0401,20260422195244,,1,0,1,s6u,kitaha,眞田槐,ばろん２９,kitaha
20260422201044_0000,20260422201044,,0,0,0,s6u,turtle.,Sahara87,眞田槐,s6u
20260422201044_0100,20260422201044,,0,0,1,s6u,turtle.,Sahara87,眞田槐,turtle.
20260422201044_0200,20260422201044,,0,0,2,s6u,turtle.,Sahara87,眞田槐,Sahara87
20260422201044_0300,20260422201044,,0,0,3,s6u,turtle.,Sahara87,眞田槐,眞田槐
20260422201044_0301,20260422201044,,1,0,3,s6u,turtle.,Sahara87,眞田槐,眞田槐
20260422201044_0400,20260422201044,,0,0,0,s6u,turtle.,Sahara87,眞田槐,s6u
20260422201044_0500,20260422201044,,0,0,1,s6u,turtle.,Sahara87,眞田槐,turtle.
20260422201044_0600,20260422201044,,0,0,2,s6u,turtle.,Sahara87,眞田槐,Sahara87
20260422201044_0601,20260422201044,,1,0,2,s6u,turtle.,Sahara87,眞田槐,Sahara87
20260422203413_0000,20260422203413,特上卓,0,0,0,s6u,Esure,煌めく春,ぱちぱちばやち,s6u
20260422203413_0100,20260422203413,特上卓,0,0,1,s6u,Esure,煌めく春,ぱちぱちばやち,Esure
20260422203413_0200,20260422203413,特上卓,0,0,2,s6u,Esure,煌めく春,ぱちぱちばやち,煌めく春
20260422203413_0300,20260422203413,特上卓,0,0,3,s6u,Esure,煌めく春,ぱちぱちばやち,ぱちぱちばやち
20260422203413_0400,20260422203413,特上卓,0,0,0,s6u,Esure,煌めく春,ぱちぱちばやち,s6u
20260422203413_0401,20260422203413,特上卓,1,0,0,s6u,Esure,煌めく春,ぱちぱちばやち,s6u
20260422203413_0500,20260422203413,特上卓,0,0,1,s6u,Esure,煌めく春,ぱちぱちばやち,Esure
20260422203413_0501,20260422203413,特上卓,1,0,1,s6u,Esure,煌めく春,ぱちぱちばやち,Esure
20260422203413_0502,20260422203413,特上卓,2,0,1,s6u,Esure,煌めく春,ぱちぱちばやち,Esure
20260422203413_0603,20260422203413,特上卓,3,2,2,s6u,Esure,煌めく春,ぱちぱちばやち,煌めく春
20260422203413_0604,20260422203413,特上卓,4,0,2,s6u,Esure,煌めく春,ぱちぱちばやち,煌めく春
20260422203413_0700,20260422203413,特上卓,0,0,3,s6u,Esure,煌めく春,ぱちぱちばやち,ぱちぱちばやち
20260422220915_0000,20260422220915,特上卓,0,0,2,s6u,Chacha。,あらぽん,raizou,あらぽん
20260422220915_0001,20260422220915,特上卓,1,0,2,s6u,Chacha。,あらぽん,raizou,あらぽん
20260422220915_0002,20260422220915,特上卓,2,0,2,s6u,Chacha。,あらぽん,raizou,あらぽん
20260422220915_0003,20260422220915,特上卓,3,0,2,s6u,Chacha。,あらぽん,raizou,あらぽん
20260422220915_0100,20260422220915,特上卓,0,0,3,s6u,Chacha。,あらぽん,raizou,raizou
20260422220915_0200,20260422220915,特上卓,0,0,0,s6u,Chacha。,あらぽん,raizou,s6u
20260422220915_0300,20260422220915,特上卓,0,0,1,s6u,Chacha。,あらぽん,raizou,Chacha。
20260422220915_0400,20260422220915,特上卓,0,0,2,s6u,Chacha。,あらぽん,raizou,あらぽん
20260422220915_0401,20260422220915,特上卓,1,0,2,s6u,Chacha。,あらぽん,raizou,あらぽん
20260422220915_0500,20260422220915,特上卓,0,0,3,s6u,Chacha。,あらぽん,raizou,raizou
20260422220915_0600,20260422220915,特上卓,0,0,0,s6u,Chacha。,あらぽん,raizou,s6u
20260422220915_0601,20260422220915,特上卓,1,0,0,s6u,Chacha。,あらぽん,raizou,s6u
20260422220915_0602,20260422220915,特上卓,2,0,0,s6u,Chacha。,あらぽん,raizou,s6u
20260422220915_0700,20260422220915,特上卓,0,0,1,s6u,Chacha。,あらぽん,raizou,Chacha。
20260422220915_0701,20260422220915,特上卓,1,0,1,s6u,Chacha。,あらぽん,raizou,Chacha。
20260422225716_0000,20260422225716,,0,0,2,s6u,ぐてぃ,初心忘れず,ひなのりく,初心忘れず
20260422225716_0001,20260422225716,,1,2,2,s6u,ぐてぃ,初心忘れず,ひなのりく,初心忘れず
20260422225716_0100,20260422225716,,0,0,3,s6u,ぐてぃ,初心忘れず,ひなのりく,ひなのりく
20260422225716_0201,20260422225716,,1,1,0,s6u,ぐてぃ,初心忘れず,ひなのりく,s6u
20260422225716_0302,20260422225716,,2,2,1,s6u,ぐてぃ,初心忘れず,ひなのりく,ぐてぃ
20260422225716_0400,20260422225716,,0,0,2,s6u,ぐてぃ,初心忘れず,ひなのりく,初心忘れず
20260422225716_0401,20260422225716,,1,0,2,s6u,ぐてぃ,初心忘れず,ひなのりく,初心忘れず
20260422225716_0502,20260422225716,,2,1,3,s6u,ぐてぃ,初心忘れず,ひなのりく,ひなのりく
20260422225716_0600,20260422225716,,0,0,0,s6u,ぐてぃ,初心忘れず,ひなのりく,s6u
20260422225716_0700,20260422225716,,0,0,1,s6u,ぐてぃ,初心忘れず,ひなのりく,ぐてぃ
20260422233423_0000,20260422233423,,0,0,0,s6u,mabui,ぐてぃ,でぃあすてぃま,s6u
20260422233423_0101,20260422233423,,1,2,1,s6u,mabui,ぐてぃ,でぃあすてぃま,mabui
20260422233423_0200,20260422233423,,0,0,2,s6u,mabui,ぐてぃ,でぃあすてぃま,ぐてぃ
20260422233423_0201,20260422233423,,1,0,2,s6u,mabui,ぐてぃ,でぃあすてぃま,ぐてぃ
20260422233423_0300,20260422233423,,0,0,3,s6u,mabui,ぐてぃ,でぃあすてぃま,でぃあすてぃま
20260422233423_0301,20260422233423,,1,0,3,s6u,mabui,ぐてぃ,でぃあすてぃま,でぃあすてぃま
20260422233423_0400,20260422233423,,0,0,0,s6u,mabui,ぐてぃ,でぃあすてぃま,s6u
20260422233423_0500,20260422233423,,0,0,1,s6u,mabui,ぐてぃ,でぃあすてぃま,mabui
20260422233423_0600,20260422233423,,0,0,2,s6u,mabui,ぐてぃ,でぃあすてぃま,ぐてぃ
20260422233423_0601,20260422233423,,1,0,2,s6u,mabui,ぐてぃ,でぃあすてぃま,ぐてぃ
20260422233423_0602,20260422233423,,2,0,2,s6u,mabui,ぐてぃ,でぃあすてぃま,ぐてぃ
20260423000217_0700,20260423000217,,0,0,3,s6u,mabui,ぐてぃ,でぃあすてぃま,でぃあすてぃま
20260423001614_0000,20260423001614,特上卓,0,0,3,s6u,これがふさふさ,米米男,採花賊,採花賊
20260423001614_0100,20260423001614,特上卓,0,0,0,s6u,これがふさふさ,米米男,採花賊,s6u
20260423001614_0101,20260423001614,特上卓,1,1,0,s6u,これがふさふさ,米米男,採花賊,s6u
20260423001614_0200,20260423001614,特上卓,0,0,1,s6u,これがふさふさ,米米男,採花賊,これがふさふさ
20260423001614_0300,20260423001614,特上卓,0,0,2,s6u,これがふさふさ,米米男,採花賊,米米男
20260423001614_0301,20260423001614,特上卓,1,0,2,s6u,これがふさふさ,米米男,採花賊,米米男
20260423001614_0400,20260423001614,特上卓,0,0,3,s6u,これがふさふさ,米米男,採花賊,採花賊
20260423001614_0500,20260423001614,特上卓,0,0,0,s6u,これがふさふさ,米米男,採花賊,s6u
20260423001614_0600,20260423001614,特上卓,0,0,1,s6u,これがふさふさ,米米男,採花賊,これがふさふさ
20260423001614_0701,20260423001614,特上卓,1,1,2,s6u,これがふさふさ,米米男,採花賊,米米男
20260423005053_0000,20260423005053,,0,0,3,s6u,vこもv,◯所恐怖症,やんわり,やんわり
20260423005053_0001,20260423005053,,1,0,3,s6u,vこもv,◯所恐怖症,やんわり,やんわり
20260423005053_0102,20260423005053,,2,1,0,s6u,vこもv,◯所恐怖症,やんわり,s6u
20260423005053_0103,20260423005053,,3,2,0,s6u,vこもv,◯所恐怖症,やんわり,s6u
20260423005053_0200,20260423005053,,0,0,1,s6u,vこもv,◯所恐怖症,やんわり,vこもv
20260423005053_0300,20260423005053,,0,0,2,s6u,vこもv,◯所恐怖症,やんわり,◯所恐怖症
20260423005053_0301,20260423005053,,1,0,2,s6u,vこもv,◯所恐怖症,やんわり,◯所恐怖症
20260423005053_0400,20260423005053,,0,0,3,s6u,vこもv,◯所恐怖症,やんわり,やんわり
20260423005053_0500,20260423005053,,0,0,0,s6u,vこもv,◯所恐怖症,やんわり,s6u
20260423005053_0600,20260423005053,,0,0,1,s6u,vこもv,◯所恐怖症,やんわり,vこもv
20260423005053_0700,20260423005053,,0,0,2,s6u,vこもv,◯所恐怖症,やんわり,◯所恐怖症
20260423012436_0000,20260423012436,,0,0,0,s6u,落合さん,甜菜麻将娜可,TK社長,s6u
20260423012436_0100,20260423012436,,0,0,1,s6u,落合さん,甜菜麻将娜可,TK社長,落合さん
20260423012436_0101,20260423012436,,1,0,1,s6u,落合さん,甜菜麻将娜可,TK社長,落合さん
20260423012436_0200,20260423012436,,0,0,2,s6u,落合さん,甜菜麻将娜可,TK社長,甜菜麻将娜可
20260423012436_0301,20260423012436,,1,1,3,s6u,落合さん,甜菜麻将娜可,TK社長,TK社長
20260423012436_0402,20260423012436,,2,2,0,s6u,落合さん,甜菜麻将娜可,TK社長,s6u
20260423012436_0403,20260423012436,,3,0,0,s6u,落合さん,甜菜麻将娜可,TK社長,s6u
20260423012436_0504,20260423012436,,4,1,1,s6u,落合さん,甜菜麻将娜可,TK社長,落合さん
20260423012436_0505,20260423012436,,5,0,1,s6u,落合さん,甜菜麻将娜可,TK社長,落合さん
20260423012436_0600,20260423012436,,0,0,2,s6u,落合さん,甜菜麻将娜可,TK社長,甜菜麻将娜可
20260423012436_0700,20260423012436,,0,0,3,s6u,落合さん,甜菜麻将娜可,TK社長,TK社長
20260423012436_0701,20260423012436,,1,0,3,s6u,落合さん,甜菜麻将娜可,TK社長,TK社長
20260423015023_0000,20260423015023,,0,0,1,s6u,夕凪永遠,壁牌,ファーストサマー,夕凪永遠
20260423015023_0001,20260423015023,,1,0,1,s6u,夕凪永遠,壁牌,ファーストサマー,夕凪永遠
20260423015023_0100,20260423015023,,0,0,2,s6u,夕凪永遠,壁牌,ファーストサマー,壁牌
20260423015023_0101,20260423015023,,1,0,2,s6u,夕凪永遠,壁牌,ファーストサマー,壁牌
20260423015023_0102,20260423015023,,2,0,2,s6u,夕凪永遠,壁牌,ファーストサマー,壁牌
20260423015023_0200,20260423015023,,0,0,3,s6u,夕凪永遠,壁牌,ファーストサマー,ファーストサマー
20260423015023_0201,20260423015023,,1,0,3,s6u,夕凪永遠,壁牌,ファーストサマー,ファーストサマー
20260423015023_0202,20260423015023,,2,0,3,s6u,夕凪永遠,壁牌,ファーストサマー,ファーストサマー
20260423015023_0300,20260423015023,,0,0,0,s6u,夕凪永遠,壁牌,ファーストサマー,s6u
20260423015023_0400,20260423015023,,0,0,1,s6u,夕凪永遠,壁牌,ファーストサマー,夕凪永遠
20260423015023_0401,20260423015023,,1,1,1,s6u,夕凪永遠,壁牌,ファーストサマー,夕凪永遠
20260423015023_0500,20260423015023,,0,0,2,s6u,夕凪永遠,壁牌,ファーストサマー,壁牌
20260423015023_0600,20260423015023,,0,0,3,s6u,夕凪永遠,壁牌,ファーストサマー,ファーストサマー
20260423015023_0601,20260423015023,,1,0,3,s6u,夕凪永遠,壁牌,ファーストサマー,ファーストサマー
20260423015023_0602,20260423015023,,2,2,3,s6u,夕凪永遠,壁牌,ファーストサマー,ファーストサマー
20260423015023_0603,20260423015023,,3,0,3,s6u,夕凪永遠,壁牌,ファーストサマー,ファーストサマー
20260423015023_0704,20260423015023,,4,1,0,s6u,夕凪永遠,壁牌,ファーストサマー,s6u
20260423023451_0000,20260423023451,特上卓,0,0,0,s6u,天江衣,おじさん応援団,nigaiki,s6u
20260423023451_0100,20260423023451,特上卓,0,0,1,s6u,天江衣,おじさん応援団,nigaiki,天江衣
20260423023451_0101,20260423023451,特上卓,1,0,1,s6u,天江衣,おじさん応援団,nigaiki,天江衣
20260423023451_0202,20260423023451,特上卓,2,1,2,s6u,天江衣,おじさん応援団,nigaiki,おじさん応援団
20260423023451_0300,20260423023451,特上卓,0,0,3,s6u,天江衣,おじさん応援団,nigaiki,nigaiki
20260423023451_0401,20260423023451,特上卓,1,1,0,s6u,天江衣,おじさん応援団,nigaiki,s6u
20260423023451_0402,20260423023451,特上卓,2,0,0,s6u,天江衣,おじさん応援団,nigaiki,s6u
20260423023451_0403,20260423023451,特上卓,3,0,0,s6u,天江衣,おじさん応援団,nigaiki,s6u
20260423023451_0500,20260423023451,特上卓,0,0,1,s6u,天江衣,おじさん応援団,nigaiki,天江衣
20260423023451_0600,20260423023451,特上卓,0,0,2,s6u,天江衣,おじさん応援団,nigaiki,おじさん応援団
20260423023451_0700,20260423023451,特上卓,0,0,3,s6u,天江衣,おじさん応援団,nigaiki,nigaiki
20260423220337_0000,20260423220337,特上卓,0,0,0,s6u,Sora888,ルテイン,げんぶ,s6u
20260423220337_0100,20260423220337,特上卓,0,0,1,s6u,Sora888,ルテイン,げんぶ,Sora888
20260423220337_0201,20260423220337,特上卓,1,1,2,s6u,Sora888,ルテイン,げんぶ,ルテイン
20260423220337_0202,20260423220337,特上卓,2,0,2,s6u,Sora888,ルテイン,げんぶ,ルテイン
20260423220337_0300,20260423220337,特上卓,0,0,3,s6u,Sora888,ルテイン,げんぶ,げんぶ
20260423220337_0301,20260423220337,特上卓,1,0,3,s6u,Sora888,ルテイン,げんぶ,げんぶ
20260423220337_0302,20260423220337,特上卓,2,0,3,s6u,Sora888,ルテイン,げんぶ,げんぶ
20260423220337_0400,20260423220337,特上卓,0,0,0,s6u,Sora888,ルテイン,げんぶ,s6u
20260423220337_0401,20260423220337,特上卓,1,1,0,s6u,Sora888,ルテイン,げんぶ,s6u
20260423220337_0402,20260423220337,特上卓,2,0,0,s6u,Sora888,ルテイン,げんぶ,s6u
20260423220337_0403,20260423220337,特上卓,3,1,0,s6u,Sora888,ルテイン,げんぶ,s6u
20260423220337_0500,20260423220337,特上卓,0,0,1,s6u,Sora888,ルテイン,げんぶ,Sora888
20260423220337_0600,20260423220337,特上卓,0,0,2,s6u,Sora888,ルテイン,げんぶ,ルテイン
20260423220337_0700,20260423220337,特上卓,0,0,3,s6u,Sora888,ルテイン,げんぶ,げんぶ
20260423224616_0000,20260423224616,,0,0,0,s6u,ちょっと考えます,モヒートかげやん,77は92,s6u
20260423224616_0100,20260423224616,,0,0,1,s6u,ちょっと考えます,モヒートかげやん,77は92,ちょっと考えます
20260423224616_0200,20260423224616,,0,0,2,s6u,ちょっと考えます,モヒートかげやん,77は92,モヒートかげやん
20260423224616_0301,20260423224616,,1,1,3,s6u,ちょっと考えます,モヒートかげやん,77は92,77は92
20260423224616_0302,20260423224616,,2,0,3,s6u,ちょっと考えます,モヒートかげやん,77は92,77は92
20260423224616_0400,20260423224616,,0,0,0,s6u,ちょっと考えます,モヒートかげやん,77は92,s6u
20260423224616_0401,20260423224616,,1,0,0,s6u,ちょっと考えます,モヒートかげやん,77は92,s6u
20260423231138_0000,20260423231138,,0,0,0,s6u,se@weed,しろこ,せんとら2024,s6u
20260423231138_0001,20260423231138,,1,0,0,s6u,se@weed,しろこ,せんとら2024,s6u
20260423231138_0100,20260423231138,,0,0,1,s6u,se@weed,しろこ,せんとら2024,se@weed
20260423231138_0200,20260423231138,,0,0,2,s6u,se@weed,しろこ,せんとら2024,しろこ
20260423231138_0300,20260423231138,,0,0,3,s6u,se@weed,しろこ,せんとら2024,せんとら2024
20260423231138_0301,20260423231138,,1,0,3,s6u,se@weed,しろこ,せんとら2024,せんとら2024
20260423231138_0400,20260423231138,,0,0,0,s6u,se@weed,しろこ,せんとら2024,s6u
20260423231138_0401,20260423231138,,1,0,0,s6u,se@weed,しろこ,せんとら2024,s6u
20260423231138_0500,20260423231138,,0,0,1,s6u,se@weed,しろこ,せんとら2024,se@weed
20260423231138_0600,20260423231138,,0,0,2,s6u,se@weed,しろこ,せんとら2024,しろこ
20260423231138_0700,20260423231138,,0,0,3,s6u,se@weed,しろこ,せんとら2024,せんとら2024
20260423231138_0701,20260423231138,,1,0,3,s6u,se@weed,しろこ,せんとら2024,せんとら2024
20260423231138_0703,20260423231138,,3,0,3,s6u,se@weed,しろこ,せんとら2024,せんとら2024
20260423235644_0000,20260423235644,,0,0,3,s6u,借分登天,桶聖,文化部アニキ,文化部アニキ
20260424000043_0101,20260424000043,,1,0,0,s6u,借分登天,桶聖,文化部アニキ,s6u
20260424000043_0200,20260424000043,,0,0,1,s6u,借分登天,桶聖,文化部アニキ,借分登天
20260424000043_0300,20260424000043,,0,0,2,s6u,借分登天,桶聖,文化部アニキ,桶聖
20260424000043_0302,20260424000043,,2,0,2,s6u,借分登天,桶聖,文化部アニキ,桶聖
20260424000043_0400,20260424000043,,0,0,3,s6u,借分登天,桶聖,文化部アニキ,文化部アニキ
20260424000043_0401,20260424000043,,1,2,3,s6u,借分登天,桶聖,文化部アニキ,文化部アニキ
20260424000043_0500,20260424000043,,0,0,0,s6u,借分登天,桶聖,文化部アニキ,s6u
20260424000043_0600,20260424000043,,0,0,1,s6u,借分登天,桶聖,文化部アニキ,借分登天
20260424000043_0700,20260424000043,,0,0,2,s6u,借分登天,桶聖,文化部アニキ,桶聖
20260424002736_0000,20260424002736,特上卓,0,0,3,s6u,ジークフリード,納豆卵かけご飯,OKC.,OKC.
20260424002736_0100,20260424002736,特上卓,0,0,0,s6u,ジークフリード,納豆卵かけご飯,OKC.,s6u
20260424002736_0200,20260424002736,特上卓,0,0,1,s6u,ジークフリード,納豆卵かけご飯,OKC.,ジークフリード
20260424002736_0300,20260424002736,特上卓,0,0,2,s6u,ジークフリード,納豆卵かけご飯,OKC.,納豆卵かけご飯
20260424002736_0301,20260424002736,特上卓,1,0,2,s6u,ジークフリード,納豆卵かけご飯,OKC.,納豆卵かけご飯
20260424002736_0400,20260424002736,特上卓,0,0,3,s6u,ジークフリード,納豆卵かけご飯,OKC.,OKC.
20260424002736_0500,20260424002736,特上卓,0,0,0,s6u,ジークフリード,納豆卵かけご飯,OKC.,s6u
20260424002736_0501,20260424002736,特上卓,1,1,0,s6u,ジークフリード,納豆卵かけご飯,OKC.,s6u
20260424002736_0600,20260424002736,特上卓,0,0,1,s6u,ジークフリード,納豆卵かけご飯,OKC.,ジークフリード
20260424002736_0601,20260424002736,特上卓,1,0,1,s6u,ジークフリード,納豆卵かけご飯,OKC.,ジークフリード
20260424002736_0700,20260424002736,特上卓,0,0,2,s6u,ジークフリード,納豆卵かけご飯,OKC.,納豆卵かけご飯
20260424010027_0000,20260424010027,,0,0,2,s6u,北岡くん,ねぎとろです。,gyunxan,ねぎとろです。
20260424010027_0001,20260424010027,,1,2,2,s6u,北岡くん,ねぎとろです。,gyunxan,ねぎとろです。
20260424010027_0002,20260424010027,,2,3,2,s6u,北岡くん,ねぎとろです。,gyunxan,ねぎとろです。
20260424010027_0100,20260424010027,,0,0,3,s6u,北岡くん,ねぎとろです。,gyunxan,gyunxan
20260424010027_0300,20260424010027,,0,0,1,s6u,北岡くん,ねぎとろです。,gyunxan,北岡くん
20260424010027_0400,20260424010027,,0,0,2,s6u,北岡くん,ねぎとろです。,gyunxan,ねぎとろです。
20260424010027_0500,20260424010027,,0,0,3,s6u,北岡くん,ねぎとろです。,gyunxan,gyunxan
20260424010027_0600,20260424010027,,0,0,0,s6u,北岡くん,ねぎとろです。,gyunxan,s6u
20260424010027_0701,20260424010027,,1,0,1,s6u,北岡くん,ねぎとろです。,gyunxan,北岡くん
20260424012957_0000,20260424012957,特上卓,0,0,0,s6u,poorR,初音ミク重音テト,Hoooot,s6u
20260424012957_0100,20260424012957,特上卓,0,0,1,s6u,poorR,初音ミク重音テト,Hoooot,poorR
20260424012957_0200,20260424012957,特上卓,0,0,2,s6u,poorR,初音ミク重音テト,Hoooot,初音ミク重音テト
20260424012957_0300,20260424012957,特上卓,0,0,3,s6u,poorR,初音ミク重音テト,Hoooot,Hoooot
20260424012957_0400,20260424012957,特上卓,0,0,0,s6u,poorR,初音ミク重音テト,Hoooot,s6u
20260424012957_0500,20260424012957,特上卓,0,0,1,s6u,poorR,初音ミク重音テト,Hoooot,poorR
20260424012957_0501,20260424012957,特上卓,1,0,1,s6u,poorR,初音ミク重音テト,Hoooot,poorR
20260424012957_0600,20260424012957,特上卓,0,0,2,s6u,poorR,初音ミク重音テト,Hoooot,初音ミク重音テト
20260424012957_0700,20260424012957,特上卓,0,0,3,s6u,poorR,初音ミク重音テト,Hoooot,Hoooot
20260424020947_0000,20260424020947,,0,0,0,s6u,恋月夜,"[X,P]=i",BENZENY,s6u
20260424020947_0100,20260424020947,,0,0,1,s6u,恋月夜,"[X,P]=i",BENZENY,恋月夜
20260424020947_0101,20260424020947,,1,0,1,s6u,恋月夜,"[X,P]=i",BENZENY,恋月夜
20260424020947_0200,20260424020947,,0,0,2,s6u,恋月夜,"[X,P]=i",BENZENY,"[X,P]=i"
20260424020947_0201,20260424020947,,1,0,2,s6u,恋月夜,"[X,P]=i",BENZENY,"[X,P]=i"
20260424020947_0300,20260424020947,,0,0,3,s6u,恋月夜,"[X,P]=i",BENZENY,BENZENY
20260424020947_0400,20260424020947,,0,0,0,s6u,恋月夜,"[X,P]=i",BENZENY,s6u
20260424020947_0500,20260424020947,,0,0,1,s6u,恋月夜,"[X,P]=i",BENZENY,恋月夜
20260424020947_0600,20260424020947,,0,0,2,s6u,恋月夜,"[X,P]=i",BENZENY,"[X,P]=i"
20260424020947_0601,20260424020947,,1,0,2,s6u,恋月夜,"[X,P]=i",BENZENY,"[X,P]=i"
20260424020947_0700,20260424020947,,0,0,3,s6u,恋月夜,"[X,P]=i",BENZENY,BENZENY
20260424020947_0701,20260424020947,,1,0,3,s6u,恋月夜,"[X,P]=i",BENZENY,BENZENY
20260424171156_0000,20260424171156,特上卓,0,0,1,s6u,カニエ東,白い獅子,モスグリーン@秋,カニエ東
20260424171156_0100,20260424171156,特上卓,0,0,2,s6u,カニエ東,白い獅子,モスグリーン@秋,白い獅子
20260424171156_0200,20260424171156,特上卓,0,0,3,s6u,カニエ東,白い獅子,モスグリーン@秋,モスグリーン@秋
20260424171156_0201,20260424171156,特上卓,1,0,3,s6u,カニエ東,白い獅子,モスグリーン@秋,モスグリーン@秋
20260424171156_0202,20260424171156,特上卓,2,2,3,s6u,カニエ東,白い獅子,モスグリーン@秋,モスグリーン@秋
20260424171156_0300,20260424171156,特上卓,0,0,0,s6u,カニエ東,白い獅子,モスグリーン@秋,s6u
20260424171156_0301,20260424171156,特上卓,1,1,0,s6u,カニエ東,白い獅子,モスグリーン@秋,s6u
20260424171156_0400,20260424171156,特上卓,0,0,1,s6u,カニエ東,白い獅子,モスグリーン@秋,カニエ東
20260424171156_0500,20260424171156,特上卓,0,0,2,s6u,カニエ東,白い獅子,モスグリーン@秋,白い獅子
20260424171156_0501,20260424171156,特上卓,1,0,2,s6u,カニエ東,白い獅子,モスグリーン@秋,白い獅子
20260424171156_0600,20260424171156,特上卓,0,0,3,s6u,カニエ東,白い獅子,モスグリーン@秋,モスグリーン@秋
20260424171156_0601,20260424171156,特上卓,1,0,3,s6u,カニエ東,白い獅子,モスグリーン@秋,モスグリーン@秋
20260424171156_0700,20260424171156,特上卓,0,0,0,s6u,カニエ東,白い獅子,モスグリーン@秋,s6u
20260424181246_0000,20260424181246,特上卓,0,0,3,s6u,嵐っさあ,Sonata,ヤジロベー,ヤジロベー
20260424181246_0001,20260424181246,特上卓,1,0,3,s6u,嵐っさあ,Sonata,ヤジロベー,ヤジロベー
20260424181246_0002,20260424181246,特上卓,2,0,3,s6u,嵐っさあ,Sonata,ヤジロベー,ヤジロベー
20260424181246_0103,20260424181246,特上卓,3,1,0,s6u,嵐っさあ,Sonata,ヤジロベー,s6u
20260424181246_0104,20260424181246,特上卓,4,0,0,s6u,嵐っさあ,Sonata,ヤジロベー,s6u
20260424181246_0105,20260424181246,特上卓,5,0,0,s6u,嵐っさあ,Sonata,ヤジロベー,s6u
20260424181246_0200,20260424181246,特上卓,0,0,1,s6u,嵐っさあ,Sonata,ヤジロベー,嵐っさあ
20260424181246_0201,20260424181246,特上卓,1,0,1,s6u,嵐っさあ,Sonata,ヤジロベー,嵐っさあ
20260424181246_0202,20260424181246,特上卓,2,0,1,s6u,嵐っさあ,Sonata,ヤジロベー,嵐っさあ
20260424181246_0300,20260424181246,特上卓,0,0,2,s6u,嵐っさあ,Sonata,ヤジロベー,Sonata
20260424181246_0301,20260424181246,特上卓,1,1,2,s6u,嵐っさあ,Sonata,ヤジロベー,Sonata
20260424181246_0400,20260424181246,特上卓,0,0,3,s6u,嵐っさあ,Sonata,ヤジロベー,ヤジロベー
20260424181246_0500,20260424181246,特上卓,0,0,0,s6u,嵐っさあ,Sonata,ヤジロベー,s6u
20260424181246_0501,20260424181246,特上卓,1,0,0,s6u,嵐っさあ,Sonata,ヤジロベー,s6u
20260424181246_0602,20260424181246,特上卓,2,1,1,s6u,嵐っさあ,Sonata,ヤジロベー,嵐っさあ
20260424181246_0603,20260424181246,特上卓,3,0,1,s6u,嵐っさあ,Sonata,ヤジロベー,嵐っさあ
20260424181246_0604,20260424181246,特上卓,4,0,1,s6u,嵐っさあ,Sonata,ヤジロベー,嵐っさあ
20260424181246_0700,20260424181246,特上卓,0,0,2,s6u,嵐っさあ,Sonata,ヤジロベー,Sonata
20260424202449_0000,20260424202449,特上卓,0,0,1,s6u,ももあおいか,雀男あをによし,SONGWEN,ももあおいか
20260424202449_0100,20260424202449,特上卓,0,0,2,s6u,ももあおいか,雀男あをによし,SONGWEN,雀男あをによし
20260424202449_0200,20260424202449,特上卓,0,0,3,s6u,ももあおいか,雀男あをによし,SONGWEN,SONGWEN
20260424202449_0300,20260424202449,特上卓,0,0,0,s6u,ももあおいか,雀男あをによし,SONGWEN,s6u
20260424202449_0401,20260424202449,特上卓,1,1,1,s6u,ももあおいか,雀男あをによし,SONGWEN,ももあおいか
20260424202449_0500,20260424202449,特上卓,0,0,2,s6u,ももあおいか,雀男あをによし,SONGWEN,雀男あをによし
20260424202449_0600,20260424202449,特上卓,0,0,3,s6u,ももあおいか,雀男あをによし,SONGWEN,SONGWEN
20260424202449_0700,20260424202449,特上卓,0,0,0,s6u,ももあおいか,雀男あをによし,SONGWEN,s6u
20260424204858_0000,20260424204858,,0,0,0,s6u,守りができない,スディポール,でんでんき,s6u
20260424204858_0100,20260424204858,,0,0,1,s6u,守りができない,スディポール,でんでんき,守りができない
20260424204858_0200,20260424204858,,0,0,2,s6u,守りができない,スディポール,でんでんき,スディポール
20260424204858_0202,20260424204858,,2,0,2,s6u,守りができない,スディポール,でんでんき,スディポール
20260424204858_0300,20260424204858,,0,0,3,s6u,守りができない,スディポール,でんでんき,でんでんき
20260424204858_0301,20260424204858,,1,1,3,s6u,守りができない,スディポール,でんでんき,でんでんき
20260424204858_0400,20260424204858,,0,0,0,s6u,守りができない,スディポール,でんでんき,s6u
20260424204858_0500,20260424204858,,0,0,1,s6u,守りができない,スディポール,でんでんき,守りができない
20260424212243_0000,20260424212243,特上卓,0,0,2,s6u,ちゅうげ,えぎおう,sample33,えぎおう
20260424212243_0100,20260424212243,特上卓,0,0,3,s6u,ちゅうげ,えぎおう,sample33,sample33
20260424212243_0101,20260424212243,特上卓,1,0,3,s6u,ちゅうげ,えぎおう,sample33,sample33
20260424212243_0202,20260424212243,特上卓,2,0,0,s6u,ちゅうげ,えぎおう,sample33,s6u
20260424212243_0303,20260424212243,特上卓,3,1,1,s6u,ちゅうげ,えぎおう,sample33,ちゅうげ
20260424212243_0304,20260424212243,特上卓,4,0,1,s6u,ちゅうげ,えぎおう,sample33,ちゅうげ
20260424212243_0400,20260424212243,特上卓,0,0,2,s6u,ちゅうげ,えぎおう,sample33,えぎおう
20260424212243_0401,20260424212243,特上卓,1,0,2,s6u,ちゅうげ,えぎおう,sample33,えぎおう
20260424212243_0402,20260424212243,特上卓,2,0,2,s6u,ちゅうげ,えぎおう,sample33,えぎおう
20260424212243_0500,20260424212243,特上卓,0,0,3,s6u,ちゅうげ,えぎおう,sample33,sample33
20260424212243_0501,20260424212243,特上卓,1,1,3,s6u,ちゅうげ,えぎおう,sample33,sample33
20260424212243_0502,20260424212243,特上卓,2,0,3,s6u,ちゅうげ,えぎおう,sample33,sample33
20260424212243_0600,20260424212243,特上卓,0,0,0,s6u,ちゅうげ,えぎおう,sample33,s6u
20260424212243_0700,20260424212243,特上卓,0,0,1,s6u,ちゅうげ,えぎおう,sample33,ちゅうげ
20260424212243_0701,20260424212243,特上卓,1,0,1,s6u,ちゅうげ,えぎおう,sample33,ちゅうげ
20260424221257_0000,20260424221257,特上卓,0,0,0,s6u,生理周期スコアラ,二四田,イエッサン,s6u
20260424221257_0101,20260424221257,特上卓,1,1,1,s6u,生理周期スコアラ,二四田,イエッサン,生理周期スコアラ
20260424221257_0102,20260424221257,特上卓,2,0,1,s6u,生理周期スコアラ,二四田,イエッサン,生理周期スコアラ
20260424221257_0200,20260424221257,特上卓,0,0,2,s6u,生理周期スコアラ,二四田,イエッサン,二四田
20260424221257_0300,20260424221257,特上卓,0,0,3,s6u,生理周期スコアラ,二四田,イエッサン,イエッサン
20260424221257_0400,20260424221257,特上卓,0,0,0,s6u,生理周期スコアラ,二四田,イエッサン,s6u
20260424221257_0401,20260424221257,特上卓,1,0,0,s6u,生理周期スコアラ,二四田,イエッサン,s6u
20260424221257_0500,20260424221257,特上卓,0,0,1,s6u,生理周期スコアラ,二四田,イエッサン,生理周期スコアラ
20260424221257_0600,20260424221257,特上卓,0,0,2,s6u,生理周期スコアラ,二四田,イエッサン,二四田
20260424221257_0601,20260424221257,特上卓,1,1,2,s6u,生理周期スコアラ,二四田,イエッサン,二四田
20260424221257_0602,20260424221257,特上卓,2,0,2,s6u,生理周期スコアラ,二四田,イエッサン,二四田
20260424221257_0700,20260424221257,特上卓,0,0,3,s6u,生理周期スコアラ,二四田,イエッサン,イエッサン
20260424225519_0000,20260424225519,特上卓,0,0,1,s6u,AZ丼,かもめメトロ,Nanoah,AZ丼
20260424225519_0100,20260424225519,特上卓,0,0,2,s6u,AZ丼,かもめメトロ,Nanoah,かもめメトロ
20260424225519_0200,20260424225519,特上卓,0,0,3,s6u,AZ丼,かもめメトロ,Nanoah,Nanoah
20260424225519_0300,20260424225519,特上卓,0,0,0,s6u,AZ丼,かもめメトロ,Nanoah,s6u
20260424225519_0503,20260424225519,特上卓,3,1,2,s6u,AZ丼,かもめメトロ,Nanoah,かもめメトロ
20260424225519_0600,20260424225519,特上卓,0,0,3,s6u,AZ丼,かもめメトロ,Nanoah,Nanoah
20260424225519_0700,20260424225519,特上卓,0,0,0,s6u,AZ丼,かもめメトロ,Nanoah,s6u
20260424233301_0000,20260424233301,,0,0,0,s6u,タコ中のタコ,ほそだるま１１１,un1queue,s6u
20260424233301_0001,20260424233301,,1,0,0,s6u,タコ中のタコ,ほそだるま１１１,un1queue,s6u
20260424233301_0002,20260424233301,,2,0,0,s6u,タコ中のタコ,ほそだるま１１１,un1queue,s6u
20260424233301_0100,20260424233301,,0,0,1,s6u,タコ中のタコ,ほそだるま１１１,un1queue,タコ中のタコ
20260424233301_0200,20260424233301,,0,0,2,s6u,タコ中のタコ,ほそだるま１１１,un1queue,ほそだるま１１１
20260424233301_0300,20260424233301,,0,0,3,s6u,タコ中のタコ,ほそだるま１１１,un1queue,un1queue
20260424233301_0301,20260424233301,,1,1,3,s6u,タコ中のタコ,ほそだるま１１１,un1queue,un1queue
20260425000002_0400,20260425000002,,0,0,0,s6u,タコ中のタコ,ほそだるま１１１,un1queue,s6u
20260425000002_0500,20260425000002,,0,0,1,s6u,タコ中のタコ,ほそだるま１１１,un1queue,タコ中のタコ
20260425000002_0600,20260425000002,,0,0,2,s6u,タコ中のタコ,ほそだるま１１１,un1queue,ほそだるま１１１
20260425000002_0700,20260425000002,,0,0,3,s6u,タコ中のタコ,ほそだるま１１１,un1queue,un1queue
20260425001514_0000,20260425001514,特上卓,0,0,0,s6u,namake05,banpapa,ソピテル,s6u
20260425001514_0100,20260425001514,特上卓,0,0,1,s6u,namake05,banpapa,ソピテル,namake05
20260425001514_0101,20260425001514,特上卓,1,0,1,s6u,namake05,banpapa,ソピテル,namake05
20260425001514_0102,20260425001514,特上卓,2,0,1,s6u,namake05,banpapa,ソピテル,namake05
20260425002253_0000,20260425002253,,0,0,3,s6u,重ねた脂肪加速,MartenTT,神仙酵素,神仙酵素
20260425002253_0100,20260425002253,,0,0,0,s6u,重ねた脂肪加速,MartenTT,神仙酵素,s6u
20260425002253_0200,20260425002253,,0,0,1,s6u,重ねた脂肪加速,MartenTT,神仙酵素,重ねた脂肪加速
20260425002253_0201,20260425002253,,1,0,1,s6u,重ねた脂肪加速,MartenTT,神仙酵素,重ねた脂肪加速
20260425002253_0300,20260425002253,,0,0,2,s6u,重ねた脂肪加速,MartenTT,神仙酵素,MartenTT
20260425002253_0400,20260425002253,,0,0,3,s6u,重ねた脂肪加速,MartenTT,神仙酵素,神仙酵素
20260425002253_0500,20260425002253,,0,0,0,s6u,重ねた脂肪加速,MartenTT,神仙酵素,s6u
20260425002253_0800,20260425002253,,0,0,3,s6u,重ねた脂肪加速,MartenTT,神仙酵素,神仙酵素
20260425005316_0000,20260425005316,特上卓,0,0,3,s6u,Alessia,ちぃうし,c.c-v.v,c.c-v.v
20260425005316_0001,20260425005316,特上卓,1,1,3,s6u,Alessia,ちぃうし,c.c-v.v,c.c-v.v
20260425005316_0100,20260425005316,特上卓,0,0,0,s6u,Alessia,ちぃうし,c.c-v.v,s6u
20260425005316_0200,20260425005316,特上卓,0,0,1,s6u,Alessia,ちぃうし,c.c-v.v,Alessia
20260425005316_0300,20260425005316,特上卓,0,0,2,s6u,Alessia,ちぃうし,c.c-v.v,ちぃうし
20260425005316_0400,20260425005316,特上卓,0,0,3,s6u,Alessia,ちぃうし,c.c-v.v,c.c-v.v
20260425005316_0500,20260425005316,特上卓,0,0,0,s6u,Alessia,ちぃうし,c.c-v.v,s6u
20260425005316_0501,20260425005316,特上卓,1,1,0,s6u,Alessia,ちぃうし,c.c-v.v,s6u
20260425005316_0502,20260425005316,特上卓,2,1,0,s6u,Alessia,ちぃうし,c.c-v.v,s6u
20260425005316_0503,20260425005316,特上卓,3,0,0,s6u,Alessia,ちぃうし,c.c-v.v,s6u
20260425012037_0000,20260425012037,,0,0,1,s6u,aki-na22,144514,ほしのてつろう,aki-na22
20260425012037_0100,20260425012037,,0,0,2,s6u,aki-na22,144514,ほしのてつろう,144514
20260425012037_0200,20260425012037,,0,0,3,s6u,aki-na22,144514,ほしのてつろう,ほしのてつろう
20260425012037_0301,20260425012037,,1,1,0,s6u,aki-na22,144514,ほしのてつろう,s6u
20260425012037_0400,20260425012037,,0,0,1,s6u,aki-na22,144514,ほしのてつろう,aki-na22
20260425012037_0500,20260425012037,,0,0,2,s6u,aki-na22,144514,ほしのてつろう,144514
20260425012037_0600,20260425012037,,0,0,3,s6u,aki-na22,144514,ほしのてつろう,ほしのてつろう
20260425012037_0700,20260425012037,,0,0,0,s6u,aki-na22,144514,ほしのてつろう,s6u
20260425015315_0000,20260425015315,,0,0,2,s6u,万事屋有ちゃん,トガヒミコ,ピッチー,トガヒミコ
20260425015315_0100,20260425015315,,0,0,3,s6u,万事屋有ちゃん,トガヒミコ,ピッチー,ピッチー
20260425015315_0101,20260425015315,,1,0,3,s6u,万事屋有ちゃん,トガヒミコ,ピッチー,ピッチー
20260425015315_0202,20260425015315,,2,0,0,s6u,万事屋有ちゃん,トガヒミコ,ピッチー,s6u
20260425015315_0300,20260425015315,,0,0,1,s6u,万事屋有ちゃん,トガヒミコ,ピッチー,万事屋有ちゃん
20260425015315_0400,20260425015315,,0,0,2,s6u,万事屋有ちゃん,トガヒミコ,ピッチー,トガヒミコ
20260425015315_0401,20260425015315,,1,0,2,s6u,万事屋有ちゃん,トガヒミコ,ピッチー,トガヒミコ
20260425015315_0500,20260425015315,,0,0,3,s6u,万事屋有ちゃん,トガヒミコ,ピッチー,ピッチー
20260425015315_0601,20260425015315,,1,1,0,s6u,万事屋有ちゃん,トガヒミコ,ピッチー,s6u
20260425015315_0700,20260425015315,,0,0,1,s6u,万事屋有ちゃん,トガヒミコ,ピッチー,万事屋有ちゃん
20260425015315_0701,20260425015315,,1,0,1,s6u,万事屋有ちゃん,トガヒミコ,ピッチー,万事屋有ちゃん
20260425022817_0000,20260425022817,,0,0,2,s6u,Tak-e,玉米大王,弥海砂,玉米大王
20260425022817_0001,20260425022817,,1,0,2,s6u,Tak-e,玉米大王,弥海砂,玉米大王
20260425022817_0100,20260425022817,,0,0,3,s6u,Tak-e,玉米大王,弥海砂,弥海砂
20260425022817_0200,20260425022817,,0,0,0,s6u,Tak-e,玉米大王,弥海砂,s6u
20260425022817_0300,20260425022817,,0,0,1,s6u,Tak-e,玉米大王,弥海砂,Tak-e
20260425022817_0400,20260425022817,,0,0,2,s6u,Tak-e,玉米大王,弥海砂,玉米大王
20260425022817_0500,20260425022817,,0,0,3,s6u,Tak-e,玉米大王,弥海砂,弥海砂
20260425022817_0600,20260425022817,,0,0,0,s6u,Tak-e,玉米大王,弥海砂,s6u
20260425022817_0700,20260425022817,,0,0,1,s6u,Tak-e,玉米大王,弥海砂,Tak-e
20260425025059_0000,20260425025059,,0,0,0,s6u,追憶の庭,こーへい。,sebukich,s6u
20260425025059_0100,20260425025059,,0,0,1,s6u,追憶の庭,こーへい。,sebukich,追憶の庭
20260425025059_0101,20260425025059,,1,0,1,s6u,追憶の庭,こーへい。,sebukich,追憶の庭
20260425025059_0200,20260425025059,,0,0,2,s6u,追憶の庭,こーへい。,sebukich,こーへい。
20260425025059_0300,20260425025059,,0,0,3,s6u,追憶の庭,こーへい。,sebukich,sebukich
20260425025059_0400,20260425025059,,0,0,0,s6u,追憶の庭,こーへい。,sebukich,s6u
20260425025059_0401,20260425025059,,1,0,0,s6u,追憶の庭,こーへい。,sebukich,s6u
20260425025059_0500,20260425025059,,0,0,1,s6u,追憶の庭,こーへい。,sebukich,追憶の庭
20260425025059_0600,20260425025059,,0,0,2,s6u,追憶の庭,こーへい。,sebukich,こーへい。
20260425025059_0601,20260425025059,,1,0,2,s6u,追憶の庭,こーへい。,sebukich,こーへい。
20260425025059_0702,20260425025059,,2,1,3,s6u,追憶の庭,こーへい。,sebukich,sebukich
20260425032615_0000,20260425032615,,0,0,1,s6u,TacoYaki,煌めく春,CSU日麻小高手,TacoYaki
20260425032615_0100,20260425032615,,0,0,2,s6u,TacoYaki,煌めく春,CSU日麻小高手,煌めく春
20260425032615_0200,20260425032615,,0,0,3,s6u,TacoYaki,煌めく春,CSU日麻小高手,CSU日麻小高手
20260425032615_0201,20260425032615,,1,0,3,s6u,TacoYaki,煌めく春,CSU日麻小高手,CSU日麻小高手
20260425032615_0300,20260425032615,,0,0,0,s6u,TacoYaki,煌めく春,CSU日麻小高手,s6u
20260425032615_0401,20260425032615,,1,1,1,s6u,TacoYaki,煌めく春,CSU日麻小高手,TacoYaki
20260425032615_0502,20260425032615,,2,1,2,s6u,TacoYaki,煌めく春,CSU日麻小高手,煌めく春
20260425032615_0600,20260425032615,,0,0,3,s6u,TacoYaki,煌めく春,CSU日麻小高手,CSU日麻小高手
20260425032615_0700,20260425032615,,0,0,0,s6u,TacoYaki,煌めく春,CSU日麻小高手,s6u
20260425040728_0000,20260425040728,,0,0,1,s6u,アマゾン川,有栖槙,ちゃかちゃか,アマゾン川
20260425040728_0100,20260425040728,,0,0,2,s6u,アマゾン川,有栖槙,ちゃかちゃか,有栖槙
20260425040728_0200,20260425040728,,0,0,3,s6u,アマゾン川,有栖槙,ちゃかちゃか,ちゃかちゃか
20260425040728_0301,20260425040728,,1,1,0,s6u,アマゾン川,有栖槙,ちゃかちゃか,s6u
20260425040728_0400,20260425040728,,0,0,1,s6u,アマゾン川,有栖槙,ちゃかちゃか,アマゾン川
20260425040728_0500,20260425040728,,0,0,2,s6u,アマゾン川,有栖槙,ちゃかちゃか,有栖槙
20260425040728_0600,20260425040728,,0,0,3,s6u,アマゾン川,有栖槙,ちゃかちゃか,ちゃかちゃか
20260425040728_0601,20260425040728,,1,0,3,s6u,アマゾン川,有栖槙,ちゃかちゃか,ちゃかちゃか
20260425040728_0700,20260425040728,,0,0,0,s6u,アマゾン川,有栖槙,ちゃかちゃか,s6u
20260425043253_0000,20260425043253,,0,0,0,s6u,これが答えだ,ほそだるま１１１,こころのせんせい,s6u
20260425043253_0100,20260425043253,,0,0,1,s6u,これが答えだ,ほそだるま１１１,こころのせんせい,これが答えだ
20260425043253_0101,20260425043253,,1,0,1,s6u,これが答えだ,ほそだるま１１１,こころのせんせい,これが答えだ
20260425043253_0200,20260425043253,,0,0,2,s6u,これが答えだ,ほそだるま１１１,こころのせんせい,ほそだるま１１１
20260425043253_0300,20260425043253,,0,0,3,s6u,これが答えだ,ほそだるま１１１,こころのせんせい,こころのせんせい
20260425043253_0400,20260425043253,,0,0,0,s6u,これが答えだ,ほそだるま１１１,こころのせんせい,s6u
20260425043253_0500,20260425043253,,0,0,1,s6u,これが答えだ,ほそだるま１１１,こころのせんせい,これが答えだ
20260425043253_0601,20260425043253,,1,1,2,s6u,これが答えだ,ほそだるま１１１,こころのせんせい,ほそだるま１１１
20260425043253_0700,20260425043253,,0,0,3,s6u,これが答えだ,ほそだるま１１１,こころのせんせい,こころのせんせい
20260425050329_0000,20260425050329,,0,0,1,s6u,卓上のチワワ,kurinobu,ミスターナイス,卓上のチワワ
20260425050329_0100,20260425050329,,0,0,2,s6u,卓上のチワワ,kurinobu,ミスターナイス,kurinobu
20260425050329_0200,20260425050329,,0,0,3,s6u,卓上のチワワ,kurinobu,ミスターナイス,ミスターナイス
20260425050329_0300,20260425050329,,0,0,0,s6u,卓上のチワワ,kurinobu,ミスターナイス,s6u
20260425050329_0400,20260425050329,,0,0,1,s6u,卓上のチワワ,kurinobu,ミスターナイス,卓上のチワワ
20260425050329_0500,20260425050329,,0,0,2,s6u,卓上のチワワ,kurinobu,ミスターナイス,kurinobu
20260425050329_0600,20260425050329,,0,0,3,s6u,卓上のチワワ,kurinobu,ミスターナイス,ミスターナイス
20260425050329_0601,20260425050329,,1,0,3,s6u,卓上のチワワ,kurinobu,ミスターナイス,ミスターナイス
20260425050329_0602,20260425050329,,2,1,3,s6u,卓上のチワワ,kurinobu,ミスターナイス,ミスターナイス
20260425050329_0700,20260425050329,,0,0,0,s6u,卓上のチワワ,kurinobu,ミスターナイス,s6u
20260425054734_0000,20260425054734,特上卓,0,0,2,s6u,"[X,P]=i",xbking,旭日天尊,xbking
20260425054734_0100,20260425054734,特上卓,0,0,3,s6u,"[X,P]=i",xbking,旭日天尊,旭日天尊
20260425054734_0101,20260425054734,特上卓,1,0,3,s6u,"[X,P]=i",xbking,旭日天尊,旭日天尊
20260425054734_0200,20260425054734,特上卓,0,0,0,s6u,"[X,P]=i",xbking,旭日天尊,s6u
20260425054734_0201,20260425054734,特上卓,1,0,0,s6u,"[X,P]=i",xbking,旭日天尊,s6u
20260425054734_0300,20260425054734,特上卓,0,0,1,s6u,"[X,P]=i",xbking,旭日天尊,"[X,P]=i"
20260425054734_0400,20260425054734,特上卓,0,0,2,s6u,"[X,P]=i",xbking,旭日天尊,xbking
20260425054734_0500,20260425054734,特上卓,0,0,3,s6u,"[X,P]=i",xbking,旭日天尊,旭日天尊
20260425054734_0600,20260425054734,特上卓,0,0,0,s6u,"[X,P]=i",xbking,旭日天尊,s6u
20260425054734_0700,20260425054734,特上卓,0,0,1,s6u,"[X,P]=i",xbking,旭日天尊,"[X,P]=i"
20260425061405_0000,20260425061405,,0,0,0,s6u,兔子,つかぞう３,shuboss,s6u
20260425061405_0100,20260425061405,,0,0,1,s6u,兔子,つかぞう３,shuboss,兔子
20260425061405_0200,20260425061405,,0,0,2,s6u,兔子,つかぞう３,shuboss,つかぞう３
20260425061405_0201,20260425061405,,1,2,2,s6u,兔子,つかぞう３,shuboss,つかぞう３
20260425061405_0202,20260425061405,,2,0,2,s6u,兔子,つかぞう３,shuboss,つかぞう３
20260425061405_0300,20260425061405,,0,0,3,s6u,兔子,つかぞう３,shuboss,shuboss
20260425061405_0301,20260425061405,,1,0,3,s6u,兔子,つかぞう３,shuboss,shuboss
20260425061405_0302,20260425061405,,2,0,3,s6u,兔子,つかぞう３,shuboss,shuboss
20260425061405_0400,20260425061405,,0,0,0,s6u,兔子,つかぞう３,shuboss,s6u
20260425061405_0401,20260425061405,,1,0,0,s6u,兔子,つかぞう３,shuboss,s6u
20260425061405_0500,20260425061405,,0,0,1,s6u,兔子,つかぞう３,shuboss,兔子
20260425061405_0600,20260425061405,,0,0,2,s6u,兔子,つかぞう３,shuboss,つかぞう３
20260425061405_0700,20260425061405,,0,0,3,s6u,兔子,つかぞう３,shuboss,shuboss
20260425065115_0000,20260425065115,,0,0,2,s6u,TacoYaki,兔子,暴走牌ver2,兔子
20260425065115_0100,20260425065115,,0,0,3,s6u,TacoYaki,兔子,暴走牌ver2,暴走牌ver2
20260425065115_0200,20260425065115,,0,0,0,s6u,TacoYaki,兔子,暴走牌ver2,s6u
20260425065115_0201,20260425065115,,1,0,0,s6u,TacoYaki,兔子,暴走牌ver2,s6u
20260425065115_0300,20260425065115,,0,0,1,s6u,TacoYaki,兔子,暴走牌ver2,TacoYaki
20260425065115_0400,20260425065115,,0,0,2,s6u,TacoYaki,兔子,暴走牌ver2,兔子
20260425065115_0500,20260425065115,,0,0,3,s6u,TacoYaki,兔子,暴走牌ver2,暴走牌ver2
20260425065115_0600,20260425065115,,0,0,0,s6u,TacoYaki,兔子,暴走牌ver2,s6u
20260425065115_0601,20260425065115,,1,0,0,s6u,TacoYaki,兔子,暴走牌ver2,s6u
20260425065115_0602,20260425065115,,2,0,0,s6u,TacoYaki,兔子,暴走牌ver2,s6u
20260425065115_0700,20260425065115,,0,0,1,s6u,TacoYaki,兔子,暴走牌ver2,TacoYaki
20260425065115_0701,20260425065115,,1,0,1,s6u,TacoYaki,兔子,暴走牌ver2,TacoYaki
20260425072443_0000,20260425072443,,0,0,0,s6u,しまおーー,におさとる,鈴木一浪,s6u
20260425072443_0100,20260425072443,,0,0,1,s6u,しまおーー,におさとる,鈴木一浪,しまおーー
20260425072443_0200,20260425072443,,0,0,2,s6u,しまおーー,におさとる,鈴木一浪,におさとる
20260425072443_0300,20260425072443,,0,0,3,s6u,しまおーー,におさとる,鈴木一浪,鈴木一浪
20260425072443_0400,20260425072443,,0,0,0,s6u,しまおーー,におさとる,鈴木一浪,s6u
20260425072443_0401,20260425072443,,1,0,0,s6u,しまおーー,におさとる,鈴木一浪,s6u
20260425072443_0500,20260425072443,,0,0,1,s6u,しまおーー,におさとる,鈴木一浪,しまおーー
20260425074308_0000,20260425074308,,0,0,0,s6u,是政の夕陽,fog1ess,にがトマトマト,s6u
20260425074308_0101,20260425074308,,1,0,1,s6u,是政の夕陽,fog1ess,にがトマトマト,是政の夕陽
20260425074308_0200,20260425074308,,0,0,2,s6u,是政の夕陽,fog1ess,にがトマトマト,fog1ess
20260425074308_0300,20260425074308,,0,0,3,s6u,是政の夕陽,fog1ess,にがトマトマト,にがトマトマト
20260425074308_0400,20260425074308,,0,0,0,s6u,是政の夕陽,fog1ess,にがトマトマト,s6u
20260425074308_0401,20260425074308,,1,0,0,s6u,是政の夕陽,fog1ess,にがトマトマト,s6u
20260425074308_0500,20260425074308,,0,0,1,s6u,是政の夕陽,fog1ess,にがトマトマト,是政の夕陽
20260425074308_0601,20260425074308,,1,1,2,s6u,是政の夕陽,fog1ess,にがトマトマト,fog1ess
20260425074308_0602,20260425074308,,2,0,2,s6u,是政の夕陽,fog1ess,にがトマトマト,fog1ess
20260425074308_0700,20260425074308,,0,0,3,s6u,是政の夕陽,fog1ess,にがトマトマト,にがトマトマト
20260425081057_0000,20260425081057,,0,0,2,s6u,カミナリ,是政の夕陽,鉄人サダ,是政の夕陽
20260425081057_0001,20260425081057,,1,0,2,s6u,カミナリ,是政の夕陽,鉄人サダ,是政の夕陽
20260425081057_0100,20260425081057,,0,0,3,s6u,カミナリ,是政の夕陽,鉄人サダ,鉄人サダ
20260425081057_0200,20260425081057,,0,0,0,s6u,カミナリ,是政の夕陽,鉄人サダ,s6u
20260425081057_0201,20260425081057,,1,0,0,s6u,カミナリ,是政の夕陽,鉄人サダ,s6u
20260425081057_0202,20260425081057,,2,2,0,s6u,カミナリ,是政の夕陽,鉄人サダ,s6u
20260425081057_0300,20260425081057,,0,0,1,s6u,カミナリ,是政の夕陽,鉄人サダ,カミナリ
20260425081057_0400,20260425081057,,0,0,2,s6u,カミナリ,是政の夕陽,鉄人サダ,是政の夕陽
20260425081057_0500,20260425081057,,0,0,3,s6u,カミナリ,是政の夕陽,鉄人サダ,鉄人サダ
20260425081057_0600,20260425081057,,0,0,0,s6u,カミナリ,是政の夕陽,鉄人サダ,s6u
20260425081057_0601,20260425081057,,1,0,0,s6u,カミナリ,是政の夕陽,鉄人サダ,s6u
20260425081057_0602,20260425081057,,2,0,0,s6u,カミナリ,是政の夕陽,鉄人サダ,s6u
20260425081057_0700,20260425081057,,0,0,1,s6u,カミナリ,是政の夕陽,鉄人サダ,カミナリ
20260425081057_0701,20260425081057,,1,0,1,s6u,カミナリ,是政の夕陽,鉄人サダ,カミナリ
20260425085201_0000,20260425085201,,0,0,0,s6u,上がり3ハロン,桐満雀路,muri,s6u
20260425085201_0001,20260425085201,,1,0,0,s6u,上がり3ハロン,桐満雀路,muri,s6u
20260425085201_0002,20260425085201,,2,0,0,s6u,上がり3ハロン,桐満雀路,muri,s6u
20260425085201_0003,20260425085201,,3,1,0,s6u,上がり3ハロン,桐満雀路,muri,s6u
20260425085201_0004,20260425085201,,4,0,0,s6u,上がり3ハロン,桐満雀路,muri,s6u
20260425091847_0000,20260425091847,特上卓,0,0,3,s6u,ぽんた丸！,STF,likeaxe,likeaxe
20260425091847_0101,20260425091847,特上卓,1,1,0,s6u,ぽんた丸！,STF,likeaxe,s6u
20260425091847_0200,20260425091847,特上卓,0,0,1,s6u,ぽんた丸！,STF,likeaxe,ぽんた丸！
20260425091847_0300,20260425091847,特上卓,0,0,2,s6u,ぽんた丸！,STF,likeaxe,STF
20260425091847_0400,20260425091847,特上卓,0,0,3,s6u,ぽんた丸！,STF,likeaxe,likeaxe
20260425091847_0401,20260425091847,特上卓,1,1,3,s6u,ぽんた丸！,STF,likeaxe,likeaxe
20260425091847_0502,20260425091847,特上卓,2,2,0,s6u,ぽんた丸！,STF,likeaxe,s6u
20260425091847_0600,20260425091847,特上卓,0,0,1,s6u,ぽんた丸！,STF,likeaxe,ぽんた丸！
20260425091847_0700,20260425091847,特上卓,0,0,2,s6u,ぽんた丸！,STF,likeaxe,STF
20260425124156_0000,20260425124156,特上卓,0,0,1,s6u,slime81,あまいゆびさき,ROKU,slime81
20260425124156_0001,20260425124156,特上卓,1,0,1,s6u,slime81,あまいゆびさき,ROKU,slime81
20260425125049_0000,20260425125049,,0,0,2,s6u,JunkDog,麻雀脳ゼロ,Ratel,麻雀脳ゼロ
20260425125049_0101,20260425125049,,1,1,3,s6u,JunkDog,麻雀脳ゼロ,Ratel,Ratel
20260425125049_0102,20260425125049,,2,0,3,s6u,JunkDog,麻雀脳ゼロ,Ratel,Ratel
20260425125049_0200,20260425125049,,0,0,0,s6u,JunkDog,麻雀脳ゼロ,Ratel,s6u
20260425125049_0300,20260425125049,,0,0,1,s6u,JunkDog,麻雀脳ゼロ,Ratel,JunkDog
20260425125049_0301,20260425125049,,1,0,1,s6u,JunkDog,麻雀脳ゼロ,Ratel,JunkDog
20260425125049_0400,20260425125049,,0,0,2,s6u,JunkDog,麻雀脳ゼロ,Ratel,麻雀脳ゼロ
20260425125049_0500,20260425125049,,0,0,3,s6u,JunkDog,麻雀脳ゼロ,Ratel,Ratel
20260425125049_0600,20260425125049,,0,0,0,s6u,JunkDog,麻雀脳ゼロ,Ratel,s6u
20260425125049_0700,20260425125049,,0,0,1,s6u,JunkDog,麻雀脳ゼロ,Ratel,JunkDog
20260425131300_0000,20260425131300,,0,0,0,s6u,tomokich,ヘロヘロ,タケ1115,s6u
20260425131300_0100,20260425131300,,0,0,1,s6u,tomokich,ヘロヘロ,タケ1115,tomokich
20260425131300_0101,20260425131300,,1,1,1,s6u,tomokich,ヘロヘロ,タケ1115,tomokich
20260425131300_0200,20260425131300,,0,0,2,s6u,tomokich,ヘロヘロ,タケ1115,ヘロヘロ
20260425131300_0300,20260425131300,,0,0,3,s6u,tomokich,ヘロヘロ,タケ1115,タケ1115
20260425131300_0400,20260425131300,,0,0,0,s6u,tomokich,ヘロヘロ,タケ1115,s6u
20260425131300_0401,20260425131300,,1,1,0,s6u,tomokich,ヘロヘロ,タケ1115,s6u
20260425131300_0500,20260425131300,,0,0,1,s6u,tomokich,ヘロヘロ,タケ1115,tomokich
20260425131300_0600,20260425131300,,0,0,2,s6u,tomokich,ヘロヘロ,タケ1115,ヘロヘロ
20260425131300_0601,20260425131300,,1,0,2,s6u,tomokich,ヘロヘロ,タケ1115,ヘロヘロ
20260425131300_0700,20260425131300,,0,0,3,s6u,tomokich,ヘロヘロ,タケ1115,タケ1115
20260425133914_0000,20260425133914,,0,0,0,s6u,へるしぃ,ピースサマー,あらぽん,s6u
20260425133914_0100,20260425133914,,0,0,1,s6u,へるしぃ,ピースサマー,あらぽん,へるしぃ
20260425133914_0200,20260425133914,,0,0,2,s6u,へるしぃ,ピースサマー,あらぽん,ピースサマー
20260425133914_0300,20260425133914,,0,0,3,s6u,へるしぃ,ピースサマー,あらぽん,あらぽん
20260425133914_0301,20260425133914,,1,0,3,s6u,へるしぃ,ピースサマー,あらぽん,あらぽん
20260425133914_0402,20260425133914,,2,2,0,s6u,へるしぃ,ピースサマー,あらぽん,s6u
20260425133914_0403,20260425133914,,3,0,0,s6u,へるしぃ,ピースサマー,あらぽん,s6u
20260425133914_0500,20260425133914,,0,0,1,s6u,へるしぃ,ピースサマー,あらぽん,へるしぃ
20260425133914_0600,20260425133914,,0,0,2,s6u,へるしぃ,ピースサマー,あらぽん,ピースサマー
20260425133914_0601,20260425133914,,1,0,2,s6u,へるしぃ,ピースサマー,あらぽん,ピースサマー
20260425133914_0700,20260425133914,,0,0,3,s6u,へるしぃ,ピースサマー,あらぽん,あらぽん
20260425141031_0000,20260425141031,,0,0,3,s6u,－口－,ピースサマー,takion29,takion29
20260425141031_0100,20260425141031,,0,0,0,s6u,－口－,ピースサマー,takion29,s6u
20260425141031_0200,20260425141031,,0,0,1,s6u,－口－,ピースサマー,takion29,－口－
20260425141031_0300,20260425141031,,0,0,2,s6u,－口－,ピースサマー,takion29,ピースサマー
20260425141031_0400,20260425141031,,0,0,3,s6u,－口－,ピースサマー,takion29,takion29
20260425141031_0401,20260425141031,,1,0,3,s6u,－口－,ピースサマー,takion29,takion29
20260425141031_0500,20260425141031,,0,0,0,s6u,－口－,ピースサマー,takion29,s6u
20260425141031_0600,20260425141031,,0,0,1,s6u,－口－,ピースサマー,takion29,－口－
20260425141031_0700,20260425141031,,0,0,2,s6u,－口－,ピースサマー,takion29,ピースサマー
20260425143516_0000,20260425143516,,0,0,3,s6u,バシ,ダマテンアンチ君,Koba9,Koba9
20260425143516_0001,20260425143516,,1,0,3,s6u,バシ,ダマテンアンチ君,Koba9,Koba9
20260425143516_0100,20260425143516,,0,0,0,s6u,バシ,ダマテンアンチ君,Koba9,s6u
20260425143516_0101,20260425143516,,1,0,0,s6u,バシ,ダマテンアンチ君,Koba9,s6u
20260425143516_0200,20260425143516,,0,0,1,s6u,バシ,ダマテンアンチ君,Koba9,バシ
20260425143516_0300,20260425143516,,0,0,2,s6u,バシ,ダマテンアンチ君,Koba9,ダマテンアンチ君
20260425143516_0401,20260425143516,,1,1,3,s6u,バシ,ダマテンアンチ君,Koba9,Koba9
20260425143516_0500,20260425143516,,0,0,0,s6u,バシ,ダマテンアンチ君,Koba9,s6u
20260425143516_0501,20260425143516,,1,0,0,s6u,バシ,ダマテンアンチ君,Koba9,s6u
20260425143516_0600,20260425143516,,0,0,1,s6u,バシ,ダマテンアンチ君,Koba9,バシ
20260425143516_0700,20260425143516,,0,0,2,s6u,バシ,ダマテンアンチ君,Koba9,ダマテンアンチ君
20260425150926_0000,20260425150926,,0,0,0,s6u,宗R,mm2020,Sora888,s6u
20260425150926_0100,20260425150926,,0,0,1,s6u,宗R,mm2020,Sora888,宗R
20260425150926_0200,20260425150926,,0,0,2,s6u,宗R,mm2020,Sora888,mm2020
20260425150926_0300,20260425150926,,0,0,3,s6u,宗R,mm2020,Sora888,Sora888
20260425150926_0401,20260425150926,,1,1,0,s6u,宗R,mm2020,Sora888,s6u
20260425150926_0402,20260425150926,,2,0,0,s6u,宗R,mm2020,Sora888,s6u
20260425150926_0500,20260425150926,,0,0,1,s6u,宗R,mm2020,Sora888,宗R
20260425150926_0501,20260425150926,,1,0,1,s6u,宗R,mm2020,Sora888,宗R
20260425150926_0600,20260425150926,,0,0,2,s6u,宗R,mm2020,Sora888,mm2020
20260425150926_0700,20260425150926,,0,0,3,s6u,宗R,mm2020,Sora888,Sora888
20260425150926_0800,20260425150926,,0,0,0,s6u,宗R,mm2020,Sora888,s6u
20260425155040_0000,20260425155040,特上卓,0,0,2,s6u,ポージー,tlkklt,utsu5,tlkklt
20260425155040_0100,20260425155040,特上卓,0,0,3,s6u,ポージー,tlkklt,utsu5,utsu5
20260425155040_0200,20260425155040,特上卓,0,0,0,s6u,ポージー,tlkklt,utsu5,s6u
20260425155040_0300,20260425155040,特上卓,0,0,1,s6u,ポージー,tlkklt,utsu5,ポージー
20260425155040_0400,20260425155040,特上卓,0,0,2,s6u,ポージー,tlkklt,utsu5,tlkklt
20260425155040_0401,20260425155040,特上卓,1,0,2,s6u,ポージー,tlkklt,utsu5,tlkklt
20260425155040_0502,20260425155040,特上卓,2,0,3,s6u,ポージー,tlkklt,utsu5,utsu5
20260425155040_0503,20260425155040,特上卓,3,0,3,s6u,ポージー,tlkklt,utsu5,utsu5
20260425155040_0600,20260425155040,特上卓,0,0,0,s6u,ポージー,tlkklt,utsu5,s6u
20260425155040_0700,20260425155040,特上卓,0,0,1,s6u,ポージー,tlkklt,utsu5,ポージー
20260425161817_0000,20260425161817,,0,0,2,s6u,Seic,あいぎすれ,町田商店美味しい,あいぎすれ
20260425161817_0101,20260425161817,,1,1,3,s6u,Seic,あいぎすれ,町田商店美味しい,町田商店美味しい
20260425161817_0200,20260425161817,,0,0,0,s6u,Seic,あいぎすれ,町田商店美味しい,s6u
20260425161817_0300,20260425161817,,0,0,1,s6u,Seic,あいぎすれ,町田商店美味しい,Seic
20260425161817_0400,20260425161817,,0,0,2,s6u,Seic,あいぎすれ,町田商店美味しい,あいぎすれ
20260425161817_0401,20260425161817,,1,0,2,s6u,Seic,あいぎすれ,町田商店美味しい,あいぎすれ
20260425161817_0402,20260425161817,,2,0,2,s6u,Seic,あいぎすれ,町田商店美味しい,あいぎすれ
20260425161817_0403,20260425161817,,3,0,2,s6u,Seic,あいぎすれ,町田商店美味しい,あいぎすれ
20260425161817_0404,20260425161817,,4,0,2,s6u,Seic,あいぎすれ,町田商店美味しい,あいぎすれ
20260425161817_0500,20260425161817,,0,0,3,s6u,Seic,あいぎすれ,町田商店美味しい,町田商店美味しい
20260425161817_0600,20260425161817,,0,0,0,s6u,Seic,あいぎすれ,町田商店美味しい,s6u
20260425161817_0700,20260425161817,,0,0,1,s6u,Seic,あいぎすれ,町田商店美味しい,Seic
20260425161817_0701,20260425161817,,1,0,1,s6u,Seic,あいぎすれ,町田商店美味しい,Seic
20260425164940_0000,20260425164940,,0,0,1,s6u,Restist,クリーク！,らーめんデブ,Restist
20260425164940_0001,20260425164940,,1,1,1,s6u,Restist,クリーク！,らーめんデブ,Restist
20260425164940_0100,20260425164940,,0,0,2,s6u,Restist,クリーク！,らーめんデブ,クリーク！
20260425164940_0200,20260425164940,,0,0,3,s6u,Restist,クリーク！,らーめんデブ,らーめんデブ
20260425164940_0201,20260425164940,,1,0,3,s6u,Restist,クリーク！,らーめんデブ,らーめんデブ
20260425164940_0300,20260425164940,,0,0,0,s6u,Restist,クリーク！,らーめんデブ,s6u
20260425164940_0500,20260425164940,,0,0,2,s6u,Restist,クリーク！,らーめんデブ,クリーク！
20260425164940_0501,20260425164940,,1,0,2,s6u,Restist,クリーク！,らーめんデブ,クリーク！
20260425164940_0600,20260425164940,,0,0,3,s6u,Restist,クリーク！,らーめんデブ,らーめんデブ
20260425164940_0601,20260425164940,,1,0,3,s6u,Restist,クリーク！,らーめんデブ,らーめんデブ
20260425234549_0000,20260425234549,特上卓,0,0,3,s6u,QryanQ,嶺上_天晴,戀病熱,戀病熱
20260425234549_0100,20260425234549,特上卓,0,0,0,s6u,QryanQ,嶺上_天晴,戀病熱,s6u
20260425234549_0200,20260425234549,特上卓,0,0,1,s6u,QryanQ,嶺上_天晴,戀病熱,QryanQ
20260425234549_0201,20260425234549,特上卓,1,0,1,s6u,QryanQ,嶺上_天晴,戀病熱,QryanQ
20260425234549_0300,20260425234549,特上卓,0,0,2,s6u,QryanQ,嶺上_天晴,戀病熱,嶺上_天晴
20260425234549_0400,20260425234549,特上卓,0,0,3,s6u,QryanQ,嶺上_天晴,戀病熱,戀病熱
20260425234549_0500,20260425234549,特上卓,0,0,0,s6u,QryanQ,嶺上_天晴,戀病熱,s6u
20260426000221_0600,20260426000221,特上卓,0,0,1,s6u,QryanQ,嶺上_天晴,戀病熱,QryanQ
20260426000221_0700,20260426000221,特上卓,0,0,2,s6u,QryanQ,嶺上_天晴,戀病熱,嶺上_天晴
20260426000527_0000,20260426000527,,0,0,1,s6u,びごップ,うけながしません,sato51,びごップ
20260426000527_0100,20260426000527,,0,0,2,s6u,びごップ,うけながしません,sato51,うけながしません
20260426000527_0200,20260426000527,,0,0,3,s6u,びごップ,うけながしません,sato51,sato51
20260426000527_0300,20260426000527,,0,0,0,s6u,びごップ,うけながしません,sato51,s6u
20260426000527_0301,20260426000527,,1,0,0,s6u,びごップ,うけながしません,sato51,s6u
20260426000527_0402,20260426000527,,2,0,1,s6u,びごップ,うけながしません,sato51,びごップ
20260426000527_0403,20260426000527,,3,0,1,s6u,びごップ,うけながしません,sato51,びごップ
20260426003450_0000,20260426003450,,0,0,0,s6u,手なりタイガーφ,IceCocoa,高曼.姆魯帝,s6u
20260426003450_0100,20260426003450,,0,0,1,s6u,手なりタイガーφ,IceCocoa,高曼.姆魯帝,手なりタイガーφ
20260426003450_0101,20260426003450,,1,0,1,s6u,手なりタイガーφ,IceCocoa,高曼.姆魯帝,手なりタイガーφ
20260426003450_0200,20260426003450,,0,0,2,s6u,手なりタイガーφ,IceCocoa,高曼.姆魯帝,IceCocoa
20260426003450_0300,20260426003450,,0,0,3,s6u,手なりタイガーφ,IceCocoa,高曼.姆魯帝,高曼.姆魯帝
20260426003450_0301,20260426003450,,1,1,3,s6u,手なりタイガーφ,IceCocoa,高曼.姆魯帝,高曼.姆魯帝
20260426003450_0400,20260426003450,,0,0,0,s6u,手なりタイガーφ,IceCocoa,高曼.姆魯帝,s6u
20260426003450_0401,20260426003450,,1,0,0,s6u,手なりタイガーφ,IceCocoa,高曼.姆魯帝,s6u
20260426003450_0500,20260426003450,,0,0,1,s6u,手なりタイガーφ,IceCocoa,高曼.姆魯帝,手なりタイガーφ
20260426003450_0501,20260426003450,,1,0,1,s6u,手なりタイガーφ,IceCocoa,高曼.姆魯帝,手なりタイガーφ
20260426003450_0600,20260426003450,,0,0,2,s6u,手なりタイガーφ,IceCocoa,高曼.姆魯帝,IceCocoa
20260426003450_0700,20260426003450,,0,0,3,s6u,手なりタイガーφ,IceCocoa,高曼.姆魯帝,高曼.姆魯帝
20260426003450_0701,20260426003450,,1,1,3,s6u,手なりタイガーφ,IceCocoa,高曼.姆魯帝,高曼.姆魯帝
20260426012920_0000,20260426012920,,0,0,3,s6u,Acmecrea,post12,violeTM,violeTM
20260426012920_0101,20260426012920,,1,1,0,s6u,Acmecrea,post12,violeTM,s6u
20260426012920_0200,20260426012920,,0,0,1,s6u,Acmecrea,post12,violeTM,Acmecrea
20260426012920_0300,20260426012920,,0,0,2,s6u,Acmecrea,post12,violeTM,post12
20260426012920_0301,20260426012920,,1,0,2,s6u,Acmecrea,post12,violeTM,post12
20260426012920_0402,20260426012920,,2,1,3,s6u,Acmecrea,post12,violeTM,violeTM
20260426012920_0503,20260426012920,,3,2,0,s6u,Acmecrea,post12,violeTM,s6u
20260426012920_0600,20260426012920,,0,0,1,s6u,Acmecrea,post12,violeTM,Acmecrea
20260426012920_0700,20260426012920,,0,0,2,s6u,Acmecrea,post12,violeTM,post12
20260426015617_0000,20260426015617,,0,0,2,s6u,daibon,大正ロマソ,あつやん。,大正ロマソ
20260426015617_0100,20260426015617,,0,0,3,s6u,daibon,大正ロマソ,あつやん。,あつやん。
20260426015617_0200,20260426015617,,0,0,0,s6u,daibon,大正ロマソ,あつやん。,s6u
20260426015617_0301,20260426015617,,1,0,1,s6u,daibon,大正ロマソ,あつやん。,daibon
20260426015617_0400,20260426015617,,0,0,2,s6u,daibon,大正ロマソ,あつやん。,大正ロマソ
20260426015617_0500,20260426015617,,0,0,3,s6u,daibon,大正ロマソ,あつやん。,あつやん。
20260426015617_0601,20260426015617,,1,2,0,s6u,daibon,大正ロマソ,あつやん。,s6u
20260426015617_0602,20260426015617,,2,0,0,s6u,daibon,大正ロマソ,あつやん。,s6u
20260426015617_0700,20260426015617,,0,0,1,s6u,daibon,大正ロマソ,あつやん。,daibon
20260426022202_0000,20260426022202,,0,0,3,s6u,ジャパンカップ,hoija,しんせんじにく,しんせんじにく
20260426022202_0001,20260426022202,,1,2,3,s6u,ジャパンカップ,hoija,しんせんじにく,しんせんじにく
20260426022202_0100,20260426022202,,0,0,0,s6u,ジャパンカップ,hoija,しんせんじにく,s6u
20260426022202_0101,20260426022202,,1,0,0,s6u,ジャパンカップ,hoija,しんせんじにく,s6u
20260426022202_0200,20260426022202,,0,0,1,s6u,ジャパンカップ,hoija,しんせんじにく,ジャパンカップ
20260426022202_0201,20260426022202,,1,0,1,s6u,ジャパンカップ,hoija,しんせんじにく,ジャパンカップ
20260426022202_0302,20260426022202,,2,1,2,s6u,ジャパンカップ,hoija,しんせんじにく,hoija
20260426022202_0303,20260426022202,,3,3,2,s6u,ジャパンカップ,hoija,しんせんじにく,hoija
20260426022202_0304,20260426022202,,4,0,2,s6u,ジャパンカップ,hoija,しんせんじにく,hoija
20260426022202_0405,20260426022202,,5,1,3,s6u,ジャパンカップ,hoija,しんせんじにく,しんせんじにく
20260426022202_0500,20260426022202,,0,0,0,s6u,ジャパンカップ,hoija,しんせんじにく,s6u
20260426022202_0600,20260426022202,,0,0,1,s6u,ジャパンカップ,hoija,しんせんじにく,ジャパンカップ
20260426022202_0701,20260426022202,,1,0,2,s6u,ジャパンカップ,hoija,しんせんじにく,hoija
20260426031105_0000,20260426031105,,0,0,1,s6u,おおてつ,-399pt,（（仮））,おおてつ
20260426031105_0100,20260426031105,,0,0,2,s6u,おおてつ,-399pt,（（仮））,-399pt
20260426031105_0200,20260426031105,,0,0,3,s6u,おおてつ,-399pt,（（仮））,（（仮））
20260426031105_0300,20260426031105,,0,0,0,s6u,おおてつ,-399pt,（（仮））,s6u
20260426031105_0301,20260426031105,,1,0,0,s6u,おおてつ,-399pt,（（仮））,s6u
20260426031105_0400,20260426031105,,0,0,1,s6u,おおてつ,-399pt,（（仮））,おおてつ
20260426031105_0500,20260426031105,,0,0,2,s6u,おおてつ,-399pt,（（仮））,-399pt
20260426031105_0601,20260426031105,,1,0,3,s6u,おおてつ,-399pt,（（仮））,（（仮））
20260426031105_0700,20260426031105,,0,0,0,s6u,おおてつ,-399pt,（（仮））,s6u
20260426033910_0000,20260426033910,,0,0,2,s6u,開点,母いすゞ,遠野なぎこ,母いすゞ
20260426033910_0100,20260426033910,,0,0,3,s6u,開点,母いすゞ,遠野なぎこ,遠野なぎこ
20260426033910_0200,20260426033910,,0,0,0,s6u,開点,母いすゞ,遠野なぎこ,s6u
20260426033910_0300,20260426033910,,0,0,1,s6u,開点,母いすゞ,遠野なぎこ,開点
20260426033910_0401,20260426033910,,1,1,2,s6u,開点,母いすゞ,遠野なぎこ,母いすゞ
20260426033910_0402,20260426033910,,2,0,2,s6u,開点,母いすゞ,遠野なぎこ,母いすゞ
20260426033910_0503,20260426033910,,3,1,3,s6u,開点,母いすゞ,遠野なぎこ,遠野なぎこ
20260426033910_0600,20260426033910,,0,0,0,s6u,開点,母いすゞ,遠野なぎこ,s6u
20260426033910_0700,20260426033910,,0,0,1,s6u,開点,母いすゞ,遠野なぎこ,開点
20260426033910_0701,20260426033910,,1,0,1,s6u,開点,母いすゞ,遠野なぎこ,開点
20260426040517_0000,20260426040517,,0,0,2,s6u,期待値くん,tampopo3,ゆったり,tampopo3
20260426040517_0001,20260426040517,,1,0,2,s6u,期待値くん,tampopo3,ゆったり,tampopo3
20260426040517_0002,20260426040517,,2,0,2,s6u,期待値くん,tampopo3,ゆったり,tampopo3
20260426040517_0100,20260426040517,,0,0,3,s6u,期待値くん,tampopo3,ゆったり,ゆったり
20260426040517_0200,20260426040517,,0,0,0,s6u,期待値くん,tampopo3,ゆったり,s6u
20260426040517_0201,20260426040517,,1,0,0,s6u,期待値くん,tampopo3,ゆったり,s6u
20260426040517_0202,20260426040517,,2,0,0,s6u,期待値くん,tampopo3,ゆったり,s6u
20260426040517_0300,20260426040517,,0,0,1,s6u,期待値くん,tampopo3,ゆったり,期待値くん
20260426040517_0301,20260426040517,,1,0,1,s6u,期待値くん,tampopo3,ゆったり,期待値くん
20260426040517_0400,20260426040517,,0,0,2,s6u,期待値くん,tampopo3,ゆったり,tampopo3
20260426040517_0401,20260426040517,,1,0,2,s6u,期待値くん,tampopo3,ゆったり,tampopo3
20260426040517_0500,20260426040517,,0,0,3,s6u,期待値くん,tampopo3,ゆったり,ゆったり
20260426040517_0600,20260426040517,,0,0,0,s6u,期待値くん,tampopo3,ゆったり,s6u
20260426040517_0700,20260426040517,,0,0,1,s6u,期待値くん,tampopo3,ゆったり,期待値くん
20260426200313_0000,20260426200313,特上卓,0,0,0,s6u,kino98,harddays,t-jdmkbn,s6u
20260426200313_0100,20260426200313,特上卓,0,0,1,s6u,kino98,harddays,t-jdmkbn,kino98
20260426200313_0200,20260426200313,特上卓,0,0,2,s6u,kino98,harddays,t-jdmkbn,harddays
20260426200313_0300,20260426200313,特上卓,0,0,3,s6u,kino98,harddays,t-jdmkbn,t-jdmkbn
20260426200313_0400,20260426200313,特上卓,0,0,0,s6u,kino98,harddays,t-jdmkbn,s6u
20260426200313_0401,20260426200313,特上卓,1,1,0,s6u,kino98,harddays,t-jdmkbn,s6u
20260426200313_0402,20260426200313,特上卓,2,0,0,s6u,kino98,harddays,t-jdmkbn,s6u
20260426200313_0403,20260426200313,特上卓,3,0,0,s6u,kino98,harddays,t-jdmkbn,s6u
20260426200313_0500,20260426200313,特上卓,0,0,1,s6u,kino98,harddays,t-jdmkbn,kino98
20260426200313_0501,20260426200313,特上卓,1,0,1,s6u,kino98,harddays,t-jdmkbn,kino98
20260426200313_0600,20260426200313,特上卓,0,0,2,s6u,kino98,harddays,t-jdmkbn,harddays
20260426200313_0601,20260426200313,特上卓,1,1,2,s6u,kino98,harddays,t-jdmkbn,harddays
20260426200313_0702,20260426200313,特上卓,2,2,3,s6u,kino98,harddays,t-jdmkbn,t-jdmkbn
20260426204033_0000,20260426204033,,0,0,3,s6u,to22,ebanc,オードウィン,オードウィン
20260426204033_0100,20260426204033,,0,0,0,s6u,to22,ebanc,オードウィン,s6u
20260426204033_0101,20260426204033,,1,0,0,s6u,to22,ebanc,オードウィン,s6u
20260426204033_0200,20260426204033,,0,0,1,s6u,to22,ebanc,オードウィン,to22
20260426204033_0300,20260426204033,,0,0,2,s6u,to22,ebanc,オードウィン,ebanc
20260426204033_0301,20260426204033,,1,1,2,s6u,to22,ebanc,オードウィン,ebanc
20260426204033_0400,20260426204033,,0,0,3,s6u,to22,ebanc,オードウィン,オードウィン
20260426204033_0401,20260426204033,,1,0,3,s6u,to22,ebanc,オードウィン,オードウィン
20260426204033_0500,20260426204033,,0,0,0,s6u,to22,ebanc,オードウィン,s6u
20260426204033_0600,20260426204033,,0,0,1,s6u,to22,ebanc,オードウィン,to22
20260426204033_0601,20260426204033,,1,0,1,s6u,to22,ebanc,オードウィン,to22
20260426204033_0700,20260426204033,,0,0,2,s6u,to22,ebanc,オードウィン,ebanc
20260426212510_0000,20260426212510,,0,0,2,s6u,四目,そらいぬ,ebanc,そらいぬ
20260426212510_0001,20260426212510,,1,1,2,s6u,四目,そらいぬ,ebanc,そらいぬ
20260426212510_0100,20260426212510,,0,0,3,s6u,四目,そらいぬ,ebanc,ebanc
20260426212510_0200,20260426212510,,0,0,0,s6u,四目,そらいぬ,ebanc,s6u
20260426212510_0300,20260426212510,,0,0,1,s6u,四目,そらいぬ,ebanc,四目
20260426212510_0400,20260426212510,,0,0,2,s6u,四目,そらいぬ,ebanc,そらいぬ
20260426212510_0500,20260426212510,,0,0,3,s6u,四目,そらいぬ,ebanc,ebanc
20260426212510_0600,20260426212510,,0,0,0,s6u,四目,そらいぬ,ebanc,s6u
20260426212510_0601,20260426212510,,1,2,0,s6u,四目,そらいぬ,ebanc,s6u
20260426212510_0602,20260426212510,,2,2,0,s6u,四目,そらいぬ,ebanc,s6u
20260426212510_0700,20260426212510,,0,0,1,s6u,四目,そらいぬ,ebanc,四目
20260426215838_0000,20260426215838,,0,0,3,s6u,ごはん太,伽羅猫,和泉千晶*,和泉千晶*
20260426215838_0100,20260426215838,,0,0,0,s6u,ごはん太,伽羅猫,和泉千晶*,s6u
20260426215838_0101,20260426215838,,1,2,0,s6u,ごはん太,伽羅猫,和泉千晶*,s6u
20260426215838_0200,20260426215838,,0,0,1,s6u,ごはん太,伽羅猫,和泉千晶*,ごはん太
20260426215838_0201,20260426215838,,1,0,1,s6u,ごはん太,伽羅猫,和泉千晶*,ごはん太
20260426222828_0000,20260426222828,,0,0,1,s6u,まぁがりん,ゆで野菜01,at812626,まぁがりん
20260426222828_0100,20260426222828,,0,0,2,s6u,まぁがりん,ゆで野菜01,at812626,ゆで野菜01
20260426222828_0101,20260426222828,,1,1,2,s6u,まぁがりん,ゆで野菜01,at812626,ゆで野菜01
20260426222828_0200,20260426222828,,0,0,3,s6u,まぁがりん,ゆで野菜01,at812626,at812626
20260426222828_0300,20260426222828,,0,0,0,s6u,まぁがりん,ゆで野菜01,at812626,s6u
20260426222828_0400,20260426222828,,0,0,1,s6u,まぁがりん,ゆで野菜01,at812626,まぁがりん
20260426222828_0500,20260426222828,,0,0,2,s6u,まぁがりん,ゆで野菜01,at812626,ゆで野菜01
20260426222828_0501,20260426222828,,1,0,2,s6u,まぁがりん,ゆで野菜01,at812626,ゆで野菜01
20260426222828_0600,20260426222828,,0,0,3,s6u,まぁがりん,ゆで野菜01,at812626,at812626
20260426222828_0601,20260426222828,,1,0,3,s6u,まぁがりん,ゆで野菜01,at812626,at812626
20260426222828_0700,20260426222828,,0,0,0,s6u,まぁがりん,ゆで野菜01,at812626,s6u
20260426222828_0800,20260426222828,,0,0,1,s6u,まぁがりん,ゆで野菜01,at812626,まぁがりん
20260426234432_0000,20260426234432,特上卓,0,0,1,s6u,在宅雀士,湘南桜もち,玄紀,在宅雀士
20260426234432_0001,20260426234432,特上卓,1,0,1,s6u,在宅雀士,湘南桜もち,玄紀,在宅雀士
20260426234432_0002,20260426234432,特上卓,2,0,1,s6u,在宅雀士,湘南桜もち,玄紀,在宅雀士
20260426234432_0003,20260426234432,特上卓,3,1,1,s6u,在宅雀士,湘南桜もち,玄紀,在宅雀士
20260426234432_0004,20260426234432,特上卓,4,0,1,s6u,在宅雀士,湘南桜もち,玄紀,在宅雀士
20260427000132_0100,20260427000132,特上卓,0,0,2,s6u,在宅雀士,湘南桜もち,玄紀,湘南桜もち
20260427000132_0101,20260427000132,特上卓,1,0,2,s6u,在宅雀士,湘南桜もち,玄紀,湘南桜もち
20260427000132_0102,20260427000132,特上卓,2,0,2,s6u,在宅雀士,湘南桜もち,玄紀,湘南桜もち
20260427000132_0200,20260427000132,特上卓,0,0,3,s6u,在宅雀士,湘南桜もち,玄紀,玄紀
20260427000132_0301,20260427000132,特上卓,1,1,0,s6u,在宅雀士,湘南桜もち,玄紀,s6u
20260427000132_0500,20260427000132,特上卓,0,0,2,s6u,在宅雀士,湘南桜もち,玄紀,湘南桜もち
20260427000132_0600,20260427000132,特上卓,0,0,3,s6u,在宅雀士,湘南桜もち,玄紀,玄紀
20260427000132_0700,20260427000132,特上卓,0,0,0,s6u,在宅雀士,湘南桜もち,玄紀,s6u
20260427003030_0000,20260427003030,,0,0,0,s6u,邪気Power,Danya,アニサキスけすけ,s6u
20260427003030_0100,20260427003030,,0,0,1,s6u,邪気Power,Danya,アニサキスけすけ,邪気Power
20260427003030_0200,20260427003030,,0,0,2,s6u,邪気Power,Danya,アニサキスけすけ,Danya
20260427003030_0300,20260427003030,,0,0,3,s6u,邪気Power,Danya,アニサキスけすけ,アニサキスけすけ
20260427003030_0301,20260427003030,,1,0,3,s6u,邪気Power,Danya,アニサキスけすけ,アニサキスけすけ
20260427003030_0400,20260427003030,,0,0,0,s6u,邪気Power,Danya,アニサキスけすけ,s6u
20260427005716_0000,20260427005716,,0,0,2,s6u,4636,なまくら武士,BBです。,なまくら武士
20260427005716_0001,20260427005716,,1,0,2,s6u,4636,なまくら武士,BBです。,なまくら武士
20260427005716_0100,20260427005716,,0,0,3,s6u,4636,なまくら武士,BBです。,BBです。
20260427005716_0101,20260427005716,,1,0,3,s6u,4636,なまくら武士,BBです。,BBです。
20260427005716_0102,20260427005716,,2,0,3,s6u,4636,なまくら武士,BBです。,BBです。
20260427005716_0103,20260427005716,,3,0,3,s6u,4636,なまくら武士,BBです。,BBです。
20260427005716_0200,20260427005716,,0,0,0,s6u,4636,なまくら武士,BBです。,s6u
20260427005716_0300,20260427005716,,0,0,1,s6u,4636,なまくら武士,BBです。,4636
20260427005716_0400,20260427005716,,0,0,2,s6u,4636,なまくら武士,BBです。,なまくら武士
20260427012327_0000,20260427012327,特上卓,0,0,1,s6u,ヘリウム13,かおす,かんごし,ヘリウム13
20260427012327_0100,20260427012327,特上卓,0,0,2,s6u,ヘリウム13,かおす,かんごし,かおす
20260427012327_0200,20260427012327,特上卓,0,0,3,s6u,ヘリウム13,かおす,かんごし,かんごし
20260427012327_0300,20260427012327,特上卓,0,0,0,s6u,ヘリウム13,かおす,かんごし,s6u
20260427012327_0400,20260427012327,特上卓,0,0,1,s6u,ヘリウム13,かおす,かんごし,ヘリウム13
20260427012327_0401,20260427012327,特上卓,1,0,1,s6u,ヘリウム13,かおす,かんごし,ヘリウム13
20260427012327_0402,20260427012327,特上卓,2,0,1,s6u,ヘリウム13,かおす,かんごし,ヘリウム13
20260427012327_0500,20260427012327,特上卓,0,0,2,s6u,ヘリウム13,かおす,かんごし,かおす
20260427012327_0501,20260427012327,特上卓,1,0,2,s6u,ヘリウム13,かおす,かんごし,かおす
20260427012327_0600,20260427012327,特上卓,0,0,3,s6u,ヘリウム13,かおす,かんごし,かんごし
20260427020007_0000,20260427020007,,0,0,1,s6u,水野,ゴゴグレフル,アラサーだよ!!,水野
20260427020007_0100,20260427020007,,0,0,2,s6u,水野,ゴゴグレフル,アラサーだよ!!,ゴゴグレフル
20260427020007_0200,20260427020007,,0,0,3,s6u,水野,ゴゴグレフル,アラサーだよ!!,アラサーだよ!!
20260427020007_0201,20260427020007,,1,2,3,s6u,水野,ゴゴグレフル,アラサーだよ!!,アラサーだよ!!
20260427020007_0202,20260427020007,,2,2,3,s6u,水野,ゴゴグレフル,アラサーだよ!!,アラサーだよ!!
20260427020007_0203,20260427020007,,3,0,3,s6u,水野,ゴゴグレフル,アラサーだよ!!,アラサーだよ!!
20260427020007_0300,20260427020007,,0,0,0,s6u,水野,ゴゴグレフル,アラサーだよ!!,s6u
20260427020007_0301,20260427020007,,1,0,0,s6u,水野,ゴゴグレフル,アラサーだよ!!,s6u
20260427020007_0400,20260427020007,,0,0,1,s6u,水野,ゴゴグレフル,アラサーだよ!!,水野
20260427020007_0401,20260427020007,,1,0,1,s6u,水野,ゴゴグレフル,アラサーだよ!!,水野
20260427020007_0500,20260427020007,,0,0,2,s6u,水野,ゴゴグレフル,アラサーだよ!!,ゴゴグレフル
20260427020007_0501,20260427020007,,1,0,2,s6u,水野,ゴゴグレフル,アラサーだよ!!,ゴゴグレフル
20260427020007_0502,20260427020007,,2,0,2,s6u,水野,ゴゴグレフル,アラサーだよ!!,ゴゴグレフル
20260427020007_0600,20260427020007,,0,0,3,s6u,水野,ゴゴグレフル,アラサーだよ!!,アラサーだよ!!
20260427020007_0700,20260427020007,,0,0,0,s6u,水野,ゴゴグレフル,アラサーだよ!!,s6u
20260427182409_0000,20260427182409,特上卓,0,0,3,s6u,センリツTV,zhonghai,Ryan158,Ryan158
20260427182409_0100,20260427182409,特上卓,0,0,0,s6u,センリツTV,zhonghai,Ryan158,s6u
20260427182409_0200,20260427182409,特上卓,0,0,1,s6u,センリツTV,zhonghai,Ryan158,センリツTV
20260427182409_0300,20260427182409,特上卓,0,0,2,s6u,センリツTV,zhonghai,Ryan158,zhonghai
20260427182409_0400,20260427182409,特上卓,0,0,3,s6u,センリツTV,zhonghai,Ryan158,Ryan158
20260427182409_0401,20260427182409,特上卓,1,1,3,s6u,センリツTV,zhonghai,Ryan158,Ryan158
20260427182409_0500,20260427182409,特上卓,0,0,0,s6u,センリツTV,zhonghai,Ryan158,s6u
20260427182409_0600,20260427182409,特上卓,0,0,1,s6u,センリツTV,zhonghai,Ryan158,センリツTV
20260427182409_0700,20260427182409,特上卓,0,0,2,s6u,センリツTV,zhonghai,Ryan158,zhonghai
20260427182409_0701,20260427182409,特上卓,1,1,2,s6u,センリツTV,zhonghai,Ryan158,zhonghai
20260427182409_0702,20260427182409,特上卓,2,1,2,s6u,センリツTV,zhonghai,Ryan158,zhonghai
20260428144154_0000,20260428144154,特上卓,0,0,0,s6u,流浪剣士,きんたまに咲く花,猫の木,s6u
20260428144154_0100,20260428144154,特上卓,0,0,1,s6u,流浪剣士,きんたまに咲く花,猫の木,流浪剣士
20260428144154_0200,20260428144154,特上卓,0,0,2,s6u,流浪剣士,きんたまに咲く花,猫の木,きんたまに咲く花
20260428144154_0300,20260428144154,特上卓,0,0,3,s6u,流浪剣士,きんたまに咲く花,猫の木,猫の木
20260429220057_0000,20260429220057,特上卓,0,0,3,s6u,GGGGZZZZ,ひぐちっく,1人セゾン,1人セゾン
20260429220057_0001,20260429220057,特上卓,1,4,3,s6u,GGGGZZZZ,ひぐちっく,1人セゾン,1人セゾン
20260429220057_0002,20260429220057,特上卓,2,0,3,s6u,GGGGZZZZ,ひぐちっく,1人セゾン,1人セゾン
20260429220057_0100,20260429220057,特上卓,0,0,0,s6u,GGGGZZZZ,ひぐちっく,1人セゾン,s6u
20260429220057_0101,20260429220057,特上卓,1,0,0,s6u,GGGGZZZZ,ひぐちっく,1人セゾン,s6u
20260429220057_0200,20260429220057,特上卓,0,0,1,s6u,GGGGZZZZ,ひぐちっく,1人セゾン,GGGGZZZZ
20260429220057_0300,20260429220057,特上卓,0,0,2,s6u,GGGGZZZZ,ひぐちっく,1人セゾン,ひぐちっく
20260429220057_0400,20260429220057,特上卓,0,0,3,s6u,GGGGZZZZ,ひぐちっく,1人セゾン,1人セゾン
20260429220057_0401,20260429220057,特上卓,1,0,3,s6u,GGGGZZZZ,ひぐちっく,1人セゾン,1人セゾン
20260429220057_0500,20260429220057,特上卓,0,0,0,s6u,GGGGZZZZ,ひぐちっく,1人セゾン,s6u
20260429220057_0600,20260429220057,特上卓,0,0,1,s6u,GGGGZZZZ,ひぐちっく,1人セゾン,GGGGZZZZ
20260429220057_0700,20260429220057,特上卓,0,0,2,s6u,GGGGZZZZ,ひぐちっく,1人セゾン,ひぐちっく
20260429223117_0000,20260429223117,,0,0,2,s6u,FridaW89,128gb,転生沢崎,128gb
20260429223117_0100,20260429223117,,0,0,3,s6u,FridaW89,128gb,転生沢崎,転生沢崎
20260429223117_0101,20260429223117,,1,0,3,s6u,FridaW89,128gb,転生沢崎,転生沢崎
20260429223117_0102,20260429223117,,2,0,3,s6u,FridaW89,128gb,転生沢崎,転生沢崎
20260429223117_0200,20260429223117,,0,0,0,s6u,FridaW89,128gb,転生沢崎,s6u
20260429223117_0201,20260429223117,,1,0,0,s6u,FridaW89,128gb,転生沢崎,s6u
20260429223117_0300,20260429223117,,0,0,1,s6u,FridaW89,128gb,転生沢崎,FridaW89
20260429223117_0400,20260429223117,,0,0,2,s6u,FridaW89,128gb,転生沢崎,128gb
20260429223117_0500,20260429223117,,0,0,3,s6u,FridaW89,128gb,転生沢崎,転生沢崎
20260429223117_0601,20260429223117,,1,1,0,s6u,FridaW89,128gb,転生沢崎,s6u
20260429223117_0602,20260429223117,,2,3,0,s6u,FridaW89,128gb,転生沢崎,s6u
20260430170457_0000,20260430170457,特上卓,0,0,1,s6u,ざばす,ティーダ,哈哈哈哈哈哈里斯,ざばす
20260430170457_0100,20260430170457,特上卓,0,0,2,s6u,ざばす,ティーダ,哈哈哈哈哈哈里斯,ティーダ
20260430170457_0200,20260430170457,特上卓,0,0,3,s6u,ざばす,ティーダ,哈哈哈哈哈哈里斯,哈哈哈哈哈哈里斯
20260430170457_0300,20260430170457,特上卓,0,0,0,s6u,ざばす,ティーダ,哈哈哈哈哈哈里斯,s6u
20260430170457_0301,20260430170457,特上卓,1,0,0,s6u,ざばす,ティーダ,哈哈哈哈哈哈里斯,s6u
20260430170457_0400,20260430170457,特上卓,0,0,1,s6u,ざばす,ティーダ,哈哈哈哈哈哈里斯,ざばす
20260430170457_0500,20260430170457,特上卓,0,0,2,s6u,ざばす,ティーダ,哈哈哈哈哈哈里斯,ティーダ
20260430170457_0600,20260430170457,特上卓,0,0,3,s6u,ざばす,ティーダ,哈哈哈哈哈哈里斯,哈哈哈哈哈哈里斯
20260430170457_0601,20260430170457,特上卓,1,2,3,s6u,ざばす,ティーダ,哈哈哈哈哈哈里斯,哈哈哈哈哈哈里斯
20260430170457_0602,20260430170457,特上卓,2,0,3,s6u,ざばす,ティーダ,哈哈哈哈哈哈里斯,哈哈哈哈哈哈里斯
20260430170457_0703,20260430170457,特上卓,3,2,0,s6u,ざばす,ティーダ,哈哈哈哈哈哈里斯,s6u
20260430224126_0000,20260430224126,特上卓,0,0,0,s6u,かっさいひろか,imoyama,AKAMOTI,s6u
20260430224126_0001,20260430224126,特上卓,1,0,0,s6u,かっさいひろか,imoyama,AKAMOTI,s6u
20260430224126_0100,20260430224126,特上卓,0,0,1,s6u,かっさいひろか,imoyama,AKAMOTI,かっさいひろか
20260430224126_0200,20260430224126,特上卓,0,0,2,s6u,かっさいひろか,imoyama,AKAMOTI,imoyama
20260430224126_0300,20260430224126,特上卓,0,0,3,s6u,かっさいひろか,imoyama,AKAMOTI,AKAMOTI
20260430224126_0400,20260430224126,特上卓,0,0,0,s6u,かっさいひろか,imoyama,AKAMOTI,s6u
20260430224126_0401,20260430224126,特上卓,1,1,0,s6u,かっさいひろか,imoyama,AKAMOTI,s6u
20260430224126_0500,20260430224126,特上卓,0,0,1,s6u,かっさいひろか,imoyama,AKAMOTI,かっさいひろか
20260430224126_0501,20260430224126,特上卓,1,0,1,s6u,かっさいひろか,imoyama,AKAMOTI,かっさいひろか
20260430224126_0600,20260430224126,特上卓,0,0,2,s6u,かっさいひろか,imoyama,AKAMOTI,imoyama
20260430224126_0700,20260430224126,特上卓,0,0,3,s6u,かっさいひろか,imoyama,AKAMOTI,AKAMOTI
20260501100319_0000,20260501100319,特上卓,0,0,2,s6u,n675,Didi,フレーゲデパルト,Didi
20260501100319_0100,20260501100319,特上卓,0,0,3,s6u,n675,Didi,フレーゲデパルト,フレーゲデパルト
20260501100319_0200,20260501100319,特上卓,0,0,0,s6u,n675,Didi,フレーゲデパルト,s6u
20260501100319_0300,20260501100319,特上卓,0,0,1,s6u,n675,Didi,フレーゲデパルト,n675
20260501100319_0400,20260501100319,特上卓,0,0,2,s6u,n675,Didi,フレーゲデパルト,Didi
20260501100319_0401,20260501100319,特上卓,1,0,2,s6u,n675,Didi,フレーゲデパルト,Didi
20260501100319_0500,20260501100319,特上卓,0,0,3,s6u,n675,Didi,フレーゲデパルト,フレーゲデパルト
20260502151950_0000,20260502151950,特上卓,0,0,1,s6u,Crespo,kunim,DeL,Crespo
20260502151950_0100,20260502151950,特上卓,0,0,2,s6u,Crespo,kunim,DeL,kunim
20260502151950_0201,20260502151950,特上卓,1,1,3,s6u,Crespo,kunim,DeL,DeL
20260502151950_0300,20260502151950,特上卓,0,0,0,s6u,Crespo,kunim,DeL,s6u
20260502151950_0400,20260502151950,特上卓,0,0,1,s6u,Crespo,kunim,DeL,Crespo
20260502151950_0401,20260502151950,特上卓,1,0,1,s6u,Crespo,kunim,DeL,Crespo
20260502151950_0500,20260502151950,特上卓,0,0,2,s6u,Crespo,kunim,DeL,kunim
20260502151950_0501,20260502151950,特上卓,1,0,2,s6u,Crespo,kunim,DeL,kunim
20260502151950_0600,20260502151950,特上卓,0,0,3,s6u,Crespo,kunim,DeL,DeL
20260502151950_0601,20260502151950,特上卓,1,1,3,s6u,Crespo,kunim,DeL,DeL
20260502151950_0700,20260502151950,特上卓,0,0,0,s6u,Crespo,kunim,DeL,s6u
20260502155414_0000,20260502155414,特上卓,0,0,0,s6u,重ねた脂肪加速,funa_,tpk2,s6u
20260502155414_0001,20260502155414,特上卓,1,0,0,s6u,重ねた脂肪加速,funa_,tpk2,s6u
20260502155414_0100,20260502155414,特上卓,0,0,1,s6u,重ねた脂肪加速,funa_,tpk2,重ねた脂肪加速
20260502155414_0200,20260502155414,特上卓,0,0,2,s6u,重ねた脂肪加速,funa_,tpk2,funa_
20260502155414_0201,20260502155414,特上卓,1,0,2,s6u,重ねた脂肪加速,funa_,tpk2,funa_
20260502155414_0300,20260502155414,特上卓,0,0,3,s6u,重ねた脂肪加速,funa_,tpk2,tpk2
20260502155414_0400,20260502155414,特上卓,0,0,0,s6u,重ねた脂肪加速,funa_,tpk2,s6u
20260502155414_0501,20260502155414,特上卓,1,0,1,s6u,重ねた脂肪加速,funa_,tpk2,重ねた脂肪加速
20260502155414_0700,20260502155414,特上卓,0,0,3,s6u,重ねた脂肪加速,funa_,tpk2,tpk2
20260502155414_0701,20260502155414,特上卓,1,0,3,s6u,重ねた脂肪加速,funa_,tpk2,tpk2
20260504214247_0000,20260504214247,特上卓,0,0,3,s6u,変態紳士＠,hazetaro,白身魚フライ,白身魚フライ
20260504214247_0100,20260504214247,特上卓,0,0,0,s6u,変態紳士＠,hazetaro,白身魚フライ,s6u
20260504214247_0200,20260504214247,特上卓,0,0,1,s6u,変態紳士＠,hazetaro,白身魚フライ,変態紳士＠
20260504214247_0300,20260504214247,特上卓,0,0,2,s6u,変態紳士＠,hazetaro,白身魚フライ,hazetaro
20260504214247_0301,20260504214247,特上卓,1,0,2,s6u,変態紳士＠,hazetaro,白身魚フライ,hazetaro
20260504214247_0400,20260504214247,特上卓,0,0,3,s6u,変態紳士＠,hazetaro,白身魚フライ,白身魚フライ
20260504214247_0500,20260504214247,特上卓,0,0,0,s6u,変態紳士＠,hazetaro,白身魚フライ,s6u
20260504214247_0601,20260504214247,特上卓,1,0,1,s6u,変態紳士＠,hazetaro,白身魚フライ,変態紳士＠
20260504214247_0702,20260504214247,特上卓,2,1,2,s6u,変態紳士＠,hazetaro,白身魚フライ,hazetaro
20260504220656_0000,20260504220656,,0,0,0,s6u,モスグリーン@秋,masahiko,μ岩瀬.,s6u
20260504220656_0100,20260504220656,,0,0,1,s6u,モスグリーン@秋,masahiko,μ岩瀬.,モスグリーン@秋
20260504220656_0200,20260504220656,,0,0,2,s6u,モスグリーン@秋,masahiko,μ岩瀬.,masahiko
20260504220656_0201,20260504220656,,1,0,2,s6u,モスグリーン@秋,masahiko,μ岩瀬.,masahiko
20260504220656_0300,20260504220656,,0,0,3,s6u,モスグリーン@秋,masahiko,μ岩瀬.,μ岩瀬.
20260504220656_0301,20260504220656,,1,0,3,s6u,モスグリーン@秋,masahiko,μ岩瀬.,μ岩瀬.
20260504220656_0302,20260504220656,,2,1,3,s6u,モスグリーン@秋,masahiko,μ岩瀬.,μ岩瀬.
20260504220656_0403,20260504220656,,3,2,0,s6u,モスグリーン@秋,masahiko,μ岩瀬.,s6u
20260504220656_0500,20260504220656,,0,0,1,s6u,モスグリーン@秋,masahiko,μ岩瀬.,モスグリーン@秋
20260504220656_0600,20260504220656,,0,0,2,s6u,モスグリーン@秋,masahiko,μ岩瀬.,masahiko
20260504220656_0700,20260504220656,,0,0,3,s6u,モスグリーン@秋,masahiko,μ岩瀬.,μ岩瀬.
20260504224202_0000,20260504224202,特上卓,0,0,1,s6u,ゆるねる,kirsuke,ハルキ,ゆるねる
20260504224202_0100,20260504224202,特上卓,0,0,2,s6u,ゆるねる,kirsuke,ハルキ,kirsuke
20260504224202_0200,20260504224202,特上卓,0,0,3,s6u,ゆるねる,kirsuke,ハルキ,ハルキ
20260504224202_0201,20260504224202,特上卓,1,0,3,s6u,ゆるねる,kirsuke,ハルキ,ハルキ
20260504224202_0300,20260504224202,特上卓,0,0,0,s6u,ゆるねる,kirsuke,ハルキ,s6u
20260504224202_0400,20260504224202,特上卓,0,0,1,s6u,ゆるねる,kirsuke,ハルキ,ゆるねる
20260504224202_0500,20260504224202,特上卓,0,0,2,s6u,ゆるねる,kirsuke,ハルキ,kirsuke
20260504224202_0501,20260504224202,特上卓,1,0,2,s6u,ゆるねる,kirsuke,ハルキ,kirsuke
20260504224202_0502,20260504224202,特上卓,2,0,2,s6u,ゆるねる,kirsuke,ハルキ,kirsuke
20260504224202_0600,20260504224202,特上卓,0,0,3,s6u,ゆるねる,kirsuke,ハルキ,ハルキ
20260504224202_0701,20260504224202,特上卓,1,1,0,s6u,ゆるねる,kirsuke,ハルキ,s6u
20260504231017_0000,20260504231017,,0,0,2,s6u,ぐてぃ,青CHAN,３人目のニック,青CHAN
20260504231017_0102,20260504231017,,2,2,3,s6u,ぐてぃ,青CHAN,３人目のニック,３人目のニック
20260504231017_0103,20260504231017,,3,0,3,s6u,ぐてぃ,青CHAN,３人目のニック,３人目のニック
20260504231017_0200,20260504231017,,0,0,0,s6u,ぐてぃ,青CHAN,３人目のニック,s6u
20260504231017_0201,20260504231017,,1,0,0,s6u,ぐてぃ,青CHAN,３人目のニック,s6u
20260504231017_0202,20260504231017,,2,0,0,s6u,ぐてぃ,青CHAN,３人目のニック,s6u
20260504231017_0300,20260504231017,,0,0,1,s6u,ぐてぃ,青CHAN,３人目のニック,ぐてぃ
20260504231017_0301,20260504231017,,1,0,1,s6u,ぐてぃ,青CHAN,３人目のニック,ぐてぃ
20260504231017_0400,20260504231017,,0,0,2,s6u,ぐてぃ,青CHAN,３人目のニック,青CHAN
20260504231017_0500,20260504231017,,0,0,3,s6u,ぐてぃ,青CHAN,３人目のニック,３人目のニック
20260504231017_0600,20260504231017,,0,0,0,s6u,ぐてぃ,青CHAN,３人目のニック,s6u
20260504231017_0601,20260504231017,,1,0,0,s6u,ぐてぃ,青CHAN,３人目のニック,s6u
20260504231017_0602,20260504231017,,2,0,0,s6u,ぐてぃ,青CHAN,３人目のニック,s6u
20260504235044_0000,20260504235044,,0,0,3,s6u,運ゲーだ気にすな,YAYAYA49,らみとん,らみとん
20260504235044_0001,20260504235044,,1,0,3,s6u,運ゲーだ気にすな,YAYAYA49,らみとん,らみとん
20260504235044_0100,20260504235044,,0,0,0,s6u,運ゲーだ気にすな,YAYAYA49,らみとん,s6u
20260505000007_0101,20260505000007,,1,0,0,s6u,運ゲーだ気にすな,YAYAYA49,らみとん,s6u
20260505000007_0202,20260505000007,,2,1,1,s6u,運ゲーだ気にすな,YAYAYA49,らみとん,運ゲーだ気にすな
20260505000007_0303,20260505000007,,3,2,2,s6u,運ゲーだ気にすな,YAYAYA49,らみとん,YAYAYA49
20260505000007_0400,20260505000007,,0,0,3,s6u,運ゲーだ気にすな,YAYAYA49,らみとん,らみとん
20260505000007_0500,20260505000007,,0,0,0,s6u,運ゲーだ気にすな,YAYAYA49,らみとん,s6u
20260505000007_0501,20260505000007,,1,3,0,s6u,運ゲーだ気にすな,YAYAYA49,らみとん,s6u
20260505000007_0600,20260505000007,,0,0,1,s6u,運ゲーだ気にすな,YAYAYA49,らみとん,運ゲーだ気にすな
20260505000007_0700,20260505000007,,0,0,2,s6u,運ゲーだ気にすな,YAYAYA49,らみとん,YAYAYA49
20260505000007_0701,20260505000007,,1,0,2,s6u,運ゲーだ気にすな,YAYAYA49,らみとん,YAYAYA49
20260505000007_0702,20260505000007,,2,0,2,s6u,運ゲーだ気にすな,YAYAYA49,らみとん,YAYAYA49
20260505003315_0000,20260505003315,,0,0,0,s6u,37悠一,ウォルロット,ウル一ジ,s6u
20260505003315_0100,20260505003315,,0,0,1,s6u,37悠一,ウォルロット,ウル一ジ,37悠一
20260505003315_0101,20260505003315,,1,0,1,s6u,37悠一,ウォルロット,ウル一ジ,37悠一
20260505003315_0200,20260505003315,,0,0,2,s6u,37悠一,ウォルロット,ウル一ジ,ウォルロット
20260505003315_0201,20260505003315,,1,1,2,s6u,37悠一,ウォルロット,ウル一ジ,ウォルロット
20260505003315_0300,20260505003315,,0,0,3,s6u,37悠一,ウォルロット,ウル一ジ,ウル一ジ
20260505003315_0301,20260505003315,,1,0,3,s6u,37悠一,ウォルロット,ウル一ジ,ウル一ジ
20260505003315_0402,20260505003315,,2,1,0,s6u,37悠一,ウォルロット,ウル一ジ,s6u
20260505003315_0500,20260505003315,,0,0,1,s6u,37悠一,ウォルロット,ウル一ジ,37悠一
20260505010922_0100,20260505010922,特上卓,0,0,3,s6u,kino25,ゑ,スクナヒコナ,スクナヒコナ
20260505010922_0200,20260505010922,特上卓,0,0,0,s6u,kino25,ゑ,スクナヒコナ,s6u
20260505010922_0201,20260505010922,特上卓,1,0,0,s6u,kino25,ゑ,スクナヒコナ,s6u
20260505010922_0300,20260505010922,特上卓,0,0,1,s6u,kino25,ゑ,スクナヒコナ,kino25
20260505010922_0400,20260505010922,特上卓,0,0,2,s6u,kino25,ゑ,スクナヒコナ,ゑ
20260505012108_0000,20260505012108,,0,0,2,s6u,ゴッドバード,うけながしません,ほそだるま１１１,うけながしません
20260505012108_0100,20260505012108,,0,0,3,s6u,ゴッドバード,うけながしません,ほそだるま１１１,ほそだるま１１１
20260505012108_0200,20260505012108,,0,0,0,s6u,ゴッドバード,うけながしません,ほそだるま１１１,s6u
20260505012108_0300,20260505012108,,0,0,1,s6u,ゴッドバード,うけながしません,ほそだるま１１１,ゴッドバード
20260505012108_0400,20260505012108,,0,0,2,s6u,ゴッドバード,うけながしません,ほそだるま１１１,うけながしません
20260505012108_0401,20260505012108,,1,0,2,s6u,ゴッドバード,うけながしません,ほそだるま１１１,うけながしません
20260505012108_0402,20260505012108,,2,0,2,s6u,ゴッドバード,うけながしません,ほそだるま１１１,うけながしません
20260505012108_0500,20260505012108,,0,0,3,s6u,ゴッドバード,うけながしません,ほそだるま１１１,ほそだるま１１１
20260505012108_0600,20260505012108,,0,0,0,s6u,ゴッドバード,うけながしません,ほそだるま１１１,s6u
20260505012108_0601,20260505012108,,1,0,0,s6u,ゴッドバード,うけながしません,ほそだるま１１１,s6u
20260505012108_0700,20260505012108,,0,0,1,s6u,ゴッドバード,うけながしません,ほそだるま１１１,ゴッドバード
20260505015140_0000,20260505015140,,0,0,2,s6u,弦巻ココロ,ぷんまる,lazy0417,ぷんまる
20260505015140_0101,20260505015140,,1,1,3,s6u,弦巻ココロ,ぷんまる,lazy0417,lazy0417
20260505015140_0200,20260505015140,,0,0,0,s6u,弦巻ココロ,ぷんまる,lazy0417,s6u
20260505015140_0300,20260505015140,,0,0,1,s6u,弦巻ココロ,ぷんまる,lazy0417,弦巻ココロ
20260505015140_0400,20260505015140,,0,0,2,s6u,弦巻ココロ,ぷんまる,lazy0417,ぷんまる
20260505015140_0401,20260505015140,,1,0,2,s6u,弦巻ココロ,ぷんまる,lazy0417,ぷんまる
20260505015140_0500,20260505015140,,0,0,3,s6u,弦巻ココロ,ぷんまる,lazy0417,lazy0417
20260505015140_0600,20260505015140,,0,0,0,s6u,弦巻ココロ,ぷんまる,lazy0417,s6u
20260505015140_0701,20260505015140,,1,1,1,s6u,弦巻ココロ,ぷんまる,lazy0417,弦巻ココロ
20260505021937_0000,20260505021937,,0,0,2,s6u,Arthas,にしかた,赤坂テンパイ,にしかた
20260505021937_0100,20260505021937,,0,0,3,s6u,Arthas,にしかた,赤坂テンパイ,赤坂テンパイ
20260505021937_0200,20260505021937,,0,0,0,s6u,Arthas,にしかた,赤坂テンパイ,s6u
20260505021937_0300,20260505021937,,0,0,1,s6u,Arthas,にしかた,赤坂テンパイ,Arthas
20260505021937_0400,20260505021937,,0,0,2,s6u,Arthas,にしかた,赤坂テンパイ,にしかた
20260505021937_0500,20260505021937,,0,0,3,s6u,Arthas,にしかた,赤坂テンパイ,赤坂テンパイ
20260505021937_0600,20260505021937,,0,0,0,s6u,Arthas,にしかた,赤坂テンパイ,s6u
20260505021937_0700,20260505021937,,0,0,1,s6u,Arthas,にしかた,赤坂テンパイ,Arthas
20260505024025_0000,20260505024025,,0,0,0,s6u,ベイの里,勝ち確リーチ,邪気Power,s6u
20260505024025_0100,20260505024025,,0,0,1,s6u,ベイの里,勝ち確リーチ,邪気Power,ベイの里
20260505024025_0200,20260505024025,,0,0,2,s6u,ベイの里,勝ち確リーチ,邪気Power,勝ち確リーチ
20260505024025_0300,20260505024025,,0,0,3,s6u,ベイの里,勝ち確リーチ,邪気Power,邪気Power
20260505024025_0400,20260505024025,,0,0,0,s6u,ベイの里,勝ち確リーチ,邪気Power,s6u
20260505024025_0401,20260505024025,,1,0,0,s6u,ベイの里,勝ち確リーチ,邪気Power,s6u
20260505024025_0500,20260505024025,,0,0,1,s6u,ベイの里,勝ち確リーチ,邪気Power,ベイの里
20260505024025_0600,20260505024025,,0,0,2,s6u,ベイの里,勝ち確リーチ,邪気Power,勝ち確リーチ
20260505024025_0601,20260505024025,,1,0,2,s6u,ベイの里,勝ち確リーチ,邪気Power,勝ち確リーチ
20260505024025_0700,20260505024025,,0,0,3,s6u,ベイの里,勝ち確リーチ,邪気Power,邪気Power
20260505030128_0000,20260505030128,,0,0,1,s6u,xixiang,魯灰灰,18ru,xixiang
20260505030128_0100,20260505030128,,0,0,2,s6u,xixiang,魯灰灰,18ru,魯灰灰
20260505030128_0101,20260505030128,,1,2,2,s6u,xixiang,魯灰灰,18ru,魯灰灰
20260505030128_0200,20260505030128,,0,0,3,s6u,xixiang,魯灰灰,18ru,18ru
20260505030128_0300,20260505030128,,0,0,0,s6u,xixiang,魯灰灰,18ru,s6u
20260505030128_0301,20260505030128,,1,0,0,s6u,xixiang,魯灰灰,18ru,s6u
20260505031932_0000,20260505031932,,0,0,0,s6u,yamatter,かっぱ００８,"[X,P]=i",s6u
20260505031932_0001,20260505031932,,1,0,0,s6u,yamatter,かっぱ００８,"[X,P]=i",s6u
20260505031932_0100,20260505031932,,0,0,1,s6u,yamatter,かっぱ００８,"[X,P]=i",yamatter
20260505031932_0200,20260505031932,,0,0,2,s6u,yamatter,かっぱ００８,"[X,P]=i",かっぱ００８
20260505031932_0201,20260505031932,,1,0,2,s6u,yamatter,かっぱ００８,"[X,P]=i",かっぱ００８
20260505031932_0202,20260505031932,,2,0,2,s6u,yamatter,かっぱ００８,"[X,P]=i",かっぱ００８
20260505031932_0303,20260505031932,,3,0,3,s6u,yamatter,かっぱ００８,"[X,P]=i","[X,P]=i"
20260505031932_0400,20260505031932,,0,0,0,s6u,yamatter,かっぱ００８,"[X,P]=i",s6u
20260505031932_0500,20260505031932,,0,0,1,s6u,yamatter,かっぱ００８,"[X,P]=i",yamatter
20260505031932_0600,20260505031932,,0,0,2,s6u,yamatter,かっぱ００８,"[X,P]=i",かっぱ００８
20260505031932_0601,20260505031932,,1,0,2,s6u,yamatter,かっぱ００８,"[X,P]=i",かっぱ００８
20260505031932_0702,20260505031932,,2,0,3,s6u,yamatter,かっぱ００８,"[X,P]=i","[X,P]=i"
20260505040109_0000,20260505040109,,0,0,0,s6u,ほしのてつろう,-399pt,いいんちょさん,s6u
20260505040109_0100,20260505040109,,0,0,1,s6u,ほしのてつろう,-399pt,いいんちょさん,ほしのてつろう
20260505040109_0200,20260505040109,,0,0,2,s6u,ほしのてつろう,-399pt,いいんちょさん,-399pt
20260505040109_0300,20260505040109,,0,0,3,s6u,ほしのてつろう,-399pt,いいんちょさん,いいんちょさん
20260505040109_0301,20260505040109,,1,0,3,s6u,ほしのてつろう,-399pt,いいんちょさん,いいんちょさん
20260505040109_0402,20260505040109,,2,1,0,s6u,ほしのてつろう,-399pt,いいんちょさん,s6u
20260505040109_0500,20260505040109,,0,0,1,s6u,ほしのてつろう,-399pt,いいんちょさん,ほしのてつろう
20260505040109_0501,20260505040109,,1,0,1,s6u,ほしのてつろう,-399pt,いいんちょさん,ほしのてつろう
20260505040109_0502,20260505040109,,2,0,1,s6u,ほしのてつろう,-399pt,いいんちょさん,ほしのてつろう
20260505040109_0600,20260505040109,,0,0,2,s6u,ほしのてつろう,-399pt,いいんちょさん,-399pt
20260505040109_0601,20260505040109,,1,0,2,s6u,ほしのてつろう,-399pt,いいんちょさん,-399pt
20260505040109_0602,20260505040109,,2,0,2,s6u,ほしのてつろう,-399pt,いいんちょさん,-399pt
20260505040109_0603,20260505040109,,3,0,2,s6u,ほしのてつろう,-399pt,いいんちょさん,-399pt
20260505040109_0700,20260505040109,,0,0,3,s6u,ほしのてつろう,-399pt,いいんちょさん,いいんちょさん
20260505093145_0000,20260505093145,特上卓,0,0,1,s6u,雀男あをによし,某茄子15,山本カンスケ,雀男あをによし
20260505093145_0001,20260505093145,特上卓,1,0,1,s6u,雀男あをによし,某茄子15,山本カンスケ,雀男あをによし
20260505093145_0100,20260505093145,特上卓,0,0,2,s6u,雀男あをによし,某茄子15,山本カンスケ,某茄子15
20260505093145_0200,20260505093145,特上卓,0,0,3,s6u,雀男あをによし,某茄子15,山本カンスケ,山本カンスケ
20260505093145_0201,20260505093145,特上卓,1,0,3,s6u,雀男あをによし,某茄子15,山本カンスケ,山本カンスケ
20260505093145_0202,20260505093145,特上卓,2,0,3,s6u,雀男あをによし,某茄子15,山本カンスケ,山本カンスケ
20260505093145_0300,20260505093145,特上卓,0,0,0,s6u,雀男あをによし,某茄子15,山本カンスケ,s6u
20260505093145_0400,20260505093145,特上卓,0,0,1,s6u,雀男あをによし,某茄子15,山本カンスケ,雀男あをによし
20260505093145_0500,20260505093145,特上卓,0,0,2,s6u,雀男あをによし,某茄子15,山本カンスケ,某茄子15
20260505093145_0501,20260505093145,特上卓,1,0,2,s6u,雀男あをによし,某茄子15,山本カンスケ,某茄子15
20260505093145_0502,20260505093145,特上卓,2,1,2,s6u,雀男あをによし,某茄子15,山本カンスケ,某茄子15
20260505093145_0503,20260505093145,特上卓,3,0,2,s6u,雀男あをによし,某茄子15,山本カンスケ,某茄子15
20260505093145_0600,20260505093145,特上卓,0,0,3,s6u,雀男あをによし,某茄子15,山本カンスケ,山本カンスケ
20260505093145_0601,20260505093145,特上卓,1,0,3,s6u,雀男あをによし,某茄子15,山本カンスケ,山本カンスケ
20260505093145_0602,20260505093145,特上卓,2,0,3,s6u,雀男あをによし,某茄子15,山本カンスケ,山本カンスケ
20260505093145_0700,20260505093145,特上卓,0,0,0,s6u,雀男あをによし,某茄子15,山本カンスケ,s6u
20260505101036_0000,20260505101036,,0,0,2,s6u,邪気Power,TEN931,丸,TEN931
20260505101036_0100,20260505101036,,0,0,3,s6u,邪気Power,TEN931,丸,丸
20260505101036_0101,20260505101036,,1,0,3,s6u,邪気Power,TEN931,丸,丸
20260505101036_0200,20260505101036,,0,0,0,s6u,邪気Power,TEN931,丸,s6u
20260505101036_0300,20260505101036,,0,0,1,s6u,邪気Power,TEN931,丸,邪気Power
20260505101036_0400,20260505101036,,0,0,2,s6u,邪気Power,TEN931,丸,TEN931
20260505101036_0500,20260505101036,,0,0,3,s6u,邪気Power,TEN931,丸,丸
20260505101036_0600,20260505101036,,0,0,0,s6u,邪気Power,TEN931,丸,s6u
20260505101036_0700,20260505101036,,0,0,1,s6u,邪気Power,TEN931,丸,邪気Power
20260505101036_0701,20260505101036,,1,0,1,s6u,邪気Power,TEN931,丸,邪気Power
20260505210837_0000,20260505210837,特上卓,0,0,1,s6u,伊達もも,園田流牌手,ダ・カーポ,伊達もも
20260505210837_0100,20260505210837,特上卓,0,0,2,s6u,伊達もも,園田流牌手,ダ・カーポ,園田流牌手
20260505210837_0101,20260505210837,特上卓,1,1,2,s6u,伊達もも,園田流牌手,ダ・カーポ,園田流牌手
20260505210837_0200,20260505210837,特上卓,0,0,3,s6u,伊達もも,園田流牌手,ダ・カーポ,ダ・カーポ
20260505210837_0300,20260505210837,特上卓,0,0,0,s6u,伊達もも,園田流牌手,ダ・カーポ,s6u
20260505210837_0400,20260505210837,特上卓,0,0,1,s6u,伊達もも,園田流牌手,ダ・カーポ,伊達もも
20260505210837_0401,20260505210837,特上卓,1,0,1,s6u,伊達もも,園田流牌手,ダ・カーポ,伊達もも
20260505210837_0502,20260505210837,特上卓,2,1,2,s6u,伊達もも,園田流牌手,ダ・カーポ,園田流牌手
20260505210837_0600,20260505210837,特上卓,0,0,3,s6u,伊達もも,園田流牌手,ダ・カーポ,ダ・カーポ
20260505210837_0700,20260505210837,特上卓,0,0,0,s6u,伊達もも,園田流牌手,ダ・カーポ,s6u
20260505210837_0701,20260505210837,特上卓,1,0,0,s6u,伊達もも,園田流牌手,ダ・カーポ,s6u
20260505210837_0802,20260505210837,特上卓,2,1,1,s6u,伊達もも,園田流牌手,ダ・カーポ,伊達もも
20260505213949_0000,20260505213949,,0,0,2,s6u,ぽむ太郎,ぷる焼き,池ちゃん1959,ぷる焼き
20260505213949_0100,20260505213949,,0,0,3,s6u,ぽむ太郎,ぷる焼き,池ちゃん1959,池ちゃん1959
20260505213949_0200,20260505213949,,0,0,0,s6u,ぽむ太郎,ぷる焼き,池ちゃん1959,s6u
20260505213949_0201,20260505213949,,1,0,0,s6u,ぽむ太郎,ぷる焼き,池ちゃん1959,s6u
20260505213949_0202,20260505213949,,2,0,0,s6u,ぽむ太郎,ぷる焼き,池ちゃん1959,s6u
20260505213949_0203,20260505213949,,3,0,0,s6u,ぽむ太郎,ぷる焼き,池ちゃん1959,s6u
20260505213949_0300,20260505213949,,0,0,1,s6u,ぽむ太郎,ぷる焼き,池ちゃん1959,ぽむ太郎
20260505213949_0301,20260505213949,,1,0,1,s6u,ぽむ太郎,ぷる焼き,池ちゃん1959,ぽむ太郎
20260505213949_0400,20260505213949,,0,0,2,s6u,ぽむ太郎,ぷる焼き,池ちゃん1959,ぷる焼き
20260505213949_0500,20260505213949,,0,0,3,s6u,ぽむ太郎,ぷる焼き,池ちゃん1959,池ちゃん1959
20260505213949_0600,20260505213949,,0,0,0,s6u,ぽむ太郎,ぷる焼き,池ちゃん1959,s6u
20260505213949_0701,20260505213949,,1,1,1,s6u,ぽむ太郎,ぷる焼き,池ちゃん1959,ぽむ太郎
20260505221237_0000,20260505221237,,0,0,2,s6u,CHAOS,RinChan,リーチ野郎,RinChan
20260505221237_0100,20260505221237,,0,0,3,s6u,CHAOS,RinChan,リーチ野郎,リーチ野郎
20260505221237_0101,20260505221237,,1,0,3,s6u,CHAOS,RinChan,リーチ野郎,リーチ野郎
20260505221237_0200,20260505221237,,0,0,0,s6u,CHAOS,RinChan,リーチ野郎,s6u
20260505221237_0300,20260505221237,,0,0,1,s6u,CHAOS,RinChan,リーチ野郎,CHAOS
20260505221237_0401,20260505221237,,1,1,2,s6u,CHAOS,RinChan,リーチ野郎,RinChan
20260505221237_0500,20260505221237,,0,0,3,s6u,CHAOS,RinChan,リーチ野郎,リーチ野郎
20260505221237_0501,20260505221237,,1,0,3,s6u,CHAOS,RinChan,リーチ野郎,リーチ野郎
20260505221237_0502,20260505221237,,2,0,3,s6u,CHAOS,RinChan,リーチ野郎,リーチ野郎
20260505221237_0603,20260505221237,,3,1,0,s6u,CHAOS,RinChan,リーチ野郎,s6u
20260505221237_0700,20260505221237,,0,0,1,s6u,CHAOS,RinChan,リーチ野郎,CHAOS
20260505225024_0000,20260505225024,,0,0,0,s6u,nliya,すーやん1212,ぶちぶちた,s6u
20260505225024_0001,20260505225024,,1,2,0,s6u,nliya,すーやん1212,ぶちぶちた,s6u
20260505225024_0002,20260505225024,,2,3,0,s6u,nliya,すーやん1212,ぶちぶちた,s6u
20260505225024_0003,20260505225024,,3,0,0,s6u,nliya,すーやん1212,ぶちぶちた,s6u
20260505225024_0100,20260505225024,,0,0,1,s6u,nliya,すーやん1212,ぶちぶちた,nliya
20260505225024_0200,20260505225024,,0,0,2,s6u,nliya,すーやん1212,ぶちぶちた,すーやん1212
20260505225024_0300,20260505225024,,0,0,3,s6u,nliya,すーやん1212,ぶちぶちた,ぶちぶちた
20260505225024_0400,20260505225024,,0,0,0,s6u,nliya,すーやん1212,ぶちぶちた,s6u
20260505225024_0500,20260505225024,,0,0,1,s6u,nliya,すーやん1212,ぶちぶちた,nliya
20260505225024_0600,20260505225024,,0,0,2,s6u,nliya,すーやん1212,ぶちぶちた,すーやん1212
20260505225024_0700,20260505225024,,0,0,3,s6u,nliya,すーやん1212,ぶちぶちた,ぶちぶちた
20260505232901_0000,20260505232901,,0,0,3,s6u,どらっか～,ヴァうたろ,タティーノ,タティーノ
20260505232901_0001,20260505232901,,1,0,3,s6u,どらっか～,ヴァうたろ,タティーノ,タティーノ
20260505232901_0002,20260505232901,,2,1,3,s6u,どらっか～,ヴァうたろ,タティーノ,タティーノ
20260505232901_0003,20260505232901,,3,0,3,s6u,どらっか～,ヴァうたろ,タティーノ,タティーノ
20260505235209_0000,20260505235209,特上卓,0,0,0,s6u,FIF50,皆蔵トマル,おじさん応援団,s6u
20260505235209_0100,20260505235209,特上卓,0,0,1,s6u,FIF50,皆蔵トマル,おじさん応援団,FIF50
20260505235209_0101,20260505235209,特上卓,1,1,1,s6u,FIF50,皆蔵トマル,おじさん応援団,FIF50
20260505235209_0102,20260505235209,特上卓,2,0,1,s6u,FIF50,皆蔵トマル,おじさん応援団,FIF50
20260506000114_0103,20260506000114,特上卓,3,0,1,s6u,FIF50,皆蔵トマル,おじさん応援団,FIF50
20260506000114_0200,20260506000114,特上卓,0,0,2,s6u,FIF50,皆蔵トマル,おじさん応援団,皆蔵トマル
20260506000114_0300,20260506000114,特上卓,0,0,3,s6u,FIF50,皆蔵トマル,おじさん応援団,おじさん応援団
20260506000114_0301,20260506000114,特上卓,1,0,3,s6u,FIF50,皆蔵トマル,おじさん応援団,おじさん応援団
20260506000114_0302,20260506000114,特上卓,2,0,3,s6u,FIF50,皆蔵トマル,おじさん応援団,おじさん応援団
20260506001949_0000,20260506001949,,0,0,3,s6u,太平年,Y5asas,伽羅猫,伽羅猫
20260506001949_0001,20260506001949,,1,0,3,s6u,太平年,Y5asas,伽羅猫,伽羅猫
20260506001949_0100,20260506001949,,0,0,0,s6u,太平年,Y5asas,伽羅猫,s6u
20260506001949_0101,20260506001949,,1,0,0,s6u,太平年,Y5asas,伽羅猫,s6u
20260506001949_0102,20260506001949,,2,0,0,s6u,太平年,Y5asas,伽羅猫,s6u
20260506001949_0200,20260506001949,,0,0,1,s6u,太平年,Y5asas,伽羅猫,太平年
20260506001949_0300,20260506001949,,0,0,2,s6u,太平年,Y5asas,伽羅猫,Y5asas
20260506001949_0400,20260506001949,,0,0,3,s6u,太平年,Y5asas,伽羅猫,伽羅猫
20260506001949_0500,20260506001949,,0,0,0,s6u,太平年,Y5asas,伽羅猫,s6u
20260506001949_0600,20260506001949,,0,0,1,s6u,太平年,Y5asas,伽羅猫,太平年
20260506001949_0601,20260506001949,,1,0,1,s6u,太平年,Y5asas,伽羅猫,太平年
20260506001949_0602,20260506001949,,2,0,1,s6u,太平年,Y5asas,伽羅猫,太平年
20260506001949_0700,20260506001949,,0,0,2,s6u,太平年,Y5asas,伽羅猫,Y5asas
20260506001949_0701,20260506001949,,1,0,2,s6u,太平年,Y5asas,伽羅猫,Y5asas
20260506010450_0000,20260506010450,特上卓,0,0,2,s6u,守村桜弥,福岡的拉電,黒桐,福岡的拉電
20260506010450_0101,20260506010450,特上卓,1,2,3,s6u,守村桜弥,福岡的拉電,黒桐,黒桐
20260506010450_0200,20260506010450,特上卓,0,0,0,s6u,守村桜弥,福岡的拉電,黒桐,s6u
20260506010450_0300,20260506010450,特上卓,0,0,1,s6u,守村桜弥,福岡的拉電,黒桐,守村桜弥
20260506010450_0400,20260506010450,特上卓,0,0,2,s6u,守村桜弥,福岡的拉電,黒桐,福岡的拉電
20260506010450_0500,20260506010450,特上卓,0,0,3,s6u,守村桜弥,福岡的拉電,黒桐,黒桐
20260506010450_0600,20260506010450,特上卓,0,0,0,s6u,守村桜弥,福岡的拉電,黒桐,s6u
20260506010450_0700,20260506010450,特上卓,0,0,1,s6u,守村桜弥,福岡的拉電,黒桐,守村桜弥
20260506012509_0000,20260506012509,,0,0,0,s6u,みかんはら,フレーゲデパルト,弥海砂,s6u
20260506012509_0001,20260506012509,,1,0,0,s6u,みかんはら,フレーゲデパルト,弥海砂,s6u
20260506012509_0100,20260506012509,,0,0,1,s6u,みかんはら,フレーゲデパルト,弥海砂,みかんはら
20260506012509_0101,20260506012509,,1,0,1,s6u,みかんはら,フレーゲデパルト,弥海砂,みかんはら
20260506012509_0202,20260506012509,,2,1,2,s6u,みかんはら,フレーゲデパルト,弥海砂,フレーゲデパルト
20260506012509_0203,20260506012509,,3,0,2,s6u,みかんはら,フレーゲデパルト,弥海砂,フレーゲデパルト
20260506014415_0000,20260506014415,,0,0,1,s6u,stark,ヒトキン,ほのひと,stark
20260506014415_0001,20260506014415,,1,0,1,s6u,stark,ヒトキン,ほのひと,stark
20260506014415_0100,20260506014415,,0,0,2,s6u,stark,ヒトキン,ほのひと,ヒトキン
20260506014415_0200,20260506014415,,0,0,3,s6u,stark,ヒトキン,ほのひと,ほのひと
20260506014415_0300,20260506014415,,0,0,0,s6u,stark,ヒトキン,ほのひと,s6u
20260506014415_0400,20260506014415,,0,0,1,s6u,stark,ヒトキン,ほのひと,stark
20260506014415_0401,20260506014415,,1,0,1,s6u,stark,ヒトキン,ほのひと,stark
20260506020328_0000,20260506020328,,0,0,2,s6u,stark,ほのひと,オルターエゴ,ほのひと
20260506020328_0001,20260506020328,,1,0,2,s6u,stark,ほのひと,オルターエゴ,ほのひと
20260506020328_0002,20260506020328,,2,0,2,s6u,stark,ほのひと,オルターエゴ,ほのひと
20260506020328_0100,20260506020328,,0,0,3,s6u,stark,ほのひと,オルターエゴ,オルターエゴ
20260506170152_0000,20260506170152,特上卓,0,0,3,s6u,グリコシュウ,Suzu,おじさん応援団,おじさん応援団
20260506170152_0100,20260506170152,特上卓,0,0,0,s6u,グリコシュウ,Suzu,おじさん応援団,s6u
20260506170152_0101,20260506170152,特上卓,1,0,0,s6u,グリコシュウ,Suzu,おじさん応援団,s6u
20260506170152_0102,20260506170152,特上卓,2,0,0,s6u,グリコシュウ,Suzu,おじさん応援団,s6u
20260506170956_0000,20260506170956,,0,0,1,s6u,マルワンワン,おろちぽっぽ,まいびょん,マルワンワン
20260506170956_0100,20260506170956,,0,0,2,s6u,マルワンワン,おろちぽっぽ,まいびょん,おろちぽっぽ
20260506170956_0200,20260506170956,,0,0,3,s6u,マルワンワン,おろちぽっぽ,まいびょん,まいびょん
20260506170956_0201,20260506170956,,1,0,3,s6u,マルワンワン,おろちぽっぽ,まいびょん,まいびょん
20260506170956_0300,20260506170956,,0,0,0,s6u,マルワンワン,おろちぽっぽ,まいびょん,s6u
20260506170956_0400,20260506170956,,0,0,1,s6u,マルワンワン,おろちぽっぽ,まいびょん,マルワンワン
20260506170956_0500,20260506170956,,0,0,2,s6u,マルワンワン,おろちぽっぽ,まいびょん,おろちぽっぽ
20260506170956_0600,20260506170956,,0,0,3,s6u,マルワンワン,おろちぽっぽ,まいびょん,まいびょん
20260506170956_0700,20260506170956,,0,0,0,s6u,マルワンワン,おろちぽっぽ,まいびょん,s6u
20260506173301_0000,20260506173301,,0,0,0,s6u,ひつこいんだ,ぷる焼き,いじちせいか,s6u
20260506173301_0001,20260506173301,,1,0,0,s6u,ひつこいんだ,ぷる焼き,いじちせいか,s6u
20260506173301_0100,20260506173301,,0,0,1,s6u,ひつこいんだ,ぷる焼き,いじちせいか,ひつこいんだ
20260506173301_0200,20260506173301,,0,0,2,s6u,ひつこいんだ,ぷる焼き,いじちせいか,ぷる焼き
20260506173301_0300,20260506173301,,0,0,3,s6u,ひつこいんだ,ぷる焼き,いじちせいか,いじちせいか
20260506173301_0400,20260506173301,,0,0,0,s6u,ひつこいんだ,ぷる焼き,いじちせいか,s6u
20260506173301_0500,20260506173301,,0,0,1,s6u,ひつこいんだ,ぷる焼き,いじちせいか,ひつこいんだ
20260506173301_0600,20260506173301,,0,0,2,s6u,ひつこいんだ,ぷる焼き,いじちせいか,ぷる焼き
20260506173301_0700,20260506173301,,0,0,3,s6u,ひつこいんだ,ぷる焼き,いじちせいか,いじちせいか
20260506180159_0000,20260506180159,,0,0,2,s6u,メロメ,天利愛莉,gretto55,天利愛莉
20260506180159_0001,20260506180159,,1,0,2,s6u,メロメ,天利愛莉,gretto55,天利愛莉
20260506180159_0002,20260506180159,,2,3,2,s6u,メロメ,天利愛莉,gretto55,天利愛莉
20260506180159_0103,20260506180159,,3,4,3,s6u,メロメ,天利愛莉,gretto55,gretto55
20260506180159_0200,20260506180159,,0,0,0,s6u,メロメ,天利愛莉,gretto55,s6u
20260506180159_0300,20260506180159,,0,0,1,s6u,メロメ,天利愛莉,gretto55,メロメ
20260506180159_0400,20260506180159,,0,0,2,s6u,メロメ,天利愛莉,gretto55,天利愛莉
20260506180159_0500,20260506180159,,0,0,3,s6u,メロメ,天利愛莉,gretto55,gretto55
20260506180159_0501,20260506180159,,1,0,3,s6u,メロメ,天利愛莉,gretto55,gretto55
20260506180159_0600,20260506180159,,0,0,0,s6u,メロメ,天利愛莉,gretto55,s6u
20260506180159_0701,20260506180159,,1,1,1,s6u,メロメ,天利愛莉,gretto55,メロメ
20260506180159_0702,20260506180159,,2,0,1,s6u,メロメ,天利愛莉,gretto55,メロメ
20260506184035_0000,20260506184035,,0,0,2,s6u,水瓶座,三五六八,杣径,三五六八
20260506184035_0001,20260506184035,,1,0,2,s6u,水瓶座,三五六八,杣径,三五六八
20260506184035_0100,20260506184035,,0,0,3,s6u,水瓶座,三五六八,杣径,杣径
20260506184035_0200,20260506184035,,0,0,0,s6u,水瓶座,三五六八,杣径,s6u
20260506184035_0201,20260506184035,,1,1,0,s6u,水瓶座,三五六八,杣径,s6u
20260506184035_0300,20260506184035,,0,0,1,s6u,水瓶座,三五六八,杣径,水瓶座
20260506184035_0400,20260506184035,,0,0,2,s6u,水瓶座,三五六八,杣径,三五六八
20260506184035_0500,20260506184035,,0,0,3,s6u,水瓶座,三五六八,杣径,杣径
20260506184035_0600,20260506184035,,0,0,0,s6u,水瓶座,三五六八,杣径,s6u
20260506184035_0601,20260506184035,,1,1,0,s6u,水瓶座,三五六八,杣径,s6u
20260506184035_0700,20260506184035,,0,0,1,s6u,水瓶座,三五六八,杣径,水瓶座
20260506190831_0000,20260506190831,,0,0,0,s6u,女騎士の意地,かねーき,博覧強記,s6u
20260506190831_0101,20260506190831,,1,0,1,s6u,女騎士の意地,かねーき,博覧強記,女騎士の意地
20260506190831_0200,20260506190831,,0,0,2,s6u,女騎士の意地,かねーき,博覧強記,かねーき
20260506190831_0201,20260506190831,,1,0,2,s6u,女騎士の意地,かねーき,博覧強記,かねーき
20260506190831_0300,20260506190831,,0,0,3,s6u,女騎士の意地,かねーき,博覧強記,博覧強記
20260506190831_0400,20260506190831,,0,0,0,s6u,女騎士の意地,かねーき,博覧強記,s6u
20260506190831_0500,20260506190831,,0,0,1,s6u,女騎士の意地,かねーき,博覧強記,女騎士の意地
20260506190831_0501,20260506190831,,1,2,1,s6u,女騎士の意地,かねーき,博覧強記,女騎士の意地
20260506190831_0600,20260506190831,,0,0,2,s6u,女騎士の意地,かねーき,博覧強記,かねーき
20260506190831_0700,20260506190831,,0,0,3,s6u,女騎士の意地,かねーき,博覧強記,博覧強記
20260506194315_0000,20260506194315,,0,0,2,s6u,ジュンタカ,rizzete,metis123,rizzete
20260506194315_0100,20260506194315,,0,0,3,s6u,ジュンタカ,rizzete,metis123,metis123
20260506194315_0300,20260506194315,,0,0,1,s6u,ジュンタカ,rizzete,metis123,ジュンタカ
20260506194315_0400,20260506194315,,0,0,2,s6u,ジュンタカ,rizzete,metis123,rizzete
20260506194315_0500,20260506194315,,0,0,3,s6u,ジュンタカ,rizzete,metis123,metis123
20260506200248_0000,20260506200248,特上卓,0,0,0,s6u,つきかげのやいば,ナポp,Arthas,s6u
20260506200248_0100,20260506200248,特上卓,0,0,1,s6u,つきかげのやいば,ナポp,Arthas,つきかげのやいば
20260506200248_0200,20260506200248,特上卓,0,0,2,s6u,つきかげのやいば,ナポp,Arthas,ナポp
20260506200248_0300,20260506200248,特上卓,0,0,3,s6u,つきかげのやいば,ナポp,Arthas,Arthas
20260506200248_0400,20260506200248,特上卓,0,0,0,s6u,つきかげのやいば,ナポp,Arthas,s6u
20260506200248_0500,20260506200248,特上卓,0,0,1,s6u,つきかげのやいば,ナポp,Arthas,つきかげのやいば
20260506200248_0600,20260506200248,特上卓,0,0,2,s6u,つきかげのやいば,ナポp,Arthas,ナポp
20260506200248_0700,20260506200248,特上卓,0,0,3,s6u,つきかげのやいば,ナポp,Arthas,Arthas
20260506204001_0000,20260506204001,,0,0,1,s6u,Chacha。,つつつーつつっ,岩上会,Chacha。
20260506204001_0100,20260506204001,,0,0,2,s6u,Chacha。,つつつーつつっ,岩上会,つつつーつつっ
20260506204001_0200,20260506204001,,0,0,3,s6u,Chacha。,つつつーつつっ,岩上会,岩上会
20260506204001_0201,20260506204001,,1,0,3,s6u,Chacha。,つつつーつつっ,岩上会,岩上会
20260506204001_0300,20260506204001,,0,0,0,s6u,Chacha。,つつつーつつっ,岩上会,s6u
20260506204001_0401,20260506204001,,1,0,1,s6u,Chacha。,つつつーつつっ,岩上会,Chacha。
20260506204001_0500,20260506204001,,0,0,2,s6u,Chacha。,つつつーつつっ,岩上会,つつつーつつっ
20260506204001_0601,20260506204001,,1,1,3,s6u,Chacha。,つつつーつつっ,岩上会,岩上会
20260506204001_0700,20260506204001,,0,0,0,s6u,Chacha。,つつつーつつっ,岩上会,s6u
20260506210853_0000,20260506210853,,0,0,0,s6u,エセ稲葉,たぬたぬ,LINGERIE,s6u
20260506210853_0100,20260506210853,,0,0,1,s6u,エセ稲葉,たぬたぬ,LINGERIE,エセ稲葉
20260506210853_0200,20260506210853,,0,0,2,s6u,エセ稲葉,たぬたぬ,LINGERIE,たぬたぬ
20260506210853_0201,20260506210853,,1,0,2,s6u,エセ稲葉,たぬたぬ,LINGERIE,たぬたぬ
20260506210853_0300,20260506210853,,0,0,3,s6u,エセ稲葉,たぬたぬ,LINGERIE,LINGERIE
20260506210853_0400,20260506210853,,0,0,0,s6u,エセ稲葉,たぬたぬ,LINGERIE,s6u
20260506210853_0500,20260506210853,,0,0,1,s6u,エセ稲葉,たぬたぬ,LINGERIE,エセ稲葉
20260506213437_0000,20260506213437,,0,0,0,s6u,DOTAMA,丸,辺さん,s6u
20260506213437_0100,20260506213437,,0,0,1,s6u,DOTAMA,丸,辺さん,DOTAMA
20260506213437_0101,20260506213437,,1,0,1,s6u,DOTAMA,丸,辺さん,DOTAMA
20260506213437_0202,20260506213437,,2,0,2,s6u,DOTAMA,丸,辺さん,丸
20260506213437_0300,20260506213437,,0,0,3,s6u,DOTAMA,丸,辺さん,辺さん
20260506213437_0400,20260506213437,,0,0,0,s6u,DOTAMA,丸,辺さん,s6u
20260506213437_0500,20260506213437,,0,0,1,s6u,DOTAMA,丸,辺さん,DOTAMA
20260506213437_0700,20260506213437,,0,0,3,s6u,DOTAMA,丸,辺さん,辺さん
20260506215801_0000,20260506215801,,0,0,3,s6u,1m1p1s,mercy,氷乃ハコ@VT,氷乃ハコ@VT
20260506215801_0100,20260506215801,,0,0,0,s6u,1m1p1s,mercy,氷乃ハコ@VT,s6u
20260506215801_0101,20260506215801,,1,0,0,s6u,1m1p1s,mercy,氷乃ハコ@VT,s6u
20260506220503_0000,20260506220503,,0,0,2,s6u,88番,soldier6,#kai,soldier6
20260506220503_0101,20260506220503,,1,0,3,s6u,88番,soldier6,#kai,#kai
20260506220503_0200,20260506220503,,0,0,0,s6u,88番,soldier6,#kai,s6u
20260506222506_0000,20260506222506,特上卓,0,0,2,s6u,ミナミ☆,88番,余計,88番
20260506222506_0001,20260506222506,特上卓,1,1,2,s6u,ミナミ☆,88番,余計,88番
20260506222506_0100,20260506222506,特上卓,0,0,3,s6u,ミナミ☆,88番,余計,余計
20260506222506_0200,20260506222506,特上卓,0,0,0,s6u,ミナミ☆,88番,余計,s6u
20260506222506_0400,20260506222506,特上卓,0,0,2,s6u,ミナミ☆,88番,余計,88番
20260506222506_0501,20260506222506,特上卓,1,1,3,s6u,ミナミ☆,88番,余計,余計
20260506222506_0700,20260506222506,特上卓,0,0,1,s6u,ミナミ☆,88番,余計,ミナミ☆
20260506230231_0000,20260506230231,特上卓,0,0,3,s6u,A-Eye1.0,Acmecrea,ビターキャラメル,ビターキャラメル
20260506230231_0100,20260506230231,特上卓,0,0,0,s6u,A-Eye1.0,Acmecrea,ビターキャラメル,s6u
20260506230231_0101,20260506230231,特上卓,1,0,0,s6u,A-Eye1.0,Acmecrea,ビターキャラメル,s6u
20260506230231_0102,20260506230231,特上卓,2,0,0,s6u,A-Eye1.0,Acmecrea,ビターキャラメル,s6u
20260506230231_0400,20260506230231,特上卓,0,0,3,s6u,A-Eye1.0,Acmecrea,ビターキャラメル,ビターキャラメル
20260506230231_0501,20260506230231,特上卓,1,0,0,s6u,A-Eye1.0,Acmecrea,ビターキャラメル,s6u
20260506230231_0600,20260506230231,特上卓,0,0,1,s6u,A-Eye1.0,Acmecrea,ビターキャラメル,A-Eye1.0
20260506230231_0700,20260506230231,特上卓,0,0,2,s6u,A-Eye1.0,Acmecrea,ビターキャラメル,Acmecrea
20260506233225_0000,20260506233225,特上卓,0,0,1,s6u,igeeeeee,kodoOji,シスキン,igeeeeee
20260506233225_0300,20260506233225,特上卓,0,0,0,s6u,igeeeeee,kodoOji,シスキン,s6u
20260506233225_0600,20260506233225,特上卓,0,0,3,s6u,igeeeeee,kodoOji,シスキン,シスキン
20260506235925_0000,20260506235925,特上卓,0,0,3,s6u,a20513,ヒナマコ,AQQds,AQQds
20260507000151_0100,20260507000151,特上卓,0,0,0,s6u,a20513,ヒナマコ,AQQds,s6u
20260507000151_0200,20260507000151,特上卓,0,0,1,s6u,a20513,ヒナマコ,AQQds,a20513
20260507000151_0300,20260507000151,特上卓,0,0,2,s6u,a20513,ヒナマコ,AQQds,ヒナマコ
20260507000151_0500,20260507000151,特上卓,0,0,0,s6u,a20513,ヒナマコ,AQQds,s6u
20260507000151_0600,20260507000151,特上卓,0,0,1,s6u,a20513,ヒナマコ,AQQds,a20513
20260507000151_0700,20260507000151,特上卓,0,0,2,s6u,a20513,ヒナマコ,AQQds,ヒナマコ
20260507002251_0000,20260507002251,,0,0,3,s6u,KKKT,いっくんK,ゆあです,ゆあです
20260507002251_0100,20260507002251,,0,0,0,s6u,KKKT,いっくんK,ゆあです,s6u
20260507002251_0200,20260507002251,,0,0,1,s6u,KKKT,いっくんK,ゆあです,KKKT
20260507002251_0201,20260507002251,,1,0,1,s6u,KKKT,いっくんK,ゆあです,KKKT
20260507002251_0202,20260507002251,,2,0,1,s6u,KKKT,いっくんK,ゆあです,KKKT
20260507002251_0203,20260507002251,,3,0,1,s6u,KKKT,いっくんK,ゆあです,KKKT
20260507002251_0204,20260507002251,,4,0,1,s6u,KKKT,いっくんK,ゆあです,KKKT
20260507002251_0300,20260507002251,,0,0,2,s6u,KKKT,いっくんK,ゆあです,いっくんK
20260507002251_0301,20260507002251,,1,0,2,s6u,KKKT,いっくんK,ゆあです,いっくんK
20260507002251_0302,20260507002251,,2,0,2,s6u,KKKT,いっくんK,ゆあです,いっくんK
20260507002251_0400,20260507002251,,0,0,3,s6u,KKKT,いっくんK,ゆあです,ゆあです
20260507002251_0500,20260507002251,,0,0,0,s6u,KKKT,いっくんK,ゆあです,s6u
20260507002251_0600,20260507002251,,0,0,1,s6u,KKKT,いっくんK,ゆあです,KKKT
20260507002251_0700,20260507002251,,0,0,2,s6u,KKKT,いっくんK,ゆあです,いっくんK
20260507010402_0100,20260507010402,特上卓,0,0,2,s6u,kizmetal,at812626,泉志帆,at812626
20260507010402_0101,20260507010402,特上卓,1,1,2,s6u,kizmetal,at812626,泉志帆,at812626
20260507010402_0200,20260507010402,特上卓,0,0,3,s6u,kizmetal,at812626,泉志帆,泉志帆
20260507010402_0201,20260507010402,特上卓,1,0,3,s6u,kizmetal,at812626,泉志帆,泉志帆
20260507010402_0300,20260507010402,特上卓,0,0,0,s6u,kizmetal,at812626,泉志帆,s6u
20260507010402_0400,20260507010402,特上卓,0,0,1,s6u,kizmetal,at812626,泉志帆,kizmetal
20260507010402_0500,20260507010402,特上卓,0,0,2,s6u,kizmetal,at812626,泉志帆,at812626
20260507010402_0501,20260507010402,特上卓,1,0,2,s6u,kizmetal,at812626,泉志帆,at812626
20260507074416_0000,20260507074416,特上卓,0,0,1,s6u,MASA0226,ごはん太,LJ657,MASA0226
20260507074416_0100,20260507074416,特上卓,0,0,2,s6u,MASA0226,ごはん太,LJ657,ごはん太
20260507074416_0101,20260507074416,特上卓,1,0,2,s6u,MASA0226,ごはん太,LJ657,ごはん太
20260507074416_0200,20260507074416,特上卓,0,0,3,s6u,MASA0226,ごはん太,LJ657,LJ657
20260507074416_0201,20260507074416,特上卓,1,0,3,s6u,MASA0226,ごはん太,LJ657,LJ657
20260507075718_0000,20260507075718,,0,0,2,s6u,ベたなま,ごはん太,欧陽,ごはん太
20260507075718_0001,20260507075718,,1,0,2,s6u,ベたなま,ごはん太,欧陽,ごはん太
20260507075718_0100,20260507075718,,0,0,3,s6u,ベたなま,ごはん太,欧陽,欧陽
20260507075718_0101,20260507075718,,1,0,3,s6u,ベたなま,ごはん太,欧陽,欧陽
20260507075718_0200,20260507075718,,0,0,0,s6u,ベたなま,ごはん太,欧陽,s6u
20260507075718_0300,20260507075718,,0,0,1,s6u,ベたなま,ごはん太,欧陽,ベたなま
20260507075718_0301,20260507075718,,1,1,1,s6u,ベたなま,ごはん太,欧陽,ベたなま
20260507075718_0400,20260507075718,,0,0,2,s6u,ベたなま,ごはん太,欧陽,ごはん太
20260507075718_0500,20260507075718,,0,0,3,s6u,ベたなま,ごはん太,欧陽,欧陽
20260507075718_0600,20260507075718,,0,0,0,s6u,ベたなま,ごはん太,欧陽,s6u
20260507075718_0601,20260507075718,,1,0,0,s6u,ベたなま,ごはん太,欧陽,s6u
20260507075718_0700,20260507075718,,0,0,1,s6u,ベたなま,ごはん太,欧陽,ベたなま
20260507220741_0000,20260507220741,特上卓,0,0,2,s6u,コペルニックス,おしりさうるす,しょうゆ〆,おしりさうるす
20260507220741_0100,20260507220741,特上卓,0,0,3,s6u,コペルニックス,おしりさうるす,しょうゆ〆,しょうゆ〆
20260507220741_0200,20260507220741,特上卓,0,0,0,s6u,コペルニックス,おしりさうるす,しょうゆ〆,s6u
20260507220741_0201,20260507220741,特上卓,1,1,0,s6u,コペルニックス,おしりさうるす,しょうゆ〆,s6u
20260507220741_0202,20260507220741,特上卓,2,1,0,s6u,コペルニックス,おしりさうるす,しょうゆ〆,s6u
20260507220741_0300,20260507220741,特上卓,0,0,1,s6u,コペルニックス,おしりさうるす,しょうゆ〆,コペルニックス
20260507220741_0400,20260507220741,特上卓,0,0,2,s6u,コペルニックス,おしりさうるす,しょうゆ〆,おしりさうるす
20260507220741_0500,20260507220741,特上卓,0,0,3,s6u,コペルニックス,おしりさうるす,しょうゆ〆,しょうゆ〆
20260507220741_0600,20260507220741,特上卓,0,0,0,s6u,コペルニックス,おしりさうるす,しょうゆ〆,s6u
20260507220741_0601,20260507220741,特上卓,1,0,0,s6u,コペルニックス,おしりさうるす,しょうゆ〆,s6u
20260507220741_0700,20260507220741,特上卓,0,0,1,s6u,コペルニックス,おしりさうるす,しょうゆ〆,コペルニックス
20260507224032_0000,20260507224032,,0,0,0,s6u,しゅうー。改,犬飼こむぎ,ROUTE*66,s6u
20260507224032_0100,20260507224032,,0,0,1,s6u,しゅうー。改,犬飼こむぎ,ROUTE*66,しゅうー。改
20260507224032_0200,20260507224032,,0,0,2,s6u,しゅうー。改,犬飼こむぎ,ROUTE*66,犬飼こむぎ
20260507224032_0300,20260507224032,,0,0,3,s6u,しゅうー。改,犬飼こむぎ,ROUTE*66,ROUTE*66
20260507224032_0400,20260507224032,,0,0,0,s6u,しゅうー。改,犬飼こむぎ,ROUTE*66,s6u
20260507224032_0401,20260507224032,,1,0,0,s6u,しゅうー。改,犬飼こむぎ,ROUTE*66,s6u
20260507224032_0500,20260507224032,,0,0,1,s6u,しゅうー。改,犬飼こむぎ,ROUTE*66,しゅうー。改
20260507224032_0600,20260507224032,,0,0,2,s6u,しゅうー。改,犬飼こむぎ,ROUTE*66,犬飼こむぎ
20260507224032_0700,20260507224032,,0,0,3,s6u,しゅうー。改,犬飼こむぎ,ROUTE*66,ROUTE*66
20260507224032_0701,20260507224032,,1,0,3,s6u,しゅうー。改,犬飼こむぎ,ROUTE*66,ROUTE*66
20260507230242_0000,20260507230242,特上卓,0,0,1,s6u,ROUTE*66,晨昏對峙,革と皮,ROUTE*66
20260507230242_0101,20260507230242,特上卓,1,1,2,s6u,ROUTE*66,晨昏對峙,革と皮,晨昏對峙
20260507230242_0102,20260507230242,特上卓,2,1,2,s6u,ROUTE*66,晨昏對峙,革と皮,晨昏對峙
20260507230242_0103,20260507230242,特上卓,3,0,2,s6u,ROUTE*66,晨昏對峙,革と皮,晨昏對峙
20260507230242_0200,20260507230242,特上卓,0,0,3,s6u,ROUTE*66,晨昏對峙,革と皮,革と皮
20260507230242_0201,20260507230242,特上卓,1,0,3,s6u,ROUTE*66,晨昏對峙,革と皮,革と皮
20260507230242_0300,20260507230242,特上卓,0,0,0,s6u,ROUTE*66,晨昏對峙,革と皮,s6u
20260507230242_0301,20260507230242,特上卓,1,0,0,s6u,ROUTE*66,晨昏對峙,革と皮,s6u
20260507230242_0400,20260507230242,特上卓,0,0,1,s6u,ROUTE*66,晨昏對峙,革と皮,ROUTE*66
20260507230242_0401,20260507230242,特上卓,1,2,1,s6u,ROUTE*66,晨昏對峙,革と皮,ROUTE*66
20260507230242_0500,20260507230242,特上卓,0,0,2,s6u,ROUTE*66,晨昏對峙,革と皮,晨昏對峙
20260507230242_0501,20260507230242,特上卓,1,1,2,s6u,ROUTE*66,晨昏對峙,革と皮,晨昏對峙
20260507230242_0502,20260507230242,特上卓,2,0,2,s6u,ROUTE*66,晨昏對峙,革と皮,晨昏對峙
20260507230242_0600,20260507230242,特上卓,0,0,3,s6u,ROUTE*66,晨昏對峙,革と皮,革と皮
20260507230242_0700,20260507230242,特上卓,0,0,0,s6u,ROUTE*66,晨昏對峙,革と皮,s6u
20260507234308_0000,20260507234308,特上卓,0,0,0,s6u,エレベータライン,turtle.,ROUTE*66,s6u
20260507234308_0100,20260507234308,特上卓,0,0,1,s6u,エレベータライン,turtle.,ROUTE*66,エレベータライン
20260507234308_0101,20260507234308,特上卓,1,0,1,s6u,エレベータライン,turtle.,ROUTE*66,エレベータライン
20260507234308_0200,20260507234308,特上卓,0,0,2,s6u,エレベータライン,turtle.,ROUTE*66,turtle.
20260507234308_0300,20260507234308,特上卓,0,0,3,s6u,エレベータライン,turtle.,ROUTE*66,ROUTE*66
20260507234308_0400,20260507234308,特上卓,0,0,0,s6u,エレベータライン,turtle.,ROUTE*66,s6u
20260508000834_0000,20260508000834,,0,0,3,s6u,りゅりゅし,k_rod25,しんな,しんな
20260508000834_0001,20260508000834,,1,0,3,s6u,りゅりゅし,k_rod25,しんな,しんな
20260508000834_0100,20260508000834,,0,0,0,s6u,りゅりゅし,k_rod25,しんな,s6u
20260508000834_0101,20260508000834,,1,0,0,s6u,りゅりゅし,k_rod25,しんな,s6u
20260508000834_0102,20260508000834,,2,0,0,s6u,りゅりゅし,k_rod25,しんな,s6u
20260508002614_0000,20260508002614,,0,0,3,s6u,HEAD-Ⅱ,氷乃ハコ@VT,ベンゼマさん,ベンゼマさん
20260508002614_0100,20260508002614,,0,0,0,s6u,HEAD-Ⅱ,氷乃ハコ@VT,ベンゼマさん,s6u
20260508002614_0200,20260508002614,,0,0,1,s6u,HEAD-Ⅱ,氷乃ハコ@VT,ベンゼマさん,HEAD-Ⅱ
20260508002614_0300,20260508002614,,0,0,2,s6u,HEAD-Ⅱ,氷乃ハコ@VT,ベンゼマさん,氷乃ハコ@VT
20260508002614_0301,20260508002614,,1,0,2,s6u,HEAD-Ⅱ,氷乃ハコ@VT,ベンゼマさん,氷乃ハコ@VT
20260508002614_0400,20260508002614,,0,0,3,s6u,HEAD-Ⅱ,氷乃ハコ@VT,ベンゼマさん,ベンゼマさん
20260508002614_0401,20260508002614,,1,1,3,s6u,HEAD-Ⅱ,氷乃ハコ@VT,ベンゼマさん,ベンゼマさん
20260508002614_0500,20260508002614,,0,0,0,s6u,HEAD-Ⅱ,氷乃ハコ@VT,ベンゼマさん,s6u
20260508002614_0600,20260508002614,,0,0,1,s6u,HEAD-Ⅱ,氷乃ハコ@VT,ベンゼマさん,HEAD-Ⅱ
20260508002614_0700,20260508002614,,0,0,2,s6u,HEAD-Ⅱ,氷乃ハコ@VT,ベンゼマさん,氷乃ハコ@VT
20260508002614_0701,20260508002614,,1,0,2,s6u,HEAD-Ⅱ,氷乃ハコ@VT,ベンゼマさん,氷乃ハコ@VT
20260508005632_0000,20260508005632,特上卓,0,0,1,s6u,2階のこども部屋,諾門,東のみでんな,2階のこども部屋
20260508005632_0100,20260508005632,特上卓,0,0,2,s6u,2階のこども部屋,諾門,東のみでんな,諾門
20260508005632_0101,20260508005632,特上卓,1,0,2,s6u,2階のこども部屋,諾門,東のみでんな,諾門
20260508005632_0102,20260508005632,特上卓,2,0,2,s6u,2階のこども部屋,諾門,東のみでんな,諾門
20260508005632_0200,20260508005632,特上卓,0,0,3,s6u,2階のこども部屋,諾門,東のみでんな,東のみでんな
20260508005632_0300,20260508005632,特上卓,0,0,0,s6u,2階のこども部屋,諾門,東のみでんな,s6u
20260508005632_0400,20260508005632,特上卓,0,0,1,s6u,2階のこども部屋,諾門,東のみでんな,2階のこども部屋
20260508005632_0500,20260508005632,特上卓,0,0,2,s6u,2階のこども部屋,諾門,東のみでんな,諾門
20260508005632_0600,20260508005632,特上卓,0,0,3,s6u,2階のこども部屋,諾門,東のみでんな,東のみでんな
20260508005632_0700,20260508005632,特上卓,0,0,0,s6u,2階のこども部屋,諾門,東のみでんな,s6u
20260508012107_0000,20260508012107,,0,0,0,s6u,@GANE,バイブ天狗,正斯特確確,s6u
20260508012107_0001,20260508012107,,1,0,0,s6u,@GANE,バイブ天狗,正斯特確確,s6u
20260508012107_0002,20260508012107,,2,1,0,s6u,@GANE,バイブ天狗,正斯特確確,s6u
20260508012107_0100,20260508012107,,0,0,1,s6u,@GANE,バイブ天狗,正斯特確確,@GANE
20260508012107_0200,20260508012107,,0,0,2,s6u,@GANE,バイブ天狗,正斯特確確,バイブ天狗
20260508012107_0201,20260508012107,,1,0,2,s6u,@GANE,バイブ天狗,正斯特確確,バイブ天狗
20260508012107_0202,20260508012107,,2,0,2,s6u,@GANE,バイブ天狗,正斯特確確,バイブ天狗
20260508012107_0300,20260508012107,,0,0,3,s6u,@GANE,バイブ天狗,正斯特確確,正斯特確確
20260508012107_0400,20260508012107,,0,0,0,s6u,@GANE,バイブ天狗,正斯特確確,s6u
20260508012107_0401,20260508012107,,1,0,0,s6u,@GANE,バイブ天狗,正斯特確確,s6u
20260508012107_0500,20260508012107,,0,0,1,s6u,@GANE,バイブ天狗,正斯特確確,@GANE
20260508012107_0600,20260508012107,,0,0,2,s6u,@GANE,バイブ天狗,正斯特確確,バイブ天狗
20260508012107_0601,20260508012107,,1,0,2,s6u,@GANE,バイブ天狗,正斯特確確,バイブ天狗
20260508015856_0000,20260508015856,,0,0,1,s6u,_たかはつ,豆大福^^,鬼人正邪,_たかはつ
20260508015856_0100,20260508015856,,0,0,2,s6u,_たかはつ,豆大福^^,鬼人正邪,豆大福^^
20260508015856_0200,20260508015856,,0,0,3,s6u,_たかはつ,豆大福^^,鬼人正邪,鬼人正邪
20260508015856_0300,20260508015856,,0,0,0,s6u,_たかはつ,豆大福^^,鬼人正邪,s6u
20260508015856_0301,20260508015856,,1,1,0,s6u,_たかはつ,豆大福^^,鬼人正邪,s6u
20260508015856_0400,20260508015856,,0,0,1,s6u,_たかはつ,豆大福^^,鬼人正邪,_たかはつ
20260508015856_0500,20260508015856,,0,0,2,s6u,_たかはつ,豆大福^^,鬼人正邪,豆大福^^
20260508015856_0501,20260508015856,,1,0,2,s6u,_たかはつ,豆大福^^,鬼人正邪,豆大福^^
20260508015856_0600,20260508015856,,0,0,3,s6u,_たかはつ,豆大福^^,鬼人正邪,鬼人正邪
20260508015856_0601,20260508015856,,1,2,3,s6u,_たかはつ,豆大福^^,鬼人正邪,鬼人正邪
20260508015856_0700,20260508015856,,0,0,0,s6u,_たかはつ,豆大福^^,鬼人正邪,s6u
20260508120402_0000,20260508120402,特上卓,0,0,0,s6u,立即七対表表裏裏,Sense,Kotarooo,s6u
20260508120402_0100,20260508120402,特上卓,0,0,1,s6u,立即七対表表裏裏,Sense,Kotarooo,立即七対表表裏裏
20260508120402_0101,20260508120402,特上卓,1,1,1,s6u,立即七対表表裏裏,Sense,Kotarooo,立即七対表表裏裏
20260508120402_0102,20260508120402,特上卓,2,0,1,s6u,立即七対表表裏裏,Sense,Kotarooo,立即七対表表裏裏
20260508120402_0200,20260508120402,特上卓,0,0,2,s6u,立即七対表表裏裏,Sense,Kotarooo,Sense
20260508120402_0300,20260508120402,特上卓,0,0,3,s6u,立即七対表表裏裏,Sense,Kotarooo,Kotarooo
20260508120402_0400,20260508120402,特上卓,0,0,0,s6u,立即七対表表裏裏,Sense,Kotarooo,s6u
20260508120402_0401,20260508120402,特上卓,1,0,0,s6u,立即七対表表裏裏,Sense,Kotarooo,s6u
20260508120402_0402,20260508120402,特上卓,2,1,0,s6u,立即七対表表裏裏,Sense,Kotarooo,s6u
20260508120402_0500,20260508120402,特上卓,0,0,1,s6u,立即七対表表裏裏,Sense,Kotarooo,立即七対表表裏裏
20260508120402_0501,20260508120402,特上卓,1,0,1,s6u,立即七対表表裏裏,Sense,Kotarooo,立即七対表表裏裏
20260508120402_0600,20260508120402,特上卓,0,0,2,s6u,立即七対表表裏裏,Sense,Kotarooo,Sense
20260508120402_0700,20260508120402,特上卓,0,0,3,s6u,立即七対表表裏裏,Sense,Kotarooo,Kotarooo
20260508124159_0000,20260508124159,,0,0,3,s6u,FL,seastory,wakasako,wakasako
20260508124159_0100,20260508124159,,0,0,0,s6u,FL,seastory,wakasako,s6u
20260508124159_0101,20260508124159,,1,0,0,s6u,FL,seastory,wakasako,s6u
20260508124159_0200,20260508124159,,0,0,1,s6u,FL,seastory,wakasako,FL
20260508124159_0300,20260508124159,,0,0,2,s6u,FL,seastory,wakasako,seastory
20260508124159_0400,20260508124159,,0,0,3,s6u,FL,seastory,wakasako,wakasako
20260508124159_0401,20260508124159,,1,0,3,s6u,FL,seastory,wakasako,wakasako
20260508124159_0402,20260508124159,,2,0,3,s6u,FL,seastory,wakasako,wakasako
20260508124159_0403,20260508124159,,3,0,3,s6u,FL,seastory,wakasako,wakasako
20260508124159_0500,20260508124159,,0,0,0,s6u,FL,seastory,wakasako,s6u
20260508124159_0600,20260508124159,,0,0,1,s6u,FL,seastory,wakasako,FL
20260508124159_0601,20260508124159,,1,0,1,s6u,FL,seastory,wakasako,FL
20260508124159_0700,20260508124159,,0,0,2,s6u,FL,seastory,wakasako,seastory
20260508183844_0000,20260508183844,,0,0,1,s6u,ププリン,偽預言者,ききっぺ,ププリン
20260508184139_0001,20260508184139,特上卓,1,0,1,ププリン,偽預言者,ききっぺ,s6u,偽預言者
20260508184139_0100,20260508184139,特上卓,0,0,2,ププリン,偽預言者,ききっぺ,s6u,ききっぺ
20260508184139_0200,20260508184139,特上卓,0,0,3,ププリン,偽預言者,ききっぺ,s6u,s6u
20260508184139_0201,20260508184139,特上卓,1,0,3,ププリン,偽預言者,ききっぺ,s6u,s6u
20260508185726_0000,20260508185726,,0,0,2,s6u,RinChan,たかし1121,サドちゃん,たかし1121
20260508185726_0100,20260508185726,,0,0,3,s6u,RinChan,たかし1121,サドちゃん,サドちゃん
20260508185726_0101,20260508185726,,1,0,3,s6u,RinChan,たかし1121,サドちゃん,サドちゃん
20260508185726_0200,20260508185726,,0,0,0,s6u,RinChan,たかし1121,サドちゃん,s6u
20260508185726_0300,20260508185726,,0,0,1,s6u,RinChan,たかし1121,サドちゃん,RinChan
20260508185726_0301,20260508185726,,1,0,1,s6u,RinChan,たかし1121,サドちゃん,RinChan
20260508185726_0400,20260508185726,,0,0,2,s6u,RinChan,たかし1121,サドちゃん,たかし1121
20260508185726_0401,20260508185726,,1,0,2,s6u,RinChan,たかし1121,サドちゃん,たかし1121
20260508191824_0000,20260508191824,,0,0,1,s6u,たかしんのすけ,DIBT,陰キャラ@配信,たかしんのすけ
20260508191824_0100,20260508191824,,0,0,2,s6u,たかしんのすけ,DIBT,陰キャラ@配信,DIBT
20260508191824_0200,20260508191824,,0,0,3,s6u,たかしんのすけ,DIBT,陰キャラ@配信,陰キャラ@配信
20260508191824_0300,20260508191824,,0,0,0,s6u,たかしんのすけ,DIBT,陰キャラ@配信,s6u
20260508191824_0400,20260508191824,,0,0,1,s6u,たかしんのすけ,DIBT,陰キャラ@配信,たかしんのすけ
20260508191824_0500,20260508191824,,0,0,2,s6u,たかしんのすけ,DIBT,陰キャラ@配信,DIBT
20260508191824_0600,20260508191824,,0,0,3,s6u,たかしんのすけ,DIBT,陰キャラ@配信,陰キャラ@配信
20260508194201_0000,20260508194201,,0,0,2,s6u,ワンクライム,ナリタブライアン,めろんたろん,ナリタブライアン
20260508194201_0100,20260508194201,,0,0,3,s6u,ワンクライム,ナリタブライアン,めろんたろん,めろんたろん
20260508194201_0101,20260508194201,,1,0,3,s6u,ワンクライム,ナリタブライアン,めろんたろん,めろんたろん
20260508194201_0202,20260508194201,,2,1,0,s6u,ワンクライム,ナリタブライアン,めろんたろん,s6u
20260508194201_0203,20260508194201,,3,0,0,s6u,ワンクライム,ナリタブライアン,めろんたろん,s6u
20260508194201_0300,20260508194201,,0,0,1,s6u,ワンクライム,ナリタブライアン,めろんたろん,ワンクライム
20260508200138_0000,20260508200138,,0,0,3,s6u,kurinobu,まっちゃんTV,ミストラル★,ミストラル★
20260508200138_0100,20260508200138,,0,0,0,s6u,kurinobu,まっちゃんTV,ミストラル★,s6u
20260508200138_0200,20260508200138,,0,0,1,s6u,kurinobu,まっちゃんTV,ミストラル★,kurinobu
20260508200138_0301,20260508200138,,1,1,2,s6u,kurinobu,まっちゃんTV,ミストラル★,まっちゃんTV
20260508200138_0400,20260508200138,,0,0,3,s6u,kurinobu,まっちゃんTV,ミストラル★,ミストラル★
20260508200138_0501,20260508200138,,1,1,0,s6u,kurinobu,まっちゃんTV,ミストラル★,s6u
20260508200138_0600,20260508200138,,0,0,1,s6u,kurinobu,まっちゃんTV,ミストラル★,kurinobu
20260508200138_0700,20260508200138,,0,0,2,s6u,kurinobu,まっちゃんTV,ミストラル★,まっちゃんTV
20260508202349_0000,20260508202349,,0,0,2,s6u,taruho,ぺー太,石関絢子,ぺー太
20260508202349_0100,20260508202349,,0,0,3,s6u,taruho,ぺー太,石関絢子,石関絢子
20260508202349_0101,20260508202349,,1,2,3,s6u,taruho,ぺー太,石関絢子,石関絢子
20260508202349_0104,20260508202349,,4,3,3,s6u,taruho,ぺー太,石関絢子,石関絢子
20260508202349_0200,20260508202349,,0,0,0,s6u,taruho,ぺー太,石関絢子,s6u
20260508202349_0300,20260508202349,,0,0,1,s6u,taruho,ぺー太,石関絢子,taruho
20260508202349_0401,20260508202349,,1,1,2,s6u,taruho,ぺー太,石関絢子,ぺー太
20260508202349_0500,20260508202349,,0,0,3,s6u,taruho,ぺー太,石関絢子,石関絢子
20260508202349_0501,20260508202349,,1,0,3,s6u,taruho,ぺー太,石関絢子,石関絢子
20260508202349_0600,20260508202349,,0,0,0,s6u,taruho,ぺー太,石関絢子,s6u
20260508202349_0601,20260508202349,,1,0,0,s6u,taruho,ぺー太,石関絢子,s6u
20260508202349_0602,20260508202349,,2,1,0,s6u,taruho,ぺー太,石関絢子,s6u
20260508202349_0603,20260508202349,,3,0,0,s6u,taruho,ぺー太,石関絢子,s6u
20260508202349_0704,20260508202349,,4,1,1,s6u,taruho,ぺー太,石関絢子,taruho
20260508202349_0705,20260508202349,,5,1,1,s6u,taruho,ぺー太,石関絢子,taruho
20260508210847_0000,20260508210847,,0,0,3,s6u,H1karu,なべかつ,Landary,Landary
20260508210847_0100,20260508210847,,0,0,0,s6u,H1karu,なべかつ,Landary,s6u
20260508210847_0200,20260508210847,,0,0,1,s6u,H1karu,なべかつ,Landary,H1karu
20260508210847_0300,20260508210847,,0,0,2,s6u,H1karu,なべかつ,Landary,なべかつ
20260508210847_0301,20260508210847,,1,0,2,s6u,H1karu,なべかつ,Landary,なべかつ
20260508210847_0400,20260508210847,,0,0,3,s6u,H1karu,なべかつ,Landary,Landary
20260508210847_0401,20260508210847,,1,0,3,s6u,H1karu,なべかつ,Landary,Landary
20260508210847_0500,20260508210847,,0,0,0,s6u,H1karu,なべかつ,Landary,s6u
20260508210847_0600,20260508210847,,0,0,1,s6u,H1karu,なべかつ,Landary,H1karu
20260508210847_0700,20260508210847,,0,0,2,s6u,H1karu,なべかつ,Landary,なべかつ
20260508212712_0000,20260508212712,,0,0,1,s6u,レイホウ,セルマネロ,h123,レイホウ
20260508212712_0001,20260508212712,,1,1,1,s6u,レイホウ,セルマネロ,h123,レイホウ
20260508212712_0100,20260508212712,,0,0,2,s6u,レイホウ,セルマネロ,h123,セルマネロ
20260508212712_0101,20260508212712,,1,2,2,s6u,レイホウ,セルマネロ,h123,セルマネロ
20260508212712_0102,20260508212712,,2,0,2,s6u,レイホウ,セルマネロ,h123,セルマネロ
20260508212712_0200,20260508212712,,0,0,3,s6u,レイホウ,セルマネロ,h123,h123
20260508212712_0300,20260508212712,,0,0,0,s6u,レイホウ,セルマネロ,h123,s6u
20260508212712_0400,20260508212712,,0,0,1,s6u,レイホウ,セルマネロ,h123,レイホウ
20260508215346_0000,20260508215346,,0,0,3,s6u,wes14,musa10,セルポ,セルポ
20260508215346_0001,20260508215346,,1,0,3,s6u,wes14,musa10,セルポ,セルポ
20260508215346_0100,20260508215346,,0,0,0,s6u,wes14,musa10,セルポ,s6u
20260508215346_0101,20260508215346,,1,0,0,s6u,wes14,musa10,セルポ,s6u
20260508215346_0200,20260508215346,,0,0,1,s6u,wes14,musa10,セルポ,wes14
20260508215346_0201,20260508215346,,1,0,1,s6u,wes14,musa10,セルポ,wes14
20260508215346_0300,20260508215346,,0,0,2,s6u,wes14,musa10,セルポ,musa10
20260508221606_0000,20260508221606,,0,0,3,s6u,酸麓煮,Vbgdf,つちもうす,つちもうす
20260508221606_0100,20260508221606,,0,0,0,s6u,酸麓煮,Vbgdf,つちもうす,s6u
20260508221606_0200,20260508221606,,0,0,1,s6u,酸麓煮,Vbgdf,つちもうす,酸麓煮
20260508221606_0201,20260508221606,,1,0,1,s6u,酸麓煮,Vbgdf,つちもうす,酸麓煮
20260508221606_0202,20260508221606,,2,0,1,s6u,酸麓煮,Vbgdf,つちもうす,酸麓煮
20260508221606_0300,20260508221606,,0,0,2,s6u,酸麓煮,Vbgdf,つちもうす,Vbgdf
20260508221606_0301,20260508221606,,1,0,2,s6u,酸麓煮,Vbgdf,つちもうす,Vbgdf
20260508221606_0400,20260508221606,,0,0,3,s6u,酸麓煮,Vbgdf,つちもうす,つちもうす
20260508221606_0500,20260508221606,,0,0,0,s6u,酸麓煮,Vbgdf,つちもうす,s6u
20260508221606_0600,20260508221606,,0,0,1,s6u,酸麓煮,Vbgdf,つちもうす,酸麓煮
20260508221606_0700,20260508221606,,0,0,2,s6u,酸麓煮,Vbgdf,つちもうす,Vbgdf
20260508221606_0800,20260508221606,,0,0,3,s6u,酸麓煮,Vbgdf,つちもうす,つちもうす
20260508224957_0000,20260508224957,,0,0,3,s6u,むらしゅー,cae,KY0SAYA,KY0SAYA
20260508224957_0100,20260508224957,,0,0,0,s6u,むらしゅー,cae,KY0SAYA,s6u
20260508224957_0200,20260508224957,,0,0,1,s6u,むらしゅー,cae,KY0SAYA,むらしゅー
20260508224957_0302,20260508224957,,2,0,2,s6u,むらしゅー,cae,KY0SAYA,cae
20260508224957_0400,20260508224957,,0,0,3,s6u,むらしゅー,cae,KY0SAYA,KY0SAYA
20260508224957_0501,20260508224957,,1,0,0,s6u,むらしゅー,cae,KY0SAYA,s6u
20260508224957_0600,20260508224957,,0,0,1,s6u,むらしゅー,cae,KY0SAYA,むらしゅー
20260508224957_0700,20260508224957,,0,0,2,s6u,むらしゅー,cae,KY0SAYA,cae
20260508231448_0001,20260508231448,特上卓,1,0,3,s6u,yo-idonn,マサル0101,サムライ森山,サムライ森山
20260508231448_0100,20260508231448,特上卓,0,0,0,s6u,yo-idonn,マサル0101,サムライ森山,s6u
20260508231448_0101,20260508231448,特上卓,1,0,0,s6u,yo-idonn,マサル0101,サムライ森山,s6u
20260508231448_0200,20260508231448,特上卓,0,0,1,s6u,yo-idonn,マサル0101,サムライ森山,yo-idonn
20260508231448_0300,20260508231448,特上卓,0,0,2,s6u,yo-idonn,マサル0101,サムライ森山,マサル0101
20260508231448_0400,20260508231448,特上卓,0,0,3,s6u,yo-idonn,マサル0101,サムライ森山,サムライ森山
20260508231448_0401,20260508231448,特上卓,1,0,3,s6u,yo-idonn,マサル0101,サムライ森山,サムライ森山
20260508233540_0000,20260508233540,,0,0,2,s6u,Ponzyrx,フルハウス777,夏夏至,フルハウス777
20260508233540_0100,20260508233540,,0,0,3,s6u,Ponzyrx,フルハウス777,夏夏至,夏夏至
20260508233540_0200,20260508233540,,0,0,0,s6u,Ponzyrx,フルハウス777,夏夏至,s6u
20260508233540_0201,20260508233540,,1,0,0,s6u,Ponzyrx,フルハウス777,夏夏至,s6u
20260508233540_0300,20260508233540,,0,0,1,s6u,Ponzyrx,フルハウス777,夏夏至,Ponzyrx
20260508233540_0400,20260508233540,,0,0,2,s6u,Ponzyrx,フルハウス777,夏夏至,フルハウス777
20260508233540_0500,20260508233540,,0,0,3,s6u,Ponzyrx,フルハウス777,夏夏至,夏夏至
20260508233540_0600,20260508233540,,0,0,0,s6u,Ponzyrx,フルハウス777,夏夏至,s6u
20260509000030_0000,20260509000030,,0,0,0,s6u,河底ペンギン,ぷる焼き,変態紳士＠,s6u
20260509000030_0001,20260509000030,,1,0,0,s6u,河底ペンギン,ぷる焼き,変態紳士＠,s6u
20260509000030_0100,20260509000030,,0,0,1,s6u,河底ペンギン,ぷる焼き,変態紳士＠,河底ペンギン
20260509000030_0101,20260509000030,,1,0,1,s6u,河底ペンギン,ぷる焼き,変態紳士＠,河底ペンギン
20260509000030_0102,20260509000030,,2,0,1,s6u,河底ペンギン,ぷる焼き,変態紳士＠,河底ペンギン
20260509000030_0200,20260509000030,,0,0,2,s6u,河底ペンギン,ぷる焼き,変態紳士＠,ぷる焼き
20260509000030_0300,20260509000030,,0,0,3,s6u,河底ペンギン,ぷる焼き,変態紳士＠,変態紳士＠
20260509000030_0400,20260509000030,,0,0,0,s6u,河底ペンギン,ぷる焼き,変態紳士＠,s6u
20260509000030_0500,20260509000030,,0,0,1,s6u,河底ペンギン,ぷる焼き,変態紳士＠,河底ペンギン
20260509000030_0501,20260509000030,,1,0,1,s6u,河底ペンギン,ぷる焼き,変態紳士＠,河底ペンギン
20260509000030_0600,20260509000030,,0,0,2,s6u,河底ペンギン,ぷる焼き,変態紳士＠,ぷる焼き
20260509000030_0601,20260509000030,,1,0,2,s6u,河底ペンギン,ぷる焼き,変態紳士＠,ぷる焼き
20260509000030_0700,20260509000030,,0,0,3,s6u,河底ペンギン,ぷる焼き,変態紳士＠,変態紳士＠
20260509000030_0701,20260509000030,,1,0,3,s6u,河底ペンギン,ぷる焼き,変態紳士＠,変態紳士＠
20260509000030_0702,20260509000030,,2,1,3,s6u,河底ペンギン,ぷる焼き,変態紳士＠,変態紳士＠
20260509003851_0000,20260509003851,,0,0,3,s6u,竹信丸,Arthas,しんじろう,しんじろう
20260509003851_0100,20260509003851,,0,0,0,s6u,竹信丸,Arthas,しんじろう,s6u
20260509003851_0101,20260509003851,,1,0,0,s6u,竹信丸,Arthas,しんじろう,s6u
20260509003851_0200,20260509003851,,0,0,1,s6u,竹信丸,Arthas,しんじろう,竹信丸
20260509003851_0300,20260509003851,,0,0,2,s6u,竹信丸,Arthas,しんじろう,Arthas
20260509003851_0301,20260509003851,,1,2,2,s6u,竹信丸,Arthas,しんじろう,Arthas
20260509003851_0302,20260509003851,,2,0,2,s6u,竹信丸,Arthas,しんじろう,Arthas
20260509003851_0400,20260509003851,,0,0,3,s6u,竹信丸,Arthas,しんじろう,しんじろう
20260509003851_0401,20260509003851,,1,1,3,s6u,竹信丸,Arthas,しんじろう,しんじろう
20260509003851_0500,20260509003851,,0,0,0,s6u,竹信丸,Arthas,しんじろう,s6u
20260509010651_0000,20260509010651,特上卓,0,0,0,s6u,麻雀ごめんね。,ぷる焼き,2階のこども部屋,s6u
20260509010651_0100,20260509010651,特上卓,0,0,1,s6u,麻雀ごめんね。,ぷる焼き,2階のこども部屋,麻雀ごめんね。
20260509010651_0101,20260509010651,特上卓,1,2,1,s6u,麻雀ごめんね。,ぷる焼き,2階のこども部屋,麻雀ごめんね。
20260509010651_0102,20260509010651,特上卓,2,0,1,s6u,麻雀ごめんね。,ぷる焼き,2階のこども部屋,麻雀ごめんね。
20260509011830_0000,20260509011830,,0,0,1,s6u,Benedito,厚岸,ktn,Benedito
20260509011830_0001,20260509011830,,1,0,1,s6u,Benedito,厚岸,ktn,Benedito
20260509011830_0100,20260509011830,,0,0,2,s6u,Benedito,厚岸,ktn,厚岸
20260509011830_0200,20260509011830,,0,0,3,s6u,Benedito,厚岸,ktn,ktn
20260509011830_0201,20260509011830,,1,0,3,s6u,Benedito,厚岸,ktn,ktn
20260509011830_0300,20260509011830,,0,0,0,s6u,Benedito,厚岸,ktn,s6u
20260509011830_0301,20260509011830,,1,0,0,s6u,Benedito,厚岸,ktn,s6u
20260509011830_0400,20260509011830,,0,0,1,s6u,Benedito,厚岸,ktn,Benedito
20260509011830_0500,20260509011830,,0,0,2,s6u,Benedito,厚岸,ktn,厚岸
20260509011830_0600,20260509011830,,0,0,3,s6u,Benedito,厚岸,ktn,ktn
20260509011830_0700,20260509011830,,0,0,0,s6u,Benedito,厚岸,ktn,s6u
20260509011830_0701,20260509011830,,1,0,0,s6u,Benedito,厚岸,ktn,s6u
20260509015257_0000,20260509015257,,0,0,1,s6u,HISHI,手なりタイガーφ,荒野の牛泥棒,HISHI
20260509015257_0100,20260509015257,,0,0,2,s6u,HISHI,手なりタイガーφ,荒野の牛泥棒,手なりタイガーφ
20260509015257_0101,20260509015257,,1,1,2,s6u,HISHI,手なりタイガーφ,荒野の牛泥棒,手なりタイガーφ
20260509015257_0102,20260509015257,,2,0,2,s6u,HISHI,手なりタイガーφ,荒野の牛泥棒,手なりタイガーφ
20260509015257_0103,20260509015257,,3,0,2,s6u,HISHI,手なりタイガーφ,荒野の牛泥棒,手なりタイガーφ
20260509021453_0000,20260509021453,,0,0,2,s6u,夜叉,立花明明子,のすのすの,立花明明子
20260509021453_0001,20260509021453,,1,0,2,s6u,夜叉,立花明明子,のすのすの,立花明明子
20260509021453_0100,20260509021453,,0,0,3,s6u,夜叉,立花明明子,のすのすの,のすのすの
20260509021453_0101,20260509021453,,1,0,3,s6u,夜叉,立花明明子,のすのすの,のすのすの
20260509021453_0200,20260509021453,,0,0,0,s6u,夜叉,立花明明子,のすのすの,s6u
20260509021453_0500,20260509021453,,0,0,3,s6u,夜叉,立花明明子,のすのすの,のすのすの
20260509021453_0600,20260509021453,,0,0,0,s6u,夜叉,立花明明子,のすのすの,s6u
20260509021453_0601,20260509021453,,1,0,0,s6u,夜叉,立花明明子,のすのすの,s6u
20260509021453_0700,20260509021453,,0,0,1,s6u,夜叉,立花明明子,のすのすの,夜叉
20260509114303_0000,20260509114303,鳳凰卓,0,0,0,s6u,爆裂口リータ,『ヨスガノソラ』,棚科,s6u
20260509114303_0100,20260509114303,鳳凰卓,0,0,1,s6u,爆裂口リータ,『ヨスガノソラ』,棚科,爆裂口リータ
20260509114303_0200,20260509114303,鳳凰卓,0,0,2,s6u,爆裂口リータ,『ヨスガノソラ』,棚科,『ヨスガノソラ』
20260509114303_0201,20260509114303,鳳凰卓,1,0,2,s6u,爆裂口リータ,『ヨスガノソラ』,棚科,『ヨスガノソラ』
20260509114303_0302,20260509114303,鳳凰卓,2,0,3,s6u,爆裂口リータ,『ヨスガノソラ』,棚科,棚科
20260509114303_0403,20260509114303,鳳凰卓,3,0,0,s6u,爆裂口リータ,『ヨスガノソラ』,棚科,s6u
20260509114303_0500,20260509114303,鳳凰卓,0,0,1,s6u,爆裂口リータ,『ヨスガノソラ』,棚科,爆裂口リータ
20260509114303_0601,20260509114303,鳳凰卓,1,1,2,s6u,爆裂口リータ,『ヨスガノソラ』,棚科,『ヨスガノソラ』
20260509114303_0700,20260509114303,鳳凰卓,0,0,3,s6u,爆裂口リータ,『ヨスガノソラ』,棚科,棚科
20260509121455_0000,20260509121455,,0,0,3,s6u,oliver,GHOST,ちよすけ,ちよすけ
20260509121455_0100,20260509121455,,0,0,0,s6u,oliver,GHOST,ちよすけ,s6u
20260509121455_0101,20260509121455,,1,0,0,s6u,oliver,GHOST,ちよすけ,s6u
20260509121455_0102,20260509121455,,2,0,0,s6u,oliver,GHOST,ちよすけ,s6u
20260509121455_0200,20260509121455,,0,0,1,s6u,oliver,GHOST,ちよすけ,oliver
20260509121455_0300,20260509121455,,0,0,2,s6u,oliver,GHOST,ちよすけ,GHOST
20260509121455_0400,20260509121455,,0,0,3,s6u,oliver,GHOST,ちよすけ,ちよすけ
20260509121455_0401,20260509121455,,1,0,3,s6u,oliver,GHOST,ちよすけ,ちよすけ
20260509121455_0500,20260509121455,,0,0,0,s6u,oliver,GHOST,ちよすけ,s6u
20260509124521_0000,20260509124521,,0,0,0,s6u,暗黒疾風龍王丸,Tabasco,淳子です,s6u
20260509124521_0001,20260509124521,,1,0,0,s6u,暗黒疾風龍王丸,Tabasco,淳子です,s6u
20260509124521_0002,20260509124521,,2,0,0,s6u,暗黒疾風龍王丸,Tabasco,淳子です,s6u
20260509124521_0100,20260509124521,,0,0,1,s6u,暗黒疾風龍王丸,Tabasco,淳子です,暗黒疾風龍王丸
20260509124521_0200,20260509124521,,0,0,2,s6u,暗黒疾風龍王丸,Tabasco,淳子です,Tabasco
20260509124521_0300,20260509124521,,0,0,3,s6u,暗黒疾風龍王丸,Tabasco,淳子です,淳子です
20260509124521_0401,20260509124521,,1,1,0,s6u,暗黒疾風龍王丸,Tabasco,淳子です,s6u
20260509124521_0500,20260509124521,,0,0,1,s6u,暗黒疾風龍王丸,Tabasco,淳子です,暗黒疾風龍王丸
20260509124521_0600,20260509124521,,0,0,2,s6u,暗黒疾風龍王丸,Tabasco,淳子です,Tabasco
20260509124521_0701,20260509124521,,1,1,3,s6u,暗黒疾風龍王丸,Tabasco,淳子です,淳子です
20260509132008_0000,20260509132008,,0,0,3,s6u,たかな,ヒカル,kiey,kiey
20260509132008_0100,20260509132008,,0,0,0,s6u,たかな,ヒカル,kiey,s6u
20260509132008_0200,20260509132008,,0,0,1,s6u,たかな,ヒカル,kiey,たかな
20260509132008_0301,20260509132008,,1,1,2,s6u,たかな,ヒカル,kiey,ヒカル
20260509132008_0302,20260509132008,,2,2,2,s6u,たかな,ヒカル,kiey,ヒカル
20260509132008_0400,20260509132008,,0,0,3,s6u,たかな,ヒカル,kiey,kiey
20260509132008_0401,20260509132008,,1,2,3,s6u,たかな,ヒカル,kiey,kiey
20260509132008_0402,20260509132008,,2,0,3,s6u,たかな,ヒカル,kiey,kiey
20260509132008_0500,20260509132008,,0,0,0,s6u,たかな,ヒカル,kiey,s6u
20260509132008_0501,20260509132008,,1,0,0,s6u,たかな,ヒカル,kiey,s6u
20260509132008_0600,20260509132008,,0,0,1,s6u,たかな,ヒカル,kiey,たかな
20260509132008_0700,20260509132008,,0,0,2,s6u,たかな,ヒカル,kiey,ヒカル
20260509132008_0701,20260509132008,,1,0,2,s6u,たかな,ヒカル,kiey,ヒカル
20260509132008_0702,20260509132008,,2,0,2,s6u,たかな,ヒカル,kiey,ヒカル
20260509140049_0000,20260509140049,,0,0,1,s6u,一个二毫半,うなぎ麺,十ハクア十,一个二毫半
20260509140049_0100,20260509140049,,0,0,2,s6u,一个二毫半,うなぎ麺,十ハクア十,うなぎ麺
20260509140049_0101,20260509140049,,1,0,2,s6u,一个二毫半,うなぎ麺,十ハクア十,うなぎ麺
20260509140049_0200,20260509140049,,0,0,3,s6u,一个二毫半,うなぎ麺,十ハクア十,十ハクア十
20260509140049_0201,20260509140049,,1,0,3,s6u,一个二毫半,うなぎ麺,十ハクア十,十ハクア十
20260509140049_0300,20260509140049,,0,0,0,s6u,一个二毫半,うなぎ麺,十ハクア十,s6u
20260509140049_0400,20260509140049,,0,0,1,s6u,一个二毫半,うなぎ麺,十ハクア十,一个二毫半
20260509140049_0500,20260509140049,,0,0,2,s6u,一个二毫半,うなぎ麺,十ハクア十,うなぎ麺
20260509140049_0600,20260509140049,,0,0,3,s6u,一个二毫半,うなぎ麺,十ハクア十,十ハクア十
20260509140049_0601,20260509140049,,1,0,3,s6u,一个二毫半,うなぎ麺,十ハクア十,十ハクア十
20260509140049_0700,20260509140049,,0,0,0,s6u,一个二毫半,うなぎ麺,十ハクア十,s6u
20260509140049_0701,20260509140049,,1,0,0,s6u,一个二毫半,うなぎ麺,十ハクア十,s6u
20260509142619_0000,20260509142619,,0,0,2,s6u,むし歯,Che,Tatsuno7,Che
20260509142619_0001,20260509142619,,1,0,2,s6u,むし歯,Che,Tatsuno7,Che
20260509142619_0100,20260509142619,,0,0,3,s6u,むし歯,Che,Tatsuno7,Tatsuno7
20260509142619_0200,20260509142619,,0,0,0,s6u,むし歯,Che,Tatsuno7,s6u
20260509142619_0201,20260509142619,,1,0,0,s6u,むし歯,Che,Tatsuno7,s6u
20260509142619_0302,20260509142619,,2,0,1,s6u,むし歯,Che,Tatsuno7,むし歯
20260509142619_0400,20260509142619,,0,0,2,s6u,むし歯,Che,Tatsuno7,Che
20260509142619_0500,20260509142619,,0,0,3,s6u,むし歯,Che,Tatsuno7,Tatsuno7
20260509142619_0600,20260509142619,,0,0,0,s6u,むし歯,Che,Tatsuno7,s6u
20260509142619_0601,20260509142619,,1,0,0,s6u,むし歯,Che,Tatsuno7,s6u
20260509145131_0000,20260509145131,,0,0,2,s6u,むし歯,かなきー,夏蔭,かなきー
20260509145131_0100,20260509145131,,0,0,3,s6u,むし歯,かなきー,夏蔭,夏蔭
20260509145131_0200,20260509145131,,0,0,0,s6u,むし歯,かなきー,夏蔭,s6u
20260509145131_0300,20260509145131,,0,0,1,s6u,むし歯,かなきー,夏蔭,むし歯
20260509145131_0301,20260509145131,,1,0,1,s6u,むし歯,かなきー,夏蔭,むし歯
20260509145131_0302,20260509145131,,2,0,1,s6u,むし歯,かなきー,夏蔭,むし歯
20260509145131_0400,20260509145131,,0,0,2,s6u,むし歯,かなきー,夏蔭,かなきー
20260509145131_0500,20260509145131,,0,0,3,s6u,むし歯,かなきー,夏蔭,夏蔭
20260509145131_0600,20260509145131,,0,0,0,s6u,むし歯,かなきー,夏蔭,s6u
20260509145131_0601,20260509145131,,1,0,0,s6u,むし歯,かなきー,夏蔭,s6u
20260509145131_0700,20260509145131,,0,0,1,s6u,むし歯,かなきー,夏蔭,むし歯
20260510051135_0000,20260510051135,鳳凰卓,0,0,3,s6u,ピンサロ店員,豊臣軍陸,Jow-Z,Jow-Z
20260510051135_0100,20260510051135,鳳凰卓,0,0,0,s6u,ピンサロ店員,豊臣軍陸,Jow-Z,s6u
20260510051135_0101,20260510051135,鳳凰卓,1,0,0,s6u,ピンサロ店員,豊臣軍陸,Jow-Z,s6u
20260510051135_0102,20260510051135,鳳凰卓,2,0,0,s6u,ピンサロ店員,豊臣軍陸,Jow-Z,s6u
20260510051135_0103,20260510051135,鳳凰卓,3,0,0,s6u,ピンサロ店員,豊臣軍陸,Jow-Z,s6u
20260510051135_0104,20260510051135,鳳凰卓,4,1,0,s6u,ピンサロ店員,豊臣軍陸,Jow-Z,s6u
20260510051135_0105,20260510051135,鳳凰卓,5,0,0,s6u,ピンサロ店員,豊臣軍陸,Jow-Z,s6u
20260510051135_0200,20260510051135,鳳凰卓,0,0,1,s6u,ピンサロ店員,豊臣軍陸,Jow-Z,ピンサロ店員
20260510051135_0201,20260510051135,鳳凰卓,1,0,1,s6u,ピンサロ店員,豊臣軍陸,Jow-Z,ピンサロ店員
20260510051135_0202,20260510051135,鳳凰卓,2,0,1,s6u,ピンサロ店員,豊臣軍陸,Jow-Z,ピンサロ店員
20260510051135_0203,20260510051135,鳳凰卓,3,1,1,s6u,ピンサロ店員,豊臣軍陸,Jow-Z,ピンサロ店員
20260510051135_0204,20260510051135,鳳凰卓,4,0,1,s6u,ピンサロ店員,豊臣軍陸,Jow-Z,ピンサロ店員
20260510051135_0300,20260510051135,鳳凰卓,0,0,2,s6u,ピンサロ店員,豊臣軍陸,Jow-Z,豊臣軍陸
20260510051135_0400,20260510051135,鳳凰卓,0,0,3,s6u,ピンサロ店員,豊臣軍陸,Jow-Z,Jow-Z
20260510051135_0500,20260510051135,鳳凰卓,0,0,0,s6u,ピンサロ店員,豊臣軍陸,Jow-Z,s6u
20260510051135_0600,20260510051135,鳳凰卓,0,0,1,s6u,ピンサロ店員,豊臣軍陸,Jow-Z,ピンサロ店員
20260510051135_0700,20260510051135,鳳凰卓,0,0,2,s6u,ピンサロ店員,豊臣軍陸,Jow-Z,豊臣軍陸
20260510051135_0701,20260510051135,鳳凰卓,1,0,2,s6u,ピンサロ店員,豊臣軍陸,Jow-Z,豊臣軍陸
20260510060030_0000,20260510060030,,0,0,2,s6u,ピンサロ店員,黒羽織,デラコッコ,黒羽織
20260510060030_0001,20260510060030,,1,1,2,s6u,ピンサロ店員,黒羽織,デラコッコ,黒羽織
20260510060030_0100,20260510060030,,0,0,3,s6u,ピンサロ店員,黒羽織,デラコッコ,デラコッコ
20260510060030_0200,20260510060030,,0,0,0,s6u,ピンサロ店員,黒羽織,デラコッコ,s6u
20260510060030_0300,20260510060030,,0,0,1,s6u,ピンサロ店員,黒羽織,デラコッコ,ピンサロ店員
20260510060030_0400,20260510060030,,0,0,2,s6u,ピンサロ店員,黒羽織,デラコッコ,黒羽織
20260510060030_0500,20260510060030,,0,0,3,s6u,ピンサロ店員,黒羽織,デラコッコ,デラコッコ
20260510060030_0600,20260510060030,,0,0,0,s6u,ピンサロ店員,黒羽織,デラコッコ,s6u
20260510060030_0601,20260510060030,,1,0,0,s6u,ピンサロ店員,黒羽織,デラコッコ,s6u
20260510060030_0700,20260510060030,,0,0,1,s6u,ピンサロ店員,黒羽織,デラコッコ,ピンサロ店員
20260510060030_0701,20260510060030,,1,0,1,s6u,ピンサロ店員,黒羽織,デラコッコ,ピンサロ店員
20260510060030_0702,20260510060030,,2,0,1,s6u,ピンサロ店員,黒羽織,デラコッコ,ピンサロ店員
20260510064221_0000,20260510064221,,0,0,3,s6u,ロロの環,はたゆう,デラコッコ,デラコッコ
20260510064221_0100,20260510064221,,0,0,0,s6u,ロロの環,はたゆう,デラコッコ,s6u
20260510064221_0200,20260510064221,,0,0,1,s6u,ロロの環,はたゆう,デラコッコ,ロロの環
20260510064221_0201,20260510064221,,1,0,1,s6u,ロロの環,はたゆう,デラコッコ,ロロの環
20260510064221_0300,20260510064221,,0,0,2,s6u,ロロの環,はたゆう,デラコッコ,はたゆう
20260510064221_0400,20260510064221,,0,0,3,s6u,ロロの環,はたゆう,デラコッコ,デラコッコ
20260510064221_0401,20260510064221,,1,0,3,s6u,ロロの環,はたゆう,デラコッコ,デラコッコ
20260510064221_0500,20260510064221,,0,0,0,s6u,ロロの環,はたゆう,デラコッコ,s6u
20260510064221_0600,20260510064221,,0,0,1,s6u,ロロの環,はたゆう,デラコッコ,ロロの環
20260510064221_0601,20260510064221,,1,0,1,s6u,ロロの環,はたゆう,デラコッコ,ロロの環
20260510064221_0700,20260510064221,,0,0,2,s6u,ロロの環,はたゆう,デラコッコ,はたゆう
20260510064221_0701,20260510064221,,1,0,2,s6u,ロロの環,はたゆう,デラコッコ,はたゆう
20260510064221_0702,20260510064221,,2,0,2,s6u,ロロの環,はたゆう,デラコッコ,はたゆう
20260510064221_0703,20260510064221,,3,0,2,s6u,ロロの環,はたゆう,デラコッコ,はたゆう
20260511125047_0000,20260511125047,鳳凰卓,0,0,1,s6u,kiey,豊臣軍陸,河童のワカマツ,kiey
20260511125047_0001,20260511125047,鳳凰卓,1,0,1,s6u,kiey,豊臣軍陸,河童のワカマツ,kiey
20260511125047_0100,20260511125047,鳳凰卓,0,0,2,s6u,kiey,豊臣軍陸,河童のワカマツ,豊臣軍陸
20260511125047_0200,20260511125047,鳳凰卓,0,0,3,s6u,kiey,豊臣軍陸,河童のワカマツ,河童のワカマツ
20260511125047_0300,20260511125047,鳳凰卓,0,0,0,s6u,kiey,豊臣軍陸,河童のワカマツ,s6u
20260511125047_0400,20260511125047,鳳凰卓,0,0,1,s6u,kiey,豊臣軍陸,河童のワカマツ,kiey
20260511125047_0401,20260511125047,鳳凰卓,1,0,1,s6u,kiey,豊臣軍陸,河童のワカマツ,kiey
20260511125047_0500,20260511125047,鳳凰卓,0,0,2,s6u,kiey,豊臣軍陸,河童のワカマツ,豊臣軍陸
20260511125047_0600,20260511125047,鳳凰卓,0,0,3,s6u,kiey,豊臣軍陸,河童のワカマツ,河童のワカマツ
20260511125047_0700,20260511125047,鳳凰卓,0,0,0,s6u,kiey,豊臣軍陸,河童のワカマツ,s6u
20260511131802_0000,20260511131802,,0,0,1,s6u,加治木由美,B.ムルザバエフ,Cr7,加治木由美
20260511131802_0001,20260511131802,,1,0,1,s6u,加治木由美,B.ムルザバエフ,Cr7,加治木由美
20260511131802_0002,20260511131802,,2,0,1,s6u,加治木由美,B.ムルザバエフ,Cr7,加治木由美
20260511131802_0100,20260511131802,,0,0,2,s6u,加治木由美,B.ムルザバエフ,Cr7,B.ムルザバエフ
20260511131802_0200,20260511131802,,0,0,3,s6u,加治木由美,B.ムルザバエフ,Cr7,Cr7
20260511131802_0201,20260511131802,,1,1,3,s6u,加治木由美,B.ムルザバエフ,Cr7,Cr7
20260511131802_0300,20260511131802,,0,0,0,s6u,加治木由美,B.ムルザバエフ,Cr7,s6u
20260511131802_0400,20260511131802,,0,0,1,s6u,加治木由美,B.ムルザバエフ,Cr7,加治木由美
20260511131802_0401,20260511131802,,1,0,1,s6u,加治木由美,B.ムルザバエフ,Cr7,加治木由美
20260511131802_0500,20260511131802,,0,0,2,s6u,加治木由美,B.ムルザバエフ,Cr7,B.ムルザバエフ
20260511131802_0501,20260511131802,,1,0,2,s6u,加治木由美,B.ムルザバエフ,Cr7,B.ムルザバエフ
20260511131802_0600,20260511131802,,0,0,3,s6u,加治木由美,B.ムルザバエフ,Cr7,Cr7
20260511131802_0700,20260511131802,,0,0,0,s6u,加治木由美,B.ムルザバエフ,Cr7,s6u
20260511131802_0701,20260511131802,,1,0,0,s6u,加治木由美,B.ムルザバエフ,Cr7,s6u
20260511192051_0000,20260511192051,鳳凰卓,0,0,1,s6u,あかりろん,えりんぼぱぱ,koronron,あかりろん
20260511192051_0100,20260511192051,鳳凰卓,0,0,2,s6u,あかりろん,えりんぼぱぱ,koronron,えりんぼぱぱ
20260511192051_0200,20260511192051,鳳凰卓,0,0,3,s6u,あかりろん,えりんぼぱぱ,koronron,koronron
20260511192051_0300,20260511192051,鳳凰卓,0,0,0,s6u,あかりろん,えりんぼぱぱ,koronron,s6u
20260511192051_0401,20260511192051,鳳凰卓,1,1,1,s6u,あかりろん,えりんぼぱぱ,koronron,あかりろん
20260511192051_0500,20260511192051,鳳凰卓,0,0,2,s6u,あかりろん,えりんぼぱぱ,koronron,えりんぼぱぱ
20260511192051_0501,20260511192051,鳳凰卓,1,0,2,s6u,あかりろん,えりんぼぱぱ,koronron,えりんぼぱぱ
20260511192051_0600,20260511192051,鳳凰卓,0,0,3,s6u,あかりろん,えりんぼぱぱ,koronron,koronron
20260511192051_0601,20260511192051,鳳凰卓,1,0,3,s6u,あかりろん,えりんぼぱぱ,koronron,koronron
20260511192051_0700,20260511192051,鳳凰卓,0,0,0,s6u,あかりろん,えりんぼぱぱ,koronron,s6u
20260511192051_0701,20260511192051,鳳凰卓,1,0,0,s6u,あかりろん,えりんぼぱぱ,koronron,s6u
20260511192051_0702,20260511192051,鳳凰卓,2,0,0,s6u,あかりろん,えりんぼぱぱ,koronron,s6u
20260511195206_0000,20260511195206,,0,0,3,s6u,Che,アンディ3,AOWU,AOWU
20260511195206_0001,20260511195206,,1,0,3,s6u,Che,アンディ3,AOWU,AOWU
20260511195206_0100,20260511195206,,0,0,0,s6u,Che,アンディ3,AOWU,s6u
20260511195206_0101,20260511195206,,1,0,0,s6u,Che,アンディ3,AOWU,s6u
20260511195206_0200,20260511195206,,0,0,1,s6u,Che,アンディ3,AOWU,Che
20260511195206_0300,20260511195206,,0,0,2,s6u,Che,アンディ3,AOWU,アンディ3
20260511195206_0301,20260511195206,,1,0,2,s6u,Che,アンディ3,AOWU,アンディ3
20260511195206_0400,20260511195206,,0,0,3,s6u,Che,アンディ3,AOWU,AOWU
20260511195206_0500,20260511195206,,0,0,0,s6u,Che,アンディ3,AOWU,s6u
20260511195206_0501,20260511195206,,1,0,0,s6u,Che,アンディ3,AOWU,s6u
20260511195206_0602,20260511195206,,2,1,1,s6u,Che,アンディ3,AOWU,Che
20260511195206_0700,20260511195206,,0,0,2,s6u,Che,アンディ3,AOWU,アンディ3
20260511202903_0000,20260511202903,,0,0,1,s6u,MOMOGURA,【メタラー】,あすあす3,MOMOGURA
20260511202903_0100,20260511202903,,0,0,2,s6u,MOMOGURA,【メタラー】,あすあす3,【メタラー】
20260511202903_0200,20260511202903,,0,0,3,s6u,MOMOGURA,【メタラー】,あすあす3,あすあす3
20260511202903_0300,20260511202903,,0,0,0,s6u,MOMOGURA,【メタラー】,あすあす3,s6u
20260511202903_0400,20260511202903,,0,0,1,s6u,MOMOGURA,【メタラー】,あすあす3,MOMOGURA
20260511205445_0000,20260511205445,,0,0,3,s6u,アリアンロード,ふーいん,suzusinn,suzusinn
20260511205445_0100,20260511205445,,0,0,0,s6u,アリアンロード,ふーいん,suzusinn,s6u
20260511205445_0200,20260511205445,,0,0,1,s6u,アリアンロード,ふーいん,suzusinn,アリアンロード
20260511205445_0300,20260511205445,,0,0,2,s6u,アリアンロード,ふーいん,suzusinn,ふーいん
20260511205445_0301,20260511205445,,1,0,2,s6u,アリアンロード,ふーいん,suzusinn,ふーいん
20260511205445_0400,20260511205445,,0,0,3,s6u,アリアンロード,ふーいん,suzusinn,suzusinn
20260511205445_0500,20260511205445,,0,0,0,s6u,アリアンロード,ふーいん,suzusinn,s6u
20260511205445_0501,20260511205445,,1,0,0,s6u,アリアンロード,ふーいん,suzusinn,s6u
20260511205445_0502,20260511205445,,2,0,0,s6u,アリアンロード,ふーいん,suzusinn,s6u
20260511205445_0503,20260511205445,,3,0,0,s6u,アリアンロード,ふーいん,suzusinn,s6u
20260511205445_0600,20260511205445,,0,0,1,s6u,アリアンロード,ふーいん,suzusinn,アリアンロード
20260511205445_0601,20260511205445,,1,0,1,s6u,アリアンロード,ふーいん,suzusinn,アリアンロード
20260511205445_0602,20260511205445,,2,0,1,s6u,アリアンロード,ふーいん,suzusinn,アリアンロード
20260511205445_0603,20260511205445,,3,1,1,s6u,アリアンロード,ふーいん,suzusinn,アリアンロード
20260511205445_0604,20260511205445,,4,0,1,s6u,アリアンロード,ふーいん,suzusinn,アリアンロード
20260511205445_0605,20260511205445,,5,0,1,s6u,アリアンロード,ふーいん,suzusinn,アリアンロード
20260511205445_0706,20260511205445,,6,1,2,s6u,アリアンロード,ふーいん,suzusinn,ふーいん
20260511214500_0000,20260511214500,,0,0,2,s6u,Monascus,こず,軽量鉄骨,こず
20260511214500_0100,20260511214500,,0,0,3,s6u,Monascus,こず,軽量鉄骨,軽量鉄骨
20260511214500_0200,20260511214500,,0,0,0,s6u,Monascus,こず,軽量鉄骨,s6u
20260511214500_0300,20260511214500,,0,0,1,s6u,Monascus,こず,軽量鉄骨,Monascus
20260511214500_0400,20260511214500,,0,0,2,s6u,Monascus,こず,軽量鉄骨,こず
20260511214500_0500,20260511214500,,0,0,3,s6u,Monascus,こず,軽量鉄骨,軽量鉄骨
20260511214500_0601,20260511214500,,1,1,0,s6u,Monascus,こず,軽量鉄骨,s6u
20260511214500_0700,20260511214500,,0,0,1,s6u,Monascus,こず,軽量鉄骨,Monascus
20260511221058_0000,20260511221058,鳳凰卓,0,0,3,s6u,メタルはまっち☆,沼袋亭野方,しんじょ,しんじょ
20260511221058_0100,20260511221058,鳳凰卓,0,0,0,s6u,メタルはまっち☆,沼袋亭野方,しんじょ,s6u
20260511221058_0200,20260511221058,鳳凰卓,0,0,1,s6u,メタルはまっち☆,沼袋亭野方,しんじょ,メタルはまっち☆
20260511221058_0300,20260511221058,鳳凰卓,0,0,2,s6u,メタルはまっち☆,沼袋亭野方,しんじょ,沼袋亭野方
20260511221058_0400,20260511221058,鳳凰卓,0,0,3,s6u,メタルはまっち☆,沼袋亭野方,しんじょ,しんじょ
20260511221058_0500,20260511221058,鳳凰卓,0,0,0,s6u,メタルはまっち☆,沼袋亭野方,しんじょ,s6u
20260511221058_0600,20260511221058,鳳凰卓,0,0,1,s6u,メタルはまっち☆,沼袋亭野方,しんじょ,メタルはまっち☆
20260511221058_0601,20260511221058,鳳凰卓,1,0,1,s6u,メタルはまっち☆,沼袋亭野方,しんじょ,メタルはまっち☆
20260511221058_0700,20260511221058,鳳凰卓,0,0,2,s6u,メタルはまっち☆,沼袋亭野方,しんじょ,沼袋亭野方
20260511223440_0000,20260511223440,,0,0,2,s6u,yf05,おおてつ,MACOTO,おおてつ
20260511223440_0100,20260511223440,,0,0,3,s6u,yf05,おおてつ,MACOTO,MACOTO
20260511223440_0101,20260511223440,,1,0,3,s6u,yf05,おおてつ,MACOTO,MACOTO
20260511223440_0200,20260511223440,,0,0,0,s6u,yf05,おおてつ,MACOTO,s6u
20260511223440_0300,20260511223440,,0,0,1,s6u,yf05,おおてつ,MACOTO,yf05
20260511223440_0400,20260511223440,,0,0,2,s6u,yf05,おおてつ,MACOTO,おおてつ
20260511223440_0500,20260511223440,,0,0,3,s6u,yf05,おおてつ,MACOTO,MACOTO
20260511223440_0600,20260511223440,,0,0,0,s6u,yf05,おおてつ,MACOTO,s6u
20260511223440_0601,20260511223440,,1,0,0,s6u,yf05,おおてつ,MACOTO,s6u
20260511223440_0702,20260511223440,,2,0,1,s6u,yf05,おおてつ,MACOTO,yf05
20260511223440_0703,20260511223440,,3,0,1,s6u,yf05,おおてつ,MACOTO,yf05
20260511223440_0800,20260511223440,,0,0,2,s6u,yf05,おおてつ,MACOTO,おおてつ
20260511223440_0900,20260511223440,,0,0,3,s6u,yf05,おおてつ,MACOTO,MACOTO
20260511223440_0901,20260511223440,,1,0,3,s6u,yf05,おおてつ,MACOTO,MACOTO
20260512001047_0000,20260512001047,鳳凰卓,0,0,0,s6u,おがこーさん,十ハクア十,renji83,s6u
20260512001047_0100,20260512001047,鳳凰卓,0,0,1,s6u,おがこーさん,十ハクア十,renji83,おがこーさん
20260512001047_0200,20260512001047,鳳凰卓,0,0,2,s6u,おがこーさん,十ハクア十,renji83,十ハクア十
20260512001047_0201,20260512001047,鳳凰卓,1,0,2,s6u,おがこーさん,十ハクア十,renji83,十ハクア十
20260512001047_0300,20260512001047,鳳凰卓,0,0,3,s6u,おがこーさん,十ハクア十,renji83,renji83
20260512001047_0400,20260512001047,鳳凰卓,0,0,0,s6u,おがこーさん,十ハクア十,renji83,s6u
20260512001047_0500,20260512001047,鳳凰卓,0,0,1,s6u,おがこーさん,十ハクア十,renji83,おがこーさん
20260512001047_0501,20260512001047,鳳凰卓,1,0,1,s6u,おがこーさん,十ハクア十,renji83,おがこーさん
20260512001047_0502,20260512001047,鳳凰卓,2,0,1,s6u,おがこーさん,十ハクア十,renji83,おがこーさん
20260512001047_0603,20260512001047,鳳凰卓,3,1,2,s6u,おがこーさん,十ハクア十,renji83,十ハクア十
20260512001047_0700,20260512001047,鳳凰卓,0,0,3,s6u,おがこーさん,十ハクア十,renji83,renji83
20260512001047_0701,20260512001047,鳳凰卓,1,0,3,s6u,おがこーさん,十ハクア十,renji83,renji83
20260512001047_0702,20260512001047,鳳凰卓,2,0,3,s6u,おがこーさん,十ハクア十,renji83,renji83
20260512001047_0703,20260512001047,鳳凰卓,3,0,3,s6u,おがこーさん,十ハクア十,renji83,renji83
20260512001047_0704,20260512001047,鳳凰卓,4,0,3,s6u,おがこーさん,十ハクア十,renji83,renji83
20260512001047_0800,20260512001047,鳳凰卓,0,0,0,s6u,おがこーさん,十ハクア十,renji83,s6u
20260512001047_0801,20260512001047,鳳凰卓,1,0,0,s6u,おがこーさん,十ハクア十,renji83,s6u
20260512005100_0000,20260512005100,,0,0,2,s6u,八島唯,-愛宕絹恵-,ひぐち,-愛宕絹恵-
20260512005100_0100,20260512005100,,0,0,3,s6u,八島唯,-愛宕絹恵-,ひぐち,ひぐち
20260512005100_0200,20260512005100,,0,0,0,s6u,八島唯,-愛宕絹恵-,ひぐち,s6u
20260512005100_0201,20260512005100,,1,0,0,s6u,八島唯,-愛宕絹恵-,ひぐち,s6u
20260512005100_0302,20260512005100,,2,1,1,s6u,八島唯,-愛宕絹恵-,ひぐち,八島唯
20260512005100_0400,20260512005100,,0,0,2,s6u,八島唯,-愛宕絹恵-,ひぐち,-愛宕絹恵-
20260512005100_0401,20260512005100,,1,0,2,s6u,八島唯,-愛宕絹恵-,ひぐち,-愛宕絹恵-
20260512005100_0500,20260512005100,,0,0,3,s6u,八島唯,-愛宕絹恵-,ひぐち,ひぐち
20260512005100_0501,20260512005100,,1,0,3,s6u,八島唯,-愛宕絹恵-,ひぐち,ひぐち
20260512005100_0600,20260512005100,,0,0,0,s6u,八島唯,-愛宕絹恵-,ひぐち,s6u
20260512005100_0601,20260512005100,,1,0,0,s6u,八島唯,-愛宕絹恵-,ひぐち,s6u
20260512005100_0700,20260512005100,,0,0,1,s6u,八島唯,-愛宕絹恵-,ひぐち,八島唯
20260512012229_0000,20260512012229,,0,0,2,s6u,白蛇のナーガ,Fatberg,八島唯,Fatberg
20260512012229_0100,20260512012229,,0,0,3,s6u,白蛇のナーガ,Fatberg,八島唯,八島唯
20260512012229_0200,20260512012229,,0,0,0,s6u,白蛇のナーガ,Fatberg,八島唯,s6u
20260512012229_0201,20260512012229,,1,0,0,s6u,白蛇のナーガ,Fatberg,八島唯,s6u
20260512012229_0300,20260512012229,,0,0,1,s6u,白蛇のナーガ,Fatberg,八島唯,白蛇のナーガ
20260512012229_0301,20260512012229,,1,1,1,s6u,白蛇のナーガ,Fatberg,八島唯,白蛇のナーガ
20260512012229_0400,20260512012229,,0,0,2,s6u,白蛇のナーガ,Fatberg,八島唯,Fatberg
20260512012229_0500,20260512012229,,0,0,3,s6u,白蛇のナーガ,Fatberg,八島唯,八島唯
20260512012229_0601,20260512012229,,1,1,0,s6u,白蛇のナーガ,Fatberg,八島唯,s6u
20260512012229_0700,20260512012229,,0,0,1,s6u,白蛇のナーガ,Fatberg,八島唯,白蛇のナーガ
20260512181506_0000,20260512181506,鳳凰卓,0,0,3,s6u,はしもとかんにゃ,赤林しげる,とぅももも,とぅももも
20260512181506_0101,20260512181506,鳳凰卓,1,1,0,s6u,はしもとかんにゃ,赤林しげる,とぅももも,s6u
20260512181506_0200,20260512181506,鳳凰卓,0,0,1,s6u,はしもとかんにゃ,赤林しげる,とぅももも,はしもとかんにゃ
20260512181506_0300,20260512181506,鳳凰卓,0,0,2,s6u,はしもとかんにゃ,赤林しげる,とぅももも,赤林しげる
20260512181506_0400,20260512181506,鳳凰卓,0,0,3,s6u,はしもとかんにゃ,赤林しげる,とぅももも,とぅももも
20260512181506_0401,20260512181506,鳳凰卓,1,0,3,s6u,はしもとかんにゃ,赤林しげる,とぅももも,とぅももも
20260512181506_0500,20260512181506,鳳凰卓,0,0,0,s6u,はしもとかんにゃ,赤林しげる,とぅももも,s6u
20260512181506_0501,20260512181506,鳳凰卓,1,1,0,s6u,はしもとかんにゃ,赤林しげる,とぅももも,s6u
20260512181506_0600,20260512181506,鳳凰卓,0,0,1,s6u,はしもとかんにゃ,赤林しげる,とぅももも,はしもとかんにゃ
20260512181506_0700,20260512181506,鳳凰卓,0,0,2,s6u,はしもとかんにゃ,赤林しげる,とぅももも,赤林しげる
20260512181506_0800,20260512181506,鳳凰卓,0,0,3,s6u,はしもとかんにゃ,赤林しげる,とぅももも,とぅももも
20260512185155_0000,20260512185155,,0,0,0,s6u,結局は薬局,kokou,みかあん,s6u
20260512185155_0100,20260512185155,,0,0,1,s6u,結局は薬局,kokou,みかあん,結局は薬局
20260512185155_0200,20260512185155,,0,0,2,s6u,結局は薬局,kokou,みかあん,kokou
20260512185155_0300,20260512185155,,0,0,3,s6u,結局は薬局,kokou,みかあん,みかあん
20260512185155_0301,20260512185155,,1,0,3,s6u,結局は薬局,kokou,みかあん,みかあん
20260512185155_0402,20260512185155,,2,1,0,s6u,結局は薬局,kokou,みかあん,s6u
20260512185155_0500,20260512185155,,0,0,1,s6u,結局は薬局,kokou,みかあん,結局は薬局
20260512185155_0600,20260512185155,,0,0,2,s6u,結局は薬局,kokou,みかあん,kokou
20260512185155_0601,20260512185155,,1,0,2,s6u,結局は薬局,kokou,みかあん,kokou
20260512185155_0602,20260512185155,,2,0,2,s6u,結局は薬局,kokou,みかあん,kokou
20260512185155_0700,20260512185155,,0,0,3,s6u,結局は薬局,kokou,みかあん,みかあん
20260512192716_0000,20260512192716,,0,0,2,s6u,お芋屋さん,遥かな火星へ,アジーン,遥かな火星へ
20260512192716_0100,20260512192716,,0,0,3,s6u,お芋屋さん,遥かな火星へ,アジーン,アジーン
20260512192716_0200,20260512192716,,0,0,0,s6u,お芋屋さん,遥かな火星へ,アジーン,s6u
20260512192716_0300,20260512192716,,0,0,1,s6u,お芋屋さん,遥かな火星へ,アジーン,お芋屋さん
20260512192716_0301,20260512192716,,1,0,1,s6u,お芋屋さん,遥かな火星へ,アジーン,お芋屋さん
20260512194238_0000,20260512194238,,0,0,1,s6u,黒羽織,kiey,noken,黒羽織
20260512194238_0001,20260512194238,,1,0,1,s6u,黒羽織,kiey,noken,黒羽織
20260512194238_0002,20260512194238,,2,2,1,s6u,黒羽織,kiey,noken,黒羽織
20260512194238_0100,20260512194238,,0,0,2,s6u,黒羽織,kiey,noken,kiey
20260512194238_0200,20260512194238,,0,0,3,s6u,黒羽織,kiey,noken,noken
20260512194238_0201,20260512194238,,1,0,3,s6u,黒羽織,kiey,noken,noken
20260512194238_0300,20260512194238,,0,0,0,s6u,黒羽織,kiey,noken,s6u
20260512194238_0301,20260512194238,,1,0,0,s6u,黒羽織,kiey,noken,s6u
20260512194238_0400,20260512194238,,0,0,1,s6u,黒羽織,kiey,noken,黒羽織
20260512194238_0500,20260512194238,,0,0,2,s6u,黒羽織,kiey,noken,kiey
20260512194238_0600,20260512194238,,0,0,3,s6u,黒羽織,kiey,noken,noken
20260512194238_0701,20260512194238,,1,1,0,s6u,黒羽織,kiey,noken,s6u
20260512201314_0000,20260512201314,,0,0,2,s6u,オフショアガール,J0ker,エルタンケ打て！,J0ker
20260512201314_0001,20260512201314,,1,0,2,s6u,オフショアガール,J0ker,エルタンケ打て！,J0ker
20260512201314_0100,20260512201314,,0,0,3,s6u,オフショアガール,J0ker,エルタンケ打て！,エルタンケ打て！
20260512201314_0200,20260512201314,,0,0,0,s6u,オフショアガール,J0ker,エルタンケ打て！,s6u
20260512201314_0300,20260512201314,,0,0,1,s6u,オフショアガール,J0ker,エルタンケ打て！,オフショアガール
20260512201314_0301,20260512201314,,1,0,1,s6u,オフショアガール,J0ker,エルタンケ打て！,オフショアガール
20260512203253_0000,20260512203253,,0,0,3,s6u,TOKJO通信,Horiboy,プーリーくん,プーリーくん
20260512203253_0001,20260512203253,,1,0,3,s6u,TOKJO通信,Horiboy,プーリーくん,プーリーくん
20260512203253_0002,20260512203253,,2,0,3,s6u,TOKJO通信,Horiboy,プーリーくん,プーリーくん
20260512203253_0103,20260512203253,,3,0,0,s6u,TOKJO通信,Horiboy,プーリーくん,s6u
20260512203253_0200,20260512203253,,0,0,1,s6u,TOKJO通信,Horiboy,プーリーくん,TOKJO通信
20260512203253_0300,20260512203253,,0,0,2,s6u,TOKJO通信,Horiboy,プーリーくん,Horiboy
20260512203253_0400,20260512203253,,0,0,3,s6u,TOKJO通信,Horiboy,プーリーくん,プーリーくん
20260512203253_0500,20260512203253,,0,0,0,s6u,TOKJO通信,Horiboy,プーリーくん,s6u
20260512203253_0501,20260512203253,,1,0,0,s6u,TOKJO通信,Horiboy,プーリーくん,s6u
20260512203253_0600,20260512203253,,0,0,1,s6u,TOKJO通信,Horiboy,プーリーくん,TOKJO通信
20260512203253_0700,20260512203253,,0,0,2,s6u,TOKJO通信,Horiboy,プーリーくん,Horiboy
20260512210407_0000,20260512210407,,0,0,2,s6u,1ta,はるか！春を呼ぶ,光の旋律,はるか！春を呼ぶ
20260512210407_0100,20260512210407,,0,0,3,s6u,1ta,はるか！春を呼ぶ,光の旋律,光の旋律
20260512210407_0200,20260512210407,,0,0,0,s6u,1ta,はるか！春を呼ぶ,光の旋律,s6u
20260512210407_0201,20260512210407,,1,0,0,s6u,1ta,はるか！春を呼ぶ,光の旋律,s6u
20260512210407_0700,20260512210407,,0,0,1,s6u,1ta,はるか！春を呼ぶ,光の旋律,1ta
20260513184603_0000,20260513184603,鳳凰卓,0,0,0,s6u,川瀬智子,牌流定石最高,J0ker,s6u
20260513184603_0100,20260513184603,鳳凰卓,0,0,1,s6u,川瀬智子,牌流定石最高,J0ker,川瀬智子
20260513184603_0200,20260513184603,鳳凰卓,0,0,2,s6u,川瀬智子,牌流定石最高,J0ker,牌流定石最高
20260513184603_0201,20260513184603,鳳凰卓,1,0,2,s6u,川瀬智子,牌流定石最高,J0ker,牌流定石最高
20260513184603_0300,20260513184603,鳳凰卓,0,0,3,s6u,川瀬智子,牌流定石最高,J0ker,J0ker
20260513184603_0301,20260513184603,鳳凰卓,1,2,3,s6u,川瀬智子,牌流定石最高,J0ker,J0ker
20260513184603_0400,20260513184603,鳳凰卓,0,0,0,s6u,川瀬智子,牌流定石最高,J0ker,s6u
20260513184603_0500,20260513184603,鳳凰卓,0,0,1,s6u,川瀬智子,牌流定石最高,J0ker,川瀬智子
20260513184603_0600,20260513184603,鳳凰卓,0,0,2,s6u,川瀬智子,牌流定石最高,J0ker,牌流定石最高
20260513184603_0700,20260513184603,鳳凰卓,0,0,3,s6u,川瀬智子,牌流定石最高,J0ker,J0ker
20260513191236_0000,20260513191236,鳳凰卓,0,0,0,s6u,settei,ちゃんひきぞう,J0ker,s6u
20260513191236_0100,20260513191236,鳳凰卓,0,0,1,s6u,settei,ちゃんひきぞう,J0ker,settei
20260513191236_0200,20260513191236,鳳凰卓,0,0,2,s6u,settei,ちゃんひきぞう,J0ker,ちゃんひきぞう
20260513191236_0201,20260513191236,鳳凰卓,1,0,2,s6u,settei,ちゃんひきぞう,J0ker,ちゃんひきぞう
20260513191236_0202,20260513191236,鳳凰卓,2,0,2,s6u,settei,ちゃんひきぞう,J0ker,ちゃんひきぞう
20260513191236_0600,20260513191236,鳳凰卓,0,0,2,s6u,settei,ちゃんひきぞう,J0ker,ちゃんひきぞう
20260513191236_0700,20260513191236,鳳凰卓,0,0,3,s6u,settei,ちゃんひきぞう,J0ker,J0ker
20260514133727_0000,20260514133727,鳳凰卓,0,0,2,s6u,しゅーくりーム,リュウパパ,こだわりパジャマ,リュウパパ
20260514133727_0100,20260514133727,鳳凰卓,0,0,3,s6u,しゅーくりーム,リュウパパ,こだわりパジャマ,こだわりパジャマ
20260514133727_0200,20260514133727,鳳凰卓,0,0,0,s6u,しゅーくりーム,リュウパパ,こだわりパジャマ,s6u
20260514133727_0301,20260514133727,鳳凰卓,1,1,1,s6u,しゅーくりーム,リュウパパ,こだわりパジャマ,しゅーくりーム
20260514133727_0400,20260514133727,鳳凰卓,0,0,2,s6u,しゅーくりーム,リュウパパ,こだわりパジャマ,リュウパパ
20260514133727_0501,20260514133727,鳳凰卓,1,1,3,s6u,しゅーくりーム,リュウパパ,こだわりパジャマ,こだわりパジャマ
20260514133727_0600,20260514133727,鳳凰卓,0,0,0,s6u,しゅーくりーム,リュウパパ,こだわりパジャマ,s6u
20260514133727_0700,20260514133727,鳳凰卓,0,0,1,s6u,しゅーくりーム,リュウパパ,こだわりパジャマ,しゅーくりーム
20260514140629_0000,20260514140629,鳳凰卓,0,0,1,s6u,リュウパパ,まとた,タマネギ,リュウパパ
20260514140629_0001,20260514140629,鳳凰卓,1,0,1,s6u,リュウパパ,まとた,タマネギ,リュウパパ
20260514140629_0100,20260514140629,鳳凰卓,0,0,2,s6u,リュウパパ,まとた,タマネギ,まとた
20260514140629_0200,20260514140629,鳳凰卓,0,0,3,s6u,リュウパパ,まとた,タマネギ,タマネギ
20260514140629_0201,20260514140629,鳳凰卓,1,0,3,s6u,リュウパパ,まとた,タマネギ,タマネギ
20260514142111_0000,20260514142111,鳳凰卓,0,0,3,s6u,まえた,TeraP,耕すマシン,耕すマシン
20260514142111_0101,20260514142111,鳳凰卓,1,1,0,s6u,まえた,TeraP,耕すマシン,s6u
20260514142111_0200,20260514142111,鳳凰卓,0,0,1,s6u,まえた,TeraP,耕すマシン,まえた
20260514142111_0300,20260514142111,鳳凰卓,0,0,2,s6u,まえた,TeraP,耕すマシン,TeraP
20260514142111_0400,20260514142111,鳳凰卓,0,0,3,s6u,まえた,TeraP,耕すマシン,耕すマシン
20260514142111_0500,20260514142111,鳳凰卓,0,0,0,s6u,まえた,TeraP,耕すマシン,s6u
20260514142111_0600,20260514142111,鳳凰卓,0,0,1,s6u,まえた,TeraP,耕すマシン,まえた
20260514142111_0700,20260514142111,鳳凰卓,0,0,2,s6u,まえた,TeraP,耕すマシン,TeraP
20260514192747_0000,20260514192747,鳳凰卓,0,0,1,s6u,狭間さん,こず,耕すマシン,狭間さん
20260514192747_0001,20260514192747,鳳凰卓,1,0,1,s6u,狭間さん,こず,耕すマシン,狭間さん
20260514192747_0100,20260514192747,鳳凰卓,0,0,2,s6u,狭間さん,こず,耕すマシン,こず
20260514192747_0101,20260514192747,鳳凰卓,1,0,2,s6u,狭間さん,こず,耕すマシン,こず
20260514192747_0200,20260514192747,鳳凰卓,0,0,3,s6u,狭間さん,こず,耕すマシン,耕すマシン
20260514192747_0300,20260514192747,鳳凰卓,0,0,0,s6u,狭間さん,こず,耕すマシン,s6u
20260514192747_0400,20260514192747,鳳凰卓,0,0,1,s6u,狭間さん,こず,耕すマシン,狭間さん
20260514192747_0500,20260514192747,鳳凰卓,0,0,2,s6u,狭間さん,こず,耕すマシン,こず
20260514192747_0600,20260514192747,鳳凰卓,0,0,3,s6u,狭間さん,こず,耕すマシン,耕すマシン
20260514192747_0601,20260514192747,鳳凰卓,1,0,3,s6u,狭間さん,こず,耕すマシン,耕すマシン
20260514192747_0602,20260514192747,鳳凰卓,2,0,3,s6u,狭間さん,こず,耕すマシン,耕すマシン
20260514192747_0703,20260514192747,鳳凰卓,3,0,0,s6u,狭間さん,こず,耕すマシン,s6u
20260514195948_0000,20260514195948,鳳凰卓,0,0,1,s6u,ハニーマドレーヌ,デラコッコ,こず,ハニーマドレーヌ
20260514195948_0100,20260514195948,鳳凰卓,0,0,2,s6u,ハニーマドレーヌ,デラコッコ,こず,デラコッコ
20260514195948_0200,20260514195948,鳳凰卓,0,0,3,s6u,ハニーマドレーヌ,デラコッコ,こず,こず
20260514195948_0300,20260514195948,鳳凰卓,0,0,0,s6u,ハニーマドレーヌ,デラコッコ,こず,s6u
20260514195948_0400,20260514195948,鳳凰卓,0,0,1,s6u,ハニーマドレーヌ,デラコッコ,こず,ハニーマドレーヌ
20260514195948_0601,20260514195948,鳳凰卓,1,0,3,s6u,ハニーマドレーヌ,デラコッコ,こず,こず
20260514195948_0602,20260514195948,鳳凰卓,2,0,3,s6u,ハニーマドレーヌ,デラコッコ,こず,こず
20260514195948_0700,20260514195948,鳳凰卓,0,0,0,s6u,ハニーマドレーヌ,デラコッコ,こず,s6u
20260514195948_0701,20260514195948,鳳凰卓,1,0,0,s6u,ハニーマドレーヌ,デラコッコ,こず,s6u
20260514202421_0000,20260514202421,鳳凰卓,0,0,2,s6u,香椎侑志,makit123,ATG9,makit123
20260514202421_0101,20260514202421,鳳凰卓,1,1,3,s6u,香椎侑志,makit123,ATG9,ATG9
20260514202421_0102,20260514202421,鳳凰卓,2,0,3,s6u,香椎侑志,makit123,ATG9,ATG9
20260514202421_0200,20260514202421,鳳凰卓,0,0,0,s6u,香椎侑志,makit123,ATG9,s6u
20260514202421_0300,20260514202421,鳳凰卓,0,0,1,s6u,香椎侑志,makit123,ATG9,香椎侑志
20260514202421_0400,20260514202421,鳳凰卓,0,0,2,s6u,香椎侑志,makit123,ATG9,makit123
20260514202421_0500,20260514202421,鳳凰卓,0,0,3,s6u,香椎侑志,makit123,ATG9,ATG9
20260515010212_0000,20260515010212,鳳凰卓,0,0,1,s6u,テリー,えりんぼぱぱ,伊東少輔,テリー
20260515010212_0100,20260515010212,鳳凰卓,0,0,2,s6u,テリー,えりんぼぱぱ,伊東少輔,えりんぼぱぱ
20260515010212_0200,20260515010212,鳳凰卓,0,0,3,s6u,テリー,えりんぼぱぱ,伊東少輔,伊東少輔
20260515010212_0301,20260515010212,鳳凰卓,1,0,0,s6u,テリー,えりんぼぱぱ,伊東少輔,s6u
20260515010212_0400,20260515010212,鳳凰卓,0,0,1,s6u,テリー,えりんぼぱぱ,伊東少輔,テリー
20260515010212_0401,20260515010212,鳳凰卓,1,1,1,s6u,テリー,えりんぼぱぱ,伊東少輔,テリー
20260515010212_0402,20260515010212,鳳凰卓,2,0,1,s6u,テリー,えりんぼぱぱ,伊東少輔,テリー
20260515012916_0000,20260515012916,鳳凰卓,0,0,0,s6u,えりんぼぱぱ,お知らせ,むし歯,s6u
20260515012916_0001,20260515012916,鳳凰卓,1,0,0,s6u,えりんぼぱぱ,お知らせ,むし歯,s6u
20260515012916_0002,20260515012916,鳳凰卓,2,0,0,s6u,えりんぼぱぱ,お知らせ,むし歯,s6u
20260515012916_0003,20260515012916,鳳凰卓,3,0,0,s6u,えりんぼぱぱ,お知らせ,むし歯,s6u
20260515012916_0004,20260515012916,鳳凰卓,4,0,0,s6u,えりんぼぱぱ,お知らせ,むし歯,s6u
20260515012916_0005,20260515012916,鳳凰卓,5,2,0,s6u,えりんぼぱぱ,お知らせ,むし歯,s6u
20260515012916_0106,20260515012916,鳳凰卓,6,3,1,s6u,えりんぼぱぱ,お知らせ,むし歯,えりんぼぱぱ
20260515012916_0200,20260515012916,鳳凰卓,0,0,2,s6u,えりんぼぱぱ,お知らせ,むし歯,お知らせ
20260515012916_0201,20260515012916,鳳凰卓,1,0,2,s6u,えりんぼぱぱ,お知らせ,むし歯,お知らせ
20260515012916_0202,20260515012916,鳳凰卓,2,0,2,s6u,えりんぼぱぱ,お知らせ,むし歯,お知らせ
20260515012916_0300,20260515012916,鳳凰卓,0,0,3,s6u,えりんぼぱぱ,お知らせ,むし歯,むし歯
20260515012916_0301,20260515012916,鳳凰卓,1,1,3,s6u,えりんぼぱぱ,お知らせ,むし歯,むし歯
20260515012916_0302,20260515012916,鳳凰卓,2,0,3,s6u,えりんぼぱぱ,お知らせ,むし歯,むし歯
20260515012916_0400,20260515012916,鳳凰卓,0,0,0,s6u,えりんぼぱぱ,お知らせ,むし歯,s6u
20260515012916_0401,20260515012916,鳳凰卓,1,1,0,s6u,えりんぼぱぱ,お知らせ,むし歯,s6u
20260515012916_0500,20260515012916,鳳凰卓,0,0,1,s6u,えりんぼぱぱ,お知らせ,むし歯,えりんぼぱぱ
20260515012916_0600,20260515012916,鳳凰卓,0,0,2,s6u,えりんぼぱぱ,お知らせ,むし歯,お知らせ
20260515012916_0601,20260515012916,鳳凰卓,1,0,2,s6u,えりんぼぱぱ,お知らせ,むし歯,お知らせ
20260515012916_0700,20260515012916,鳳凰卓,0,0,3,s6u,えりんぼぱぱ,お知らせ,むし歯,むし歯
20260515012916_0701,20260515012916,鳳凰卓,1,0,3,s6u,えりんぼぱぱ,お知らせ,むし歯,むし歯
20260515022923_0000,20260515022923,鳳凰卓,0,0,0,s6u,dcsyhi,複雑なワキ毛,アリアンロード,s6u
20260515022923_0100,20260515022923,鳳凰卓,0,0,1,s6u,dcsyhi,複雑なワキ毛,アリアンロード,dcsyhi
20260515022923_0200,20260515022923,鳳凰卓,0,0,2,s6u,dcsyhi,複雑なワキ毛,アリアンロード,複雑なワキ毛
20260515022923_0300,20260515022923,鳳凰卓,0,0,3,s6u,dcsyhi,複雑なワキ毛,アリアンロード,アリアンロード
20260515022923_0301,20260515022923,鳳凰卓,1,0,3,s6u,dcsyhi,複雑なワキ毛,アリアンロード,アリアンロード
20260515022923_0302,20260515022923,鳳凰卓,2,2,3,s6u,dcsyhi,複雑なワキ毛,アリアンロード,アリアンロード
20260515022923_0400,20260515022923,鳳凰卓,0,0,0,s6u,dcsyhi,複雑なワキ毛,アリアンロード,s6u
20260515022923_0500,20260515022923,鳳凰卓,0,0,1,s6u,dcsyhi,複雑なワキ毛,アリアンロード,dcsyhi
20260515022923_0600,20260515022923,鳳凰卓,0,0,2,s6u,dcsyhi,複雑なワキ毛,アリアンロード,複雑なワキ毛
20260515022923_0700,20260515022923,鳳凰卓,0,0,3,s6u,dcsyhi,複雑なワキ毛,アリアンロード,アリアンロード
20260515122113_0000,20260515122113,鳳凰卓,0,0,1,s6u,姜,ふーいん,なかざわーるどう,姜
20260515122113_0100,20260515122113,鳳凰卓,0,0,2,s6u,姜,ふーいん,なかざわーるどう,ふーいん
20260515122113_0200,20260515122113,鳳凰卓,0,0,3,s6u,姜,ふーいん,なかざわーるどう,なかざわーるどう
20260515122113_0201,20260515122113,鳳凰卓,1,0,3,s6u,姜,ふーいん,なかざわーるどう,なかざわーるどう
20260515122113_0300,20260515122113,鳳凰卓,0,0,0,s6u,姜,ふーいん,なかざわーるどう,s6u
20260515122113_0400,20260515122113,鳳凰卓,0,0,1,s6u,姜,ふーいん,なかざわーるどう,姜
20260515122113_0500,20260515122113,鳳凰卓,0,0,2,s6u,姜,ふーいん,なかざわーるどう,ふーいん
20260515122113_0600,20260515122113,鳳凰卓,0,0,3,s6u,姜,ふーいん,なかざわーるどう,なかざわーるどう
20260515122113_0701,20260515122113,鳳凰卓,1,0,0,s6u,姜,ふーいん,なかざわーるどう,s6u
20260515124707_0000,20260515124707,鳳凰卓,0,0,1,s6u,赤美濃まぐろ,SlowStep,地味眼鏡きょにう,赤美濃まぐろ
20260515124707_0100,20260515124707,鳳凰卓,0,0,2,s6u,赤美濃まぐろ,SlowStep,地味眼鏡きょにう,SlowStep
20260515124707_0200,20260515124707,鳳凰卓,0,0,3,s6u,赤美濃まぐろ,SlowStep,地味眼鏡きょにう,地味眼鏡きょにう
20260515124707_0300,20260515124707,鳳凰卓,0,0,0,s6u,赤美濃まぐろ,SlowStep,地味眼鏡きょにう,s6u
20260515124707_0301,20260515124707,鳳凰卓,1,0,0,s6u,赤美濃まぐろ,SlowStep,地味眼鏡きょにう,s6u
20260515124707_0302,20260515124707,鳳凰卓,2,0,0,s6u,赤美濃まぐろ,SlowStep,地味眼鏡きょにう,s6u
20260515124707_0400,20260515124707,鳳凰卓,0,0,1,s6u,赤美濃まぐろ,SlowStep,地味眼鏡きょにう,赤美濃まぐろ
20260515124707_0500,20260515124707,鳳凰卓,0,0,2,s6u,赤美濃まぐろ,SlowStep,地味眼鏡きょにう,SlowStep
20260515124707_0600,20260515124707,鳳凰卓,0,0,3,s6u,赤美濃まぐろ,SlowStep,地味眼鏡きょにう,地味眼鏡きょにう
20260515124707_0601,20260515124707,鳳凰卓,1,2,3,s6u,赤美濃まぐろ,SlowStep,地味眼鏡きょにう,地味眼鏡きょにう
20260515175823_0000,20260515175823,鳳凰卓,0,0,0,s6u,たくぞぅ,こたらぴむ。,麺屋真島,s6u
20260515175823_0100,20260515175823,鳳凰卓,0,0,1,s6u,たくぞぅ,こたらぴむ。,麺屋真島,たくぞぅ
20260515175823_0101,20260515175823,鳳凰卓,1,0,1,s6u,たくぞぅ,こたらぴむ。,麺屋真島,たくぞぅ
20260515175823_0102,20260515175823,鳳凰卓,2,1,1,s6u,たくぞぅ,こたらぴむ。,麺屋真島,たくぞぅ
20260515175823_0103,20260515175823,鳳凰卓,3,0,1,s6u,たくぞぅ,こたらぴむ。,麺屋真島,たくぞぅ
20260515175823_0200,20260515175823,鳳凰卓,0,0,2,s6u,たくぞぅ,こたらぴむ。,麺屋真島,こたらぴむ。
20260515175823_0300,20260515175823,鳳凰卓,0,0,3,s6u,たくぞぅ,こたらぴむ。,麺屋真島,麺屋真島
20260515175823_0400,20260515175823,鳳凰卓,0,0,0,s6u,たくぞぅ,こたらぴむ。,麺屋真島,s6u
20260515175823_0500,20260515175823,鳳凰卓,0,0,1,s6u,たくぞぅ,こたらぴむ。,麺屋真島,たくぞぅ
20260515175823_0600,20260515175823,鳳凰卓,0,0,2,s6u,たくぞぅ,こたらぴむ。,麺屋真島,こたらぴむ。
20260515175823_0700,20260515175823,鳳凰卓,0,0,3,s6u,たくぞぅ,こたらぴむ。,麺屋真島,麺屋真島
20260515183708_0000,20260515183708,鳳凰卓,0,0,0,s6u,爆轟,【黒曜石】,柚那,s6u
20260515183708_0001,20260515183708,鳳凰卓,1,0,0,s6u,爆轟,【黒曜石】,柚那,s6u
20260515183708_0100,20260515183708,鳳凰卓,0,0,1,s6u,爆轟,【黒曜石】,柚那,爆轟
20260515183708_0101,20260515183708,鳳凰卓,1,0,1,s6u,爆轟,【黒曜石】,柚那,爆轟
20260515183708_0102,20260515183708,鳳凰卓,2,0,1,s6u,爆轟,【黒曜石】,柚那,爆轟
20260515185117_0000,20260515185117,鳳凰卓,0,0,0,s6u,toiro,Grinsky,迷失星云,s6u
20260515185117_0100,20260515185117,鳳凰卓,0,0,1,s6u,toiro,Grinsky,迷失星云,toiro
20260515185117_0200,20260515185117,鳳凰卓,0,0,2,s6u,toiro,Grinsky,迷失星云,Grinsky
20260515185117_0300,20260515185117,鳳凰卓,0,0,3,s6u,toiro,Grinsky,迷失星云,迷失星云
20260515185117_0400,20260515185117,鳳凰卓,0,0,0,s6u,toiro,Grinsky,迷失星云,s6u
20260515185117_0500,20260515185117,鳳凰卓,0,0,1,s6u,toiro,Grinsky,迷失星云,toiro
20260515185117_0600,20260515185117,鳳凰卓,0,0,2,s6u,toiro,Grinsky,迷失星云,Grinsky
20260515185117_0700,20260515185117,鳳凰卓,0,0,3,s6u,toiro,Grinsky,迷失星云,迷失星云
20260515185117_0701,20260515185117,鳳凰卓,1,0,3,s6u,toiro,Grinsky,迷失星云,迷失星云
20260515191929_0000,20260515191929,鳳凰卓,0,0,0,s6u,Grinsky,結果論雀士,主婦とし子,s6u
20260515191929_0101,20260515191929,鳳凰卓,1,0,1,s6u,Grinsky,結果論雀士,主婦とし子,Grinsky
20260515191929_0200,20260515191929,鳳凰卓,0,0,2,s6u,Grinsky,結果論雀士,主婦とし子,結果論雀士
20260515191929_0300,20260515191929,鳳凰卓,0,0,3,s6u,Grinsky,結果論雀士,主婦とし子,主婦とし子
20260515191929_0400,20260515191929,鳳凰卓,0,0,0,s6u,Grinsky,結果論雀士,主婦とし子,s6u
20260515191929_0401,20260515191929,鳳凰卓,1,0,0,s6u,Grinsky,結果論雀士,主婦とし子,s6u
20260515191929_0502,20260515191929,鳳凰卓,2,1,1,s6u,Grinsky,結果論雀士,主婦とし子,Grinsky
20260515191929_0503,20260515191929,鳳凰卓,3,0,1,s6u,Grinsky,結果論雀士,主婦とし子,Grinsky
20260515191929_0600,20260515191929,鳳凰卓,0,0,2,s6u,Grinsky,結果論雀士,主婦とし子,結果論雀士
20260515191929_0601,20260515191929,鳳凰卓,1,0,2,s6u,Grinsky,結果論雀士,主婦とし子,結果論雀士
20260515191929_0700,20260515191929,鳳凰卓,0,0,3,s6u,Grinsky,結果論雀士,主婦とし子,主婦とし子
20260515191929_0701,20260515191929,鳳凰卓,1,0,3,s6u,Grinsky,結果論雀士,主婦とし子,主婦とし子
20260515191929_0800,20260515191929,鳳凰卓,0,0,0,s6u,Grinsky,結果論雀士,主婦とし子,s6u
20260515215621_0001,20260515215621,鳳凰卓,1,0,0,s6u,20030719,suzusinn,新子望,s6u
20260515215621_0100,20260515215621,鳳凰卓,0,0,1,s6u,20030719,suzusinn,新子望,20030719
20260515215621_0101,20260515215621,鳳凰卓,1,0,1,s6u,20030719,suzusinn,新子望,20030719
20260515215621_0102,20260515215621,鳳凰卓,2,1,1,s6u,20030719,suzusinn,新子望,20030719
20260515215621_0103,20260515215621,鳳凰卓,3,0,1,s6u,20030719,suzusinn,新子望,20030719
20260515215621_0200,20260515215621,鳳凰卓,0,0,2,s6u,20030719,suzusinn,新子望,suzusinn
20260515215621_0300,20260515215621,鳳凰卓,0,0,3,s6u,20030719,suzusinn,新子望,新子望
20260515215621_0400,20260515215621,鳳凰卓,0,0,0,s6u,20030719,suzusinn,新子望,s6u
20260515215621_0401,20260515215621,鳳凰卓,1,1,0,s6u,20030719,suzusinn,新子望,s6u
20260515215621_0502,20260515215621,鳳凰卓,2,3,1,s6u,20030719,suzusinn,新子望,20030719
20260515215621_0600,20260515215621,鳳凰卓,0,0,2,s6u,20030719,suzusinn,新子望,suzusinn
20260515215621_0700,20260515215621,鳳凰卓,0,0,3,s6u,20030719,suzusinn,新子望,新子望
20260515215621_0701,20260515215621,鳳凰卓,1,0,3,s6u,20030719,suzusinn,新子望,新子望
20260515224220_0000,20260515224220,鳳凰卓,0,0,3,s6u,kiey,suzusinn,グリン,グリン
20260515224220_0001,20260515224220,鳳凰卓,1,1,3,s6u,kiey,suzusinn,グリン,グリン
20260515224220_0100,20260515224220,鳳凰卓,0,0,0,s6u,kiey,suzusinn,グリン,s6u
20260515224220_0200,20260515224220,鳳凰卓,0,0,1,s6u,kiey,suzusinn,グリン,kiey
20260515224220_0201,20260515224220,鳳凰卓,1,0,1,s6u,kiey,suzusinn,グリン,kiey
20260515224220_0202,20260515224220,鳳凰卓,2,0,1,s6u,kiey,suzusinn,グリン,kiey
20260515224220_0203,20260515224220,鳳凰卓,3,0,1,s6u,kiey,suzusinn,グリン,kiey
20260515224220_0300,20260515224220,鳳凰卓,0,0,2,s6u,kiey,suzusinn,グリン,suzusinn
20260515224220_0301,20260515224220,鳳凰卓,1,0,2,s6u,kiey,suzusinn,グリン,suzusinn
20260515224220_0302,20260515224220,鳳凰卓,2,0,2,s6u,kiey,suzusinn,グリン,suzusinn
20260515224220_0400,20260515224220,鳳凰卓,0,0,3,s6u,kiey,suzusinn,グリン,グリン
20260515224220_0500,20260515224220,鳳凰卓,0,0,0,s6u,kiey,suzusinn,グリン,s6u
20260515224220_0600,20260515224220,鳳凰卓,0,0,1,s6u,kiey,suzusinn,グリン,kiey
20260515224220_0601,20260515224220,鳳凰卓,1,0,1,s6u,kiey,suzusinn,グリン,kiey
20260515224220_0702,20260515224220,鳳凰卓,2,0,2,s6u,kiey,suzusinn,グリン,suzusinn
20260515232838_0000,20260515232838,鳳凰卓,0,0,1,s6u,katerina,ぽっけさん,かなしほ,katerina
20260515232838_0100,20260515232838,鳳凰卓,0,0,2,s6u,katerina,ぽっけさん,かなしほ,ぽっけさん
20260515232838_0200,20260515232838,鳳凰卓,0,0,3,s6u,katerina,ぽっけさん,かなしほ,かなしほ
20260515232838_0201,20260515232838,鳳凰卓,1,0,3,s6u,katerina,ぽっけさん,かなしほ,かなしほ
20260515232838_0300,20260515232838,鳳凰卓,0,0,0,s6u,katerina,ぽっけさん,かなしほ,s6u
20260515232838_0400,20260515232838,鳳凰卓,0,0,1,s6u,katerina,ぽっけさん,かなしほ,katerina
20260515232838_0500,20260515232838,鳳凰卓,0,0,2,s6u,katerina,ぽっけさん,かなしほ,ぽっけさん
20260515232838_0600,20260515232838,鳳凰卓,0,0,3,s6u,katerina,ぽっけさん,かなしほ,かなしほ
20260515232838_0601,20260515232838,鳳凰卓,1,0,3,s6u,katerina,ぽっけさん,かなしほ,かなしほ
20260515235752_0000,20260515235752,鳳凰卓,0,0,0,s6u,受け入れ重視,運で勝つ,ぽん吉,s6u
20260515235752_0100,20260515235752,鳳凰卓,0,0,1,s6u,受け入れ重視,運で勝つ,ぽん吉,受け入れ重視
20260516000323_0101,20260516000323,,1,0,1,s6u,受け入れ重視,運で勝つ,ぽん吉,受け入れ重視
20260516000323_0200,20260516000323,,0,0,2,s6u,受け入れ重視,運で勝つ,ぽん吉,運で勝つ
20260516000323_0300,20260516000323,,0,0,3,s6u,受け入れ重視,運で勝つ,ぽん吉,ぽん吉
20260516000323_0401,20260516000323,,1,1,0,s6u,受け入れ重視,運で勝つ,ぽん吉,s6u
20260516000323_0500,20260516000323,,0,0,1,s6u,受け入れ重視,運で勝つ,ぽん吉,受け入れ重視
20260516000323_0501,20260516000323,,1,0,1,s6u,受け入れ重視,運で勝つ,ぽん吉,受け入れ重視
20260516000323_0600,20260516000323,,0,0,2,s6u,受け入れ重視,運で勝つ,ぽん吉,運で勝つ
20260516000323_0601,20260516000323,,1,0,2,s6u,受け入れ重視,運で勝つ,ぽん吉,運で勝つ
20260516000323_0700,20260516000323,,0,0,3,s6u,受け入れ重視,運で勝つ,ぽん吉,ぽん吉
20260516003241_0000,20260516003241,鳳凰卓,0,0,1,s6u,関注優衣先輩にゃ,mmjangki,ハズレ,関注優衣先輩にゃ
20260516003241_0001,20260516003241,鳳凰卓,1,2,1,s6u,関注優衣先輩にゃ,mmjangki,ハズレ,関注優衣先輩にゃ
20260516003241_0102,20260516003241,鳳凰卓,2,4,2,s6u,関注優衣先輩にゃ,mmjangki,ハズレ,mmjangki
20260516003241_0103,20260516003241,鳳凰卓,3,0,2,s6u,関注優衣先輩にゃ,mmjangki,ハズレ,mmjangki
20260516003241_0200,20260516003241,鳳凰卓,0,0,3,s6u,関注優衣先輩にゃ,mmjangki,ハズレ,ハズレ
20260516003241_0300,20260516003241,鳳凰卓,0,0,0,s6u,関注優衣先輩にゃ,mmjangki,ハズレ,s6u
20260516003241_0400,20260516003241,鳳凰卓,0,0,1,s6u,関注優衣先輩にゃ,mmjangki,ハズレ,関注優衣先輩にゃ
20260516003241_0501,20260516003241,鳳凰卓,1,1,2,s6u,関注優衣先輩にゃ,mmjangki,ハズレ,mmjangki
20260516003241_0502,20260516003241,鳳凰卓,2,0,2,s6u,関注優衣先輩にゃ,mmjangki,ハズレ,mmjangki
20260516120535_0000,20260516120535,鳳凰卓,0,0,3,s6u,あすあす3,らぎ姉,桐崎千棘,桐崎千棘
20260516120535_0100,20260516120535,鳳凰卓,0,0,0,s6u,あすあす3,らぎ姉,桐崎千棘,s6u
20260516120535_0200,20260516120535,鳳凰卓,0,0,1,s6u,あすあす3,らぎ姉,桐崎千棘,あすあす3
20260516120535_0300,20260516120535,鳳凰卓,0,0,2,s6u,あすあす3,らぎ姉,桐崎千棘,らぎ姉
20260516120535_0400,20260516120535,鳳凰卓,0,0,3,s6u,あすあす3,らぎ姉,桐崎千棘,桐崎千棘
20260516120535_0500,20260516120535,鳳凰卓,0,0,0,s6u,あすあす3,らぎ姉,桐崎千棘,s6u
20260516120535_0600,20260516120535,鳳凰卓,0,0,1,s6u,あすあす3,らぎ姉,桐崎千棘,あすあす3
20260516120535_0700,20260516120535,鳳凰卓,0,0,2,s6u,あすあす3,らぎ姉,桐崎千棘,らぎ姉
20260516120535_0701,20260516120535,鳳凰卓,1,0,2,s6u,あすあす3,らぎ姉,桐崎千棘,らぎ姉
20260516122915_0000,20260516122915,鳳凰卓,0,0,3,s6u,kiey,らぎ姉,theta=,theta=
20260516122915_0100,20260516122915,鳳凰卓,0,0,0,s6u,kiey,らぎ姉,theta=,s6u
20260516122915_0200,20260516122915,鳳凰卓,0,0,1,s6u,kiey,らぎ姉,theta=,kiey
20260516122915_0300,20260516122915,鳳凰卓,0,0,2,s6u,kiey,らぎ姉,theta=,らぎ姉
20260516122915_0400,20260516122915,鳳凰卓,0,0,3,s6u,kiey,らぎ姉,theta=,theta=
20260516122915_0500,20260516122915,鳳凰卓,0,0,0,s6u,kiey,らぎ姉,theta=,s6u
20260516122915_0501,20260516122915,鳳凰卓,1,0,0,s6u,kiey,らぎ姉,theta=,s6u
20260516122915_0600,20260516122915,鳳凰卓,0,0,1,s6u,kiey,らぎ姉,theta=,kiey
20260516122915_0700,20260516122915,鳳凰卓,0,0,2,s6u,kiey,らぎ姉,theta=,らぎ姉
20260517153320_0000,20260517153320,鳳凰卓,0,0,0,s6u,あかりろん,ハズレ,まるぴょ,s6u
20260517153320_0100,20260517153320,鳳凰卓,0,0,1,s6u,あかりろん,ハズレ,まるぴょ,あかりろん
20260517153320_0200,20260517153320,鳳凰卓,0,0,2,s6u,あかりろん,ハズレ,まるぴょ,ハズレ
20260517153320_0201,20260517153320,鳳凰卓,1,0,2,s6u,あかりろん,ハズレ,まるぴょ,ハズレ
20260517153320_0300,20260517153320,鳳凰卓,0,0,3,s6u,あかりろん,ハズレ,まるぴょ,まるぴょ
20260517153320_0401,20260517153320,鳳凰卓,1,0,0,s6u,あかりろん,ハズレ,まるぴょ,s6u
20260517153320_0402,20260517153320,鳳凰卓,2,0,0,s6u,あかりろん,ハズレ,まるぴょ,s6u
20260517153320_0500,20260517153320,鳳凰卓,0,0,1,s6u,あかりろん,ハズレ,まるぴょ,あかりろん
20260517153320_0501,20260517153320,鳳凰卓,1,0,1,s6u,あかりろん,ハズレ,まるぴょ,あかりろん
20260517153320_0502,20260517153320,鳳凰卓,2,0,1,s6u,あかりろん,ハズレ,まるぴょ,あかりろん
20260517153320_0600,20260517153320,鳳凰卓,0,0,2,s6u,あかりろん,ハズレ,まるぴょ,ハズレ
20260517153320_0601,20260517153320,鳳凰卓,1,0,2,s6u,あかりろん,ハズレ,まるぴょ,ハズレ
20260517153320_0700,20260517153320,鳳凰卓,0,0,3,s6u,あかりろん,ハズレ,まるぴょ,まるぴょ
20260517160325_0000,20260517160325,鳳凰卓,0,0,1,s6u,赤座あかりEX,アフリカ,ごろ聖,赤座あかりEX
20260517160325_0100,20260517160325,鳳凰卓,0,0,2,s6u,赤座あかりEX,アフリカ,ごろ聖,アフリカ
20260517160325_0200,20260517160325,鳳凰卓,0,0,3,s6u,赤座あかりEX,アフリカ,ごろ聖,ごろ聖
20260517160325_0300,20260517160325,鳳凰卓,0,0,0,s6u,赤座あかりEX,アフリカ,ごろ聖,s6u
20260517160325_0400,20260517160325,鳳凰卓,0,0,1,s6u,赤座あかりEX,アフリカ,ごろ聖,赤座あかりEX
20260517160325_0401,20260517160325,鳳凰卓,1,0,1,s6u,赤座あかりEX,アフリカ,ごろ聖,赤座あかりEX
20260517160325_0502,20260517160325,鳳凰卓,2,1,2,s6u,赤座あかりEX,アフリカ,ごろ聖,アフリカ
20260517160325_0503,20260517160325,鳳凰卓,3,0,2,s6u,赤座あかりEX,アフリカ,ごろ聖,アフリカ
20260517160325_0600,20260517160325,鳳凰卓,0,0,3,s6u,赤座あかりEX,アフリカ,ごろ聖,ごろ聖
20260517160325_0601,20260517160325,鳳凰卓,1,0,3,s6u,赤座あかりEX,アフリカ,ごろ聖,ごろ聖
20260517164356_0000,20260517164356,鳳凰卓,0,0,3,s6u,アフリカ,十ハクア十,りのまる,りのまる
20260517164356_0100,20260517164356,鳳凰卓,0,0,0,s6u,アフリカ,十ハクア十,りのまる,s6u
20260517164356_0200,20260517164356,鳳凰卓,0,0,1,s6u,アフリカ,十ハクア十,りのまる,アフリカ
20260517164356_0300,20260517164356,鳳凰卓,0,0,2,s6u,アフリカ,十ハクア十,りのまる,十ハクア十
20260517170807_0000,20260517170807,鳳凰卓,0,0,3,s6u,あすあす3,ちゃんひきぞう,上頭呆,上頭呆
20260517170807_0100,20260517170807,鳳凰卓,0,0,0,s6u,あすあす3,ちゃんひきぞう,上頭呆,s6u
20260517170807_0500,20260517170807,鳳凰卓,0,0,0,s6u,あすあす3,ちゃんひきぞう,上頭呆,s6u
20260517170807_0601,20260517170807,鳳凰卓,1,0,1,s6u,あすあす3,ちゃんひきぞう,上頭呆,あすあす3
20260517170807_0700,20260517170807,鳳凰卓,0,0,2,s6u,あすあす3,ちゃんひきぞう,上頭呆,ちゃんひきぞう
20260519221937_0000,20260519221937,鳳凰卓,0,0,2,s6u,まとた,そして坂本は..,桜島麻衣,そして坂本は..
20260519221937_0100,20260519221937,鳳凰卓,0,0,3,s6u,まとた,そして坂本は..,桜島麻衣,桜島麻衣
20260519221937_0200,20260519221937,鳳凰卓,0,0,0,s6u,まとた,そして坂本は..,桜島麻衣,s6u
20260519221937_0201,20260519221937,鳳凰卓,1,0,0,s6u,まとた,そして坂本は..,桜島麻衣,s6u
20260519223028_0000,20260519223028,鳳凰卓,0,0,0,s6u,【黒曜石】,まとた,ufo_,s6u
20260519223028_0001,20260519223028,鳳凰卓,1,0,0,s6u,【黒曜石】,まとた,ufo_,s6u
20260519223028_0100,20260519223028,鳳凰卓,0,0,1,s6u,【黒曜石】,まとた,ufo_,【黒曜石】
20260519223028_0101,20260519223028,鳳凰卓,1,0,1,s6u,【黒曜石】,まとた,ufo_,【黒曜石】
20260519223028_0200,20260519223028,鳳凰卓,0,0,2,s6u,【黒曜石】,まとた,ufo_,まとた
20260519223028_0300,20260519223028,鳳凰卓,0,0,3,s6u,【黒曜石】,まとた,ufo_,ufo_
20260519223028_0301,20260519223028,鳳凰卓,1,0,3,s6u,【黒曜石】,まとた,ufo_,ufo_
20260519223028_0400,20260519223028,鳳凰卓,0,0,0,s6u,【黒曜石】,まとた,ufo_,s6u
20260519223028_0501,20260519223028,鳳凰卓,1,1,1,s6u,【黒曜石】,まとた,ufo_,【黒曜石】
20260519223028_0600,20260519223028,鳳凰卓,0,0,2,s6u,【黒曜石】,まとた,ufo_,まとた
20260519230840_0300,20260519230840,鳳凰卓,0,0,0,s6u,【黒曜石】,Navitas,YamaYaa,s6u
20260519230840_0400,20260519230840,鳳凰卓,0,0,1,s6u,【黒曜石】,Navitas,YamaYaa,【黒曜石】
20260519230840_0401,20260519230840,鳳凰卓,1,0,1,s6u,【黒曜石】,Navitas,YamaYaa,【黒曜石】
20260519230840_0500,20260519230840,鳳凰卓,0,0,2,s6u,【黒曜石】,Navitas,YamaYaa,Navitas
20260519230840_0600,20260519230840,鳳凰卓,0,0,3,s6u,【黒曜石】,Navitas,YamaYaa,YamaYaa
20260519230840_0700,20260519230840,鳳凰卓,0,0,0,s6u,【黒曜石】,Navitas,YamaYaa,s6u
20260519230840_0701,20260519230840,鳳凰卓,1,0,0,s6u,【黒曜石】,Navitas,YamaYaa,s6u
20260519232543_0000,20260519232543,鳳凰卓,0,0,2,s6u,お芋屋さん,ロロの環,bisiren,ロロの環
20260519232543_0100,20260519232543,鳳凰卓,0,0,3,s6u,お芋屋さん,ロロの環,bisiren,bisiren
20260519232543_0101,20260519232543,鳳凰卓,1,0,3,s6u,お芋屋さん,ロロの環,bisiren,bisiren
20260519232543_0102,20260519232543,鳳凰卓,2,2,3,s6u,お芋屋さん,ロロの環,bisiren,bisiren
20260519232543_0200,20260519232543,鳳凰卓,0,0,0,s6u,お芋屋さん,ロロの環,bisiren,s6u
20260519232543_0300,20260519232543,鳳凰卓,0,0,1,s6u,お芋屋さん,ロロの環,bisiren,お芋屋さん
20260519232543_0400,20260519232543,鳳凰卓,0,0,2,s6u,お芋屋さん,ロロの環,bisiren,ロロの環
20260519232543_0500,20260519232543,鳳凰卓,0,0,3,s6u,お芋屋さん,ロロの環,bisiren,bisiren
20260519232543_0600,20260519232543,鳳凰卓,0,0,0,s6u,お芋屋さん,ロロの環,bisiren,s6u
20260519232543_0601,20260519232543,鳳凰卓,1,1,0,s6u,お芋屋さん,ロロの環,bisiren,s6u
20260519232543_0602,20260519232543,鳳凰卓,2,0,0,s6u,お芋屋さん,ロロの環,bisiren,s6u
20260519232543_0700,20260519232543,鳳凰卓,0,0,1,s6u,お芋屋さん,ロロの環,bisiren,お芋屋さん
20260520000014_0000,20260520000014,鳳凰卓,0,0,1,s6u,ハガタカのえじき,ごろ聖,S.yara,ハガタカのえじき
20260520000014_0100,20260520000014,鳳凰卓,0,0,2,s6u,ハガタカのえじき,ごろ聖,S.yara,ごろ聖
20260520000014_0200,20260520000014,鳳凰卓,0,0,3,s6u,ハガタカのえじき,ごろ聖,S.yara,S.yara
20260520000014_0300,20260520000014,鳳凰卓,0,0,0,s6u,ハガタカのえじき,ごろ聖,S.yara,s6u
20260520000014_0301,20260520000014,鳳凰卓,1,0,0,s6u,ハガタカのえじき,ごろ聖,S.yara,s6u
20260520000014_0400,20260520000014,鳳凰卓,0,0,1,s6u,ハガタカのえじき,ごろ聖,S.yara,ハガタカのえじき
20260520000014_0500,20260520000014,鳳凰卓,0,0,2,s6u,ハガタカのえじき,ごろ聖,S.yara,ごろ聖
20260520000014_0600,20260520000014,鳳凰卓,0,0,3,s6u,ハガタカのえじき,ごろ聖,S.yara,S.yara
20260520001940_0000,20260520001940,鳳凰卓,0,0,3,s6u,ごろ聖,Halfs,迷わず押せよ,迷わず押せよ
20260520001940_0100,20260520001940,鳳凰卓,0,0,0,s6u,ごろ聖,Halfs,迷わず押せよ,s6u
20260520001940_0200,20260520001940,鳳凰卓,0,0,1,s6u,ごろ聖,Halfs,迷わず押せよ,ごろ聖
20260520001940_0301,20260520001940,鳳凰卓,1,1,2,s6u,ごろ聖,Halfs,迷わず押せよ,Halfs
20260520001940_0400,20260520001940,鳳凰卓,0,0,3,s6u,ごろ聖,Halfs,迷わず押せよ,迷わず押せよ
20260520001940_0401,20260520001940,鳳凰卓,1,0,3,s6u,ごろ聖,Halfs,迷わず押せよ,迷わず押せよ
20260520001940_0500,20260520001940,鳳凰卓,0,0,0,s6u,ごろ聖,Halfs,迷わず押せよ,s6u
20260520001940_0601,20260520001940,鳳凰卓,1,1,1,s6u,ごろ聖,Halfs,迷わず押せよ,ごろ聖
20260520001940_0700,20260520001940,鳳凰卓,0,0,2,s6u,ごろ聖,Halfs,迷わず押せよ,Halfs
20260520222910_0000,20260520222910,鳳凰卓,0,0,3,s6u,mymeloXX,rebound,きむらさん,きむらさん
20260520222910_0100,20260520222910,鳳凰卓,0,0,0,s6u,mymeloXX,rebound,きむらさん,s6u
20260520222910_0200,20260520222910,鳳凰卓,0,0,1,s6u,mymeloXX,rebound,きむらさん,mymeloXX
20260520222910_0501,20260520222910,鳳凰卓,1,1,0,s6u,mymeloXX,rebound,きむらさん,s6u
20260520222910_0502,20260520222910,鳳凰卓,2,3,0,s6u,mymeloXX,rebound,きむらさん,s6u
20260520222910_0600,20260520222910,鳳凰卓,0,0,1,s6u,mymeloXX,rebound,きむらさん,mymeloXX
20260520230119_0000,20260520230119,鳳凰卓,0,0,3,s6u,Cr7,skybit,若葉ともり,若葉ともり
20260520230119_0100,20260520230119,鳳凰卓,0,0,0,s6u,Cr7,skybit,若葉ともり,s6u
20260520230119_0200,20260520230119,鳳凰卓,0,0,1,s6u,Cr7,skybit,若葉ともり,Cr7
20260520230119_0300,20260520230119,鳳凰卓,0,0,2,s6u,Cr7,skybit,若葉ともり,skybit
20260520230119_0400,20260520230119,鳳凰卓,0,0,3,s6u,Cr7,skybit,若葉ともり,若葉ともり
20260520230119_0500,20260520230119,鳳凰卓,0,0,0,s6u,Cr7,skybit,若葉ともり,s6u
20260520230119_0601,20260520230119,鳳凰卓,1,0,1,s6u,Cr7,skybit,若葉ともり,Cr7
20260520230119_0602,20260520230119,鳳凰卓,2,0,1,s6u,Cr7,skybit,若葉ともり,Cr7
20260520230119_0603,20260520230119,鳳凰卓,3,0,1,s6u,Cr7,skybit,若葉ともり,Cr7
20260520232543_0000,20260520232543,鳳凰卓,0,0,3,s6u,SJドリブンズ,ぽん助,ペンタ,ペンタ
20260520232543_0100,20260520232543,鳳凰卓,0,0,0,s6u,SJドリブンズ,ぽん助,ペンタ,s6u
20260520232543_0200,20260520232543,鳳凰卓,0,0,1,s6u,SJドリブンズ,ぽん助,ペンタ,SJドリブンズ
20260520232543_0300,20260520232543,鳳凰卓,0,0,2,s6u,SJドリブンズ,ぽん助,ペンタ,ぽん助
20260520232543_0400,20260520232543,鳳凰卓,0,0,3,s6u,SJドリブンズ,ぽん助,ペンタ,ペンタ
20260520232543_0500,20260520232543,鳳凰卓,0,0,0,s6u,SJドリブンズ,ぽん助,ペンタ,s6u
20260520232543_0501,20260520232543,鳳凰卓,1,0,0,s6u,SJドリブンズ,ぽん助,ペンタ,s6u
20260520232543_0600,20260520232543,鳳凰卓,0,0,1,s6u,SJドリブンズ,ぽん助,ペンタ,SJドリブンズ
20260520232543_0700,20260520232543,鳳凰卓,0,0,2,s6u,SJドリブンズ,ぽん助,ペンタ,ぽん助
20260520235637_0000,20260520235637,鳳凰卓,0,0,1,s6u,涅槃ちゃん,伊東少輔,たがやす,涅槃ちゃん
20260520235637_0100,20260520235637,鳳凰卓,0,0,2,s6u,涅槃ちゃん,伊東少輔,たがやす,伊東少輔
20260521000042_0101,20260521000042,,1,0,2,s6u,涅槃ちゃん,伊東少輔,たがやす,伊東少輔
20260521000042_0200,20260521000042,,0,0,3,s6u,涅槃ちゃん,伊東少輔,たがやす,たがやす
20260521000042_0300,20260521000042,,0,0,0,s6u,涅槃ちゃん,伊東少輔,たがやす,s6u
20260521000042_0301,20260521000042,,1,0,0,s6u,涅槃ちゃん,伊東少輔,たがやす,s6u
20260521000042_0302,20260521000042,,2,0,0,s6u,涅槃ちゃん,伊東少輔,たがやす,s6u
20260521000042_0400,20260521000042,,0,0,1,s6u,涅槃ちゃん,伊東少輔,たがやす,涅槃ちゃん
20260521000042_0500,20260521000042,,0,0,2,s6u,涅槃ちゃん,伊東少輔,たがやす,伊東少輔
20260521000042_0600,20260521000042,,0,0,3,s6u,涅槃ちゃん,伊東少輔,たがやす,たがやす
20260521000042_0601,20260521000042,,1,0,3,s6u,涅槃ちゃん,伊東少輔,たがやす,たがやす
20260521000042_0700,20260521000042,,0,0,0,s6u,涅槃ちゃん,伊東少輔,たがやす,s6u
20260521150428_0000,20260521150428,鳳凰卓,0,0,0,s6u,かなしほ,たかはしぃぃぃ,ミッチー39,s6u
20260521150428_0001,20260521150428,鳳凰卓,1,1,0,s6u,かなしほ,たかはしぃぃぃ,ミッチー39,s6u
20260521150428_0100,20260521150428,鳳凰卓,0,0,1,s6u,かなしほ,たかはしぃぃぃ,ミッチー39,かなしほ
20260521150428_0201,20260521150428,鳳凰卓,1,1,2,s6u,かなしほ,たかはしぃぃぃ,ミッチー39,たかはしぃぃぃ
20260521150428_0202,20260521150428,鳳凰卓,2,0,2,s6u,かなしほ,たかはしぃぃぃ,ミッチー39,たかはしぃぃぃ
20260521152019_0000,20260521152019,鳳凰卓,0,0,1,s6u,暗黒疾風龍王丸,Fatberg,皮神ddd,暗黒疾風龍王丸
20260521152019_0100,20260521152019,鳳凰卓,0,0,2,s6u,暗黒疾風龍王丸,Fatberg,皮神ddd,Fatberg
20260521152019_0101,20260521152019,鳳凰卓,1,0,2,s6u,暗黒疾風龍王丸,Fatberg,皮神ddd,Fatberg
20260521152019_0200,20260521152019,鳳凰卓,0,0,3,s6u,暗黒疾風龍王丸,Fatberg,皮神ddd,皮神ddd
20260521152019_0201,20260521152019,鳳凰卓,1,0,3,s6u,暗黒疾風龍王丸,Fatberg,皮神ddd,皮神ddd
20260521152019_0300,20260521152019,鳳凰卓,0,0,0,s6u,暗黒疾風龍王丸,Fatberg,皮神ddd,s6u
20260521152019_0301,20260521152019,鳳凰卓,1,1,0,s6u,暗黒疾風龍王丸,Fatberg,皮神ddd,s6u
20260521203014_0000,20260521203014,鳳凰卓,0,0,0,s6u,たまもやん,こたつアイス,カラ松,s6u
20260521203014_0001,20260521203014,鳳凰卓,1,1,0,s6u,たまもやん,こたつアイス,カラ松,s6u
20260521203014_0100,20260521203014,鳳凰卓,0,0,1,s6u,たまもやん,こたつアイス,カラ松,たまもやん
20260521203014_0201,20260521203014,鳳凰卓,1,0,2,s6u,たまもやん,こたつアイス,カラ松,こたつアイス
20260521203014_0202,20260521203014,鳳凰卓,2,0,2,s6u,たまもやん,こたつアイス,カラ松,こたつアイス
20260521203014_0300,20260521203014,鳳凰卓,0,1,3,s6u,たまもやん,こたつアイス,カラ松,カラ松
20260521203014_0400,20260521203014,鳳凰卓,0,0,0,s6u,たまもやん,こたつアイス,カラ松,s6u
20260521203014_0500,20260521203014,鳳凰卓,0,0,1,s6u,たまもやん,こたつアイス,カラ松,たまもやん
20260521203014_0600,20260521203014,鳳凰卓,0,0,2,s6u,たまもやん,こたつアイス,カラ松,こたつアイス
20260521214232_0000,20260521214232,鳳凰卓,0,0,2,s6u,ハイパー藤波,新子望,怪しすぎるチー,新子望
20260521214232_0100,20260521214232,鳳凰卓,0,0,3,s6u,ハイパー藤波,新子望,怪しすぎるチー,怪しすぎるチー
20260521214947_0000,20260521214947,鳳凰卓,0,0,2,s6u,ハイパー藤波,新子望,黒羽織,新子望
20260521214947_0400,20260521214947,鳳凰卓,0,0,2,s6u,ハイパー藤波,新子望,黒羽織,新子望
20260521214947_0401,20260521214947,鳳凰卓,1,1,2,s6u,ハイパー藤波,新子望,黒羽織,新子望
20260521214947_0402,20260521214947,鳳凰卓,2,2,2,s6u,ハイパー藤波,新子望,黒羽織,新子望
20260521214947_0404,20260521214947,鳳凰卓,4,0,2,s6u,ハイパー藤波,新子望,黒羽織,新子望
20260521223805_0000,20260521223805,鳳凰卓,0,0,0,s6u,たくぞぅ,せーすいMFR,ボイロ将棋部員,s6u
20260521223805_0102,20260521223805,鳳凰卓,2,0,1,s6u,たくぞぅ,せーすいMFR,ボイロ将棋部員,たくぞぅ
20260521223805_0200,20260521223805,鳳凰卓,0,0,2,s6u,たくぞぅ,せーすいMFR,ボイロ将棋部員,せーすいMFR
20260521223805_0301,20260521223805,鳳凰卓,1,1,3,s6u,たくぞぅ,せーすいMFR,ボイロ将棋部員,ボイロ将棋部員
20260521223805_0302,20260521223805,鳳凰卓,2,0,3,s6u,たくぞぅ,せーすいMFR,ボイロ将棋部員,ボイロ将棋部員
20260521223805_0303,20260521223805,鳳凰卓,3,0,3,s6u,たくぞぅ,せーすいMFR,ボイロ将棋部員,ボイロ将棋部員
20260521223805_0404,20260521223805,鳳凰卓,4,1,0,s6u,たくぞぅ,せーすいMFR,ボイロ将棋部員,s6u
20260521223805_0405,20260521223805,鳳凰卓,5,0,0,s6u,たくぞぅ,せーすいMFR,ボイロ将棋部員,s6u
20260521223805_0500,20260521223805,鳳凰卓,0,0,1,s6u,たくぞぅ,せーすいMFR,ボイロ将棋部員,たくぞぅ
20260521223805_0600,20260521223805,鳳凰卓,0,0,2,s6u,たくぞぅ,せーすいMFR,ボイロ将棋部員,せーすいMFR
20260521223805_0601,20260521223805,鳳凰卓,1,0,2,s6u,たくぞぅ,せーすいMFR,ボイロ将棋部員,せーすいMFR
20260521223805_0700,20260521223805,鳳凰卓,0,0,3,s6u,たくぞぅ,せーすいMFR,ボイロ将棋部員,ボイロ将棋部員
20260521232042_0000,20260521232042,鳳凰卓,0,0,1,s6u,tacos,田口,いーはん,tacos
20260521232042_0100,20260521232042,鳳凰卓,0,0,2,s6u,tacos,田口,いーはん,田口
20260521232042_0101,20260521232042,鳳凰卓,1,0,2,s6u,tacos,田口,いーはん,田口
20260521232042_0200,20260521232042,鳳凰卓,0,0,3,s6u,tacos,田口,いーはん,いーはん
20260521232042_0201,20260521232042,鳳凰卓,1,0,3,s6u,tacos,田口,いーはん,いーはん
20260521232042_0202,20260521232042,鳳凰卓,2,0,3,s6u,tacos,田口,いーはん,いーはん
20260521232042_0300,20260521232042,鳳凰卓,0,0,0,s6u,tacos,田口,いーはん,s6u
20260521232042_0400,20260521232042,鳳凰卓,0,0,1,s6u,tacos,田口,いーはん,tacos
20260521232042_0401,20260521232042,鳳凰卓,1,0,1,s6u,tacos,田口,いーはん,tacos
20260522000926_0000,20260522000926,鳳凰卓,0,0,3,s6u,エムバペ,つきさん？,明星市民,明星市民
20260522000926_0100,20260522000926,鳳凰卓,0,0,0,s6u,エムバペ,つきさん？,明星市民,s6u
20260522000926_0200,20260522000926,鳳凰卓,0,0,1,s6u,エムバペ,つきさん？,明星市民,エムバペ
20260522000926_0300,20260522000926,鳳凰卓,0,0,2,s6u,エムバペ,つきさん？,明星市民,つきさん？
20260522000926_0400,20260522000926,鳳凰卓,0,0,3,s6u,エムバペ,つきさん？,明星市民,明星市民
20260522000926_0500,20260522000926,鳳凰卓,0,0,0,s6u,エムバペ,つきさん？,明星市民,s6u
20260522000926_0600,20260522000926,鳳凰卓,0,0,1,s6u,エムバペ,つきさん？,明星市民,エムバペ
20260522000926_0701,20260522000926,鳳凰卓,1,1,2,s6u,エムバペ,つきさん？,明星市民,つきさん？
20260523010413_0000,20260523010413,鳳凰卓,0,0,2,s6u,Kota816,takuaka,光の旋律,takuaka
20260523010413_0100,20260523010413,鳳凰卓,0,0,3,s6u,Kota816,takuaka,光の旋律,光の旋律
20260523010413_0200,20260523010413,鳳凰卓,0,0,0,s6u,Kota816,takuaka,光の旋律,s6u
20260523010413_0300,20260523010413,鳳凰卓,0,0,1,s6u,Kota816,takuaka,光の旋律,Kota816
20260523010413_0301,20260523010413,鳳凰卓,1,0,1,s6u,Kota816,takuaka,光の旋律,Kota816
20260523010413_0302,20260523010413,鳳凰卓,2,0,1,s6u,Kota816,takuaka,光の旋律,Kota816
20260523010413_0400,20260523010413,鳳凰卓,0,0,2,s6u,Kota816,takuaka,光の旋律,takuaka
20260523010413_0500,20260523010413,鳳凰卓,0,0,3,s6u,Kota816,takuaka,光の旋律,光の旋律
20260523010413_0600,20260523010413,鳳凰卓,0,0,0,s6u,Kota816,takuaka,光の旋律,s6u
20260523010413_0601,20260523010413,鳳凰卓,1,0,0,s6u,Kota816,takuaka,光の旋律,s6u
20260523010413_0700,20260523010413,鳳凰卓,0,0,1,s6u,Kota816,takuaka,光の旋律,Kota816
20260523014203_0000,20260523014203,鳳凰卓,0,0,2,s6u,bisiren,Aenbharr,九紋龍史進,Aenbharr
20260523014203_0100,20260523014203,鳳凰卓,0,0,3,s6u,bisiren,Aenbharr,九紋龍史進,九紋龍史進
20260523014203_0200,20260523014203,鳳凰卓,0,0,0,s6u,bisiren,Aenbharr,九紋龍史進,s6u
20260523014203_0300,20260523014203,鳳凰卓,0,0,1,s6u,bisiren,Aenbharr,九紋龍史進,bisiren
20260523014203_0400,20260523014203,鳳凰卓,0,0,2,s6u,bisiren,Aenbharr,九紋龍史進,Aenbharr
20260523014203_0501,20260523014203,鳳凰卓,1,1,3,s6u,bisiren,Aenbharr,九紋龍史進,九紋龍史進
20260523014203_0502,20260523014203,鳳凰卓,2,2,3,s6u,bisiren,Aenbharr,九紋龍史進,九紋龍史進
20260523014203_0600,20260523014203,鳳凰卓,0,0,0,s6u,bisiren,Aenbharr,九紋龍史進,s6u
20260523014203_0700,20260523014203,鳳凰卓,0,0,1,s6u,bisiren,Aenbharr,九紋龍史進,bisiren
20260523023520_0000,20260523023520,鳳凰卓,0,0,2,s6u,せーすいMFR,不遜な氷菓,chxff,不遜な氷菓
20260523023520_0100,20260523023520,鳳凰卓,0,0,3,s6u,せーすいMFR,不遜な氷菓,chxff,chxff
20260523023520_0201,20260523023520,鳳凰卓,1,1,0,s6u,せーすいMFR,不遜な氷菓,chxff,s6u
20260523023520_0300,20260523023520,鳳凰卓,0,0,1,s6u,せーすいMFR,不遜な氷菓,chxff,せーすいMFR
20260523023520_0401,20260523023520,鳳凰卓,1,0,2,s6u,せーすいMFR,不遜な氷菓,chxff,不遜な氷菓
20260523023520_0500,20260523023520,鳳凰卓,0,0,3,s6u,せーすいMFR,不遜な氷菓,chxff,chxff
20260523023520_0600,20260523023520,鳳凰卓,0,0,0,s6u,せーすいMFR,不遜な氷菓,chxff,s6u
20260523023520_0601,20260523023520,鳳凰卓,1,0,0,s6u,せーすいMFR,不遜な氷菓,chxff,s6u
20260523023520_0700,20260523023520,鳳凰卓,0,0,1,s6u,せーすいMFR,不遜な氷菓,chxff,せーすいMFR
20260523030850_0000,20260523030850,鳳凰卓,0,0,1,s6u,とっとー,晨昏對峙,木子之元,とっとー
20260523030850_0100,20260523030850,鳳凰卓,0,0,2,s6u,とっとー,晨昏對峙,木子之元,晨昏對峙
20260523030850_0200,20260523030850,鳳凰卓,0,0,3,s6u,とっとー,晨昏對峙,木子之元,木子之元
20260523030850_0301,20260523030850,鳳凰卓,1,0,0,s6u,とっとー,晨昏對峙,木子之元,s6u
20260523030850_0302,20260523030850,鳳凰卓,2,0,0,s6u,とっとー,晨昏對峙,木子之元,s6u
20260523030850_0303,20260523030850,鳳凰卓,3,0,0,s6u,とっとー,晨昏對峙,木子之元,s6u
20260523030850_0400,20260523030850,鳳凰卓,0,0,1,s6u,とっとー,晨昏對峙,木子之元,とっとー
20260523030850_0500,20260523030850,鳳凰卓,0,0,2,s6u,とっとー,晨昏對峙,木子之元,晨昏對峙
20260523030850_0501,20260523030850,鳳凰卓,1,0,2,s6u,とっとー,晨昏對峙,木子之元,晨昏對峙
20260523030850_0600,20260523030850,鳳凰卓,0,0,3,s6u,とっとー,晨昏對峙,木子之元,木子之元
20260523030850_0601,20260523030850,鳳凰卓,1,0,3,s6u,とっとー,晨昏對峙,木子之元,木子之元
20260523030850_0700,20260523030850,鳳凰卓,0,0,0,s6u,とっとー,晨昏對峙,木子之元,s6u
20260523034434_0000,20260523034434,鳳凰卓,0,0,0,s6u,シカコ,とっとー,神仙酵母,s6u
20260523034434_0001,20260523034434,鳳凰卓,1,0,0,s6u,シカコ,とっとー,神仙酵母,s6u
20260523034434_0002,20260523034434,鳳凰卓,2,0,0,s6u,シカコ,とっとー,神仙酵母,s6u
20260523034434_0100,20260523034434,鳳凰卓,0,0,1,s6u,シカコ,とっとー,神仙酵母,シカコ
20260523034434_0200,20260523034434,鳳凰卓,0,0,2,s6u,シカコ,とっとー,神仙酵母,とっとー
20260523034434_0300,20260523034434,鳳凰卓,0,0,3,s6u,シカコ,とっとー,神仙酵母,神仙酵母
20260523040031_0000,20260523040031,鳳凰卓,0,0,3,s6u,そんし様,とっとー,九紋龍史進,九紋龍史進
20260523040031_0100,20260523040031,鳳凰卓,0,0,0,s6u,そんし様,とっとー,九紋龍史進,s6u
20260523040031_0200,20260523040031,鳳凰卓,0,0,1,s6u,そんし様,とっとー,九紋龍史進,そんし様
20260523040031_0201,20260523040031,鳳凰卓,1,0,1,s6u,そんし様,とっとー,九紋龍史進,そんし様
20260523040031_0300,20260523040031,鳳凰卓,0,0,2,s6u,そんし様,とっとー,九紋龍史進,とっとー
20260523040031_0400,20260523040031,鳳凰卓,0,0,3,s6u,そんし様,とっとー,九紋龍史進,九紋龍史進
20260523040031_0401,20260523040031,鳳凰卓,1,0,3,s6u,そんし様,とっとー,九紋龍史進,九紋龍史進
20260523040031_0500,20260523040031,鳳凰卓,0,0,0,s6u,そんし様,とっとー,九紋龍史進,s6u
20260523040031_0501,20260523040031,鳳凰卓,1,0,0,s6u,そんし様,とっとー,九紋龍史進,s6u
20260523040031_0600,20260523040031,鳳凰卓,0,0,1,s6u,そんし様,とっとー,九紋龍史進,そんし様
20260523040031_0700,20260523040031,鳳凰卓,0,0,2,s6u,そんし様,とっとー,九紋龍史進,とっとー
20260523043506_0000,20260523043506,鳳凰卓,0,0,3,s6u,天苛武葬,【黒曜石】,九紋龍史進,九紋龍史進
20260523043506_0100,20260523043506,鳳凰卓,0,0,0,s6u,天苛武葬,【黒曜石】,九紋龍史進,s6u
20260523043506_0200,20260523043506,鳳凰卓,0,0,1,s6u,天苛武葬,【黒曜石】,九紋龍史進,天苛武葬
20260523043506_0300,20260523043506,鳳凰卓,0,0,2,s6u,天苛武葬,【黒曜石】,九紋龍史進,【黒曜石】
20260523043506_0400,20260523043506,鳳凰卓,0,0,3,s6u,天苛武葬,【黒曜石】,九紋龍史進,九紋龍史進
20260523043506_0500,20260523043506,鳳凰卓,0,0,0,s6u,天苛武葬,【黒曜石】,九紋龍史進,s6u
20260523043506_0600,20260523043506,鳳凰卓,0,0,1,s6u,天苛武葬,【黒曜石】,九紋龍史進,天苛武葬
20260523043506_0700,20260523043506,鳳凰卓,0,0,2,s6u,天苛武葬,【黒曜石】,九紋龍史進,【黒曜石】
20260523050228_0000,20260523050228,鳳凰卓,0,0,3,s6u,＼(＾o＾)／★,裏の主将,てんくう,てんくう
20260523050228_0100,20260523050228,鳳凰卓,0,0,0,s6u,＼(＾o＾)／★,裏の主将,てんくう,s6u
20260523050228_0200,20260523050228,鳳凰卓,0,0,1,s6u,＼(＾o＾)／★,裏の主将,てんくう,＼(＾o＾)／★
20260523050228_0201,20260523050228,鳳凰卓,1,0,1,s6u,＼(＾o＾)／★,裏の主将,てんくう,＼(＾o＾)／★
20260523050228_0300,20260523050228,鳳凰卓,0,0,2,s6u,＼(＾o＾)／★,裏の主将,てんくう,裏の主将
20260523050228_0400,20260523050228,鳳凰卓,0,0,3,s6u,＼(＾o＾)／★,裏の主将,てんくう,てんくう
20260523050228_0401,20260523050228,鳳凰卓,1,0,3,s6u,＼(＾o＾)／★,裏の主将,てんくう,てんくう
20260523050228_0500,20260523050228,鳳凰卓,0,0,0,s6u,＼(＾o＾)／★,裏の主将,てんくう,s6u
20260523050228_0501,20260523050228,鳳凰卓,1,1,0,s6u,＼(＾o＾)／★,裏の主将,てんくう,s6u
20260523050228_0600,20260523050228,鳳凰卓,0,0,1,s6u,＼(＾o＾)／★,裏の主将,てんくう,＼(＾o＾)／★
20260523050228_0701,20260523050228,鳳凰卓,1,1,2,s6u,＼(＾o＾)／★,裏の主将,てんくう,裏の主将
20260523233320_0000,20260523233320,鳳凰卓,0,0,2,s6u,YamaYaa,ElleAir,赤ポックル,ElleAir
20260523233320_0100,20260523233320,鳳凰卓,0,0,3,s6u,YamaYaa,ElleAir,赤ポックル,赤ポックル
20260523233320_0200,20260523233320,鳳凰卓,0,0,0,s6u,YamaYaa,ElleAir,赤ポックル,s6u
20260523233320_0300,20260523233320,鳳凰卓,0,0,1,s6u,YamaYaa,ElleAir,赤ポックル,YamaYaa
20260523233320_0401,20260523233320,鳳凰卓,1,2,2,s6u,YamaYaa,ElleAir,赤ポックル,ElleAir
20260523233320_0500,20260523233320,鳳凰卓,0,0,3,s6u,YamaYaa,ElleAir,赤ポックル,赤ポックル
20260523233320_0501,20260523233320,鳳凰卓,1,0,3,s6u,YamaYaa,ElleAir,赤ポックル,赤ポックル
20260523233320_0502,20260523233320,鳳凰卓,2,0,3,s6u,YamaYaa,ElleAir,赤ポックル,赤ポックル
20260523233320_0503,20260523233320,鳳凰卓,3,0,3,s6u,YamaYaa,ElleAir,赤ポックル,赤ポックル
20260523233320_0504,20260523233320,鳳凰卓,4,0,3,s6u,YamaYaa,ElleAir,赤ポックル,赤ポックル
20260524000209_0600,20260524000209,鳳凰卓,0,0,0,s6u,YamaYaa,ElleAir,赤ポックル,s6u
20260524000209_0601,20260524000209,鳳凰卓,1,0,0,s6u,YamaYaa,ElleAir,赤ポックル,s6u
20260524000209_0702,20260524000209,鳳凰卓,2,1,1,s6u,YamaYaa,ElleAir,赤ポックル,YamaYaa
20260524000209_0703,20260524000209,鳳凰卓,3,2,1,s6u,YamaYaa,ElleAir,赤ポックル,YamaYaa
20260524001319_0000,20260524001319,鳳凰卓,0,0,2,s6u,YamaYaa,赤美濃まぐろ,ピンサロ店員,赤美濃まぐろ
20260524001319_0100,20260524001319,鳳凰卓,0,0,3,s6u,YamaYaa,赤美濃まぐろ,ピンサロ店員,ピンサロ店員
20260524001319_0200,20260524001319,鳳凰卓,0,0,0,s6u,YamaYaa,赤美濃まぐろ,ピンサロ店員,s6u
20260524001319_0201,20260524001319,鳳凰卓,1,0,0,s6u,YamaYaa,赤美濃まぐろ,ピンサロ店員,s6u
20260524001319_0202,20260524001319,鳳凰卓,2,0,0,s6u,YamaYaa,赤美濃まぐろ,ピンサロ店員,s6u
20260524001319_0300,20260524001319,鳳凰卓,0,0,1,s6u,YamaYaa,赤美濃まぐろ,ピンサロ店員,YamaYaa
20260524001319_0301,20260524001319,鳳凰卓,1,0,1,s6u,YamaYaa,赤美濃まぐろ,ピンサロ店員,YamaYaa
20260524001319_0400,20260524001319,鳳凰卓,0,0,2,s6u,YamaYaa,赤美濃まぐろ,ピンサロ店員,赤美濃まぐろ
20260524001319_0501,20260524001319,鳳凰卓,1,1,3,s6u,YamaYaa,赤美濃まぐろ,ピンサロ店員,ピンサロ店員
20260524001319_0502,20260524001319,鳳凰卓,2,0,3,s6u,YamaYaa,赤美濃まぐろ,ピンサロ店員,ピンサロ店員
20260524001319_0600,20260524001319,鳳凰卓,0,0,0,s6u,YamaYaa,赤美濃まぐろ,ピンサロ店員,s6u
20260524001319_0700,20260524001319,鳳凰卓,0,0,1,s6u,YamaYaa,赤美濃まぐろ,ピンサロ店員,YamaYaa
20260524001319_0701,20260524001319,鳳凰卓,1,0,1,s6u,YamaYaa,赤美濃まぐろ,ピンサロ店員,YamaYaa
20260524004948_0000,20260524004948,鳳凰卓,0,0,1,s6u,伊達ありさ,Den,YamaYaa,伊達ありさ
20260524004948_0100,20260524004948,鳳凰卓,0,0,2,s6u,伊達ありさ,Den,YamaYaa,Den
20260524004948_0101,20260524004948,鳳凰卓,1,0,2,s6u,伊達ありさ,Den,YamaYaa,Den
20260524004948_0102,20260524004948,鳳凰卓,2,0,2,s6u,伊達ありさ,Den,YamaYaa,Den
20260524011210_0000,20260524011210,鳳凰卓,0,0,0,s6u,M本,怪しすぎるチー,光の旋律,s6u
20260524011210_0100,20260524011210,鳳凰卓,0,0,1,s6u,M本,怪しすぎるチー,光の旋律,M本
20260524011210_0200,20260524011210,鳳凰卓,0,0,2,s6u,M本,怪しすぎるチー,光の旋律,怪しすぎるチー
20260524011210_0300,20260524011210,鳳凰卓,0,0,3,s6u,M本,怪しすぎるチー,光の旋律,光の旋律
20260524011210_0301,20260524011210,鳳凰卓,1,0,3,s6u,M本,怪しすぎるチー,光の旋律,光の旋律
20260524011210_0400,20260524011210,鳳凰卓,0,0,0,s6u,M本,怪しすぎるチー,光の旋律,s6u
20260524011210_0500,20260524011210,鳳凰卓,0,0,1,s6u,M本,怪しすぎるチー,光の旋律,M本
20260524011210_0601,20260524011210,鳳凰卓,1,2,2,s6u,M本,怪しすぎるチー,光の旋律,怪しすぎるチー
20260524011210_0700,20260524011210,鳳凰卓,0,0,3,s6u,M本,怪しすぎるチー,光の旋律,光の旋律
20260524012856_0000,20260524012856,鳳凰卓,0,0,0,s6u,ネフティスたそ,亜月,光の旋律,s6u
20260524012856_0100,20260524012856,鳳凰卓,0,0,1,s6u,ネフティスたそ,亜月,光の旋律,ネフティスたそ
20260524012856_0200,20260524012856,鳳凰卓,0,0,2,s6u,ネフティスたそ,亜月,光の旋律,亜月
20260524012856_0201,20260524012856,鳳凰卓,1,0,2,s6u,ネフティスたそ,亜月,光の旋律,亜月
20260524012856_0300,20260524012856,鳳凰卓,0,0,3,s6u,ネフティスたそ,亜月,光の旋律,光の旋律
20260524012856_0301,20260524012856,鳳凰卓,1,0,3,s6u,ネフティスたそ,亜月,光の旋律,光の旋律
20260524012856_0302,20260524012856,鳳凰卓,2,0,3,s6u,ネフティスたそ,亜月,光の旋律,光の旋律
20260524014809_0000,20260524014809,鳳凰卓,0,0,3,s6u,ぽっけさん,九紋龍史進,不遜な氷菓,不遜な氷菓
20260524014809_0001,20260524014809,鳳凰卓,1,0,3,s6u,ぽっけさん,九紋龍史進,不遜な氷菓,不遜な氷菓
20260524014809_0100,20260524014809,鳳凰卓,0,0,0,s6u,ぽっけさん,九紋龍史進,不遜な氷菓,s6u
20260524014809_0200,20260524014809,鳳凰卓,0,0,1,s6u,ぽっけさん,九紋龍史進,不遜な氷菓,ぽっけさん
20260524014809_0300,20260524014809,鳳凰卓,0,0,2,s6u,ぽっけさん,九紋龍史進,不遜な氷菓,九紋龍史進
20260524014809_0301,20260524014809,鳳凰卓,1,0,2,s6u,ぽっけさん,九紋龍史進,不遜な氷菓,九紋龍史進
20260524014809_0302,20260524014809,鳳凰卓,2,0,2,s6u,ぽっけさん,九紋龍史進,不遜な氷菓,九紋龍史進
20260524014809_0400,20260524014809,鳳凰卓,0,0,3,s6u,ぽっけさん,九紋龍史進,不遜な氷菓,不遜な氷菓
20260524014809_0500,20260524014809,鳳凰卓,0,0,0,s6u,ぽっけさん,九紋龍史進,不遜な氷菓,s6u
20260524014809_0600,20260524014809,鳳凰卓,0,0,1,s6u,ぽっけさん,九紋龍史進,不遜な氷菓,ぽっけさん
20260524014809_0700,20260524014809,鳳凰卓,0,0,2,s6u,ぽっけさん,九紋龍史進,不遜な氷菓,九紋龍史進
20260524021122_0000,20260524021122,鳳凰卓,0,0,1,s6u,Fatberg,王小花,hqyzfufu,Fatberg
20260524021122_0100,20260524021122,鳳凰卓,0,0,2,s6u,Fatberg,王小花,hqyzfufu,王小花
20260524021122_0101,20260524021122,鳳凰卓,1,0,2,s6u,Fatberg,王小花,hqyzfufu,王小花
20260524021122_0200,20260524021122,鳳凰卓,0,0,3,s6u,Fatberg,王小花,hqyzfufu,hqyzfufu
20260524021122_0201,20260524021122,鳳凰卓,1,0,3,s6u,Fatberg,王小花,hqyzfufu,hqyzfufu
20260524021122_0202,20260524021122,鳳凰卓,2,1,3,s6u,Fatberg,王小花,hqyzfufu,hqyzfufu
20260524021122_0300,20260524021122,鳳凰卓,0,0,0,s6u,Fatberg,王小花,hqyzfufu,s6u
20260524153032_0000,20260524153032,鳳凰卓,0,0,0,s6u,あすあす3,よぴ,ぽっけさん,s6u
20260524153032_0100,20260524153032,鳳凰卓,0,0,1,s6u,あすあす3,よぴ,ぽっけさん,あすあす3
20260524153032_0201,20260524153032,鳳凰卓,1,1,2,s6u,あすあす3,よぴ,ぽっけさん,よぴ
20260524153032_0202,20260524153032,鳳凰卓,2,0,2,s6u,あすあす3,よぴ,ぽっけさん,よぴ
20260524153032_0203,20260524153032,鳳凰卓,3,0,2,s6u,あすあす3,よぴ,ぽっけさん,よぴ
20260524153032_0300,20260524153032,鳳凰卓,0,0,3,s6u,あすあす3,よぴ,ぽっけさん,ぽっけさん
20260524153032_0400,20260524153032,鳳凰卓,0,0,0,s6u,あすあす3,よぴ,ぽっけさん,s6u
20260524160038_0000,20260524160038,鳳凰卓,0,0,1,s6u,はいてんぼー,中尾,しゃばでぃ,はいてんぼー
20260524160038_0100,20260524160038,鳳凰卓,0,0,2,s6u,はいてんぼー,中尾,しゃばでぃ,中尾
20260524160038_0101,20260524160038,鳳凰卓,1,2,2,s6u,はいてんぼー,中尾,しゃばでぃ,中尾
20260524160038_0200,20260524160038,鳳凰卓,0,0,3,s6u,はいてんぼー,中尾,しゃばでぃ,しゃばでぃ
20260524160038_0400,20260524160038,鳳凰卓,0,0,1,s6u,はいてんぼー,中尾,しゃばでぃ,はいてんぼー
20260524160038_0401,20260524160038,鳳凰卓,1,0,1,s6u,はいてんぼー,中尾,しゃばでぃ,はいてんぼー
20260524160038_0500,20260524160038,鳳凰卓,0,0,2,s6u,はいてんぼー,中尾,しゃばでぃ,中尾
20260524163058_0000,20260524163058,鳳凰卓,0,0,3,s6u,あまひろver2,ハズレ,MJちゅんしゃー,MJちゅんしゃー
20260524163058_0100,20260524163058,鳳凰卓,0,0,0,s6u,あまひろver2,ハズレ,MJちゅんしゃー,s6u
20260524163058_0200,20260524163058,鳳凰卓,0,0,1,s6u,あまひろver2,ハズレ,MJちゅんしゃー,あまひろver2
20260524163058_0300,20260524163058,鳳凰卓,0,0,2,s6u,あまひろver2,ハズレ,MJちゅんしゃー,ハズレ
20260524163058_0400,20260524163058,鳳凰卓,0,0,3,s6u,あまひろver2,ハズレ,MJちゅんしゃー,MJちゅんしゃー
20260524163058_0401,20260524163058,鳳凰卓,1,0,3,s6u,あまひろver2,ハズレ,MJちゅんしゃー,MJちゅんしゃー
20260524163058_0402,20260524163058,鳳凰卓,2,0,3,s6u,あまひろver2,ハズレ,MJちゅんしゃー,MJちゅんしゃー
20260524170301_0000,20260524170301,鳳凰卓,0,0,0,s6u,菅田将暉(偽物),亜月,麺屋真島,s6u
20260524170301_0100,20260524170301,鳳凰卓,0,0,1,s6u,菅田将暉(偽物),亜月,麺屋真島,菅田将暉(偽物)
20260524170301_0200,20260524170301,鳳凰卓,0,0,2,s6u,菅田将暉(偽物),亜月,麺屋真島,亜月
20260524170301_0300,20260524170301,鳳凰卓,0,0,3,s6u,菅田将暉(偽物),亜月,麺屋真島,麺屋真島
20260524170301_0301,20260524170301,鳳凰卓,1,1,3,s6u,菅田将暉(偽物),亜月,麺屋真島,麺屋真島
20260524170301_0400,20260524170301,鳳凰卓,0,0,0,s6u,菅田将暉(偽物),亜月,麺屋真島,s6u
20260524170301_0500,20260524170301,鳳凰卓,0,0,1,s6u,菅田将暉(偽物),亜月,麺屋真島,菅田将暉(偽物)
20260524170301_0600,20260524170301,鳳凰卓,0,0,2,s6u,菅田将暉(偽物),亜月,麺屋真島,亜月
20260524170301_0700,20260524170301,鳳凰卓,0,0,3,s6u,菅田将暉(偽物),亜月,麺屋真島,麺屋真島
20260524170301_0701,20260524170301,鳳凰卓,1,0,3,s6u,菅田将暉(偽物),亜月,麺屋真島,麺屋真島
20260524173858_0100,20260524173858,鳳凰卓,0,0,1,s6u,甘夏みかん,新子望,ゆーFE,甘夏みかん
20260524173858_0200,20260524173858,鳳凰卓,0,0,2,s6u,甘夏みかん,新子望,ゆーFE,新子望
20260524173858_0300,20260524173858,鳳凰卓,0,0,3,s6u,甘夏みかん,新子望,ゆーFE,ゆーFE
20260524173858_0401,20260524173858,鳳凰卓,1,0,0,s6u,甘夏みかん,新子望,ゆーFE,s6u
20260524173858_0402,20260524173858,鳳凰卓,2,0,0,s6u,甘夏みかん,新子望,ゆーFE,s6u
20260524173858_0500,20260524173858,鳳凰卓,0,0,1,s6u,甘夏みかん,新子望,ゆーFE,甘夏みかん
20260524173858_0501,20260524173858,鳳凰卓,1,0,1,s6u,甘夏みかん,新子望,ゆーFE,甘夏みかん
20260524173858_0600,20260524173858,鳳凰卓,0,0,2,s6u,甘夏みかん,新子望,ゆーFE,新子望
20260524173858_0601,20260524173858,鳳凰卓,1,1,2,s6u,甘夏みかん,新子望,ゆーFE,新子望
20260524173858_0700,20260524173858,鳳凰卓,0,0,3,s6u,甘夏みかん,新子望,ゆーFE,ゆーFE
20260524222953_0000,20260524222953,特上卓,0,0,0,s6u,ポーちゃん,juniino,kurinobu,s6u
20260524222953_0100,20260524222953,特上卓,0,0,1,s6u,ポーちゃん,juniino,kurinobu,ポーちゃん
20260524222953_0200,20260524222953,特上卓,0,0,2,s6u,ポーちゃん,juniino,kurinobu,juniino
20260524222953_0400,20260524222953,特上卓,0,0,0,s6u,ポーちゃん,juniino,kurinobu,s6u
20260524222953_0500,20260524222953,特上卓,0,0,1,s6u,ポーちゃん,juniino,kurinobu,ポーちゃん
20260524222953_0600,20260524222953,特上卓,0,0,2,s6u,ポーちゃん,juniino,kurinobu,juniino
20260524222953_0700,20260524222953,特上卓,0,0,3,s6u,ポーちゃん,juniino,kurinobu,kurinobu
